combo_label,trade_no,signal_ts,entry_ts,exit_ts,side,reason,bars_held,net_ret_1x,net_ret_3x,config
V6.1_long_only,1,2025-06-02 21:35:00+00:00,2025-06-02 21:40:00+00:00,2025-06-02 22:00:00+00:00,1,target,5,0.015496134274602754,0.04648840282380826,V6.1_long
V6.1_long_only,2,2025-06-03 00:45:00+00:00,2025-06-03 00:50:00+00:00,2025-06-03 03:50:00+00:00,1,time_open,37,-0.014306255089924119,-0.042918765269772355,V6.1_long
V6.1_long_only,3,2025-06-03 05:55:00+00:00,2025-06-03 06:00:00+00:00,2025-06-03 09:00:00+00:00,1,time_open,37,0.0033241059043635436,0.009972317713090631,V6.1_long
V6.1_long_only,4,2025-06-03 11:10:00+00:00,2025-06-03 11:15:00+00:00,2025-06-03 14:15:00+00:00,1,time_open,37,-0.008588737313778872,-0.025766211941336617,V6.1_long
V6.1_long_only,5,2025-06-09 20:55:00+00:00,2025-06-09 21:00:00+00:00,2025-06-09 22:00:00+00:00,1,target,13,0.0142276903055964,0.042683070916789204,V6.1_long
V6.1_long_only,6,2025-06-09 23:25:00+00:00,2025-06-09 23:30:00+00:00,2025-06-10 00:25:00+00:00,1,target,12,0.014227746718657884,0.042683240155973655,V6.1_long
V6.1_long_only,7,2025-06-10 00:40:00+00:00,2025-06-10 00:45:00+00:00,2025-06-10 02:00:00+00:00,1,target,16,0.01595915187490664,0.04787745562471993,V6.1_long
V6.1_long_only,8,2025-06-10 11:35:00+00:00,2025-06-10 11:40:00+00:00,2025-06-10 14:40:00+00:00,1,time_open,37,-0.0378890815202644,-0.11366724456079319,V6.1_long
V6.1_long_only,9,2025-06-13 23:15:00+00:00,2025-06-13 23:20:00+00:00,2025-06-14 02:20:00+00:00,1,time_open,37,-0.0042529040536935046,-0.012758712161080514,V6.1_long
V6.1_long_only,10,2025-06-16 05:40:00+00:00,2025-06-16 05:45:00+00:00,2025-06-16 06:15:00+00:00,1,target,7,0.01288301743459912,0.038649052303797365,V6.1_long
V6.1_long_only,11,2025-06-16 06:55:00+00:00,2025-06-16 07:00:00+00:00,2025-06-16 10:00:00+00:00,1,time_open,37,0.001990455497046504,0.005971366491139512,V6.1_long
V6.1_long_only,12,2025-06-16 12:40:00+00:00,2025-06-16 12:45:00+00:00,2025-06-16 14:00:00+00:00,1,target,16,0.010423966871420816,0.031271900614262445,V6.1_long
V6.1_long_only,13,2025-06-16 14:40:00+00:00,2025-06-16 14:45:00+00:00,2025-06-16 17:45:00+00:00,1,time_open,37,-0.014226196470066788,-0.04267858941020036,V6.1_long
V6.1_long_only,14,2025-06-23 05:35:00+00:00,2025-06-23 05:40:00+00:00,2025-06-23 06:05:00+00:00,1,target,6,0.01016136758684936,0.030484102760548082,V6.1_long
V6.1_long_only,15,2025-07-11 05:00:00+00:00,2025-07-11 05:05:00+00:00,2025-07-11 06:20:00+00:00,1,target,16,0.00948107918998686,0.02844323756996058,V6.1_long
V6.1_long_only,16,2025-07-11 06:40:00+00:00,2025-07-11 06:45:00+00:00,2025-07-11 09:45:00+00:00,1,time_open,37,-0.0025277998608205727,-0.007583399582461718,V6.1_long
V6.1_long_only,17,2025-08-08 00:35:00+00:00,2025-08-08 00:40:00+00:00,2025-08-08 03:40:00+00:00,1,time_open,37,-0.005917873540102114,-0.017753620620306342,V6.1_long
V6.1_long_only,18,2025-08-13 18:00:00+00:00,2025-08-13 18:05:00+00:00,2025-08-13 21:05:00+00:00,1,time_open,37,-0.011124189384001304,-0.033372568152003915,V6.1_long
V6.1_long_only,19,2025-08-13 21:10:00+00:00,2025-08-13 21:15:00+00:00,2025-08-13 23:35:00+00:00,1,target,29,0.01336988356928487,0.04010965070785461,V6.1_long
V6.1_long_only,20,2025-08-13 23:40:00+00:00,2025-08-13 23:45:00+00:00,2025-08-14 02:45:00+00:00,1,time_open,37,-0.003605361250074216,-0.010816083750222649,V6.1_long
V6.1_long_only,21,2025-08-15 08:00:00+00:00,2025-08-15 08:05:00+00:00,2025-08-15 08:40:00+00:00,1,target,8,0.01092423962991835,0.032772718889755054,V6.1_long
V6.1_long_only,22,2025-08-22 15:35:00+00:00,2025-08-22 15:40:00+00:00,2025-08-22 18:40:00+00:00,1,time_open,37,0.00405088529599411,0.01215265588798233,V6.1_long
V6.1_long_only,23,2025-08-22 19:50:00+00:00,2025-08-22 19:55:00+00:00,2025-08-22 22:05:00+00:00,1,target,27,0.008516845829247341,0.025550537487742025,V6.1_long
V6.1_long_only,24,2025-08-25 02:45:00+00:00,2025-08-25 02:50:00+00:00,2025-08-25 05:50:00+00:00,1,time_open,37,-0.027789914422283627,-0.08336974326685088,V6.1_long
V6.1_long_only,25,2025-08-26 17:35:00+00:00,2025-08-26 17:40:00+00:00,2025-08-26 19:15:00+00:00,1,target,20,0.014478845915917589,0.04343653774775277,V6.1_long
V6.1_long_only,26,2025-08-26 22:45:00+00:00,2025-08-26 22:50:00+00:00,2025-08-27 01:50:00+00:00,1,time_open,37,-0.002085917491393976,-0.006257752474181928,V6.1_long
V6.1_long_only,27,2025-08-27 02:20:00+00:00,2025-08-27 02:25:00+00:00,2025-08-27 02:45:00+00:00,1,target,5,0.010940986832674504,0.03282296049802351,V6.1_long
V6.1_long_only,28,2025-08-27 04:20:00+00:00,2025-08-27 04:25:00+00:00,2025-08-27 07:25:00+00:00,1,time_open,37,-0.012739258054619527,-0.03821777416385858,V6.1_long
V6.1_long_only,29,2025-09-08 10:05:00+00:00,2025-09-08 10:10:00+00:00,2025-09-08 13:05:00+00:00,1,target,36,0.010216506279960895,0.030649518839882685,V6.1_long
V6.1_long_only,30,2025-09-08 13:55:00+00:00,2025-09-08 14:00:00+00:00,2025-09-08 17:00:00+00:00,1,time_open,37,-0.008135828775788662,-0.024407486327365988,V6.1_long
V6.1_long_only,31,2025-09-09 10:55:00+00:00,2025-09-09 11:00:00+00:00,2025-09-09 12:40:00+00:00,1,stop_market,21,-0.032093257432788874,-0.09627977229836662,V6.1_long
V6.1_long_only,32,2025-09-18 01:45:00+00:00,2025-09-18 01:50:00+00:00,2025-09-18 04:50:00+00:00,1,time_open,37,-0.014254711821291198,-0.042764135463873594,V6.1_long
V6.1_long_only,33,2025-09-29 03:45:00+00:00,2025-09-29 03:50:00+00:00,2025-09-29 04:15:00+00:00,1,target,6,0.0108409609208871,0.0325228827626613,V6.1_long
V6.1_long_only,34,2025-09-29 04:35:00+00:00,2025-09-29 04:40:00+00:00,2025-09-29 07:40:00+00:00,1,time_open,37,-0.002290467170894425,-0.006871401512683275,V6.1_long
V6.1_long_only,35,2025-10-12 19:15:00+00:00,2025-10-12 19:20:00+00:00,2025-10-12 20:35:00+00:00,1,target,16,0.014770395436148165,0.044311186308444495,V6.1_long
V6.1_long_only,36,2025-10-13 01:55:00+00:00,2025-10-13 02:00:00+00:00,2025-10-13 05:00:00+00:00,1,time_open,37,-0.030145853316466877,-0.09043755994940063,V6.1_long
V6.1_long_only,37,2025-10-13 20:25:00+00:00,2025-10-13 20:30:00+00:00,2025-10-13 20:50:00+00:00,1,target,5,0.016655132763630332,0.049965398290891,V6.1_long
V6.1_long_only,38,2025-10-13 21:15:00+00:00,2025-10-13 21:20:00+00:00,2025-10-14 00:20:00+00:00,1,time_open,37,-0.012380896422171406,-0.03714268926651422,V6.1_long
V6.1_long_only,39,2025-10-23 03:05:00+00:00,2025-10-23 03:10:00+00:00,2025-10-23 06:10:00+00:00,1,time_open,37,-0.002446354438045768,-0.0073390633141373045,V6.1_long
V6.1_long_only,40,2025-10-23 08:40:00+00:00,2025-10-23 08:45:00+00:00,2025-10-23 11:45:00+00:00,1,time_open,37,-0.001919761770366497,-0.005759285311099491,V6.1_long
V6.1_long_only,41,2025-10-23 12:15:00+00:00,2025-10-23 12:20:00+00:00,2025-10-23 12:55:00+00:00,1,target,8,0.014277689179859998,0.042833067539579994,V6.1_long
V6.1_long_only,42,2025-10-23 13:00:00+00:00,2025-10-23 13:05:00+00:00,2025-10-23 16:05:00+00:00,1,time_open,37,-0.003128797907948495,-0.009386393723845485,V6.1_long
V6.1_long_only,43,2025-10-23 16:15:00+00:00,2025-10-23 16:20:00+00:00,2025-10-23 19:20:00+00:00,1,time_open,37,-0.02490912296870269,-0.07472736890610807,V6.1_long
V6.1_long_only,44,2025-10-25 22:20:00+00:00,2025-10-25 22:25:00+00:00,2025-10-25 22:40:00+00:00,1,target,4,0.014744934893972302,0.04423480468191691,V6.1_long
V6.1_long_only,45,2025-10-25 22:55:00+00:00,2025-10-25 23:00:00+00:00,2025-10-26 02:00:00+00:00,1,time_open,37,-0.0077102204759059234,-0.02313066142771777,V6.1_long
V6.1_long_only,46,2025-10-26 02:05:00+00:00,2025-10-26 02:10:00+00:00,2025-10-26 05:10:00+00:00,1,time_open,37,-0.012910616580455591,-0.03873184974136677,V6.1_long
V6.1_long_only,47,2025-10-26 07:30:00+00:00,2025-10-26 07:35:00+00:00,2025-10-26 08:00:00+00:00,1,target,6,0.009220886401672939,0.027662659205018817,V6.1_long
V6.1_long_only,48,2025-10-26 10:00:00+00:00,2025-10-26 10:05:00+00:00,2025-10-26 11:10:00+00:00,1,target,14,0.016219696864110143,0.04865909059233043,V6.1_long
V6.1_long_only,49,2025-10-26 12:00:00+00:00,2025-10-26 12:05:00+00:00,2025-10-26 12:15:00+00:00,1,target,3,0.01882452769146418,0.05647358307439254,V6.1_long
V6.1_long_only,50,2025-10-26 12:25:00+00:00,2025-10-26 12:30:00+00:00,2025-10-26 15:30:00+00:00,1,time_open,37,-0.010139671798866316,-0.03041901539659895,V6.1_long
V6.1_long_only,51,2025-10-26 18:35:00+00:00,2025-10-26 18:40:00+00:00,2025-10-26 21:40:00+00:00,1,time_open,37,-0.01056831824572628,-0.03170495473717884,V6.1_long
V6.1_long_only,52,2025-10-26 22:05:00+00:00,2025-10-26 22:10:00+00:00,2025-10-27 01:10:00+00:00,1,time_open,37,-0.0016789093747814686,-0.005036728124344405,V6.1_long
V6.1_long_only,53,2025-11-05 10:15:00+00:00,2025-11-05 10:20:00+00:00,2025-11-05 11:30:00+00:00,1,target,15,0.013881994915359123,0.04164598474607737,V6.1_long
V6.1_long_only,54,2025-11-05 12:05:00+00:00,2025-11-05 12:10:00+00:00,2025-11-05 15:10:00+00:00,1,time_open,37,0.010499959939981447,0.03149987981994434,V6.1_long
V6.1_long_only,55,2025-11-05 16:45:00+00:00,2025-11-05 16:50:00+00:00,2025-11-05 19:50:00+00:00,1,time_open,37,-0.011824841735812308,-0.03547452520743692,V6.1_long
V6.1_long_only,56,2025-11-07 17:45:00+00:00,2025-11-07 17:50:00+00:00,2025-11-07 19:35:00+00:00,1,target,22,0.02063505874779905,0.06190517624339715,V6.1_long
V6.1_long_only,57,2025-11-07 19:45:00+00:00,2025-11-07 19:50:00+00:00,2025-11-07 20:10:00+00:00,1,target,5,0.013720032916227736,0.041160098748683205,V6.1_long
V6.1_long_only,58,2025-11-07 20:15:00+00:00,2025-11-07 20:20:00+00:00,2025-11-07 23:20:00+00:00,1,time_open,37,-0.005733905310358177,-0.01720171593107453,V6.1_long
V6.1_long_only,59,2025-11-07 23:20:00+00:00,2025-11-07 23:25:00+00:00,2025-11-08 02:25:00+00:00,1,time_open,37,0.0007666482515769087,0.002299944754730726,V6.1_long
V6.1_long_only,60,2025-11-08 03:00:00+00:00,2025-11-08 03:05:00+00:00,2025-11-08 06:00:00+00:00,1,stop_market,36,-0.04137111022743027,-0.12411333068229081,V6.1_long
V6.1_long_only,61,2025-11-18 06:10:00+00:00,2025-11-18 06:15:00+00:00,2025-11-18 09:15:00+00:00,1,time_open,37,0.0030900380102084493,0.009270114030625349,V6.1_long
V6.1_long_only,62,2025-11-18 09:45:00+00:00,2025-11-18 09:50:00+00:00,2025-11-18 12:40:00+00:00,1,target,35,0.01241787937471092,0.03725363812413276,V6.1_long
V6.1_long_only,63,2025-12-02 17:15:00+00:00,2025-12-02 17:20:00+00:00,2025-12-02 19:00:00+00:00,1,target,21,0.018025738374068248,0.054077215122204744,V6.1_long
V6.1_long_only,64,2025-12-03 03:40:00+00:00,2025-12-03 03:45:00+00:00,2025-12-03 05:05:00+00:00,1,target,17,0.015073577416439367,0.0452207322493181,V6.1_long
V6.1_long_only,65,2026-01-24 01:40:00+00:00,2026-01-24 01:45:00+00:00,2026-01-24 02:10:00+00:00,1,target,6,0.010298757917086647,0.030896273751259938,V6.1_long
V6.1_long_only,66,2026-01-24 03:55:00+00:00,2026-01-24 04:00:00+00:00,2026-01-24 07:00:00+00:00,1,time_open,37,-0.010589917820245804,-0.03176975346073741,V6.1_long
V6.1_long_only,67,2026-01-26 19:20:00+00:00,2026-01-26 19:25:00+00:00,2026-01-26 21:40:00+00:00,1,target,28,0.015050028971937366,0.0451500869158121,V6.1_long
V6.1_long_only,68,2026-01-26 22:00:00+00:00,2026-01-26 22:05:00+00:00,2026-01-26 22:45:00+00:00,1,target,9,0.013932554721309194,0.041797664163927585,V6.1_long
V6.1_long_only,69,2026-01-26 22:55:00+00:00,2026-01-26 23:00:00+00:00,2026-01-27 02:00:00+00:00,1,time_open,37,0.016523195354803365,0.049569586064410094,V6.1_long
V6.1_long_only,70,2026-01-27 02:10:00+00:00,2026-01-27 02:15:00+00:00,2026-01-27 02:45:00+00:00,1,target,7,0.012517796038059728,0.03755338811417919,V6.1_long
V6.1_long_only,71,2026-01-27 03:45:00+00:00,2026-01-27 03:50:00+00:00,2026-01-27 04:10:00+00:00,1,target,5,0.016691468042866003,0.05007440412859801,V6.1_long
V6.1_long_only,72,2026-01-27 04:45:00+00:00,2026-01-27 04:50:00+00:00,2026-01-27 05:35:00+00:00,1,target,10,0.017782027996468615,0.053346083989405844,V6.1_long
V6.1_long_only,73,2026-01-27 05:40:00+00:00,2026-01-27 05:45:00+00:00,2026-01-27 06:40:00+00:00,1,target,12,0.01614916787335833,0.04844750362007499,V6.1_long
V6.1_long_only,74,2026-01-27 07:45:00+00:00,2026-01-27 07:50:00+00:00,2026-01-27 10:50:00+00:00,1,time_open,37,-0.008435953679747586,-0.025307861039242756,V6.1_long
V6.1_long_only,75,2026-01-27 11:10:00+00:00,2026-01-27 11:15:00+00:00,2026-01-27 12:25:00+00:00,1,target,15,0.017072748531337088,0.051218245594011266,V6.1_long
V6.1_long_only,76,2026-01-27 13:35:00+00:00,2026-01-27 13:40:00+00:00,2026-01-27 15:50:00+00:00,1,target,27,0.014979255330401514,0.04493776599120454,V6.1_long
V6.1_long_only,77,2026-01-27 16:00:00+00:00,2026-01-27 16:05:00+00:00,2026-01-27 16:55:00+00:00,1,target,11,0.018460942382225762,0.05538282714667729,V6.1_long
V6.1_long_only,78,2026-01-27 18:00:00+00:00,2026-01-27 18:05:00+00:00,2026-01-27 19:25:00+00:00,1,target,17,0.028689806530706255,0.08606941959211876,V6.1_long
V6.1_long_only,79,2026-01-27 19:50:00+00:00,2026-01-27 19:55:00+00:00,2026-01-27 20:15:00+00:00,1,target,5,0.016662175873492727,0.049986527620478186,V6.1_long
V6.1_long_only,80,2026-01-27 20:30:00+00:00,2026-01-27 20:35:00+00:00,2026-01-27 22:30:00+00:00,1,target,24,0.018792363600421576,0.056377090801264726,V6.1_long
V6.1_long_only,81,2026-01-27 22:55:00+00:00,2026-01-27 23:00:00+00:00,2026-01-28 00:05:00+00:00,1,target,14,0.017834456413609985,0.053503369240829955,V6.1_long
V6.1_long_only,82,2026-01-28 00:15:00+00:00,2026-01-28 00:20:00+00:00,2026-01-28 00:55:00+00:00,1,target,8,0.020277055094760684,0.06083116528428205,V6.1_long
V6.1_long_only,83,2026-01-28 01:35:00+00:00,2026-01-28 01:40:00+00:00,2026-01-28 02:15:00+00:00,1,target,8,0.03076747970895687,0.09230243912687061,V6.1_long
V6.1_long_only,84,2026-01-28 02:55:00+00:00,2026-01-28 03:00:00+00:00,2026-01-28 03:35:00+00:00,1,target,8,0.02963235446175291,0.08889706338525873,V6.1_long
V6.1_long_only,85,2026-01-28 03:50:00+00:00,2026-01-28 03:55:00+00:00,2026-01-28 06:55:00+00:00,1,time_open,37,-0.002853947398115867,-0.0085618421943476,V6.1_long
V6.1_long_only,86,2026-01-28 07:40:00+00:00,2026-01-28 07:45:00+00:00,2026-01-28 08:00:00+00:00,1,target,4,0.016216107030826547,0.04864832109247964,V6.1_long
V6.1_long_only,87,2026-01-28 08:20:00+00:00,2026-01-28 08:25:00+00:00,2026-01-28 11:25:00+00:00,1,time_open,37,0.0018193640426490934,0.005458092127947281,V6.1_long
V6.1_long_only,88,2026-01-28 11:25:00+00:00,2026-01-28 11:30:00+00:00,2026-01-28 14:30:00+00:00,1,time_open,37,-0.018761180811765622,-0.05628354243529687,V6.1_long
V6.1_long_only,89,2026-02-02 22:35:00+00:00,2026-02-02 22:40:00+00:00,2026-02-03 01:00:00+00:00,1,target,29,0.021645524833803793,0.06493657450141138,V6.1_long
V6.1_long_only,90,2026-02-03 01:30:00+00:00,2026-02-03 01:35:00+00:00,2026-02-03 01:50:00+00:00,1,target,4,0.022973850587040257,0.06892155176112078,V6.1_long
V6.1_long_only,91,2026-02-03 02:55:00+00:00,2026-02-03 03:00:00+00:00,2026-02-03 03:30:00+00:00,1,target,7,0.02826137667980181,0.08478413003940544,V6.1_long
V6.1_long_only,92,2026-02-03 04:20:00+00:00,2026-02-03 04:25:00+00:00,2026-02-03 07:25:00+00:00,1,time_open,37,-0.014742204567824506,-0.04422661370347352,V6.1_long
V6.1_long_only,93,2026-02-03 07:30:00+00:00,2026-02-03 07:35:00+00:00,2026-02-03 08:25:00+00:00,1,target,11,0.019201472332869632,0.057604416998608896,V6.1_long
V6.1_long_only,94,2026-02-03 09:55:00+00:00,2026-02-03 10:00:00+00:00,2026-02-03 13:00:00+00:00,1,time_open,37,-0.028258972996509268,-0.0847769189895278,V6.1_long
V6.1_long_only,95,2026-02-06 04:20:00+00:00,2026-02-06 04:25:00+00:00,2026-02-06 07:25:00+00:00,1,time_open,37,-0.04936937282456918,-0.14810811847370753,V6.1_long
V6.1_long_only,96,2026-02-28 18:50:00+00:00,2026-02-28 18:55:00+00:00,2026-02-28 20:20:00+00:00,1,target,18,0.019142598109568903,0.057427794328706705,V6.1_long
V6.1_long_only,97,2026-02-28 20:30:00+00:00,2026-02-28 20:35:00+00:00,2026-02-28 20:45:00+00:00,1,target,3,0.01795406367035337,0.05386219101106011,V6.1_long
V6.1_long_only,98,2026-02-28 21:00:00+00:00,2026-02-28 21:05:00+00:00,2026-02-28 22:25:00+00:00,1,target,17,0.019814061364452344,0.05944218409335703,V6.1_long
V6.1_long_only,99,2026-02-28 22:40:00+00:00,2026-02-28 22:45:00+00:00,2026-02-28 23:45:00+00:00,1,target,13,0.014622284839401523,0.04386685451820457,V6.1_long
V6.1_long_only,100,2026-03-01 01:50:00+00:00,2026-03-01 01:55:00+00:00,2026-03-01 02:00:00+00:00,1,target,2,0.0161120163560902,0.048336049068270596,V6.1_long
V6.1_long_only,101,2026-03-01 03:25:00+00:00,2026-03-01 03:30:00+00:00,2026-03-01 05:45:00+00:00,1,target,28,0.013393139663125669,0.040179418989377005,V6.1_long
V6.1_long_only,102,2026-03-01 06:15:00+00:00,2026-03-01 06:20:00+00:00,2026-03-01 09:20:00+00:00,1,time_open,37,-0.007332285650752828,-0.021996856952258486,V6.1_long
V6.1_long_only,103,2026-03-02 22:45:00+00:00,2026-03-02 22:50:00+00:00,2026-03-03 01:50:00+00:00,1,time_open,37,-0.0075797110177607254,-0.022739133053282175,V6.1_long
V6.1_long_only,104,2026-03-03 02:50:00+00:00,2026-03-03 02:55:00+00:00,2026-03-03 03:10:00+00:00,1,target,4,0.011294297386607876,0.033882892159823624,V6.1_long
V6.1_long_only,105,2026-03-03 04:35:00+00:00,2026-03-03 04:40:00+00:00,2026-03-03 05:05:00+00:00,1,target,6,0.009307310983249089,0.027921932949747267,V6.1_long
V6.1_long_only,106,2026-03-09 14:50:00+00:00,2026-03-09 14:55:00+00:00,2026-03-09 16:20:00+00:00,1,target,18,0.02119666027402636,0.06358998082207908,V6.1_long
V6.1_long_only,107,2026-03-09 17:15:00+00:00,2026-03-09 17:20:00+00:00,2026-03-09 20:20:00+00:00,1,time_open,37,0.006319387913195441,0.018958163739586323,V6.1_long
V6.1_long_only,108,2026-03-09 20:30:00+00:00,2026-03-09 20:35:00+00:00,2026-03-09 21:05:00+00:00,1,target,7,0.015458400663412232,0.046375201990236696,V6.1_long
V6.1_long_only,109,2026-03-09 21:35:00+00:00,2026-03-09 21:40:00+00:00,2026-03-10 00:40:00+00:00,1,time_open,37,-0.018779953913612875,-0.056339861740838625,V6.1_long
V6.1_long_only,110,2026-03-10 03:40:00+00:00,2026-03-10 03:45:00+00:00,2026-03-10 06:45:00+00:00,1,time_open,37,-0.014681882229606105,-0.044045646688818316,V6.1_long
V6.1_long_only,111,2026-04-08 07:25:00+00:00,2026-04-08 07:30:00+00:00,2026-04-08 07:50:00+00:00,1,target,5,0.006699842595916964,0.02009952778775089,V6.1_long
V6.1_long_only,112,2026-04-08 09:35:00+00:00,2026-04-08 09:40:00+00:00,2026-04-08 12:40:00+00:00,1,time_open,37,-0.0016624707209484091,-0.004987412162845227,V6.1_long
V6.1_long_only,113,2026-05-14 15:35:00+00:00,2026-05-14 15:40:00+00:00,2026-05-14 16:30:00+00:00,1,target,11,0.01447340638717408,0.04342021916152224,V6.1_long
V6.1_long_only,114,2026-05-14 16:35:00+00:00,2026-05-14 16:40:00+00:00,2026-05-14 17:05:00+00:00,1,target,6,0.014658067181291382,0.043974201543874145,V6.1_long
V6.1_long_only,115,2026-05-14 17:20:00+00:00,2026-05-14 17:25:00+00:00,2026-05-14 18:15:00+00:00,1,target,11,0.01707384361705465,0.051221530851163946,V6.1_long
V6.1_long_only,116,2026-05-14 18:30:00+00:00,2026-05-14 18:35:00+00:00,2026-05-14 21:35:00+00:00,1,time_open,37,-0.00485554712601357,-0.014566641378040712,V6.1_long
V6.1_long_only,117,2026-05-14 22:05:00+00:00,2026-05-14 22:10:00+00:00,2026-05-14 23:35:00+00:00,1,target,18,0.010378863401763031,0.031136590205289093,V6.1_long
V6.1_long_only,118,2026-05-15 00:00:00+00:00,2026-05-15 00:05:00+00:00,2026-05-15 00:25:00+00:00,1,target,5,0.009892713858009619,0.029678141574028857,V6.1_long
V6.1_long_only,119,2026-05-15 01:00:00+00:00,2026-05-15 01:05:00+00:00,2026-05-15 01:35:00+00:00,1,target,7,0.010718752349013155,0.03215625704703946,V6.1_long
V6.1_long_only,120,2026-05-15 02:00:00+00:00,2026-05-15 02:05:00+00:00,2026-05-15 03:00:00+00:00,1,target,12,0.015951546385803116,0.04785463915740935,V6.1_long
V6.1_long_only,121,2026-05-15 03:15:00+00:00,2026-05-15 03:20:00+00:00,2026-05-15 06:20:00+00:00,1,time_open,37,-0.018965898918475586,-0.05689769675542676,V6.1_long
V6.1_long_only,122,2026-05-15 07:20:00+00:00,2026-05-15 07:25:00+00:00,2026-05-15 10:25:00+00:00,1,time_open,37,-0.017184567879511822,-0.05155370363853547,V6.1_long
V6.1_long_only,123,2026-05-17 20:15:00+00:00,2026-05-17 20:20:00+00:00,2026-05-17 23:20:00+00:00,1,time_open,37,-0.018424744449169594,-0.05527423334750878,V6.1_long
V6.1_long_only,124,2026-05-18 00:30:00+00:00,2026-05-18 00:35:00+00:00,2026-05-18 03:35:00+00:00,1,time_open,37,-0.02261285289577144,-0.06783855868731431,V6.1_long
V6.1_long_only,125,2026-05-20 16:30:00+00:00,2026-05-20 16:35:00+00:00,2026-05-20 17:10:00+00:00,1,target,8,0.011986538539807317,0.03595961561942195,V6.1_long
V6.1_long_only,126,2026-05-20 19:05:00+00:00,2026-05-20 19:10:00+00:00,2026-05-20 19:20:00+00:00,1,target,3,0.01047332688364174,0.03141998065092522,V6.1_long
V6.1_long_only,127,2026-05-20 21:20:00+00:00,2026-05-20 21:25:00+00:00,2026-05-20 22:15:00+00:00,1,target,11,0.01281624018453674,0.03844872055361022,V6.1_long
V6.1_long_only,128,2026-05-20 22:50:00+00:00,2026-05-20 22:55:00+00:00,2026-05-20 23:35:00+00:00,1,target,9,0.016937797498793778,0.05081339249638134,V6.1_long
V6.1_long_only,129,2026-05-21 00:05:00+00:00,2026-05-21 00:10:00+00:00,2026-05-21 00:35:00+00:00,1,target,6,0.015050307816419467,0.045150923449258404,V6.1_long
V6.1_long_only,130,2026-05-21 01:30:00+00:00,2026-05-21 01:35:00+00:00,2026-05-21 04:35:00+00:00,1,time_open,37,-0.0053163150897795565,-0.01594894526933867,V6.1_long
V6.1_long_only,131,2026-05-21 05:45:00+00:00,2026-05-21 05:50:00+00:00,2026-05-21 06:25:00+00:00,1,target,8,0.011430275400607476,0.03429082620182243,V6.1_long
V6.1_long_only,132,2026-05-21 06:55:00+00:00,2026-05-21 07:00:00+00:00,2026-05-21 07:10:00+00:00,1,target,3,0.013006390472229054,0.03901917141668716,V6.1_long
V6.1_long_only,133,2026-05-21 07:30:00+00:00,2026-05-21 07:35:00+00:00,2026-05-21 07:50:00+00:00,1,target,4,0.014260086683811853,0.04278026005143556,V6.1_long
V6.1_long_only,134,2026-05-21 08:15:00+00:00,2026-05-21 08:20:00+00:00,2026-05-21 09:30:00+00:00,1,target,15,0.014723990324019843,0.04417197097205953,V6.1_long
V6.1_long_only,135,2026-05-21 10:20:00+00:00,2026-05-21 10:25:00+00:00,2026-05-21 13:25:00+00:00,1,time_open,37,0.010150345387795134,0.030451036163385403,V6.1_long
V6.1_long_only,136,2026-05-21 13:35:00+00:00,2026-05-21 13:40:00+00:00,2026-05-21 13:55:00+00:00,1,target,4,0.016279588857853078,0.048838766573559234,V6.1_long
V6.1_long_only,137,2026-05-21 14:00:00+00:00,2026-05-21 14:05:00+00:00,2026-05-21 14:30:00+00:00,1,target,6,0.020320835247848414,0.06096250574354524,V6.1_long
V6.1_long_only,138,2026-05-21 14:55:00+00:00,2026-05-21 15:00:00+00:00,2026-05-21 18:00:00+00:00,1,time_open,37,-0.037348151898602334,-0.11204445569580701,V6.1_long
V6.1_long_only,139,2026-05-24 01:40:00+00:00,2026-05-24 01:45:00+00:00,2026-05-24 04:45:00+00:00,1,time_open,37,-0.016993579657679492,-0.05098073897303848,V6.1_long
V6.1_long_only,140,2026-05-24 04:50:00+00:00,2026-05-24 04:55:00+00:00,2026-05-24 05:10:00+00:00,1,target,4,0.010371750002794581,0.031115250008383742,V6.1_long
V6.1_long_only,141,2026-05-24 05:55:00+00:00,2026-05-24 06:00:00+00:00,2026-05-24 08:10:00+00:00,1,target,27,0.013890993498660471,0.041672980495981414,V6.1_long
V6.1_long_only,142,2026-05-24 08:40:00+00:00,2026-05-24 08:45:00+00:00,2026-05-24 09:35:00+00:00,1,target,11,0.016221181025222835,0.0486635430756685,V6.1_long
V6.1_long_only,143,2026-05-24 09:55:00+00:00,2026-05-24 10:00:00+00:00,2026-05-24 13:00:00+00:00,1,time_open,37,0.003108596096978729,0.009325788290936186,V6.1_long
V6.1_long_only,144,2026-05-24 13:05:00+00:00,2026-05-24 13:10:00+00:00,2026-05-24 16:10:00+00:00,1,time_open,37,-0.005909331802525143,-0.017727995407575428,V6.1_long
V6.1_long_only,145,2026-05-28 21:45:00+00:00,2026-05-28 21:50:00+00:00,2026-05-29 00:50:00+00:00,1,time_open,37,0.0016577891820205425,0.004973367546061628,V6.1_long
V6.1_long_only,146,2026-05-29 03:30:00+00:00,2026-05-29 03:35:00+00:00,2026-05-29 06:35:00+00:00,1,time_open,37,-0.002703448184576668,-0.008110344553730005,V6.1_long
V6.1_long_only,147,2026-05-29 17:15:00+00:00,2026-05-29 17:20:00+00:00,2026-05-29 20:20:00+00:00,1,time_open,37,-0.019409756664471974,-0.05822926999341592,V6.1_long
V6.1_long_only,148,2026-06-01 07:00:00+00:00,2026-06-01 07:05:00+00:00,2026-06-01 10:05:00+00:00,1,time_open,37,-0.01919166364718259,-0.05757499094154777,V6.1_long
V6.1_long_only,149,2026-06-08 11:50:00+00:00,2026-06-08 11:55:00+00:00,2026-06-08 12:55:00+00:00,1,target,13,0.012813781523843958,0.03844134457153187,V6.1_long
V6.1_long_only,150,2026-06-08 14:25:00+00:00,2026-06-08 14:30:00+00:00,2026-06-08 17:30:00+00:00,1,time_open,37,-0.009114896741930847,-0.027344690225792542,V6.1_long
V6.1_long_only,151,2026-06-11 18:50:00+00:00,2026-06-11 18:55:00+00:00,2026-06-11 21:55:00+00:00,1,time_open,37,0.005559643854380876,0.01667893156314263,V6.1_long
V6.1_long_only,152,2026-06-15 06:40:00+00:00,2026-06-15 06:45:00+00:00,2026-06-15 07:10:00+00:00,1,target,6,0.008438408069479408,0.025315224208438222,V6.1_long
V6.1_long_only,153,2026-06-15 07:45:00+00:00,2026-06-15 07:50:00+00:00,2026-06-15 08:40:00+00:00,1,target,11,0.010518506217615688,0.031555518652847066,V6.1_long
V6.1_long_only,154,2026-06-15 09:40:00+00:00,2026-06-15 09:45:00+00:00,2026-06-15 10:05:00+00:00,1,target,5,0.008594396442941257,0.025783189328823772,V6.1_long
V6.1_long_only,155,2026-06-15 11:05:00+00:00,2026-06-15 11:10:00+00:00,2026-06-15 14:10:00+00:00,1,time_open,37,-0.015377026573111685,-0.046131079719335055,V6.1_long
V6.1_long_only,156,2026-06-16 10:05:00+00:00,2026-06-16 10:10:00+00:00,2026-06-16 10:25:00+00:00,1,target,4,0.012038241004495366,0.036114723013486096,V6.1_long
V6.1_long_only,157,2026-06-16 11:05:00+00:00,2026-06-16 11:10:00+00:00,2026-06-16 14:10:00+00:00,1,time_open,37,-0.00401904743742438,-0.012057142312273141,V6.1_long
combo_short_rank1,1,2025-06-02 21:35:00+00:00,2025-06-02 21:40:00+00:00,2025-06-02 22:00:00+00:00,1,target,5,0.015496134274602754,0.04648840282380826,combo_short_rank1_long
combo_short_rank1,2,2025-06-03 00:45:00+00:00,2025-06-03 00:50:00+00:00,2025-06-03 03:50:00+00:00,1,time_open,37,-0.014306255089924119,-0.042918765269772355,combo_short_rank1_long
combo_short_rank1,3,2025-06-03 05:55:00+00:00,2025-06-03 06:00:00+00:00,2025-06-03 09:00:00+00:00,1,time_open,37,0.0033241059043635436,0.009972317713090631,combo_short_rank1_long
combo_short_rank1,4,2025-06-03 11:10:00+00:00,2025-06-03 11:15:00+00:00,2025-06-03 14:15:00+00:00,1,time_open,37,-0.008588737313778872,-0.025766211941336617,combo_short_rank1_long
combo_short_rank1,5,2025-06-05 19:40:00+00:00,2025-06-05 19:45:00+00:00,2025-06-05 20:15:00+00:00,-1,target,7,0.018341307500250766,0.0550239225007523,combo_short_rank1_short
combo_short_rank1,6,2025-06-09 20:55:00+00:00,2025-06-09 21:00:00+00:00,2025-06-09 22:00:00+00:00,1,target,13,0.0142276903055964,0.042683070916789204,combo_short_rank1_long
combo_short_rank1,7,2025-06-09 23:25:00+00:00,2025-06-09 23:30:00+00:00,2025-06-10 00:25:00+00:00,1,target,12,0.014227746718657884,0.042683240155973655,combo_short_rank1_long
combo_short_rank1,8,2025-06-10 00:40:00+00:00,2025-06-10 00:45:00+00:00,2025-06-10 02:00:00+00:00,1,target,16,0.01595915187490664,0.04787745562471993,combo_short_rank1_long
combo_short_rank1,9,2025-06-10 11:35:00+00:00,2025-06-10 11:40:00+00:00,2025-06-10 14:40:00+00:00,1,time_open,37,-0.0378890815202644,-0.11366724456079319,combo_short_rank1_long
combo_short_rank1,10,2025-06-13 02:00:00+00:00,2025-06-13 02:05:00+00:00,2025-06-13 06:05:00+00:00,-1,time_open,49,-0.03220848683761844,-0.09662546051285532,combo_short_rank1_short
combo_short_rank1,11,2025-06-13 23:15:00+00:00,2025-06-13 23:20:00+00:00,2025-06-14 02:20:00+00:00,1,time_open,37,-0.0042529040536935046,-0.012758712161080514,combo_short_rank1_long
combo_short_rank1,12,2025-06-16 05:40:00+00:00,2025-06-16 05:45:00+00:00,2025-06-16 06:15:00+00:00,1,target,7,0.01288301743459912,0.038649052303797365,combo_short_rank1_long
combo_short_rank1,13,2025-06-16 06:55:00+00:00,2025-06-16 07:00:00+00:00,2025-06-16 10:00:00+00:00,1,time_open,37,0.001990455497046504,0.005971366491139512,combo_short_rank1_long
combo_short_rank1,14,2025-06-16 12:40:00+00:00,2025-06-16 12:45:00+00:00,2025-06-16 14:00:00+00:00,1,target,16,0.010423966871420816,0.031271900614262445,combo_short_rank1_long
combo_short_rank1,15,2025-06-16 14:40:00+00:00,2025-06-16 14:45:00+00:00,2025-06-16 17:45:00+00:00,1,time_open,37,-0.014226196470066788,-0.04267858941020036,combo_short_rank1_long
combo_short_rank1,16,2025-06-17 11:00:00+00:00,2025-06-17 11:05:00+00:00,2025-06-17 12:55:00+00:00,-1,target,23,0.011871900782688542,0.035615702348065624,combo_short_rank1_short
combo_short_rank1,17,2025-06-19 14:25:00+00:00,2025-06-19 14:30:00+00:00,2025-06-19 15:30:00+00:00,-1,target,13,0.01186898185503804,0.035606945565114116,combo_short_rank1_short
combo_short_rank1,18,2025-06-20 18:10:00+00:00,2025-06-20 18:15:00+00:00,2025-06-20 22:05:00+00:00,-1,target,47,0.01990955430623071,0.05972866291869213,combo_short_rank1_short
combo_short_rank1,19,2025-06-21 17:20:00+00:00,2025-06-21 17:25:00+00:00,2025-06-21 17:55:00+00:00,-1,target,7,0.016659321991532815,0.04997796597459844,combo_short_rank1_short
combo_short_rank1,20,2025-06-21 18:15:00+00:00,2025-06-21 18:20:00+00:00,2025-06-21 19:15:00+00:00,-1,target,12,0.015013839827465627,0.04504151948239688,combo_short_rank1_short
combo_short_rank1,21,2025-06-21 19:20:00+00:00,2025-06-21 19:25:00+00:00,2025-06-21 19:40:00+00:00,-1,target,4,0.014012121758928686,0.04203636527678606,combo_short_rank1_short
combo_short_rank1,22,2025-06-23 05:35:00+00:00,2025-06-23 05:40:00+00:00,2025-06-23 06:05:00+00:00,1,target,6,0.01016136758684936,0.030484102760548082,combo_short_rank1_long
combo_short_rank1,23,2025-06-27 01:15:00+00:00,2025-06-27 01:20:00+00:00,2025-06-27 01:35:00+00:00,-1,stop_market,4,-0.017386289837349543,-0.05215886951204863,combo_short_rank1_short
combo_short_rank1,24,2025-07-01 20:40:00+00:00,2025-07-01 20:45:00+00:00,2025-07-01 23:00:00+00:00,-1,target,28,0.010776170814929787,0.03232851244478936,combo_short_rank1_short
combo_short_rank1,25,2025-07-08 05:00:00+00:00,2025-07-08 05:05:00+00:00,2025-07-08 06:10:00+00:00,-1,stop_market,14,-0.011403720012033039,-0.034211160036099114,combo_short_rank1_short
combo_short_rank1,26,2025-07-11 05:00:00+00:00,2025-07-11 05:05:00+00:00,2025-07-11 06:20:00+00:00,1,target,16,0.00948107918998686,0.02844323756996058,combo_short_rank1_long
combo_short_rank1,27,2025-07-11 06:40:00+00:00,2025-07-11 06:45:00+00:00,2025-07-11 09:45:00+00:00,1,time_open,37,-0.0025277998608205727,-0.007583399582461718,combo_short_rank1_long
combo_short_rank1,28,2025-07-22 06:35:00+00:00,2025-07-22 06:40:00+00:00,2025-07-22 08:05:00+00:00,-1,target,18,0.008284999629488695,0.024854998888466085,combo_short_rank1_short
combo_short_rank1,29,2025-07-24 07:30:00+00:00,2025-07-24 07:35:00+00:00,2025-07-24 11:35:00+00:00,-1,time_open,49,-0.01911228846962861,-0.05733686540888583,combo_short_rank1_short
combo_short_rank1,30,2025-08-01 20:20:00+00:00,2025-08-01 20:25:00+00:00,2025-08-01 22:35:00+00:00,-1,target,27,0.015824723615042734,0.0474741708451282,combo_short_rank1_short
combo_short_rank1,31,2025-08-08 00:35:00+00:00,2025-08-08 00:40:00+00:00,2025-08-08 03:40:00+00:00,1,time_open,37,-0.005917873540102114,-0.017753620620306342,combo_short_rank1_long
combo_short_rank1,32,2025-08-13 18:00:00+00:00,2025-08-13 18:05:00+00:00,2025-08-13 21:05:00+00:00,1,time_open,37,-0.011124189384001304,-0.033372568152003915,combo_short_rank1_long
combo_short_rank1,33,2025-08-13 21:10:00+00:00,2025-08-13 21:15:00+00:00,2025-08-13 23:35:00+00:00,1,target,29,0.01336988356928487,0.04010965070785461,combo_short_rank1_long
combo_short_rank1,34,2025-08-13 23:40:00+00:00,2025-08-13 23:45:00+00:00,2025-08-14 02:45:00+00:00,1,time_open,37,-0.003605361250074216,-0.010816083750222649,combo_short_rank1_long
combo_short_rank1,35,2025-08-15 08:00:00+00:00,2025-08-15 08:05:00+00:00,2025-08-15 08:40:00+00:00,1,target,8,0.01092423962991835,0.032772718889755054,combo_short_rank1_long
combo_short_rank1,36,2025-08-22 15:35:00+00:00,2025-08-22 15:40:00+00:00,2025-08-22 18:40:00+00:00,1,time_open,37,0.00405088529599411,0.01215265588798233,combo_short_rank1_long
combo_short_rank1,37,2025-08-22 19:50:00+00:00,2025-08-22 19:55:00+00:00,2025-08-22 22:05:00+00:00,1,target,27,0.008516845829247341,0.025550537487742025,combo_short_rank1_long
combo_short_rank1,38,2025-08-25 02:45:00+00:00,2025-08-25 02:50:00+00:00,2025-08-25 05:50:00+00:00,1,time_open,37,-0.027789914422283627,-0.08336974326685088,combo_short_rank1_long
combo_short_rank1,39,2025-08-25 22:30:00+00:00,2025-08-25 22:35:00+00:00,2025-08-25 23:20:00+00:00,-1,target,10,0.01171535594548351,0.03514606783645053,combo_short_rank1_short
combo_short_rank1,40,2025-08-26 17:35:00+00:00,2025-08-26 17:40:00+00:00,2025-08-26 19:15:00+00:00,1,target,20,0.014478845915917589,0.04343653774775277,combo_short_rank1_long
combo_short_rank1,41,2025-08-26 22:45:00+00:00,2025-08-26 22:50:00+00:00,2025-08-27 01:50:00+00:00,1,time_open,37,-0.002085917491393976,-0.006257752474181928,combo_short_rank1_long
combo_short_rank1,42,2025-08-27 02:20:00+00:00,2025-08-27 02:25:00+00:00,2025-08-27 02:45:00+00:00,1,target,5,0.010940986832674504,0.03282296049802351,combo_short_rank1_long
combo_short_rank1,43,2025-08-27 04:20:00+00:00,2025-08-27 04:25:00+00:00,2025-08-27 07:25:00+00:00,1,time_open,37,-0.012739258054619527,-0.03821777416385858,combo_short_rank1_long
combo_short_rank1,44,2025-09-08 10:05:00+00:00,2025-09-08 10:10:00+00:00,2025-09-08 13:05:00+00:00,1,target,36,0.010216506279960895,0.030649518839882685,combo_short_rank1_long
combo_short_rank1,45,2025-09-08 13:55:00+00:00,2025-09-08 14:00:00+00:00,2025-09-08 17:00:00+00:00,1,time_open,37,-0.008135828775788662,-0.024407486327365988,combo_short_rank1_long
combo_short_rank1,46,2025-09-09 10:55:00+00:00,2025-09-09 11:00:00+00:00,2025-09-09 12:40:00+00:00,1,stop_market,21,-0.032093257432788874,-0.09627977229836662,combo_short_rank1_long
combo_short_rank1,47,2025-09-18 01:45:00+00:00,2025-09-18 01:50:00+00:00,2025-09-18 04:50:00+00:00,1,time_open,37,-0.014254711821291198,-0.042764135463873594,combo_short_rank1_long
combo_short_rank1,48,2025-09-23 21:00:00+00:00,2025-09-23 21:05:00+00:00,2025-09-23 23:25:00+00:00,-1,target,29,0.013317987272146713,0.03995396181644014,combo_short_rank1_short
combo_short_rank1,49,2025-09-25 04:25:00+00:00,2025-09-25 04:30:00+00:00,2025-09-25 06:10:00+00:00,-1,target,21,0.017738913935069565,0.053216741805208696,combo_short_rank1_short
combo_short_rank1,50,2025-09-29 03:45:00+00:00,2025-09-29 03:50:00+00:00,2025-09-29 04:15:00+00:00,1,target,6,0.0108409609208871,0.0325228827626613,combo_short_rank1_long
combo_short_rank1,51,2025-09-29 04:35:00+00:00,2025-09-29 04:40:00+00:00,2025-09-29 07:40:00+00:00,1,time_open,37,-0.002290467170894425,-0.006871401512683275,combo_short_rank1_long
combo_short_rank1,52,2025-10-09 17:25:00+00:00,2025-10-09 17:30:00+00:00,2025-10-09 19:25:00+00:00,-1,stop_market,24,-0.019687603329920776,-0.05906280998976233,combo_short_rank1_short
combo_short_rank1,53,2025-10-10 18:10:00+00:00,2025-10-10 18:15:00+00:00,2025-10-10 18:45:00+00:00,-1,target,7,0.011287984183163562,0.033863952549490685,combo_short_rank1_short
combo_short_rank1,54,2025-10-10 18:45:00+00:00,2025-10-10 18:50:00+00:00,2025-10-10 20:25:00+00:00,-1,stop_market,20,-0.01647242358429247,-0.049417270752877406,combo_short_rank1_short
combo_short_rank1,55,2025-10-10 22:00:00+00:00,2025-10-10 22:05:00+00:00,2025-10-11 02:05:00+00:00,-1,time_open,49,0.062005269762532456,0.18601580928759737,combo_short_rank1_short
combo_short_rank1,56,2025-10-11 16:25:00+00:00,2025-10-11 16:30:00+00:00,2025-10-11 19:10:00+00:00,-1,target,33,0.016238613496807407,0.04871584049042222,combo_short_rank1_short
combo_short_rank1,57,2025-10-12 19:15:00+00:00,2025-10-12 19:20:00+00:00,2025-10-12 20:35:00+00:00,1,target,16,0.014770395436148165,0.044311186308444495,combo_short_rank1_long
combo_short_rank1,58,2025-10-13 01:55:00+00:00,2025-10-13 02:00:00+00:00,2025-10-13 05:00:00+00:00,1,time_open,37,-0.030145853316466877,-0.09043755994940063,combo_short_rank1_long
combo_short_rank1,59,2025-10-13 20:25:00+00:00,2025-10-13 20:30:00+00:00,2025-10-13 20:50:00+00:00,1,target,5,0.016655132763630332,0.049965398290891,combo_short_rank1_long
combo_short_rank1,60,2025-10-13 21:15:00+00:00,2025-10-13 21:20:00+00:00,2025-10-14 00:20:00+00:00,1,time_open,37,-0.012380896422171406,-0.03714268926651422,combo_short_rank1_long
combo_short_rank1,61,2025-10-14 09:20:00+00:00,2025-10-14 09:25:00+00:00,2025-10-14 10:05:00+00:00,-1,target,9,0.01455825512868791,0.04367476538606373,combo_short_rank1_short
combo_short_rank1,62,2025-10-17 09:15:00+00:00,2025-10-17 09:20:00+00:00,2025-10-17 11:15:00+00:00,-1,stop_market,24,-0.03600685677580085,-0.10802057032740256,combo_short_rank1_short
combo_short_rank1,63,2025-10-23 03:05:00+00:00,2025-10-23 03:10:00+00:00,2025-10-23 06:10:00+00:00,1,time_open,37,-0.002446354438045768,-0.0073390633141373045,combo_short_rank1_long
combo_short_rank1,64,2025-10-23 08:40:00+00:00,2025-10-23 08:45:00+00:00,2025-10-23 11:45:00+00:00,1,time_open,37,-0.001919761770366497,-0.005759285311099491,combo_short_rank1_long
combo_short_rank1,65,2025-10-23 12:15:00+00:00,2025-10-23 12:20:00+00:00,2025-10-23 12:55:00+00:00,1,target,8,0.014277689179859998,0.042833067539579994,combo_short_rank1_long
combo_short_rank1,66,2025-10-23 13:00:00+00:00,2025-10-23 13:05:00+00:00,2025-10-23 16:05:00+00:00,1,time_open,37,-0.003128797907948495,-0.009386393723845485,combo_short_rank1_long
combo_short_rank1,67,2025-10-23 16:15:00+00:00,2025-10-23 16:20:00+00:00,2025-10-23 19:20:00+00:00,1,time_open,37,-0.02490912296870269,-0.07472736890610807,combo_short_rank1_long
combo_short_rank1,68,2025-10-25 22:20:00+00:00,2025-10-25 22:25:00+00:00,2025-10-25 22:40:00+00:00,1,target,4,0.014744934893972302,0.04423480468191691,combo_short_rank1_long
combo_short_rank1,69,2025-10-25 22:55:00+00:00,2025-10-25 23:00:00+00:00,2025-10-26 02:00:00+00:00,1,time_open,37,-0.0077102204759059234,-0.02313066142771777,combo_short_rank1_long
combo_short_rank1,70,2025-10-26 02:05:00+00:00,2025-10-26 02:10:00+00:00,2025-10-26 05:10:00+00:00,1,time_open,37,-0.012910616580455591,-0.03873184974136677,combo_short_rank1_long
combo_short_rank1,71,2025-10-26 07:30:00+00:00,2025-10-26 07:35:00+00:00,2025-10-26 08:00:00+00:00,1,target,6,0.009220886401672939,0.027662659205018817,combo_short_rank1_long
combo_short_rank1,72,2025-10-26 10:00:00+00:00,2025-10-26 10:05:00+00:00,2025-10-26 11:10:00+00:00,1,target,14,0.016219696864110143,0.04865909059233043,combo_short_rank1_long
combo_short_rank1,73,2025-10-26 12:00:00+00:00,2025-10-26 12:05:00+00:00,2025-10-26 12:15:00+00:00,1,target,3,0.01882452769146418,0.05647358307439254,combo_short_rank1_long
combo_short_rank1,74,2025-10-26 12:25:00+00:00,2025-10-26 12:30:00+00:00,2025-10-26 15:30:00+00:00,1,time_open,37,-0.010139671798866316,-0.03041901539659895,combo_short_rank1_long
combo_short_rank1,75,2025-10-26 18:35:00+00:00,2025-10-26 18:40:00+00:00,2025-10-26 21:40:00+00:00,1,time_open,37,-0.01056831824572628,-0.03170495473717884,combo_short_rank1_long
combo_short_rank1,76,2025-10-26 22:05:00+00:00,2025-10-26 22:10:00+00:00,2025-10-27 01:10:00+00:00,1,time_open,37,-0.0016789093747814686,-0.005036728124344405,combo_short_rank1_long
combo_short_rank1,77,2025-10-30 20:10:00+00:00,2025-10-30 20:15:00+00:00,2025-10-30 22:50:00+00:00,-1,stop_market,32,-0.03393784940021962,-0.10181354820065885,combo_short_rank1_short
combo_short_rank1,78,2025-11-03 16:25:00+00:00,2025-11-03 16:30:00+00:00,2025-11-03 20:30:00+00:00,-1,time_open,49,0.003427425416186166,0.010282276248558497,combo_short_rank1_short
combo_short_rank1,79,2025-11-04 07:40:00+00:00,2025-11-04 07:45:00+00:00,2025-11-04 08:15:00+00:00,-1,target,7,0.02229561224199673,0.06688683672599019,combo_short_rank1_short
combo_short_rank1,80,2025-11-04 08:35:00+00:00,2025-11-04 08:40:00+00:00,2025-11-04 12:40:00+00:00,-1,time_open,49,-0.008020854574542248,-0.024062563723626744,combo_short_rank1_short
combo_short_rank1,81,2025-11-04 18:45:00+00:00,2025-11-04 18:50:00+00:00,2025-11-04 20:15:00+00:00,-1,target,18,0.028681786569210475,0.08604535970763143,combo_short_rank1_short
combo_short_rank1,82,2025-11-04 21:20:00+00:00,2025-11-04 21:25:00+00:00,2025-11-04 22:10:00+00:00,-1,stop_market,10,-0.050297445105197534,-0.1508923353155926,combo_short_rank1_short
combo_short_rank1,83,2025-11-05 10:15:00+00:00,2025-11-05 10:20:00+00:00,2025-11-05 11:30:00+00:00,1,target,15,0.013881994915359123,0.04164598474607737,combo_short_rank1_long
combo_short_rank1,84,2025-11-05 12:05:00+00:00,2025-11-05 12:10:00+00:00,2025-11-05 15:10:00+00:00,1,time_open,37,0.010499959939981447,0.03149987981994434,combo_short_rank1_long
combo_short_rank1,85,2025-11-05 16:45:00+00:00,2025-11-05 16:50:00+00:00,2025-11-05 19:50:00+00:00,1,time_open,37,-0.011824841735812308,-0.03547452520743692,combo_short_rank1_long
combo_short_rank1,86,2025-11-06 18:00:00+00:00,2025-11-06 18:05:00+00:00,2025-11-06 22:05:00+00:00,-1,time_open,49,-0.005640789386151443,-0.016922368158454326,combo_short_rank1_short
combo_short_rank1,87,2025-11-07 17:45:00+00:00,2025-11-07 17:50:00+00:00,2025-11-07 19:35:00+00:00,1,target,22,0.02063505874779905,0.06190517624339715,combo_short_rank1_long
combo_short_rank1,88,2025-11-07 19:45:00+00:00,2025-11-07 19:50:00+00:00,2025-11-07 20:10:00+00:00,1,target,5,0.013720032916227736,0.041160098748683205,combo_short_rank1_long
combo_short_rank1,89,2025-11-07 20:15:00+00:00,2025-11-07 20:20:00+00:00,2025-11-07 23:20:00+00:00,1,time_open,37,-0.005733905310358177,-0.01720171593107453,combo_short_rank1_long
combo_short_rank1,90,2025-11-07 23:20:00+00:00,2025-11-07 23:25:00+00:00,2025-11-08 02:25:00+00:00,1,time_open,37,0.0007666482515769087,0.002299944754730726,combo_short_rank1_long
combo_short_rank1,91,2025-11-08 03:00:00+00:00,2025-11-08 03:05:00+00:00,2025-11-08 06:00:00+00:00,1,stop_market,36,-0.04137111022743027,-0.12411333068229081,combo_short_rank1_long
combo_short_rank1,92,2025-11-18 06:10:00+00:00,2025-11-18 06:15:00+00:00,2025-11-18 09:15:00+00:00,1,time_open,37,0.0030900380102084493,0.009270114030625349,combo_short_rank1_long
combo_short_rank1,93,2025-11-18 09:45:00+00:00,2025-11-18 09:50:00+00:00,2025-11-18 12:40:00+00:00,1,target,35,0.01241787937471092,0.03725363812413276,combo_short_rank1_long
combo_short_rank1,94,2025-11-22 19:30:00+00:00,2025-11-22 19:35:00+00:00,2025-11-22 19:55:00+00:00,-1,target,5,0.011996343918747304,0.03598903175624191,combo_short_rank1_short
combo_short_rank1,95,2025-12-01 01:45:00+00:00,2025-12-01 01:50:00+00:00,2025-12-01 04:05:00+00:00,-1,target,28,0.016919189070683967,0.0507575672120519,combo_short_rank1_short
combo_short_rank1,96,2025-12-01 14:35:00+00:00,2025-12-01 14:40:00+00:00,2025-12-01 16:25:00+00:00,-1,target,22,0.01811801967708121,0.05435405903124363,combo_short_rank1_short
combo_short_rank1,97,2025-12-02 17:15:00+00:00,2025-12-02 17:20:00+00:00,2025-12-02 19:00:00+00:00,1,target,21,0.018025738374068248,0.054077215122204744,combo_short_rank1_long
combo_short_rank1,98,2025-12-03 03:40:00+00:00,2025-12-03 03:45:00+00:00,2025-12-03 05:05:00+00:00,1,target,17,0.015073577416439367,0.0452207322493181,combo_short_rank1_long
combo_short_rank1,99,2025-12-07 15:35:00+00:00,2025-12-07 15:40:00+00:00,2025-12-07 16:55:00+00:00,-1,stop_market,16,-0.02661492118432915,-0.07984476355298745,combo_short_rank1_short
combo_short_rank1,100,2025-12-09 05:40:00+00:00,2025-12-09 05:45:00+00:00,2025-12-09 06:10:00+00:00,-1,target,6,0.014574946001847337,0.04372483800554201,combo_short_rank1_short
combo_short_rank1,101,2025-12-15 18:15:00+00:00,2025-12-15 18:20:00+00:00,2025-12-15 22:20:00+00:00,-1,time_open,49,-0.008944805358339986,-0.02683441607501996,combo_short_rank1_short
combo_short_rank1,102,2025-12-17 20:50:00+00:00,2025-12-17 20:55:00+00:00,2025-12-17 23:25:00+00:00,-1,target,31,0.014953590885083608,0.044860772655250826,combo_short_rank1_short
combo_short_rank1,103,2025-12-18 21:10:00+00:00,2025-12-18 21:15:00+00:00,2025-12-18 23:15:00+00:00,-1,target,25,0.012812606845256463,0.038437820535769385,combo_short_rank1_short
combo_short_rank1,104,2026-01-01 18:50:00+00:00,2026-01-01 18:55:00+00:00,2026-01-01 20:25:00+00:00,-1,target,19,0.007539489612180091,0.022618468836540274,combo_short_rank1_short
combo_short_rank1,105,2026-01-19 02:40:00+00:00,2026-01-19 02:45:00+00:00,2026-01-19 06:15:00+00:00,-1,target,43,0.007713960357531383,0.02314188107259415,combo_short_rank1_short
combo_short_rank1,106,2026-01-20 15:00:00+00:00,2026-01-20 15:05:00+00:00,2026-01-20 16:45:00+00:00,-1,target,21,0.015089882650389295,0.045269647951167884,combo_short_rank1_short
combo_short_rank1,107,2026-01-24 01:40:00+00:00,2026-01-24 01:45:00+00:00,2026-01-24 02:10:00+00:00,1,target,6,0.010298757917086647,0.030896273751259938,combo_short_rank1_long
combo_short_rank1,108,2026-01-24 03:55:00+00:00,2026-01-24 04:00:00+00:00,2026-01-24 07:00:00+00:00,1,time_open,37,-0.010589917820245804,-0.03176975346073741,combo_short_rank1_long
combo_short_rank1,109,2026-01-26 19:20:00+00:00,2026-01-26 19:25:00+00:00,2026-01-26 21:40:00+00:00,1,target,28,0.015050028971937366,0.0451500869158121,combo_short_rank1_long
combo_short_rank1,110,2026-01-26 22:00:00+00:00,2026-01-26 22:05:00+00:00,2026-01-26 22:45:00+00:00,1,target,9,0.013932554721309194,0.041797664163927585,combo_short_rank1_long
combo_short_rank1,111,2026-01-26 22:55:00+00:00,2026-01-26 23:00:00+00:00,2026-01-27 02:00:00+00:00,1,time_open,37,0.016523195354803365,0.049569586064410094,combo_short_rank1_long
combo_short_rank1,112,2026-01-27 02:10:00+00:00,2026-01-27 02:15:00+00:00,2026-01-27 02:45:00+00:00,1,target,7,0.012517796038059728,0.03755338811417919,combo_short_rank1_long
combo_short_rank1,113,2026-01-27 03:45:00+00:00,2026-01-27 03:50:00+00:00,2026-01-27 04:10:00+00:00,1,target,5,0.016691468042866003,0.05007440412859801,combo_short_rank1_long
combo_short_rank1,114,2026-01-27 04:45:00+00:00,2026-01-27 04:50:00+00:00,2026-01-27 05:35:00+00:00,1,target,10,0.017782027996468615,0.053346083989405844,combo_short_rank1_long
combo_short_rank1,115,2026-01-27 05:40:00+00:00,2026-01-27 05:45:00+00:00,2026-01-27 06:40:00+00:00,1,target,12,0.01614916787335833,0.04844750362007499,combo_short_rank1_long
combo_short_rank1,116,2026-01-27 07:45:00+00:00,2026-01-27 07:50:00+00:00,2026-01-27 10:50:00+00:00,1,time_open,37,-0.008435953679747586,-0.025307861039242756,combo_short_rank1_long
combo_short_rank1,117,2026-01-27 11:10:00+00:00,2026-01-27 11:15:00+00:00,2026-01-27 12:25:00+00:00,1,target,15,0.017072748531337088,0.051218245594011266,combo_short_rank1_long
combo_short_rank1,118,2026-01-27 13:35:00+00:00,2026-01-27 13:40:00+00:00,2026-01-27 15:50:00+00:00,1,target,27,0.014979255330401514,0.04493776599120454,combo_short_rank1_long
combo_short_rank1,119,2026-01-27 16:00:00+00:00,2026-01-27 16:05:00+00:00,2026-01-27 16:55:00+00:00,1,target,11,0.018460942382225762,0.05538282714667729,combo_short_rank1_long
combo_short_rank1,120,2026-01-27 18:00:00+00:00,2026-01-27 18:05:00+00:00,2026-01-27 19:25:00+00:00,1,target,17,0.028689806530706255,0.08606941959211876,combo_short_rank1_long
combo_short_rank1,121,2026-01-27 19:50:00+00:00,2026-01-27 19:55:00+00:00,2026-01-27 20:15:00+00:00,1,target,5,0.016662175873492727,0.049986527620478186,combo_short_rank1_long
combo_short_rank1,122,2026-01-27 20:30:00+00:00,2026-01-27 20:35:00+00:00,2026-01-27 22:30:00+00:00,1,target,24,0.018792363600421576,0.056377090801264726,combo_short_rank1_long
combo_short_rank1,123,2026-01-27 22:55:00+00:00,2026-01-27 23:00:00+00:00,2026-01-28 00:05:00+00:00,1,target,14,0.017834456413609985,0.053503369240829955,combo_short_rank1_long
combo_short_rank1,124,2026-01-28 00:15:00+00:00,2026-01-28 00:20:00+00:00,2026-01-28 00:55:00+00:00,1,target,8,0.020277055094760684,0.06083116528428205,combo_short_rank1_long
combo_short_rank1,125,2026-01-28 01:35:00+00:00,2026-01-28 01:40:00+00:00,2026-01-28 02:15:00+00:00,1,target,8,0.03076747970895687,0.09230243912687061,combo_short_rank1_long
combo_short_rank1,126,2026-01-28 02:55:00+00:00,2026-01-28 03:00:00+00:00,2026-01-28 03:35:00+00:00,1,target,8,0.02963235446175291,0.08889706338525873,combo_short_rank1_long
combo_short_rank1,127,2026-01-28 03:50:00+00:00,2026-01-28 03:55:00+00:00,2026-01-28 06:55:00+00:00,1,time_open,37,-0.002853947398115867,-0.0085618421943476,combo_short_rank1_long
combo_short_rank1,128,2026-01-28 07:40:00+00:00,2026-01-28 07:45:00+00:00,2026-01-28 08:00:00+00:00,1,target,4,0.016216107030826547,0.04864832109247964,combo_short_rank1_long
combo_short_rank1,129,2026-01-28 08:20:00+00:00,2026-01-28 08:25:00+00:00,2026-01-28 11:25:00+00:00,1,time_open,37,0.0018193640426490934,0.005458092127947281,combo_short_rank1_long
combo_short_rank1,130,2026-01-28 11:25:00+00:00,2026-01-28 11:30:00+00:00,2026-01-28 14:30:00+00:00,1,time_open,37,-0.018761180811765622,-0.05628354243529687,combo_short_rank1_long
combo_short_rank1,131,2026-01-30 03:45:00+00:00,2026-01-30 03:50:00+00:00,2026-01-30 07:50:00+00:00,-1,time_open,49,-0.0021563686807877583,-0.006469106042363275,combo_short_rank1_short
combo_short_rank1,132,2026-01-30 15:40:00+00:00,2026-01-30 15:45:00+00:00,2026-01-30 16:05:00+00:00,-1,target,5,0.023052182640613875,0.06915654792184163,combo_short_rank1_short
combo_short_rank1,133,2026-01-31 17:45:00+00:00,2026-01-31 17:50:00+00:00,2026-01-31 18:40:00+00:00,-1,target,11,0.02771649383266789,0.08314948149800368,combo_short_rank1_short
combo_short_rank1,134,2026-02-01 16:40:00+00:00,2026-02-01 16:45:00+00:00,2026-02-01 18:00:00+00:00,-1,stop_market,16,-0.03190809668201863,-0.0957242900460559,combo_short_rank1_short
combo_short_rank1,135,2026-02-02 22:35:00+00:00,2026-02-02 22:40:00+00:00,2026-02-03 01:00:00+00:00,1,target,29,0.021645524833803793,0.06493657450141138,combo_short_rank1_long
combo_short_rank1,136,2026-02-03 01:30:00+00:00,2026-02-03 01:35:00+00:00,2026-02-03 01:50:00+00:00,1,target,4,0.022973850587040257,0.06892155176112078,combo_short_rank1_long
combo_short_rank1,137,2026-02-03 02:55:00+00:00,2026-02-03 03:00:00+00:00,2026-02-03 03:30:00+00:00,1,target,7,0.02826137667980181,0.08478413003940544,combo_short_rank1_long
combo_short_rank1,138,2026-02-03 04:20:00+00:00,2026-02-03 04:25:00+00:00,2026-02-03 07:25:00+00:00,1,time_open,37,-0.014742204567824506,-0.04422661370347352,combo_short_rank1_long
combo_short_rank1,139,2026-02-03 07:30:00+00:00,2026-02-03 07:35:00+00:00,2026-02-03 08:25:00+00:00,1,target,11,0.019201472332869632,0.057604416998608896,combo_short_rank1_long
combo_short_rank1,140,2026-02-03 09:55:00+00:00,2026-02-03 10:00:00+00:00,2026-02-03 13:00:00+00:00,1,time_open,37,-0.028258972996509268,-0.0847769189895278,combo_short_rank1_long
combo_short_rank1,141,2026-02-05 14:05:00+00:00,2026-02-05 14:10:00+00:00,2026-02-05 15:05:00+00:00,-1,target,12,0.016770678609256923,0.050312035827770774,combo_short_rank1_short
combo_short_rank1,142,2026-02-05 15:20:00+00:00,2026-02-05 15:25:00+00:00,2026-02-05 16:00:00+00:00,-1,target,8,0.02262207894340611,0.06786623683021833,combo_short_rank1_short
combo_short_rank1,143,2026-02-06 04:20:00+00:00,2026-02-06 04:25:00+00:00,2026-02-06 07:25:00+00:00,1,time_open,37,-0.04936937282456918,-0.14810811847370753,combo_short_rank1_long
combo_short_rank1,144,2026-02-28 18:50:00+00:00,2026-02-28 18:55:00+00:00,2026-02-28 20:20:00+00:00,1,target,18,0.019142598109568903,0.057427794328706705,combo_short_rank1_long
combo_short_rank1,145,2026-02-28 20:30:00+00:00,2026-02-28 20:35:00+00:00,2026-02-28 20:45:00+00:00,1,target,3,0.01795406367035337,0.05386219101106011,combo_short_rank1_long
combo_short_rank1,146,2026-02-28 21:00:00+00:00,2026-02-28 21:05:00+00:00,2026-02-28 22:25:00+00:00,1,target,17,0.019814061364452344,0.05944218409335703,combo_short_rank1_long
combo_short_rank1,147,2026-02-28 22:40:00+00:00,2026-02-28 22:45:00+00:00,2026-02-28 23:45:00+00:00,1,target,13,0.014622284839401523,0.04386685451820457,combo_short_rank1_long
combo_short_rank1,148,2026-03-01 01:50:00+00:00,2026-03-01 01:55:00+00:00,2026-03-01 02:00:00+00:00,1,target,2,0.0161120163560902,0.048336049068270596,combo_short_rank1_long
combo_short_rank1,149,2026-03-01 03:25:00+00:00,2026-03-01 03:30:00+00:00,2026-03-01 05:45:00+00:00,1,target,28,0.013393139663125669,0.040179418989377005,combo_short_rank1_long
combo_short_rank1,150,2026-03-01 06:15:00+00:00,2026-03-01 06:20:00+00:00,2026-03-01 09:20:00+00:00,1,time_open,37,-0.007332285650752828,-0.021996856952258486,combo_short_rank1_long
combo_short_rank1,151,2026-03-02 22:45:00+00:00,2026-03-02 22:50:00+00:00,2026-03-03 01:50:00+00:00,1,time_open,37,-0.0075797110177607254,-0.022739133053282175,combo_short_rank1_long
combo_short_rank1,152,2026-03-03 02:50:00+00:00,2026-03-03 02:55:00+00:00,2026-03-03 03:10:00+00:00,1,target,4,0.011294297386607876,0.033882892159823624,combo_short_rank1_long
combo_short_rank1,153,2026-03-03 04:35:00+00:00,2026-03-03 04:40:00+00:00,2026-03-03 05:05:00+00:00,1,target,6,0.009307310983249089,0.027921932949747267,combo_short_rank1_long
combo_short_rank1,154,2026-03-09 14:50:00+00:00,2026-03-09 14:55:00+00:00,2026-03-09 16:20:00+00:00,1,target,18,0.02119666027402636,0.06358998082207908,combo_short_rank1_long
combo_short_rank1,155,2026-03-09 17:15:00+00:00,2026-03-09 17:20:00+00:00,2026-03-09 20:20:00+00:00,1,time_open,37,0.006319387913195441,0.018958163739586323,combo_short_rank1_long
combo_short_rank1,156,2026-03-09 20:30:00+00:00,2026-03-09 20:35:00+00:00,2026-03-09 21:05:00+00:00,1,target,7,0.015458400663412232,0.046375201990236696,combo_short_rank1_long
combo_short_rank1,157,2026-03-09 21:35:00+00:00,2026-03-09 21:40:00+00:00,2026-03-10 00:40:00+00:00,1,time_open,37,-0.018779953913612875,-0.056339861740838625,combo_short_rank1_long
combo_short_rank1,158,2026-03-10 03:40:00+00:00,2026-03-10 03:45:00+00:00,2026-03-10 06:45:00+00:00,1,time_open,37,-0.014681882229606105,-0.044045646688818316,combo_short_rank1_long
combo_short_rank1,159,2026-04-08 07:25:00+00:00,2026-04-08 07:30:00+00:00,2026-04-08 07:50:00+00:00,1,target,5,0.006699842595916964,0.02009952778775089,combo_short_rank1_long
combo_short_rank1,160,2026-04-08 09:35:00+00:00,2026-04-08 09:40:00+00:00,2026-04-08 12:40:00+00:00,1,time_open,37,-0.0016624707209484091,-0.004987412162845227,combo_short_rank1_long
combo_short_rank1,161,2026-05-14 15:35:00+00:00,2026-05-14 15:40:00+00:00,2026-05-14 16:30:00+00:00,1,target,11,0.01447340638717408,0.04342021916152224,combo_short_rank1_long
combo_short_rank1,162,2026-05-14 16:35:00+00:00,2026-05-14 16:40:00+00:00,2026-05-14 17:05:00+00:00,1,target,6,0.014658067181291382,0.043974201543874145,combo_short_rank1_long
combo_short_rank1,163,2026-05-14 17:20:00+00:00,2026-05-14 17:25:00+00:00,2026-05-14 18:15:00+00:00,1,target,11,0.01707384361705465,0.051221530851163946,combo_short_rank1_long
combo_short_rank1,164,2026-05-14 18:30:00+00:00,2026-05-14 18:35:00+00:00,2026-05-14 21:35:00+00:00,1,time_open,37,-0.00485554712601357,-0.014566641378040712,combo_short_rank1_long
combo_short_rank1,165,2026-05-14 22:05:00+00:00,2026-05-14 22:10:00+00:00,2026-05-14 23:35:00+00:00,1,target,18,0.010378863401763031,0.031136590205289093,combo_short_rank1_long
combo_short_rank1,166,2026-05-15 00:00:00+00:00,2026-05-15 00:05:00+00:00,2026-05-15 00:25:00+00:00,1,target,5,0.009892713858009619,0.029678141574028857,combo_short_rank1_long
combo_short_rank1,167,2026-05-15 01:00:00+00:00,2026-05-15 01:05:00+00:00,2026-05-15 01:35:00+00:00,1,target,7,0.010718752349013155,0.03215625704703946,combo_short_rank1_long
combo_short_rank1,168,2026-05-15 02:00:00+00:00,2026-05-15 02:05:00+00:00,2026-05-15 03:00:00+00:00,1,target,12,0.015951546385803116,0.04785463915740935,combo_short_rank1_long
combo_short_rank1,169,2026-05-15 03:15:00+00:00,2026-05-15 03:20:00+00:00,2026-05-15 06:20:00+00:00,1,time_open,37,-0.018965898918475586,-0.05689769675542676,combo_short_rank1_long
combo_short_rank1,170,2026-05-15 07:20:00+00:00,2026-05-15 07:25:00+00:00,2026-05-15 10:25:00+00:00,1,time_open,37,-0.017184567879511822,-0.05155370363853547,combo_short_rank1_long
combo_short_rank1,171,2026-05-17 20:15:00+00:00,2026-05-17 20:20:00+00:00,2026-05-17 23:20:00+00:00,1,time_open,37,-0.018424744449169594,-0.05527423334750878,combo_short_rank1_long
combo_short_rank1,172,2026-05-18 00:30:00+00:00,2026-05-18 00:35:00+00:00,2026-05-18 03:35:00+00:00,1,time_open,37,-0.02261285289577144,-0.06783855868731431,combo_short_rank1_long
combo_short_rank1,173,2026-05-20 16:30:00+00:00,2026-05-20 16:35:00+00:00,2026-05-20 17:10:00+00:00,1,target,8,0.011986538539807317,0.03595961561942195,combo_short_rank1_long
combo_short_rank1,174,2026-05-20 19:05:00+00:00,2026-05-20 19:10:00+00:00,2026-05-20 19:20:00+00:00,1,target,3,0.01047332688364174,0.03141998065092522,combo_short_rank1_long
combo_short_rank1,175,2026-05-20 21:20:00+00:00,2026-05-20 21:25:00+00:00,2026-05-20 22:15:00+00:00,1,target,11,0.01281624018453674,0.03844872055361022,combo_short_rank1_long
combo_short_rank1,176,2026-05-20 22:50:00+00:00,2026-05-20 22:55:00+00:00,2026-05-20 23:35:00+00:00,1,target,9,0.016937797498793778,0.05081339249638134,combo_short_rank1_long
combo_short_rank1,177,2026-05-21 00:05:00+00:00,2026-05-21 00:10:00+00:00,2026-05-21 00:35:00+00:00,1,target,6,0.015050307816419467,0.045150923449258404,combo_short_rank1_long
combo_short_rank1,178,2026-05-21 01:30:00+00:00,2026-05-21 01:35:00+00:00,2026-05-21 04:35:00+00:00,1,time_open,37,-0.0053163150897795565,-0.01594894526933867,combo_short_rank1_long
combo_short_rank1,179,2026-05-21 05:45:00+00:00,2026-05-21 05:50:00+00:00,2026-05-21 06:25:00+00:00,1,target,8,0.011430275400607476,0.03429082620182243,combo_short_rank1_long
combo_short_rank1,180,2026-05-21 06:55:00+00:00,2026-05-21 07:00:00+00:00,2026-05-21 07:10:00+00:00,1,target,3,0.013006390472229054,0.03901917141668716,combo_short_rank1_long
combo_short_rank1,181,2026-05-21 07:30:00+00:00,2026-05-21 07:35:00+00:00,2026-05-21 07:50:00+00:00,1,target,4,0.014260086683811853,0.04278026005143556,combo_short_rank1_long
combo_short_rank1,182,2026-05-21 08:15:00+00:00,2026-05-21 08:20:00+00:00,2026-05-21 09:30:00+00:00,1,target,15,0.014723990324019843,0.04417197097205953,combo_short_rank1_long
combo_short_rank1,183,2026-05-21 10:20:00+00:00,2026-05-21 10:25:00+00:00,2026-05-21 13:25:00+00:00,1,time_open,37,0.010150345387795134,0.030451036163385403,combo_short_rank1_long
combo_short_rank1,184,2026-05-21 13:35:00+00:00,2026-05-21 13:40:00+00:00,2026-05-21 13:55:00+00:00,1,target,4,0.016279588857853078,0.048838766573559234,combo_short_rank1_long
combo_short_rank1,185,2026-05-21 14:00:00+00:00,2026-05-21 14:05:00+00:00,2026-05-21 14:30:00+00:00,1,target,6,0.020320835247848414,0.06096250574354524,combo_short_rank1_long
combo_short_rank1,186,2026-05-21 14:55:00+00:00,2026-05-21 15:00:00+00:00,2026-05-21 18:00:00+00:00,1,time_open,37,-0.037348151898602334,-0.11204445569580701,combo_short_rank1_long
combo_short_rank1,187,2026-05-22 22:05:00+00:00,2026-05-22 22:10:00+00:00,2026-05-22 23:15:00+00:00,-1,target,14,0.01042839145934139,0.031285174378024166,combo_short_rank1_short
combo_short_rank1,188,2026-05-24 01:40:00+00:00,2026-05-24 01:45:00+00:00,2026-05-24 04:45:00+00:00,1,time_open,37,-0.016993579657679492,-0.05098073897303848,combo_short_rank1_long
combo_short_rank1,189,2026-05-24 04:50:00+00:00,2026-05-24 04:55:00+00:00,2026-05-24 05:10:00+00:00,1,target,4,0.010371750002794581,0.031115250008383742,combo_short_rank1_long
combo_short_rank1,190,2026-05-24 05:55:00+00:00,2026-05-24 06:00:00+00:00,2026-05-24 08:10:00+00:00,1,target,27,0.013890993498660471,0.041672980495981414,combo_short_rank1_long
combo_short_rank1,191,2026-05-24 08:40:00+00:00,2026-05-24 08:45:00+00:00,2026-05-24 09:35:00+00:00,1,target,11,0.016221181025222835,0.0486635430756685,combo_short_rank1_long
combo_short_rank1,192,2026-05-24 09:55:00+00:00,2026-05-24 10:00:00+00:00,2026-05-24 13:00:00+00:00,1,time_open,37,0.003108596096978729,0.009325788290936186,combo_short_rank1_long
combo_short_rank1,193,2026-05-24 13:05:00+00:00,2026-05-24 13:10:00+00:00,2026-05-24 16:10:00+00:00,1,time_open,37,-0.005909331802525143,-0.017727995407575428,combo_short_rank1_long
combo_short_rank1,194,2026-05-28 21:45:00+00:00,2026-05-28 21:50:00+00:00,2026-05-29 00:50:00+00:00,1,time_open,37,0.0016577891820205425,0.004973367546061628,combo_short_rank1_long
combo_short_rank1,195,2026-05-29 03:30:00+00:00,2026-05-29 03:35:00+00:00,2026-05-29 06:35:00+00:00,1,time_open,37,-0.002703448184576668,-0.008110344553730005,combo_short_rank1_long
combo_short_rank1,196,2026-05-29 17:15:00+00:00,2026-05-29 17:20:00+00:00,2026-05-29 20:20:00+00:00,1,time_open,37,-0.019409756664471974,-0.05822926999341592,combo_short_rank1_long
combo_short_rank1,197,2026-06-01 07:00:00+00:00,2026-06-01 07:05:00+00:00,2026-06-01 10:05:00+00:00,1,time_open,37,-0.01919166364718259,-0.05757499094154777,combo_short_rank1_long
combo_short_rank1,198,2026-06-05 00:35:00+00:00,2026-06-05 00:40:00+00:00,2026-06-05 03:05:00+00:00,-1,target,30,0.016962222958558912,0.050886668875676735,combo_short_rank1_short
combo_short_rank1,199,2026-06-05 05:30:00+00:00,2026-06-05 05:35:00+00:00,2026-06-05 05:50:00+00:00,-1,target,4,0.02075284931152877,0.06225854793458631,combo_short_rank1_short
combo_short_rank1,200,2026-06-05 16:25:00+00:00,2026-06-05 16:30:00+00:00,2026-06-05 18:50:00+00:00,-1,target,29,0.03659146781076301,0.10977440343228903,combo_short_rank1_short
combo_short_rank1,201,2026-06-06 04:55:00+00:00,2026-06-06 05:00:00+00:00,2026-06-06 06:20:00+00:00,-1,stop_market,17,-0.027602102723163078,-0.08280630816948924,combo_short_rank1_short
combo_short_rank1,202,2026-06-08 11:50:00+00:00,2026-06-08 11:55:00+00:00,2026-06-08 12:55:00+00:00,1,target,13,0.012813781523843958,0.03844134457153187,combo_short_rank1_long
combo_short_rank1,203,2026-06-08 14:25:00+00:00,2026-06-08 14:30:00+00:00,2026-06-08 17:30:00+00:00,1,time_open,37,-0.009114896741930847,-0.027344690225792542,combo_short_rank1_long
combo_short_rank1,204,2026-06-09 16:35:00+00:00,2026-06-09 16:40:00+00:00,2026-06-09 19:45:00+00:00,-1,target,38,0.013747712778773121,0.04124313833631936,combo_short_rank1_short
combo_short_rank1,205,2026-06-11 18:50:00+00:00,2026-06-11 18:55:00+00:00,2026-06-11 21:55:00+00:00,1,time_open,37,0.005559643854380876,0.01667893156314263,combo_short_rank1_long
combo_short_rank1,206,2026-06-15 06:40:00+00:00,2026-06-15 06:45:00+00:00,2026-06-15 07:10:00+00:00,1,target,6,0.008438408069479408,0.025315224208438222,combo_short_rank1_long
combo_short_rank1,207,2026-06-15 07:45:00+00:00,2026-06-15 07:50:00+00:00,2026-06-15 08:40:00+00:00,1,target,11,0.010518506217615688,0.031555518652847066,combo_short_rank1_long
combo_short_rank1,208,2026-06-15 09:40:00+00:00,2026-06-15 09:45:00+00:00,2026-06-15 10:05:00+00:00,1,target,5,0.008594396442941257,0.025783189328823772,combo_short_rank1_long
combo_short_rank1,209,2026-06-15 11:05:00+00:00,2026-06-15 11:10:00+00:00,2026-06-15 14:10:00+00:00,1,time_open,37,-0.015377026573111685,-0.046131079719335055,combo_short_rank1_long
combo_short_rank1,210,2026-06-16 10:05:00+00:00,2026-06-16 10:10:00+00:00,2026-06-16 10:25:00+00:00,1,target,4,0.012038241004495366,0.036114723013486096,combo_short_rank1_long
combo_short_rank1,211,2026-06-16 11:05:00+00:00,2026-06-16 11:10:00+00:00,2026-06-16 14:10:00+00:00,1,time_open,37,-0.00401904743742438,-0.012057142312273141,combo_short_rank1_long
combo_short_rank1,212,2026-06-18 17:50:00+00:00,2026-06-18 17:55:00+00:00,2026-06-18 18:25:00+00:00,-1,stop_market,7,-0.018340387940745568,-0.05502116382223671,combo_short_rank1_short
combo_short_rank2,1,2025-06-02 21:35:00+00:00,2025-06-02 21:40:00+00:00,2025-06-02 22:00:00+00:00,1,target,5,0.015496134274602754,0.04648840282380826,combo_short_rank2_long
combo_short_rank2,2,2025-06-03 00:45:00+00:00,2025-06-03 00:50:00+00:00,2025-06-03 03:50:00+00:00,1,time_open,37,-0.014306255089924119,-0.042918765269772355,combo_short_rank2_long
combo_short_rank2,3,2025-06-03 05:55:00+00:00,2025-06-03 06:00:00+00:00,2025-06-03 09:00:00+00:00,1,time_open,37,0.0033241059043635436,0.009972317713090631,combo_short_rank2_long
combo_short_rank2,4,2025-06-03 11:10:00+00:00,2025-06-03 11:15:00+00:00,2025-06-03 14:15:00+00:00,1,time_open,37,-0.008588737313778872,-0.025766211941336617,combo_short_rank2_long
combo_short_rank2,5,2025-06-09 20:55:00+00:00,2025-06-09 21:00:00+00:00,2025-06-09 22:00:00+00:00,1,target,13,0.0142276903055964,0.042683070916789204,combo_short_rank2_long
combo_short_rank2,6,2025-06-09 23:25:00+00:00,2025-06-09 23:30:00+00:00,2025-06-10 00:25:00+00:00,1,target,12,0.014227746718657884,0.042683240155973655,combo_short_rank2_long
combo_short_rank2,7,2025-06-10 00:40:00+00:00,2025-06-10 00:45:00+00:00,2025-06-10 02:00:00+00:00,1,target,16,0.01595915187490664,0.04787745562471993,combo_short_rank2_long
combo_short_rank2,8,2025-06-10 11:35:00+00:00,2025-06-10 11:40:00+00:00,2025-06-10 14:40:00+00:00,1,time_open,37,-0.0378890815202644,-0.11366724456079319,combo_short_rank2_long
combo_short_rank2,9,2025-06-13 03:10:00+00:00,2025-06-13 03:15:00+00:00,2025-06-13 03:30:00+00:00,-1,stop_market,4,-0.0205046631446452,-0.0615139894339356,combo_short_rank2_short
combo_short_rank2,10,2025-06-13 23:15:00+00:00,2025-06-13 23:20:00+00:00,2025-06-14 02:20:00+00:00,1,time_open,37,-0.0042529040536935046,-0.012758712161080514,combo_short_rank2_long
combo_short_rank2,11,2025-06-16 05:40:00+00:00,2025-06-16 05:45:00+00:00,2025-06-16 06:15:00+00:00,1,target,7,0.01288301743459912,0.038649052303797365,combo_short_rank2_long
combo_short_rank2,12,2025-06-16 06:55:00+00:00,2025-06-16 07:00:00+00:00,2025-06-16 10:00:00+00:00,1,time_open,37,0.001990455497046504,0.005971366491139512,combo_short_rank2_long
combo_short_rank2,13,2025-06-16 12:40:00+00:00,2025-06-16 12:45:00+00:00,2025-06-16 14:00:00+00:00,1,target,16,0.010423966871420816,0.031271900614262445,combo_short_rank2_long
combo_short_rank2,14,2025-06-16 14:40:00+00:00,2025-06-16 14:45:00+00:00,2025-06-16 17:45:00+00:00,1,time_open,37,-0.014226196470066788,-0.04267858941020036,combo_short_rank2_long
combo_short_rank2,15,2025-06-17 00:50:00+00:00,2025-06-17 00:55:00+00:00,2025-06-17 02:25:00+00:00,-1,target,19,0.013577119504604974,0.04073135851381492,combo_short_rank2_short
combo_short_rank2,16,2025-06-20 18:45:00+00:00,2025-06-20 18:50:00+00:00,2025-06-20 19:10:00+00:00,-1,target,5,0.012484151561667963,0.03745245468500389,combo_short_rank2_short
combo_short_rank2,17,2025-06-23 05:35:00+00:00,2025-06-23 05:40:00+00:00,2025-06-23 06:05:00+00:00,1,target,6,0.01016136758684936,0.030484102760548082,combo_short_rank2_long
combo_short_rank2,18,2025-06-24 21:00:00+00:00,2025-06-24 21:05:00+00:00,2025-06-25 00:10:00+00:00,-1,stop_market,38,-0.012991244348168413,-0.03897373304450524,combo_short_rank2_short
combo_short_rank2,19,2025-06-27 01:15:00+00:00,2025-06-27 01:20:00+00:00,2025-06-27 01:25:00+00:00,-1,stop_market,2,-0.011779264275294164,-0.035337792825882494,combo_short_rank2_short
combo_short_rank2,20,2025-07-11 05:00:00+00:00,2025-07-11 05:05:00+00:00,2025-07-11 06:20:00+00:00,1,target,16,0.00948107918998686,0.02844323756996058,combo_short_rank2_long
combo_short_rank2,21,2025-07-11 06:40:00+00:00,2025-07-11 06:45:00+00:00,2025-07-11 09:45:00+00:00,1,time_open,37,-0.0025277998608205727,-0.007583399582461718,combo_short_rank2_long
combo_short_rank2,22,2025-07-29 16:30:00+00:00,2025-07-29 16:35:00+00:00,2025-07-29 17:10:00+00:00,-1,stop_market,8,-0.014118926630372468,-0.042356779891117406,combo_short_rank2_short
combo_short_rank2,23,2025-08-01 20:35:00+00:00,2025-08-01 20:40:00+00:00,2025-08-01 22:10:00+00:00,-1,target,19,0.011808821952484455,0.03542646585745336,combo_short_rank2_short
combo_short_rank2,24,2025-08-08 00:35:00+00:00,2025-08-08 00:40:00+00:00,2025-08-08 03:40:00+00:00,1,time_open,37,-0.005917873540102114,-0.017753620620306342,combo_short_rank2_long
combo_short_rank2,25,2025-08-13 18:00:00+00:00,2025-08-13 18:05:00+00:00,2025-08-13 21:05:00+00:00,1,time_open,37,-0.011124189384001304,-0.033372568152003915,combo_short_rank2_long
combo_short_rank2,26,2025-08-13 21:10:00+00:00,2025-08-13 21:15:00+00:00,2025-08-13 23:35:00+00:00,1,target,29,0.01336988356928487,0.04010965070785461,combo_short_rank2_long
combo_short_rank2,27,2025-08-13 23:40:00+00:00,2025-08-13 23:45:00+00:00,2025-08-14 02:45:00+00:00,1,time_open,37,-0.003605361250074216,-0.010816083750222649,combo_short_rank2_long
combo_short_rank2,28,2025-08-15 08:00:00+00:00,2025-08-15 08:05:00+00:00,2025-08-15 08:40:00+00:00,1,target,8,0.01092423962991835,0.032772718889755054,combo_short_rank2_long
combo_short_rank2,29,2025-08-22 15:35:00+00:00,2025-08-22 15:40:00+00:00,2025-08-22 18:40:00+00:00,1,time_open,37,0.00405088529599411,0.01215265588798233,combo_short_rank2_long
combo_short_rank2,30,2025-08-22 19:50:00+00:00,2025-08-22 19:55:00+00:00,2025-08-22 22:05:00+00:00,1,target,27,0.008516845829247341,0.025550537487742025,combo_short_rank2_long
combo_short_rank2,31,2025-08-25 02:45:00+00:00,2025-08-25 02:50:00+00:00,2025-08-25 05:50:00+00:00,1,time_open,37,-0.027789914422283627,-0.08336974326685088,combo_short_rank2_long
combo_short_rank2,32,2025-08-25 22:30:00+00:00,2025-08-25 22:35:00+00:00,2025-08-25 23:00:00+00:00,-1,target,6,0.00864521367131681,0.02593564101395043,combo_short_rank2_short
combo_short_rank2,33,2025-08-26 17:35:00+00:00,2025-08-26 17:40:00+00:00,2025-08-26 19:15:00+00:00,1,target,20,0.014478845915917589,0.04343653774775277,combo_short_rank2_long
combo_short_rank2,34,2025-08-26 22:45:00+00:00,2025-08-26 22:50:00+00:00,2025-08-27 01:50:00+00:00,1,time_open,37,-0.002085917491393976,-0.006257752474181928,combo_short_rank2_long
combo_short_rank2,35,2025-08-27 02:20:00+00:00,2025-08-27 02:25:00+00:00,2025-08-27 02:45:00+00:00,1,target,5,0.010940986832674504,0.03282296049802351,combo_short_rank2_long
combo_short_rank2,36,2025-08-27 04:20:00+00:00,2025-08-27 04:25:00+00:00,2025-08-27 07:25:00+00:00,1,time_open,37,-0.012739258054619527,-0.03821777416385858,combo_short_rank2_long
combo_short_rank2,37,2025-09-08 10:05:00+00:00,2025-09-08 10:10:00+00:00,2025-09-08 13:05:00+00:00,1,target,36,0.010216506279960895,0.030649518839882685,combo_short_rank2_long
combo_short_rank2,38,2025-09-08 13:55:00+00:00,2025-09-08 14:00:00+00:00,2025-09-08 17:00:00+00:00,1,time_open,37,-0.008135828775788662,-0.024407486327365988,combo_short_rank2_long
combo_short_rank2,39,2025-09-09 10:55:00+00:00,2025-09-09 11:00:00+00:00,2025-09-09 12:40:00+00:00,1,stop_market,21,-0.032093257432788874,-0.09627977229836662,combo_short_rank2_long
combo_short_rank2,40,2025-09-18 01:45:00+00:00,2025-09-18 01:50:00+00:00,2025-09-18 04:50:00+00:00,1,time_open,37,-0.014254711821291198,-0.042764135463873594,combo_short_rank2_long
combo_short_rank2,41,2025-09-25 05:25:00+00:00,2025-09-25 05:30:00+00:00,2025-09-25 06:05:00+00:00,-1,target,8,0.013746238399617484,0.04123871519885245,combo_short_rank2_short
combo_short_rank2,42,2025-09-29 03:45:00+00:00,2025-09-29 03:50:00+00:00,2025-09-29 04:15:00+00:00,1,target,6,0.0108409609208871,0.0325228827626613,combo_short_rank2_long
combo_short_rank2,43,2025-09-29 04:35:00+00:00,2025-09-29 04:40:00+00:00,2025-09-29 07:40:00+00:00,1,time_open,37,-0.002290467170894425,-0.006871401512683275,combo_short_rank2_long
combo_short_rank2,44,2025-09-29 19:00:00+00:00,2025-09-29 19:05:00+00:00,2025-09-29 19:55:00+00:00,-1,stop_market,11,-0.009246154630018062,-0.027738463890054185,combo_short_rank2_short
combo_short_rank2,45,2025-10-10 18:05:00+00:00,2025-10-10 18:10:00+00:00,2025-10-10 18:35:00+00:00,-1,target,6,0.00849165231681893,0.02547495695045679,combo_short_rank2_short
combo_short_rank2,46,2025-10-10 21:40:00+00:00,2025-10-10 21:45:00+00:00,2025-10-11 01:45:00+00:00,-1,time_open,49,0.07157539179321643,0.21472617537964928,combo_short_rank2_short
combo_short_rank2,47,2025-10-12 10:25:00+00:00,2025-10-12 10:30:00+00:00,2025-10-12 11:40:00+00:00,-1,stop_market,15,-0.012962229993146,-0.038886689979438,combo_short_rank2_short
combo_short_rank2,48,2025-10-12 19:15:00+00:00,2025-10-12 19:20:00+00:00,2025-10-12 20:35:00+00:00,1,target,16,0.014770395436148165,0.044311186308444495,combo_short_rank2_long
combo_short_rank2,49,2025-10-13 01:55:00+00:00,2025-10-13 02:00:00+00:00,2025-10-13 05:00:00+00:00,1,time_open,37,-0.030145853316466877,-0.09043755994940063,combo_short_rank2_long
combo_short_rank2,50,2025-10-13 20:25:00+00:00,2025-10-13 20:30:00+00:00,2025-10-13 20:50:00+00:00,1,target,5,0.016655132763630332,0.049965398290891,combo_short_rank2_long
combo_short_rank2,51,2025-10-13 21:15:00+00:00,2025-10-13 21:20:00+00:00,2025-10-14 00:20:00+00:00,1,time_open,37,-0.012380896422171406,-0.03714268926651422,combo_short_rank2_long
combo_short_rank2,52,2025-10-14 09:05:00+00:00,2025-10-14 09:10:00+00:00,2025-10-14 10:00:00+00:00,-1,target,11,0.012262349357363674,0.03678704807209102,combo_short_rank2_short
combo_short_rank2,53,2025-10-17 09:45:00+00:00,2025-10-17 09:50:00+00:00,2025-10-17 10:20:00+00:00,-1,target,7,0.01518390130066497,0.04555170390199491,combo_short_rank2_short
combo_short_rank2,54,2025-10-17 10:35:00+00:00,2025-10-17 10:40:00+00:00,2025-10-17 11:10:00+00:00,-1,stop_market,7,-0.020431482074370913,-0.06129444622311274,combo_short_rank2_short
combo_short_rank2,55,2025-10-23 03:05:00+00:00,2025-10-23 03:10:00+00:00,2025-10-23 06:10:00+00:00,1,time_open,37,-0.002446354438045768,-0.0073390633141373045,combo_short_rank2_long
combo_short_rank2,56,2025-10-23 08:40:00+00:00,2025-10-23 08:45:00+00:00,2025-10-23 11:45:00+00:00,1,time_open,37,-0.001919761770366497,-0.005759285311099491,combo_short_rank2_long
combo_short_rank2,57,2025-10-23 12:15:00+00:00,2025-10-23 12:20:00+00:00,2025-10-23 12:55:00+00:00,1,target,8,0.014277689179859998,0.042833067539579994,combo_short_rank2_long
combo_short_rank2,58,2025-10-23 13:00:00+00:00,2025-10-23 13:05:00+00:00,2025-10-23 16:05:00+00:00,1,time_open,37,-0.003128797907948495,-0.009386393723845485,combo_short_rank2_long
combo_short_rank2,59,2025-10-23 16:15:00+00:00,2025-10-23 16:20:00+00:00,2025-10-23 19:20:00+00:00,1,time_open,37,-0.02490912296870269,-0.07472736890610807,combo_short_rank2_long
combo_short_rank2,60,2025-10-25 22:20:00+00:00,2025-10-25 22:25:00+00:00,2025-10-25 22:40:00+00:00,1,target,4,0.014744934893972302,0.04423480468191691,combo_short_rank2_long
combo_short_rank2,61,2025-10-25 22:55:00+00:00,2025-10-25 23:00:00+00:00,2025-10-26 02:00:00+00:00,1,time_open,37,-0.0077102204759059234,-0.02313066142771777,combo_short_rank2_long
combo_short_rank2,62,2025-10-26 02:05:00+00:00,2025-10-26 02:10:00+00:00,2025-10-26 05:10:00+00:00,1,time_open,37,-0.012910616580455591,-0.03873184974136677,combo_short_rank2_long
combo_short_rank2,63,2025-10-26 07:30:00+00:00,2025-10-26 07:35:00+00:00,2025-10-26 08:00:00+00:00,1,target,6,0.009220886401672939,0.027662659205018817,combo_short_rank2_long
combo_short_rank2,64,2025-10-26 10:00:00+00:00,2025-10-26 10:05:00+00:00,2025-10-26 11:10:00+00:00,1,target,14,0.016219696864110143,0.04865909059233043,combo_short_rank2_long
combo_short_rank2,65,2025-10-26 12:00:00+00:00,2025-10-26 12:05:00+00:00,2025-10-26 12:15:00+00:00,1,target,3,0.01882452769146418,0.05647358307439254,combo_short_rank2_long
combo_short_rank2,66,2025-10-26 12:25:00+00:00,2025-10-26 12:30:00+00:00,2025-10-26 15:30:00+00:00,1,time_open,37,-0.010139671798866316,-0.03041901539659895,combo_short_rank2_long
combo_short_rank2,67,2025-10-26 18:35:00+00:00,2025-10-26 18:40:00+00:00,2025-10-26 21:40:00+00:00,1,time_open,37,-0.01056831824572628,-0.03170495473717884,combo_short_rank2_long
combo_short_rank2,68,2025-10-26 22:05:00+00:00,2025-10-26 22:10:00+00:00,2025-10-27 01:10:00+00:00,1,time_open,37,-0.0016789093747814686,-0.005036728124344405,combo_short_rank2_long
combo_short_rank2,69,2025-10-29 18:35:00+00:00,2025-10-29 18:40:00+00:00,2025-10-29 18:40:00+00:00,-1,stop_market,1,-0.021902100889247166,-0.0657063026677415,combo_short_rank2_short
combo_short_rank2,70,2025-11-04 07:40:00+00:00,2025-11-04 07:45:00+00:00,2025-11-04 08:10:00+00:00,-1,target,6,0.016580405893701612,0.049741217681104836,combo_short_rank2_short
combo_short_rank2,71,2025-11-04 19:35:00+00:00,2025-11-04 19:40:00+00:00,2025-11-04 20:05:00+00:00,-1,target,6,0.02120892924733603,0.0636267877420081,combo_short_rank2_short
combo_short_rank2,72,2025-11-05 10:15:00+00:00,2025-11-05 10:20:00+00:00,2025-11-05 11:30:00+00:00,1,target,15,0.013881994915359123,0.04164598474607737,combo_short_rank2_long
combo_short_rank2,73,2025-11-05 12:05:00+00:00,2025-11-05 12:10:00+00:00,2025-11-05 15:10:00+00:00,1,time_open,37,0.010499959939981447,0.03149987981994434,combo_short_rank2_long
combo_short_rank2,74,2025-11-05 16:45:00+00:00,2025-11-05 16:50:00+00:00,2025-11-05 19:50:00+00:00,1,time_open,37,-0.011824841735812308,-0.03547452520743692,combo_short_rank2_long
combo_short_rank2,75,2025-11-06 18:00:00+00:00,2025-11-06 18:05:00+00:00,2025-11-06 18:15:00+00:00,-1,target,3,0.010263805169489755,0.030791415508469262,combo_short_rank2_short
combo_short_rank2,76,2025-11-07 17:45:00+00:00,2025-11-07 17:50:00+00:00,2025-11-07 19:35:00+00:00,1,target,22,0.02063505874779905,0.06190517624339715,combo_short_rank2_long
combo_short_rank2,77,2025-11-07 19:45:00+00:00,2025-11-07 19:50:00+00:00,2025-11-07 20:10:00+00:00,1,target,5,0.013720032916227736,0.041160098748683205,combo_short_rank2_long
combo_short_rank2,78,2025-11-07 20:15:00+00:00,2025-11-07 20:20:00+00:00,2025-11-07 23:20:00+00:00,1,time_open,37,-0.005733905310358177,-0.01720171593107453,combo_short_rank2_long
combo_short_rank2,79,2025-11-07 23:20:00+00:00,2025-11-07 23:25:00+00:00,2025-11-08 02:25:00+00:00,1,time_open,37,0.0007666482515769087,0.002299944754730726,combo_short_rank2_long
combo_short_rank2,80,2025-11-08 03:00:00+00:00,2025-11-08 03:05:00+00:00,2025-11-08 06:00:00+00:00,1,stop_market,36,-0.04137111022743027,-0.12411333068229081,combo_short_rank2_long
combo_short_rank2,81,2025-11-18 06:10:00+00:00,2025-11-18 06:15:00+00:00,2025-11-18 09:15:00+00:00,1,time_open,37,0.0030900380102084493,0.009270114030625349,combo_short_rank2_long
combo_short_rank2,82,2025-11-18 09:45:00+00:00,2025-11-18 09:50:00+00:00,2025-11-18 12:40:00+00:00,1,target,35,0.01241787937471092,0.03725363812413276,combo_short_rank2_long
combo_short_rank2,83,2025-11-18 16:15:00+00:00,2025-11-18 16:20:00+00:00,2025-11-18 16:45:00+00:00,-1,target,6,0.012519584152490394,0.03755875245747118,combo_short_rank2_short
combo_short_rank2,84,2025-11-22 19:30:00+00:00,2025-11-22 19:35:00+00:00,2025-11-22 19:40:00+00:00,-1,target,2,0.008855954651264654,0.026567863953793965,combo_short_rank2_short
combo_short_rank2,85,2025-11-24 07:10:00+00:00,2025-11-24 07:15:00+00:00,2025-11-24 08:30:00+00:00,-1,target,16,0.00803133517380483,0.02409400552141449,combo_short_rank2_short
combo_short_rank2,86,2025-12-01 02:20:00+00:00,2025-12-01 02:25:00+00:00,2025-12-01 03:10:00+00:00,-1,target,10,0.011685518276081889,0.03505655482824567,combo_short_rank2_short
combo_short_rank2,87,2025-12-01 14:35:00+00:00,2025-12-01 14:40:00+00:00,2025-12-01 15:25:00+00:00,-1,target,10,0.013447211470015194,0.04034163441004558,combo_short_rank2_short
combo_short_rank2,88,2025-12-02 17:15:00+00:00,2025-12-02 17:20:00+00:00,2025-12-02 19:00:00+00:00,1,target,21,0.018025738374068248,0.054077215122204744,combo_short_rank2_long
combo_short_rank2,89,2025-12-03 03:40:00+00:00,2025-12-03 03:45:00+00:00,2025-12-03 05:05:00+00:00,1,target,17,0.015073577416439367,0.0452207322493181,combo_short_rank2_long
combo_short_rank2,90,2025-12-12 22:30:00+00:00,2025-12-12 22:35:00+00:00,2025-12-13 01:55:00+00:00,-1,target,41,0.00527285812473743,0.015818574374212288,combo_short_rank2_short
combo_short_rank2,91,2025-12-15 18:40:00+00:00,2025-12-15 18:45:00+00:00,2025-12-15 18:50:00+00:00,-1,target,2,0.008221543595547666,0.024664630786643,combo_short_rank2_short
combo_short_rank2,92,2026-01-01 17:30:00+00:00,2026-01-01 17:35:00+00:00,2026-01-01 18:15:00+00:00,-1,target,9,0.0075955207439868146,0.022786562231960444,combo_short_rank2_short
combo_short_rank2,93,2026-01-24 01:40:00+00:00,2026-01-24 01:45:00+00:00,2026-01-24 02:10:00+00:00,1,target,6,0.010298757917086647,0.030896273751259938,combo_short_rank2_long
combo_short_rank2,94,2026-01-24 03:55:00+00:00,2026-01-24 04:00:00+00:00,2026-01-24 07:00:00+00:00,1,time_open,37,-0.010589917820245804,-0.03176975346073741,combo_short_rank2_long
combo_short_rank2,95,2026-01-26 19:20:00+00:00,2026-01-26 19:25:00+00:00,2026-01-26 21:40:00+00:00,1,target,28,0.015050028971937366,0.0451500869158121,combo_short_rank2_long
combo_short_rank2,96,2026-01-26 22:00:00+00:00,2026-01-26 22:05:00+00:00,2026-01-26 22:45:00+00:00,1,target,9,0.013932554721309194,0.041797664163927585,combo_short_rank2_long
combo_short_rank2,97,2026-01-26 22:55:00+00:00,2026-01-26 23:00:00+00:00,2026-01-27 02:00:00+00:00,1,time_open,37,0.016523195354803365,0.049569586064410094,combo_short_rank2_long
combo_short_rank2,98,2026-01-27 02:10:00+00:00,2026-01-27 02:15:00+00:00,2026-01-27 02:45:00+00:00,1,target,7,0.012517796038059728,0.03755338811417919,combo_short_rank2_long
combo_short_rank2,99,2026-01-27 03:45:00+00:00,2026-01-27 03:50:00+00:00,2026-01-27 04:10:00+00:00,1,target,5,0.016691468042866003,0.05007440412859801,combo_short_rank2_long
combo_short_rank2,100,2026-01-27 04:45:00+00:00,2026-01-27 04:50:00+00:00,2026-01-27 05:35:00+00:00,1,target,10,0.017782027996468615,0.053346083989405844,combo_short_rank2_long
combo_short_rank2,101,2026-01-27 05:40:00+00:00,2026-01-27 05:45:00+00:00,2026-01-27 06:40:00+00:00,1,target,12,0.01614916787335833,0.04844750362007499,combo_short_rank2_long
combo_short_rank2,102,2026-01-27 07:45:00+00:00,2026-01-27 07:50:00+00:00,2026-01-27 10:50:00+00:00,1,time_open,37,-0.008435953679747586,-0.025307861039242756,combo_short_rank2_long
combo_short_rank2,103,2026-01-27 11:10:00+00:00,2026-01-27 11:15:00+00:00,2026-01-27 12:25:00+00:00,1,target,15,0.017072748531337088,0.051218245594011266,combo_short_rank2_long
combo_short_rank2,104,2026-01-27 13:35:00+00:00,2026-01-27 13:40:00+00:00,2026-01-27 15:50:00+00:00,1,target,27,0.014979255330401514,0.04493776599120454,combo_short_rank2_long
combo_short_rank2,105,2026-01-27 16:00:00+00:00,2026-01-27 16:05:00+00:00,2026-01-27 16:55:00+00:00,1,target,11,0.018460942382225762,0.05538282714667729,combo_short_rank2_long
combo_short_rank2,106,2026-01-27 18:00:00+00:00,2026-01-27 18:05:00+00:00,2026-01-27 19:25:00+00:00,1,target,17,0.028689806530706255,0.08606941959211876,combo_short_rank2_long
combo_short_rank2,107,2026-01-27 19:50:00+00:00,2026-01-27 19:55:00+00:00,2026-01-27 20:15:00+00:00,1,target,5,0.016662175873492727,0.049986527620478186,combo_short_rank2_long
combo_short_rank2,108,2026-01-27 20:30:00+00:00,2026-01-27 20:35:00+00:00,2026-01-27 22:30:00+00:00,1,target,24,0.018792363600421576,0.056377090801264726,combo_short_rank2_long
combo_short_rank2,109,2026-01-27 22:55:00+00:00,2026-01-27 23:00:00+00:00,2026-01-28 00:05:00+00:00,1,target,14,0.017834456413609985,0.053503369240829955,combo_short_rank2_long
combo_short_rank2,110,2026-01-28 00:15:00+00:00,2026-01-28 00:20:00+00:00,2026-01-28 00:55:00+00:00,1,target,8,0.020277055094760684,0.06083116528428205,combo_short_rank2_long
combo_short_rank2,111,2026-01-28 01:35:00+00:00,2026-01-28 01:40:00+00:00,2026-01-28 02:15:00+00:00,1,target,8,0.03076747970895687,0.09230243912687061,combo_short_rank2_long
combo_short_rank2,112,2026-01-28 02:55:00+00:00,2026-01-28 03:00:00+00:00,2026-01-28 03:35:00+00:00,1,target,8,0.02963235446175291,0.08889706338525873,combo_short_rank2_long
combo_short_rank2,113,2026-01-28 03:50:00+00:00,2026-01-28 03:55:00+00:00,2026-01-28 06:55:00+00:00,1,time_open,37,-0.002853947398115867,-0.0085618421943476,combo_short_rank2_long
combo_short_rank2,114,2026-01-28 07:40:00+00:00,2026-01-28 07:45:00+00:00,2026-01-28 08:00:00+00:00,1,target,4,0.016216107030826547,0.04864832109247964,combo_short_rank2_long
combo_short_rank2,115,2026-01-28 08:20:00+00:00,2026-01-28 08:25:00+00:00,2026-01-28 11:25:00+00:00,1,time_open,37,0.0018193640426490934,0.005458092127947281,combo_short_rank2_long
combo_short_rank2,116,2026-01-28 11:25:00+00:00,2026-01-28 11:30:00+00:00,2026-01-28 14:30:00+00:00,1,time_open,37,-0.018761180811765622,-0.05628354243529687,combo_short_rank2_long
combo_short_rank2,117,2026-01-29 04:45:00+00:00,2026-01-29 04:50:00+00:00,2026-01-29 05:05:00+00:00,-1,target,4,0.012801890147599209,0.03840567044279763,combo_short_rank2_short
combo_short_rank2,118,2026-01-29 21:20:00+00:00,2026-01-29 21:25:00+00:00,2026-01-29 22:15:00+00:00,-1,target,11,0.015003579863098119,0.04501073958929436,combo_short_rank2_short
combo_short_rank2,119,2026-01-30 03:35:00+00:00,2026-01-30 03:40:00+00:00,2026-01-30 04:30:00+00:00,-1,stop_market,11,-0.02442193272972475,-0.07326579818917425,combo_short_rank2_short
combo_short_rank2,120,2026-01-30 15:40:00+00:00,2026-01-30 15:45:00+00:00,2026-01-30 16:00:00+00:00,-1,target,4,0.017147833692664555,0.05144350107799367,combo_short_rank2_short
combo_short_rank2,121,2026-01-31 17:45:00+00:00,2026-01-31 17:50:00+00:00,2026-01-31 18:40:00+00:00,-1,target,11,0.020646067086705234,0.061938201260115705,combo_short_rank2_short
combo_short_rank2,122,2026-02-01 16:35:00+00:00,2026-02-01 16:40:00+00:00,2026-02-01 18:00:00+00:00,-1,stop_market,17,-0.021395372005981118,-0.06418611601794336,combo_short_rank2_short
combo_short_rank2,123,2026-02-02 22:35:00+00:00,2026-02-02 22:40:00+00:00,2026-02-03 01:00:00+00:00,1,target,29,0.021645524833803793,0.06493657450141138,combo_short_rank2_long
combo_short_rank2,124,2026-02-03 01:30:00+00:00,2026-02-03 01:35:00+00:00,2026-02-03 01:50:00+00:00,1,target,4,0.022973850587040257,0.06892155176112078,combo_short_rank2_long
combo_short_rank2,125,2026-02-03 02:55:00+00:00,2026-02-03 03:00:00+00:00,2026-02-03 03:30:00+00:00,1,target,7,0.02826137667980181,0.08478413003940544,combo_short_rank2_long
combo_short_rank2,126,2026-02-03 04:20:00+00:00,2026-02-03 04:25:00+00:00,2026-02-03 07:25:00+00:00,1,time_open,37,-0.014742204567824506,-0.04422661370347352,combo_short_rank2_long
combo_short_rank2,127,2026-02-03 07:30:00+00:00,2026-02-03 07:35:00+00:00,2026-02-03 08:25:00+00:00,1,target,11,0.019201472332869632,0.057604416998608896,combo_short_rank2_long
combo_short_rank2,128,2026-02-03 09:55:00+00:00,2026-02-03 10:00:00+00:00,2026-02-03 13:00:00+00:00,1,time_open,37,-0.028258972996509268,-0.0847769189895278,combo_short_rank2_long
combo_short_rank2,129,2026-02-03 18:45:00+00:00,2026-02-03 18:50:00+00:00,2026-02-03 18:55:00+00:00,-1,target,2,0.01759190473350628,0.05277571420051884,combo_short_rank2_short
combo_short_rank2,130,2026-02-03 19:05:00+00:00,2026-02-03 19:10:00+00:00,2026-02-03 19:10:00+00:00,-1,stop_market,1,-0.024854339704400118,-0.07456301911320035,combo_short_rank2_short
combo_short_rank2,131,2026-02-04 00:30:00+00:00,2026-02-04 00:35:00+00:00,2026-02-04 01:10:00+00:00,-1,stop_market,8,-0.016646308703589238,-0.04993892611076771,combo_short_rank2_short
combo_short_rank2,132,2026-02-05 04:25:00+00:00,2026-02-05 04:30:00+00:00,2026-02-05 06:05:00+00:00,-1,target,20,0.011191634044208313,0.03357490213262494,combo_short_rank2_short
combo_short_rank2,133,2026-02-05 13:55:00+00:00,2026-02-05 14:00:00+00:00,2026-02-05 14:20:00+00:00,-1,target,5,0.011935231866141085,0.035805695598423254,combo_short_rank2_short
combo_short_rank2,134,2026-02-05 14:40:00+00:00,2026-02-05 14:45:00+00:00,2026-02-05 14:55:00+00:00,-1,target,3,0.013337011680433523,0.04001103504130057,combo_short_rank2_short
combo_short_rank2,135,2026-02-05 15:15:00+00:00,2026-02-05 15:20:00+00:00,2026-02-05 15:25:00+00:00,-1,target,2,0.01621041989666885,0.04863125969000655,combo_short_rank2_short
combo_short_rank2,136,2026-02-05 15:25:00+00:00,2026-02-05 15:30:00+00:00,2026-02-05 15:40:00+00:00,-1,stop_market,3,-0.026152428042684514,-0.07845728412805354,combo_short_rank2_short
combo_short_rank2,137,2026-02-05 15:40:00+00:00,2026-02-05 15:45:00+00:00,2026-02-05 16:00:00+00:00,-1,target,4,0.019936398850865854,0.05980919655259756,combo_short_rank2_short
combo_short_rank2,138,2026-02-06 04:20:00+00:00,2026-02-06 04:25:00+00:00,2026-02-06 07:25:00+00:00,1,time_open,37,-0.04936937282456918,-0.14810811847370753,combo_short_rank2_long
combo_short_rank2,139,2026-02-06 09:55:00+00:00,2026-02-06 10:00:00+00:00,2026-02-06 10:35:00+00:00,-1,stop_market,8,-0.018932182383170418,-0.05679654714951125,combo_short_rank2_short
combo_short_rank2,140,2026-02-27 14:40:00+00:00,2026-02-27 14:45:00+00:00,2026-02-27 16:25:00+00:00,-1,target,21,0.007590350416034674,0.02277105124810402,combo_short_rank2_short
combo_short_rank2,141,2026-02-28 18:50:00+00:00,2026-02-28 18:55:00+00:00,2026-02-28 20:20:00+00:00,1,target,18,0.019142598109568903,0.057427794328706705,combo_short_rank2_long
combo_short_rank2,142,2026-02-28 20:30:00+00:00,2026-02-28 20:35:00+00:00,2026-02-28 20:45:00+00:00,1,target,3,0.01795406367035337,0.05386219101106011,combo_short_rank2_long
combo_short_rank2,143,2026-02-28 21:00:00+00:00,2026-02-28 21:05:00+00:00,2026-02-28 22:25:00+00:00,1,target,17,0.019814061364452344,0.05944218409335703,combo_short_rank2_long
combo_short_rank2,144,2026-02-28 22:40:00+00:00,2026-02-28 22:45:00+00:00,2026-02-28 23:45:00+00:00,1,target,13,0.014622284839401523,0.04386685451820457,combo_short_rank2_long
combo_short_rank2,145,2026-03-01 01:50:00+00:00,2026-03-01 01:55:00+00:00,2026-03-01 02:00:00+00:00,1,target,2,0.0161120163560902,0.048336049068270596,combo_short_rank2_long
combo_short_rank2,146,2026-03-01 03:25:00+00:00,2026-03-01 03:30:00+00:00,2026-03-01 05:45:00+00:00,1,target,28,0.013393139663125669,0.040179418989377005,combo_short_rank2_long
combo_short_rank2,147,2026-03-01 06:15:00+00:00,2026-03-01 06:20:00+00:00,2026-03-01 09:20:00+00:00,1,time_open,37,-0.007332285650752828,-0.021996856952258486,combo_short_rank2_long
combo_short_rank2,148,2026-03-02 22:45:00+00:00,2026-03-02 22:50:00+00:00,2026-03-03 01:50:00+00:00,1,time_open,37,-0.0075797110177607254,-0.022739133053282175,combo_short_rank2_long
combo_short_rank2,149,2026-03-03 02:50:00+00:00,2026-03-03 02:55:00+00:00,2026-03-03 03:10:00+00:00,1,target,4,0.011294297386607876,0.033882892159823624,combo_short_rank2_long
combo_short_rank2,150,2026-03-03 04:35:00+00:00,2026-03-03 04:40:00+00:00,2026-03-03 05:05:00+00:00,1,target,6,0.009307310983249089,0.027921932949747267,combo_short_rank2_long
combo_short_rank2,151,2026-03-09 14:50:00+00:00,2026-03-09 14:55:00+00:00,2026-03-09 16:20:00+00:00,1,target,18,0.02119666027402636,0.06358998082207908,combo_short_rank2_long
combo_short_rank2,152,2026-03-09 17:15:00+00:00,2026-03-09 17:20:00+00:00,2026-03-09 20:20:00+00:00,1,time_open,37,0.006319387913195441,0.018958163739586323,combo_short_rank2_long
combo_short_rank2,153,2026-03-09 20:30:00+00:00,2026-03-09 20:35:00+00:00,2026-03-09 21:05:00+00:00,1,target,7,0.015458400663412232,0.046375201990236696,combo_short_rank2_long
combo_short_rank2,154,2026-03-09 21:35:00+00:00,2026-03-09 21:40:00+00:00,2026-03-10 00:40:00+00:00,1,time_open,37,-0.018779953913612875,-0.056339861740838625,combo_short_rank2_long
combo_short_rank2,155,2026-03-10 03:40:00+00:00,2026-03-10 03:45:00+00:00,2026-03-10 06:45:00+00:00,1,time_open,37,-0.014681882229606105,-0.044045646688818316,combo_short_rank2_long
combo_short_rank2,156,2026-04-08 07:25:00+00:00,2026-04-08 07:30:00+00:00,2026-04-08 07:50:00+00:00,1,target,5,0.006699842595916964,0.02009952778775089,combo_short_rank2_long
combo_short_rank2,157,2026-04-08 09:35:00+00:00,2026-04-08 09:40:00+00:00,2026-04-08 12:40:00+00:00,1,time_open,37,-0.0016624707209484091,-0.004987412162845227,combo_short_rank2_long
combo_short_rank2,158,2026-05-14 15:35:00+00:00,2026-05-14 15:40:00+00:00,2026-05-14 16:30:00+00:00,1,target,11,0.01447340638717408,0.04342021916152224,combo_short_rank2_long
combo_short_rank2,159,2026-05-14 16:35:00+00:00,2026-05-14 16:40:00+00:00,2026-05-14 17:05:00+00:00,1,target,6,0.014658067181291382,0.043974201543874145,combo_short_rank2_long
combo_short_rank2,160,2026-05-14 17:20:00+00:00,2026-05-14 17:25:00+00:00,2026-05-14 18:15:00+00:00,1,target,11,0.01707384361705465,0.051221530851163946,combo_short_rank2_long
combo_short_rank2,161,2026-05-14 18:30:00+00:00,2026-05-14 18:35:00+00:00,2026-05-14 21:35:00+00:00,1,time_open,37,-0.00485554712601357,-0.014566641378040712,combo_short_rank2_long
combo_short_rank2,162,2026-05-14 22:05:00+00:00,2026-05-14 22:10:00+00:00,2026-05-14 23:35:00+00:00,1,target,18,0.010378863401763031,0.031136590205289093,combo_short_rank2_long
combo_short_rank2,163,2026-05-15 00:00:00+00:00,2026-05-15 00:05:00+00:00,2026-05-15 00:25:00+00:00,1,target,5,0.009892713858009619,0.029678141574028857,combo_short_rank2_long
combo_short_rank2,164,2026-05-15 01:00:00+00:00,2026-05-15 01:05:00+00:00,2026-05-15 01:35:00+00:00,1,target,7,0.010718752349013155,0.03215625704703946,combo_short_rank2_long
combo_short_rank2,165,2026-05-15 02:00:00+00:00,2026-05-15 02:05:00+00:00,2026-05-15 03:00:00+00:00,1,target,12,0.015951546385803116,0.04785463915740935,combo_short_rank2_long
combo_short_rank2,166,2026-05-15 03:15:00+00:00,2026-05-15 03:20:00+00:00,2026-05-15 06:20:00+00:00,1,time_open,37,-0.018965898918475586,-0.05689769675542676,combo_short_rank2_long
combo_short_rank2,167,2026-05-15 07:20:00+00:00,2026-05-15 07:25:00+00:00,2026-05-15 10:25:00+00:00,1,time_open,37,-0.017184567879511822,-0.05155370363853547,combo_short_rank2_long
combo_short_rank2,168,2026-05-17 20:15:00+00:00,2026-05-17 20:20:00+00:00,2026-05-17 23:20:00+00:00,1,time_open,37,-0.018424744449169594,-0.05527423334750878,combo_short_rank2_long
combo_short_rank2,169,2026-05-18 00:30:00+00:00,2026-05-18 00:35:00+00:00,2026-05-18 03:35:00+00:00,1,time_open,37,-0.02261285289577144,-0.06783855868731431,combo_short_rank2_long
combo_short_rank2,170,2026-05-20 16:30:00+00:00,2026-05-20 16:35:00+00:00,2026-05-20 17:10:00+00:00,1,target,8,0.011986538539807317,0.03595961561942195,combo_short_rank2_long
combo_short_rank2,171,2026-05-20 19:05:00+00:00,2026-05-20 19:10:00+00:00,2026-05-20 19:20:00+00:00,1,target,3,0.01047332688364174,0.03141998065092522,combo_short_rank2_long
combo_short_rank2,172,2026-05-20 21:20:00+00:00,2026-05-20 21:25:00+00:00,2026-05-20 22:15:00+00:00,1,target,11,0.01281624018453674,0.03844872055361022,combo_short_rank2_long
combo_short_rank2,173,2026-05-20 22:50:00+00:00,2026-05-20 22:55:00+00:00,2026-05-20 23:35:00+00:00,1,target,9,0.016937797498793778,0.05081339249638134,combo_short_rank2_long
combo_short_rank2,174,2026-05-21 00:05:00+00:00,2026-05-21 00:10:00+00:00,2026-05-21 00:35:00+00:00,1,target,6,0.015050307816419467,0.045150923449258404,combo_short_rank2_long
combo_short_rank2,175,2026-05-21 01:30:00+00:00,2026-05-21 01:35:00+00:00,2026-05-21 04:35:00+00:00,1,time_open,37,-0.0053163150897795565,-0.01594894526933867,combo_short_rank2_long
combo_short_rank2,176,2026-05-21 05:45:00+00:00,2026-05-21 05:50:00+00:00,2026-05-21 06:25:00+00:00,1,target,8,0.011430275400607476,0.03429082620182243,combo_short_rank2_long
combo_short_rank2,177,2026-05-21 06:55:00+00:00,2026-05-21 07:00:00+00:00,2026-05-21 07:10:00+00:00,1,target,3,0.013006390472229054,0.03901917141668716,combo_short_rank2_long
combo_short_rank2,178,2026-05-21 07:30:00+00:00,2026-05-21 07:35:00+00:00,2026-05-21 07:50:00+00:00,1,target,4,0.014260086683811853,0.04278026005143556,combo_short_rank2_long
combo_short_rank2,179,2026-05-21 08:15:00+00:00,2026-05-21 08:20:00+00:00,2026-05-21 09:30:00+00:00,1,target,15,0.014723990324019843,0.04417197097205953,combo_short_rank2_long
combo_short_rank2,180,2026-05-21 10:20:00+00:00,2026-05-21 10:25:00+00:00,2026-05-21 13:25:00+00:00,1,time_open,37,0.010150345387795134,0.030451036163385403,combo_short_rank2_long
combo_short_rank2,181,2026-05-21 13:35:00+00:00,2026-05-21 13:40:00+00:00,2026-05-21 13:55:00+00:00,1,target,4,0.016279588857853078,0.048838766573559234,combo_short_rank2_long
combo_short_rank2,182,2026-05-21 14:00:00+00:00,2026-05-21 14:05:00+00:00,2026-05-21 14:30:00+00:00,1,target,6,0.020320835247848414,0.06096250574354524,combo_short_rank2_long
combo_short_rank2,183,2026-05-21 14:55:00+00:00,2026-05-21 15:00:00+00:00,2026-05-21 18:00:00+00:00,1,time_open,37,-0.037348151898602334,-0.11204445569580701,combo_short_rank2_long
combo_short_rank2,184,2026-05-22 18:00:00+00:00,2026-05-22 18:05:00+00:00,2026-05-22 18:15:00+00:00,-1,stop_market,3,-0.011038075408107409,-0.033114226224322224,combo_short_rank2_short
combo_short_rank2,185,2026-05-22 18:30:00+00:00,2026-05-22 18:35:00+00:00,2026-05-22 18:35:00+00:00,-1,target,1,0.008257800648518747,0.024773401945556238,combo_short_rank2_short
combo_short_rank2,186,2026-05-22 22:05:00+00:00,2026-05-22 22:10:00+00:00,2026-05-22 22:30:00+00:00,-1,target,5,0.007679990306710358,0.023039970920131075,combo_short_rank2_short
combo_short_rank2,187,2026-05-24 01:40:00+00:00,2026-05-24 01:45:00+00:00,2026-05-24 04:45:00+00:00,1,time_open,37,-0.016993579657679492,-0.05098073897303848,combo_short_rank2_long
combo_short_rank2,188,2026-05-24 04:50:00+00:00,2026-05-24 04:55:00+00:00,2026-05-24 05:10:00+00:00,1,target,4,0.010371750002794581,0.031115250008383742,combo_short_rank2_long
combo_short_rank2,189,2026-05-24 05:55:00+00:00,2026-05-24 06:00:00+00:00,2026-05-24 08:10:00+00:00,1,target,27,0.013890993498660471,0.041672980495981414,combo_short_rank2_long
combo_short_rank2,190,2026-05-24 08:40:00+00:00,2026-05-24 08:45:00+00:00,2026-05-24 09:35:00+00:00,1,target,11,0.016221181025222835,0.0486635430756685,combo_short_rank2_long
combo_short_rank2,191,2026-05-24 09:55:00+00:00,2026-05-24 10:00:00+00:00,2026-05-24 13:00:00+00:00,1,time_open,37,0.003108596096978729,0.009325788290936186,combo_short_rank2_long
combo_short_rank2,192,2026-05-24 13:05:00+00:00,2026-05-24 13:10:00+00:00,2026-05-24 16:10:00+00:00,1,time_open,37,-0.005909331802525143,-0.017727995407575428,combo_short_rank2_long
combo_short_rank2,193,2026-05-28 21:45:00+00:00,2026-05-28 21:50:00+00:00,2026-05-29 00:50:00+00:00,1,time_open,37,0.0016577891820205425,0.004973367546061628,combo_short_rank2_long
combo_short_rank2,194,2026-05-29 03:30:00+00:00,2026-05-29 03:35:00+00:00,2026-05-29 06:35:00+00:00,1,time_open,37,-0.002703448184576668,-0.008110344553730005,combo_short_rank2_long
combo_short_rank2,195,2026-05-29 17:15:00+00:00,2026-05-29 17:20:00+00:00,2026-05-29 20:20:00+00:00,1,time_open,37,-0.019409756664471974,-0.05822926999341592,combo_short_rank2_long
combo_short_rank2,196,2026-06-01 07:00:00+00:00,2026-06-01 07:05:00+00:00,2026-06-01 10:05:00+00:00,1,time_open,37,-0.01919166364718259,-0.05757499094154777,combo_short_rank2_long
combo_short_rank2,197,2026-06-05 00:35:00+00:00,2026-06-05 00:40:00+00:00,2026-06-05 01:00:00+00:00,-1,target,5,0.0125803639311235,0.0377410917933705,combo_short_rank2_short
combo_short_rank2,198,2026-06-05 05:30:00+00:00,2026-06-05 05:35:00+00:00,2026-06-05 05:50:00+00:00,-1,target,4,0.01542333369585078,0.046270001087552345,combo_short_rank2_short
combo_short_rank2,199,2026-06-05 16:20:00+00:00,2026-06-05 16:25:00+00:00,2026-06-05 17:25:00+00:00,-1,target,13,0.026432914409605296,0.07929874322881589,combo_short_rank2_short
combo_short_rank2,200,2026-06-08 11:50:00+00:00,2026-06-08 11:55:00+00:00,2026-06-08 12:55:00+00:00,1,target,13,0.012813781523843958,0.03844134457153187,combo_short_rank2_long
combo_short_rank2,201,2026-06-08 14:25:00+00:00,2026-06-08 14:30:00+00:00,2026-06-08 17:30:00+00:00,1,time_open,37,-0.009114896741930847,-0.027344690225792542,combo_short_rank2_long
combo_short_rank2,202,2026-06-11 18:50:00+00:00,2026-06-11 18:55:00+00:00,2026-06-11 21:55:00+00:00,1,time_open,37,0.005559643854380876,0.01667893156314263,combo_short_rank2_long
combo_short_rank2,203,2026-06-15 06:40:00+00:00,2026-06-15 06:45:00+00:00,2026-06-15 07:10:00+00:00,1,target,6,0.008438408069479408,0.025315224208438222,combo_short_rank2_long
combo_short_rank2,204,2026-06-15 07:45:00+00:00,2026-06-15 07:50:00+00:00,2026-06-15 08:40:00+00:00,1,target,11,0.010518506217615688,0.031555518652847066,combo_short_rank2_long
combo_short_rank2,205,2026-06-15 09:40:00+00:00,2026-06-15 09:45:00+00:00,2026-06-15 10:05:00+00:00,1,target,5,0.008594396442941257,0.025783189328823772,combo_short_rank2_long
combo_short_rank2,206,2026-06-15 11:05:00+00:00,2026-06-15 11:10:00+00:00,2026-06-15 14:10:00+00:00,1,time_open,37,-0.015377026573111685,-0.046131079719335055,combo_short_rank2_long
combo_short_rank2,207,2026-06-16 10:05:00+00:00,2026-06-16 10:10:00+00:00,2026-06-16 10:25:00+00:00,1,target,4,0.012038241004495366,0.036114723013486096,combo_short_rank2_long
combo_short_rank2,208,2026-06-16 11:05:00+00:00,2026-06-16 11:10:00+00:00,2026-06-16 14:10:00+00:00,1,time_open,37,-0.00401904743742438,-0.012057142312273141,combo_short_rank2_long
combo_short_rank2,209,2026-06-17 22:45:00+00:00,2026-06-17 22:50:00+00:00,2026-06-18 00:30:00+00:00,-1,stop_market,21,-0.014442720363755896,-0.04332816109126769,combo_short_rank2_short
combo_short_rank2,210,2026-06-26 03:25:00+00:00,2026-06-26 03:30:00+00:00,2026-06-26 03:45:00+00:00,-1,stop_market,4,-0.015957392940213835,-0.0478721788206415,combo_short_rank2_short
combo_short_rank3,1,2025-06-02 21:35:00+00:00,2025-06-02 21:40:00+00:00,2025-06-02 22:00:00+00:00,1,target,5,0.015496134274602754,0.04648840282380826,combo_short_rank3_long
combo_short_rank3,2,2025-06-03 00:45:00+00:00,2025-06-03 00:50:00+00:00,2025-06-03 03:50:00+00:00,1,time_open,37,-0.014306255089924119,-0.042918765269772355,combo_short_rank3_long
combo_short_rank3,3,2025-06-03 05:55:00+00:00,2025-06-03 06:00:00+00:00,2025-06-03 09:00:00+00:00,1,time_open,37,0.0033241059043635436,0.009972317713090631,combo_short_rank3_long
combo_short_rank3,4,2025-06-03 11:10:00+00:00,2025-06-03 11:15:00+00:00,2025-06-03 14:15:00+00:00,1,time_open,37,-0.008588737313778872,-0.025766211941336617,combo_short_rank3_long
combo_short_rank3,5,2025-06-05 19:40:00+00:00,2025-06-05 19:45:00+00:00,2025-06-05 20:20:00+00:00,-1,target,8,0.02779456782596757,0.08338370347790272,combo_short_rank3_short
combo_short_rank3,6,2025-06-09 20:55:00+00:00,2025-06-09 21:00:00+00:00,2025-06-09 22:00:00+00:00,1,target,13,0.0142276903055964,0.042683070916789204,combo_short_rank3_long
combo_short_rank3,7,2025-06-09 23:25:00+00:00,2025-06-09 23:30:00+00:00,2025-06-10 00:25:00+00:00,1,target,12,0.014227746718657884,0.042683240155973655,combo_short_rank3_long
combo_short_rank3,8,2025-06-10 00:40:00+00:00,2025-06-10 00:45:00+00:00,2025-06-10 02:00:00+00:00,1,target,16,0.01595915187490664,0.04787745562471993,combo_short_rank3_long
combo_short_rank3,9,2025-06-10 11:35:00+00:00,2025-06-10 11:40:00+00:00,2025-06-10 14:40:00+00:00,1,time_open,37,-0.0378890815202644,-0.11366724456079319,combo_short_rank3_long
combo_short_rank3,10,2025-06-13 02:00:00+00:00,2025-06-13 02:05:00+00:00,2025-06-13 05:05:00+00:00,-1,time_open,37,-0.035317637409588855,-0.10595291222876657,combo_short_rank3_short
combo_short_rank3,11,2025-06-13 23:15:00+00:00,2025-06-13 23:20:00+00:00,2025-06-14 02:20:00+00:00,1,time_open,37,-0.0042529040536935046,-0.012758712161080514,combo_short_rank3_long
combo_short_rank3,12,2025-06-16 05:40:00+00:00,2025-06-16 05:45:00+00:00,2025-06-16 06:15:00+00:00,1,target,7,0.01288301743459912,0.038649052303797365,combo_short_rank3_long
combo_short_rank3,13,2025-06-16 06:55:00+00:00,2025-06-16 07:00:00+00:00,2025-06-16 10:00:00+00:00,1,time_open,37,0.001990455497046504,0.005971366491139512,combo_short_rank3_long
combo_short_rank3,14,2025-06-16 12:40:00+00:00,2025-06-16 12:45:00+00:00,2025-06-16 14:00:00+00:00,1,target,16,0.010423966871420816,0.031271900614262445,combo_short_rank3_long
combo_short_rank3,15,2025-06-16 14:40:00+00:00,2025-06-16 14:45:00+00:00,2025-06-16 17:45:00+00:00,1,time_open,37,-0.014226196470066788,-0.04267858941020036,combo_short_rank3_long
combo_short_rank3,16,2025-06-17 11:00:00+00:00,2025-06-17 11:05:00+00:00,2025-06-17 14:05:00+00:00,-1,time_open,37,0.00912206531343872,0.02736619594031616,combo_short_rank3_short
combo_short_rank3,17,2025-06-19 14:25:00+00:00,2025-06-19 14:30:00+00:00,2025-06-19 17:00:00+00:00,-1,target,31,0.018086079358148596,0.05425823807444578,combo_short_rank3_short
combo_short_rank3,18,2025-06-20 18:10:00+00:00,2025-06-20 18:15:00+00:00,2025-06-20 21:15:00+00:00,-1,time_open,37,0.0006613354823129832,0.0019840064469389494,combo_short_rank3_short
combo_short_rank3,19,2025-06-21 17:10:00+00:00,2025-06-21 17:15:00+00:00,2025-06-21 19:10:00+00:00,-1,target,24,0.023361925375330803,0.07008577612599241,combo_short_rank3_short
combo_short_rank3,20,2025-06-21 19:20:00+00:00,2025-06-21 19:25:00+00:00,2025-06-21 21:25:00+00:00,-1,target,25,0.021300789213984452,0.06390236764195335,combo_short_rank3_short
combo_short_rank3,21,2025-06-23 05:35:00+00:00,2025-06-23 05:40:00+00:00,2025-06-23 06:05:00+00:00,1,target,6,0.01016136758684936,0.030484102760548082,combo_short_rank3_long
combo_short_rank3,22,2025-06-27 01:15:00+00:00,2025-06-27 01:20:00+00:00,2025-06-27 03:00:00+00:00,-1,stop_market,21,-0.028600340961460302,-0.0858010228843809,combo_short_rank3_short
combo_short_rank3,23,2025-07-01 20:40:00+00:00,2025-07-01 20:45:00+00:00,2025-07-01 23:45:00+00:00,-1,time_open,37,0.011440512094424059,0.034321536283272176,combo_short_rank3_short
combo_short_rank3,24,2025-07-08 05:00:00+00:00,2025-07-08 05:05:00+00:00,2025-07-08 07:25:00+00:00,-1,stop_market,29,-0.018629391252599388,-0.055888173757798164,combo_short_rank3_short
combo_short_rank3,25,2025-07-11 05:00:00+00:00,2025-07-11 05:05:00+00:00,2025-07-11 06:20:00+00:00,1,target,16,0.00948107918998686,0.02844323756996058,combo_short_rank3_long
combo_short_rank3,26,2025-07-11 06:40:00+00:00,2025-07-11 06:45:00+00:00,2025-07-11 09:45:00+00:00,1,time_open,37,-0.0025277998608205727,-0.007583399582461718,combo_short_rank3_long
combo_short_rank3,27,2025-07-22 06:40:00+00:00,2025-07-22 06:45:00+00:00,2025-07-22 09:45:00+00:00,-1,time_open,37,-0.01338133787909632,-0.040144013637288964,combo_short_rank3_short
combo_short_rank3,28,2025-07-24 07:30:00+00:00,2025-07-24 07:35:00+00:00,2025-07-24 10:35:00+00:00,-1,time_open,37,0.008582632085769806,0.025747896257309416,combo_short_rank3_short
combo_short_rank3,29,2025-08-01 19:35:00+00:00,2025-08-01 19:40:00+00:00,2025-08-01 22:35:00+00:00,-1,target,36,0.020621477468864356,0.06186443240659307,combo_short_rank3_short
combo_short_rank3,30,2025-08-08 00:35:00+00:00,2025-08-08 00:40:00+00:00,2025-08-08 03:40:00+00:00,1,time_open,37,-0.005917873540102114,-0.017753620620306342,combo_short_rank3_long
combo_short_rank3,31,2025-08-13 18:00:00+00:00,2025-08-13 18:05:00+00:00,2025-08-13 21:05:00+00:00,1,time_open,37,-0.011124189384001304,-0.033372568152003915,combo_short_rank3_long
combo_short_rank3,32,2025-08-13 21:10:00+00:00,2025-08-13 21:15:00+00:00,2025-08-13 23:35:00+00:00,1,target,29,0.01336988356928487,0.04010965070785461,combo_short_rank3_long
combo_short_rank3,33,2025-08-13 23:40:00+00:00,2025-08-13 23:45:00+00:00,2025-08-14 02:45:00+00:00,1,time_open,37,-0.003605361250074216,-0.010816083750222649,combo_short_rank3_long
combo_short_rank3,34,2025-08-15 08:00:00+00:00,2025-08-15 08:05:00+00:00,2025-08-15 08:40:00+00:00,1,target,8,0.01092423962991835,0.032772718889755054,combo_short_rank3_long
combo_short_rank3,35,2025-08-22 15:35:00+00:00,2025-08-22 15:40:00+00:00,2025-08-22 18:40:00+00:00,1,time_open,37,0.00405088529599411,0.01215265588798233,combo_short_rank3_long
combo_short_rank3,36,2025-08-22 19:50:00+00:00,2025-08-22 19:55:00+00:00,2025-08-22 22:05:00+00:00,1,target,27,0.008516845829247341,0.025550537487742025,combo_short_rank3_long
combo_short_rank3,37,2025-08-25 02:45:00+00:00,2025-08-25 02:50:00+00:00,2025-08-25 05:50:00+00:00,1,time_open,37,-0.027789914422283627,-0.08336974326685088,combo_short_rank3_long
combo_short_rank3,38,2025-08-25 22:45:00+00:00,2025-08-25 22:50:00+00:00,2025-08-26 00:45:00+00:00,-1,target,24,0.015847631230387602,0.04754289369116281,combo_short_rank3_short
combo_short_rank3,39,2025-08-26 17:35:00+00:00,2025-08-26 17:40:00+00:00,2025-08-26 19:15:00+00:00,1,target,20,0.014478845915917589,0.04343653774775277,combo_short_rank3_long
combo_short_rank3,40,2025-08-26 22:45:00+00:00,2025-08-26 22:50:00+00:00,2025-08-27 01:50:00+00:00,1,time_open,37,-0.002085917491393976,-0.006257752474181928,combo_short_rank3_long
combo_short_rank3,41,2025-08-27 02:20:00+00:00,2025-08-27 02:25:00+00:00,2025-08-27 02:45:00+00:00,1,target,5,0.010940986832674504,0.03282296049802351,combo_short_rank3_long
combo_short_rank3,42,2025-08-27 04:20:00+00:00,2025-08-27 04:25:00+00:00,2025-08-27 07:25:00+00:00,1,time_open,37,-0.012739258054619527,-0.03821777416385858,combo_short_rank3_long
combo_short_rank3,43,2025-09-08 10:05:00+00:00,2025-09-08 10:10:00+00:00,2025-09-08 13:05:00+00:00,1,target,36,0.010216506279960895,0.030649518839882685,combo_short_rank3_long
combo_short_rank3,44,2025-09-08 13:55:00+00:00,2025-09-08 14:00:00+00:00,2025-09-08 17:00:00+00:00,1,time_open,37,-0.008135828775788662,-0.024407486327365988,combo_short_rank3_long
combo_short_rank3,45,2025-09-09 10:55:00+00:00,2025-09-09 11:00:00+00:00,2025-09-09 12:40:00+00:00,1,stop_market,21,-0.032093257432788874,-0.09627977229836662,combo_short_rank3_long
combo_short_rank3,46,2025-09-18 01:45:00+00:00,2025-09-18 01:50:00+00:00,2025-09-18 04:50:00+00:00,1,time_open,37,-0.014254711821291198,-0.042764135463873594,combo_short_rank3_long
combo_short_rank3,47,2025-09-23 21:00:00+00:00,2025-09-23 21:05:00+00:00,2025-09-24 00:05:00+00:00,-1,time_open,37,0.008737238386959131,0.02621171516087739,combo_short_rank3_short
combo_short_rank3,48,2025-09-25 04:10:00+00:00,2025-09-25 04:15:00+00:00,2025-09-25 07:15:00+00:00,-1,time_open,37,0.003863501781793927,0.011590505345381781,combo_short_rank3_short
combo_short_rank3,49,2025-09-29 03:45:00+00:00,2025-09-29 03:50:00+00:00,2025-09-29 04:15:00+00:00,1,target,6,0.0108409609208871,0.0325228827626613,combo_short_rank3_long
combo_short_rank3,50,2025-09-29 04:35:00+00:00,2025-09-29 04:40:00+00:00,2025-09-29 07:40:00+00:00,1,time_open,37,-0.002290467170894425,-0.006871401512683275,combo_short_rank3_long
combo_short_rank3,51,2025-10-10 18:15:00+00:00,2025-10-10 18:20:00+00:00,2025-10-10 20:50:00+00:00,-1,target,31,0.017860489839559304,0.05358146951867791,combo_short_rank3_short
combo_short_rank3,52,2025-10-10 22:20:00+00:00,2025-10-10 22:25:00+00:00,2025-10-11 01:25:00+00:00,-1,time_open,37,0.04374608408317422,0.13123825224952268,combo_short_rank3_short
combo_short_rank3,53,2025-10-11 16:25:00+00:00,2025-10-11 16:30:00+00:00,2025-10-11 19:15:00+00:00,-1,target,34,0.024640526820802866,0.0739215804624086,combo_short_rank3_short
combo_short_rank3,54,2025-10-12 19:15:00+00:00,2025-10-12 19:20:00+00:00,2025-10-12 20:35:00+00:00,1,target,16,0.014770395436148165,0.044311186308444495,combo_short_rank3_long
combo_short_rank3,55,2025-10-13 01:55:00+00:00,2025-10-13 02:00:00+00:00,2025-10-13 05:00:00+00:00,1,time_open,37,-0.030145853316466877,-0.09043755994940063,combo_short_rank3_long
combo_short_rank3,56,2025-10-13 20:25:00+00:00,2025-10-13 20:30:00+00:00,2025-10-13 20:50:00+00:00,1,target,5,0.016655132763630332,0.049965398290891,combo_short_rank3_long
combo_short_rank3,57,2025-10-13 21:15:00+00:00,2025-10-13 21:20:00+00:00,2025-10-14 00:20:00+00:00,1,time_open,37,-0.012380896422171406,-0.03714268926651422,combo_short_rank3_long
combo_short_rank3,58,2025-10-17 08:35:00+00:00,2025-10-17 08:40:00+00:00,2025-10-17 11:40:00+00:00,-1,time_open,37,-0.036975488768882764,-0.11092646630664829,combo_short_rank3_short
combo_short_rank3,59,2025-10-23 03:05:00+00:00,2025-10-23 03:10:00+00:00,2025-10-23 06:10:00+00:00,1,time_open,37,-0.002446354438045768,-0.0073390633141373045,combo_short_rank3_long
combo_short_rank3,60,2025-10-23 08:40:00+00:00,2025-10-23 08:45:00+00:00,2025-10-23 11:45:00+00:00,1,time_open,37,-0.001919761770366497,-0.005759285311099491,combo_short_rank3_long
combo_short_rank3,61,2025-10-23 12:15:00+00:00,2025-10-23 12:20:00+00:00,2025-10-23 12:55:00+00:00,1,target,8,0.014277689179859998,0.042833067539579994,combo_short_rank3_long
combo_short_rank3,62,2025-10-23 13:00:00+00:00,2025-10-23 13:05:00+00:00,2025-10-23 16:05:00+00:00,1,time_open,37,-0.003128797907948495,-0.009386393723845485,combo_short_rank3_long
combo_short_rank3,63,2025-10-23 16:15:00+00:00,2025-10-23 16:20:00+00:00,2025-10-23 19:20:00+00:00,1,time_open,37,-0.02490912296870269,-0.07472736890610807,combo_short_rank3_long
combo_short_rank3,64,2025-10-25 22:20:00+00:00,2025-10-25 22:25:00+00:00,2025-10-25 22:40:00+00:00,1,target,4,0.014744934893972302,0.04423480468191691,combo_short_rank3_long
combo_short_rank3,65,2025-10-25 22:55:00+00:00,2025-10-25 23:00:00+00:00,2025-10-26 02:00:00+00:00,1,time_open,37,-0.0077102204759059234,-0.02313066142771777,combo_short_rank3_long
combo_short_rank3,66,2025-10-26 02:05:00+00:00,2025-10-26 02:10:00+00:00,2025-10-26 05:10:00+00:00,1,time_open,37,-0.012910616580455591,-0.03873184974136677,combo_short_rank3_long
combo_short_rank3,67,2025-10-26 07:30:00+00:00,2025-10-26 07:35:00+00:00,2025-10-26 08:00:00+00:00,1,target,6,0.009220886401672939,0.027662659205018817,combo_short_rank3_long
combo_short_rank3,68,2025-10-26 10:00:00+00:00,2025-10-26 10:05:00+00:00,2025-10-26 11:10:00+00:00,1,target,14,0.016219696864110143,0.04865909059233043,combo_short_rank3_long
combo_short_rank3,69,2025-10-26 12:00:00+00:00,2025-10-26 12:05:00+00:00,2025-10-26 12:15:00+00:00,1,target,3,0.01882452769146418,0.05647358307439254,combo_short_rank3_long
combo_short_rank3,70,2025-10-26 12:25:00+00:00,2025-10-26 12:30:00+00:00,2025-10-26 15:30:00+00:00,1,time_open,37,-0.010139671798866316,-0.03041901539659895,combo_short_rank3_long
combo_short_rank3,71,2025-10-26 18:35:00+00:00,2025-10-26 18:40:00+00:00,2025-10-26 21:40:00+00:00,1,time_open,37,-0.01056831824572628,-0.03170495473717884,combo_short_rank3_long
combo_short_rank3,72,2025-10-26 22:05:00+00:00,2025-10-26 22:10:00+00:00,2025-10-27 01:10:00+00:00,1,time_open,37,-0.0016789093747814686,-0.005036728124344405,combo_short_rank3_long
combo_short_rank3,73,2025-11-03 16:25:00+00:00,2025-11-03 16:30:00+00:00,2025-11-03 19:30:00+00:00,-1,time_open,37,-0.007258326631109959,-0.02177497989332988,combo_short_rank3_short
combo_short_rank3,74,2025-11-04 07:00:00+00:00,2025-11-04 07:05:00+00:00,2025-11-04 10:05:00+00:00,-1,time_open,37,0.002258262889676378,0.0067747886690291345,combo_short_rank3_short
combo_short_rank3,75,2025-11-04 18:45:00+00:00,2025-11-04 18:50:00+00:00,2025-11-04 21:50:00+00:00,-1,time_open,37,0.00855635529694239,0.025669065890827174,combo_short_rank3_short
combo_short_rank3,76,2025-11-05 10:15:00+00:00,2025-11-05 10:20:00+00:00,2025-11-05 11:30:00+00:00,1,target,15,0.013881994915359123,0.04164598474607737,combo_short_rank3_long
combo_short_rank3,77,2025-11-05 12:05:00+00:00,2025-11-05 12:10:00+00:00,2025-11-05 15:10:00+00:00,1,time_open,37,0.010499959939981447,0.03149987981994434,combo_short_rank3_long
combo_short_rank3,78,2025-11-05 16:45:00+00:00,2025-11-05 16:50:00+00:00,2025-11-05 19:50:00+00:00,1,time_open,37,-0.011824841735812308,-0.03547452520743692,combo_short_rank3_long
combo_short_rank3,79,2025-11-06 17:30:00+00:00,2025-11-06 17:35:00+00:00,2025-11-06 20:35:00+00:00,-1,time_open,37,-0.003103153633398567,-0.009309460900195701,combo_short_rank3_short
combo_short_rank3,80,2025-11-07 17:45:00+00:00,2025-11-07 17:50:00+00:00,2025-11-07 19:35:00+00:00,1,target,22,0.02063505874779905,0.06190517624339715,combo_short_rank3_long
combo_short_rank3,81,2025-11-07 19:45:00+00:00,2025-11-07 19:50:00+00:00,2025-11-07 20:10:00+00:00,1,target,5,0.013720032916227736,0.041160098748683205,combo_short_rank3_long
combo_short_rank3,82,2025-11-07 20:15:00+00:00,2025-11-07 20:20:00+00:00,2025-11-07 23:20:00+00:00,1,time_open,37,-0.005733905310358177,-0.01720171593107453,combo_short_rank3_long
combo_short_rank3,83,2025-11-07 23:20:00+00:00,2025-11-07 23:25:00+00:00,2025-11-08 02:25:00+00:00,1,time_open,37,0.0007666482515769087,0.002299944754730726,combo_short_rank3_long
combo_short_rank3,84,2025-11-08 03:00:00+00:00,2025-11-08 03:05:00+00:00,2025-11-08 06:00:00+00:00,1,stop_market,36,-0.04137111022743027,-0.12411333068229081,combo_short_rank3_long
combo_short_rank3,85,2025-11-18 06:10:00+00:00,2025-11-18 06:15:00+00:00,2025-11-18 09:15:00+00:00,1,time_open,37,0.0030900380102084493,0.009270114030625349,combo_short_rank3_long
combo_short_rank3,86,2025-11-18 09:45:00+00:00,2025-11-18 09:50:00+00:00,2025-11-18 12:40:00+00:00,1,target,35,0.01241787937471092,0.03725363812413276,combo_short_rank3_long
combo_short_rank3,87,2025-11-21 08:55:00+00:00,2025-11-21 09:00:00+00:00,2025-11-21 09:50:00+00:00,-1,target,11,0.02749826293884618,0.08249478881653854,combo_short_rank3_short
combo_short_rank3,88,2025-11-21 11:10:00+00:00,2025-11-21 11:15:00+00:00,2025-11-21 12:15:00+00:00,-1,target,13,0.03539652118608884,0.10618956355826652,combo_short_rank3_short
combo_short_rank3,89,2025-11-22 21:10:00+00:00,2025-11-22 21:15:00+00:00,2025-11-23 00:15:00+00:00,-1,time_open,37,0.008409780136997662,0.025229340410992986,combo_short_rank3_short
combo_short_rank3,90,2025-12-01 01:50:00+00:00,2025-12-01 01:55:00+00:00,2025-12-01 04:55:00+00:00,-1,time_open,37,0.013624916134770085,0.040874748404310254,combo_short_rank3_short
combo_short_rank3,91,2025-12-01 14:35:00+00:00,2025-12-01 14:40:00+00:00,2025-12-01 17:40:00+00:00,-1,time_open,37,0.0068781105081488665,0.0206343315244466,combo_short_rank3_short
combo_short_rank3,92,2025-12-02 17:15:00+00:00,2025-12-02 17:20:00+00:00,2025-12-02 19:00:00+00:00,1,target,21,0.018025738374068248,0.054077215122204744,combo_short_rank3_long
combo_short_rank3,93,2025-12-03 03:40:00+00:00,2025-12-03 03:45:00+00:00,2025-12-03 05:05:00+00:00,1,target,17,0.015073577416439367,0.0452207322493181,combo_short_rank3_long
combo_short_rank3,94,2025-12-07 15:35:00+00:00,2025-12-07 15:40:00+00:00,2025-12-07 18:40:00+00:00,-1,time_open,37,-0.02964190097809584,-0.08892570293428752,combo_short_rank3_short
combo_short_rank3,95,2025-12-09 05:40:00+00:00,2025-12-09 05:45:00+00:00,2025-12-09 06:35:00+00:00,-1,target,11,0.022145025578362596,0.06643507673508779,combo_short_rank3_short
combo_short_rank3,96,2025-12-15 18:15:00+00:00,2025-12-15 18:20:00+00:00,2025-12-15 21:20:00+00:00,-1,time_open,37,-0.0007628940814347352,-0.0022886822443042056,combo_short_rank3_short
combo_short_rank3,97,2025-12-17 20:30:00+00:00,2025-12-17 20:35:00+00:00,2025-12-17 23:35:00+00:00,-1,time_open,37,0.009193771232793576,0.027581313698380728,combo_short_rank3_short
combo_short_rank3,98,2025-12-18 20:15:00+00:00,2025-12-18 20:20:00+00:00,2025-12-18 23:20:00+00:00,-1,time_open,37,0.019102945249111266,0.057308835747333794,combo_short_rank3_short
combo_short_rank3,99,2026-01-01 18:50:00+00:00,2026-01-01 18:55:00+00:00,2026-01-01 20:40:00+00:00,-1,target,22,0.011591840993861673,0.03477552298158502,combo_short_rank3_short
combo_short_rank3,100,2026-01-20 14:45:00+00:00,2026-01-20 14:50:00+00:00,2026-01-20 17:25:00+00:00,-1,target,32,0.02656649950923531,0.07969949852770593,combo_short_rank3_short
combo_short_rank3,101,2026-01-24 01:40:00+00:00,2026-01-24 01:45:00+00:00,2026-01-24 02:10:00+00:00,1,target,6,0.010298757917086647,0.030896273751259938,combo_short_rank3_long
combo_short_rank3,102,2026-01-24 03:55:00+00:00,2026-01-24 04:00:00+00:00,2026-01-24 07:00:00+00:00,1,time_open,37,-0.010589917820245804,-0.03176975346073741,combo_short_rank3_long
combo_short_rank3,103,2026-01-26 19:20:00+00:00,2026-01-26 19:25:00+00:00,2026-01-26 21:40:00+00:00,1,target,28,0.015050028971937366,0.0451500869158121,combo_short_rank3_long
combo_short_rank3,104,2026-01-26 22:00:00+00:00,2026-01-26 22:05:00+00:00,2026-01-26 22:45:00+00:00,1,target,9,0.013932554721309194,0.041797664163927585,combo_short_rank3_long
combo_short_rank3,105,2026-01-26 22:55:00+00:00,2026-01-26 23:00:00+00:00,2026-01-27 02:00:00+00:00,1,time_open,37,0.016523195354803365,0.049569586064410094,combo_short_rank3_long
combo_short_rank3,106,2026-01-27 02:10:00+00:00,2026-01-27 02:15:00+00:00,2026-01-27 02:45:00+00:00,1,target,7,0.012517796038059728,0.03755338811417919,combo_short_rank3_long
combo_short_rank3,107,2026-01-27 03:45:00+00:00,2026-01-27 03:50:00+00:00,2026-01-27 04:10:00+00:00,1,target,5,0.016691468042866003,0.05007440412859801,combo_short_rank3_long
combo_short_rank3,108,2026-01-27 04:45:00+00:00,2026-01-27 04:50:00+00:00,2026-01-27 05:35:00+00:00,1,target,10,0.017782027996468615,0.053346083989405844,combo_short_rank3_long
combo_short_rank3,109,2026-01-27 05:40:00+00:00,2026-01-27 05:45:00+00:00,2026-01-27 06:40:00+00:00,1,target,12,0.01614916787335833,0.04844750362007499,combo_short_rank3_long
combo_short_rank3,110,2026-01-27 07:45:00+00:00,2026-01-27 07:50:00+00:00,2026-01-27 10:50:00+00:00,1,time_open,37,-0.008435953679747586,-0.025307861039242756,combo_short_rank3_long
combo_short_rank3,111,2026-01-27 11:10:00+00:00,2026-01-27 11:15:00+00:00,2026-01-27 12:25:00+00:00,1,target,15,0.017072748531337088,0.051218245594011266,combo_short_rank3_long
combo_short_rank3,112,2026-01-27 13:35:00+00:00,2026-01-27 13:40:00+00:00,2026-01-27 15:50:00+00:00,1,target,27,0.014979255330401514,0.04493776599120454,combo_short_rank3_long
combo_short_rank3,113,2026-01-27 16:00:00+00:00,2026-01-27 16:05:00+00:00,2026-01-27 16:55:00+00:00,1,target,11,0.018460942382225762,0.05538282714667729,combo_short_rank3_long
combo_short_rank3,114,2026-01-27 18:00:00+00:00,2026-01-27 18:05:00+00:00,2026-01-27 19:25:00+00:00,1,target,17,0.028689806530706255,0.08606941959211876,combo_short_rank3_long
combo_short_rank3,115,2026-01-27 19:50:00+00:00,2026-01-27 19:55:00+00:00,2026-01-27 20:15:00+00:00,1,target,5,0.016662175873492727,0.049986527620478186,combo_short_rank3_long
combo_short_rank3,116,2026-01-27 20:30:00+00:00,2026-01-27 20:35:00+00:00,2026-01-27 22:30:00+00:00,1,target,24,0.018792363600421576,0.056377090801264726,combo_short_rank3_long
combo_short_rank3,117,2026-01-27 22:55:00+00:00,2026-01-27 23:00:00+00:00,2026-01-28 00:05:00+00:00,1,target,14,0.017834456413609985,0.053503369240829955,combo_short_rank3_long
combo_short_rank3,118,2026-01-28 00:15:00+00:00,2026-01-28 00:20:00+00:00,2026-01-28 00:55:00+00:00,1,target,8,0.020277055094760684,0.06083116528428205,combo_short_rank3_long
combo_short_rank3,119,2026-01-28 01:35:00+00:00,2026-01-28 01:40:00+00:00,2026-01-28 02:15:00+00:00,1,target,8,0.03076747970895687,0.09230243912687061,combo_short_rank3_long
combo_short_rank3,120,2026-01-28 02:55:00+00:00,2026-01-28 03:00:00+00:00,2026-01-28 03:35:00+00:00,1,target,8,0.02963235446175291,0.08889706338525873,combo_short_rank3_long
combo_short_rank3,121,2026-01-28 03:50:00+00:00,2026-01-28 03:55:00+00:00,2026-01-28 06:55:00+00:00,1,time_open,37,-0.002853947398115867,-0.0085618421943476,combo_short_rank3_long
combo_short_rank3,122,2026-01-28 07:40:00+00:00,2026-01-28 07:45:00+00:00,2026-01-28 08:00:00+00:00,1,target,4,0.016216107030826547,0.04864832109247964,combo_short_rank3_long
combo_short_rank3,123,2026-01-28 08:20:00+00:00,2026-01-28 08:25:00+00:00,2026-01-28 11:25:00+00:00,1,time_open,37,0.0018193640426490934,0.005458092127947281,combo_short_rank3_long
combo_short_rank3,124,2026-01-28 11:25:00+00:00,2026-01-28 11:30:00+00:00,2026-01-28 14:30:00+00:00,1,time_open,37,-0.018761180811765622,-0.05628354243529687,combo_short_rank3_long
combo_short_rank3,125,2026-01-30 03:15:00+00:00,2026-01-30 03:20:00+00:00,2026-01-30 06:20:00+00:00,-1,time_open,37,0.006730059551003361,0.020190178653010083,combo_short_rank3_short
combo_short_rank3,126,2026-01-30 15:45:00+00:00,2026-01-30 15:50:00+00:00,2026-01-30 18:45:00+00:00,-1,stop_market,36,-0.061375012695332104,-0.1841250380859963,combo_short_rank3_short
combo_short_rank3,127,2026-01-31 17:30:00+00:00,2026-01-31 17:35:00+00:00,2026-01-31 18:50:00+00:00,-1,stop_market,16,-0.06769405398326116,-0.20308216194978346,combo_short_rank3_short
combo_short_rank3,128,2026-02-02 22:35:00+00:00,2026-02-02 22:40:00+00:00,2026-02-03 01:00:00+00:00,1,target,29,0.021645524833803793,0.06493657450141138,combo_short_rank3_long
combo_short_rank3,129,2026-02-03 01:30:00+00:00,2026-02-03 01:35:00+00:00,2026-02-03 01:50:00+00:00,1,target,4,0.022973850587040257,0.06892155176112078,combo_short_rank3_long
combo_short_rank3,130,2026-02-03 02:55:00+00:00,2026-02-03 03:00:00+00:00,2026-02-03 03:30:00+00:00,1,target,7,0.02826137667980181,0.08478413003940544,combo_short_rank3_long
combo_short_rank3,131,2026-02-03 04:20:00+00:00,2026-02-03 04:25:00+00:00,2026-02-03 07:25:00+00:00,1,time_open,37,-0.014742204567824506,-0.04422661370347352,combo_short_rank3_long
combo_short_rank3,132,2026-02-03 07:30:00+00:00,2026-02-03 07:35:00+00:00,2026-02-03 08:25:00+00:00,1,target,11,0.019201472332869632,0.057604416998608896,combo_short_rank3_long
combo_short_rank3,133,2026-02-03 09:55:00+00:00,2026-02-03 10:00:00+00:00,2026-02-03 13:00:00+00:00,1,time_open,37,-0.028258972996509268,-0.0847769189895278,combo_short_rank3_long
combo_short_rank3,134,2026-02-05 14:15:00+00:00,2026-02-05 14:20:00+00:00,2026-02-05 16:05:00+00:00,-1,target,22,0.02686910088776691,0.08060730266330073,combo_short_rank3_short
combo_short_rank3,135,2026-02-06 04:20:00+00:00,2026-02-06 04:25:00+00:00,2026-02-06 07:25:00+00:00,1,time_open,37,-0.04936937282456918,-0.14810811847370753,combo_short_rank3_long
combo_short_rank3,136,2026-02-28 18:50:00+00:00,2026-02-28 18:55:00+00:00,2026-02-28 20:20:00+00:00,1,target,18,0.019142598109568903,0.057427794328706705,combo_short_rank3_long
combo_short_rank3,137,2026-02-28 20:30:00+00:00,2026-02-28 20:35:00+00:00,2026-02-28 20:45:00+00:00,1,target,3,0.01795406367035337,0.05386219101106011,combo_short_rank3_long
combo_short_rank3,138,2026-02-28 21:00:00+00:00,2026-02-28 21:05:00+00:00,2026-02-28 22:25:00+00:00,1,target,17,0.019814061364452344,0.05944218409335703,combo_short_rank3_long
combo_short_rank3,139,2026-02-28 22:40:00+00:00,2026-02-28 22:45:00+00:00,2026-02-28 23:45:00+00:00,1,target,13,0.014622284839401523,0.04386685451820457,combo_short_rank3_long
combo_short_rank3,140,2026-03-01 01:50:00+00:00,2026-03-01 01:55:00+00:00,2026-03-01 02:00:00+00:00,1,target,2,0.0161120163560902,0.048336049068270596,combo_short_rank3_long
combo_short_rank3,141,2026-03-01 03:25:00+00:00,2026-03-01 03:30:00+00:00,2026-03-01 05:45:00+00:00,1,target,28,0.013393139663125669,0.040179418989377005,combo_short_rank3_long
combo_short_rank3,142,2026-03-01 06:15:00+00:00,2026-03-01 06:20:00+00:00,2026-03-01 09:20:00+00:00,1,time_open,37,-0.007332285650752828,-0.021996856952258486,combo_short_rank3_long
combo_short_rank3,143,2026-03-02 22:45:00+00:00,2026-03-02 22:50:00+00:00,2026-03-03 01:50:00+00:00,1,time_open,37,-0.0075797110177607254,-0.022739133053282175,combo_short_rank3_long
combo_short_rank3,144,2026-03-03 02:50:00+00:00,2026-03-03 02:55:00+00:00,2026-03-03 03:10:00+00:00,1,target,4,0.011294297386607876,0.033882892159823624,combo_short_rank3_long
combo_short_rank3,145,2026-03-03 04:35:00+00:00,2026-03-03 04:40:00+00:00,2026-03-03 05:05:00+00:00,1,target,6,0.009307310983249089,0.027921932949747267,combo_short_rank3_long
combo_short_rank3,146,2026-03-09 14:50:00+00:00,2026-03-09 14:55:00+00:00,2026-03-09 16:20:00+00:00,1,target,18,0.02119666027402636,0.06358998082207908,combo_short_rank3_long
combo_short_rank3,147,2026-03-09 17:15:00+00:00,2026-03-09 17:20:00+00:00,2026-03-09 20:20:00+00:00,1,time_open,37,0.006319387913195441,0.018958163739586323,combo_short_rank3_long
combo_short_rank3,148,2026-03-09 20:30:00+00:00,2026-03-09 20:35:00+00:00,2026-03-09 21:05:00+00:00,1,target,7,0.015458400663412232,0.046375201990236696,combo_short_rank3_long
combo_short_rank3,149,2026-03-09 21:35:00+00:00,2026-03-09 21:40:00+00:00,2026-03-10 00:40:00+00:00,1,time_open,37,-0.018779953913612875,-0.056339861740838625,combo_short_rank3_long
combo_short_rank3,150,2026-03-10 03:40:00+00:00,2026-03-10 03:45:00+00:00,2026-03-10 06:45:00+00:00,1,time_open,37,-0.014681882229606105,-0.044045646688818316,combo_short_rank3_long
combo_short_rank3,151,2026-03-19 10:35:00+00:00,2026-03-19 10:40:00+00:00,2026-03-19 12:05:00+00:00,-1,target,18,0.011743514489141516,0.03523054346742455,combo_short_rank3_short
combo_short_rank3,152,2026-04-08 07:25:00+00:00,2026-04-08 07:30:00+00:00,2026-04-08 07:50:00+00:00,1,target,5,0.006699842595916964,0.02009952778775089,combo_short_rank3_long
combo_short_rank3,153,2026-04-08 09:35:00+00:00,2026-04-08 09:40:00+00:00,2026-04-08 12:40:00+00:00,1,time_open,37,-0.0016624707209484091,-0.004987412162845227,combo_short_rank3_long
combo_short_rank3,154,2026-05-14 15:35:00+00:00,2026-05-14 15:40:00+00:00,2026-05-14 16:30:00+00:00,1,target,11,0.01447340638717408,0.04342021916152224,combo_short_rank3_long
combo_short_rank3,155,2026-05-14 16:35:00+00:00,2026-05-14 16:40:00+00:00,2026-05-14 17:05:00+00:00,1,target,6,0.014658067181291382,0.043974201543874145,combo_short_rank3_long
combo_short_rank3,156,2026-05-14 17:20:00+00:00,2026-05-14 17:25:00+00:00,2026-05-14 18:15:00+00:00,1,target,11,0.01707384361705465,0.051221530851163946,combo_short_rank3_long
combo_short_rank3,157,2026-05-14 18:30:00+00:00,2026-05-14 18:35:00+00:00,2026-05-14 21:35:00+00:00,1,time_open,37,-0.00485554712601357,-0.014566641378040712,combo_short_rank3_long
combo_short_rank3,158,2026-05-14 22:05:00+00:00,2026-05-14 22:10:00+00:00,2026-05-14 23:35:00+00:00,1,target,18,0.010378863401763031,0.031136590205289093,combo_short_rank3_long
combo_short_rank3,159,2026-05-15 00:00:00+00:00,2026-05-15 00:05:00+00:00,2026-05-15 00:25:00+00:00,1,target,5,0.009892713858009619,0.029678141574028857,combo_short_rank3_long
combo_short_rank3,160,2026-05-15 01:00:00+00:00,2026-05-15 01:05:00+00:00,2026-05-15 01:35:00+00:00,1,target,7,0.010718752349013155,0.03215625704703946,combo_short_rank3_long
combo_short_rank3,161,2026-05-15 02:00:00+00:00,2026-05-15 02:05:00+00:00,2026-05-15 03:00:00+00:00,1,target,12,0.015951546385803116,0.04785463915740935,combo_short_rank3_long
combo_short_rank3,162,2026-05-15 03:15:00+00:00,2026-05-15 03:20:00+00:00,2026-05-15 06:20:00+00:00,1,time_open,37,-0.018965898918475586,-0.05689769675542676,combo_short_rank3_long
combo_short_rank3,163,2026-05-15 07:20:00+00:00,2026-05-15 07:25:00+00:00,2026-05-15 10:25:00+00:00,1,time_open,37,-0.017184567879511822,-0.05155370363853547,combo_short_rank3_long
combo_short_rank3,164,2026-05-17 20:15:00+00:00,2026-05-17 20:20:00+00:00,2026-05-17 23:20:00+00:00,1,time_open,37,-0.018424744449169594,-0.05527423334750878,combo_short_rank3_long
combo_short_rank3,165,2026-05-18 00:30:00+00:00,2026-05-18 00:35:00+00:00,2026-05-18 03:35:00+00:00,1,time_open,37,-0.02261285289577144,-0.06783855868731431,combo_short_rank3_long
combo_short_rank3,166,2026-05-20 16:30:00+00:00,2026-05-20 16:35:00+00:00,2026-05-20 17:10:00+00:00,1,target,8,0.011986538539807317,0.03595961561942195,combo_short_rank3_long
combo_short_rank3,167,2026-05-20 19:05:00+00:00,2026-05-20 19:10:00+00:00,2026-05-20 19:20:00+00:00,1,target,3,0.01047332688364174,0.03141998065092522,combo_short_rank3_long
combo_short_rank3,168,2026-05-20 21:20:00+00:00,2026-05-20 21:25:00+00:00,2026-05-20 22:15:00+00:00,1,target,11,0.01281624018453674,0.03844872055361022,combo_short_rank3_long
combo_short_rank3,169,2026-05-20 22:50:00+00:00,2026-05-20 22:55:00+00:00,2026-05-20 23:35:00+00:00,1,target,9,0.016937797498793778,0.05081339249638134,combo_short_rank3_long
combo_short_rank3,170,2026-05-21 00:05:00+00:00,2026-05-21 00:10:00+00:00,2026-05-21 00:35:00+00:00,1,target,6,0.015050307816419467,0.045150923449258404,combo_short_rank3_long
combo_short_rank3,171,2026-05-21 01:30:00+00:00,2026-05-21 01:35:00+00:00,2026-05-21 04:35:00+00:00,1,time_open,37,-0.0053163150897795565,-0.01594894526933867,combo_short_rank3_long
combo_short_rank3,172,2026-05-21 05:45:00+00:00,2026-05-21 05:50:00+00:00,2026-05-21 06:25:00+00:00,1,target,8,0.011430275400607476,0.03429082620182243,combo_short_rank3_long
combo_short_rank3,173,2026-05-21 06:55:00+00:00,2026-05-21 07:00:00+00:00,2026-05-21 07:10:00+00:00,1,target,3,0.013006390472229054,0.03901917141668716,combo_short_rank3_long
combo_short_rank3,174,2026-05-21 07:30:00+00:00,2026-05-21 07:35:00+00:00,2026-05-21 07:50:00+00:00,1,target,4,0.014260086683811853,0.04278026005143556,combo_short_rank3_long
combo_short_rank3,175,2026-05-21 08:15:00+00:00,2026-05-21 08:20:00+00:00,2026-05-21 09:30:00+00:00,1,target,15,0.014723990324019843,0.04417197097205953,combo_short_rank3_long
combo_short_rank3,176,2026-05-21 10:20:00+00:00,2026-05-21 10:25:00+00:00,2026-05-21 13:25:00+00:00,1,time_open,37,0.010150345387795134,0.030451036163385403,combo_short_rank3_long
combo_short_rank3,177,2026-05-21 13:35:00+00:00,2026-05-21 13:40:00+00:00,2026-05-21 13:55:00+00:00,1,target,4,0.016279588857853078,0.048838766573559234,combo_short_rank3_long
combo_short_rank3,178,2026-05-21 14:00:00+00:00,2026-05-21 14:05:00+00:00,2026-05-21 14:30:00+00:00,1,target,6,0.020320835247848414,0.06096250574354524,combo_short_rank3_long
combo_short_rank3,179,2026-05-21 14:55:00+00:00,2026-05-21 15:00:00+00:00,2026-05-21 18:00:00+00:00,1,time_open,37,-0.037348151898602334,-0.11204445569580701,combo_short_rank3_long
combo_short_rank3,180,2026-05-22 22:15:00+00:00,2026-05-22 22:20:00+00:00,2026-05-22 23:25:00+00:00,-1,target,14,0.01655661643720875,0.049669849311626255,combo_short_rank3_short
combo_short_rank3,181,2026-05-24 01:40:00+00:00,2026-05-24 01:45:00+00:00,2026-05-24 04:45:00+00:00,1,time_open,37,-0.016993579657679492,-0.05098073897303848,combo_short_rank3_long
combo_short_rank3,182,2026-05-24 04:50:00+00:00,2026-05-24 04:55:00+00:00,2026-05-24 05:10:00+00:00,1,target,4,0.010371750002794581,0.031115250008383742,combo_short_rank3_long
combo_short_rank3,183,2026-05-24 05:55:00+00:00,2026-05-24 06:00:00+00:00,2026-05-24 08:10:00+00:00,1,target,27,0.013890993498660471,0.041672980495981414,combo_short_rank3_long
combo_short_rank3,184,2026-05-24 08:40:00+00:00,2026-05-24 08:45:00+00:00,2026-05-24 09:35:00+00:00,1,target,11,0.016221181025222835,0.0486635430756685,combo_short_rank3_long
combo_short_rank3,185,2026-05-24 09:55:00+00:00,2026-05-24 10:00:00+00:00,2026-05-24 13:00:00+00:00,1,time_open,37,0.003108596096978729,0.009325788290936186,combo_short_rank3_long
combo_short_rank3,186,2026-05-24 13:05:00+00:00,2026-05-24 13:10:00+00:00,2026-05-24 16:10:00+00:00,1,time_open,37,-0.005909331802525143,-0.017727995407575428,combo_short_rank3_long
combo_short_rank3,187,2026-05-28 21:45:00+00:00,2026-05-28 21:50:00+00:00,2026-05-29 00:50:00+00:00,1,time_open,37,0.0016577891820205425,0.004973367546061628,combo_short_rank3_long
combo_short_rank3,188,2026-05-29 03:30:00+00:00,2026-05-29 03:35:00+00:00,2026-05-29 06:35:00+00:00,1,time_open,37,-0.002703448184576668,-0.008110344553730005,combo_short_rank3_long
combo_short_rank3,189,2026-05-29 17:15:00+00:00,2026-05-29 17:20:00+00:00,2026-05-29 20:20:00+00:00,1,time_open,37,-0.019409756664471974,-0.05822926999341592,combo_short_rank3_long
combo_short_rank3,190,2026-06-01 07:00:00+00:00,2026-06-01 07:05:00+00:00,2026-06-01 10:05:00+00:00,1,time_open,37,-0.01919166364718259,-0.05757499094154777,combo_short_rank3_long
combo_short_rank3,191,2026-06-04 08:30:00+00:00,2026-06-04 08:35:00+00:00,2026-06-04 10:05:00+00:00,-1,target,19,0.03593022635214606,0.10779067905643817,combo_short_rank3_short
combo_short_rank3,192,2026-06-05 00:40:00+00:00,2026-06-05 00:45:00+00:00,2026-06-05 03:10:00+00:00,-1,target,30,0.025677375376614943,0.07703212612984484,combo_short_rank3_short
combo_short_rank3,193,2026-06-05 05:35:00+00:00,2026-06-05 05:40:00+00:00,2026-06-05 06:10:00+00:00,-1,target,7,0.03157088631600027,0.0947126589480008,combo_short_rank3_short
combo_short_rank3,194,2026-06-05 06:45:00+00:00,2026-06-05 06:50:00+00:00,2026-06-05 09:50:00+00:00,-1,time_open,37,-0.004439126028015348,-0.013317378084046042,combo_short_rank3_short
combo_short_rank3,195,2026-06-05 16:25:00+00:00,2026-06-05 16:30:00+00:00,2026-06-05 19:30:00+00:00,-1,time_open,37,0.015794187450344666,0.047382562351034,combo_short_rank3_short
combo_short_rank3,196,2026-06-06 04:55:00+00:00,2026-06-06 05:00:00+00:00,2026-06-06 08:00:00+00:00,-1,time_open,37,-0.030465117077975813,-0.09139535123392745,combo_short_rank3_short
combo_short_rank3,197,2026-06-08 11:50:00+00:00,2026-06-08 11:55:00+00:00,2026-06-08 12:55:00+00:00,1,target,13,0.012813781523843958,0.03844134457153187,combo_short_rank3_long
combo_short_rank3,198,2026-06-08 14:25:00+00:00,2026-06-08 14:30:00+00:00,2026-06-08 17:30:00+00:00,1,time_open,37,-0.009114896741930847,-0.027344690225792542,combo_short_rank3_long
combo_short_rank3,199,2026-06-09 16:30:00+00:00,2026-06-09 16:35:00+00:00,2026-06-09 19:35:00+00:00,-1,time_open,37,0.0009671677946451475,0.0029015033839354426,combo_short_rank3_short
combo_short_rank3,200,2026-06-11 18:50:00+00:00,2026-06-11 18:55:00+00:00,2026-06-11 21:55:00+00:00,1,time_open,37,0.005559643854380876,0.01667893156314263,combo_short_rank3_long
combo_short_rank3,201,2026-06-15 06:40:00+00:00,2026-06-15 06:45:00+00:00,2026-06-15 07:10:00+00:00,1,target,6,0.008438408069479408,0.025315224208438222,combo_short_rank3_long
combo_short_rank3,202,2026-06-15 07:45:00+00:00,2026-06-15 07:50:00+00:00,2026-06-15 08:40:00+00:00,1,target,11,0.010518506217615688,0.031555518652847066,combo_short_rank3_long
combo_short_rank3,203,2026-06-15 09:40:00+00:00,2026-06-15 09:45:00+00:00,2026-06-15 10:05:00+00:00,1,target,5,0.008594396442941257,0.025783189328823772,combo_short_rank3_long
combo_short_rank3,204,2026-06-15 11:05:00+00:00,2026-06-15 11:10:00+00:00,2026-06-15 14:10:00+00:00,1,time_open,37,-0.015377026573111685,-0.046131079719335055,combo_short_rank3_long
combo_short_rank3,205,2026-06-16 10:05:00+00:00,2026-06-16 10:10:00+00:00,2026-06-16 10:25:00+00:00,1,target,4,0.012038241004495366,0.036114723013486096,combo_short_rank3_long
combo_short_rank3,206,2026-06-16 11:05:00+00:00,2026-06-16 11:10:00+00:00,2026-06-16 14:10:00+00:00,1,time_open,37,-0.00401904743742438,-0.012057142312273141,combo_short_rank3_long
combo_short_rank3,207,2026-06-18 17:50:00+00:00,2026-06-18 17:55:00+00:00,2026-06-18 20:00:00+00:00,-1,stop_market,26,-0.030190504467120193,-0.09057151340136058,combo_short_rank3_short
combo_short_rank3,208,2026-06-23 06:55:00+00:00,2026-06-23 07:00:00+00:00,2026-06-23 08:15:00+00:00,-1,target,16,0.022140469363775624,0.06642140809132688,combo_short_rank3_short
combo_short_rank4,1,2025-06-02 21:35:00+00:00,2025-06-02 21:40:00+00:00,2025-06-02 22:00:00+00:00,1,target,5,0.015496134274602754,0.04648840282380826,combo_short_rank4_long
combo_short_rank4,2,2025-06-03 00:45:00+00:00,2025-06-03 00:50:00+00:00,2025-06-03 03:50:00+00:00,1,time_open,37,-0.014306255089924119,-0.042918765269772355,combo_short_rank4_long
combo_short_rank4,3,2025-06-03 05:55:00+00:00,2025-06-03 06:00:00+00:00,2025-06-03 09:00:00+00:00,1,time_open,37,0.0033241059043635436,0.009972317713090631,combo_short_rank4_long
combo_short_rank4,4,2025-06-03 11:10:00+00:00,2025-06-03 11:15:00+00:00,2025-06-03 14:15:00+00:00,1,time_open,37,-0.008588737313778872,-0.025766211941336617,combo_short_rank4_long
combo_short_rank4,5,2025-06-05 19:40:00+00:00,2025-06-05 19:45:00+00:00,2025-06-05 20:20:00+00:00,-1,target,8,0.02779456782596757,0.08338370347790272,combo_short_rank4_short
combo_short_rank4,6,2025-06-09 20:55:00+00:00,2025-06-09 21:00:00+00:00,2025-06-09 22:00:00+00:00,1,target,13,0.0142276903055964,0.042683070916789204,combo_short_rank4_long
combo_short_rank4,7,2025-06-09 23:25:00+00:00,2025-06-09 23:30:00+00:00,2025-06-10 00:25:00+00:00,1,target,12,0.014227746718657884,0.042683240155973655,combo_short_rank4_long
combo_short_rank4,8,2025-06-10 00:40:00+00:00,2025-06-10 00:45:00+00:00,2025-06-10 02:00:00+00:00,1,target,16,0.01595915187490664,0.04787745562471993,combo_short_rank4_long
combo_short_rank4,9,2025-06-10 11:35:00+00:00,2025-06-10 11:40:00+00:00,2025-06-10 14:40:00+00:00,1,time_open,37,-0.0378890815202644,-0.11366724456079319,combo_short_rank4_long
combo_short_rank4,10,2025-06-13 02:00:00+00:00,2025-06-13 02:05:00+00:00,2025-06-13 05:05:00+00:00,-1,time_open,37,-0.035317637409588855,-0.10595291222876657,combo_short_rank4_short
combo_short_rank4,11,2025-06-13 23:15:00+00:00,2025-06-13 23:20:00+00:00,2025-06-14 02:20:00+00:00,1,time_open,37,-0.0042529040536935046,-0.012758712161080514,combo_short_rank4_long
combo_short_rank4,12,2025-06-16 05:40:00+00:00,2025-06-16 05:45:00+00:00,2025-06-16 06:15:00+00:00,1,target,7,0.01288301743459912,0.038649052303797365,combo_short_rank4_long
combo_short_rank4,13,2025-06-16 06:55:00+00:00,2025-06-16 07:00:00+00:00,2025-06-16 10:00:00+00:00,1,time_open,37,0.001990455497046504,0.005971366491139512,combo_short_rank4_long
combo_short_rank4,14,2025-06-16 12:40:00+00:00,2025-06-16 12:45:00+00:00,2025-06-16 14:00:00+00:00,1,target,16,0.010423966871420816,0.031271900614262445,combo_short_rank4_long
combo_short_rank4,15,2025-06-16 14:40:00+00:00,2025-06-16 14:45:00+00:00,2025-06-16 17:45:00+00:00,1,time_open,37,-0.014226196470066788,-0.04267858941020036,combo_short_rank4_long
combo_short_rank4,16,2025-06-17 11:00:00+00:00,2025-06-17 11:05:00+00:00,2025-06-17 14:05:00+00:00,-1,time_open,37,0.00912206531343872,0.02736619594031616,combo_short_rank4_short
combo_short_rank4,17,2025-06-19 14:25:00+00:00,2025-06-19 14:30:00+00:00,2025-06-19 17:00:00+00:00,-1,target,31,0.018086079358148596,0.05425823807444578,combo_short_rank4_short
combo_short_rank4,18,2025-06-20 18:10:00+00:00,2025-06-20 18:15:00+00:00,2025-06-20 21:15:00+00:00,-1,time_open,37,0.0006613354823129832,0.0019840064469389494,combo_short_rank4_short
combo_short_rank4,19,2025-06-21 17:10:00+00:00,2025-06-21 17:15:00+00:00,2025-06-21 19:10:00+00:00,-1,target,24,0.023361925375330803,0.07008577612599241,combo_short_rank4_short
combo_short_rank4,20,2025-06-21 19:20:00+00:00,2025-06-21 19:25:00+00:00,2025-06-21 21:25:00+00:00,-1,target,25,0.021300789213984452,0.06390236764195335,combo_short_rank4_short
combo_short_rank4,21,2025-06-23 05:35:00+00:00,2025-06-23 05:40:00+00:00,2025-06-23 06:05:00+00:00,1,target,6,0.01016136758684936,0.030484102760548082,combo_short_rank4_long
combo_short_rank4,22,2025-06-27 01:15:00+00:00,2025-06-27 01:20:00+00:00,2025-06-27 03:00:00+00:00,-1,stop_market,21,-0.028600340961460302,-0.0858010228843809,combo_short_rank4_short
combo_short_rank4,23,2025-07-01 20:40:00+00:00,2025-07-01 20:45:00+00:00,2025-07-01 23:45:00+00:00,-1,time_open,37,0.011440512094424059,0.034321536283272176,combo_short_rank4_short
combo_short_rank4,24,2025-07-08 05:00:00+00:00,2025-07-08 05:05:00+00:00,2025-07-08 07:25:00+00:00,-1,stop_market,29,-0.018629391252599388,-0.055888173757798164,combo_short_rank4_short
combo_short_rank4,25,2025-07-11 05:00:00+00:00,2025-07-11 05:05:00+00:00,2025-07-11 06:20:00+00:00,1,target,16,0.00948107918998686,0.02844323756996058,combo_short_rank4_long
combo_short_rank4,26,2025-07-11 06:40:00+00:00,2025-07-11 06:45:00+00:00,2025-07-11 09:45:00+00:00,1,time_open,37,-0.0025277998608205727,-0.007583399582461718,combo_short_rank4_long
combo_short_rank4,27,2025-07-22 06:40:00+00:00,2025-07-22 06:45:00+00:00,2025-07-22 09:45:00+00:00,-1,time_open,37,-0.01338133787909632,-0.040144013637288964,combo_short_rank4_short
combo_short_rank4,28,2025-07-24 07:30:00+00:00,2025-07-24 07:35:00+00:00,2025-07-24 10:35:00+00:00,-1,time_open,37,0.008582632085769806,0.025747896257309416,combo_short_rank4_short
combo_short_rank4,29,2025-08-01 19:35:00+00:00,2025-08-01 19:40:00+00:00,2025-08-01 22:35:00+00:00,-1,target,36,0.020621477468864356,0.06186443240659307,combo_short_rank4_short
combo_short_rank4,30,2025-08-08 00:35:00+00:00,2025-08-08 00:40:00+00:00,2025-08-08 03:40:00+00:00,1,time_open,37,-0.005917873540102114,-0.017753620620306342,combo_short_rank4_long
combo_short_rank4,31,2025-08-13 18:00:00+00:00,2025-08-13 18:05:00+00:00,2025-08-13 21:05:00+00:00,1,time_open,37,-0.011124189384001304,-0.033372568152003915,combo_short_rank4_long
combo_short_rank4,32,2025-08-13 21:10:00+00:00,2025-08-13 21:15:00+00:00,2025-08-13 23:35:00+00:00,1,target,29,0.01336988356928487,0.04010965070785461,combo_short_rank4_long
combo_short_rank4,33,2025-08-13 23:40:00+00:00,2025-08-13 23:45:00+00:00,2025-08-14 02:45:00+00:00,1,time_open,37,-0.003605361250074216,-0.010816083750222649,combo_short_rank4_long
combo_short_rank4,34,2025-08-15 08:00:00+00:00,2025-08-15 08:05:00+00:00,2025-08-15 08:40:00+00:00,1,target,8,0.01092423962991835,0.032772718889755054,combo_short_rank4_long
combo_short_rank4,35,2025-08-22 15:35:00+00:00,2025-08-22 15:40:00+00:00,2025-08-22 18:40:00+00:00,1,time_open,37,0.00405088529599411,0.01215265588798233,combo_short_rank4_long
combo_short_rank4,36,2025-08-22 19:50:00+00:00,2025-08-22 19:55:00+00:00,2025-08-22 22:05:00+00:00,1,target,27,0.008516845829247341,0.025550537487742025,combo_short_rank4_long
combo_short_rank4,37,2025-08-25 02:45:00+00:00,2025-08-25 02:50:00+00:00,2025-08-25 05:50:00+00:00,1,time_open,37,-0.027789914422283627,-0.08336974326685088,combo_short_rank4_long
combo_short_rank4,38,2025-08-25 22:45:00+00:00,2025-08-25 22:50:00+00:00,2025-08-26 00:45:00+00:00,-1,target,24,0.015847631230387602,0.04754289369116281,combo_short_rank4_short
combo_short_rank4,39,2025-08-26 17:35:00+00:00,2025-08-26 17:40:00+00:00,2025-08-26 19:15:00+00:00,1,target,20,0.014478845915917589,0.04343653774775277,combo_short_rank4_long
combo_short_rank4,40,2025-08-26 22:45:00+00:00,2025-08-26 22:50:00+00:00,2025-08-27 01:50:00+00:00,1,time_open,37,-0.002085917491393976,-0.006257752474181928,combo_short_rank4_long
combo_short_rank4,41,2025-08-27 02:20:00+00:00,2025-08-27 02:25:00+00:00,2025-08-27 02:45:00+00:00,1,target,5,0.010940986832674504,0.03282296049802351,combo_short_rank4_long
combo_short_rank4,42,2025-08-27 04:20:00+00:00,2025-08-27 04:25:00+00:00,2025-08-27 07:25:00+00:00,1,time_open,37,-0.012739258054619527,-0.03821777416385858,combo_short_rank4_long
combo_short_rank4,43,2025-09-08 10:05:00+00:00,2025-09-08 10:10:00+00:00,2025-09-08 13:05:00+00:00,1,target,36,0.010216506279960895,0.030649518839882685,combo_short_rank4_long
combo_short_rank4,44,2025-09-08 13:55:00+00:00,2025-09-08 14:00:00+00:00,2025-09-08 17:00:00+00:00,1,time_open,37,-0.008135828775788662,-0.024407486327365988,combo_short_rank4_long
combo_short_rank4,45,2025-09-09 10:55:00+00:00,2025-09-09 11:00:00+00:00,2025-09-09 12:40:00+00:00,1,stop_market,21,-0.032093257432788874,-0.09627977229836662,combo_short_rank4_long
combo_short_rank4,46,2025-09-18 01:45:00+00:00,2025-09-18 01:50:00+00:00,2025-09-18 04:50:00+00:00,1,time_open,37,-0.014254711821291198,-0.042764135463873594,combo_short_rank4_long
combo_short_rank4,47,2025-09-23 21:00:00+00:00,2025-09-23 21:05:00+00:00,2025-09-24 00:05:00+00:00,-1,time_open,37,0.008737238386959131,0.02621171516087739,combo_short_rank4_short
combo_short_rank4,48,2025-09-25 04:10:00+00:00,2025-09-25 04:15:00+00:00,2025-09-25 07:15:00+00:00,-1,time_open,37,0.003863501781793927,0.011590505345381781,combo_short_rank4_short
combo_short_rank4,49,2025-09-29 03:45:00+00:00,2025-09-29 03:50:00+00:00,2025-09-29 04:15:00+00:00,1,target,6,0.0108409609208871,0.0325228827626613,combo_short_rank4_long
combo_short_rank4,50,2025-09-29 04:35:00+00:00,2025-09-29 04:40:00+00:00,2025-09-29 07:40:00+00:00,1,time_open,37,-0.002290467170894425,-0.006871401512683275,combo_short_rank4_long
combo_short_rank4,51,2025-10-10 18:15:00+00:00,2025-10-10 18:20:00+00:00,2025-10-10 20:50:00+00:00,-1,target,31,0.017860489839559304,0.05358146951867791,combo_short_rank4_short
combo_short_rank4,52,2025-10-10 22:20:00+00:00,2025-10-10 22:25:00+00:00,2025-10-11 01:25:00+00:00,-1,time_open,37,0.04374608408317422,0.13123825224952268,combo_short_rank4_short
combo_short_rank4,53,2025-10-11 16:25:00+00:00,2025-10-11 16:30:00+00:00,2025-10-11 19:15:00+00:00,-1,target,34,0.024640526820802866,0.0739215804624086,combo_short_rank4_short
combo_short_rank4,54,2025-10-12 19:15:00+00:00,2025-10-12 19:20:00+00:00,2025-10-12 20:35:00+00:00,1,target,16,0.014770395436148165,0.044311186308444495,combo_short_rank4_long
combo_short_rank4,55,2025-10-13 01:55:00+00:00,2025-10-13 02:00:00+00:00,2025-10-13 05:00:00+00:00,1,time_open,37,-0.030145853316466877,-0.09043755994940063,combo_short_rank4_long
combo_short_rank4,56,2025-10-13 20:25:00+00:00,2025-10-13 20:30:00+00:00,2025-10-13 20:50:00+00:00,1,target,5,0.016655132763630332,0.049965398290891,combo_short_rank4_long
combo_short_rank4,57,2025-10-13 21:15:00+00:00,2025-10-13 21:20:00+00:00,2025-10-14 00:20:00+00:00,1,time_open,37,-0.012380896422171406,-0.03714268926651422,combo_short_rank4_long
combo_short_rank4,58,2025-10-17 08:35:00+00:00,2025-10-17 08:40:00+00:00,2025-10-17 11:40:00+00:00,-1,time_open,37,-0.036975488768882764,-0.11092646630664829,combo_short_rank4_short
combo_short_rank4,59,2025-10-23 03:05:00+00:00,2025-10-23 03:10:00+00:00,2025-10-23 06:10:00+00:00,1,time_open,37,-0.002446354438045768,-0.0073390633141373045,combo_short_rank4_long
combo_short_rank4,60,2025-10-23 08:40:00+00:00,2025-10-23 08:45:00+00:00,2025-10-23 11:45:00+00:00,1,time_open,37,-0.001919761770366497,-0.005759285311099491,combo_short_rank4_long
combo_short_rank4,61,2025-10-23 12:15:00+00:00,2025-10-23 12:20:00+00:00,2025-10-23 12:55:00+00:00,1,target,8,0.014277689179859998,0.042833067539579994,combo_short_rank4_long
combo_short_rank4,62,2025-10-23 13:00:00+00:00,2025-10-23 13:05:00+00:00,2025-10-23 16:05:00+00:00,1,time_open,37,-0.003128797907948495,-0.009386393723845485,combo_short_rank4_long
combo_short_rank4,63,2025-10-23 16:15:00+00:00,2025-10-23 16:20:00+00:00,2025-10-23 19:20:00+00:00,1,time_open,37,-0.02490912296870269,-0.07472736890610807,combo_short_rank4_long
combo_short_rank4,64,2025-10-25 22:20:00+00:00,2025-10-25 22:25:00+00:00,2025-10-25 22:40:00+00:00,1,target,4,0.014744934893972302,0.04423480468191691,combo_short_rank4_long
combo_short_rank4,65,2025-10-25 22:55:00+00:00,2025-10-25 23:00:00+00:00,2025-10-26 02:00:00+00:00,1,time_open,37,-0.0077102204759059234,-0.02313066142771777,combo_short_rank4_long
combo_short_rank4,66,2025-10-26 02:05:00+00:00,2025-10-26 02:10:00+00:00,2025-10-26 05:10:00+00:00,1,time_open,37,-0.012910616580455591,-0.03873184974136677,combo_short_rank4_long
combo_short_rank4,67,2025-10-26 07:30:00+00:00,2025-10-26 07:35:00+00:00,2025-10-26 08:00:00+00:00,1,target,6,0.009220886401672939,0.027662659205018817,combo_short_rank4_long
combo_short_rank4,68,2025-10-26 10:00:00+00:00,2025-10-26 10:05:00+00:00,2025-10-26 11:10:00+00:00,1,target,14,0.016219696864110143,0.04865909059233043,combo_short_rank4_long
combo_short_rank4,69,2025-10-26 12:00:00+00:00,2025-10-26 12:05:00+00:00,2025-10-26 12:15:00+00:00,1,target,3,0.01882452769146418,0.05647358307439254,combo_short_rank4_long
combo_short_rank4,70,2025-10-26 12:25:00+00:00,2025-10-26 12:30:00+00:00,2025-10-26 15:30:00+00:00,1,time_open,37,-0.010139671798866316,-0.03041901539659895,combo_short_rank4_long
combo_short_rank4,71,2025-10-26 18:35:00+00:00,2025-10-26 18:40:00+00:00,2025-10-26 21:40:00+00:00,1,time_open,37,-0.01056831824572628,-0.03170495473717884,combo_short_rank4_long
combo_short_rank4,72,2025-10-26 22:05:00+00:00,2025-10-26 22:10:00+00:00,2025-10-27 01:10:00+00:00,1,time_open,37,-0.0016789093747814686,-0.005036728124344405,combo_short_rank4_long
combo_short_rank4,73,2025-11-03 16:25:00+00:00,2025-11-03 16:30:00+00:00,2025-11-03 19:30:00+00:00,-1,time_open,37,-0.007258326631109959,-0.02177497989332988,combo_short_rank4_short
combo_short_rank4,74,2025-11-04 07:00:00+00:00,2025-11-04 07:05:00+00:00,2025-11-04 10:05:00+00:00,-1,time_open,37,0.002258262889676378,0.0067747886690291345,combo_short_rank4_short
combo_short_rank4,75,2025-11-04 18:45:00+00:00,2025-11-04 18:50:00+00:00,2025-11-04 21:50:00+00:00,-1,time_open,37,0.00855635529694239,0.025669065890827174,combo_short_rank4_short
combo_short_rank4,76,2025-11-05 10:15:00+00:00,2025-11-05 10:20:00+00:00,2025-11-05 11:30:00+00:00,1,target,15,0.013881994915359123,0.04164598474607737,combo_short_rank4_long
combo_short_rank4,77,2025-11-05 12:05:00+00:00,2025-11-05 12:10:00+00:00,2025-11-05 15:10:00+00:00,1,time_open,37,0.010499959939981447,0.03149987981994434,combo_short_rank4_long
combo_short_rank4,78,2025-11-05 16:45:00+00:00,2025-11-05 16:50:00+00:00,2025-11-05 19:50:00+00:00,1,time_open,37,-0.011824841735812308,-0.03547452520743692,combo_short_rank4_long
combo_short_rank4,79,2025-11-06 17:30:00+00:00,2025-11-06 17:35:00+00:00,2025-11-06 20:35:00+00:00,-1,time_open,37,-0.003103153633398567,-0.009309460900195701,combo_short_rank4_short
combo_short_rank4,80,2025-11-07 17:45:00+00:00,2025-11-07 17:50:00+00:00,2025-11-07 19:35:00+00:00,1,target,22,0.02063505874779905,0.06190517624339715,combo_short_rank4_long
combo_short_rank4,81,2025-11-07 19:45:00+00:00,2025-11-07 19:50:00+00:00,2025-11-07 20:10:00+00:00,1,target,5,0.013720032916227736,0.041160098748683205,combo_short_rank4_long
combo_short_rank4,82,2025-11-07 20:15:00+00:00,2025-11-07 20:20:00+00:00,2025-11-07 23:20:00+00:00,1,time_open,37,-0.005733905310358177,-0.01720171593107453,combo_short_rank4_long
combo_short_rank4,83,2025-11-07 23:20:00+00:00,2025-11-07 23:25:00+00:00,2025-11-08 02:25:00+00:00,1,time_open,37,0.0007666482515769087,0.002299944754730726,combo_short_rank4_long
combo_short_rank4,84,2025-11-08 03:00:00+00:00,2025-11-08 03:05:00+00:00,2025-11-08 06:00:00+00:00,1,stop_market,36,-0.04137111022743027,-0.12411333068229081,combo_short_rank4_long
combo_short_rank4,85,2025-11-18 06:10:00+00:00,2025-11-18 06:15:00+00:00,2025-11-18 09:15:00+00:00,1,time_open,37,0.0030900380102084493,0.009270114030625349,combo_short_rank4_long
combo_short_rank4,86,2025-11-18 09:45:00+00:00,2025-11-18 09:50:00+00:00,2025-11-18 12:40:00+00:00,1,target,35,0.01241787937471092,0.03725363812413276,combo_short_rank4_long
combo_short_rank4,87,2025-11-21 08:55:00+00:00,2025-11-21 09:00:00+00:00,2025-11-21 09:50:00+00:00,-1,target,11,0.02749826293884618,0.08249478881653854,combo_short_rank4_short
combo_short_rank4,88,2025-11-21 11:10:00+00:00,2025-11-21 11:15:00+00:00,2025-11-21 12:15:00+00:00,-1,target,13,0.03539652118608884,0.10618956355826652,combo_short_rank4_short
combo_short_rank4,89,2025-11-22 21:10:00+00:00,2025-11-22 21:15:00+00:00,2025-11-23 00:15:00+00:00,-1,time_open,37,0.008409780136997662,0.025229340410992986,combo_short_rank4_short
combo_short_rank4,90,2025-12-01 01:50:00+00:00,2025-12-01 01:55:00+00:00,2025-12-01 04:55:00+00:00,-1,time_open,37,0.013624916134770085,0.040874748404310254,combo_short_rank4_short
combo_short_rank4,91,2025-12-01 14:35:00+00:00,2025-12-01 14:40:00+00:00,2025-12-01 17:40:00+00:00,-1,time_open,37,0.0068781105081488665,0.0206343315244466,combo_short_rank4_short
combo_short_rank4,92,2025-12-02 17:15:00+00:00,2025-12-02 17:20:00+00:00,2025-12-02 19:00:00+00:00,1,target,21,0.018025738374068248,0.054077215122204744,combo_short_rank4_long
combo_short_rank4,93,2025-12-03 03:40:00+00:00,2025-12-03 03:45:00+00:00,2025-12-03 05:05:00+00:00,1,target,17,0.015073577416439367,0.0452207322493181,combo_short_rank4_long
combo_short_rank4,94,2025-12-07 15:35:00+00:00,2025-12-07 15:40:00+00:00,2025-12-07 18:40:00+00:00,-1,time_open,37,-0.02964190097809584,-0.08892570293428752,combo_short_rank4_short
combo_short_rank4,95,2025-12-09 05:40:00+00:00,2025-12-09 05:45:00+00:00,2025-12-09 06:35:00+00:00,-1,target,11,0.022145025578362596,0.06643507673508779,combo_short_rank4_short
combo_short_rank4,96,2025-12-15 18:15:00+00:00,2025-12-15 18:20:00+00:00,2025-12-15 21:20:00+00:00,-1,time_open,37,-0.0007628940814347352,-0.0022886822443042056,combo_short_rank4_short
combo_short_rank4,97,2025-12-17 20:30:00+00:00,2025-12-17 20:35:00+00:00,2025-12-17 23:35:00+00:00,-1,time_open,37,0.009193771232793576,0.027581313698380728,combo_short_rank4_short
combo_short_rank4,98,2025-12-18 20:15:00+00:00,2025-12-18 20:20:00+00:00,2025-12-18 23:20:00+00:00,-1,time_open,37,0.019102945249111266,0.057308835747333794,combo_short_rank4_short
combo_short_rank4,99,2026-01-01 18:50:00+00:00,2026-01-01 18:55:00+00:00,2026-01-01 20:40:00+00:00,-1,target,22,0.011591840993861673,0.03477552298158502,combo_short_rank4_short
combo_short_rank4,100,2026-01-20 14:45:00+00:00,2026-01-20 14:50:00+00:00,2026-01-20 17:25:00+00:00,-1,target,32,0.02656649950923531,0.07969949852770593,combo_short_rank4_short
combo_short_rank4,101,2026-01-24 01:40:00+00:00,2026-01-24 01:45:00+00:00,2026-01-24 02:10:00+00:00,1,target,6,0.010298757917086647,0.030896273751259938,combo_short_rank4_long
combo_short_rank4,102,2026-01-24 03:55:00+00:00,2026-01-24 04:00:00+00:00,2026-01-24 07:00:00+00:00,1,time_open,37,-0.010589917820245804,-0.03176975346073741,combo_short_rank4_long
combo_short_rank4,103,2026-01-26 19:20:00+00:00,2026-01-26 19:25:00+00:00,2026-01-26 21:40:00+00:00,1,target,28,0.015050028971937366,0.0451500869158121,combo_short_rank4_long
combo_short_rank4,104,2026-01-26 22:00:00+00:00,2026-01-26 22:05:00+00:00,2026-01-26 22:45:00+00:00,1,target,9,0.013932554721309194,0.041797664163927585,combo_short_rank4_long
combo_short_rank4,105,2026-01-26 22:55:00+00:00,2026-01-26 23:00:00+00:00,2026-01-27 02:00:00+00:00,1,time_open,37,0.016523195354803365,0.049569586064410094,combo_short_rank4_long
combo_short_rank4,106,2026-01-27 02:10:00+00:00,2026-01-27 02:15:00+00:00,2026-01-27 02:45:00+00:00,1,target,7,0.012517796038059728,0.03755338811417919,combo_short_rank4_long
combo_short_rank4,107,2026-01-27 03:45:00+00:00,2026-01-27 03:50:00+00:00,2026-01-27 04:10:00+00:00,1,target,5,0.016691468042866003,0.05007440412859801,combo_short_rank4_long
combo_short_rank4,108,2026-01-27 04:45:00+00:00,2026-01-27 04:50:00+00:00,2026-01-27 05:35:00+00:00,1,target,10,0.017782027996468615,0.053346083989405844,combo_short_rank4_long
combo_short_rank4,109,2026-01-27 05:40:00+00:00,2026-01-27 05:45:00+00:00,2026-01-27 06:40:00+00:00,1,target,12,0.01614916787335833,0.04844750362007499,combo_short_rank4_long
combo_short_rank4,110,2026-01-27 07:45:00+00:00,2026-01-27 07:50:00+00:00,2026-01-27 10:50:00+00:00,1,time_open,37,-0.008435953679747586,-0.025307861039242756,combo_short_rank4_long
combo_short_rank4,111,2026-01-27 11:10:00+00:00,2026-01-27 11:15:00+00:00,2026-01-27 12:25:00+00:00,1,target,15,0.017072748531337088,0.051218245594011266,combo_short_rank4_long
combo_short_rank4,112,2026-01-27 13:35:00+00:00,2026-01-27 13:40:00+00:00,2026-01-27 15:50:00+00:00,1,target,27,0.014979255330401514,0.04493776599120454,combo_short_rank4_long
combo_short_rank4,113,2026-01-27 16:00:00+00:00,2026-01-27 16:05:00+00:00,2026-01-27 16:55:00+00:00,1,target,11,0.018460942382225762,0.05538282714667729,combo_short_rank4_long
combo_short_rank4,114,2026-01-27 18:00:00+00:00,2026-01-27 18:05:00+00:00,2026-01-27 19:25:00+00:00,1,target,17,0.028689806530706255,0.08606941959211876,combo_short_rank4_long
combo_short_rank4,115,2026-01-27 19:50:00+00:00,2026-01-27 19:55:00+00:00,2026-01-27 20:15:00+00:00,1,target,5,0.016662175873492727,0.049986527620478186,combo_short_rank4_long
combo_short_rank4,116,2026-01-27 20:30:00+00:00,2026-01-27 20:35:00+00:00,2026-01-27 22:30:00+00:00,1,target,24,0.018792363600421576,0.056377090801264726,combo_short_rank4_long
combo_short_rank4,117,2026-01-27 22:55:00+00:00,2026-01-27 23:00:00+00:00,2026-01-28 00:05:00+00:00,1,target,14,0.017834456413609985,0.053503369240829955,combo_short_rank4_long
combo_short_rank4,118,2026-01-28 00:15:00+00:00,2026-01-28 00:20:00+00:00,2026-01-28 00:55:00+00:00,1,target,8,0.020277055094760684,0.06083116528428205,combo_short_rank4_long
combo_short_rank4,119,2026-01-28 01:35:00+00:00,2026-01-28 01:40:00+00:00,2026-01-28 02:15:00+00:00,1,target,8,0.03076747970895687,0.09230243912687061,combo_short_rank4_long
combo_short_rank4,120,2026-01-28 02:55:00+00:00,2026-01-28 03:00:00+00:00,2026-01-28 03:35:00+00:00,1,target,8,0.02963235446175291,0.08889706338525873,combo_short_rank4_long
combo_short_rank4,121,2026-01-28 03:50:00+00:00,2026-01-28 03:55:00+00:00,2026-01-28 06:55:00+00:00,1,time_open,37,-0.002853947398115867,-0.0085618421943476,combo_short_rank4_long
combo_short_rank4,122,2026-01-28 07:40:00+00:00,2026-01-28 07:45:00+00:00,2026-01-28 08:00:00+00:00,1,target,4,0.016216107030826547,0.04864832109247964,combo_short_rank4_long
combo_short_rank4,123,2026-01-28 08:20:00+00:00,2026-01-28 08:25:00+00:00,2026-01-28 11:25:00+00:00,1,time_open,37,0.0018193640426490934,0.005458092127947281,combo_short_rank4_long
combo_short_rank4,124,2026-01-28 11:25:00+00:00,2026-01-28 11:30:00+00:00,2026-01-28 14:30:00+00:00,1,time_open,37,-0.018761180811765622,-0.05628354243529687,combo_short_rank4_long
combo_short_rank4,125,2026-01-30 03:15:00+00:00,2026-01-30 03:20:00+00:00,2026-01-30 06:20:00+00:00,-1,time_open,37,0.006730059551003361,0.020190178653010083,combo_short_rank4_short
combo_short_rank4,126,2026-01-30 15:45:00+00:00,2026-01-30 15:50:00+00:00,2026-01-30 18:45:00+00:00,-1,stop_market,36,-0.061375012695332104,-0.1841250380859963,combo_short_rank4_short
combo_short_rank4,127,2026-01-31 17:30:00+00:00,2026-01-31 17:35:00+00:00,2026-01-31 18:50:00+00:00,-1,stop_market,16,-0.06769405398326116,-0.20308216194978346,combo_short_rank4_short
combo_short_rank4,128,2026-02-02 22:35:00+00:00,2026-02-02 22:40:00+00:00,2026-02-03 01:00:00+00:00,1,target,29,0.021645524833803793,0.06493657450141138,combo_short_rank4_long
combo_short_rank4,129,2026-02-03 01:30:00+00:00,2026-02-03 01:35:00+00:00,2026-02-03 01:50:00+00:00,1,target,4,0.022973850587040257,0.06892155176112078,combo_short_rank4_long
combo_short_rank4,130,2026-02-03 02:55:00+00:00,2026-02-03 03:00:00+00:00,2026-02-03 03:30:00+00:00,1,target,7,0.02826137667980181,0.08478413003940544,combo_short_rank4_long
combo_short_rank4,131,2026-02-03 04:20:00+00:00,2026-02-03 04:25:00+00:00,2026-02-03 07:25:00+00:00,1,time_open,37,-0.014742204567824506,-0.04422661370347352,combo_short_rank4_long
combo_short_rank4,132,2026-02-03 07:30:00+00:00,2026-02-03 07:35:00+00:00,2026-02-03 08:25:00+00:00,1,target,11,0.019201472332869632,0.057604416998608896,combo_short_rank4_long
combo_short_rank4,133,2026-02-03 09:55:00+00:00,2026-02-03 10:00:00+00:00,2026-02-03 13:00:00+00:00,1,time_open,37,-0.028258972996509268,-0.0847769189895278,combo_short_rank4_long
combo_short_rank4,134,2026-02-05 14:15:00+00:00,2026-02-05 14:20:00+00:00,2026-02-05 16:05:00+00:00,-1,target,22,0.02686910088776691,0.08060730266330073,combo_short_rank4_short
combo_short_rank4,135,2026-02-06 04:20:00+00:00,2026-02-06 04:25:00+00:00,2026-02-06 07:25:00+00:00,1,time_open,37,-0.04936937282456918,-0.14810811847370753,combo_short_rank4_long
combo_short_rank4,136,2026-02-28 18:50:00+00:00,2026-02-28 18:55:00+00:00,2026-02-28 20:20:00+00:00,1,target,18,0.019142598109568903,0.057427794328706705,combo_short_rank4_long
combo_short_rank4,137,2026-02-28 20:30:00+00:00,2026-02-28 20:35:00+00:00,2026-02-28 20:45:00+00:00,1,target,3,0.01795406367035337,0.05386219101106011,combo_short_rank4_long
combo_short_rank4,138,2026-02-28 21:00:00+00:00,2026-02-28 21:05:00+00:00,2026-02-28 22:25:00+00:00,1,target,17,0.019814061364452344,0.05944218409335703,combo_short_rank4_long
combo_short_rank4,139,2026-02-28 22:40:00+00:00,2026-02-28 22:45:00+00:00,2026-02-28 23:45:00+00:00,1,target,13,0.014622284839401523,0.04386685451820457,combo_short_rank4_long
combo_short_rank4,140,2026-03-01 01:50:00+00:00,2026-03-01 01:55:00+00:00,2026-03-01 02:00:00+00:00,1,target,2,0.0161120163560902,0.048336049068270596,combo_short_rank4_long
combo_short_rank4,141,2026-03-01 03:25:00+00:00,2026-03-01 03:30:00+00:00,2026-03-01 05:45:00+00:00,1,target,28,0.013393139663125669,0.040179418989377005,combo_short_rank4_long
combo_short_rank4,142,2026-03-01 06:15:00+00:00,2026-03-01 06:20:00+00:00,2026-03-01 09:20:00+00:00,1,time_open,37,-0.007332285650752828,-0.021996856952258486,combo_short_rank4_long
combo_short_rank4,143,2026-03-02 22:45:00+00:00,2026-03-02 22:50:00+00:00,2026-03-03 01:50:00+00:00,1,time_open,37,-0.0075797110177607254,-0.022739133053282175,combo_short_rank4_long
combo_short_rank4,144,2026-03-03 02:50:00+00:00,2026-03-03 02:55:00+00:00,2026-03-03 03:10:00+00:00,1,target,4,0.011294297386607876,0.033882892159823624,combo_short_rank4_long
combo_short_rank4,145,2026-03-03 04:35:00+00:00,2026-03-03 04:40:00+00:00,2026-03-03 05:05:00+00:00,1,target,6,0.009307310983249089,0.027921932949747267,combo_short_rank4_long
combo_short_rank4,146,2026-03-09 14:50:00+00:00,2026-03-09 14:55:00+00:00,2026-03-09 16:20:00+00:00,1,target,18,0.02119666027402636,0.06358998082207908,combo_short_rank4_long
combo_short_rank4,147,2026-03-09 17:15:00+00:00,2026-03-09 17:20:00+00:00,2026-03-09 20:20:00+00:00,1,time_open,37,0.006319387913195441,0.018958163739586323,combo_short_rank4_long
combo_short_rank4,148,2026-03-09 20:30:00+00:00,2026-03-09 20:35:00+00:00,2026-03-09 21:05:00+00:00,1,target,7,0.015458400663412232,0.046375201990236696,combo_short_rank4_long
combo_short_rank4,149,2026-03-09 21:35:00+00:00,2026-03-09 21:40:00+00:00,2026-03-10 00:40:00+00:00,1,time_open,37,-0.018779953913612875,-0.056339861740838625,combo_short_rank4_long
combo_short_rank4,150,2026-03-10 03:40:00+00:00,2026-03-10 03:45:00+00:00,2026-03-10 06:45:00+00:00,1,time_open,37,-0.014681882229606105,-0.044045646688818316,combo_short_rank4_long
combo_short_rank4,151,2026-03-19 10:35:00+00:00,2026-03-19 10:40:00+00:00,2026-03-19 12:05:00+00:00,-1,target,18,0.011743514489141516,0.03523054346742455,combo_short_rank4_short
combo_short_rank4,152,2026-04-08 07:25:00+00:00,2026-04-08 07:30:00+00:00,2026-04-08 07:50:00+00:00,1,target,5,0.006699842595916964,0.02009952778775089,combo_short_rank4_long
combo_short_rank4,153,2026-04-08 09:35:00+00:00,2026-04-08 09:40:00+00:00,2026-04-08 12:40:00+00:00,1,time_open,37,-0.0016624707209484091,-0.004987412162845227,combo_short_rank4_long
combo_short_rank4,154,2026-05-14 15:35:00+00:00,2026-05-14 15:40:00+00:00,2026-05-14 16:30:00+00:00,1,target,11,0.01447340638717408,0.04342021916152224,combo_short_rank4_long
combo_short_rank4,155,2026-05-14 16:35:00+00:00,2026-05-14 16:40:00+00:00,2026-05-14 17:05:00+00:00,1,target,6,0.014658067181291382,0.043974201543874145,combo_short_rank4_long
combo_short_rank4,156,2026-05-14 17:20:00+00:00,2026-05-14 17:25:00+00:00,2026-05-14 18:15:00+00:00,1,target,11,0.01707384361705465,0.051221530851163946,combo_short_rank4_long
combo_short_rank4,157,2026-05-14 18:30:00+00:00,2026-05-14 18:35:00+00:00,2026-05-14 21:35:00+00:00,1,time_open,37,-0.00485554712601357,-0.014566641378040712,combo_short_rank4_long
combo_short_rank4,158,2026-05-14 22:05:00+00:00,2026-05-14 22:10:00+00:00,2026-05-14 23:35:00+00:00,1,target,18,0.010378863401763031,0.031136590205289093,combo_short_rank4_long
combo_short_rank4,159,2026-05-15 00:00:00+00:00,2026-05-15 00:05:00+00:00,2026-05-15 00:25:00+00:00,1,target,5,0.009892713858009619,0.029678141574028857,combo_short_rank4_long
combo_short_rank4,160,2026-05-15 01:00:00+00:00,2026-05-15 01:05:00+00:00,2026-05-15 01:35:00+00:00,1,target,7,0.010718752349013155,0.03215625704703946,combo_short_rank4_long
combo_short_rank4,161,2026-05-15 02:00:00+00:00,2026-05-15 02:05:00+00:00,2026-05-15 03:00:00+00:00,1,target,12,0.015951546385803116,0.04785463915740935,combo_short_rank4_long
combo_short_rank4,162,2026-05-15 03:15:00+00:00,2026-05-15 03:20:00+00:00,2026-05-15 06:20:00+00:00,1,time_open,37,-0.018965898918475586,-0.05689769675542676,combo_short_rank4_long
combo_short_rank4,163,2026-05-15 07:20:00+00:00,2026-05-15 07:25:00+00:00,2026-05-15 10:25:00+00:00,1,time_open,37,-0.017184567879511822,-0.05155370363853547,combo_short_rank4_long
combo_short_rank4,164,2026-05-17 20:15:00+00:00,2026-05-17 20:20:00+00:00,2026-05-17 23:20:00+00:00,1,time_open,37,-0.018424744449169594,-0.05527423334750878,combo_short_rank4_long
combo_short_rank4,165,2026-05-18 00:30:00+00:00,2026-05-18 00:35:00+00:00,2026-05-18 03:35:00+00:00,1,time_open,37,-0.02261285289577144,-0.06783855868731431,combo_short_rank4_long
combo_short_rank4,166,2026-05-20 16:30:00+00:00,2026-05-20 16:35:00+00:00,2026-05-20 17:10:00+00:00,1,target,8,0.011986538539807317,0.03595961561942195,combo_short_rank4_long
combo_short_rank4,167,2026-05-20 19:05:00+00:00,2026-05-20 19:10:00+00:00,2026-05-20 19:20:00+00:00,1,target,3,0.01047332688364174,0.03141998065092522,combo_short_rank4_long
combo_short_rank4,168,2026-05-20 21:20:00+00:00,2026-05-20 21:25:00+00:00,2026-05-20 22:15:00+00:00,1,target,11,0.01281624018453674,0.03844872055361022,combo_short_rank4_long
combo_short_rank4,169,2026-05-20 22:50:00+00:00,2026-05-20 22:55:00+00:00,2026-05-20 23:35:00+00:00,1,target,9,0.016937797498793778,0.05081339249638134,combo_short_rank4_long
combo_short_rank4,170,2026-05-21 00:05:00+00:00,2026-05-21 00:10:00+00:00,2026-05-21 00:35:00+00:00,1,target,6,0.015050307816419467,0.045150923449258404,combo_short_rank4_long
combo_short_rank4,171,2026-05-21 01:30:00+00:00,2026-05-21 01:35:00+00:00,2026-05-21 04:35:00+00:00,1,time_open,37,-0.0053163150897795565,-0.01594894526933867,combo_short_rank4_long
combo_short_rank4,172,2026-05-21 05:45:00+00:00,2026-05-21 05:50:00+00:00,2026-05-21 06:25:00+00:00,1,target,8,0.011430275400607476,0.03429082620182243,combo_short_rank4_long
combo_short_rank4,173,2026-05-21 06:55:00+00:00,2026-05-21 07:00:00+00:00,2026-05-21 07:10:00+00:00,1,target,3,0.013006390472229054,0.03901917141668716,combo_short_rank4_long
combo_short_rank4,174,2026-05-21 07:30:00+00:00,2026-05-21 07:35:00+00:00,2026-05-21 07:50:00+00:00,1,target,4,0.014260086683811853,0.04278026005143556,combo_short_rank4_long
combo_short_rank4,175,2026-05-21 08:15:00+00:00,2026-05-21 08:20:00+00:00,2026-05-21 09:30:00+00:00,1,target,15,0.014723990324019843,0.04417197097205953,combo_short_rank4_long
combo_short_rank4,176,2026-05-21 10:20:00+00:00,2026-05-21 10:25:00+00:00,2026-05-21 13:25:00+00:00,1,time_open,37,0.010150345387795134,0.030451036163385403,combo_short_rank4_long
combo_short_rank4,177,2026-05-21 13:35:00+00:00,2026-05-21 13:40:00+00:00,2026-05-21 13:55:00+00:00,1,target,4,0.016279588857853078,0.048838766573559234,combo_short_rank4_long
combo_short_rank4,178,2026-05-21 14:00:00+00:00,2026-05-21 14:05:00+00:00,2026-05-21 14:30:00+00:00,1,target,6,0.020320835247848414,0.06096250574354524,combo_short_rank4_long
combo_short_rank4,179,2026-05-21 14:55:00+00:00,2026-05-21 15:00:00+00:00,2026-05-21 18:00:00+00:00,1,time_open,37,-0.037348151898602334,-0.11204445569580701,combo_short_rank4_long
combo_short_rank4,180,2026-05-22 22:15:00+00:00,2026-05-22 22:20:00+00:00,2026-05-22 23:25:00+00:00,-1,target,14,0.01655661643720875,0.049669849311626255,combo_short_rank4_short
combo_short_rank4,181,2026-05-24 01:40:00+00:00,2026-05-24 01:45:00+00:00,2026-05-24 04:45:00+00:00,1,time_open,37,-0.016993579657679492,-0.05098073897303848,combo_short_rank4_long
combo_short_rank4,182,2026-05-24 04:50:00+00:00,2026-05-24 04:55:00+00:00,2026-05-24 05:10:00+00:00,1,target,4,0.010371750002794581,0.031115250008383742,combo_short_rank4_long
combo_short_rank4,183,2026-05-24 05:55:00+00:00,2026-05-24 06:00:00+00:00,2026-05-24 08:10:00+00:00,1,target,27,0.013890993498660471,0.041672980495981414,combo_short_rank4_long
combo_short_rank4,184,2026-05-24 08:40:00+00:00,2026-05-24 08:45:00+00:00,2026-05-24 09:35:00+00:00,1,target,11,0.016221181025222835,0.0486635430756685,combo_short_rank4_long
combo_short_rank4,185,2026-05-24 09:55:00+00:00,2026-05-24 10:00:00+00:00,2026-05-24 13:00:00+00:00,1,time_open,37,0.003108596096978729,0.009325788290936186,combo_short_rank4_long
combo_short_rank4,186,2026-05-24 13:05:00+00:00,2026-05-24 13:10:00+00:00,2026-05-24 16:10:00+00:00,1,time_open,37,-0.005909331802525143,-0.017727995407575428,combo_short_rank4_long
combo_short_rank4,187,2026-05-28 21:45:00+00:00,2026-05-28 21:50:00+00:00,2026-05-29 00:50:00+00:00,1,time_open,37,0.0016577891820205425,0.004973367546061628,combo_short_rank4_long
combo_short_rank4,188,2026-05-29 03:30:00+00:00,2026-05-29 03:35:00+00:00,2026-05-29 06:35:00+00:00,1,time_open,37,-0.002703448184576668,-0.008110344553730005,combo_short_rank4_long
combo_short_rank4,189,2026-05-29 17:15:00+00:00,2026-05-29 17:20:00+00:00,2026-05-29 20:20:00+00:00,1,time_open,37,-0.019409756664471974,-0.05822926999341592,combo_short_rank4_long
combo_short_rank4,190,2026-06-01 07:00:00+00:00,2026-06-01 07:05:00+00:00,2026-06-01 10:05:00+00:00,1,time_open,37,-0.01919166364718259,-0.05757499094154777,combo_short_rank4_long
combo_short_rank4,191,2026-06-04 08:30:00+00:00,2026-06-04 08:35:00+00:00,2026-06-04 10:05:00+00:00,-1,target,19,0.03593022635214606,0.10779067905643817,combo_short_rank4_short
combo_short_rank4,192,2026-06-05 00:40:00+00:00,2026-06-05 00:45:00+00:00,2026-06-05 03:10:00+00:00,-1,target,30,0.025677375376614943,0.07703212612984484,combo_short_rank4_short
combo_short_rank4,193,2026-06-05 05:35:00+00:00,2026-06-05 05:40:00+00:00,2026-06-05 06:10:00+00:00,-1,target,7,0.03157088631600027,0.0947126589480008,combo_short_rank4_short
combo_short_rank4,194,2026-06-05 06:45:00+00:00,2026-06-05 06:50:00+00:00,2026-06-05 09:50:00+00:00,-1,time_open,37,-0.004439126028015348,-0.013317378084046042,combo_short_rank4_short
combo_short_rank4,195,2026-06-05 16:25:00+00:00,2026-06-05 16:30:00+00:00,2026-06-05 19:30:00+00:00,-1,time_open,37,0.015794187450344666,0.047382562351034,combo_short_rank4_short
combo_short_rank4,196,2026-06-06 04:55:00+00:00,2026-06-06 05:00:00+00:00,2026-06-06 08:00:00+00:00,-1,time_open,37,-0.030465117077975813,-0.09139535123392745,combo_short_rank4_short
combo_short_rank4,197,2026-06-08 11:50:00+00:00,2026-06-08 11:55:00+00:00,2026-06-08 12:55:00+00:00,1,target,13,0.012813781523843958,0.03844134457153187,combo_short_rank4_long
combo_short_rank4,198,2026-06-08 14:25:00+00:00,2026-06-08 14:30:00+00:00,2026-06-08 17:30:00+00:00,1,time_open,37,-0.009114896741930847,-0.027344690225792542,combo_short_rank4_long
combo_short_rank4,199,2026-06-09 16:30:00+00:00,2026-06-09 16:35:00+00:00,2026-06-09 19:35:00+00:00,-1,time_open,37,0.0009671677946451475,0.0029015033839354426,combo_short_rank4_short
combo_short_rank4,200,2026-06-11 18:50:00+00:00,2026-06-11 18:55:00+00:00,2026-06-11 21:55:00+00:00,1,time_open,37,0.005559643854380876,0.01667893156314263,combo_short_rank4_long
combo_short_rank4,201,2026-06-15 06:40:00+00:00,2026-06-15 06:45:00+00:00,2026-06-15 07:10:00+00:00,1,target,6,0.008438408069479408,0.025315224208438222,combo_short_rank4_long
combo_short_rank4,202,2026-06-15 07:45:00+00:00,2026-06-15 07:50:00+00:00,2026-06-15 08:40:00+00:00,1,target,11,0.010518506217615688,0.031555518652847066,combo_short_rank4_long
combo_short_rank4,203,2026-06-15 09:40:00+00:00,2026-06-15 09:45:00+00:00,2026-06-15 10:05:00+00:00,1,target,5,0.008594396442941257,0.025783189328823772,combo_short_rank4_long
combo_short_rank4,204,2026-06-15 11:05:00+00:00,2026-06-15 11:10:00+00:00,2026-06-15 14:10:00+00:00,1,time_open,37,-0.015377026573111685,-0.046131079719335055,combo_short_rank4_long
combo_short_rank4,205,2026-06-16 10:05:00+00:00,2026-06-16 10:10:00+00:00,2026-06-16 10:25:00+00:00,1,target,4,0.012038241004495366,0.036114723013486096,combo_short_rank4_long
combo_short_rank4,206,2026-06-16 11:05:00+00:00,2026-06-16 11:10:00+00:00,2026-06-16 14:10:00+00:00,1,time_open,37,-0.00401904743742438,-0.012057142312273141,combo_short_rank4_long
combo_short_rank4,207,2026-06-18 17:50:00+00:00,2026-06-18 17:55:00+00:00,2026-06-18 20:00:00+00:00,-1,stop_market,26,-0.030190504467120193,-0.09057151340136058,combo_short_rank4_short
combo_short_rank4,208,2026-06-23 06:55:00+00:00,2026-06-23 07:00:00+00:00,2026-06-23 08:15:00+00:00,-1,target,16,0.022140469363775624,0.06642140809132688,combo_short_rank4_short
combo_short_rank5,1,2025-06-02 21:35:00+00:00,2025-06-02 21:40:00+00:00,2025-06-02 22:00:00+00:00,1,target,5,0.015496134274602754,0.04648840282380826,combo_short_rank5_long
combo_short_rank5,2,2025-06-03 00:45:00+00:00,2025-06-03 00:50:00+00:00,2025-06-03 03:50:00+00:00,1,time_open,37,-0.014306255089924119,-0.042918765269772355,combo_short_rank5_long
combo_short_rank5,3,2025-06-03 05:55:00+00:00,2025-06-03 06:00:00+00:00,2025-06-03 09:00:00+00:00,1,time_open,37,0.0033241059043635436,0.009972317713090631,combo_short_rank5_long
combo_short_rank5,4,2025-06-03 11:10:00+00:00,2025-06-03 11:15:00+00:00,2025-06-03 14:15:00+00:00,1,time_open,37,-0.008588737313778872,-0.025766211941336617,combo_short_rank5_long
combo_short_rank5,5,2025-06-05 19:40:00+00:00,2025-06-05 19:45:00+00:00,2025-06-05 20:20:00+00:00,-1,target,8,0.02779456782596757,0.08338370347790272,combo_short_rank5_short
combo_short_rank5,6,2025-06-09 20:55:00+00:00,2025-06-09 21:00:00+00:00,2025-06-09 22:00:00+00:00,1,target,13,0.0142276903055964,0.042683070916789204,combo_short_rank5_long
combo_short_rank5,7,2025-06-09 23:25:00+00:00,2025-06-09 23:30:00+00:00,2025-06-10 00:25:00+00:00,1,target,12,0.014227746718657884,0.042683240155973655,combo_short_rank5_long
combo_short_rank5,8,2025-06-10 00:40:00+00:00,2025-06-10 00:45:00+00:00,2025-06-10 02:00:00+00:00,1,target,16,0.01595915187490664,0.04787745562471993,combo_short_rank5_long
combo_short_rank5,9,2025-06-10 11:35:00+00:00,2025-06-10 11:40:00+00:00,2025-06-10 14:40:00+00:00,1,time_open,37,-0.0378890815202644,-0.11366724456079319,combo_short_rank5_long
combo_short_rank5,10,2025-06-13 02:00:00+00:00,2025-06-13 02:05:00+00:00,2025-06-13 05:05:00+00:00,-1,time_open,37,-0.035317637409588855,-0.10595291222876657,combo_short_rank5_short
combo_short_rank5,11,2025-06-13 23:15:00+00:00,2025-06-13 23:20:00+00:00,2025-06-14 02:20:00+00:00,1,time_open,37,-0.0042529040536935046,-0.012758712161080514,combo_short_rank5_long
combo_short_rank5,12,2025-06-16 05:40:00+00:00,2025-06-16 05:45:00+00:00,2025-06-16 06:15:00+00:00,1,target,7,0.01288301743459912,0.038649052303797365,combo_short_rank5_long
combo_short_rank5,13,2025-06-16 06:55:00+00:00,2025-06-16 07:00:00+00:00,2025-06-16 10:00:00+00:00,1,time_open,37,0.001990455497046504,0.005971366491139512,combo_short_rank5_long
combo_short_rank5,14,2025-06-16 12:40:00+00:00,2025-06-16 12:45:00+00:00,2025-06-16 14:00:00+00:00,1,target,16,0.010423966871420816,0.031271900614262445,combo_short_rank5_long
combo_short_rank5,15,2025-06-16 14:40:00+00:00,2025-06-16 14:45:00+00:00,2025-06-16 17:45:00+00:00,1,time_open,37,-0.014226196470066788,-0.04267858941020036,combo_short_rank5_long
combo_short_rank5,16,2025-06-17 11:00:00+00:00,2025-06-17 11:05:00+00:00,2025-06-17 14:05:00+00:00,-1,time_open,37,0.00912206531343872,0.02736619594031616,combo_short_rank5_short
combo_short_rank5,17,2025-06-19 04:45:00+00:00,2025-06-19 04:50:00+00:00,2025-06-19 07:50:00+00:00,-1,time_open,37,0.004477989581323016,0.013433968743969047,combo_short_rank5_short
combo_short_rank5,18,2025-06-19 14:25:00+00:00,2025-06-19 14:30:00+00:00,2025-06-19 17:00:00+00:00,-1,target,31,0.018086079358148596,0.05425823807444578,combo_short_rank5_short
combo_short_rank5,19,2025-06-20 17:55:00+00:00,2025-06-20 18:00:00+00:00,2025-06-20 21:00:00+00:00,-1,time_open,37,-0.004234507282988111,-0.012703521848964332,combo_short_rank5_short
combo_short_rank5,20,2025-06-21 17:05:00+00:00,2025-06-21 17:10:00+00:00,2025-06-21 19:10:00+00:00,-1,target,25,0.023788205744744786,0.07136461723423436,combo_short_rank5_short
combo_short_rank5,21,2025-06-21 19:15:00+00:00,2025-06-21 19:20:00+00:00,2025-06-21 19:45:00+00:00,-1,target,6,0.02141817859726104,0.06425453579178311,combo_short_rank5_short
combo_short_rank5,22,2025-06-23 05:35:00+00:00,2025-06-23 05:40:00+00:00,2025-06-23 06:05:00+00:00,1,target,6,0.01016136758684936,0.030484102760548082,combo_short_rank5_long
combo_short_rank5,23,2025-06-27 01:15:00+00:00,2025-06-27 01:20:00+00:00,2025-06-27 03:00:00+00:00,-1,stop_market,21,-0.028600340961460302,-0.0858010228843809,combo_short_rank5_short
combo_short_rank5,24,2025-07-01 20:40:00+00:00,2025-07-01 20:45:00+00:00,2025-07-01 23:45:00+00:00,-1,time_open,37,0.011440512094424059,0.034321536283272176,combo_short_rank5_short
combo_short_rank5,25,2025-07-08 05:00:00+00:00,2025-07-08 05:05:00+00:00,2025-07-08 07:25:00+00:00,-1,stop_market,29,-0.018629391252599388,-0.055888173757798164,combo_short_rank5_short
combo_short_rank5,26,2025-07-11 05:00:00+00:00,2025-07-11 05:05:00+00:00,2025-07-11 06:20:00+00:00,1,target,16,0.00948107918998686,0.02844323756996058,combo_short_rank5_long
combo_short_rank5,27,2025-07-11 06:40:00+00:00,2025-07-11 06:45:00+00:00,2025-07-11 09:45:00+00:00,1,time_open,37,-0.0025277998608205727,-0.007583399582461718,combo_short_rank5_long
combo_short_rank5,28,2025-07-22 06:40:00+00:00,2025-07-22 06:45:00+00:00,2025-07-22 09:45:00+00:00,-1,time_open,37,-0.01338133787909632,-0.040144013637288964,combo_short_rank5_short
combo_short_rank5,29,2025-07-24 07:20:00+00:00,2025-07-24 07:25:00+00:00,2025-07-24 10:25:00+00:00,-1,time_open,37,0.006282418538724398,0.018847255616173196,combo_short_rank5_short
combo_short_rank5,30,2025-08-01 19:35:00+00:00,2025-08-01 19:40:00+00:00,2025-08-01 22:35:00+00:00,-1,target,36,0.020621477468864356,0.06186443240659307,combo_short_rank5_short
combo_short_rank5,31,2025-08-08 00:35:00+00:00,2025-08-08 00:40:00+00:00,2025-08-08 03:40:00+00:00,1,time_open,37,-0.005917873540102114,-0.017753620620306342,combo_short_rank5_long
combo_short_rank5,32,2025-08-13 18:00:00+00:00,2025-08-13 18:05:00+00:00,2025-08-13 21:05:00+00:00,1,time_open,37,-0.011124189384001304,-0.033372568152003915,combo_short_rank5_long
combo_short_rank5,33,2025-08-13 21:10:00+00:00,2025-08-13 21:15:00+00:00,2025-08-13 23:35:00+00:00,1,target,29,0.01336988356928487,0.04010965070785461,combo_short_rank5_long
combo_short_rank5,34,2025-08-13 23:40:00+00:00,2025-08-13 23:45:00+00:00,2025-08-14 02:45:00+00:00,1,time_open,37,-0.003605361250074216,-0.010816083750222649,combo_short_rank5_long
combo_short_rank5,35,2025-08-15 08:00:00+00:00,2025-08-15 08:05:00+00:00,2025-08-15 08:40:00+00:00,1,target,8,0.01092423962991835,0.032772718889755054,combo_short_rank5_long
combo_short_rank5,36,2025-08-22 15:35:00+00:00,2025-08-22 15:40:00+00:00,2025-08-22 18:40:00+00:00,1,time_open,37,0.00405088529599411,0.01215265588798233,combo_short_rank5_long
combo_short_rank5,37,2025-08-22 19:50:00+00:00,2025-08-22 19:55:00+00:00,2025-08-22 22:05:00+00:00,1,target,27,0.008516845829247341,0.025550537487742025,combo_short_rank5_long
combo_short_rank5,38,2025-08-25 02:45:00+00:00,2025-08-25 02:50:00+00:00,2025-08-25 05:50:00+00:00,1,time_open,37,-0.027789914422283627,-0.08336974326685088,combo_short_rank5_long
combo_short_rank5,39,2025-08-25 22:45:00+00:00,2025-08-25 22:50:00+00:00,2025-08-26 00:45:00+00:00,-1,target,24,0.015847631230387602,0.04754289369116281,combo_short_rank5_short
combo_short_rank5,40,2025-08-26 17:35:00+00:00,2025-08-26 17:40:00+00:00,2025-08-26 19:15:00+00:00,1,target,20,0.014478845915917589,0.04343653774775277,combo_short_rank5_long
combo_short_rank5,41,2025-08-26 22:45:00+00:00,2025-08-26 22:50:00+00:00,2025-08-27 01:50:00+00:00,1,time_open,37,-0.002085917491393976,-0.006257752474181928,combo_short_rank5_long
combo_short_rank5,42,2025-08-27 02:20:00+00:00,2025-08-27 02:25:00+00:00,2025-08-27 02:45:00+00:00,1,target,5,0.010940986832674504,0.03282296049802351,combo_short_rank5_long
combo_short_rank5,43,2025-08-27 04:20:00+00:00,2025-08-27 04:25:00+00:00,2025-08-27 07:25:00+00:00,1,time_open,37,-0.012739258054619527,-0.03821777416385858,combo_short_rank5_long
combo_short_rank5,44,2025-09-08 10:05:00+00:00,2025-09-08 10:10:00+00:00,2025-09-08 13:05:00+00:00,1,target,36,0.010216506279960895,0.030649518839882685,combo_short_rank5_long
combo_short_rank5,45,2025-09-08 13:55:00+00:00,2025-09-08 14:00:00+00:00,2025-09-08 17:00:00+00:00,1,time_open,37,-0.008135828775788662,-0.024407486327365988,combo_short_rank5_long
combo_short_rank5,46,2025-09-09 10:55:00+00:00,2025-09-09 11:00:00+00:00,2025-09-09 12:40:00+00:00,1,stop_market,21,-0.032093257432788874,-0.09627977229836662,combo_short_rank5_long
combo_short_rank5,47,2025-09-18 01:45:00+00:00,2025-09-18 01:50:00+00:00,2025-09-18 04:50:00+00:00,1,time_open,37,-0.014254711821291198,-0.042764135463873594,combo_short_rank5_long
combo_short_rank5,48,2025-09-22 18:30:00+00:00,2025-09-22 18:35:00+00:00,2025-09-22 19:40:00+00:00,-1,target,14,0.014000336943196641,0.04200101082958992,combo_short_rank5_short
combo_short_rank5,49,2025-09-23 21:00:00+00:00,2025-09-23 21:05:00+00:00,2025-09-24 00:05:00+00:00,-1,time_open,37,0.008737238386959131,0.02621171516087739,combo_short_rank5_short
combo_short_rank5,50,2025-09-25 04:10:00+00:00,2025-09-25 04:15:00+00:00,2025-09-25 07:15:00+00:00,-1,time_open,37,0.003863501781793927,0.011590505345381781,combo_short_rank5_short
combo_short_rank5,51,2025-09-29 03:45:00+00:00,2025-09-29 03:50:00+00:00,2025-09-29 04:15:00+00:00,1,target,6,0.0108409609208871,0.0325228827626613,combo_short_rank5_long
combo_short_rank5,52,2025-09-29 04:35:00+00:00,2025-09-29 04:40:00+00:00,2025-09-29 07:40:00+00:00,1,time_open,37,-0.002290467170894425,-0.006871401512683275,combo_short_rank5_long
combo_short_rank5,53,2025-10-09 17:20:00+00:00,2025-10-09 17:25:00+00:00,2025-10-09 20:25:00+00:00,-1,time_open,37,-0.018091305328249086,-0.05427391598474726,combo_short_rank5_short
combo_short_rank5,54,2025-10-10 18:15:00+00:00,2025-10-10 18:20:00+00:00,2025-10-10 20:50:00+00:00,-1,target,31,0.017860489839559304,0.05358146951867791,combo_short_rank5_short
combo_short_rank5,55,2025-10-10 21:35:00+00:00,2025-10-10 21:40:00+00:00,2025-10-11 00:40:00+00:00,-1,time_open,37,0.005132395381703298,0.015397186145109893,combo_short_rank5_short
combo_short_rank5,56,2025-10-11 00:45:00+00:00,2025-10-11 00:50:00+00:00,2025-10-11 01:40:00+00:00,-1,target,11,0.06060164403203811,0.18180493209611434,combo_short_rank5_short
combo_short_rank5,57,2025-10-12 09:45:00+00:00,2025-10-12 09:50:00+00:00,2025-10-12 12:50:00+00:00,-1,time_open,37,-0.023007791000613044,-0.06902337300183914,combo_short_rank5_short
combo_short_rank5,58,2025-10-12 19:15:00+00:00,2025-10-12 19:20:00+00:00,2025-10-12 20:35:00+00:00,1,target,16,0.014770395436148165,0.044311186308444495,combo_short_rank5_long
combo_short_rank5,59,2025-10-13 01:55:00+00:00,2025-10-13 02:00:00+00:00,2025-10-13 05:00:00+00:00,1,time_open,37,-0.030145853316466877,-0.09043755994940063,combo_short_rank5_long
combo_short_rank5,60,2025-10-13 20:25:00+00:00,2025-10-13 20:30:00+00:00,2025-10-13 20:50:00+00:00,1,target,5,0.016655132763630332,0.049965398290891,combo_short_rank5_long
combo_short_rank5,61,2025-10-13 21:15:00+00:00,2025-10-13 21:20:00+00:00,2025-10-14 00:20:00+00:00,1,time_open,37,-0.012380896422171406,-0.03714268926651422,combo_short_rank5_long
combo_short_rank5,62,2025-10-17 08:35:00+00:00,2025-10-17 08:40:00+00:00,2025-10-17 11:40:00+00:00,-1,time_open,37,-0.036975488768882764,-0.11092646630664829,combo_short_rank5_short
combo_short_rank5,63,2025-10-21 06:20:00+00:00,2025-10-21 06:25:00+00:00,2025-10-21 09:25:00+00:00,-1,time_open,37,0.002498574167233594,0.007495722501700782,combo_short_rank5_short
combo_short_rank5,64,2025-10-22 01:55:00+00:00,2025-10-22 02:00:00+00:00,2025-10-22 05:00:00+00:00,-1,time_open,37,0.0013916277329467882,0.004174883198840365,combo_short_rank5_short
combo_short_rank5,65,2025-10-23 03:05:00+00:00,2025-10-23 03:10:00+00:00,2025-10-23 06:10:00+00:00,1,time_open,37,-0.002446354438045768,-0.0073390633141373045,combo_short_rank5_long
combo_short_rank5,66,2025-10-23 08:40:00+00:00,2025-10-23 08:45:00+00:00,2025-10-23 11:45:00+00:00,1,time_open,37,-0.001919761770366497,-0.005759285311099491,combo_short_rank5_long
combo_short_rank5,67,2025-10-23 12:15:00+00:00,2025-10-23 12:20:00+00:00,2025-10-23 12:55:00+00:00,1,target,8,0.014277689179859998,0.042833067539579994,combo_short_rank5_long
combo_short_rank5,68,2025-10-23 13:00:00+00:00,2025-10-23 13:05:00+00:00,2025-10-23 16:05:00+00:00,1,time_open,37,-0.003128797907948495,-0.009386393723845485,combo_short_rank5_long
combo_short_rank5,69,2025-10-23 16:15:00+00:00,2025-10-23 16:20:00+00:00,2025-10-23 19:20:00+00:00,1,time_open,37,-0.02490912296870269,-0.07472736890610807,combo_short_rank5_long
combo_short_rank5,70,2025-10-25 22:20:00+00:00,2025-10-25 22:25:00+00:00,2025-10-25 22:40:00+00:00,1,target,4,0.014744934893972302,0.04423480468191691,combo_short_rank5_long
combo_short_rank5,71,2025-10-25 22:55:00+00:00,2025-10-25 23:00:00+00:00,2025-10-26 02:00:00+00:00,1,time_open,37,-0.0077102204759059234,-0.02313066142771777,combo_short_rank5_long
combo_short_rank5,72,2025-10-26 02:05:00+00:00,2025-10-26 02:10:00+00:00,2025-10-26 05:10:00+00:00,1,time_open,37,-0.012910616580455591,-0.03873184974136677,combo_short_rank5_long
combo_short_rank5,73,2025-10-26 07:30:00+00:00,2025-10-26 07:35:00+00:00,2025-10-26 08:00:00+00:00,1,target,6,0.009220886401672939,0.027662659205018817,combo_short_rank5_long
combo_short_rank5,74,2025-10-26 10:00:00+00:00,2025-10-26 10:05:00+00:00,2025-10-26 11:10:00+00:00,1,target,14,0.016219696864110143,0.04865909059233043,combo_short_rank5_long
combo_short_rank5,75,2025-10-26 12:00:00+00:00,2025-10-26 12:05:00+00:00,2025-10-26 12:15:00+00:00,1,target,3,0.01882452769146418,0.05647358307439254,combo_short_rank5_long
combo_short_rank5,76,2025-10-26 12:25:00+00:00,2025-10-26 12:30:00+00:00,2025-10-26 15:30:00+00:00,1,time_open,37,-0.010139671798866316,-0.03041901539659895,combo_short_rank5_long
combo_short_rank5,77,2025-10-26 18:35:00+00:00,2025-10-26 18:40:00+00:00,2025-10-26 21:40:00+00:00,1,time_open,37,-0.01056831824572628,-0.03170495473717884,combo_short_rank5_long
combo_short_rank5,78,2025-10-26 22:05:00+00:00,2025-10-26 22:10:00+00:00,2025-10-27 01:10:00+00:00,1,time_open,37,-0.0016789093747814686,-0.005036728124344405,combo_short_rank5_long
combo_short_rank5,79,2025-11-03 16:15:00+00:00,2025-11-03 16:20:00+00:00,2025-11-03 19:20:00+00:00,-1,time_open,37,-0.006048774935031482,-0.018146324805094444,combo_short_rank5_short
combo_short_rank5,80,2025-11-04 07:00:00+00:00,2025-11-04 07:05:00+00:00,2025-11-04 10:05:00+00:00,-1,time_open,37,0.002258262889676378,0.0067747886690291345,combo_short_rank5_short
combo_short_rank5,81,2025-11-04 18:45:00+00:00,2025-11-04 18:50:00+00:00,2025-11-04 21:50:00+00:00,-1,time_open,37,0.00855635529694239,0.025669065890827174,combo_short_rank5_short
combo_short_rank5,82,2025-11-05 10:15:00+00:00,2025-11-05 10:20:00+00:00,2025-11-05 11:30:00+00:00,1,target,15,0.013881994915359123,0.04164598474607737,combo_short_rank5_long
combo_short_rank5,83,2025-11-05 12:05:00+00:00,2025-11-05 12:10:00+00:00,2025-11-05 15:10:00+00:00,1,time_open,37,0.010499959939981447,0.03149987981994434,combo_short_rank5_long
combo_short_rank5,84,2025-11-05 16:45:00+00:00,2025-11-05 16:50:00+00:00,2025-11-05 19:50:00+00:00,1,time_open,37,-0.011824841735812308,-0.03547452520743692,combo_short_rank5_long
combo_short_rank5,85,2025-11-06 17:30:00+00:00,2025-11-06 17:35:00+00:00,2025-11-06 20:35:00+00:00,-1,time_open,37,-0.003103153633398567,-0.009309460900195701,combo_short_rank5_short
combo_short_rank5,86,2025-11-07 17:45:00+00:00,2025-11-07 17:50:00+00:00,2025-11-07 19:35:00+00:00,1,target,22,0.02063505874779905,0.06190517624339715,combo_short_rank5_long
combo_short_rank5,87,2025-11-07 19:45:00+00:00,2025-11-07 19:50:00+00:00,2025-11-07 20:10:00+00:00,1,target,5,0.013720032916227736,0.041160098748683205,combo_short_rank5_long
combo_short_rank5,88,2025-11-07 20:15:00+00:00,2025-11-07 20:20:00+00:00,2025-11-07 23:20:00+00:00,1,time_open,37,-0.005733905310358177,-0.01720171593107453,combo_short_rank5_long
combo_short_rank5,89,2025-11-07 23:20:00+00:00,2025-11-07 23:25:00+00:00,2025-11-08 02:25:00+00:00,1,time_open,37,0.0007666482515769087,0.002299944754730726,combo_short_rank5_long
combo_short_rank5,90,2025-11-08 03:00:00+00:00,2025-11-08 03:05:00+00:00,2025-11-08 06:00:00+00:00,1,stop_market,36,-0.04137111022743027,-0.12411333068229081,combo_short_rank5_long
combo_short_rank5,91,2025-11-18 06:10:00+00:00,2025-11-18 06:15:00+00:00,2025-11-18 09:15:00+00:00,1,time_open,37,0.0030900380102084493,0.009270114030625349,combo_short_rank5_long
combo_short_rank5,92,2025-11-18 09:45:00+00:00,2025-11-18 09:50:00+00:00,2025-11-18 12:40:00+00:00,1,target,35,0.01241787937471092,0.03725363812413276,combo_short_rank5_long
combo_short_rank5,93,2025-11-21 08:55:00+00:00,2025-11-21 09:00:00+00:00,2025-11-21 09:50:00+00:00,-1,target,11,0.02749826293884618,0.08249478881653854,combo_short_rank5_short
combo_short_rank5,94,2025-11-21 11:10:00+00:00,2025-11-21 11:15:00+00:00,2025-11-21 12:15:00+00:00,-1,target,13,0.03539652118608884,0.10618956355826652,combo_short_rank5_short
combo_short_rank5,95,2025-11-22 21:40:00+00:00,2025-11-22 21:45:00+00:00,2025-11-23 00:45:00+00:00,-1,time_open,37,0.005871912495358981,0.017615737486076942,combo_short_rank5_short
combo_short_rank5,96,2025-12-01 01:50:00+00:00,2025-12-01 01:55:00+00:00,2025-12-01 04:55:00+00:00,-1,time_open,37,0.013624916134770085,0.040874748404310254,combo_short_rank5_short
combo_short_rank5,97,2025-12-01 14:25:00+00:00,2025-12-01 14:30:00+00:00,2025-12-01 17:30:00+00:00,-1,time_open,37,0.006406209119707972,0.019218627359123917,combo_short_rank5_short
combo_short_rank5,98,2025-12-02 17:15:00+00:00,2025-12-02 17:20:00+00:00,2025-12-02 19:00:00+00:00,1,target,21,0.018025738374068248,0.054077215122204744,combo_short_rank5_long
combo_short_rank5,99,2025-12-03 03:40:00+00:00,2025-12-03 03:45:00+00:00,2025-12-03 05:05:00+00:00,1,target,17,0.015073577416439367,0.0452207322493181,combo_short_rank5_long
combo_short_rank5,100,2025-12-07 10:55:00+00:00,2025-12-07 11:00:00+00:00,2025-12-07 11:30:00+00:00,-1,stop_market,7,-0.0207124664599803,-0.062137399379940894,combo_short_rank5_short
combo_short_rank5,101,2025-12-07 15:30:00+00:00,2025-12-07 15:35:00+00:00,2025-12-07 18:35:00+00:00,-1,time_open,37,-0.03584851007181942,-0.10754553021545826,combo_short_rank5_short
combo_short_rank5,102,2025-12-09 05:40:00+00:00,2025-12-09 05:45:00+00:00,2025-12-09 06:35:00+00:00,-1,target,11,0.022145025578362596,0.06643507673508779,combo_short_rank5_short
combo_short_rank5,103,2025-12-15 18:15:00+00:00,2025-12-15 18:20:00+00:00,2025-12-15 21:20:00+00:00,-1,time_open,37,-0.0007628940814347352,-0.0022886822443042056,combo_short_rank5_short
combo_short_rank5,104,2025-12-17 20:25:00+00:00,2025-12-17 20:30:00+00:00,2025-12-17 23:30:00+00:00,-1,time_open,37,0.012883840760062253,0.038651522280186756,combo_short_rank5_short
combo_short_rank5,105,2025-12-18 20:10:00+00:00,2025-12-18 20:15:00+00:00,2025-12-18 23:15:00+00:00,-1,time_open,37,0.014849198480256147,0.04454759544076844,combo_short_rank5_short
combo_short_rank5,106,2026-01-20 14:45:00+00:00,2026-01-20 14:50:00+00:00,2026-01-20 17:25:00+00:00,-1,target,32,0.02656649950923531,0.07969949852770593,combo_short_rank5_short
combo_short_rank5,107,2026-01-24 01:40:00+00:00,2026-01-24 01:45:00+00:00,2026-01-24 02:10:00+00:00,1,target,6,0.010298757917086647,0.030896273751259938,combo_short_rank5_long
combo_short_rank5,108,2026-01-24 03:55:00+00:00,2026-01-24 04:00:00+00:00,2026-01-24 07:00:00+00:00,1,time_open,37,-0.010589917820245804,-0.03176975346073741,combo_short_rank5_long
combo_short_rank5,109,2026-01-26 19:20:00+00:00,2026-01-26 19:25:00+00:00,2026-01-26 21:40:00+00:00,1,target,28,0.015050028971937366,0.0451500869158121,combo_short_rank5_long
combo_short_rank5,110,2026-01-26 22:00:00+00:00,2026-01-26 22:05:00+00:00,2026-01-26 22:45:00+00:00,1,target,9,0.013932554721309194,0.041797664163927585,combo_short_rank5_long
combo_short_rank5,111,2026-01-26 22:55:00+00:00,2026-01-26 23:00:00+00:00,2026-01-27 02:00:00+00:00,1,time_open,37,0.016523195354803365,0.049569586064410094,combo_short_rank5_long
combo_short_rank5,112,2026-01-27 02:10:00+00:00,2026-01-27 02:15:00+00:00,2026-01-27 02:45:00+00:00,1,target,7,0.012517796038059728,0.03755338811417919,combo_short_rank5_long
combo_short_rank5,113,2026-01-27 03:45:00+00:00,2026-01-27 03:50:00+00:00,2026-01-27 04:10:00+00:00,1,target,5,0.016691468042866003,0.05007440412859801,combo_short_rank5_long
combo_short_rank5,114,2026-01-27 04:45:00+00:00,2026-01-27 04:50:00+00:00,2026-01-27 05:35:00+00:00,1,target,10,0.017782027996468615,0.053346083989405844,combo_short_rank5_long
combo_short_rank5,115,2026-01-27 05:40:00+00:00,2026-01-27 05:45:00+00:00,2026-01-27 06:40:00+00:00,1,target,12,0.01614916787335833,0.04844750362007499,combo_short_rank5_long
combo_short_rank5,116,2026-01-27 07:45:00+00:00,2026-01-27 07:50:00+00:00,2026-01-27 10:50:00+00:00,1,time_open,37,-0.008435953679747586,-0.025307861039242756,combo_short_rank5_long
combo_short_rank5,117,2026-01-27 11:10:00+00:00,2026-01-27 11:15:00+00:00,2026-01-27 12:25:00+00:00,1,target,15,0.017072748531337088,0.051218245594011266,combo_short_rank5_long
combo_short_rank5,118,2026-01-27 13:35:00+00:00,2026-01-27 13:40:00+00:00,2026-01-27 15:50:00+00:00,1,target,27,0.014979255330401514,0.04493776599120454,combo_short_rank5_long
combo_short_rank5,119,2026-01-27 16:00:00+00:00,2026-01-27 16:05:00+00:00,2026-01-27 16:55:00+00:00,1,target,11,0.018460942382225762,0.05538282714667729,combo_short_rank5_long
combo_short_rank5,120,2026-01-27 18:00:00+00:00,2026-01-27 18:05:00+00:00,2026-01-27 19:25:00+00:00,1,target,17,0.028689806530706255,0.08606941959211876,combo_short_rank5_long
combo_short_rank5,121,2026-01-27 19:50:00+00:00,2026-01-27 19:55:00+00:00,2026-01-27 20:15:00+00:00,1,target,5,0.016662175873492727,0.049986527620478186,combo_short_rank5_long
combo_short_rank5,122,2026-01-27 20:30:00+00:00,2026-01-27 20:35:00+00:00,2026-01-27 22:30:00+00:00,1,target,24,0.018792363600421576,0.056377090801264726,combo_short_rank5_long
combo_short_rank5,123,2026-01-27 22:55:00+00:00,2026-01-27 23:00:00+00:00,2026-01-28 00:05:00+00:00,1,target,14,0.017834456413609985,0.053503369240829955,combo_short_rank5_long
combo_short_rank5,124,2026-01-28 00:15:00+00:00,2026-01-28 00:20:00+00:00,2026-01-28 00:55:00+00:00,1,target,8,0.020277055094760684,0.06083116528428205,combo_short_rank5_long
combo_short_rank5,125,2026-01-28 01:35:00+00:00,2026-01-28 01:40:00+00:00,2026-01-28 02:15:00+00:00,1,target,8,0.03076747970895687,0.09230243912687061,combo_short_rank5_long
combo_short_rank5,126,2026-01-28 02:55:00+00:00,2026-01-28 03:00:00+00:00,2026-01-28 03:35:00+00:00,1,target,8,0.02963235446175291,0.08889706338525873,combo_short_rank5_long
combo_short_rank5,127,2026-01-28 03:50:00+00:00,2026-01-28 03:55:00+00:00,2026-01-28 06:55:00+00:00,1,time_open,37,-0.002853947398115867,-0.0085618421943476,combo_short_rank5_long
combo_short_rank5,128,2026-01-28 07:40:00+00:00,2026-01-28 07:45:00+00:00,2026-01-28 08:00:00+00:00,1,target,4,0.016216107030826547,0.04864832109247964,combo_short_rank5_long
combo_short_rank5,129,2026-01-28 08:20:00+00:00,2026-01-28 08:25:00+00:00,2026-01-28 11:25:00+00:00,1,time_open,37,0.0018193640426490934,0.005458092127947281,combo_short_rank5_long
combo_short_rank5,130,2026-01-28 11:25:00+00:00,2026-01-28 11:30:00+00:00,2026-01-28 14:30:00+00:00,1,time_open,37,-0.018761180811765622,-0.05628354243529687,combo_short_rank5_long
combo_short_rank5,131,2026-01-30 02:35:00+00:00,2026-01-30 02:40:00+00:00,2026-01-30 05:40:00+00:00,-1,time_open,37,-0.007559250954339845,-0.022677752863019533,combo_short_rank5_short
combo_short_rank5,132,2026-01-30 15:45:00+00:00,2026-01-30 15:50:00+00:00,2026-01-30 18:45:00+00:00,-1,stop_market,36,-0.061375012695332104,-0.1841250380859963,combo_short_rank5_short
combo_short_rank5,133,2026-01-31 17:15:00+00:00,2026-01-31 17:20:00+00:00,2026-01-31 20:20:00+00:00,-1,time_open,37,-0.019619902858498704,-0.05885970857549611,combo_short_rank5_short
combo_short_rank5,134,2026-02-02 22:35:00+00:00,2026-02-02 22:40:00+00:00,2026-02-03 01:00:00+00:00,1,target,29,0.021645524833803793,0.06493657450141138,combo_short_rank5_long
combo_short_rank5,135,2026-02-03 01:30:00+00:00,2026-02-03 01:35:00+00:00,2026-02-03 01:50:00+00:00,1,target,4,0.022973850587040257,0.06892155176112078,combo_short_rank5_long
combo_short_rank5,136,2026-02-03 02:55:00+00:00,2026-02-03 03:00:00+00:00,2026-02-03 03:30:00+00:00,1,target,7,0.02826137667980181,0.08478413003940544,combo_short_rank5_long
combo_short_rank5,137,2026-02-03 04:20:00+00:00,2026-02-03 04:25:00+00:00,2026-02-03 07:25:00+00:00,1,time_open,37,-0.014742204567824506,-0.04422661370347352,combo_short_rank5_long
combo_short_rank5,138,2026-02-03 07:30:00+00:00,2026-02-03 07:35:00+00:00,2026-02-03 08:25:00+00:00,1,target,11,0.019201472332869632,0.057604416998608896,combo_short_rank5_long
combo_short_rank5,139,2026-02-03 09:55:00+00:00,2026-02-03 10:00:00+00:00,2026-02-03 13:00:00+00:00,1,time_open,37,-0.028258972996509268,-0.0847769189895278,combo_short_rank5_long
combo_short_rank5,140,2026-02-05 13:45:00+00:00,2026-02-05 13:50:00+00:00,2026-02-05 16:00:00+00:00,-1,target,27,0.026203393452400622,0.07861018035720187,combo_short_rank5_short
combo_short_rank5,141,2026-02-06 04:20:00+00:00,2026-02-06 04:25:00+00:00,2026-02-06 07:25:00+00:00,1,time_open,37,-0.04936937282456918,-0.14810811847370753,combo_short_rank5_long
combo_short_rank5,142,2026-02-28 18:50:00+00:00,2026-02-28 18:55:00+00:00,2026-02-28 20:20:00+00:00,1,target,18,0.019142598109568903,0.057427794328706705,combo_short_rank5_long
combo_short_rank5,143,2026-02-28 20:30:00+00:00,2026-02-28 20:35:00+00:00,2026-02-28 20:45:00+00:00,1,target,3,0.01795406367035337,0.05386219101106011,combo_short_rank5_long
combo_short_rank5,144,2026-02-28 21:00:00+00:00,2026-02-28 21:05:00+00:00,2026-02-28 22:25:00+00:00,1,target,17,0.019814061364452344,0.05944218409335703,combo_short_rank5_long
combo_short_rank5,145,2026-02-28 22:40:00+00:00,2026-02-28 22:45:00+00:00,2026-02-28 23:45:00+00:00,1,target,13,0.014622284839401523,0.04386685451820457,combo_short_rank5_long
combo_short_rank5,146,2026-03-01 01:50:00+00:00,2026-03-01 01:55:00+00:00,2026-03-01 02:00:00+00:00,1,target,2,0.0161120163560902,0.048336049068270596,combo_short_rank5_long
combo_short_rank5,147,2026-03-01 03:25:00+00:00,2026-03-01 03:30:00+00:00,2026-03-01 05:45:00+00:00,1,target,28,0.013393139663125669,0.040179418989377005,combo_short_rank5_long
combo_short_rank5,148,2026-03-01 06:15:00+00:00,2026-03-01 06:20:00+00:00,2026-03-01 09:20:00+00:00,1,time_open,37,-0.007332285650752828,-0.021996856952258486,combo_short_rank5_long
combo_short_rank5,149,2026-03-02 22:45:00+00:00,2026-03-02 22:50:00+00:00,2026-03-03 01:50:00+00:00,1,time_open,37,-0.0075797110177607254,-0.022739133053282175,combo_short_rank5_long
combo_short_rank5,150,2026-03-03 02:50:00+00:00,2026-03-03 02:55:00+00:00,2026-03-03 03:10:00+00:00,1,target,4,0.011294297386607876,0.033882892159823624,combo_short_rank5_long
combo_short_rank5,151,2026-03-03 04:35:00+00:00,2026-03-03 04:40:00+00:00,2026-03-03 05:05:00+00:00,1,target,6,0.009307310983249089,0.027921932949747267,combo_short_rank5_long
combo_short_rank5,152,2026-03-09 14:50:00+00:00,2026-03-09 14:55:00+00:00,2026-03-09 16:20:00+00:00,1,target,18,0.02119666027402636,0.06358998082207908,combo_short_rank5_long
combo_short_rank5,153,2026-03-09 17:15:00+00:00,2026-03-09 17:20:00+00:00,2026-03-09 20:20:00+00:00,1,time_open,37,0.006319387913195441,0.018958163739586323,combo_short_rank5_long
combo_short_rank5,154,2026-03-09 20:30:00+00:00,2026-03-09 20:35:00+00:00,2026-03-09 21:05:00+00:00,1,target,7,0.015458400663412232,0.046375201990236696,combo_short_rank5_long
combo_short_rank5,155,2026-03-09 21:35:00+00:00,2026-03-09 21:40:00+00:00,2026-03-10 00:40:00+00:00,1,time_open,37,-0.018779953913612875,-0.056339861740838625,combo_short_rank5_long
combo_short_rank5,156,2026-03-10 03:40:00+00:00,2026-03-10 03:45:00+00:00,2026-03-10 06:45:00+00:00,1,time_open,37,-0.014681882229606105,-0.044045646688818316,combo_short_rank5_long
combo_short_rank5,157,2026-03-19 10:35:00+00:00,2026-03-19 10:40:00+00:00,2026-03-19 12:05:00+00:00,-1,target,18,0.011743514489141516,0.03523054346742455,combo_short_rank5_short
combo_short_rank5,158,2026-04-08 07:25:00+00:00,2026-04-08 07:30:00+00:00,2026-04-08 07:50:00+00:00,1,target,5,0.006699842595916964,0.02009952778775089,combo_short_rank5_long
combo_short_rank5,159,2026-04-08 09:35:00+00:00,2026-04-08 09:40:00+00:00,2026-04-08 12:40:00+00:00,1,time_open,37,-0.0016624707209484091,-0.004987412162845227,combo_short_rank5_long
combo_short_rank5,160,2026-05-14 15:35:00+00:00,2026-05-14 15:40:00+00:00,2026-05-14 16:30:00+00:00,1,target,11,0.01447340638717408,0.04342021916152224,combo_short_rank5_long
combo_short_rank5,161,2026-05-14 16:35:00+00:00,2026-05-14 16:40:00+00:00,2026-05-14 17:05:00+00:00,1,target,6,0.014658067181291382,0.043974201543874145,combo_short_rank5_long
combo_short_rank5,162,2026-05-14 17:20:00+00:00,2026-05-14 17:25:00+00:00,2026-05-14 18:15:00+00:00,1,target,11,0.01707384361705465,0.051221530851163946,combo_short_rank5_long
combo_short_rank5,163,2026-05-14 18:30:00+00:00,2026-05-14 18:35:00+00:00,2026-05-14 21:35:00+00:00,1,time_open,37,-0.00485554712601357,-0.014566641378040712,combo_short_rank5_long
combo_short_rank5,164,2026-05-14 22:05:00+00:00,2026-05-14 22:10:00+00:00,2026-05-14 23:35:00+00:00,1,target,18,0.010378863401763031,0.031136590205289093,combo_short_rank5_long
combo_short_rank5,165,2026-05-15 00:00:00+00:00,2026-05-15 00:05:00+00:00,2026-05-15 00:25:00+00:00,1,target,5,0.009892713858009619,0.029678141574028857,combo_short_rank5_long
combo_short_rank5,166,2026-05-15 01:00:00+00:00,2026-05-15 01:05:00+00:00,2026-05-15 01:35:00+00:00,1,target,7,0.010718752349013155,0.03215625704703946,combo_short_rank5_long
combo_short_rank5,167,2026-05-15 02:00:00+00:00,2026-05-15 02:05:00+00:00,2026-05-15 03:00:00+00:00,1,target,12,0.015951546385803116,0.04785463915740935,combo_short_rank5_long
combo_short_rank5,168,2026-05-15 03:15:00+00:00,2026-05-15 03:20:00+00:00,2026-05-15 06:20:00+00:00,1,time_open,37,-0.018965898918475586,-0.05689769675542676,combo_short_rank5_long
combo_short_rank5,169,2026-05-15 07:20:00+00:00,2026-05-15 07:25:00+00:00,2026-05-15 10:25:00+00:00,1,time_open,37,-0.017184567879511822,-0.05155370363853547,combo_short_rank5_long
combo_short_rank5,170,2026-05-17 20:15:00+00:00,2026-05-17 20:20:00+00:00,2026-05-17 23:20:00+00:00,1,time_open,37,-0.018424744449169594,-0.05527423334750878,combo_short_rank5_long
combo_short_rank5,171,2026-05-18 00:30:00+00:00,2026-05-18 00:35:00+00:00,2026-05-18 03:35:00+00:00,1,time_open,37,-0.02261285289577144,-0.06783855868731431,combo_short_rank5_long
combo_short_rank5,172,2026-05-20 16:30:00+00:00,2026-05-20 16:35:00+00:00,2026-05-20 17:10:00+00:00,1,target,8,0.011986538539807317,0.03595961561942195,combo_short_rank5_long
combo_short_rank5,173,2026-05-20 19:05:00+00:00,2026-05-20 19:10:00+00:00,2026-05-20 19:20:00+00:00,1,target,3,0.01047332688364174,0.03141998065092522,combo_short_rank5_long
combo_short_rank5,174,2026-05-20 21:20:00+00:00,2026-05-20 21:25:00+00:00,2026-05-20 22:15:00+00:00,1,target,11,0.01281624018453674,0.03844872055361022,combo_short_rank5_long
combo_short_rank5,175,2026-05-20 22:50:00+00:00,2026-05-20 22:55:00+00:00,2026-05-20 23:35:00+00:00,1,target,9,0.016937797498793778,0.05081339249638134,combo_short_rank5_long
combo_short_rank5,176,2026-05-21 00:05:00+00:00,2026-05-21 00:10:00+00:00,2026-05-21 00:35:00+00:00,1,target,6,0.015050307816419467,0.045150923449258404,combo_short_rank5_long
combo_short_rank5,177,2026-05-21 01:30:00+00:00,2026-05-21 01:35:00+00:00,2026-05-21 04:35:00+00:00,1,time_open,37,-0.0053163150897795565,-0.01594894526933867,combo_short_rank5_long
combo_short_rank5,178,2026-05-21 05:45:00+00:00,2026-05-21 05:50:00+00:00,2026-05-21 06:25:00+00:00,1,target,8,0.011430275400607476,0.03429082620182243,combo_short_rank5_long
combo_short_rank5,179,2026-05-21 06:55:00+00:00,2026-05-21 07:00:00+00:00,2026-05-21 07:10:00+00:00,1,target,3,0.013006390472229054,0.03901917141668716,combo_short_rank5_long
combo_short_rank5,180,2026-05-21 07:30:00+00:00,2026-05-21 07:35:00+00:00,2026-05-21 07:50:00+00:00,1,target,4,0.014260086683811853,0.04278026005143556,combo_short_rank5_long
combo_short_rank5,181,2026-05-21 08:15:00+00:00,2026-05-21 08:20:00+00:00,2026-05-21 09:30:00+00:00,1,target,15,0.014723990324019843,0.04417197097205953,combo_short_rank5_long
combo_short_rank5,182,2026-05-21 10:20:00+00:00,2026-05-21 10:25:00+00:00,2026-05-21 13:25:00+00:00,1,time_open,37,0.010150345387795134,0.030451036163385403,combo_short_rank5_long
combo_short_rank5,183,2026-05-21 13:35:00+00:00,2026-05-21 13:40:00+00:00,2026-05-21 13:55:00+00:00,1,target,4,0.016279588857853078,0.048838766573559234,combo_short_rank5_long
combo_short_rank5,184,2026-05-21 14:00:00+00:00,2026-05-21 14:05:00+00:00,2026-05-21 14:30:00+00:00,1,target,6,0.020320835247848414,0.06096250574354524,combo_short_rank5_long
combo_short_rank5,185,2026-05-21 14:55:00+00:00,2026-05-21 15:00:00+00:00,2026-05-21 18:00:00+00:00,1,time_open,37,-0.037348151898602334,-0.11204445569580701,combo_short_rank5_long
combo_short_rank5,186,2026-05-22 22:15:00+00:00,2026-05-22 22:20:00+00:00,2026-05-22 23:25:00+00:00,-1,target,14,0.01655661643720875,0.049669849311626255,combo_short_rank5_short
combo_short_rank5,187,2026-05-24 01:40:00+00:00,2026-05-24 01:45:00+00:00,2026-05-24 04:45:00+00:00,1,time_open,37,-0.016993579657679492,-0.05098073897303848,combo_short_rank5_long
combo_short_rank5,188,2026-05-24 04:50:00+00:00,2026-05-24 04:55:00+00:00,2026-05-24 05:10:00+00:00,1,target,4,0.010371750002794581,0.031115250008383742,combo_short_rank5_long
combo_short_rank5,189,2026-05-24 05:55:00+00:00,2026-05-24 06:00:00+00:00,2026-05-24 08:10:00+00:00,1,target,27,0.013890993498660471,0.041672980495981414,combo_short_rank5_long
combo_short_rank5,190,2026-05-24 08:40:00+00:00,2026-05-24 08:45:00+00:00,2026-05-24 09:35:00+00:00,1,target,11,0.016221181025222835,0.0486635430756685,combo_short_rank5_long
combo_short_rank5,191,2026-05-24 09:55:00+00:00,2026-05-24 10:00:00+00:00,2026-05-24 13:00:00+00:00,1,time_open,37,0.003108596096978729,0.009325788290936186,combo_short_rank5_long
combo_short_rank5,192,2026-05-24 13:05:00+00:00,2026-05-24 13:10:00+00:00,2026-05-24 16:10:00+00:00,1,time_open,37,-0.005909331802525143,-0.017727995407575428,combo_short_rank5_long
combo_short_rank5,193,2026-05-28 21:45:00+00:00,2026-05-28 21:50:00+00:00,2026-05-29 00:50:00+00:00,1,time_open,37,0.0016577891820205425,0.004973367546061628,combo_short_rank5_long
combo_short_rank5,194,2026-05-29 03:30:00+00:00,2026-05-29 03:35:00+00:00,2026-05-29 06:35:00+00:00,1,time_open,37,-0.002703448184576668,-0.008110344553730005,combo_short_rank5_long
combo_short_rank5,195,2026-05-29 17:15:00+00:00,2026-05-29 17:20:00+00:00,2026-05-29 20:20:00+00:00,1,time_open,37,-0.019409756664471974,-0.05822926999341592,combo_short_rank5_long
combo_short_rank5,196,2026-06-01 07:00:00+00:00,2026-06-01 07:05:00+00:00,2026-06-01 10:05:00+00:00,1,time_open,37,-0.01919166364718259,-0.05757499094154777,combo_short_rank5_long
combo_short_rank5,197,2026-06-04 08:30:00+00:00,2026-06-04 08:35:00+00:00,2026-06-04 10:05:00+00:00,-1,target,19,0.03593022635214606,0.10779067905643817,combo_short_rank5_short
combo_short_rank5,198,2026-06-05 00:40:00+00:00,2026-06-05 00:45:00+00:00,2026-06-05 03:10:00+00:00,-1,target,30,0.025677375376614943,0.07703212612984484,combo_short_rank5_short
combo_short_rank5,199,2026-06-05 05:35:00+00:00,2026-06-05 05:40:00+00:00,2026-06-05 06:10:00+00:00,-1,target,7,0.03157088631600027,0.0947126589480008,combo_short_rank5_short
combo_short_rank5,200,2026-06-05 06:40:00+00:00,2026-06-05 06:45:00+00:00,2026-06-05 07:10:00+00:00,-1,target,6,0.03702505324729553,0.11107515974188659,combo_short_rank5_short
combo_short_rank5,201,2026-06-05 16:25:00+00:00,2026-06-05 16:30:00+00:00,2026-06-05 19:30:00+00:00,-1,time_open,37,0.015794187450344666,0.047382562351034,combo_short_rank5_short
combo_short_rank5,202,2026-06-06 04:55:00+00:00,2026-06-06 05:00:00+00:00,2026-06-06 08:00:00+00:00,-1,time_open,37,-0.030465117077975813,-0.09139535123392745,combo_short_rank5_short
combo_short_rank5,203,2026-06-08 11:50:00+00:00,2026-06-08 11:55:00+00:00,2026-06-08 12:55:00+00:00,1,target,13,0.012813781523843958,0.03844134457153187,combo_short_rank5_long
combo_short_rank5,204,2026-06-08 14:25:00+00:00,2026-06-08 14:30:00+00:00,2026-06-08 17:30:00+00:00,1,time_open,37,-0.009114896741930847,-0.027344690225792542,combo_short_rank5_long
combo_short_rank5,205,2026-06-09 16:30:00+00:00,2026-06-09 16:35:00+00:00,2026-06-09 19:35:00+00:00,-1,time_open,37,0.0009671677946451475,0.0029015033839354426,combo_short_rank5_short
combo_short_rank5,206,2026-06-11 18:50:00+00:00,2026-06-11 18:55:00+00:00,2026-06-11 21:55:00+00:00,1,time_open,37,0.005559643854380876,0.01667893156314263,combo_short_rank5_long
combo_short_rank5,207,2026-06-15 06:40:00+00:00,2026-06-15 06:45:00+00:00,2026-06-15 07:10:00+00:00,1,target,6,0.008438408069479408,0.025315224208438222,combo_short_rank5_long
combo_short_rank5,208,2026-06-15 07:45:00+00:00,2026-06-15 07:50:00+00:00,2026-06-15 08:40:00+00:00,1,target,11,0.010518506217615688,0.031555518652847066,combo_short_rank5_long
combo_short_rank5,209,2026-06-15 09:40:00+00:00,2026-06-15 09:45:00+00:00,2026-06-15 10:05:00+00:00,1,target,5,0.008594396442941257,0.025783189328823772,combo_short_rank5_long
combo_short_rank5,210,2026-06-15 11:05:00+00:00,2026-06-15 11:10:00+00:00,2026-06-15 14:10:00+00:00,1,time_open,37,-0.015377026573111685,-0.046131079719335055,combo_short_rank5_long
combo_short_rank5,211,2026-06-16 10:05:00+00:00,2026-06-16 10:10:00+00:00,2026-06-16 10:25:00+00:00,1,target,4,0.012038241004495366,0.036114723013486096,combo_short_rank5_long
combo_short_rank5,212,2026-06-16 11:05:00+00:00,2026-06-16 11:10:00+00:00,2026-06-16 14:10:00+00:00,1,time_open,37,-0.00401904743742438,-0.012057142312273141,combo_short_rank5_long
combo_short_rank5,213,2026-06-18 17:30:00+00:00,2026-06-18 17:35:00+00:00,2026-06-18 20:35:00+00:00,-1,time_open,37,-0.028066168347637883,-0.08419850504291365,combo_short_rank5_short
combo_short_rank5,214,2026-06-23 06:55:00+00:00,2026-06-23 07:00:00+00:00,2026-06-23 08:15:00+00:00,-1,target,16,0.022140469363775624,0.06642140809132688,combo_short_rank5_short
combo_short_rank6,1,2025-06-02 21:35:00+00:00,2025-06-02 21:40:00+00:00,2025-06-02 22:00:00+00:00,1,target,5,0.015496134274602754,0.04648840282380826,combo_short_rank6_long
combo_short_rank6,2,2025-06-03 00:45:00+00:00,2025-06-03 00:50:00+00:00,2025-06-03 03:50:00+00:00,1,time_open,37,-0.014306255089924119,-0.042918765269772355,combo_short_rank6_long
combo_short_rank6,3,2025-06-03 05:55:00+00:00,2025-06-03 06:00:00+00:00,2025-06-03 09:00:00+00:00,1,time_open,37,0.0033241059043635436,0.009972317713090631,combo_short_rank6_long
combo_short_rank6,4,2025-06-03 11:10:00+00:00,2025-06-03 11:15:00+00:00,2025-06-03 14:15:00+00:00,1,time_open,37,-0.008588737313778872,-0.025766211941336617,combo_short_rank6_long
combo_short_rank6,5,2025-06-05 19:40:00+00:00,2025-06-05 19:45:00+00:00,2025-06-05 20:20:00+00:00,-1,target,8,0.02779456782596757,0.08338370347790272,combo_short_rank6_short
combo_short_rank6,6,2025-06-09 20:55:00+00:00,2025-06-09 21:00:00+00:00,2025-06-09 22:00:00+00:00,1,target,13,0.0142276903055964,0.042683070916789204,combo_short_rank6_long
combo_short_rank6,7,2025-06-09 23:25:00+00:00,2025-06-09 23:30:00+00:00,2025-06-10 00:25:00+00:00,1,target,12,0.014227746718657884,0.042683240155973655,combo_short_rank6_long
combo_short_rank6,8,2025-06-10 00:40:00+00:00,2025-06-10 00:45:00+00:00,2025-06-10 02:00:00+00:00,1,target,16,0.01595915187490664,0.04787745562471993,combo_short_rank6_long
combo_short_rank6,9,2025-06-10 11:35:00+00:00,2025-06-10 11:40:00+00:00,2025-06-10 14:40:00+00:00,1,time_open,37,-0.0378890815202644,-0.11366724456079319,combo_short_rank6_long
combo_short_rank6,10,2025-06-13 02:00:00+00:00,2025-06-13 02:05:00+00:00,2025-06-13 05:05:00+00:00,-1,time_open,37,-0.035317637409588855,-0.10595291222876657,combo_short_rank6_short
combo_short_rank6,11,2025-06-13 23:15:00+00:00,2025-06-13 23:20:00+00:00,2025-06-14 02:20:00+00:00,1,time_open,37,-0.0042529040536935046,-0.012758712161080514,combo_short_rank6_long
combo_short_rank6,12,2025-06-16 05:40:00+00:00,2025-06-16 05:45:00+00:00,2025-06-16 06:15:00+00:00,1,target,7,0.01288301743459912,0.038649052303797365,combo_short_rank6_long
combo_short_rank6,13,2025-06-16 06:55:00+00:00,2025-06-16 07:00:00+00:00,2025-06-16 10:00:00+00:00,1,time_open,37,0.001990455497046504,0.005971366491139512,combo_short_rank6_long
combo_short_rank6,14,2025-06-16 12:40:00+00:00,2025-06-16 12:45:00+00:00,2025-06-16 14:00:00+00:00,1,target,16,0.010423966871420816,0.031271900614262445,combo_short_rank6_long
combo_short_rank6,15,2025-06-16 14:40:00+00:00,2025-06-16 14:45:00+00:00,2025-06-16 17:45:00+00:00,1,time_open,37,-0.014226196470066788,-0.04267858941020036,combo_short_rank6_long
combo_short_rank6,16,2025-06-17 11:00:00+00:00,2025-06-17 11:05:00+00:00,2025-06-17 14:05:00+00:00,-1,time_open,37,0.00912206531343872,0.02736619594031616,combo_short_rank6_short
combo_short_rank6,17,2025-06-19 04:45:00+00:00,2025-06-19 04:50:00+00:00,2025-06-19 07:50:00+00:00,-1,time_open,37,0.004477989581323016,0.013433968743969047,combo_short_rank6_short
combo_short_rank6,18,2025-06-19 14:25:00+00:00,2025-06-19 14:30:00+00:00,2025-06-19 17:00:00+00:00,-1,target,31,0.018086079358148596,0.05425823807444578,combo_short_rank6_short
combo_short_rank6,19,2025-06-20 17:55:00+00:00,2025-06-20 18:00:00+00:00,2025-06-20 21:00:00+00:00,-1,time_open,37,-0.004234507282988111,-0.012703521848964332,combo_short_rank6_short
combo_short_rank6,20,2025-06-21 17:05:00+00:00,2025-06-21 17:10:00+00:00,2025-06-21 19:10:00+00:00,-1,target,25,0.023788205744744786,0.07136461723423436,combo_short_rank6_short
combo_short_rank6,21,2025-06-21 19:15:00+00:00,2025-06-21 19:20:00+00:00,2025-06-21 19:45:00+00:00,-1,target,6,0.02141817859726104,0.06425453579178311,combo_short_rank6_short
combo_short_rank6,22,2025-06-23 05:35:00+00:00,2025-06-23 05:40:00+00:00,2025-06-23 06:05:00+00:00,1,target,6,0.01016136758684936,0.030484102760548082,combo_short_rank6_long
combo_short_rank6,23,2025-06-27 01:15:00+00:00,2025-06-27 01:20:00+00:00,2025-06-27 03:00:00+00:00,-1,stop_market,21,-0.028600340961460302,-0.0858010228843809,combo_short_rank6_short
combo_short_rank6,24,2025-07-01 20:40:00+00:00,2025-07-01 20:45:00+00:00,2025-07-01 23:45:00+00:00,-1,time_open,37,0.011440512094424059,0.034321536283272176,combo_short_rank6_short
combo_short_rank6,25,2025-07-08 05:00:00+00:00,2025-07-08 05:05:00+00:00,2025-07-08 07:25:00+00:00,-1,stop_market,29,-0.018629391252599388,-0.055888173757798164,combo_short_rank6_short
combo_short_rank6,26,2025-07-11 05:00:00+00:00,2025-07-11 05:05:00+00:00,2025-07-11 06:20:00+00:00,1,target,16,0.00948107918998686,0.02844323756996058,combo_short_rank6_long
combo_short_rank6,27,2025-07-11 06:40:00+00:00,2025-07-11 06:45:00+00:00,2025-07-11 09:45:00+00:00,1,time_open,37,-0.0025277998608205727,-0.007583399582461718,combo_short_rank6_long
combo_short_rank6,28,2025-07-22 06:40:00+00:00,2025-07-22 06:45:00+00:00,2025-07-22 09:45:00+00:00,-1,time_open,37,-0.01338133787909632,-0.040144013637288964,combo_short_rank6_short
combo_short_rank6,29,2025-07-24 07:20:00+00:00,2025-07-24 07:25:00+00:00,2025-07-24 10:25:00+00:00,-1,time_open,37,0.006282418538724398,0.018847255616173196,combo_short_rank6_short
combo_short_rank6,30,2025-08-01 19:35:00+00:00,2025-08-01 19:40:00+00:00,2025-08-01 22:35:00+00:00,-1,target,36,0.020621477468864356,0.06186443240659307,combo_short_rank6_short
combo_short_rank6,31,2025-08-08 00:35:00+00:00,2025-08-08 00:40:00+00:00,2025-08-08 03:40:00+00:00,1,time_open,37,-0.005917873540102114,-0.017753620620306342,combo_short_rank6_long
combo_short_rank6,32,2025-08-13 18:00:00+00:00,2025-08-13 18:05:00+00:00,2025-08-13 21:05:00+00:00,1,time_open,37,-0.011124189384001304,-0.033372568152003915,combo_short_rank6_long
combo_short_rank6,33,2025-08-13 21:10:00+00:00,2025-08-13 21:15:00+00:00,2025-08-13 23:35:00+00:00,1,target,29,0.01336988356928487,0.04010965070785461,combo_short_rank6_long
combo_short_rank6,34,2025-08-13 23:40:00+00:00,2025-08-13 23:45:00+00:00,2025-08-14 02:45:00+00:00,1,time_open,37,-0.003605361250074216,-0.010816083750222649,combo_short_rank6_long
combo_short_rank6,35,2025-08-15 08:00:00+00:00,2025-08-15 08:05:00+00:00,2025-08-15 08:40:00+00:00,1,target,8,0.01092423962991835,0.032772718889755054,combo_short_rank6_long
combo_short_rank6,36,2025-08-22 15:35:00+00:00,2025-08-22 15:40:00+00:00,2025-08-22 18:40:00+00:00,1,time_open,37,0.00405088529599411,0.01215265588798233,combo_short_rank6_long
combo_short_rank6,37,2025-08-22 19:50:00+00:00,2025-08-22 19:55:00+00:00,2025-08-22 22:05:00+00:00,1,target,27,0.008516845829247341,0.025550537487742025,combo_short_rank6_long
combo_short_rank6,38,2025-08-25 02:45:00+00:00,2025-08-25 02:50:00+00:00,2025-08-25 05:50:00+00:00,1,time_open,37,-0.027789914422283627,-0.08336974326685088,combo_short_rank6_long
combo_short_rank6,39,2025-08-25 22:45:00+00:00,2025-08-25 22:50:00+00:00,2025-08-26 00:45:00+00:00,-1,target,24,0.015847631230387602,0.04754289369116281,combo_short_rank6_short
combo_short_rank6,40,2025-08-26 17:35:00+00:00,2025-08-26 17:40:00+00:00,2025-08-26 19:15:00+00:00,1,target,20,0.014478845915917589,0.04343653774775277,combo_short_rank6_long
combo_short_rank6,41,2025-08-26 22:45:00+00:00,2025-08-26 22:50:00+00:00,2025-08-27 01:50:00+00:00,1,time_open,37,-0.002085917491393976,-0.006257752474181928,combo_short_rank6_long
combo_short_rank6,42,2025-08-27 02:20:00+00:00,2025-08-27 02:25:00+00:00,2025-08-27 02:45:00+00:00,1,target,5,0.010940986832674504,0.03282296049802351,combo_short_rank6_long
combo_short_rank6,43,2025-08-27 04:20:00+00:00,2025-08-27 04:25:00+00:00,2025-08-27 07:25:00+00:00,1,time_open,37,-0.012739258054619527,-0.03821777416385858,combo_short_rank6_long
combo_short_rank6,44,2025-09-08 10:05:00+00:00,2025-09-08 10:10:00+00:00,2025-09-08 13:05:00+00:00,1,target,36,0.010216506279960895,0.030649518839882685,combo_short_rank6_long
combo_short_rank6,45,2025-09-08 13:55:00+00:00,2025-09-08 14:00:00+00:00,2025-09-08 17:00:00+00:00,1,time_open,37,-0.008135828775788662,-0.024407486327365988,combo_short_rank6_long
combo_short_rank6,46,2025-09-09 10:55:00+00:00,2025-09-09 11:00:00+00:00,2025-09-09 12:40:00+00:00,1,stop_market,21,-0.032093257432788874,-0.09627977229836662,combo_short_rank6_long
combo_short_rank6,47,2025-09-18 01:45:00+00:00,2025-09-18 01:50:00+00:00,2025-09-18 04:50:00+00:00,1,time_open,37,-0.014254711821291198,-0.042764135463873594,combo_short_rank6_long
combo_short_rank6,48,2025-09-22 18:30:00+00:00,2025-09-22 18:35:00+00:00,2025-09-22 19:40:00+00:00,-1,target,14,0.014000336943196641,0.04200101082958992,combo_short_rank6_short
combo_short_rank6,49,2025-09-23 21:00:00+00:00,2025-09-23 21:05:00+00:00,2025-09-24 00:05:00+00:00,-1,time_open,37,0.008737238386959131,0.02621171516087739,combo_short_rank6_short
combo_short_rank6,50,2025-09-25 04:10:00+00:00,2025-09-25 04:15:00+00:00,2025-09-25 07:15:00+00:00,-1,time_open,37,0.003863501781793927,0.011590505345381781,combo_short_rank6_short
combo_short_rank6,51,2025-09-29 03:45:00+00:00,2025-09-29 03:50:00+00:00,2025-09-29 04:15:00+00:00,1,target,6,0.0108409609208871,0.0325228827626613,combo_short_rank6_long
combo_short_rank6,52,2025-09-29 04:35:00+00:00,2025-09-29 04:40:00+00:00,2025-09-29 07:40:00+00:00,1,time_open,37,-0.002290467170894425,-0.006871401512683275,combo_short_rank6_long
combo_short_rank6,53,2025-10-09 17:20:00+00:00,2025-10-09 17:25:00+00:00,2025-10-09 20:25:00+00:00,-1,time_open,37,-0.018091305328249086,-0.05427391598474726,combo_short_rank6_short
combo_short_rank6,54,2025-10-10 18:15:00+00:00,2025-10-10 18:20:00+00:00,2025-10-10 20:50:00+00:00,-1,target,31,0.017860489839559304,0.05358146951867791,combo_short_rank6_short
combo_short_rank6,55,2025-10-10 21:35:00+00:00,2025-10-10 21:40:00+00:00,2025-10-11 00:40:00+00:00,-1,time_open,37,0.005132395381703298,0.015397186145109893,combo_short_rank6_short
combo_short_rank6,56,2025-10-11 00:45:00+00:00,2025-10-11 00:50:00+00:00,2025-10-11 01:40:00+00:00,-1,target,11,0.06060164403203811,0.18180493209611434,combo_short_rank6_short
combo_short_rank6,57,2025-10-12 09:45:00+00:00,2025-10-12 09:50:00+00:00,2025-10-12 12:50:00+00:00,-1,time_open,37,-0.023007791000613044,-0.06902337300183914,combo_short_rank6_short
combo_short_rank6,58,2025-10-12 19:15:00+00:00,2025-10-12 19:20:00+00:00,2025-10-12 20:35:00+00:00,1,target,16,0.014770395436148165,0.044311186308444495,combo_short_rank6_long
combo_short_rank6,59,2025-10-13 01:55:00+00:00,2025-10-13 02:00:00+00:00,2025-10-13 05:00:00+00:00,1,time_open,37,-0.030145853316466877,-0.09043755994940063,combo_short_rank6_long
combo_short_rank6,60,2025-10-13 20:25:00+00:00,2025-10-13 20:30:00+00:00,2025-10-13 20:50:00+00:00,1,target,5,0.016655132763630332,0.049965398290891,combo_short_rank6_long
combo_short_rank6,61,2025-10-13 21:15:00+00:00,2025-10-13 21:20:00+00:00,2025-10-14 00:20:00+00:00,1,time_open,37,-0.012380896422171406,-0.03714268926651422,combo_short_rank6_long
combo_short_rank6,62,2025-10-17 08:35:00+00:00,2025-10-17 08:40:00+00:00,2025-10-17 11:40:00+00:00,-1,time_open,37,-0.036975488768882764,-0.11092646630664829,combo_short_rank6_short
combo_short_rank6,63,2025-10-21 06:20:00+00:00,2025-10-21 06:25:00+00:00,2025-10-21 09:25:00+00:00,-1,time_open,37,0.002498574167233594,0.007495722501700782,combo_short_rank6_short
combo_short_rank6,64,2025-10-22 01:55:00+00:00,2025-10-22 02:00:00+00:00,2025-10-22 05:00:00+00:00,-1,time_open,37,0.0013916277329467882,0.004174883198840365,combo_short_rank6_short
combo_short_rank6,65,2025-10-23 03:05:00+00:00,2025-10-23 03:10:00+00:00,2025-10-23 06:10:00+00:00,1,time_open,37,-0.002446354438045768,-0.0073390633141373045,combo_short_rank6_long
combo_short_rank6,66,2025-10-23 08:40:00+00:00,2025-10-23 08:45:00+00:00,2025-10-23 11:45:00+00:00,1,time_open,37,-0.001919761770366497,-0.005759285311099491,combo_short_rank6_long
combo_short_rank6,67,2025-10-23 12:15:00+00:00,2025-10-23 12:20:00+00:00,2025-10-23 12:55:00+00:00,1,target,8,0.014277689179859998,0.042833067539579994,combo_short_rank6_long
combo_short_rank6,68,2025-10-23 13:00:00+00:00,2025-10-23 13:05:00+00:00,2025-10-23 16:05:00+00:00,1,time_open,37,-0.003128797907948495,-0.009386393723845485,combo_short_rank6_long
combo_short_rank6,69,2025-10-23 16:15:00+00:00,2025-10-23 16:20:00+00:00,2025-10-23 19:20:00+00:00,1,time_open,37,-0.02490912296870269,-0.07472736890610807,combo_short_rank6_long
combo_short_rank6,70,2025-10-25 22:20:00+00:00,2025-10-25 22:25:00+00:00,2025-10-25 22:40:00+00:00,1,target,4,0.014744934893972302,0.04423480468191691,combo_short_rank6_long
combo_short_rank6,71,2025-10-25 22:55:00+00:00,2025-10-25 23:00:00+00:00,2025-10-26 02:00:00+00:00,1,time_open,37,-0.0077102204759059234,-0.02313066142771777,combo_short_rank6_long
combo_short_rank6,72,2025-10-26 02:05:00+00:00,2025-10-26 02:10:00+00:00,2025-10-26 05:10:00+00:00,1,time_open,37,-0.012910616580455591,-0.03873184974136677,combo_short_rank6_long
combo_short_rank6,73,2025-10-26 07:30:00+00:00,2025-10-26 07:35:00+00:00,2025-10-26 08:00:00+00:00,1,target,6,0.009220886401672939,0.027662659205018817,combo_short_rank6_long
combo_short_rank6,74,2025-10-26 10:00:00+00:00,2025-10-26 10:05:00+00:00,2025-10-26 11:10:00+00:00,1,target,14,0.016219696864110143,0.04865909059233043,combo_short_rank6_long
combo_short_rank6,75,2025-10-26 12:00:00+00:00,2025-10-26 12:05:00+00:00,2025-10-26 12:15:00+00:00,1,target,3,0.01882452769146418,0.05647358307439254,combo_short_rank6_long
combo_short_rank6,76,2025-10-26 12:25:00+00:00,2025-10-26 12:30:00+00:00,2025-10-26 15:30:00+00:00,1,time_open,37,-0.010139671798866316,-0.03041901539659895,combo_short_rank6_long
combo_short_rank6,77,2025-10-26 18:35:00+00:00,2025-10-26 18:40:00+00:00,2025-10-26 21:40:00+00:00,1,time_open,37,-0.01056831824572628,-0.03170495473717884,combo_short_rank6_long
combo_short_rank6,78,2025-10-26 22:05:00+00:00,2025-10-26 22:10:00+00:00,2025-10-27 01:10:00+00:00,1,time_open,37,-0.0016789093747814686,-0.005036728124344405,combo_short_rank6_long
combo_short_rank6,79,2025-11-03 16:15:00+00:00,2025-11-03 16:20:00+00:00,2025-11-03 19:20:00+00:00,-1,time_open,37,-0.006048774935031482,-0.018146324805094444,combo_short_rank6_short
combo_short_rank6,80,2025-11-04 07:00:00+00:00,2025-11-04 07:05:00+00:00,2025-11-04 10:05:00+00:00,-1,time_open,37,0.002258262889676378,0.0067747886690291345,combo_short_rank6_short
combo_short_rank6,81,2025-11-04 18:45:00+00:00,2025-11-04 18:50:00+00:00,2025-11-04 21:50:00+00:00,-1,time_open,37,0.00855635529694239,0.025669065890827174,combo_short_rank6_short
combo_short_rank6,82,2025-11-05 10:15:00+00:00,2025-11-05 10:20:00+00:00,2025-11-05 11:30:00+00:00,1,target,15,0.013881994915359123,0.04164598474607737,combo_short_rank6_long
combo_short_rank6,83,2025-11-05 12:05:00+00:00,2025-11-05 12:10:00+00:00,2025-11-05 15:10:00+00:00,1,time_open,37,0.010499959939981447,0.03149987981994434,combo_short_rank6_long
combo_short_rank6,84,2025-11-05 16:45:00+00:00,2025-11-05 16:50:00+00:00,2025-11-05 19:50:00+00:00,1,time_open,37,-0.011824841735812308,-0.03547452520743692,combo_short_rank6_long
combo_short_rank6,85,2025-11-06 17:30:00+00:00,2025-11-06 17:35:00+00:00,2025-11-06 20:35:00+00:00,-1,time_open,37,-0.003103153633398567,-0.009309460900195701,combo_short_rank6_short
combo_short_rank6,86,2025-11-07 17:45:00+00:00,2025-11-07 17:50:00+00:00,2025-11-07 19:35:00+00:00,1,target,22,0.02063505874779905,0.06190517624339715,combo_short_rank6_long
combo_short_rank6,87,2025-11-07 19:45:00+00:00,2025-11-07 19:50:00+00:00,2025-11-07 20:10:00+00:00,1,target,5,0.013720032916227736,0.041160098748683205,combo_short_rank6_long
combo_short_rank6,88,2025-11-07 20:15:00+00:00,2025-11-07 20:20:00+00:00,2025-11-07 23:20:00+00:00,1,time_open,37,-0.005733905310358177,-0.01720171593107453,combo_short_rank6_long
combo_short_rank6,89,2025-11-07 23:20:00+00:00,2025-11-07 23:25:00+00:00,2025-11-08 02:25:00+00:00,1,time_open,37,0.0007666482515769087,0.002299944754730726,combo_short_rank6_long
combo_short_rank6,90,2025-11-08 03:00:00+00:00,2025-11-08 03:05:00+00:00,2025-11-08 06:00:00+00:00,1,stop_market,36,-0.04137111022743027,-0.12411333068229081,combo_short_rank6_long
combo_short_rank6,91,2025-11-18 06:10:00+00:00,2025-11-18 06:15:00+00:00,2025-11-18 09:15:00+00:00,1,time_open,37,0.0030900380102084493,0.009270114030625349,combo_short_rank6_long
combo_short_rank6,92,2025-11-18 09:45:00+00:00,2025-11-18 09:50:00+00:00,2025-11-18 12:40:00+00:00,1,target,35,0.01241787937471092,0.03725363812413276,combo_short_rank6_long
combo_short_rank6,93,2025-11-21 08:55:00+00:00,2025-11-21 09:00:00+00:00,2025-11-21 09:50:00+00:00,-1,target,11,0.02749826293884618,0.08249478881653854,combo_short_rank6_short
combo_short_rank6,94,2025-11-21 11:10:00+00:00,2025-11-21 11:15:00+00:00,2025-11-21 12:15:00+00:00,-1,target,13,0.03539652118608884,0.10618956355826652,combo_short_rank6_short
combo_short_rank6,95,2025-11-22 21:40:00+00:00,2025-11-22 21:45:00+00:00,2025-11-23 00:45:00+00:00,-1,time_open,37,0.005871912495358981,0.017615737486076942,combo_short_rank6_short
combo_short_rank6,96,2025-12-01 01:50:00+00:00,2025-12-01 01:55:00+00:00,2025-12-01 04:55:00+00:00,-1,time_open,37,0.013624916134770085,0.040874748404310254,combo_short_rank6_short
combo_short_rank6,97,2025-12-01 14:25:00+00:00,2025-12-01 14:30:00+00:00,2025-12-01 17:30:00+00:00,-1,time_open,37,0.006406209119707972,0.019218627359123917,combo_short_rank6_short
combo_short_rank6,98,2025-12-02 17:15:00+00:00,2025-12-02 17:20:00+00:00,2025-12-02 19:00:00+00:00,1,target,21,0.018025738374068248,0.054077215122204744,combo_short_rank6_long
combo_short_rank6,99,2025-12-03 03:40:00+00:00,2025-12-03 03:45:00+00:00,2025-12-03 05:05:00+00:00,1,target,17,0.015073577416439367,0.0452207322493181,combo_short_rank6_long
combo_short_rank6,100,2025-12-07 10:55:00+00:00,2025-12-07 11:00:00+00:00,2025-12-07 11:30:00+00:00,-1,stop_market,7,-0.0207124664599803,-0.062137399379940894,combo_short_rank6_short
combo_short_rank6,101,2025-12-07 15:30:00+00:00,2025-12-07 15:35:00+00:00,2025-12-07 18:35:00+00:00,-1,time_open,37,-0.03584851007181942,-0.10754553021545826,combo_short_rank6_short
combo_short_rank6,102,2025-12-09 05:40:00+00:00,2025-12-09 05:45:00+00:00,2025-12-09 06:35:00+00:00,-1,target,11,0.022145025578362596,0.06643507673508779,combo_short_rank6_short
combo_short_rank6,103,2025-12-15 18:15:00+00:00,2025-12-15 18:20:00+00:00,2025-12-15 21:20:00+00:00,-1,time_open,37,-0.0007628940814347352,-0.0022886822443042056,combo_short_rank6_short
combo_short_rank6,104,2025-12-17 20:25:00+00:00,2025-12-17 20:30:00+00:00,2025-12-17 23:30:00+00:00,-1,time_open,37,0.012883840760062253,0.038651522280186756,combo_short_rank6_short
combo_short_rank6,105,2025-12-18 20:10:00+00:00,2025-12-18 20:15:00+00:00,2025-12-18 23:15:00+00:00,-1,time_open,37,0.014849198480256147,0.04454759544076844,combo_short_rank6_short
combo_short_rank6,106,2026-01-20 14:45:00+00:00,2026-01-20 14:50:00+00:00,2026-01-20 17:25:00+00:00,-1,target,32,0.02656649950923531,0.07969949852770593,combo_short_rank6_short
combo_short_rank6,107,2026-01-24 01:40:00+00:00,2026-01-24 01:45:00+00:00,2026-01-24 02:10:00+00:00,1,target,6,0.010298757917086647,0.030896273751259938,combo_short_rank6_long
combo_short_rank6,108,2026-01-24 03:55:00+00:00,2026-01-24 04:00:00+00:00,2026-01-24 07:00:00+00:00,1,time_open,37,-0.010589917820245804,-0.03176975346073741,combo_short_rank6_long
combo_short_rank6,109,2026-01-26 19:20:00+00:00,2026-01-26 19:25:00+00:00,2026-01-26 21:40:00+00:00,1,target,28,0.015050028971937366,0.0451500869158121,combo_short_rank6_long
combo_short_rank6,110,2026-01-26 22:00:00+00:00,2026-01-26 22:05:00+00:00,2026-01-26 22:45:00+00:00,1,target,9,0.013932554721309194,0.041797664163927585,combo_short_rank6_long
combo_short_rank6,111,2026-01-26 22:55:00+00:00,2026-01-26 23:00:00+00:00,2026-01-27 02:00:00+00:00,1,time_open,37,0.016523195354803365,0.049569586064410094,combo_short_rank6_long
combo_short_rank6,112,2026-01-27 02:10:00+00:00,2026-01-27 02:15:00+00:00,2026-01-27 02:45:00+00:00,1,target,7,0.012517796038059728,0.03755338811417919,combo_short_rank6_long
combo_short_rank6,113,2026-01-27 03:45:00+00:00,2026-01-27 03:50:00+00:00,2026-01-27 04:10:00+00:00,1,target,5,0.016691468042866003,0.05007440412859801,combo_short_rank6_long
combo_short_rank6,114,2026-01-27 04:45:00+00:00,2026-01-27 04:50:00+00:00,2026-01-27 05:35:00+00:00,1,target,10,0.017782027996468615,0.053346083989405844,combo_short_rank6_long
combo_short_rank6,115,2026-01-27 05:40:00+00:00,2026-01-27 05:45:00+00:00,2026-01-27 06:40:00+00:00,1,target,12,0.01614916787335833,0.04844750362007499,combo_short_rank6_long
combo_short_rank6,116,2026-01-27 07:45:00+00:00,2026-01-27 07:50:00+00:00,2026-01-27 10:50:00+00:00,1,time_open,37,-0.008435953679747586,-0.025307861039242756,combo_short_rank6_long
combo_short_rank6,117,2026-01-27 11:10:00+00:00,2026-01-27 11:15:00+00:00,2026-01-27 12:25:00+00:00,1,target,15,0.017072748531337088,0.051218245594011266,combo_short_rank6_long
combo_short_rank6,118,2026-01-27 13:35:00+00:00,2026-01-27 13:40:00+00:00,2026-01-27 15:50:00+00:00,1,target,27,0.014979255330401514,0.04493776599120454,combo_short_rank6_long
combo_short_rank6,119,2026-01-27 16:00:00+00:00,2026-01-27 16:05:00+00:00,2026-01-27 16:55:00+00:00,1,target,11,0.018460942382225762,0.05538282714667729,combo_short_rank6_long
combo_short_rank6,120,2026-01-27 18:00:00+00:00,2026-01-27 18:05:00+00:00,2026-01-27 19:25:00+00:00,1,target,17,0.028689806530706255,0.08606941959211876,combo_short_rank6_long
combo_short_rank6,121,2026-01-27 19:50:00+00:00,2026-01-27 19:55:00+00:00,2026-01-27 20:15:00+00:00,1,target,5,0.016662175873492727,0.049986527620478186,combo_short_rank6_long
combo_short_rank6,122,2026-01-27 20:30:00+00:00,2026-01-27 20:35:00+00:00,2026-01-27 22:30:00+00:00,1,target,24,0.018792363600421576,0.056377090801264726,combo_short_rank6_long
combo_short_rank6,123,2026-01-27 22:55:00+00:00,2026-01-27 23:00:00+00:00,2026-01-28 00:05:00+00:00,1,target,14,0.017834456413609985,0.053503369240829955,combo_short_rank6_long
combo_short_rank6,124,2026-01-28 00:15:00+00:00,2026-01-28 00:20:00+00:00,2026-01-28 00:55:00+00:00,1,target,8,0.020277055094760684,0.06083116528428205,combo_short_rank6_long
combo_short_rank6,125,2026-01-28 01:35:00+00:00,2026-01-28 01:40:00+00:00,2026-01-28 02:15:00+00:00,1,target,8,0.03076747970895687,0.09230243912687061,combo_short_rank6_long
combo_short_rank6,126,2026-01-28 02:55:00+00:00,2026-01-28 03:00:00+00:00,2026-01-28 03:35:00+00:00,1,target,8,0.02963235446175291,0.08889706338525873,combo_short_rank6_long
combo_short_rank6,127,2026-01-28 03:50:00+00:00,2026-01-28 03:55:00+00:00,2026-01-28 06:55:00+00:00,1,time_open,37,-0.002853947398115867,-0.0085618421943476,combo_short_rank6_long
combo_short_rank6,128,2026-01-28 07:40:00+00:00,2026-01-28 07:45:00+00:00,2026-01-28 08:00:00+00:00,1,target,4,0.016216107030826547,0.04864832109247964,combo_short_rank6_long
combo_short_rank6,129,2026-01-28 08:20:00+00:00,2026-01-28 08:25:00+00:00,2026-01-28 11:25:00+00:00,1,time_open,37,0.0018193640426490934,0.005458092127947281,combo_short_rank6_long
combo_short_rank6,130,2026-01-28 11:25:00+00:00,2026-01-28 11:30:00+00:00,2026-01-28 14:30:00+00:00,1,time_open,37,-0.018761180811765622,-0.05628354243529687,combo_short_rank6_long
combo_short_rank6,131,2026-01-30 02:35:00+00:00,2026-01-30 02:40:00+00:00,2026-01-30 05:40:00+00:00,-1,time_open,37,-0.007559250954339845,-0.022677752863019533,combo_short_rank6_short
combo_short_rank6,132,2026-01-30 15:45:00+00:00,2026-01-30 15:50:00+00:00,2026-01-30 18:45:00+00:00,-1,stop_market,36,-0.061375012695332104,-0.1841250380859963,combo_short_rank6_short
combo_short_rank6,133,2026-01-31 17:15:00+00:00,2026-01-31 17:20:00+00:00,2026-01-31 20:20:00+00:00,-1,time_open,37,-0.019619902858498704,-0.05885970857549611,combo_short_rank6_short
combo_short_rank6,134,2026-02-02 22:35:00+00:00,2026-02-02 22:40:00+00:00,2026-02-03 01:00:00+00:00,1,target,29,0.021645524833803793,0.06493657450141138,combo_short_rank6_long
combo_short_rank6,135,2026-02-03 01:30:00+00:00,2026-02-03 01:35:00+00:00,2026-02-03 01:50:00+00:00,1,target,4,0.022973850587040257,0.06892155176112078,combo_short_rank6_long
combo_short_rank6,136,2026-02-03 02:55:00+00:00,2026-02-03 03:00:00+00:00,2026-02-03 03:30:00+00:00,1,target,7,0.02826137667980181,0.08478413003940544,combo_short_rank6_long
combo_short_rank6,137,2026-02-03 04:20:00+00:00,2026-02-03 04:25:00+00:00,2026-02-03 07:25:00+00:00,1,time_open,37,-0.014742204567824506,-0.04422661370347352,combo_short_rank6_long
combo_short_rank6,138,2026-02-03 07:30:00+00:00,2026-02-03 07:35:00+00:00,2026-02-03 08:25:00+00:00,1,target,11,0.019201472332869632,0.057604416998608896,combo_short_rank6_long
combo_short_rank6,139,2026-02-03 09:55:00+00:00,2026-02-03 10:00:00+00:00,2026-02-03 13:00:00+00:00,1,time_open,37,-0.028258972996509268,-0.0847769189895278,combo_short_rank6_long
combo_short_rank6,140,2026-02-05 13:45:00+00:00,2026-02-05 13:50:00+00:00,2026-02-05 16:00:00+00:00,-1,target,27,0.026203393452400622,0.07861018035720187,combo_short_rank6_short
combo_short_rank6,141,2026-02-06 04:20:00+00:00,2026-02-06 04:25:00+00:00,2026-02-06 07:25:00+00:00,1,time_open,37,-0.04936937282456918,-0.14810811847370753,combo_short_rank6_long
combo_short_rank6,142,2026-02-28 18:50:00+00:00,2026-02-28 18:55:00+00:00,2026-02-28 20:20:00+00:00,1,target,18,0.019142598109568903,0.057427794328706705,combo_short_rank6_long
combo_short_rank6,143,2026-02-28 20:30:00+00:00,2026-02-28 20:35:00+00:00,2026-02-28 20:45:00+00:00,1,target,3,0.01795406367035337,0.05386219101106011,combo_short_rank6_long
combo_short_rank6,144,2026-02-28 21:00:00+00:00,2026-02-28 21:05:00+00:00,2026-02-28 22:25:00+00:00,1,target,17,0.019814061364452344,0.05944218409335703,combo_short_rank6_long
combo_short_rank6,145,2026-02-28 22:40:00+00:00,2026-02-28 22:45:00+00:00,2026-02-28 23:45:00+00:00,1,target,13,0.014622284839401523,0.04386685451820457,combo_short_rank6_long
combo_short_rank6,146,2026-03-01 01:50:00+00:00,2026-03-01 01:55:00+00:00,2026-03-01 02:00:00+00:00,1,target,2,0.0161120163560902,0.048336049068270596,combo_short_rank6_long
combo_short_rank6,147,2026-03-01 03:25:00+00:00,2026-03-01 03:30:00+00:00,2026-03-01 05:45:00+00:00,1,target,28,0.013393139663125669,0.040179418989377005,combo_short_rank6_long
combo_short_rank6,148,2026-03-01 06:15:00+00:00,2026-03-01 06:20:00+00:00,2026-03-01 09:20:00+00:00,1,time_open,37,-0.007332285650752828,-0.021996856952258486,combo_short_rank6_long
combo_short_rank6,149,2026-03-02 22:45:00+00:00,2026-03-02 22:50:00+00:00,2026-03-03 01:50:00+00:00,1,time_open,37,-0.0075797110177607254,-0.022739133053282175,combo_short_rank6_long
combo_short_rank6,150,2026-03-03 02:50:00+00:00,2026-03-03 02:55:00+00:00,2026-03-03 03:10:00+00:00,1,target,4,0.011294297386607876,0.033882892159823624,combo_short_rank6_long
combo_short_rank6,151,2026-03-03 04:35:00+00:00,2026-03-03 04:40:00+00:00,2026-03-03 05:05:00+00:00,1,target,6,0.009307310983249089,0.027921932949747267,combo_short_rank6_long
combo_short_rank6,152,2026-03-09 14:50:00+00:00,2026-03-09 14:55:00+00:00,2026-03-09 16:20:00+00:00,1,target,18,0.02119666027402636,0.06358998082207908,combo_short_rank6_long
combo_short_rank6,153,2026-03-09 17:15:00+00:00,2026-03-09 17:20:00+00:00,2026-03-09 20:20:00+00:00,1,time_open,37,0.006319387913195441,0.018958163739586323,combo_short_rank6_long
combo_short_rank6,154,2026-03-09 20:30:00+00:00,2026-03-09 20:35:00+00:00,2026-03-09 21:05:00+00:00,1,target,7,0.015458400663412232,0.046375201990236696,combo_short_rank6_long
combo_short_rank6,155,2026-03-09 21:35:00+00:00,2026-03-09 21:40:00+00:00,2026-03-10 00:40:00+00:00,1,time_open,37,-0.018779953913612875,-0.056339861740838625,combo_short_rank6_long
combo_short_rank6,156,2026-03-10 03:40:00+00:00,2026-03-10 03:45:00+00:00,2026-03-10 06:45:00+00:00,1,time_open,37,-0.014681882229606105,-0.044045646688818316,combo_short_rank6_long
combo_short_rank6,157,2026-03-19 10:35:00+00:00,2026-03-19 10:40:00+00:00,2026-03-19 12:05:00+00:00,-1,target,18,0.011743514489141516,0.03523054346742455,combo_short_rank6_short
combo_short_rank6,158,2026-04-08 07:25:00+00:00,2026-04-08 07:30:00+00:00,2026-04-08 07:50:00+00:00,1,target,5,0.006699842595916964,0.02009952778775089,combo_short_rank6_long
combo_short_rank6,159,2026-04-08 09:35:00+00:00,2026-04-08 09:40:00+00:00,2026-04-08 12:40:00+00:00,1,time_open,37,-0.0016624707209484091,-0.004987412162845227,combo_short_rank6_long
combo_short_rank6,160,2026-05-14 15:35:00+00:00,2026-05-14 15:40:00+00:00,2026-05-14 16:30:00+00:00,1,target,11,0.01447340638717408,0.04342021916152224,combo_short_rank6_long
combo_short_rank6,161,2026-05-14 16:35:00+00:00,2026-05-14 16:40:00+00:00,2026-05-14 17:05:00+00:00,1,target,6,0.014658067181291382,0.043974201543874145,combo_short_rank6_long
combo_short_rank6,162,2026-05-14 17:20:00+00:00,2026-05-14 17:25:00+00:00,2026-05-14 18:15:00+00:00,1,target,11,0.01707384361705465,0.051221530851163946,combo_short_rank6_long
combo_short_rank6,163,2026-05-14 18:30:00+00:00,2026-05-14 18:35:00+00:00,2026-05-14 21:35:00+00:00,1,time_open,37,-0.00485554712601357,-0.014566641378040712,combo_short_rank6_long
combo_short_rank6,164,2026-05-14 22:05:00+00:00,2026-05-14 22:10:00+00:00,2026-05-14 23:35:00+00:00,1,target,18,0.010378863401763031,0.031136590205289093,combo_short_rank6_long
combo_short_rank6,165,2026-05-15 00:00:00+00:00,2026-05-15 00:05:00+00:00,2026-05-15 00:25:00+00:00,1,target,5,0.009892713858009619,0.029678141574028857,combo_short_rank6_long
combo_short_rank6,166,2026-05-15 01:00:00+00:00,2026-05-15 01:05:00+00:00,2026-05-15 01:35:00+00:00,1,target,7,0.010718752349013155,0.03215625704703946,combo_short_rank6_long
combo_short_rank6,167,2026-05-15 02:00:00+00:00,2026-05-15 02:05:00+00:00,2026-05-15 03:00:00+00:00,1,target,12,0.015951546385803116,0.04785463915740935,combo_short_rank6_long
combo_short_rank6,168,2026-05-15 03:15:00+00:00,2026-05-15 03:20:00+00:00,2026-05-15 06:20:00+00:00,1,time_open,37,-0.018965898918475586,-0.05689769675542676,combo_short_rank6_long
combo_short_rank6,169,2026-05-15 07:20:00+00:00,2026-05-15 07:25:00+00:00,2026-05-15 10:25:00+00:00,1,time_open,37,-0.017184567879511822,-0.05155370363853547,combo_short_rank6_long
combo_short_rank6,170,2026-05-17 20:15:00+00:00,2026-05-17 20:20:00+00:00,2026-05-17 23:20:00+00:00,1,time_open,37,-0.018424744449169594,-0.05527423334750878,combo_short_rank6_long
combo_short_rank6,171,2026-05-18 00:30:00+00:00,2026-05-18 00:35:00+00:00,2026-05-18 03:35:00+00:00,1,time_open,37,-0.02261285289577144,-0.06783855868731431,combo_short_rank6_long
combo_short_rank6,172,2026-05-20 16:30:00+00:00,2026-05-20 16:35:00+00:00,2026-05-20 17:10:00+00:00,1,target,8,0.011986538539807317,0.03595961561942195,combo_short_rank6_long
combo_short_rank6,173,2026-05-20 19:05:00+00:00,2026-05-20 19:10:00+00:00,2026-05-20 19:20:00+00:00,1,target,3,0.01047332688364174,0.03141998065092522,combo_short_rank6_long
combo_short_rank6,174,2026-05-20 21:20:00+00:00,2026-05-20 21:25:00+00:00,2026-05-20 22:15:00+00:00,1,target,11,0.01281624018453674,0.03844872055361022,combo_short_rank6_long
combo_short_rank6,175,2026-05-20 22:50:00+00:00,2026-05-20 22:55:00+00:00,2026-05-20 23:35:00+00:00,1,target,9,0.016937797498793778,0.05081339249638134,combo_short_rank6_long
combo_short_rank6,176,2026-05-21 00:05:00+00:00,2026-05-21 00:10:00+00:00,2026-05-21 00:35:00+00:00,1,target,6,0.015050307816419467,0.045150923449258404,combo_short_rank6_long
combo_short_rank6,177,2026-05-21 01:30:00+00:00,2026-05-21 01:35:00+00:00,2026-05-21 04:35:00+00:00,1,time_open,37,-0.0053163150897795565,-0.01594894526933867,combo_short_rank6_long
combo_short_rank6,178,2026-05-21 05:45:00+00:00,2026-05-21 05:50:00+00:00,2026-05-21 06:25:00+00:00,1,target,8,0.011430275400607476,0.03429082620182243,combo_short_rank6_long
combo_short_rank6,179,2026-05-21 06:55:00+00:00,2026-05-21 07:00:00+00:00,2026-05-21 07:10:00+00:00,1,target,3,0.013006390472229054,0.03901917141668716,combo_short_rank6_long
combo_short_rank6,180,2026-05-21 07:30:00+00:00,2026-05-21 07:35:00+00:00,2026-05-21 07:50:00+00:00,1,target,4,0.014260086683811853,0.04278026005143556,combo_short_rank6_long
combo_short_rank6,181,2026-05-21 08:15:00+00:00,2026-05-21 08:20:00+00:00,2026-05-21 09:30:00+00:00,1,target,15,0.014723990324019843,0.04417197097205953,combo_short_rank6_long
combo_short_rank6,182,2026-05-21 10:20:00+00:00,2026-05-21 10:25:00+00:00,2026-05-21 13:25:00+00:00,1,time_open,37,0.010150345387795134,0.030451036163385403,combo_short_rank6_long
combo_short_rank6,183,2026-05-21 13:35:00+00:00,2026-05-21 13:40:00+00:00,2026-05-21 13:55:00+00:00,1,target,4,0.016279588857853078,0.048838766573559234,combo_short_rank6_long
combo_short_rank6,184,2026-05-21 14:00:00+00:00,2026-05-21 14:05:00+00:00,2026-05-21 14:30:00+00:00,1,target,6,0.020320835247848414,0.06096250574354524,combo_short_rank6_long
combo_short_rank6,185,2026-05-21 14:55:00+00:00,2026-05-21 15:00:00+00:00,2026-05-21 18:00:00+00:00,1,time_open,37,-0.037348151898602334,-0.11204445569580701,combo_short_rank6_long
combo_short_rank6,186,2026-05-22 22:15:00+00:00,2026-05-22 22:20:00+00:00,2026-05-22 23:25:00+00:00,-1,target,14,0.01655661643720875,0.049669849311626255,combo_short_rank6_short
combo_short_rank6,187,2026-05-24 01:40:00+00:00,2026-05-24 01:45:00+00:00,2026-05-24 04:45:00+00:00,1,time_open,37,-0.016993579657679492,-0.05098073897303848,combo_short_rank6_long
combo_short_rank6,188,2026-05-24 04:50:00+00:00,2026-05-24 04:55:00+00:00,2026-05-24 05:10:00+00:00,1,target,4,0.010371750002794581,0.031115250008383742,combo_short_rank6_long
combo_short_rank6,189,2026-05-24 05:55:00+00:00,2026-05-24 06:00:00+00:00,2026-05-24 08:10:00+00:00,1,target,27,0.013890993498660471,0.041672980495981414,combo_short_rank6_long
combo_short_rank6,190,2026-05-24 08:40:00+00:00,2026-05-24 08:45:00+00:00,2026-05-24 09:35:00+00:00,1,target,11,0.016221181025222835,0.0486635430756685,combo_short_rank6_long
combo_short_rank6,191,2026-05-24 09:55:00+00:00,2026-05-24 10:00:00+00:00,2026-05-24 13:00:00+00:00,1,time_open,37,0.003108596096978729,0.009325788290936186,combo_short_rank6_long
combo_short_rank6,192,2026-05-24 13:05:00+00:00,2026-05-24 13:10:00+00:00,2026-05-24 16:10:00+00:00,1,time_open,37,-0.005909331802525143,-0.017727995407575428,combo_short_rank6_long
combo_short_rank6,193,2026-05-28 21:45:00+00:00,2026-05-28 21:50:00+00:00,2026-05-29 00:50:00+00:00,1,time_open,37,0.0016577891820205425,0.004973367546061628,combo_short_rank6_long
combo_short_rank6,194,2026-05-29 03:30:00+00:00,2026-05-29 03:35:00+00:00,2026-05-29 06:35:00+00:00,1,time_open,37,-0.002703448184576668,-0.008110344553730005,combo_short_rank6_long
combo_short_rank6,195,2026-05-29 17:15:00+00:00,2026-05-29 17:20:00+00:00,2026-05-29 20:20:00+00:00,1,time_open,37,-0.019409756664471974,-0.05822926999341592,combo_short_rank6_long
combo_short_rank6,196,2026-06-01 07:00:00+00:00,2026-06-01 07:05:00+00:00,2026-06-01 10:05:00+00:00,1,time_open,37,-0.01919166364718259,-0.05757499094154777,combo_short_rank6_long
combo_short_rank6,197,2026-06-04 08:30:00+00:00,2026-06-04 08:35:00+00:00,2026-06-04 10:05:00+00:00,-1,target,19,0.03593022635214606,0.10779067905643817,combo_short_rank6_short
combo_short_rank6,198,2026-06-05 00:40:00+00:00,2026-06-05 00:45:00+00:00,2026-06-05 03:10:00+00:00,-1,target,30,0.025677375376614943,0.07703212612984484,combo_short_rank6_short
combo_short_rank6,199,2026-06-05 05:35:00+00:00,2026-06-05 05:40:00+00:00,2026-06-05 06:10:00+00:00,-1,target,7,0.03157088631600027,0.0947126589480008,combo_short_rank6_short
combo_short_rank6,200,2026-06-05 06:40:00+00:00,2026-06-05 06:45:00+00:00,2026-06-05 07:10:00+00:00,-1,target,6,0.03702505324729553,0.11107515974188659,combo_short_rank6_short
combo_short_rank6,201,2026-06-05 16:25:00+00:00,2026-06-05 16:30:00+00:00,2026-06-05 19:30:00+00:00,-1,time_open,37,0.015794187450344666,0.047382562351034,combo_short_rank6_short
combo_short_rank6,202,2026-06-06 04:55:00+00:00,2026-06-06 05:00:00+00:00,2026-06-06 08:00:00+00:00,-1,time_open,37,-0.030465117077975813,-0.09139535123392745,combo_short_rank6_short
combo_short_rank6,203,2026-06-08 11:50:00+00:00,2026-06-08 11:55:00+00:00,2026-06-08 12:55:00+00:00,1,target,13,0.012813781523843958,0.03844134457153187,combo_short_rank6_long
combo_short_rank6,204,2026-06-08 14:25:00+00:00,2026-06-08 14:30:00+00:00,2026-06-08 17:30:00+00:00,1,time_open,37,-0.009114896741930847,-0.027344690225792542,combo_short_rank6_long
combo_short_rank6,205,2026-06-09 16:30:00+00:00,2026-06-09 16:35:00+00:00,2026-06-09 19:35:00+00:00,-1,time_open,37,0.0009671677946451475,0.0029015033839354426,combo_short_rank6_short
combo_short_rank6,206,2026-06-11 18:50:00+00:00,2026-06-11 18:55:00+00:00,2026-06-11 21:55:00+00:00,1,time_open,37,0.005559643854380876,0.01667893156314263,combo_short_rank6_long
combo_short_rank6,207,2026-06-15 06:40:00+00:00,2026-06-15 06:45:00+00:00,2026-06-15 07:10:00+00:00,1,target,6,0.008438408069479408,0.025315224208438222,combo_short_rank6_long
combo_short_rank6,208,2026-06-15 07:45:00+00:00,2026-06-15 07:50:00+00:00,2026-06-15 08:40:00+00:00,1,target,11,0.010518506217615688,0.031555518652847066,combo_short_rank6_long
combo_short_rank6,209,2026-06-15 09:40:00+00:00,2026-06-15 09:45:00+00:00,2026-06-15 10:05:00+00:00,1,target,5,0.008594396442941257,0.025783189328823772,combo_short_rank6_long
combo_short_rank6,210,2026-06-15 11:05:00+00:00,2026-06-15 11:10:00+00:00,2026-06-15 14:10:00+00:00,1,time_open,37,-0.015377026573111685,-0.046131079719335055,combo_short_rank6_long
combo_short_rank6,211,2026-06-16 10:05:00+00:00,2026-06-16 10:10:00+00:00,2026-06-16 10:25:00+00:00,1,target,4,0.012038241004495366,0.036114723013486096,combo_short_rank6_long
combo_short_rank6,212,2026-06-16 11:05:00+00:00,2026-06-16 11:10:00+00:00,2026-06-16 14:10:00+00:00,1,time_open,37,-0.00401904743742438,-0.012057142312273141,combo_short_rank6_long
combo_short_rank6,213,2026-06-18 17:30:00+00:00,2026-06-18 17:35:00+00:00,2026-06-18 20:35:00+00:00,-1,time_open,37,-0.028066168347637883,-0.08419850504291365,combo_short_rank6_short
combo_short_rank6,214,2026-06-23 06:55:00+00:00,2026-06-23 07:00:00+00:00,2026-06-23 08:15:00+00:00,-1,target,16,0.022140469363775624,0.06642140809132688,combo_short_rank6_short
combo_short_rank7,1,2025-06-02 21:35:00+00:00,2025-06-02 21:40:00+00:00,2025-06-02 22:00:00+00:00,1,target,5,0.015496134274602754,0.04648840282380826,combo_short_rank7_long
combo_short_rank7,2,2025-06-03 00:45:00+00:00,2025-06-03 00:50:00+00:00,2025-06-03 03:50:00+00:00,1,time_open,37,-0.014306255089924119,-0.042918765269772355,combo_short_rank7_long
combo_short_rank7,3,2025-06-03 05:55:00+00:00,2025-06-03 06:00:00+00:00,2025-06-03 09:00:00+00:00,1,time_open,37,0.0033241059043635436,0.009972317713090631,combo_short_rank7_long
combo_short_rank7,4,2025-06-03 11:10:00+00:00,2025-06-03 11:15:00+00:00,2025-06-03 14:15:00+00:00,1,time_open,37,-0.008588737313778872,-0.025766211941336617,combo_short_rank7_long
combo_short_rank7,5,2025-06-05 19:40:00+00:00,2025-06-05 19:45:00+00:00,2025-06-05 20:15:00+00:00,-1,target,7,0.018341307500250766,0.0550239225007523,combo_short_rank7_short
combo_short_rank7,6,2025-06-09 20:55:00+00:00,2025-06-09 21:00:00+00:00,2025-06-09 22:00:00+00:00,1,target,13,0.0142276903055964,0.042683070916789204,combo_short_rank7_long
combo_short_rank7,7,2025-06-09 23:25:00+00:00,2025-06-09 23:30:00+00:00,2025-06-10 00:25:00+00:00,1,target,12,0.014227746718657884,0.042683240155973655,combo_short_rank7_long
combo_short_rank7,8,2025-06-10 00:40:00+00:00,2025-06-10 00:45:00+00:00,2025-06-10 02:00:00+00:00,1,target,16,0.01595915187490664,0.04787745562471993,combo_short_rank7_long
combo_short_rank7,9,2025-06-10 11:35:00+00:00,2025-06-10 11:40:00+00:00,2025-06-10 14:40:00+00:00,1,time_open,37,-0.0378890815202644,-0.11366724456079319,combo_short_rank7_long
combo_short_rank7,10,2025-06-13 02:00:00+00:00,2025-06-13 02:05:00+00:00,2025-06-13 05:05:00+00:00,-1,time_open,37,-0.035317637409588855,-0.10595291222876657,combo_short_rank7_short
combo_short_rank7,11,2025-06-13 23:15:00+00:00,2025-06-13 23:20:00+00:00,2025-06-14 02:20:00+00:00,1,time_open,37,-0.0042529040536935046,-0.012758712161080514,combo_short_rank7_long
combo_short_rank7,12,2025-06-16 05:40:00+00:00,2025-06-16 05:45:00+00:00,2025-06-16 06:15:00+00:00,1,target,7,0.01288301743459912,0.038649052303797365,combo_short_rank7_long
combo_short_rank7,13,2025-06-16 06:55:00+00:00,2025-06-16 07:00:00+00:00,2025-06-16 10:00:00+00:00,1,time_open,37,0.001990455497046504,0.005971366491139512,combo_short_rank7_long
combo_short_rank7,14,2025-06-16 12:40:00+00:00,2025-06-16 12:45:00+00:00,2025-06-16 14:00:00+00:00,1,target,16,0.010423966871420816,0.031271900614262445,combo_short_rank7_long
combo_short_rank7,15,2025-06-16 14:40:00+00:00,2025-06-16 14:45:00+00:00,2025-06-16 17:45:00+00:00,1,time_open,37,-0.014226196470066788,-0.04267858941020036,combo_short_rank7_long
combo_short_rank7,16,2025-06-17 11:00:00+00:00,2025-06-17 11:05:00+00:00,2025-06-17 12:55:00+00:00,-1,target,23,0.011871900782688542,0.035615702348065624,combo_short_rank7_short
combo_short_rank7,17,2025-06-19 14:25:00+00:00,2025-06-19 14:30:00+00:00,2025-06-19 15:30:00+00:00,-1,target,13,0.01186898185503804,0.035606945565114116,combo_short_rank7_short
combo_short_rank7,18,2025-06-20 18:10:00+00:00,2025-06-20 18:15:00+00:00,2025-06-20 21:15:00+00:00,-1,time_open,37,0.0006613354823129832,0.0019840064469389494,combo_short_rank7_short
combo_short_rank7,19,2025-06-21 17:20:00+00:00,2025-06-21 17:25:00+00:00,2025-06-21 17:55:00+00:00,-1,target,7,0.016659321991532815,0.04997796597459844,combo_short_rank7_short
combo_short_rank7,20,2025-06-21 18:15:00+00:00,2025-06-21 18:20:00+00:00,2025-06-21 19:15:00+00:00,-1,target,12,0.015013839827465627,0.04504151948239688,combo_short_rank7_short
combo_short_rank7,21,2025-06-21 19:20:00+00:00,2025-06-21 19:25:00+00:00,2025-06-21 19:40:00+00:00,-1,target,4,0.014012121758928686,0.04203636527678606,combo_short_rank7_short
combo_short_rank7,22,2025-06-23 05:35:00+00:00,2025-06-23 05:40:00+00:00,2025-06-23 06:05:00+00:00,1,target,6,0.01016136758684936,0.030484102760548082,combo_short_rank7_long
combo_short_rank7,23,2025-06-27 01:15:00+00:00,2025-06-27 01:20:00+00:00,2025-06-27 01:35:00+00:00,-1,stop_market,4,-0.017386289837349543,-0.05215886951204863,combo_short_rank7_short
combo_short_rank7,24,2025-07-01 20:40:00+00:00,2025-07-01 20:45:00+00:00,2025-07-01 23:00:00+00:00,-1,target,28,0.010776170814929787,0.03232851244478936,combo_short_rank7_short
combo_short_rank7,25,2025-07-08 05:00:00+00:00,2025-07-08 05:05:00+00:00,2025-07-08 06:10:00+00:00,-1,stop_market,14,-0.011403720012033039,-0.034211160036099114,combo_short_rank7_short
combo_short_rank7,26,2025-07-11 05:00:00+00:00,2025-07-11 05:05:00+00:00,2025-07-11 06:20:00+00:00,1,target,16,0.00948107918998686,0.02844323756996058,combo_short_rank7_long
combo_short_rank7,27,2025-07-11 06:40:00+00:00,2025-07-11 06:45:00+00:00,2025-07-11 09:45:00+00:00,1,time_open,37,-0.0025277998608205727,-0.007583399582461718,combo_short_rank7_long
combo_short_rank7,28,2025-07-22 06:35:00+00:00,2025-07-22 06:40:00+00:00,2025-07-22 08:05:00+00:00,-1,target,18,0.008284999629488695,0.024854998888466085,combo_short_rank7_short
combo_short_rank7,29,2025-07-24 07:30:00+00:00,2025-07-24 07:35:00+00:00,2025-07-24 10:35:00+00:00,-1,time_open,37,0.008582632085769806,0.025747896257309416,combo_short_rank7_short
combo_short_rank7,30,2025-08-01 20:20:00+00:00,2025-08-01 20:25:00+00:00,2025-08-01 22:35:00+00:00,-1,target,27,0.015824723615042734,0.0474741708451282,combo_short_rank7_short
combo_short_rank7,31,2025-08-08 00:35:00+00:00,2025-08-08 00:40:00+00:00,2025-08-08 03:40:00+00:00,1,time_open,37,-0.005917873540102114,-0.017753620620306342,combo_short_rank7_long
combo_short_rank7,32,2025-08-13 18:00:00+00:00,2025-08-13 18:05:00+00:00,2025-08-13 21:05:00+00:00,1,time_open,37,-0.011124189384001304,-0.033372568152003915,combo_short_rank7_long
combo_short_rank7,33,2025-08-13 21:10:00+00:00,2025-08-13 21:15:00+00:00,2025-08-13 23:35:00+00:00,1,target,29,0.01336988356928487,0.04010965070785461,combo_short_rank7_long
combo_short_rank7,34,2025-08-13 23:40:00+00:00,2025-08-13 23:45:00+00:00,2025-08-14 02:45:00+00:00,1,time_open,37,-0.003605361250074216,-0.010816083750222649,combo_short_rank7_long
combo_short_rank7,35,2025-08-15 08:00:00+00:00,2025-08-15 08:05:00+00:00,2025-08-15 08:40:00+00:00,1,target,8,0.01092423962991835,0.032772718889755054,combo_short_rank7_long
combo_short_rank7,36,2025-08-22 15:35:00+00:00,2025-08-22 15:40:00+00:00,2025-08-22 18:40:00+00:00,1,time_open,37,0.00405088529599411,0.01215265588798233,combo_short_rank7_long
combo_short_rank7,37,2025-08-22 19:50:00+00:00,2025-08-22 19:55:00+00:00,2025-08-22 22:05:00+00:00,1,target,27,0.008516845829247341,0.025550537487742025,combo_short_rank7_long
combo_short_rank7,38,2025-08-25 02:45:00+00:00,2025-08-25 02:50:00+00:00,2025-08-25 05:50:00+00:00,1,time_open,37,-0.027789914422283627,-0.08336974326685088,combo_short_rank7_long
combo_short_rank7,39,2025-08-25 22:30:00+00:00,2025-08-25 22:35:00+00:00,2025-08-25 23:20:00+00:00,-1,target,10,0.01171535594548351,0.03514606783645053,combo_short_rank7_short
combo_short_rank7,40,2025-08-26 17:35:00+00:00,2025-08-26 17:40:00+00:00,2025-08-26 19:15:00+00:00,1,target,20,0.014478845915917589,0.04343653774775277,combo_short_rank7_long
combo_short_rank7,41,2025-08-26 22:45:00+00:00,2025-08-26 22:50:00+00:00,2025-08-27 01:50:00+00:00,1,time_open,37,-0.002085917491393976,-0.006257752474181928,combo_short_rank7_long
combo_short_rank7,42,2025-08-27 02:20:00+00:00,2025-08-27 02:25:00+00:00,2025-08-27 02:45:00+00:00,1,target,5,0.010940986832674504,0.03282296049802351,combo_short_rank7_long
combo_short_rank7,43,2025-08-27 04:20:00+00:00,2025-08-27 04:25:00+00:00,2025-08-27 07:25:00+00:00,1,time_open,37,-0.012739258054619527,-0.03821777416385858,combo_short_rank7_long
combo_short_rank7,44,2025-09-08 10:05:00+00:00,2025-09-08 10:10:00+00:00,2025-09-08 13:05:00+00:00,1,target,36,0.010216506279960895,0.030649518839882685,combo_short_rank7_long
combo_short_rank7,45,2025-09-08 13:55:00+00:00,2025-09-08 14:00:00+00:00,2025-09-08 17:00:00+00:00,1,time_open,37,-0.008135828775788662,-0.024407486327365988,combo_short_rank7_long
combo_short_rank7,46,2025-09-09 10:55:00+00:00,2025-09-09 11:00:00+00:00,2025-09-09 12:40:00+00:00,1,stop_market,21,-0.032093257432788874,-0.09627977229836662,combo_short_rank7_long
combo_short_rank7,47,2025-09-18 01:45:00+00:00,2025-09-18 01:50:00+00:00,2025-09-18 04:50:00+00:00,1,time_open,37,-0.014254711821291198,-0.042764135463873594,combo_short_rank7_long
combo_short_rank7,48,2025-09-23 21:00:00+00:00,2025-09-23 21:05:00+00:00,2025-09-23 23:25:00+00:00,-1,target,29,0.013317987272146713,0.03995396181644014,combo_short_rank7_short
combo_short_rank7,49,2025-09-25 04:25:00+00:00,2025-09-25 04:30:00+00:00,2025-09-25 06:10:00+00:00,-1,target,21,0.017738913935069565,0.053216741805208696,combo_short_rank7_short
combo_short_rank7,50,2025-09-29 03:45:00+00:00,2025-09-29 03:50:00+00:00,2025-09-29 04:15:00+00:00,1,target,6,0.0108409609208871,0.0325228827626613,combo_short_rank7_long
combo_short_rank7,51,2025-09-29 04:35:00+00:00,2025-09-29 04:40:00+00:00,2025-09-29 07:40:00+00:00,1,time_open,37,-0.002290467170894425,-0.006871401512683275,combo_short_rank7_long
combo_short_rank7,52,2025-10-09 17:25:00+00:00,2025-10-09 17:30:00+00:00,2025-10-09 19:25:00+00:00,-1,stop_market,24,-0.019687603329920776,-0.05906280998976233,combo_short_rank7_short
combo_short_rank7,53,2025-10-10 18:10:00+00:00,2025-10-10 18:15:00+00:00,2025-10-10 18:45:00+00:00,-1,target,7,0.011287984183163562,0.033863952549490685,combo_short_rank7_short
combo_short_rank7,54,2025-10-10 18:45:00+00:00,2025-10-10 18:50:00+00:00,2025-10-10 20:25:00+00:00,-1,stop_market,20,-0.01647242358429247,-0.049417270752877406,combo_short_rank7_short
combo_short_rank7,55,2025-10-10 22:00:00+00:00,2025-10-10 22:05:00+00:00,2025-10-11 01:05:00+00:00,-1,time_open,37,0.03156971303556422,0.09470913910669265,combo_short_rank7_short
combo_short_rank7,56,2025-10-11 01:05:00+00:00,2025-10-11 01:10:00+00:00,2025-10-11 01:35:00+00:00,-1,target,6,0.03093925291982848,0.09281775875948545,combo_short_rank7_short
combo_short_rank7,57,2025-10-11 16:25:00+00:00,2025-10-11 16:30:00+00:00,2025-10-11 19:10:00+00:00,-1,target,33,0.016238613496807407,0.04871584049042222,combo_short_rank7_short
combo_short_rank7,58,2025-10-12 19:15:00+00:00,2025-10-12 19:20:00+00:00,2025-10-12 20:35:00+00:00,1,target,16,0.014770395436148165,0.044311186308444495,combo_short_rank7_long
combo_short_rank7,59,2025-10-13 01:55:00+00:00,2025-10-13 02:00:00+00:00,2025-10-13 05:00:00+00:00,1,time_open,37,-0.030145853316466877,-0.09043755994940063,combo_short_rank7_long
combo_short_rank7,60,2025-10-13 20:25:00+00:00,2025-10-13 20:30:00+00:00,2025-10-13 20:50:00+00:00,1,target,5,0.016655132763630332,0.049965398290891,combo_short_rank7_long
combo_short_rank7,61,2025-10-13 21:15:00+00:00,2025-10-13 21:20:00+00:00,2025-10-14 00:20:00+00:00,1,time_open,37,-0.012380896422171406,-0.03714268926651422,combo_short_rank7_long
combo_short_rank7,62,2025-10-14 09:20:00+00:00,2025-10-14 09:25:00+00:00,2025-10-14 10:05:00+00:00,-1,target,9,0.01455825512868791,0.04367476538606373,combo_short_rank7_short
combo_short_rank7,63,2025-10-17 09:15:00+00:00,2025-10-17 09:20:00+00:00,2025-10-17 11:15:00+00:00,-1,stop_market,24,-0.03600685677580085,-0.10802057032740256,combo_short_rank7_short
combo_short_rank7,64,2025-10-23 03:05:00+00:00,2025-10-23 03:10:00+00:00,2025-10-23 06:10:00+00:00,1,time_open,37,-0.002446354438045768,-0.0073390633141373045,combo_short_rank7_long
combo_short_rank7,65,2025-10-23 08:40:00+00:00,2025-10-23 08:45:00+00:00,2025-10-23 11:45:00+00:00,1,time_open,37,-0.001919761770366497,-0.005759285311099491,combo_short_rank7_long
combo_short_rank7,66,2025-10-23 12:15:00+00:00,2025-10-23 12:20:00+00:00,2025-10-23 12:55:00+00:00,1,target,8,0.014277689179859998,0.042833067539579994,combo_short_rank7_long
combo_short_rank7,67,2025-10-23 13:00:00+00:00,2025-10-23 13:05:00+00:00,2025-10-23 16:05:00+00:00,1,time_open,37,-0.003128797907948495,-0.009386393723845485,combo_short_rank7_long
combo_short_rank7,68,2025-10-23 16:15:00+00:00,2025-10-23 16:20:00+00:00,2025-10-23 19:20:00+00:00,1,time_open,37,-0.02490912296870269,-0.07472736890610807,combo_short_rank7_long
combo_short_rank7,69,2025-10-25 22:20:00+00:00,2025-10-25 22:25:00+00:00,2025-10-25 22:40:00+00:00,1,target,4,0.014744934893972302,0.04423480468191691,combo_short_rank7_long
combo_short_rank7,70,2025-10-25 22:55:00+00:00,2025-10-25 23:00:00+00:00,2025-10-26 02:00:00+00:00,1,time_open,37,-0.0077102204759059234,-0.02313066142771777,combo_short_rank7_long
combo_short_rank7,71,2025-10-26 02:05:00+00:00,2025-10-26 02:10:00+00:00,2025-10-26 05:10:00+00:00,1,time_open,37,-0.012910616580455591,-0.03873184974136677,combo_short_rank7_long
combo_short_rank7,72,2025-10-26 07:30:00+00:00,2025-10-26 07:35:00+00:00,2025-10-26 08:00:00+00:00,1,target,6,0.009220886401672939,0.027662659205018817,combo_short_rank7_long
combo_short_rank7,73,2025-10-26 10:00:00+00:00,2025-10-26 10:05:00+00:00,2025-10-26 11:10:00+00:00,1,target,14,0.016219696864110143,0.04865909059233043,combo_short_rank7_long
combo_short_rank7,74,2025-10-26 12:00:00+00:00,2025-10-26 12:05:00+00:00,2025-10-26 12:15:00+00:00,1,target,3,0.01882452769146418,0.05647358307439254,combo_short_rank7_long
combo_short_rank7,75,2025-10-26 12:25:00+00:00,2025-10-26 12:30:00+00:00,2025-10-26 15:30:00+00:00,1,time_open,37,-0.010139671798866316,-0.03041901539659895,combo_short_rank7_long
combo_short_rank7,76,2025-10-26 18:35:00+00:00,2025-10-26 18:40:00+00:00,2025-10-26 21:40:00+00:00,1,time_open,37,-0.01056831824572628,-0.03170495473717884,combo_short_rank7_long
combo_short_rank7,77,2025-10-26 22:05:00+00:00,2025-10-26 22:10:00+00:00,2025-10-27 01:10:00+00:00,1,time_open,37,-0.0016789093747814686,-0.005036728124344405,combo_short_rank7_long
combo_short_rank7,78,2025-10-30 20:10:00+00:00,2025-10-30 20:15:00+00:00,2025-10-30 22:50:00+00:00,-1,stop_market,32,-0.03393784940021962,-0.10181354820065885,combo_short_rank7_short
combo_short_rank7,79,2025-11-03 16:25:00+00:00,2025-11-03 16:30:00+00:00,2025-11-03 19:30:00+00:00,-1,time_open,37,-0.007258326631109959,-0.02177497989332988,combo_short_rank7_short
combo_short_rank7,80,2025-11-04 07:40:00+00:00,2025-11-04 07:45:00+00:00,2025-11-04 08:15:00+00:00,-1,target,7,0.02229561224199673,0.06688683672599019,combo_short_rank7_short
combo_short_rank7,81,2025-11-04 08:35:00+00:00,2025-11-04 08:40:00+00:00,2025-11-04 11:40:00+00:00,-1,time_open,37,-0.024429981511140293,-0.07328994453342089,combo_short_rank7_short
combo_short_rank7,82,2025-11-04 18:45:00+00:00,2025-11-04 18:50:00+00:00,2025-11-04 20:15:00+00:00,-1,target,18,0.028681786569210475,0.08604535970763143,combo_short_rank7_short
combo_short_rank7,83,2025-11-04 21:20:00+00:00,2025-11-04 21:25:00+00:00,2025-11-04 22:10:00+00:00,-1,stop_market,10,-0.050297445105197534,-0.1508923353155926,combo_short_rank7_short
combo_short_rank7,84,2025-11-05 10:15:00+00:00,2025-11-05 10:20:00+00:00,2025-11-05 11:30:00+00:00,1,target,15,0.013881994915359123,0.04164598474607737,combo_short_rank7_long
combo_short_rank7,85,2025-11-05 12:05:00+00:00,2025-11-05 12:10:00+00:00,2025-11-05 15:10:00+00:00,1,time_open,37,0.010499959939981447,0.03149987981994434,combo_short_rank7_long
combo_short_rank7,86,2025-11-05 16:45:00+00:00,2025-11-05 16:50:00+00:00,2025-11-05 19:50:00+00:00,1,time_open,37,-0.011824841735812308,-0.03547452520743692,combo_short_rank7_long
combo_short_rank7,87,2025-11-06 18:00:00+00:00,2025-11-06 18:05:00+00:00,2025-11-06 21:05:00+00:00,-1,time_open,37,-0.0003923808495854309,-0.0011771425487562925,combo_short_rank7_short
combo_short_rank7,88,2025-11-07 17:45:00+00:00,2025-11-07 17:50:00+00:00,2025-11-07 19:35:00+00:00,1,target,22,0.02063505874779905,0.06190517624339715,combo_short_rank7_long
combo_short_rank7,89,2025-11-07 19:45:00+00:00,2025-11-07 19:50:00+00:00,2025-11-07 20:10:00+00:00,1,target,5,0.013720032916227736,0.041160098748683205,combo_short_rank7_long
combo_short_rank7,90,2025-11-07 20:15:00+00:00,2025-11-07 20:20:00+00:00,2025-11-07 23:20:00+00:00,1,time_open,37,-0.005733905310358177,-0.01720171593107453,combo_short_rank7_long
combo_short_rank7,91,2025-11-07 23:20:00+00:00,2025-11-07 23:25:00+00:00,2025-11-08 02:25:00+00:00,1,time_open,37,0.0007666482515769087,0.002299944754730726,combo_short_rank7_long
combo_short_rank7,92,2025-11-08 03:00:00+00:00,2025-11-08 03:05:00+00:00,2025-11-08 06:00:00+00:00,1,stop_market,36,-0.04137111022743027,-0.12411333068229081,combo_short_rank7_long
combo_short_rank7,93,2025-11-18 06:10:00+00:00,2025-11-18 06:15:00+00:00,2025-11-18 09:15:00+00:00,1,time_open,37,0.0030900380102084493,0.009270114030625349,combo_short_rank7_long
combo_short_rank7,94,2025-11-18 09:45:00+00:00,2025-11-18 09:50:00+00:00,2025-11-18 12:40:00+00:00,1,target,35,0.01241787937471092,0.03725363812413276,combo_short_rank7_long
combo_short_rank7,95,2025-11-22 19:30:00+00:00,2025-11-22 19:35:00+00:00,2025-11-22 19:55:00+00:00,-1,target,5,0.011996343918747304,0.03598903175624191,combo_short_rank7_short
combo_short_rank7,96,2025-12-01 01:45:00+00:00,2025-12-01 01:50:00+00:00,2025-12-01 04:05:00+00:00,-1,target,28,0.016919189070683967,0.0507575672120519,combo_short_rank7_short
combo_short_rank7,97,2025-12-01 14:35:00+00:00,2025-12-01 14:40:00+00:00,2025-12-01 16:25:00+00:00,-1,target,22,0.01811801967708121,0.05435405903124363,combo_short_rank7_short
combo_short_rank7,98,2025-12-02 17:15:00+00:00,2025-12-02 17:20:00+00:00,2025-12-02 19:00:00+00:00,1,target,21,0.018025738374068248,0.054077215122204744,combo_short_rank7_long
combo_short_rank7,99,2025-12-03 03:40:00+00:00,2025-12-03 03:45:00+00:00,2025-12-03 05:05:00+00:00,1,target,17,0.015073577416439367,0.0452207322493181,combo_short_rank7_long
combo_short_rank7,100,2025-12-07 15:35:00+00:00,2025-12-07 15:40:00+00:00,2025-12-07 16:55:00+00:00,-1,stop_market,16,-0.02661492118432915,-0.07984476355298745,combo_short_rank7_short
combo_short_rank7,101,2025-12-09 05:40:00+00:00,2025-12-09 05:45:00+00:00,2025-12-09 06:10:00+00:00,-1,target,6,0.014574946001847337,0.04372483800554201,combo_short_rank7_short
combo_short_rank7,102,2025-12-15 18:15:00+00:00,2025-12-15 18:20:00+00:00,2025-12-15 21:20:00+00:00,-1,time_open,37,-0.0007628940814347352,-0.0022886822443042056,combo_short_rank7_short
combo_short_rank7,103,2025-12-17 20:50:00+00:00,2025-12-17 20:55:00+00:00,2025-12-17 23:25:00+00:00,-1,target,31,0.014953590885083608,0.044860772655250826,combo_short_rank7_short
combo_short_rank7,104,2025-12-18 21:10:00+00:00,2025-12-18 21:15:00+00:00,2025-12-18 23:15:00+00:00,-1,target,25,0.012812606845256463,0.038437820535769385,combo_short_rank7_short
combo_short_rank7,105,2026-01-01 18:50:00+00:00,2026-01-01 18:55:00+00:00,2026-01-01 20:25:00+00:00,-1,target,19,0.007539489612180091,0.022618468836540274,combo_short_rank7_short
combo_short_rank7,106,2026-01-19 02:40:00+00:00,2026-01-19 02:45:00+00:00,2026-01-19 05:45:00+00:00,-1,time_open,37,0.0006168010363177078,0.0018504031089531235,combo_short_rank7_short
combo_short_rank7,107,2026-01-20 15:00:00+00:00,2026-01-20 15:05:00+00:00,2026-01-20 16:45:00+00:00,-1,target,21,0.015089882650389295,0.045269647951167884,combo_short_rank7_short
combo_short_rank7,108,2026-01-24 01:40:00+00:00,2026-01-24 01:45:00+00:00,2026-01-24 02:10:00+00:00,1,target,6,0.010298757917086647,0.030896273751259938,combo_short_rank7_long
combo_short_rank7,109,2026-01-24 03:55:00+00:00,2026-01-24 04:00:00+00:00,2026-01-24 07:00:00+00:00,1,time_open,37,-0.010589917820245804,-0.03176975346073741,combo_short_rank7_long
combo_short_rank7,110,2026-01-26 19:20:00+00:00,2026-01-26 19:25:00+00:00,2026-01-26 21:40:00+00:00,1,target,28,0.015050028971937366,0.0451500869158121,combo_short_rank7_long
combo_short_rank7,111,2026-01-26 22:00:00+00:00,2026-01-26 22:05:00+00:00,2026-01-26 22:45:00+00:00,1,target,9,0.013932554721309194,0.041797664163927585,combo_short_rank7_long
combo_short_rank7,112,2026-01-26 22:55:00+00:00,2026-01-26 23:00:00+00:00,2026-01-27 02:00:00+00:00,1,time_open,37,0.016523195354803365,0.049569586064410094,combo_short_rank7_long
combo_short_rank7,113,2026-01-27 02:10:00+00:00,2026-01-27 02:15:00+00:00,2026-01-27 02:45:00+00:00,1,target,7,0.012517796038059728,0.03755338811417919,combo_short_rank7_long
combo_short_rank7,114,2026-01-27 03:45:00+00:00,2026-01-27 03:50:00+00:00,2026-01-27 04:10:00+00:00,1,target,5,0.016691468042866003,0.05007440412859801,combo_short_rank7_long
combo_short_rank7,115,2026-01-27 04:45:00+00:00,2026-01-27 04:50:00+00:00,2026-01-27 05:35:00+00:00,1,target,10,0.017782027996468615,0.053346083989405844,combo_short_rank7_long
combo_short_rank7,116,2026-01-27 05:40:00+00:00,2026-01-27 05:45:00+00:00,2026-01-27 06:40:00+00:00,1,target,12,0.01614916787335833,0.04844750362007499,combo_short_rank7_long
combo_short_rank7,117,2026-01-27 07:45:00+00:00,2026-01-27 07:50:00+00:00,2026-01-27 10:50:00+00:00,1,time_open,37,-0.008435953679747586,-0.025307861039242756,combo_short_rank7_long
combo_short_rank7,118,2026-01-27 11:10:00+00:00,2026-01-27 11:15:00+00:00,2026-01-27 12:25:00+00:00,1,target,15,0.017072748531337088,0.051218245594011266,combo_short_rank7_long
combo_short_rank7,119,2026-01-27 13:35:00+00:00,2026-01-27 13:40:00+00:00,2026-01-27 15:50:00+00:00,1,target,27,0.014979255330401514,0.04493776599120454,combo_short_rank7_long
combo_short_rank7,120,2026-01-27 16:00:00+00:00,2026-01-27 16:05:00+00:00,2026-01-27 16:55:00+00:00,1,target,11,0.018460942382225762,0.05538282714667729,combo_short_rank7_long
combo_short_rank7,121,2026-01-27 18:00:00+00:00,2026-01-27 18:05:00+00:00,2026-01-27 19:25:00+00:00,1,target,17,0.028689806530706255,0.08606941959211876,combo_short_rank7_long
combo_short_rank7,122,2026-01-27 19:50:00+00:00,2026-01-27 19:55:00+00:00,2026-01-27 20:15:00+00:00,1,target,5,0.016662175873492727,0.049986527620478186,combo_short_rank7_long
combo_short_rank7,123,2026-01-27 20:30:00+00:00,2026-01-27 20:35:00+00:00,2026-01-27 22:30:00+00:00,1,target,24,0.018792363600421576,0.056377090801264726,combo_short_rank7_long
combo_short_rank7,124,2026-01-27 22:55:00+00:00,2026-01-27 23:00:00+00:00,2026-01-28 00:05:00+00:00,1,target,14,0.017834456413609985,0.053503369240829955,combo_short_rank7_long
combo_short_rank7,125,2026-01-28 00:15:00+00:00,2026-01-28 00:20:00+00:00,2026-01-28 00:55:00+00:00,1,target,8,0.020277055094760684,0.06083116528428205,combo_short_rank7_long
combo_short_rank7,126,2026-01-28 01:35:00+00:00,2026-01-28 01:40:00+00:00,2026-01-28 02:15:00+00:00,1,target,8,0.03076747970895687,0.09230243912687061,combo_short_rank7_long
combo_short_rank7,127,2026-01-28 02:55:00+00:00,2026-01-28 03:00:00+00:00,2026-01-28 03:35:00+00:00,1,target,8,0.02963235446175291,0.08889706338525873,combo_short_rank7_long
combo_short_rank7,128,2026-01-28 03:50:00+00:00,2026-01-28 03:55:00+00:00,2026-01-28 06:55:00+00:00,1,time_open,37,-0.002853947398115867,-0.0085618421943476,combo_short_rank7_long
combo_short_rank7,129,2026-01-28 07:40:00+00:00,2026-01-28 07:45:00+00:00,2026-01-28 08:00:00+00:00,1,target,4,0.016216107030826547,0.04864832109247964,combo_short_rank7_long
combo_short_rank7,130,2026-01-28 08:20:00+00:00,2026-01-28 08:25:00+00:00,2026-01-28 11:25:00+00:00,1,time_open,37,0.0018193640426490934,0.005458092127947281,combo_short_rank7_long
combo_short_rank7,131,2026-01-28 11:25:00+00:00,2026-01-28 11:30:00+00:00,2026-01-28 14:30:00+00:00,1,time_open,37,-0.018761180811765622,-0.05628354243529687,combo_short_rank7_long
combo_short_rank7,132,2026-01-30 03:45:00+00:00,2026-01-30 03:50:00+00:00,2026-01-30 06:50:00+00:00,-1,time_open,37,0.0017716248059582514,0.005314874417874755,combo_short_rank7_short
combo_short_rank7,133,2026-01-30 15:40:00+00:00,2026-01-30 15:45:00+00:00,2026-01-30 16:05:00+00:00,-1,target,5,0.023052182640613875,0.06915654792184163,combo_short_rank7_short
combo_short_rank7,134,2026-01-31 17:45:00+00:00,2026-01-31 17:50:00+00:00,2026-01-31 18:40:00+00:00,-1,target,11,0.02771649383266789,0.08314948149800368,combo_short_rank7_short
combo_short_rank7,135,2026-02-01 16:40:00+00:00,2026-02-01 16:45:00+00:00,2026-02-01 18:00:00+00:00,-1,stop_market,16,-0.03190809668201863,-0.0957242900460559,combo_short_rank7_short
combo_short_rank7,136,2026-02-02 22:35:00+00:00,2026-02-02 22:40:00+00:00,2026-02-03 01:00:00+00:00,1,target,29,0.021645524833803793,0.06493657450141138,combo_short_rank7_long
combo_short_rank7,137,2026-02-03 01:30:00+00:00,2026-02-03 01:35:00+00:00,2026-02-03 01:50:00+00:00,1,target,4,0.022973850587040257,0.06892155176112078,combo_short_rank7_long
combo_short_rank7,138,2026-02-03 02:55:00+00:00,2026-02-03 03:00:00+00:00,2026-02-03 03:30:00+00:00,1,target,7,0.02826137667980181,0.08478413003940544,combo_short_rank7_long
combo_short_rank7,139,2026-02-03 04:20:00+00:00,2026-02-03 04:25:00+00:00,2026-02-03 07:25:00+00:00,1,time_open,37,-0.014742204567824506,-0.04422661370347352,combo_short_rank7_long
combo_short_rank7,140,2026-02-03 07:30:00+00:00,2026-02-03 07:35:00+00:00,2026-02-03 08:25:00+00:00,1,target,11,0.019201472332869632,0.057604416998608896,combo_short_rank7_long
combo_short_rank7,141,2026-02-03 09:55:00+00:00,2026-02-03 10:00:00+00:00,2026-02-03 13:00:00+00:00,1,time_open,37,-0.028258972996509268,-0.0847769189895278,combo_short_rank7_long
combo_short_rank7,142,2026-02-05 14:05:00+00:00,2026-02-05 14:10:00+00:00,2026-02-05 15:05:00+00:00,-1,target,12,0.016770678609256923,0.050312035827770774,combo_short_rank7_short
combo_short_rank7,143,2026-02-05 15:20:00+00:00,2026-02-05 15:25:00+00:00,2026-02-05 16:00:00+00:00,-1,target,8,0.02262207894340611,0.06786623683021833,combo_short_rank7_short
combo_short_rank7,144,2026-02-06 04:20:00+00:00,2026-02-06 04:25:00+00:00,2026-02-06 07:25:00+00:00,1,time_open,37,-0.04936937282456918,-0.14810811847370753,combo_short_rank7_long
combo_short_rank7,145,2026-02-28 18:50:00+00:00,2026-02-28 18:55:00+00:00,2026-02-28 20:20:00+00:00,1,target,18,0.019142598109568903,0.057427794328706705,combo_short_rank7_long
combo_short_rank7,146,2026-02-28 20:30:00+00:00,2026-02-28 20:35:00+00:00,2026-02-28 20:45:00+00:00,1,target,3,0.01795406367035337,0.05386219101106011,combo_short_rank7_long
combo_short_rank7,147,2026-02-28 21:00:00+00:00,2026-02-28 21:05:00+00:00,2026-02-28 22:25:00+00:00,1,target,17,0.019814061364452344,0.05944218409335703,combo_short_rank7_long
combo_short_rank7,148,2026-02-28 22:40:00+00:00,2026-02-28 22:45:00+00:00,2026-02-28 23:45:00+00:00,1,target,13,0.014622284839401523,0.04386685451820457,combo_short_rank7_long
combo_short_rank7,149,2026-03-01 01:50:00+00:00,2026-03-01 01:55:00+00:00,2026-03-01 02:00:00+00:00,1,target,2,0.0161120163560902,0.048336049068270596,combo_short_rank7_long
combo_short_rank7,150,2026-03-01 03:25:00+00:00,2026-03-01 03:30:00+00:00,2026-03-01 05:45:00+00:00,1,target,28,0.013393139663125669,0.040179418989377005,combo_short_rank7_long
combo_short_rank7,151,2026-03-01 06:15:00+00:00,2026-03-01 06:20:00+00:00,2026-03-01 09:20:00+00:00,1,time_open,37,-0.007332285650752828,-0.021996856952258486,combo_short_rank7_long
combo_short_rank7,152,2026-03-02 22:45:00+00:00,2026-03-02 22:50:00+00:00,2026-03-03 01:50:00+00:00,1,time_open,37,-0.0075797110177607254,-0.022739133053282175,combo_short_rank7_long
combo_short_rank7,153,2026-03-03 02:50:00+00:00,2026-03-03 02:55:00+00:00,2026-03-03 03:10:00+00:00,1,target,4,0.011294297386607876,0.033882892159823624,combo_short_rank7_long
combo_short_rank7,154,2026-03-03 04:35:00+00:00,2026-03-03 04:40:00+00:00,2026-03-03 05:05:00+00:00,1,target,6,0.009307310983249089,0.027921932949747267,combo_short_rank7_long
combo_short_rank7,155,2026-03-09 14:50:00+00:00,2026-03-09 14:55:00+00:00,2026-03-09 16:20:00+00:00,1,target,18,0.02119666027402636,0.06358998082207908,combo_short_rank7_long
combo_short_rank7,156,2026-03-09 17:15:00+00:00,2026-03-09 17:20:00+00:00,2026-03-09 20:20:00+00:00,1,time_open,37,0.006319387913195441,0.018958163739586323,combo_short_rank7_long
combo_short_rank7,157,2026-03-09 20:30:00+00:00,2026-03-09 20:35:00+00:00,2026-03-09 21:05:00+00:00,1,target,7,0.015458400663412232,0.046375201990236696,combo_short_rank7_long
combo_short_rank7,158,2026-03-09 21:35:00+00:00,2026-03-09 21:40:00+00:00,2026-03-10 00:40:00+00:00,1,time_open,37,-0.018779953913612875,-0.056339861740838625,combo_short_rank7_long
combo_short_rank7,159,2026-03-10 03:40:00+00:00,2026-03-10 03:45:00+00:00,2026-03-10 06:45:00+00:00,1,time_open,37,-0.014681882229606105,-0.044045646688818316,combo_short_rank7_long
combo_short_rank7,160,2026-04-08 07:25:00+00:00,2026-04-08 07:30:00+00:00,2026-04-08 07:50:00+00:00,1,target,5,0.006699842595916964,0.02009952778775089,combo_short_rank7_long
combo_short_rank7,161,2026-04-08 09:35:00+00:00,2026-04-08 09:40:00+00:00,2026-04-08 12:40:00+00:00,1,time_open,37,-0.0016624707209484091,-0.004987412162845227,combo_short_rank7_long
combo_short_rank7,162,2026-05-14 15:35:00+00:00,2026-05-14 15:40:00+00:00,2026-05-14 16:30:00+00:00,1,target,11,0.01447340638717408,0.04342021916152224,combo_short_rank7_long
combo_short_rank7,163,2026-05-14 16:35:00+00:00,2026-05-14 16:40:00+00:00,2026-05-14 17:05:00+00:00,1,target,6,0.014658067181291382,0.043974201543874145,combo_short_rank7_long
combo_short_rank7,164,2026-05-14 17:20:00+00:00,2026-05-14 17:25:00+00:00,2026-05-14 18:15:00+00:00,1,target,11,0.01707384361705465,0.051221530851163946,combo_short_rank7_long
combo_short_rank7,165,2026-05-14 18:30:00+00:00,2026-05-14 18:35:00+00:00,2026-05-14 21:35:00+00:00,1,time_open,37,-0.00485554712601357,-0.014566641378040712,combo_short_rank7_long
combo_short_rank7,166,2026-05-14 22:05:00+00:00,2026-05-14 22:10:00+00:00,2026-05-14 23:35:00+00:00,1,target,18,0.010378863401763031,0.031136590205289093,combo_short_rank7_long
combo_short_rank7,167,2026-05-15 00:00:00+00:00,2026-05-15 00:05:00+00:00,2026-05-15 00:25:00+00:00,1,target,5,0.009892713858009619,0.029678141574028857,combo_short_rank7_long
combo_short_rank7,168,2026-05-15 01:00:00+00:00,2026-05-15 01:05:00+00:00,2026-05-15 01:35:00+00:00,1,target,7,0.010718752349013155,0.03215625704703946,combo_short_rank7_long
combo_short_rank7,169,2026-05-15 02:00:00+00:00,2026-05-15 02:05:00+00:00,2026-05-15 03:00:00+00:00,1,target,12,0.015951546385803116,0.04785463915740935,combo_short_rank7_long
combo_short_rank7,170,2026-05-15 03:15:00+00:00,2026-05-15 03:20:00+00:00,2026-05-15 06:20:00+00:00,1,time_open,37,-0.018965898918475586,-0.05689769675542676,combo_short_rank7_long
combo_short_rank7,171,2026-05-15 07:20:00+00:00,2026-05-15 07:25:00+00:00,2026-05-15 10:25:00+00:00,1,time_open,37,-0.017184567879511822,-0.05155370363853547,combo_short_rank7_long
combo_short_rank7,172,2026-05-17 20:15:00+00:00,2026-05-17 20:20:00+00:00,2026-05-17 23:20:00+00:00,1,time_open,37,-0.018424744449169594,-0.05527423334750878,combo_short_rank7_long
combo_short_rank7,173,2026-05-18 00:30:00+00:00,2026-05-18 00:35:00+00:00,2026-05-18 03:35:00+00:00,1,time_open,37,-0.02261285289577144,-0.06783855868731431,combo_short_rank7_long
combo_short_rank7,174,2026-05-20 16:30:00+00:00,2026-05-20 16:35:00+00:00,2026-05-20 17:10:00+00:00,1,target,8,0.011986538539807317,0.03595961561942195,combo_short_rank7_long
combo_short_rank7,175,2026-05-20 19:05:00+00:00,2026-05-20 19:10:00+00:00,2026-05-20 19:20:00+00:00,1,target,3,0.01047332688364174,0.03141998065092522,combo_short_rank7_long
combo_short_rank7,176,2026-05-20 21:20:00+00:00,2026-05-20 21:25:00+00:00,2026-05-20 22:15:00+00:00,1,target,11,0.01281624018453674,0.03844872055361022,combo_short_rank7_long
combo_short_rank7,177,2026-05-20 22:50:00+00:00,2026-05-20 22:55:00+00:00,2026-05-20 23:35:00+00:00,1,target,9,0.016937797498793778,0.05081339249638134,combo_short_rank7_long
combo_short_rank7,178,2026-05-21 00:05:00+00:00,2026-05-21 00:10:00+00:00,2026-05-21 00:35:00+00:00,1,target,6,0.015050307816419467,0.045150923449258404,combo_short_rank7_long
combo_short_rank7,179,2026-05-21 01:30:00+00:00,2026-05-21 01:35:00+00:00,2026-05-21 04:35:00+00:00,1,time_open,37,-0.0053163150897795565,-0.01594894526933867,combo_short_rank7_long
combo_short_rank7,180,2026-05-21 05:45:00+00:00,2026-05-21 05:50:00+00:00,2026-05-21 06:25:00+00:00,1,target,8,0.011430275400607476,0.03429082620182243,combo_short_rank7_long
combo_short_rank7,181,2026-05-21 06:55:00+00:00,2026-05-21 07:00:00+00:00,2026-05-21 07:10:00+00:00,1,target,3,0.013006390472229054,0.03901917141668716,combo_short_rank7_long
combo_short_rank7,182,2026-05-21 07:30:00+00:00,2026-05-21 07:35:00+00:00,2026-05-21 07:50:00+00:00,1,target,4,0.014260086683811853,0.04278026005143556,combo_short_rank7_long
combo_short_rank7,183,2026-05-21 08:15:00+00:00,2026-05-21 08:20:00+00:00,2026-05-21 09:30:00+00:00,1,target,15,0.014723990324019843,0.04417197097205953,combo_short_rank7_long
combo_short_rank7,184,2026-05-21 10:20:00+00:00,2026-05-21 10:25:00+00:00,2026-05-21 13:25:00+00:00,1,time_open,37,0.010150345387795134,0.030451036163385403,combo_short_rank7_long
combo_short_rank7,185,2026-05-21 13:35:00+00:00,2026-05-21 13:40:00+00:00,2026-05-21 13:55:00+00:00,1,target,4,0.016279588857853078,0.048838766573559234,combo_short_rank7_long
combo_short_rank7,186,2026-05-21 14:00:00+00:00,2026-05-21 14:05:00+00:00,2026-05-21 14:30:00+00:00,1,target,6,0.020320835247848414,0.06096250574354524,combo_short_rank7_long
combo_short_rank7,187,2026-05-21 14:55:00+00:00,2026-05-21 15:00:00+00:00,2026-05-21 18:00:00+00:00,1,time_open,37,-0.037348151898602334,-0.11204445569580701,combo_short_rank7_long
combo_short_rank7,188,2026-05-22 22:05:00+00:00,2026-05-22 22:10:00+00:00,2026-05-22 23:15:00+00:00,-1,target,14,0.01042839145934139,0.031285174378024166,combo_short_rank7_short
combo_short_rank7,189,2026-05-24 01:40:00+00:00,2026-05-24 01:45:00+00:00,2026-05-24 04:45:00+00:00,1,time_open,37,-0.016993579657679492,-0.05098073897303848,combo_short_rank7_long
combo_short_rank7,190,2026-05-24 04:50:00+00:00,2026-05-24 04:55:00+00:00,2026-05-24 05:10:00+00:00,1,target,4,0.010371750002794581,0.031115250008383742,combo_short_rank7_long
combo_short_rank7,191,2026-05-24 05:55:00+00:00,2026-05-24 06:00:00+00:00,2026-05-24 08:10:00+00:00,1,target,27,0.013890993498660471,0.041672980495981414,combo_short_rank7_long
combo_short_rank7,192,2026-05-24 08:40:00+00:00,2026-05-24 08:45:00+00:00,2026-05-24 09:35:00+00:00,1,target,11,0.016221181025222835,0.0486635430756685,combo_short_rank7_long
combo_short_rank7,193,2026-05-24 09:55:00+00:00,2026-05-24 10:00:00+00:00,2026-05-24 13:00:00+00:00,1,time_open,37,0.003108596096978729,0.009325788290936186,combo_short_rank7_long
combo_short_rank7,194,2026-05-24 13:05:00+00:00,2026-05-24 13:10:00+00:00,2026-05-24 16:10:00+00:00,1,time_open,37,-0.005909331802525143,-0.017727995407575428,combo_short_rank7_long
combo_short_rank7,195,2026-05-28 21:45:00+00:00,2026-05-28 21:50:00+00:00,2026-05-29 00:50:00+00:00,1,time_open,37,0.0016577891820205425,0.004973367546061628,combo_short_rank7_long
combo_short_rank7,196,2026-05-29 03:30:00+00:00,2026-05-29 03:35:00+00:00,2026-05-29 06:35:00+00:00,1,time_open,37,-0.002703448184576668,-0.008110344553730005,combo_short_rank7_long
combo_short_rank7,197,2026-05-29 17:15:00+00:00,2026-05-29 17:20:00+00:00,2026-05-29 20:20:00+00:00,1,time_open,37,-0.019409756664471974,-0.05822926999341592,combo_short_rank7_long
combo_short_rank7,198,2026-06-01 07:00:00+00:00,2026-06-01 07:05:00+00:00,2026-06-01 10:05:00+00:00,1,time_open,37,-0.01919166364718259,-0.05757499094154777,combo_short_rank7_long
combo_short_rank7,199,2026-06-05 00:35:00+00:00,2026-06-05 00:40:00+00:00,2026-06-05 03:05:00+00:00,-1,target,30,0.016962222958558912,0.050886668875676735,combo_short_rank7_short
combo_short_rank7,200,2026-06-05 05:30:00+00:00,2026-06-05 05:35:00+00:00,2026-06-05 05:50:00+00:00,-1,target,4,0.02075284931152877,0.06225854793458631,combo_short_rank7_short
combo_short_rank7,201,2026-06-05 16:25:00+00:00,2026-06-05 16:30:00+00:00,2026-06-05 18:50:00+00:00,-1,target,29,0.03659146781076301,0.10977440343228903,combo_short_rank7_short
combo_short_rank7,202,2026-06-06 04:55:00+00:00,2026-06-06 05:00:00+00:00,2026-06-06 06:20:00+00:00,-1,stop_market,17,-0.027602102723163078,-0.08280630816948924,combo_short_rank7_short
combo_short_rank7,203,2026-06-08 11:50:00+00:00,2026-06-08 11:55:00+00:00,2026-06-08 12:55:00+00:00,1,target,13,0.012813781523843958,0.03844134457153187,combo_short_rank7_long
combo_short_rank7,204,2026-06-08 14:25:00+00:00,2026-06-08 14:30:00+00:00,2026-06-08 17:30:00+00:00,1,time_open,37,-0.009114896741930847,-0.027344690225792542,combo_short_rank7_long
combo_short_rank7,205,2026-06-09 16:35:00+00:00,2026-06-09 16:40:00+00:00,2026-06-09 19:40:00+00:00,-1,time_open,37,-0.0034583909414453834,-0.01037517282433615,combo_short_rank7_short
combo_short_rank7,206,2026-06-11 18:50:00+00:00,2026-06-11 18:55:00+00:00,2026-06-11 21:55:00+00:00,1,time_open,37,0.005559643854380876,0.01667893156314263,combo_short_rank7_long
combo_short_rank7,207,2026-06-15 06:40:00+00:00,2026-06-15 06:45:00+00:00,2026-06-15 07:10:00+00:00,1,target,6,0.008438408069479408,0.025315224208438222,combo_short_rank7_long
combo_short_rank7,208,2026-06-15 07:45:00+00:00,2026-06-15 07:50:00+00:00,2026-06-15 08:40:00+00:00,1,target,11,0.010518506217615688,0.031555518652847066,combo_short_rank7_long
combo_short_rank7,209,2026-06-15 09:40:00+00:00,2026-06-15 09:45:00+00:00,2026-06-15 10:05:00+00:00,1,target,5,0.008594396442941257,0.025783189328823772,combo_short_rank7_long
combo_short_rank7,210,2026-06-15 11:05:00+00:00,2026-06-15 11:10:00+00:00,2026-06-15 14:10:00+00:00,1,time_open,37,-0.015377026573111685,-0.046131079719335055,combo_short_rank7_long
combo_short_rank7,211,2026-06-16 10:05:00+00:00,2026-06-16 10:10:00+00:00,2026-06-16 10:25:00+00:00,1,target,4,0.012038241004495366,0.036114723013486096,combo_short_rank7_long
combo_short_rank7,212,2026-06-16 11:05:00+00:00,2026-06-16 11:10:00+00:00,2026-06-16 14:10:00+00:00,1,time_open,37,-0.00401904743742438,-0.012057142312273141,combo_short_rank7_long
combo_short_rank7,213,2026-06-18 17:50:00+00:00,2026-06-18 17:55:00+00:00,2026-06-18 18:25:00+00:00,-1,stop_market,7,-0.018340387940745568,-0.05502116382223671,combo_short_rank7_short
combo_short_rank8,1,2025-06-02 21:35:00+00:00,2025-06-02 21:40:00+00:00,2025-06-02 22:00:00+00:00,1,target,5,0.015496134274602754,0.04648840282380826,combo_short_rank8_long
combo_short_rank8,2,2025-06-03 00:45:00+00:00,2025-06-03 00:50:00+00:00,2025-06-03 03:50:00+00:00,1,time_open,37,-0.014306255089924119,-0.042918765269772355,combo_short_rank8_long
combo_short_rank8,3,2025-06-03 05:55:00+00:00,2025-06-03 06:00:00+00:00,2025-06-03 09:00:00+00:00,1,time_open,37,0.0033241059043635436,0.009972317713090631,combo_short_rank8_long
combo_short_rank8,4,2025-06-03 11:10:00+00:00,2025-06-03 11:15:00+00:00,2025-06-03 14:15:00+00:00,1,time_open,37,-0.008588737313778872,-0.025766211941336617,combo_short_rank8_long
combo_short_rank8,5,2025-06-05 19:40:00+00:00,2025-06-05 19:45:00+00:00,2025-06-05 20:15:00+00:00,-1,target,7,0.018341307500250766,0.0550239225007523,combo_short_rank8_short
combo_short_rank8,6,2025-06-09 20:55:00+00:00,2025-06-09 21:00:00+00:00,2025-06-09 22:00:00+00:00,1,target,13,0.0142276903055964,0.042683070916789204,combo_short_rank8_long
combo_short_rank8,7,2025-06-09 23:25:00+00:00,2025-06-09 23:30:00+00:00,2025-06-10 00:25:00+00:00,1,target,12,0.014227746718657884,0.042683240155973655,combo_short_rank8_long
combo_short_rank8,8,2025-06-10 00:40:00+00:00,2025-06-10 00:45:00+00:00,2025-06-10 02:00:00+00:00,1,target,16,0.01595915187490664,0.04787745562471993,combo_short_rank8_long
combo_short_rank8,9,2025-06-10 11:35:00+00:00,2025-06-10 11:40:00+00:00,2025-06-10 14:40:00+00:00,1,time_open,37,-0.0378890815202644,-0.11366724456079319,combo_short_rank8_long
combo_short_rank8,10,2025-06-13 02:00:00+00:00,2025-06-13 02:05:00+00:00,2025-06-13 08:05:00+00:00,-1,time_open,73,-0.034664454516317916,-0.10399336354895375,combo_short_rank8_short
combo_short_rank8,11,2025-06-13 23:15:00+00:00,2025-06-13 23:20:00+00:00,2025-06-14 02:20:00+00:00,1,time_open,37,-0.0042529040536935046,-0.012758712161080514,combo_short_rank8_long
combo_short_rank8,12,2025-06-16 05:40:00+00:00,2025-06-16 05:45:00+00:00,2025-06-16 06:15:00+00:00,1,target,7,0.01288301743459912,0.038649052303797365,combo_short_rank8_long
combo_short_rank8,13,2025-06-16 06:55:00+00:00,2025-06-16 07:00:00+00:00,2025-06-16 10:00:00+00:00,1,time_open,37,0.001990455497046504,0.005971366491139512,combo_short_rank8_long
combo_short_rank8,14,2025-06-16 12:40:00+00:00,2025-06-16 12:45:00+00:00,2025-06-16 14:00:00+00:00,1,target,16,0.010423966871420816,0.031271900614262445,combo_short_rank8_long
combo_short_rank8,15,2025-06-16 14:40:00+00:00,2025-06-16 14:45:00+00:00,2025-06-16 17:45:00+00:00,1,time_open,37,-0.014226196470066788,-0.04267858941020036,combo_short_rank8_long
combo_short_rank8,16,2025-06-17 11:00:00+00:00,2025-06-17 11:05:00+00:00,2025-06-17 12:55:00+00:00,-1,target,23,0.011871900782688542,0.035615702348065624,combo_short_rank8_short
combo_short_rank8,17,2025-06-19 14:25:00+00:00,2025-06-19 14:30:00+00:00,2025-06-19 15:30:00+00:00,-1,target,13,0.01186898185503804,0.035606945565114116,combo_short_rank8_short
combo_short_rank8,18,2025-06-20 18:10:00+00:00,2025-06-20 18:15:00+00:00,2025-06-20 22:05:00+00:00,-1,target,47,0.01990955430623071,0.05972866291869213,combo_short_rank8_short
combo_short_rank8,19,2025-06-21 17:20:00+00:00,2025-06-21 17:25:00+00:00,2025-06-21 17:55:00+00:00,-1,target,7,0.016659321991532815,0.04997796597459844,combo_short_rank8_short
combo_short_rank8,20,2025-06-21 18:15:00+00:00,2025-06-21 18:20:00+00:00,2025-06-21 19:15:00+00:00,-1,target,12,0.015013839827465627,0.04504151948239688,combo_short_rank8_short
combo_short_rank8,21,2025-06-21 19:20:00+00:00,2025-06-21 19:25:00+00:00,2025-06-21 19:40:00+00:00,-1,target,4,0.014012121758928686,0.04203636527678606,combo_short_rank8_short
combo_short_rank8,22,2025-06-23 05:35:00+00:00,2025-06-23 05:40:00+00:00,2025-06-23 06:05:00+00:00,1,target,6,0.01016136758684936,0.030484102760548082,combo_short_rank8_long
combo_short_rank8,23,2025-06-27 01:15:00+00:00,2025-06-27 01:20:00+00:00,2025-06-27 01:35:00+00:00,-1,stop_market,4,-0.017386289837349543,-0.05215886951204863,combo_short_rank8_short
combo_short_rank8,24,2025-07-01 20:40:00+00:00,2025-07-01 20:45:00+00:00,2025-07-01 23:00:00+00:00,-1,target,28,0.010776170814929787,0.03232851244478936,combo_short_rank8_short
combo_short_rank8,25,2025-07-08 05:00:00+00:00,2025-07-08 05:05:00+00:00,2025-07-08 06:10:00+00:00,-1,stop_market,14,-0.011403720012033039,-0.034211160036099114,combo_short_rank8_short
combo_short_rank8,26,2025-07-11 05:00:00+00:00,2025-07-11 05:05:00+00:00,2025-07-11 06:20:00+00:00,1,target,16,0.00948107918998686,0.02844323756996058,combo_short_rank8_long
combo_short_rank8,27,2025-07-11 06:40:00+00:00,2025-07-11 06:45:00+00:00,2025-07-11 09:45:00+00:00,1,time_open,37,-0.0025277998608205727,-0.007583399582461718,combo_short_rank8_long
combo_short_rank8,28,2025-07-22 06:35:00+00:00,2025-07-22 06:40:00+00:00,2025-07-22 08:05:00+00:00,-1,target,18,0.008284999629488695,0.024854998888466085,combo_short_rank8_short
combo_short_rank8,29,2025-07-24 07:30:00+00:00,2025-07-24 07:35:00+00:00,2025-07-24 11:50:00+00:00,-1,stop_market,52,-0.02140517391000648,-0.06421552173001943,combo_short_rank8_short
combo_short_rank8,30,2025-08-01 20:20:00+00:00,2025-08-01 20:25:00+00:00,2025-08-01 22:35:00+00:00,-1,target,27,0.015824723615042734,0.0474741708451282,combo_short_rank8_short
combo_short_rank8,31,2025-08-08 00:35:00+00:00,2025-08-08 00:40:00+00:00,2025-08-08 03:40:00+00:00,1,time_open,37,-0.005917873540102114,-0.017753620620306342,combo_short_rank8_long
combo_short_rank8,32,2025-08-13 18:00:00+00:00,2025-08-13 18:05:00+00:00,2025-08-13 21:05:00+00:00,1,time_open,37,-0.011124189384001304,-0.033372568152003915,combo_short_rank8_long
combo_short_rank8,33,2025-08-13 21:10:00+00:00,2025-08-13 21:15:00+00:00,2025-08-13 23:35:00+00:00,1,target,29,0.01336988356928487,0.04010965070785461,combo_short_rank8_long
combo_short_rank8,34,2025-08-13 23:40:00+00:00,2025-08-13 23:45:00+00:00,2025-08-14 02:45:00+00:00,1,time_open,37,-0.003605361250074216,-0.010816083750222649,combo_short_rank8_long
combo_short_rank8,35,2025-08-15 08:00:00+00:00,2025-08-15 08:05:00+00:00,2025-08-15 08:40:00+00:00,1,target,8,0.01092423962991835,0.032772718889755054,combo_short_rank8_long
combo_short_rank8,36,2025-08-22 15:35:00+00:00,2025-08-22 15:40:00+00:00,2025-08-22 18:40:00+00:00,1,time_open,37,0.00405088529599411,0.01215265588798233,combo_short_rank8_long
combo_short_rank8,37,2025-08-22 19:50:00+00:00,2025-08-22 19:55:00+00:00,2025-08-22 22:05:00+00:00,1,target,27,0.008516845829247341,0.025550537487742025,combo_short_rank8_long
combo_short_rank8,38,2025-08-25 02:45:00+00:00,2025-08-25 02:50:00+00:00,2025-08-25 05:50:00+00:00,1,time_open,37,-0.027789914422283627,-0.08336974326685088,combo_short_rank8_long
combo_short_rank8,39,2025-08-25 22:30:00+00:00,2025-08-25 22:35:00+00:00,2025-08-25 23:20:00+00:00,-1,target,10,0.01171535594548351,0.03514606783645053,combo_short_rank8_short
combo_short_rank8,40,2025-08-26 17:35:00+00:00,2025-08-26 17:40:00+00:00,2025-08-26 19:15:00+00:00,1,target,20,0.014478845915917589,0.04343653774775277,combo_short_rank8_long
combo_short_rank8,41,2025-08-26 22:45:00+00:00,2025-08-26 22:50:00+00:00,2025-08-27 01:50:00+00:00,1,time_open,37,-0.002085917491393976,-0.006257752474181928,combo_short_rank8_long
combo_short_rank8,42,2025-08-27 02:20:00+00:00,2025-08-27 02:25:00+00:00,2025-08-27 02:45:00+00:00,1,target,5,0.010940986832674504,0.03282296049802351,combo_short_rank8_long
combo_short_rank8,43,2025-08-27 04:20:00+00:00,2025-08-27 04:25:00+00:00,2025-08-27 07:25:00+00:00,1,time_open,37,-0.012739258054619527,-0.03821777416385858,combo_short_rank8_long
combo_short_rank8,44,2025-09-08 10:05:00+00:00,2025-09-08 10:10:00+00:00,2025-09-08 13:05:00+00:00,1,target,36,0.010216506279960895,0.030649518839882685,combo_short_rank8_long
combo_short_rank8,45,2025-09-08 13:55:00+00:00,2025-09-08 14:00:00+00:00,2025-09-08 17:00:00+00:00,1,time_open,37,-0.008135828775788662,-0.024407486327365988,combo_short_rank8_long
combo_short_rank8,46,2025-09-09 10:55:00+00:00,2025-09-09 11:00:00+00:00,2025-09-09 12:40:00+00:00,1,stop_market,21,-0.032093257432788874,-0.09627977229836662,combo_short_rank8_long
combo_short_rank8,47,2025-09-18 01:45:00+00:00,2025-09-18 01:50:00+00:00,2025-09-18 04:50:00+00:00,1,time_open,37,-0.014254711821291198,-0.042764135463873594,combo_short_rank8_long
combo_short_rank8,48,2025-09-23 21:00:00+00:00,2025-09-23 21:05:00+00:00,2025-09-23 23:25:00+00:00,-1,target,29,0.013317987272146713,0.03995396181644014,combo_short_rank8_short
combo_short_rank8,49,2025-09-25 04:25:00+00:00,2025-09-25 04:30:00+00:00,2025-09-25 06:10:00+00:00,-1,target,21,0.017738913935069565,0.053216741805208696,combo_short_rank8_short
combo_short_rank8,50,2025-09-29 03:45:00+00:00,2025-09-29 03:50:00+00:00,2025-09-29 04:15:00+00:00,1,target,6,0.0108409609208871,0.0325228827626613,combo_short_rank8_long
combo_short_rank8,51,2025-09-29 04:35:00+00:00,2025-09-29 04:40:00+00:00,2025-09-29 07:40:00+00:00,1,time_open,37,-0.002290467170894425,-0.006871401512683275,combo_short_rank8_long
combo_short_rank8,52,2025-10-09 17:25:00+00:00,2025-10-09 17:30:00+00:00,2025-10-09 19:25:00+00:00,-1,stop_market,24,-0.019687603329920776,-0.05906280998976233,combo_short_rank8_short
combo_short_rank8,53,2025-10-10 18:10:00+00:00,2025-10-10 18:15:00+00:00,2025-10-10 18:45:00+00:00,-1,target,7,0.011287984183163562,0.033863952549490685,combo_short_rank8_short
combo_short_rank8,54,2025-10-10 18:45:00+00:00,2025-10-10 18:50:00+00:00,2025-10-10 20:25:00+00:00,-1,stop_market,20,-0.01647242358429247,-0.049417270752877406,combo_short_rank8_short
combo_short_rank8,55,2025-10-10 22:00:00+00:00,2025-10-10 22:05:00+00:00,2025-10-11 04:05:00+00:00,-1,time_open,73,0.04423870093422844,0.13271610280268534,combo_short_rank8_short
combo_short_rank8,56,2025-10-11 16:25:00+00:00,2025-10-11 16:30:00+00:00,2025-10-11 19:10:00+00:00,-1,target,33,0.016238613496807407,0.04871584049042222,combo_short_rank8_short
combo_short_rank8,57,2025-10-12 19:15:00+00:00,2025-10-12 19:20:00+00:00,2025-10-12 20:35:00+00:00,1,target,16,0.014770395436148165,0.044311186308444495,combo_short_rank8_long
combo_short_rank8,58,2025-10-13 01:55:00+00:00,2025-10-13 02:00:00+00:00,2025-10-13 05:00:00+00:00,1,time_open,37,-0.030145853316466877,-0.09043755994940063,combo_short_rank8_long
combo_short_rank8,59,2025-10-13 20:25:00+00:00,2025-10-13 20:30:00+00:00,2025-10-13 20:50:00+00:00,1,target,5,0.016655132763630332,0.049965398290891,combo_short_rank8_long
combo_short_rank8,60,2025-10-13 21:15:00+00:00,2025-10-13 21:20:00+00:00,2025-10-14 00:20:00+00:00,1,time_open,37,-0.012380896422171406,-0.03714268926651422,combo_short_rank8_long
combo_short_rank8,61,2025-10-14 09:20:00+00:00,2025-10-14 09:25:00+00:00,2025-10-14 10:05:00+00:00,-1,target,9,0.01455825512868791,0.04367476538606373,combo_short_rank8_short
combo_short_rank8,62,2025-10-17 09:15:00+00:00,2025-10-17 09:20:00+00:00,2025-10-17 11:15:00+00:00,-1,stop_market,24,-0.03600685677580085,-0.10802057032740256,combo_short_rank8_short
combo_short_rank8,63,2025-10-23 03:05:00+00:00,2025-10-23 03:10:00+00:00,2025-10-23 06:10:00+00:00,1,time_open,37,-0.002446354438045768,-0.0073390633141373045,combo_short_rank8_long
combo_short_rank8,64,2025-10-23 08:40:00+00:00,2025-10-23 08:45:00+00:00,2025-10-23 11:45:00+00:00,1,time_open,37,-0.001919761770366497,-0.005759285311099491,combo_short_rank8_long
combo_short_rank8,65,2025-10-23 12:15:00+00:00,2025-10-23 12:20:00+00:00,2025-10-23 12:55:00+00:00,1,target,8,0.014277689179859998,0.042833067539579994,combo_short_rank8_long
combo_short_rank8,66,2025-10-23 13:00:00+00:00,2025-10-23 13:05:00+00:00,2025-10-23 16:05:00+00:00,1,time_open,37,-0.003128797907948495,-0.009386393723845485,combo_short_rank8_long
combo_short_rank8,67,2025-10-23 16:15:00+00:00,2025-10-23 16:20:00+00:00,2025-10-23 19:20:00+00:00,1,time_open,37,-0.02490912296870269,-0.07472736890610807,combo_short_rank8_long
combo_short_rank8,68,2025-10-25 22:20:00+00:00,2025-10-25 22:25:00+00:00,2025-10-25 22:40:00+00:00,1,target,4,0.014744934893972302,0.04423480468191691,combo_short_rank8_long
combo_short_rank8,69,2025-10-25 22:55:00+00:00,2025-10-25 23:00:00+00:00,2025-10-26 02:00:00+00:00,1,time_open,37,-0.0077102204759059234,-0.02313066142771777,combo_short_rank8_long
combo_short_rank8,70,2025-10-26 02:05:00+00:00,2025-10-26 02:10:00+00:00,2025-10-26 05:10:00+00:00,1,time_open,37,-0.012910616580455591,-0.03873184974136677,combo_short_rank8_long
combo_short_rank8,71,2025-10-26 07:30:00+00:00,2025-10-26 07:35:00+00:00,2025-10-26 08:00:00+00:00,1,target,6,0.009220886401672939,0.027662659205018817,combo_short_rank8_long
combo_short_rank8,72,2025-10-26 10:00:00+00:00,2025-10-26 10:05:00+00:00,2025-10-26 11:10:00+00:00,1,target,14,0.016219696864110143,0.04865909059233043,combo_short_rank8_long
combo_short_rank8,73,2025-10-26 12:00:00+00:00,2025-10-26 12:05:00+00:00,2025-10-26 12:15:00+00:00,1,target,3,0.01882452769146418,0.05647358307439254,combo_short_rank8_long
combo_short_rank8,74,2025-10-26 12:25:00+00:00,2025-10-26 12:30:00+00:00,2025-10-26 15:30:00+00:00,1,time_open,37,-0.010139671798866316,-0.03041901539659895,combo_short_rank8_long
combo_short_rank8,75,2025-10-26 18:35:00+00:00,2025-10-26 18:40:00+00:00,2025-10-26 21:40:00+00:00,1,time_open,37,-0.01056831824572628,-0.03170495473717884,combo_short_rank8_long
combo_short_rank8,76,2025-10-26 22:05:00+00:00,2025-10-26 22:10:00+00:00,2025-10-27 01:10:00+00:00,1,time_open,37,-0.0016789093747814686,-0.005036728124344405,combo_short_rank8_long
combo_short_rank8,77,2025-10-30 20:10:00+00:00,2025-10-30 20:15:00+00:00,2025-10-30 22:50:00+00:00,-1,stop_market,32,-0.03393784940021962,-0.10181354820065885,combo_short_rank8_short
combo_short_rank8,78,2025-11-03 16:25:00+00:00,2025-11-03 16:30:00+00:00,2025-11-03 22:30:00+00:00,-1,time_open,73,0.004054523541027476,0.012163570623082428,combo_short_rank8_short
combo_short_rank8,79,2025-11-04 07:40:00+00:00,2025-11-04 07:45:00+00:00,2025-11-04 08:15:00+00:00,-1,target,7,0.02229561224199673,0.06688683672599019,combo_short_rank8_short
combo_short_rank8,80,2025-11-04 08:35:00+00:00,2025-11-04 08:40:00+00:00,2025-11-04 14:40:00+00:00,-1,time_open,73,-0.010809333661807138,-0.03242800098542141,combo_short_rank8_short
combo_short_rank8,81,2025-11-04 18:45:00+00:00,2025-11-04 18:50:00+00:00,2025-11-04 20:15:00+00:00,-1,target,18,0.028681786569210475,0.08604535970763143,combo_short_rank8_short
combo_short_rank8,82,2025-11-04 21:20:00+00:00,2025-11-04 21:25:00+00:00,2025-11-04 22:10:00+00:00,-1,stop_market,10,-0.050297445105197534,-0.1508923353155926,combo_short_rank8_short
combo_short_rank8,83,2025-11-05 10:15:00+00:00,2025-11-05 10:20:00+00:00,2025-11-05 11:30:00+00:00,1,target,15,0.013881994915359123,0.04164598474607737,combo_short_rank8_long
combo_short_rank8,84,2025-11-05 12:05:00+00:00,2025-11-05 12:10:00+00:00,2025-11-05 15:10:00+00:00,1,time_open,37,0.010499959939981447,0.03149987981994434,combo_short_rank8_long
combo_short_rank8,85,2025-11-05 16:45:00+00:00,2025-11-05 16:50:00+00:00,2025-11-05 19:50:00+00:00,1,time_open,37,-0.011824841735812308,-0.03547452520743692,combo_short_rank8_long
combo_short_rank8,86,2025-11-06 18:00:00+00:00,2025-11-06 18:05:00+00:00,2025-11-07 00:05:00+00:00,-1,time_open,73,-0.00548489606328316,-0.016454688189849482,combo_short_rank8_short
combo_short_rank8,87,2025-11-07 17:45:00+00:00,2025-11-07 17:50:00+00:00,2025-11-07 19:35:00+00:00,1,target,22,0.02063505874779905,0.06190517624339715,combo_short_rank8_long
combo_short_rank8,88,2025-11-07 19:45:00+00:00,2025-11-07 19:50:00+00:00,2025-11-07 20:10:00+00:00,1,target,5,0.013720032916227736,0.041160098748683205,combo_short_rank8_long
combo_short_rank8,89,2025-11-07 20:15:00+00:00,2025-11-07 20:20:00+00:00,2025-11-07 23:20:00+00:00,1,time_open,37,-0.005733905310358177,-0.01720171593107453,combo_short_rank8_long
combo_short_rank8,90,2025-11-07 23:20:00+00:00,2025-11-07 23:25:00+00:00,2025-11-08 02:25:00+00:00,1,time_open,37,0.0007666482515769087,0.002299944754730726,combo_short_rank8_long
combo_short_rank8,91,2025-11-08 03:00:00+00:00,2025-11-08 03:05:00+00:00,2025-11-08 06:00:00+00:00,1,stop_market,36,-0.04137111022743027,-0.12411333068229081,combo_short_rank8_long
combo_short_rank8,92,2025-11-18 06:10:00+00:00,2025-11-18 06:15:00+00:00,2025-11-18 09:15:00+00:00,1,time_open,37,0.0030900380102084493,0.009270114030625349,combo_short_rank8_long
combo_short_rank8,93,2025-11-18 09:45:00+00:00,2025-11-18 09:50:00+00:00,2025-11-18 12:40:00+00:00,1,target,35,0.01241787937471092,0.03725363812413276,combo_short_rank8_long
combo_short_rank8,94,2025-11-22 19:30:00+00:00,2025-11-22 19:35:00+00:00,2025-11-22 19:55:00+00:00,-1,target,5,0.011996343918747304,0.03598903175624191,combo_short_rank8_short
combo_short_rank8,95,2025-12-01 01:45:00+00:00,2025-12-01 01:50:00+00:00,2025-12-01 04:05:00+00:00,-1,target,28,0.016919189070683967,0.0507575672120519,combo_short_rank8_short
combo_short_rank8,96,2025-12-01 14:35:00+00:00,2025-12-01 14:40:00+00:00,2025-12-01 16:25:00+00:00,-1,target,22,0.01811801967708121,0.05435405903124363,combo_short_rank8_short
combo_short_rank8,97,2025-12-02 17:15:00+00:00,2025-12-02 17:20:00+00:00,2025-12-02 19:00:00+00:00,1,target,21,0.018025738374068248,0.054077215122204744,combo_short_rank8_long
combo_short_rank8,98,2025-12-03 03:40:00+00:00,2025-12-03 03:45:00+00:00,2025-12-03 05:05:00+00:00,1,target,17,0.015073577416439367,0.0452207322493181,combo_short_rank8_long
combo_short_rank8,99,2025-12-07 15:35:00+00:00,2025-12-07 15:40:00+00:00,2025-12-07 16:55:00+00:00,-1,stop_market,16,-0.02661492118432915,-0.07984476355298745,combo_short_rank8_short
combo_short_rank8,100,2025-12-09 05:40:00+00:00,2025-12-09 05:45:00+00:00,2025-12-09 06:10:00+00:00,-1,target,6,0.014574946001847337,0.04372483800554201,combo_short_rank8_short
combo_short_rank8,101,2025-12-15 18:15:00+00:00,2025-12-15 18:20:00+00:00,2025-12-16 00:20:00+00:00,-1,time_open,73,-0.004379006654709882,-0.013137019964129647,combo_short_rank8_short
combo_short_rank8,102,2025-12-17 20:50:00+00:00,2025-12-17 20:55:00+00:00,2025-12-17 23:25:00+00:00,-1,target,31,0.014953590885083608,0.044860772655250826,combo_short_rank8_short
combo_short_rank8,103,2025-12-18 21:10:00+00:00,2025-12-18 21:15:00+00:00,2025-12-18 23:15:00+00:00,-1,target,25,0.012812606845256463,0.038437820535769385,combo_short_rank8_short
combo_short_rank8,104,2026-01-01 18:50:00+00:00,2026-01-01 18:55:00+00:00,2026-01-01 20:25:00+00:00,-1,target,19,0.007539489612180091,0.022618468836540274,combo_short_rank8_short
combo_short_rank8,105,2026-01-19 02:40:00+00:00,2026-01-19 02:45:00+00:00,2026-01-19 06:15:00+00:00,-1,target,43,0.007713960357531383,0.02314188107259415,combo_short_rank8_short
combo_short_rank8,106,2026-01-20 15:00:00+00:00,2026-01-20 15:05:00+00:00,2026-01-20 16:45:00+00:00,-1,target,21,0.015089882650389295,0.045269647951167884,combo_short_rank8_short
combo_short_rank8,107,2026-01-24 01:40:00+00:00,2026-01-24 01:45:00+00:00,2026-01-24 02:10:00+00:00,1,target,6,0.010298757917086647,0.030896273751259938,combo_short_rank8_long
combo_short_rank8,108,2026-01-24 03:55:00+00:00,2026-01-24 04:00:00+00:00,2026-01-24 07:00:00+00:00,1,time_open,37,-0.010589917820245804,-0.03176975346073741,combo_short_rank8_long
combo_short_rank8,109,2026-01-26 19:20:00+00:00,2026-01-26 19:25:00+00:00,2026-01-26 21:40:00+00:00,1,target,28,0.015050028971937366,0.0451500869158121,combo_short_rank8_long
combo_short_rank8,110,2026-01-26 22:00:00+00:00,2026-01-26 22:05:00+00:00,2026-01-26 22:45:00+00:00,1,target,9,0.013932554721309194,0.041797664163927585,combo_short_rank8_long
combo_short_rank8,111,2026-01-26 22:55:00+00:00,2026-01-26 23:00:00+00:00,2026-01-27 02:00:00+00:00,1,time_open,37,0.016523195354803365,0.049569586064410094,combo_short_rank8_long
combo_short_rank8,112,2026-01-27 02:10:00+00:00,2026-01-27 02:15:00+00:00,2026-01-27 02:45:00+00:00,1,target,7,0.012517796038059728,0.03755338811417919,combo_short_rank8_long
combo_short_rank8,113,2026-01-27 03:45:00+00:00,2026-01-27 03:50:00+00:00,2026-01-27 04:10:00+00:00,1,target,5,0.016691468042866003,0.05007440412859801,combo_short_rank8_long
combo_short_rank8,114,2026-01-27 04:45:00+00:00,2026-01-27 04:50:00+00:00,2026-01-27 05:35:00+00:00,1,target,10,0.017782027996468615,0.053346083989405844,combo_short_rank8_long
combo_short_rank8,115,2026-01-27 05:40:00+00:00,2026-01-27 05:45:00+00:00,2026-01-27 06:40:00+00:00,1,target,12,0.01614916787335833,0.04844750362007499,combo_short_rank8_long
combo_short_rank8,116,2026-01-27 07:45:00+00:00,2026-01-27 07:50:00+00:00,2026-01-27 10:50:00+00:00,1,time_open,37,-0.008435953679747586,-0.025307861039242756,combo_short_rank8_long
combo_short_rank8,117,2026-01-27 11:10:00+00:00,2026-01-27 11:15:00+00:00,2026-01-27 12:25:00+00:00,1,target,15,0.017072748531337088,0.051218245594011266,combo_short_rank8_long
combo_short_rank8,118,2026-01-27 13:35:00+00:00,2026-01-27 13:40:00+00:00,2026-01-27 15:50:00+00:00,1,target,27,0.014979255330401514,0.04493776599120454,combo_short_rank8_long
combo_short_rank8,119,2026-01-27 16:00:00+00:00,2026-01-27 16:05:00+00:00,2026-01-27 16:55:00+00:00,1,target,11,0.018460942382225762,0.05538282714667729,combo_short_rank8_long
combo_short_rank8,120,2026-01-27 18:00:00+00:00,2026-01-27 18:05:00+00:00,2026-01-27 19:25:00+00:00,1,target,17,0.028689806530706255,0.08606941959211876,combo_short_rank8_long
combo_short_rank8,121,2026-01-27 19:50:00+00:00,2026-01-27 19:55:00+00:00,2026-01-27 20:15:00+00:00,1,target,5,0.016662175873492727,0.049986527620478186,combo_short_rank8_long
combo_short_rank8,122,2026-01-27 20:30:00+00:00,2026-01-27 20:35:00+00:00,2026-01-27 22:30:00+00:00,1,target,24,0.018792363600421576,0.056377090801264726,combo_short_rank8_long
combo_short_rank8,123,2026-01-27 22:55:00+00:00,2026-01-27 23:00:00+00:00,2026-01-28 00:05:00+00:00,1,target,14,0.017834456413609985,0.053503369240829955,combo_short_rank8_long
combo_short_rank8,124,2026-01-28 00:15:00+00:00,2026-01-28 00:20:00+00:00,2026-01-28 00:55:00+00:00,1,target,8,0.020277055094760684,0.06083116528428205,combo_short_rank8_long
combo_short_rank8,125,2026-01-28 01:35:00+00:00,2026-01-28 01:40:00+00:00,2026-01-28 02:15:00+00:00,1,target,8,0.03076747970895687,0.09230243912687061,combo_short_rank8_long
combo_short_rank8,126,2026-01-28 02:55:00+00:00,2026-01-28 03:00:00+00:00,2026-01-28 03:35:00+00:00,1,target,8,0.02963235446175291,0.08889706338525873,combo_short_rank8_long
combo_short_rank8,127,2026-01-28 03:50:00+00:00,2026-01-28 03:55:00+00:00,2026-01-28 06:55:00+00:00,1,time_open,37,-0.002853947398115867,-0.0085618421943476,combo_short_rank8_long
combo_short_rank8,128,2026-01-28 07:40:00+00:00,2026-01-28 07:45:00+00:00,2026-01-28 08:00:00+00:00,1,target,4,0.016216107030826547,0.04864832109247964,combo_short_rank8_long
combo_short_rank8,129,2026-01-28 08:20:00+00:00,2026-01-28 08:25:00+00:00,2026-01-28 11:25:00+00:00,1,time_open,37,0.0018193640426490934,0.005458092127947281,combo_short_rank8_long
combo_short_rank8,130,2026-01-28 11:25:00+00:00,2026-01-28 11:30:00+00:00,2026-01-28 14:30:00+00:00,1,time_open,37,-0.018761180811765622,-0.05628354243529687,combo_short_rank8_long
combo_short_rank8,131,2026-01-30 03:45:00+00:00,2026-01-30 03:50:00+00:00,2026-01-30 09:50:00+00:00,-1,time_open,73,-0.011872984148001945,-0.035618952444005834,combo_short_rank8_short
combo_short_rank8,132,2026-01-30 15:40:00+00:00,2026-01-30 15:45:00+00:00,2026-01-30 16:05:00+00:00,-1,target,5,0.023052182640613875,0.06915654792184163,combo_short_rank8_short
combo_short_rank8,133,2026-01-31 17:45:00+00:00,2026-01-31 17:50:00+00:00,2026-01-31 18:40:00+00:00,-1,target,11,0.02771649383266789,0.08314948149800368,combo_short_rank8_short
combo_short_rank8,134,2026-02-01 16:40:00+00:00,2026-02-01 16:45:00+00:00,2026-02-01 18:00:00+00:00,-1,stop_market,16,-0.03190809668201863,-0.0957242900460559,combo_short_rank8_short
combo_short_rank8,135,2026-02-02 22:35:00+00:00,2026-02-02 22:40:00+00:00,2026-02-03 01:00:00+00:00,1,target,29,0.021645524833803793,0.06493657450141138,combo_short_rank8_long
combo_short_rank8,136,2026-02-03 01:30:00+00:00,2026-02-03 01:35:00+00:00,2026-02-03 01:50:00+00:00,1,target,4,0.022973850587040257,0.06892155176112078,combo_short_rank8_long
combo_short_rank8,137,2026-02-03 02:55:00+00:00,2026-02-03 03:00:00+00:00,2026-02-03 03:30:00+00:00,1,target,7,0.02826137667980181,0.08478413003940544,combo_short_rank8_long
combo_short_rank8,138,2026-02-03 04:20:00+00:00,2026-02-03 04:25:00+00:00,2026-02-03 07:25:00+00:00,1,time_open,37,-0.014742204567824506,-0.04422661370347352,combo_short_rank8_long
combo_short_rank8,139,2026-02-03 07:30:00+00:00,2026-02-03 07:35:00+00:00,2026-02-03 08:25:00+00:00,1,target,11,0.019201472332869632,0.057604416998608896,combo_short_rank8_long
combo_short_rank8,140,2026-02-03 09:55:00+00:00,2026-02-03 10:00:00+00:00,2026-02-03 13:00:00+00:00,1,time_open,37,-0.028258972996509268,-0.0847769189895278,combo_short_rank8_long
combo_short_rank8,141,2026-02-05 14:05:00+00:00,2026-02-05 14:10:00+00:00,2026-02-05 15:05:00+00:00,-1,target,12,0.016770678609256923,0.050312035827770774,combo_short_rank8_short
combo_short_rank8,142,2026-02-05 15:20:00+00:00,2026-02-05 15:25:00+00:00,2026-02-05 16:00:00+00:00,-1,target,8,0.02262207894340611,0.06786623683021833,combo_short_rank8_short
combo_short_rank8,143,2026-02-06 04:20:00+00:00,2026-02-06 04:25:00+00:00,2026-02-06 07:25:00+00:00,1,time_open,37,-0.04936937282456918,-0.14810811847370753,combo_short_rank8_long
combo_short_rank8,144,2026-02-28 18:50:00+00:00,2026-02-28 18:55:00+00:00,2026-02-28 20:20:00+00:00,1,target,18,0.019142598109568903,0.057427794328706705,combo_short_rank8_long
combo_short_rank8,145,2026-02-28 20:30:00+00:00,2026-02-28 20:35:00+00:00,2026-02-28 20:45:00+00:00,1,target,3,0.01795406367035337,0.05386219101106011,combo_short_rank8_long
combo_short_rank8,146,2026-02-28 21:00:00+00:00,2026-02-28 21:05:00+00:00,2026-02-28 22:25:00+00:00,1,target,17,0.019814061364452344,0.05944218409335703,combo_short_rank8_long
combo_short_rank8,147,2026-02-28 22:40:00+00:00,2026-02-28 22:45:00+00:00,2026-02-28 23:45:00+00:00,1,target,13,0.014622284839401523,0.04386685451820457,combo_short_rank8_long
combo_short_rank8,148,2026-03-01 01:50:00+00:00,2026-03-01 01:55:00+00:00,2026-03-01 02:00:00+00:00,1,target,2,0.0161120163560902,0.048336049068270596,combo_short_rank8_long
combo_short_rank8,149,2026-03-01 03:25:00+00:00,2026-03-01 03:30:00+00:00,2026-03-01 05:45:00+00:00,1,target,28,0.013393139663125669,0.040179418989377005,combo_short_rank8_long
combo_short_rank8,150,2026-03-01 06:15:00+00:00,2026-03-01 06:20:00+00:00,2026-03-01 09:20:00+00:00,1,time_open,37,-0.007332285650752828,-0.021996856952258486,combo_short_rank8_long
combo_short_rank8,151,2026-03-02 22:45:00+00:00,2026-03-02 22:50:00+00:00,2026-03-03 01:50:00+00:00,1,time_open,37,-0.0075797110177607254,-0.022739133053282175,combo_short_rank8_long
combo_short_rank8,152,2026-03-03 02:50:00+00:00,2026-03-03 02:55:00+00:00,2026-03-03 03:10:00+00:00,1,target,4,0.011294297386607876,0.033882892159823624,combo_short_rank8_long
combo_short_rank8,153,2026-03-03 04:35:00+00:00,2026-03-03 04:40:00+00:00,2026-03-03 05:05:00+00:00,1,target,6,0.009307310983249089,0.027921932949747267,combo_short_rank8_long
combo_short_rank8,154,2026-03-09 14:50:00+00:00,2026-03-09 14:55:00+00:00,2026-03-09 16:20:00+00:00,1,target,18,0.02119666027402636,0.06358998082207908,combo_short_rank8_long
combo_short_rank8,155,2026-03-09 17:15:00+00:00,2026-03-09 17:20:00+00:00,2026-03-09 20:20:00+00:00,1,time_open,37,0.006319387913195441,0.018958163739586323,combo_short_rank8_long
combo_short_rank8,156,2026-03-09 20:30:00+00:00,2026-03-09 20:35:00+00:00,2026-03-09 21:05:00+00:00,1,target,7,0.015458400663412232,0.046375201990236696,combo_short_rank8_long
combo_short_rank8,157,2026-03-09 21:35:00+00:00,2026-03-09 21:40:00+00:00,2026-03-10 00:40:00+00:00,1,time_open,37,-0.018779953913612875,-0.056339861740838625,combo_short_rank8_long
combo_short_rank8,158,2026-03-10 03:40:00+00:00,2026-03-10 03:45:00+00:00,2026-03-10 06:45:00+00:00,1,time_open,37,-0.014681882229606105,-0.044045646688818316,combo_short_rank8_long
combo_short_rank8,159,2026-04-08 07:25:00+00:00,2026-04-08 07:30:00+00:00,2026-04-08 07:50:00+00:00,1,target,5,0.006699842595916964,0.02009952778775089,combo_short_rank8_long
combo_short_rank8,160,2026-04-08 09:35:00+00:00,2026-04-08 09:40:00+00:00,2026-04-08 12:40:00+00:00,1,time_open,37,-0.0016624707209484091,-0.004987412162845227,combo_short_rank8_long
combo_short_rank8,161,2026-05-14 15:35:00+00:00,2026-05-14 15:40:00+00:00,2026-05-14 16:30:00+00:00,1,target,11,0.01447340638717408,0.04342021916152224,combo_short_rank8_long
combo_short_rank8,162,2026-05-14 16:35:00+00:00,2026-05-14 16:40:00+00:00,2026-05-14 17:05:00+00:00,1,target,6,0.014658067181291382,0.043974201543874145,combo_short_rank8_long
combo_short_rank8,163,2026-05-14 17:20:00+00:00,2026-05-14 17:25:00+00:00,2026-05-14 18:15:00+00:00,1,target,11,0.01707384361705465,0.051221530851163946,combo_short_rank8_long
combo_short_rank8,164,2026-05-14 18:30:00+00:00,2026-05-14 18:35:00+00:00,2026-05-14 21:35:00+00:00,1,time_open,37,-0.00485554712601357,-0.014566641378040712,combo_short_rank8_long
combo_short_rank8,165,2026-05-14 22:05:00+00:00,2026-05-14 22:10:00+00:00,2026-05-14 23:35:00+00:00,1,target,18,0.010378863401763031,0.031136590205289093,combo_short_rank8_long
combo_short_rank8,166,2026-05-15 00:00:00+00:00,2026-05-15 00:05:00+00:00,2026-05-15 00:25:00+00:00,1,target,5,0.009892713858009619,0.029678141574028857,combo_short_rank8_long
combo_short_rank8,167,2026-05-15 01:00:00+00:00,2026-05-15 01:05:00+00:00,2026-05-15 01:35:00+00:00,1,target,7,0.010718752349013155,0.03215625704703946,combo_short_rank8_long
combo_short_rank8,168,2026-05-15 02:00:00+00:00,2026-05-15 02:05:00+00:00,2026-05-15 03:00:00+00:00,1,target,12,0.015951546385803116,0.04785463915740935,combo_short_rank8_long
combo_short_rank8,169,2026-05-15 03:15:00+00:00,2026-05-15 03:20:00+00:00,2026-05-15 06:20:00+00:00,1,time_open,37,-0.018965898918475586,-0.05689769675542676,combo_short_rank8_long
combo_short_rank8,170,2026-05-15 07:20:00+00:00,2026-05-15 07:25:00+00:00,2026-05-15 10:25:00+00:00,1,time_open,37,-0.017184567879511822,-0.05155370363853547,combo_short_rank8_long
combo_short_rank8,171,2026-05-17 20:15:00+00:00,2026-05-17 20:20:00+00:00,2026-05-17 23:20:00+00:00,1,time_open,37,-0.018424744449169594,-0.05527423334750878,combo_short_rank8_long
combo_short_rank8,172,2026-05-18 00:30:00+00:00,2026-05-18 00:35:00+00:00,2026-05-18 03:35:00+00:00,1,time_open,37,-0.02261285289577144,-0.06783855868731431,combo_short_rank8_long
combo_short_rank8,173,2026-05-20 16:30:00+00:00,2026-05-20 16:35:00+00:00,2026-05-20 17:10:00+00:00,1,target,8,0.011986538539807317,0.03595961561942195,combo_short_rank8_long
combo_short_rank8,174,2026-05-20 19:05:00+00:00,2026-05-20 19:10:00+00:00,2026-05-20 19:20:00+00:00,1,target,3,0.01047332688364174,0.03141998065092522,combo_short_rank8_long
combo_short_rank8,175,2026-05-20 21:20:00+00:00,2026-05-20 21:25:00+00:00,2026-05-20 22:15:00+00:00,1,target,11,0.01281624018453674,0.03844872055361022,combo_short_rank8_long
combo_short_rank8,176,2026-05-20 22:50:00+00:00,2026-05-20 22:55:00+00:00,2026-05-20 23:35:00+00:00,1,target,9,0.016937797498793778,0.05081339249638134,combo_short_rank8_long
combo_short_rank8,177,2026-05-21 00:05:00+00:00,2026-05-21 00:10:00+00:00,2026-05-21 00:35:00+00:00,1,target,6,0.015050307816419467,0.045150923449258404,combo_short_rank8_long
combo_short_rank8,178,2026-05-21 01:30:00+00:00,2026-05-21 01:35:00+00:00,2026-05-21 04:35:00+00:00,1,time_open,37,-0.0053163150897795565,-0.01594894526933867,combo_short_rank8_long
combo_short_rank8,179,2026-05-21 05:45:00+00:00,2026-05-21 05:50:00+00:00,2026-05-21 06:25:00+00:00,1,target,8,0.011430275400607476,0.03429082620182243,combo_short_rank8_long
combo_short_rank8,180,2026-05-21 06:55:00+00:00,2026-05-21 07:00:00+00:00,2026-05-21 07:10:00+00:00,1,target,3,0.013006390472229054,0.03901917141668716,combo_short_rank8_long
combo_short_rank8,181,2026-05-21 07:30:00+00:00,2026-05-21 07:35:00+00:00,2026-05-21 07:50:00+00:00,1,target,4,0.014260086683811853,0.04278026005143556,combo_short_rank8_long
combo_short_rank8,182,2026-05-21 08:15:00+00:00,2026-05-21 08:20:00+00:00,2026-05-21 09:30:00+00:00,1,target,15,0.014723990324019843,0.04417197097205953,combo_short_rank8_long
combo_short_rank8,183,2026-05-21 10:20:00+00:00,2026-05-21 10:25:00+00:00,2026-05-21 13:25:00+00:00,1,time_open,37,0.010150345387795134,0.030451036163385403,combo_short_rank8_long
combo_short_rank8,184,2026-05-21 13:35:00+00:00,2026-05-21 13:40:00+00:00,2026-05-21 13:55:00+00:00,1,target,4,0.016279588857853078,0.048838766573559234,combo_short_rank8_long
combo_short_rank8,185,2026-05-21 14:00:00+00:00,2026-05-21 14:05:00+00:00,2026-05-21 14:30:00+00:00,1,target,6,0.020320835247848414,0.06096250574354524,combo_short_rank8_long
combo_short_rank8,186,2026-05-21 14:55:00+00:00,2026-05-21 15:00:00+00:00,2026-05-21 18:00:00+00:00,1,time_open,37,-0.037348151898602334,-0.11204445569580701,combo_short_rank8_long
combo_short_rank8,187,2026-05-22 22:05:00+00:00,2026-05-22 22:10:00+00:00,2026-05-22 23:15:00+00:00,-1,target,14,0.01042839145934139,0.031285174378024166,combo_short_rank8_short
combo_short_rank8,188,2026-05-24 01:40:00+00:00,2026-05-24 01:45:00+00:00,2026-05-24 04:45:00+00:00,1,time_open,37,-0.016993579657679492,-0.05098073897303848,combo_short_rank8_long
combo_short_rank8,189,2026-05-24 04:50:00+00:00,2026-05-24 04:55:00+00:00,2026-05-24 05:10:00+00:00,1,target,4,0.010371750002794581,0.031115250008383742,combo_short_rank8_long
combo_short_rank8,190,2026-05-24 05:55:00+00:00,2026-05-24 06:00:00+00:00,2026-05-24 08:10:00+00:00,1,target,27,0.013890993498660471,0.041672980495981414,combo_short_rank8_long
combo_short_rank8,191,2026-05-24 08:40:00+00:00,2026-05-24 08:45:00+00:00,2026-05-24 09:35:00+00:00,1,target,11,0.016221181025222835,0.0486635430756685,combo_short_rank8_long
combo_short_rank8,192,2026-05-24 09:55:00+00:00,2026-05-24 10:00:00+00:00,2026-05-24 13:00:00+00:00,1,time_open,37,0.003108596096978729,0.009325788290936186,combo_short_rank8_long
combo_short_rank8,193,2026-05-24 13:05:00+00:00,2026-05-24 13:10:00+00:00,2026-05-24 16:10:00+00:00,1,time_open,37,-0.005909331802525143,-0.017727995407575428,combo_short_rank8_long
combo_short_rank8,194,2026-05-28 21:45:00+00:00,2026-05-28 21:50:00+00:00,2026-05-29 00:50:00+00:00,1,time_open,37,0.0016577891820205425,0.004973367546061628,combo_short_rank8_long
combo_short_rank8,195,2026-05-29 03:30:00+00:00,2026-05-29 03:35:00+00:00,2026-05-29 06:35:00+00:00,1,time_open,37,-0.002703448184576668,-0.008110344553730005,combo_short_rank8_long
combo_short_rank8,196,2026-05-29 17:15:00+00:00,2026-05-29 17:20:00+00:00,2026-05-29 20:20:00+00:00,1,time_open,37,-0.019409756664471974,-0.05822926999341592,combo_short_rank8_long
combo_short_rank8,197,2026-06-01 07:00:00+00:00,2026-06-01 07:05:00+00:00,2026-06-01 10:05:00+00:00,1,time_open,37,-0.01919166364718259,-0.05757499094154777,combo_short_rank8_long
combo_short_rank8,198,2026-06-05 00:35:00+00:00,2026-06-05 00:40:00+00:00,2026-06-05 03:05:00+00:00,-1,target,30,0.016962222958558912,0.050886668875676735,combo_short_rank8_short
combo_short_rank8,199,2026-06-05 05:30:00+00:00,2026-06-05 05:35:00+00:00,2026-06-05 05:50:00+00:00,-1,target,4,0.02075284931152877,0.06225854793458631,combo_short_rank8_short
combo_short_rank8,200,2026-06-05 16:25:00+00:00,2026-06-05 16:30:00+00:00,2026-06-05 18:50:00+00:00,-1,target,29,0.03659146781076301,0.10977440343228903,combo_short_rank8_short
combo_short_rank8,201,2026-06-06 04:55:00+00:00,2026-06-06 05:00:00+00:00,2026-06-06 06:20:00+00:00,-1,stop_market,17,-0.027602102723163078,-0.08280630816948924,combo_short_rank8_short
combo_short_rank8,202,2026-06-08 11:50:00+00:00,2026-06-08 11:55:00+00:00,2026-06-08 12:55:00+00:00,1,target,13,0.012813781523843958,0.03844134457153187,combo_short_rank8_long
combo_short_rank8,203,2026-06-08 14:25:00+00:00,2026-06-08 14:30:00+00:00,2026-06-08 17:30:00+00:00,1,time_open,37,-0.009114896741930847,-0.027344690225792542,combo_short_rank8_long
combo_short_rank8,204,2026-06-09 16:35:00+00:00,2026-06-09 16:40:00+00:00,2026-06-09 19:45:00+00:00,-1,target,38,0.013747712778773121,0.04124313833631936,combo_short_rank8_short
combo_short_rank8,205,2026-06-11 18:50:00+00:00,2026-06-11 18:55:00+00:00,2026-06-11 21:55:00+00:00,1,time_open,37,0.005559643854380876,0.01667893156314263,combo_short_rank8_long
combo_short_rank8,206,2026-06-15 06:40:00+00:00,2026-06-15 06:45:00+00:00,2026-06-15 07:10:00+00:00,1,target,6,0.008438408069479408,0.025315224208438222,combo_short_rank8_long
combo_short_rank8,207,2026-06-15 07:45:00+00:00,2026-06-15 07:50:00+00:00,2026-06-15 08:40:00+00:00,1,target,11,0.010518506217615688,0.031555518652847066,combo_short_rank8_long
combo_short_rank8,208,2026-06-15 09:40:00+00:00,2026-06-15 09:45:00+00:00,2026-06-15 10:05:00+00:00,1,target,5,0.008594396442941257,0.025783189328823772,combo_short_rank8_long
combo_short_rank8,209,2026-06-15 11:05:00+00:00,2026-06-15 11:10:00+00:00,2026-06-15 14:10:00+00:00,1,time_open,37,-0.015377026573111685,-0.046131079719335055,combo_short_rank8_long
combo_short_rank8,210,2026-06-16 10:05:00+00:00,2026-06-16 10:10:00+00:00,2026-06-16 10:25:00+00:00,1,target,4,0.012038241004495366,0.036114723013486096,combo_short_rank8_long
combo_short_rank8,211,2026-06-16 11:05:00+00:00,2026-06-16 11:10:00+00:00,2026-06-16 14:10:00+00:00,1,time_open,37,-0.00401904743742438,-0.012057142312273141,combo_short_rank8_long
combo_short_rank8,212,2026-06-18 17:50:00+00:00,2026-06-18 17:55:00+00:00,2026-06-18 18:25:00+00:00,-1,stop_market,7,-0.018340387940745568,-0.05502116382223671,combo_short_rank8_short
combo_short_rank9,1,2025-06-02 21:35:00+00:00,2025-06-02 21:40:00+00:00,2025-06-02 22:00:00+00:00,1,target,5,0.015496134274602754,0.04648840282380826,combo_short_rank9_long
combo_short_rank9,2,2025-06-03 00:45:00+00:00,2025-06-03 00:50:00+00:00,2025-06-03 03:50:00+00:00,1,time_open,37,-0.014306255089924119,-0.042918765269772355,combo_short_rank9_long
combo_short_rank9,3,2025-06-03 05:55:00+00:00,2025-06-03 06:00:00+00:00,2025-06-03 09:00:00+00:00,1,time_open,37,0.0033241059043635436,0.009972317713090631,combo_short_rank9_long
combo_short_rank9,4,2025-06-03 11:10:00+00:00,2025-06-03 11:15:00+00:00,2025-06-03 14:15:00+00:00,1,time_open,37,-0.008588737313778872,-0.025766211941336617,combo_short_rank9_long
combo_short_rank9,5,2025-06-09 20:55:00+00:00,2025-06-09 21:00:00+00:00,2025-06-09 22:00:00+00:00,1,target,13,0.0142276903055964,0.042683070916789204,combo_short_rank9_long
combo_short_rank9,6,2025-06-09 23:25:00+00:00,2025-06-09 23:30:00+00:00,2025-06-10 00:25:00+00:00,1,target,12,0.014227746718657884,0.042683240155973655,combo_short_rank9_long
combo_short_rank9,7,2025-06-10 00:40:00+00:00,2025-06-10 00:45:00+00:00,2025-06-10 02:00:00+00:00,1,target,16,0.01595915187490664,0.04787745562471993,combo_short_rank9_long
combo_short_rank9,8,2025-06-10 11:35:00+00:00,2025-06-10 11:40:00+00:00,2025-06-10 14:40:00+00:00,1,time_open,37,-0.0378890815202644,-0.11366724456079319,combo_short_rank9_long
combo_short_rank9,9,2025-06-13 03:10:00+00:00,2025-06-13 03:15:00+00:00,2025-06-13 03:30:00+00:00,-1,stop_market,4,-0.0205046631446452,-0.0615139894339356,combo_short_rank9_short
combo_short_rank9,10,2025-06-13 23:15:00+00:00,2025-06-13 23:20:00+00:00,2025-06-14 02:20:00+00:00,1,time_open,37,-0.0042529040536935046,-0.012758712161080514,combo_short_rank9_long
combo_short_rank9,11,2025-06-16 05:40:00+00:00,2025-06-16 05:45:00+00:00,2025-06-16 06:15:00+00:00,1,target,7,0.01288301743459912,0.038649052303797365,combo_short_rank9_long
combo_short_rank9,12,2025-06-16 06:55:00+00:00,2025-06-16 07:00:00+00:00,2025-06-16 10:00:00+00:00,1,time_open,37,0.001990455497046504,0.005971366491139512,combo_short_rank9_long
combo_short_rank9,13,2025-06-16 12:40:00+00:00,2025-06-16 12:45:00+00:00,2025-06-16 14:00:00+00:00,1,target,16,0.010423966871420816,0.031271900614262445,combo_short_rank9_long
combo_short_rank9,14,2025-06-16 14:40:00+00:00,2025-06-16 14:45:00+00:00,2025-06-16 17:45:00+00:00,1,time_open,37,-0.014226196470066788,-0.04267858941020036,combo_short_rank9_long
combo_short_rank9,15,2025-06-17 00:50:00+00:00,2025-06-17 00:55:00+00:00,2025-06-17 02:25:00+00:00,-1,target,19,0.013577119504604974,0.04073135851381492,combo_short_rank9_short
combo_short_rank9,16,2025-06-20 18:45:00+00:00,2025-06-20 18:50:00+00:00,2025-06-20 19:10:00+00:00,-1,target,5,0.012484151561667963,0.03745245468500389,combo_short_rank9_short
combo_short_rank9,17,2025-06-23 05:35:00+00:00,2025-06-23 05:40:00+00:00,2025-06-23 06:05:00+00:00,1,target,6,0.01016136758684936,0.030484102760548082,combo_short_rank9_long
combo_short_rank9,18,2025-06-24 21:00:00+00:00,2025-06-24 21:05:00+00:00,2025-06-25 00:05:00+00:00,-1,time_open,37,-0.00805072841555343,-0.02415218524666029,combo_short_rank9_short
combo_short_rank9,19,2025-06-27 01:15:00+00:00,2025-06-27 01:20:00+00:00,2025-06-27 01:25:00+00:00,-1,stop_market,2,-0.011779264275294164,-0.035337792825882494,combo_short_rank9_short
combo_short_rank9,20,2025-07-11 05:00:00+00:00,2025-07-11 05:05:00+00:00,2025-07-11 06:20:00+00:00,1,target,16,0.00948107918998686,0.02844323756996058,combo_short_rank9_long
combo_short_rank9,21,2025-07-11 06:40:00+00:00,2025-07-11 06:45:00+00:00,2025-07-11 09:45:00+00:00,1,time_open,37,-0.0025277998608205727,-0.007583399582461718,combo_short_rank9_long
combo_short_rank9,22,2025-07-29 16:30:00+00:00,2025-07-29 16:35:00+00:00,2025-07-29 17:10:00+00:00,-1,stop_market,8,-0.014118926630372468,-0.042356779891117406,combo_short_rank9_short
combo_short_rank9,23,2025-08-01 20:35:00+00:00,2025-08-01 20:40:00+00:00,2025-08-01 22:10:00+00:00,-1,target,19,0.011808821952484455,0.03542646585745336,combo_short_rank9_short
combo_short_rank9,24,2025-08-08 00:35:00+00:00,2025-08-08 00:40:00+00:00,2025-08-08 03:40:00+00:00,1,time_open,37,-0.005917873540102114,-0.017753620620306342,combo_short_rank9_long
combo_short_rank9,25,2025-08-13 18:00:00+00:00,2025-08-13 18:05:00+00:00,2025-08-13 21:05:00+00:00,1,time_open,37,-0.011124189384001304,-0.033372568152003915,combo_short_rank9_long
combo_short_rank9,26,2025-08-13 21:10:00+00:00,2025-08-13 21:15:00+00:00,2025-08-13 23:35:00+00:00,1,target,29,0.01336988356928487,0.04010965070785461,combo_short_rank9_long
combo_short_rank9,27,2025-08-13 23:40:00+00:00,2025-08-13 23:45:00+00:00,2025-08-14 02:45:00+00:00,1,time_open,37,-0.003605361250074216,-0.010816083750222649,combo_short_rank9_long
combo_short_rank9,28,2025-08-15 08:00:00+00:00,2025-08-15 08:05:00+00:00,2025-08-15 08:40:00+00:00,1,target,8,0.01092423962991835,0.032772718889755054,combo_short_rank9_long
combo_short_rank9,29,2025-08-22 15:35:00+00:00,2025-08-22 15:40:00+00:00,2025-08-22 18:40:00+00:00,1,time_open,37,0.00405088529599411,0.01215265588798233,combo_short_rank9_long
combo_short_rank9,30,2025-08-22 19:50:00+00:00,2025-08-22 19:55:00+00:00,2025-08-22 22:05:00+00:00,1,target,27,0.008516845829247341,0.025550537487742025,combo_short_rank9_long
combo_short_rank9,31,2025-08-25 02:45:00+00:00,2025-08-25 02:50:00+00:00,2025-08-25 05:50:00+00:00,1,time_open,37,-0.027789914422283627,-0.08336974326685088,combo_short_rank9_long
combo_short_rank9,32,2025-08-25 22:30:00+00:00,2025-08-25 22:35:00+00:00,2025-08-25 23:00:00+00:00,-1,target,6,0.00864521367131681,0.02593564101395043,combo_short_rank9_short
combo_short_rank9,33,2025-08-26 17:35:00+00:00,2025-08-26 17:40:00+00:00,2025-08-26 19:15:00+00:00,1,target,20,0.014478845915917589,0.04343653774775277,combo_short_rank9_long
combo_short_rank9,34,2025-08-26 22:45:00+00:00,2025-08-26 22:50:00+00:00,2025-08-27 01:50:00+00:00,1,time_open,37,-0.002085917491393976,-0.006257752474181928,combo_short_rank9_long
combo_short_rank9,35,2025-08-27 02:20:00+00:00,2025-08-27 02:25:00+00:00,2025-08-27 02:45:00+00:00,1,target,5,0.010940986832674504,0.03282296049802351,combo_short_rank9_long
combo_short_rank9,36,2025-08-27 04:20:00+00:00,2025-08-27 04:25:00+00:00,2025-08-27 07:25:00+00:00,1,time_open,37,-0.012739258054619527,-0.03821777416385858,combo_short_rank9_long
combo_short_rank9,37,2025-09-08 10:05:00+00:00,2025-09-08 10:10:00+00:00,2025-09-08 13:05:00+00:00,1,target,36,0.010216506279960895,0.030649518839882685,combo_short_rank9_long
combo_short_rank9,38,2025-09-08 13:55:00+00:00,2025-09-08 14:00:00+00:00,2025-09-08 17:00:00+00:00,1,time_open,37,-0.008135828775788662,-0.024407486327365988,combo_short_rank9_long
combo_short_rank9,39,2025-09-09 10:55:00+00:00,2025-09-09 11:00:00+00:00,2025-09-09 12:40:00+00:00,1,stop_market,21,-0.032093257432788874,-0.09627977229836662,combo_short_rank9_long
combo_short_rank9,40,2025-09-18 01:45:00+00:00,2025-09-18 01:50:00+00:00,2025-09-18 04:50:00+00:00,1,time_open,37,-0.014254711821291198,-0.042764135463873594,combo_short_rank9_long
combo_short_rank9,41,2025-09-25 05:25:00+00:00,2025-09-25 05:30:00+00:00,2025-09-25 06:05:00+00:00,-1,target,8,0.013746238399617484,0.04123871519885245,combo_short_rank9_short
combo_short_rank9,42,2025-09-29 03:45:00+00:00,2025-09-29 03:50:00+00:00,2025-09-29 04:15:00+00:00,1,target,6,0.0108409609208871,0.0325228827626613,combo_short_rank9_long
combo_short_rank9,43,2025-09-29 04:35:00+00:00,2025-09-29 04:40:00+00:00,2025-09-29 07:40:00+00:00,1,time_open,37,-0.002290467170894425,-0.006871401512683275,combo_short_rank9_long
combo_short_rank9,44,2025-09-29 19:00:00+00:00,2025-09-29 19:05:00+00:00,2025-09-29 19:55:00+00:00,-1,stop_market,11,-0.009246154630018062,-0.027738463890054185,combo_short_rank9_short
combo_short_rank9,45,2025-10-10 18:05:00+00:00,2025-10-10 18:10:00+00:00,2025-10-10 18:35:00+00:00,-1,target,6,0.00849165231681893,0.02547495695045679,combo_short_rank9_short
combo_short_rank9,46,2025-10-10 21:40:00+00:00,2025-10-10 21:45:00+00:00,2025-10-11 00:45:00+00:00,-1,time_open,37,0.022144475606296083,0.06643342681888825,combo_short_rank9_short
combo_short_rank9,47,2025-10-11 00:55:00+00:00,2025-10-11 01:00:00+00:00,2025-10-11 01:30:00+00:00,-1,target,7,0.027790102607630398,0.08337030782289119,combo_short_rank9_short
combo_short_rank9,48,2025-10-12 10:25:00+00:00,2025-10-12 10:30:00+00:00,2025-10-12 11:40:00+00:00,-1,stop_market,15,-0.012962229993146,-0.038886689979438,combo_short_rank9_short
combo_short_rank9,49,2025-10-12 19:15:00+00:00,2025-10-12 19:20:00+00:00,2025-10-12 20:35:00+00:00,1,target,16,0.014770395436148165,0.044311186308444495,combo_short_rank9_long
combo_short_rank9,50,2025-10-13 01:55:00+00:00,2025-10-13 02:00:00+00:00,2025-10-13 05:00:00+00:00,1,time_open,37,-0.030145853316466877,-0.09043755994940063,combo_short_rank9_long
combo_short_rank9,51,2025-10-13 20:25:00+00:00,2025-10-13 20:30:00+00:00,2025-10-13 20:50:00+00:00,1,target,5,0.016655132763630332,0.049965398290891,combo_short_rank9_long
combo_short_rank9,52,2025-10-13 21:15:00+00:00,2025-10-13 21:20:00+00:00,2025-10-14 00:20:00+00:00,1,time_open,37,-0.012380896422171406,-0.03714268926651422,combo_short_rank9_long
combo_short_rank9,53,2025-10-14 09:05:00+00:00,2025-10-14 09:10:00+00:00,2025-10-14 10:00:00+00:00,-1,target,11,0.012262349357363674,0.03678704807209102,combo_short_rank9_short
combo_short_rank9,54,2025-10-17 09:45:00+00:00,2025-10-17 09:50:00+00:00,2025-10-17 10:20:00+00:00,-1,target,7,0.01518390130066497,0.04555170390199491,combo_short_rank9_short
combo_short_rank9,55,2025-10-17 10:35:00+00:00,2025-10-17 10:40:00+00:00,2025-10-17 11:10:00+00:00,-1,stop_market,7,-0.020431482074370913,-0.06129444622311274,combo_short_rank9_short
combo_short_rank9,56,2025-10-23 03:05:00+00:00,2025-10-23 03:10:00+00:00,2025-10-23 06:10:00+00:00,1,time_open,37,-0.002446354438045768,-0.0073390633141373045,combo_short_rank9_long
combo_short_rank9,57,2025-10-23 08:40:00+00:00,2025-10-23 08:45:00+00:00,2025-10-23 11:45:00+00:00,1,time_open,37,-0.001919761770366497,-0.005759285311099491,combo_short_rank9_long
combo_short_rank9,58,2025-10-23 12:15:00+00:00,2025-10-23 12:20:00+00:00,2025-10-23 12:55:00+00:00,1,target,8,0.014277689179859998,0.042833067539579994,combo_short_rank9_long
combo_short_rank9,59,2025-10-23 13:00:00+00:00,2025-10-23 13:05:00+00:00,2025-10-23 16:05:00+00:00,1,time_open,37,-0.003128797907948495,-0.009386393723845485,combo_short_rank9_long
combo_short_rank9,60,2025-10-23 16:15:00+00:00,2025-10-23 16:20:00+00:00,2025-10-23 19:20:00+00:00,1,time_open,37,-0.02490912296870269,-0.07472736890610807,combo_short_rank9_long
combo_short_rank9,61,2025-10-25 22:20:00+00:00,2025-10-25 22:25:00+00:00,2025-10-25 22:40:00+00:00,1,target,4,0.014744934893972302,0.04423480468191691,combo_short_rank9_long
combo_short_rank9,62,2025-10-25 22:55:00+00:00,2025-10-25 23:00:00+00:00,2025-10-26 02:00:00+00:00,1,time_open,37,-0.0077102204759059234,-0.02313066142771777,combo_short_rank9_long
combo_short_rank9,63,2025-10-26 02:05:00+00:00,2025-10-26 02:10:00+00:00,2025-10-26 05:10:00+00:00,1,time_open,37,-0.012910616580455591,-0.03873184974136677,combo_short_rank9_long
combo_short_rank9,64,2025-10-26 07:30:00+00:00,2025-10-26 07:35:00+00:00,2025-10-26 08:00:00+00:00,1,target,6,0.009220886401672939,0.027662659205018817,combo_short_rank9_long
combo_short_rank9,65,2025-10-26 10:00:00+00:00,2025-10-26 10:05:00+00:00,2025-10-26 11:10:00+00:00,1,target,14,0.016219696864110143,0.04865909059233043,combo_short_rank9_long
combo_short_rank9,66,2025-10-26 12:00:00+00:00,2025-10-26 12:05:00+00:00,2025-10-26 12:15:00+00:00,1,target,3,0.01882452769146418,0.05647358307439254,combo_short_rank9_long
combo_short_rank9,67,2025-10-26 12:25:00+00:00,2025-10-26 12:30:00+00:00,2025-10-26 15:30:00+00:00,1,time_open,37,-0.010139671798866316,-0.03041901539659895,combo_short_rank9_long
combo_short_rank9,68,2025-10-26 18:35:00+00:00,2025-10-26 18:40:00+00:00,2025-10-26 21:40:00+00:00,1,time_open,37,-0.01056831824572628,-0.03170495473717884,combo_short_rank9_long
combo_short_rank9,69,2025-10-26 22:05:00+00:00,2025-10-26 22:10:00+00:00,2025-10-27 01:10:00+00:00,1,time_open,37,-0.0016789093747814686,-0.005036728124344405,combo_short_rank9_long
combo_short_rank9,70,2025-10-29 18:35:00+00:00,2025-10-29 18:40:00+00:00,2025-10-29 18:40:00+00:00,-1,stop_market,1,-0.021902100889247166,-0.0657063026677415,combo_short_rank9_short
combo_short_rank9,71,2025-11-04 07:40:00+00:00,2025-11-04 07:45:00+00:00,2025-11-04 08:10:00+00:00,-1,target,6,0.016580405893701612,0.049741217681104836,combo_short_rank9_short
combo_short_rank9,72,2025-11-04 19:35:00+00:00,2025-11-04 19:40:00+00:00,2025-11-04 20:05:00+00:00,-1,target,6,0.02120892924733603,0.0636267877420081,combo_short_rank9_short
combo_short_rank9,73,2025-11-05 10:15:00+00:00,2025-11-05 10:20:00+00:00,2025-11-05 11:30:00+00:00,1,target,15,0.013881994915359123,0.04164598474607737,combo_short_rank9_long
combo_short_rank9,74,2025-11-05 12:05:00+00:00,2025-11-05 12:10:00+00:00,2025-11-05 15:10:00+00:00,1,time_open,37,0.010499959939981447,0.03149987981994434,combo_short_rank9_long
combo_short_rank9,75,2025-11-05 16:45:00+00:00,2025-11-05 16:50:00+00:00,2025-11-05 19:50:00+00:00,1,time_open,37,-0.011824841735812308,-0.03547452520743692,combo_short_rank9_long
combo_short_rank9,76,2025-11-06 18:00:00+00:00,2025-11-06 18:05:00+00:00,2025-11-06 18:15:00+00:00,-1,target,3,0.010263805169489755,0.030791415508469262,combo_short_rank9_short
combo_short_rank9,77,2025-11-07 17:45:00+00:00,2025-11-07 17:50:00+00:00,2025-11-07 19:35:00+00:00,1,target,22,0.02063505874779905,0.06190517624339715,combo_short_rank9_long
combo_short_rank9,78,2025-11-07 19:45:00+00:00,2025-11-07 19:50:00+00:00,2025-11-07 20:10:00+00:00,1,target,5,0.013720032916227736,0.041160098748683205,combo_short_rank9_long
combo_short_rank9,79,2025-11-07 20:15:00+00:00,2025-11-07 20:20:00+00:00,2025-11-07 23:20:00+00:00,1,time_open,37,-0.005733905310358177,-0.01720171593107453,combo_short_rank9_long
combo_short_rank9,80,2025-11-07 23:20:00+00:00,2025-11-07 23:25:00+00:00,2025-11-08 02:25:00+00:00,1,time_open,37,0.0007666482515769087,0.002299944754730726,combo_short_rank9_long
combo_short_rank9,81,2025-11-08 03:00:00+00:00,2025-11-08 03:05:00+00:00,2025-11-08 06:00:00+00:00,1,stop_market,36,-0.04137111022743027,-0.12411333068229081,combo_short_rank9_long
combo_short_rank9,82,2025-11-18 06:10:00+00:00,2025-11-18 06:15:00+00:00,2025-11-18 09:15:00+00:00,1,time_open,37,0.0030900380102084493,0.009270114030625349,combo_short_rank9_long
combo_short_rank9,83,2025-11-18 09:45:00+00:00,2025-11-18 09:50:00+00:00,2025-11-18 12:40:00+00:00,1,target,35,0.01241787937471092,0.03725363812413276,combo_short_rank9_long
combo_short_rank9,84,2025-11-18 16:15:00+00:00,2025-11-18 16:20:00+00:00,2025-11-18 16:45:00+00:00,-1,target,6,0.012519584152490394,0.03755875245747118,combo_short_rank9_short
combo_short_rank9,85,2025-11-22 19:30:00+00:00,2025-11-22 19:35:00+00:00,2025-11-22 19:40:00+00:00,-1,target,2,0.008855954651264654,0.026567863953793965,combo_short_rank9_short
combo_short_rank9,86,2025-11-24 07:10:00+00:00,2025-11-24 07:15:00+00:00,2025-11-24 08:30:00+00:00,-1,target,16,0.00803133517380483,0.02409400552141449,combo_short_rank9_short
combo_short_rank9,87,2025-12-01 02:20:00+00:00,2025-12-01 02:25:00+00:00,2025-12-01 03:10:00+00:00,-1,target,10,0.011685518276081889,0.03505655482824567,combo_short_rank9_short
combo_short_rank9,88,2025-12-01 14:35:00+00:00,2025-12-01 14:40:00+00:00,2025-12-01 15:25:00+00:00,-1,target,10,0.013447211470015194,0.04034163441004558,combo_short_rank9_short
combo_short_rank9,89,2025-12-02 17:15:00+00:00,2025-12-02 17:20:00+00:00,2025-12-02 19:00:00+00:00,1,target,21,0.018025738374068248,0.054077215122204744,combo_short_rank9_long
combo_short_rank9,90,2025-12-03 03:40:00+00:00,2025-12-03 03:45:00+00:00,2025-12-03 05:05:00+00:00,1,target,17,0.015073577416439367,0.0452207322493181,combo_short_rank9_long
combo_short_rank9,91,2025-12-12 22:30:00+00:00,2025-12-12 22:35:00+00:00,2025-12-13 01:35:00+00:00,-1,time_open,37,-0.0043935930461671,-0.0131807791385013,combo_short_rank9_short
combo_short_rank9,92,2025-12-15 18:40:00+00:00,2025-12-15 18:45:00+00:00,2025-12-15 18:50:00+00:00,-1,target,2,0.008221543595547666,0.024664630786643,combo_short_rank9_short
combo_short_rank9,93,2026-01-01 17:30:00+00:00,2026-01-01 17:35:00+00:00,2026-01-01 18:15:00+00:00,-1,target,9,0.0075955207439868146,0.022786562231960444,combo_short_rank9_short
combo_short_rank9,94,2026-01-24 01:40:00+00:00,2026-01-24 01:45:00+00:00,2026-01-24 02:10:00+00:00,1,target,6,0.010298757917086647,0.030896273751259938,combo_short_rank9_long
combo_short_rank9,95,2026-01-24 03:55:00+00:00,2026-01-24 04:00:00+00:00,2026-01-24 07:00:00+00:00,1,time_open,37,-0.010589917820245804,-0.03176975346073741,combo_short_rank9_long
combo_short_rank9,96,2026-01-26 19:20:00+00:00,2026-01-26 19:25:00+00:00,2026-01-26 21:40:00+00:00,1,target,28,0.015050028971937366,0.0451500869158121,combo_short_rank9_long
combo_short_rank9,97,2026-01-26 22:00:00+00:00,2026-01-26 22:05:00+00:00,2026-01-26 22:45:00+00:00,1,target,9,0.013932554721309194,0.041797664163927585,combo_short_rank9_long
combo_short_rank9,98,2026-01-26 22:55:00+00:00,2026-01-26 23:00:00+00:00,2026-01-27 02:00:00+00:00,1,time_open,37,0.016523195354803365,0.049569586064410094,combo_short_rank9_long
combo_short_rank9,99,2026-01-27 02:10:00+00:00,2026-01-27 02:15:00+00:00,2026-01-27 02:45:00+00:00,1,target,7,0.012517796038059728,0.03755338811417919,combo_short_rank9_long
combo_short_rank9,100,2026-01-27 03:45:00+00:00,2026-01-27 03:50:00+00:00,2026-01-27 04:10:00+00:00,1,target,5,0.016691468042866003,0.05007440412859801,combo_short_rank9_long
combo_short_rank9,101,2026-01-27 04:45:00+00:00,2026-01-27 04:50:00+00:00,2026-01-27 05:35:00+00:00,1,target,10,0.017782027996468615,0.053346083989405844,combo_short_rank9_long
combo_short_rank9,102,2026-01-27 05:40:00+00:00,2026-01-27 05:45:00+00:00,2026-01-27 06:40:00+00:00,1,target,12,0.01614916787335833,0.04844750362007499,combo_short_rank9_long
combo_short_rank9,103,2026-01-27 07:45:00+00:00,2026-01-27 07:50:00+00:00,2026-01-27 10:50:00+00:00,1,time_open,37,-0.008435953679747586,-0.025307861039242756,combo_short_rank9_long
combo_short_rank9,104,2026-01-27 11:10:00+00:00,2026-01-27 11:15:00+00:00,2026-01-27 12:25:00+00:00,1,target,15,0.017072748531337088,0.051218245594011266,combo_short_rank9_long
combo_short_rank9,105,2026-01-27 13:35:00+00:00,2026-01-27 13:40:00+00:00,2026-01-27 15:50:00+00:00,1,target,27,0.014979255330401514,0.04493776599120454,combo_short_rank9_long
combo_short_rank9,106,2026-01-27 16:00:00+00:00,2026-01-27 16:05:00+00:00,2026-01-27 16:55:00+00:00,1,target,11,0.018460942382225762,0.05538282714667729,combo_short_rank9_long
combo_short_rank9,107,2026-01-27 18:00:00+00:00,2026-01-27 18:05:00+00:00,2026-01-27 19:25:00+00:00,1,target,17,0.028689806530706255,0.08606941959211876,combo_short_rank9_long
combo_short_rank9,108,2026-01-27 19:50:00+00:00,2026-01-27 19:55:00+00:00,2026-01-27 20:15:00+00:00,1,target,5,0.016662175873492727,0.049986527620478186,combo_short_rank9_long
combo_short_rank9,109,2026-01-27 20:30:00+00:00,2026-01-27 20:35:00+00:00,2026-01-27 22:30:00+00:00,1,target,24,0.018792363600421576,0.056377090801264726,combo_short_rank9_long
combo_short_rank9,110,2026-01-27 22:55:00+00:00,2026-01-27 23:00:00+00:00,2026-01-28 00:05:00+00:00,1,target,14,0.017834456413609985,0.053503369240829955,combo_short_rank9_long
combo_short_rank9,111,2026-01-28 00:15:00+00:00,2026-01-28 00:20:00+00:00,2026-01-28 00:55:00+00:00,1,target,8,0.020277055094760684,0.06083116528428205,combo_short_rank9_long
combo_short_rank9,112,2026-01-28 01:35:00+00:00,2026-01-28 01:40:00+00:00,2026-01-28 02:15:00+00:00,1,target,8,0.03076747970895687,0.09230243912687061,combo_short_rank9_long
combo_short_rank9,113,2026-01-28 02:55:00+00:00,2026-01-28 03:00:00+00:00,2026-01-28 03:35:00+00:00,1,target,8,0.02963235446175291,0.08889706338525873,combo_short_rank9_long
combo_short_rank9,114,2026-01-28 03:50:00+00:00,2026-01-28 03:55:00+00:00,2026-01-28 06:55:00+00:00,1,time_open,37,-0.002853947398115867,-0.0085618421943476,combo_short_rank9_long
combo_short_rank9,115,2026-01-28 07:40:00+00:00,2026-01-28 07:45:00+00:00,2026-01-28 08:00:00+00:00,1,target,4,0.016216107030826547,0.04864832109247964,combo_short_rank9_long
combo_short_rank9,116,2026-01-28 08:20:00+00:00,2026-01-28 08:25:00+00:00,2026-01-28 11:25:00+00:00,1,time_open,37,0.0018193640426490934,0.005458092127947281,combo_short_rank9_long
combo_short_rank9,117,2026-01-28 11:25:00+00:00,2026-01-28 11:30:00+00:00,2026-01-28 14:30:00+00:00,1,time_open,37,-0.018761180811765622,-0.05628354243529687,combo_short_rank9_long
combo_short_rank9,118,2026-01-29 04:45:00+00:00,2026-01-29 04:50:00+00:00,2026-01-29 05:05:00+00:00,-1,target,4,0.012801890147599209,0.03840567044279763,combo_short_rank9_short
combo_short_rank9,119,2026-01-29 21:20:00+00:00,2026-01-29 21:25:00+00:00,2026-01-29 22:15:00+00:00,-1,target,11,0.015003579863098119,0.04501073958929436,combo_short_rank9_short
combo_short_rank9,120,2026-01-30 03:35:00+00:00,2026-01-30 03:40:00+00:00,2026-01-30 04:30:00+00:00,-1,stop_market,11,-0.02442193272972475,-0.07326579818917425,combo_short_rank9_short
combo_short_rank9,121,2026-01-30 15:40:00+00:00,2026-01-30 15:45:00+00:00,2026-01-30 16:00:00+00:00,-1,target,4,0.017147833692664555,0.05144350107799367,combo_short_rank9_short
combo_short_rank9,122,2026-01-31 17:45:00+00:00,2026-01-31 17:50:00+00:00,2026-01-31 18:40:00+00:00,-1,target,11,0.020646067086705234,0.061938201260115705,combo_short_rank9_short
combo_short_rank9,123,2026-02-01 16:35:00+00:00,2026-02-01 16:40:00+00:00,2026-02-01 18:00:00+00:00,-1,stop_market,17,-0.021395372005981118,-0.06418611601794336,combo_short_rank9_short
combo_short_rank9,124,2026-02-02 22:35:00+00:00,2026-02-02 22:40:00+00:00,2026-02-03 01:00:00+00:00,1,target,29,0.021645524833803793,0.06493657450141138,combo_short_rank9_long
combo_short_rank9,125,2026-02-03 01:30:00+00:00,2026-02-03 01:35:00+00:00,2026-02-03 01:50:00+00:00,1,target,4,0.022973850587040257,0.06892155176112078,combo_short_rank9_long
combo_short_rank9,126,2026-02-03 02:55:00+00:00,2026-02-03 03:00:00+00:00,2026-02-03 03:30:00+00:00,1,target,7,0.02826137667980181,0.08478413003940544,combo_short_rank9_long
combo_short_rank9,127,2026-02-03 04:20:00+00:00,2026-02-03 04:25:00+00:00,2026-02-03 07:25:00+00:00,1,time_open,37,-0.014742204567824506,-0.04422661370347352,combo_short_rank9_long
combo_short_rank9,128,2026-02-03 07:30:00+00:00,2026-02-03 07:35:00+00:00,2026-02-03 08:25:00+00:00,1,target,11,0.019201472332869632,0.057604416998608896,combo_short_rank9_long
combo_short_rank9,129,2026-02-03 09:55:00+00:00,2026-02-03 10:00:00+00:00,2026-02-03 13:00:00+00:00,1,time_open,37,-0.028258972996509268,-0.0847769189895278,combo_short_rank9_long
combo_short_rank9,130,2026-02-03 18:45:00+00:00,2026-02-03 18:50:00+00:00,2026-02-03 18:55:00+00:00,-1,target,2,0.01759190473350628,0.05277571420051884,combo_short_rank9_short
combo_short_rank9,131,2026-02-03 19:05:00+00:00,2026-02-03 19:10:00+00:00,2026-02-03 19:10:00+00:00,-1,stop_market,1,-0.024854339704400118,-0.07456301911320035,combo_short_rank9_short
combo_short_rank9,132,2026-02-04 00:30:00+00:00,2026-02-04 00:35:00+00:00,2026-02-04 01:10:00+00:00,-1,stop_market,8,-0.016646308703589238,-0.04993892611076771,combo_short_rank9_short
combo_short_rank9,133,2026-02-05 04:25:00+00:00,2026-02-05 04:30:00+00:00,2026-02-05 06:05:00+00:00,-1,target,20,0.011191634044208313,0.03357490213262494,combo_short_rank9_short
combo_short_rank9,134,2026-02-05 13:55:00+00:00,2026-02-05 14:00:00+00:00,2026-02-05 14:20:00+00:00,-1,target,5,0.011935231866141085,0.035805695598423254,combo_short_rank9_short
combo_short_rank9,135,2026-02-05 14:40:00+00:00,2026-02-05 14:45:00+00:00,2026-02-05 14:55:00+00:00,-1,target,3,0.013337011680433523,0.04001103504130057,combo_short_rank9_short
combo_short_rank9,136,2026-02-05 15:15:00+00:00,2026-02-05 15:20:00+00:00,2026-02-05 15:25:00+00:00,-1,target,2,0.01621041989666885,0.04863125969000655,combo_short_rank9_short
combo_short_rank9,137,2026-02-05 15:25:00+00:00,2026-02-05 15:30:00+00:00,2026-02-05 15:40:00+00:00,-1,stop_market,3,-0.026152428042684514,-0.07845728412805354,combo_short_rank9_short
combo_short_rank9,138,2026-02-05 15:40:00+00:00,2026-02-05 15:45:00+00:00,2026-02-05 16:00:00+00:00,-1,target,4,0.019936398850865854,0.05980919655259756,combo_short_rank9_short
combo_short_rank9,139,2026-02-06 04:20:00+00:00,2026-02-06 04:25:00+00:00,2026-02-06 07:25:00+00:00,1,time_open,37,-0.04936937282456918,-0.14810811847370753,combo_short_rank9_long
combo_short_rank9,140,2026-02-06 09:55:00+00:00,2026-02-06 10:00:00+00:00,2026-02-06 10:35:00+00:00,-1,stop_market,8,-0.018932182383170418,-0.05679654714951125,combo_short_rank9_short
combo_short_rank9,141,2026-02-27 14:40:00+00:00,2026-02-27 14:45:00+00:00,2026-02-27 16:25:00+00:00,-1,target,21,0.007590350416034674,0.02277105124810402,combo_short_rank9_short
combo_short_rank9,142,2026-02-28 18:50:00+00:00,2026-02-28 18:55:00+00:00,2026-02-28 20:20:00+00:00,1,target,18,0.019142598109568903,0.057427794328706705,combo_short_rank9_long
combo_short_rank9,143,2026-02-28 20:30:00+00:00,2026-02-28 20:35:00+00:00,2026-02-28 20:45:00+00:00,1,target,3,0.01795406367035337,0.05386219101106011,combo_short_rank9_long
combo_short_rank9,144,2026-02-28 21:00:00+00:00,2026-02-28 21:05:00+00:00,2026-02-28 22:25:00+00:00,1,target,17,0.019814061364452344,0.05944218409335703,combo_short_rank9_long
combo_short_rank9,145,2026-02-28 22:40:00+00:00,2026-02-28 22:45:00+00:00,2026-02-28 23:45:00+00:00,1,target,13,0.014622284839401523,0.04386685451820457,combo_short_rank9_long
combo_short_rank9,146,2026-03-01 01:50:00+00:00,2026-03-01 01:55:00+00:00,2026-03-01 02:00:00+00:00,1,target,2,0.0161120163560902,0.048336049068270596,combo_short_rank9_long
combo_short_rank9,147,2026-03-01 03:25:00+00:00,2026-03-01 03:30:00+00:00,2026-03-01 05:45:00+00:00,1,target,28,0.013393139663125669,0.040179418989377005,combo_short_rank9_long
combo_short_rank9,148,2026-03-01 06:15:00+00:00,2026-03-01 06:20:00+00:00,2026-03-01 09:20:00+00:00,1,time_open,37,-0.007332285650752828,-0.021996856952258486,combo_short_rank9_long
combo_short_rank9,149,2026-03-02 22:45:00+00:00,2026-03-02 22:50:00+00:00,2026-03-03 01:50:00+00:00,1,time_open,37,-0.0075797110177607254,-0.022739133053282175,combo_short_rank9_long
combo_short_rank9,150,2026-03-03 02:50:00+00:00,2026-03-03 02:55:00+00:00,2026-03-03 03:10:00+00:00,1,target,4,0.011294297386607876,0.033882892159823624,combo_short_rank9_long
combo_short_rank9,151,2026-03-03 04:35:00+00:00,2026-03-03 04:40:00+00:00,2026-03-03 05:05:00+00:00,1,target,6,0.009307310983249089,0.027921932949747267,combo_short_rank9_long
combo_short_rank9,152,2026-03-09 14:50:00+00:00,2026-03-09 14:55:00+00:00,2026-03-09 16:20:00+00:00,1,target,18,0.02119666027402636,0.06358998082207908,combo_short_rank9_long
combo_short_rank9,153,2026-03-09 17:15:00+00:00,2026-03-09 17:20:00+00:00,2026-03-09 20:20:00+00:00,1,time_open,37,0.006319387913195441,0.018958163739586323,combo_short_rank9_long
combo_short_rank9,154,2026-03-09 20:30:00+00:00,2026-03-09 20:35:00+00:00,2026-03-09 21:05:00+00:00,1,target,7,0.015458400663412232,0.046375201990236696,combo_short_rank9_long
combo_short_rank9,155,2026-03-09 21:35:00+00:00,2026-03-09 21:40:00+00:00,2026-03-10 00:40:00+00:00,1,time_open,37,-0.018779953913612875,-0.056339861740838625,combo_short_rank9_long
combo_short_rank9,156,2026-03-10 03:40:00+00:00,2026-03-10 03:45:00+00:00,2026-03-10 06:45:00+00:00,1,time_open,37,-0.014681882229606105,-0.044045646688818316,combo_short_rank9_long
combo_short_rank9,157,2026-04-08 07:25:00+00:00,2026-04-08 07:30:00+00:00,2026-04-08 07:50:00+00:00,1,target,5,0.006699842595916964,0.02009952778775089,combo_short_rank9_long
combo_short_rank9,158,2026-04-08 09:35:00+00:00,2026-04-08 09:40:00+00:00,2026-04-08 12:40:00+00:00,1,time_open,37,-0.0016624707209484091,-0.004987412162845227,combo_short_rank9_long
combo_short_rank9,159,2026-05-14 15:35:00+00:00,2026-05-14 15:40:00+00:00,2026-05-14 16:30:00+00:00,1,target,11,0.01447340638717408,0.04342021916152224,combo_short_rank9_long
combo_short_rank9,160,2026-05-14 16:35:00+00:00,2026-05-14 16:40:00+00:00,2026-05-14 17:05:00+00:00,1,target,6,0.014658067181291382,0.043974201543874145,combo_short_rank9_long
combo_short_rank9,161,2026-05-14 17:20:00+00:00,2026-05-14 17:25:00+00:00,2026-05-14 18:15:00+00:00,1,target,11,0.01707384361705465,0.051221530851163946,combo_short_rank9_long
combo_short_rank9,162,2026-05-14 18:30:00+00:00,2026-05-14 18:35:00+00:00,2026-05-14 21:35:00+00:00,1,time_open,37,-0.00485554712601357,-0.014566641378040712,combo_short_rank9_long
combo_short_rank9,163,2026-05-14 22:05:00+00:00,2026-05-14 22:10:00+00:00,2026-05-14 23:35:00+00:00,1,target,18,0.010378863401763031,0.031136590205289093,combo_short_rank9_long
combo_short_rank9,164,2026-05-15 00:00:00+00:00,2026-05-15 00:05:00+00:00,2026-05-15 00:25:00+00:00,1,target,5,0.009892713858009619,0.029678141574028857,combo_short_rank9_long
combo_short_rank9,165,2026-05-15 01:00:00+00:00,2026-05-15 01:05:00+00:00,2026-05-15 01:35:00+00:00,1,target,7,0.010718752349013155,0.03215625704703946,combo_short_rank9_long
combo_short_rank9,166,2026-05-15 02:00:00+00:00,2026-05-15 02:05:00+00:00,2026-05-15 03:00:00+00:00,1,target,12,0.015951546385803116,0.04785463915740935,combo_short_rank9_long
combo_short_rank9,167,2026-05-15 03:15:00+00:00,2026-05-15 03:20:00+00:00,2026-05-15 06:20:00+00:00,1,time_open,37,-0.018965898918475586,-0.05689769675542676,combo_short_rank9_long
combo_short_rank9,168,2026-05-15 07:20:00+00:00,2026-05-15 07:25:00+00:00,2026-05-15 10:25:00+00:00,1,time_open,37,-0.017184567879511822,-0.05155370363853547,combo_short_rank9_long
combo_short_rank9,169,2026-05-17 20:15:00+00:00,2026-05-17 20:20:00+00:00,2026-05-17 23:20:00+00:00,1,time_open,37,-0.018424744449169594,-0.05527423334750878,combo_short_rank9_long
combo_short_rank9,170,2026-05-18 00:30:00+00:00,2026-05-18 00:35:00+00:00,2026-05-18 03:35:00+00:00,1,time_open,37,-0.02261285289577144,-0.06783855868731431,combo_short_rank9_long
combo_short_rank9,171,2026-05-20 16:30:00+00:00,2026-05-20 16:35:00+00:00,2026-05-20 17:10:00+00:00,1,target,8,0.011986538539807317,0.03595961561942195,combo_short_rank9_long
combo_short_rank9,172,2026-05-20 19:05:00+00:00,2026-05-20 19:10:00+00:00,2026-05-20 19:20:00+00:00,1,target,3,0.01047332688364174,0.03141998065092522,combo_short_rank9_long
combo_short_rank9,173,2026-05-20 21:20:00+00:00,2026-05-20 21:25:00+00:00,2026-05-20 22:15:00+00:00,1,target,11,0.01281624018453674,0.03844872055361022,combo_short_rank9_long
combo_short_rank9,174,2026-05-20 22:50:00+00:00,2026-05-20 22:55:00+00:00,2026-05-20 23:35:00+00:00,1,target,9,0.016937797498793778,0.05081339249638134,combo_short_rank9_long
combo_short_rank9,175,2026-05-21 00:05:00+00:00,2026-05-21 00:10:00+00:00,2026-05-21 00:35:00+00:00,1,target,6,0.015050307816419467,0.045150923449258404,combo_short_rank9_long
combo_short_rank9,176,2026-05-21 01:30:00+00:00,2026-05-21 01:35:00+00:00,2026-05-21 04:35:00+00:00,1,time_open,37,-0.0053163150897795565,-0.01594894526933867,combo_short_rank9_long
combo_short_rank9,177,2026-05-21 05:45:00+00:00,2026-05-21 05:50:00+00:00,2026-05-21 06:25:00+00:00,1,target,8,0.011430275400607476,0.03429082620182243,combo_short_rank9_long
combo_short_rank9,178,2026-05-21 06:55:00+00:00,2026-05-21 07:00:00+00:00,2026-05-21 07:10:00+00:00,1,target,3,0.013006390472229054,0.03901917141668716,combo_short_rank9_long
combo_short_rank9,179,2026-05-21 07:30:00+00:00,2026-05-21 07:35:00+00:00,2026-05-21 07:50:00+00:00,1,target,4,0.014260086683811853,0.04278026005143556,combo_short_rank9_long
combo_short_rank9,180,2026-05-21 08:15:00+00:00,2026-05-21 08:20:00+00:00,2026-05-21 09:30:00+00:00,1,target,15,0.014723990324019843,0.04417197097205953,combo_short_rank9_long
combo_short_rank9,181,2026-05-21 10:20:00+00:00,2026-05-21 10:25:00+00:00,2026-05-21 13:25:00+00:00,1,time_open,37,0.010150345387795134,0.030451036163385403,combo_short_rank9_long
combo_short_rank9,182,2026-05-21 13:35:00+00:00,2026-05-21 13:40:00+00:00,2026-05-21 13:55:00+00:00,1,target,4,0.016279588857853078,0.048838766573559234,combo_short_rank9_long
combo_short_rank9,183,2026-05-21 14:00:00+00:00,2026-05-21 14:05:00+00:00,2026-05-21 14:30:00+00:00,1,target,6,0.020320835247848414,0.06096250574354524,combo_short_rank9_long
combo_short_rank9,184,2026-05-21 14:55:00+00:00,2026-05-21 15:00:00+00:00,2026-05-21 18:00:00+00:00,1,time_open,37,-0.037348151898602334,-0.11204445569580701,combo_short_rank9_long
combo_short_rank9,185,2026-05-22 18:00:00+00:00,2026-05-22 18:05:00+00:00,2026-05-22 18:15:00+00:00,-1,stop_market,3,-0.011038075408107409,-0.033114226224322224,combo_short_rank9_short
combo_short_rank9,186,2026-05-22 18:30:00+00:00,2026-05-22 18:35:00+00:00,2026-05-22 18:35:00+00:00,-1,target,1,0.008257800648518747,0.024773401945556238,combo_short_rank9_short
combo_short_rank9,187,2026-05-22 22:05:00+00:00,2026-05-22 22:10:00+00:00,2026-05-22 22:30:00+00:00,-1,target,5,0.007679990306710358,0.023039970920131075,combo_short_rank9_short
combo_short_rank9,188,2026-05-24 01:40:00+00:00,2026-05-24 01:45:00+00:00,2026-05-24 04:45:00+00:00,1,time_open,37,-0.016993579657679492,-0.05098073897303848,combo_short_rank9_long
combo_short_rank9,189,2026-05-24 04:50:00+00:00,2026-05-24 04:55:00+00:00,2026-05-24 05:10:00+00:00,1,target,4,0.010371750002794581,0.031115250008383742,combo_short_rank9_long
combo_short_rank9,190,2026-05-24 05:55:00+00:00,2026-05-24 06:00:00+00:00,2026-05-24 08:10:00+00:00,1,target,27,0.013890993498660471,0.041672980495981414,combo_short_rank9_long
combo_short_rank9,191,2026-05-24 08:40:00+00:00,2026-05-24 08:45:00+00:00,2026-05-24 09:35:00+00:00,1,target,11,0.016221181025222835,0.0486635430756685,combo_short_rank9_long
combo_short_rank9,192,2026-05-24 09:55:00+00:00,2026-05-24 10:00:00+00:00,2026-05-24 13:00:00+00:00,1,time_open,37,0.003108596096978729,0.009325788290936186,combo_short_rank9_long
combo_short_rank9,193,2026-05-24 13:05:00+00:00,2026-05-24 13:10:00+00:00,2026-05-24 16:10:00+00:00,1,time_open,37,-0.005909331802525143,-0.017727995407575428,combo_short_rank9_long
combo_short_rank9,194,2026-05-28 21:45:00+00:00,2026-05-28 21:50:00+00:00,2026-05-29 00:50:00+00:00,1,time_open,37,0.0016577891820205425,0.004973367546061628,combo_short_rank9_long
combo_short_rank9,195,2026-05-29 03:30:00+00:00,2026-05-29 03:35:00+00:00,2026-05-29 06:35:00+00:00,1,time_open,37,-0.002703448184576668,-0.008110344553730005,combo_short_rank9_long
combo_short_rank9,196,2026-05-29 17:15:00+00:00,2026-05-29 17:20:00+00:00,2026-05-29 20:20:00+00:00,1,time_open,37,-0.019409756664471974,-0.05822926999341592,combo_short_rank9_long
combo_short_rank9,197,2026-06-01 07:00:00+00:00,2026-06-01 07:05:00+00:00,2026-06-01 10:05:00+00:00,1,time_open,37,-0.01919166364718259,-0.05757499094154777,combo_short_rank9_long
combo_short_rank9,198,2026-06-05 00:35:00+00:00,2026-06-05 00:40:00+00:00,2026-06-05 01:00:00+00:00,-1,target,5,0.0125803639311235,0.0377410917933705,combo_short_rank9_short
combo_short_rank9,199,2026-06-05 05:30:00+00:00,2026-06-05 05:35:00+00:00,2026-06-05 05:50:00+00:00,-1,target,4,0.01542333369585078,0.046270001087552345,combo_short_rank9_short
combo_short_rank9,200,2026-06-05 16:20:00+00:00,2026-06-05 16:25:00+00:00,2026-06-05 17:25:00+00:00,-1,target,13,0.026432914409605296,0.07929874322881589,combo_short_rank9_short
combo_short_rank9,201,2026-06-08 11:50:00+00:00,2026-06-08 11:55:00+00:00,2026-06-08 12:55:00+00:00,1,target,13,0.012813781523843958,0.03844134457153187,combo_short_rank9_long
combo_short_rank9,202,2026-06-08 14:25:00+00:00,2026-06-08 14:30:00+00:00,2026-06-08 17:30:00+00:00,1,time_open,37,-0.009114896741930847,-0.027344690225792542,combo_short_rank9_long
combo_short_rank9,203,2026-06-11 18:50:00+00:00,2026-06-11 18:55:00+00:00,2026-06-11 21:55:00+00:00,1,time_open,37,0.005559643854380876,0.01667893156314263,combo_short_rank9_long
combo_short_rank9,204,2026-06-15 06:40:00+00:00,2026-06-15 06:45:00+00:00,2026-06-15 07:10:00+00:00,1,target,6,0.008438408069479408,0.025315224208438222,combo_short_rank9_long
combo_short_rank9,205,2026-06-15 07:45:00+00:00,2026-06-15 07:50:00+00:00,2026-06-15 08:40:00+00:00,1,target,11,0.010518506217615688,0.031555518652847066,combo_short_rank9_long
combo_short_rank9,206,2026-06-15 09:40:00+00:00,2026-06-15 09:45:00+00:00,2026-06-15 10:05:00+00:00,1,target,5,0.008594396442941257,0.025783189328823772,combo_short_rank9_long
combo_short_rank9,207,2026-06-15 11:05:00+00:00,2026-06-15 11:10:00+00:00,2026-06-15 14:10:00+00:00,1,time_open,37,-0.015377026573111685,-0.046131079719335055,combo_short_rank9_long
combo_short_rank9,208,2026-06-16 10:05:00+00:00,2026-06-16 10:10:00+00:00,2026-06-16 10:25:00+00:00,1,target,4,0.012038241004495366,0.036114723013486096,combo_short_rank9_long
combo_short_rank9,209,2026-06-16 11:05:00+00:00,2026-06-16 11:10:00+00:00,2026-06-16 14:10:00+00:00,1,time_open,37,-0.00401904743742438,-0.012057142312273141,combo_short_rank9_long
combo_short_rank9,210,2026-06-17 22:45:00+00:00,2026-06-17 22:50:00+00:00,2026-06-18 00:30:00+00:00,-1,stop_market,21,-0.014442720363755896,-0.04332816109126769,combo_short_rank9_short
combo_short_rank9,211,2026-06-26 03:25:00+00:00,2026-06-26 03:30:00+00:00,2026-06-26 03:45:00+00:00,-1,stop_market,4,-0.015957392940213835,-0.0478721788206415,combo_short_rank9_short
combo_short_rank10,1,2025-06-02 21:35:00+00:00,2025-06-02 21:40:00+00:00,2025-06-02 22:00:00+00:00,1,target,5,0.015496134274602754,0.04648840282380826,combo_short_rank10_long
combo_short_rank10,2,2025-06-03 00:45:00+00:00,2025-06-03 00:50:00+00:00,2025-06-03 03:50:00+00:00,1,time_open,37,-0.014306255089924119,-0.042918765269772355,combo_short_rank10_long
combo_short_rank10,3,2025-06-03 05:55:00+00:00,2025-06-03 06:00:00+00:00,2025-06-03 09:00:00+00:00,1,time_open,37,0.0033241059043635436,0.009972317713090631,combo_short_rank10_long
combo_short_rank10,4,2025-06-03 11:10:00+00:00,2025-06-03 11:15:00+00:00,2025-06-03 14:15:00+00:00,1,time_open,37,-0.008588737313778872,-0.025766211941336617,combo_short_rank10_long
combo_short_rank10,5,2025-06-09 20:55:00+00:00,2025-06-09 21:00:00+00:00,2025-06-09 22:00:00+00:00,1,target,13,0.0142276903055964,0.042683070916789204,combo_short_rank10_long
combo_short_rank10,6,2025-06-09 23:25:00+00:00,2025-06-09 23:30:00+00:00,2025-06-10 00:25:00+00:00,1,target,12,0.014227746718657884,0.042683240155973655,combo_short_rank10_long
combo_short_rank10,7,2025-06-10 00:40:00+00:00,2025-06-10 00:45:00+00:00,2025-06-10 02:00:00+00:00,1,target,16,0.01595915187490664,0.04787745562471993,combo_short_rank10_long
combo_short_rank10,8,2025-06-10 11:35:00+00:00,2025-06-10 11:40:00+00:00,2025-06-10 14:40:00+00:00,1,time_open,37,-0.0378890815202644,-0.11366724456079319,combo_short_rank10_long
combo_short_rank10,9,2025-06-13 03:10:00+00:00,2025-06-13 03:15:00+00:00,2025-06-13 03:30:00+00:00,-1,stop_market,4,-0.0205046631446452,-0.0615139894339356,combo_short_rank10_short
combo_short_rank10,10,2025-06-13 23:15:00+00:00,2025-06-13 23:20:00+00:00,2025-06-14 02:20:00+00:00,1,time_open,37,-0.0042529040536935046,-0.012758712161080514,combo_short_rank10_long
combo_short_rank10,11,2025-06-16 05:40:00+00:00,2025-06-16 05:45:00+00:00,2025-06-16 06:15:00+00:00,1,target,7,0.01288301743459912,0.038649052303797365,combo_short_rank10_long
combo_short_rank10,12,2025-06-16 06:55:00+00:00,2025-06-16 07:00:00+00:00,2025-06-16 10:00:00+00:00,1,time_open,37,0.001990455497046504,0.005971366491139512,combo_short_rank10_long
combo_short_rank10,13,2025-06-16 12:40:00+00:00,2025-06-16 12:45:00+00:00,2025-06-16 14:00:00+00:00,1,target,16,0.010423966871420816,0.031271900614262445,combo_short_rank10_long
combo_short_rank10,14,2025-06-16 14:40:00+00:00,2025-06-16 14:45:00+00:00,2025-06-16 17:45:00+00:00,1,time_open,37,-0.014226196470066788,-0.04267858941020036,combo_short_rank10_long
combo_short_rank10,15,2025-06-17 00:50:00+00:00,2025-06-17 00:55:00+00:00,2025-06-17 01:55:00+00:00,-1,time_open,13,0.003991262675709419,0.011973788027128257,combo_short_rank10_short
combo_short_rank10,16,2025-06-20 18:45:00+00:00,2025-06-20 18:50:00+00:00,2025-06-20 19:10:00+00:00,-1,target,5,0.012484151561667963,0.03745245468500389,combo_short_rank10_short
combo_short_rank10,17,2025-06-23 05:35:00+00:00,2025-06-23 05:40:00+00:00,2025-06-23 06:05:00+00:00,1,target,6,0.01016136758684936,0.030484102760548082,combo_short_rank10_long
combo_short_rank10,18,2025-06-24 21:00:00+00:00,2025-06-24 21:05:00+00:00,2025-06-24 22:05:00+00:00,-1,time_open,13,-0.0017203408903010138,-0.005161022670903041,combo_short_rank10_short
combo_short_rank10,19,2025-06-27 01:15:00+00:00,2025-06-27 01:20:00+00:00,2025-06-27 01:25:00+00:00,-1,stop_market,2,-0.011779264275294164,-0.035337792825882494,combo_short_rank10_short
combo_short_rank10,20,2025-07-11 05:00:00+00:00,2025-07-11 05:05:00+00:00,2025-07-11 06:20:00+00:00,1,target,16,0.00948107918998686,0.02844323756996058,combo_short_rank10_long
combo_short_rank10,21,2025-07-11 06:40:00+00:00,2025-07-11 06:45:00+00:00,2025-07-11 09:45:00+00:00,1,time_open,37,-0.0025277998608205727,-0.007583399582461718,combo_short_rank10_long
combo_short_rank10,22,2025-07-29 16:30:00+00:00,2025-07-29 16:35:00+00:00,2025-07-29 17:10:00+00:00,-1,stop_market,8,-0.014118926630372468,-0.042356779891117406,combo_short_rank10_short
combo_short_rank10,23,2025-08-01 20:35:00+00:00,2025-08-01 20:40:00+00:00,2025-08-01 21:40:00+00:00,-1,time_open,13,-0.008321487297198405,-0.024964461891595215,combo_short_rank10_short
combo_short_rank10,24,2025-08-08 00:35:00+00:00,2025-08-08 00:40:00+00:00,2025-08-08 03:40:00+00:00,1,time_open,37,-0.005917873540102114,-0.017753620620306342,combo_short_rank10_long
combo_short_rank10,25,2025-08-13 18:00:00+00:00,2025-08-13 18:05:00+00:00,2025-08-13 21:05:00+00:00,1,time_open,37,-0.011124189384001304,-0.033372568152003915,combo_short_rank10_long
combo_short_rank10,26,2025-08-13 21:10:00+00:00,2025-08-13 21:15:00+00:00,2025-08-13 23:35:00+00:00,1,target,29,0.01336988356928487,0.04010965070785461,combo_short_rank10_long
combo_short_rank10,27,2025-08-13 23:40:00+00:00,2025-08-13 23:45:00+00:00,2025-08-14 02:45:00+00:00,1,time_open,37,-0.003605361250074216,-0.010816083750222649,combo_short_rank10_long
combo_short_rank10,28,2025-08-15 08:00:00+00:00,2025-08-15 08:05:00+00:00,2025-08-15 08:40:00+00:00,1,target,8,0.01092423962991835,0.032772718889755054,combo_short_rank10_long
combo_short_rank10,29,2025-08-22 15:35:00+00:00,2025-08-22 15:40:00+00:00,2025-08-22 18:40:00+00:00,1,time_open,37,0.00405088529599411,0.01215265588798233,combo_short_rank10_long
combo_short_rank10,30,2025-08-22 19:50:00+00:00,2025-08-22 19:55:00+00:00,2025-08-22 22:05:00+00:00,1,target,27,0.008516845829247341,0.025550537487742025,combo_short_rank10_long
combo_short_rank10,31,2025-08-25 02:45:00+00:00,2025-08-25 02:50:00+00:00,2025-08-25 05:50:00+00:00,1,time_open,37,-0.027789914422283627,-0.08336974326685088,combo_short_rank10_long
combo_short_rank10,32,2025-08-25 22:30:00+00:00,2025-08-25 22:35:00+00:00,2025-08-25 23:00:00+00:00,-1,target,6,0.00864521367131681,0.02593564101395043,combo_short_rank10_short
combo_short_rank10,33,2025-08-26 17:35:00+00:00,2025-08-26 17:40:00+00:00,2025-08-26 19:15:00+00:00,1,target,20,0.014478845915917589,0.04343653774775277,combo_short_rank10_long
combo_short_rank10,34,2025-08-26 22:45:00+00:00,2025-08-26 22:50:00+00:00,2025-08-27 01:50:00+00:00,1,time_open,37,-0.002085917491393976,-0.006257752474181928,combo_short_rank10_long
combo_short_rank10,35,2025-08-27 02:20:00+00:00,2025-08-27 02:25:00+00:00,2025-08-27 02:45:00+00:00,1,target,5,0.010940986832674504,0.03282296049802351,combo_short_rank10_long
combo_short_rank10,36,2025-08-27 04:20:00+00:00,2025-08-27 04:25:00+00:00,2025-08-27 07:25:00+00:00,1,time_open,37,-0.012739258054619527,-0.03821777416385858,combo_short_rank10_long
combo_short_rank10,37,2025-09-08 10:05:00+00:00,2025-09-08 10:10:00+00:00,2025-09-08 13:05:00+00:00,1,target,36,0.010216506279960895,0.030649518839882685,combo_short_rank10_long
combo_short_rank10,38,2025-09-08 13:55:00+00:00,2025-09-08 14:00:00+00:00,2025-09-08 17:00:00+00:00,1,time_open,37,-0.008135828775788662,-0.024407486327365988,combo_short_rank10_long
combo_short_rank10,39,2025-09-09 10:55:00+00:00,2025-09-09 11:00:00+00:00,2025-09-09 12:40:00+00:00,1,stop_market,21,-0.032093257432788874,-0.09627977229836662,combo_short_rank10_long
combo_short_rank10,40,2025-09-18 01:45:00+00:00,2025-09-18 01:50:00+00:00,2025-09-18 04:50:00+00:00,1,time_open,37,-0.014254711821291198,-0.042764135463873594,combo_short_rank10_long
combo_short_rank10,41,2025-09-25 05:25:00+00:00,2025-09-25 05:30:00+00:00,2025-09-25 06:05:00+00:00,-1,target,8,0.013746238399617484,0.04123871519885245,combo_short_rank10_short
combo_short_rank10,42,2025-09-29 03:45:00+00:00,2025-09-29 03:50:00+00:00,2025-09-29 04:15:00+00:00,1,target,6,0.0108409609208871,0.0325228827626613,combo_short_rank10_long
combo_short_rank10,43,2025-09-29 04:35:00+00:00,2025-09-29 04:40:00+00:00,2025-09-29 07:40:00+00:00,1,time_open,37,-0.002290467170894425,-0.006871401512683275,combo_short_rank10_long
combo_short_rank10,44,2025-09-29 19:00:00+00:00,2025-09-29 19:05:00+00:00,2025-09-29 19:55:00+00:00,-1,stop_market,11,-0.009246154630018062,-0.027738463890054185,combo_short_rank10_short
combo_short_rank10,45,2025-10-10 18:05:00+00:00,2025-10-10 18:10:00+00:00,2025-10-10 18:35:00+00:00,-1,target,6,0.00849165231681893,0.02547495695045679,combo_short_rank10_short
combo_short_rank10,46,2025-10-10 21:40:00+00:00,2025-10-10 21:45:00+00:00,2025-10-10 22:45:00+00:00,-1,time_open,13,-0.006641313479323757,-0.01992394043797127,combo_short_rank10_short
combo_short_rank10,47,2025-10-10 23:25:00+00:00,2025-10-10 23:30:00+00:00,2025-10-10 23:50:00+00:00,-1,target,5,0.03385882900341773,0.1015764870102532,combo_short_rank10_short
combo_short_rank10,48,2025-10-11 00:55:00+00:00,2025-10-11 01:00:00+00:00,2025-10-11 01:30:00+00:00,-1,target,7,0.027790102607630398,0.08337030782289119,combo_short_rank10_short
combo_short_rank10,49,2025-10-12 10:25:00+00:00,2025-10-12 10:30:00+00:00,2025-10-12 11:30:00+00:00,-1,time_open,13,-0.004068047522841541,-0.012204142568524623,combo_short_rank10_short
combo_short_rank10,50,2025-10-12 19:15:00+00:00,2025-10-12 19:20:00+00:00,2025-10-12 20:35:00+00:00,1,target,16,0.014770395436148165,0.044311186308444495,combo_short_rank10_long
combo_short_rank10,51,2025-10-13 01:55:00+00:00,2025-10-13 02:00:00+00:00,2025-10-13 05:00:00+00:00,1,time_open,37,-0.030145853316466877,-0.09043755994940063,combo_short_rank10_long
combo_short_rank10,52,2025-10-13 20:25:00+00:00,2025-10-13 20:30:00+00:00,2025-10-13 20:50:00+00:00,1,target,5,0.016655132763630332,0.049965398290891,combo_short_rank10_long
combo_short_rank10,53,2025-10-13 21:15:00+00:00,2025-10-13 21:20:00+00:00,2025-10-14 00:20:00+00:00,1,time_open,37,-0.012380896422171406,-0.03714268926651422,combo_short_rank10_long
combo_short_rank10,54,2025-10-14 09:05:00+00:00,2025-10-14 09:10:00+00:00,2025-10-14 10:00:00+00:00,-1,target,11,0.012262349357363674,0.03678704807209102,combo_short_rank10_short
combo_short_rank10,55,2025-10-17 09:45:00+00:00,2025-10-17 09:50:00+00:00,2025-10-17 10:20:00+00:00,-1,target,7,0.01518390130066497,0.04555170390199491,combo_short_rank10_short
combo_short_rank10,56,2025-10-17 10:35:00+00:00,2025-10-17 10:40:00+00:00,2025-10-17 11:10:00+00:00,-1,stop_market,7,-0.020431482074370913,-0.06129444622311274,combo_short_rank10_short
combo_short_rank10,57,2025-10-23 03:05:00+00:00,2025-10-23 03:10:00+00:00,2025-10-23 06:10:00+00:00,1,time_open,37,-0.002446354438045768,-0.0073390633141373045,combo_short_rank10_long
combo_short_rank10,58,2025-10-23 08:40:00+00:00,2025-10-23 08:45:00+00:00,2025-10-23 11:45:00+00:00,1,time_open,37,-0.001919761770366497,-0.005759285311099491,combo_short_rank10_long
combo_short_rank10,59,2025-10-23 12:15:00+00:00,2025-10-23 12:20:00+00:00,2025-10-23 12:55:00+00:00,1,target,8,0.014277689179859998,0.042833067539579994,combo_short_rank10_long
combo_short_rank10,60,2025-10-23 13:00:00+00:00,2025-10-23 13:05:00+00:00,2025-10-23 16:05:00+00:00,1,time_open,37,-0.003128797907948495,-0.009386393723845485,combo_short_rank10_long
combo_short_rank10,61,2025-10-23 16:15:00+00:00,2025-10-23 16:20:00+00:00,2025-10-23 19:20:00+00:00,1,time_open,37,-0.02490912296870269,-0.07472736890610807,combo_short_rank10_long
combo_short_rank10,62,2025-10-25 22:20:00+00:00,2025-10-25 22:25:00+00:00,2025-10-25 22:40:00+00:00,1,target,4,0.014744934893972302,0.04423480468191691,combo_short_rank10_long
combo_short_rank10,63,2025-10-25 22:55:00+00:00,2025-10-25 23:00:00+00:00,2025-10-26 02:00:00+00:00,1,time_open,37,-0.0077102204759059234,-0.02313066142771777,combo_short_rank10_long
combo_short_rank10,64,2025-10-26 02:05:00+00:00,2025-10-26 02:10:00+00:00,2025-10-26 05:10:00+00:00,1,time_open,37,-0.012910616580455591,-0.03873184974136677,combo_short_rank10_long
combo_short_rank10,65,2025-10-26 07:30:00+00:00,2025-10-26 07:35:00+00:00,2025-10-26 08:00:00+00:00,1,target,6,0.009220886401672939,0.027662659205018817,combo_short_rank10_long
combo_short_rank10,66,2025-10-26 10:00:00+00:00,2025-10-26 10:05:00+00:00,2025-10-26 11:10:00+00:00,1,target,14,0.016219696864110143,0.04865909059233043,combo_short_rank10_long
combo_short_rank10,67,2025-10-26 12:00:00+00:00,2025-10-26 12:05:00+00:00,2025-10-26 12:15:00+00:00,1,target,3,0.01882452769146418,0.05647358307439254,combo_short_rank10_long
combo_short_rank10,68,2025-10-26 12:25:00+00:00,2025-10-26 12:30:00+00:00,2025-10-26 15:30:00+00:00,1,time_open,37,-0.010139671798866316,-0.03041901539659895,combo_short_rank10_long
combo_short_rank10,69,2025-10-26 18:35:00+00:00,2025-10-26 18:40:00+00:00,2025-10-26 21:40:00+00:00,1,time_open,37,-0.01056831824572628,-0.03170495473717884,combo_short_rank10_long
combo_short_rank10,70,2025-10-26 22:05:00+00:00,2025-10-26 22:10:00+00:00,2025-10-27 01:10:00+00:00,1,time_open,37,-0.0016789093747814686,-0.005036728124344405,combo_short_rank10_long
combo_short_rank10,71,2025-10-29 18:35:00+00:00,2025-10-29 18:40:00+00:00,2025-10-29 18:40:00+00:00,-1,stop_market,1,-0.021902100889247166,-0.0657063026677415,combo_short_rank10_short
combo_short_rank10,72,2025-11-04 07:40:00+00:00,2025-11-04 07:45:00+00:00,2025-11-04 08:10:00+00:00,-1,target,6,0.016580405893701612,0.049741217681104836,combo_short_rank10_short
combo_short_rank10,73,2025-11-04 19:35:00+00:00,2025-11-04 19:40:00+00:00,2025-11-04 20:05:00+00:00,-1,target,6,0.02120892924733603,0.0636267877420081,combo_short_rank10_short
combo_short_rank10,74,2025-11-05 10:15:00+00:00,2025-11-05 10:20:00+00:00,2025-11-05 11:30:00+00:00,1,target,15,0.013881994915359123,0.04164598474607737,combo_short_rank10_long
combo_short_rank10,75,2025-11-05 12:05:00+00:00,2025-11-05 12:10:00+00:00,2025-11-05 15:10:00+00:00,1,time_open,37,0.010499959939981447,0.03149987981994434,combo_short_rank10_long
combo_short_rank10,76,2025-11-05 16:45:00+00:00,2025-11-05 16:50:00+00:00,2025-11-05 19:50:00+00:00,1,time_open,37,-0.011824841735812308,-0.03547452520743692,combo_short_rank10_long
combo_short_rank10,77,2025-11-06 18:00:00+00:00,2025-11-06 18:05:00+00:00,2025-11-06 18:15:00+00:00,-1,target,3,0.010263805169489755,0.030791415508469262,combo_short_rank10_short
combo_short_rank10,78,2025-11-07 17:45:00+00:00,2025-11-07 17:50:00+00:00,2025-11-07 19:35:00+00:00,1,target,22,0.02063505874779905,0.06190517624339715,combo_short_rank10_long
combo_short_rank10,79,2025-11-07 19:45:00+00:00,2025-11-07 19:50:00+00:00,2025-11-07 20:10:00+00:00,1,target,5,0.013720032916227736,0.041160098748683205,combo_short_rank10_long
combo_short_rank10,80,2025-11-07 20:15:00+00:00,2025-11-07 20:20:00+00:00,2025-11-07 23:20:00+00:00,1,time_open,37,-0.005733905310358177,-0.01720171593107453,combo_short_rank10_long
combo_short_rank10,81,2025-11-07 23:20:00+00:00,2025-11-07 23:25:00+00:00,2025-11-08 02:25:00+00:00,1,time_open,37,0.0007666482515769087,0.002299944754730726,combo_short_rank10_long
combo_short_rank10,82,2025-11-08 03:00:00+00:00,2025-11-08 03:05:00+00:00,2025-11-08 06:00:00+00:00,1,stop_market,36,-0.04137111022743027,-0.12411333068229081,combo_short_rank10_long
combo_short_rank10,83,2025-11-18 06:10:00+00:00,2025-11-18 06:15:00+00:00,2025-11-18 09:15:00+00:00,1,time_open,37,0.0030900380102084493,0.009270114030625349,combo_short_rank10_long
combo_short_rank10,84,2025-11-18 09:45:00+00:00,2025-11-18 09:50:00+00:00,2025-11-18 12:40:00+00:00,1,target,35,0.01241787937471092,0.03725363812413276,combo_short_rank10_long
combo_short_rank10,85,2025-11-18 16:15:00+00:00,2025-11-18 16:20:00+00:00,2025-11-18 16:45:00+00:00,-1,target,6,0.012519584152490394,0.03755875245747118,combo_short_rank10_short
combo_short_rank10,86,2025-11-22 19:30:00+00:00,2025-11-22 19:35:00+00:00,2025-11-22 19:40:00+00:00,-1,target,2,0.008855954651264654,0.026567863953793965,combo_short_rank10_short
combo_short_rank10,87,2025-11-24 07:10:00+00:00,2025-11-24 07:15:00+00:00,2025-11-24 08:15:00+00:00,-1,time_open,13,0.004330673845137047,0.012992021535411142,combo_short_rank10_short
combo_short_rank10,88,2025-12-01 02:20:00+00:00,2025-12-01 02:25:00+00:00,2025-12-01 03:10:00+00:00,-1,target,10,0.011685518276081889,0.03505655482824567,combo_short_rank10_short
combo_short_rank10,89,2025-12-01 14:35:00+00:00,2025-12-01 14:40:00+00:00,2025-12-01 15:25:00+00:00,-1,target,10,0.013447211470015194,0.04034163441004558,combo_short_rank10_short
combo_short_rank10,90,2025-12-02 17:15:00+00:00,2025-12-02 17:20:00+00:00,2025-12-02 19:00:00+00:00,1,target,21,0.018025738374068248,0.054077215122204744,combo_short_rank10_long
combo_short_rank10,91,2025-12-03 03:40:00+00:00,2025-12-03 03:45:00+00:00,2025-12-03 05:05:00+00:00,1,target,17,0.015073577416439367,0.0452207322493181,combo_short_rank10_long
combo_short_rank10,92,2025-12-12 22:30:00+00:00,2025-12-12 22:35:00+00:00,2025-12-12 23:35:00+00:00,-1,time_open,13,-0.005474302337593758,-0.016422907012781273,combo_short_rank10_short
combo_short_rank10,93,2025-12-15 18:40:00+00:00,2025-12-15 18:45:00+00:00,2025-12-15 18:50:00+00:00,-1,target,2,0.008221543595547666,0.024664630786643,combo_short_rank10_short
combo_short_rank10,94,2026-01-01 17:30:00+00:00,2026-01-01 17:35:00+00:00,2026-01-01 18:15:00+00:00,-1,target,9,0.0075955207439868146,0.022786562231960444,combo_short_rank10_short
combo_short_rank10,95,2026-01-24 01:40:00+00:00,2026-01-24 01:45:00+00:00,2026-01-24 02:10:00+00:00,1,target,6,0.010298757917086647,0.030896273751259938,combo_short_rank10_long
combo_short_rank10,96,2026-01-24 03:55:00+00:00,2026-01-24 04:00:00+00:00,2026-01-24 07:00:00+00:00,1,time_open,37,-0.010589917820245804,-0.03176975346073741,combo_short_rank10_long
combo_short_rank10,97,2026-01-26 19:20:00+00:00,2026-01-26 19:25:00+00:00,2026-01-26 21:40:00+00:00,1,target,28,0.015050028971937366,0.0451500869158121,combo_short_rank10_long
combo_short_rank10,98,2026-01-26 22:00:00+00:00,2026-01-26 22:05:00+00:00,2026-01-26 22:45:00+00:00,1,target,9,0.013932554721309194,0.041797664163927585,combo_short_rank10_long
combo_short_rank10,99,2026-01-26 22:55:00+00:00,2026-01-26 23:00:00+00:00,2026-01-27 02:00:00+00:00,1,time_open,37,0.016523195354803365,0.049569586064410094,combo_short_rank10_long
combo_short_rank10,100,2026-01-27 02:10:00+00:00,2026-01-27 02:15:00+00:00,2026-01-27 02:45:00+00:00,1,target,7,0.012517796038059728,0.03755338811417919,combo_short_rank10_long
combo_short_rank10,101,2026-01-27 03:45:00+00:00,2026-01-27 03:50:00+00:00,2026-01-27 04:10:00+00:00,1,target,5,0.016691468042866003,0.05007440412859801,combo_short_rank10_long
combo_short_rank10,102,2026-01-27 04:45:00+00:00,2026-01-27 04:50:00+00:00,2026-01-27 05:35:00+00:00,1,target,10,0.017782027996468615,0.053346083989405844,combo_short_rank10_long
combo_short_rank10,103,2026-01-27 05:40:00+00:00,2026-01-27 05:45:00+00:00,2026-01-27 06:40:00+00:00,1,target,12,0.01614916787335833,0.04844750362007499,combo_short_rank10_long
combo_short_rank10,104,2026-01-27 07:45:00+00:00,2026-01-27 07:50:00+00:00,2026-01-27 10:50:00+00:00,1,time_open,37,-0.008435953679747586,-0.025307861039242756,combo_short_rank10_long
combo_short_rank10,105,2026-01-27 11:10:00+00:00,2026-01-27 11:15:00+00:00,2026-01-27 12:25:00+00:00,1,target,15,0.017072748531337088,0.051218245594011266,combo_short_rank10_long
combo_short_rank10,106,2026-01-27 13:35:00+00:00,2026-01-27 13:40:00+00:00,2026-01-27 15:50:00+00:00,1,target,27,0.014979255330401514,0.04493776599120454,combo_short_rank10_long
combo_short_rank10,107,2026-01-27 16:00:00+00:00,2026-01-27 16:05:00+00:00,2026-01-27 16:55:00+00:00,1,target,11,0.018460942382225762,0.05538282714667729,combo_short_rank10_long
combo_short_rank10,108,2026-01-27 18:00:00+00:00,2026-01-27 18:05:00+00:00,2026-01-27 19:25:00+00:00,1,target,17,0.028689806530706255,0.08606941959211876,combo_short_rank10_long
combo_short_rank10,109,2026-01-27 19:50:00+00:00,2026-01-27 19:55:00+00:00,2026-01-27 20:15:00+00:00,1,target,5,0.016662175873492727,0.049986527620478186,combo_short_rank10_long
combo_short_rank10,110,2026-01-27 20:30:00+00:00,2026-01-27 20:35:00+00:00,2026-01-27 22:30:00+00:00,1,target,24,0.018792363600421576,0.056377090801264726,combo_short_rank10_long
combo_short_rank10,111,2026-01-27 22:55:00+00:00,2026-01-27 23:00:00+00:00,2026-01-28 00:05:00+00:00,1,target,14,0.017834456413609985,0.053503369240829955,combo_short_rank10_long
combo_short_rank10,112,2026-01-28 00:15:00+00:00,2026-01-28 00:20:00+00:00,2026-01-28 00:55:00+00:00,1,target,8,0.020277055094760684,0.06083116528428205,combo_short_rank10_long
combo_short_rank10,113,2026-01-28 01:35:00+00:00,2026-01-28 01:40:00+00:00,2026-01-28 02:15:00+00:00,1,target,8,0.03076747970895687,0.09230243912687061,combo_short_rank10_long
combo_short_rank10,114,2026-01-28 02:55:00+00:00,2026-01-28 03:00:00+00:00,2026-01-28 03:35:00+00:00,1,target,8,0.02963235446175291,0.08889706338525873,combo_short_rank10_long
combo_short_rank10,115,2026-01-28 03:50:00+00:00,2026-01-28 03:55:00+00:00,2026-01-28 06:55:00+00:00,1,time_open,37,-0.002853947398115867,-0.0085618421943476,combo_short_rank10_long
combo_short_rank10,116,2026-01-28 07:40:00+00:00,2026-01-28 07:45:00+00:00,2026-01-28 08:00:00+00:00,1,target,4,0.016216107030826547,0.04864832109247964,combo_short_rank10_long
combo_short_rank10,117,2026-01-28 08:20:00+00:00,2026-01-28 08:25:00+00:00,2026-01-28 11:25:00+00:00,1,time_open,37,0.0018193640426490934,0.005458092127947281,combo_short_rank10_long
combo_short_rank10,118,2026-01-28 11:25:00+00:00,2026-01-28 11:30:00+00:00,2026-01-28 14:30:00+00:00,1,time_open,37,-0.018761180811765622,-0.05628354243529687,combo_short_rank10_long
combo_short_rank10,119,2026-01-29 04:45:00+00:00,2026-01-29 04:50:00+00:00,2026-01-29 05:05:00+00:00,-1,target,4,0.012801890147599209,0.03840567044279763,combo_short_rank10_short
combo_short_rank10,120,2026-01-29 21:20:00+00:00,2026-01-29 21:25:00+00:00,2026-01-29 22:15:00+00:00,-1,target,11,0.015003579863098119,0.04501073958929436,combo_short_rank10_short
combo_short_rank10,121,2026-01-30 03:35:00+00:00,2026-01-30 03:40:00+00:00,2026-01-30 04:30:00+00:00,-1,stop_market,11,-0.02442193272972475,-0.07326579818917425,combo_short_rank10_short
combo_short_rank10,122,2026-01-30 15:40:00+00:00,2026-01-30 15:45:00+00:00,2026-01-30 16:00:00+00:00,-1,target,4,0.017147833692664555,0.05144350107799367,combo_short_rank10_short
combo_short_rank10,123,2026-01-31 17:45:00+00:00,2026-01-31 17:50:00+00:00,2026-01-31 18:40:00+00:00,-1,target,11,0.020646067086705234,0.061938201260115705,combo_short_rank10_short
combo_short_rank10,124,2026-02-01 16:35:00+00:00,2026-02-01 16:40:00+00:00,2026-02-01 17:40:00+00:00,-1,time_open,13,-0.006202557525194459,-0.01860767257558338,combo_short_rank10_short
combo_short_rank10,125,2026-02-02 22:35:00+00:00,2026-02-02 22:40:00+00:00,2026-02-03 01:00:00+00:00,1,target,29,0.021645524833803793,0.06493657450141138,combo_short_rank10_long
combo_short_rank10,126,2026-02-03 01:30:00+00:00,2026-02-03 01:35:00+00:00,2026-02-03 01:50:00+00:00,1,target,4,0.022973850587040257,0.06892155176112078,combo_short_rank10_long
combo_short_rank10,127,2026-02-03 02:55:00+00:00,2026-02-03 03:00:00+00:00,2026-02-03 03:30:00+00:00,1,target,7,0.02826137667980181,0.08478413003940544,combo_short_rank10_long
combo_short_rank10,128,2026-02-03 04:20:00+00:00,2026-02-03 04:25:00+00:00,2026-02-03 07:25:00+00:00,1,time_open,37,-0.014742204567824506,-0.04422661370347352,combo_short_rank10_long
combo_short_rank10,129,2026-02-03 07:30:00+00:00,2026-02-03 07:35:00+00:00,2026-02-03 08:25:00+00:00,1,target,11,0.019201472332869632,0.057604416998608896,combo_short_rank10_long
combo_short_rank10,130,2026-02-03 09:55:00+00:00,2026-02-03 10:00:00+00:00,2026-02-03 13:00:00+00:00,1,time_open,37,-0.028258972996509268,-0.0847769189895278,combo_short_rank10_long
combo_short_rank10,131,2026-02-03 18:45:00+00:00,2026-02-03 18:50:00+00:00,2026-02-03 18:55:00+00:00,-1,target,2,0.01759190473350628,0.05277571420051884,combo_short_rank10_short
combo_short_rank10,132,2026-02-03 19:05:00+00:00,2026-02-03 19:10:00+00:00,2026-02-03 19:10:00+00:00,-1,stop_market,1,-0.024854339704400118,-0.07456301911320035,combo_short_rank10_short
combo_short_rank10,133,2026-02-04 00:30:00+00:00,2026-02-04 00:35:00+00:00,2026-02-04 01:10:00+00:00,-1,stop_market,8,-0.016646308703589238,-0.04993892611076771,combo_short_rank10_short
combo_short_rank10,134,2026-02-05 04:25:00+00:00,2026-02-05 04:30:00+00:00,2026-02-05 05:30:00+00:00,-1,time_open,13,-0.0031199723033311644,-0.009359916909993493,combo_short_rank10_short
combo_short_rank10,135,2026-02-05 13:55:00+00:00,2026-02-05 14:00:00+00:00,2026-02-05 14:20:00+00:00,-1,target,5,0.011935231866141085,0.035805695598423254,combo_short_rank10_short
combo_short_rank10,136,2026-02-05 14:40:00+00:00,2026-02-05 14:45:00+00:00,2026-02-05 14:55:00+00:00,-1,target,3,0.013337011680433523,0.04001103504130057,combo_short_rank10_short
combo_short_rank10,137,2026-02-05 15:15:00+00:00,2026-02-05 15:20:00+00:00,2026-02-05 15:25:00+00:00,-1,target,2,0.01621041989666885,0.04863125969000655,combo_short_rank10_short
combo_short_rank10,138,2026-02-05 15:25:00+00:00,2026-02-05 15:30:00+00:00,2026-02-05 15:40:00+00:00,-1,stop_market,3,-0.026152428042684514,-0.07845728412805354,combo_short_rank10_short
combo_short_rank10,139,2026-02-05 15:40:00+00:00,2026-02-05 15:45:00+00:00,2026-02-05 16:00:00+00:00,-1,target,4,0.019936398850865854,0.05980919655259756,combo_short_rank10_short
combo_short_rank10,140,2026-02-06 04:20:00+00:00,2026-02-06 04:25:00+00:00,2026-02-06 07:25:00+00:00,1,time_open,37,-0.04936937282456918,-0.14810811847370753,combo_short_rank10_long
combo_short_rank10,141,2026-02-06 09:55:00+00:00,2026-02-06 10:00:00+00:00,2026-02-06 10:35:00+00:00,-1,stop_market,8,-0.018932182383170418,-0.05679654714951125,combo_short_rank10_short
combo_short_rank10,142,2026-02-27 14:40:00+00:00,2026-02-27 14:45:00+00:00,2026-02-27 15:45:00+00:00,-1,time_open,13,-0.0016751468023462382,-0.005025440407038714,combo_short_rank10_short
combo_short_rank10,143,2026-02-28 18:50:00+00:00,2026-02-28 18:55:00+00:00,2026-02-28 20:20:00+00:00,1,target,18,0.019142598109568903,0.057427794328706705,combo_short_rank10_long
combo_short_rank10,144,2026-02-28 20:30:00+00:00,2026-02-28 20:35:00+00:00,2026-02-28 20:45:00+00:00,1,target,3,0.01795406367035337,0.05386219101106011,combo_short_rank10_long
combo_short_rank10,145,2026-02-28 21:00:00+00:00,2026-02-28 21:05:00+00:00,2026-02-28 22:25:00+00:00,1,target,17,0.019814061364452344,0.05944218409335703,combo_short_rank10_long
combo_short_rank10,146,2026-02-28 22:40:00+00:00,2026-02-28 22:45:00+00:00,2026-02-28 23:45:00+00:00,1,target,13,0.014622284839401523,0.04386685451820457,combo_short_rank10_long
combo_short_rank10,147,2026-03-01 01:50:00+00:00,2026-03-01 01:55:00+00:00,2026-03-01 02:00:00+00:00,1,target,2,0.0161120163560902,0.048336049068270596,combo_short_rank10_long
combo_short_rank10,148,2026-03-01 03:25:00+00:00,2026-03-01 03:30:00+00:00,2026-03-01 05:45:00+00:00,1,target,28,0.013393139663125669,0.040179418989377005,combo_short_rank10_long
combo_short_rank10,149,2026-03-01 06:15:00+00:00,2026-03-01 06:20:00+00:00,2026-03-01 09:20:00+00:00,1,time_open,37,-0.007332285650752828,-0.021996856952258486,combo_short_rank10_long
combo_short_rank10,150,2026-03-02 22:45:00+00:00,2026-03-02 22:50:00+00:00,2026-03-03 01:50:00+00:00,1,time_open,37,-0.0075797110177607254,-0.022739133053282175,combo_short_rank10_long
combo_short_rank10,151,2026-03-03 02:50:00+00:00,2026-03-03 02:55:00+00:00,2026-03-03 03:10:00+00:00,1,target,4,0.011294297386607876,0.033882892159823624,combo_short_rank10_long
combo_short_rank10,152,2026-03-03 04:35:00+00:00,2026-03-03 04:40:00+00:00,2026-03-03 05:05:00+00:00,1,target,6,0.009307310983249089,0.027921932949747267,combo_short_rank10_long
combo_short_rank10,153,2026-03-09 14:50:00+00:00,2026-03-09 14:55:00+00:00,2026-03-09 16:20:00+00:00,1,target,18,0.02119666027402636,0.06358998082207908,combo_short_rank10_long
combo_short_rank10,154,2026-03-09 17:15:00+00:00,2026-03-09 17:20:00+00:00,2026-03-09 20:20:00+00:00,1,time_open,37,0.006319387913195441,0.018958163739586323,combo_short_rank10_long
combo_short_rank10,155,2026-03-09 20:30:00+00:00,2026-03-09 20:35:00+00:00,2026-03-09 21:05:00+00:00,1,target,7,0.015458400663412232,0.046375201990236696,combo_short_rank10_long
combo_short_rank10,156,2026-03-09 21:35:00+00:00,2026-03-09 21:40:00+00:00,2026-03-10 00:40:00+00:00,1,time_open,37,-0.018779953913612875,-0.056339861740838625,combo_short_rank10_long
combo_short_rank10,157,2026-03-10 03:40:00+00:00,2026-03-10 03:45:00+00:00,2026-03-10 06:45:00+00:00,1,time_open,37,-0.014681882229606105,-0.044045646688818316,combo_short_rank10_long
combo_short_rank10,158,2026-04-08 07:25:00+00:00,2026-04-08 07:30:00+00:00,2026-04-08 07:50:00+00:00,1,target,5,0.006699842595916964,0.02009952778775089,combo_short_rank10_long
combo_short_rank10,159,2026-04-08 09:35:00+00:00,2026-04-08 09:40:00+00:00,2026-04-08 12:40:00+00:00,1,time_open,37,-0.0016624707209484091,-0.004987412162845227,combo_short_rank10_long
combo_short_rank10,160,2026-05-14 15:35:00+00:00,2026-05-14 15:40:00+00:00,2026-05-14 16:30:00+00:00,1,target,11,0.01447340638717408,0.04342021916152224,combo_short_rank10_long
combo_short_rank10,161,2026-05-14 16:35:00+00:00,2026-05-14 16:40:00+00:00,2026-05-14 17:05:00+00:00,1,target,6,0.014658067181291382,0.043974201543874145,combo_short_rank10_long
combo_short_rank10,162,2026-05-14 17:20:00+00:00,2026-05-14 17:25:00+00:00,2026-05-14 18:15:00+00:00,1,target,11,0.01707384361705465,0.051221530851163946,combo_short_rank10_long
combo_short_rank10,163,2026-05-14 18:30:00+00:00,2026-05-14 18:35:00+00:00,2026-05-14 21:35:00+00:00,1,time_open,37,-0.00485554712601357,-0.014566641378040712,combo_short_rank10_long
combo_short_rank10,164,2026-05-14 22:05:00+00:00,2026-05-14 22:10:00+00:00,2026-05-14 23:35:00+00:00,1,target,18,0.010378863401763031,0.031136590205289093,combo_short_rank10_long
combo_short_rank10,165,2026-05-15 00:00:00+00:00,2026-05-15 00:05:00+00:00,2026-05-15 00:25:00+00:00,1,target,5,0.009892713858009619,0.029678141574028857,combo_short_rank10_long
combo_short_rank10,166,2026-05-15 01:00:00+00:00,2026-05-15 01:05:00+00:00,2026-05-15 01:35:00+00:00,1,target,7,0.010718752349013155,0.03215625704703946,combo_short_rank10_long
combo_short_rank10,167,2026-05-15 02:00:00+00:00,2026-05-15 02:05:00+00:00,2026-05-15 03:00:00+00:00,1,target,12,0.015951546385803116,0.04785463915740935,combo_short_rank10_long
combo_short_rank10,168,2026-05-15 03:15:00+00:00,2026-05-15 03:20:00+00:00,2026-05-15 06:20:00+00:00,1,time_open,37,-0.018965898918475586,-0.05689769675542676,combo_short_rank10_long
combo_short_rank10,169,2026-05-15 07:20:00+00:00,2026-05-15 07:25:00+00:00,2026-05-15 10:25:00+00:00,1,time_open,37,-0.017184567879511822,-0.05155370363853547,combo_short_rank10_long
combo_short_rank10,170,2026-05-17 20:15:00+00:00,2026-05-17 20:20:00+00:00,2026-05-17 23:20:00+00:00,1,time_open,37,-0.018424744449169594,-0.05527423334750878,combo_short_rank10_long
combo_short_rank10,171,2026-05-18 00:30:00+00:00,2026-05-18 00:35:00+00:00,2026-05-18 03:35:00+00:00,1,time_open,37,-0.02261285289577144,-0.06783855868731431,combo_short_rank10_long
combo_short_rank10,172,2026-05-20 16:30:00+00:00,2026-05-20 16:35:00+00:00,2026-05-20 17:10:00+00:00,1,target,8,0.011986538539807317,0.03595961561942195,combo_short_rank10_long
combo_short_rank10,173,2026-05-20 19:05:00+00:00,2026-05-20 19:10:00+00:00,2026-05-20 19:20:00+00:00,1,target,3,0.01047332688364174,0.03141998065092522,combo_short_rank10_long
combo_short_rank10,174,2026-05-20 21:20:00+00:00,2026-05-20 21:25:00+00:00,2026-05-20 22:15:00+00:00,1,target,11,0.01281624018453674,0.03844872055361022,combo_short_rank10_long
combo_short_rank10,175,2026-05-20 22:50:00+00:00,2026-05-20 22:55:00+00:00,2026-05-20 23:35:00+00:00,1,target,9,0.016937797498793778,0.05081339249638134,combo_short_rank10_long
combo_short_rank10,176,2026-05-21 00:05:00+00:00,2026-05-21 00:10:00+00:00,2026-05-21 00:35:00+00:00,1,target,6,0.015050307816419467,0.045150923449258404,combo_short_rank10_long
combo_short_rank10,177,2026-05-21 01:30:00+00:00,2026-05-21 01:35:00+00:00,2026-05-21 04:35:00+00:00,1,time_open,37,-0.0053163150897795565,-0.01594894526933867,combo_short_rank10_long
combo_short_rank10,178,2026-05-21 05:45:00+00:00,2026-05-21 05:50:00+00:00,2026-05-21 06:25:00+00:00,1,target,8,0.011430275400607476,0.03429082620182243,combo_short_rank10_long
combo_short_rank10,179,2026-05-21 06:55:00+00:00,2026-05-21 07:00:00+00:00,2026-05-21 07:10:00+00:00,1,target,3,0.013006390472229054,0.03901917141668716,combo_short_rank10_long
combo_short_rank10,180,2026-05-21 07:30:00+00:00,2026-05-21 07:35:00+00:00,2026-05-21 07:50:00+00:00,1,target,4,0.014260086683811853,0.04278026005143556,combo_short_rank10_long
combo_short_rank10,181,2026-05-21 08:15:00+00:00,2026-05-21 08:20:00+00:00,2026-05-21 09:30:00+00:00,1,target,15,0.014723990324019843,0.04417197097205953,combo_short_rank10_long
combo_short_rank10,182,2026-05-21 10:20:00+00:00,2026-05-21 10:25:00+00:00,2026-05-21 13:25:00+00:00,1,time_open,37,0.010150345387795134,0.030451036163385403,combo_short_rank10_long
combo_short_rank10,183,2026-05-21 13:35:00+00:00,2026-05-21 13:40:00+00:00,2026-05-21 13:55:00+00:00,1,target,4,0.016279588857853078,0.048838766573559234,combo_short_rank10_long
combo_short_rank10,184,2026-05-21 14:00:00+00:00,2026-05-21 14:05:00+00:00,2026-05-21 14:30:00+00:00,1,target,6,0.020320835247848414,0.06096250574354524,combo_short_rank10_long
combo_short_rank10,185,2026-05-21 14:55:00+00:00,2026-05-21 15:00:00+00:00,2026-05-21 18:00:00+00:00,1,time_open,37,-0.037348151898602334,-0.11204445569580701,combo_short_rank10_long
combo_short_rank10,186,2026-05-22 18:00:00+00:00,2026-05-22 18:05:00+00:00,2026-05-22 18:15:00+00:00,-1,stop_market,3,-0.011038075408107409,-0.033114226224322224,combo_short_rank10_short
combo_short_rank10,187,2026-05-22 18:30:00+00:00,2026-05-22 18:35:00+00:00,2026-05-22 18:35:00+00:00,-1,target,1,0.008257800648518747,0.024773401945556238,combo_short_rank10_short
combo_short_rank10,188,2026-05-22 22:05:00+00:00,2026-05-22 22:10:00+00:00,2026-05-22 22:30:00+00:00,-1,target,5,0.007679990306710358,0.023039970920131075,combo_short_rank10_short
combo_short_rank10,189,2026-05-24 01:40:00+00:00,2026-05-24 01:45:00+00:00,2026-05-24 04:45:00+00:00,1,time_open,37,-0.016993579657679492,-0.05098073897303848,combo_short_rank10_long
combo_short_rank10,190,2026-05-24 04:50:00+00:00,2026-05-24 04:55:00+00:00,2026-05-24 05:10:00+00:00,1,target,4,0.010371750002794581,0.031115250008383742,combo_short_rank10_long
combo_short_rank10,191,2026-05-24 05:55:00+00:00,2026-05-24 06:00:00+00:00,2026-05-24 08:10:00+00:00,1,target,27,0.013890993498660471,0.041672980495981414,combo_short_rank10_long
combo_short_rank10,192,2026-05-24 08:40:00+00:00,2026-05-24 08:45:00+00:00,2026-05-24 09:35:00+00:00,1,target,11,0.016221181025222835,0.0486635430756685,combo_short_rank10_long
combo_short_rank10,193,2026-05-24 09:55:00+00:00,2026-05-24 10:00:00+00:00,2026-05-24 13:00:00+00:00,1,time_open,37,0.003108596096978729,0.009325788290936186,combo_short_rank10_long
combo_short_rank10,194,2026-05-24 13:05:00+00:00,2026-05-24 13:10:00+00:00,2026-05-24 16:10:00+00:00,1,time_open,37,-0.005909331802525143,-0.017727995407575428,combo_short_rank10_long
combo_short_rank10,195,2026-05-28 21:45:00+00:00,2026-05-28 21:50:00+00:00,2026-05-29 00:50:00+00:00,1,time_open,37,0.0016577891820205425,0.004973367546061628,combo_short_rank10_long
combo_short_rank10,196,2026-05-29 03:30:00+00:00,2026-05-29 03:35:00+00:00,2026-05-29 06:35:00+00:00,1,time_open,37,-0.002703448184576668,-0.008110344553730005,combo_short_rank10_long
combo_short_rank10,197,2026-05-29 17:15:00+00:00,2026-05-29 17:20:00+00:00,2026-05-29 20:20:00+00:00,1,time_open,37,-0.019409756664471974,-0.05822926999341592,combo_short_rank10_long
combo_short_rank10,198,2026-06-01 07:00:00+00:00,2026-06-01 07:05:00+00:00,2026-06-01 10:05:00+00:00,1,time_open,37,-0.01919166364718259,-0.05757499094154777,combo_short_rank10_long
combo_short_rank10,199,2026-06-05 00:35:00+00:00,2026-06-05 00:40:00+00:00,2026-06-05 01:00:00+00:00,-1,target,5,0.0125803639311235,0.0377410917933705,combo_short_rank10_short
combo_short_rank10,200,2026-06-05 05:30:00+00:00,2026-06-05 05:35:00+00:00,2026-06-05 05:50:00+00:00,-1,target,4,0.01542333369585078,0.046270001087552345,combo_short_rank10_short
combo_short_rank10,201,2026-06-05 16:20:00+00:00,2026-06-05 16:25:00+00:00,2026-06-05 17:25:00+00:00,-1,time_open,13,0.018694080968981067,0.056082242906943205,combo_short_rank10_short
combo_short_rank10,202,2026-06-08 11:50:00+00:00,2026-06-08 11:55:00+00:00,2026-06-08 12:55:00+00:00,1,target,13,0.012813781523843958,0.03844134457153187,combo_short_rank10_long
combo_short_rank10,203,2026-06-08 14:25:00+00:00,2026-06-08 14:30:00+00:00,2026-06-08 17:30:00+00:00,1,time_open,37,-0.009114896741930847,-0.027344690225792542,combo_short_rank10_long
combo_short_rank10,204,2026-06-11 18:50:00+00:00,2026-06-11 18:55:00+00:00,2026-06-11 21:55:00+00:00,1,time_open,37,0.005559643854380876,0.01667893156314263,combo_short_rank10_long
combo_short_rank10,205,2026-06-15 06:40:00+00:00,2026-06-15 06:45:00+00:00,2026-06-15 07:10:00+00:00,1,target,6,0.008438408069479408,0.025315224208438222,combo_short_rank10_long
combo_short_rank10,206,2026-06-15 07:45:00+00:00,2026-06-15 07:50:00+00:00,2026-06-15 08:40:00+00:00,1,target,11,0.010518506217615688,0.031555518652847066,combo_short_rank10_long
combo_short_rank10,207,2026-06-15 09:40:00+00:00,2026-06-15 09:45:00+00:00,2026-06-15 10:05:00+00:00,1,target,5,0.008594396442941257,0.025783189328823772,combo_short_rank10_long
combo_short_rank10,208,2026-06-15 11:05:00+00:00,2026-06-15 11:10:00+00:00,2026-06-15 14:10:00+00:00,1,time_open,37,-0.015377026573111685,-0.046131079719335055,combo_short_rank10_long
combo_short_rank10,209,2026-06-16 10:05:00+00:00,2026-06-16 10:10:00+00:00,2026-06-16 10:25:00+00:00,1,target,4,0.012038241004495366,0.036114723013486096,combo_short_rank10_long
combo_short_rank10,210,2026-06-16 11:05:00+00:00,2026-06-16 11:10:00+00:00,2026-06-16 14:10:00+00:00,1,time_open,37,-0.00401904743742438,-0.012057142312273141,combo_short_rank10_long
combo_short_rank10,211,2026-06-17 22:45:00+00:00,2026-06-17 22:50:00+00:00,2026-06-17 23:50:00+00:00,-1,time_open,13,-0.0002926636476026849,-0.0008779909428080547,combo_short_rank10_short
combo_short_rank10,212,2026-06-26 03:25:00+00:00,2026-06-26 03:30:00+00:00,2026-06-26 03:45:00+00:00,-1,stop_market,4,-0.015957392940213835,-0.0478721788206415,combo_short_rank10_short
combo_short_rank11,1,2025-06-02 21:35:00+00:00,2025-06-02 21:40:00+00:00,2025-06-02 22:00:00+00:00,1,target,5,0.015496134274602754,0.04648840282380826,combo_short_rank11_long
combo_short_rank11,2,2025-06-03 00:45:00+00:00,2025-06-03 00:50:00+00:00,2025-06-03 03:50:00+00:00,1,time_open,37,-0.014306255089924119,-0.042918765269772355,combo_short_rank11_long
combo_short_rank11,3,2025-06-03 05:55:00+00:00,2025-06-03 06:00:00+00:00,2025-06-03 09:00:00+00:00,1,time_open,37,0.0033241059043635436,0.009972317713090631,combo_short_rank11_long
combo_short_rank11,4,2025-06-03 11:10:00+00:00,2025-06-03 11:15:00+00:00,2025-06-03 14:15:00+00:00,1,time_open,37,-0.008588737313778872,-0.025766211941336617,combo_short_rank11_long
combo_short_rank11,5,2025-06-09 20:55:00+00:00,2025-06-09 21:00:00+00:00,2025-06-09 22:00:00+00:00,1,target,13,0.0142276903055964,0.042683070916789204,combo_short_rank11_long
combo_short_rank11,6,2025-06-09 23:25:00+00:00,2025-06-09 23:30:00+00:00,2025-06-10 00:25:00+00:00,1,target,12,0.014227746718657884,0.042683240155973655,combo_short_rank11_long
combo_short_rank11,7,2025-06-10 00:40:00+00:00,2025-06-10 00:45:00+00:00,2025-06-10 02:00:00+00:00,1,target,16,0.01595915187490664,0.04787745562471993,combo_short_rank11_long
combo_short_rank11,8,2025-06-10 11:35:00+00:00,2025-06-10 11:40:00+00:00,2025-06-10 14:40:00+00:00,1,time_open,37,-0.0378890815202644,-0.11366724456079319,combo_short_rank11_long
combo_short_rank11,9,2025-06-13 03:10:00+00:00,2025-06-13 03:15:00+00:00,2025-06-13 03:30:00+00:00,-1,stop_market,4,-0.0205046631446452,-0.0615139894339356,combo_short_rank11_short
combo_short_rank11,10,2025-06-13 23:15:00+00:00,2025-06-13 23:20:00+00:00,2025-06-14 02:20:00+00:00,1,time_open,37,-0.0042529040536935046,-0.012758712161080514,combo_short_rank11_long
combo_short_rank11,11,2025-06-16 05:40:00+00:00,2025-06-16 05:45:00+00:00,2025-06-16 06:15:00+00:00,1,target,7,0.01288301743459912,0.038649052303797365,combo_short_rank11_long
combo_short_rank11,12,2025-06-16 06:55:00+00:00,2025-06-16 07:00:00+00:00,2025-06-16 10:00:00+00:00,1,time_open,37,0.001990455497046504,0.005971366491139512,combo_short_rank11_long
combo_short_rank11,13,2025-06-16 12:40:00+00:00,2025-06-16 12:45:00+00:00,2025-06-16 14:00:00+00:00,1,target,16,0.010423966871420816,0.031271900614262445,combo_short_rank11_long
combo_short_rank11,14,2025-06-16 14:40:00+00:00,2025-06-16 14:45:00+00:00,2025-06-16 17:45:00+00:00,1,time_open,37,-0.014226196470066788,-0.04267858941020036,combo_short_rank11_long
combo_short_rank11,15,2025-06-17 00:50:00+00:00,2025-06-17 00:55:00+00:00,2025-06-17 02:25:00+00:00,-1,target,19,0.013577119504604974,0.04073135851381492,combo_short_rank11_short
combo_short_rank11,16,2025-06-20 18:45:00+00:00,2025-06-20 18:50:00+00:00,2025-06-20 19:10:00+00:00,-1,target,5,0.012484151561667963,0.03745245468500389,combo_short_rank11_short
combo_short_rank11,17,2025-06-23 05:35:00+00:00,2025-06-23 05:40:00+00:00,2025-06-23 06:05:00+00:00,1,target,6,0.01016136758684936,0.030484102760548082,combo_short_rank11_long
combo_short_rank11,18,2025-06-24 21:00:00+00:00,2025-06-24 21:05:00+00:00,2025-06-25 00:10:00+00:00,-1,stop_market,38,-0.012991244348168413,-0.03897373304450524,combo_short_rank11_short
combo_short_rank11,19,2025-06-27 01:15:00+00:00,2025-06-27 01:20:00+00:00,2025-06-27 01:25:00+00:00,-1,stop_market,2,-0.011779264275294164,-0.035337792825882494,combo_short_rank11_short
combo_short_rank11,20,2025-07-11 05:00:00+00:00,2025-07-11 05:05:00+00:00,2025-07-11 06:20:00+00:00,1,target,16,0.00948107918998686,0.02844323756996058,combo_short_rank11_long
combo_short_rank11,21,2025-07-11 06:40:00+00:00,2025-07-11 06:45:00+00:00,2025-07-11 09:45:00+00:00,1,time_open,37,-0.0025277998608205727,-0.007583399582461718,combo_short_rank11_long
combo_short_rank11,22,2025-07-29 16:30:00+00:00,2025-07-29 16:35:00+00:00,2025-07-29 17:10:00+00:00,-1,stop_market,8,-0.014118926630372468,-0.042356779891117406,combo_short_rank11_short
combo_short_rank11,23,2025-08-01 20:35:00+00:00,2025-08-01 20:40:00+00:00,2025-08-01 22:10:00+00:00,-1,target,19,0.011808821952484455,0.03542646585745336,combo_short_rank11_short
combo_short_rank11,24,2025-08-08 00:35:00+00:00,2025-08-08 00:40:00+00:00,2025-08-08 03:40:00+00:00,1,time_open,37,-0.005917873540102114,-0.017753620620306342,combo_short_rank11_long
combo_short_rank11,25,2025-08-13 18:00:00+00:00,2025-08-13 18:05:00+00:00,2025-08-13 21:05:00+00:00,1,time_open,37,-0.011124189384001304,-0.033372568152003915,combo_short_rank11_long
combo_short_rank11,26,2025-08-13 21:10:00+00:00,2025-08-13 21:15:00+00:00,2025-08-13 23:35:00+00:00,1,target,29,0.01336988356928487,0.04010965070785461,combo_short_rank11_long
combo_short_rank11,27,2025-08-13 23:40:00+00:00,2025-08-13 23:45:00+00:00,2025-08-14 02:45:00+00:00,1,time_open,37,-0.003605361250074216,-0.010816083750222649,combo_short_rank11_long
combo_short_rank11,28,2025-08-15 08:00:00+00:00,2025-08-15 08:05:00+00:00,2025-08-15 08:40:00+00:00,1,target,8,0.01092423962991835,0.032772718889755054,combo_short_rank11_long
combo_short_rank11,29,2025-08-22 15:35:00+00:00,2025-08-22 15:40:00+00:00,2025-08-22 18:40:00+00:00,1,time_open,37,0.00405088529599411,0.01215265588798233,combo_short_rank11_long
combo_short_rank11,30,2025-08-22 19:50:00+00:00,2025-08-22 19:55:00+00:00,2025-08-22 22:05:00+00:00,1,target,27,0.008516845829247341,0.025550537487742025,combo_short_rank11_long
combo_short_rank11,31,2025-08-25 02:45:00+00:00,2025-08-25 02:50:00+00:00,2025-08-25 05:50:00+00:00,1,time_open,37,-0.027789914422283627,-0.08336974326685088,combo_short_rank11_long
combo_short_rank11,32,2025-08-25 22:30:00+00:00,2025-08-25 22:35:00+00:00,2025-08-25 23:00:00+00:00,-1,target,6,0.00864521367131681,0.02593564101395043,combo_short_rank11_short
combo_short_rank11,33,2025-08-26 17:35:00+00:00,2025-08-26 17:40:00+00:00,2025-08-26 19:15:00+00:00,1,target,20,0.014478845915917589,0.04343653774775277,combo_short_rank11_long
combo_short_rank11,34,2025-08-26 22:45:00+00:00,2025-08-26 22:50:00+00:00,2025-08-27 01:50:00+00:00,1,time_open,37,-0.002085917491393976,-0.006257752474181928,combo_short_rank11_long
combo_short_rank11,35,2025-08-27 02:20:00+00:00,2025-08-27 02:25:00+00:00,2025-08-27 02:45:00+00:00,1,target,5,0.010940986832674504,0.03282296049802351,combo_short_rank11_long
combo_short_rank11,36,2025-08-27 04:20:00+00:00,2025-08-27 04:25:00+00:00,2025-08-27 07:25:00+00:00,1,time_open,37,-0.012739258054619527,-0.03821777416385858,combo_short_rank11_long
combo_short_rank11,37,2025-09-08 10:05:00+00:00,2025-09-08 10:10:00+00:00,2025-09-08 13:05:00+00:00,1,target,36,0.010216506279960895,0.030649518839882685,combo_short_rank11_long
combo_short_rank11,38,2025-09-08 13:55:00+00:00,2025-09-08 14:00:00+00:00,2025-09-08 17:00:00+00:00,1,time_open,37,-0.008135828775788662,-0.024407486327365988,combo_short_rank11_long
combo_short_rank11,39,2025-09-09 10:55:00+00:00,2025-09-09 11:00:00+00:00,2025-09-09 12:40:00+00:00,1,stop_market,21,-0.032093257432788874,-0.09627977229836662,combo_short_rank11_long
combo_short_rank11,40,2025-09-18 01:45:00+00:00,2025-09-18 01:50:00+00:00,2025-09-18 04:50:00+00:00,1,time_open,37,-0.014254711821291198,-0.042764135463873594,combo_short_rank11_long
combo_short_rank11,41,2025-09-25 05:25:00+00:00,2025-09-25 05:30:00+00:00,2025-09-25 06:05:00+00:00,-1,target,8,0.013746238399617484,0.04123871519885245,combo_short_rank11_short
combo_short_rank11,42,2025-09-29 03:45:00+00:00,2025-09-29 03:50:00+00:00,2025-09-29 04:15:00+00:00,1,target,6,0.0108409609208871,0.0325228827626613,combo_short_rank11_long
combo_short_rank11,43,2025-09-29 04:35:00+00:00,2025-09-29 04:40:00+00:00,2025-09-29 07:40:00+00:00,1,time_open,37,-0.002290467170894425,-0.006871401512683275,combo_short_rank11_long
combo_short_rank11,44,2025-09-29 19:00:00+00:00,2025-09-29 19:05:00+00:00,2025-09-29 19:55:00+00:00,-1,stop_market,11,-0.009246154630018062,-0.027738463890054185,combo_short_rank11_short
combo_short_rank11,45,2025-10-10 18:05:00+00:00,2025-10-10 18:10:00+00:00,2025-10-10 18:35:00+00:00,-1,target,6,0.00849165231681893,0.02547495695045679,combo_short_rank11_short
combo_short_rank11,46,2025-10-10 21:40:00+00:00,2025-10-10 21:45:00+00:00,2025-10-11 03:45:00+00:00,-1,time_open,73,0.03965072677006866,0.11895218031020598,combo_short_rank11_short
combo_short_rank11,47,2025-10-12 10:25:00+00:00,2025-10-12 10:30:00+00:00,2025-10-12 11:40:00+00:00,-1,stop_market,15,-0.012962229993146,-0.038886689979438,combo_short_rank11_short
combo_short_rank11,48,2025-10-12 19:15:00+00:00,2025-10-12 19:20:00+00:00,2025-10-12 20:35:00+00:00,1,target,16,0.014770395436148165,0.044311186308444495,combo_short_rank11_long
combo_short_rank11,49,2025-10-13 01:55:00+00:00,2025-10-13 02:00:00+00:00,2025-10-13 05:00:00+00:00,1,time_open,37,-0.030145853316466877,-0.09043755994940063,combo_short_rank11_long
combo_short_rank11,50,2025-10-13 20:25:00+00:00,2025-10-13 20:30:00+00:00,2025-10-13 20:50:00+00:00,1,target,5,0.016655132763630332,0.049965398290891,combo_short_rank11_long
combo_short_rank11,51,2025-10-13 21:15:00+00:00,2025-10-13 21:20:00+00:00,2025-10-14 00:20:00+00:00,1,time_open,37,-0.012380896422171406,-0.03714268926651422,combo_short_rank11_long
combo_short_rank11,52,2025-10-14 09:05:00+00:00,2025-10-14 09:10:00+00:00,2025-10-14 10:00:00+00:00,-1,target,11,0.012262349357363674,0.03678704807209102,combo_short_rank11_short
combo_short_rank11,53,2025-10-17 09:45:00+00:00,2025-10-17 09:50:00+00:00,2025-10-17 10:20:00+00:00,-1,target,7,0.01518390130066497,0.04555170390199491,combo_short_rank11_short
combo_short_rank11,54,2025-10-17 10:35:00+00:00,2025-10-17 10:40:00+00:00,2025-10-17 11:10:00+00:00,-1,stop_market,7,-0.020431482074370913,-0.06129444622311274,combo_short_rank11_short
combo_short_rank11,55,2025-10-23 03:05:00+00:00,2025-10-23 03:10:00+00:00,2025-10-23 06:10:00+00:00,1,time_open,37,-0.002446354438045768,-0.0073390633141373045,combo_short_rank11_long
combo_short_rank11,56,2025-10-23 08:40:00+00:00,2025-10-23 08:45:00+00:00,2025-10-23 11:45:00+00:00,1,time_open,37,-0.001919761770366497,-0.005759285311099491,combo_short_rank11_long
combo_short_rank11,57,2025-10-23 12:15:00+00:00,2025-10-23 12:20:00+00:00,2025-10-23 12:55:00+00:00,1,target,8,0.014277689179859998,0.042833067539579994,combo_short_rank11_long
combo_short_rank11,58,2025-10-23 13:00:00+00:00,2025-10-23 13:05:00+00:00,2025-10-23 16:05:00+00:00,1,time_open,37,-0.003128797907948495,-0.009386393723845485,combo_short_rank11_long
combo_short_rank11,59,2025-10-23 16:15:00+00:00,2025-10-23 16:20:00+00:00,2025-10-23 19:20:00+00:00,1,time_open,37,-0.02490912296870269,-0.07472736890610807,combo_short_rank11_long
combo_short_rank11,60,2025-10-25 22:20:00+00:00,2025-10-25 22:25:00+00:00,2025-10-25 22:40:00+00:00,1,target,4,0.014744934893972302,0.04423480468191691,combo_short_rank11_long
combo_short_rank11,61,2025-10-25 22:55:00+00:00,2025-10-25 23:00:00+00:00,2025-10-26 02:00:00+00:00,1,time_open,37,-0.0077102204759059234,-0.02313066142771777,combo_short_rank11_long
combo_short_rank11,62,2025-10-26 02:05:00+00:00,2025-10-26 02:10:00+00:00,2025-10-26 05:10:00+00:00,1,time_open,37,-0.012910616580455591,-0.03873184974136677,combo_short_rank11_long
combo_short_rank11,63,2025-10-26 07:30:00+00:00,2025-10-26 07:35:00+00:00,2025-10-26 08:00:00+00:00,1,target,6,0.009220886401672939,0.027662659205018817,combo_short_rank11_long
combo_short_rank11,64,2025-10-26 10:00:00+00:00,2025-10-26 10:05:00+00:00,2025-10-26 11:10:00+00:00,1,target,14,0.016219696864110143,0.04865909059233043,combo_short_rank11_long
combo_short_rank11,65,2025-10-26 12:00:00+00:00,2025-10-26 12:05:00+00:00,2025-10-26 12:15:00+00:00,1,target,3,0.01882452769146418,0.05647358307439254,combo_short_rank11_long
combo_short_rank11,66,2025-10-26 12:25:00+00:00,2025-10-26 12:30:00+00:00,2025-10-26 15:30:00+00:00,1,time_open,37,-0.010139671798866316,-0.03041901539659895,combo_short_rank11_long
combo_short_rank11,67,2025-10-26 18:35:00+00:00,2025-10-26 18:40:00+00:00,2025-10-26 21:40:00+00:00,1,time_open,37,-0.01056831824572628,-0.03170495473717884,combo_short_rank11_long
combo_short_rank11,68,2025-10-26 22:05:00+00:00,2025-10-26 22:10:00+00:00,2025-10-27 01:10:00+00:00,1,time_open,37,-0.0016789093747814686,-0.005036728124344405,combo_short_rank11_long
combo_short_rank11,69,2025-10-29 18:35:00+00:00,2025-10-29 18:40:00+00:00,2025-10-29 18:40:00+00:00,-1,stop_market,1,-0.021902100889247166,-0.0657063026677415,combo_short_rank11_short
combo_short_rank11,70,2025-11-04 07:40:00+00:00,2025-11-04 07:45:00+00:00,2025-11-04 08:10:00+00:00,-1,target,6,0.016580405893701612,0.049741217681104836,combo_short_rank11_short
combo_short_rank11,71,2025-11-04 19:35:00+00:00,2025-11-04 19:40:00+00:00,2025-11-04 20:05:00+00:00,-1,target,6,0.02120892924733603,0.0636267877420081,combo_short_rank11_short
combo_short_rank11,72,2025-11-05 10:15:00+00:00,2025-11-05 10:20:00+00:00,2025-11-05 11:30:00+00:00,1,target,15,0.013881994915359123,0.04164598474607737,combo_short_rank11_long
combo_short_rank11,73,2025-11-05 12:05:00+00:00,2025-11-05 12:10:00+00:00,2025-11-05 15:10:00+00:00,1,time_open,37,0.010499959939981447,0.03149987981994434,combo_short_rank11_long
combo_short_rank11,74,2025-11-05 16:45:00+00:00,2025-11-05 16:50:00+00:00,2025-11-05 19:50:00+00:00,1,time_open,37,-0.011824841735812308,-0.03547452520743692,combo_short_rank11_long
combo_short_rank11,75,2025-11-06 18:00:00+00:00,2025-11-06 18:05:00+00:00,2025-11-06 18:15:00+00:00,-1,target,3,0.010263805169489755,0.030791415508469262,combo_short_rank11_short
combo_short_rank11,76,2025-11-07 17:45:00+00:00,2025-11-07 17:50:00+00:00,2025-11-07 19:35:00+00:00,1,target,22,0.02063505874779905,0.06190517624339715,combo_short_rank11_long
combo_short_rank11,77,2025-11-07 19:45:00+00:00,2025-11-07 19:50:00+00:00,2025-11-07 20:10:00+00:00,1,target,5,0.013720032916227736,0.041160098748683205,combo_short_rank11_long
combo_short_rank11,78,2025-11-07 20:15:00+00:00,2025-11-07 20:20:00+00:00,2025-11-07 23:20:00+00:00,1,time_open,37,-0.005733905310358177,-0.01720171593107453,combo_short_rank11_long
combo_short_rank11,79,2025-11-07 23:20:00+00:00,2025-11-07 23:25:00+00:00,2025-11-08 02:25:00+00:00,1,time_open,37,0.0007666482515769087,0.002299944754730726,combo_short_rank11_long
combo_short_rank11,80,2025-11-08 03:00:00+00:00,2025-11-08 03:05:00+00:00,2025-11-08 06:00:00+00:00,1,stop_market,36,-0.04137111022743027,-0.12411333068229081,combo_short_rank11_long
combo_short_rank11,81,2025-11-18 06:10:00+00:00,2025-11-18 06:15:00+00:00,2025-11-18 09:15:00+00:00,1,time_open,37,0.0030900380102084493,0.009270114030625349,combo_short_rank11_long
combo_short_rank11,82,2025-11-18 09:45:00+00:00,2025-11-18 09:50:00+00:00,2025-11-18 12:40:00+00:00,1,target,35,0.01241787937471092,0.03725363812413276,combo_short_rank11_long
combo_short_rank11,83,2025-11-18 16:15:00+00:00,2025-11-18 16:20:00+00:00,2025-11-18 16:45:00+00:00,-1,target,6,0.012519584152490394,0.03755875245747118,combo_short_rank11_short
combo_short_rank11,84,2025-11-22 19:30:00+00:00,2025-11-22 19:35:00+00:00,2025-11-22 19:40:00+00:00,-1,target,2,0.008855954651264654,0.026567863953793965,combo_short_rank11_short
combo_short_rank11,85,2025-11-24 07:10:00+00:00,2025-11-24 07:15:00+00:00,2025-11-24 08:30:00+00:00,-1,target,16,0.00803133517380483,0.02409400552141449,combo_short_rank11_short
combo_short_rank11,86,2025-12-01 02:20:00+00:00,2025-12-01 02:25:00+00:00,2025-12-01 03:10:00+00:00,-1,target,10,0.011685518276081889,0.03505655482824567,combo_short_rank11_short
combo_short_rank11,87,2025-12-01 14:35:00+00:00,2025-12-01 14:40:00+00:00,2025-12-01 15:25:00+00:00,-1,target,10,0.013447211470015194,0.04034163441004558,combo_short_rank11_short
combo_short_rank11,88,2025-12-02 17:15:00+00:00,2025-12-02 17:20:00+00:00,2025-12-02 19:00:00+00:00,1,target,21,0.018025738374068248,0.054077215122204744,combo_short_rank11_long
combo_short_rank11,89,2025-12-03 03:40:00+00:00,2025-12-03 03:45:00+00:00,2025-12-03 05:05:00+00:00,1,target,17,0.015073577416439367,0.0452207322493181,combo_short_rank11_long
combo_short_rank11,90,2025-12-12 22:30:00+00:00,2025-12-12 22:35:00+00:00,2025-12-13 01:55:00+00:00,-1,target,41,0.00527285812473743,0.015818574374212288,combo_short_rank11_short
combo_short_rank11,91,2025-12-15 18:40:00+00:00,2025-12-15 18:45:00+00:00,2025-12-15 18:50:00+00:00,-1,target,2,0.008221543595547666,0.024664630786643,combo_short_rank11_short
combo_short_rank11,92,2026-01-01 17:30:00+00:00,2026-01-01 17:35:00+00:00,2026-01-01 18:15:00+00:00,-1,target,9,0.0075955207439868146,0.022786562231960444,combo_short_rank11_short
combo_short_rank11,93,2026-01-24 01:40:00+00:00,2026-01-24 01:45:00+00:00,2026-01-24 02:10:00+00:00,1,target,6,0.010298757917086647,0.030896273751259938,combo_short_rank11_long
combo_short_rank11,94,2026-01-24 03:55:00+00:00,2026-01-24 04:00:00+00:00,2026-01-24 07:00:00+00:00,1,time_open,37,-0.010589917820245804,-0.03176975346073741,combo_short_rank11_long
combo_short_rank11,95,2026-01-26 19:20:00+00:00,2026-01-26 19:25:00+00:00,2026-01-26 21:40:00+00:00,1,target,28,0.015050028971937366,0.0451500869158121,combo_short_rank11_long
combo_short_rank11,96,2026-01-26 22:00:00+00:00,2026-01-26 22:05:00+00:00,2026-01-26 22:45:00+00:00,1,target,9,0.013932554721309194,0.041797664163927585,combo_short_rank11_long
combo_short_rank11,97,2026-01-26 22:55:00+00:00,2026-01-26 23:00:00+00:00,2026-01-27 02:00:00+00:00,1,time_open,37,0.016523195354803365,0.049569586064410094,combo_short_rank11_long
combo_short_rank11,98,2026-01-27 02:10:00+00:00,2026-01-27 02:15:00+00:00,2026-01-27 02:45:00+00:00,1,target,7,0.012517796038059728,0.03755338811417919,combo_short_rank11_long
combo_short_rank11,99,2026-01-27 03:45:00+00:00,2026-01-27 03:50:00+00:00,2026-01-27 04:10:00+00:00,1,target,5,0.016691468042866003,0.05007440412859801,combo_short_rank11_long
combo_short_rank11,100,2026-01-27 04:45:00+00:00,2026-01-27 04:50:00+00:00,2026-01-27 05:35:00+00:00,1,target,10,0.017782027996468615,0.053346083989405844,combo_short_rank11_long
combo_short_rank11,101,2026-01-27 05:40:00+00:00,2026-01-27 05:45:00+00:00,2026-01-27 06:40:00+00:00,1,target,12,0.01614916787335833,0.04844750362007499,combo_short_rank11_long
combo_short_rank11,102,2026-01-27 07:45:00+00:00,2026-01-27 07:50:00+00:00,2026-01-27 10:50:00+00:00,1,time_open,37,-0.008435953679747586,-0.025307861039242756,combo_short_rank11_long
combo_short_rank11,103,2026-01-27 11:10:00+00:00,2026-01-27 11:15:00+00:00,2026-01-27 12:25:00+00:00,1,target,15,0.017072748531337088,0.051218245594011266,combo_short_rank11_long
combo_short_rank11,104,2026-01-27 13:35:00+00:00,2026-01-27 13:40:00+00:00,2026-01-27 15:50:00+00:00,1,target,27,0.014979255330401514,0.04493776599120454,combo_short_rank11_long
combo_short_rank11,105,2026-01-27 16:00:00+00:00,2026-01-27 16:05:00+00:00,2026-01-27 16:55:00+00:00,1,target,11,0.018460942382225762,0.05538282714667729,combo_short_rank11_long
combo_short_rank11,106,2026-01-27 18:00:00+00:00,2026-01-27 18:05:00+00:00,2026-01-27 19:25:00+00:00,1,target,17,0.028689806530706255,0.08606941959211876,combo_short_rank11_long
combo_short_rank11,107,2026-01-27 19:50:00+00:00,2026-01-27 19:55:00+00:00,2026-01-27 20:15:00+00:00,1,target,5,0.016662175873492727,0.049986527620478186,combo_short_rank11_long
combo_short_rank11,108,2026-01-27 20:30:00+00:00,2026-01-27 20:35:00+00:00,2026-01-27 22:30:00+00:00,1,target,24,0.018792363600421576,0.056377090801264726,combo_short_rank11_long
combo_short_rank11,109,2026-01-27 22:55:00+00:00,2026-01-27 23:00:00+00:00,2026-01-28 00:05:00+00:00,1,target,14,0.017834456413609985,0.053503369240829955,combo_short_rank11_long
combo_short_rank11,110,2026-01-28 00:15:00+00:00,2026-01-28 00:20:00+00:00,2026-01-28 00:55:00+00:00,1,target,8,0.020277055094760684,0.06083116528428205,combo_short_rank11_long
combo_short_rank11,111,2026-01-28 01:35:00+00:00,2026-01-28 01:40:00+00:00,2026-01-28 02:15:00+00:00,1,target,8,0.03076747970895687,0.09230243912687061,combo_short_rank11_long
combo_short_rank11,112,2026-01-28 02:55:00+00:00,2026-01-28 03:00:00+00:00,2026-01-28 03:35:00+00:00,1,target,8,0.02963235446175291,0.08889706338525873,combo_short_rank11_long
combo_short_rank11,113,2026-01-28 03:50:00+00:00,2026-01-28 03:55:00+00:00,2026-01-28 06:55:00+00:00,1,time_open,37,-0.002853947398115867,-0.0085618421943476,combo_short_rank11_long
combo_short_rank11,114,2026-01-28 07:40:00+00:00,2026-01-28 07:45:00+00:00,2026-01-28 08:00:00+00:00,1,target,4,0.016216107030826547,0.04864832109247964,combo_short_rank11_long
combo_short_rank11,115,2026-01-28 08:20:00+00:00,2026-01-28 08:25:00+00:00,2026-01-28 11:25:00+00:00,1,time_open,37,0.0018193640426490934,0.005458092127947281,combo_short_rank11_long
combo_short_rank11,116,2026-01-28 11:25:00+00:00,2026-01-28 11:30:00+00:00,2026-01-28 14:30:00+00:00,1,time_open,37,-0.018761180811765622,-0.05628354243529687,combo_short_rank11_long
combo_short_rank11,117,2026-01-29 04:45:00+00:00,2026-01-29 04:50:00+00:00,2026-01-29 05:05:00+00:00,-1,target,4,0.012801890147599209,0.03840567044279763,combo_short_rank11_short
combo_short_rank11,118,2026-01-29 21:20:00+00:00,2026-01-29 21:25:00+00:00,2026-01-29 22:15:00+00:00,-1,target,11,0.015003579863098119,0.04501073958929436,combo_short_rank11_short
combo_short_rank11,119,2026-01-30 03:35:00+00:00,2026-01-30 03:40:00+00:00,2026-01-30 04:30:00+00:00,-1,stop_market,11,-0.02442193272972475,-0.07326579818917425,combo_short_rank11_short
combo_short_rank11,120,2026-01-30 15:40:00+00:00,2026-01-30 15:45:00+00:00,2026-01-30 16:00:00+00:00,-1,target,4,0.017147833692664555,0.05144350107799367,combo_short_rank11_short
combo_short_rank11,121,2026-01-31 17:45:00+00:00,2026-01-31 17:50:00+00:00,2026-01-31 18:40:00+00:00,-1,target,11,0.020646067086705234,0.061938201260115705,combo_short_rank11_short
combo_short_rank11,122,2026-02-01 16:35:00+00:00,2026-02-01 16:40:00+00:00,2026-02-01 18:00:00+00:00,-1,stop_market,17,-0.021395372005981118,-0.06418611601794336,combo_short_rank11_short
combo_short_rank11,123,2026-02-02 22:35:00+00:00,2026-02-02 22:40:00+00:00,2026-02-03 01:00:00+00:00,1,target,29,0.021645524833803793,0.06493657450141138,combo_short_rank11_long
combo_short_rank11,124,2026-02-03 01:30:00+00:00,2026-02-03 01:35:00+00:00,2026-02-03 01:50:00+00:00,1,target,4,0.022973850587040257,0.06892155176112078,combo_short_rank11_long
combo_short_rank11,125,2026-02-03 02:55:00+00:00,2026-02-03 03:00:00+00:00,2026-02-03 03:30:00+00:00,1,target,7,0.02826137667980181,0.08478413003940544,combo_short_rank11_long
combo_short_rank11,126,2026-02-03 04:20:00+00:00,2026-02-03 04:25:00+00:00,2026-02-03 07:25:00+00:00,1,time_open,37,-0.014742204567824506,-0.04422661370347352,combo_short_rank11_long
combo_short_rank11,127,2026-02-03 07:30:00+00:00,2026-02-03 07:35:00+00:00,2026-02-03 08:25:00+00:00,1,target,11,0.019201472332869632,0.057604416998608896,combo_short_rank11_long
combo_short_rank11,128,2026-02-03 09:55:00+00:00,2026-02-03 10:00:00+00:00,2026-02-03 13:00:00+00:00,1,time_open,37,-0.028258972996509268,-0.0847769189895278,combo_short_rank11_long
combo_short_rank11,129,2026-02-03 18:45:00+00:00,2026-02-03 18:50:00+00:00,2026-02-03 18:55:00+00:00,-1,target,2,0.01759190473350628,0.05277571420051884,combo_short_rank11_short
combo_short_rank11,130,2026-02-03 19:05:00+00:00,2026-02-03 19:10:00+00:00,2026-02-03 19:10:00+00:00,-1,stop_market,1,-0.024854339704400118,-0.07456301911320035,combo_short_rank11_short
combo_short_rank11,131,2026-02-04 00:30:00+00:00,2026-02-04 00:35:00+00:00,2026-02-04 01:10:00+00:00,-1,stop_market,8,-0.016646308703589238,-0.04993892611076771,combo_short_rank11_short
combo_short_rank11,132,2026-02-05 04:25:00+00:00,2026-02-05 04:30:00+00:00,2026-02-05 06:05:00+00:00,-1,target,20,0.011191634044208313,0.03357490213262494,combo_short_rank11_short
combo_short_rank11,133,2026-02-05 13:55:00+00:00,2026-02-05 14:00:00+00:00,2026-02-05 14:20:00+00:00,-1,target,5,0.011935231866141085,0.035805695598423254,combo_short_rank11_short
combo_short_rank11,134,2026-02-05 14:40:00+00:00,2026-02-05 14:45:00+00:00,2026-02-05 14:55:00+00:00,-1,target,3,0.013337011680433523,0.04001103504130057,combo_short_rank11_short
combo_short_rank11,135,2026-02-05 15:15:00+00:00,2026-02-05 15:20:00+00:00,2026-02-05 15:25:00+00:00,-1,target,2,0.01621041989666885,0.04863125969000655,combo_short_rank11_short
combo_short_rank11,136,2026-02-05 15:25:00+00:00,2026-02-05 15:30:00+00:00,2026-02-05 15:40:00+00:00,-1,stop_market,3,-0.026152428042684514,-0.07845728412805354,combo_short_rank11_short
combo_short_rank11,137,2026-02-05 15:40:00+00:00,2026-02-05 15:45:00+00:00,2026-02-05 16:00:00+00:00,-1,target,4,0.019936398850865854,0.05980919655259756,combo_short_rank11_short
combo_short_rank11,138,2026-02-06 04:20:00+00:00,2026-02-06 04:25:00+00:00,2026-02-06 07:25:00+00:00,1,time_open,37,-0.04936937282456918,-0.14810811847370753,combo_short_rank11_long
combo_short_rank11,139,2026-02-06 09:55:00+00:00,2026-02-06 10:00:00+00:00,2026-02-06 10:35:00+00:00,-1,stop_market,8,-0.018932182383170418,-0.05679654714951125,combo_short_rank11_short
combo_short_rank11,140,2026-02-27 14:40:00+00:00,2026-02-27 14:45:00+00:00,2026-02-27 16:25:00+00:00,-1,target,21,0.007590350416034674,0.02277105124810402,combo_short_rank11_short
combo_short_rank11,141,2026-02-28 18:50:00+00:00,2026-02-28 18:55:00+00:00,2026-02-28 20:20:00+00:00,1,target,18,0.019142598109568903,0.057427794328706705,combo_short_rank11_long
combo_short_rank11,142,2026-02-28 20:30:00+00:00,2026-02-28 20:35:00+00:00,2026-02-28 20:45:00+00:00,1,target,3,0.01795406367035337,0.05386219101106011,combo_short_rank11_long
combo_short_rank11,143,2026-02-28 21:00:00+00:00,2026-02-28 21:05:00+00:00,2026-02-28 22:25:00+00:00,1,target,17,0.019814061364452344,0.05944218409335703,combo_short_rank11_long
combo_short_rank11,144,2026-02-28 22:40:00+00:00,2026-02-28 22:45:00+00:00,2026-02-28 23:45:00+00:00,1,target,13,0.014622284839401523,0.04386685451820457,combo_short_rank11_long
combo_short_rank11,145,2026-03-01 01:50:00+00:00,2026-03-01 01:55:00+00:00,2026-03-01 02:00:00+00:00,1,target,2,0.0161120163560902,0.048336049068270596,combo_short_rank11_long
combo_short_rank11,146,2026-03-01 03:25:00+00:00,2026-03-01 03:30:00+00:00,2026-03-01 05:45:00+00:00,1,target,28,0.013393139663125669,0.040179418989377005,combo_short_rank11_long
combo_short_rank11,147,2026-03-01 06:15:00+00:00,2026-03-01 06:20:00+00:00,2026-03-01 09:20:00+00:00,1,time_open,37,-0.007332285650752828,-0.021996856952258486,combo_short_rank11_long
combo_short_rank11,148,2026-03-02 22:45:00+00:00,2026-03-02 22:50:00+00:00,2026-03-03 01:50:00+00:00,1,time_open,37,-0.0075797110177607254,-0.022739133053282175,combo_short_rank11_long
combo_short_rank11,149,2026-03-03 02:50:00+00:00,2026-03-03 02:55:00+00:00,2026-03-03 03:10:00+00:00,1,target,4,0.011294297386607876,0.033882892159823624,combo_short_rank11_long
combo_short_rank11,150,2026-03-03 04:35:00+00:00,2026-03-03 04:40:00+00:00,2026-03-03 05:05:00+00:00,1,target,6,0.009307310983249089,0.027921932949747267,combo_short_rank11_long
combo_short_rank11,151,2026-03-09 14:50:00+00:00,2026-03-09 14:55:00+00:00,2026-03-09 16:20:00+00:00,1,target,18,0.02119666027402636,0.06358998082207908,combo_short_rank11_long
combo_short_rank11,152,2026-03-09 17:15:00+00:00,2026-03-09 17:20:00+00:00,2026-03-09 20:20:00+00:00,1,time_open,37,0.006319387913195441,0.018958163739586323,combo_short_rank11_long
combo_short_rank11,153,2026-03-09 20:30:00+00:00,2026-03-09 20:35:00+00:00,2026-03-09 21:05:00+00:00,1,target,7,0.015458400663412232,0.046375201990236696,combo_short_rank11_long
combo_short_rank11,154,2026-03-09 21:35:00+00:00,2026-03-09 21:40:00+00:00,2026-03-10 00:40:00+00:00,1,time_open,37,-0.018779953913612875,-0.056339861740838625,combo_short_rank11_long
combo_short_rank11,155,2026-03-10 03:40:00+00:00,2026-03-10 03:45:00+00:00,2026-03-10 06:45:00+00:00,1,time_open,37,-0.014681882229606105,-0.044045646688818316,combo_short_rank11_long
combo_short_rank11,156,2026-04-08 07:25:00+00:00,2026-04-08 07:30:00+00:00,2026-04-08 07:50:00+00:00,1,target,5,0.006699842595916964,0.02009952778775089,combo_short_rank11_long
combo_short_rank11,157,2026-04-08 09:35:00+00:00,2026-04-08 09:40:00+00:00,2026-04-08 12:40:00+00:00,1,time_open,37,-0.0016624707209484091,-0.004987412162845227,combo_short_rank11_long
combo_short_rank11,158,2026-05-14 15:35:00+00:00,2026-05-14 15:40:00+00:00,2026-05-14 16:30:00+00:00,1,target,11,0.01447340638717408,0.04342021916152224,combo_short_rank11_long
combo_short_rank11,159,2026-05-14 16:35:00+00:00,2026-05-14 16:40:00+00:00,2026-05-14 17:05:00+00:00,1,target,6,0.014658067181291382,0.043974201543874145,combo_short_rank11_long
combo_short_rank11,160,2026-05-14 17:20:00+00:00,2026-05-14 17:25:00+00:00,2026-05-14 18:15:00+00:00,1,target,11,0.01707384361705465,0.051221530851163946,combo_short_rank11_long
combo_short_rank11,161,2026-05-14 18:30:00+00:00,2026-05-14 18:35:00+00:00,2026-05-14 21:35:00+00:00,1,time_open,37,-0.00485554712601357,-0.014566641378040712,combo_short_rank11_long
combo_short_rank11,162,2026-05-14 22:05:00+00:00,2026-05-14 22:10:00+00:00,2026-05-14 23:35:00+00:00,1,target,18,0.010378863401763031,0.031136590205289093,combo_short_rank11_long
combo_short_rank11,163,2026-05-15 00:00:00+00:00,2026-05-15 00:05:00+00:00,2026-05-15 00:25:00+00:00,1,target,5,0.009892713858009619,0.029678141574028857,combo_short_rank11_long
combo_short_rank11,164,2026-05-15 01:00:00+00:00,2026-05-15 01:05:00+00:00,2026-05-15 01:35:00+00:00,1,target,7,0.010718752349013155,0.03215625704703946,combo_short_rank11_long
combo_short_rank11,165,2026-05-15 02:00:00+00:00,2026-05-15 02:05:00+00:00,2026-05-15 03:00:00+00:00,1,target,12,0.015951546385803116,0.04785463915740935,combo_short_rank11_long
combo_short_rank11,166,2026-05-15 03:15:00+00:00,2026-05-15 03:20:00+00:00,2026-05-15 06:20:00+00:00,1,time_open,37,-0.018965898918475586,-0.05689769675542676,combo_short_rank11_long
combo_short_rank11,167,2026-05-15 07:20:00+00:00,2026-05-15 07:25:00+00:00,2026-05-15 10:25:00+00:00,1,time_open,37,-0.017184567879511822,-0.05155370363853547,combo_short_rank11_long
combo_short_rank11,168,2026-05-17 20:15:00+00:00,2026-05-17 20:20:00+00:00,2026-05-17 23:20:00+00:00,1,time_open,37,-0.018424744449169594,-0.05527423334750878,combo_short_rank11_long
combo_short_rank11,169,2026-05-18 00:30:00+00:00,2026-05-18 00:35:00+00:00,2026-05-18 03:35:00+00:00,1,time_open,37,-0.02261285289577144,-0.06783855868731431,combo_short_rank11_long
combo_short_rank11,170,2026-05-20 16:30:00+00:00,2026-05-20 16:35:00+00:00,2026-05-20 17:10:00+00:00,1,target,8,0.011986538539807317,0.03595961561942195,combo_short_rank11_long
combo_short_rank11,171,2026-05-20 19:05:00+00:00,2026-05-20 19:10:00+00:00,2026-05-20 19:20:00+00:00,1,target,3,0.01047332688364174,0.03141998065092522,combo_short_rank11_long
combo_short_rank11,172,2026-05-20 21:20:00+00:00,2026-05-20 21:25:00+00:00,2026-05-20 22:15:00+00:00,1,target,11,0.01281624018453674,0.03844872055361022,combo_short_rank11_long
combo_short_rank11,173,2026-05-20 22:50:00+00:00,2026-05-20 22:55:00+00:00,2026-05-20 23:35:00+00:00,1,target,9,0.016937797498793778,0.05081339249638134,combo_short_rank11_long
combo_short_rank11,174,2026-05-21 00:05:00+00:00,2026-05-21 00:10:00+00:00,2026-05-21 00:35:00+00:00,1,target,6,0.015050307816419467,0.045150923449258404,combo_short_rank11_long
combo_short_rank11,175,2026-05-21 01:30:00+00:00,2026-05-21 01:35:00+00:00,2026-05-21 04:35:00+00:00,1,time_open,37,-0.0053163150897795565,-0.01594894526933867,combo_short_rank11_long
combo_short_rank11,176,2026-05-21 05:45:00+00:00,2026-05-21 05:50:00+00:00,2026-05-21 06:25:00+00:00,1,target,8,0.011430275400607476,0.03429082620182243,combo_short_rank11_long
combo_short_rank11,177,2026-05-21 06:55:00+00:00,2026-05-21 07:00:00+00:00,2026-05-21 07:10:00+00:00,1,target,3,0.013006390472229054,0.03901917141668716,combo_short_rank11_long
combo_short_rank11,178,2026-05-21 07:30:00+00:00,2026-05-21 07:35:00+00:00,2026-05-21 07:50:00+00:00,1,target,4,0.014260086683811853,0.04278026005143556,combo_short_rank11_long
combo_short_rank11,179,2026-05-21 08:15:00+00:00,2026-05-21 08:20:00+00:00,2026-05-21 09:30:00+00:00,1,target,15,0.014723990324019843,0.04417197097205953,combo_short_rank11_long
combo_short_rank11,180,2026-05-21 10:20:00+00:00,2026-05-21 10:25:00+00:00,2026-05-21 13:25:00+00:00,1,time_open,37,0.010150345387795134,0.030451036163385403,combo_short_rank11_long
combo_short_rank11,181,2026-05-21 13:35:00+00:00,2026-05-21 13:40:00+00:00,2026-05-21 13:55:00+00:00,1,target,4,0.016279588857853078,0.048838766573559234,combo_short_rank11_long
combo_short_rank11,182,2026-05-21 14:00:00+00:00,2026-05-21 14:05:00+00:00,2026-05-21 14:30:00+00:00,1,target,6,0.020320835247848414,0.06096250574354524,combo_short_rank11_long
combo_short_rank11,183,2026-05-21 14:55:00+00:00,2026-05-21 15:00:00+00:00,2026-05-21 18:00:00+00:00,1,time_open,37,-0.037348151898602334,-0.11204445569580701,combo_short_rank11_long
combo_short_rank11,184,2026-05-22 18:00:00+00:00,2026-05-22 18:05:00+00:00,2026-05-22 18:15:00+00:00,-1,stop_market,3,-0.011038075408107409,-0.033114226224322224,combo_short_rank11_short
combo_short_rank11,185,2026-05-22 18:30:00+00:00,2026-05-22 18:35:00+00:00,2026-05-22 18:35:00+00:00,-1,target,1,0.008257800648518747,0.024773401945556238,combo_short_rank11_short
combo_short_rank11,186,2026-05-22 22:05:00+00:00,2026-05-22 22:10:00+00:00,2026-05-22 22:30:00+00:00,-1,target,5,0.007679990306710358,0.023039970920131075,combo_short_rank11_short
combo_short_rank11,187,2026-05-24 01:40:00+00:00,2026-05-24 01:45:00+00:00,2026-05-24 04:45:00+00:00,1,time_open,37,-0.016993579657679492,-0.05098073897303848,combo_short_rank11_long
combo_short_rank11,188,2026-05-24 04:50:00+00:00,2026-05-24 04:55:00+00:00,2026-05-24 05:10:00+00:00,1,target,4,0.010371750002794581,0.031115250008383742,combo_short_rank11_long
combo_short_rank11,189,2026-05-24 05:55:00+00:00,2026-05-24 06:00:00+00:00,2026-05-24 08:10:00+00:00,1,target,27,0.013890993498660471,0.041672980495981414,combo_short_rank11_long
combo_short_rank11,190,2026-05-24 08:40:00+00:00,2026-05-24 08:45:00+00:00,2026-05-24 09:35:00+00:00,1,target,11,0.016221181025222835,0.0486635430756685,combo_short_rank11_long
combo_short_rank11,191,2026-05-24 09:55:00+00:00,2026-05-24 10:00:00+00:00,2026-05-24 13:00:00+00:00,1,time_open,37,0.003108596096978729,0.009325788290936186,combo_short_rank11_long
combo_short_rank11,192,2026-05-24 13:05:00+00:00,2026-05-24 13:10:00+00:00,2026-05-24 16:10:00+00:00,1,time_open,37,-0.005909331802525143,-0.017727995407575428,combo_short_rank11_long
combo_short_rank11,193,2026-05-28 21:45:00+00:00,2026-05-28 21:50:00+00:00,2026-05-29 00:50:00+00:00,1,time_open,37,0.0016577891820205425,0.004973367546061628,combo_short_rank11_long
combo_short_rank11,194,2026-05-29 03:30:00+00:00,2026-05-29 03:35:00+00:00,2026-05-29 06:35:00+00:00,1,time_open,37,-0.002703448184576668,-0.008110344553730005,combo_short_rank11_long
combo_short_rank11,195,2026-05-29 17:15:00+00:00,2026-05-29 17:20:00+00:00,2026-05-29 20:20:00+00:00,1,time_open,37,-0.019409756664471974,-0.05822926999341592,combo_short_rank11_long
combo_short_rank11,196,2026-06-01 07:00:00+00:00,2026-06-01 07:05:00+00:00,2026-06-01 10:05:00+00:00,1,time_open,37,-0.01919166364718259,-0.05757499094154777,combo_short_rank11_long
combo_short_rank11,197,2026-06-05 00:35:00+00:00,2026-06-05 00:40:00+00:00,2026-06-05 01:00:00+00:00,-1,target,5,0.0125803639311235,0.0377410917933705,combo_short_rank11_short
combo_short_rank11,198,2026-06-05 05:30:00+00:00,2026-06-05 05:35:00+00:00,2026-06-05 05:50:00+00:00,-1,target,4,0.01542333369585078,0.046270001087552345,combo_short_rank11_short
combo_short_rank11,199,2026-06-05 16:20:00+00:00,2026-06-05 16:25:00+00:00,2026-06-05 17:25:00+00:00,-1,target,13,0.026432914409605296,0.07929874322881589,combo_short_rank11_short
combo_short_rank11,200,2026-06-08 11:50:00+00:00,2026-06-08 11:55:00+00:00,2026-06-08 12:55:00+00:00,1,target,13,0.012813781523843958,0.03844134457153187,combo_short_rank11_long
combo_short_rank11,201,2026-06-08 14:25:00+00:00,2026-06-08 14:30:00+00:00,2026-06-08 17:30:00+00:00,1,time_open,37,-0.009114896741930847,-0.027344690225792542,combo_short_rank11_long
combo_short_rank11,202,2026-06-11 18:50:00+00:00,2026-06-11 18:55:00+00:00,2026-06-11 21:55:00+00:00,1,time_open,37,0.005559643854380876,0.01667893156314263,combo_short_rank11_long
combo_short_rank11,203,2026-06-15 06:40:00+00:00,2026-06-15 06:45:00+00:00,2026-06-15 07:10:00+00:00,1,target,6,0.008438408069479408,0.025315224208438222,combo_short_rank11_long
combo_short_rank11,204,2026-06-15 07:45:00+00:00,2026-06-15 07:50:00+00:00,2026-06-15 08:40:00+00:00,1,target,11,0.010518506217615688,0.031555518652847066,combo_short_rank11_long
combo_short_rank11,205,2026-06-15 09:40:00+00:00,2026-06-15 09:45:00+00:00,2026-06-15 10:05:00+00:00,1,target,5,0.008594396442941257,0.025783189328823772,combo_short_rank11_long
combo_short_rank11,206,2026-06-15 11:05:00+00:00,2026-06-15 11:10:00+00:00,2026-06-15 14:10:00+00:00,1,time_open,37,-0.015377026573111685,-0.046131079719335055,combo_short_rank11_long
combo_short_rank11,207,2026-06-16 10:05:00+00:00,2026-06-16 10:10:00+00:00,2026-06-16 10:25:00+00:00,1,target,4,0.012038241004495366,0.036114723013486096,combo_short_rank11_long
combo_short_rank11,208,2026-06-16 11:05:00+00:00,2026-06-16 11:10:00+00:00,2026-06-16 14:10:00+00:00,1,time_open,37,-0.00401904743742438,-0.012057142312273141,combo_short_rank11_long
combo_short_rank11,209,2026-06-17 22:45:00+00:00,2026-06-17 22:50:00+00:00,2026-06-18 00:30:00+00:00,-1,stop_market,21,-0.014442720363755896,-0.04332816109126769,combo_short_rank11_short
combo_short_rank11,210,2026-06-26 03:25:00+00:00,2026-06-26 03:30:00+00:00,2026-06-26 03:45:00+00:00,-1,stop_market,4,-0.015957392940213835,-0.0478721788206415,combo_short_rank11_short
combo_short_rank12,1,2025-06-02 21:35:00+00:00,2025-06-02 21:40:00+00:00,2025-06-02 22:00:00+00:00,1,target,5,0.015496134274602754,0.04648840282380826,combo_short_rank12_long
combo_short_rank12,2,2025-06-03 00:45:00+00:00,2025-06-03 00:50:00+00:00,2025-06-03 03:50:00+00:00,1,time_open,37,-0.014306255089924119,-0.042918765269772355,combo_short_rank12_long
combo_short_rank12,3,2025-06-03 05:55:00+00:00,2025-06-03 06:00:00+00:00,2025-06-03 09:00:00+00:00,1,time_open,37,0.0033241059043635436,0.009972317713090631,combo_short_rank12_long
combo_short_rank12,4,2025-06-03 11:10:00+00:00,2025-06-03 11:15:00+00:00,2025-06-03 14:15:00+00:00,1,time_open,37,-0.008588737313778872,-0.025766211941336617,combo_short_rank12_long
combo_short_rank12,5,2025-06-09 20:55:00+00:00,2025-06-09 21:00:00+00:00,2025-06-09 22:00:00+00:00,1,target,13,0.0142276903055964,0.042683070916789204,combo_short_rank12_long
combo_short_rank12,6,2025-06-09 23:25:00+00:00,2025-06-09 23:30:00+00:00,2025-06-10 00:25:00+00:00,1,target,12,0.014227746718657884,0.042683240155973655,combo_short_rank12_long
combo_short_rank12,7,2025-06-10 00:40:00+00:00,2025-06-10 00:45:00+00:00,2025-06-10 02:00:00+00:00,1,target,16,0.01595915187490664,0.04787745562471993,combo_short_rank12_long
combo_short_rank12,8,2025-06-10 11:35:00+00:00,2025-06-10 11:40:00+00:00,2025-06-10 14:40:00+00:00,1,time_open,37,-0.0378890815202644,-0.11366724456079319,combo_short_rank12_long
combo_short_rank12,9,2025-06-13 03:10:00+00:00,2025-06-13 03:15:00+00:00,2025-06-13 03:30:00+00:00,-1,stop_market,4,-0.0205046631446452,-0.0615139894339356,combo_short_rank12_short
combo_short_rank12,10,2025-06-13 23:15:00+00:00,2025-06-13 23:20:00+00:00,2025-06-14 02:20:00+00:00,1,time_open,37,-0.0042529040536935046,-0.012758712161080514,combo_short_rank12_long
combo_short_rank12,11,2025-06-16 05:40:00+00:00,2025-06-16 05:45:00+00:00,2025-06-16 06:15:00+00:00,1,target,7,0.01288301743459912,0.038649052303797365,combo_short_rank12_long
combo_short_rank12,12,2025-06-16 06:55:00+00:00,2025-06-16 07:00:00+00:00,2025-06-16 10:00:00+00:00,1,time_open,37,0.001990455497046504,0.005971366491139512,combo_short_rank12_long
combo_short_rank12,13,2025-06-16 12:40:00+00:00,2025-06-16 12:45:00+00:00,2025-06-16 14:00:00+00:00,1,target,16,0.010423966871420816,0.031271900614262445,combo_short_rank12_long
combo_short_rank12,14,2025-06-16 14:40:00+00:00,2025-06-16 14:45:00+00:00,2025-06-16 17:45:00+00:00,1,time_open,37,-0.014226196470066788,-0.04267858941020036,combo_short_rank12_long
combo_short_rank12,15,2025-06-17 00:50:00+00:00,2025-06-17 00:55:00+00:00,2025-06-17 02:25:00+00:00,-1,target,19,0.013577119504604974,0.04073135851381492,combo_short_rank12_short
combo_short_rank12,16,2025-06-20 18:45:00+00:00,2025-06-20 18:50:00+00:00,2025-06-20 19:10:00+00:00,-1,target,5,0.012484151561667963,0.03745245468500389,combo_short_rank12_short
combo_short_rank12,17,2025-06-23 05:35:00+00:00,2025-06-23 05:40:00+00:00,2025-06-23 06:05:00+00:00,1,target,6,0.01016136758684936,0.030484102760548082,combo_short_rank12_long
combo_short_rank12,18,2025-06-24 21:00:00+00:00,2025-06-24 21:05:00+00:00,2025-06-24 23:05:00+00:00,-1,time_open,25,-0.00031957428896856293,-0.0009587228669056888,combo_short_rank12_short
combo_short_rank12,19,2025-06-27 01:15:00+00:00,2025-06-27 01:20:00+00:00,2025-06-27 01:25:00+00:00,-1,stop_market,2,-0.011779264275294164,-0.035337792825882494,combo_short_rank12_short
combo_short_rank12,20,2025-07-11 05:00:00+00:00,2025-07-11 05:05:00+00:00,2025-07-11 06:20:00+00:00,1,target,16,0.00948107918998686,0.02844323756996058,combo_short_rank12_long
combo_short_rank12,21,2025-07-11 06:40:00+00:00,2025-07-11 06:45:00+00:00,2025-07-11 09:45:00+00:00,1,time_open,37,-0.0025277998608205727,-0.007583399582461718,combo_short_rank12_long
combo_short_rank12,22,2025-07-29 16:30:00+00:00,2025-07-29 16:35:00+00:00,2025-07-29 17:10:00+00:00,-1,stop_market,8,-0.014118926630372468,-0.042356779891117406,combo_short_rank12_short
combo_short_rank12,23,2025-08-01 20:35:00+00:00,2025-08-01 20:40:00+00:00,2025-08-01 22:10:00+00:00,-1,target,19,0.011808821952484455,0.03542646585745336,combo_short_rank12_short
combo_short_rank12,24,2025-08-08 00:35:00+00:00,2025-08-08 00:40:00+00:00,2025-08-08 03:40:00+00:00,1,time_open,37,-0.005917873540102114,-0.017753620620306342,combo_short_rank12_long
combo_short_rank12,25,2025-08-13 18:00:00+00:00,2025-08-13 18:05:00+00:00,2025-08-13 21:05:00+00:00,1,time_open,37,-0.011124189384001304,-0.033372568152003915,combo_short_rank12_long
combo_short_rank12,26,2025-08-13 21:10:00+00:00,2025-08-13 21:15:00+00:00,2025-08-13 23:35:00+00:00,1,target,29,0.01336988356928487,0.04010965070785461,combo_short_rank12_long
combo_short_rank12,27,2025-08-13 23:40:00+00:00,2025-08-13 23:45:00+00:00,2025-08-14 02:45:00+00:00,1,time_open,37,-0.003605361250074216,-0.010816083750222649,combo_short_rank12_long
combo_short_rank12,28,2025-08-15 08:00:00+00:00,2025-08-15 08:05:00+00:00,2025-08-15 08:40:00+00:00,1,target,8,0.01092423962991835,0.032772718889755054,combo_short_rank12_long
combo_short_rank12,29,2025-08-22 15:35:00+00:00,2025-08-22 15:40:00+00:00,2025-08-22 18:40:00+00:00,1,time_open,37,0.00405088529599411,0.01215265588798233,combo_short_rank12_long
combo_short_rank12,30,2025-08-22 19:50:00+00:00,2025-08-22 19:55:00+00:00,2025-08-22 22:05:00+00:00,1,target,27,0.008516845829247341,0.025550537487742025,combo_short_rank12_long
combo_short_rank12,31,2025-08-25 02:45:00+00:00,2025-08-25 02:50:00+00:00,2025-08-25 05:50:00+00:00,1,time_open,37,-0.027789914422283627,-0.08336974326685088,combo_short_rank12_long
combo_short_rank12,32,2025-08-25 22:30:00+00:00,2025-08-25 22:35:00+00:00,2025-08-25 23:00:00+00:00,-1,target,6,0.00864521367131681,0.02593564101395043,combo_short_rank12_short
combo_short_rank12,33,2025-08-26 17:35:00+00:00,2025-08-26 17:40:00+00:00,2025-08-26 19:15:00+00:00,1,target,20,0.014478845915917589,0.04343653774775277,combo_short_rank12_long
combo_short_rank12,34,2025-08-26 22:45:00+00:00,2025-08-26 22:50:00+00:00,2025-08-27 01:50:00+00:00,1,time_open,37,-0.002085917491393976,-0.006257752474181928,combo_short_rank12_long
combo_short_rank12,35,2025-08-27 02:20:00+00:00,2025-08-27 02:25:00+00:00,2025-08-27 02:45:00+00:00,1,target,5,0.010940986832674504,0.03282296049802351,combo_short_rank12_long
combo_short_rank12,36,2025-08-27 04:20:00+00:00,2025-08-27 04:25:00+00:00,2025-08-27 07:25:00+00:00,1,time_open,37,-0.012739258054619527,-0.03821777416385858,combo_short_rank12_long
combo_short_rank12,37,2025-09-08 10:05:00+00:00,2025-09-08 10:10:00+00:00,2025-09-08 13:05:00+00:00,1,target,36,0.010216506279960895,0.030649518839882685,combo_short_rank12_long
combo_short_rank12,38,2025-09-08 13:55:00+00:00,2025-09-08 14:00:00+00:00,2025-09-08 17:00:00+00:00,1,time_open,37,-0.008135828775788662,-0.024407486327365988,combo_short_rank12_long
combo_short_rank12,39,2025-09-09 10:55:00+00:00,2025-09-09 11:00:00+00:00,2025-09-09 12:40:00+00:00,1,stop_market,21,-0.032093257432788874,-0.09627977229836662,combo_short_rank12_long
combo_short_rank12,40,2025-09-18 01:45:00+00:00,2025-09-18 01:50:00+00:00,2025-09-18 04:50:00+00:00,1,time_open,37,-0.014254711821291198,-0.042764135463873594,combo_short_rank12_long
combo_short_rank12,41,2025-09-25 05:25:00+00:00,2025-09-25 05:30:00+00:00,2025-09-25 06:05:00+00:00,-1,target,8,0.013746238399617484,0.04123871519885245,combo_short_rank12_short
combo_short_rank12,42,2025-09-29 03:45:00+00:00,2025-09-29 03:50:00+00:00,2025-09-29 04:15:00+00:00,1,target,6,0.0108409609208871,0.0325228827626613,combo_short_rank12_long
combo_short_rank12,43,2025-09-29 04:35:00+00:00,2025-09-29 04:40:00+00:00,2025-09-29 07:40:00+00:00,1,time_open,37,-0.002290467170894425,-0.006871401512683275,combo_short_rank12_long
combo_short_rank12,44,2025-09-29 19:00:00+00:00,2025-09-29 19:05:00+00:00,2025-09-29 19:55:00+00:00,-1,stop_market,11,-0.009246154630018062,-0.027738463890054185,combo_short_rank12_short
combo_short_rank12,45,2025-10-10 18:05:00+00:00,2025-10-10 18:10:00+00:00,2025-10-10 18:35:00+00:00,-1,target,6,0.00849165231681893,0.02547495695045679,combo_short_rank12_short
combo_short_rank12,46,2025-10-10 21:40:00+00:00,2025-10-10 21:45:00+00:00,2025-10-10 23:45:00+00:00,-1,time_open,25,-0.0245048350750101,-0.07351450522503031,combo_short_rank12_short
combo_short_rank12,47,2025-10-10 23:45:00+00:00,2025-10-10 23:50:00+00:00,2025-10-10 23:50:00+00:00,-1,target,1,0.033350567556368726,0.10005170266910618,combo_short_rank12_short
combo_short_rank12,48,2025-10-11 00:55:00+00:00,2025-10-11 01:00:00+00:00,2025-10-11 01:30:00+00:00,-1,target,7,0.027790102607630398,0.08337030782289119,combo_short_rank12_short
combo_short_rank12,49,2025-10-12 10:25:00+00:00,2025-10-12 10:30:00+00:00,2025-10-12 11:40:00+00:00,-1,stop_market,15,-0.012962229993146,-0.038886689979438,combo_short_rank12_short
combo_short_rank12,50,2025-10-12 19:15:00+00:00,2025-10-12 19:20:00+00:00,2025-10-12 20:35:00+00:00,1,target,16,0.014770395436148165,0.044311186308444495,combo_short_rank12_long
combo_short_rank12,51,2025-10-13 01:55:00+00:00,2025-10-13 02:00:00+00:00,2025-10-13 05:00:00+00:00,1,time_open,37,-0.030145853316466877,-0.09043755994940063,combo_short_rank12_long
combo_short_rank12,52,2025-10-13 20:25:00+00:00,2025-10-13 20:30:00+00:00,2025-10-13 20:50:00+00:00,1,target,5,0.016655132763630332,0.049965398290891,combo_short_rank12_long
combo_short_rank12,53,2025-10-13 21:15:00+00:00,2025-10-13 21:20:00+00:00,2025-10-14 00:20:00+00:00,1,time_open,37,-0.012380896422171406,-0.03714268926651422,combo_short_rank12_long
combo_short_rank12,54,2025-10-14 09:05:00+00:00,2025-10-14 09:10:00+00:00,2025-10-14 10:00:00+00:00,-1,target,11,0.012262349357363674,0.03678704807209102,combo_short_rank12_short
combo_short_rank12,55,2025-10-17 09:45:00+00:00,2025-10-17 09:50:00+00:00,2025-10-17 10:20:00+00:00,-1,target,7,0.01518390130066497,0.04555170390199491,combo_short_rank12_short
combo_short_rank12,56,2025-10-17 10:35:00+00:00,2025-10-17 10:40:00+00:00,2025-10-17 11:10:00+00:00,-1,stop_market,7,-0.020431482074370913,-0.06129444622311274,combo_short_rank12_short
combo_short_rank12,57,2025-10-23 03:05:00+00:00,2025-10-23 03:10:00+00:00,2025-10-23 06:10:00+00:00,1,time_open,37,-0.002446354438045768,-0.0073390633141373045,combo_short_rank12_long
combo_short_rank12,58,2025-10-23 08:40:00+00:00,2025-10-23 08:45:00+00:00,2025-10-23 11:45:00+00:00,1,time_open,37,-0.001919761770366497,-0.005759285311099491,combo_short_rank12_long
combo_short_rank12,59,2025-10-23 12:15:00+00:00,2025-10-23 12:20:00+00:00,2025-10-23 12:55:00+00:00,1,target,8,0.014277689179859998,0.042833067539579994,combo_short_rank12_long
combo_short_rank12,60,2025-10-23 13:00:00+00:00,2025-10-23 13:05:00+00:00,2025-10-23 16:05:00+00:00,1,time_open,37,-0.003128797907948495,-0.009386393723845485,combo_short_rank12_long
combo_short_rank12,61,2025-10-23 16:15:00+00:00,2025-10-23 16:20:00+00:00,2025-10-23 19:20:00+00:00,1,time_open,37,-0.02490912296870269,-0.07472736890610807,combo_short_rank12_long
combo_short_rank12,62,2025-10-25 22:20:00+00:00,2025-10-25 22:25:00+00:00,2025-10-25 22:40:00+00:00,1,target,4,0.014744934893972302,0.04423480468191691,combo_short_rank12_long
combo_short_rank12,63,2025-10-25 22:55:00+00:00,2025-10-25 23:00:00+00:00,2025-10-26 02:00:00+00:00,1,time_open,37,-0.0077102204759059234,-0.02313066142771777,combo_short_rank12_long
combo_short_rank12,64,2025-10-26 02:05:00+00:00,2025-10-26 02:10:00+00:00,2025-10-26 05:10:00+00:00,1,time_open,37,-0.012910616580455591,-0.03873184974136677,combo_short_rank12_long
combo_short_rank12,65,2025-10-26 07:30:00+00:00,2025-10-26 07:35:00+00:00,2025-10-26 08:00:00+00:00,1,target,6,0.009220886401672939,0.027662659205018817,combo_short_rank12_long
combo_short_rank12,66,2025-10-26 10:00:00+00:00,2025-10-26 10:05:00+00:00,2025-10-26 11:10:00+00:00,1,target,14,0.016219696864110143,0.04865909059233043,combo_short_rank12_long
combo_short_rank12,67,2025-10-26 12:00:00+00:00,2025-10-26 12:05:00+00:00,2025-10-26 12:15:00+00:00,1,target,3,0.01882452769146418,0.05647358307439254,combo_short_rank12_long
combo_short_rank12,68,2025-10-26 12:25:00+00:00,2025-10-26 12:30:00+00:00,2025-10-26 15:30:00+00:00,1,time_open,37,-0.010139671798866316,-0.03041901539659895,combo_short_rank12_long
combo_short_rank12,69,2025-10-26 18:35:00+00:00,2025-10-26 18:40:00+00:00,2025-10-26 21:40:00+00:00,1,time_open,37,-0.01056831824572628,-0.03170495473717884,combo_short_rank12_long
combo_short_rank12,70,2025-10-26 22:05:00+00:00,2025-10-26 22:10:00+00:00,2025-10-27 01:10:00+00:00,1,time_open,37,-0.0016789093747814686,-0.005036728124344405,combo_short_rank12_long
combo_short_rank12,71,2025-10-29 18:35:00+00:00,2025-10-29 18:40:00+00:00,2025-10-29 18:40:00+00:00,-1,stop_market,1,-0.021902100889247166,-0.0657063026677415,combo_short_rank12_short
combo_short_rank12,72,2025-11-04 07:40:00+00:00,2025-11-04 07:45:00+00:00,2025-11-04 08:10:00+00:00,-1,target,6,0.016580405893701612,0.049741217681104836,combo_short_rank12_short
combo_short_rank12,73,2025-11-04 19:35:00+00:00,2025-11-04 19:40:00+00:00,2025-11-04 20:05:00+00:00,-1,target,6,0.02120892924733603,0.0636267877420081,combo_short_rank12_short
combo_short_rank12,74,2025-11-05 10:15:00+00:00,2025-11-05 10:20:00+00:00,2025-11-05 11:30:00+00:00,1,target,15,0.013881994915359123,0.04164598474607737,combo_short_rank12_long
combo_short_rank12,75,2025-11-05 12:05:00+00:00,2025-11-05 12:10:00+00:00,2025-11-05 15:10:00+00:00,1,time_open,37,0.010499959939981447,0.03149987981994434,combo_short_rank12_long
combo_short_rank12,76,2025-11-05 16:45:00+00:00,2025-11-05 16:50:00+00:00,2025-11-05 19:50:00+00:00,1,time_open,37,-0.011824841735812308,-0.03547452520743692,combo_short_rank12_long
combo_short_rank12,77,2025-11-06 18:00:00+00:00,2025-11-06 18:05:00+00:00,2025-11-06 18:15:00+00:00,-1,target,3,0.010263805169489755,0.030791415508469262,combo_short_rank12_short
combo_short_rank12,78,2025-11-07 17:45:00+00:00,2025-11-07 17:50:00+00:00,2025-11-07 19:35:00+00:00,1,target,22,0.02063505874779905,0.06190517624339715,combo_short_rank12_long
combo_short_rank12,79,2025-11-07 19:45:00+00:00,2025-11-07 19:50:00+00:00,2025-11-07 20:10:00+00:00,1,target,5,0.013720032916227736,0.041160098748683205,combo_short_rank12_long
combo_short_rank12,80,2025-11-07 20:15:00+00:00,2025-11-07 20:20:00+00:00,2025-11-07 23:20:00+00:00,1,time_open,37,-0.005733905310358177,-0.01720171593107453,combo_short_rank12_long
combo_short_rank12,81,2025-11-07 23:20:00+00:00,2025-11-07 23:25:00+00:00,2025-11-08 02:25:00+00:00,1,time_open,37,0.0007666482515769087,0.002299944754730726,combo_short_rank12_long
combo_short_rank12,82,2025-11-08 03:00:00+00:00,2025-11-08 03:05:00+00:00,2025-11-08 06:00:00+00:00,1,stop_market,36,-0.04137111022743027,-0.12411333068229081,combo_short_rank12_long
combo_short_rank12,83,2025-11-18 06:10:00+00:00,2025-11-18 06:15:00+00:00,2025-11-18 09:15:00+00:00,1,time_open,37,0.0030900380102084493,0.009270114030625349,combo_short_rank12_long
combo_short_rank12,84,2025-11-18 09:45:00+00:00,2025-11-18 09:50:00+00:00,2025-11-18 12:40:00+00:00,1,target,35,0.01241787937471092,0.03725363812413276,combo_short_rank12_long
combo_short_rank12,85,2025-11-18 16:15:00+00:00,2025-11-18 16:20:00+00:00,2025-11-18 16:45:00+00:00,-1,target,6,0.012519584152490394,0.03755875245747118,combo_short_rank12_short
combo_short_rank12,86,2025-11-22 19:30:00+00:00,2025-11-22 19:35:00+00:00,2025-11-22 19:40:00+00:00,-1,target,2,0.008855954651264654,0.026567863953793965,combo_short_rank12_short
combo_short_rank12,87,2025-11-24 07:10:00+00:00,2025-11-24 07:15:00+00:00,2025-11-24 08:30:00+00:00,-1,target,16,0.00803133517380483,0.02409400552141449,combo_short_rank12_short
combo_short_rank12,88,2025-12-01 02:20:00+00:00,2025-12-01 02:25:00+00:00,2025-12-01 03:10:00+00:00,-1,target,10,0.011685518276081889,0.03505655482824567,combo_short_rank12_short
combo_short_rank12,89,2025-12-01 14:35:00+00:00,2025-12-01 14:40:00+00:00,2025-12-01 15:25:00+00:00,-1,target,10,0.013447211470015194,0.04034163441004558,combo_short_rank12_short
combo_short_rank12,90,2025-12-02 17:15:00+00:00,2025-12-02 17:20:00+00:00,2025-12-02 19:00:00+00:00,1,target,21,0.018025738374068248,0.054077215122204744,combo_short_rank12_long
combo_short_rank12,91,2025-12-03 03:40:00+00:00,2025-12-03 03:45:00+00:00,2025-12-03 05:05:00+00:00,1,target,17,0.015073577416439367,0.0452207322493181,combo_short_rank12_long
combo_short_rank12,92,2025-12-12 22:30:00+00:00,2025-12-12 22:35:00+00:00,2025-12-13 00:35:00+00:00,-1,time_open,25,-0.0008028492714273096,-0.002408547814281929,combo_short_rank12_short
combo_short_rank12,93,2025-12-15 18:40:00+00:00,2025-12-15 18:45:00+00:00,2025-12-15 18:50:00+00:00,-1,target,2,0.008221543595547666,0.024664630786643,combo_short_rank12_short
combo_short_rank12,94,2026-01-01 17:30:00+00:00,2026-01-01 17:35:00+00:00,2026-01-01 18:15:00+00:00,-1,target,9,0.0075955207439868146,0.022786562231960444,combo_short_rank12_short
combo_short_rank12,95,2026-01-24 01:40:00+00:00,2026-01-24 01:45:00+00:00,2026-01-24 02:10:00+00:00,1,target,6,0.010298757917086647,0.030896273751259938,combo_short_rank12_long
combo_short_rank12,96,2026-01-24 03:55:00+00:00,2026-01-24 04:00:00+00:00,2026-01-24 07:00:00+00:00,1,time_open,37,-0.010589917820245804,-0.03176975346073741,combo_short_rank12_long
combo_short_rank12,97,2026-01-26 19:20:00+00:00,2026-01-26 19:25:00+00:00,2026-01-26 21:40:00+00:00,1,target,28,0.015050028971937366,0.0451500869158121,combo_short_rank12_long
combo_short_rank12,98,2026-01-26 22:00:00+00:00,2026-01-26 22:05:00+00:00,2026-01-26 22:45:00+00:00,1,target,9,0.013932554721309194,0.041797664163927585,combo_short_rank12_long
combo_short_rank12,99,2026-01-26 22:55:00+00:00,2026-01-26 23:00:00+00:00,2026-01-27 02:00:00+00:00,1,time_open,37,0.016523195354803365,0.049569586064410094,combo_short_rank12_long
combo_short_rank12,100,2026-01-27 02:10:00+00:00,2026-01-27 02:15:00+00:00,2026-01-27 02:45:00+00:00,1,target,7,0.012517796038059728,0.03755338811417919,combo_short_rank12_long
combo_short_rank12,101,2026-01-27 03:45:00+00:00,2026-01-27 03:50:00+00:00,2026-01-27 04:10:00+00:00,1,target,5,0.016691468042866003,0.05007440412859801,combo_short_rank12_long
combo_short_rank12,102,2026-01-27 04:45:00+00:00,2026-01-27 04:50:00+00:00,2026-01-27 05:35:00+00:00,1,target,10,0.017782027996468615,0.053346083989405844,combo_short_rank12_long
combo_short_rank12,103,2026-01-27 05:40:00+00:00,2026-01-27 05:45:00+00:00,2026-01-27 06:40:00+00:00,1,target,12,0.01614916787335833,0.04844750362007499,combo_short_rank12_long
combo_short_rank12,104,2026-01-27 07:45:00+00:00,2026-01-27 07:50:00+00:00,2026-01-27 10:50:00+00:00,1,time_open,37,-0.008435953679747586,-0.025307861039242756,combo_short_rank12_long
combo_short_rank12,105,2026-01-27 11:10:00+00:00,2026-01-27 11:15:00+00:00,2026-01-27 12:25:00+00:00,1,target,15,0.017072748531337088,0.051218245594011266,combo_short_rank12_long
combo_short_rank12,106,2026-01-27 13:35:00+00:00,2026-01-27 13:40:00+00:00,2026-01-27 15:50:00+00:00,1,target,27,0.014979255330401514,0.04493776599120454,combo_short_rank12_long
combo_short_rank12,107,2026-01-27 16:00:00+00:00,2026-01-27 16:05:00+00:00,2026-01-27 16:55:00+00:00,1,target,11,0.018460942382225762,0.05538282714667729,combo_short_rank12_long
combo_short_rank12,108,2026-01-27 18:00:00+00:00,2026-01-27 18:05:00+00:00,2026-01-27 19:25:00+00:00,1,target,17,0.028689806530706255,0.08606941959211876,combo_short_rank12_long
combo_short_rank12,109,2026-01-27 19:50:00+00:00,2026-01-27 19:55:00+00:00,2026-01-27 20:15:00+00:00,1,target,5,0.016662175873492727,0.049986527620478186,combo_short_rank12_long
combo_short_rank12,110,2026-01-27 20:30:00+00:00,2026-01-27 20:35:00+00:00,2026-01-27 22:30:00+00:00,1,target,24,0.018792363600421576,0.056377090801264726,combo_short_rank12_long
combo_short_rank12,111,2026-01-27 22:55:00+00:00,2026-01-27 23:00:00+00:00,2026-01-28 00:05:00+00:00,1,target,14,0.017834456413609985,0.053503369240829955,combo_short_rank12_long
combo_short_rank12,112,2026-01-28 00:15:00+00:00,2026-01-28 00:20:00+00:00,2026-01-28 00:55:00+00:00,1,target,8,0.020277055094760684,0.06083116528428205,combo_short_rank12_long
combo_short_rank12,113,2026-01-28 01:35:00+00:00,2026-01-28 01:40:00+00:00,2026-01-28 02:15:00+00:00,1,target,8,0.03076747970895687,0.09230243912687061,combo_short_rank12_long
combo_short_rank12,114,2026-01-28 02:55:00+00:00,2026-01-28 03:00:00+00:00,2026-01-28 03:35:00+00:00,1,target,8,0.02963235446175291,0.08889706338525873,combo_short_rank12_long
combo_short_rank12,115,2026-01-28 03:50:00+00:00,2026-01-28 03:55:00+00:00,2026-01-28 06:55:00+00:00,1,time_open,37,-0.002853947398115867,-0.0085618421943476,combo_short_rank12_long
combo_short_rank12,116,2026-01-28 07:40:00+00:00,2026-01-28 07:45:00+00:00,2026-01-28 08:00:00+00:00,1,target,4,0.016216107030826547,0.04864832109247964,combo_short_rank12_long
combo_short_rank12,117,2026-01-28 08:20:00+00:00,2026-01-28 08:25:00+00:00,2026-01-28 11:25:00+00:00,1,time_open,37,0.0018193640426490934,0.005458092127947281,combo_short_rank12_long
combo_short_rank12,118,2026-01-28 11:25:00+00:00,2026-01-28 11:30:00+00:00,2026-01-28 14:30:00+00:00,1,time_open,37,-0.018761180811765622,-0.05628354243529687,combo_short_rank12_long
combo_short_rank12,119,2026-01-29 04:45:00+00:00,2026-01-29 04:50:00+00:00,2026-01-29 05:05:00+00:00,-1,target,4,0.012801890147599209,0.03840567044279763,combo_short_rank12_short
combo_short_rank12,120,2026-01-29 21:20:00+00:00,2026-01-29 21:25:00+00:00,2026-01-29 22:15:00+00:00,-1,target,11,0.015003579863098119,0.04501073958929436,combo_short_rank12_short
combo_short_rank12,121,2026-01-30 03:35:00+00:00,2026-01-30 03:40:00+00:00,2026-01-30 04:30:00+00:00,-1,stop_market,11,-0.02442193272972475,-0.07326579818917425,combo_short_rank12_short
combo_short_rank12,122,2026-01-30 15:40:00+00:00,2026-01-30 15:45:00+00:00,2026-01-30 16:00:00+00:00,-1,target,4,0.017147833692664555,0.05144350107799367,combo_short_rank12_short
combo_short_rank12,123,2026-01-31 17:45:00+00:00,2026-01-31 17:50:00+00:00,2026-01-31 18:40:00+00:00,-1,target,11,0.020646067086705234,0.061938201260115705,combo_short_rank12_short
combo_short_rank12,124,2026-02-01 16:35:00+00:00,2026-02-01 16:40:00+00:00,2026-02-01 18:00:00+00:00,-1,stop_market,17,-0.021395372005981118,-0.06418611601794336,combo_short_rank12_short
combo_short_rank12,125,2026-02-02 22:35:00+00:00,2026-02-02 22:40:00+00:00,2026-02-03 01:00:00+00:00,1,target,29,0.021645524833803793,0.06493657450141138,combo_short_rank12_long
combo_short_rank12,126,2026-02-03 01:30:00+00:00,2026-02-03 01:35:00+00:00,2026-02-03 01:50:00+00:00,1,target,4,0.022973850587040257,0.06892155176112078,combo_short_rank12_long
combo_short_rank12,127,2026-02-03 02:55:00+00:00,2026-02-03 03:00:00+00:00,2026-02-03 03:30:00+00:00,1,target,7,0.02826137667980181,0.08478413003940544,combo_short_rank12_long
combo_short_rank12,128,2026-02-03 04:20:00+00:00,2026-02-03 04:25:00+00:00,2026-02-03 07:25:00+00:00,1,time_open,37,-0.014742204567824506,-0.04422661370347352,combo_short_rank12_long
combo_short_rank12,129,2026-02-03 07:30:00+00:00,2026-02-03 07:35:00+00:00,2026-02-03 08:25:00+00:00,1,target,11,0.019201472332869632,0.057604416998608896,combo_short_rank12_long
combo_short_rank12,130,2026-02-03 09:55:00+00:00,2026-02-03 10:00:00+00:00,2026-02-03 13:00:00+00:00,1,time_open,37,-0.028258972996509268,-0.0847769189895278,combo_short_rank12_long
combo_short_rank12,131,2026-02-03 18:45:00+00:00,2026-02-03 18:50:00+00:00,2026-02-03 18:55:00+00:00,-1,target,2,0.01759190473350628,0.05277571420051884,combo_short_rank12_short
combo_short_rank12,132,2026-02-03 19:05:00+00:00,2026-02-03 19:10:00+00:00,2026-02-03 19:10:00+00:00,-1,stop_market,1,-0.024854339704400118,-0.07456301911320035,combo_short_rank12_short
combo_short_rank12,133,2026-02-04 00:30:00+00:00,2026-02-04 00:35:00+00:00,2026-02-04 01:10:00+00:00,-1,stop_market,8,-0.016646308703589238,-0.04993892611076771,combo_short_rank12_short
combo_short_rank12,134,2026-02-05 04:25:00+00:00,2026-02-05 04:30:00+00:00,2026-02-05 06:05:00+00:00,-1,target,20,0.011191634044208313,0.03357490213262494,combo_short_rank12_short
combo_short_rank12,135,2026-02-05 13:55:00+00:00,2026-02-05 14:00:00+00:00,2026-02-05 14:20:00+00:00,-1,target,5,0.011935231866141085,0.035805695598423254,combo_short_rank12_short
combo_short_rank12,136,2026-02-05 14:40:00+00:00,2026-02-05 14:45:00+00:00,2026-02-05 14:55:00+00:00,-1,target,3,0.013337011680433523,0.04001103504130057,combo_short_rank12_short
combo_short_rank12,137,2026-02-05 15:15:00+00:00,2026-02-05 15:20:00+00:00,2026-02-05 15:25:00+00:00,-1,target,2,0.01621041989666885,0.04863125969000655,combo_short_rank12_short
combo_short_rank12,138,2026-02-05 15:25:00+00:00,2026-02-05 15:30:00+00:00,2026-02-05 15:40:00+00:00,-1,stop_market,3,-0.026152428042684514,-0.07845728412805354,combo_short_rank12_short
combo_short_rank12,139,2026-02-05 15:40:00+00:00,2026-02-05 15:45:00+00:00,2026-02-05 16:00:00+00:00,-1,target,4,0.019936398850865854,0.05980919655259756,combo_short_rank12_short
combo_short_rank12,140,2026-02-06 04:20:00+00:00,2026-02-06 04:25:00+00:00,2026-02-06 07:25:00+00:00,1,time_open,37,-0.04936937282456918,-0.14810811847370753,combo_short_rank12_long
combo_short_rank12,141,2026-02-06 09:55:00+00:00,2026-02-06 10:00:00+00:00,2026-02-06 10:35:00+00:00,-1,stop_market,8,-0.018932182383170418,-0.05679654714951125,combo_short_rank12_short
combo_short_rank12,142,2026-02-27 14:40:00+00:00,2026-02-27 14:45:00+00:00,2026-02-27 16:25:00+00:00,-1,target,21,0.007590350416034674,0.02277105124810402,combo_short_rank12_short
combo_short_rank12,143,2026-02-28 18:50:00+00:00,2026-02-28 18:55:00+00:00,2026-02-28 20:20:00+00:00,1,target,18,0.019142598109568903,0.057427794328706705,combo_short_rank12_long
combo_short_rank12,144,2026-02-28 20:30:00+00:00,2026-02-28 20:35:00+00:00,2026-02-28 20:45:00+00:00,1,target,3,0.01795406367035337,0.05386219101106011,combo_short_rank12_long
combo_short_rank12,145,2026-02-28 21:00:00+00:00,2026-02-28 21:05:00+00:00,2026-02-28 22:25:00+00:00,1,target,17,0.019814061364452344,0.05944218409335703,combo_short_rank12_long
combo_short_rank12,146,2026-02-28 22:40:00+00:00,2026-02-28 22:45:00+00:00,2026-02-28 23:45:00+00:00,1,target,13,0.014622284839401523,0.04386685451820457,combo_short_rank12_long
combo_short_rank12,147,2026-03-01 01:50:00+00:00,2026-03-01 01:55:00+00:00,2026-03-01 02:00:00+00:00,1,target,2,0.0161120163560902,0.048336049068270596,combo_short_rank12_long
combo_short_rank12,148,2026-03-01 03:25:00+00:00,2026-03-01 03:30:00+00:00,2026-03-01 05:45:00+00:00,1,target,28,0.013393139663125669,0.040179418989377005,combo_short_rank12_long
combo_short_rank12,149,2026-03-01 06:15:00+00:00,2026-03-01 06:20:00+00:00,2026-03-01 09:20:00+00:00,1,time_open,37,-0.007332285650752828,-0.021996856952258486,combo_short_rank12_long
combo_short_rank12,150,2026-03-02 22:45:00+00:00,2026-03-02 22:50:00+00:00,2026-03-03 01:50:00+00:00,1,time_open,37,-0.0075797110177607254,-0.022739133053282175,combo_short_rank12_long
combo_short_rank12,151,2026-03-03 02:50:00+00:00,2026-03-03 02:55:00+00:00,2026-03-03 03:10:00+00:00,1,target,4,0.011294297386607876,0.033882892159823624,combo_short_rank12_long
combo_short_rank12,152,2026-03-03 04:35:00+00:00,2026-03-03 04:40:00+00:00,2026-03-03 05:05:00+00:00,1,target,6,0.009307310983249089,0.027921932949747267,combo_short_rank12_long
combo_short_rank12,153,2026-03-09 14:50:00+00:00,2026-03-09 14:55:00+00:00,2026-03-09 16:20:00+00:00,1,target,18,0.02119666027402636,0.06358998082207908,combo_short_rank12_long
combo_short_rank12,154,2026-03-09 17:15:00+00:00,2026-03-09 17:20:00+00:00,2026-03-09 20:20:00+00:00,1,time_open,37,0.006319387913195441,0.018958163739586323,combo_short_rank12_long
combo_short_rank12,155,2026-03-09 20:30:00+00:00,2026-03-09 20:35:00+00:00,2026-03-09 21:05:00+00:00,1,target,7,0.015458400663412232,0.046375201990236696,combo_short_rank12_long
combo_short_rank12,156,2026-03-09 21:35:00+00:00,2026-03-09 21:40:00+00:00,2026-03-10 00:40:00+00:00,1,time_open,37,-0.018779953913612875,-0.056339861740838625,combo_short_rank12_long
combo_short_rank12,157,2026-03-10 03:40:00+00:00,2026-03-10 03:45:00+00:00,2026-03-10 06:45:00+00:00,1,time_open,37,-0.014681882229606105,-0.044045646688818316,combo_short_rank12_long
combo_short_rank12,158,2026-04-08 07:25:00+00:00,2026-04-08 07:30:00+00:00,2026-04-08 07:50:00+00:00,1,target,5,0.006699842595916964,0.02009952778775089,combo_short_rank12_long
combo_short_rank12,159,2026-04-08 09:35:00+00:00,2026-04-08 09:40:00+00:00,2026-04-08 12:40:00+00:00,1,time_open,37,-0.0016624707209484091,-0.004987412162845227,combo_short_rank12_long
combo_short_rank12,160,2026-05-14 15:35:00+00:00,2026-05-14 15:40:00+00:00,2026-05-14 16:30:00+00:00,1,target,11,0.01447340638717408,0.04342021916152224,combo_short_rank12_long
combo_short_rank12,161,2026-05-14 16:35:00+00:00,2026-05-14 16:40:00+00:00,2026-05-14 17:05:00+00:00,1,target,6,0.014658067181291382,0.043974201543874145,combo_short_rank12_long
combo_short_rank12,162,2026-05-14 17:20:00+00:00,2026-05-14 17:25:00+00:00,2026-05-14 18:15:00+00:00,1,target,11,0.01707384361705465,0.051221530851163946,combo_short_rank12_long
combo_short_rank12,163,2026-05-14 18:30:00+00:00,2026-05-14 18:35:00+00:00,2026-05-14 21:35:00+00:00,1,time_open,37,-0.00485554712601357,-0.014566641378040712,combo_short_rank12_long
combo_short_rank12,164,2026-05-14 22:05:00+00:00,2026-05-14 22:10:00+00:00,2026-05-14 23:35:00+00:00,1,target,18,0.010378863401763031,0.031136590205289093,combo_short_rank12_long
combo_short_rank12,165,2026-05-15 00:00:00+00:00,2026-05-15 00:05:00+00:00,2026-05-15 00:25:00+00:00,1,target,5,0.009892713858009619,0.029678141574028857,combo_short_rank12_long
combo_short_rank12,166,2026-05-15 01:00:00+00:00,2026-05-15 01:05:00+00:00,2026-05-15 01:35:00+00:00,1,target,7,0.010718752349013155,0.03215625704703946,combo_short_rank12_long
combo_short_rank12,167,2026-05-15 02:00:00+00:00,2026-05-15 02:05:00+00:00,2026-05-15 03:00:00+00:00,1,target,12,0.015951546385803116,0.04785463915740935,combo_short_rank12_long
combo_short_rank12,168,2026-05-15 03:15:00+00:00,2026-05-15 03:20:00+00:00,2026-05-15 06:20:00+00:00,1,time_open,37,-0.018965898918475586,-0.05689769675542676,combo_short_rank12_long
combo_short_rank12,169,2026-05-15 07:20:00+00:00,2026-05-15 07:25:00+00:00,2026-05-15 10:25:00+00:00,1,time_open,37,-0.017184567879511822,-0.05155370363853547,combo_short_rank12_long
combo_short_rank12,170,2026-05-17 20:15:00+00:00,2026-05-17 20:20:00+00:00,2026-05-17 23:20:00+00:00,1,time_open,37,-0.018424744449169594,-0.05527423334750878,combo_short_rank12_long
combo_short_rank12,171,2026-05-18 00:30:00+00:00,2026-05-18 00:35:00+00:00,2026-05-18 03:35:00+00:00,1,time_open,37,-0.02261285289577144,-0.06783855868731431,combo_short_rank12_long
combo_short_rank12,172,2026-05-20 16:30:00+00:00,2026-05-20 16:35:00+00:00,2026-05-20 17:10:00+00:00,1,target,8,0.011986538539807317,0.03595961561942195,combo_short_rank12_long
combo_short_rank12,173,2026-05-20 19:05:00+00:00,2026-05-20 19:10:00+00:00,2026-05-20 19:20:00+00:00,1,target,3,0.01047332688364174,0.03141998065092522,combo_short_rank12_long
combo_short_rank12,174,2026-05-20 21:20:00+00:00,2026-05-20 21:25:00+00:00,2026-05-20 22:15:00+00:00,1,target,11,0.01281624018453674,0.03844872055361022,combo_short_rank12_long
combo_short_rank12,175,2026-05-20 22:50:00+00:00,2026-05-20 22:55:00+00:00,2026-05-20 23:35:00+00:00,1,target,9,0.016937797498793778,0.05081339249638134,combo_short_rank12_long
combo_short_rank12,176,2026-05-21 00:05:00+00:00,2026-05-21 00:10:00+00:00,2026-05-21 00:35:00+00:00,1,target,6,0.015050307816419467,0.045150923449258404,combo_short_rank12_long
combo_short_rank12,177,2026-05-21 01:30:00+00:00,2026-05-21 01:35:00+00:00,2026-05-21 04:35:00+00:00,1,time_open,37,-0.0053163150897795565,-0.01594894526933867,combo_short_rank12_long
combo_short_rank12,178,2026-05-21 05:45:00+00:00,2026-05-21 05:50:00+00:00,2026-05-21 06:25:00+00:00,1,target,8,0.011430275400607476,0.03429082620182243,combo_short_rank12_long
combo_short_rank12,179,2026-05-21 06:55:00+00:00,2026-05-21 07:00:00+00:00,2026-05-21 07:10:00+00:00,1,target,3,0.013006390472229054,0.03901917141668716,combo_short_rank12_long
combo_short_rank12,180,2026-05-21 07:30:00+00:00,2026-05-21 07:35:00+00:00,2026-05-21 07:50:00+00:00,1,target,4,0.014260086683811853,0.04278026005143556,combo_short_rank12_long
combo_short_rank12,181,2026-05-21 08:15:00+00:00,2026-05-21 08:20:00+00:00,2026-05-21 09:30:00+00:00,1,target,15,0.014723990324019843,0.04417197097205953,combo_short_rank12_long
combo_short_rank12,182,2026-05-21 10:20:00+00:00,2026-05-21 10:25:00+00:00,2026-05-21 13:25:00+00:00,1,time_open,37,0.010150345387795134,0.030451036163385403,combo_short_rank12_long
combo_short_rank12,183,2026-05-21 13:35:00+00:00,2026-05-21 13:40:00+00:00,2026-05-21 13:55:00+00:00,1,target,4,0.016279588857853078,0.048838766573559234,combo_short_rank12_long
combo_short_rank12,184,2026-05-21 14:00:00+00:00,2026-05-21 14:05:00+00:00,2026-05-21 14:30:00+00:00,1,target,6,0.020320835247848414,0.06096250574354524,combo_short_rank12_long
combo_short_rank12,185,2026-05-21 14:55:00+00:00,2026-05-21 15:00:00+00:00,2026-05-21 18:00:00+00:00,1,time_open,37,-0.037348151898602334,-0.11204445569580701,combo_short_rank12_long
combo_short_rank12,186,2026-05-22 18:00:00+00:00,2026-05-22 18:05:00+00:00,2026-05-22 18:15:00+00:00,-1,stop_market,3,-0.011038075408107409,-0.033114226224322224,combo_short_rank12_short
combo_short_rank12,187,2026-05-22 18:30:00+00:00,2026-05-22 18:35:00+00:00,2026-05-22 18:35:00+00:00,-1,target,1,0.008257800648518747,0.024773401945556238,combo_short_rank12_short
combo_short_rank12,188,2026-05-22 22:05:00+00:00,2026-05-22 22:10:00+00:00,2026-05-22 22:30:00+00:00,-1,target,5,0.007679990306710358,0.023039970920131075,combo_short_rank12_short
combo_short_rank12,189,2026-05-24 01:40:00+00:00,2026-05-24 01:45:00+00:00,2026-05-24 04:45:00+00:00,1,time_open,37,-0.016993579657679492,-0.05098073897303848,combo_short_rank12_long
combo_short_rank12,190,2026-05-24 04:50:00+00:00,2026-05-24 04:55:00+00:00,2026-05-24 05:10:00+00:00,1,target,4,0.010371750002794581,0.031115250008383742,combo_short_rank12_long
combo_short_rank12,191,2026-05-24 05:55:00+00:00,2026-05-24 06:00:00+00:00,2026-05-24 08:10:00+00:00,1,target,27,0.013890993498660471,0.041672980495981414,combo_short_rank12_long
combo_short_rank12,192,2026-05-24 08:40:00+00:00,2026-05-24 08:45:00+00:00,2026-05-24 09:35:00+00:00,1,target,11,0.016221181025222835,0.0486635430756685,combo_short_rank12_long
combo_short_rank12,193,2026-05-24 09:55:00+00:00,2026-05-24 10:00:00+00:00,2026-05-24 13:00:00+00:00,1,time_open,37,0.003108596096978729,0.009325788290936186,combo_short_rank12_long
combo_short_rank12,194,2026-05-24 13:05:00+00:00,2026-05-24 13:10:00+00:00,2026-05-24 16:10:00+00:00,1,time_open,37,-0.005909331802525143,-0.017727995407575428,combo_short_rank12_long
combo_short_rank12,195,2026-05-28 21:45:00+00:00,2026-05-28 21:50:00+00:00,2026-05-29 00:50:00+00:00,1,time_open,37,0.0016577891820205425,0.004973367546061628,combo_short_rank12_long
combo_short_rank12,196,2026-05-29 03:30:00+00:00,2026-05-29 03:35:00+00:00,2026-05-29 06:35:00+00:00,1,time_open,37,-0.002703448184576668,-0.008110344553730005,combo_short_rank12_long
combo_short_rank12,197,2026-05-29 17:15:00+00:00,2026-05-29 17:20:00+00:00,2026-05-29 20:20:00+00:00,1,time_open,37,-0.019409756664471974,-0.05822926999341592,combo_short_rank12_long
combo_short_rank12,198,2026-06-01 07:00:00+00:00,2026-06-01 07:05:00+00:00,2026-06-01 10:05:00+00:00,1,time_open,37,-0.01919166364718259,-0.05757499094154777,combo_short_rank12_long
combo_short_rank12,199,2026-06-05 00:35:00+00:00,2026-06-05 00:40:00+00:00,2026-06-05 01:00:00+00:00,-1,target,5,0.0125803639311235,0.0377410917933705,combo_short_rank12_short
combo_short_rank12,200,2026-06-05 05:30:00+00:00,2026-06-05 05:35:00+00:00,2026-06-05 05:50:00+00:00,-1,target,4,0.01542333369585078,0.046270001087552345,combo_short_rank12_short
combo_short_rank12,201,2026-06-05 16:20:00+00:00,2026-06-05 16:25:00+00:00,2026-06-05 17:25:00+00:00,-1,target,13,0.026432914409605296,0.07929874322881589,combo_short_rank12_short
combo_short_rank12,202,2026-06-08 11:50:00+00:00,2026-06-08 11:55:00+00:00,2026-06-08 12:55:00+00:00,1,target,13,0.012813781523843958,0.03844134457153187,combo_short_rank12_long
combo_short_rank12,203,2026-06-08 14:25:00+00:00,2026-06-08 14:30:00+00:00,2026-06-08 17:30:00+00:00,1,time_open,37,-0.009114896741930847,-0.027344690225792542,combo_short_rank12_long
combo_short_rank12,204,2026-06-11 18:50:00+00:00,2026-06-11 18:55:00+00:00,2026-06-11 21:55:00+00:00,1,time_open,37,0.005559643854380876,0.01667893156314263,combo_short_rank12_long
combo_short_rank12,205,2026-06-15 06:40:00+00:00,2026-06-15 06:45:00+00:00,2026-06-15 07:10:00+00:00,1,target,6,0.008438408069479408,0.025315224208438222,combo_short_rank12_long
combo_short_rank12,206,2026-06-15 07:45:00+00:00,2026-06-15 07:50:00+00:00,2026-06-15 08:40:00+00:00,1,target,11,0.010518506217615688,0.031555518652847066,combo_short_rank12_long
combo_short_rank12,207,2026-06-15 09:40:00+00:00,2026-06-15 09:45:00+00:00,2026-06-15 10:05:00+00:00,1,target,5,0.008594396442941257,0.025783189328823772,combo_short_rank12_long
combo_short_rank12,208,2026-06-15 11:05:00+00:00,2026-06-15 11:10:00+00:00,2026-06-15 14:10:00+00:00,1,time_open,37,-0.015377026573111685,-0.046131079719335055,combo_short_rank12_long
combo_short_rank12,209,2026-06-16 10:05:00+00:00,2026-06-16 10:10:00+00:00,2026-06-16 10:25:00+00:00,1,target,4,0.012038241004495366,0.036114723013486096,combo_short_rank12_long
combo_short_rank12,210,2026-06-16 11:05:00+00:00,2026-06-16 11:10:00+00:00,2026-06-16 14:10:00+00:00,1,time_open,37,-0.00401904743742438,-0.012057142312273141,combo_short_rank12_long
combo_short_rank12,211,2026-06-17 22:45:00+00:00,2026-06-17 22:50:00+00:00,2026-06-18 00:30:00+00:00,-1,stop_market,21,-0.014442720363755896,-0.04332816109126769,combo_short_rank12_short
combo_short_rank12,212,2026-06-26 03:25:00+00:00,2026-06-26 03:30:00+00:00,2026-06-26 03:45:00+00:00,-1,stop_market,4,-0.015957392940213835,-0.0478721788206415,combo_short_rank12_short
