config_id,pullback_buffer,side_mode,filter_name,arm_deadline_bars,max_hold_bars,mode,trades,equity_multiple,annualized_multiple,total_return,max_dd,win_rate,profit_factor,avg_trade,avg_win,avg_loss_abs,payoff_ratio,worst_trade,best_trade,long_trades,short_trades,long_short_ratio,long_share,short_share,long_win_rate,short_win_rate,long_payoff_ratio,short_payoff_ratio
pbm0p0100__both__none__deadline9__maxholdnone,-0.01,both,none,9,,5m_conservative,37,1.0435231368960156,1.0405209090668186,0.04352313689601561,-0.09825430047133699,0.5675675675675675,1.217342193529374,0.0013301110626659737,0.013126198395275365,0.014152253561383853,0.9274988141176184,-0.030534993377596048,0.07755944026126306,20,17,1.1764705882352942,0.5405405405405406,0.4594594594594595,0.55,0.5882352941176471,1.3352887743412727,0.6253810426319525
pbm0p0100__both__none__deadline9__maxholdnone,-0.01,both,none,9,,5m_optimistic,37,1.0927021106591417,1.0861703872903454,0.09270211065914169,-0.10302220170802268,0.5945945945945946,1.47725896939799,0.0025728431678420025,0.013393525027045917,0.013297490225657072,1.0072220245895387,-0.030534993377596048,0.07755944026126306,20,17,1.1764705882352942,0.5405405405405406,0.4594594594594595,0.55,0.6470588235294118,1.6568591871772986,0.5726286558449251
pbm0p0100__both__none__deadline9__maxholdnone,-0.01,both,none,9,,1m_conservative,37,1.0435231368960156,1.0405209090668186,0.04352313689601561,-0.09825430047133699,0.5675675675675675,1.217342193529374,0.0013301110626659737,0.013126198395275365,0.014152253561383853,0.9274988141176184,-0.030534993377596048,0.07755944026126306,20,17,1.1764705882352942,0.5405405405405406,0.4594594594594595,0.55,0.5882352941176471,1.3352887743412727,0.6253810426319525
pbm0p0100__both__none__deadline9__maxholdnone,-0.01,both,none,9,,1m_optimistic,37,1.060439343766582,1.05623914750254,0.060439343766582,-0.09825430047133699,0.5945945945945946,1.2987089277813542,0.001764804002270393,0.012904439514319011,0.014573328082067578,0.8854833598509233,-0.030534993377596048,0.07755944026126306,20,17,1.1764705882352942,0.5405405405405406,0.4594594594594595,0.55,0.6470588235294118,1.3352887743412727,0.5570327701432277
pbm0p0100__both__none__deadline9__maxhold36,-0.01,both,none,9,36.0,5m_conservative,37,1.0435231368960156,1.0405209090668186,0.04352313689601561,-0.09825430047133699,0.5675675675675675,1.217342193529374,0.0013301110626659737,0.013126198395275365,0.014152253561383853,0.9274988141176184,-0.030534993377596048,0.07755944026126306,20,17,1.1764705882352942,0.5405405405405406,0.4594594594594595,0.55,0.5882352941176471,1.3352887743412727,0.6253810426319525
pbm0p0100__both__none__deadline9__maxhold36,-0.01,both,none,9,36.0,5m_optimistic,37,1.0927021106591417,1.0861703872903454,0.09270211065914169,-0.10302220170802268,0.5945945945945946,1.47725896939799,0.0025728431678420025,0.013393525027045917,0.013297490225657072,1.0072220245895387,-0.030534993377596048,0.07755944026126306,20,17,1.1764705882352942,0.5405405405405406,0.4594594594594595,0.55,0.6470588235294118,1.6568591871772986,0.5726286558449251
pbm0p0100__both__none__deadline9__maxhold36,-0.01,both,none,9,36.0,1m_conservative,37,1.0435231368960156,1.0405209090668186,0.04352313689601561,-0.09825430047133699,0.5675675675675675,1.217342193529374,0.0013301110626659737,0.013126198395275365,0.014152253561383853,0.9274988141176184,-0.030534993377596048,0.07755944026126306,20,17,1.1764705882352942,0.5405405405405406,0.4594594594594595,0.55,0.5882352941176471,1.3352887743412727,0.6253810426319525
pbm0p0100__both__none__deadline9__maxhold36,-0.01,both,none,9,36.0,1m_optimistic,37,1.060439343766582,1.05623914750254,0.060439343766582,-0.09825430047133699,0.5945945945945946,1.2987089277813542,0.001764804002270393,0.012904439514319011,0.014573328082067578,0.8854833598509233,-0.030534993377596048,0.07755944026126306,20,17,1.1764705882352942,0.5405405405405406,0.4594594594594595,0.55,0.6470588235294118,1.3352887743412727,0.5570327701432277
pbm0p0100__both__ret192_ge_250__deadline9__maxholdnone,-0.01,both,ret192_ge_250,9,,5m_conservative,25,1.0905116917689595,1.084140173708606,0.09051169176895946,-0.07394444350516927,0.64,1.7589215985295195,0.003669498176483512,0.013288509500864971,0.013430966400194637,0.9893933991728546,-0.029084982812558686,0.07755944026126306,12,13,0.9230769230769231,0.48,0.52,0.6666666666666666,0.6153846153846154,1.617941291998159,0.6911825716615954
pbm0p0100__both__ret192_ge_250__deadline9__maxholdnone,-0.01,both,ret192_ge_250,9,,5m_optimistic,25,1.1197553024803282,1.1112224239344373,0.11975530248032817,-0.07394444350516927,0.64,2.0771905142755385,0.004729100779763622,0.014248935005279456,0.01219504895448675,1.1684196642799904,-0.029084982812558686,0.07755944026126306,12,13,0.9230769230769231,0.48,0.52,0.5833333333333334,0.6923076923076923,2.28510478702995,0.625562073699593
pbm0p0100__both__ret192_ge_250__deadline9__maxholdnone,-0.01,both,ret192_ge_250,9,,1m_conservative,25,1.0905116917689595,1.084140173708606,0.09051169176895946,-0.07394444350516927,0.64,1.7589215985295195,0.003669498176483512,0.013288509500864971,0.013430966400194637,0.9893933991728546,-0.029084982812558686,0.07755944026126306,12,13,0.9230769230769231,0.48,0.52,0.6666666666666666,0.6153846153846154,1.617941291998159,0.6911825716615954
pbm0p0100__both__ret192_ge_250__deadline9__maxholdnone,-0.01,both,ret192_ge_250,9,,1m_optimistic,25,1.1081896144910248,1.100517330188219,0.10818961449102482,-0.07394444350516927,0.68,1.953809710363145,0.004312843727098054,0.01299197970753383,0.014130320231327969,0.9194398637003036,-0.029084982812558686,0.07755944026126306,12,13,0.9230769230769231,0.48,0.52,0.6666666666666666,0.6923076923076923,1.617941291998159,0.5904391601051115
pbm0p0100__both__ret192_ge_250__deadline9__maxhold36,-0.01,both,ret192_ge_250,9,36.0,5m_conservative,25,1.0905116917689595,1.084140173708606,0.09051169176895946,-0.07394444350516927,0.64,1.7589215985295195,0.003669498176483512,0.013288509500864971,0.013430966400194637,0.9893933991728546,-0.029084982812558686,0.07755944026126306,12,13,0.9230769230769231,0.48,0.52,0.6666666666666666,0.6153846153846154,1.617941291998159,0.6911825716615954
pbm0p0100__both__ret192_ge_250__deadline9__maxhold36,-0.01,both,ret192_ge_250,9,36.0,5m_optimistic,25,1.1197553024803282,1.1112224239344373,0.11975530248032817,-0.07394444350516927,0.64,2.0771905142755385,0.004729100779763622,0.014248935005279456,0.01219504895448675,1.1684196642799904,-0.029084982812558686,0.07755944026126306,12,13,0.9230769230769231,0.48,0.52,0.5833333333333334,0.6923076923076923,2.28510478702995,0.625562073699593
pbm0p0100__both__ret192_ge_250__deadline9__maxhold36,-0.01,both,ret192_ge_250,9,36.0,1m_conservative,25,1.0905116917689595,1.084140173708606,0.09051169176895946,-0.07394444350516927,0.64,1.7589215985295195,0.003669498176483512,0.013288509500864971,0.013430966400194637,0.9893933991728546,-0.029084982812558686,0.07755944026126306,12,13,0.9230769230769231,0.48,0.52,0.6666666666666666,0.6153846153846154,1.617941291998159,0.6911825716615954
pbm0p0100__both__ret192_ge_250__deadline9__maxhold36,-0.01,both,ret192_ge_250,9,36.0,1m_optimistic,25,1.1081896144910248,1.100517330188219,0.10818961449102482,-0.07394444350516927,0.68,1.953809710363145,0.004312843727098054,0.01299197970753383,0.014130320231327969,0.9194398637003036,-0.029084982812558686,0.07755944026126306,12,13,0.9230769230769231,0.48,0.52,0.6666666666666666,0.6923076923076923,1.617941291998159,0.5904391601051115
pbm0p0100__both__spread_le_125__deadline9__maxholdnone,-0.01,both,spread_le_125,9,,5m_conservative,27,1.016497521417739,1.0153732854173458,0.01649752141773897,-0.09459178916327249,0.5555555555555556,1.1103028965800055,0.0008359049894105521,0.01514551265299785,0.01705110459007357,0.8882423172640044,-0.030534993377596048,0.07755944026126306,15,12,1.25,0.5555555555555556,0.4444444444444444,0.6,0.5,1.1693619238750517,0.649865184648879
pbm0p0100__both__spread_le_125__deadline9__maxholdnone,-0.01,both,spread_le_125,9,,5m_optimistic,27,1.059394344250679,1.0552686466722518,0.05939434425067902,-0.0945917891632726,0.5925925925925926,1.35130349093989,0.002364942779880098,0.015350935685254254,0.016523774173391396,0.9290211500211744,-0.030534993377596048,0.07755944026126306,15,12,1.25,0.5555555555555556,0.4444444444444444,0.6,0.5833333333333334,1.4953359667947586,0.5334214872221203
pbm0p0100__both__spread_le_125__deadline9__maxholdnone,-0.01,both,spread_le_125,9,,1m_conservative,27,1.016497521417739,1.0153732854173458,0.01649752141773897,-0.09459178916327249,0.5555555555555556,1.1103028965800055,0.0008359049894105521,0.01514551265299785,0.01705110459007357,0.8882423172640044,-0.030534993377596048,0.07755944026126306,15,12,1.25,0.5555555555555556,0.4444444444444444,0.6,0.5,1.1693619238750517,0.649865184648879
pbm0p0100__both__spread_le_125__deadline9__maxholdnone,-0.01,both,spread_le_125,9,,1m_optimistic,27,1.016497521417739,1.0153732854173458,0.01649752141773897,-0.09459178916327249,0.5555555555555556,1.1103028965800055,0.0008359049894105521,0.01514551265299785,0.01705110459007357,0.8882423172640044,-0.030534993377596048,0.07755944026126306,15,12,1.25,0.5555555555555556,0.4444444444444444,0.6,0.5,1.1693619238750517,0.649865184648879
pbm0p0100__both__spread_le_125__deadline9__maxhold36,-0.01,both,spread_le_125,9,36.0,5m_conservative,27,1.016497521417739,1.0153732854173458,0.01649752141773897,-0.09459178916327249,0.5555555555555556,1.1103028965800055,0.0008359049894105521,0.01514551265299785,0.01705110459007357,0.8882423172640044,-0.030534993377596048,0.07755944026126306,15,12,1.25,0.5555555555555556,0.4444444444444444,0.6,0.5,1.1693619238750517,0.649865184648879
pbm0p0100__both__spread_le_125__deadline9__maxhold36,-0.01,both,spread_le_125,9,36.0,5m_optimistic,27,1.059394344250679,1.0552686466722518,0.05939434425067902,-0.0945917891632726,0.5925925925925926,1.35130349093989,0.002364942779880098,0.015350935685254254,0.016523774173391396,0.9290211500211744,-0.030534993377596048,0.07755944026126306,15,12,1.25,0.5555555555555556,0.4444444444444444,0.6,0.5833333333333334,1.4953359667947586,0.5334214872221203
pbm0p0100__both__spread_le_125__deadline9__maxhold36,-0.01,both,spread_le_125,9,36.0,1m_conservative,27,1.016497521417739,1.0153732854173458,0.01649752141773897,-0.09459178916327249,0.5555555555555556,1.1103028965800055,0.0008359049894105521,0.01514551265299785,0.01705110459007357,0.8882423172640044,-0.030534993377596048,0.07755944026126306,15,12,1.25,0.5555555555555556,0.4444444444444444,0.6,0.5,1.1693619238750517,0.649865184648879
pbm0p0100__both__spread_le_125__deadline9__maxhold36,-0.01,both,spread_le_125,9,36.0,1m_optimistic,27,1.016497521417739,1.0153732854173458,0.01649752141773897,-0.09459178916327249,0.5555555555555556,1.1103028965800055,0.0008359049894105521,0.01514551265299785,0.01705110459007357,0.8882423172640044,-0.030534993377596048,0.07755944026126306,15,12,1.25,0.5555555555555556,0.4444444444444444,0.6,0.5,1.1693619238750517,0.649865184648879
pbm0p0100__both__spread_le_200__deadline9__maxholdnone,-0.01,both,spread_le_200,9,,5m_conservative,34,1.0075237549754514,1.0070131536393212,0.0075237549754514355,-0.0951824730871973,0.5294117647058824,1.0611076161018451,0.00040696963652000497,0.013348501367990102,0.014152253561383853,0.9432067698683066,-0.030534993377596048,0.07755944026126306,20,14,1.4285714285714286,0.5882352941176471,0.4117647058823529,0.55,0.5,1.3352887743412727,0.6151184555283228
pbm0p0100__both__spread_le_200__deadline9__maxholdnone,-0.01,both,spread_le_200,9,,5m_optimistic,34,1.0669608285063377,1.062294252852246,0.06696082850633767,-0.0951824730871973,0.5882352941176471,1.3632592900662854,0.0020913925189985387,0.013342776385169324,0.013982013004102586,0.9542815030463998,-0.030534993377596048,0.07755944026126306,20,14,1.4285714285714286,0.5882352941176471,0.4117647058823529,0.55,0.6428571428571429,1.6568591871772986,0.46064451594282924
pbm0p0100__both__spread_le_200__deadline9__maxholdnone,-0.01,both,spread_le_200,9,,1m_conservative,34,1.0075237549754514,1.0070131536393212,0.0075237549754514355,-0.0951824730871973,0.5294117647058824,1.0611076161018451,0.00040696963652000497,0.013348501367990102,0.014152253561383853,0.9432067698683066,-0.030534993377596048,0.07755944026126306,20,14,1.4285714285714286,0.5882352941176471,0.4117647058823529,0.55,0.5,1.3352887743412727,0.6151184555283228
pbm0p0100__both__spread_le_200__deadline9__maxholdnone,-0.01,both,spread_le_200,9,,1m_optimistic,34,1.0238563878261908,1.0222252197485993,0.023856387826190817,-0.0951824730871973,0.5588235294117647,1.1368738206242262,0.0008800178355012851,0.013080027770424075,0.014573328082067578,0.8975319636507049,-0.030534993377596048,0.07755944026126306,20,14,1.4285714285714286,0.5882352941176471,0.4117647058823529,0.55,0.5714285714285714,1.3352887743412727,0.5434975559187993
pbm0p0100__both__spread_le_200__deadline9__maxhold36,-0.01,both,spread_le_200,9,36.0,5m_conservative,34,1.0075237549754514,1.0070131536393212,0.0075237549754514355,-0.0951824730871973,0.5294117647058824,1.0611076161018451,0.00040696963652000497,0.013348501367990102,0.014152253561383853,0.9432067698683066,-0.030534993377596048,0.07755944026126306,20,14,1.4285714285714286,0.5882352941176471,0.4117647058823529,0.55,0.5,1.3352887743412727,0.6151184555283228
pbm0p0100__both__spread_le_200__deadline9__maxhold36,-0.01,both,spread_le_200,9,36.0,5m_optimistic,34,1.0669608285063377,1.062294252852246,0.06696082850633767,-0.0951824730871973,0.5882352941176471,1.3632592900662854,0.0020913925189985387,0.013342776385169324,0.013982013004102586,0.9542815030463998,-0.030534993377596048,0.07755944026126306,20,14,1.4285714285714286,0.5882352941176471,0.4117647058823529,0.55,0.6428571428571429,1.6568591871772986,0.46064451594282924
pbm0p0100__both__spread_le_200__deadline9__maxhold36,-0.01,both,spread_le_200,9,36.0,1m_conservative,34,1.0075237549754514,1.0070131536393212,0.0075237549754514355,-0.0951824730871973,0.5294117647058824,1.0611076161018451,0.00040696963652000497,0.013348501367990102,0.014152253561383853,0.9432067698683066,-0.030534993377596048,0.07755944026126306,20,14,1.4285714285714286,0.5882352941176471,0.4117647058823529,0.55,0.5,1.3352887743412727,0.6151184555283228
pbm0p0100__both__spread_le_200__deadline9__maxhold36,-0.01,both,spread_le_200,9,36.0,1m_optimistic,34,1.0238563878261908,1.0222252197485993,0.023856387826190817,-0.0951824730871973,0.5588235294117647,1.1368738206242262,0.0008800178355012851,0.013080027770424075,0.014573328082067578,0.8975319636507049,-0.030534993377596048,0.07755944026126306,20,14,1.4285714285714286,0.5882352941176471,0.4117647058823529,0.55,0.5714285714285714,1.3352887743412727,0.5434975559187993
pbm0p0100__both__adverse_wick_le_0p25__deadline9__maxholdnone,-0.01,both,adverse_wick_le_0p25,9,,5m_conservative,21,1.07450484049522,1.0692956394465742,0.07450484049521999,-0.055607122763849715,0.5714285714285714,1.6889788201580884,0.0036306048941363842,0.01557526230779543,0.012295604990742344,1.2667341151185663,-0.019384072229638824,0.07755944026126306,11,10,1.1,0.5238095238095238,0.47619047619047616,0.5454545454545454,0.6,1.7794077463332003,0.8219606421713418
pbm0p0100__both__adverse_wick_le_0p25__deadline9__maxholdnone,-0.01,both,adverse_wick_le_0p25,9,,5m_optimistic,21,1.1158570746578915,1.1076150996214136,0.11585707465789152,-0.05185397955291804,0.6190476190476191,2.272220374789415,0.005427203074261091,0.0156581380567956,0.011198066272357494,1.3982894614088708,-0.019384072229638824,0.07755944026126306,11,10,1.1,0.5238095238095238,0.47619047619047616,0.5454545454545454,0.7,2.203159129919488,0.7732234305462787
pbm0p0100__both__adverse_wick_le_0p25__deadline9__maxholdnone,-0.01,both,adverse_wick_le_0p25,9,,1m_conservative,21,1.07450484049522,1.0692956394465742,0.07450484049521999,-0.055607122763849715,0.5714285714285714,1.6889788201580884,0.0036306048941363842,0.01557526230779543,0.012295604990742344,1.2667341151185663,-0.019384072229638824,0.07755944026126306,11,10,1.1,0.5238095238095238,0.47619047619047616,0.5454545454545454,0.6,1.7794077463332003,0.8219606421713418
pbm0p0100__both__adverse_wick_le_0p25__deadline9__maxholdnone,-0.01,both,adverse_wick_le_0p25,9,,1m_optimistic,21,1.0919232814694264,1.085448552542931,0.09192328146942641,-0.05185397955291804,0.6190476190476191,1.897903835109427,0.004396492454391791,0.01501158851598313,0.012853038645694141,1.1679408216058014,-0.019384072229638824,0.07755944026126306,11,10,1.1,0.5238095238095238,0.47619047619047616,0.5454545454545454,0.7,1.7794077463332003,0.6920636740502242
pbm0p0100__both__adverse_wick_le_0p25__deadline9__maxhold36,-0.01,both,adverse_wick_le_0p25,9,36.0,5m_conservative,21,1.07450484049522,1.0692956394465742,0.07450484049521999,-0.055607122763849715,0.5714285714285714,1.6889788201580884,0.0036306048941363842,0.01557526230779543,0.012295604990742344,1.2667341151185663,-0.019384072229638824,0.07755944026126306,11,10,1.1,0.5238095238095238,0.47619047619047616,0.5454545454545454,0.6,1.7794077463332003,0.8219606421713418
pbm0p0100__both__adverse_wick_le_0p25__deadline9__maxhold36,-0.01,both,adverse_wick_le_0p25,9,36.0,5m_optimistic,21,1.1158570746578915,1.1076150996214136,0.11585707465789152,-0.05185397955291804,0.6190476190476191,2.272220374789415,0.005427203074261091,0.0156581380567956,0.011198066272357494,1.3982894614088708,-0.019384072229638824,0.07755944026126306,11,10,1.1,0.5238095238095238,0.47619047619047616,0.5454545454545454,0.7,2.203159129919488,0.7732234305462787
pbm0p0100__both__adverse_wick_le_0p25__deadline9__maxhold36,-0.01,both,adverse_wick_le_0p25,9,36.0,1m_conservative,21,1.07450484049522,1.0692956394465742,0.07450484049521999,-0.055607122763849715,0.5714285714285714,1.6889788201580884,0.0036306048941363842,0.01557526230779543,0.012295604990742344,1.2667341151185663,-0.019384072229638824,0.07755944026126306,11,10,1.1,0.5238095238095238,0.47619047619047616,0.5454545454545454,0.6,1.7794077463332003,0.8219606421713418
pbm0p0100__both__adverse_wick_le_0p25__deadline9__maxhold36,-0.01,both,adverse_wick_le_0p25,9,36.0,1m_optimistic,21,1.0919232814694264,1.085448552542931,0.09192328146942641,-0.05185397955291804,0.6190476190476191,1.897903835109427,0.004396492454391791,0.01501158851598313,0.012853038645694141,1.1679408216058014,-0.019384072229638824,0.07755944026126306,11,10,1.1,0.5238095238095238,0.47619047619047616,0.5454545454545454,0.7,1.7794077463332003,0.6920636740502242
pbm0p0100__both__close_pos_ge_0p6__deadline9__maxholdnone,-0.01,both,close_pos_ge_0p6,9,,5m_conservative,37,1.0435231368960156,1.0405209090668186,0.04352313689601561,-0.09825430047133699,0.5675675675675675,1.217342193529374,0.0013301110626659737,0.013126198395275365,0.014152253561383853,0.9274988141176184,-0.030534993377596048,0.07755944026126306,20,17,1.1764705882352942,0.5405405405405406,0.4594594594594595,0.55,0.5882352941176471,1.3352887743412727,0.6253810426319525
pbm0p0100__both__close_pos_ge_0p6__deadline9__maxholdnone,-0.01,both,close_pos_ge_0p6,9,,5m_optimistic,37,1.0927021106591417,1.0861703872903454,0.09270211065914169,-0.10302220170802268,0.5945945945945946,1.47725896939799,0.0025728431678420025,0.013393525027045917,0.013297490225657072,1.0072220245895387,-0.030534993377596048,0.07755944026126306,20,17,1.1764705882352942,0.5405405405405406,0.4594594594594595,0.55,0.6470588235294118,1.6568591871772986,0.5726286558449251
pbm0p0100__both__close_pos_ge_0p6__deadline9__maxholdnone,-0.01,both,close_pos_ge_0p6,9,,1m_conservative,37,1.0435231368960156,1.0405209090668186,0.04352313689601561,-0.09825430047133699,0.5675675675675675,1.217342193529374,0.0013301110626659737,0.013126198395275365,0.014152253561383853,0.9274988141176184,-0.030534993377596048,0.07755944026126306,20,17,1.1764705882352942,0.5405405405405406,0.4594594594594595,0.55,0.5882352941176471,1.3352887743412727,0.6253810426319525
pbm0p0100__both__close_pos_ge_0p6__deadline9__maxholdnone,-0.01,both,close_pos_ge_0p6,9,,1m_optimistic,37,1.060439343766582,1.05623914750254,0.060439343766582,-0.09825430047133699,0.5945945945945946,1.2987089277813542,0.001764804002270393,0.012904439514319011,0.014573328082067578,0.8854833598509233,-0.030534993377596048,0.07755944026126306,20,17,1.1764705882352942,0.5405405405405406,0.4594594594594595,0.55,0.6470588235294118,1.3352887743412727,0.5570327701432277
pbm0p0100__both__close_pos_ge_0p6__deadline9__maxhold36,-0.01,both,close_pos_ge_0p6,9,36.0,5m_conservative,37,1.0435231368960156,1.0405209090668186,0.04352313689601561,-0.09825430047133699,0.5675675675675675,1.217342193529374,0.0013301110626659737,0.013126198395275365,0.014152253561383853,0.9274988141176184,-0.030534993377596048,0.07755944026126306,20,17,1.1764705882352942,0.5405405405405406,0.4594594594594595,0.55,0.5882352941176471,1.3352887743412727,0.6253810426319525
pbm0p0100__both__close_pos_ge_0p6__deadline9__maxhold36,-0.01,both,close_pos_ge_0p6,9,36.0,5m_optimistic,37,1.0927021106591417,1.0861703872903454,0.09270211065914169,-0.10302220170802268,0.5945945945945946,1.47725896939799,0.0025728431678420025,0.013393525027045917,0.013297490225657072,1.0072220245895387,-0.030534993377596048,0.07755944026126306,20,17,1.1764705882352942,0.5405405405405406,0.4594594594594595,0.55,0.6470588235294118,1.6568591871772986,0.5726286558449251
pbm0p0100__both__close_pos_ge_0p6__deadline9__maxhold36,-0.01,both,close_pos_ge_0p6,9,36.0,1m_conservative,37,1.0435231368960156,1.0405209090668186,0.04352313689601561,-0.09825430047133699,0.5675675675675675,1.217342193529374,0.0013301110626659737,0.013126198395275365,0.014152253561383853,0.9274988141176184,-0.030534993377596048,0.07755944026126306,20,17,1.1764705882352942,0.5405405405405406,0.4594594594594595,0.55,0.5882352941176471,1.3352887743412727,0.6253810426319525
pbm0p0100__both__close_pos_ge_0p6__deadline9__maxhold36,-0.01,both,close_pos_ge_0p6,9,36.0,1m_optimistic,37,1.060439343766582,1.05623914750254,0.060439343766582,-0.09825430047133699,0.5945945945945946,1.2987089277813542,0.001764804002270393,0.012904439514319011,0.014573328082067578,0.8854833598509233,-0.030534993377596048,0.07755944026126306,20,17,1.1764705882352942,0.5405405405405406,0.4594594594594595,0.55,0.6470588235294118,1.3352887743412727,0.5570327701432277
pbm0p0100__both__ret250_spread200__deadline9__maxholdnone,-0.01,both,ret250_spread200,9,,5m_conservative,22,1.0528913022511912,1.0492277529458822,0.05289130225119121,-0.07394444350516927,0.5909090909090909,1.4662551289294352,0.0025618323970512257,0.013633770025913745,0.013430966400194637,1.0150997046434551,-0.029084982812558686,0.07755944026126306,12,10,1.2,0.5454545454545454,0.45454545454545453,0.6666666666666666,0.5,1.617941291998159,0.6838249124257937
pbm0p0100__both__ret250_spread200__deadline9__maxholdnone,-0.01,both,ret250_spread200,9,,5m_optimistic,22,1.0933767159451042,1.086795597080248,0.09337671594510422,-0.07394444350516927,0.6363636363636364,1.8877644391113368,0.004279075814994853,0.014298638370917688,0.013255158657870112,1.0787225366350497,-0.029084982812558686,0.07755944026126306,12,10,1.2,0.5454545454545454,0.45454545454545453,0.5833333333333334,0.7,2.28510478702995,0.45441791230213746
pbm0p0100__both__ret250_spread200__deadline9__maxholdnone,-0.01,both,ret250_spread200,9,,1m_conservative,22,1.0528913022511912,1.0492277529458822,0.05289130225119121,-0.07394444350516927,0.5909090909090909,1.4662551289294352,0.0025618323970512257,0.013633770025913745,0.013430966400194637,1.0150997046434551,-0.029084982812558686,0.07755944026126306,12,10,1.2,0.5454545454545454,0.45454545454545453,0.6666666666666666,0.5,1.617941291998159,0.6838249124257937
pbm0p0100__both__ret250_spread200__deadline9__maxholdnone,-0.01,both,ret250_spread200,9,,1m_optimistic,22,1.0699593733378374,1.0650775180495653,0.06995937333783742,-0.07394444350516927,0.6363636363636364,1.640855535424074,0.003292906886385932,0.01324903666793673,0.014130320231327969,0.9376317345280423,-0.029084982812558686,0.07755944026126306,12,10,1.2,0.5454545454545454,0.45454545454545453,0.6666666666666666,0.6,1.617941291998159,0.5752618944998178
pbm0p0100__both__ret250_spread200__deadline9__maxhold36,-0.01,both,ret250_spread200,9,36.0,5m_conservative,22,1.0528913022511912,1.0492277529458822,0.05289130225119121,-0.07394444350516927,0.5909090909090909,1.4662551289294352,0.0025618323970512257,0.013633770025913745,0.013430966400194637,1.0150997046434551,-0.029084982812558686,0.07755944026126306,12,10,1.2,0.5454545454545454,0.45454545454545453,0.6666666666666666,0.5,1.617941291998159,0.6838249124257937
pbm0p0100__both__ret250_spread200__deadline9__maxhold36,-0.01,both,ret250_spread200,9,36.0,5m_optimistic,22,1.0933767159451042,1.086795597080248,0.09337671594510422,-0.07394444350516927,0.6363636363636364,1.8877644391113368,0.004279075814994853,0.014298638370917688,0.013255158657870112,1.0787225366350497,-0.029084982812558686,0.07755944026126306,12,10,1.2,0.5454545454545454,0.45454545454545453,0.5833333333333334,0.7,2.28510478702995,0.45441791230213746
pbm0p0100__both__ret250_spread200__deadline9__maxhold36,-0.01,both,ret250_spread200,9,36.0,1m_conservative,22,1.0528913022511912,1.0492277529458822,0.05289130225119121,-0.07394444350516927,0.5909090909090909,1.4662551289294352,0.0025618323970512257,0.013633770025913745,0.013430966400194637,1.0150997046434551,-0.029084982812558686,0.07755944026126306,12,10,1.2,0.5454545454545454,0.45454545454545453,0.6666666666666666,0.5,1.617941291998159,0.6838249124257937
pbm0p0100__both__ret250_spread200__deadline9__maxhold36,-0.01,both,ret250_spread200,9,36.0,1m_optimistic,22,1.0699593733378374,1.0650775180495653,0.06995937333783742,-0.07394444350516927,0.6363636363636364,1.640855535424074,0.003292906886385932,0.01324903666793673,0.014130320231327969,0.9376317345280423,-0.029084982812558686,0.07755944026126306,12,10,1.2,0.5454545454545454,0.45454545454545453,0.6666666666666666,0.6,1.617941291998159,0.5752618944998178
pbm0p0100__both__ret250_spread200_close0p6__deadline9__maxholdnone,-0.01,both,ret250_spread200_close0p6,9,,5m_conservative,22,1.0528913022511912,1.0492277529458822,0.05289130225119121,-0.07394444350516927,0.5909090909090909,1.4662551289294352,0.0025618323970512257,0.013633770025913745,0.013430966400194637,1.0150997046434551,-0.029084982812558686,0.07755944026126306,12,10,1.2,0.5454545454545454,0.45454545454545453,0.6666666666666666,0.5,1.617941291998159,0.6838249124257937
pbm0p0100__both__ret250_spread200_close0p6__deadline9__maxholdnone,-0.01,both,ret250_spread200_close0p6,9,,5m_optimistic,22,1.0933767159451042,1.086795597080248,0.09337671594510422,-0.07394444350516927,0.6363636363636364,1.8877644391113368,0.004279075814994853,0.014298638370917688,0.013255158657870112,1.0787225366350497,-0.029084982812558686,0.07755944026126306,12,10,1.2,0.5454545454545454,0.45454545454545453,0.5833333333333334,0.7,2.28510478702995,0.45441791230213746
pbm0p0100__both__ret250_spread200_close0p6__deadline9__maxholdnone,-0.01,both,ret250_spread200_close0p6,9,,1m_conservative,22,1.0528913022511912,1.0492277529458822,0.05289130225119121,-0.07394444350516927,0.5909090909090909,1.4662551289294352,0.0025618323970512257,0.013633770025913745,0.013430966400194637,1.0150997046434551,-0.029084982812558686,0.07755944026126306,12,10,1.2,0.5454545454545454,0.45454545454545453,0.6666666666666666,0.5,1.617941291998159,0.6838249124257937
pbm0p0100__both__ret250_spread200_close0p6__deadline9__maxholdnone,-0.01,both,ret250_spread200_close0p6,9,,1m_optimistic,22,1.0699593733378374,1.0650775180495653,0.06995937333783742,-0.07394444350516927,0.6363636363636364,1.640855535424074,0.003292906886385932,0.01324903666793673,0.014130320231327969,0.9376317345280423,-0.029084982812558686,0.07755944026126306,12,10,1.2,0.5454545454545454,0.45454545454545453,0.6666666666666666,0.6,1.617941291998159,0.5752618944998178
pbm0p0100__both__ret250_spread200_close0p6__deadline9__maxhold36,-0.01,both,ret250_spread200_close0p6,9,36.0,5m_conservative,22,1.0528913022511912,1.0492277529458822,0.05289130225119121,-0.07394444350516927,0.5909090909090909,1.4662551289294352,0.0025618323970512257,0.013633770025913745,0.013430966400194637,1.0150997046434551,-0.029084982812558686,0.07755944026126306,12,10,1.2,0.5454545454545454,0.45454545454545453,0.6666666666666666,0.5,1.617941291998159,0.6838249124257937
pbm0p0100__both__ret250_spread200_close0p6__deadline9__maxhold36,-0.01,both,ret250_spread200_close0p6,9,36.0,5m_optimistic,22,1.0933767159451042,1.086795597080248,0.09337671594510422,-0.07394444350516927,0.6363636363636364,1.8877644391113368,0.004279075814994853,0.014298638370917688,0.013255158657870112,1.0787225366350497,-0.029084982812558686,0.07755944026126306,12,10,1.2,0.5454545454545454,0.45454545454545453,0.5833333333333334,0.7,2.28510478702995,0.45441791230213746
pbm0p0100__both__ret250_spread200_close0p6__deadline9__maxhold36,-0.01,both,ret250_spread200_close0p6,9,36.0,1m_conservative,22,1.0528913022511912,1.0492277529458822,0.05289130225119121,-0.07394444350516927,0.5909090909090909,1.4662551289294352,0.0025618323970512257,0.013633770025913745,0.013430966400194637,1.0150997046434551,-0.029084982812558686,0.07755944026126306,12,10,1.2,0.5454545454545454,0.45454545454545453,0.6666666666666666,0.5,1.617941291998159,0.6838249124257937
pbm0p0100__both__ret250_spread200_close0p6__deadline9__maxhold36,-0.01,both,ret250_spread200_close0p6,9,36.0,1m_optimistic,22,1.0699593733378374,1.0650775180495653,0.06995937333783742,-0.07394444350516927,0.6363636363636364,1.640855535424074,0.003292906886385932,0.01324903666793673,0.014130320231327969,0.9376317345280423,-0.029084982812558686,0.07755944026126306,12,10,1.2,0.5454545454545454,0.45454545454545453,0.6666666666666666,0.6,1.617941291998159,0.5752618944998178
pbm0p0100__both__close0p75_wick0p25__deadline9__maxholdnone,-0.01,both,close0p75_wick0p25,9,,5m_conservative,20,1.087511578569912,1.0813590384547618,0.0875115785699121,-0.055607122763849604,0.6,1.8936421337539173,0.004410139717874709,0.01557526230779543,0.012337544167006373,1.2624280891692783,-0.019384072229638824,0.07755944026126306,10,10,1.0,0.5,0.5,0.6,0.6,1.8107634571117206,0.8219606421713418
pbm0p0100__both__close0p75_wick0p25__deadline9__maxholdnone,-0.01,both,close0p75_wick0p25,9,,5m_optimistic,20,1.1225608320707412,1.113818066443476,0.1225608320707412,-0.05185397955291815,0.65,2.4345084747266177,0.005997155394266084,0.0156581380567956,0.011944669550431592,1.3108891786989478,-0.019384072229638824,0.07755944026126306,10,10,1.0,0.5,0.5,0.6,0.7,2.0019258058338454,0.7732234305462787
pbm0p0100__both__close0p75_wick0p25__deadline9__maxholdnone,-0.01,both,close0p75_wick0p25,9,,1m_conservative,20,1.087511578569912,1.0813590384547618,0.0875115785699121,-0.055607122763849604,0.6,1.8936421337539173,0.004410139717874709,0.01557526230779543,0.012337544167006373,1.2624280891692783,-0.019384072229638824,0.07755944026126306,10,10,1.0,0.5,0.5,0.6,0.6,1.8107634571117206,0.8219606421713418
pbm0p0100__both__close0p75_wick0p25__deadline9__maxholdnone,-0.01,both,close0p75_wick0p25,9,,1m_optimistic,20,1.1051408674536698,1.097694182758876,0.1051408674536698,-0.05185397955291815,0.65,2.147717285139115,0.005214321656142885,0.01501158851598313,0.01298060251213186,1.1564631535364465,-0.019384072229638824,0.07755944026126306,10,10,1.0,0.5,0.5,0.6,0.7,1.8107634571117206,0.6920636740502242
pbm0p0100__both__close0p75_wick0p25__deadline9__maxhold36,-0.01,both,close0p75_wick0p25,9,36.0,5m_conservative,20,1.087511578569912,1.0813590384547618,0.0875115785699121,-0.055607122763849604,0.6,1.8936421337539173,0.004410139717874709,0.01557526230779543,0.012337544167006373,1.2624280891692783,-0.019384072229638824,0.07755944026126306,10,10,1.0,0.5,0.5,0.6,0.6,1.8107634571117206,0.8219606421713418
pbm0p0100__both__close0p75_wick0p25__deadline9__maxhold36,-0.01,both,close0p75_wick0p25,9,36.0,5m_optimistic,20,1.1225608320707412,1.113818066443476,0.1225608320707412,-0.05185397955291815,0.65,2.4345084747266177,0.005997155394266084,0.0156581380567956,0.011944669550431592,1.3108891786989478,-0.019384072229638824,0.07755944026126306,10,10,1.0,0.5,0.5,0.6,0.7,2.0019258058338454,0.7732234305462787
pbm0p0100__both__close0p75_wick0p25__deadline9__maxhold36,-0.01,both,close0p75_wick0p25,9,36.0,1m_conservative,20,1.087511578569912,1.0813590384547618,0.0875115785699121,-0.055607122763849604,0.6,1.8936421337539173,0.004410139717874709,0.01557526230779543,0.012337544167006373,1.2624280891692783,-0.019384072229638824,0.07755944026126306,10,10,1.0,0.5,0.5,0.6,0.6,1.8107634571117206,0.8219606421713418
pbm0p0100__both__close0p75_wick0p25__deadline9__maxhold36,-0.01,both,close0p75_wick0p25,9,36.0,1m_optimistic,20,1.1051408674536698,1.097694182758876,0.1051408674536698,-0.05185397955291815,0.65,2.147717285139115,0.005214321656142885,0.01501158851598313,0.01298060251213186,1.1564631535364465,-0.019384072229638824,0.07755944026126306,10,10,1.0,0.5,0.5,0.6,0.7,1.8107634571117206,0.6920636740502242
pbm0p0100__long__none__deadline9__maxholdnone,-0.01,long,none,9,,5m_conservative,20,1.0604037085492795,1.0562060538082596,0.060403708549279456,-0.06102218832360584,0.55,1.6320196130837779,0.0031382801200442387,0.014734107501600863,0.01103439779074719,1.3352887743412727,-0.02174879461040595,0.07755944026126306,20,0,inf,1.0,0.0,0.55,0.0,1.3352887743412727,0.0
pbm0p0100__long__none__deadline9__maxholdnone,-0.01,long,none,9,,5m_optimistic,20,1.0892549857176244,1.0829752575586342,0.08925498571762436,-0.05533129244567103,0.55,2.025050117661143,0.00448067565205174,0.016094277822136707,0.009713727000274331,1.6568591871772986,-0.02174879461040595,0.07755944026126306,20,0,inf,1.0,0.0,0.55,0.0,1.6568591871772986,0.0
pbm0p0100__long__none__deadline9__maxholdnone,-0.01,long,none,9,,1m_conservative,20,1.0604037085492795,1.0562060538082596,0.060403708549279456,-0.06102218832360584,0.55,1.6320196130837779,0.0031382801200442387,0.014734107501600863,0.01103439779074719,1.3352887743412727,-0.02174879461040595,0.07755944026126306,20,0,inf,1.0,0.0,0.55,0.0,1.3352887743412727,0.0
pbm0p0100__long__none__deadline9__maxholdnone,-0.01,long,none,9,,1m_optimistic,20,1.0604037085492795,1.0562060538082596,0.060403708549279456,-0.06102218832360584,0.55,1.6320196130837779,0.0031382801200442387,0.014734107501600863,0.01103439779074719,1.3352887743412727,-0.02174879461040595,0.07755944026126306,20,0,inf,1.0,0.0,0.55,0.0,1.3352887743412727,0.0
pbm0p0100__long__none__deadline9__maxhold36,-0.01,long,none,9,36.0,5m_conservative,20,1.0604037085492795,1.0562060538082596,0.060403708549279456,-0.06102218832360584,0.55,1.6320196130837779,0.0031382801200442387,0.014734107501600863,0.01103439779074719,1.3352887743412727,-0.02174879461040595,0.07755944026126306,20,0,inf,1.0,0.0,0.55,0.0,1.3352887743412727,0.0
pbm0p0100__long__none__deadline9__maxhold36,-0.01,long,none,9,36.0,5m_optimistic,20,1.0892549857176244,1.0829752575586342,0.08925498571762436,-0.05533129244567103,0.55,2.025050117661143,0.00448067565205174,0.016094277822136707,0.009713727000274331,1.6568591871772986,-0.02174879461040595,0.07755944026126306,20,0,inf,1.0,0.0,0.55,0.0,1.6568591871772986,0.0
pbm0p0100__long__none__deadline9__maxhold36,-0.01,long,none,9,36.0,1m_conservative,20,1.0604037085492795,1.0562060538082596,0.060403708549279456,-0.06102218832360584,0.55,1.6320196130837779,0.0031382801200442387,0.014734107501600863,0.01103439779074719,1.3352887743412727,-0.02174879461040595,0.07755944026126306,20,0,inf,1.0,0.0,0.55,0.0,1.3352887743412727,0.0
pbm0p0100__long__none__deadline9__maxhold36,-0.01,long,none,9,36.0,1m_optimistic,20,1.0604037085492795,1.0562060538082596,0.060403708549279456,-0.06102218832360584,0.55,1.6320196130837779,0.0031382801200442387,0.014734107501600863,0.01103439779074719,1.3352887743412727,-0.02174879461040595,0.07755944026126306,20,0,inf,1.0,0.0,0.55,0.0,1.3352887743412727,0.0
pbm0p0100__long__spread_le_200__deadline9__maxholdnone,-0.01,long,spread_le_200,9,,5m_conservative,20,1.0604037085492795,1.0562060538082596,0.060403708549279456,-0.06102218832360584,0.55,1.6320196130837779,0.0031382801200442387,0.014734107501600863,0.01103439779074719,1.3352887743412727,-0.02174879461040595,0.07755944026126306,20,0,inf,1.0,0.0,0.55,0.0,1.3352887743412727,0.0
pbm0p0100__long__spread_le_200__deadline9__maxholdnone,-0.01,long,spread_le_200,9,,5m_optimistic,20,1.0892549857176244,1.0829752575586342,0.08925498571762436,-0.05533129244567103,0.55,2.025050117661143,0.00448067565205174,0.016094277822136707,0.009713727000274331,1.6568591871772986,-0.02174879461040595,0.07755944026126306,20,0,inf,1.0,0.0,0.55,0.0,1.6568591871772986,0.0
pbm0p0100__long__spread_le_200__deadline9__maxholdnone,-0.01,long,spread_le_200,9,,1m_conservative,20,1.0604037085492795,1.0562060538082596,0.060403708549279456,-0.06102218832360584,0.55,1.6320196130837779,0.0031382801200442387,0.014734107501600863,0.01103439779074719,1.3352887743412727,-0.02174879461040595,0.07755944026126306,20,0,inf,1.0,0.0,0.55,0.0,1.3352887743412727,0.0
pbm0p0100__long__spread_le_200__deadline9__maxholdnone,-0.01,long,spread_le_200,9,,1m_optimistic,20,1.0604037085492795,1.0562060538082596,0.060403708549279456,-0.06102218832360584,0.55,1.6320196130837779,0.0031382801200442387,0.014734107501600863,0.01103439779074719,1.3352887743412727,-0.02174879461040595,0.07755944026126306,20,0,inf,1.0,0.0,0.55,0.0,1.3352887743412727,0.0
pbm0p0100__long__spread_le_200__deadline9__maxhold36,-0.01,long,spread_le_200,9,36.0,5m_conservative,20,1.0604037085492795,1.0562060538082596,0.060403708549279456,-0.06102218832360584,0.55,1.6320196130837779,0.0031382801200442387,0.014734107501600863,0.01103439779074719,1.3352887743412727,-0.02174879461040595,0.07755944026126306,20,0,inf,1.0,0.0,0.55,0.0,1.3352887743412727,0.0
pbm0p0100__long__spread_le_200__deadline9__maxhold36,-0.01,long,spread_le_200,9,36.0,5m_optimistic,20,1.0892549857176244,1.0829752575586342,0.08925498571762436,-0.05533129244567103,0.55,2.025050117661143,0.00448067565205174,0.016094277822136707,0.009713727000274331,1.6568591871772986,-0.02174879461040595,0.07755944026126306,20,0,inf,1.0,0.0,0.55,0.0,1.6568591871772986,0.0
pbm0p0100__long__spread_le_200__deadline9__maxhold36,-0.01,long,spread_le_200,9,36.0,1m_conservative,20,1.0604037085492795,1.0562060538082596,0.060403708549279456,-0.06102218832360584,0.55,1.6320196130837779,0.0031382801200442387,0.014734107501600863,0.01103439779074719,1.3352887743412727,-0.02174879461040595,0.07755944026126306,20,0,inf,1.0,0.0,0.55,0.0,1.3352887743412727,0.0
pbm0p0100__long__spread_le_200__deadline9__maxhold36,-0.01,long,spread_le_200,9,36.0,1m_optimistic,20,1.0604037085492795,1.0562060538082596,0.060403708549279456,-0.06102218832360584,0.55,1.6320196130837779,0.0031382801200442387,0.014734107501600863,0.01103439779074719,1.3352887743412727,-0.02174879461040595,0.07755944026126306,20,0,inf,1.0,0.0,0.55,0.0,1.3352887743412727,0.0
pbm0p0100__long__close_pos_ge_0p6__deadline9__maxholdnone,-0.01,long,close_pos_ge_0p6,9,,5m_conservative,20,1.0604037085492795,1.0562060538082596,0.060403708549279456,-0.06102218832360584,0.55,1.6320196130837779,0.0031382801200442387,0.014734107501600863,0.01103439779074719,1.3352887743412727,-0.02174879461040595,0.07755944026126306,20,0,inf,1.0,0.0,0.55,0.0,1.3352887743412727,0.0
pbm0p0100__long__close_pos_ge_0p6__deadline9__maxholdnone,-0.01,long,close_pos_ge_0p6,9,,5m_optimistic,20,1.0892549857176244,1.0829752575586342,0.08925498571762436,-0.05533129244567103,0.55,2.025050117661143,0.00448067565205174,0.016094277822136707,0.009713727000274331,1.6568591871772986,-0.02174879461040595,0.07755944026126306,20,0,inf,1.0,0.0,0.55,0.0,1.6568591871772986,0.0
pbm0p0100__long__close_pos_ge_0p6__deadline9__maxholdnone,-0.01,long,close_pos_ge_0p6,9,,1m_conservative,20,1.0604037085492795,1.0562060538082596,0.060403708549279456,-0.06102218832360584,0.55,1.6320196130837779,0.0031382801200442387,0.014734107501600863,0.01103439779074719,1.3352887743412727,-0.02174879461040595,0.07755944026126306,20,0,inf,1.0,0.0,0.55,0.0,1.3352887743412727,0.0
pbm0p0100__long__close_pos_ge_0p6__deadline9__maxholdnone,-0.01,long,close_pos_ge_0p6,9,,1m_optimistic,20,1.0604037085492795,1.0562060538082596,0.060403708549279456,-0.06102218832360584,0.55,1.6320196130837779,0.0031382801200442387,0.014734107501600863,0.01103439779074719,1.3352887743412727,-0.02174879461040595,0.07755944026126306,20,0,inf,1.0,0.0,0.55,0.0,1.3352887743412727,0.0
pbm0p0100__long__close_pos_ge_0p6__deadline9__maxhold36,-0.01,long,close_pos_ge_0p6,9,36.0,5m_conservative,20,1.0604037085492795,1.0562060538082596,0.060403708549279456,-0.06102218832360584,0.55,1.6320196130837779,0.0031382801200442387,0.014734107501600863,0.01103439779074719,1.3352887743412727,-0.02174879461040595,0.07755944026126306,20,0,inf,1.0,0.0,0.55,0.0,1.3352887743412727,0.0
pbm0p0100__long__close_pos_ge_0p6__deadline9__maxhold36,-0.01,long,close_pos_ge_0p6,9,36.0,5m_optimistic,20,1.0892549857176244,1.0829752575586342,0.08925498571762436,-0.05533129244567103,0.55,2.025050117661143,0.00448067565205174,0.016094277822136707,0.009713727000274331,1.6568591871772986,-0.02174879461040595,0.07755944026126306,20,0,inf,1.0,0.0,0.55,0.0,1.6568591871772986,0.0
pbm0p0100__long__close_pos_ge_0p6__deadline9__maxhold36,-0.01,long,close_pos_ge_0p6,9,36.0,1m_conservative,20,1.0604037085492795,1.0562060538082596,0.060403708549279456,-0.06102218832360584,0.55,1.6320196130837779,0.0031382801200442387,0.014734107501600863,0.01103439779074719,1.3352887743412727,-0.02174879461040595,0.07755944026126306,20,0,inf,1.0,0.0,0.55,0.0,1.3352887743412727,0.0
pbm0p0100__long__close_pos_ge_0p6__deadline9__maxhold36,-0.01,long,close_pos_ge_0p6,9,36.0,1m_optimistic,20,1.0604037085492795,1.0562060538082596,0.060403708549279456,-0.06102218832360584,0.55,1.6320196130837779,0.0031382801200442387,0.014734107501600863,0.01103439779074719,1.3352887743412727,-0.02174879461040595,0.07755944026126306,20,0,inf,1.0,0.0,0.55,0.0,1.3352887743412727,0.0
pbm0p0075__both__ret192_ge_250__deadline9__maxholdnone,-0.0075,both,ret192_ge_250,9,,5m_conservative,75,1.0245239298507811,1.0228466115292056,0.024523929850781112,-0.1179893126195628,0.49333333333333335,1.0811158963768241,0.0004889457073899815,0.013209502407740055,0.011896859500845614,1.1103352449275492,-0.05698735174516441,0.07755944026126306,39,36,1.0833333333333333,0.52,0.48,0.5384615384615384,0.4444444444444444,1.7543946391671206,0.7665782035057882
pbm0p0075__both__ret192_ge_250__deadline9__maxholdnone,-0.0075,both,ret192_ge_250,9,,5m_optimistic,75,1.029324504706076,1.0273144952987103,0.02932450470607595,-0.13347062408801813,0.4666666666666667,1.0923655003785235,0.0005482723084803356,0.013894653433735688,0.011129811176118096,1.2484177147183126,-0.05698735174516441,0.07755944026126306,39,36,1.0833333333333333,0.52,0.48,0.46153846153846156,0.4722222222222222,2.2296599373328743,0.7319955477863191
pbm0p0075__both__ret192_ge_250__deadline9__maxholdnone,-0.0075,both,ret192_ge_250,9,,1m_conservative,75,1.0201942265725619,1.018815752525713,0.02019422657256187,-0.1179893126195628,0.49333333333333335,1.071602405455337,0.0004316008371965265,0.013093262805996566,0.011896859500845614,1.1005646326298055,-0.05698735174516441,0.07755944026126306,39,36,1.0833333333333333,0.52,0.48,0.5384615384615384,0.4444444444444444,1.729408995928458,0.7665782035057882
pbm0p0075__both__ret192_ge_250__deadline9__maxholdnone,-0.0075,both,ret192_ge_250,9,,1m_optimistic,75,1.0367322562287058,1.0342061101636293,0.036732256228705795,-0.1179893126195628,0.5066666666666667,1.109069890111654,0.0006460493540680401,0.012965742811476541,0.012006608791378524,1.0798838403718738,-0.05698735174516441,0.07755944026126306,39,36,1.0833333333333333,0.52,0.48,0.5384615384615384,0.4722222222222222,1.729408995928458,0.7345809523118331
pbm0p0075__both__ret192_ge_250__deadline9__maxhold36,-0.0075,both,ret192_ge_250,9,36.0,5m_conservative,75,1.0245239298507811,1.0228466115292056,0.024523929850781112,-0.1179893126195628,0.49333333333333335,1.0811158963768241,0.0004889457073899815,0.013209502407740055,0.011896859500845614,1.1103352449275492,-0.05698735174516441,0.07755944026126306,39,36,1.0833333333333333,0.52,0.48,0.5384615384615384,0.4444444444444444,1.7543946391671206,0.7665782035057882
pbm0p0075__both__ret192_ge_250__deadline9__maxhold36,-0.0075,both,ret192_ge_250,9,36.0,5m_optimistic,75,1.029324504706076,1.0273144952987103,0.02932450470607595,-0.13347062408801813,0.4666666666666667,1.0923655003785235,0.0005482723084803356,0.013894653433735688,0.011129811176118096,1.2484177147183126,-0.05698735174516441,0.07755944026126306,39,36,1.0833333333333333,0.52,0.48,0.46153846153846156,0.4722222222222222,2.2296599373328743,0.7319955477863191
pbm0p0075__both__ret192_ge_250__deadline9__maxhold36,-0.0075,both,ret192_ge_250,9,36.0,1m_conservative,75,1.0201942265725619,1.018815752525713,0.02019422657256187,-0.1179893126195628,0.49333333333333335,1.071602405455337,0.0004316008371965265,0.013093262805996566,0.011896859500845614,1.1005646326298055,-0.05698735174516441,0.07755944026126306,39,36,1.0833333333333333,0.52,0.48,0.5384615384615384,0.4444444444444444,1.729408995928458,0.7665782035057882
pbm0p0075__both__ret192_ge_250__deadline9__maxhold36,-0.0075,both,ret192_ge_250,9,36.0,1m_optimistic,75,1.0367322562287058,1.0342061101636293,0.036732256228705795,-0.1179893126195628,0.5066666666666667,1.109069890111654,0.0006460493540680401,0.012965742811476541,0.012006608791378524,1.0798838403718738,-0.05698735174516441,0.07755944026126306,39,36,1.0833333333333333,0.52,0.48,0.5384615384615384,0.4722222222222222,1.729408995928458,0.7345809523118331
pbm0p0075__both__ret250_spread200__deadline9__maxholdnone,-0.0075,both,ret250_spread200,9,,5m_conservative,61,1.0162678142584993,1.0151593482816967,0.016267814258499325,-0.12275836156033204,0.47540983606557374,1.0683182580773896,0.00046007370329678124,0.015132933167670408,0.012837205186291818,1.1788339399474645,-0.05698735174516441,0.07755944026126306,34,27,1.2592592592592593,0.5573770491803278,0.4426229508196721,0.5588235294117647,0.37037037037037035,1.8632967211306528,0.840388850589722
pbm0p0075__both__ret250_spread200__deadline9__maxholdnone,-0.0075,both,ret250_spread200,9,,5m_optimistic,61,1.034674407466502,1.0322919775214943,0.034674407466501966,-0.12847416282092838,0.47540983606557374,1.1143908607401394,0.0007511547822581442,0.015392440642411968,0.012517510528506259,1.2296726739201538,-0.05698735174516441,0.07755944026126306,34,27,1.2592592592592593,0.5573770491803278,0.4426229508196721,0.5,0.4444444444444444,2.1897078498215587,0.7156228103329444
pbm0p0075__both__ret250_spread200__deadline9__maxholdnone,-0.0075,both,ret250_spread200,9,,1m_conservative,61,1.0119730018497894,1.0111587834336764,0.011973001849789444,-0.12275836156033204,0.47540983606557374,1.0578485306277239,0.00038956771535400873,0.014984627468894231,0.012837205186291818,1.167281137244385,-0.05698735174516441,0.07755944026126306,34,27,1.2592592592592593,0.5573770491803278,0.4426229508196721,0.5588235294117647,0.37037037037037035,1.8364275438549595,0.840388850589722
pbm0p0075__both__ret250_spread200__deadline9__maxholdnone,-0.0075,both,ret250_spread200,9,,1m_optimistic,61,1.0283777599633843,1.0264334739429122,0.02837775996338432,-0.12275836156033204,0.4918032786885246,1.0988877808867143,0.0006532339246222632,0.014760056653738944,0.012998530006780975,1.1355173735829382,-0.05698735174516441,0.07755944026126306,34,27,1.2592592592592593,0.5573770491803278,0.4426229508196721,0.5588235294117647,0.4074074074074074,1.8364275438549595,0.7827941797901097
pbm0p0075__both__ret250_spread200__deadline9__maxhold36,-0.0075,both,ret250_spread200,9,36.0,5m_conservative,61,1.0162678142584993,1.0151593482816967,0.016267814258499325,-0.12275836156033204,0.47540983606557374,1.0683182580773896,0.00046007370329678124,0.015132933167670408,0.012837205186291818,1.1788339399474645,-0.05698735174516441,0.07755944026126306,34,27,1.2592592592592593,0.5573770491803278,0.4426229508196721,0.5588235294117647,0.37037037037037035,1.8632967211306528,0.840388850589722
pbm0p0075__both__ret250_spread200__deadline9__maxhold36,-0.0075,both,ret250_spread200,9,36.0,5m_optimistic,61,1.034674407466502,1.0322919775214943,0.034674407466501966,-0.12847416282092838,0.47540983606557374,1.1143908607401394,0.0007511547822581442,0.015392440642411968,0.012517510528506259,1.2296726739201538,-0.05698735174516441,0.07755944026126306,34,27,1.2592592592592593,0.5573770491803278,0.4426229508196721,0.5,0.4444444444444444,2.1897078498215587,0.7156228103329444
pbm0p0075__both__ret250_spread200__deadline9__maxhold36,-0.0075,both,ret250_spread200,9,36.0,1m_conservative,61,1.0119730018497894,1.0111587834336764,0.011973001849789444,-0.12275836156033204,0.47540983606557374,1.0578485306277239,0.00038956771535400873,0.014984627468894231,0.012837205186291818,1.167281137244385,-0.05698735174516441,0.07755944026126306,34,27,1.2592592592592593,0.5573770491803278,0.4426229508196721,0.5588235294117647,0.37037037037037035,1.8364275438549595,0.840388850589722
pbm0p0075__both__ret250_spread200__deadline9__maxhold36,-0.0075,both,ret250_spread200,9,36.0,1m_optimistic,61,1.0283777599633843,1.0264334739429122,0.02837775996338432,-0.12275836156033204,0.4918032786885246,1.0988877808867143,0.0006532339246222632,0.014760056653738944,0.012998530006780975,1.1355173735829382,-0.05698735174516441,0.07755944026126306,34,27,1.2592592592592593,0.5573770491803278,0.4426229508196721,0.5588235294117647,0.4074074074074074,1.8364275438549595,0.7827941797901097
pbm0p0075__both__ret250_spread200_close0p6__deadline9__maxholdnone,-0.0075,both,ret250_spread200_close0p6,9,,5m_conservative,61,1.0162678142584993,1.0151593482816967,0.016267814258499325,-0.12275836156033204,0.47540983606557374,1.0683182580773896,0.00046007370329678124,0.015132933167670408,0.012837205186291818,1.1788339399474645,-0.05698735174516441,0.07755944026126306,34,27,1.2592592592592593,0.5573770491803278,0.4426229508196721,0.5588235294117647,0.37037037037037035,1.8632967211306528,0.840388850589722
pbm0p0075__both__ret250_spread200_close0p6__deadline9__maxholdnone,-0.0075,both,ret250_spread200_close0p6,9,,5m_optimistic,61,1.034674407466502,1.0322919775214943,0.034674407466501966,-0.12847416282092838,0.47540983606557374,1.1143908607401394,0.0007511547822581442,0.015392440642411968,0.012517510528506259,1.2296726739201538,-0.05698735174516441,0.07755944026126306,34,27,1.2592592592592593,0.5573770491803278,0.4426229508196721,0.5,0.4444444444444444,2.1897078498215587,0.7156228103329444
pbm0p0075__both__ret250_spread200_close0p6__deadline9__maxholdnone,-0.0075,both,ret250_spread200_close0p6,9,,1m_conservative,61,1.0119730018497894,1.0111587834336764,0.011973001849789444,-0.12275836156033204,0.47540983606557374,1.0578485306277239,0.00038956771535400873,0.014984627468894231,0.012837205186291818,1.167281137244385,-0.05698735174516441,0.07755944026126306,34,27,1.2592592592592593,0.5573770491803278,0.4426229508196721,0.5588235294117647,0.37037037037037035,1.8364275438549595,0.840388850589722
pbm0p0075__both__ret250_spread200_close0p6__deadline9__maxholdnone,-0.0075,both,ret250_spread200_close0p6,9,,1m_optimistic,61,1.0283777599633843,1.0264334739429122,0.02837775996338432,-0.12275836156033204,0.4918032786885246,1.0988877808867143,0.0006532339246222632,0.014760056653738944,0.012998530006780975,1.1355173735829382,-0.05698735174516441,0.07755944026126306,34,27,1.2592592592592593,0.5573770491803278,0.4426229508196721,0.5588235294117647,0.4074074074074074,1.8364275438549595,0.7827941797901097
pbm0p0075__both__ret250_spread200_close0p6__deadline9__maxhold36,-0.0075,both,ret250_spread200_close0p6,9,36.0,5m_conservative,61,1.0162678142584993,1.0151593482816967,0.016267814258499325,-0.12275836156033204,0.47540983606557374,1.0683182580773896,0.00046007370329678124,0.015132933167670408,0.012837205186291818,1.1788339399474645,-0.05698735174516441,0.07755944026126306,34,27,1.2592592592592593,0.5573770491803278,0.4426229508196721,0.5588235294117647,0.37037037037037035,1.8632967211306528,0.840388850589722
pbm0p0075__both__ret250_spread200_close0p6__deadline9__maxhold36,-0.0075,both,ret250_spread200_close0p6,9,36.0,5m_optimistic,61,1.034674407466502,1.0322919775214943,0.034674407466501966,-0.12847416282092838,0.47540983606557374,1.1143908607401394,0.0007511547822581442,0.015392440642411968,0.012517510528506259,1.2296726739201538,-0.05698735174516441,0.07755944026126306,34,27,1.2592592592592593,0.5573770491803278,0.4426229508196721,0.5,0.4444444444444444,2.1897078498215587,0.7156228103329444
pbm0p0075__both__ret250_spread200_close0p6__deadline9__maxhold36,-0.0075,both,ret250_spread200_close0p6,9,36.0,1m_conservative,61,1.0119730018497894,1.0111587834336764,0.011973001849789444,-0.12275836156033204,0.47540983606557374,1.0578485306277239,0.00038956771535400873,0.014984627468894231,0.012837205186291818,1.167281137244385,-0.05698735174516441,0.07755944026126306,34,27,1.2592592592592593,0.5573770491803278,0.4426229508196721,0.5588235294117647,0.37037037037037035,1.8364275438549595,0.840388850589722
pbm0p0075__both__ret250_spread200_close0p6__deadline9__maxhold36,-0.0075,both,ret250_spread200_close0p6,9,36.0,1m_optimistic,61,1.0283777599633843,1.0264334739429122,0.02837775996338432,-0.12275836156033204,0.4918032786885246,1.0988877808867143,0.0006532339246222632,0.014760056653738944,0.012998530006780975,1.1355173735829382,-0.05698735174516441,0.07755944026126306,34,27,1.2592592592592593,0.5573770491803278,0.4426229508196721,0.5588235294117647,0.4074074074074074,1.8364275438549595,0.7827941797901097
pbm0p0075__both__close0p75_wick0p25__deadline9__maxholdnone,-0.0075,both,close0p75_wick0p25,9,,5m_conservative,63,1.0120147929635508,1.0111977168657709,0.012014792963550791,-0.13850970798201634,0.4603174603174603,1.054885305791166,0.00038676503132857397,0.01614874985588246,0.013057280848437974,1.2367620826517118,-0.05698735174516441,0.07755944026126306,34,29,1.1724137931034482,0.5396825396825397,0.4603174603174603,0.47058823529411764,0.4482758620689655,1.5414743940993714,0.9473185854360934
pbm0p0075__both__close0p75_wick0p25__deadline9__maxholdnone,-0.0075,both,close0p75_wick0p25,9,,5m_optimistic,63,1.0606886439247691,1.0564706653348754,0.06068864392476914,-0.13369253823447846,0.47619047619047616,1.1730376799322413,0.0011282821505124382,0.016062320651751137,0.01244811648697729,1.2903414479254656,-0.05698735174516441,0.07755944026126306,34,29,1.1724137931034482,0.5396825396825397,0.4603174603174603,0.47058823529411764,0.4827586206896552,1.7041532447157142,0.9339779445554713
pbm0p0075__both__close0p75_wick0p25__deadline9__maxholdnone,-0.0075,both,close0p75_wick0p25,9,,1m_conservative,63,1.0048463846082056,1.0045178909138073,0.004846384608205634,-0.13850970798201634,0.4603174603174603,1.0387967392414286,0.0002733923379283206,0.01590245745297846,0.013057280848437974,1.217899625317537,-0.05698735174516441,0.07755944026126306,34,29,1.1724137931034482,0.5396825396825397,0.4603174603174603,0.47058823529411764,0.4482758620689655,1.503363210801432,0.9473185854360934
pbm0p0075__both__close0p75_wick0p25__deadline9__maxholdnone,-0.0075,both,close0p75_wick0p25,9,,1m_optimistic,63,1.021135615497455,1.0196922632736012,0.021135615497454907,-0.13850970798201634,0.47619047619047616,1.0763735024002545,0.0005286881913467894,0.01564729230502036,0.013215497366538277,1.18401085264028,-0.05698735174516441,0.07755944026126306,34,29,1.1724137931034482,0.5396825396825397,0.4603174603174603,0.47058823529411764,0.4827586206896552,1.503363210801432,0.8925871587484854
pbm0p0075__both__close0p75_wick0p25__deadline9__maxhold36,-0.0075,both,close0p75_wick0p25,9,36.0,5m_conservative,63,1.0120147929635508,1.0111977168657709,0.012014792963550791,-0.13850970798201634,0.4603174603174603,1.054885305791166,0.00038676503132857397,0.01614874985588246,0.013057280848437974,1.2367620826517118,-0.05698735174516441,0.07755944026126306,34,29,1.1724137931034482,0.5396825396825397,0.4603174603174603,0.47058823529411764,0.4482758620689655,1.5414743940993714,0.9473185854360934
pbm0p0075__both__close0p75_wick0p25__deadline9__maxhold36,-0.0075,both,close0p75_wick0p25,9,36.0,5m_optimistic,63,1.0606886439247691,1.0564706653348754,0.06068864392476914,-0.13369253823447846,0.47619047619047616,1.1730376799322413,0.0011282821505124382,0.016062320651751137,0.01244811648697729,1.2903414479254656,-0.05698735174516441,0.07755944026126306,34,29,1.1724137931034482,0.5396825396825397,0.4603174603174603,0.47058823529411764,0.4827586206896552,1.7041532447157142,0.9339779445554713
pbm0p0075__both__close0p75_wick0p25__deadline9__maxhold36,-0.0075,both,close0p75_wick0p25,9,36.0,1m_conservative,63,1.0048463846082056,1.0045178909138073,0.004846384608205634,-0.13850970798201634,0.4603174603174603,1.0387967392414286,0.0002733923379283206,0.01590245745297846,0.013057280848437974,1.217899625317537,-0.05698735174516441,0.07755944026126306,34,29,1.1724137931034482,0.5396825396825397,0.4603174603174603,0.47058823529411764,0.4482758620689655,1.503363210801432,0.9473185854360934
pbm0p0075__both__close0p75_wick0p25__deadline9__maxhold36,-0.0075,both,close0p75_wick0p25,9,36.0,1m_optimistic,63,1.021135615497455,1.0196922632736012,0.021135615497454907,-0.13850970798201634,0.47619047619047616,1.0763735024002545,0.0005286881913467894,0.01564729230502036,0.013215497366538277,1.18401085264028,-0.05698735174516441,0.07755944026126306,34,29,1.1724137931034482,0.5396825396825397,0.4603174603174603,0.47058823529411764,0.4827586206896552,1.503363210801432,0.8925871587484854
pbm0p0075__long__none__deadline9__maxholdnone,-0.0075,long,none,9,,5m_conservative,66,1.0641463782364466,1.0596813839142745,0.06414637823644664,-0.09686745548639375,0.4696969696969697,1.2031797792927403,0.001068733623324773,0.013474161700175305,0.00991893124474284,1.3584287830724489,-0.027274243793937007,0.07755944026126306,66,0,inf,1.0,0.0,0.4696969696969697,0.0,1.3584287830724489,0.0
pbm0p0075__long__none__deadline9__maxholdnone,-0.0075,long,none,9,,5m_optimistic,66,1.0667072927543455,1.0620588953892698,0.0667072927543455,-0.10286389894489201,0.4393939393939394,1.2145505136277055,0.0011013289786870782,0.014188909798049569,0.009156504636488929,1.5495989311801759,-0.027274243793937007,0.07755944026126306,66,0,inf,1.0,0.0,0.4393939393939394,0.0,1.5495989311801759,0.0
pbm0p0075__long__none__deadline9__maxholdnone,-0.0075,long,none,9,,1m_conservative,66,1.0521434104359,1.0485328496621584,0.052143410435899984,-0.10068415105075812,0.4696969696969697,1.1702172851738295,0.0008953496089501506,0.01310502154053901,0.00991893124474284,1.3212130639059365,-0.027274243793937007,0.07755944026126306,66,0,inf,1.0,0.0,0.4696969696969697,0.0,1.3212130639059365,0.0
pbm0p0075__long__none__deadline9__maxholdnone,-0.0075,long,none,9,,1m_optimistic,66,1.0521434104359,1.0485328496621584,0.052143410435899984,-0.10068415105075812,0.4696969696969697,1.1702172851738295,0.0008953496089501506,0.01310502154053901,0.00991893124474284,1.3212130639059365,-0.027274243793937007,0.07755944026126306,66,0,inf,1.0,0.0,0.4696969696969697,0.0,1.3212130639059365,0.0
pbm0p0075__long__none__deadline9__maxhold36,-0.0075,long,none,9,36.0,5m_conservative,66,1.0641463782364466,1.0596813839142745,0.06414637823644664,-0.09686745548639375,0.4696969696969697,1.2031797792927403,0.001068733623324773,0.013474161700175305,0.00991893124474284,1.3584287830724489,-0.027274243793937007,0.07755944026126306,66,0,inf,1.0,0.0,0.4696969696969697,0.0,1.3584287830724489,0.0
pbm0p0075__long__none__deadline9__maxhold36,-0.0075,long,none,9,36.0,5m_optimistic,66,1.0667072927543455,1.0620588953892698,0.0667072927543455,-0.10286389894489201,0.4393939393939394,1.2145505136277055,0.0011013289786870782,0.014188909798049569,0.009156504636488929,1.5495989311801759,-0.027274243793937007,0.07755944026126306,66,0,inf,1.0,0.0,0.4393939393939394,0.0,1.5495989311801759,0.0
pbm0p0075__long__none__deadline9__maxhold36,-0.0075,long,none,9,36.0,1m_conservative,66,1.0521434104359,1.0485328496621584,0.052143410435899984,-0.10068415105075812,0.4696969696969697,1.1702172851738295,0.0008953496089501506,0.01310502154053901,0.00991893124474284,1.3212130639059365,-0.027274243793937007,0.07755944026126306,66,0,inf,1.0,0.0,0.4696969696969697,0.0,1.3212130639059365,0.0
pbm0p0075__long__none__deadline9__maxhold36,-0.0075,long,none,9,36.0,1m_optimistic,66,1.0521434104359,1.0485328496621584,0.052143410435899984,-0.10068415105075812,0.4696969696969697,1.1702172851738295,0.0008953496089501506,0.01310502154053901,0.00991893124474284,1.3212130639059365,-0.027274243793937007,0.07755944026126306,66,0,inf,1.0,0.0,0.4696969696969697,0.0,1.3212130639059365,0.0
pbm0p0075__long__ret192_ge_250__deadline9__maxholdnone,-0.0075,long,ret192_ge_250,9,,5m_conservative,39,1.1601637045966289,1.148565912122688,0.16016370459662888,-0.04576822571139649,0.5384615384615384,2.046793745694974,0.003960180904963285,0.014380477261931902,0.0081968315115001,1.7543946391671206,-0.021720814178636017,0.07755944026126306,39,0,inf,1.0,0.0,0.5384615384615384,0.0,1.7543946391671206,0.0
pbm0p0075__long__ret192_ge_250__deadline9__maxholdnone,-0.0075,long,ret192_ge_250,9,,5m_optimistic,39,1.1451198666885558,1.1346735696924528,0.1451198666885558,-0.04576822571139649,0.46153846153846156,1.9111370891424635,0.0036216879685185875,0.016459295697179577,0.007381975798905117,2.2296599373328743,-0.021720814178636017,0.07755944026126306,39,0,inf,1.0,0.0,0.46153846153846156,0.0,2.2296599373328743,0.0
pbm0p0075__long__ret192_ge_250__deadline9__maxholdnone,-0.0075,long,ret192_ge_250,9,,1m_conservative,39,1.1552607790048426,1.1440396154172001,0.1552607790048426,-0.04576822571139649,0.5384615384615384,2.017643828583201,0.00384990230843741,0.014175674154098135,0.0081968315115001,1.729408995928458,-0.021720814178636017,0.07755944026126306,39,0,inf,1.0,0.0,0.5384615384615384,0.0,1.729408995928458,0.0
pbm0p0075__long__ret192_ge_250__deadline9__maxholdnone,-0.0075,long,ret192_ge_250,9,,1m_optimistic,39,1.1552607790048426,1.1440396154172001,0.1552607790048426,-0.04576822571139649,0.5384615384615384,2.017643828583201,0.00384990230843741,0.014175674154098135,0.0081968315115001,1.729408995928458,-0.021720814178636017,0.07755944026126306,39,0,inf,1.0,0.0,0.5384615384615384,0.0,1.729408995928458,0.0
pbm0p0075__long__ret192_ge_250__deadline9__maxhold36,-0.0075,long,ret192_ge_250,9,36.0,5m_conservative,39,1.1601637045966289,1.148565912122688,0.16016370459662888,-0.04576822571139649,0.5384615384615384,2.046793745694974,0.003960180904963285,0.014380477261931902,0.0081968315115001,1.7543946391671206,-0.021720814178636017,0.07755944026126306,39,0,inf,1.0,0.0,0.5384615384615384,0.0,1.7543946391671206,0.0
pbm0p0075__long__ret192_ge_250__deadline9__maxhold36,-0.0075,long,ret192_ge_250,9,36.0,5m_optimistic,39,1.1451198666885558,1.1346735696924528,0.1451198666885558,-0.04576822571139649,0.46153846153846156,1.9111370891424635,0.0036216879685185875,0.016459295697179577,0.007381975798905117,2.2296599373328743,-0.021720814178636017,0.07755944026126306,39,0,inf,1.0,0.0,0.46153846153846156,0.0,2.2296599373328743,0.0
pbm0p0075__long__ret192_ge_250__deadline9__maxhold36,-0.0075,long,ret192_ge_250,9,36.0,1m_conservative,39,1.1552607790048426,1.1440396154172001,0.1552607790048426,-0.04576822571139649,0.5384615384615384,2.017643828583201,0.00384990230843741,0.014175674154098135,0.0081968315115001,1.729408995928458,-0.021720814178636017,0.07755944026126306,39,0,inf,1.0,0.0,0.5384615384615384,0.0,1.729408995928458,0.0
pbm0p0075__long__ret192_ge_250__deadline9__maxhold36,-0.0075,long,ret192_ge_250,9,36.0,1m_optimistic,39,1.1552607790048426,1.1440396154172001,0.1552607790048426,-0.04576822571139649,0.5384615384615384,2.017643828583201,0.00384990230843741,0.014175674154098135,0.0081968315115001,1.729408995928458,-0.021720814178636017,0.07755944026126306,39,0,inf,1.0,0.0,0.5384615384615384,0.0,1.729408995928458,0.0
pbm0p0075__long__ret192_ge_500__deadline9__maxholdnone,-0.0075,long,ret192_ge_500,9,,5m_conservative,24,1.0001002514980257,1.0000934713073026,0.00010025149802572741,-0.049967857940509175,0.5416666666666666,1.014932111734448,6.327486401234868e-05,0.007939897068567663,0.009245460468643933,0.8587887099291485,-0.021720814178636017,0.028731988069924594,24,0,inf,1.0,0.0,0.5416666666666666,0.0,0.8587887099291485,0.0
pbm0p0075__long__ret192_ge_500__deadline9__maxholdnone,-0.0075,long,ret192_ge_500,9,,5m_optimistic,24,1.0013335180006628,1.0012432779353675,0.0013335180006628367,-0.04576822571139638,0.4583333333333333,1.0267595721346614,0.00011684881387952546,0.009782108150279877,0.008061447547690002,1.2134431307046,-0.021720814178636017,0.028731988069924594,24,0,inf,1.0,0.0,0.4583333333333333,0.0,1.2134431307046,0.0
pbm0p0075__long__ret192_ge_500__deadline9__maxholdnone,-0.0075,long,ret192_ge_500,9,,1m_conservative,24,1.0001002514980257,1.0000934713073026,0.00010025149802572741,-0.049967857940509175,0.5416666666666666,1.014932111734448,6.327486401234868e-05,0.007939897068567663,0.009245460468643933,0.8587887099291485,-0.021720814178636017,0.028731988069924594,24,0,inf,1.0,0.0,0.5416666666666666,0.0,0.8587887099291485,0.0
pbm0p0075__long__ret192_ge_500__deadline9__maxholdnone,-0.0075,long,ret192_ge_500,9,,1m_optimistic,24,1.0001002514980257,1.0000934713073026,0.00010025149802572741,-0.049967857940509175,0.5416666666666666,1.014932111734448,6.327486401234868e-05,0.007939897068567663,0.009245460468643933,0.8587887099291485,-0.021720814178636017,0.028731988069924594,24,0,inf,1.0,0.0,0.5416666666666666,0.0,0.8587887099291485,0.0
pbm0p0075__long__ret192_ge_500__deadline9__maxhold36,-0.0075,long,ret192_ge_500,9,36.0,5m_conservative,24,1.0001002514980257,1.0000934713073026,0.00010025149802572741,-0.049967857940509175,0.5416666666666666,1.014932111734448,6.327486401234868e-05,0.007939897068567663,0.009245460468643933,0.8587887099291485,-0.021720814178636017,0.028731988069924594,24,0,inf,1.0,0.0,0.5416666666666666,0.0,0.8587887099291485,0.0
pbm0p0075__long__ret192_ge_500__deadline9__maxhold36,-0.0075,long,ret192_ge_500,9,36.0,5m_optimistic,24,1.0013335180006628,1.0012432779353675,0.0013335180006628367,-0.04576822571139638,0.4583333333333333,1.0267595721346614,0.00011684881387952546,0.009782108150279877,0.008061447547690002,1.2134431307046,-0.021720814178636017,0.028731988069924594,24,0,inf,1.0,0.0,0.4583333333333333,0.0,1.2134431307046,0.0
pbm0p0075__long__ret192_ge_500__deadline9__maxhold36,-0.0075,long,ret192_ge_500,9,36.0,1m_conservative,24,1.0001002514980257,1.0000934713073026,0.00010025149802572741,-0.049967857940509175,0.5416666666666666,1.014932111734448,6.327486401234868e-05,0.007939897068567663,0.009245460468643933,0.8587887099291485,-0.021720814178636017,0.028731988069924594,24,0,inf,1.0,0.0,0.5416666666666666,0.0,0.8587887099291485,0.0
pbm0p0075__long__ret192_ge_500__deadline9__maxhold36,-0.0075,long,ret192_ge_500,9,36.0,1m_optimistic,24,1.0001002514980257,1.0000934713073026,0.00010025149802572741,-0.049967857940509175,0.5416666666666666,1.014932111734448,6.327486401234868e-05,0.007939897068567663,0.009245460468643933,0.8587887099291485,-0.021720814178636017,0.028731988069924594,24,0,inf,1.0,0.0,0.5416666666666666,0.0,0.8587887099291485,0.0
pbm0p0075__long__spread_le_125__deadline9__maxholdnone,-0.0075,long,spread_le_125,9,,5m_conservative,49,1.07456794813163,1.0693541938269882,0.07456794813162992,-0.08594580467892665,0.4897959183673469,1.2818365081745813,0.001622918825930757,0.01507013086290034,0.011286404729560044,1.3352463626818556,-0.027274243793937007,0.07755944026126306,49,0,inf,1.0,0.0,0.4897959183673469,0.0,1.3352463626818556,0.0
pbm0p0075__long__spread_le_125__deadline9__maxholdnone,-0.0075,long,spread_le_125,9,,5m_optimistic,49,1.1033004503129469,1.0959896969851788,0.10330045031294688,-0.07187374462513141,0.4897959183673469,1.4162623742007379,0.002152174283763567,0.014949918892981364,0.01013366054108552,1.4752733064591017,-0.027274243793937007,0.07755944026126306,49,0,inf,1.0,0.0,0.4897959183673469,0.0,1.4752733064591017,0.0
pbm0p0075__long__spread_le_125__deadline9__maxholdnone,-0.0075,long,spread_le_125,9,,1m_conservative,49,1.0624474309314504,1.0581038953519055,0.06244743093145044,-0.08594580467892665,0.4897959183673469,1.2412802983879376,0.0013893811739159594,0.014593324823370127,0.011286404729560044,1.2930003108207684,-0.027274243793937007,0.07755944026126306,49,0,inf,1.0,0.0,0.4897959183673469,0.0,1.2930003108207684,0.0
pbm0p0075__long__spread_le_125__deadline9__maxholdnone,-0.0075,long,spread_le_125,9,,1m_optimistic,49,1.0624474309314504,1.0581038953519055,0.06244743093145044,-0.08594580467892665,0.4897959183673469,1.2412802983879376,0.0013893811739159594,0.014593324823370127,0.011286404729560044,1.2930003108207684,-0.027274243793937007,0.07755944026126306,49,0,inf,1.0,0.0,0.4897959183673469,0.0,1.2930003108207684,0.0
pbm0p0075__long__spread_le_125__deadline9__maxhold36,-0.0075,long,spread_le_125,9,36.0,5m_conservative,49,1.07456794813163,1.0693541938269882,0.07456794813162992,-0.08594580467892665,0.4897959183673469,1.2818365081745813,0.001622918825930757,0.01507013086290034,0.011286404729560044,1.3352463626818556,-0.027274243793937007,0.07755944026126306,49,0,inf,1.0,0.0,0.4897959183673469,0.0,1.3352463626818556,0.0
pbm0p0075__long__spread_le_125__deadline9__maxhold36,-0.0075,long,spread_le_125,9,36.0,5m_optimistic,49,1.1033004503129469,1.0959896969851788,0.10330045031294688,-0.07187374462513141,0.4897959183673469,1.4162623742007379,0.002152174283763567,0.014949918892981364,0.01013366054108552,1.4752733064591017,-0.027274243793937007,0.07755944026126306,49,0,inf,1.0,0.0,0.4897959183673469,0.0,1.4752733064591017,0.0
pbm0p0075__long__spread_le_125__deadline9__maxhold36,-0.0075,long,spread_le_125,9,36.0,1m_conservative,49,1.0624474309314504,1.0581038953519055,0.06244743093145044,-0.08594580467892665,0.4897959183673469,1.2412802983879376,0.0013893811739159594,0.014593324823370127,0.011286404729560044,1.2930003108207684,-0.027274243793937007,0.07755944026126306,49,0,inf,1.0,0.0,0.4897959183673469,0.0,1.2930003108207684,0.0
pbm0p0075__long__spread_le_125__deadline9__maxhold36,-0.0075,long,spread_le_125,9,36.0,1m_optimistic,49,1.0624474309314504,1.0581038953519055,0.06244743093145044,-0.08594580467892665,0.4897959183673469,1.2412802983879376,0.0013893811739159594,0.014593324823370127,0.011286404729560044,1.2930003108207684,-0.027274243793937007,0.07755944026126306,49,0,inf,1.0,0.0,0.4897959183673469,0.0,1.2930003108207684,0.0
pbm0p0075__long__spread_le_200__deadline9__maxholdnone,-0.0075,long,spread_le_200,9,,5m_conservative,61,1.0829674015174697,1.077145551656285,0.08296740151746973,-0.0981044932272066,0.47540983606557374,1.269865164553454,0.0014421780759762107,0.01427451983551611,0.010187131643606823,1.4012305264038112,-0.027274243793937007,0.07755944026126306,61,0,inf,1.0,0.0,0.47540983606557374,0.0,1.4012305264038112,0.0
pbm0p0075__long__spread_le_200__deadline9__maxholdnone,-0.0075,long,spread_le_200,9,,5m_optimistic,61,1.0866543891451557,1.0805643199491821,0.08665438914515566,-0.1019159609914142,0.45901639344262296,1.286562604264918,0.0014938294664609373,0.014611144439261356,0.00963601354076366,1.516305926455082,-0.027274243793937007,0.07755944026126306,61,0,inf,1.0,0.0,0.45901639344262296,0.0,1.516305926455082,0.0
pbm0p0075__long__spread_le_200__deadline9__maxholdnone,-0.0075,long,spread_le_200,9,,1m_conservative,61,1.0707521432453901,1.065813283052304,0.07075214324539014,-0.10191596099141409,0.47540983606557374,1.234761610171482,0.0012545822571446519,0.013879921733835935,0.010187131643606823,1.362495569844394,-0.027274243793937007,0.07755944026126306,61,0,inf,1.0,0.0,0.47540983606557374,0.0,1.362495569844394,0.0
pbm0p0075__long__spread_le_200__deadline9__maxholdnone,-0.0075,long,spread_le_200,9,,1m_optimistic,61,1.0707521432453901,1.065813283052304,0.07075214324539014,-0.10191596099141409,0.47540983606557374,1.234761610171482,0.0012545822571446519,0.013879921733835935,0.010187131643606823,1.362495569844394,-0.027274243793937007,0.07755944026126306,61,0,inf,1.0,0.0,0.47540983606557374,0.0,1.362495569844394,0.0
pbm0p0075__long__spread_le_200__deadline9__maxhold36,-0.0075,long,spread_le_200,9,36.0,5m_conservative,61,1.0829674015174697,1.077145551656285,0.08296740151746973,-0.0981044932272066,0.47540983606557374,1.269865164553454,0.0014421780759762107,0.01427451983551611,0.010187131643606823,1.4012305264038112,-0.027274243793937007,0.07755944026126306,61,0,inf,1.0,0.0,0.47540983606557374,0.0,1.4012305264038112,0.0
pbm0p0075__long__spread_le_200__deadline9__maxhold36,-0.0075,long,spread_le_200,9,36.0,5m_optimistic,61,1.0866543891451557,1.0805643199491821,0.08665438914515566,-0.1019159609914142,0.45901639344262296,1.286562604264918,0.0014938294664609373,0.014611144439261356,0.00963601354076366,1.516305926455082,-0.027274243793937007,0.07755944026126306,61,0,inf,1.0,0.0,0.45901639344262296,0.0,1.516305926455082,0.0
pbm0p0075__long__spread_le_200__deadline9__maxhold36,-0.0075,long,spread_le_200,9,36.0,1m_conservative,61,1.0707521432453901,1.065813283052304,0.07075214324539014,-0.10191596099141409,0.47540983606557374,1.234761610171482,0.0012545822571446519,0.013879921733835935,0.010187131643606823,1.362495569844394,-0.027274243793937007,0.07755944026126306,61,0,inf,1.0,0.0,0.47540983606557374,0.0,1.362495569844394,0.0
pbm0p0075__long__spread_le_200__deadline9__maxhold36,-0.0075,long,spread_le_200,9,36.0,1m_optimistic,61,1.0707521432453901,1.065813283052304,0.07075214324539014,-0.10191596099141409,0.47540983606557374,1.234761610171482,0.0012545822571446519,0.013879921733835935,0.010187131643606823,1.362495569844394,-0.027274243793937007,0.07755944026126306,61,0,inf,1.0,0.0,0.47540983606557374,0.0,1.362495569844394,0.0
pbm0p0075__long__adverse_wick_le_0p25__deadline9__maxholdnone,-0.0075,long,adverse_wick_le_0p25,9,,5m_conservative,36,1.0711354185733104,1.0661689853758807,0.0711354185733104,-0.09611834989768997,0.4722222222222222,1.3393454093449353,0.002100154028668662,0.017553161238764853,0.011726220843522664,1.496915457503163,-0.027274243793937007,0.07755944026126306,36,0,inf,1.0,0.0,0.4722222222222222,0.0,1.496915457503163,0.0
pbm0p0075__long__adverse_wick_le_0p25__deadline9__maxholdnone,-0.0075,long,adverse_wick_le_0p25,9,,5m_optimistic,36,1.1008438383700752,1.0937142282311938,0.10084383837007516,-0.09611834989768975,0.4722222222222222,1.517157729657225,0.002850827854589068,0.01771055972120719,0.010444721710279773,1.695646874322781,-0.027274243793937007,0.07755944026126306,36,0,inf,1.0,0.0,0.4722222222222222,0.0,1.695646874322781,0.0
pbm0p0075__long__adverse_wick_le_0p25__deadline9__maxholdnone,-0.0075,long,adverse_wick_le_0p25,9,,1m_conservative,36,1.0635482408585242,1.0591260271700744,0.06354824085852417,-0.09611834989768997,0.4722222222222222,1.3072873414988533,0.0019017518152182184,0.017133015374987442,0.011726220843522664,1.4610858522634242,-0.027274243793937007,0.07755944026126306,36,0,inf,1.0,0.0,0.4722222222222222,0.0,1.4610858522634242,0.0
pbm0p0075__long__adverse_wick_le_0p25__deadline9__maxholdnone,-0.0075,long,adverse_wick_le_0p25,9,,1m_optimistic,36,1.0635482408585242,1.0591260271700744,0.06354824085852417,-0.09611834989768997,0.4722222222222222,1.3072873414988533,0.0019017518152182184,0.017133015374987442,0.011726220843522664,1.4610858522634242,-0.027274243793937007,0.07755944026126306,36,0,inf,1.0,0.0,0.4722222222222222,0.0,1.4610858522634242,0.0
pbm0p0075__long__adverse_wick_le_0p25__deadline9__maxhold36,-0.0075,long,adverse_wick_le_0p25,9,36.0,5m_conservative,36,1.0711354185733104,1.0661689853758807,0.0711354185733104,-0.09611834989768997,0.4722222222222222,1.3393454093449353,0.002100154028668662,0.017553161238764853,0.011726220843522664,1.496915457503163,-0.027274243793937007,0.07755944026126306,36,0,inf,1.0,0.0,0.4722222222222222,0.0,1.496915457503163,0.0
pbm0p0075__long__adverse_wick_le_0p25__deadline9__maxhold36,-0.0075,long,adverse_wick_le_0p25,9,36.0,5m_optimistic,36,1.1008438383700752,1.0937142282311938,0.10084383837007516,-0.09611834989768975,0.4722222222222222,1.517157729657225,0.002850827854589068,0.01771055972120719,0.010444721710279773,1.695646874322781,-0.027274243793937007,0.07755944026126306,36,0,inf,1.0,0.0,0.4722222222222222,0.0,1.695646874322781,0.0
pbm0p0075__long__adverse_wick_le_0p25__deadline9__maxhold36,-0.0075,long,adverse_wick_le_0p25,9,36.0,1m_conservative,36,1.0635482408585242,1.0591260271700744,0.06354824085852417,-0.09611834989768997,0.4722222222222222,1.3072873414988533,0.0019017518152182184,0.017133015374987442,0.011726220843522664,1.4610858522634242,-0.027274243793937007,0.07755944026126306,36,0,inf,1.0,0.0,0.4722222222222222,0.0,1.4610858522634242,0.0
pbm0p0075__long__adverse_wick_le_0p25__deadline9__maxhold36,-0.0075,long,adverse_wick_le_0p25,9,36.0,1m_optimistic,36,1.0635482408585242,1.0591260271700744,0.06354824085852417,-0.09611834989768997,0.4722222222222222,1.3072873414988533,0.0019017518152182184,0.017133015374987442,0.011726220843522664,1.4610858522634242,-0.027274243793937007,0.07755944026126306,36,0,inf,1.0,0.0,0.4722222222222222,0.0,1.4610858522634242,0.0
pbm0p0075__long__close_pos_ge_0p6__deadline9__maxholdnone,-0.0075,long,close_pos_ge_0p6,9,,5m_conservative,65,1.0541180432042323,1.0503675063815623,0.0541180432042323,-0.1001051507515025,0.46153846153846156,1.175776239637744,0.0009388143883064299,0.013606184293530575,0.00991893124474284,1.3717389462440348,-0.027274243793937007,0.07755944026126306,65,0,inf,1.0,0.0,0.46153846153846156,0.0,1.3717389462440348,0.0
pbm0p0075__long__close_pos_ge_0p6__deadline9__maxholdnone,-0.0075,long,close_pos_ge_0p6,9,,5m_optimistic,65,1.056654824097943,1.0527241211502023,0.05665482409794298,-0.10286389894489201,0.4307692307692308,1.1864697997875358,0.000971911210674309,0.01435588929442573,0.009156504636488929,1.5678350925763864,-0.027274243793937007,0.07755944026126306,65,0,inf,1.0,0.0,0.4307692307692308,0.0,1.5678350925763864,0.0
pbm0p0075__long__close_pos_ge_0p6__deadline9__maxholdnone,-0.0075,long,close_pos_ge_0p6,9,,1m_conservative,65,1.0422281893370193,1.0393169601513839,0.04222818933701933,-0.10068415105075867,0.46153846153846156,1.1428137455188334,0.0007627629275568132,0.013224739461906406,0.00991893124474284,1.3332827031053056,-0.027274243793937007,0.07755944026126306,65,0,inf,1.0,0.0,0.46153846153846156,0.0,1.3332827031053056,0.0
pbm0p0075__long__close_pos_ge_0p6__deadline9__maxholdnone,-0.0075,long,close_pos_ge_0p6,9,,1m_optimistic,65,1.0422281893370193,1.0393169601513839,0.04222818933701933,-0.10068415105075867,0.46153846153846156,1.1428137455188334,0.0007627629275568132,0.013224739461906406,0.00991893124474284,1.3332827031053056,-0.027274243793937007,0.07755944026126306,65,0,inf,1.0,0.0,0.46153846153846156,0.0,1.3332827031053056,0.0
pbm0p0075__long__close_pos_ge_0p6__deadline9__maxhold36,-0.0075,long,close_pos_ge_0p6,9,36.0,5m_conservative,65,1.0541180432042323,1.0503675063815623,0.0541180432042323,-0.1001051507515025,0.46153846153846156,1.175776239637744,0.0009388143883064299,0.013606184293530575,0.00991893124474284,1.3717389462440348,-0.027274243793937007,0.07755944026126306,65,0,inf,1.0,0.0,0.46153846153846156,0.0,1.3717389462440348,0.0
pbm0p0075__long__close_pos_ge_0p6__deadline9__maxhold36,-0.0075,long,close_pos_ge_0p6,9,36.0,5m_optimistic,65,1.056654824097943,1.0527241211502023,0.05665482409794298,-0.10286389894489201,0.4307692307692308,1.1864697997875358,0.000971911210674309,0.01435588929442573,0.009156504636488929,1.5678350925763864,-0.027274243793937007,0.07755944026126306,65,0,inf,1.0,0.0,0.4307692307692308,0.0,1.5678350925763864,0.0
pbm0p0075__long__close_pos_ge_0p6__deadline9__maxhold36,-0.0075,long,close_pos_ge_0p6,9,36.0,1m_conservative,65,1.0422281893370193,1.0393169601513839,0.04222818933701933,-0.10068415105075867,0.46153846153846156,1.1428137455188334,0.0007627629275568132,0.013224739461906406,0.00991893124474284,1.3332827031053056,-0.027274243793937007,0.07755944026126306,65,0,inf,1.0,0.0,0.46153846153846156,0.0,1.3332827031053056,0.0
pbm0p0075__long__close_pos_ge_0p6__deadline9__maxhold36,-0.0075,long,close_pos_ge_0p6,9,36.0,1m_optimistic,65,1.0422281893370193,1.0393169601513839,0.04222818933701933,-0.10068415105075867,0.46153846153846156,1.1428137455188334,0.0007627629275568132,0.013224739461906406,0.00991893124474284,1.3332827031053056,-0.027274243793937007,0.07755944026126306,65,0,inf,1.0,0.0,0.46153846153846156,0.0,1.3332827031053056,0.0
pbm0p0075__long__ret250_spread200__deadline9__maxholdnone,-0.0075,long,ret250_spread200,9,,5m_conservative,34,1.1806829381725563,1.1674949487713946,0.18068293817255632,-0.04576822571139649,0.5588235294117647,2.3601758467654936,0.005055397023196527,0.015697478159215933,0.008424572415761385,1.8632967211306528,-0.021720814178636017,0.07755944026126306,34,0,inf,1.0,0.0,0.5588235294117647,0.0,1.8632967211306528,0.0
pbm0p0075__long__ret250_spread200__deadline9__maxholdnone,-0.0075,long,ret250_spread200,9,,5m_optimistic,34,1.166533253955168,1.154444239883369,0.16653325395516805,-0.04576822571139649,0.5,2.1897078498215587,0.004696521048029263,0.017288293100300754,0.007895251004242229,2.1897078498215587,-0.021720814178636017,0.07755944026126306,34,0,inf,1.0,0.0,0.5,0.0,2.1897078498215587,0.0
pbm0p0075__long__ret250_spread200__deadline9__maxholdnone,-0.0075,long,ret250_spread200,9,,1m_conservative,34,1.1756932969948364,1.162894056054205,0.17569329699483638,-0.04576822571139649,0.5588235294117647,2.3261415555496154,0.004928900986005082,0.015471116829504925,0.008424572415761385,1.8364275438549595,-0.021720814178636017,0.07755944026126306,34,0,inf,1.0,0.0,0.5588235294117647,0.0,1.8364275438549595,0.0
pbm0p0075__long__ret250_spread200__deadline9__maxholdnone,-0.0075,long,ret250_spread200,9,,1m_optimistic,34,1.1756932969948364,1.162894056054205,0.17569329699483638,-0.04576822571139649,0.5588235294117647,2.3261415555496154,0.004928900986005082,0.015471116829504925,0.008424572415761385,1.8364275438549595,-0.021720814178636017,0.07755944026126306,34,0,inf,1.0,0.0,0.5588235294117647,0.0,1.8364275438549595,0.0
pbm0p0075__long__ret250_spread200__deadline9__maxhold36,-0.0075,long,ret250_spread200,9,36.0,5m_conservative,34,1.1806829381725563,1.1674949487713946,0.18068293817255632,-0.04576822571139649,0.5588235294117647,2.3601758467654936,0.005055397023196527,0.015697478159215933,0.008424572415761385,1.8632967211306528,-0.021720814178636017,0.07755944026126306,34,0,inf,1.0,0.0,0.5588235294117647,0.0,1.8632967211306528,0.0
pbm0p0075__long__ret250_spread200__deadline9__maxhold36,-0.0075,long,ret250_spread200,9,36.0,5m_optimistic,34,1.166533253955168,1.154444239883369,0.16653325395516805,-0.04576822571139649,0.5,2.1897078498215587,0.004696521048029263,0.017288293100300754,0.007895251004242229,2.1897078498215587,-0.021720814178636017,0.07755944026126306,34,0,inf,1.0,0.0,0.5,0.0,2.1897078498215587,0.0
pbm0p0075__long__ret250_spread200__deadline9__maxhold36,-0.0075,long,ret250_spread200,9,36.0,1m_conservative,34,1.1756932969948364,1.162894056054205,0.17569329699483638,-0.04576822571139649,0.5588235294117647,2.3261415555496154,0.004928900986005082,0.015471116829504925,0.008424572415761385,1.8364275438549595,-0.021720814178636017,0.07755944026126306,34,0,inf,1.0,0.0,0.5588235294117647,0.0,1.8364275438549595,0.0
pbm0p0075__long__ret250_spread200__deadline9__maxhold36,-0.0075,long,ret250_spread200,9,36.0,1m_optimistic,34,1.1756932969948364,1.162894056054205,0.17569329699483638,-0.04576822571139649,0.5588235294117647,2.3261415555496154,0.004928900986005082,0.015471116829504925,0.008424572415761385,1.8364275438549595,-0.021720814178636017,0.07755944026126306,34,0,inf,1.0,0.0,0.5588235294117647,0.0,1.8364275438549595,0.0
pbm0p0075__long__spread125_wick0p25__deadline9__maxholdnone,-0.0075,long,spread125_wick0p25,9,,5m_conservative,29,1.0761704080174508,1.070840957327424,0.07617040801745079,-0.07211471123051527,0.5172413793103449,1.4181798370106546,0.002751339891972636,0.01803928007562262,0.01362859601908092,1.3236345145432777,-0.027274243793937007,0.07755944026126306,29,0,inf,1.0,0.0,0.5172413793103449,0.0,1.3236345145432777,0.0
pbm0p0075__long__spread125_wick0p25__deadline9__maxholdnone,-0.0075,long,spread125_wick0p25,9,,5m_optimistic,29,1.1044361901278035,1.097041574891248,0.10443619012780347,-0.0721147112305155,0.5172413793103449,1.6277444779376415,0.0036339809283146463,0.018217665022390597,0.011991394886766728,1.5192281794084654,-0.027274243793937007,0.07755944026126306,29,0,inf,1.0,0.0,0.5172413793103449,0.0,1.5192281794084654,0.0
pbm0p0075__long__spread125_wick0p25__deadline9__maxholdnone,-0.0075,long,spread125_wick0p25,9,,1m_conservative,29,1.0685475659421717,1.0637671367502257,0.0685475659421717,-0.07211471123051527,0.5172413793103449,1.3807455246583873,0.0025050474890686374,0.017563114763341554,0.01362859601908092,1.2886958230144947,-0.027274243793937007,0.07755944026126306,29,0,inf,1.0,0.0,0.5172413793103449,0.0,1.2886958230144947,0.0
pbm0p0075__long__spread125_wick0p25__deadline9__maxholdnone,-0.0075,long,spread125_wick0p25,9,,1m_optimistic,29,1.0685475659421717,1.0637671367502257,0.0685475659421717,-0.07211471123051527,0.5172413793103449,1.3807455246583873,0.0025050474890686374,0.017563114763341554,0.01362859601908092,1.2886958230144947,-0.027274243793937007,0.07755944026126306,29,0,inf,1.0,0.0,0.5172413793103449,0.0,1.2886958230144947,0.0
pbm0p0075__long__spread125_wick0p25__deadline9__maxhold36,-0.0075,long,spread125_wick0p25,9,36.0,5m_conservative,29,1.0761704080174508,1.070840957327424,0.07617040801745079,-0.07211471123051527,0.5172413793103449,1.4181798370106546,0.002751339891972636,0.01803928007562262,0.01362859601908092,1.3236345145432777,-0.027274243793937007,0.07755944026126306,29,0,inf,1.0,0.0,0.5172413793103449,0.0,1.3236345145432777,0.0
pbm0p0075__long__spread125_wick0p25__deadline9__maxhold36,-0.0075,long,spread125_wick0p25,9,36.0,5m_optimistic,29,1.1044361901278035,1.097041574891248,0.10443619012780347,-0.0721147112305155,0.5172413793103449,1.6277444779376415,0.0036339809283146463,0.018217665022390597,0.011991394886766728,1.5192281794084654,-0.027274243793937007,0.07755944026126306,29,0,inf,1.0,0.0,0.5172413793103449,0.0,1.5192281794084654,0.0
pbm0p0075__long__spread125_wick0p25__deadline9__maxhold36,-0.0075,long,spread125_wick0p25,9,36.0,1m_conservative,29,1.0685475659421717,1.0637671367502257,0.0685475659421717,-0.07211471123051527,0.5172413793103449,1.3807455246583873,0.0025050474890686374,0.017563114763341554,0.01362859601908092,1.2886958230144947,-0.027274243793937007,0.07755944026126306,29,0,inf,1.0,0.0,0.5172413793103449,0.0,1.2886958230144947,0.0
pbm0p0075__long__spread125_wick0p25__deadline9__maxhold36,-0.0075,long,spread125_wick0p25,9,36.0,1m_optimistic,29,1.0685475659421717,1.0637671367502257,0.0685475659421717,-0.07211471123051527,0.5172413793103449,1.3807455246583873,0.0025050474890686374,0.017563114763341554,0.01362859601908092,1.2886958230144947,-0.027274243793937007,0.07755944026126306,29,0,inf,1.0,0.0,0.5172413793103449,0.0,1.2886958230144947,0.0
pbm0p0075__long__ret250_spread200_close0p6__deadline9__maxholdnone,-0.0075,long,ret250_spread200_close0p6,9,,5m_conservative,34,1.1806829381725563,1.1674949487713946,0.18068293817255632,-0.04576822571139649,0.5588235294117647,2.3601758467654936,0.005055397023196527,0.015697478159215933,0.008424572415761385,1.8632967211306528,-0.021720814178636017,0.07755944026126306,34,0,inf,1.0,0.0,0.5588235294117647,0.0,1.8632967211306528,0.0
pbm0p0075__long__ret250_spread200_close0p6__deadline9__maxholdnone,-0.0075,long,ret250_spread200_close0p6,9,,5m_optimistic,34,1.166533253955168,1.154444239883369,0.16653325395516805,-0.04576822571139649,0.5,2.1897078498215587,0.004696521048029263,0.017288293100300754,0.007895251004242229,2.1897078498215587,-0.021720814178636017,0.07755944026126306,34,0,inf,1.0,0.0,0.5,0.0,2.1897078498215587,0.0
pbm0p0075__long__ret250_spread200_close0p6__deadline9__maxholdnone,-0.0075,long,ret250_spread200_close0p6,9,,1m_conservative,34,1.1756932969948364,1.162894056054205,0.17569329699483638,-0.04576822571139649,0.5588235294117647,2.3261415555496154,0.004928900986005082,0.015471116829504925,0.008424572415761385,1.8364275438549595,-0.021720814178636017,0.07755944026126306,34,0,inf,1.0,0.0,0.5588235294117647,0.0,1.8364275438549595,0.0
pbm0p0075__long__ret250_spread200_close0p6__deadline9__maxholdnone,-0.0075,long,ret250_spread200_close0p6,9,,1m_optimistic,34,1.1756932969948364,1.162894056054205,0.17569329699483638,-0.04576822571139649,0.5588235294117647,2.3261415555496154,0.004928900986005082,0.015471116829504925,0.008424572415761385,1.8364275438549595,-0.021720814178636017,0.07755944026126306,34,0,inf,1.0,0.0,0.5588235294117647,0.0,1.8364275438549595,0.0
pbm0p0075__long__ret250_spread200_close0p6__deadline9__maxhold36,-0.0075,long,ret250_spread200_close0p6,9,36.0,5m_conservative,34,1.1806829381725563,1.1674949487713946,0.18068293817255632,-0.04576822571139649,0.5588235294117647,2.3601758467654936,0.005055397023196527,0.015697478159215933,0.008424572415761385,1.8632967211306528,-0.021720814178636017,0.07755944026126306,34,0,inf,1.0,0.0,0.5588235294117647,0.0,1.8632967211306528,0.0
pbm0p0075__long__ret250_spread200_close0p6__deadline9__maxhold36,-0.0075,long,ret250_spread200_close0p6,9,36.0,5m_optimistic,34,1.166533253955168,1.154444239883369,0.16653325395516805,-0.04576822571139649,0.5,2.1897078498215587,0.004696521048029263,0.017288293100300754,0.007895251004242229,2.1897078498215587,-0.021720814178636017,0.07755944026126306,34,0,inf,1.0,0.0,0.5,0.0,2.1897078498215587,0.0
pbm0p0075__long__ret250_spread200_close0p6__deadline9__maxhold36,-0.0075,long,ret250_spread200_close0p6,9,36.0,1m_conservative,34,1.1756932969948364,1.162894056054205,0.17569329699483638,-0.04576822571139649,0.5588235294117647,2.3261415555496154,0.004928900986005082,0.015471116829504925,0.008424572415761385,1.8364275438549595,-0.021720814178636017,0.07755944026126306,34,0,inf,1.0,0.0,0.5588235294117647,0.0,1.8364275438549595,0.0
pbm0p0075__long__ret250_spread200_close0p6__deadline9__maxhold36,-0.0075,long,ret250_spread200_close0p6,9,36.0,1m_optimistic,34,1.1756932969948364,1.162894056054205,0.17569329699483638,-0.04576822571139649,0.5588235294117647,2.3261415555496154,0.004928900986005082,0.015471116829504925,0.008424572415761385,1.8364275438549595,-0.021720814178636017,0.07755944026126306,34,0,inf,1.0,0.0,0.5588235294117647,0.0,1.8364275438549595,0.0
pbm0p0075__long__close0p75_wick0p25__deadline9__maxholdnone,-0.0075,long,close0p75_wick0p25,9,,5m_conservative,34,1.0738849827507844,1.0687204924680707,0.07388498275078437,-0.09611834989768997,0.47058823529411764,1.3701994614216635,0.0022956515503877897,0.01805564107246784,0.011713228024794476,1.5414743940993714,-0.027274243793937007,0.07755944026126306,34,0,inf,1.0,0.0,0.47058823529411764,0.0,1.5414743940993714,0.0
pbm0p0075__long__close0p75_wick0p25__deadline9__maxholdnone,-0.0075,long,close0p75_wick0p25,9,,5m_optimistic,34,1.0970209096938308,1.0901725074631183,0.09702090969383081,-0.09611834989769008,0.47058823529411764,1.5148028841917458,0.0029143577115155364,0.01822287696006282,0.010693214953859827,1.7041532447157142,-0.027274243793937007,0.07755944026126306,34,0,inf,1.0,0.0,0.47058823529411764,0.0,1.7041532447157142,0.0
pbm0p0075__long__close0p75_wick0p25__deadline9__maxholdnone,-0.0075,long,close0p75_wick0p25,9,,1m_conservative,34,1.0662783290372673,1.0616606793752263,0.06627832903726727,-0.09611834989768997,0.47058823529411764,1.3363228540457175,0.0020855786184990847,0.01760923609220434,0.011713228024794476,1.503363210801432,-0.027274243793937007,0.07755944026126306,34,0,inf,1.0,0.0,0.47058823529411764,0.0,1.503363210801432,0.0
pbm0p0075__long__close0p75_wick0p25__deadline9__maxholdnone,-0.0075,long,close0p75_wick0p25,9,,1m_optimistic,34,1.0662783290372673,1.0616606793752263,0.06627832903726727,-0.09611834989768997,0.47058823529411764,1.3363228540457175,0.0020855786184990847,0.01760923609220434,0.011713228024794476,1.503363210801432,-0.027274243793937007,0.07755944026126306,34,0,inf,1.0,0.0,0.47058823529411764,0.0,1.503363210801432,0.0
pbm0p0075__long__close0p75_wick0p25__deadline9__maxhold36,-0.0075,long,close0p75_wick0p25,9,36.0,5m_conservative,34,1.0738849827507844,1.0687204924680707,0.07388498275078437,-0.09611834989768997,0.47058823529411764,1.3701994614216635,0.0022956515503877897,0.01805564107246784,0.011713228024794476,1.5414743940993714,-0.027274243793937007,0.07755944026126306,34,0,inf,1.0,0.0,0.47058823529411764,0.0,1.5414743940993714,0.0
pbm0p0075__long__close0p75_wick0p25__deadline9__maxhold36,-0.0075,long,close0p75_wick0p25,9,36.0,5m_optimistic,34,1.0970209096938308,1.0901725074631183,0.09702090969383081,-0.09611834989769008,0.47058823529411764,1.5148028841917458,0.0029143577115155364,0.01822287696006282,0.010693214953859827,1.7041532447157142,-0.027274243793937007,0.07755944026126306,34,0,inf,1.0,0.0,0.47058823529411764,0.0,1.7041532447157142,0.0
pbm0p0075__long__close0p75_wick0p25__deadline9__maxhold36,-0.0075,long,close0p75_wick0p25,9,36.0,1m_conservative,34,1.0662783290372673,1.0616606793752263,0.06627832903726727,-0.09611834989768997,0.47058823529411764,1.3363228540457175,0.0020855786184990847,0.01760923609220434,0.011713228024794476,1.503363210801432,-0.027274243793937007,0.07755944026126306,34,0,inf,1.0,0.0,0.47058823529411764,0.0,1.503363210801432,0.0
pbm0p0075__long__close0p75_wick0p25__deadline9__maxhold36,-0.0075,long,close0p75_wick0p25,9,36.0,1m_optimistic,34,1.0662783290372673,1.0616606793752263,0.06627832903726727,-0.09611834989768997,0.47058823529411764,1.3363228540457175,0.0020855786184990847,0.01760923609220434,0.011713228024794476,1.503363210801432,-0.027274243793937007,0.07755944026126306,34,0,inf,1.0,0.0,0.47058823529411764,0.0,1.503363210801432,0.0
pbm0p0050__long__ret250_spread200__deadline9__maxholdnone,-0.005,long,ret250_spread200,9,,5m_conservative,107,1.00594748461134,1.005544151376519,0.0059474846113400925,-0.17384649942792096,0.4485981308411215,1.0320655620527839,0.00016594326283717476,0.011906129321160497,0.00938539454732417,1.26858058668988,-0.03373476112626046,0.07755944026126306,107,0,inf,1.0,0.0,0.4485981308411215,0.0,1.26858058668988,0.0
pbm0p0050__long__ret250_spread200__deadline9__maxholdnone,-0.005,long,ret250_spread200,9,,5m_optimistic,109,0.9954575857549184,0.9957641315383624,-0.004542414245081616,-0.17745301705893912,0.41284403669724773,1.0126493887026573,6.533320394336967e-05,0.012668859138581724,0.008796520968849225,1.440212463932668,-0.03373476112626046,0.07755944026126306,109,0,inf,1.0,0.0,0.41284403669724773,0.0,1.440212463932668,0.0
pbm0p0050__long__ret250_spread200__deadline9__maxholdnone,-0.005,long,ret250_spread200,9,,1m_conservative,107,0.9977447005343287,0.9978970629119124,-0.0022552994656712677,-0.17384649942792096,0.4392523364485981,1.017091442744187,8.869241552963701e-05,0.01201582732753352,0.009254229932206736,1.2984146077585368,-0.03373476112626046,0.07755944026126306,107,0,inf,1.0,0.0,0.4392523364485981,0.0,1.2984146077585368,0.0
pbm0p0050__long__ret250_spread200__deadline9__maxholdnone,-0.005,long,ret250_spread200,9,,1m_optimistic,107,0.9977447005343287,0.9978970629119124,-0.0022552994656712677,-0.17384649942792096,0.4392523364485981,1.017091442744187,8.869241552963701e-05,0.01201582732753352,0.009254229932206736,1.2984146077585368,-0.03373476112626046,0.07755944026126306,107,0,inf,1.0,0.0,0.4392523364485981,0.0,1.2984146077585368,0.0
pbm0p0050__long__ret250_spread200__deadline9__maxhold36,-0.005,long,ret250_spread200,9,36.0,5m_conservative,107,1.00594748461134,1.005544151376519,0.0059474846113400925,-0.17384649942792096,0.4485981308411215,1.0320655620527839,0.00016594326283717476,0.011906129321160497,0.00938539454732417,1.26858058668988,-0.03373476112626046,0.07755944026126306,107,0,inf,1.0,0.0,0.4485981308411215,0.0,1.26858058668988,0.0
pbm0p0050__long__ret250_spread200__deadline9__maxhold36,-0.005,long,ret250_spread200,9,36.0,5m_optimistic,109,0.9954575857549184,0.9957641315383624,-0.004542414245081616,-0.17745301705893912,0.41284403669724773,1.0126493887026573,6.533320394336967e-05,0.012668859138581724,0.008796520968849225,1.440212463932668,-0.03373476112626046,0.07755944026126306,109,0,inf,1.0,0.0,0.41284403669724773,0.0,1.440212463932668,0.0
pbm0p0050__long__ret250_spread200__deadline9__maxhold36,-0.005,long,ret250_spread200,9,36.0,1m_conservative,107,0.9977447005343287,0.9978970629119124,-0.0022552994656712677,-0.17384649942792096,0.4392523364485981,1.017091442744187,8.869241552963701e-05,0.01201582732753352,0.009254229932206736,1.2984146077585368,-0.03373476112626046,0.07755944026126306,107,0,inf,1.0,0.0,0.4392523364485981,0.0,1.2984146077585368,0.0
pbm0p0050__long__ret250_spread200__deadline9__maxhold36,-0.005,long,ret250_spread200,9,36.0,1m_optimistic,107,0.9977447005343287,0.9978970629119124,-0.0022552994656712677,-0.17384649942792096,0.4392523364485981,1.017091442744187,8.869241552963701e-05,0.01201582732753352,0.009254229932206736,1.2984146077585368,-0.03373476112626046,0.07755944026126306,107,0,inf,1.0,0.0,0.4392523364485981,0.0,1.2984146077585368,0.0
pbm0p0050__long__spread125_wick0p25__deadline9__maxholdnone,-0.005,long,spread125_wick0p25,9,,5m_conservative,106,1.0146561383395578,1.013658226303533,0.014656138339557812,-0.1411803968226344,0.4716981132075472,1.046655147094328,0.00026176730952379574,0.012449597785135632,0.0106202241865582,1.1722537647456475,-0.03892276407195153,0.07755944026126306,106,0,inf,1.0,0.0,0.4716981132075472,0.0,1.1722537647456475,0.0
pbm0p0050__long__spread125_wick0p25__deadline9__maxholdnone,-0.005,long,spread125_wick0p25,9,,5m_optimistic,106,1.0418540350506091,1.038969079628065,0.04185403505060914,-0.12742509402871438,0.4528301886792453,1.095779393868595,0.0005056854396717546,0.012776035853543278,0.009649087316635715,1.3240667675912188,-0.03892276407195153,0.07755944026126306,106,0,inf,1.0,0.0,0.4528301886792453,0.0,1.3240667675912188,0.0
pbm0p0050__long__spread125_wick0p25__deadline9__maxholdnone,-0.005,long,spread125_wick0p25,9,,1m_conservative,106,1.0056338743141868,1.0052518642779633,0.005633874314186826,-0.1411803968226344,0.46226415094339623,1.0315015787268886,0.00017719580739265214,0.012551649544309361,0.010460492492763816,1.1999099997435236,-0.03892276407195153,0.07755944026126306,106,0,inf,1.0,0.0,0.46226415094339623,0.0,1.1999099997435236,0.0
pbm0p0050__long__spread125_wick0p25__deadline9__maxholdnone,-0.005,long,spread125_wick0p25,9,,1m_optimistic,106,1.0056338743141868,1.0052518642779633,0.005633874314186826,-0.1411803968226344,0.46226415094339623,1.0315015787268886,0.00017719580739265214,0.012551649544309361,0.010460492492763816,1.1999099997435236,-0.03892276407195153,0.07755944026126306,106,0,inf,1.0,0.0,0.46226415094339623,0.0,1.1999099997435236,0.0
pbm0p0050__long__spread125_wick0p25__deadline9__maxhold36,-0.005,long,spread125_wick0p25,9,36.0,5m_conservative,106,1.0146561383395578,1.013658226303533,0.014656138339557812,-0.1411803968226344,0.4716981132075472,1.046655147094328,0.00026176730952379574,0.012449597785135632,0.0106202241865582,1.1722537647456475,-0.03892276407195153,0.07755944026126306,106,0,inf,1.0,0.0,0.4716981132075472,0.0,1.1722537647456475,0.0
pbm0p0050__long__spread125_wick0p25__deadline9__maxhold36,-0.005,long,spread125_wick0p25,9,36.0,5m_optimistic,106,1.0418540350506091,1.038969079628065,0.04185403505060914,-0.12742509402871438,0.4528301886792453,1.095779393868595,0.0005056854396717546,0.012776035853543278,0.009649087316635715,1.3240667675912188,-0.03892276407195153,0.07755944026126306,106,0,inf,1.0,0.0,0.4528301886792453,0.0,1.3240667675912188,0.0
pbm0p0050__long__spread125_wick0p25__deadline9__maxhold36,-0.005,long,spread125_wick0p25,9,36.0,1m_conservative,106,1.0056338743141868,1.0052518642779633,0.005633874314186826,-0.1411803968226344,0.46226415094339623,1.0315015787268886,0.00017719580739265214,0.012551649544309361,0.010460492492763816,1.1999099997435236,-0.03892276407195153,0.07755944026126306,106,0,inf,1.0,0.0,0.46226415094339623,0.0,1.1999099997435236,0.0
pbm0p0050__long__spread125_wick0p25__deadline9__maxhold36,-0.005,long,spread125_wick0p25,9,36.0,1m_optimistic,106,1.0056338743141868,1.0052518642779633,0.005633874314186826,-0.1411803968226344,0.46226415094339623,1.0315015787268886,0.00017719580739265214,0.012551649544309361,0.010460492492763816,1.1999099997435236,-0.03892276407195153,0.07755944026126306,106,0,inf,1.0,0.0,0.46226415094339623,0.0,1.1999099997435236,0.0
pbm0p0050__long__ret250_spread200_close0p6__deadline9__maxholdnone,-0.005,long,ret250_spread200_close0p6,9,,5m_conservative,106,1.0153632019703855,1.0143168082908567,0.015363201970385543,-0.17384649942792096,0.4528301886792453,1.0496435552035048,0.0002549922609592873,0.011906129321160497,0.009387328064724473,1.2683192958709018,-0.03373476112626046,0.07755944026126306,106,0,inf,1.0,0.0,0.4528301886792453,0.0,1.2683192958709018,0.0
pbm0p0050__long__ret250_spread200_close0p6__deadline9__maxholdnone,-0.005,long,ret250_spread200_close0p6,9,,5m_optimistic,108,1.004775117150712,1.0044514647416145,0.004775117150711994,-0.17745301705893912,0.4166666666666667,1.0296089012534853,0.00015180157192531518,0.012668859138581724,0.008788953832829264,1.4414524617548792,-0.03373476112626046,0.07755944026126306,108,0,inf,1.0,0.0,0.4166666666666667,0.0,1.4414524617548792,0.0
pbm0p0050__long__ret250_spread200_close0p6__deadline9__maxholdnone,-0.005,long,ret250_spread200_close0p6,9,,1m_conservative,106,1.0070836394356437,1.0066030044230512,0.007083639435643718,-0.17384649942792096,0.44339622641509435,1.0343663142543427,0.00017701263207337678,0.01201582732753352,0.00925390754905589,1.2984598412980048,-0.03373476112626046,0.07755944026126306,106,0,inf,1.0,0.0,0.44339622641509435,0.0,1.2984598412980048,0.0
pbm0p0050__long__ret250_spread200_close0p6__deadline9__maxholdnone,-0.005,long,ret250_spread200_close0p6,9,,1m_optimistic,106,1.0070836394356437,1.0066030044230512,0.007083639435643718,-0.17384649942792096,0.44339622641509435,1.0343663142543427,0.00017701263207337678,0.01201582732753352,0.00925390754905589,1.2984598412980048,-0.03373476112626046,0.07755944026126306,106,0,inf,1.0,0.0,0.44339622641509435,0.0,1.2984598412980048,0.0
pbm0p0050__long__ret250_spread200_close0p6__deadline9__maxhold36,-0.005,long,ret250_spread200_close0p6,9,36.0,5m_conservative,106,1.0153632019703855,1.0143168082908567,0.015363201970385543,-0.17384649942792096,0.4528301886792453,1.0496435552035048,0.0002549922609592873,0.011906129321160497,0.009387328064724473,1.2683192958709018,-0.03373476112626046,0.07755944026126306,106,0,inf,1.0,0.0,0.4528301886792453,0.0,1.2683192958709018,0.0
pbm0p0050__long__ret250_spread200_close0p6__deadline9__maxhold36,-0.005,long,ret250_spread200_close0p6,9,36.0,5m_optimistic,108,1.004775117150712,1.0044514647416145,0.004775117150711994,-0.17745301705893912,0.4166666666666667,1.0296089012534853,0.00015180157192531518,0.012668859138581724,0.008788953832829264,1.4414524617548792,-0.03373476112626046,0.07755944026126306,108,0,inf,1.0,0.0,0.4166666666666667,0.0,1.4414524617548792,0.0
pbm0p0050__long__ret250_spread200_close0p6__deadline9__maxhold36,-0.005,long,ret250_spread200_close0p6,9,36.0,1m_conservative,106,1.0070836394356437,1.0066030044230512,0.007083639435643718,-0.17384649942792096,0.44339622641509435,1.0343663142543427,0.00017701263207337678,0.01201582732753352,0.00925390754905589,1.2984598412980048,-0.03373476112626046,0.07755944026126306,106,0,inf,1.0,0.0,0.44339622641509435,0.0,1.2984598412980048,0.0
pbm0p0050__long__ret250_spread200_close0p6__deadline9__maxhold36,-0.005,long,ret250_spread200_close0p6,9,36.0,1m_optimistic,106,1.0070836394356437,1.0066030044230512,0.007083639435643718,-0.17384649942792096,0.44339622641509435,1.0343663142543427,0.00017701263207337678,0.01201582732753352,0.00925390754905589,1.2984598412980048,-0.03373476112626046,0.07755944026126306,106,0,inf,1.0,0.0,0.44339622641509435,0.0,1.2984598412980048,0.0
