config_id,pullback_buffer,side_mode,filter_name,arm_deadline_bars,max_hold_bars,mode,trades,equity_multiple,annualized_multiple,total_return,max_dd,win_rate,profit_factor,avg_trade,avg_win,avg_loss_abs,payoff_ratio,worst_trade,best_trade,long_trades,short_trades,long_short_ratio,long_share,short_share,long_win_rate,short_win_rate,long_payoff_ratio,short_payoff_ratio,signal_count
pbm0p0125__both__none__deadline9__maxholdnone,-0.0125,both,none,9,,5m_conservative,13,0.9859696305340755,0.9869122480909018,-0.014030369465924508,-0.06472551088123213,0.5384615384615384,0.8509210576606625,-0.0009633293616790571,0.010211583151740481,0.014000727294001853,0.729360906566282,-0.030534993377596048,0.021077577092108283,7,6,1.1666666666666667,0.5384615384615384,0.46153846153846156,0.42857142857142855,0.6666666666666666,2.1755328864641434,0.26580272481732425,13
pbm0p0125__both__none__deadline9__maxhold36,-0.0125,both,none,9,36.0,5m_conservative,13,0.9859696305340755,0.9869122480909018,-0.014030369465924508,-0.06472551088123213,0.5384615384615384,0.8509210576606625,-0.0009633293616790571,0.010211583151740481,0.014000727294001853,0.729360906566282,-0.030534993377596048,0.021077577092108283,7,6,1.1666666666666667,0.5384615384615384,0.46153846153846156,0.42857142857142855,0.6666666666666666,2.1755328864641434,0.26580272481732425,13
pbm0p0125__both__ret192_ge_250__deadline9__maxholdnone,-0.0125,both,ret192_ge_250,9,,5m_conservative,8,0.9957656667314531,0.9960514628623022,-0.0042343332685469415,-0.05563887933126388,0.625,0.909277641522647,-0.0004392741061224857,0.007044298757673616,0.012911895545782657,0.5455665849135882,-0.029084982812558686,0.021077577092108283,3,5,0.6,0.375,0.625,0.3333333333333333,0.8,0.7309704250862454,0.2724284251260488,8
pbm0p0125__both__ret192_ge_250__deadline9__maxhold36,-0.0125,both,ret192_ge_250,9,36.0,5m_conservative,8,0.9957656667314531,0.9960514628623022,-0.0042343332685469415,-0.05563887933126388,0.625,0.909277641522647,-0.0004392741061224857,0.007044298757673616,0.012911895545782657,0.5455665849135882,-0.029084982812558686,0.021077577092108283,3,5,0.6,0.375,0.625,0.3333333333333333,0.8,0.7309704250862454,0.2724284251260488,8
pbm0p0125__both__ret192_ge_500__deadline9__maxholdnone,-0.0125,both,ret192_ge_500,9,,5m_conservative,6,0.9940633661787537,0.9944637392349386,-0.005936633821246318,-0.05563887933126388,0.6666666666666666,0.8627166056952155,-0.0008713672536539214,0.008213771991796619,0.019041645744555004,0.43135830284760773,-0.029084982812558686,0.021077577092108283,2,4,0.5,0.3333333333333333,0.6666666666666666,0.5,0.75,0.391983612185403,0.3361173085735165,6
pbm0p0125__both__ret192_ge_500__deadline9__maxhold36,-0.0125,both,ret192_ge_500,9,36.0,5m_conservative,6,0.9940633661787537,0.9944637392349386,-0.005936633821246318,-0.05563887933126388,0.6666666666666666,0.8627166056952155,-0.0008713672536539214,0.008213771991796619,0.019041645744555004,0.43135830284760773,-0.029084982812558686,0.021077577092108283,2,4,0.5,0.3333333333333333,0.6666666666666666,0.5,0.75,0.391983612185403,0.3361173085735165,6
pbm0p0125__both__spread_le_125__deadline9__maxholdnone,-0.0125,both,spread_le_125,9,,5m_conservative,8,0.9610010898766637,0.9635899037710233,-0.03899891012333634,-0.08200585509268377,0.5,0.5231327000133952,-0.004803149101718177,0.010538295908397683,0.020144594111834037,0.5231327000133952,-0.030534993377596048,0.018973412823746587,5,3,1.6666666666666667,0.625,0.375,0.6,0.3333333333333333,1.2655793484293933,0.07938298444246548,8
pbm0p0125__both__spread_le_125__deadline9__maxhold36,-0.0125,both,spread_le_125,9,36.0,5m_conservative,8,0.9610010898766637,0.9635899037710233,-0.03899891012333634,-0.08200585509268377,0.5,0.5231327000133952,-0.004803149101718177,0.010538295908397683,0.020144594111834037,0.5231327000133952,-0.030534993377596048,0.018973412823746587,5,3,1.6666666666666667,0.625,0.375,0.6,0.3333333333333333,1.2655793484293933,0.07938298444246548,8
pbm0p0125__both__spread_le_200__deadline9__maxholdnone,-0.0125,both,spread_le_200,9,,5m_conservative,11,0.9583570997817752,0.9611178521002167,-0.04164290021822481,-0.08198532240573464,0.45454545454545453,0.5098352545714572,-0.003743270689024837,0.00856567723694758,0.014000727294001853,0.6118023054857487,-0.030534993377596048,0.018973412823746587,7,4,1.75,0.6363636363636364,0.36363636363636365,0.42857142857142855,0.5,2.1755328864641434,0.05101659823928349,11
pbm0p0125__both__spread_le_200__deadline9__maxhold36,-0.0125,both,spread_le_200,9,36.0,5m_conservative,11,0.9583570997817752,0.9611178521002167,-0.04164290021822481,-0.08198532240573464,0.45454545454545453,0.5098352545714572,-0.003743270689024837,0.00856567723694758,0.014000727294001853,0.6118023054857487,-0.030534993377596048,0.018973412823746587,7,4,1.75,0.6363636363636364,0.36363636363636365,0.42857142857142855,0.5,2.1755328864641434,0.05101659823928349,11
pbm0p0125__both__adverse_wick_le_0p25__deadline9__maxholdnone,-0.0125,both,adverse_wick_le_0p25,9,,5m_conservative,6,1.0370495864614482,1.034501255796834,0.03704958646144818,-0.0292358675866784,0.6666666666666666,3.921991113210667,0.0061422623562066596,0.012366515216527003,0.006306243364434031,1.9609955566053334,-0.011960091580630097,0.021077577092108283,4,2,2.0,0.6666666666666666,0.3333333333333333,0.5,1.0,1.650218980292278,inf,6
pbm0p0125__both__adverse_wick_le_0p25__deadline9__maxhold36,-0.0125,both,adverse_wick_le_0p25,9,36.0,5m_conservative,6,1.0370495864614482,1.034501255796834,0.03704958646144818,-0.0292358675866784,0.6666666666666666,3.921991113210667,0.0061422623562066596,0.012366515216527003,0.006306243364434031,1.9609955566053334,-0.011960091580630097,0.021077577092108283,4,2,2.0,0.6666666666666666,0.3333333333333333,0.5,1.0,1.650218980292278,inf,6
pbm0p0125__both__close_pos_ge_0p6__deadline9__maxholdnone,-0.0125,both,close_pos_ge_0p6,9,,5m_conservative,13,0.9859696305340755,0.9869122480909018,-0.014030369465924508,-0.06472551088123213,0.5384615384615384,0.8509210576606625,-0.0009633293616790571,0.010211583151740481,0.014000727294001853,0.729360906566282,-0.030534993377596048,0.021077577092108283,7,6,1.1666666666666667,0.5384615384615384,0.46153846153846156,0.42857142857142855,0.6666666666666666,2.1755328864641434,0.26580272481732425,13
pbm0p0125__both__close_pos_ge_0p6__deadline9__maxhold36,-0.0125,both,close_pos_ge_0p6,9,36.0,5m_conservative,13,0.9859696305340755,0.9869122480909018,-0.014030369465924508,-0.06472551088123213,0.5384615384615384,0.8509210576606625,-0.0009633293616790571,0.010211583151740481,0.014000727294001853,0.729360906566282,-0.030534993377596048,0.021077577092108283,7,6,1.1666666666666667,0.5384615384615384,0.46153846153846156,0.42857142857142855,0.6666666666666666,2.1755328864641434,0.26580272481732425,13
pbm0p0125__both__ret250_spread200__deadline9__maxholdnone,-0.0125,both,ret250_spread200,9,,5m_conservative,6,0.9678787935020885,0.9700182001179483,-0.0321212064979115,-0.05563887933126388,0.5,0.1695800044135307,-0.005361148121070893,0.0021895993036408702,0.012911895545782657,0.1695800044135307,-0.029084982812558686,0.003527189538593839,3,3,1.0,0.5,0.5,0.3333333333333333,0.6666666666666666,0.7309704250862454,0.052288295852377584,6
pbm0p0125__both__ret250_spread200__deadline9__maxhold36,-0.0125,both,ret250_spread200,9,36.0,5m_conservative,6,0.9678787935020885,0.9700182001179483,-0.0321212064979115,-0.05563887933126388,0.5,0.1695800044135307,-0.005361148121070893,0.0021895993036408702,0.012911895545782657,0.1695800044135307,-0.029084982812558686,0.003527189538593839,3,3,1.0,0.5,0.5,0.3333333333333333,0.6666666666666666,0.7309704250862454,0.052288295852377584,6
pbm0p0125__both__ret250_spread200_close0p6__deadline9__maxholdnone,-0.0125,both,ret250_spread200_close0p6,9,,5m_conservative,6,0.9678787935020885,0.9700182001179483,-0.0321212064979115,-0.05563887933126388,0.5,0.1695800044135307,-0.005361148121070893,0.0021895993036408702,0.012911895545782657,0.1695800044135307,-0.029084982812558686,0.003527189538593839,3,3,1.0,0.5,0.5,0.3333333333333333,0.6666666666666666,0.7309704250862454,0.052288295852377584,6
pbm0p0125__both__ret250_spread200_close0p6__deadline9__maxhold36,-0.0125,both,ret250_spread200_close0p6,9,36.0,5m_conservative,6,0.9678787935020885,0.9700182001179483,-0.0321212064979115,-0.05563887933126388,0.5,0.1695800044135307,-0.005361148121070893,0.0021895993036408702,0.012911895545782657,0.1695800044135307,-0.029084982812558686,0.003527189538593839,3,3,1.0,0.5,0.5,0.3333333333333333,0.6666666666666666,0.7309704250862454,0.052288295852377584,6
pbm0p0125__both__close0p75_wick0p25__deadline9__maxholdnone,-0.0125,both,close0p75_wick0p25,9,,5m_conservative,5,1.049602933671457,1.0461721174021494,0.04960293367145696,-0.01748489697514899,0.8,75.82223902141128,0.00976273314357401,0.012366515216527003,0.0006523951482379648,18.95555975535282,-0.0006523951482379648,0.021077577092108283,3,2,1.5,0.6,0.4,0.6666666666666666,1.0,15.95150197305786,inf,5
pbm0p0125__both__close0p75_wick0p25__deadline9__maxhold36,-0.0125,both,close0p75_wick0p25,9,36.0,5m_conservative,5,1.049602933671457,1.0461721174021494,0.04960293367145696,-0.01748489697514899,0.8,75.82223902141128,0.00976273314357401,0.012366515216527003,0.0006523951482379648,18.95555975535282,-0.0006523951482379648,0.021077577092108283,3,2,1.5,0.6,0.4,0.6666666666666666,1.0,15.95150197305786,inf,5
pbm0p0125__long__none__deadline9__maxholdnone,-0.0125,long,none,9,,5m_conservative,7,1.0150662026907187,1.0140401773126932,0.015066202690718677,-0.02938307873572421,0.42857142857142855,1.6316496648481074,0.0022003414626503917,0.013262259270803043,0.006096096893464097,2.1755328864641434,-0.011960091580630097,0.018973412823746587,7,0,inf,1.0,0.0,0.42857142857142855,0.0,2.1755328864641434,0.0,7
pbm0p0125__long__none__deadline9__maxhold36,-0.0125,long,none,9,36.0,5m_conservative,7,1.0150662026907187,1.0140401773126932,0.015066202690718677,-0.02938307873572421,0.42857142857142855,1.6316496648481074,0.0022003414626503917,0.013262259270803043,0.006096096893464097,2.1755328864641434,-0.011960091580630097,0.018973412823746587,7,0,inf,1.0,0.0,0.42857142857142855,0.0,2.1755328864641434,0.0,7
pbm0p0125__long__spread_le_125__deadline9__maxholdnone,-0.0125,long,spread_le_125,9,,5m_conservative,5,1.018553912425065,1.0172883540134483,0.0185539124250651,-0.028749439582384184,0.6,1.89836902264409,0.0037656755110455423,0.013262259270803043,0.010479200128590709,1.2655793484293933,-0.011960091580630097,0.018973412823746587,5,0,inf,1.0,0.0,0.6,0.0,1.2655793484293933,0.0,5
pbm0p0125__long__spread_le_125__deadline9__maxhold36,-0.0125,long,spread_le_125,9,36.0,5m_conservative,5,1.018553912425065,1.0172883540134483,0.0185539124250651,-0.028749439582384184,0.6,1.89836902264409,0.0037656755110455423,0.013262259270803043,0.010479200128590709,1.2655793484293933,-0.011960091580630097,0.018973412823746587,5,0,inf,1.0,0.0,0.6,0.0,1.2655793484293933,0.0,5
pbm0p0125__long__spread_le_200__deadline9__maxholdnone,-0.0125,long,spread_le_200,9,,5m_conservative,7,1.0150662026907187,1.0140401773126932,0.015066202690718677,-0.02938307873572421,0.42857142857142855,1.6316496648481074,0.0022003414626503917,0.013262259270803043,0.006096096893464097,2.1755328864641434,-0.011960091580630097,0.018973412823746587,7,0,inf,1.0,0.0,0.42857142857142855,0.0,2.1755328864641434,0.0,7
pbm0p0125__long__spread_le_200__deadline9__maxhold36,-0.0125,long,spread_le_200,9,36.0,5m_conservative,7,1.0150662026907187,1.0140401773126932,0.015066202690718677,-0.02938307873572421,0.42857142857142855,1.6316496648481074,0.0022003414626503917,0.013262259270803043,0.006096096893464097,2.1755328864641434,-0.011960091580630097,0.018973412823746587,7,0,inf,1.0,0.0,0.42857142857142855,0.0,2.1755328864641434,0.0,7
pbm0p0125__long__close_pos_ge_0p6__deadline9__maxholdnone,-0.0125,long,close_pos_ge_0p6,9,,5m_conservative,7,1.0150662026907187,1.0140401773126932,0.015066202690718677,-0.02938307873572421,0.42857142857142855,1.6316496648481074,0.0022003414626503917,0.013262259270803043,0.006096096893464097,2.1755328864641434,-0.011960091580630097,0.018973412823746587,7,0,inf,1.0,0.0,0.42857142857142855,0.0,2.1755328864641434,0.0,7
pbm0p0125__long__close_pos_ge_0p6__deadline9__maxhold36,-0.0125,long,close_pos_ge_0p6,9,36.0,5m_conservative,7,1.0150662026907187,1.0140401773126932,0.015066202690718677,-0.02938307873572421,0.42857142857142855,1.6316496648481074,0.0022003414626503917,0.013262259270803043,0.006096096893464097,2.1755328864641434,-0.011960091580630097,0.018973412823746587,7,0,inf,1.0,0.0,0.42857142857142855,0.0,2.1755328864641434,0.0,7
pbm0p0125__short__none__deadline9__maxholdnone,-0.0125,short,none,9,,5m_conservative,6,0.971335296082645,0.973247678120917,-0.028664703917354983,-0.05563887933126388,0.6666666666666666,0.5316054496346485,-0.004654278656730082,0.00792357606244356,0.029809988095077365,0.26580272481732425,-0.030534993377596048,0.021077577092108283,0,6,0.0,0.0,1.0,0.0,0.6666666666666666,0.0,0.26580272481732425,6
pbm0p0125__short__none__deadline9__maxhold36,-0.0125,short,none,9,36.0,5m_conservative,6,0.971335296082645,0.973247678120917,-0.028664703917354983,-0.05563887933126388,0.6666666666666666,0.5316054496346485,-0.004654278656730082,0.00792357606244356,0.029809988095077365,0.26580272481732425,-0.030534993377596048,0.021077577092108283,0,6,0.0,0.0,1.0,0.0,0.6666666666666666,0.0,0.26580272481732425,6
pbm0p0125__short__ret192_ge_250__deadline9__maxholdnone,-0.0125,short,ret192_ge_250,9,,5m_conservative,5,1.0019291974929112,1.0017986112044936,0.0019291974929112055,-0.05563887933126388,0.8,1.0897137005041952,0.0005218642874431116,0.00792357606244356,0.029084982812558686,0.2724284251260488,-0.029084982812558686,0.021077577092108283,0,5,0.0,0.0,1.0,0.0,0.8,0.0,0.2724284251260488,5
pbm0p0125__short__ret192_ge_250__deadline9__maxhold36,-0.0125,short,ret192_ge_250,9,36.0,5m_conservative,5,1.0019291974929112,1.0017986112044936,0.0019291974929112055,-0.05563887933126388,0.8,1.0897137005041952,0.0005218642874431116,0.00792357606244356,0.029084982812558686,0.2724284251260488,-0.029084982812558686,0.021077577092108283,0,5,0.0,0.0,1.0,0.0,0.8,0.0,0.2724284251260488,5
pbm0p0125__short__close_pos_ge_0p6__deadline9__maxholdnone,-0.0125,short,close_pos_ge_0p6,9,,5m_conservative,6,0.971335296082645,0.973247678120917,-0.028664703917354983,-0.05563887933126388,0.6666666666666666,0.5316054496346485,-0.004654278656730082,0.00792357606244356,0.029809988095077365,0.26580272481732425,-0.030534993377596048,0.021077577092108283,0,6,0.0,0.0,1.0,0.0,0.6666666666666666,0.0,0.26580272481732425,6
pbm0p0125__short__close_pos_ge_0p6__deadline9__maxhold36,-0.0125,short,close_pos_ge_0p6,9,36.0,5m_conservative,6,0.971335296082645,0.973247678120917,-0.028664703917354983,-0.05563887933126388,0.6666666666666666,0.5316054496346485,-0.004654278656730082,0.00792357606244356,0.029809988095077365,0.26580272481732425,-0.030534993377596048,0.021077577092108283,0,6,0.0,0.0,1.0,0.0,0.6666666666666666,0.0,0.26580272481732425,6
pbm0p0100__both__none__deadline9__maxholdnone,-0.01,both,none,9,,5m_conservative,37,1.0435231368960156,1.0405209090668186,0.04352313689601561,-0.09825430047133699,0.5675675675675675,1.217342193529374,0.0013301110626659737,0.013126198395275365,0.014152253561383853,0.9274988141176184,-0.030534993377596048,0.07755944026126306,20,17,1.1764705882352942,0.5405405405405406,0.4594594594594595,0.55,0.5882352941176471,1.3352887743412727,0.6253810426319525,39
pbm0p0100__both__none__deadline9__maxhold36,-0.01,both,none,9,36.0,5m_conservative,37,1.0435231368960156,1.0405209090668186,0.04352313689601561,-0.09825430047133699,0.5675675675675675,1.217342193529374,0.0013301110626659737,0.013126198395275365,0.014152253561383853,0.9274988141176184,-0.030534993377596048,0.07755944026126306,20,17,1.1764705882352942,0.5405405405405406,0.4594594594594595,0.55,0.5882352941176471,1.3352887743412727,0.6253810426319525,39
pbm0p0100__both__ret192_ge_250__deadline9__maxholdnone,-0.01,both,ret192_ge_250,9,,5m_conservative,25,1.0905116917689595,1.084140173708606,0.09051169176895946,-0.07394444350516927,0.64,1.7589215985295195,0.003669498176483512,0.013288509500864971,0.013430966400194637,0.9893933991728546,-0.029084982812558686,0.07755944026126306,12,13,0.9230769230769231,0.48,0.52,0.6666666666666666,0.6153846153846154,1.617941291998159,0.6911825716615954,26
pbm0p0100__both__ret192_ge_250__deadline9__maxhold36,-0.01,both,ret192_ge_250,9,36.0,5m_conservative,25,1.0905116917689595,1.084140173708606,0.09051169176895946,-0.07394444350516927,0.64,1.7589215985295195,0.003669498176483512,0.013288509500864971,0.013430966400194637,0.9893933991728546,-0.029084982812558686,0.07755944026126306,12,13,0.9230769230769231,0.48,0.52,0.6666666666666666,0.6153846153846154,1.617941291998159,0.6911825716615954,26
pbm0p0100__both__ret192_ge_500__deadline9__maxholdnone,-0.01,both,ret192_ge_500,9,,5m_conservative,17,0.9861711396367162,0.9871003077249619,-0.01382886036328379,-0.07394444350516927,0.6470588235294118,0.8737838760472391,-0.0007327953843433906,0.0078402181842635,0.016449986926789357,0.4766093869348577,-0.029084982812558686,0.021077577092108283,8,9,0.8888888888888888,0.47058823529411764,0.5294117647058824,0.75,0.5555555555555556,0.4799791779957519,0.5383386019265116,17
pbm0p0100__both__ret192_ge_500__deadline9__maxhold36,-0.01,both,ret192_ge_500,9,36.0,5m_conservative,17,0.9861711396367162,0.9871003077249619,-0.01382886036328379,-0.07394444350516927,0.6470588235294118,0.8737838760472391,-0.0007327953843433906,0.0078402181842635,0.016449986926789357,0.4766093869348577,-0.029084982812558686,0.021077577092108283,8,9,0.8888888888888888,0.47058823529411764,0.5294117647058824,0.75,0.5555555555555556,0.4799791779957519,0.5383386019265116,17
pbm0p0100__both__spread_le_125__deadline9__maxholdnone,-0.01,both,spread_le_125,9,,5m_conservative,27,1.016497521417739,1.0153732854173458,0.01649752141773897,-0.09459178916327249,0.5555555555555556,1.1103028965800055,0.0008359049894105521,0.01514551265299785,0.01705110459007357,0.8882423172640044,-0.030534993377596048,0.07755944026126306,15,12,1.25,0.5555555555555556,0.4444444444444444,0.6,0.5,1.1693619238750517,0.649865184648879,28
pbm0p0100__both__spread_le_125__deadline9__maxhold36,-0.01,both,spread_le_125,9,36.0,5m_conservative,27,1.016497521417739,1.0153732854173458,0.01649752141773897,-0.09459178916327249,0.5555555555555556,1.1103028965800055,0.0008359049894105521,0.01514551265299785,0.01705110459007357,0.8882423172640044,-0.030534993377596048,0.07755944026126306,15,12,1.25,0.5555555555555556,0.4444444444444444,0.6,0.5,1.1693619238750517,0.649865184648879,28
pbm0p0100__both__spread_le_200__deadline9__maxholdnone,-0.01,both,spread_le_200,9,,5m_conservative,34,1.0075237549754514,1.0070131536393212,0.0075237549754514355,-0.0951824730871973,0.5294117647058824,1.0611076161018451,0.00040696963652000497,0.013348501367990102,0.014152253561383853,0.9432067698683066,-0.030534993377596048,0.07755944026126306,20,14,1.4285714285714286,0.5882352941176471,0.4117647058823529,0.55,0.5,1.3352887743412727,0.6151184555283228,35
pbm0p0100__both__spread_le_200__deadline9__maxhold36,-0.01,both,spread_le_200,9,36.0,5m_conservative,34,1.0075237549754514,1.0070131536393212,0.0075237549754514355,-0.0951824730871973,0.5294117647058824,1.0611076161018451,0.00040696963652000497,0.013348501367990102,0.014152253561383853,0.9432067698683066,-0.030534993377596048,0.07755944026126306,20,14,1.4285714285714286,0.5882352941176471,0.4117647058823529,0.55,0.5,1.3352887743412727,0.6151184555283228,35
pbm0p0100__both__adverse_wick_le_0p25__deadline9__maxholdnone,-0.01,both,adverse_wick_le_0p25,9,,5m_conservative,21,1.07450484049522,1.0692956394465742,0.07450484049521999,-0.055607122763849715,0.5714285714285714,1.6889788201580884,0.0036306048941363842,0.01557526230779543,0.012295604990742344,1.2667341151185663,-0.019384072229638824,0.07755944026126306,11,10,1.1,0.5238095238095238,0.47619047619047616,0.5454545454545454,0.6,1.7794077463332003,0.8219606421713418,21
pbm0p0100__both__adverse_wick_le_0p25__deadline9__maxhold36,-0.01,both,adverse_wick_le_0p25,9,36.0,5m_conservative,21,1.07450484049522,1.0692956394465742,0.07450484049521999,-0.055607122763849715,0.5714285714285714,1.6889788201580884,0.0036306048941363842,0.01557526230779543,0.012295604990742344,1.2667341151185663,-0.019384072229638824,0.07755944026126306,11,10,1.1,0.5238095238095238,0.47619047619047616,0.5454545454545454,0.6,1.7794077463332003,0.8219606421713418,21
pbm0p0100__both__close_pos_ge_0p6__deadline9__maxholdnone,-0.01,both,close_pos_ge_0p6,9,,5m_conservative,37,1.0435231368960156,1.0405209090668186,0.04352313689601561,-0.09825430047133699,0.5675675675675675,1.217342193529374,0.0013301110626659737,0.013126198395275365,0.014152253561383853,0.9274988141176184,-0.030534993377596048,0.07755944026126306,20,17,1.1764705882352942,0.5405405405405406,0.4594594594594595,0.55,0.5882352941176471,1.3352887743412727,0.6253810426319525,39
pbm0p0100__both__close_pos_ge_0p6__deadline9__maxhold36,-0.01,both,close_pos_ge_0p6,9,36.0,5m_conservative,37,1.0435231368960156,1.0405209090668186,0.04352313689601561,-0.09825430047133699,0.5675675675675675,1.217342193529374,0.0013301110626659737,0.013126198395275365,0.014152253561383853,0.9274988141176184,-0.030534993377596048,0.07755944026126306,20,17,1.1764705882352942,0.5405405405405406,0.4594594594594595,0.55,0.5882352941176471,1.3352887743412727,0.6253810426319525,39
pbm0p0100__both__ret250_spread200__deadline9__maxholdnone,-0.01,both,ret250_spread200,9,,5m_conservative,22,1.0528913022511912,1.0492277529458822,0.05289130225119121,-0.07394444350516927,0.5909090909090909,1.4662551289294352,0.0025618323970512257,0.013633770025913745,0.013430966400194637,1.0150997046434551,-0.029084982812558686,0.07755944026126306,12,10,1.2,0.5454545454545454,0.45454545454545453,0.6666666666666666,0.5,1.617941291998159,0.6838249124257937,22
pbm0p0100__both__ret250_spread200__deadline9__maxhold36,-0.01,both,ret250_spread200,9,36.0,5m_conservative,22,1.0528913022511912,1.0492277529458822,0.05289130225119121,-0.07394444350516927,0.5909090909090909,1.4662551289294352,0.0025618323970512257,0.013633770025913745,0.013430966400194637,1.0150997046434551,-0.029084982812558686,0.07755944026126306,12,10,1.2,0.5454545454545454,0.45454545454545453,0.6666666666666666,0.5,1.617941291998159,0.6838249124257937,22
pbm0p0100__both__ret500_wick0p25__deadline9__maxholdnone,-0.01,both,ret500_wick0p25,9,,5m_conservative,10,0.9932408666786167,0.9936965339283077,-0.006759133321383337,-0.04576822571139638,0.6,0.9024168310586894,-0.0005915162852932418,0.00911691120311562,0.015154157517906535,0.601611220705793,-0.019384072229638824,0.021077577092108283,3,7,0.42857142857142855,0.3,0.7,0.6666666666666666,0.5714285714285714,0.18850751883467054,0.8285032304179697,10
pbm0p0100__both__ret500_wick0p25__deadline9__maxhold36,-0.01,both,ret500_wick0p25,9,36.0,5m_conservative,10,0.9932408666786167,0.9936965339283077,-0.006759133321383337,-0.04576822571139638,0.6,0.9024168310586894,-0.0005915162852932418,0.00911691120311562,0.015154157517906535,0.601611220705793,-0.019384072229638824,0.021077577092108283,3,7,0.42857142857142855,0.3,0.7,0.6666666666666666,0.5714285714285714,0.18850751883467054,0.8285032304179697,10
pbm0p0100__both__spread125_wick0p25__deadline9__maxholdnone,-0.01,both,spread125_wick0p25,9,,5m_conservative,15,1.0574806788522546,1.0534912398167664,0.05748067885225461,-0.048450305738433896,0.6,1.6540111669980104,0.003994318055515001,0.01683622289073159,0.015268539197309883,1.1026741113320069,-0.019384072229638824,0.07755944026126306,9,6,1.5,0.6,0.4,0.6666666666666666,0.5,1.3353836604439748,0.684605091180125,15
pbm0p0100__both__spread125_wick0p25__deadline9__maxhold36,-0.01,both,spread125_wick0p25,9,36.0,5m_conservative,15,1.0574806788522546,1.0534912398167664,0.05748067885225461,-0.048450305738433896,0.6,1.6540111669980104,0.003994318055515001,0.01683622289073159,0.015268539197309883,1.1026741113320069,-0.019384072229638824,0.07755944026126306,9,6,1.5,0.6,0.4,0.6666666666666666,0.5,1.3353836604439748,0.684605091180125,15
pbm0p0100__both__ret250_spread200_close0p6__deadline9__maxholdnone,-0.01,both,ret250_spread200_close0p6,9,,5m_conservative,22,1.0528913022511912,1.0492277529458822,0.05289130225119121,-0.07394444350516927,0.5909090909090909,1.4662551289294352,0.0025618323970512257,0.013633770025913745,0.013430966400194637,1.0150997046434551,-0.029084982812558686,0.07755944026126306,12,10,1.2,0.5454545454545454,0.45454545454545453,0.6666666666666666,0.5,1.617941291998159,0.6838249124257937,22
pbm0p0100__both__ret250_spread200_close0p6__deadline9__maxhold36,-0.01,both,ret250_spread200_close0p6,9,36.0,5m_conservative,22,1.0528913022511912,1.0492277529458822,0.05289130225119121,-0.07394444350516927,0.5909090909090909,1.4662551289294352,0.0025618323970512257,0.013633770025913745,0.013430966400194637,1.0150997046434551,-0.029084982812558686,0.07755944026126306,12,10,1.2,0.5454545454545454,0.45454545454545453,0.6666666666666666,0.5,1.617941291998159,0.6838249124257937,22
pbm0p0100__both__ret500_spread125_wick0p25__deadline9__maxholdnone,-0.01,both,ret500_spread125_wick0p25,9,,5m_conservative,6,0.9665501367791226,0.968776602745863,-0.033449863220877396,-0.06096460908019896,0.5,0.3661262705193716,-0.005576028129794217,0.006441441847244289,0.017593498106832722,0.3661262705193716,-0.019384072229638824,0.012972159952188372,3,3,1.0,0.5,0.5,0.6666666666666666,0.3333333333333333,0.18850751883467054,0.7220409970871418,6
pbm0p0100__both__ret500_spread125_wick0p25__deadline9__maxhold36,-0.01,both,ret500_spread125_wick0p25,9,36.0,5m_conservative,6,0.9665501367791226,0.968776602745863,-0.033449863220877396,-0.06096460908019896,0.5,0.3661262705193716,-0.005576028129794217,0.006441441847244289,0.017593498106832722,0.3661262705193716,-0.019384072229638824,0.012972159952188372,3,3,1.0,0.5,0.5,0.6666666666666666,0.3333333333333333,0.18850751883467054,0.7220409970871418,6
pbm0p0100__both__close0p75_wick0p25__deadline9__maxholdnone,-0.01,both,close0p75_wick0p25,9,,5m_conservative,20,1.087511578569912,1.0813590384547618,0.0875115785699121,-0.055607122763849604,0.6,1.8936421337539173,0.004410139717874709,0.01557526230779543,0.012337544167006373,1.2624280891692783,-0.019384072229638824,0.07755944026126306,10,10,1.0,0.5,0.5,0.6,0.6,1.8107634571117206,0.8219606421713418,20
pbm0p0100__both__close0p75_wick0p25__deadline9__maxhold36,-0.01,both,close0p75_wick0p25,9,36.0,5m_conservative,20,1.087511578569912,1.0813590384547618,0.0875115785699121,-0.055607122763849604,0.6,1.8936421337539173,0.004410139717874709,0.01557526230779543,0.012337544167006373,1.2624280891692783,-0.019384072229638824,0.07755944026126306,10,10,1.0,0.5,0.5,0.6,0.6,1.8107634571117206,0.8219606421713418,20
pbm0p0100__long__none__deadline9__maxholdnone,-0.01,long,none,9,,5m_conservative,20,1.0604037085492795,1.0562060538082596,0.060403708549279456,-0.06102218832360584,0.55,1.6320196130837779,0.0031382801200442387,0.014734107501600863,0.01103439779074719,1.3352887743412727,-0.02174879461040595,0.07755944026126306,20,0,inf,1.0,0.0,0.55,0.0,1.3352887743412727,0.0,21
pbm0p0100__long__none__deadline9__maxhold36,-0.01,long,none,9,36.0,5m_conservative,20,1.0604037085492795,1.0562060538082596,0.060403708549279456,-0.06102218832360584,0.55,1.6320196130837779,0.0031382801200442387,0.014734107501600863,0.01103439779074719,1.3352887743412727,-0.02174879461040595,0.07755944026126306,20,0,inf,1.0,0.0,0.55,0.0,1.3352887743412727,0.0,21
pbm0p0100__long__ret192_ge_250__deadline9__maxholdnone,-0.01,long,ret192_ge_250,9,,5m_conservative,12,1.0828335852762412,1.0770214554320583,0.08283358527624118,-0.04576822571139638,0.6666666666666666,3.235882583996318,0.006905142553110488,0.014990208355005615,0.009264989050679764,1.617941291998159,-0.01684857354447391,0.07755944026126306,12,0,inf,1.0,0.0,0.6666666666666666,0.0,1.617941291998159,0.0,13
pbm0p0100__long__ret192_ge_250__deadline9__maxhold36,-0.01,long,ret192_ge_250,9,36.0,5m_conservative,12,1.0828335852762412,1.0770214554320583,0.08283358527624118,-0.04576822571139638,0.6666666666666666,3.235882583996318,0.006905142553110488,0.014990208355005615,0.009264989050679764,1.617941291998159,-0.01684857354447391,0.07755944026126306,12,0,inf,1.0,0.0,0.6666666666666666,0.0,1.617941291998159,0.0,13
pbm0p0100__long__ret192_ge_500__deadline9__maxholdnone,-0.01,long,ret192_ge_500,9,,5m_conservative,8,1.0111091757092967,1.0103540014749168,0.011109175709296704,-0.04576822571139638,0.75,1.4399375339872558,0.00142137670319711,0.006202982641100352,0.012923441110512614,0.4799791779957519,-0.01684857354447391,0.009936947557898411,8,0,inf,1.0,0.0,0.75,0.0,0.4799791779957519,0.0,8
pbm0p0100__long__ret192_ge_500__deadline9__maxhold36,-0.01,long,ret192_ge_500,9,36.0,5m_conservative,8,1.0111091757092967,1.0103540014749168,0.011109175709296704,-0.04576822571139638,0.75,1.4399375339872558,0.00142137670319711,0.006202982641100352,0.012923441110512614,0.4799791779957519,-0.01684857354447391,0.009936947557898411,8,0,inf,1.0,0.0,0.75,0.0,0.4799791779957519,0.0,8
pbm0p0100__long__spread_le_125__deadline9__maxholdnone,-0.01,long,spread_le_125,9,,5m_conservative,15,1.0621816898119312,1.057857136799174,0.06218168981193117,-0.06040920384686643,0.6,1.7540428858125772,0.00428914241822058,0.01662889447110029,0.01422048566109898,1.1693619238750517,-0.02174879461040595,0.07755944026126306,15,0,inf,1.0,0.0,0.6,0.0,1.1693619238750517,0.0,15
pbm0p0100__long__spread_le_125__deadline9__maxhold36,-0.01,long,spread_le_125,9,36.0,5m_conservative,15,1.0621816898119312,1.057857136799174,0.06218168981193117,-0.06040920384686643,0.6,1.7540428858125772,0.00428914241822058,0.01662889447110029,0.01422048566109898,1.1693619238750517,-0.02174879461040595,0.07755944026126306,15,0,inf,1.0,0.0,0.6,0.0,1.1693619238750517,0.0,15
pbm0p0100__long__spread_le_200__deadline9__maxholdnone,-0.01,long,spread_le_200,9,,5m_conservative,20,1.0604037085492795,1.0562060538082596,0.060403708549279456,-0.06102218832360584,0.55,1.6320196130837779,0.0031382801200442387,0.014734107501600863,0.01103439779074719,1.3352887743412727,-0.02174879461040595,0.07755944026126306,20,0,inf,1.0,0.0,0.55,0.0,1.3352887743412727,0.0,20
pbm0p0100__long__spread_le_200__deadline9__maxhold36,-0.01,long,spread_le_200,9,36.0,5m_conservative,20,1.0604037085492795,1.0562060538082596,0.060403708549279456,-0.06102218832360584,0.55,1.6320196130837779,0.0031382801200442387,0.014734107501600863,0.01103439779074719,1.3352887743412727,-0.02174879461040595,0.07755944026126306,20,0,inf,1.0,0.0,0.55,0.0,1.3352887743412727,0.0,20
pbm0p0100__long__adverse_wick_le_0p25__deadline9__maxholdnone,-0.01,long,adverse_wick_le_0p25,9,,5m_conservative,11,1.0618172268139494,1.0575187015338896,0.06181722681394941,-0.04576822571139649,0.5454545454545454,2.1352892955998404,0.005772088029914002,0.019903275776543522,0.01118533726604142,1.7794077463332003,-0.01684857354447391,0.07755944026126306,11,0,inf,1.0,0.0,0.5454545454545454,0.0,1.7794077463332003,0.0,11
pbm0p0100__long__adverse_wick_le_0p25__deadline9__maxhold36,-0.01,long,adverse_wick_le_0p25,9,36.0,5m_conservative,11,1.0618172268139494,1.0575187015338896,0.06181722681394941,-0.04576822571139649,0.5454545454545454,2.1352892955998404,0.005772088029914002,0.019903275776543522,0.01118533726604142,1.7794077463332003,-0.01684857354447391,0.07755944026126306,11,0,inf,1.0,0.0,0.5454545454545454,0.0,1.7794077463332003,0.0,11
pbm0p0100__long__close_pos_ge_0p6__deadline9__maxholdnone,-0.01,long,close_pos_ge_0p6,9,,5m_conservative,20,1.0604037085492795,1.0562060538082596,0.060403708549279456,-0.06102218832360584,0.55,1.6320196130837779,0.0031382801200442387,0.014734107501600863,0.01103439779074719,1.3352887743412727,-0.02174879461040595,0.07755944026126306,20,0,inf,1.0,0.0,0.55,0.0,1.3352887743412727,0.0,21
pbm0p0100__long__close_pos_ge_0p6__deadline9__maxhold36,-0.01,long,close_pos_ge_0p6,9,36.0,5m_conservative,20,1.0604037085492795,1.0562060538082596,0.060403708549279456,-0.06102218832360584,0.55,1.6320196130837779,0.0031382801200442387,0.014734107501600863,0.01103439779074719,1.3352887743412727,-0.02174879461040595,0.07755944026126306,20,0,inf,1.0,0.0,0.55,0.0,1.3352887743412727,0.0,21
pbm0p0100__long__ret250_spread200__deadline9__maxholdnone,-0.01,long,ret250_spread200,9,,5m_conservative,12,1.0828335852762412,1.0770214554320583,0.08283358527624118,-0.04576822571139638,0.6666666666666666,3.235882583996318,0.006905142553110488,0.014990208355005615,0.009264989050679764,1.617941291998159,-0.01684857354447391,0.07755944026126306,12,0,inf,1.0,0.0,0.6666666666666666,0.0,1.617941291998159,0.0,12
pbm0p0100__long__ret250_spread200__deadline9__maxhold36,-0.01,long,ret250_spread200,9,36.0,5m_conservative,12,1.0828335852762412,1.0770214554320583,0.08283358527624118,-0.04576822571139638,0.6666666666666666,3.235882583996318,0.006905142553110488,0.014990208355005615,0.009264989050679764,1.617941291998159,-0.01684857354447391,0.07755944026126306,12,0,inf,1.0,0.0,0.6666666666666666,0.0,1.617941291998159,0.0,12
pbm0p0100__long__spread125_wick0p25__deadline9__maxholdnone,-0.01,long,spread125_wick0p25,9,,5m_conservative,9,1.0738509989611242,1.0686889593034796,0.07385099896112424,-0.04576822571139638,0.6666666666666666,2.6707673208879497,0.008300671367860873,0.019903275776543522,0.014904537449504424,1.3353836604439748,-0.01684857354447391,0.07755944026126306,9,0,inf,1.0,0.0,0.6666666666666666,0.0,1.3353836604439748,0.0,9
pbm0p0100__long__spread125_wick0p25__deadline9__maxhold36,-0.01,long,spread125_wick0p25,9,36.0,5m_conservative,9,1.0738509989611242,1.0686889593034796,0.07385099896112424,-0.04576822571139638,0.6666666666666666,2.6707673208879497,0.008300671367860873,0.019903275776543522,0.014904537449504424,1.3353836604439748,-0.01684857354447391,0.07755944026126306,9,0,inf,1.0,0.0,0.6666666666666666,0.0,1.3353836604439748,0.0,9
pbm0p0100__long__ret250_spread200_close0p6__deadline9__maxholdnone,-0.01,long,ret250_spread200_close0p6,9,,5m_conservative,12,1.0828335852762412,1.0770214554320583,0.08283358527624118,-0.04576822571139638,0.6666666666666666,3.235882583996318,0.006905142553110488,0.014990208355005615,0.009264989050679764,1.617941291998159,-0.01684857354447391,0.07755944026126306,12,0,inf,1.0,0.0,0.6666666666666666,0.0,1.617941291998159,0.0,12
pbm0p0100__long__ret250_spread200_close0p6__deadline9__maxhold36,-0.01,long,ret250_spread200_close0p6,9,36.0,5m_conservative,12,1.0828335852762412,1.0770214554320583,0.08283358527624118,-0.04576822571139638,0.6666666666666666,3.235882583996318,0.006905142553110488,0.014990208355005615,0.009264989050679764,1.617941291998159,-0.01684857354447391,0.07755944026126306,12,0,inf,1.0,0.0,0.6666666666666666,0.0,1.617941291998159,0.0,12
pbm0p0100__long__close0p75_wick0p25__deadline9__maxholdnone,-0.01,long,close0p75_wick0p25,9,,5m_conservative,10,1.0746703830137851,1.069449237472319,0.07467038301378515,-0.04576822571139649,0.6,2.716145185667581,0.007545305990968412,0.019903275776543522,0.010991648687394252,1.8107634571117206,-0.01684857354447391,0.07755944026126306,10,0,inf,1.0,0.0,0.6,0.0,1.8107634571117206,0.0,10
pbm0p0100__long__close0p75_wick0p25__deadline9__maxhold36,-0.01,long,close0p75_wick0p25,9,36.0,5m_conservative,10,1.0746703830137851,1.069449237472319,0.07467038301378515,-0.04576822571139649,0.6,2.716145185667581,0.007545305990968412,0.019903275776543522,0.010991648687394252,1.8107634571117206,-0.01684857354447391,0.07755944026126306,10,0,inf,1.0,0.0,0.6,0.0,1.8107634571117206,0.0,10
pbm0p0100__short__none__deadline9__maxholdnone,-0.01,short,none,9,,5m_conservative,17,0.9840809952689084,0.9851495409585224,-0.015919004731091646,-0.07394444350516927,0.5882352941176471,0.8934014894742177,-0.0007971466518966908,0.011357498378317319,0.018160925266488135,0.6253810426319525,-0.030534993377596048,0.03438939767411839,0,17,0.0,0.0,1.0,0.0,0.5882352941176471,0.0,0.6253810426319525,18
pbm0p0100__short__none__deadline9__maxhold36,-0.01,short,none,9,36.0,5m_conservative,17,0.9840809952689084,0.9851495409585224,-0.015919004731091646,-0.07394444350516927,0.5882352941176471,0.8934014894742177,-0.0007971466518966908,0.011357498378317319,0.018160925266488135,0.6253810426319525,-0.030534993377596048,0.03438939767411839,0,17,0.0,0.0,1.0,0.0,0.5882352941176471,0.0,0.6253810426319525,18
pbm0p0100__short__ret192_ge_250__deadline9__maxholdnone,-0.01,short,ret192_ge_250,9,,5m_conservative,13,1.007090753922967,1.006609634599797,0.007090753922966986,-0.07394444350516927,0.6153846153846154,1.1058921146585527,0.0006827495211355346,0.011586810646724326,0.016763748279806534,0.6911825716615954,-0.029084982812558686,0.03438939767411839,0,13,0.0,0.0,1.0,0.0,0.6153846153846154,0.0,0.6911825716615954,13
pbm0p0100__short__ret192_ge_250__deadline9__maxhold36,-0.01,short,ret192_ge_250,9,36.0,5m_conservative,13,1.007090753922967,1.006609634599797,0.007090753922966986,-0.07394444350516927,0.6153846153846154,1.1058921146585527,0.0006827495211355346,0.011586810646724326,0.016763748279806534,0.6911825716615954,-0.029084982812558686,0.03438939767411839,0,13,0.0,0.0,1.0,0.0,0.6153846153846154,0.0,0.6911825716615954,13
pbm0p0100__short__ret192_ge_500__deadline9__maxholdnone,-0.01,short,ret192_ge_500,9,,5m_conservative,9,0.9753359610695981,0.9769846076563173,-0.02466403893040192,-0.07394444350516927,0.5555555555555556,0.6729232524081394,-0.002647615017712725,0.00980490083605928,0.018213259834927727,0.5383386019265116,-0.029084982812558686,0.021077577092108283,0,9,0.0,0.0,1.0,0.0,0.5555555555555556,0.0,0.5383386019265116,9
pbm0p0100__short__ret192_ge_500__deadline9__maxhold36,-0.01,short,ret192_ge_500,9,36.0,5m_conservative,9,0.9753359610695981,0.9769846076563173,-0.02466403893040192,-0.07394444350516927,0.5555555555555556,0.6729232524081394,-0.002647615017712725,0.00980490083605928,0.018213259834927727,0.5383386019265116,-0.029084982812558686,0.021077577092108283,0,9,0.0,0.0,1.0,0.0,0.5555555555555556,0.0,0.5383386019265116,9
pbm0p0100__short__spread_le_125__deadline9__maxholdnone,-0.01,short,spread_le_125,9,,5m_conservative,12,0.9569902505076306,0.9598397081194019,-0.043009749492369354,-0.09567620581559189,0.5,0.649865184648879,-0.003480641796601983,0.012920439925844194,0.019881723519048163,0.649865184648879,-0.030534993377596048,0.03438939767411839,0,12,0.0,0.0,1.0,0.0,0.5,0.0,0.649865184648879,13
pbm0p0100__short__spread_le_125__deadline9__maxhold36,-0.01,short,spread_le_125,9,36.0,5m_conservative,12,0.9569902505076306,0.9598397081194019,-0.043009749492369354,-0.09567620581559189,0.5,0.649865184648879,-0.003480641796601983,0.012920439925844194,0.019881723519048163,0.649865184648879,-0.030534993377596048,0.03438939767411839,0,12,0.0,0.0,1.0,0.0,0.5,0.0,0.649865184648879,13
pbm0p0100__short__spread_le_200__deadline9__maxholdnone,-0.01,short,spread_le_200,9,,5m_conservative,14,0.9501322438355373,0.9534249022796567,-0.04986775616446271,-0.10215679285496848,0.5,0.6151184555283228,-0.0034949024828003295,0.011171120300887476,0.018160925266488135,0.6151184555283228,-0.030534993377596048,0.03438939767411839,0,14,0.0,0.0,1.0,0.0,0.5,0.0,0.6151184555283228,15
pbm0p0100__short__spread_le_200__deadline9__maxhold36,-0.01,short,spread_le_200,9,36.0,5m_conservative,14,0.9501322438355373,0.9534249022796567,-0.04986775616446271,-0.10215679285496848,0.5,0.6151184555283228,-0.0034949024828003295,0.011171120300887476,0.018160925266488135,0.6151184555283228,-0.030534993377596048,0.03438939767411839,0,14,0.0,0.0,1.0,0.0,0.5,0.0,0.6151184555283228,15
pbm0p0100__short__adverse_wick_le_0p25__deadline9__maxholdnone,-0.01,short,adverse_wick_le_0p25,9,,5m_conservative,10,1.0119489619878754,1.011136387371309,0.011948961987875428,-0.035901067232734896,0.6,1.2329409632570127,0.0012749734447810035,0.011247248839047338,0.013683439646618497,0.8219606421713418,-0.019384072229638824,0.021077577092108283,0,10,0.0,0.0,1.0,0.0,0.6,0.0,0.8219606421713418,10
pbm0p0100__short__adverse_wick_le_0p25__deadline9__maxhold36,-0.01,short,adverse_wick_le_0p25,9,36.0,5m_conservative,10,1.0119489619878754,1.011136387371309,0.011948961987875428,-0.035901067232734896,0.6,1.2329409632570127,0.0012749734447810035,0.011247248839047338,0.013683439646618497,0.8219606421713418,-0.019384072229638824,0.021077577092108283,0,10,0.0,0.0,1.0,0.0,0.6,0.0,0.8219606421713418,10
pbm0p0100__short__close_pos_ge_0p6__deadline9__maxholdnone,-0.01,short,close_pos_ge_0p6,9,,5m_conservative,17,0.9840809952689084,0.9851495409585224,-0.015919004731091646,-0.07394444350516927,0.5882352941176471,0.8934014894742177,-0.0007971466518966908,0.011357498378317319,0.018160925266488135,0.6253810426319525,-0.030534993377596048,0.03438939767411839,0,17,0.0,0.0,1.0,0.0,0.5882352941176471,0.0,0.6253810426319525,18
pbm0p0100__short__close_pos_ge_0p6__deadline9__maxhold36,-0.01,short,close_pos_ge_0p6,9,36.0,5m_conservative,17,0.9840809952689084,0.9851495409585224,-0.015919004731091646,-0.07394444350516927,0.5882352941176471,0.8934014894742177,-0.0007971466518966908,0.011357498378317319,0.018160925266488135,0.6253810426319525,-0.030534993377596048,0.03438939767411839,0,17,0.0,0.0,1.0,0.0,0.5882352941176471,0.0,0.6253810426319525,18
pbm0p0100__short__ret250_spread200__deadline9__maxholdnone,-0.01,short,ret250_spread200,9,,5m_conservative,10,0.9723482135831503,0.9741939194005874,-0.027651786416849733,-0.08116344413172849,0.5,0.6838249124257937,-0.002650139790219891,0.011463468699366753,0.016763748279806534,0.6838249124257937,-0.029084982812558686,0.03438939767411839,0,10,0.0,0.0,1.0,0.0,0.5,0.0,0.6838249124257937,10
pbm0p0100__short__ret250_spread200__deadline9__maxhold36,-0.01,short,ret250_spread200,9,36.0,5m_conservative,10,0.9723482135831503,0.9741939194005874,-0.027651786416849733,-0.08116344413172849,0.5,0.6838249124257937,-0.002650139790219891,0.011463468699366753,0.016763748279806534,0.6838249124257937,-0.029084982812558686,0.03438939767411839,0,10,0.0,0.0,1.0,0.0,0.5,0.0,0.6838249124257937,10
pbm0p0100__short__ret500_wick0p25__deadline9__maxholdnone,-0.01,short,ret500_wick0p25,9,,5m_conservative,7,1.0038755594882809,1.0036129877264839,0.0038755594882808886,-0.035901067232734896,0.5714285714285714,1.1046709738906262,0.0006544635859995718,0.012087325407287308,0.014589352175717408,0.8285032304179697,-0.019384072229638824,0.021077577092108283,0,7,0.0,0.0,1.0,0.0,0.5714285714285714,0.0,0.8285032304179697,7
pbm0p0100__short__ret500_wick0p25__deadline9__maxhold36,-0.01,short,ret500_wick0p25,9,36.0,5m_conservative,7,1.0038755594882809,1.0036129877264839,0.0038755594882808886,-0.035901067232734896,0.5714285714285714,1.1046709738906262,0.0006544635859995718,0.012087325407287308,0.014589352175717408,0.8285032304179697,-0.019384072229638824,0.021077577092108283,0,7,0.0,0.0,1.0,0.0,0.5714285714285714,0.0,0.8285032304179697,7
pbm0p0100__short__spread125_wick0p25__deadline9__maxholdnone,-0.01,short,spread125_wick0p25,9,,5m_conservative,6,0.9847555013454312,0.9857790993774103,-0.015244498654568783,-0.03148034330442617,0.5,0.684605091180125,-0.002465211913003808,0.010702117119107723,0.015632540945115337,0.684605091180125,-0.019384072229638824,0.012972159952188372,0,6,0.0,0.0,1.0,0.0,0.5,0.0,0.684605091180125,6
pbm0p0100__short__spread125_wick0p25__deadline9__maxhold36,-0.01,short,spread125_wick0p25,9,36.0,5m_conservative,6,0.9847555013454312,0.9857790993774103,-0.015244498654568783,-0.03148034330442617,0.5,0.684605091180125,-0.002465211913003808,0.010702117119107723,0.015632540945115337,0.684605091180125,-0.019384072229638824,0.012972159952188372,0,6,0.0,0.0,1.0,0.0,0.5,0.0,0.684605091180125,6
pbm0p0100__short__ret250_spread200_close0p6__deadline9__maxholdnone,-0.01,short,ret250_spread200_close0p6,9,,5m_conservative,10,0.9723482135831503,0.9741939194005874,-0.027651786416849733,-0.08116344413172849,0.5,0.6838249124257937,-0.002650139790219891,0.011463468699366753,0.016763748279806534,0.6838249124257937,-0.029084982812558686,0.03438939767411839,0,10,0.0,0.0,1.0,0.0,0.5,0.0,0.6838249124257937,10
pbm0p0100__short__ret250_spread200_close0p6__deadline9__maxhold36,-0.01,short,ret250_spread200_close0p6,9,36.0,5m_conservative,10,0.9723482135831503,0.9741939194005874,-0.027651786416849733,-0.08116344413172849,0.5,0.6838249124257937,-0.002650139790219891,0.011463468699366753,0.016763748279806534,0.6838249124257937,-0.029084982812558686,0.03438939767411839,0,10,0.0,0.0,1.0,0.0,0.5,0.0,0.6838249124257937,10
pbm0p0100__short__close0p75_wick0p25__deadline9__maxholdnone,-0.01,short,close0p75_wick0p25,9,,5m_conservative,10,1.0119489619878754,1.011136387371309,0.011948961987875428,-0.035901067232734896,0.6,1.2329409632570127,0.0012749734447810035,0.011247248839047338,0.013683439646618497,0.8219606421713418,-0.019384072229638824,0.021077577092108283,0,10,0.0,0.0,1.0,0.0,0.6,0.0,0.8219606421713418,10
pbm0p0100__short__close0p75_wick0p25__deadline9__maxhold36,-0.01,short,close0p75_wick0p25,9,36.0,5m_conservative,10,1.0119489619878754,1.011136387371309,0.011948961987875428,-0.035901067232734896,0.6,1.2329409632570127,0.0012749734447810035,0.011247248839047338,0.013683439646618497,0.8219606421713418,-0.019384072229638824,0.021077577092108283,0,10,0.0,0.0,1.0,0.0,0.6,0.0,0.8219606421713418,10
pbm0p0075__both__none__deadline9__maxholdnone,-0.0075,both,none,9,,5m_conservative,118,0.8722059200842875,0.8803084794949048,-0.12779407991571246,-0.1883063088009166,0.4491525423728814,0.8479379103475996,-0.001014959457388654,0.01260079454803571,0.012117035800273136,1.0399238523130938,-0.05698735174516441,0.07755944026126306,66,52,1.2692307692307692,0.559322033898305,0.4406779661016949,0.4696969696969697,0.4230769230769231,1.3584287830724489,0.7744540894756318,128
pbm0p0075__both__none__deadline9__maxhold36,-0.0075,both,none,9,36.0,5m_conservative,118,0.8722059200842875,0.8803084794949048,-0.12779407991571246,-0.1883063088009166,0.4491525423728814,0.8479379103475996,-0.001014959457388654,0.01260079454803571,0.012117035800273136,1.0399238523130938,-0.05698735174516441,0.07755944026126306,66,52,1.2692307692307692,0.559322033898305,0.4406779661016949,0.4696969696969697,0.4230769230769231,1.3584287830724489,0.7744540894756318,128
pbm0p0075__both__ret192_ge_250__deadline9__maxholdnone,-0.0075,both,ret192_ge_250,9,,5m_conservative,75,1.0245239298507811,1.0228466115292056,0.024523929850781112,-0.1179893126195628,0.49333333333333335,1.0811158963768241,0.0004889457073899815,0.013209502407740055,0.011896859500845614,1.1103352449275492,-0.05698735174516441,0.07755944026126306,39,36,1.0833333333333333,0.52,0.48,0.5384615384615384,0.4444444444444444,1.7543946391671206,0.7665782035057882,82
pbm0p0075__both__ret192_ge_250__deadline9__maxhold36,-0.0075,both,ret192_ge_250,9,36.0,5m_conservative,75,1.0245239298507811,1.0228466115292056,0.024523929850781112,-0.1179893126195628,0.49333333333333335,1.0811158963768241,0.0004889457073899815,0.013209502407740055,0.011896859500845614,1.1103352449275492,-0.05698735174516441,0.07755944026126306,39,36,1.0833333333333333,0.52,0.48,0.5384615384615384,0.4444444444444444,1.7543946391671206,0.7665782035057882,82
pbm0p0075__both__ret192_ge_500__deadline9__maxholdnone,-0.0075,both,ret192_ge_500,9,,5m_conservative,48,0.8886169050081776,0.8957419946507893,-0.11138309499182242,-0.13342637555028158,0.4791666666666667,0.6682467085242287,-0.0023256869306680504,0.009776563864414995,0.013459757662144446,0.7263551179611183,-0.05698735174516441,0.05358515776854029,24,24,1.0,0.5,0.5,0.5416666666666666,0.4166666666666667,0.8587887099291485,0.7253137620044804,54
pbm0p0075__both__ret192_ge_500__deadline9__maxhold36,-0.0075,both,ret192_ge_500,9,36.0,5m_conservative,48,0.8886169050081776,0.8957419946507893,-0.11138309499182242,-0.13342637555028158,0.4791666666666667,0.6682467085242287,-0.0023256869306680504,0.009776563864414995,0.013459757662144446,0.7263551179611183,-0.05698735174516441,0.05358515776854029,24,24,1.0,0.5,0.5,0.5416666666666666,0.4166666666666667,0.8587887099291485,0.7253137620044804,54
pbm0p0075__both__spread_le_125__deadline9__maxholdnone,-0.0075,both,spread_le_125,9,,5m_conservative,87,0.8963893118122088,0.9030447161341435,-0.10361068818779118,-0.17760705994058323,0.4482758620689655,0.8575099381609587,-0.001079117665619015,0.01448698581411401,0.013726576742902098,1.0553968469673338,-0.05698735174516441,0.07755944026126306,49,38,1.2894736842105263,0.5632183908045977,0.4367816091954023,0.4897959183673469,0.39473684210526316,1.3352463626818556,0.8275233745159363,90
pbm0p0075__both__spread_le_125__deadline9__maxhold36,-0.0075,both,spread_le_125,9,36.0,5m_conservative,87,0.8963893118122088,0.9030447161341435,-0.10361068818779118,-0.17760705994058323,0.4482758620689655,0.8575099381609587,-0.001079117665619015,0.01448698581411401,0.013726576742902098,1.0553968469673338,-0.05698735174516441,0.07755944026126306,49,38,1.2894736842105263,0.5632183908045977,0.4367816091954023,0.4897959183673469,0.39473684210526316,1.3352463626818556,0.8275233745159363,90
pbm0p0075__both__spread_le_200__deadline9__maxholdnone,-0.0075,both,spread_le_200,9,,5m_conservative,104,0.8651772576131839,0.8736924698756562,-0.13482274238681613,-0.20142141463070562,0.4326923076923077,0.827993187575053,-0.0012343427704327513,0.013732124084932278,0.012649444609270486,1.0855910681539584,-0.05698735174516441,0.07755944026126306,61,43,1.4186046511627908,0.5865384615384616,0.41346153846153844,0.47540983606557374,0.37209302325581395,1.4012305264038112,0.818939074870501,110
pbm0p0075__both__spread_le_200__deadline9__maxhold36,-0.0075,both,spread_le_200,9,36.0,5m_conservative,104,0.8651772576131839,0.8736924698756562,-0.13482274238681613,-0.20142141463070562,0.4326923076923077,0.827993187575053,-0.0012343427704327513,0.013732124084932278,0.012649444609270486,1.0855910681539584,-0.05698735174516441,0.07755944026126306,61,43,1.4186046511627908,0.5865384615384616,0.41346153846153844,0.47540983606557374,0.37209302325581395,1.4012305264038112,0.818939074870501,110
pbm0p0075__both__adverse_wick_le_0p25__deadline9__maxholdnone,-0.0075,both,adverse_wick_le_0p25,9,,5m_conservative,67,0.9829352946690375,0.9840801205268702,-0.017064705330962493,-0.13031393395931323,0.44776119402985076,0.9907167529904303,-6.682615777997211e-05,0.015927574324003612,0.013035258980847743,1.221883995354864,-0.05698735174516441,0.07755944026126306,36,31,1.1612903225806452,0.5373134328358209,0.4626865671641791,0.4722222222222222,0.41935483870967744,1.496915457503163,0.95732720237713,70
pbm0p0075__both__adverse_wick_le_0p25__deadline9__maxhold36,-0.0075,both,adverse_wick_le_0p25,9,36.0,5m_conservative,67,0.9829352946690375,0.9840801205268702,-0.017064705330962493,-0.13031393395931323,0.44776119402985076,0.9907167529904303,-6.682615777997211e-05,0.015927574324003612,0.013035258980847743,1.221883995354864,-0.05698735174516441,0.07755944026126306,36,31,1.1612903225806452,0.5373134328358209,0.4626865671641791,0.4722222222222222,0.41935483870967744,1.496915457503163,0.95732720237713,70
pbm0p0075__both__close_pos_ge_0p6__deadline9__maxholdnone,-0.0075,both,close_pos_ge_0p6,9,,5m_conservative,116,0.8793560943045134,0.8870351683914738,-0.12064390569548655,-0.1959555725162796,0.4482758620689655,0.8548290586180681,-0.0009637961065493366,0.01266016590666107,0.012033265242282792,1.0520973029145455,-0.05698735174516441,0.07755944026126306,65,51,1.2745098039215685,0.5603448275862069,0.4396551724137931,0.46153846153846156,0.43137254901960786,1.3717389462440348,0.779575158346168,126
pbm0p0075__both__close_pos_ge_0p6__deadline9__maxhold36,-0.0075,both,close_pos_ge_0p6,9,36.0,5m_conservative,116,0.8793560943045134,0.8870351683914738,-0.12064390569548655,-0.1959555725162796,0.4482758620689655,0.8548290586180681,-0.0009637961065493366,0.01266016590666107,0.012033265242282792,1.0520973029145455,-0.05698735174516441,0.07755944026126306,65,51,1.2745098039215685,0.5603448275862069,0.4396551724137931,0.46153846153846156,0.43137254901960786,1.3717389462440348,0.779575158346168,126
pbm0p0075__both__ret250_spread200__deadline9__maxholdnone,-0.0075,both,ret250_spread200,9,,5m_conservative,61,1.0162678142584993,1.0151593482816967,0.016267814258499325,-0.12275836156033204,0.47540983606557374,1.0683182580773896,0.00046007370329678124,0.015132933167670408,0.012837205186291818,1.1788339399474645,-0.05698735174516441,0.07755944026126306,34,27,1.2592592592592593,0.5573770491803278,0.4426229508196721,0.5588235294117647,0.37037037037037035,1.8632967211306528,0.840388850589722,64
pbm0p0075__both__ret250_spread200__deadline9__maxhold36,-0.0075,both,ret250_spread200,9,36.0,5m_conservative,61,1.0162678142584993,1.0151593482816967,0.016267814258499325,-0.12275836156033204,0.47540983606557374,1.0683182580773896,0.00046007370329678124,0.015132933167670408,0.012837205186291818,1.1788339399474645,-0.05698735174516441,0.07755944026126306,34,27,1.2592592592592593,0.5573770491803278,0.4426229508196721,0.5588235294117647,0.37037037037037035,1.8632967211306528,0.840388850589722,64
pbm0p0075__both__ret500_wick0p25__deadline9__maxholdnone,-0.0075,both,ret500_wick0p25,9,,5m_conservative,24,0.9651640606854271,0.9674812253457575,-0.03483593931457285,-0.06933490092281192,0.4583333333333333,0.8441568848176965,-0.0012662340981652396,0.014964703172605509,0.015000104096509722,0.9976399547845505,-0.05698735174516441,0.05358515776854029,10,14,0.7142857142857143,0.4166666666666667,0.5833333333333334,0.5,0.42857142857142855,1.0885949580055327,1.007254675144391,27
pbm0p0075__both__ret500_wick0p25__deadline9__maxhold36,-0.0075,both,ret500_wick0p25,9,36.0,5m_conservative,24,0.9651640606854271,0.9674812253457575,-0.03483593931457285,-0.06933490092281192,0.4583333333333333,0.8441568848176965,-0.0012662340981652396,0.014964703172605509,0.015000104096509722,0.9976399547845505,-0.05698735174516441,0.05358515776854029,10,14,0.7142857142857143,0.4166666666666667,0.5833333333333334,0.5,0.42857142857142855,1.0885949580055327,1.007254675144391,27
pbm0p0075__both__spread125_wick0p25__deadline9__maxholdnone,-0.0075,both,spread125_wick0p25,9,,5m_conservative,51,0.9855506779442768,0.9865212496378697,-0.014449322055723246,-0.13572806984977115,0.47058823529411764,0.993136311000643,-5.5354836387417765e-05,0.017020243526966645,0.015233664492702139,1.1172783498757235,-0.05698735174516441,0.07755944026126306,29,22,1.3181818181818181,0.5686274509803921,0.43137254901960786,0.5172413793103449,0.4090909090909091,1.3236345145432777,0.9032937640854264,52
pbm0p0075__both__spread125_wick0p25__deadline9__maxhold36,-0.0075,both,spread125_wick0p25,9,36.0,5m_conservative,51,0.9855506779442768,0.9865212496378697,-0.014449322055723246,-0.13572806984977115,0.47058823529411764,0.993136311000643,-5.5354836387417765e-05,0.017020243526966645,0.015233664492702139,1.1172783498757235,-0.05698735174516441,0.07755944026126306,29,22,1.3181818181818181,0.5686274509803921,0.43137254901960786,0.5172413793103449,0.4090909090909091,1.3236345145432777,0.9032937640854264,52
pbm0p0075__both__ret250_spread200_close0p6__deadline9__maxholdnone,-0.0075,both,ret250_spread200_close0p6,9,,5m_conservative,61,1.0162678142584993,1.0151593482816967,0.016267814258499325,-0.12275836156033204,0.47540983606557374,1.0683182580773896,0.00046007370329678124,0.015132933167670408,0.012837205186291818,1.1788339399474645,-0.05698735174516441,0.07755944026126306,34,27,1.2592592592592593,0.5573770491803278,0.4426229508196721,0.5588235294117647,0.37037037037037035,1.8632967211306528,0.840388850589722,64
pbm0p0075__both__ret250_spread200_close0p6__deadline9__maxhold36,-0.0075,both,ret250_spread200_close0p6,9,36.0,5m_conservative,61,1.0162678142584993,1.0151593482816967,0.016267814258499325,-0.12275836156033204,0.47540983606557374,1.0683182580773896,0.00046007370329678124,0.015132933167670408,0.012837205186291818,1.1788339399474645,-0.05698735174516441,0.07755944026126306,34,27,1.2592592592592593,0.5573770491803278,0.4426229508196721,0.5588235294117647,0.37037037037037035,1.8632967211306528,0.840388850589722,64
pbm0p0075__both__ret500_spread125_wick0p25__deadline9__maxholdnone,-0.0075,both,ret500_spread125_wick0p25,9,,5m_conservative,14,0.9602646425738123,0.9629013938355856,-0.03973535742618772,-0.07580219414173817,0.42857142857142855,0.7704371855955281,-0.002569273151978992,0.02011975831771589,0.019586046754250155,1.0272495807940374,-0.05698735174516441,0.05358515776854029,7,7,1.0,0.5,0.5,0.5714285714285714,0.2857142857142857,0.8714277679446715,1.511647244291637,15
pbm0p0075__both__ret500_spread125_wick0p25__deadline9__maxhold36,-0.0075,both,ret500_spread125_wick0p25,9,36.0,5m_conservative,14,0.9602646425738123,0.9629013938355856,-0.03973535742618772,-0.07580219414173817,0.42857142857142855,0.7704371855955281,-0.002569273151978992,0.02011975831771589,0.019586046754250155,1.0272495807940374,-0.05698735174516441,0.05358515776854029,7,7,1.0,0.5,0.5,0.5714285714285714,0.2857142857142857,0.8714277679446715,1.511647244291637,15
pbm0p0075__both__close0p75_wick0p25__deadline9__maxholdnone,-0.0075,both,close0p75_wick0p25,9,,5m_conservative,63,1.0120147929635508,1.0111977168657709,0.012014792963550791,-0.13850970798201634,0.4603174603174603,1.054885305791166,0.00038676503132857397,0.01614874985588246,0.013057280848437974,1.2367620826517118,-0.05698735174516441,0.07755944026126306,34,29,1.1724137931034482,0.5396825396825397,0.4603174603174603,0.47058823529411764,0.4482758620689655,1.5414743940993714,0.9473185854360934,66
pbm0p0075__both__close0p75_wick0p25__deadline9__maxhold36,-0.0075,both,close0p75_wick0p25,9,36.0,5m_conservative,63,1.0120147929635508,1.0111977168657709,0.012014792963550791,-0.13850970798201634,0.4603174603174603,1.054885305791166,0.00038676503132857397,0.01614874985588246,0.013057280848437974,1.2367620826517118,-0.05698735174516441,0.07755944026126306,34,29,1.1724137931034482,0.5396825396825397,0.4603174603174603,0.47058823529411764,0.4482758620689655,1.5414743940993714,0.9473185854360934,66
pbm0p0075__long__none__deadline9__maxholdnone,-0.0075,long,none,9,,5m_conservative,66,1.0641463782364466,1.0596813839142745,0.06414637823644664,-0.09686745548639375,0.4696969696969697,1.2031797792927403,0.001068733623324773,0.013474161700175305,0.00991893124474284,1.3584287830724489,-0.027274243793937007,0.07755944026126306,66,0,inf,1.0,0.0,0.4696969696969697,0.0,1.3584287830724489,0.0,71
pbm0p0075__long__none__deadline9__maxhold36,-0.0075,long,none,9,36.0,5m_conservative,66,1.0641463782364466,1.0596813839142745,0.06414637823644664,-0.09686745548639375,0.4696969696969697,1.2031797792927403,0.001068733623324773,0.013474161700175305,0.00991893124474284,1.3584287830724489,-0.027274243793937007,0.07755944026126306,66,0,inf,1.0,0.0,0.4696969696969697,0.0,1.3584287830724489,0.0,71
pbm0p0075__long__ret192_ge_250__deadline9__maxholdnone,-0.0075,long,ret192_ge_250,9,,5m_conservative,39,1.1601637045966289,1.148565912122688,0.16016370459662888,-0.04576822571139649,0.5384615384615384,2.046793745694974,0.003960180904963285,0.014380477261931902,0.0081968315115001,1.7543946391671206,-0.021720814178636017,0.07755944026126306,39,0,inf,1.0,0.0,0.5384615384615384,0.0,1.7543946391671206,0.0,42
pbm0p0075__long__ret192_ge_250__deadline9__maxhold36,-0.0075,long,ret192_ge_250,9,36.0,5m_conservative,39,1.1601637045966289,1.148565912122688,0.16016370459662888,-0.04576822571139649,0.5384615384615384,2.046793745694974,0.003960180904963285,0.014380477261931902,0.0081968315115001,1.7543946391671206,-0.021720814178636017,0.07755944026126306,39,0,inf,1.0,0.0,0.5384615384615384,0.0,1.7543946391671206,0.0,42
pbm0p0075__long__ret192_ge_500__deadline9__maxholdnone,-0.0075,long,ret192_ge_500,9,,5m_conservative,24,1.0001002514980257,1.0000934713073026,0.00010025149802572741,-0.049967857940509175,0.5416666666666666,1.014932111734448,6.327486401234868e-05,0.007939897068567663,0.009245460468643933,0.8587887099291485,-0.021720814178636017,0.028731988069924594,24,0,inf,1.0,0.0,0.5416666666666666,0.0,0.8587887099291485,0.0,26
pbm0p0075__long__ret192_ge_500__deadline9__maxhold36,-0.0075,long,ret192_ge_500,9,36.0,5m_conservative,24,1.0001002514980257,1.0000934713073026,0.00010025149802572741,-0.049967857940509175,0.5416666666666666,1.014932111734448,6.327486401234868e-05,0.007939897068567663,0.009245460468643933,0.8587887099291485,-0.021720814178636017,0.028731988069924594,24,0,inf,1.0,0.0,0.5416666666666666,0.0,0.8587887099291485,0.0,26
pbm0p0075__long__spread_le_125__deadline9__maxholdnone,-0.0075,long,spread_le_125,9,,5m_conservative,49,1.07456794813163,1.0693541938269882,0.07456794813162992,-0.08594580467892665,0.4897959183673469,1.2818365081745813,0.001622918825930757,0.01507013086290034,0.011286404729560044,1.3352463626818556,-0.027274243793937007,0.07755944026126306,49,0,inf,1.0,0.0,0.4897959183673469,0.0,1.3352463626818556,0.0,50
pbm0p0075__long__spread_le_125__deadline9__maxhold36,-0.0075,long,spread_le_125,9,36.0,5m_conservative,49,1.07456794813163,1.0693541938269882,0.07456794813162992,-0.08594580467892665,0.4897959183673469,1.2818365081745813,0.001622918825930757,0.01507013086290034,0.011286404729560044,1.3352463626818556,-0.027274243793937007,0.07755944026126306,49,0,inf,1.0,0.0,0.4897959183673469,0.0,1.3352463626818556,0.0,50
pbm0p0075__long__spread_le_200__deadline9__maxholdnone,-0.0075,long,spread_le_200,9,,5m_conservative,61,1.0829674015174697,1.077145551656285,0.08296740151746973,-0.0981044932272066,0.47540983606557374,1.269865164553454,0.0014421780759762107,0.01427451983551611,0.010187131643606823,1.4012305264038112,-0.027274243793937007,0.07755944026126306,61,0,inf,1.0,0.0,0.47540983606557374,0.0,1.4012305264038112,0.0,64
pbm0p0075__long__spread_le_200__deadline9__maxhold36,-0.0075,long,spread_le_200,9,36.0,5m_conservative,61,1.0829674015174697,1.077145551656285,0.08296740151746973,-0.0981044932272066,0.47540983606557374,1.269865164553454,0.0014421780759762107,0.01427451983551611,0.010187131643606823,1.4012305264038112,-0.027274243793937007,0.07755944026126306,61,0,inf,1.0,0.0,0.47540983606557374,0.0,1.4012305264038112,0.0,64
pbm0p0075__long__adverse_wick_le_0p25__deadline9__maxholdnone,-0.0075,long,adverse_wick_le_0p25,9,,5m_conservative,36,1.0711354185733104,1.0661689853758807,0.0711354185733104,-0.09611834989768997,0.4722222222222222,1.3393454093449353,0.002100154028668662,0.017553161238764853,0.011726220843522664,1.496915457503163,-0.027274243793937007,0.07755944026126306,36,0,inf,1.0,0.0,0.4722222222222222,0.0,1.496915457503163,0.0,38
pbm0p0075__long__adverse_wick_le_0p25__deadline9__maxhold36,-0.0075,long,adverse_wick_le_0p25,9,36.0,5m_conservative,36,1.0711354185733104,1.0661689853758807,0.0711354185733104,-0.09611834989768997,0.4722222222222222,1.3393454093449353,0.002100154028668662,0.017553161238764853,0.011726220843522664,1.496915457503163,-0.027274243793937007,0.07755944026126306,36,0,inf,1.0,0.0,0.4722222222222222,0.0,1.496915457503163,0.0,38
pbm0p0075__long__close_pos_ge_0p6__deadline9__maxholdnone,-0.0075,long,close_pos_ge_0p6,9,,5m_conservative,65,1.0541180432042323,1.0503675063815623,0.0541180432042323,-0.1001051507515025,0.46153846153846156,1.175776239637744,0.0009388143883064299,0.013606184293530575,0.00991893124474284,1.3717389462440348,-0.027274243793937007,0.07755944026126306,65,0,inf,1.0,0.0,0.46153846153846156,0.0,1.3717389462440348,0.0,70
pbm0p0075__long__close_pos_ge_0p6__deadline9__maxhold36,-0.0075,long,close_pos_ge_0p6,9,36.0,5m_conservative,65,1.0541180432042323,1.0503675063815623,0.0541180432042323,-0.1001051507515025,0.46153846153846156,1.175776239637744,0.0009388143883064299,0.013606184293530575,0.00991893124474284,1.3717389462440348,-0.027274243793937007,0.07755944026126306,65,0,inf,1.0,0.0,0.46153846153846156,0.0,1.3717389462440348,0.0,70
pbm0p0075__long__ret250_spread200__deadline9__maxholdnone,-0.0075,long,ret250_spread200,9,,5m_conservative,34,1.1806829381725563,1.1674949487713946,0.18068293817255632,-0.04576822571139649,0.5588235294117647,2.3601758467654936,0.005055397023196527,0.015697478159215933,0.008424572415761385,1.8632967211306528,-0.021720814178636017,0.07755944026126306,34,0,inf,1.0,0.0,0.5588235294117647,0.0,1.8632967211306528,0.0,35
pbm0p0075__long__ret250_spread200__deadline9__maxhold36,-0.0075,long,ret250_spread200,9,36.0,5m_conservative,34,1.1806829381725563,1.1674949487713946,0.18068293817255632,-0.04576822571139649,0.5588235294117647,2.3601758467654936,0.005055397023196527,0.015697478159215933,0.008424572415761385,1.8632967211306528,-0.021720814178636017,0.07755944026126306,34,0,inf,1.0,0.0,0.5588235294117647,0.0,1.8632967211306528,0.0,35
pbm0p0075__long__ret500_wick0p25__deadline9__maxholdnone,-0.0075,long,ret500_wick0p25,9,,5m_conservative,10,1.0035859809087095,1.0033430609426472,0.0035859809087095407,-0.04576822571139638,0.5,1.0885949580055325,0.0004600478656726723,0.011305514405937248,0.010385418674591904,1.0885949580055327,-0.021720814178636017,0.028731988069924594,10,0,inf,1.0,0.0,0.5,0.0,1.0885949580055327,0.0,12
pbm0p0075__long__ret500_wick0p25__deadline9__maxhold36,-0.0075,long,ret500_wick0p25,9,36.0,5m_conservative,10,1.0035859809087095,1.0033430609426472,0.0035859809087095407,-0.04576822571139638,0.5,1.0885949580055325,0.0004600478656726723,0.011305514405937248,0.010385418674591904,1.0885949580055327,-0.021720814178636017,0.028731988069924594,10,0,inf,1.0,0.0,0.5,0.0,1.0885949580055327,0.0,12
pbm0p0075__long__spread125_wick0p25__deadline9__maxholdnone,-0.0075,long,spread125_wick0p25,9,,5m_conservative,29,1.0761704080174508,1.070840957327424,0.07617040801745079,-0.07211471123051527,0.5172413793103449,1.4181798370106546,0.002751339891972636,0.01803928007562262,0.01362859601908092,1.3236345145432777,-0.027274243793937007,0.07755944026126306,29,0,inf,1.0,0.0,0.5172413793103449,0.0,1.3236345145432777,0.0,30
pbm0p0075__long__spread125_wick0p25__deadline9__maxhold36,-0.0075,long,spread125_wick0p25,9,36.0,5m_conservative,29,1.0761704080174508,1.070840957327424,0.07617040801745079,-0.07211471123051527,0.5172413793103449,1.4181798370106546,0.002751339891972636,0.01803928007562262,0.01362859601908092,1.3236345145432777,-0.027274243793937007,0.07755944026126306,29,0,inf,1.0,0.0,0.5172413793103449,0.0,1.3236345145432777,0.0,30
pbm0p0075__long__ret250_spread200_close0p6__deadline9__maxholdnone,-0.0075,long,ret250_spread200_close0p6,9,,5m_conservative,34,1.1806829381725563,1.1674949487713946,0.18068293817255632,-0.04576822571139649,0.5588235294117647,2.3601758467654936,0.005055397023196527,0.015697478159215933,0.008424572415761385,1.8632967211306528,-0.021720814178636017,0.07755944026126306,34,0,inf,1.0,0.0,0.5588235294117647,0.0,1.8632967211306528,0.0,35
pbm0p0075__long__ret250_spread200_close0p6__deadline9__maxhold36,-0.0075,long,ret250_spread200_close0p6,9,36.0,5m_conservative,34,1.1806829381725563,1.1674949487713946,0.18068293817255632,-0.04576822571139649,0.5588235294117647,2.3601758467654936,0.005055397023196527,0.015697478159215933,0.008424572415761385,1.8632967211306528,-0.021720814178636017,0.07755944026126306,34,0,inf,1.0,0.0,0.5588235294117647,0.0,1.8632967211306528,0.0,35
pbm0p0075__long__ret500_spread125_wick0p25__deadline9__maxholdnone,-0.0075,long,ret500_spread125_wick0p25,9,,5m_conservative,7,1.006558070667762,1.0061132043853553,0.006558070667761928,-0.04576822571139638,0.5714285714285714,1.1619036905928954,0.0010781448520214222,0.013540308046391673,0.015538072740472244,0.8714277679446715,-0.021720814178636017,0.028731988069924594,7,0,inf,1.0,0.0,0.5714285714285714,0.0,0.8714277679446715,0.0,8
pbm0p0075__long__ret500_spread125_wick0p25__deadline9__maxhold36,-0.0075,long,ret500_spread125_wick0p25,9,36.0,5m_conservative,7,1.006558070667762,1.0061132043853553,0.006558070667761928,-0.04576822571139638,0.5714285714285714,1.1619036905928954,0.0010781448520214222,0.013540308046391673,0.015538072740472244,0.8714277679446715,-0.021720814178636017,0.028731988069924594,7,0,inf,1.0,0.0,0.5714285714285714,0.0,0.8714277679446715,0.0,8
pbm0p0075__long__close0p75_wick0p25__deadline9__maxholdnone,-0.0075,long,close0p75_wick0p25,9,,5m_conservative,34,1.0738849827507844,1.0687204924680707,0.07388498275078437,-0.09611834989768997,0.47058823529411764,1.3701994614216635,0.0022956515503877897,0.01805564107246784,0.011713228024794476,1.5414743940993714,-0.027274243793937007,0.07755944026126306,34,0,inf,1.0,0.0,0.47058823529411764,0.0,1.5414743940993714,0.0,36
pbm0p0075__long__close0p75_wick0p25__deadline9__maxhold36,-0.0075,long,close0p75_wick0p25,9,36.0,5m_conservative,34,1.0738849827507844,1.0687204924680707,0.07388498275078437,-0.09611834989768997,0.47058823529411764,1.3701994614216635,0.0022956515503877897,0.01805564107246784,0.011713228024794476,1.5414743940993714,-0.027274243793937007,0.07755944026126306,34,0,inf,1.0,0.0,0.47058823529411764,0.0,1.5414743940993714,0.0,36
pbm0p0075__short__none__deadline9__maxholdnone,-0.0075,short,none,9,,5m_conservative,52,0.8196296467500531,0.830729399287172,-0.18037035324994688,-0.23712918299361452,0.4230769230769231,0.5679329989487966,-0.003659646829063388,0.011370140833657193,0.01468149111505848,0.7744540894756318,-0.05698735174516441,0.05358515776854029,0,52,0.0,0.0,1.0,0.0,0.4230769230769231,0.0,0.7744540894756318,57
pbm0p0075__short__none__deadline9__maxhold36,-0.0075,short,none,9,36.0,5m_conservative,52,0.8196296467500531,0.830729399287172,-0.18037035324994688,-0.23712918299361452,0.4230769230769231,0.5679329989487966,-0.003659646829063388,0.011370140833657193,0.01468149111505848,0.7744540894756318,-0.05698735174516441,0.05358515776854029,0,52,0.0,0.0,1.0,0.0,0.4230769230769231,0.0,0.7744540894756318,57
pbm0p0075__short__ret192_ge_250__deadline9__maxholdnone,-0.0075,short,ret192_ge_250,9,,5m_conservative,36,0.8830856591975462,0.8905423717815742,-0.11691434080245378,-0.167900100810365,0.4444444444444444,0.6132625628046307,-0.003271559089981097,0.011672597911613255,0.015226884691256576,0.7665782035057882,-0.05698735174516441,0.05358515776854029,0,36,0.0,0.0,1.0,0.0,0.4444444444444444,0.0,0.7665782035057882,40
pbm0p0075__short__ret192_ge_250__deadline9__maxhold36,-0.0075,short,ret192_ge_250,9,36.0,5m_conservative,36,0.8830856591975462,0.8905423717815742,-0.11691434080245378,-0.167900100810365,0.4444444444444444,0.6132625628046307,-0.003271559089981097,0.011672597911613255,0.015226884691256576,0.7665782035057882,-0.05698735174516441,0.05358515776854029,0,36,0.0,0.0,1.0,0.0,0.4444444444444444,0.0,0.7665782035057882,40
pbm0p0075__short__ret192_ge_500__deadline9__maxholdnone,-0.0075,short,ret192_ge_500,9,,5m_conservative,24,0.8885278287623063,0.8956582763008067,-0.1114721712376937,-0.13398037806891394,0.4166666666666667,0.5180812585746288,-0.004714648725348449,0.01216423069901652,0.016770991171323423,0.7253137620044804,-0.05698735174516441,0.05358515776854029,0,24,0.0,0.0,1.0,0.0,0.4166666666666667,0.0,0.7253137620044804,28
pbm0p0075__short__ret192_ge_500__deadline9__maxhold36,-0.0075,short,ret192_ge_500,9,36.0,5m_conservative,24,0.8885278287623063,0.8956582763008067,-0.1114721712376937,-0.13398037806891394,0.4166666666666667,0.5180812585746288,-0.004714648725348449,0.01216423069901652,0.016770991171323423,0.7253137620044804,-0.05698735174516441,0.05358515776854029,0,24,0.0,0.0,1.0,0.0,0.4166666666666667,0.0,0.7253137620044804,28
pbm0p0075__short__spread_le_125__deadline9__maxholdnone,-0.0075,short,spread_le_125,9,,5m_conservative,38,0.8341857891544006,0.8444767144011854,-0.16581421084559944,-0.22245065883912463,0.39473684210526316,0.5396891572930019,-0.004563322615248985,0.01355395373605588,0.016378937626969545,0.8275233745159363,-0.05698735174516441,0.05358515776854029,0,38,0.0,0.0,1.0,0.0,0.39473684210526316,0.0,0.8275233745159363,40
pbm0p0075__short__spread_le_125__deadline9__maxhold36,-0.0075,short,spread_le_125,9,36.0,5m_conservative,38,0.8341857891544006,0.8444767144011854,-0.16581421084559944,-0.22245065883912463,0.39473684210526316,0.5396891572930019,-0.004563322615248985,0.01355395373605588,0.016378937626969545,0.8275233745159363,-0.05698735174516441,0.05358515776854029,0,38,0.0,0.0,1.0,0.0,0.39473684210526316,0.0,0.8275233745159363,40
pbm0p0075__short__spread_le_200__deadline9__maxholdnone,-0.0075,short,spread_le_200,9,,5m_conservative,43,0.798895014199768,0.8111183010803082,-0.20110498580023195,-0.25358323684969997,0.37209302325581395,0.48529722955288945,-0.005031267692082673,0.012749031786999085,0.015567741457464455,0.818939074870501,-0.05698735174516441,0.05358515776854029,0,43,0.0,0.0,1.0,0.0,0.37209302325581395,0.0,0.818939074870501,46
pbm0p0075__short__spread_le_200__deadline9__maxhold36,-0.0075,short,spread_le_200,9,36.0,5m_conservative,43,0.798895014199768,0.8111183010803082,-0.20110498580023195,-0.25358323684969997,0.37209302325581395,0.48529722955288945,-0.005031267692082673,0.012749031786999085,0.015567741457464455,0.818939074870501,-0.05698735174516441,0.05358515776854029,0,43,0.0,0.0,1.0,0.0,0.37209302325581395,0.0,0.818939074870501,46
pbm0p0075__short__adverse_wick_le_0p25__deadline9__maxholdnone,-0.0075,short,adverse_wick_le_0p25,9,,5m_conservative,31,0.9176573546398551,0.9230057655259317,-0.0823426453601449,-0.11628848604709718,0.41935483870967744,0.6914029794945938,-0.0025833192775267725,0.013801806820085066,0.014417021459135322,0.95732720237713,-0.05698735174516441,0.05358515776854029,0,31,0.0,0.0,1.0,0.0,0.41935483870967744,0.0,0.95732720237713,32
pbm0p0075__short__adverse_wick_le_0p25__deadline9__maxhold36,-0.0075,short,adverse_wick_le_0p25,9,36.0,5m_conservative,31,0.9176573546398551,0.9230057655259317,-0.0823426453601449,-0.11628848604709718,0.41935483870967744,0.6914029794945938,-0.0025833192775267725,0.013801806820085066,0.014417021459135322,0.95732720237713,-0.05698735174516441,0.05358515776854029,0,31,0.0,0.0,1.0,0.0,0.41935483870967744,0.0,0.95732720237713,32
pbm0p0075__short__close_pos_ge_0p6__deadline9__maxholdnone,-0.0075,short,close_pos_ge_0p6,9,,5m_conservative,51,0.8342102670318678,0.8444998183990317,-0.16578973296813215,-0.22355826135729662,0.43137254901960786,0.5914018442626101,-0.003388691835287078,0.011370140833657193,0.01458504765310687,0.779575158346168,-0.05698735174516441,0.05358515776854029,0,51,0.0,0.0,1.0,0.0,0.43137254901960786,0.0,0.779575158346168,56
pbm0p0075__short__close_pos_ge_0p6__deadline9__maxhold36,-0.0075,short,close_pos_ge_0p6,9,36.0,5m_conservative,51,0.8342102670318678,0.8444998183990317,-0.16578973296813215,-0.22355826135729662,0.43137254901960786,0.5914018442626101,-0.003388691835287078,0.011370140833657193,0.01458504765310687,0.779575158346168,-0.05698735174516441,0.05358515776854029,0,51,0.0,0.0,1.0,0.0,0.43137254901960786,0.0,0.779575158346168,56
pbm0p0075__short__ret250_spread200__deadline9__maxholdnone,-0.0075,short,ret250_spread200,9,,5m_conservative,27,0.8607457441804518,0.8695192637449889,-0.1392542558195482,-0.18584732889891176,0.37037037037037035,0.49434638269983655,-0.0053266297365769716,0.014060297683733916,0.016730704689701024,0.840388850589722,-0.05698735174516441,0.05358515776854029,0,27,0.0,0.0,1.0,0.0,0.37037037037037035,0.0,0.840388850589722,29
pbm0p0075__short__ret250_spread200__deadline9__maxhold36,-0.0075,short,ret250_spread200,9,36.0,5m_conservative,27,0.8607457441804518,0.8695192637449889,-0.1392542558195482,-0.18584732889891176,0.37037037037037035,0.49434638269983655,-0.0053266297365769716,0.014060297683733916,0.016730704689701024,0.840388850589722,-0.05698735174516441,0.05358515776854029,0,27,0.0,0.0,1.0,0.0,0.37037037037037035,0.0,0.840388850589722,29
pbm0p0075__short__ret500_wick0p25__deadline9__maxholdnone,-0.0075,short,ret500_wick0p25,9,,5m_conservative,14,0.961715367737109,0.9642576532465401,-0.03828463226289103,-0.07963750208837717,0.42857142857142855,0.7554410063582931,-0.002499292643763748,0.01801402714482906,0.017884282485208354,1.007254675144391,-0.05698735174516441,0.05358515776854029,0,14,0.0,0.0,1.0,0.0,0.42857142857142855,0.0,1.007254675144391,15
pbm0p0075__short__ret500_wick0p25__deadline9__maxhold36,-0.0075,short,ret500_wick0p25,9,36.0,5m_conservative,14,0.961715367737109,0.9642576532465401,-0.03828463226289103,-0.07963750208837717,0.42857142857142855,0.7554410063582931,-0.002499292643763748,0.01801402714482906,0.017884282485208354,1.007254675144391,-0.05698735174516441,0.05358515776854029,0,14,0.0,0.0,1.0,0.0,0.42857142857142855,0.0,1.007254675144391,15
pbm0p0075__short__spread125_wick0p25__deadline9__maxholdnone,-0.0075,short,spread125_wick0p25,9,,5m_conservative,22,0.9157942558185409,0.9212584211384696,-0.0842057441814591,-0.1224091642587597,0.4090909090909091,0.6253572212899107,-0.0037550887964983974,0.015321849279206677,0.016962199771986534,0.9032937640854264,-0.05698735174516441,0.05358515776854029,0,22,0.0,0.0,1.0,0.0,0.4090909090909091,0.0,0.9032937640854264,22
pbm0p0075__short__spread125_wick0p25__deadline9__maxhold36,-0.0075,short,spread125_wick0p25,9,36.0,5m_conservative,22,0.9157942558185409,0.9212584211384696,-0.0842057441814591,-0.1224091642587597,0.4090909090909091,0.6253572212899107,-0.0037550887964983974,0.015321849279206677,0.016962199771986534,0.9032937640854264,-0.05698735174516441,0.05358515776854029,0,22,0.0,0.0,1.0,0.0,0.4090909090909091,0.0,0.9032937640854264,22
pbm0p0075__short__ret250_spread200_close0p6__deadline9__maxholdnone,-0.0075,short,ret250_spread200_close0p6,9,,5m_conservative,27,0.8607457441804518,0.8695192637449889,-0.1392542558195482,-0.18584732889891176,0.37037037037037035,0.49434638269983655,-0.0053266297365769716,0.014060297683733916,0.016730704689701024,0.840388850589722,-0.05698735174516441,0.05358515776854029,0,27,0.0,0.0,1.0,0.0,0.37037037037037035,0.0,0.840388850589722,29
pbm0p0075__short__ret250_spread200_close0p6__deadline9__maxhold36,-0.0075,short,ret250_spread200_close0p6,9,36.0,5m_conservative,27,0.8607457441804518,0.8695192637449889,-0.1392542558195482,-0.18584732889891176,0.37037037037037035,0.49434638269983655,-0.0053266297365769716,0.014060297683733916,0.016730704689701024,0.840388850589722,-0.05698735174516441,0.05358515776854029,0,27,0.0,0.0,1.0,0.0,0.37037037037037035,0.0,0.840388850589722,29
pbm0p0075__short__ret500_spread125_wick0p25__deadline9__maxholdnone,-0.0075,short,ret500_spread125_wick0p25,9,,5m_conservative,7,0.9540081894497774,0.9570507470119449,-0.04599181055022261,-0.09310313681577542,0.2857142857142857,0.6046588977166548,-0.006216691155979406,0.03327865886036433,0.0220148311625169,1.511647244291637,-0.05698735174516441,0.05358515776854029,0,7,0.0,0.0,1.0,0.0,0.2857142857142857,0.0,1.511647244291637,7
pbm0p0075__short__ret500_spread125_wick0p25__deadline9__maxhold36,-0.0075,short,ret500_spread125_wick0p25,9,36.0,5m_conservative,7,0.9540081894497774,0.9570507470119449,-0.04599181055022261,-0.09310313681577542,0.2857142857142857,0.6046588977166548,-0.006216691155979406,0.03327865886036433,0.0220148311625169,1.511647244291637,-0.05698735174516441,0.05358515776854029,0,7,0.0,0.0,1.0,0.0,0.2857142857142857,0.0,1.511647244291637,7
pbm0p0075__short__close0p75_wick0p25__deadline9__maxholdnone,-0.0075,short,close0p75_wick0p25,9,,5m_conservative,29,0.9423865769788947,0.9461760338575914,-0.05761342302110528,-0.11471873134673971,0.4482758620689655,0.7696963506668258,-0.0018512398530856789,0.013801806820085066,0.014569340275036907,0.9473185854360934,-0.05698735174516441,0.05358515776854029,0,29,0.0,0.0,1.0,0.0,0.4482758620689655,0.0,0.9473185854360934,30
pbm0p0075__short__close0p75_wick0p25__deadline9__maxhold36,-0.0075,short,close0p75_wick0p25,9,36.0,5m_conservative,29,0.9423865769788947,0.9461760338575914,-0.05761342302110528,-0.11471873134673971,0.4482758620689655,0.7696963506668258,-0.0018512398530856789,0.013801806820085066,0.014569340275036907,0.9473185854360934,-0.05698735174516441,0.05358515776854029,0,29,0.0,0.0,1.0,0.0,0.4482758620689655,0.0,0.9473185854360934,30
pbm0p0050__both__none__deadline9__maxholdnone,-0.005,both,none,9,,5m_conservative,488,0.3003305660068274,0.32578326755357956,-0.6996694339931726,-0.7274910899852979,0.4036885245901639,0.6305425036437753,-0.002365054395179748,0.009998724761276766,0.010735035473605636,0.9314105003062871,-0.05698735174516441,0.07755944026126306,250,238,1.050420168067227,0.5122950819672131,0.48770491803278687,0.42,0.3865546218487395,1.0296926554123569,0.8336333673497359,554
pbm0p0050__both__none__deadline9__maxhold36,-0.005,both,none,9,36.0,5m_conservative,488,0.3003305660068274,0.32578326755357956,-0.6996694339931726,-0.7274910899852979,0.4036885245901639,0.6305425036437753,-0.002365054395179748,0.009998724761276766,0.010735035473605636,0.9314105003062871,-0.05698735174516441,0.07755944026126306,250,238,1.050420168067227,0.5122950819672131,0.48770491803278687,0.42,0.3865546218487395,1.0296926554123569,0.8336333673497359,554
pbm0p0050__both__ret192_ge_250__deadline9__maxholdnone,-0.005,both,ret192_ge_250,9,,5m_conservative,277,0.5085356957462046,0.5323319445106537,-0.4914643042537954,-0.5440818154027317,0.4151624548736462,0.6411708918777941,-0.0023303307124535534,0.010029646350471976,0.01110438850403649,0.9032146476887187,-0.05698735174516441,0.07755944026126306,133,144,0.9236111111111112,0.48014440433212996,0.51985559566787,0.42105263157894735,0.4097222222222222,1.1445498881200586,0.7306939561238908,319
pbm0p0050__both__ret192_ge_250__deadline9__maxhold36,-0.005,both,ret192_ge_250,9,36.0,5m_conservative,277,0.5085356957462046,0.5323319445106537,-0.4914643042537954,-0.5440818154027317,0.4151624548736462,0.6411708918777941,-0.0023303307124535534,0.010029646350471976,0.01110438850403649,0.9032146476887187,-0.05698735174516441,0.07755944026126306,133,144,0.9236111111111112,0.48014440433212996,0.51985559566787,0.42105263157894735,0.4097222222222222,1.1445498881200586,0.7306939561238908,319
pbm0p0050__both__ret192_ge_500__deadline9__maxholdnone,-0.005,both,ret192_ge_500,9,,5m_conservative,156,0.5058990715854372,0.5297581462379022,-0.49410092841456277,-0.5077647655762383,0.38461538461538464,0.44892687016402993,-0.004253535032304367,0.009009272583041704,0.012542789791895664,0.718282992262448,-0.05698735174516441,0.05358515776854029,76,80,0.95,0.48717948717948717,0.5128205128205128,0.40789473684210525,0.3625,0.661202974449895,0.7801899758541359,184
pbm0p0050__both__ret192_ge_500__deadline9__maxhold36,-0.005,both,ret192_ge_500,9,36.0,5m_conservative,156,0.5058990715854372,0.5297581462379022,-0.49410092841456277,-0.5077647655762383,0.38461538461538464,0.44892687016402993,-0.004253535032304367,0.009009272583041704,0.012542789791895664,0.718282992262448,-0.05698735174516441,0.05358515776854029,76,80,0.95,0.48717948717948717,0.5128205128205128,0.40789473684210525,0.3625,0.661202974449895,0.7801899758541359,184
pbm0p0050__both__spread_le_125__deadline9__maxholdnone,-0.005,both,spread_le_125,9,,5m_conservative,364,0.43629693605287906,0.46146972119442603,-0.563703063947121,-0.5820511943222503,0.40934065934065933,0.6481193911348213,-0.0021818787904009733,0.00981760187255234,0.010497797947517453,0.9352058328455476,-0.05698735174516441,0.07755944026126306,190,174,1.0919540229885059,0.521978021978022,0.47802197802197804,0.45263157894736844,0.3620689655172414,1.1009349371141965,0.7486797215599762,400
pbm0p0050__both__spread_le_125__deadline9__maxhold36,-0.005,both,spread_le_125,9,36.0,5m_conservative,364,0.43629693605287906,0.46146972119442603,-0.563703063947121,-0.5820511943222503,0.40934065934065933,0.6481193911348213,-0.0021818787904009733,0.00981760187255234,0.010497797947517453,0.9352058328455476,-0.05698735174516441,0.07755944026126306,190,174,1.0919540229885059,0.521978021978022,0.47802197802197804,0.45263157894736844,0.3620689655172414,1.1009349371141965,0.7486797215599762,400
pbm0p0050__both__spread_le_200__deadline9__maxholdnone,-0.005,both,spread_le_200,9,,5m_conservative,427,0.35699738037363443,0.3827521961317908,-0.6430026196263656,-0.6848806634487545,0.3981264637002342,0.6326850593990644,-0.0023140626393182004,0.01001158985414176,0.010467217985186657,0.9564709427385856,-0.05698735174516441,0.07755944026126306,223,204,1.0931372549019607,0.522248243559719,0.477751756440281,0.4349775784753363,0.35784313725490197,1.0787083944291656,0.8108185903765709,476
pbm0p0050__both__spread_le_200__deadline9__maxhold36,-0.005,both,spread_le_200,9,36.0,5m_conservative,427,0.35699738037363443,0.3827521961317908,-0.6430026196263656,-0.6848806634487545,0.3981264637002342,0.6326850593990644,-0.0023140626393182004,0.01001158985414176,0.010467217985186657,0.9564709427385856,-0.05698735174516441,0.07755944026126306,223,204,1.0931372549019607,0.522248243559719,0.477751756440281,0.4349775784753363,0.35784313725490197,1.0787083944291656,0.8108185903765709,476
pbm0p0050__both__adverse_wick_le_0p25__deadline9__maxholdnone,-0.005,both,adverse_wick_le_0p25,9,,5m_conservative,276,0.5540565605541479,0.5766299458173971,-0.44594343944585213,-0.4820260808416097,0.39855072463768115,0.6874040058286719,-0.0020265357648408993,0.011181480735404656,0.010778835855365064,1.037355136068723,-0.05698735174516441,0.07755944026126306,135,141,0.9574468085106383,0.4891304347826087,0.5108695652173914,0.42962962962962964,0.36879432624113473,1.1832592661988823,0.8914928125188724,295
pbm0p0050__both__adverse_wick_le_0p25__deadline9__maxhold36,-0.005,both,adverse_wick_le_0p25,9,36.0,5m_conservative,276,0.5540565605541479,0.5766299458173971,-0.44594343944585213,-0.4820260808416097,0.39855072463768115,0.6874040058286719,-0.0020265357648408993,0.011181480735404656,0.010778835855365064,1.037355136068723,-0.05698735174516441,0.07755944026126306,135,141,0.9574468085106383,0.4891304347826087,0.5108695652173914,0.42962962962962964,0.36879432624113473,1.1832592661988823,0.8914928125188724,295
pbm0p0050__both__close_pos_ge_0p6__deadline9__maxholdnone,-0.005,both,close_pos_ge_0p6,9,,5m_conservative,483,0.29207182108852964,0.3174226210828035,-0.7079281789114704,-0.7349847713834264,0.3995859213250518,0.6189388282172639,-0.0024483927319174092,0.009952310869326835,0.010701274783779958,0.93001171079278,-0.05698735174516441,0.07755944026126306,247,236,1.0466101694915255,0.5113871635610766,0.4886128364389234,0.41700404858299595,0.3813559322033898,1.0354550383883248,0.8234182600951296,548
pbm0p0050__both__close_pos_ge_0p6__deadline9__maxhold36,-0.005,both,close_pos_ge_0p6,9,36.0,5m_conservative,483,0.29207182108852964,0.3174226210828035,-0.7079281789114704,-0.7349847713834264,0.3995859213250518,0.6189388282172639,-0.0024483927319174092,0.009952310869326835,0.010701274783779958,0.93001171079278,-0.05698735174516441,0.07755944026126306,247,236,1.0466101694915255,0.5113871635610766,0.4886128364389234,0.41700404858299595,0.3813559322033898,1.0354550383883248,0.8234182600951296,548
pbm0p0050__both__ret250_spread200__deadline9__maxholdnone,-0.005,both,ret250_spread200,9,,5m_conservative,218,0.6001324768648433,0.621217923926294,-0.3998675231351567,-0.45279359144630504,0.40825688073394495,0.6487352348078675,-0.0022312552837158053,0.010093659420133657,0.01073449100962745,0.940301632474325,-0.05698735174516441,0.07755944026126306,107,111,0.963963963963964,0.4908256880733945,0.5091743119266054,0.4485981308411215,0.36936936936936937,1.26858058668988,0.671497728780845,243
pbm0p0050__both__ret250_spread200__deadline9__maxhold36,-0.005,both,ret250_spread200,9,36.0,5m_conservative,218,0.6001324768648433,0.621217923926294,-0.3998675231351567,-0.45279359144630504,0.40825688073394495,0.6487352348078675,-0.0022312552837158053,0.010093659420133657,0.01073449100962745,0.940301632474325,-0.05698735174516441,0.07755944026126306,107,111,0.963963963963964,0.4908256880733945,0.5091743119266054,0.4485981308411215,0.36936936936936937,1.26858058668988,0.671497728780845,243
pbm0p0050__both__ret500_wick0p25__deadline9__maxholdnone,-0.005,both,ret500_wick0p25,9,,5m_conservative,93,0.750582330728676,0.7652881337056503,-0.24941766927132403,-0.2796826241745344,0.3978494623655914,0.5864889062087923,-0.0029613555080309,0.010557094469556046,0.01189318852893656,0.8876588850727668,-0.05698735174516441,0.05358515776854029,44,49,0.8979591836734694,0.4731182795698925,0.5268817204301075,0.4090909090909091,0.3877551020408163,0.7514930700504505,1.005622928109908,102
pbm0p0050__both__ret500_wick0p25__deadline9__maxhold36,-0.005,both,ret500_wick0p25,9,36.0,5m_conservative,93,0.750582330728676,0.7652881337056503,-0.24941766927132403,-0.2796826241745344,0.3978494623655914,0.5864889062087923,-0.0029613555080309,0.010557094469556046,0.01189318852893656,0.8876588850727668,-0.05698735174516441,0.05358515776854029,44,49,0.8979591836734694,0.4731182795698925,0.5268817204301075,0.4090909090909091,0.3877551020408163,0.7514930700504505,1.005622928109908,102
pbm0p0050__both__spread125_wick0p25__deadline9__maxholdnone,-0.005,both,spread125_wick0p25,9,,5m_conservative,206,0.6356571793224991,0.6554366513226809,-0.3643428206775009,-0.40339472150427247,0.4077669902912621,0.6849767660014351,-0.002079039630969995,0.01108623186354479,0.011143652791127716,0.9948472077639889,-0.05698735174516441,0.07755944026126306,106,100,1.06,0.5145631067961165,0.4854368932038835,0.4716981132075472,0.34,1.1722537647456475,0.7836951216229295,215
pbm0p0050__both__spread125_wick0p25__deadline9__maxhold36,-0.005,both,spread125_wick0p25,9,36.0,5m_conservative,206,0.6356571793224991,0.6554366513226809,-0.3643428206775009,-0.40339472150427247,0.4077669902912621,0.6849767660014351,-0.002079039630969995,0.01108623186354479,0.011143652791127716,0.9948472077639889,-0.05698735174516441,0.07755944026126306,106,100,1.06,0.5145631067961165,0.4854368932038835,0.4716981132075472,0.34,1.1722537647456475,0.7836951216229295,215
pbm0p0050__both__ret250_spread200_close0p6__deadline9__maxholdnone,-0.005,both,ret250_spread200_close0p6,9,,5m_conservative,217,0.6057497460231103,0.6266376080925065,-0.39425025397688973,-0.44767171286037577,0.41013824884792627,0.6531089090653142,-0.0021988036926817458,0.010093659420133657,0.010745906950811205,0.9393027006782046,-0.05698735174516441,0.07755944026126306,106,111,0.954954954954955,0.48847926267281105,0.511520737327189,0.4528301886792453,0.36936936936936937,1.2683192958709018,0.671497728780845,242
pbm0p0050__both__ret250_spread200_close0p6__deadline9__maxhold36,-0.005,both,ret250_spread200_close0p6,9,36.0,5m_conservative,217,0.6057497460231103,0.6266376080925065,-0.39425025397688973,-0.44767171286037577,0.41013824884792627,0.6531089090653142,-0.0021988036926817458,0.010093659420133657,0.010745906950811205,0.9393027006782046,-0.05698735174516441,0.07755944026126306,106,111,0.954954954954955,0.48847926267281105,0.511520737327189,0.4528301886792453,0.36936936936936937,1.2683192958709018,0.671497728780845,242
pbm0p0050__both__ret500_spread125_wick0p25__deadline9__maxholdnone,-0.005,both,ret500_spread125_wick0p25,9,,5m_conservative,44,0.8694292394970453,0.8776952503157991,-0.13057076050295469,-0.1613873598537796,0.4318181818181818,0.6134544306543221,-0.0030199473235114436,0.01109890287693038,0.01375027347584723,0.8071768824398975,-0.05698735174516441,0.05358515776854029,25,19,1.3157894736842106,0.5681818181818182,0.4318181818181818,0.52,0.3157894736842105,0.7186153549526312,1.059484896957394,46
pbm0p0050__both__ret500_spread125_wick0p25__deadline9__maxhold36,-0.005,both,ret500_spread125_wick0p25,9,36.0,5m_conservative,44,0.8694292394970453,0.8776952503157991,-0.13057076050295469,-0.1613873598537796,0.4318181818181818,0.6134544306543221,-0.0030199473235114436,0.01109890287693038,0.01375027347584723,0.8071768824398975,-0.05698735174516441,0.05358515776854029,25,19,1.3157894736842106,0.5681818181818182,0.4318181818181818,0.52,0.3157894736842105,0.7186153549526312,1.059484896957394,46
pbm0p0050__both__close0p75_wick0p25__deadline9__maxholdnone,-0.005,both,close0p75_wick0p25,9,,5m_conservative,253,0.5121234669353849,0.5358327774110327,-0.4878765330646151,-0.5269544571786742,0.383399209486166,0.6215511180728235,-0.0025321528562026263,0.010846967307766743,0.010851221163286144,0.9996079837047471,-0.05698735174516441,0.07755944026126306,124,129,0.9612403100775194,0.4901185770750988,0.5098814229249012,0.4274193548387097,0.34108527131782945,1.1672039994882704,0.806901874600866,268
pbm0p0050__both__close0p75_wick0p25__deadline9__maxhold36,-0.005,both,close0p75_wick0p25,9,36.0,5m_conservative,253,0.5121234669353849,0.5358327774110327,-0.4878765330646151,-0.5269544571786742,0.383399209486166,0.6215511180728235,-0.0025321528562026263,0.010846967307766743,0.010851221163286144,0.9996079837047471,-0.05698735174516441,0.07755944026126306,124,129,0.9612403100775194,0.4901185770750988,0.5098814229249012,0.4274193548387097,0.34108527131782945,1.1672039994882704,0.806901874600866,268
pbm0p0050__long__none__deadline9__maxholdnone,-0.005,long,none,9,,5m_conservative,250,0.6678503559015251,0.6863345694064293,-0.3321496440984749,-0.3701885832220091,0.42,0.7456395090917067,-0.001518091595505986,0.010595658266506335,0.010290117357652838,1.0296926554123569,-0.03974929334253867,0.07755944026126306,250,0,inf,1.0,0.0,0.42,0.0,1.0296926554123569,0.0,283
pbm0p0050__long__none__deadline9__maxhold36,-0.005,long,none,9,36.0,5m_conservative,250,0.6678503559015251,0.6863345694064293,-0.3321496440984749,-0.3701885832220091,0.42,0.7456395090917067,-0.001518091595505986,0.010595658266506335,0.010290117357652838,1.0296926554123569,-0.03974929334253867,0.07755944026126306,250,0,inf,1.0,0.0,0.42,0.0,1.0296926554123569,0.0,283
pbm0p0050__long__ret192_ge_250__deadline9__maxholdnone,-0.005,long,ret192_ge_250,9,,5m_conservative,133,0.8710990653437276,0.8792668481341877,-0.1289009346562724,-0.17766565024522996,0.42105263157894735,0.8323999186327699,-0.0009339335150605869,0.011016341203758035,0.00962504240147413,1.1445498881200586,-0.03974929334253867,0.07755944026126306,133,0,inf,1.0,0.0,0.42105263157894735,0.0,1.1445498881200586,0.0,154
pbm0p0050__long__ret192_ge_250__deadline9__maxhold36,-0.005,long,ret192_ge_250,9,36.0,5m_conservative,133,0.8710990653437276,0.8792668481341877,-0.1289009346562724,-0.17766565024522996,0.42105263157894735,0.8323999186327699,-0.0009339335150605869,0.011016341203758035,0.00962504240147413,1.1445498881200586,-0.03974929334253867,0.07755944026126306,133,0,inf,1.0,0.0,0.42105263157894735,0.0,1.1445498881200586,0.0,154
pbm0p0050__long__ret192_ge_500__deadline9__maxholdnone,-0.005,long,ret192_ge_500,9,,5m_conservative,76,0.7412347047228144,0.7563981583863948,-0.2587652952771856,-0.2797248321515524,0.40789473684210525,0.45549538239881654,-0.003848159175588568,0.007892004749571302,0.011935827657365367,0.661202974449895,-0.03974929334253867,0.028731988069924594,76,0,inf,1.0,0.0,0.40789473684210525,0.0,0.661202974449895,0.0,91
pbm0p0050__long__ret192_ge_500__deadline9__maxhold36,-0.005,long,ret192_ge_500,9,36.0,5m_conservative,76,0.7412347047228144,0.7563981583863948,-0.2587652952771856,-0.2797248321515524,0.40789473684210525,0.45549538239881654,-0.003848159175588568,0.007892004749571302,0.011935827657365367,0.661202974449895,-0.03974929334253867,0.028731988069924594,76,0,inf,1.0,0.0,0.40789473684210525,0.0,0.661202974449895,0.0,91
pbm0p0050__long__spread_le_125__deadline9__maxholdnone,-0.005,long,spread_le_125,9,,5m_conservative,190,0.894252335558656,0.90103730541579,-0.10574766444134398,-0.21987804981910308,0.45263157894736844,0.9103885056905856,-0.0004894091451196297,0.010984752506227815,0.009977658202964633,1.1009349371141965,-0.03892276407195153,0.07755944026126306,190,0,inf,1.0,0.0,0.45263157894736844,0.0,1.1009349371141965,0.0,208
pbm0p0050__long__spread_le_125__deadline9__maxhold36,-0.005,long,spread_le_125,9,36.0,5m_conservative,190,0.894252335558656,0.90103730541579,-0.10574766444134398,-0.21987804981910308,0.45263157894736844,0.9103885056905856,-0.0004894091451196297,0.010984752506227815,0.009977658202964633,1.1009349371141965,-0.03892276407195153,0.07755944026126306,190,0,inf,1.0,0.0,0.45263157894736844,0.0,1.1009349371141965,0.0,208
pbm0p0050__long__spread_le_200__deadline9__maxholdnone,-0.005,long,spread_le_200,9,,5m_conservative,223,0.7867008607861764,0.7995688754834784,-0.2132991392138236,-0.3080777765488989,0.4349775784753363,0.8304342401557862,-0.0009771081122670925,0.011001270288540399,0.01019855815098397,1.0787083944291656,-0.03892276407195153,0.07755944026126306,223,0,inf,1.0,0.0,0.4349775784753363,0.0,1.0787083944291656,0.0,249
pbm0p0050__long__spread_le_200__deadline9__maxhold36,-0.005,long,spread_le_200,9,36.0,5m_conservative,223,0.7867008607861764,0.7995688754834784,-0.2132991392138236,-0.3080777765488989,0.4349775784753363,0.8304342401557862,-0.0009771081122670925,0.011001270288540399,0.01019855815098397,1.0787083944291656,-0.03892276407195153,0.07755944026126306,223,0,inf,1.0,0.0,0.4349775784753363,0.0,1.0787083944291656,0.0,249
pbm0p0050__long__adverse_wick_le_0p25__deadline9__maxholdnone,-0.005,long,adverse_wick_le_0p25,9,,5m_conservative,135,0.901916104381742,0.9082349187680336,-0.09808389561825803,-0.1802329010527549,0.42962962962962964,0.8912862005134439,-0.0006477995516914538,0.012361720679866139,0.010447178427410159,1.1832592661988823,-0.03892276407195153,0.07755944026126306,135,0,inf,1.0,0.0,0.42962962962962964,0.0,1.1832592661988823,0.0,142
pbm0p0050__long__adverse_wick_le_0p25__deadline9__maxhold36,-0.005,long,adverse_wick_le_0p25,9,36.0,5m_conservative,135,0.901916104381742,0.9082349187680336,-0.09808389561825803,-0.1802329010527549,0.42962962962962964,0.8912862005134439,-0.0006477995516914538,0.012361720679866139,0.010447178427410159,1.1832592661988823,-0.03892276407195153,0.07755944026126306,135,0,inf,1.0,0.0,0.42962962962962964,0.0,1.1832592661988823,0.0,142
pbm0p0050__long__close_pos_ge_0p6__deadline9__maxholdnone,-0.005,long,close_pos_ge_0p6,9,,5m_conservative,247,0.664547554110636,0.6831693713578467,-0.33545244588936396,-0.37330326640945566,0.41700404858299595,0.7406379788472045,-0.0015570056201859295,0.010662265807142041,0.010297178932788574,1.0354550383883248,-0.03974929334253867,0.07755944026126306,247,0,inf,1.0,0.0,0.41700404858299595,0.0,1.0354550383883248,0.0,280
pbm0p0050__long__close_pos_ge_0p6__deadline9__maxhold36,-0.005,long,close_pos_ge_0p6,9,36.0,5m_conservative,247,0.664547554110636,0.6831693713578467,-0.33545244588936396,-0.37330326640945566,0.41700404858299595,0.7406379788472045,-0.0015570056201859295,0.010662265807142041,0.010297178932788574,1.0354550383883248,-0.03974929334253867,0.07755944026126306,247,0,inf,1.0,0.0,0.41700404858299595,0.0,1.0354550383883248,0.0,280
pbm0p0050__long__ret250_spread200__deadline9__maxholdnone,-0.005,long,ret250_spread200,9,,5m_conservative,107,1.00594748461134,1.005544151376519,0.0059474846113400925,-0.17384649942792096,0.4485981308411215,1.0320655620527839,0.00016594326283717476,0.011906129321160497,0.00938539454732417,1.26858058668988,-0.03373476112626046,0.07755944026126306,107,0,inf,1.0,0.0,0.4485981308411215,0.0,1.26858058668988,0.0,121
pbm0p0050__long__ret250_spread200__deadline9__maxhold36,-0.005,long,ret250_spread200,9,36.0,5m_conservative,107,1.00594748461134,1.005544151376519,0.0059474846113400925,-0.17384649942792096,0.4485981308411215,1.0320655620527839,0.00016594326283717476,0.011906129321160497,0.00938539454732417,1.26858058668988,-0.03373476112626046,0.07755944026126306,107,0,inf,1.0,0.0,0.4485981308411215,0.0,1.26858058668988,0.0,121
pbm0p0050__long__ret500_wick0p25__deadline9__maxholdnone,-0.005,long,ret500_wick0p25,9,,5m_conservative,44,0.867581075498366,0.8759555671128532,-0.13241892450163395,-0.1750712124127296,0.4090909090909091,0.5202644331118503,-0.0031383681333034615,0.008319673371527813,0.011070858405878957,0.7514930700504505,-0.03338949699284896,0.028731988069924594,44,0,inf,1.0,0.0,0.4090909090909091,0.0,0.7514930700504505,0.0,49
pbm0p0050__long__ret500_wick0p25__deadline9__maxhold36,-0.005,long,ret500_wick0p25,9,36.0,5m_conservative,44,0.867581075498366,0.8759555671128532,-0.13241892450163395,-0.1750712124127296,0.4090909090909091,0.5202644331118503,-0.0031383681333034615,0.008319673371527813,0.011070858405878957,0.7514930700504505,-0.03338949699284896,0.028731988069924594,44,0,inf,1.0,0.0,0.4090909090909091,0.0,0.7514930700504505,0.0,49
pbm0p0050__long__spread125_wick0p25__deadline9__maxholdnone,-0.005,long,spread125_wick0p25,9,,5m_conservative,106,1.0146561383395578,1.013658226303533,0.014656138339557812,-0.1411803968226344,0.4716981132075472,1.046655147094328,0.00026176730952379574,0.012449597785135632,0.0106202241865582,1.1722537647456475,-0.03892276407195153,0.07755944026126306,106,0,inf,1.0,0.0,0.4716981132075472,0.0,1.1722537647456475,0.0,109
pbm0p0050__long__spread125_wick0p25__deadline9__maxhold36,-0.005,long,spread125_wick0p25,9,36.0,5m_conservative,106,1.0146561383395578,1.013658226303533,0.014656138339557812,-0.1411803968226344,0.4716981132075472,1.046655147094328,0.00026176730952379574,0.012449597785135632,0.0106202241865582,1.1722537647456475,-0.03892276407195153,0.07755944026126306,106,0,inf,1.0,0.0,0.4716981132075472,0.0,1.1722537647456475,0.0,109
pbm0p0050__long__ret250_spread200_close0p6__deadline9__maxholdnone,-0.005,long,ret250_spread200_close0p6,9,,5m_conservative,106,1.0153632019703855,1.0143168082908567,0.015363201970385543,-0.17384649942792096,0.4528301886792453,1.0496435552035048,0.0002549922609592873,0.011906129321160497,0.009387328064724473,1.2683192958709018,-0.03373476112626046,0.07755944026126306,106,0,inf,1.0,0.0,0.4528301886792453,0.0,1.2683192958709018,0.0,120
pbm0p0050__long__ret250_spread200_close0p6__deadline9__maxhold36,-0.005,long,ret250_spread200_close0p6,9,36.0,5m_conservative,106,1.0153632019703855,1.0143168082908567,0.015363201970385543,-0.17384649942792096,0.4528301886792453,1.0496435552035048,0.0002549922609592873,0.011906129321160497,0.009387328064724473,1.2683192958709018,-0.03373476112626046,0.07755944026126306,106,0,inf,1.0,0.0,0.4528301886792453,0.0,1.2683192958709018,0.0,120
pbm0p0050__long__ret500_spread125_wick0p25__deadline9__maxholdnone,-0.005,long,ret500_spread125_wick0p25,9,,5m_conservative,25,0.965413955673796,0.9677147776017672,-0.034586044326204046,-0.07659898683648803,0.52,0.7784999678653504,-0.0013093653350657673,0.008849980234323464,0.012315323035237434,0.7186153549526312,-0.031127298148537996,0.028731988069924594,25,0,inf,1.0,0.0,0.52,0.0,0.7186153549526312,0.0,27
pbm0p0050__long__ret500_spread125_wick0p25__deadline9__maxhold36,-0.005,long,ret500_spread125_wick0p25,9,36.0,5m_conservative,25,0.965413955673796,0.9677147776017672,-0.034586044326204046,-0.07659898683648803,0.52,0.7784999678653504,-0.0013093653350657673,0.008849980234323464,0.012315323035237434,0.7186153549526312,-0.031127298148537996,0.028731988069924594,25,0,inf,1.0,0.0,0.52,0.0,0.7186153549526312,0.0,27
pbm0p0050__long__close0p75_wick0p25__deadline9__maxholdnone,-0.005,long,close0p75_wick0p25,9,,5m_conservative,124,0.8931727121086818,0.9000230165612813,-0.10682728789131823,-0.19313186028892704,0.4274193548387097,0.871293126378568,-0.0007896618987452537,0.012506896218561431,0.010715261620115034,1.1672039994882704,-0.03892276407195153,0.07755944026126306,124,0,inf,1.0,0.0,0.4274193548387097,0.0,1.1672039994882704,0.0,130
pbm0p0050__long__close0p75_wick0p25__deadline9__maxhold36,-0.005,long,close0p75_wick0p25,9,36.0,5m_conservative,124,0.8931727121086818,0.9000230165612813,-0.10682728789131823,-0.19313186028892704,0.4274193548387097,0.871293126378568,-0.0007896618987452537,0.012506896218561431,0.010715261620115034,1.1672039994882704,-0.03892276407195153,0.07755944026126306,124,0,inf,1.0,0.0,0.4274193548387097,0.0,1.1672039994882704,0.0,130
pbm0p0050__short__none__deadline9__maxholdnone,-0.005,short,none,9,,5m_conservative,238,0.4496973960602509,0.47467122024077957,-0.5503026039397492,-0.5882332082350628,0.3865546218487395,0.5253032177820254,-0.0032547212015597497,0.009317441956395197,0.011176906205202593,0.8336333673497359,-0.05698735174516441,0.05724990605474618,0,238,0.0,0.0,1.0,0.0,0.3865546218487395,0.0,0.8336333673497359,271
pbm0p0050__short__none__deadline9__maxhold36,-0.005,short,none,9,36.0,5m_conservative,238,0.4496973960602509,0.47467122024077957,-0.5503026039397492,-0.5882332082350628,0.3865546218487395,0.5253032177820254,-0.0032547212015597497,0.009317441956395197,0.011176906205202593,0.8336333673497359,-0.05698735174516441,0.05724990605474618,0,238,0.0,0.0,1.0,0.0,0.3865546218487395,0.0,0.8336333673497359,271
pbm0p0050__short__ret192_ge_250__deadline9__maxholdnone,-0.005,short,ret192_ge_250,9,,5m_conservative,144,0.5837862947832938,0.605427061921267,-0.4162137052167062,-0.45755669371763763,0.4097222222222222,0.5071875695448183,-0.0036200586794901133,0.009093122421929273,0.01244450203224004,0.7306939561238908,-0.05698735174516441,0.05358515776854029,0,144,0.0,0.0,1.0,0.0,0.4097222222222222,0.0,0.7306939561238908,165
pbm0p0050__short__ret192_ge_250__deadline9__maxhold36,-0.005,short,ret192_ge_250,9,36.0,5m_conservative,144,0.5837862947832938,0.605427061921267,-0.4162137052167062,-0.45755669371763763,0.4097222222222222,0.5071875695448183,-0.0036200586794901133,0.009093122421929273,0.01244450203224004,0.7306939561238908,-0.05698735174516441,0.05358515776854029,0,144,0.0,0.0,1.0,0.0,0.4097222222222222,0.0,0.7306939561238908,165
pbm0p0050__short__ret192_ge_500__deadline9__maxholdnone,-0.005,short,ret192_ge_500,9,,5m_conservative,80,0.6825086148315446,0.7003694289367676,-0.31749138516845543,-0.3302496126422553,0.3625,0.44363743725039095,-0.0046386420961843765,0.010203593370544549,0.013078344616481217,0.7801899758541359,-0.05698735174516441,0.05358515776854029,0,80,0.0,0.0,1.0,0.0,0.3625,0.0,0.7801899758541359,93
pbm0p0050__short__ret192_ge_500__deadline9__maxhold36,-0.005,short,ret192_ge_500,9,36.0,5m_conservative,80,0.6825086148315446,0.7003694289367676,-0.31749138516845543,-0.3302496126422553,0.3625,0.44363743725039095,-0.0046386420961843765,0.010203593370544549,0.013078344616481217,0.7801899758541359,-0.05698735174516441,0.05358515776854029,0,80,0.0,0.0,1.0,0.0,0.3625,0.0,0.7801899758541359,93
pbm0p0050__short__spread_le_125__deadline9__maxholdnone,-0.005,short,spread_le_125,9,,5m_conservative,174,0.4878901834573531,0.512153845818268,-0.512109816542647,-0.5313002266450069,0.3620689655172414,0.42492632845295947,-0.004029977828351865,0.008224348626582643,0.010985136086557937,0.7486797215599762,-0.05698735174516441,0.05358515776854029,0,174,0.0,0.0,1.0,0.0,0.3620689655172414,0.0,0.7486797215599762,192
pbm0p0050__short__spread_le_125__deadline9__maxhold36,-0.005,short,spread_le_125,9,36.0,5m_conservative,174,0.4878901834573531,0.512153845818268,-0.512109816542647,-0.5313002266450069,0.3620689655172414,0.42492632845295947,-0.004029977828351865,0.008224348626582643,0.010985136086557937,0.7486797215599762,-0.05698735174516441,0.05358515776854029,0,174,0.0,0.0,1.0,0.0,0.3620689655172414,0.0,0.7486797215599762,192
pbm0p0050__short__spread_le_200__deadline9__maxholdnone,-0.005,short,spread_le_200,9,,5m_conservative,204,0.4537905043308005,0.47869821833716314,-0.5462094956691995,-0.5871908157136855,0.35784313725490197,0.4518302068510663,-0.0037755374409475973,0.008696535030351785,0.0107256236272442,0.8108185903765709,-0.05698735174516441,0.05724990605474618,0,204,0.0,0.0,1.0,0.0,0.35784313725490197,0.0,0.8108185903765709,227
pbm0p0050__short__spread_le_200__deadline9__maxhold36,-0.005,short,spread_le_200,9,36.0,5m_conservative,204,0.4537905043308005,0.47869821833716314,-0.5462094956691995,-0.5871908157136855,0.35784313725490197,0.4518302068510663,-0.0037755374409475973,0.008696535030351785,0.0107256236272442,0.8108185903765709,-0.05698735174516441,0.05724990605474618,0,204,0.0,0.0,1.0,0.0,0.35784313725490197,0.0,0.8108185903765709,227
pbm0p0050__short__adverse_wick_le_0p25__deadline9__maxholdnone,-0.005,short,adverse_wick_le_0p25,9,,5m_conservative,141,0.6143105305054406,0.6348907467679855,-0.3856894694945594,-0.39667729063974555,0.36879432624113473,0.5208722050672063,-0.0033466023518988774,0.00986505925888993,0.011065775427865373,0.8914928125188724,-0.05698735174516441,0.05358515776854029,0,141,0.0,0.0,1.0,0.0,0.36879432624113473,0.0,0.8914928125188724,153
pbm0p0050__short__adverse_wick_le_0p25__deadline9__maxhold36,-0.005,short,adverse_wick_le_0p25,9,36.0,5m_conservative,141,0.6143105305054406,0.6348907467679855,-0.3856894694945594,-0.39667729063974555,0.36879432624113473,0.5208722050672063,-0.0033466023518988774,0.00986505925888993,0.011065775427865373,0.8914928125188724,-0.05698735174516441,0.05358515776854029,0,141,0.0,0.0,1.0,0.0,0.36879432624113473,0.0,0.8914928125188724,153
pbm0p0050__short__close_pos_ge_0p6__deadline9__maxholdnone,-0.005,short,close_pos_ge_0p6,9,,5m_conservative,236,0.4395047717531802,0.46463239482165825,-0.5604952282468199,-0.5975661157576706,0.3813559322033898,0.5075865986887785,-0.0033813275480092547,0.009139806884938319,0.011099835075168719,0.8234182600951296,-0.05698735174516441,0.05724990605474618,0,236,0.0,0.0,1.0,0.0,0.3813559322033898,0.0,0.8234182600951296,268
pbm0p0050__short__close_pos_ge_0p6__deadline9__maxhold36,-0.005,short,close_pos_ge_0p6,9,36.0,5m_conservative,236,0.4395047717531802,0.46463239482165825,-0.5604952282468199,-0.5975661157576706,0.3813559322033898,0.5075865986887785,-0.0033813275480092547,0.009139806884938319,0.011099835075168719,0.8234182600951296,-0.05698735174516441,0.05724990605474618,0,236,0.0,0.0,1.0,0.0,0.3813559322033898,0.0,0.8234182600951296,268
pbm0p0050__short__ret250_spread200__deadline9__maxholdnone,-0.005,short,ret250_spread200,9,,5m_conservative,111,0.5965843009157794,0.6177927871947645,-0.4034156990842206,-0.44346655735248386,0.36936936936936937,0.39330581257163777,-0.004542068297059669,0.007971743438443698,0.011871586599283071,0.671497728780845,-0.05698735174516441,0.05358515776854029,0,111,0.0,0.0,1.0,0.0,0.36936936936936937,0.0,0.671497728780845,122
pbm0p0050__short__ret250_spread200__deadline9__maxhold36,-0.005,short,ret250_spread200,9,36.0,5m_conservative,111,0.5965843009157794,0.6177927871947645,-0.4034156990842206,-0.44346655735248386,0.36936936936936937,0.39330581257163777,-0.004542068297059669,0.007971743438443698,0.011871586599283071,0.671497728780845,-0.05698735174516441,0.05358515776854029,0,111,0.0,0.0,1.0,0.0,0.36936936936936937,0.0,0.671497728780845,122
pbm0p0050__short__ret500_wick0p25__deadline9__maxholdnone,-0.005,short,ret500_wick0p25,9,,5m_conservative,49,0.8651437334516742,0.8736609052306578,-0.13485626654832583,-0.15798196599263592,0.3877551020408163,0.6368945211362751,-0.0028024053955412534,0.0126767565624249,0.012605874635586482,1.005622928109908,-0.05698735174516441,0.05358515776854029,0,49,0.0,0.0,1.0,0.0,0.3877551020408163,0.0,1.005622928109908,53
pbm0p0050__short__ret500_wick0p25__deadline9__maxhold36,-0.005,short,ret500_wick0p25,9,36.0,5m_conservative,49,0.8651437334516742,0.8736609052306578,-0.13485626654832583,-0.15798196599263592,0.3877551020408163,0.6368945211362751,-0.0028024053955412534,0.0126767565624249,0.012605874635586482,1.005622928109908,-0.05698735174516441,0.05358515776854029,0,49,0.0,0.0,1.0,0.0,0.3877551020408163,0.0,1.005622928109908,53
pbm0p0050__short__spread125_wick0p25__deadline9__maxholdnone,-0.005,short,spread125_wick0p25,9,,5m_conservative,100,0.6264754681943038,0.6466051715604728,-0.3735245318056962,-0.3820835123258689,0.34,0.4037217293209031,-0.004560294987893415,0.009081281978852376,0.01158777403136852,0.7836951216229295,-0.05698735174516441,0.05358515776854029,0,100,0.0,0.0,1.0,0.0,0.34,0.0,0.7836951216229295,106
pbm0p0050__short__spread125_wick0p25__deadline9__maxhold36,-0.005,short,spread125_wick0p25,9,36.0,5m_conservative,100,0.6264754681943038,0.6466051715604728,-0.3735245318056962,-0.3820835123258689,0.34,0.4037217293209031,-0.004560294987893415,0.009081281978852376,0.01158777403136852,0.7836951216229295,-0.05698735174516441,0.05358515776854029,0,100,0.0,0.0,1.0,0.0,0.34,0.0,0.7836951216229295,106
pbm0p0050__short__ret250_spread200_close0p6__deadline9__maxholdnone,-0.005,short,ret250_spread200_close0p6,9,,5m_conservative,111,0.5965843009157794,0.6177927871947645,-0.4034156990842206,-0.44346655735248386,0.36936936936936937,0.39330581257163777,-0.004542068297059669,0.007971743438443698,0.011871586599283071,0.671497728780845,-0.05698735174516441,0.05358515776854029,0,111,0.0,0.0,1.0,0.0,0.36936936936936937,0.0,0.671497728780845,122
pbm0p0050__short__ret250_spread200_close0p6__deadline9__maxhold36,-0.005,short,ret250_spread200_close0p6,9,36.0,5m_conservative,111,0.5965843009157794,0.6177927871947645,-0.4034156990842206,-0.44346655735248386,0.36936936936936937,0.39330581257163777,-0.004542068297059669,0.007971743438443698,0.011871586599283071,0.671497728780845,-0.05698735174516441,0.05358515776854029,0,111,0.0,0.0,1.0,0.0,0.36936936936936937,0.0,0.671497728780845,122
pbm0p0050__short__ret500_spread125_wick0p25__deadline9__maxholdnone,-0.005,short,ret500_spread125_wick0p25,9,,5m_conservative,19,0.9005766224813276,0.9069772112925067,-0.09942337751867236,-0.1305164980292226,0.3157894736842105,0.48899302936495104,-0.0052707130977820696,0.0159715686025787,0.015074843113333196,1.059484896957394,-0.05698735174516441,0.05358515776854029,0,19,0.0,0.0,1.0,0.0,0.3157894736842105,0.0,1.059484896957394,19
pbm0p0050__short__ret500_spread125_wick0p25__deadline9__maxhold36,-0.005,short,ret500_spread125_wick0p25,9,36.0,5m_conservative,19,0.9005766224813276,0.9069772112925067,-0.09942337751867236,-0.1305164980292226,0.3157894736842105,0.48899302936495104,-0.0052707130977820696,0.0159715686025787,0.015074843113333196,1.059484896957394,-0.05698735174516441,0.05358515776854029,0,19,0.0,0.0,1.0,0.0,0.3157894736842105,0.0,1.059484896957394,19
pbm0p0050__short__close0p75_wick0p25__deadline9__maxholdnone,-0.005,short,close0p75_wick0p25,9,,5m_conservative,129,0.573375630482842,0.5953545271078621,-0.426624369517158,-0.43688001151562783,0.34108527131782945,0.41769038214633064,-0.004207105404456224,0.008847507483400414,0.010964787369934954,0.806901874600866,-0.05698735174516441,0.05358515776854029,0,129,0.0,0.0,1.0,0.0,0.34108527131782945,0.0,0.806901874600866,138
pbm0p0050__short__close0p75_wick0p25__deadline9__maxhold36,-0.005,short,close0p75_wick0p25,9,36.0,5m_conservative,129,0.573375630482842,0.5953545271078621,-0.426624369517158,-0.43688001151562783,0.34108527131782945,0.41769038214633064,-0.004207105404456224,0.008847507483400414,0.010964787369934954,0.806901874600866,-0.05698735174516441,0.05358515776854029,0,129,0.0,0.0,1.0,0.0,0.34108527131782945,0.0,0.806901874600866,138
