name,month,month_start,month_end,trades,trades_per_day,equity_multiple,annualized_multiple,total_return,max_dd,win_rate,profit_factor,avg_trade,avg_win,avg_loss_abs,payoff_ratio,worst_trade,best_trade,target_rate,stop_rate,time_rate,long_trades,short_trades,avg_bars_held
R3_live_candidate_gate_R03936,2025_05,2025-05-30 10:30:00+00:00,2025-06-01 00:00:00+00:00,0,0.0,1.0,1.0,0.0,0.0,0.0,0.0,0.0,0.0,0.0,0.0,0.0,0.0,0.0,0.0,0.0,0,0,0.0
R3_live_candidate_gate_R03936,2025_06,2025-06-01 00:00:00+00:00,2025-07-01 00:00:00+00:00,3,0.1,0.9780492355982031,0.7632059394796377,-0.021950764401796885,-0.03371543906565999,0.6666666666666666,0.29019161442508684,-0.007232883496785217,0.004435539608018232,0.030569729706392115,0.14509580721254342,-0.030569729706392115,0.004435539608018232,0.6666666666666666,0.3333333333333333,0.0,0,3,28.333333333333332
R3_live_candidate_gate_R03936,2025_07,2025-07-01 00:00:00+00:00,2025-08-01 00:00:00+00:00,0,0.0,1.0,1.0,0.0,0.0,0.0,0.0,0.0,0.0,0.0,0.0,0.0,0.0,0.0,0.0,0.0,0,0,0.0
R3_live_candidate_gate_R03936,2025_08,2025-08-01 00:00:00+00:00,2025-09-01 00:00:00+00:00,1,0.03225806451612903,1.0044355396080182,1.0535286108184738,0.004435539608018235,-0.00527070854097289,1.0,inf,0.004435539608018343,0.004435539608018343,0.0,inf,0.004435539608018343,0.004435539608018343,1.0,0.0,0.0,0,1,6.0
R3_live_candidate_gate_R03936,2025_09,2025-09-01 00:00:00+00:00,2025-10-01 00:00:00+00:00,1,0.03333333333333333,1.0044355396080182,1.0553614154590574,0.004435539608018235,-0.0029325015394505716,1.0,inf,0.004435539608018343,0.004435539608018343,0.0,inf,0.004435539608018343,0.004435539608018343,1.0,0.0,0.0,0,1,1.0
R3_live_candidate_gate_R03936,2025_10,2025-10-01 00:00:00+00:00,2025-11-01 00:00:00+00:00,3,0.0967741935483871,1.0133657281237554,1.1693351451642389,0.01336572812375536,-0.005267898925664927,1.0,inf,0.004435539608018269,0.004435539608018269,0.0,inf,0.004435539608018232,0.004435539608018343,1.0,0.0,0.0,0,3,3.6666666666666665
R3_live_candidate_gate_R03936,2025_11,2025-11-01 00:00:00+00:00,2025-12-01 00:00:00+00:00,6,0.2,1.026910098935789,1.3816793684251898,0.026910098935789106,-0.013861009848379346,1.0,inf,0.0044355396080183246,0.0044355396080183246,0.0,inf,0.004435539608018232,0.004435539608018454,1.0,0.0,0.0,0,6,6.0
R3_live_candidate_gate_R03936,2025_12,2025-12-01 00:00:00+00:00,2026-01-01 00:00:00+00:00,3,0.0967741935483871,1.0133657281237554,1.1693351451642389,0.01336572812375536,-0.014108990397084131,1.0,inf,0.004435539608018343,0.004435539608018343,0.0,inf,0.004435539608018343,0.004435539608018343,1.0,0.0,0.0,0,3,7.666666666666667
R3_live_candidate_gate_R03936,2026_01,2026-01-01 00:00:00+00:00,2026-02-01 00:00:00+00:00,2,0.06451612903225806,1.0088907532276508,1.109922533813103,0.00889075322765076,-0.006345927042310073,1.0,inf,0.004435539608018343,0.004435539608018343,0.0,inf,0.004435539608018343,0.004435539608018343,1.0,0.0,0.0,0,2,12.5
R3_live_candidate_gate_R03936,2026_02,2026-02-01 00:00:00+00:00,2026-03-01 00:00:00+00:00,5,0.17857142857142858,1.0223753127418624,1.3346384619163223,0.02237531274186244,-0.012444186241975741,1.0,inf,0.004435539608018343,0.004435539608018343,0.0,inf,0.004435539608018232,0.004435539608018454,1.0,0.0,0.0,0,5,5.2
R3_live_candidate_gate_R03936,2026_03,2026-03-01 00:00:00+00:00,2026-04-01 00:00:00+00:00,4,0.12903225806451613,1.0178605519482566,1.2319280310661007,0.017860551948256642,-0.014149884765069398,1.0,inf,0.004435539608018287,0.004435539608018287,0.0,inf,0.004435539608018232,0.004435539608018454,1.0,0.0,0.0,0,4,13.5
R3_live_candidate_gate_R03936,2026_04,2026-04-01 00:00:00+00:00,2026-05-01 00:00:00+00:00,0,0.0,1.0,1.0,0.0,0.0,0.0,0.0,0.0,0.0,0.0,0.0,0.0,0.0,0.0,0.0,0.0,0,0,0.0
R3_live_candidate_gate_R03936,2026_05,2026-05-01 00:00:00+00:00,2026-06-01 00:00:00+00:00,1,0.03225806451612903,1.0044355396080182,1.0535286108184738,0.004435539608018235,-0.0049904603480417364,1.0,inf,0.004435539608018343,0.004435539608018343,0.0,inf,0.004435539608018343,0.004435539608018343,1.0,0.0,0.0,0,1,7.0
R3_live_candidate_gate_R03936,2026_06,2026-06-01 00:00:00+00:00,2026-06-26 04:20:00+00:00,2,0.07942636514065085,1.0088907532276508,1.1369992979492667,0.00889075322765076,-0.013396993848997951,1.0,inf,0.004435539608018287,0.004435539608018287,0.0,inf,0.004435539608018232,0.004435539608018343,1.0,0.0,0.0,0,2,20.0
R1_relax_frequency_R06679,2025_05,2025-05-30 10:30:00+00:00,2025-06-01 00:00:00+00:00,0,0.0,1.0,1.0,0.0,0.0,0.0,0.0,0.0,0.0,0.0,0.0,0.0,0.0,0.0,0.0,0.0,0,0,0.0
R1_relax_frequency_R06679,2025_06,2025-06-01 00:00:00+00:00,2025-07-01 00:00:00+00:00,4,0.13333333333333333,1.0114444062616472,1.1486006447235135,0.011444406261647222,-0.032130142707067266,0.75,2.23461949759478,0.002873709697972047,0.006935089700673883,0.009310430310133462,0.7448731658649267,-0.009310430310133462,0.00693591598761894,0.75,0.0,0.25,2,2,37.0
R1_relax_frequency_R06679,2025_07,2025-07-01 00:00:00+00:00,2025-08-01 00:00:00+00:00,5,0.16129032258064516,1.0351538041159993,1.5024201425708457,0.03515380411599933,-0.006970942114734591,1.0,inf,0.006933932898950737,0.006933932898950737,0.0,inf,0.006933437126783659,0.006935915987619051,1.0,0.0,0.0,4,1,4.2
R1_relax_frequency_R06679,2025_08,2025-08-01 00:00:00+00:00,2025-09-01 00:00:00+00:00,6,0.1935483870967742,1.0035165680771112,1.0422276898021847,0.003516568077111204,-0.05017789739551404,0.8333333333333334,1.1343732760047758,0.0006844714014764474,0.006933932898950739,0.030562836085895002,0.22687465520095518,-0.030562836085895002,0.006935915987619051,0.8333333333333334,0.0,0.16666666666666666,5,1,34.333333333333336
R1_relax_frequency_R06679,2025_09,2025-09-01 00:00:00+00:00,2025-10-01 00:00:00+00:00,5,0.16666666666666666,1.0351563524495127,1.5229914345067002,0.03515635244951265,-0.017418018371645916,1.0,inf,0.0069344286711177944,0.0069344286711177944,0.0,inf,0.006933437126783659,0.006935915987619051,1.0,0.0,0.0,3,2,12.4
R1_relax_frequency_R06679,2025_10,2025-10-01 00:00:00+00:00,2025-11-01 00:00:00+00:00,4,0.12903225806451613,1.028028580919173,1.3849950914739397,0.02802858091917293,-0.005267898925664816,1.0,inf,0.0069346765572013,0.0069346765572013,0.0,inf,0.006933437126783659,0.00693591598761894,1.0,0.0,0.0,2,2,5.5
R1_relax_frequency_R06679,2025_11,2025-11-01 00:00:00+00:00,2025-12-01 00:00:00+00:00,8,0.26666666666666666,1.001516624141168,1.018622180700478,0.0015166241411679326,-0.034444207932789794,0.75,1.0532232768003136,0.0002628731613259492,0.006935915987618977,0.019756255317553133,0.35107442560010454,-0.02657048360464137,0.006935915987619051,0.75,0.0,0.25,2,6,21.375
R1_relax_frequency_R06679,2025_12,2025-12-01 00:00:00+00:00,2026-01-01 00:00:00+00:00,5,0.16129032258064516,1.0351614491353598,1.5025508833073293,0.03516144913535979,-0.016152518293839346,1.0,inf,0.00693542021545195,0.00693542021545195,0.0,inf,0.006933437126783659,0.006935915987619051,1.0,0.0,0.0,1,4,9.8
R1_relax_frequency_R06679,2026_01,2026-01-01 00:00:00+00:00,2026-02-01 00:00:00+00:00,7,0.22580645161290322,1.0261578194535528,1.3555892426399012,0.026157819453552777,-0.0398413893367372,0.8571428571428571,2.680727159851825,0.003726696486055691,0.00693467655720141,0.015521183940818618,0.44678785997530424,-0.015521183940818618,0.006935915987619162,0.8571428571428571,0.0,0.14285714285714285,3,4,18.142857142857142
R1_relax_frequency_R06679,2026_02,2026-02-01 00:00:00+00:00,2026-03-01 00:00:00+00:00,1,0.03571428571428571,1.0069334371267837,1.0943188427205572,0.006933437126783737,-0.007103290800669293,1.0,inf,0.006933437126783659,0.006933437126783659,0.0,inf,0.006933437126783659,0.006933437126783659,1.0,0.0,0.0,1,0,4.0
R1_relax_frequency_R06679,2026_03,2026-03-01 00:00:00+00:00,2026-04-01 00:00:00+00:00,4,0.12903225806451613,1.0231939712369087,1.3101692512468495,0.023193971236908695,-0.016839310847829414,1.0,inf,0.005750822766750166,0.005750822766750166,0.0,inf,0.002200500825814183,0.00693591598761894,0.75,0.0,0.25,3,1,24.5
R1_relax_frequency_R06679,2026_04,2026-04-01 00:00:00+00:00,2026-05-01 00:00:00+00:00,2,0.06666666666666667,1.0139199389058253,1.183299291502292,0.013919938905825324,-0.009137046227389645,1.0,inf,0.006935915987618995,0.006935915987618995,0.0,inf,0.00693591598761894,0.006935915987619051,1.0,0.0,0.0,0,2,38.0
R1_relax_frequency_R06679,2026_05,2026-05-01 00:00:00+00:00,2026-06-01 00:00:00+00:00,1,0.03225806451612903,1.0069334371267837,1.0848151959537493,0.006933437126783737,-0.0020648778462858397,1.0,inf,0.006933437126783659,0.006933437126783659,0.0,inf,0.006933437126783659,0.006933437126783659,1.0,0.0,0.0,1,0,1.0
R1_relax_frequency_R06679,2026_06,2026-06-01 00:00:00+00:00,2026-06-26 04:20:00+00:00,7,0.277992277992278,1.0495630818274266,2.017130524836352,0.049563081827426636,-0.027535029949523948,1.0,inf,0.00693449949571308,0.00693449949571308,0.0,inf,0.006933437126783659,0.006935915987619051,1.0,0.0,0.0,4,3,20.0
R3_live_candidate_gate_R04150,2025_05,2025-05-30 10:30:00+00:00,2025-06-01 00:00:00+00:00,0,0.0,1.0,1.0,0.0,0.0,0.0,0.0,0.0,0.0,0.0,0.0,0.0,0.0,0.0,0.0,0.0,0,0,0.0
R3_live_candidate_gate_R04150,2025_06,2025-06-01 00:00:00+00:00,2025-07-01 00:00:00+00:00,4,0.13333333333333333,1.0178553061045574,1.2404452416643366,0.017855306104557433,-0.01094514235641697,1.0,inf,0.0044342454423074995,0.0044342454423074995,0.0,inf,0.004433814053737181,0.004435539608018232,1.0,0.0,0.0,3,1,4.5
R3_live_candidate_gate_R04150,2025_07,2025-07-01 00:00:00+00:00,2025-08-01 00:00:00+00:00,3,0.0967741935483871,0.9921741281155144,0.911586187629083,-0.00782587188448558,-0.016722093860550125,0.6666666666666666,0.535342590030494,-0.0025660894396241506,0.004434676830877762,0.016567621980627976,0.267671295015247,-0.016567621980627976,0.004435539608018343,0.6666666666666666,0.3333333333333333,0.0,1,2,14.666666666666666
R3_live_candidate_gate_R04150,2025_08,2025-08-01 00:00:00+00:00,2025-09-01 00:00:00+00:00,5,0.16129032258064516,1.022370043630016,1.2977926183095494,0.022370043630016045,-0.015467510745971635,1.0,inf,0.004434504275449735,0.004434504275449735,0.0,inf,0.004433814053737181,0.004435539608018343,1.0,0.0,0.0,3,2,5.6
R3_live_candidate_gate_R04150,2025_09,2025-09-01 00:00:00+00:00,2025-10-01 00:00:00+00:00,5,0.16666666666666666,0.9800715678523743,0.7826428063965702,-0.01992843214762574,-0.024108020798788377,0.6,0.401592460444291,-0.003964574360842204,0.004434389238497531,0.016563019759851808,0.26772830696286065,-0.016563019759851808,0.004435539608018232,0.6,0.4,0.0,4,1,31.0
R3_live_candidate_gate_R04150,2025_10,2025-10-01 00:00:00+00:00,2025-11-01 00:00:00+00:00,3,0.0967741935483871,1.0133639872279971,1.1693114767007065,0.013363987227997143,-0.0038968684397565623,1.0,inf,0.004434964423257955,0.004434964423257955,0.0,inf,0.004433814053737181,0.004435539608018343,1.0,0.0,0.0,1,2,3.6666666666666665
R3_live_candidate_gate_R04150,2025_11,2025-11-01 00:00:00+00:00,2025-12-01 00:00:00+00:00,5,0.16666666666666666,1.022373556368229,1.3091728098689066,0.02237355636822902,-0.011211209612906892,1.0,inf,0.0044351944971620216,0.0044351944971620216,0.0,inf,0.004433814053737181,0.004435539608018343,1.0,0.0,0.0,1,4,5.0
R3_live_candidate_gate_R04150,2025_12,2025-12-01 00:00:00+00:00,2026-01-01 00:00:00+00:00,4,0.12903225806451613,0.9965749557588217,0.9603821298941759,-0.0034250442411782878,-0.020789210141196723,0.75,0.803065961145835,-0.0008156821777135274,0.004434964423257955,0.016567621980627976,0.2676886537152783,-0.016567621980627976,0.004435539608018343,0.75,0.25,0.0,1,3,15.75
R3_live_candidate_gate_R04150,2026_01,2026-01-01 00:00:00+00:00,2026-02-01 00:00:00+00:00,5,0.16129032258064516,1.0223735563682297,1.2978451570363918,0.022373556368229686,-0.00602949394107366,1.0,inf,0.0044351944971620875,0.0044351944971620875,0.0,inf,0.004433814053737403,0.004435539608018343,1.0,0.0,0.0,1,4,4.4
R3_live_candidate_gate_R04150,2026_02,2026-02-01 00:00:00+00:00,2026-03-01 00:00:00+00:00,3,0.10714285714285714,1.0133622463352296,1.1890461657859448,0.013362246335229644,-0.004359958468754144,1.0,inf,0.004434389238497531,0.004434389238497531,0.0,inf,0.004433814053737181,0.004435539608018232,1.0,0.0,0.0,2,1,4.333333333333333
R3_live_candidate_gate_R04150,2026_03,2026-03-01 00:00:00+00:00,2026-04-01 00:00:00+00:00,3,0.0967741935483871,1.0133622463352296,1.169287808716246,0.013362246335229644,-0.00941460841873476,1.0,inf,0.004434389238497605,0.004434389238497605,0.0,inf,0.004433814053737181,0.004435539608018454,1.0,0.0,0.0,2,1,14.666666666666666
R3_live_candidate_gate_R04150,2026_04,2026-04-01 00:00:00+00:00,2026-05-01 00:00:00+00:00,0,0.0,1.0,1.0,0.0,0.0,0.0,0.0,0.0,0.0,0.0,0.0,0.0,0.0,0.0,0.0,0.0,0,0,0.0
R3_live_candidate_gate_R04150,2026_05,2026-05-01 00:00:00+00:00,2026-06-01 00:00:00+00:00,1,0.03225806451612903,1.0044338140537374,1.0535072863901378,0.004433814053737439,-0.0020648778462858397,1.0,inf,0.004433814053737403,0.004433814053737403,0.0,inf,0.004433814053737403,0.004433814053737403,1.0,0.0,0.0,1,0,1.0
R3_live_candidate_gate_R04150,2026_06,2026-06-01 00:00:00+00:00,2026-06-26 04:20:00+00:00,5,0.1985659128516271,1.0223665309038714,1.378308327990665,0.022366530903871418,-0.007740847016836527,1.0,inf,0.004433814053737226,0.004433814053737226,0.0,inf,0.004433814053737181,0.004433814053737403,1.0,0.0,0.0,5,0,5.2
R3_live_candidate_gate_R02591,2025_05,2025-05-30 10:30:00+00:00,2025-06-01 00:00:00+00:00,0,0.0,1.0,1.0,0.0,0.0,0.0,0.0,0.0,0.0,0.0,0.0,0.0,0.0,0.0,0.0,0.0,0,0,0.0
R3_live_candidate_gate_R02591,2025_06,2025-06-01 00:00:00+00:00,2025-07-01 00:00:00+00:00,3,0.1,0.9858590053712794,0.8408050004524793,-0.014140994628720649,-0.05165847815653868,0.6666666666666666,0.5518952973021947,-0.004564829009229562,0.008433210970611301,0.030560908968911286,0.27594764865109733,-0.030560908968911286,0.008433210970611412,0.6666666666666666,0.3333333333333333,0.0,3,0,54.333333333333336
R3_live_candidate_gate_R02591,2025_07,2025-07-01 00:00:00+00:00,2025-08-01 00:00:00+00:00,1,0.03225806451612903,0.9694390910310888,0.6937154735838919,-0.03056090896891117,-0.031043716976055347,0.0,0.0,-0.030560908968911175,0.0,0.030560908968911175,0.0,-0.030560908968911175,-0.030560908968911175,0.0,1.0,0.0,1,0,68.0
R3_live_candidate_gate_R02591,2025_08,2025-08-01 00:00:00+00:00,2025-09-01 00:00:00+00:00,2,0.06451612903225806,1.016937540988497,1.2188298686136836,0.01693754098849709,-0.007832969648959298,1.0,inf,0.00843321097061119,0.00843321097061119,0.0,inf,0.00843321097061119,0.00843321097061119,1.0,0.0,0.0,2,0,8.0
R3_live_candidate_gate_R02591,2025_09,2025-09-01 00:00:00+00:00,2025-10-01 00:00:00+00:00,1,0.03333333333333333,1.0084332109706111,1.1076535125434768,0.008433210970611116,-0.004071840509198732,1.0,inf,0.00843321097061119,0.00843321097061119,0.0,inf,0.00843321097061119,0.00843321097061119,1.0,0.0,0.0,1,0,7.0
R3_live_candidate_gate_R02591,2025_10,2025-10-01 00:00:00+00:00,2025-11-01 00:00:00+00:00,1,0.03225806451612903,1.0084332109706113,1.104006281057173,0.008433210970611338,-0.0037437398007311717,1.0,inf,0.008433210970611412,0.008433210970611412,0.0,inf,0.008433210970611412,0.008433210970611412,1.0,0.0,0.0,1,0,2.0
R3_live_candidate_gate_R02591,2025_11,2025-11-01 00:00:00+00:00,2025-12-01 00:00:00+00:00,3,0.1,0.9858590053712797,0.8408050004524827,-0.014140994628720316,-0.037025852716802365,0.6666666666666666,0.551895297302204,-0.004564829009229451,0.008433210970611412,0.030560908968911175,0.275947648651102,-0.030560908968911175,0.008433210970611412,0.6666666666666666,0.3333333333333333,0.0,3,0,29.666666666666668
R3_live_candidate_gate_R02591,2025_12,2025-12-01 00:00:00+00:00,2026-01-01 00:00:00+00:00,2,0.06451612903225806,1.0169375409884973,1.218829868613687,0.016937540988497313,-0.008143147674104512,1.0,inf,0.008433210970611301,0.008433210970611301,0.0,inf,0.00843321097061119,0.008433210970611412,1.0,0.0,0.0,2,0,24.0
R3_live_candidate_gate_R02591,2026_01,2026-01-01 00:00:00+00:00,2026-02-01 00:00:00+00:00,3,0.0967741935483871,1.0255135898155878,1.345595830489596,0.025513589815587823,-0.017021706665095726,1.0,inf,0.008433210970611263,0.008433210970611263,0.0,inf,0.00843321097061119,0.008433210970611412,1.0,0.0,0.0,3,0,36.666666666666664
R3_live_candidate_gate_R02591,2026_02,2026-02-01 00:00:00+00:00,2026-03-01 00:00:00+00:00,4,0.14285714285714285,1.0341619622717315,1.549895984484204,0.034161962271731516,-0.014996923728572642,1.0,inf,0.008433210970611246,0.008433210970611246,0.0,inf,0.00843321097061119,0.008433210970611412,1.0,0.0,0.0,4,0,6.25
R3_live_candidate_gate_R02591,2026_03,2026-03-01 00:00:00+00:00,2026-04-01 00:00:00+00:00,2,0.06451612903225806,1.0169375409884973,1.218829868613687,0.016937540988497313,-0.02045426702679276,1.0,inf,0.008433210970611301,0.008433210970611301,0.0,inf,0.00843321097061119,0.008433210970611412,1.0,0.0,0.0,2,0,18.0
R3_live_candidate_gate_R02591,2026_04,2026-04-01 00:00:00+00:00,2026-05-01 00:00:00+00:00,0,0.0,1.0,1.0,0.0,0.0,0.0,0.0,0.0,0.0,0.0,0.0,0.0,0.0,0.0,0.0,0.0,0,0,0.0
R3_live_candidate_gate_R02591,2026_05,2026-05-01 00:00:00+00:00,2026-06-01 00:00:00+00:00,6,0.1935483870967742,1.0516781228964542,1.8106281390309964,0.05167812289645424,-0.022354087267646205,1.0,inf,0.008433210970611376,0.008433210970611376,0.0,inf,0.00843321097061119,0.008433210970611412,1.0,0.0,0.0,6,0,14.166666666666666
R3_live_candidate_gate_R02591,2026_06,2026-06-01 00:00:00+00:00,2026-06-26 04:20:00+00:00,4,0.1588527302813017,1.0341619622717322,1.6278356708239108,0.03416196227173218,-0.01696079542576545,1.0,inf,0.008433210970611412,0.008433210970611412,0.0,inf,0.008433210970611412,0.008433210970611412,1.0,0.0,0.0,4,0,18.75
R1_relax_frequency_M00079,2025_05,2025-05-30 10:30:00+00:00,2025-06-01 00:00:00+00:00,0,0.0,1.0,1.0,0.0,0.0,0.0,0.0,0.0,0.0,0.0,0.0,0.0,0.0,0.0,0.0,0.0,0,0,0.0
R1_relax_frequency_M00079,2025_06,2025-06-01 00:00:00+00:00,2025-07-01 00:00:00+00:00,4,0.13333333333333333,1.0005731575826564,1.0070005848596717,0.0005731575826564139,-0.017962045824609918,0.75,1.0475092602014289,0.00018489976269714554,0.005435690159858744,0.01556747142878765,0.3491697534004763,-0.01556747142878765,0.0054356901598587816,0.75,0.25,0.0,0,4,5.25
R1_relax_frequency_M00079,2025_07,2025-07-01 00:00:00+00:00,2025-08-01 00:00:00+00:00,2,0.06451612903225806,1.010900927047231,1.1362604208084772,0.01090092704723089,-0.014042120071293906,1.0,inf,0.0054356901598585595,0.0054356901598585595,0.0,inf,0.0054356901598585595,0.0054356901598585595,1.0,0.0,0.0,0,2,15.0
R1_relax_frequency_M00079,2025_08,2025-08-01 00:00:00+00:00,2025-09-01 00:00:00+00:00,3,0.0967741935483871,1.0163958712689738,1.2112026680864731,0.016395871268973794,-0.007072212201026606,1.0,inf,0.005435690159858633,0.005435690159858633,0.0,inf,0.0054356901598585595,0.0054356901598586705,1.0,0.0,0.0,0,3,11.666666666666666
R1_relax_frequency_M00079,2025_09,2025-09-01 00:00:00+00:00,2025-10-01 00:00:00+00:00,4,0.13333333333333333,1.0005731575826564,1.0070005848596717,0.0005731575826564139,-0.024107794195891263,0.75,1.0475092602014153,0.00018489976269709047,0.005435690159858596,0.015567471428787427,0.3491697534004718,-0.015567471428787427,0.0054356901598586705,0.75,0.25,0.0,0,4,15.75
R1_relax_frequency_M00079,2025_10,2025-10-01 00:00:00+00:00,2025-11-01 00:00:00+00:00,3,0.0967741935483871,0.9951637557480882,0.9444806182934978,-0.004836244251911759,-0.02479889291241344,0.6666666666666666,0.6983395068009288,-0.0015653637030235102,0.0054356901598585595,0.01556747142878765,0.3491697534004644,-0.01556747142878765,0.0054356901598585595,0.6666666666666666,0.3333333333333333,0.0,0,3,27.666666666666668
R1_relax_frequency_M00079,2025_11,2025-11-01 00:00:00+00:00,2025-12-01 00:00:00+00:00,5,0.16666666666666666,0.9849967635395767,0.8318954190089366,-0.015003236460423341,-0.035189535495182,0.6,0.5237546301007074,-0.002965574475599835,0.005435690159858633,0.01556747142878754,0.3491697534004716,-0.01556747142878765,0.0054356901598586705,0.6,0.4,0.0,0,5,23.0
R1_relax_frequency_M00079,2025_12,2025-12-01 00:00:00+00:00,2026-01-01 00:00:00+00:00,3,0.0967741935483871,1.0163958712689738,1.2112026680864731,0.016395871268973794,-0.010444109810082702,1.0,inf,0.005435690159858633,0.005435690159858633,0.0,inf,0.0054356901598585595,0.0054356901598586705,1.0,0.0,0.0,0,3,10.333333333333334
R1_relax_frequency_M00079,2026_01,2026-01-01 00:00:00+00:00,2026-02-01 00:00:00+00:00,2,0.06451612903225806,1.0109009270472313,1.1362604208084832,0.010900927047231335,-0.0025213403747910146,1.0,inf,0.005435690159858726,0.005435690159858726,0.0,inf,0.0054356901598586705,0.0054356901598587816,1.0,0.0,0.0,0,2,10.0
R1_relax_frequency_M00079,2026_02,2026-02-01 00:00:00+00:00,2026-03-01 00:00:00+00:00,3,0.10714285714285714,1.016395871268974,1.2363257266996093,0.016395871268974016,-0.003093256799288069,1.0,inf,0.0054356901598586705,0.0054356901598586705,0.0,inf,0.0054356901598586705,0.0054356901598586705,1.0,0.0,0.0,0,3,7.333333333333333
R1_relax_frequency_M00079,2026_03,2026-03-01 00:00:00+00:00,2026-04-01 00:00:00+00:00,5,0.16129032258064516,1.0209338513112685,1.2764743514110044,0.02093385131126846,-0.01507183643394705,0.8,22.515843079393456,0.004155419136483775,0.005435690159858643,0.000965664957015693,5.628960769848364,-0.000965664957015693,0.0054356901598587816,0.8,0.0,0.2,0,5,24.6
R1_relax_frequency_M00079,2026_04,2026-04-01 00:00:00+00:00,2026-05-01 00:00:00+00:00,2,0.06666666666666667,1.0109009270472311,1.1411090293631316,0.010900927047231113,-0.005337395224265129,1.0,inf,0.005435690159858615,0.005435690159858615,0.0,inf,0.0054356901598585595,0.0054356901598586705,1.0,0.0,0.0,0,2,10.5
R1_relax_frequency_M00079,2026_05,2026-05-01 00:00:00+00:00,2026-06-01 00:00:00+00:00,1,0.03225806451612903,1.0054356901598585,1.065955168292024,0.005435690159858453,-0.003276753286974854,1.0,inf,0.0054356901598585595,0.0054356901598585595,0.0,inf,0.0054356901598585595,0.0054356901598585595,1.0,0.0,0.0,0,1,3.0
R1_relax_frequency_M00079,2026_06,2026-06-01 00:00:00+00:00,2026-06-26 04:20:00+00:00,4,0.1588527302813017,1.021920684304951,1.3696152880110803,0.021920684304951088,-0.006777862333644524,1.0,inf,0.005435690159858587,0.005435690159858587,0.0,inf,0.0054356901598585595,0.0054356901598586705,1.0,0.0,0.0,0,4,4.75
R1_relax_frequency_R01159,2025_05,2025-05-30 10:30:00+00:00,2025-06-01 00:00:00+00:00,0,0.0,1.0,1.0,0.0,0.0,0.0,0.0,0.0,0.0,0.0,0.0,0.0,0.0,0.0,0.0,0.0,0,0,0.0
R1_relax_frequency_R01159,2025_06,2025-06-01 00:00:00+00:00,2025-07-01 00:00:00+00:00,6,0.2,1.0380694767726368,1.5760016919314852,0.038069476772636834,-0.03219348201594663,0.8333333333333334,3.10259983777117,0.006317589484360762,0.01118669473316059,0.01802793675963838,0.620519967554234,-0.01802793675963838,0.0154371956782615,0.5,0.0,0.5,2,4,58.5
R1_relax_frequency_R01159,2025_07,2025-07-01 00:00:00+00:00,2025-08-01 00:00:00+00:00,4,0.12903225806451613,1.0631775653917788,2.0581472644192518,0.06317756539177877,-0.013029391383664435,1.0,inf,0.015433415600921294,0.015433415600921294,0.0,inf,0.01543215557514115,0.015437195678261722,1.0,0.0,0.0,3,1,25.5
R1_relax_frequency_R01159,2025_08,2025-08-01 00:00:00+00:00,2025-09-01 00:00:00+00:00,7,0.22580645161290322,1.026318318231237,1.3580894754503885,0.02631831823123698,-0.0664449428321694,0.7142857142857143,1.5643377692733136,0.003918393894243546,0.015206439576368394,0.024301720311068573,0.6257351077093254,-0.04055940126109653,0.015437195678261722,0.5714285714285714,0.14285714285714285,0.2857142857142857,4,3,54.42857142857143
R1_relax_frequency_R01159,2025_09,2025-09-01 00:00:00+00:00,2025-10-01 00:00:00+00:00,5,0.16666666666666666,0.9826840214929285,0.8084239382997461,-0.01731597850707145,-0.05514860644787134,0.6,0.6679658515023649,-0.0032692280036545215,0.010961385935238238,0.02461514891199366,0.4453105676682433,-0.040571235224795166,0.01543719567826161,0.4,0.2,0.4,1,4,55.2
R1_relax_frequency_R01159,2025_10,2025-10-01 00:00:00+00:00,2025-11-01 00:00:00+00:00,8,0.25806451612903225,1.0772990256665174,2.404330929945606,0.07729902566651736,-0.039172839828078176,0.875,3.3527984321828357,0.00947659775600904,0.015433595604604153,0.03222238718415676,0.47897120459754794,-0.03222238718415676,0.015437195678261722,0.875,0.0,0.125,6,2,37.75
R1_relax_frequency_R01159,2025_11,2025-11-01 00:00:00+00:00,2025-12-01 00:00:00+00:00,5,0.16666666666666666,0.9793224485694544,0.7753905723576076,-0.020677551430545615,-0.041206892433083064,0.6,0.7050269421305132,-0.0038747976656135844,0.015435515643888162,0.0328402676298662,0.47001796142034213,-0.040571235224795166,0.015437195678261722,0.6,0.2,0.2,2,3,66.0
R1_relax_frequency_R01159,2025_12,2025-12-01 00:00:00+00:00,2026-01-01 00:00:00+00:00,6,0.1935483870967742,0.9940523035683325,0.9321267054178717,-0.005947696431667482,-0.04586436020099671,0.6666666666666666,0.9346546744562115,-0.0007195160627398329,0.015437195678261639,0.033032939544742776,0.46732733722810577,-0.040571235224794944,0.015437195678261722,0.6666666666666666,0.16666666666666666,0.16666666666666666,0,6,50.0
R1_relax_frequency_R01159,2026_01,2026-01-01 00:00:00+00:00,2026-02-01 00:00:00+00:00,4,0.12903225806451613,1.0045409067460456,1.0548314883763052,0.00454090674604557,-0.0790536519778835,0.75,1.1412397619150298,0.001432567900937186,0.015433835609514635,0.040571235224795166,0.3804132539716766,-0.040571235224795166,0.01543719567826161,0.75,0.25,0.0,2,2,21.75
R1_relax_frequency_R01159,2026_02,2026-02-01 00:00:00+00:00,2026-03-01 00:00:00+00:00,3,0.10714285714285714,1.047024989943634,1.8210948041068884,0.04702498994363391,-0.008171713369625522,1.0,inf,0.015435515643888087,0.015435515643888087,0.0,inf,0.01543215557514115,0.01543719567826161,1.0,0.0,0.0,1,2,18.666666666666668
R1_relax_frequency_R01159,2026_03,2026-03-01 00:00:00+00:00,2026-04-01 00:00:00+00:00,5,0.16129032258064516,1.0344038122593144,1.4896447004714954,0.03440381225931444,-0.03467851873353123,0.8,3.2496245778995956,0.006860321765075827,0.012387328111933604,0.015247703622355281,0.8124061444748989,-0.015247703622355281,0.015437195678261722,0.6,0.0,0.4,3,2,43.8
R1_relax_frequency_R01159,2026_04,2026-04-01 00:00:00+00:00,2026-05-01 00:00:00+00:00,3,0.1,1.012864227997222,1.1683857819758001,0.012864227997221978,-0.02817543125664146,0.6666666666666666,3.1512397098318026,0.0043080938433119114,0.009466055547422825,0.006007829564909917,1.5756198549159013,-0.006007829564909917,0.01543215557514115,0.3333333333333333,0.0,0.6666666666666666,2,1,91.66666666666667
R1_relax_frequency_R01159,2026_05,2026-05-01 00:00:00+00:00,2026-06-01 00:00:00+00:00,3,0.0967741935483871,1.0470145961923614,1.718257649738326,0.04701459619236137,-0.009297743068213404,1.0,inf,0.015432155575141224,0.015432155575141224,0.0,inf,0.01543215557514115,0.015432155575141372,1.0,0.0,0.0,3,0,25.333333333333332
R1_relax_frequency_R01159,2026_06,2026-06-01 00:00:00+00:00,2026-06-26 04:20:00+00:00,5,0.1985659128516271,1.0627923241137818,2.419025909699919,0.06279232411378177,-0.0361601117204805,1.0,inf,0.012262609080938392,0.012262609080938392,0.0,inf,0.005584747082382845,0.01543215557514115,0.6,0.0,0.4,4,1,53.6
R1_relax_frequency_R06015,2025_05,2025-05-30 10:30:00+00:00,2025-06-01 00:00:00+00:00,0,0.0,1.0,1.0,0.0,0.0,0.0,0.0,0.0,0.0,0.0,0.0,0.0,0.0,0.0,0.0,0.0,0,0,0.0
R1_relax_frequency_R06015,2025_06,2025-06-01 00:00:00+00:00,2025-07-01 00:00:00+00:00,7,0.23333333333333334,1.0238210901585287,1.3319197873538833,0.023821090158528735,-0.03895626911509931,0.7142857142857143,1.7396709223145643,0.003472350650082361,0.011433525620793729,0.016430586776696062,0.6958683689258257,-0.029154180020459775,0.011436593470900301,0.7142857142857143,0.0,0.2857142857142857,5,2,26.857142857142858
R1_relax_frequency_R06015,2025_07,2025-07-01 00:00:00+00:00,2025-08-01 00:00:00+00:00,2,0.06451612903225806,1.0230001039421932,1.3072473943691472,0.023000103942193206,-0.004836093999705748,1.0,inf,0.011434676064583777,0.011434676064583777,0.0,inf,0.011432758658267142,0.011436593470900413,1.0,0.0,0.0,1,1,5.5
R1_relax_frequency_R06015,2025_08,2025-08-01 00:00:00+00:00,2025-09-01 00:00:00+00:00,7,0.22580645161290322,0.9861151085066012,0.848112700325381,-0.013884891493398777,-0.06231889497543708,0.5714285714285714,0.7817576148229172,-0.0018239645062680563,0.01143371736142543,0.019500873663192708,0.5863182111171878,-0.04055940126109653,0.011436593470900524,0.5714285714285714,0.14285714285714285,0.2857142857142857,5,2,30.142857142857142
R1_relax_frequency_R06015,2025_09,2025-09-01 00:00:00+00:00,2025-10-01 00:00:00+00:00,1,0.03333333333333333,1.011432758658267,1.1484396155224583,0.011432758658266984,-0.008698790077402485,1.0,inf,0.01143275865826692,0.01143275865826692,0.0,inf,0.01143275865826692,0.01143275865826692,1.0,0.0,0.0,1,0,26.0
R1_relax_frequency_R06015,2025_10,2025-10-01 00:00:00+00:00,2025-11-01 00:00:00+00:00,6,0.1935483870967742,0.9588160425936555,0.6092569550468389,-0.04118395740634451,-0.0814197122348429,0.5,0.4573588929688496,-0.006783810476615213,0.011435315200022654,0.02500293615325308,0.4573588929688496,-0.040571235224795166,0.011436593470900413,0.5,0.16666666666666666,0.3333333333333333,3,3,27.0
R1_relax_frequency_R06015,2025_11,2025-11-01 00:00:00+00:00,2025-12-01 00:00:00+00:00,5,0.16666666666666666,0.989732864037171,0.8819247756383034,-0.010267135962829022,-0.042482618990582255,0.6,0.774706473076134,-0.0019257224383495432,0.011036488403278288,0.021369038700791286,0.516470982050756,-0.028042975501859087,0.011436593470900413,0.4,0.0,0.6,2,3,34.2
R1_relax_frequency_R06015,2025_12,2025-12-01 00:00:00+00:00,2026-01-01 00:00:00+00:00,3,0.0967741935483871,1.0347036632802649,1.4947404193386293,0.03470366328026486,-0.014108990397084131,1.0,inf,0.011436593470900376,0.011436593470900376,0.0,inf,0.011436593470900301,0.011436593470900413,1.0,0.0,0.0,0,3,14.666666666666666
R1_relax_frequency_R06015,2026_01,2026-01-01 00:00:00+00:00,2026-02-01 00:00:00+00:00,4,0.12903225806451613,1.0465292126657375,1.7088957500849131,0.04652921266573751,-0.010553937691836324,1.0,inf,0.011434676064583666,0.011434676064583666,0.0,inf,0.01143275865826692,0.011436593470900413,1.0,0.0,0.0,2,2,22.25
R1_relax_frequency_R06015,2026_02,2026-02-01 00:00:00+00:00,2026-03-01 00:00:00+00:00,8,0.2857142857142857,1.0477545492205507,1.8377171214683687,0.04775454922055067,-0.04565511654712229,0.875,2.469690347243657,0.005955086501939365,0.011436593470900413,0.03241546228078796,0.3528129067490939,-0.03241546228078796,0.011436593470900524,0.875,0.0,0.125,0,8,23.0
R1_relax_frequency_R06015,2026_03,2026-03-01 00:00:00+00:00,2026-04-01 00:00:00+00:00,6,0.1935483870967742,1.0705954342097013,2.233849723910792,0.07059543420970127,-0.024715362475776548,1.0,inf,0.011434036929144825,0.011434036929144825,0.0,inf,0.01143275865826692,0.011436593470900413,1.0,0.0,0.0,4,2,15.833333333333334
R1_relax_frequency_R06015,2026_04,2026-04-01 00:00:00+00:00,2026-05-01 00:00:00+00:00,0,0.0,1.0,1.0,0.0,0.0,0.0,0.0,0.0,0.0,0.0,0.0,0.0,0.0,0.0,0.0,0.0,0,0,0.0
R1_relax_frequency_R06015,2026_05,2026-05-01 00:00:00+00:00,2026-06-01 00:00:00+00:00,2,0.06451612903225806,1.0230001039421932,1.3072473943691472,0.023000103942193206,-0.011090171346785804,1.0,inf,0.011434676064583777,0.011434676064583777,0.0,inf,0.011432758658267142,0.011436593470900413,1.0,0.0,0.0,1,1,7.0
R1_relax_frequency_R06015,2026_06,2026-06-01 00:00:00+00:00,2026-06-26 04:20:00+00:00,5,0.1985659128516271,1.058497941826417,2.2810490999386746,0.0584979418264171,-0.007219952770586735,1.0,inf,0.011435059545847037,0.011435059545847037,0.0,inf,0.01143275865826692,0.011436593470900413,1.0,0.0,0.0,2,3,9.8
R3_live_candidate_gate_R05312,2025_05,2025-05-30 10:30:00+00:00,2025-06-01 00:00:00+00:00,0,0.0,1.0,1.0,0.0,0.0,0.0,0.0,0.0,0.0,0.0,0.0,0.0,0.0,0.0,0.0,0.0,0,0,0.0
R3_live_candidate_gate_R05312,2025_06,2025-06-01 00:00:00+00:00,2025-07-01 00:00:00+00:00,4,0.13333333333333333,1.0280336425107919,1.400197213269815,0.02803364251079188,-0.03129936329139582,1.0,inf,0.0069359159876188565,0.0069359159876188565,0.0,inf,0.006935915987618829,0.00693591598761894,1.0,0.0,0.0,0,4,40.5
R3_live_candidate_gate_R05312,2025_07,2025-07-01 00:00:00+00:00,2025-08-01 00:00:00+00:00,1,0.03225806451612903,1.006935915987619,1.0848466619464812,0.006935915987619001,-0.002742989463906609,1.0,inf,0.006935915987619051,0.006935915987619051,0.0,inf,0.006935915987619051,0.006935915987619051,1.0,0.0,0.0,0,1,2.0
R3_live_candidate_gate_R05312,2025_08,2025-08-01 00:00:00+00:00,2025-09-01 00:00:00+00:00,4,0.12903225806451613,1.003259734409502,1.0390892095225277,0.003259734409502002,-0.02250894126624825,0.75,1.2007075619534173,0.0008695440288082957,0.006935915987619051,0.01732957184762397,0.4002358539844724,-0.01732957184762397,0.006935915987619051,0.75,0.0,0.25,0,4,39.75
R3_live_candidate_gate_R05312,2025_09,2025-09-01 00:00:00+00:00,2025-10-01 00:00:00+00:00,2,0.06666666666666667,0.9660832820837908,0.6569803051199632,-0.033916717916209205,-0.05281759219790472,0.5,0.17095649045903724,-0.016817659618588058,0.006935915987619051,0.040571235224795166,0.17095649045903724,-0.040571235224795166,0.006935915987619051,0.5,0.5,0.0,0,2,32.0
R3_live_candidate_gate_R05312,2025_10,2025-10-01 00:00:00+00:00,2025-11-01 00:00:00+00:00,5,0.16129032258064516,1.0351639974876934,1.5025944660810098,0.03516399748769339,-0.027749887707217757,1.0,inf,0.0069359159876190065,0.0069359159876190065,0.0,inf,0.00693591598761894,0.006935915987619051,1.0,0.0,0.0,0,5,33.0
R3_live_candidate_gate_R05312,2025_11,2025-11-01 00:00:00+00:00,2025-12-01 00:00:00+00:00,3,0.1,1.0209524024202479,1.2871877758997197,0.020952402420247873,-0.03228960067298958,1.0,inf,0.006935915987618977,0.006935915987618977,0.0,inf,0.00693591598761894,0.006935915987619051,1.0,0.0,0.0,0,3,22.0
R3_live_candidate_gate_R05312,2025_12,2025-12-01 00:00:00+00:00,2026-01-01 00:00:00+00:00,5,0.16129032258064516,0.9397903155849593,0.4811094352782802,-0.06020968441504071,-0.06387433873118442,0.6,0.25643473568855657,-0.012066944497346592,0.006935915987619051,0.040571235224795055,0.1709564904590377,-0.040571235224795166,0.006935915987619051,0.6,0.4,0.0,0,5,39.2
R3_live_candidate_gate_R05312,2026_01,2026-01-01 00:00:00+00:00,2026-02-01 00:00:00+00:00,4,0.12903225806451613,1.0280336425107925,1.385075438573951,0.028033642510792545,-0.02470363505968698,1.0,inf,0.006935915987618995,0.006935915987618995,0.0,inf,0.00693591598761894,0.006935915987619051,1.0,0.0,0.0,0,4,8.25
R3_live_candidate_gate_R05312,2026_02,2026-02-01 00:00:00+00:00,2026-03-01 00:00:00+00:00,3,0.10714285714285714,1.020952402420248,1.3106099824236297,0.020952402420248095,-0.019998329548549076,1.0,inf,0.006935915987619088,0.006935915987619088,0.0,inf,0.006935915987619051,0.006935915987619162,1.0,0.0,0.0,0,3,10.666666666666666
R3_live_candidate_gate_R05312,2026_03,2026-03-01 00:00:00+00:00,2026-04-01 00:00:00+00:00,1,0.03225806451612903,1.006935915987619,1.0848466619464812,0.006935915987619001,-0.00941460841873476,1.0,inf,0.006935915987619051,0.006935915987619051,0.0,inf,0.006935915987619051,0.006935915987619051,1.0,0.0,0.0,0,1,43.0
R3_live_candidate_gate_R05312,2026_04,2026-04-01 00:00:00+00:00,2026-05-01 00:00:00+00:00,0,0.0,1.0,1.0,0.0,0.0,0.0,0.0,0.0,0.0,0.0,0.0,0.0,0.0,0.0,0.0,0.0,0,0,0.0
R3_live_candidate_gate_R05312,2026_05,2026-05-01 00:00:00+00:00,2026-06-01 00:00:00+00:00,0,0.0,1.0,1.0,0.0,0.0,0.0,0.0,0.0,0.0,0.0,0.0,0.0,0.0,0.0,0.0,0.0,0,0,0.0
R3_live_candidate_gate_R05312,2026_06,2026-06-01 00:00:00+00:00,2026-06-26 04:20:00+00:00,2,0.07942636514065085,1.0139199389058253,1.222037635381555,0.013919938905825324,-0.019319523753677403,1.0,inf,0.00693591598761894,0.00693591598761894,0.0,inf,0.00693591598761894,0.00693591598761894,1.0,0.0,0.0,0,2,28.5
R3_live_candidate_gate_R05841,2025_05,2025-05-30 10:30:00+00:00,2025-06-01 00:00:00+00:00,0,0.0,1.0,1.0,0.0,0.0,0.0,0.0,0.0,0.0,0.0,0.0,0.0,0.0,0.0,0.0,0.0,0,0,0.0
R3_live_candidate_gate_R05841,2025_06,2025-06-01 00:00:00+00:00,2025-07-01 00:00:00+00:00,6,0.2,0.982123022837415,0.8028228655302231,-0.01787697716258496,-0.04269129363598234,0.5,0.5753793949616057,-0.002933816467065402,0.007950897924964579,0.013818530859095382,0.5753793949616057,-0.01656369640749904,0.014403345059081314,0.0,0.0,1.0,0,6,19.0
R3_live_candidate_gate_R05841,2025_07,2025-07-01 00:00:00+00:00,2025-08-01 00:00:00+00:00,6,0.1935483870967742,1.0330978902806591,1.4676364992431667,0.033097890280659126,-0.01040523790592851,0.6666666666666666,7.088611241844134,0.005503752561529001,0.009611542122740195,0.0027118265608933887,3.544305620922067,-0.002829545101836719,0.02943930340402575,0.16666666666666666,0.0,0.8333333333333334,0,6,18.666666666666668
R3_live_candidate_gate_R05841,2025_08,2025-08-01 00:00:00+00:00,2025-09-01 00:00:00+00:00,2,0.06451612903225806,0.9910911885757083,0.8999318221897508,-0.008908811424291674,-0.015103612081520557,0.0,0.0,-0.004457749927962341,0.0,0.004457749927962341,0.0,-0.008088604205847923,-0.0008268956500767588,0.0,0.0,1.0,0,2,19.0
R3_live_candidate_gate_R05841,2025_09,2025-09-01 00:00:00+00:00,2025-10-01 00:00:00+00:00,2,0.06666666666666667,0.9833579616100039,0.8152000482701026,-0.016642038389996117,-0.027171722834627987,0.5,0.10284227246155055,-0.008303400407489867,0.0019036576085843845,0.01851045842356412,0.10284227246155055,-0.01851045842356412,0.0019036576085843845,0.0,0.0,1.0,0,2,19.0
R3_live_candidate_gate_R05841,2025_10,2025-10-01 00:00:00+00:00,2025-11-01 00:00:00+00:00,5,0.16129032258064516,1.0355661736019406,1.5094871327037511,0.03556617360194059,-0.01355723493868699,0.8,14.366863003075494,0.007036119612725079,0.009453131086741836,0.0026319262833419425,3.5917157507688735,-0.0026319262833419425,0.01782458567128178,0.0,0.0,1.0,0,5,19.0
R3_live_candidate_gate_R05841,2025_11,2025-11-01 00:00:00+00:00,2025-12-01 00:00:00+00:00,2,0.06666666666666667,0.9773004210772216,0.7561221241306235,-0.022699578922778407,-0.02397011697195439,0.0,0.0,-0.011351302450925978,0.0,0.011351302450925978,0.0,-0.02256852529166972,-0.00013407961018223596,0.0,0.5,0.5,0,2,12.0
R3_live_candidate_gate_R05841,2025_12,2025-12-01 00:00:00+00:00,2026-01-01 00:00:00+00:00,1,0.03225806451612903,0.9885797902581599,0.8734275573654809,-0.011420209741840104,-0.015635813368423124,0.0,0.0,-0.011420209741840116,0.0,0.011420209741840116,0.0,-0.011420209741840116,-0.011420209741840116,0.0,0.0,1.0,0,1,19.0
R3_live_candidate_gate_R05841,2026_01,2026-01-01 00:00:00+00:00,2026-02-01 00:00:00+00:00,2,0.06451612903225806,1.0087922055931287,1.108645817008944,0.008792205593128655,-0.007375836336369179,1.0,inf,0.004386639798311703,0.004386639798311703,0.0,inf,0.0038239567480410773,0.0049493228485823285,0.0,0.0,1.0,0,2,19.0
R3_live_candidate_gate_R05841,2026_02,2026-02-01 00:00:00+00:00,2026-03-01 00:00:00+00:00,4,0.14285714285714285,1.0333567735716491,1.5342281653776322,0.03335677357164912,-0.02008393388170271,0.75,3.0278213392729634,0.008342043378003325,0.016607785879279375,0.016455184125824824,1.0092737797576545,-0.016455184125824824,0.01935583839905626,0.0,0.0,1.0,0,4,19.0
R3_live_candidate_gate_R05841,2026_03,2026-03-01 00:00:00+00:00,2026-04-01 00:00:00+00:00,1,0.03225806451612903,1.0217254564104172,1.2881846456792927,0.021725456410417232,-0.0030544312265066154,1.0,inf,0.02172545641041733,0.02172545641041733,0.0,inf,0.02172545641041733,0.02172545641041733,0.0,0.0,1.0,0,1,19.0
R3_live_candidate_gate_R05841,2026_04,2026-04-01 00:00:00+00:00,2026-05-01 00:00:00+00:00,0,0.0,1.0,1.0,0.0,0.0,0.0,0.0,0.0,0.0,0.0,0.0,0.0,0.0,0.0,0.0,0.0,0,0,0.0
R3_live_candidate_gate_R05841,2026_05,2026-05-01 00:00:00+00:00,2026-06-01 00:00:00+00:00,2,0.06451612903225806,1.0165387429317239,1.2132101779940567,0.01653874293172386,-0.011829597411512238,0.5,10.54831758415367,0.008285255884818798,0.018305949622808494,0.0017354378531708994,10.54831758415367,-0.0017354378531708994,0.018305949622808494,0.0,0.0,1.0,0,2,19.0
R3_live_candidate_gate_R05841,2026_06,2026-06-01 00:00:00+00:00,2026-06-26 04:20:00+00:00,4,0.1588527302813017,1.0267431742276873,1.4664137099053602,0.02674317422768735,-0.019595393790824644,0.5,3.8259911025295272,0.006718964854060055,0.018193050733126843,0.004755121025006732,3.8259911025295272,-0.008248060672552838,0.02943930340402586,0.25,0.0,0.75,0,4,14.75
R3_live_candidate_gate_R02388,2025_05,2025-05-30 10:30:00+00:00,2025-06-01 00:00:00+00:00,0,0.0,1.0,1.0,0.0,0.0,0.0,0.0,0.0,0.0,0.0,0.0,0.0,0.0,0.0,0.0,0.0,0,0,0.0
R3_live_candidate_gate_R02388,2025_06,2025-06-01 00:00:00+00:00,2025-07-01 00:00:00+00:00,2,0.06666666666666667,1.0088907532276508,1.1137877172397448,0.00889075322765076,-0.011066572695858534,1.0,inf,0.004435539608018287,0.004435539608018287,0.0,inf,0.004435539608018232,0.004435539608018343,1.0,0.0,0.0,0,2,11.0
R3_live_candidate_gate_R02388,2025_07,2025-07-01 00:00:00+00:00,2025-08-01 00:00:00+00:00,10,0.3225806451612903,1.0166132162427228,1.2142578198478164,0.016613216242722828,-0.02097163480748887,0.8,1.8862895581154888,0.0016672614964255137,0.004435539608018329,0.009405850949945747,0.4715723895288722,-0.014684457100765541,0.004435539608018454,0.8,0.0,0.2,0,10,13.6
R3_live_candidate_gate_R02388,2025_08,2025-08-01 00:00:00+00:00,2025-09-01 00:00:00+00:00,6,0.1935483870967742,0.9911215757728556,0.9002569745836153,-0.008878424227144355,-0.03742574629200701,0.8333333333333334,0.7254790360627352,-0.0013986719443834002,0.004435539608018343,0.030569729706392115,0.14509580721254706,-0.030569729706392115,0.004435539608018454,0.8333333333333334,0.16666666666666666,0.0,0,6,12.0
R3_live_candidate_gate_R02388,2025_09,2025-09-01 00:00:00+00:00,2025-10-01 00:00:00+00:00,5,0.16666666666666666,1.009166799140849,1.1175036909991758,0.009166799140849058,-0.012437008628428892,0.8,2.0772436914742527,0.0018401912421284559,0.004435539608018287,0.00854120222143087,0.5193109228685632,-0.00854120222143087,0.004435539608018343,0.8,0.0,0.2,0,5,18.2
R3_live_candidate_gate_R02388,2025_10,2025-10-01 00:00:00+00:00,2025-11-01 00:00:00+00:00,8,0.25806451612903225,0.9432142167844783,0.5021719513021325,-0.056785783215521746,-0.07262960711318123,0.625,0.27908237979073003,-0.0071610993968748635,0.004435539608018254,0.026488831071696726,0.16744942787443803,-0.030569729706392337,0.004435539608018343,0.625,0.25,0.125,0,8,16.5
R3_live_candidate_gate_R02388,2025_11,2025-11-01 00:00:00+00:00,2025-12-01 00:00:00+00:00,2,0.06666666666666667,1.0088907532276508,1.1137877172397448,0.00889075322765076,-0.004220915432795236,1.0,inf,0.004435539608018287,0.004435539608018287,0.0,inf,0.004435539608018232,0.004435539608018343,1.0,0.0,0.0,0,2,3.5
R3_live_candidate_gate_R02388,2025_12,2025-12-01 00:00:00+00:00,2026-01-01 00:00:00+00:00,2,0.06451612903225806,1.0088907532276508,1.109922533813103,0.00889075322765076,-0.008501899581325745,1.0,inf,0.004435539608018287,0.004435539608018287,0.0,inf,0.004435539608018232,0.004435539608018343,1.0,0.0,0.0,0,2,2.5
R3_live_candidate_gate_R02388,2026_01,2026-01-01 00:00:00+00:00,2026-02-01 00:00:00+00:00,5,0.16129032258064516,0.9969732739717188,0.9649145359462901,-0.003026726028281246,-0.02116954187714848,0.8,0.8645953385936062,-0.0005557214682700747,0.0044355396080183705,0.020520765773423856,0.21614883464840154,-0.020520765773423856,0.004435539608018454,0.8,0.0,0.2,0,5,25.8
R3_live_candidate_gate_R02388,2026_02,2026-02-01 00:00:00+00:00,2026-03-01 00:00:00+00:00,5,0.17857142857142858,1.0223753127418622,1.3346384619163185,0.02237531274186222,-0.013087190794614179,1.0,inf,0.0044355396080182985,0.0044355396080182985,0.0,inf,0.004435539608018232,0.004435539608018343,1.0,0.0,0.0,0,5,8.2
R3_live_candidate_gate_R02388,2026_03,2026-03-01 00:00:00+00:00,2026-04-01 00:00:00+00:00,8,0.25806451612903225,1.0228712425349327,1.3053085694011701,0.022871242534932668,-0.021092868097987827,0.75,6.763768140500978,0.002834820178733867,0.004435539608018269,0.0019673381091193367,2.2545893801669927,-0.0034548478817966284,0.004435539608018343,0.75,0.0,0.25,0,8,21.75
R3_live_candidate_gate_R02388,2026_04,2026-04-01 00:00:00+00:00,2026-05-01 00:00:00+00:00,2,0.06666666666666667,0.999713760660431,0.9965206043531809,-0.00028623933956895,-0.014124372271047125,0.5,0.9435455723544948,-0.00013269409406733556,0.004435539608018454,0.004700927796153125,0.9435455723544948,-0.004700927796153125,0.004435539608018454,0.5,0.0,0.5,0,2,30.5
R3_live_candidate_gate_R02388,2026_05,2026-05-01 00:00:00+00:00,2026-06-01 00:00:00+00:00,2,0.06451612903225806,1.008890753227651,1.1099225338131058,0.008890753227650983,-0.01228848017780848,1.0,inf,0.004435539608018398,0.004435539608018398,0.0,inf,0.004435539608018343,0.004435539608018454,1.0,0.0,0.0,0,2,9.5
R3_live_candidate_gate_R02388,2026_06,2026-06-01 00:00:00+00:00,2026-06-26 04:20:00+00:00,3,0.11913954771097628,1.0133657281237554,1.2123842749860325,0.01336572812375536,-0.018872763046180907,1.0,inf,0.0044355396080183055,0.0044355396080183055,0.0,inf,0.004435539608018232,0.004435539608018343,1.0,0.0,0.0,0,3,15.666666666666666
R3_live_candidate_gate_R06062,2025_05,2025-05-30 10:30:00+00:00,2025-06-01 00:00:00+00:00,0,0.0,1.0,1.0,0.0,0.0,0.0,0.0,0.0,0.0,0.0,0.0,0.0,0.0,0.0,0.0,0.0,0,0,0.0
R3_live_candidate_gate_R06062,2025_06,2025-06-01 00:00:00+00:00,2025-07-01 00:00:00+00:00,2,0.06666666666666667,1.011116469740699,1.1440748049685827,0.011116469740698909,-0.01245825076137641,0.5,36.559822322293634,0.00556002246069092,0.011432758658267142,0.0003127137368853025,36.559822322293634,-0.0003127137368853025,0.011432758658267142,0.5,0.0,0.5,2,0,12.5
R3_live_candidate_gate_R06062,2025_07,2025-07-01 00:00:00+00:00,2025-08-01 00:00:00+00:00,3,0.0967741935483871,0.9990312249177566,0.9886450688668665,-0.0009687750822433561,-0.0242707374202904,0.6666666666666666,0.9668416405326676,-0.00022239728357203772,0.009727092562162426,0.020121376975040964,0.4834208202663338,-0.020121376975040964,0.011432758658267142,0.3333333333333333,0.0,0.6666666666666666,3,0,18.666666666666668
R3_live_candidate_gate_R06062,2025_08,2025-08-01 00:00:00+00:00,2025-09-01 00:00:00+00:00,5,0.16129032258064516,0.9924113652240578,0.914157654300619,-0.007588634775942182,-0.04517019855954918,0.4,0.690556180385857,-0.0014866621116409917,0.008294104165816846,0.008007172963279552,1.0358342705787855,-0.011458528492841135,0.011432758658267142,0.2,0.0,0.8,5,0,18.8
R3_live_candidate_gate_R06062,2025_09,2025-09-01 00:00:00+00:00,2025-10-01 00:00:00+00:00,4,0.13333333333333333,0.969264627746234,0.6838105245811847,-0.03073537225376599,-0.03495991275268695,0.25,0.011178972022245876,-0.00776198217183178,0.00035100783288775634,0.010466312173404957,0.03353691606673763,-0.012603010167235426,0.00035100783288775634,0.0,0.0,1.0,4,0,19.0
R3_live_candidate_gate_R06062,2025_10,2025-10-01 00:00:00+00:00,2025-11-01 00:00:00+00:00,4,0.12903225806451613,1.0256969166738177,1.3484327462040688,0.025696916673817682,-0.012556378938462842,0.75,3.945329255126075,0.006401222122191526,0.011432758658267067,0.0086933874860351,1.3151097517086916,-0.0086933874860351,0.011432758658267142,0.75,0.0,0.25,4,0,11.5
R3_live_candidate_gate_R06062,2025_11,2025-11-01 00:00:00+00:00,2025-12-01 00:00:00+00:00,1,0.03333333333333333,0.9788219883560905,0.7705800344225898,-0.021178011643909533,-0.02485141997529039,0.0,0.0,-0.021178011643909565,0.0,0.021178011643909565,0.0,-0.021178011643909565,-0.021178011643909565,0.0,0.0,1.0,1,0,19.0
R3_live_candidate_gate_R06062,2025_12,2025-12-01 00:00:00+00:00,2026-01-01 00:00:00+00:00,2,0.06451612903225806,0.9696454232233294,0.6954570990224024,-0.03035457677667064,-0.036549696139963395,0.0,0.0,-0.015294244458115731,0.0,0.015294244458115731,0.0,-0.015336363145426036,-0.015252125770805425,0.0,0.0,1.0,2,0,19.0
R3_live_candidate_gate_R06062,2026_01,2026-01-01 00:00:00+00:00,2026-02-01 00:00:00+00:00,2,0.06451612903225806,1.0096662386399644,1.1200162512792164,0.009666238639964408,-0.001763670471454093,1.0,inf,0.004821652813385478,0.004821652813385478,0.0,inf,0.004260116831193769,0.005383188795577188,0.0,0.0,1.0,2,0,19.0
R3_live_candidate_gate_R06062,2026_02,2026-02-01 00:00:00+00:00,2026-03-01 00:00:00+00:00,4,0.14285714285714285,1.0206554108232726,1.3056453894228162,0.020655410823272602,-0.015374839604555657,0.75,3.711421666484845,0.005154513936965671,0.009407401754004986,0.007604149514152274,1.2371405554949484,-0.007604149514152274,0.011432758658267142,0.5,0.0,0.5,4,0,14.25
R3_live_candidate_gate_R06062,2026_03,2026-03-01 00:00:00+00:00,2026-04-01 00:00:00+00:00,5,0.16129032258064516,1.0473243531698315,1.724256637473409,0.04732435316983152,-0.009394092450885516,1.0,inf,0.009299682299913712,0.009299682299913712,0.0,inf,0.0007673768665006623,0.011432758658267142,0.8,0.0,0.2,5,0,8.8
R3_live_candidate_gate_R06062,2026_04,2026-04-01 00:00:00+00:00,2026-05-01 00:00:00+00:00,4,0.13333333333333333,0.9879201497958525,0.8624589716269772,-0.01207985020414748,-0.019463486847822287,0.25,0.066842983446602,-0.0030295659571651433,0.0008680435276503787,0.004328769118770317,0.200528950339806,-0.007275021282916916,0.0008680435276503787,0.0,0.0,1.0,4,0,19.0
R3_live_candidate_gate_R06062,2026_05,2026-05-01 00:00:00+00:00,2026-06-01 00:00:00+00:00,3,0.0967741935483871,1.0346918942390975,1.4945401138850873,0.034691894239097465,-0.005306000483884965,1.0,inf,0.011432758658266992,0.011432758658266992,0.0,inf,0.01143275865826692,0.011432758658267142,1.0,0.0,0.0,3,0,7.0
R3_live_candidate_gate_R06062,2026_06,2026-06-01 00:00:00+00:00,2026-06-26 04:20:00+00:00,3,0.11913954771097628,1.0276445905585714,1.4851991544719603,0.02764459055857138,-0.008667411087357801,1.0,inf,0.009136463551036407,0.009136463551036407,0.0,inf,0.004543873336575157,0.011432758658267142,0.6666666666666666,0.0,0.3333333333333333,3,0,13.666666666666666
R3_live_candidate_gate_R00465,2025_05,2025-05-30 10:30:00+00:00,2025-06-01 00:00:00+00:00,0,0.0,1.0,1.0,0.0,0.0,0.0,0.0,0.0,0.0,0.0,0.0,0.0,0.0,0.0,0.0,0.0,0,0,0.0
R3_live_candidate_gate_R00465,2025_06,2025-06-01 00:00:00+00:00,2025-07-01 00:00:00+00:00,5,0.16666666666666666,1.042892361208307,1.6674996339326134,0.04289236120830697,-0.018402534393956005,1.0,inf,0.008434969477472156,0.008434969477472156,0.0,inf,0.00843321097061119,0.008436141815379541,1.0,0.0,0.0,2,3,23.2
R3_live_candidate_gate_R00465,2025_07,2025-07-01 00:00:00+00:00,2025-08-01 00:00:00+00:00,1,0.03225806451612903,1.0084361418153795,1.1040440863456622,0.00843614181537955,-0.004836093999705859,1.0,inf,0.008436141815379541,0.008436141815379541,0.0,inf,0.008436141815379541,0.008436141815379541,1.0,0.0,0.0,0,1,6.0
R3_live_candidate_gate_R00465,2025_08,2025-08-01 00:00:00+00:00,2025-09-01 00:00:00+00:00,6,0.1935483870967742,1.0252971323674724,1.3422532633040627,0.02529713236747244,-0.027420438892192478,0.8333333333333334,2.499758688749088,0.004217213318799291,0.008434969477472201,0.016871567474565256,0.4999517377498176,-0.016871567474565256,0.008436141815379541,0.8333333333333334,0.0,0.16666666666666666,3,3,55.333333333333336
R3_live_candidate_gate_R00465,2025_09,2025-09-01 00:00:00+00:00,2025-10-01 00:00:00+00:00,4,0.13333333333333333,0.9839100963010258,0.8207902762091586,-0.01608990369897423,-0.04209283725020274,0.75,0.6236577125741184,-0.003817167867048228,0.008434187918867417,0.040571235224795166,0.2078859041913728,-0.040571235224795166,0.00843614181537943,0.75,0.25,0.0,2,2,23.75
R3_live_candidate_gate_R00465,2025_10,2025-10-01 00:00:00+00:00,2025-11-01 00:00:00+00:00,4,0.12903225806451613,1.0164309912738556,1.2116958622493297,0.01643099127385561,-0.01850805678892309,0.75,2.8559763031175693,0.004110762288986161,0.008434187918867417,0.008859514600657611,0.9519921010391897,-0.008859514600657611,0.00843614181537943,0.75,0.0,0.25,2,2,45.75
R3_live_candidate_gate_R00465,2025_11,2025-11-01 00:00:00+00:00,2025-12-01 00:00:00+00:00,2,0.06666666666666667,0.967531763721838,0.6690740643459563,-0.03246823627816198,-0.0408937217127372,0.5,0.20792247193994143,-0.016063095145242724,0.00843321097061119,0.04055940126109664,0.20792247193994143,-0.04055940126109664,0.00843321097061119,0.5,0.5,0.0,2,0,29.0
R3_live_candidate_gate_R00465,2025_12,2025-12-01 00:00:00+00:00,2026-01-01 00:00:00+00:00,5,0.16129032258064516,0.9922105014070053,0.9119800158262215,-0.007789498592994715,-0.048105868430280974,0.8,0.8315917764160755,-0.0013665059305626517,0.008434676392995421,0.040571235224794944,0.20789794410401888,-0.040571235224794944,0.008436141815379541,0.8,0.2,0.0,2,3,39.4
R3_live_candidate_gate_R00465,2026_01,2026-01-01 00:00:00+00:00,2026-02-01 00:00:00+00:00,3,0.0967741935483871,0.9925890483117271,0.9160879472914084,-0.007410951688272882,-0.028157901320184697,0.6666666666666666,0.7044808107925108,-0.002358813933797536,0.008434676392995366,0.02394579458738334,0.3522404053962554,-0.02394579458738334,0.008436141815379541,0.6666666666666666,0.0,0.3333333333333333,1,2,63.333333333333336
R3_live_candidate_gate_R00465,2026_02,2026-02-01 00:00:00+00:00,2026-03-01 00:00:00+00:00,7,0.25,0.9600007565529814,0.5871364347043347,-0.03999924344701855,-0.0683097566384816,0.7142857142857143,0.519874859350625,-0.005564694036251714,0.008435555646425915,0.04056531824294579,0.20794994374025003,-0.040571235224795166,0.008436141815379541,0.7142857142857143,0.2857142857142857,0.0,2,5,35.0
R3_live_candidate_gate_R00465,2026_03,2026-03-01 00:00:00+00:00,2026-04-01 00:00:00+00:00,4,0.12903225806451613,1.0341649678928713,1.4855971192634214,0.03416496789287127,-0.0187049208412291,1.0,inf,0.008433943681803389,0.008433943681803389,0.0,inf,0.00843321097061119,0.008436141815379541,1.0,0.0,0.0,3,1,13.25
R3_live_candidate_gate_R00465,2026_04,2026-04-01 00:00:00+00:00,2026-05-01 00:00:00+00:00,3,0.1,0.9977594995318531,0.9730608139970042,-0.0022405004681469443,-0.02816125830698124,0.6666666666666666,0.8943814538262831,-0.0006640404973088654,0.008434676392995421,0.01886147427791744,0.44719072691314155,-0.01886147427791744,0.008436141815379652,0.6666666666666666,0.0,0.3333333333333333,2,1,98.33333333333333
R3_live_candidate_gate_R00465,2026_05,2026-05-01 00:00:00+00:00,2026-06-01 00:00:00+00:00,4,0.12903225806451613,1.0341679735227458,1.4856479916439789,0.03416797352274581,-0.013072781488604579,1.0,inf,0.008434676392995393,0.008434676392995393,0.0,inf,0.00843321097061119,0.008436141815379541,1.0,0.0,0.0,2,2,14.5
R3_live_candidate_gate_R00465,2026_06,2026-06-01 00:00:00+00:00,2026-06-26 04:20:00+00:00,3,0.11913954771097628,1.0255135898155878,1.4411458010892901,0.025513589815587823,-0.008112533990321413,1.0,inf,0.008433210970611263,0.008433210970611263,0.0,inf,0.00843321097061119,0.008433210970611412,1.0,0.0,0.0,3,0,6.666666666666667
R1_relax_frequency_R04210,2025_05,2025-05-30 10:30:00+00:00,2025-06-01 00:00:00+00:00,0,0.0,1.0,1.0,0.0,0.0,0.0,0.0,0.0,0.0,0.0,0.0,0.0,0.0,0.0,0.0,0.0,0,0,0.0
R1_relax_frequency_R04210,2025_06,2025-06-01 00:00:00+00:00,2025-07-01 00:00:00+00:00,11,0.36666666666666664,1.0154947488967783,1.2058707990846678,0.015494748896778265,-0.030785644524199296,0.8181818181818182,1.4764101781151588,0.0014350879524973814,0.005435690159858572,0.016567621980627976,0.3280911506922575,-0.016567621980627976,0.0054356901598587816,0.8181818181818182,0.18181818181818182,0.0,0,11,15.0
R1_relax_frequency_R04210,2025_07,2025-07-01 00:00:00+00:00,2025-08-01 00:00:00+00:00,4,0.12903225806451613,1.021920684304951,1.2910877438958617,0.021920684304951088,-0.011100022212668481,1.0,inf,0.005435690159858587,0.005435690159858587,0.0,inf,0.0054356901598585595,0.0054356901598586705,1.0,0.0,0.0,0,4,5.5
R1_relax_frequency_R04210,2025_08,2025-08-01 00:00:00+00:00,2025-09-01 00:00:00+00:00,2,0.06451612903225806,1.0109009270472313,1.1362604208084832,0.010900927047231335,-0.00729172179668458,1.0,inf,0.0054356901598586705,0.0054356901598586705,0.0,inf,0.0054356901598586705,0.0054356901598586705,1.0,0.0,0.0,0,2,21.0
R1_relax_frequency_R04210,2025_09,2025-09-01 00:00:00+00:00,2025-10-01 00:00:00+00:00,5,0.16666666666666666,0.9829963326500852,0.811557607155247,-0.017003667349914764,-0.029977159455053304,0.6,0.49213672603838854,-0.003365634696336032,0.005435690159858596,0.016567621980627976,0.328091150692259,-0.016567621980627976,0.0054356901598586705,0.6,0.4,0.0,0,5,6.2
R1_relax_frequency_R04210,2025_10,2025-10-01 00:00:00+00:00,2025-11-01 00:00:00+00:00,8,0.25806451612903225,0.9349435839340395,0.4526745823644621,-0.06505641606596047,-0.0739259527171715,0.375,0.19685469041535783,-0.008316379927945441,0.005435690159858633,0.016567621980627886,0.3280911506922631,-0.016567621980627976,0.0054356901598586705,0.375,0.625,0.0,0,8,8.25
R1_relax_frequency_R04210,2025_11,2025-11-01 00:00:00+00:00,2025-12-01 00:00:00+00:00,11,0.36666666666666664,1.0154947488967794,1.2058707990846838,0.015494748896779376,-0.040669558972029174,0.8181818181818182,1.4764101781151757,0.0014350879524974319,0.005435690159858633,0.016567621980627976,0.32809115069226125,-0.016567621980627976,0.0054356901598586705,0.8181818181818182,0.18181818181818182,0.0,0,11,3.6363636363636362
R1_relax_frequency_R04210,2025_12,2025-12-01 00:00:00+00:00,2026-01-01 00:00:00+00:00,6,0.1935483870967742,0.9883395961426481,0.8709304497303983,-0.011660403857351898,-0.043804759028041707,0.6666666666666666,0.6561823013845169,-0.0018987472203036,0.005435690159858587,0.016567621980627976,0.32809115069225847,-0.016567621980627976,0.0054356901598586705,0.6666666666666666,0.3333333333333333,0.0,0,6,14.333333333333334
R1_relax_frequency_R04210,2026_01,2026-01-01 00:00:00+00:00,2026-02-01 00:00:00+00:00,4,0.12903225806451613,0.9995566086911186,0.9947883188425534,-0.0004433913088813801,-0.01995638290533952,0.75,0.9842734520767905,-6.513787526299082e-05,0.0054356901598586705,0.016567621980627976,0.3280911506922635,-0.016567621980627976,0.0054356901598586705,0.75,0.25,0.0,0,4,1.75
R1_relax_frequency_R04210,2026_02,2026-02-01 00:00:00+00:00,2026-03-01 00:00:00+00:00,11,0.39285714285714285,1.0154947488967787,1.2221034695001587,0.01549474889677871,-0.034017111222711005,0.8181818181818182,1.4764101781151657,0.0014350879524974017,0.005435690159858596,0.016567621980627976,0.328091150692259,-0.016567621980627976,0.0054356901598586705,0.8181818181818182,0.18181818181818182,0.0,0,11,5.090909090909091
R1_relax_frequency_R04210,2026_03,2026-03-01 00:00:00+00:00,2026-04-01 00:00:00+00:00,3,0.0967741935483871,1.0163958712689736,1.21120266808647,0.016395871268973572,-0.00622221682973656,1.0,inf,0.005435690159858596,0.005435690159858596,0.0,inf,0.0054356901598585595,0.0054356901598586705,1.0,0.0,0.0,0,3,2.3333333333333335
R1_relax_frequency_R04210,2026_04,2026-04-01 00:00:00+00:00,2026-05-01 00:00:00+00:00,0,0.0,1.0,1.0,0.0,0.0,0.0,0.0,0.0,0.0,0.0,0.0,0.0,0.0,0.0,0.0,0.0,0,0,0.0
R1_relax_frequency_R04210,2026_05,2026-05-01 00:00:00+00:00,2026-06-01 00:00:00+00:00,2,0.06451612903225806,1.0109009270472313,1.1362604208084832,0.010900927047231335,-0.0028925925314868817,1.0,inf,0.0054356901598586705,0.0054356901598586705,0.0,inf,0.0054356901598586705,0.0054356901598586705,1.0,0.0,0.0,0,2,3.5
R1_relax_frequency_R04210,2026_06,2026-06-01 00:00:00+00:00,2026-06-26 04:20:00+00:00,6,0.23827909542195255,1.0330605671326163,1.6028684944313778,0.03306056713261629,-0.0115070776480799,1.0,inf,0.005435690159858633,0.005435690159858633,0.0,inf,0.0054356901598585595,0.0054356901598586705,1.0,0.0,0.0,0,6,8.5
R1_relax_frequency_R05680,2025_05,2025-05-30 10:30:00+00:00,2025-06-01 00:00:00+00:00,0,0.0,1.0,1.0,0.0,0.0,0.0,0.0,0.0,0.0,0.0,0.0,0.0,0.0,0.0,0.0,0.0,0,0,0.0
R1_relax_frequency_R05680,2025_06,2025-06-01 00:00:00+00:00,2025-07-01 00:00:00+00:00,6,0.2,1.0046255599737228,1.057794781168455,0.004625559973722826,-0.02305184944349814,0.8333333333333334,1.2774223543176604,0.0008027349219873371,0.004435539608018343,0.01736128850816769,0.2554844708635321,-0.01736128850816769,0.004435539608018454,0.8333333333333334,0.0,0.16666666666666666,0,6,21.833333333333332
R1_relax_frequency_R05680,2025_07,2025-07-01 00:00:00+00:00,2025-08-01 00:00:00+00:00,4,0.12903225806451613,0.9868368677952291,0.8554554927472029,-0.013163132204770944,-0.03324047399716923,0.75,0.5082944124442386,-0.0032180851623960184,0.004435539608018269,0.02617895947363888,0.1694314708147462,-0.02617895947363888,0.004435539608018343,0.75,0.0,0.25,0,4,24.5
R1_relax_frequency_R05680,2025_08,2025-08-01 00:00:00+00:00,2025-09-01 00:00:00+00:00,2,0.06451612903225806,1.0088907532276508,1.109922533813103,0.00889075322765076,-0.03937568539168956,1.0,inf,0.004435539608018287,0.004435539608018287,0.0,inf,0.004435539608018232,0.004435539608018343,1.0,0.0,0.0,0,2,39.5
R1_relax_frequency_R05680,2025_09,2025-09-01 00:00:00+00:00,2025-10-01 00:00:00+00:00,4,0.13333333333333333,0.9476480380566487,0.5196106580794563,-0.052351961943351344,-0.05388665027388828,0.5,0.1441178754523801,-0.013170812611931135,0.004435539608018343,0.03077716483188061,0.1441178754523801,-0.040571235224795166,0.004435539608018343,0.5,0.25,0.25,0,4,30.0
R1_relax_frequency_R05680,2025_10,2025-10-01 00:00:00+00:00,2025-11-01 00:00:00+00:00,6,0.1935483870967742,0.9808962834405887,0.7967114763209183,-0.019103716559411343,-0.043768103691899984,0.8333333333333334,0.5466360074375468,-0.0030655895307839455,0.004435539608018343,0.04057123522479539,0.10932720148750937,-0.04057123522479539,0.004435539608018454,0.8333333333333334,0.16666666666666666,0.0,0,6,14.5
R1_relax_frequency_R05680,2025_11,2025-11-01 00:00:00+00:00,2025-12-01 00:00:00+00:00,5,0.16666666666666666,1.0223753127418624,1.3092001926412955,0.02237531274186244,-0.02383923371693597,1.0,inf,0.004435539608018343,0.004435539608018343,0.0,inf,0.004435539608018232,0.004435539608018454,1.0,0.0,0.0,0,5,11.8
R1_relax_frequency_R05680,2025_12,2025-12-01 00:00:00+00:00,2026-01-01 00:00:00+00:00,4,0.12903225806451613,0.9722522287993007,0.7178081821474899,-0.027747771200699267,-0.047765424172255044,0.75,0.32798160446252445,-0.00681615410018509,0.004435539608018269,0.040571235224795166,0.10932720148750814,-0.040571235224795166,0.004435539608018343,0.75,0.25,0.0,0,4,19.25
R1_relax_frequency_R05680,2026_01,2026-01-01 00:00:00+00:00,2026-02-01 00:00:00+00:00,5,0.16129032258064516,1.0223753127418622,1.2978714271974032,0.02237531274186222,-0.008017377553285243,1.0,inf,0.004435539608018276,0.004435539608018276,0.0,inf,0.004435539608018232,0.004435539608018343,1.0,0.0,0.0,0,5,12.4
R1_relax_frequency_R05680,2026_02,2026-02-01 00:00:00+00:00,2026-03-01 00:00:00+00:00,5,0.17857142857142858,1.0223753127418627,1.334638461916326,0.022375312741862663,-0.03514177242780403,1.0,inf,0.004435539608018365,0.004435539608018365,0.0,inf,0.004435539608018232,0.004435539608018454,1.0,0.0,0.0,0,5,11.6
R1_relax_frequency_R05680,2026_03,2026-03-01 00:00:00+00:00,2026-04-01 00:00:00+00:00,6,0.1935483870967742,1.0269100989357896,1.3673446817162822,0.02691009893578955,-0.010031190178462657,1.0,inf,0.004435539608018361,0.004435539608018361,0.0,inf,0.004435539608018232,0.004435539608018454,1.0,0.0,0.0,0,6,8.833333333333334
R1_relax_frequency_R05680,2026_04,2026-04-01 00:00:00+00:00,2026-05-01 00:00:00+00:00,1,0.03333333333333333,0.9896224749895123,0.8807279307328573,-0.01037752501048772,-0.01686247850650524,0.0,0.0,-0.010377525010487719,0.0,0.010377525010487719,0.0,-0.010377525010487719,-0.010377525010487719,0.0,0.0,1.0,0,1,73.0
R1_relax_frequency_R05680,2026_05,2026-05-01 00:00:00+00:00,2026-06-01 00:00:00+00:00,4,0.12903225806451613,1.0178605519482564,1.2319280310660974,0.01786055194825642,-0.01846108043221162,1.0,inf,0.004435539608018315,0.004435539608018315,0.0,inf,0.004435539608018232,0.004435539608018343,1.0,0.0,0.0,0,4,9.25
R1_relax_frequency_R05680,2026_06,2026-06-01 00:00:00+00:00,2026-06-26 04:20:00+00:00,5,0.1985659128516271,1.0223753127418624,1.3784800695038524,0.02237531274186244,-0.022358138777088366,1.0,inf,0.0044355396080182985,0.0044355396080182985,0.0,inf,0.004435539608018232,0.004435539608018454,1.0,0.0,0.0,0,5,10.8
R3_live_candidate_gate_R03689,2025_05,2025-05-30 10:30:00+00:00,2025-06-01 00:00:00+00:00,0,0.0,1.0,1.0,0.0,0.0,0.0,0.0,0.0,0.0,0.0,0.0,0.0,0.0,0.0,0.0,0.0,0,0,0.0
R3_live_candidate_gate_R03689,2025_06,2025-06-01 00:00:00+00:00,2025-07-01 00:00:00+00:00,5,0.16666666666666666,0.9987704367716523,0.9851324862032537,-0.0012295632283476632,-0.02140646727014006,0.4,0.9739507700843107,-0.0001651529304470746,0.015437195678261555,0.01056671866958616,1.460926155126466,-0.010566718669586235,0.01543719567826161,0.4,0.6,0.0,0,5,9.2
R3_live_candidate_gate_R03689,2025_07,2025-07-01 00:00:00+00:00,2025-08-01 00:00:00+00:00,1,0.03225806451612903,1.0154371956782615,1.1978106221338163,0.015437195678261517,-0.008089198432447153,1.0,inf,0.01543719567826161,0.01543719567826161,0.0,inf,0.01543719567826161,0.01543719567826161,1.0,0.0,0.0,0,1,9.0
R3_live_candidate_gate_R03689,2025_08,2025-08-01 00:00:00+00:00,2025-09-01 00:00:00+00:00,1,0.03225806451612903,1.0154371956782617,1.1978106221338192,0.01543719567826174,-0.0034628969049306235,1.0,inf,0.015437195678261722,0.015437195678261722,0.0,inf,0.015437195678261722,0.015437195678261722,1.0,0.0,0.0,0,1,4.0
R3_live_candidate_gate_R03689,2025_09,2025-09-01 00:00:00+00:00,2025-10-01 00:00:00+00:00,3,0.1,1.0202172205666507,1.2759481069987764,0.02021722056665065,-0.012487549338229043,0.6666666666666666,2.9218523102529113,0.006769224228978958,0.015437195678261555,0.010566718669586235,1.4609261551264556,-0.010566718669586235,0.01543719567826161,0.6666666666666666,0.3333333333333333,0.0,0,3,8.666666666666666
R3_live_candidate_gate_R03689,2025_10,2025-10-01 00:00:00+00:00,2025-11-01 00:00:00+00:00,5,0.16129032258064516,0.9930777655250577,0.9214164718607615,-0.006922234474942335,-0.02984974410232155,0.4,0.7913754405881539,-0.0013226862161228054,0.012543362464072227,0.01056671866958616,1.1870631608822309,-0.010566718669586235,0.015437195678261722,0.2,0.6,0.2,0,5,9.6
R3_live_candidate_gate_R03689,2025_11,2025-11-01 00:00:00+00:00,2025-12-01 00:00:00+00:00,7,0.23333333333333334,1.0298448801087376,1.430529566370773,0.029844880108737648,-0.029425819806599307,0.5714285714285714,1.9479015401686248,0.004292660957755407,0.015437195678261583,0.01056671866958616,1.4609261551264687,-0.010566718669586235,0.015437195678261722,0.5714285714285714,0.42857142857142855,0.0,0,7,12.857142857142858
R3_live_candidate_gate_R03689,2025_12,2025-12-01 00:00:00+00:00,2026-01-01 00:00:00+00:00,8,0.25806451612903225,0.9750036224287253,0.7421104647115906,-0.02499637757127471,-0.03960278501833747,0.25,0.5546219051008379,-0.003099133273738843,0.01543719567826161,0.009277909591072327,1.6638657153025138,-0.010566718669586235,0.01543719567826161,0.25,0.625,0.125,0,8,9.5
R3_live_candidate_gate_R03689,2026_01,2026-01-01 00:00:00+00:00,2026-02-01 00:00:00+00:00,4,0.12903225806451613,1.02198755973362,1.2920835777890465,0.0219875597336201,-0.016460725214529792,0.75,3.0860714160953977,0.005510732444636358,0.01086988281604389,0.010566718669586235,1.0286904720317993,-0.010566718669586235,0.01543719567826161,0.5,0.25,0.25,0,4,17.5
R3_live_candidate_gate_R03689,2026_02,2026-02-01 00:00:00+00:00,2026-03-01 00:00:00+00:00,5,0.17857142857142858,0.9612053317605793,0.5968196171425847,-0.03879466823942068,-0.040001669244152716,0.2,0.06929360091407391,-0.007867610146499707,0.00292882394584641,0.010566718669586235,0.27717440365629564,-0.010566718669586235,0.00292882394584641,0.0,0.8,0.2,0,5,14.2
R3_live_candidate_gate_R03689,2026_03,2026-03-01 00:00:00+00:00,2026-04-01 00:00:00+00:00,3,0.0967741935483871,1.0401333617677908,1.5898176673371684,0.04013336176779081,-0.006222216829736671,1.0,inf,0.01320762203382391,0.01320762203382391,0.0,inf,0.00874847474494839,0.015437195678261722,0.6666666666666666,0.0,0.3333333333333333,0,3,11.0
R3_live_candidate_gate_R03689,2026_04,2026-04-01 00:00:00+00:00,2026-05-01 00:00:00+00:00,0,0.0,1.0,1.0,0.0,0.0,0.0,0.0,0.0,0.0,0.0,0.0,0.0,0.0,0.0,0.0,0.0,0,0,0.0
R3_live_candidate_gate_R03689,2026_05,2026-05-01 00:00:00+00:00,2026-06-01 00:00:00+00:00,1,0.03225806451612903,0.9894332813304137,0.882353725365306,-0.01056671866958625,-0.013169727449600765,0.0,0.0,-0.010566718669586235,0.0,0.010566718669586235,0.0,-0.010566718669586235,-0.010566718669586235,0.0,1.0,0.0,0,1,8.0
R3_live_candidate_gate_R03689,2026_06,2026-06-01 00:00:00+00:00,2026-06-26 04:20:00+00:00,4,0.1588527302813017,1.0359665134348703,1.6695264904410212,0.03596651343487034,-0.01589381465654649,0.75,4.382778465379382,0.008936217091299648,0.015437195678261609,0.010566718669586235,1.4609261551264607,-0.010566718669586235,0.015437195678261722,0.75,0.25,0.0,0,4,12.5
R2_relax_winrate_payoff_R00356,2025_05,2025-05-30 10:30:00+00:00,2025-06-01 00:00:00+00:00,0,0.0,1.0,1.0,0.0,0.0,0.0,0.0,0.0,0.0,0.0,0.0,0.0,0.0,0.0,0.0,0.0,0,0,0.0
R2_relax_winrate_payoff_R00356,2025_06,2025-06-01 00:00:00+00:00,2025-07-01 00:00:00+00:00,2,0.06666666666666667,1.0044073565396523,1.0550009461460328,0.004407356539652296,-0.01773216058377003,0.5,1.7383785689812887,0.002235548438161986,0.010526387568864743,0.006055290692540772,1.7383785689812887,-0.006055290692540772,0.010526387568864743,0.0,0.0,1.0,1,1,49.0
R2_relax_winrate_payoff_R00356,2025_07,2025-07-01 00:00:00+00:00,2025-08-01 00:00:00+00:00,5,0.16129032258064516,0.9814195945167253,0.8017339298680366,-0.018580405483274665,-0.053845292068938844,0.4,0.6271952272241081,-0.003577526831295093,0.015046801420668192,0.01599374566593728,0.9407928408361622,-0.02256852529166994,0.0294300447842004,0.2,0.2,0.6,2,3,38.0
R2_relax_winrate_payoff_R00356,2025_08,2025-08-01 00:00:00+00:00,2025-09-01 00:00:00+00:00,5,0.16129032258064516,1.0087225211062008,1.1077438430156998,0.008722521106200753,-0.037470352252208294,0.4,1.206064578369145,0.0020116480710637937,0.029434674094113242,0.01627036927763584,1.8090968675537176,-0.02256852529166972,0.02943930340402586,0.4,0.4,0.2,3,2,31.6
R2_relax_winrate_payoff_R00356,2025_09,2025-09-01 00:00:00+00:00,2025-10-01 00:00:00+00:00,3,0.1,1.0014440371454045,1.0177237038505857,0.0014440371454045309,-0.027171722834627987,0.3333333333333333,1.0783039082143977,0.0007126044565864952,0.02943930340402586,0.013650745017133186,2.1566078164287954,-0.02256852529166972,0.02943930340402586,0.3333333333333333,0.3333333333333333,0.3333333333333333,1,2,30.0
R2_relax_winrate_payoff_R00356,2025_10,2025-10-01 00:00:00+00:00,2025-11-01 00:00:00+00:00,5,0.16129032258064516,0.9784923253149347,0.7740074286454152,-0.021507674685065314,-0.04686387352352017,0.4,0.5867836779476897,-0.004157356871065122,0.014759031923210625,0.01676828273391562,0.8801755169215345,-0.02256852529166972,0.02943930340402575,0.2,0.4,0.4,1,4,31.8
R2_relax_winrate_payoff_R00356,2025_11,2025-11-01 00:00:00+00:00,2025-12-01 00:00:00+00:00,5,0.16666666666666666,1.0211065807207096,1.2895563944293997,0.02110658072070959,-0.024800425708162877,0.6,1.4939001219192571,0.004458005761821381,0.022473556411979928,0.022565320213416437,0.995933414612838,-0.02256852529166994,0.02943930340402575,0.4,0.4,0.2,2,3,35.2
R2_relax_winrate_payoff_R00356,2025_12,2025-12-01 00:00:00+00:00,2026-01-01 00:00:00+00:00,1,0.03225806451612903,1.0294393034040257,1.4075545450320832,0.029439303404025674,-0.009473231172234087,1.0,inf,0.02943930340402575,0.02943930340402575,0.0,inf,0.02943930340402575,0.02943930340402575,1.0,0.0,0.0,0,1,33.0
R2_relax_winrate_payoff_R00356,2026_01,2026-01-01 00:00:00+00:00,2026-02-01 00:00:00+00:00,3,0.0967741935483871,0.9486120936084631,0.5370968989145088,-0.0513879063915369,-0.05215059663121302,0.0,0.0,-0.017404410850824618,0.0,0.017404410850824618,0.0,-0.022562115135163045,-0.00708900228214777,0.0,0.6666666666666666,0.3333333333333333,3,0,25.333333333333332
R2_relax_winrate_payoff_R00356,2026_02,2026-02-01 00:00:00+00:00,2026-03-01 00:00:00+00:00,5,0.17857142857142858,1.0806269393577659,2.749721148295611,0.08062693935776588,-0.014331196112169042,0.8,7.945651613994786,0.015776600132199354,0.022560044627631077,0.011357177849527536,1.9864129034986966,-0.011357177849527536,0.02943930340402575,0.6,0.0,0.4,1,4,29.8
R2_relax_winrate_payoff_R00356,2026_03,2026-03-01 00:00:00+00:00,2026-04-01 00:00:00+00:00,7,0.22580645161290322,1.111446707054908,3.4727365635869054,0.11144670705490789,-0.01416816240111296,1.0,inf,0.01525611867926937,0.01525611867926937,0.0,inf,0.0008665367888708787,0.02943930340402575,0.2857142857142857,0.0,0.7142857142857143,5,2,45.285714285714285
R2_relax_winrate_payoff_R00356,2026_04,2026-04-01 00:00:00+00:00,2026-05-01 00:00:00+00:00,2,0.06666666666666667,0.9881987930664667,0.8654252962334492,-0.01180120693353326,-0.014124372271047125,0.0,0.0,-0.0059173712406395546,0.0,0.0059173712406395546,0.0,-0.007133814685125984,-0.004700927796153125,0.0,0.0,1.0,1,1,49.0
R2_relax_winrate_payoff_R00356,2026_05,2026-05-01 00:00:00+00:00,2026-06-01 00:00:00+00:00,3,0.0967741935483871,1.0519908194773158,1.816981365818147,0.051990819477315764,-0.010140092485354635,1.0,inf,0.017091301735997367,0.017091301735997367,0.0,inf,0.004040285864092844,0.029430044784200624,0.3333333333333333,0.0,0.6666666666666666,1,2,48.666666666666664
R2_relax_winrate_payoff_R00356,2026_06,2026-06-01 00:00:00+00:00,2026-06-26 04:20:00+00:00,4,0.1588527302813017,1.043630495433552,1.857912331375445,0.04363049543355202,-0.029820184310850095,0.75,2.942622314730736,0.010960530210540755,0.02213688204461099,0.02256852529166994,0.9808741049102454,-0.02256852529166994,0.02943930340402586,0.5,0.25,0.25,2,2,31.0
R3_live_candidate_gate_R00865,2025_05,2025-05-30 10:30:00+00:00,2025-06-01 00:00:00+00:00,0,0.0,1.0,1.0,0.0,0.0,0.0,0.0,0.0,0.0,0.0,0.0,0.0,0.0,0.0,0.0,0.0,0,0,0.0
R3_live_candidate_gate_R00865,2025_06,2025-06-01 00:00:00+00:00,2025-07-01 00:00:00+00:00,4,0.13333333333333333,1.0631722883302452,2.1081398432340053,0.06317228833024524,-0.022670661481898446,1.0,inf,0.01543215557514115,0.01543215557514115,0.0,inf,0.01543215557514115,0.01543215557514115,1.0,0.0,0.0,4,0,34.25
R3_live_candidate_gate_R00865,2025_07,2025-07-01 00:00:00+00:00,2025-08-01 00:00:00+00:00,5,0.16129032258064516,1.0357188124582195,1.512110688634128,0.03571881245821951,-0.02646192713978268,0.8,2.6475746298237652,0.007149976498640763,0.014362093254360137,0.02169849052423673,0.6618936574559413,-0.02169849052423673,0.01543215557514115,0.6,0.0,0.4,5,0,47.4
R3_live_candidate_gate_R00865,2025_08,2025-08-01 00:00:00+00:00,2025-09-01 00:00:00+00:00,8,0.25806451612903225,1.0055306378851316,1.067141807932457,0.0055306378851316396,-0.05661298100566714,0.625,1.1329177181705044,0.0007823824287198841,0.010669757839146815,0.015696576588658334,0.6797506309023026,-0.01799055468913464,0.01543215557514115,0.375,0.0,0.625,8,0,71.0
R3_live_candidate_gate_R00865,2025_09,2025-09-01 00:00:00+00:00,2025-10-01 00:00:00+00:00,6,0.2,0.9420530653732584,0.4834678441439523,-0.05794693462674161,-0.08770474170302778,0.16666666666666666,0.20806598762997322,-0.00978956165409281,0.01543215557514115,0.014833905099939601,1.040329938149866,-0.030560908968911286,0.01543215557514115,0.16666666666666666,0.16666666666666666,0.6666666666666666,6,0,74.33333333333333
R3_live_candidate_gate_R00865,2025_10,2025-10-01 00:00:00+00:00,2025-11-01 00:00:00+00:00,9,0.2903225806451613,0.9987736039296906,0.9856454405834768,-0.001226396070309388,-0.06013352727297283,0.6666666666666666,1.0099277865615777,0.00010113406045705374,0.015432155575141186,0.030560908968911213,0.504963893280789,-0.030560908968911286,0.015432155575141372,0.6666666666666666,0.3333333333333333,0.0,9,0,27.88888888888889
R3_live_candidate_gate_R00865,2025_11,2025-11-01 00:00:00+00:00,2025-12-01 00:00:00+00:00,1,0.03333333333333333,0.9694390910310887,0.6853105660308034,-0.030560908968911282,-0.0522494295010808,0.0,0.0,-0.030560908968911286,0.0,0.030560908968911286,0.0,-0.030560908968911286,-0.030560908968911286,0.0,1.0,0.0,1,0,16.0
R3_live_candidate_gate_R00865,2025_12,2025-12-01 00:00:00+00:00,2026-01-01 00:00:00+00:00,5,0.16129032258064516,0.9914909196496944,0.9042176722032214,-0.00850908035030562,-0.04199941793613593,0.6,0.8615089988169344,-0.0014884682659953997,0.015432155575141151,0.026869404027700224,0.574339332544623,-0.030560908968911286,0.01543215557514115,0.6,0.2,0.2,5,0,46.6
R3_live_candidate_gate_R00865,2026_01,2026-01-01 00:00:00+00:00,2026-02-01 00:00:00+00:00,2,0.06451612903225806,1.0311024625759775,1.4345824845938395,0.031102462575977485,-0.010230927848986715,1.0,inf,0.01543215557514115,0.01543215557514115,0.0,inf,0.01543215557514115,0.01543215557514115,1.0,0.0,0.0,2,0,31.0
R3_live_candidate_gate_R00865,2026_02,2026-02-01 00:00:00+00:00,2026-03-01 00:00:00+00:00,3,0.10714285714285714,0.9543154785482061,0.5433616394502014,-0.045684521451793914,-0.06253819240032443,0.3333333333333333,0.2524819466403937,-0.015229887454227103,0.01543215557514115,0.03056090896891123,0.5049638932807874,-0.030560908968911286,0.01543215557514115,0.3333333333333333,0.6666666666666666,0.0,3,0,34.666666666666664
R3_live_candidate_gate_R00865,2026_03,2026-03-01 00:00:00+00:00,2026-04-01 00:00:00+00:00,6,0.1935483870967742,1.0647469269333927,2.09422847632809,0.06474692693339268,-0.01756987645475727,0.8333333333333334,36.89723975362198,0.010535902897453717,0.012995285583951,0.0017610105350326824,7.379447950724396,-0.0017610105350326824,0.01543215557514115,0.6666666666666666,0.0,0.3333333333333333,6,0,46.833333333333336
R3_live_candidate_gate_R00865,2026_04,2026-04-01 00:00:00+00:00,2026-05-01 00:00:00+00:00,3,0.1,0.9925357332975409,0.9128184107422475,-0.007464266702459144,-0.030094365162049885,0.3333333333333333,0.6811285495696529,-0.002408196335635961,0.01543215557514115,0.011328372291024517,1.3622570991393057,-0.01580481165545458,0.01543215557514115,0.3333333333333333,0.0,0.6666666666666666,3,0,78.33333333333333
R3_live_candidate_gate_R00865,2026_05,2026-05-01 00:00:00+00:00,2026-06-01 00:00:00+00:00,2,0.06451612903225806,1.0117383543347667,1.147400425855122,0.011738354334766665,-0.006525480404617534,0.5,4.242325447713726,0.0058972456676235005,0.01543215557514115,0.0036376642398941476,4.242325447713726,-0.0036376642398941476,0.01543215557514115,0.5,0.0,0.5,2,0,61.5
R3_live_candidate_gate_R00865,2026_06,2026-06-01 00:00:00+00:00,2026-06-26 04:20:00+00:00,4,0.1588527302813017,1.0631722883302452,2.4316009238009584,0.06317228833024524,-0.018576990752783074,1.0,inf,0.01543215557514115,0.01543215557514115,0.0,inf,0.01543215557514115,0.01543215557514115,1.0,0.0,0.0,4,0,33.5
R3_live_candidate_gate_R03904,2025_05,2025-05-30 10:30:00+00:00,2025-06-01 00:00:00+00:00,0,0.0,1.0,1.0,0.0,0.0,0.0,0.0,0.0,0.0,0.0,0.0,0.0,0.0,0.0,0.0,0.0,0,0,0.0
R3_live_candidate_gate_R03904,2025_06,2025-06-01 00:00:00+00:00,2025-07-01 00:00:00+00:00,6,0.2,1.0084044353265171,1.1072687599376319,0.008404435326517135,-0.036409421488807436,0.6666666666666666,1.2446406351893158,0.0014981123927385338,0.011432758658267086,0.018371180138318573,0.6223203175946579,-0.022562115135163045,0.011432758658267142,0.6666666666666666,0.16666666666666666,0.16666666666666666,6,0,53.5
R3_live_candidate_gate_R03904,2025_07,2025-07-01 00:00:00+00:00,2025-08-01 00:00:00+00:00,0,0.0,1.0,1.0,0.0,0.0,0.0,0.0,0.0,0.0,0.0,0.0,0.0,0.0,0.0,0.0,0.0,0,0,0.0
R3_live_candidate_gate_R03904,2025_08,2025-08-01 00:00:00+00:00,2025-09-01 00:00:00+00:00,2,0.06451612903225806,1.0229962252870723,1.3071889983925549,0.022996225287072347,-0.01736413957866889,1.0,inf,0.01143275865826703,0.01143275865826703,0.0,inf,0.01143275865826692,0.011432758658267142,1.0,0.0,0.0,2,0,48.5
R3_live_candidate_gate_R03904,2025_09,2025-09-01 00:00:00+00:00,2025-10-01 00:00:00+00:00,3,0.1,1.034691894239098,1.514692570845166,0.03469189423909791,-0.005805733570687255,1.0,inf,0.011432758658267142,0.011432758658267142,0.0,inf,0.011432758658267142,0.011432758658267142,1.0,0.0,0.0,3,0,21.333333333333332
R3_live_candidate_gate_R03904,2025_10,2025-10-01 00:00:00+00:00,2025-11-01 00:00:00+00:00,2,0.06451612903225806,0.9886126963059436,0.873770165249598,-0.011387303694056383,-0.023984782458404186,0.5,0.506723708738148,-0.0055646782384480625,0.01143275865826692,0.022562115135163045,0.506723708738148,-0.022562115135163045,0.01143275865826692,0.5,0.5,0.0,2,0,38.5
R3_live_candidate_gate_R03904,2025_11,2025-11-01 00:00:00+00:00,2025-12-01 00:00:00+00:00,3,0.1,0.9663075028278051,0.6588391614369263,-0.03369249717219491,-0.03390004286473358,0.3333333333333333,0.25336185436907466,-0.011230490537353019,0.01143275865826692,0.02256211513516299,0.5067237087381493,-0.022562115135163045,0.01143275865826692,0.3333333333333333,0.6666666666666666,0.0,3,0,23.666666666666668
R3_live_candidate_gate_R03904,2025_12,2025-12-01 00:00:00+00:00,2026-01-01 00:00:00+00:00,1,0.03225806451612903,1.011432758658267,1.1433236630073533,0.011432758658266984,-0.01919577447125609,1.0,inf,0.01143275865826692,0.01143275865826692,0.0,inf,0.01143275865826692,0.01143275865826692,1.0,0.0,0.0,1,0,87.0
R3_live_candidate_gate_R03904,2026_01,2026-01-01 00:00:00+00:00,2026-02-01 00:00:00+00:00,2,0.06451612903225806,0.9886126963059438,0.8737701652496004,-0.011387303694056161,-0.025752815273952567,0.5,0.5067237087381579,-0.0055646782384479515,0.011432758658267142,0.022562115135163045,0.5067237087381579,-0.022562115135163045,0.011432758658267142,0.5,0.5,0.0,2,0,49.5
R3_live_candidate_gate_R03904,2026_02,2026-02-01 00:00:00+00:00,2026-03-01 00:00:00+00:00,2,0.07142857142857142,0.9696716541749864,0.6691507863677472,-0.030328345825013647,-0.04169136459796052,0.0,0.0,-0.015253806532046159,0.0,0.015253806532046159,0.0,-0.022562115135162934,-0.007945497928929382,0.0,0.5,0.5,2,0,55.5
R3_live_candidate_gate_R03904,2026_03,2026-03-01 00:00:00+00:00,2026-04-01 00:00:00+00:00,7,0.22580645161290322,1.0464326017181629,1.707037932985099,0.04643260171816288,-0.02695060266887439,0.8571428571428571,3.040342252428942,0.006576348116348496,0.011432758658267067,0.022562115135162934,0.5067237087381571,-0.022562115135162934,0.011432758658267142,0.8571428571428571,0.14285714285714285,0.0,7,0,24.285714285714285
R3_live_candidate_gate_R03904,2026_04,2026-04-01 00:00:00+00:00,2026-05-01 00:00:00+00:00,2,0.06666666666666667,1.0053562430278815,1.0671998265474103,0.005356243027881513,-0.010675785323952747,0.5,1.9029765300005757,0.0027124645466786125,0.011432758658267142,0.006007829564909917,1.9029765300005757,-0.006007829564909917,0.011432758658267142,0.5,0.0,0.5,2,0,71.0
R3_live_candidate_gate_R03904,2026_05,2026-05-01 00:00:00+00:00,2026-06-01 00:00:00+00:00,7,0.22580645161290322,1.0464326017181624,1.7070379329850907,0.046432601718162436,-0.033431841179368815,0.8571428571428571,3.0403422524289074,0.006576348116348417,0.011432758658266992,0.022562115135163045,0.5067237087381512,-0.022562115135163045,0.011432758658267142,0.8571428571428571,0.14285714285714285,0.0,7,0,22.142857142857142
R3_live_candidate_gate_R03904,2026_06,2026-06-01 00:00:00+00:00,2026-06-26 04:20:00+00:00,4,0.1588527302813017,1.0465212769515986,1.9339728999828356,0.04652127695159858,-0.00962829614635674,1.0,inf,0.011432758658267086,0.011432758658267086,0.0,inf,0.01143275865826692,0.011432758658267142,1.0,0.0,0.0,4,0,11.25
R2_relax_winrate_payoff_R05981,2025_05,2025-05-30 10:30:00+00:00,2025-06-01 00:00:00+00:00,0,0.0,1.0,1.0,0.0,0.0,0.0,0.0,0.0,0.0,0.0,0.0,0.0,0.0,0.0,0.0,0.0,0,0,0.0
R2_relax_winrate_payoff_R05981,2025_06,2025-06-01 00:00:00+00:00,2025-07-01 00:00:00+00:00,4,0.13333333333333333,1.0032639410913964,1.0404712874591437,0.003263941091396383,-0.023335966634388194,0.5,1.3100681554087656,0.000840137250594444,0.007099323416333904,0.005419048915145016,1.3100681554087656,-0.009300787818614292,0.009774227433153855,0.0,0.0,1.0,4,0,37.0
R2_relax_winrate_payoff_R05981,2025_07,2025-07-01 00:00:00+00:00,2025-08-01 00:00:00+00:00,2,0.06451612903225806,1.0496198932685379,1.7693146710120033,0.049619893268537885,-0.013449722594319202,1.0,inf,0.024525467761260404,0.024525467761260404,0.0,inf,0.01882101135494552,0.030229924167575292,0.5,0.0,0.5,2,0,30.5
R2_relax_winrate_payoff_R05981,2025_08,2025-08-01 00:00:00+00:00,2025-09-01 00:00:00+00:00,5,0.16129032258064516,0.9531246753526411,0.5679845717011303,-0.046875324647358885,-0.049936112507577235,0.2,0.3927345444527243,-0.009348598909914334,0.030229924167575292,0.019243229679286742,1.5709381778108973,-0.022562115135163045,0.030229924167575292,0.2,0.6,0.2,5,0,23.0
R2_relax_winrate_payoff_R05981,2025_09,2025-09-01 00:00:00+00:00,2025-10-01 00:00:00+00:00,5,0.16666666666666666,0.9883794832055288,0.8673538530562291,-0.01162051679447118,-0.03617920365243388,0.6,0.6252913535372444,-0.002265804089253894,0.006301730331882503,0.01511710572095849,0.4168609023581629,-0.022562115135162934,0.009680411301074053,0.0,0.2,0.8,5,0,35.6
R2_relax_winrate_payoff_R05981,2025_10,2025-10-01 00:00:00+00:00,2025-11-01 00:00:00+00:00,2,0.06451612903225806,0.9973841874506316,0.9696107672966884,-0.0026158125493683793,-0.027303199996094207,0.5,0.904468453463794,-0.0010776968759950278,0.020406721383172878,0.022562115135162934,0.904468453463794,-0.022562115135162934,0.020406721383172878,0.0,0.5,0.5,2,0,20.5
R2_relax_winrate_payoff_R05981,2025_11,2025-11-01 00:00:00+00:00,2025-12-01 00:00:00+00:00,4,0.13333333333333333,0.9810823474634762,0.792526868008861,-0.018917652536523777,-0.030120591389386386,0.25,0.6251172714028281,-0.0045322201831803615,0.03022992416757507,0.016119601633432172,1.8753518142084842,-0.022562115135163045,0.03022992416757507,0.25,0.5,0.25,4,0,22.5
R2_relax_winrate_payoff_R05981,2025_12,2025-12-01 00:00:00+00:00,2026-01-01 00:00:00+00:00,3,0.0967741935483871,1.0064091403294546,1.0781786517897045,0.00640914032945461,-0.019362612018554715,1.0,inf,0.0021324805568479137,0.0021324805568479137,0.0,inf,0.0005283735950258942,0.0030702987283521403,0.0,0.0,1.0,3,0,37.0
R2_relax_winrate_payoff_R05981,2026_01,2026-01-01 00:00:00+00:00,2026-02-01 00:00:00+00:00,5,0.16129032258064516,0.9993275406737514,0.992105571484551,-0.0006724593262485978,-0.023347981496870784,0.4,1.0026327456971058,1.809528834164978e-05,0.01722814384818179,0.011455270418218444,1.5039491185456588,-0.022562115135163045,0.030229924167575292,0.2,0.2,0.6,5,0,28.8
R2_relax_winrate_payoff_R05981,2026_02,2026-02-01 00:00:00+00:00,2026-03-01 00:00:00+00:00,6,0.21428571428571427,0.9873775421247958,0.8472974532396103,-0.012622457875204218,-0.06578826489681455,0.5,0.8119836664802964,-0.0019185230814332077,0.01657100079260889,0.020408046955475306,0.8119836664802965,-0.022562115135163045,0.030229924167575292,0.16666666666666666,0.3333333333333333,0.5,6,0,23.833333333333332
R2_relax_winrate_payoff_R05981,2026_03,2026-03-01 00:00:00+00:00,2026-04-01 00:00:00+00:00,9,0.2903225806451613,1.0772890597097247,2.4040688801364736,0.07728905970972466,-0.03641061382492827,0.7777777777777778,2.691418286637675,0.0084804386944087,0.01734973978857201,0.022562115135162878,0.76897665332505,-0.022562115135162934,0.030229924167575292,0.2222222222222222,0.2222222222222222,0.5555555555555556,9,0,32.333333333333336
R2_relax_winrate_payoff_R05981,2026_04,2026-04-01 00:00:00+00:00,2026-05-01 00:00:00+00:00,3,0.1,0.9949703050804151,0.9404553985122356,-0.005029694919584937,-0.016148505030783467,0.3333333333333333,0.6698882268484704,-0.0016454508459446402,0.010017226641446095,0.007476789589640008,1.3397764536969408,-0.007582840302935979,0.010017226641446095,0.0,0.0,1.0,3,0,37.0
R2_relax_winrate_payoff_R05981,2026_05,2026-05-01 00:00:00+00:00,2026-06-01 00:00:00+00:00,7,0.22580645161290322,1.099659677997682,3.062781018352585,0.09965967799768194,-0.03492529027728841,0.8571428571428571,5.290808056916608,0.013829957914719677,0.019895303423033462,0.022562115135163045,0.8818013428194346,-0.022562115135163045,0.030229924167575292,0.42857142857142855,0.14285714285714285,0.42857142857142855,7,0,26.0
R2_relax_winrate_payoff_R05981,2026_06,2026-06-01 00:00:00+00:00,2026-06-26 04:20:00+00:00,4,0.1588527302813017,1.0393434681451341,1.750228036763044,0.03934346814513412,-0.01683516878296898,1.0,inf,0.009762539056652753,0.009762539056652753,0.0,inf,0.002722636409517978,0.030229924167575514,0.25,0.0,0.75,4,0,32.75
R2_relax_winrate_payoff_R02890,2025_05,2025-05-30 10:30:00+00:00,2025-06-01 00:00:00+00:00,0,0.0,1.0,1.0,0.0,0.0,0.0,0.0,0.0,0.0,0.0,0.0,0.0,0.0,0.0,0.0,0.0,0,0,0.0
R2_relax_winrate_payoff_R02890,2025_06,2025-06-01 00:00:00+00:00,2025-07-01 00:00:00+00:00,6,0.2,0.9318128812014201,0.42323058167583283,-0.06818711879857986,-0.10284550667008541,0.16666666666666666,0.23015674985354523,-0.011572051077714238,0.02075788024130296,0.018038037341517675,1.1507837492677262,-0.022562115135162934,0.02075788024130296,0.0,0.5,0.5,5,1,97.33333333333333
R2_relax_winrate_payoff_R02890,2025_07,2025-07-01 00:00:00+00:00,2025-08-01 00:00:00+00:00,6,0.1935483870967742,1.0886233888972878,2.7195817409266447,0.08862338889728782,-0.028670375144230986,0.6666666666666666,2.941341951811447,0.014602334262121312,0.033186161499890135,0.022565320213416326,1.4706709759057235,-0.02256852529166972,0.03847193014452856,0.0,0.3333333333333333,0.6666666666666666,3,3,102.83333333333333
R2_relax_winrate_payoff_R02890,2025_08,2025-08-01 00:00:00+00:00,2025-09-01 00:00:00+00:00,3,0.0967741935483871,0.971780086231566,0.7137118566052171,-0.028219913768434024,-0.032819028126721994,0.3333333333333333,0.11854167466854756,-0.009438036895755357,0.003807783080790622,0.016060946884028347,0.23708334933709513,-0.022562115135163045,0.003807783080790622,0.0,0.3333333333333333,0.6666666666666666,2,1,133.0
R2_relax_winrate_payoff_R02890,2025_09,2025-09-01 00:00:00+00:00,2025-10-01 00:00:00+00:00,7,0.23333333333333334,1.083303710802508,2.6490128196291467,0.08330371080250809,-0.04488781312231105,0.7142857142857143,2.849420192018246,0.01192364538344278,0.025719231622186443,0.02256532021341638,1.1397680768072984,-0.02256852529166972,0.05442627551466385,0.2857142857142857,0.2857142857142857,0.42857142857142855,5,2,102.28571428571429
R2_relax_winrate_payoff_R02890,2025_10,2025-10-01 00:00:00+00:00,2025-11-01 00:00:00+00:00,6,0.1935483870967742,0.9949679047700901,0.9422928967444358,-0.005032095229909883,-0.0740829939247214,0.3333333333333333,0.9629977233047776,-0.0004501017967330802,0.03514218941819686,0.01824624740419805,1.9259954466095552,-0.02256852529166994,0.05444306720003327,0.16666666666666666,0.5,0.3333333333333333,1,5,69.66666666666667
R2_relax_winrate_payoff_R02890,2025_11,2025-11-01 00:00:00+00:00,2025-12-01 00:00:00+00:00,3,0.1,1.0328221756176534,1.4817028647720085,0.03282217561765344,-0.024029278956887112,0.6666666666666666,2.5063304541502958,0.01132866704604719,0.028274058136652364,0.022562115135163156,1.2531652270751479,-0.022562115135163156,0.05444306720003327,0.3333333333333333,0.3333333333333333,0.3333333333333333,1,2,106.66666666666667
R2_relax_winrate_payoff_R02890,2025_12,2025-12-01 00:00:00+00:00,2026-01-01 00:00:00+00:00,5,0.16129032258064516,1.0902722311592525,2.7685124315187135,0.09027223115925254,-0.028414953922365926,0.6,9.434854104557132,0.01767519601734025,0.03295115197526196,0.005238737919542319,6.289902736371421,-0.007345006552583735,0.05442627551466363,0.2,0.0,0.8,3,2,134.6
R2_relax_winrate_payoff_R02890,2026_01,2026-01-01 00:00:00+00:00,2026-02-01 00:00:00+00:00,3,0.0967741935483871,1.0073696431026844,1.090365153492427,0.007369643102684398,-0.031116625513448293,0.3333333333333333,1.2058004413507901,0.0030964083104413954,0.05442627551466363,0.02256852529166972,2.4116008827015802,-0.02256852529166972,0.05442627551466363,0.3333333333333333,0.6666666666666666,0.0,1,2,34.0
R2_relax_winrate_payoff_R02890,2026_02,2026-02-01 00:00:00+00:00,2026-03-01 00:00:00+00:00,8,0.2857142857142857,0.9305053177146544,0.3907947249188808,-0.06949468228534561,-0.09908970507139936,0.125,0.4401144223824912,-0.00865737595053989,0.05444306720003327,0.01767172497205034,3.080800956677439,-0.02256852529166972,0.05444306720003327,0.125,0.625,0.25,3,5,65.625
R2_relax_winrate_payoff_R02890,2026_03,2026-03-01 00:00:00+00:00,2026-04-01 00:00:00+00:00,6,0.1935483870967742,0.981411333683067,0.8016544223421191,-0.01858866631693301,-0.05465563759313019,0.3333333333333333,0.7616307097534564,-0.0028233094355782275,0.02706287165241399,0.017766399979574337,1.5232614195069127,-0.02256852529166972,0.0455219826121196,0.0,0.5,0.5,3,3,89.33333333333333
R2_relax_winrate_payoff_R02890,2026_04,2026-04-01 00:00:00+00:00,2026-05-01 00:00:00+00:00,4,0.13333333333333333,1.1010588536790034,3.2288156144922313,0.10105885367900336,-0.035343761673550134,0.75,5.3908070017342595,0.024766473277352104,0.04054266941485715,0.022562115135163045,1.7969356672447532,-0.022562115135163045,0.05442627551466385,0.25,0.25,0.5,3,1,96.5
R2_relax_winrate_payoff_R02890,2026_05,2026-05-01 00:00:00+00:00,2026-06-01 00:00:00+00:00,6,0.1935483870967742,1.1059792141674223,3.2767101761794772,0.10597921416742229,-0.028297079611550258,0.8333333333333334,5.567859015669817,0.017181640287320967,0.025131673403119104,0.02256852529166972,1.1135718031339634,-0.02256852529166972,0.05442627551466385,0.16666666666666666,0.16666666666666666,0.6666666666666666,3,3,128.0
R2_relax_winrate_payoff_R02890,2026_06,2026-06-01 00:00:00+00:00,2026-06-26 04:20:00+00:00,4,0.1588527302813017,1.1458947853911827,7.209558819282868,0.14589478539118272,-0.02636800932127814,0.75,7.237602381297328,0.03518337577354937,0.054431872743120176,0.022562115135163045,2.412534127099109,-0.022562115135163045,0.05444306720003305,0.75,0.25,0.0,3,1,93.5
R1_relax_frequency_R00952,2025_05,2025-05-30 10:30:00+00:00,2025-06-01 00:00:00+00:00,0,0.0,1.0,1.0,0.0,0.0,0.0,0.0,0.0,0.0,0.0,0.0,0.0,0.0,0.0,0.0,0.0,0,0,0.0
R1_relax_frequency_R00952,2025_06,2025-06-01 00:00:00+00:00,2025-07-01 00:00:00+00:00,5,0.16666666666666666,0.9753896323846024,0.7383185746235854,-0.024610367615397588,-0.03300870700097491,0.6,0.4609904212602099,-0.004865860524096502,0.006935915987619051,0.02256852529166983,0.3073269475068066,-0.02256852529166994,0.006935915987619051,0.6,0.4,0.0,0,5,7.0
R1_relax_frequency_R00952,2025_07,2025-07-01 00:00:00+00:00,2025-08-01 00:00:00+00:00,5,0.16129032258064516,1.0111943806843104,1.1401528174418767,0.011194380684310445,-0.014042120071293906,0.6,2.1732552948512445,0.0022466574018422418,0.00693591598761894,0.004787230476822805,1.448836863234163,-0.007281273017809237,0.00693591598761894,0.6,0.0,0.4,0,5,13.6
R1_relax_frequency_R00952,2025_08,2025-08-01 00:00:00+00:00,2025-09-01 00:00:00+00:00,5,0.16129032258064516,0.979126786878098,0.7799413290003442,-0.020873213121902046,-0.026993230465189644,0.0,0.0,-0.004204331699996372,0.0,0.004204331699996372,0.0,-0.00844250053064029,-0.0008268956500767588,0.0,0.0,1.0,0,5,19.0
R1_relax_frequency_R00952,2025_09,2025-09-01 00:00:00+00:00,2025-10-01 00:00:00+00:00,6,0.2,0.9899480829453563,0.8842624859184383,-0.0100519170546437,-0.030446015208512867,0.5,0.6807927803999373,-0.0016260413752381883,0.006935915987619014,0.01018799873809539,0.6807927803999374,-0.02256852529166972,0.006935915987619051,0.5,0.16666666666666666,0.3333333333333333,0,6,13.666666666666666
R1_relax_frequency_R00952,2025_10,2025-10-01 00:00:00+00:00,2025-11-01 00:00:00+00:00,7,0.22580645161290322,1.0144875414781742,1.1846783275442534,0.014487541478174215,-0.02047854366484192,0.7142857142857143,1.7356083613814446,0.0020997650934300826,0.006935915987619029,0.009990612142042284,0.6942433445525779,-0.019617413393648822,0.006935915987619162,0.7142857142857143,0.0,0.2857142857142857,0,7,11.571428571428571
R1_relax_frequency_R00952,2025_11,2025-11-01 00:00:00+00:00,2025-12-01 00:00:00+00:00,7,0.23333333333333334,1.049573417090232,1.802316736769775,0.049573417090232,-0.017891894955182286,1.0,inf,0.006935915987618987,0.006935915987618987,0.0,inf,0.00693591598761894,0.006935915987619051,1.0,0.0,0.0,0,7,6.285714285714286
R1_relax_frequency_R00952,2025_12,2025-12-01 00:00:00+00:00,2026-01-01 00:00:00+00:00,6,0.1935483870967742,0.9650636176871212,0.6577095354641326,-0.034936382312878766,-0.03794461544277561,0.5,0.37340994430856683,-0.005819309382615138,0.006935915987618977,0.01857453475284925,0.37340994430856683,-0.02256852529166972,0.006935915987619051,0.5,0.3333333333333333,0.16666666666666666,0,6,10.166666666666666
R1_relax_frequency_R00952,2026_01,2026-01-01 00:00:00+00:00,2026-02-01 00:00:00+00:00,7,0.22580645161290322,1.0431076076654062,1.6442139841587409,0.04310760766540622,-0.012709153501694548,1.0,inf,0.006049752464994969,0.006049752464994969,0.0,inf,0.0007327713292500333,0.006935915987619162,0.8571428571428571,0.0,0.14285714285714285,0,7,12.142857142857142
R1_relax_frequency_R00952,2026_02,2026-02-01 00:00:00+00:00,2026-03-01 00:00:00+00:00,8,0.2857142857142857,1.0492919483933871,1.8732049518700846,0.04929194839338713,-0.009030120326541602,0.875,181.0441867167658,0.006035404692089204,0.006935915987619003,0.00026817437661938947,25.863455245252258,-0.00026817437661938947,0.006935915987619051,0.875,0.0,0.125,0,8,6.625
R1_relax_frequency_R00952,2026_03,2026-03-01 00:00:00+00:00,2026-04-01 00:00:00+00:00,2,0.06451612903225806,1.004809427995414,1.0581584561979056,0.004809427995414062,-0.01628572720958177,0.5,3.2842992501288535,0.0024120377716575804,0.006935915987619051,0.00211184044430389,3.2842992501288535,-0.00211184044430389,0.006935915987619051,0.5,0.0,0.5,0,2,11.5
R1_relax_frequency_R00952,2026_04,2026-04-01 00:00:00+00:00,2026-05-01 00:00:00+00:00,0,0.0,1.0,1.0,0.0,0.0,0.0,0.0,0.0,0.0,0.0,0.0,0.0,0.0,0.0,0.0,0.0,0,0,0.0
R1_relax_frequency_R00952,2026_05,2026-05-01 00:00:00+00:00,2026-06-01 00:00:00+00:00,5,0.16129032258064516,1.0351639974876934,1.5025944660810098,0.03516399748769339,-0.01182959741151235,1.0,inf,0.006935915987618985,0.006935915987618985,0.0,inf,0.00693591598761894,0.006935915987619051,1.0,0.0,0.0,0,5,5.2
R1_relax_frequency_R00952,2026_06,2026-06-01 00:00:00+00:00,2026-06-26 04:20:00+00:00,11,0.4368450082735797,1.0321360895403342,1.5821875249641246,0.0321360895403342,-0.028895650607875134,0.8181818181818182,2.3304510406852432,0.002916553030893125,0.006243974764138522,0.012056844768711158,0.5178780090411651,-0.02256852529166972,0.006935915987619162,0.7272727272727273,0.09090909090909091,0.18181818181818182,0,11,9.363636363636363
R1_relax_frequency_R05368,2025_05,2025-05-30 10:30:00+00:00,2025-06-01 00:00:00+00:00,0,0.0,1.0,1.0,0.0,0.0,0.0,0.0,0.0,0.0,0.0,0.0,0.0,0.0,0.0,0.0,0.0,0,0,0.0
R1_relax_frequency_R05368,2025_06,2025-06-01 00:00:00+00:00,2025-07-01 00:00:00+00:00,6,0.2,1.042333543935612,1.6566537437427118,0.04233354393561206,-0.014186070321463795,1.0,inf,0.0069342634137287895,0.0069342634137287895,0.0,inf,0.006933437126783659,0.006935915987619051,1.0,0.0,0.0,4,2,13.166666666666666
R1_relax_frequency_R05368,2025_07,2025-07-01 00:00:00+00:00,2025-08-01 00:00:00+00:00,2,0.06451612903225806,1.0139149468039588,1.176824009372175,0.013914946803958772,-0.020532265133899053,1.0,inf,0.00693343712678377,0.00693343712678377,0.0,inf,0.006933437126783659,0.006933437126783881,1.0,0.0,0.0,2,0,36.0
R1_relax_frequency_R05368,2025_08,2025-08-01 00:00:00+00:00,2025-09-01 00:00:00+00:00,9,0.2903225806451613,0.9632483012400436,0.6432797581578908,-0.03675169875995643,-0.07122910145693373,0.6666666666666666,0.5346961464566169,-0.004022894759045077,0.006934263413728753,0.025937211104592735,0.26734807322830845,-0.030569729706392115,0.006935915987619051,0.6666666666666666,0.2222222222222222,0.1111111111111111,5,4,25.22222222222222
R1_relax_frequency_R05368,2025_09,2025-09-01 00:00:00+00:00,2025-10-01 00:00:00+00:00,3,0.1,0.9829312041788337,0.8109032022591213,-0.01706879582116627,-0.032828373692742385,0.6666666666666666,0.4538265903187499,-0.00556385195150286,0.006934676557201355,0.030560908968911286,0.22691329515937494,-0.030560908968911286,0.006935915987619051,0.6666666666666666,0.3333333333333333,0.0,2,1,20.333333333333332
R1_relax_frequency_R05368,2025_10,2025-10-01 00:00:00+00:00,2025-11-01 00:00:00+00:00,6,0.1935483870967742,1.042333543935612,1.629895476509137,0.04233354393561206,-0.008245588297774886,1.0,inf,0.00693426341372877,0.00693426341372877,0.0,inf,0.006933437126783659,0.00693591598761894,1.0,0.0,0.0,4,2,8.5
R1_relax_frequency_R05368,2025_11,2025-11-01 00:00:00+00:00,2025-12-01 00:00:00+00:00,2,0.06666666666666667,0.976154157204219,0.7453952476507066,-0.023845842795780947,-0.03319876477530592,0.5,0.2268883648705812,-0.011816906859386588,0.00693591598761894,0.030569729706392115,0.2268883648705812,-0.030569729706392115,0.00693591598761894,0.5,0.5,0.0,0,2,4.0
R1_relax_frequency_R05368,2025_12,2025-12-01 00:00:00+00:00,2026-01-01 00:00:00+00:00,2,0.06451612903225806,1.0139174428518196,1.1768581441592438,0.013917442851819617,-0.007161452902772147,1.0,inf,0.0069346765572013,0.0069346765572013,0.0,inf,0.006933437126783659,0.00693591598761894,1.0,0.0,0.0,1,1,20.0
R1_relax_frequency_R05368,2026_01,2026-01-01 00:00:00+00:00,2026-02-01 00:00:00+00:00,2,0.06451612903225806,0.9913070784189587,0.9022442427024836,-0.00869292158104129,-0.018235716470360153,0.5,0.44686771409097464,-0.004292633976599729,0.006935915987619162,0.015521183940818618,0.44686771409097464,-0.015521183940818618,0.006935915987619162,0.5,0.0,0.5,0,2,38.5
R1_relax_frequency_R05368,2026_02,2026-02-01 00:00:00+00:00,2026-03-01 00:00:00+00:00,3,0.10714285714285714,1.0209498890538213,1.3105678952714601,0.020949889053821336,-0.0101185850095592,1.0,inf,0.00693508970067392,0.00693508970067392,0.0,inf,0.006933437126783659,0.006935915987619051,1.0,0.0,0.0,1,2,7.333333333333333
R1_relax_frequency_R05368,2026_03,2026-03-01 00:00:00+00:00,2026-04-01 00:00:00+00:00,7,0.22580645161290322,1.0495604980276274,1.7681353807333913,0.04956049802762741,-0.01414988476506951,1.0,inf,0.006934145372736629,0.006934145372736629,0.0,inf,0.006933437126783437,0.006935915987619051,1.0,0.0,0.0,5,2,12.0
R1_relax_frequency_R05368,2026_04,2026-04-01 00:00:00+00:00,2026-05-01 00:00:00+00:00,1,0.03333333333333333,1.006935915987619,1.0877956110879892,0.006935915987619001,-0.009137046227389645,1.0,inf,0.006935915987619051,0.006935915987619051,0.0,inf,0.006935915987619051,0.006935915987619051,1.0,0.0,0.0,0,1,12.0
R1_relax_frequency_R05368,2026_05,2026-05-01 00:00:00+00:00,2026-06-01 00:00:00+00:00,3,0.0967741935483871,0.9829312041788337,0.8164047048164875,-0.01706879582116627,-0.03430210754488627,0.6666666666666666,0.4538265903187462,-0.005563851951502896,0.0069346765572013,0.030560908968911286,0.2269132951593731,-0.030560908968911286,0.00693591598761894,0.6666666666666666,0.3333333333333333,0.0,2,1,9.0
R1_relax_frequency_R05368,2026_06,2026-06-01 00:00:00+00:00,2026-06-26 04:20:00+00:00,4,0.1588527302813017,1.0280285809191732,1.4932693326436055,0.02802858091917315,-0.027535029949523948,1.0,inf,0.006934676557201382,0.006934676557201382,0.0,inf,0.006933437126783659,0.006935915987619162,1.0,0.0,0.0,2,2,21.75
R3_live_candidate_gate_R05626,2025_05,2025-05-30 10:30:00+00:00,2025-06-01 00:00:00+00:00,0,0.0,1.0,1.0,0.0,0.0,0.0,0.0,0.0,0.0,0.0,0.0,0.0,0.0,0.0,0.0,0.0,0,0,0.0
R3_live_candidate_gate_R05626,2025_06,2025-06-01 00:00:00+00:00,2025-07-01 00:00:00+00:00,9,0.3,0.9626311644642762,0.6289621280800063,-0.03736883553572379,-0.07388586774207007,0.7777777777777778,0.39326600794475963,-0.004121115160039257,0.0034343717478500136,0.0305653193376517,0.1123617165556456,-0.030569729706392115,0.003435389056178127,0.7777777777777778,0.2222222222222222,0.0,6,3,28.22222222222222
R3_live_candidate_gate_R05626,2025_07,2025-07-01 00:00:00+00:00,2025-08-01 00:00:00+00:00,20,0.6451612903225806,1.0047988119154396,1.0580267412752464,0.004798811915439627,-0.04417388908697595,0.9,1.1016047274385121,0.0002851192451678257,0.0034347560643294894,0.028061612127287146,0.1224005252709458,-0.030560908968911286,0.003435389056178127,0.9,0.05,0.05,9,11,15.6
R3_live_candidate_gate_R05626,2025_08,2025-08-01 00:00:00+00:00,2025-09-01 00:00:00+00:00,14,0.45161290322580644,0.9461009607825984,0.5205820881620518,-0.05389903921740158,-0.0894904421981042,0.7857142857142857,0.4120416243228996,-0.0038507723868722757,0.0034346122025457008,0.03056384921473819,0.1123749884516999,-0.030569729706392115,0.003435389056178127,0.7857142857142857,0.21428571428571427,0.0,8,6,11.357142857142858
R3_live_candidate_gate_R05626,2025_09,2025-09-01 00:00:00+00:00,2025-10-01 00:00:00+00:00,13,0.43333333333333335,1.0101513711081564,1.1308503113801807,0.010151371108156448,-0.03210909486259206,0.9230769230769231,1.3483124617625022,0.000819062908419056,0.003434795626319987,0.030569729706392115,0.11235937181354183,-0.030569729706392115,0.003435389056178016,0.9230769230769231,0.07692307692307693,0.0,5,8,18.53846153846154
R3_live_candidate_gate_R05626,2025_10,2025-10-01 00:00:00+00:00,2025-11-01 00:00:00+00:00,16,0.5161290322580645,1.0205985607798675,1.2715437996789694,0.020598560779867547,-0.033668703333326166,0.9375,1.685655663803167,0.0013096412703441892,0.003434344619627888,0.030560908968911286,0.11237704425354447,-0.030560908968911286,0.003435389056178016,0.9375,0.0625,0.0,12,4,7.75
R3_live_candidate_gate_R05626,2025_11,2025-11-01 00:00:00+00:00,2025-12-01 00:00:00+00:00,24,0.8,1.013442872126354,1.1765384984712868,0.013442872126353977,-0.0509818525494683,0.9166666666666666,1.2361586108075777,0.0006015219461391493,0.003434871153756489,0.030565319337651588,0.11237805552796161,-0.030569729706392115,0.003435389056178127,0.9166666666666666,0.08333333333333333,0.0,9,15,11.583333333333334
R3_live_candidate_gate_R05626,2025_12,2025-12-01 00:00:00+00:00,2026-01-01 00:00:00+00:00,7,0.22580645161290322,1.003328268814889,1.0399258455830005,0.0033282688148890127,-0.025753907723422897,0.8571428571428571,1.2050182868132515,0.0005008504310800666,0.003434439568405199,0.017100684392870727,0.20083638113554195,-0.017100684392870727,0.003435389056178016,0.8571428571428571,0.0,0.14285714285714285,5,2,20.285714285714285
R3_live_candidate_gate_R05626,2026_01,2026-01-01 00:00:00+00:00,2026-02-01 00:00:00+00:00,9,0.2903225806451613,0.9692590540725704,0.6921990648328475,-0.030740945927429597,-0.04441527502850051,0.7777777777777778,0.4414987442622247,-0.003379472908226648,0.003434778671181269,0.027229353436154353,0.12614249836063562,-0.030560908968911175,0.003435389056178127,0.7777777777777778,0.1111111111111111,0.1111111111111111,5,4,18.0
R3_live_candidate_gate_R05626,2026_02,2026-02-01 00:00:00+00:00,2026-03-01 00:00:00+00:00,12,0.42857142857142855,1.0420081460179411,1.7104969384738937,0.04200814601794112,-0.024912476026150876,1.0,inf,0.0034350329982632375,0.0034350329982632375,0.0,inf,0.0034339648245186793,0.003435389056178127,1.0,0.0,0.0,3,9,8.25
R3_live_candidate_gate_R05626,2026_03,2026-03-01 00:00:00+00:00,2026-04-01 00:00:00+00:00,22,0.7096774193548387,1.07834990027679,2.4321103114633185,0.07834990027679001,-0.015071836433946939,1.0,inf,0.003434612202545717,0.003434612202545717,0.0,inf,0.0034339648245186793,0.003435389056178127,1.0,0.0,0.0,12,10,13.0
R3_live_candidate_gate_R05626,2026_04,2026-04-01 00:00:00+00:00,2026-05-01 00:00:00+00:00,8,0.26666666666666666,0.9696105274861143,0.6867875242789525,-0.030389472513885685,-0.05040535411381819,0.625,0.3619292145020034,-0.003784365922584473,0.0034345345171825246,0.01581586665552947,0.21715752870120203,-0.030560908968911286,0.003435389056178127,0.625,0.125,0.25,5,3,35.75
R3_live_candidate_gate_R05626,2026_05,2026-05-01 00:00:00+00:00,2026-06-01 00:00:00+00:00,5,0.16129032258064516,1.0172910386930198,1.2238311117645673,0.017291038693019845,-0.018312042198386447,1.0,inf,0.003434534517182436,0.003434534517182436,0.0,inf,0.0034339648245186793,0.003435389056178127,1.0,0.0,0.0,3,2,14.0
R3_live_candidate_gate_R05626,2026_06,2026-06-01 00:00:00+00:00,2026-06-26 04:20:00+00:00,12,0.4765581908439051,1.0420037090838825,1.8163434592752712,0.04200370908388251,-0.013396993848997951,1.0,inf,0.003434676940348376,0.003434676940348376,0.0,inf,0.0034339648245186793,0.003435389056178016,1.0,0.0,0.0,6,6,11.0
R3_live_candidate_gate_R04515,2025_05,2025-05-30 10:30:00+00:00,2025-06-01 00:00:00+00:00,0,0.0,1.0,1.0,0.0,0.0,0.0,0.0,0.0,0.0,0.0,0.0,0.0,0.0,0.0,0.0,0.0,0,0,0.0
R3_live_candidate_gate_R04515,2025_06,2025-06-01 00:00:00+00:00,2025-07-01 00:00:00+00:00,4,0.13333333333333333,0.9716842936359047,0.7048863504390626,-0.028315706364095306,-0.05650867819294947,0.25,0.3541681730843582,-0.007035201061083139,0.01543215557514115,0.014524319939824568,1.0625045192530747,-0.02556422178093737,0.01543215557514115,0.25,0.0,0.75,4,0,16.5
R3_live_candidate_gate_R04515,2025_07,2025-07-01 00:00:00+00:00,2025-08-01 00:00:00+00:00,8,0.25806451612903225,1.0009794802337573,1.011601623535382,0.0009794802337572683,-0.020362650278659022,0.5,1.054495033567995,0.00014074091263188726,0.005446756655539118,0.005165274830275344,1.054495033567995,-0.010057144688505673,0.008071276682287949,0.0,0.0,1.0,8,0,19.0
R3_live_candidate_gate_R04515,2025_08,2025-08-01 00:00:00+00:00,2025-09-01 00:00:00+00:00,6,0.1935483870967742,1.0490813070149332,1.7586473400262228,0.049081307014933184,-0.02365273577758864,0.8333333333333334,25.658694537410792,0.008038924352546382,0.010037918466043771,0.001956046214940578,5.131738907482158,-0.001956046214940578,0.01543215557514115,0.3333333333333333,0.0,0.6666666666666666,6,0,16.333333333333332
R3_live_candidate_gate_R04515,2025_09,2025-09-01 00:00:00+00:00,2025-10-01 00:00:00+00:00,10,0.3333333333333333,1.0476544843154594,1.7626053274579856,0.04765448431545938,-0.026003596459002964,0.7,3.186903107970466,0.004705434817928561,0.009795825489449225,0.007172143415619656,1.365815617701628,-0.012829507989342803,0.01543215557514115,0.2,0.0,0.8,10,0,17.4
R3_live_candidate_gate_R04515,2025_10,2025-10-01 00:00:00+00:00,2025-11-01 00:00:00+00:00,3,0.0967741935483871,0.9739734589731254,0.7329245019678183,-0.026026541026874628,-0.033617424482676794,0.0,0.0,-0.008731380397680436,0.0,0.008731380397680436,0.0,-0.01620603598587573,-0.0006221474144332757,0.0,0.0,1.0,3,0,19.0
R3_live_candidate_gate_R04515,2025_11,2025-11-01 00:00:00+00:00,2025-12-01 00:00:00+00:00,6,0.2,1.03099057899547,1.450026480776284,0.030990578995470086,-0.012824163507245245,0.8333333333333334,5.3891579252607045,0.005121745338426399,0.0075463845097644465,0.007001450518263838,1.077831585052141,-0.007001450518263838,0.01543215557514115,0.16666666666666666,0.0,0.8333333333333334,6,0,16.166666666666668
R3_live_candidate_gate_R04515,2025_12,2025-12-01 00:00:00+00:00,2026-01-01 00:00:00+00:00,6,0.1935483870967742,0.9870858431340799,0.8580018991113213,-0.012914156865920123,-0.039545314253658925,0.3333333333333333,0.7157505325497746,-0.0020428821702333584,0.01543215557514115,0.010780401042920613,1.4315010650995492,-0.030560908968911175,0.01543215557514115,0.3333333333333333,0.16666666666666666,0.5,6,0,14.666666666666666
R3_live_candidate_gate_R04515,2026_01,2026-01-01 00:00:00+00:00,2026-02-01 00:00:00+00:00,7,0.22580645161290322,1.0379732695203188,1.5513494127286565,0.037973269520318764,-0.016145583642261263,0.5714285714285714,6.038095157107592,0.005371587370333324,0.01126611758648652,0.002487786251204271,4.528571367830694,-0.004433413705424215,0.01543215557514115,0.2857142857142857,0.0,0.7142857142857143,7,0,17.142857142857142
R3_live_candidate_gate_R04515,2026_02,2026-02-01 00:00:00+00:00,2026-03-01 00:00:00+00:00,1,0.03571428571428571,1.0065922137463408,1.0894912793967693,0.00659221374634078,-0.005975915799756093,1.0,inf,0.00659221374634087,0.00659221374634087,0.0,inf,0.00659221374634087,0.00659221374634087,0.0,0.0,1.0,1,0,19.0
R3_live_candidate_gate_R04515,2026_03,2026-03-01 00:00:00+00:00,2026-04-01 00:00:00+00:00,6,0.1935483870967742,1.0158884189107003,1.2040969313794507,0.015888418910700253,-0.027397883896038366,0.6666666666666666,1.6967183475568435,0.0026924806671761235,0.009835498156018698,0.011593554310509027,0.8483591737784217,-0.012290054623104384,0.01543215557514115,0.3333333333333333,0.0,0.6666666666666666,6,0,16.833333333333332
R3_live_candidate_gate_R04515,2026_04,2026-04-01 00:00:00+00:00,2026-05-01 00:00:00+00:00,3,0.1,1.0084827216528198,1.1083157958553773,0.008482721652819825,-0.014556809511005131,0.3333333333333333,2.2517060643338844,0.002859538821861057,0.01543215557514115,0.003426769554778989,4.503412128667769,-0.004848979862222237,0.01543215557514115,0.3333333333333333,0.0,0.6666666666666666,3,0,17.666666666666668
R3_live_candidate_gate_R04515,2026_05,2026-05-01 00:00:00+00:00,2026-06-01 00:00:00+00:00,1,0.03225806451612903,1.0008356466520214,1.0098902817165094,0.0008356466520214045,-0.009787446205081873,1.0,inf,0.0008356466520213257,0.0008356466520213257,0.0,inf,0.0008356466520213257,0.0008356466520213257,0.0,0.0,1.0,1,0,19.0
R3_live_candidate_gate_R04515,2026_06,2026-06-01 00:00:00+00:00,2026-06-26 04:20:00+00:00,3,0.11913954771097628,1.0365354441877364,1.6828753191165085,0.036535444187736354,-0.01196828045787468,1.0,inf,0.012044470262585793,0.012044470262585793,0.0,inf,0.00526909963747486,0.015432155575141372,0.6666666666666666,0.0,0.3333333333333333,3,0,15.666666666666666
R3_live_candidate_gate_M00005,2025_05,2025-05-30 10:30:00+00:00,2025-06-01 00:00:00+00:00,0,0.0,1.0,1.0,0.0,0.0,0.0,0.0,0.0,0.0,0.0,0.0,0.0,0.0,0.0,0.0,0.0,0,0,0.0
R3_live_candidate_gate_M00005,2025_06,2025-06-01 00:00:00+00:00,2025-07-01 00:00:00+00:00,10,0.3333333333333333,1.0117810278176886,1.1532634330730565,0.011781027817688638,-0.012782482381673343,0.6,1.6480051946606207,0.0011848241945608853,0.0050220698935871865,0.004571044353978567,1.0986701297737473,-0.009157558671077681,0.0054356901598586705,0.5,0.0,0.5,4,6,8.1
R3_live_candidate_gate_M00005,2025_07,2025-07-01 00:00:00+00:00,2025-08-01 00:00:00+00:00,5,0.16129032258064516,0.9695386850380779,0.6945556357844013,-0.03046131496192206,-0.042602866936852335,0.4,0.2621131112789574,-0.006118623940106417,0.005433663282955794,0.013820148755481229,0.39316966691843613,-0.016567621980627976,0.005433663282955905,0.4,0.4,0.2,3,2,7.8
R3_live_candidate_gate_M00005,2025_08,2025-08-01 00:00:00+00:00,2025-09-01 00:00:00+00:00,6,0.1935483870967742,1.0023689755673755,1.028271124784445,0.0023689755673754753,-0.02293817214629057,0.6666666666666666,1.1565296374647365,0.00041303742497863567,0.004577631729430713,0.00791615118392552,0.5782648187323682,-0.009606150345996206,0.0054356901598586705,0.5,0.0,0.5,4,2,10.166666666666666
R3_live_candidate_gate_M00005,2025_09,2025-09-01 00:00:00+00:00,2025-10-01 00:00:00+00:00,4,0.13333333333333333,1.0219186241956362,1.3020978580223888,0.02191862419563617,-0.008006881029363533,1.0,inf,0.0054351834406329794,0.0054351834406329794,0.0,inf,0.005433663282955905,0.0054356901598586705,1.0,0.0,0.0,1,3,2.75
R3_live_candidate_gate_M00005,2025_10,2025-10-01 00:00:00+00:00,2025-11-01 00:00:00+00:00,7,0.22580645161290322,0.9957934217586478,0.9515457333002382,-0.004206578241352177,-0.033590819156341545,0.7142857142857143,0.8745730174286348,-0.0005567040522533622,0.005434474033717012,0.015534649267179297,0.3498292069714539,-0.016567621980627754,0.0054356901598586705,0.7142857142857143,0.14285714285714285,0.14285714285714285,3,4,7.714285714285714
R3_live_candidate_gate_M00005,2025_11,2025-11-01 00:00:00+00:00,2025-12-01 00:00:00+00:00,4,0.13333333333333333,0.9995572563042151,0.9946229104463755,-0.00044274369578489736,-0.01993785352559907,0.75,0.9843021962268345,-6.500075852030381e-05,0.005434338908590161,0.016563019759851697,0.3281007320756115,-0.016563019759851697,0.0054356901598586705,0.75,0.25,0.0,3,1,3.0
R3_live_candidate_gate_M00005,2025_12,2025-12-01 00:00:00+00:00,2026-01-01 00:00:00+00:00,6,0.1935483870967742,1.0066136997373698,1.0807635300380027,0.006613699737369805,-0.023129435027798628,0.8333333333333334,1.409996902486191,0.0011317977995594765,0.004670761311441756,0.01656301975985192,0.28199938049723816,-0.01656301975985192,0.0054356901598586705,0.6666666666666666,0.16666666666666666,0.16666666666666666,4,2,4.333333333333333
R3_live_candidate_gate_M00005,2026_01,2026-01-01 00:00:00+00:00,2026-02-01 00:00:00+00:00,6,0.1935483870967742,1.0143276757040354,1.1824806254109268,0.01432767570403537,-0.011896803246177035,0.6666666666666666,2.926235588739948,0.0023849680808005675,0.005434676721407233,0.0037144492004127613,1.463117794369974,-0.00703586414103932,0.0054356901598586705,0.6666666666666666,0.0,0.3333333333333333,2,4,6.666666666666667
R3_live_candidate_gate_M00005,2026_02,2026-02-01 00:00:00+00:00,2026-03-01 00:00:00+00:00,8,0.2857142857142857,1.0081783252417718,1.1120992555863312,0.008178325241771756,-0.028805637649090166,0.75,1.347045283887531,0.001050185274684634,0.0054350145342243784,0.0121043025039346,0.449015094629177,-0.016567621980627976,0.0054356901598586705,0.75,0.125,0.125,3,5,6.625
R3_live_candidate_gate_M00005,2026_03,2026-03-01 00:00:00+00:00,2026-04-01 00:00:00+00:00,6,0.1935483870967742,1.0195280986723423,1.2559187311273323,0.019528098672342287,-0.014149884765069398,0.8333333333333334,3.5156803186041894,0.0032405770077750594,0.005434474033716946,0.0077289081219343685,0.7031360637208379,-0.0077289081219343685,0.0054356901598586705,0.8333333333333334,0.0,0.16666666666666666,4,2,7.333333333333333
R3_live_candidate_gate_M00005,2026_04,2026-04-01 00:00:00+00:00,2026-05-01 00:00:00+00:00,1,0.03333333333333333,0.9962950172026854,0.955814010045552,-0.003704982797314571,-0.008631113079969555,0.0,0.0,-0.0037049827973146218,0.0,0.0037049827973146218,0.0,-0.0037049827973146218,-0.0037049827973146218,0.0,0.0,1.0,1,0,13.0
R3_live_candidate_gate_M00005,2026_05,2026-05-01 00:00:00+00:00,2026-06-01 00:00:00+00:00,0,0.0,1.0,1.0,0.0,0.0,0.0,0.0,0.0,0.0,0.0,0.0,0.0,0.0,0.0,0.0,0.0,0,0,0.0
R3_live_candidate_gate_M00005,2026_06,2026-06-01 00:00:00+00:00,2026-06-26 04:20:00+00:00,3,0.11913954771097628,1.0163897243661455,1.2659333703685403,0.016389724366145497,-0.016065767770066852,1.0,inf,0.005433663282955831,0.005433663282955831,0.0,inf,0.005433663282955683,0.005433663282955905,1.0,0.0,0.0,3,0,7.0
R2_relax_winrate_payoff_R03992,2025_05,2025-05-30 10:30:00+00:00,2025-06-01 00:00:00+00:00,0,0.0,1.0,1.0,0.0,0.0,0.0,0.0,0.0,0.0,0.0,0.0,0.0,0.0,0.0,0.0,0.0,0,0,0.0
R2_relax_winrate_payoff_R03992,2025_06,2025-06-01 00:00:00+00:00,2025-07-01 00:00:00+00:00,8,0.26666666666666666,0.9620107845954026,0.6240448136245809,-0.03798921540459743,-0.06489649032936728,0.25,0.574239242499408,-0.004646378367336627,0.02506696774675211,0.014550827072032873,1.7227177274982242,-0.030560908968911286,0.029430044784200624,0.125,0.125,0.75,8,0,46.875
R2_relax_winrate_payoff_R03992,2025_07,2025-07-01 00:00:00+00:00,2025-08-01 00:00:00+00:00,4,0.12903225806451613,1.0082976553979504,1.1022590288095577,0.008297655397950354,-0.03433680449106358,0.5,1.300834379621041,0.0022393944128990227,0.019366677741419806,0.01488788891562176,1.300834379621041,-0.016453252343880998,0.029430044784200624,0.25,0.0,0.75,4,0,47.25
R2_relax_winrate_payoff_R03992,2025_08,2025-08-01 00:00:00+00:00,2025-09-01 00:00:00+00:00,6,0.1935483870967742,0.9746210559152337,0.7386868937577439,-0.025378944084766264,-0.03815449594547238,0.3333333333333333,0.6257410405466522,-0.004043343367573266,0.020280764071552552,0.016205397087136173,1.2514820810933045,-0.030560908968911286,0.029430044784200624,0.16666666666666666,0.3333333333333333,0.5,6,0,38.666666666666664
R2_relax_winrate_payoff_R03992,2025_09,2025-09-01 00:00:00+00:00,2025-10-01 00:00:00+00:00,7,0.23333333333333334,0.9961141071119218,0.9537030665413183,-0.0038858928880781685,-0.03590061994770799,0.7142857142857143,0.9232143440384134,-0.0004556813047032036,0.0076702883652076,0.020770605479480213,0.3692857376153654,-0.030560908968911286,0.012062902086075024,0.0,0.14285714285714285,0.8571428571428571,7,0,46.285714285714285
R2_relax_winrate_payoff_R03992,2025_10,2025-10-01 00:00:00+00:00,2025-11-01 00:00:00+00:00,6,0.1935483870967742,1.0398433764111292,1.5846031965611556,0.03984337641112923,-0.033817265763758764,0.6666666666666666,2.1320727305560645,0.006741249070923723,0.01904405025321526,0.017864353293659353,1.0660363652780322,-0.030560908968911286,0.0294300447842004,0.16666666666666666,0.16666666666666666,0.6666666666666666,6,0,43.5
R2_relax_winrate_payoff_R03992,2025_11,2025-11-01 00:00:00+00:00,2025-12-01 00:00:00+00:00,7,0.23333333333333334,0.9635463926892973,0.6362814591094813,-0.036453607310702685,-0.0942963383997798,0.42857142857142855,0.7222472869051183,-0.004850500217577595,0.02943004478420055,0.030560908968911202,0.9629963825401577,-0.030560908968911286,0.029430044784200624,0.42857142857142855,0.5714285714285714,0.0,7,0,28.0
R2_relax_winrate_payoff_R03992,2025_12,2025-12-01 00:00:00+00:00,2026-01-01 00:00:00+00:00,6,0.1935483870967742,1.051989751236547,1.8169596271053252,0.05198975123654703,-0.017478768827815516,0.8333333333333334,8.132200943656198,0.008542540698956843,0.011688339924589827,0.0071864554292080775,1.6264401887312396,-0.0071864554292080775,0.029430044784200624,0.16666666666666666,0.0,0.8333333333333334,6,0,46.833333333333336
R2_relax_winrate_payoff_R03992,2026_01,2026-01-01 00:00:00+00:00,2026-02-01 00:00:00+00:00,5,0.16129032258064516,1.0042374178738198,1.0510827984037097,0.004237417873819815,-0.031480047393200206,0.6,1.1571538388488287,0.0009926033123223259,0.012181214086373807,0.015790312848754894,0.7714358925658859,-0.030560908968911286,0.018008829499226105,0.0,0.2,0.8,5,0,46.6
R2_relax_winrate_payoff_R03992,2026_02,2026-02-01 00:00:00+00:00,2026-03-01 00:00:00+00:00,6,0.21428571428571427,1.017054927000686,1.2468240758896458,0.017054927000685893,-0.053669093369876686,0.5,1.292887815496202,0.0031541737856570344,0.027846790748360037,0.021538443177045966,1.292887815496202,-0.030560908968911286,0.029430044784200624,0.3333333333333333,0.16666666666666666,0.5,6,0,34.0
R2_relax_winrate_payoff_R03992,2026_03,2026-03-01 00:00:00+00:00,2026-04-01 00:00:00+00:00,9,0.2903225806451613,1.091090528070949,2.7930939660512686,0.09109052807094908,-0.029748717631700283,0.7777777777777778,6.409854216611693,0.009820170307380022,0.014959810053235514,0.008168568803114201,1.8313869190319125,-0.012686503167463004,0.029430044784200624,0.2222222222222222,0.0,0.7777777777777778,9,0,44.111111111111114
R2_relax_winrate_payoff_R03992,2026_04,2026-04-01 00:00:00+00:00,2026-05-01 00:00:00+00:00,2,0.06666666666666667,0.994920610746486,0.9398836793706378,-0.005079389253514033,-0.00898099791318463,0.5,0.2900533188592279,-0.0025323140297892474,0.00206918662554749,0.007133814685125984,0.2900533188592279,-0.007133814685125984,0.00206918662554749,0.0,0.0,1.0,2,0,49.0
R2_relax_winrate_payoff_R03992,2026_05,2026-05-01 00:00:00+00:00,2026-06-01 00:00:00+00:00,6,0.1935483870967742,1.1429933191252604,4.829317483539952,0.14299331912526037,-0.011120631001231174,1.0,inf,0.02257651059001271,0.02257651059001271,0.0,inf,0.00322362515027233,0.029430044784200624,0.6666666666666666,0.0,0.3333333333333333,6,0,29.333333333333332
R2_relax_winrate_payoff_R03992,2026_06,2026-06-01 00:00:00+00:00,2026-06-26 04:20:00+00:00,4,0.1588527302813017,1.03056771545746,1.5476695990694243,0.030567715457459954,-0.03587081888215171,0.5,2.1279744934211355,0.0077999853756354045,0.029430044784200624,0.013830074032929815,2.1279744934211355,-0.02063081434680421,0.029430044784200624,0.5,0.0,0.5,4,0,37.75
R1_relax_frequency_R03395,2025_05,2025-05-30 10:30:00+00:00,2025-06-01 00:00:00+00:00,1,0.64,0.97743147470833,0.004814798572124749,-0.022568525291669972,-0.025648890661072565,0.0,0.0,-0.02256852529166994,0.0,0.02256852529166994,0.0,-0.02256852529166994,-0.02256852529166994,0.0,1.0,0.0,0,1,4.0
R1_relax_frequency_R03395,2025_06,2025-06-01 00:00:00+00:00,2025-07-01 00:00:00+00:00,4,0.13333333333333333,0.971563140324033,0.7038170601055063,-0.028436859675966986,-0.05067449556060333,0.5,0.3737893507923942,-0.007065321910210507,0.008434676392995421,0.022565320213416437,0.3737893507923942,-0.02256852529166972,0.00843614181537943,0.5,0.5,0.0,2,2,20.0
R1_relax_frequency_R03395,2025_07,2025-07-01 00:00:00+00:00,2025-08-01 00:00:00+00:00,2,0.06451612903225806,1.0169404965496978,1.2188716058896356,0.01694049654969776,-0.003421110614850398,1.0,inf,0.008434676392995421,0.008434676392995421,0.0,inf,0.008433210970611412,0.00843614181537943,1.0,0.0,0.0,1,1,2.0
R1_relax_frequency_R03395,2025_08,2025-08-01 00:00:00+00:00,2025-09-01 00:00:00+00:00,2,0.06451612903225806,1.0149417091067567,1.1909422571970145,0.01494170910675674,-0.017802276559751862,1.0,inf,0.007443640288077119,0.007443640288077119,0.0,inf,0.006454069605542826,0.008433210970611412,0.5,0.0,0.5,2,0,46.5
R1_relax_frequency_R03395,2025_09,2025-09-01 00:00:00+00:00,2025-10-01 00:00:00+00:00,3,0.1,0.9634354621354925,0.6353901723839982,-0.03656453786450753,-0.04831952670739481,0.3333333333333333,0.18686220472061332,-0.012232476485407153,0.00843321097061119,0.022565320213416326,0.37372440944122665,-0.02256852529166972,0.00843321097061119,0.3333333333333333,0.6666666666666666,0.0,2,1,17.333333333333332
R1_relax_frequency_R03395,2025_10,2025-10-01 00:00:00+00:00,2025-11-01 00:00:00+00:00,8,0.25806451612903225,0.9439294488778748,0.5066769411469799,-0.05607055112212522,-0.0616490630089892,0.5,0.37372440944123647,-0.007066054621402457,0.008433210970611412,0.022565320213416326,0.37372440944123647,-0.02256852529166972,0.008433210970611412,0.5,0.5,0.0,6,2,13.25
R1_relax_frequency_R03395,2025_11,2025-11-01 00:00:00+00:00,2025-12-01 00:00:00+00:00,4,0.13333333333333333,1.034170979161356,1.505434339393355,0.03417097916135603,-0.021628578082763528,1.0,inf,0.008435409104187453,0.008435409104187453,0.0,inf,0.008433210970611412,0.008436141815379541,1.0,0.0,0.0,1,3,9.25
R1_relax_frequency_R03395,2025_12,2025-12-01 00:00:00+00:00,2026-01-01 00:00:00+00:00,1,0.03225806451612903,1.0084332109706113,1.104006281057173,0.008433210970611338,-0.019362612018554715,1.0,inf,0.008433210970611412,0.008433210970611412,0.0,inf,0.008433210970611412,0.008433210970611412,1.0,0.0,0.0,1,0,43.0
R1_relax_frequency_R03395,2026_01,2026-01-01 00:00:00+00:00,2026-02-01 00:00:00+00:00,5,0.16129032258064516,0.9797629626623051,0.7859330347969572,-0.020237037337694885,-0.03155996544544193,0.6,0.5607311992918659,-0.003964333302744745,0.00843418791886738,0.022562115135162934,0.3738207995279106,-0.022562115135162934,0.008436141815379541,0.6,0.4,0.0,4,1,15.0
R1_relax_frequency_R03395,2026_02,2026-02-01 00:00:00+00:00,2026-03-01 00:00:00+00:00,8,0.2857142857142857,1.0695033974601436,2.4025418762220068,0.06950339746014356,-0.012367499955114769,1.0,inf,0.008434676392995449,0.008434676392995449,0.0,inf,0.00843321097061119,0.008436141815379541,1.0,0.0,0.0,4,4,9.75
R1_relax_frequency_R03395,2026_03,2026-03-01 00:00:00+00:00,2026-04-01 00:00:00+00:00,4,0.12903225806451613,1.002378747369496,1.0283892400535988,0.0023787473694960592,-0.03641061382492827,0.75,1.1214623985837313,0.0006851121553598026,0.008434187918867417,0.022562115135163045,0.37382079952791036,-0.022562115135163045,0.00843614181537943,0.75,0.25,0.0,3,1,19.5
R1_relax_frequency_R03395,2026_04,2026-04-01 00:00:00+00:00,2026-05-01 00:00:00+00:00,0,0.0,1.0,1.0,0.0,0.0,0.0,0.0,0.0,0.0,0.0,0.0,0.0,0.0,0.0,0.0,0.0,0,0,0.0
R1_relax_frequency_R03395,2026_05,2026-05-01 00:00:00+00:00,2026-06-01 00:00:00+00:00,4,0.12903225806451613,1.0341619622717317,1.4855462486248585,0.03416196227173174,-0.012648553257003092,1.0,inf,0.008433210970611301,0.008433210970611301,0.0,inf,0.00843321097061119,0.008433210970611412,1.0,0.0,0.0,4,0,9.25
R1_relax_frequency_R03395,2026_06,2026-06-01 00:00:00+00:00,2026-06-26 04:20:00+00:00,3,0.11913954771097628,1.0255165703016595,1.4412065567905006,0.025516570301659547,-0.0115070776480799,1.0,inf,0.008434187918867417,0.008434187918867417,0.0,inf,0.008433210970611412,0.00843614181537943,1.0,0.0,0.0,2,1,18.0
R1_relax_frequency_R01499,2025_05,2025-05-30 10:30:00+00:00,2025-06-01 00:00:00+00:00,0,0.0,1.0,1.0,0.0,0.0,0.0,0.0,0.0,0.0,0.0,0.0,0.0,0.0,0.0,0.0,0.0,0,0,0.0
R1_relax_frequency_R01499,2025_06,2025-06-01 00:00:00+00:00,2025-07-01 00:00:00+00:00,6,0.2,1.0616982347368795,2.072828326181251,0.06169823473687952,-0.027540786458405853,0.8333333333333334,4.658617751742398,0.010099626352642324,0.01543215557514115,0.016563019759851808,0.9317235503484796,-0.016563019759851808,0.01543215557514115,0.8333333333333334,0.16666666666666666,0.0,6,0,22.166666666666668
R1_relax_frequency_R01499,2025_07,2025-07-01 00:00:00+00:00,2025-08-01 00:00:00+00:00,7,0.22580645161290322,0.9780139011817467,0.7695602471145357,-0.021986098818253308,-0.062337820063043115,0.42857142857142855,0.6294222746789848,-0.0030754097120805576,0.012188283959498851,0.014523179965765114,0.8392296995719797,-0.01656301975985192,0.01543215557514115,0.2857142857142857,0.42857142857142855,0.2857142857142857,7,0,36.857142857142854
R1_relax_frequency_R01499,2025_08,2025-08-01 00:00:00+00:00,2025-09-01 00:00:00+00:00,12,0.3870967741935484,0.9384337739365604,0.4729905252852072,-0.061566226063439644,-0.10014601476365503,0.3333333333333333,0.47676237563523827,-0.005180105695435287,0.014159988019185415,0.014850152552745638,0.9535247512704765,-0.01656301975985192,0.01543215557514115,0.25,0.5833333333333334,0.16666666666666666,12,0,27.583333333333332
R1_relax_frequency_R01499,2025_09,2025-09-01 00:00:00+00:00,2025-10-01 00:00:00+00:00,9,0.3,1.0098124026483946,1.12623891126694,0.009812402648394558,-0.047959509697815594,0.5555555555555556,1.1646544379355956,0.001212077648477588,0.01543215557514115,0.016563019759851864,0.9317235503484765,-0.01656301975985192,0.01543215557514115,0.5555555555555556,0.4444444444444444,0.0,9,0,19.77777777777778
R1_relax_frequency_R01499,2025_10,2025-10-01 00:00:00+00:00,2025-11-01 00:00:00+00:00,10,0.3225806451612903,1.0932018713517013,2.857443847549984,0.09320187135170133,-0.043765022721676816,0.8,3.726894201393906,0.009033120508142546,0.01543215557514115,0.016563019759851864,0.9317235503484765,-0.01656301975985192,0.01543215557514115,0.8,0.2,0.0,10,0,21.5
R1_relax_frequency_R01499,2025_11,2025-11-01 00:00:00+00:00,2025-12-01 00:00:00+00:00,10,0.3333333333333333,0.9314906105648622,0.4214518970260687,-0.06850938943513785,-0.07065822973651648,0.3,0.39931009300649056,-0.0069644671593539435,0.015432155575141151,0.01656301975985184,0.931723550348478,-0.01656301975985192,0.01543215557514115,0.3,0.7,0.0,10,0,25.9
R1_relax_frequency_R01499,2025_12,2025-12-01 00:00:00+00:00,2026-01-01 00:00:00+00:00,8,0.25806451612903225,0.949939479987949,0.5460190316391623,-0.05006052001205097,-0.05957228879540588,0.375,0.3910940112780429,-0.006303326201933674,0.010796163061263216,0.016563019759851808,0.6518233521300714,-0.016563019759851808,0.01543215557514115,0.25,0.625,0.125,8,0,21.5
R1_relax_frequency_R01499,2026_01,2026-01-01 00:00:00+00:00,2026-02-01 00:00:00+00:00,4,0.12903225806451613,1.0116839807570208,1.1466740901267667,0.011683980757020818,-0.01706521291173424,0.5,1.6355450320613223,0.002998336828860421,0.015432155575141038,0.009435481917420194,1.6355450320613223,-0.016563019759851808,0.01543215557514115,0.5,0.25,0.25,4,0,34.25
R1_relax_frequency_R01499,2026_02,2026-02-01 00:00:00+00:00,2026-03-01 00:00:00+00:00,7,0.25,0.9793521393844853,0.7617296811352119,-0.020647860615514713,-0.059410867017258284,0.42857142857142855,0.6987926627613598,-0.0028508017591405417,0.015432155575141151,0.016563019759851808,0.9317235503484798,-0.016563019759851808,0.01543215557514115,0.42857142857142855,0.5714285714285714,0.0,7,0,26.0
R1_relax_frequency_R01499,2026_03,2026-03-01 00:00:00+00:00,2026-04-01 00:00:00+00:00,9,0.2903225806451613,1.0557045817664403,1.894011918927857,0.05570458176644033,-0.032904848732599135,0.6666666666666666,2.476354029372205,0.006133567008869705,0.015432155575141148,0.012463610123673185,1.2381770146861024,-0.01656301975985192,0.015432155575141372,0.6666666666666666,0.2222222222222222,0.1111111111111111,9,0,31.444444444444443
R1_relax_frequency_R01499,2026_04,2026-04-01 00:00:00+00:00,2026-05-01 00:00:00+00:00,6,0.2,1.0482416345714674,1.7746700034667098,0.04824163457146735,-0.018852223200505613,0.8333333333333334,3.8815736910999656,0.007954593664192973,0.01285811634900193,0.016563019759851808,0.7763147382199932,-0.016563019759851808,0.01543215557514115,0.6666666666666666,0.16666666666666666,0.16666666666666666,6,0,32.333333333333336
R1_relax_frequency_R01499,2026_05,2026-05-01 00:00:00+00:00,2026-06-01 00:00:00+00:00,10,0.3225806451612903,1.1159041041075446,3.6404253529131787,0.11590410410754459,-0.019437618461804584,0.9,7.6868228812264,0.011075397951238205,0.014146333252470429,0.016563019759851808,0.8540914312473777,-0.016563019759851808,0.01543215557514115,0.8,0.1,0.1,10,0,22.3
R1_relax_frequency_R01499,2026_06,2026-06-01 00:00:00+00:00,2026-06-26 04:20:00+00:00,9,0.3574186431329288,1.0490076993867157,2.0017031741425573,0.049007699386715675,-0.027346487320270008,0.6666666666666666,2.118477741286846,0.005431737508017233,0.015432155575141148,0.014569098626230603,1.0592388706434228,-0.01656301975985192,0.01543215557514115,0.6666666666666666,0.2222222222222222,0.1111111111111111,9,0,37.111111111111114
R1_relax_frequency_R03235,2025_05,2025-05-30 10:30:00+00:00,2025-06-01 00:00:00+00:00,0,0.0,1.0,1.0,0.0,0.0,0.0,0.0,0.0,0.0,0.0,0.0,0.0,0.0,0.0,0.0,0.0,0,0,0.0
R1_relax_frequency_R03235,2025_06,2025-06-01 00:00:00+00:00,2025-07-01 00:00:00+00:00,14,0.4666666666666667,0.8808655022727544,0.21343930718682705,-0.1191344977272456,-0.14949237761715317,0.35714285714285715,0.3150406656138625,-0.008877510129758263,0.011432758658267098,0.020160992789772354,0.5670731981049526,-0.030560908968911397,0.011432758658267142,0.35714285714285715,0.21428571428571427,0.42857142857142855,14,0,16.428571428571427
R1_relax_frequency_R03235,2025_07,2025-07-01 00:00:00+00:00,2025-08-01 00:00:00+00:00,7,0.22580645161290322,0.9729587178820934,0.7239779024876738,-0.027041282117906573,-0.044973390592906726,0.42857142857142855,0.28712064927724146,-0.003874981747162808,0.0036416217874660345,0.009512434398134439,0.38282753236965533,-0.014163131150860953,0.01018245240827029,0.0,0.0,1.0,7,0,25.0
R1_relax_frequency_R03235,2025_08,2025-08-01 00:00:00+00:00,2025-09-01 00:00:00+00:00,11,0.3548387096774194,1.0308945456600478,1.431177854061551,0.03089454566004779,-0.04883790243005692,0.6363636363636364,1.7001158034103525,0.002853384209736234,0.010888386343676042,0.01120786952465843,0.9714947448059158,-0.030560908968911286,0.011432758658267142,0.5454545454545454,0.09090909090909091,0.36363636363636365,11,0,15.545454545454545
R1_relax_frequency_R03235,2025_09,2025-09-01 00:00:00+00:00,2025-10-01 00:00:00+00:00,10,0.3333333333333333,1.062886076297827,2.1012406315408563,0.06288607629782694,-0.049388196911362314,0.9,3.02821555518471,0.006198411095132979,0.010282779991137896,0.030560908968911286,0.33646839502052334,-0.030560908968911286,0.011432758658267142,0.8,0.1,0.1,10,0,13.4
R1_relax_frequency_R03235,2025_10,2025-10-01 00:00:00+00:00,2025-11-01 00:00:00+00:00,16,0.5161290322580645,1.0963060081691058,2.9545184366352832,0.09630600816910584,-0.028233497579652433,0.75,3.2852999957443427,0.005814021399652227,0.011144155845391128,0.010176381937564477,1.0950999985814476,-0.018181204019196824,0.011432758658267142,0.6875,0.0,0.3125,16,0,10.875
R1_relax_frequency_R03235,2025_11,2025-11-01 00:00:00+00:00,2025-12-01 00:00:00+00:00,13,0.43333333333333335,1.0072547192406913,1.0919961558374132,0.007254719240691321,-0.06449851932670991,0.6923076923076923,1.104352274699778,0.0006878206370418877,0.010514333656777565,0.021421833657363387,0.49082323319990134,-0.030560908968911286,0.011432758658267142,0.6153846153846154,0.15384615384615385,0.23076923076923078,13,0,11.384615384615385
R1_relax_frequency_R03235,2025_12,2025-12-01 00:00:00+00:00,2026-01-01 00:00:00+00:00,13,0.41935483870967744,0.994325566365933,0.935150264672369,-0.005674433634067055,-0.061643201038839135,0.5384615384615384,0.9357675207542734,-0.00036254967397337026,0.009809031141092333,0.012229393958216692,0.8020864463608056,-0.019495890853572784,0.011432758658267142,0.46153846153846156,0.0,0.5384615384615384,13,0,18.0
R1_relax_frequency_R03235,2026_01,2026-01-01 00:00:00+00:00,2026-02-01 00:00:00+00:00,9,0.2903225806451613,0.9910469514566821,0.899458663459278,-0.00895304854331791,-0.06224801711278638,0.6666666666666666,0.8826633674022892,-0.0008561057946342868,0.009660067876695513,0.021888453137293887,0.4413316837011446,-0.030560908968911286,0.011432758658267142,0.5555555555555556,0.2222222222222222,0.2222222222222222,9,0,16.11111111111111
R1_relax_frequency_R03235,2026_02,2026-02-01 00:00:00+00:00,2026-03-01 00:00:00+00:00,10,0.35714285714285715,0.9676289661849559,0.6509943064971548,-0.03237103381504414,-0.06852163537036227,0.5,0.6182216152832525,-0.0031560841712783166,0.010221424430747736,0.016533592773304368,0.6182216152832525,-0.030560908968911286,0.011432758658267142,0.4,0.2,0.4,10,0,17.8
R1_relax_frequency_R03235,2026_03,2026-03-01 00:00:00+00:00,2026-04-01 00:00:00+00:00,6,0.1935483870967742,1.0475800963136475,1.729223990636618,0.04758009631364746,-0.016626861640698043,0.8333333333333334,21.987737694339565,0.007791669587505084,0.009795501902269176,0.0022274919863153747,4.397547538867913,-0.0022274919863153747,0.011432758658267142,0.6666666666666666,0.0,0.3333333333333333,6,0,19.5
R1_relax_frequency_R03235,2026_04,2026-04-01 00:00:00+00:00,2026-05-01 00:00:00+00:00,2,0.06666666666666667,0.9954275190716216,0.9457305139218137,-0.004572480928378364,-0.01592201395614745,0.0,0.0,-0.002286375390857303,0.0,0.002286375390857303,0.0,-0.004512955524531685,-5.9795257182920216e-05,0.0,0.0,1.0,2,0,25.0
R1_relax_frequency_R03235,2026_05,2026-05-01 00:00:00+00:00,2026-06-01 00:00:00+00:00,5,0.16129032258064516,1.0219082573805076,1.2909027734744134,0.021908257380507612,-0.023656047643181077,0.6,2.7679708193528265,0.0043814299380320765,0.011432758658266992,0.006195563142320299,1.8453138795685509,-0.00770440469064307,0.011432758658267142,0.6,0.0,0.4,5,0,14.0
R1_relax_frequency_R03235,2026_06,2026-06-01 00:00:00+00:00,2026-06-26 04:20:00+00:00,13,0.5162713734142306,1.0535528690964246,2.131255723592824,0.05355286909642465,-0.04133717105539314,0.8461538461538461,2.1814239404460367,0.004096814548041508,0.008939871576173581,0.022539999106684888,0.3966225346265521,-0.030560908968911286,0.011432758658267142,0.5384615384615384,0.07692307692307693,0.38461538461538464,13,0,15.23076923076923
R1_relax_frequency_R02394,2025_05,2025-05-30 10:30:00+00:00,2025-06-01 00:00:00+00:00,0,0.0,1.0,1.0,0.0,0.0,0.0,0.0,0.0,0.0,0.0,0.0,0.0,0.0,0.0,0.0,0.0,0,0,0.0
R1_relax_frequency_R02394,2025_06,2025-06-01 00:00:00+00:00,2025-07-01 00:00:00+00:00,10,0.3333333333333333,1.0452333235124165,1.7136466828430992,0.04523332351241649,-0.030178788850792282,1.0,inf,0.004433814053737226,0.004433814053737226,0.0,inf,0.00443381405373696,0.004433814053737403,1.0,0.0,0.0,10,0,19.1
R1_relax_frequency_R02394,2025_07,2025-07-01 00:00:00+00:00,2025-08-01 00:00:00+00:00,12,0.3870967741935484,1.0319456080408178,1.4484650639346595,0.03194560804081781,-0.029326863755460453,0.8333333333333334,3.912290598925073,0.002631804895165339,0.004242592639633178,0.005422133827173852,0.7824581197850147,-0.00925024445760715,0.004433814053737181,0.75,0.0,0.25,12,0,24.666666666666668
R1_relax_frequency_R02394,2025_08,2025-08-01 00:00:00+00:00,2025-09-01 00:00:00+00:00,13,0.41935483870967744,1.0117518060937987,1.14758018273958,0.011751806093798667,-0.050746372902146675,0.9230769230769231,1.3117986703585802,0.0009727974910576905,0.0044338140537372,0.04055940126109642,0.10931655586321501,-0.04055940126109642,0.004433814053737403,0.9230769230769231,0.07692307692307693,0.0,13,0,17.153846153846153
R1_relax_frequency_R02394,2025_09,2025-09-01 00:00:00+00:00,2025-10-01 00:00:00+00:00,12,0.4,1.0243083556150792,1.3396580562949203,0.024308355615079158,-0.018900640565187365,0.75,2.5359685782774513,0.0020140822505057675,0.004433814053737181,0.005245113159188473,0.8453228594258171,-0.009406959820979057,0.004433814053737181,0.75,0.0,0.25,12,0,31.583333333333332
R1_relax_frequency_R02394,2025_10,2025-10-01 00:00:00+00:00,2025-11-01 00:00:00+00:00,10,0.3225806451612903,0.9807300223921905,0.795121831084688,-0.019269977607809463,-0.06992325547673306,0.8,0.6556157687518106,-0.0018632079546235096,0.004433814053737264,0.027051295988066604,0.16390394218795265,-0.02853895090574892,0.004433814053737403,0.8,0.0,0.2,10,0,22.9
R1_relax_frequency_R02394,2025_11,2025-11-01 00:00:00+00:00,2025-12-01 00:00:00+00:00,6,0.2,1.0031935362456925,1.039582667354338,0.0031935362456925187,-0.037112269881087845,0.6666666666666666,1.2269210325380646,0.0005466940612439717,0.004433814053737181,0.007227545923742446,0.6134605162690323,-0.0073831132648064434,0.004433814053737181,0.6666666666666666,0.0,0.3333333333333333,6,0,26.0
R1_relax_frequency_R02394,2025_12,2025-12-01 00:00:00+00:00,2026-01-01 00:00:00+00:00,6,0.1935483870967742,1.0048833635250498,1.0590761990512982,0.004883363525049811,-0.05042820953609484,0.8333333333333334,1.2963849726346734,0.0008447309793025295,0.004433814053737181,0.017100684392870727,0.2592769945269347,-0.017100684392870727,0.004433814053737181,0.8333333333333334,0.0,0.16666666666666666,6,0,32.166666666666664
R1_relax_frequency_R02394,2026_01,2026-01-01 00:00:00+00:00,2026-02-01 00:00:00+00:00,11,0.3548387096774194,0.9805499915522172,0.7934038044378219,-0.019450008447782774,-0.045518057959946234,0.8181818181818182,0.6827049935935648,-0.0016859995627131702,0.004433814053737181,0.02922516083673975,0.15171222079856997,-0.04055940126109653,0.004433814053737403,0.8181818181818182,0.09090909090909091,0.09090909090909091,11,0,24.09090909090909
R1_relax_frequency_R02394,2026_02,2026-02-01 00:00:00+00:00,2026-03-01 00:00:00+00:00,4,0.14285714285714285,1.017853557495999,1.259656056501699,0.01785355749599904,-0.0101185850095592,1.0,inf,0.004433814053737181,0.004433814053737181,0.0,inf,0.004433814053737181,0.004433814053737181,1.0,0.0,0.0,4,0,3.25
R1_relax_frequency_R02394,2026_03,2026-03-01 00:00:00+00:00,2026-04-01 00:00:00+00:00,12,0.3870967741935484,1.0545226118465838,1.8691774115828517,0.0545226118465838,-0.014080196022528302,1.0,inf,0.004433814053737237,0.004433814053737237,0.0,inf,0.004433814053737181,0.004433814053737403,1.0,0.0,0.0,12,0,14.083333333333334
R1_relax_frequency_R02394,2026_04,2026-04-01 00:00:00+00:00,2026-05-01 00:00:00+00:00,6,0.2,0.9906838584627595,0.892297515178136,-0.009316141537240474,-0.02812528222739219,0.6666666666666666,0.6612645492601728,-0.0015141595031011484,0.004433814053737292,0.01341010661677803,0.3306322746300864,-0.020672984703290716,0.004433814053737403,0.6666666666666666,0.0,0.3333333333333333,6,0,43.833333333333336
R1_relax_frequency_R02394,2026_05,2026-05-01 00:00:00+00:00,2026-06-01 00:00:00+00:00,9,0.2903225806451613,0.9847781891698045,0.834663766011869,-0.01522181083019547,-0.05407581348185608,0.7777777777777778,0.6828834777816915,-0.0016014200844920844,0.004433814053737213,0.022724739568294624,0.19510956508048324,-0.04055940126109664,0.004433814053737403,0.7777777777777778,0.1111111111111111,0.1111111111111111,9,0,19.444444444444443
R1_relax_frequency_R02394,2026_06,2026-06-01 00:00:00+00:00,2026-06-26 04:20:00+00:00,7,0.277992277992278,1.0314525954935978,1.5670575001031117,0.0314525954935978,-0.027535029949523948,1.0,inf,0.004433814053737213,0.004433814053737213,0.0,inf,0.004433814053737181,0.004433814053737403,1.0,0.0,0.0,7,0,14.857142857142858
R3_live_candidate_gate_R06043,2025_05,2025-05-30 10:30:00+00:00,2025-06-01 00:00:00+00:00,0,0.0,1.0,1.0,0.0,0.0,0.0,0.0,0.0,0.0,0.0,0.0,0.0,0.0,0.0,0.0,0.0,0,0,0.0
R3_live_candidate_gate_R06043,2025_06,2025-06-01 00:00:00+00:00,2025-07-01 00:00:00+00:00,10,0.3333333333333333,0.9863139491950621,0.8455411710944205,-0.0136860508049379,-0.05761156357388686,0.8,0.7739751117055493,-0.0012694394101158061,0.0054336632829558775,0.028081850182402543,0.19349377792638733,-0.04055940126109664,0.005433663282955905,0.8,0.1,0.1,10,0,14.4
R3_live_candidate_gate_R06043,2025_07,2025-07-01 00:00:00+00:00,2025-08-01 00:00:00+00:00,14,0.45161290322580644,0.9859690285886928,0.8466335980959014,-0.014030971411307158,-0.053042621835551196,0.6428571428571429,0.7852917833188079,-0.0009550471379650859,0.005433663282955881,0.012454725895622826,0.4362732129548933,-0.024603573225694068,0.005433663282955905,0.6428571428571429,0.0,0.35714285714285715,14,0,21.642857142857142
R3_live_candidate_gate_R06043,2025_08,2025-08-01 00:00:00+00:00,2025-09-01 00:00:00+00:00,11,0.3548387096774194,1.0128667411792112,1.162569052559386,0.01286674117921116,-0.050276383641906786,0.9090909090909091,1.3396803488240019,0.0012524755971329066,0.005433663282955861,0.04055940126109664,0.1339680348824002,-0.04055940126109664,0.005433663282955905,0.9090909090909091,0.09090909090909091,0.0,11,0,9.181818181818182
R3_live_candidate_gate_R06043,2025_09,2025-09-01 00:00:00+00:00,2025-10-01 00:00:00+00:00,16,0.5333333333333333,1.073833616905312,2.3804437417317548,0.07383361690531198,-0.022497866656634224,0.9375,11.933963081579755,0.0044665189711352495,0.005200019753203929,0.0065359927598949525,0.7955975387719837,-0.0065359927598949525,0.005433663282955905,0.875,0.0,0.125,16,0,13.1875
R3_live_candidate_gate_R06043,2025_10,2025-10-01 00:00:00+00:00,2025-11-01 00:00:00+00:00,9,0.2903225806451613,0.999615693147648,0.9954813670756858,-0.0003843068523520232,-0.03973046605926267,0.7777777777777778,1.0024326803934462,1.0256001862159886e-05,0.0054336632829557795,0.018971669481965506,0.2864093372552704,-0.021943846600923664,0.005433663282955905,0.7777777777777778,0.0,0.2222222222222222,9,0,18.333333333333332
R3_live_candidate_gate_R06043,2025_11,2025-11-01 00:00:00+00:00,2025-12-01 00:00:00+00:00,16,0.5333333333333333,1.0140514515561512,1.1851692941229945,0.014051451556151173,-0.049238707334288145,0.8125,1.2708929907327218,0.0009410330474881323,0.005433663282955837,0.018527031306205255,0.29328299786139733,-0.04055940126109664,0.005433663282955905,0.8125,0.0625,0.125,16,0,14.5625
R3_live_candidate_gate_R06043,2025_12,2025-12-01 00:00:00+00:00,2026-01-01 00:00:00+00:00,8,0.25806451612903225,0.9693234642069066,0.6927412273288643,-0.030676535793093374,-0.06416107197063525,0.75,0.5209722467239855,-0.0037471413269040826,0.005433663282955795,0.03128955515648371,0.17365741557466183,-0.04055940126109653,0.005433663282955905,0.75,0.125,0.125,8,0,20.75
R3_live_candidate_gate_R06043,2026_01,2026-01-01 00:00:00+00:00,2026-02-01 00:00:00+00:00,11,0.3548387096774194,1.0128667411792116,1.162569052559392,0.012866741179211605,-0.09966937756085803,0.9090909090909091,1.3396803488240112,0.0012524755971329367,0.005433663282955884,0.04055940126109653,0.1339680348824011,-0.04055940126109653,0.005433663282955905,0.9090909090909091,0.09090909090909091,0.0,11,0,12.727272727272727
R3_live_candidate_gate_R06043,2026_02,2026-02-01 00:00:00+00:00,2026-03-01 00:00:00+00:00,4,0.14285714285714285,0.9751655656979239,0.7203292875879841,-0.024834434302076103,-0.042172406553808384,0.75,0.40190410464720494,-0.0060646028530572035,0.005433663282955904,0.04055940126109653,0.13396803488240164,-0.04055940126109653,0.005433663282955905,0.75,0.25,0.0,4,0,17.5
R3_live_candidate_gate_R06043,2026_03,2026-03-01 00:00:00+00:00,2026-04-01 00:00:00+00:00,9,0.2903225806451613,1.0256721413077794,1.3480490369286167,0.025672141307779395,-0.033064622732372206,0.8888888888888888,2.4362934200161668,0.002847434734082849,0.0054336632829558775,0.01784239365690138,0.30453667750202085,-0.01784239365690138,0.005433663282956127,0.8888888888888888,0.0,0.1111111111111111,9,0,23.77777777777778
R3_live_candidate_gate_R06043,2026_04,2026-04-01 00:00:00+00:00,2026-05-01 00:00:00+00:00,6,0.2,0.9986310057245978,0.9834593985819147,-0.0013689942754021578,-0.023605010643770963,0.6666666666666666,0.9488353337393608,-0.000195335311660092,0.005433663282955905,0.011453332500892087,0.4744176668696804,-0.014049057303172767,0.005433663282956127,0.6666666666666666,0.0,0.3333333333333333,6,0,29.166666666666668
R3_live_candidate_gate_R06043,2026_05,2026-05-01 00:00:00+00:00,2026-06-01 00:00:00+00:00,4,0.12903225806451613,1.013101184459181,1.1657435484955458,0.01310118445918107,-0.024899800412487516,0.75,5.038150379229901,0.0032663697679310207,0.005433663282955831,0.0032355107771434083,1.6793834597433002,-0.0032355107771434083,0.005433663282955905,0.75,0.0,0.25,4,0,14.5
R3_live_candidate_gate_R06043,2026_06,2026-06-01 00:00:00+00:00,2026-06-26 04:20:00+00:00,8,0.3177054605626034,1.0443050429825618,1.8754072692898278,0.04430504298256177,-0.01571413517935971,1.0,inf,0.0054336632829558775,0.0054336632829558775,0.0,inf,0.005433663282955683,0.005433663282955905,1.0,0.0,0.0,8,0,7.625
R3_live_candidate_gate_R01540,2025_05,2025-05-30 10:30:00+00:00,2025-06-01 00:00:00+00:00,0,0.0,1.0,1.0,0.0,0.0,0.0,0.0,0.0,0.0,0.0,0.0,0.0,0.0,0.0,0.0,0.0,0,0,0.0
R3_live_candidate_gate_R01540,2025_06,2025-06-01 00:00:00+00:00,2025-07-01 00:00:00+00:00,3,0.1,1.0341529178644517,1.5051142693753878,0.03415291786445174,-0.017142032647618377,1.0,inf,0.011337569541614809,0.011337569541614809,0.0,inf,0.0020430108644148917,0.029430044784200624,0.3333333333333333,0.0,0.6666666666666666,3,0,21.333333333333332
R3_live_candidate_gate_R01540,2025_07,2025-07-01 00:00:00+00:00,2025-08-01 00:00:00+00:00,5,0.16129032258064516,1.0306842499580973,1.4277417941269464,0.030684249958097265,-0.015323593328845808,0.6,3.658474667227859,0.006118458826299725,0.01403325178308328,0.005753730608875603,2.4389831114852396,-0.007421899429793423,0.021273060451294606,0.0,0.0,1.0,5,0,25.0
R3_live_candidate_gate_R01540,2025_08,2025-08-01 00:00:00+00:00,2025-09-01 00:00:00+00:00,2,0.06451612903225806,0.9796681436270829,0.7850373359565004,-0.020331856372917123,-0.034766278545310114,0.5,0.2622344775422722,-0.010068251441056438,0.007157403202074799,0.027293906084187677,0.2622344775422722,-0.027293906084187677,0.007157403202074799,0.0,0.0,1.0,2,0,25.0
R3_live_candidate_gate_R01540,2025_09,2025-09-01 00:00:00+00:00,2025-10-01 00:00:00+00:00,5,0.16666666666666666,0.9960115358015973,0.9525081182719385,-0.003988464198402708,-0.03803188773182731,0.6,0.932916402240559,-0.0006027560903576524,0.013970654080040704,0.022462871345955187,0.6219442681603726,-0.024387579901212122,0.029430044784200624,0.2,0.0,0.8,5,0,24.2
R3_live_candidate_gate_R01540,2025_10,2025-10-01 00:00:00+00:00,2025-11-01 00:00:00+00:00,8,0.25806451612903225,1.0591695062618973,1.9685642620750294,0.05916950626189732,-0.05301817251175356,0.5,2.2559745579201906,0.007406629262263802,0.026607493074196638,0.011794234549669033,2.2559745579201906,-0.01760027172760425,0.0294300447842004,0.375,0.0,0.625,8,0,20.25
R3_live_candidate_gate_R01540,2025_11,2025-11-01 00:00:00+00:00,2025-12-01 00:00:00+00:00,10,0.3333333333333333,0.997921050043512,0.9749807394224672,-0.002078949956488052,-0.03672267299892629,0.6,0.9695158112449628,-0.00014773267496897869,0.00783078977820757,0.012115516354733801,0.6463438741633085,-0.018171618556138375,0.014437987462804452,0.0,0.0,1.0,10,0,25.0
R3_live_candidate_gate_R01540,2025_12,2025-12-01 00:00:00+00:00,2026-01-01 00:00:00+00:00,4,0.12903225806451613,1.003438874450453,1.0412773679327174,0.003438874450452989,-0.027438568704598598,0.5,1.37611618603143,0.0008738567661892946,0.006394451953342325,0.004646738420963735,1.37611618603143,-0.00492207715305983,0.00642033535378657,0.0,0.0,1.0,4,0,25.0
R3_live_candidate_gate_R01540,2026_01,2026-01-01 00:00:00+00:00,2026-02-01 00:00:00+00:00,4,0.12903225806451613,0.9854583530985925,0.8414813893828879,-0.014541646901407468,-0.051056048357798534,0.5,0.7222387471122914,-0.0033341351761076703,0.017338931094673087,0.024007201446888428,0.7222387471122914,-0.04055940126109664,0.029430044784200624,0.25,0.25,0.5,4,0,20.75
R3_live_candidate_gate_R01540,2026_02,2026-02-01 00:00:00+00:00,2026-03-01 00:00:00+00:00,3,0.10714285714285714,0.9591897135390716,0.5806986691807016,-0.040810286460928435,-0.07257538970403155,0.3333333333333333,0.42405124253659254,-0.013324016868150162,0.029430044784200624,0.034701047694325554,0.8481024850731851,-0.04055940126109653,0.029430044784200624,0.3333333333333333,0.3333333333333333,0.3333333333333333,3,0,16.333333333333332
R3_live_candidate_gate_R01540,2026_03,2026-03-01 00:00:00+00:00,2026-04-01 00:00:00+00:00,4,0.12903225806451613,1.0802461120479878,2.4829801214803666,0.08024611204798782,-0.01220762528601771,1.0,inf,0.01954686833597332,0.01954686833597332,0.0,inf,0.002088867021727634,0.029430044784200624,0.5,0.0,0.5,4,0,17.25
R3_live_candidate_gate_R01540,2026_04,2026-04-01 00:00:00+00:00,2026-05-01 00:00:00+00:00,1,0.03333333333333333,1.0059132779283246,1.07442123814102,0.005913277928324634,-0.003317871954646723,1.0,inf,0.005913277928324572,0.005913277928324572,0.0,inf,0.005913277928324572,0.005913277928324572,0.0,0.0,1.0,1,0,25.0
R3_live_candidate_gate_R01540,2026_05,2026-05-01 00:00:00+00:00,2026-06-01 00:00:00+00:00,4,0.12903225806451613,0.9702341362283695,0.7004483748026705,-0.029765863771630485,-0.07655144430360605,0.5,0.5258095072045011,-0.0071852285240382036,0.015934783707296275,0.03030524075537268,0.5258095072045011,-0.04055940126109664,0.029430044784200624,0.25,0.25,0.5,4,0,20.75
R3_live_candidate_gate_R01540,2026_06,2026-06-01 00:00:00+00:00,2026-06-26 04:20:00+00:00,4,0.1588527302813017,1.0331126828372161,1.6040418066395998,0.033112682837216134,-0.02935054728145714,0.75,9.375515018338469,0.008229175773922506,0.012282271341010712,0.003930110927342116,3.12517167277949,-0.003930110927342116,0.02336443475139075,0.0,0.0,1.0,4,0,25.0
R2_relax_winrate_payoff_R05547,2025_05,2025-05-30 10:30:00+00:00,2025-06-01 00:00:00+00:00,0,0.0,1.0,1.0,0.0,0.0,0.0,0.0,0.0,0.0,0.0,0.0,0.0,0.0,0.0,0.0,0.0,0,0,0.0
R2_relax_winrate_payoff_R05547,2025_06,2025-06-01 00:00:00+00:00,2025-07-01 00:00:00+00:00,5,0.16666666666666666,1.0136972977724166,1.1801396883630844,0.013697297772416572,-0.024855071977668564,0.6,1.5186832485488395,0.002814058302403283,0.013732411885469637,0.013563472072196247,1.0124554990325596,-0.013563472072196303,0.013732411885469784,0.6,0.4,0.0,5,0,20.0
R2_relax_winrate_payoff_R05547,2025_07,2025-07-01 00:00:00+00:00,2025-08-01 00:00:00+00:00,5,0.16129032258064516,0.9864023593016896,0.8510280983641724,-0.013597640698310376,-0.026959829106132704,0.4,0.6749703326883739,-0.0026451184891298904,0.013732411885469673,0.013563472072196265,1.012455499032561,-0.013563472072196303,0.013732411885469784,0.4,0.6,0.0,5,0,8.2
R2_relax_winrate_payoff_R05547,2025_08,2025-08-01 00:00:00+00:00,2025-09-01 00:00:00+00:00,6,0.1935483870967742,1.0210912373815877,1.2787947910779904,0.02109123738158769,-0.02503746581024291,0.6666666666666666,1.787568348709759,0.00356072043422348,0.012122816687433289,0.013563472072196136,0.8937841743548794,-0.013563472072196192,0.013732411885469562,0.5,0.3333333333333333,0.16666666666666666,6,0,35.166666666666664
R2_relax_winrate_payoff_R05547,2025_09,2025-09-01 00:00:00+00:00,2025-10-01 00:00:00+00:00,3,0.1,1.0137148546769028,1.1803885649672283,0.01371485467690281,-0.0252397897660408,0.6666666666666666,2.0249109980651,0.004633783899580941,0.013732411885469562,0.013563472072196303,1.01245549903255,-0.013563472072196303,0.013732411885469562,0.6666666666666666,0.3333333333333333,0.0,3,0,26.666666666666668
R2_relax_winrate_payoff_R05547,2025_10,2025-10-01 00:00:00+00:00,2025-11-01 00:00:00+00:00,8,0.25806451612903225,0.973006466296712,0.7243966317282899,-0.026993533703288053,-0.05068154128051594,0.375,0.6074732994195373,-0.0033275155880715204,0.013732411885469637,0.013563472072196214,1.012455499032562,-0.013563472072196303,0.013732411885469784,0.375,0.625,0.0,8,0,22.625
R2_relax_winrate_payoff_R05547,2025_11,2025-11-01 00:00:00+00:00,2025-12-01 00:00:00+00:00,3,0.1,1.013714854676903,1.1803885649672314,0.013714854676903032,-0.018755469684626824,0.6666666666666666,2.0249109980651165,0.004633783899580977,0.013732411885469562,0.013563472072196192,1.0124554990325583,-0.013563472072196192,0.013732411885469562,0.6666666666666666,0.3333333333333333,0.0,3,0,25.333333333333332
R2_relax_winrate_payoff_R05547,2025_12,2025-12-01 00:00:00+00:00,2026-01-01 00:00:00+00:00,4,0.12903225806451613,0.9999653615563224,0.9995919571213181,-3.463844367757041e-05,-0.03391147841617903,0.5,1.012455499032554,8.446990663665745e-05,0.013732411885469562,0.013563472072196247,1.012455499032554,-0.013563472072196303,0.013732411885469562,0.5,0.5,0.0,4,0,31.5
R2_relax_winrate_payoff_R05547,2026_01,2026-01-01 00:00:00+00:00,2026-02-01 00:00:00+00:00,4,0.12903225806451613,0.9999653615563227,0.9995919571213208,-3.463844367734836e-05,-0.01831190341587774,0.5,1.0124554990325665,8.446990663674072e-05,0.013732411885469673,0.013563472072196192,1.0124554990325665,-0.013563472072196192,0.013732411885469784,0.5,0.5,0.0,4,0,18.5
R2_relax_winrate_payoff_R05547,2026_02,2026-02-01 00:00:00+00:00,2026-03-01 00:00:00+00:00,1,0.03571428571428571,1.0137324118854696,1.194724458930637,0.013732411885469586,-0.004496626175327423,1.0,inf,0.013732411885469562,0.013732411885469562,0.0,inf,0.013732411885469562,0.013732411885469562,1.0,0.0,0.0,1,0,25.0
R2_relax_winrate_payoff_R05547,2026_03,2026-03-01 00:00:00+00:00,2026-04-01 00:00:00+00:00,7,0.22580645161290322,1.0417294775735872,1.6188009240916423,0.04172947757358725,-0.02471536247577666,0.7142857142857143,2.531138747581404,0.005933587897565093,0.013732411885469606,0.013563472072196192,1.0124554990325614,-0.013563472072196192,0.013732411885469784,0.7142857142857143,0.2857142857142857,0.0,7,0,25.857142857142858
R2_relax_winrate_payoff_R05547,2026_04,2026-04-01 00:00:00+00:00,2026-05-01 00:00:00+00:00,2,0.06666666666666667,1.0076420803304367,1.0971200504077696,0.0076420803304366736,-0.010675785323952858,0.5,2.2857525728886867,0.0038622911602798227,0.013732411885469562,0.006007829564909917,2.2857525728886867,-0.006007829564909917,0.013732411885469562,0.5,0.0,0.5,2,0,62.5
R2_relax_winrate_payoff_R05547,2026_05,2026-05-01 00:00:00+00:00,2026-06-01 00:00:00+00:00,3,0.0967741935483871,1.0417655627113567,1.61946173391947,0.041765562711356674,-0.011120631001231174,1.0,inf,0.013732411885469637,0.013732411885469637,0.0,inf,0.013732411885469562,0.013732411885469784,1.0,0.0,0.0,3,0,23.333333333333332
R2_relax_winrate_payoff_R05547,2026_06,2026-06-01 00:00:00+00:00,2026-06-26 04:20:00+00:00,3,0.11913954771097628,1.013714854676903,1.2184571243550464,0.013714854676903032,-0.015029821034770685,0.6666666666666666,2.024910998065116,0.0046337838995810145,0.013732411885469673,0.013563472072196303,1.012455499032558,-0.013563472072196303,0.013732411885469784,0.6666666666666666,0.3333333333333333,0.0,3,0,15.333333333333334
R1_relax_frequency_R05709,2025_05,2025-05-30 10:30:00+00:00,2025-06-01 00:00:00+00:00,0,0.0,1.0,1.0,0.0,0.0,0.0,0.0,0.0,0.0,0.0,0.0,0.0,0.0,0.0,0.0,0.0,0,0,0.0
R1_relax_frequency_R05709,2025_06,2025-06-01 00:00:00+00:00,2025-07-01 00:00:00+00:00,17,0.5666666666666667,0.9948194426320743,0.9387207547341573,-0.0051805573679256645,-0.05190737736546458,0.7647058823529411,0.9449334554615673,-0.00024214402256260282,0.005433663282955837,0.01868851776549753,0.29074875552663604,-0.033244004599997865,0.005433663282955905,0.7647058823529411,0.0,0.23529411764705882,17,0,15.529411764705882
R1_relax_frequency_R05709,2025_07,2025-07-01 00:00:00+00:00,2025-08-01 00:00:00+00:00,20,0.6451612903225806,1.0021164131383906,1.0252226160180395,0.002116413138390616,-0.046364933792385044,0.7,1.040817614966703,0.0001491639080538131,0.005433663282955842,0.012181334633384255,0.446064692128587,-0.027427301017172098,0.005433663282955905,0.7,0.0,0.3,20,0,17.1
R1_relax_frequency_R05709,2025_08,2025-08-01 00:00:00+00:00,2025-09-01 00:00:00+00:00,20,0.6451612903225806,0.9533779934183602,0.569765735606206,-0.04662200658163984,-0.08742384627250299,0.7,0.6161107132481932,-0.002293105312841242,0.0052574933101229215,0.01991116876642429,0.26404744853493994,-0.04055940126109642,0.005433663282955905,0.65,0.05,0.3,20,0,21.45
R1_relax_frequency_R05709,2025_09,2025-09-01 00:00:00+00:00,2025-10-01 00:00:00+00:00,15,0.5,1.0081625647446824,1.104039608845257,0.008162564744682355,-0.028953463739679774,0.6666666666666666,1.1862732350960983,0.0005688099549606633,0.005433663282955884,0.009160896701029776,0.5931366175480491,-0.017268979522356745,0.005433663282955905,0.6666666666666666,0.0,0.3333333333333333,15,0,21.733333333333334
R1_relax_frequency_R05709,2025_10,2025-10-01 00:00:00+00:00,2025-11-01 00:00:00+00:00,20,0.6451612903225806,1.0073519357275955,1.0901393531133388,0.0073519357275955155,-0.03903881398765052,0.8,1.1114161453550209,0.00043576679764763813,0.00543366328295585,0.01955581914358521,0.2778540363387552,-0.036457940823821054,0.005433663282955905,0.8,0.0,0.2,20,0,14.9
R1_relax_frequency_R05709,2025_11,2025-11-01 00:00:00+00:00,2025-12-01 00:00:00+00:00,9,0.3,0.9249787727263654,0.3869494682723199,-0.07502122727363458,-0.07533936013811304,0.4444444444444444,0.22104680530370777,-0.008510152141955257,0.005433663282955794,0.019665204481884097,0.2763085066296347,-0.04055940126109664,0.005433663282955905,0.4444444444444444,0.1111111111111111,0.4444444444444444,9,0,21.0
R1_relax_frequency_R05709,2025_12,2025-12-01 00:00:00+00:00,2026-01-01 00:00:00+00:00,11,0.3548387096774194,1.0195463039919936,1.25618299085697,0.01954630399199364,-0.027112055960611725,0.8181818181818182,1.7976256091574132,0.001785409668356563,0.004917996497507363,0.012311231062822038,0.3994723575905363,-0.01558244356386709,0.005433663282955905,0.7272727272727273,0.0,0.2727272727272727,11,0,21.0
R1_relax_frequency_R05709,2026_01,2026-01-01 00:00:00+00:00,2026-02-01 00:00:00+00:00,18,0.5806451612903226,0.9845598530565763,0.8324860150726164,-0.01544014694342366,-0.07033786889120408,0.6666666666666666,0.816037494343872,-0.0008166212290919107,0.005433663282955869,0.01331719025318747,0.408018747171936,-0.02490728503617884,0.005433663282955905,0.6666666666666666,0.0,0.3333333333333333,18,0,20.055555555555557
R1_relax_frequency_R05709,2026_02,2026-02-01 00:00:00+00:00,2026-03-01 00:00:00+00:00,4,0.14285714285714285,1.0219124438926075,1.3267777900277629,0.02191244389260749,-0.010118585009559311,1.0,inf,0.00543366328295585,0.00543366328295585,0.0,inf,0.005433663282955683,0.005433663282955905,1.0,0.0,0.0,4,0,4.0
R1_relax_frequency_R05709,2026_03,2026-03-01 00:00:00+00:00,2026-04-01 00:00:00+00:00,18,0.5806451612903226,1.0415228337686722,1.6150215052755057,0.04152283376867216,-0.02947561925662112,0.7777777777777778,2.196387042942648,0.0022818392303062054,0.005386004153300134,0.008582738000172542,0.627539155126471,-0.0125894407290797,0.005433663282955905,0.7222222222222222,0.0,0.2777777777777778,18,0,17.055555555555557
R1_relax_frequency_R05709,2026_04,2026-04-01 00:00:00+00:00,2026-05-01 00:00:00+00:00,13,0.43333333333333335,1.0071815024145678,1.09103013768976,0.007181502414567831,-0.016086693778777916,0.6153846153846154,1.23979048449137,0.0005667449148155837,0.004761648696238075,0.0061451011354604025,0.7748690528071063,-0.009150774997043906,0.005433663282955905,0.5384615384615384,0.0,0.46153846153846156,13,0,24.307692307692307
R1_relax_frequency_R05709,2026_05,2026-05-01 00:00:00+00:00,2026-06-01 00:00:00+00:00,19,0.6129032258064516,1.0370049245181514,1.534382650367708,0.037004924518151405,-0.0433293220215204,0.8421052631578947,1.7562978317353042,0.0019703972562828327,0.00543366328295585,0.01650035488597326,0.3293058434503695,-0.04055940126109664,0.005433663282955905,0.8421052631578947,0.05263157894736842,0.10526315789473684,19,0,14.473684210526315
R1_relax_frequency_R05709,2026_06,2026-06-01 00:00:00+00:00,2026-06-26 04:20:00+00:00,13,0.5162713734142306,1.072987060626698,2.7783076961477153,0.07298706062669802,-0.027535029949523948,1.0,inf,0.005433663282955905,0.005433663282955905,0.0,inf,0.005433663282955683,0.005433663282956127,1.0,0.0,0.0,13,0,12.538461538461538
R2_relax_winrate_payoff_R06914,2025_05,2025-05-30 10:30:00+00:00,2025-06-01 00:00:00+00:00,0,0.0,1.0,1.0,0.0,0.0,0.0,0.0,0.0,0.0,0.0,0.0,0.0,0.0,0.0,0.0,0.0,0,0,0.0
R2_relax_winrate_payoff_R06914,2025_06,2025-06-01 00:00:00+00:00,2025-07-01 00:00:00+00:00,8,0.26666666666666666,0.9143808782190981,0.33629690734563383,-0.08561912178090192,-0.10176670915906638,0.375,0.4393347242107465,-0.010712116210398295,0.022383906282924738,0.030569729706392112,0.7322245403512442,-0.030569729706392115,0.05344291664819283,0.125,0.625,0.25,0,8,97.0
R2_relax_winrate_payoff_R06914,2025_07,2025-07-01 00:00:00+00:00,2025-08-01 00:00:00+00:00,4,0.12903225806451613,0.9437378011025197,0.5054662075163701,-0.0562621988974803,-0.05940402305820669,0.25,0.13230644874544634,-0.01425931515934879,0.008697076738891555,0.02191144579209557,0.396919346236339,-0.030569729706392115,0.008697076738891555,0.0,0.25,0.75,0,4,138.5
R2_relax_winrate_payoff_R06914,2025_08,2025-08-01 00:00:00+00:00,2025-09-01 00:00:00+00:00,4,0.12903225806451613,1.0884128444269872,2.7133909797411704,0.08841284442698716,-0.0316237557497856,0.75,3.8676002164927477,0.02191544088104386,0.03941049774352259,0.030569729706392337,1.2892000721642491,-0.030569729706392337,0.05344291664819283,0.25,0.25,0.5,0,4,110.0
R2_relax_winrate_payoff_R06914,2025_09,2025-09-01 00:00:00+00:00,2025-10-01 00:00:00+00:00,4,0.13333333333333333,1.064383831626615,2.1375753031495996,0.06438383162661498,-0.04561121763197784,0.5,2.5944682847351443,0.016422061533888924,0.053442916648193,0.02059879358041515,2.5944682847351443,-0.030569729706392115,0.053442916648193055,0.5,0.25,0.25,0,4,93.0
R2_relax_winrate_payoff_R06914,2025_10,2025-10-01 00:00:00+00:00,2025-11-01 00:00:00+00:00,9,0.2903225806451613,0.9964723883183253,0.9592181882846635,-0.0035276116816747027,-0.0745993273619906,0.4444444444444444,1.00216063755025,2.7395271558390247e-05,0.0285899600870992,0.02282265658087426,1.2527007969378128,-0.030569729706392337,0.053442916648192944,0.1111111111111111,0.3333333333333333,0.5555555555555556,0,9,95.66666666666667
R2_relax_winrate_payoff_R06914,2025_11,2025-11-01 00:00:00+00:00,2025-12-01 00:00:00+00:00,7,0.23333333333333334,1.1932404010650148,8.59335560693928,0.19324040106501483,-0.03375100855828839,0.8571428571428571,6.948141175552041,0.025976152570298193,0.03540046628307991,0.030569729706392115,1.1580235292586736,-0.030569729706392115,0.053442916648193055,0.42857142857142855,0.14285714285714285,0.42857142857142855,0,7,102.0
R2_relax_winrate_payoff_R06914,2025_12,2025-12-01 00:00:00+00:00,2026-01-01 00:00:00+00:00,7,0.22580645161290322,0.9390403997977935,0.4766055586677404,-0.060959600202206476,-0.11286128705888998,0.2857142857142857,0.5342173731785327,-0.008498084687607104,0.03411330685398871,0.02554264130424543,1.3355434329463318,-0.030569729706392337,0.053442916648192944,0.14285714285714285,0.5714285714285714,0.2857142857142857,0,7,72.14285714285714
R2_relax_winrate_payoff_R06914,2026_01,2026-01-01 00:00:00+00:00,2026-02-01 00:00:00+00:00,6,0.1935483870967742,0.9133797578018185,0.34386219834536785,-0.08662024219818154,-0.11861269950019038,0.16666666666666666,0.3801342360164104,-0.014524445673367007,0.05344291664819283,0.028117918137678978,1.900671180082052,-0.030569729706392115,0.05344291664819283,0.16666666666666666,0.6666666666666666,0.16666666666666666,0,6,66.16666666666667
R2_relax_winrate_payoff_R06914,2026_02,2026-02-01 00:00:00+00:00,2026-03-01 00:00:00+00:00,6,0.21428571428571427,1.1272938242307728,4.773157302354309,0.12729382423077285,-0.036813313088616795,0.6666666666666666,3.0485138266899945,0.020874171327240038,0.046596121844056114,0.030569729706392115,1.5242569133449972,-0.030569729706392115,0.053442916648192944,0.5,0.3333333333333333,0.16666666666666666,0,6,67.83333333333333
R2_relax_winrate_payoff_R06914,2026_03,2026-03-01 00:00:00+00:00,2026-04-01 00:00:00+00:00,1,0.03225806451612903,1.019169143925072,1.2507186945587117,0.019169143925072074,-0.0049646795882316574,1.0,inf,0.019169143925072168,0.019169143925072168,0.0,inf,0.019169143925072168,0.019169143925072168,0.0,0.0,1.0,0,1,145.0
R2_relax_winrate_payoff_R06914,2026_04,2026-04-01 00:00:00+00:00,2026-05-01 00:00:00+00:00,0,0.0,1.0,1.0,0.0,0.0,0.0,0.0,0.0,0.0,0.0,0.0,0.0,0.0,0.0,0.0,0.0,0,0,0.0
R2_relax_winrate_payoff_R06914,2026_05,2026-05-01 00:00:00+00:00,2026-06-01 00:00:00+00:00,0,0.0,1.0,1.0,0.0,0.0,0.0,0.0,0.0,0.0,0.0,0.0,0.0,0.0,0.0,0.0,0.0,0,0,0.0
R2_relax_winrate_payoff_R06914,2026_06,2026-06-01 00:00:00+00:00,2026-06-26 04:20:00+00:00,5,0.1985659128516271,1.0629758647306031,2.425092654666377,0.06297586473060313,-0.04495940378972352,0.6,2.0626046910347435,0.012993415275870565,0.04203551193071236,0.030569729706392115,1.3750697940231624,-0.030569729706392115,0.053442916648192944,0.4,0.4,0.2,0,5,76.2
R3_live_candidate_gate_R01331,2025_05,2025-05-30 10:30:00+00:00,2025-06-01 00:00:00+00:00,0,0.0,1.0,1.0,0.0,0.0,0.0,0.0,0.0,0.0,0.0,0.0,0.0,0.0,0.0,0.0,0.0,0,0,0.0
R3_live_candidate_gate_R01331,2025_06,2025-06-01 00:00:00+00:00,2025-07-01 00:00:00+00:00,3,0.1,1.0200070068279503,1.272750901954048,0.020007006827950313,-0.022670661481898446,1.0,inf,0.006631001583177895,0.006631001583177895,0.0,inf,0.00332950208946204,0.011432758658267142,0.3333333333333333,0.0,0.6666666666666666,3,0,18.666666666666668
R3_live_candidate_gate_R01331,2025_07,2025-07-01 00:00:00+00:00,2025-08-01 00:00:00+00:00,4,0.12903225806451613,0.9824308962887234,0.8115220404594962,-0.017569103711276624,-0.03968633482828332,0.5,0.5181079090791766,-0.00428665962199249,0.009217633140401851,0.01779095238438683,0.5181079090791766,-0.030560908968911286,0.011432758658267142,0.25,0.25,0.5,4,0,20.5
R3_live_candidate_gate_R01331,2025_08,2025-08-01 00:00:00+00:00,2025-09-01 00:00:00+00:00,5,0.16129032258064516,0.9924845635123644,0.9149524061123708,-0.0075154364876356405,-0.01870789746952506,0.2,0.6069231638344466,-0.0014808967163632014,0.011432758658267142,0.004709310560020787,2.427692655337786,-0.010412391655288301,0.011432758658267142,0.2,0.0,0.8,5,0,21.6
R3_live_candidate_gate_R01331,2025_09,2025-09-01 00:00:00+00:00,2025-10-01 00:00:00+00:00,0,0.0,1.0,1.0,0.0,0.0,0.0,0.0,0.0,0.0,0.0,0.0,0.0,0.0,0.0,0.0,0.0,0,0,0.0
R3_live_candidate_gate_R01331,2025_10,2025-10-01 00:00:00+00:00,2025-11-01 00:00:00+00:00,9,0.2903225806451613,1.0338198169913724,1.4797657908755077,0.033819816991372376,-0.03772278423924147,0.7777777777777778,1.946166818406413,0.003793670437512907,0.010032667516439516,0.01804281933873023,0.5560476624018322,-0.030560908968911064,0.011432758658267142,0.6666666666666666,0.1111111111111111,0.2222222222222222,9,0,13.88888888888889
R3_live_candidate_gate_R01331,2025_11,2025-11-01 00:00:00+00:00,2025-12-01 00:00:00+00:00,0,0.0,1.0,1.0,0.0,0.0,0.0,0.0,0.0,0.0,0.0,0.0,0.0,0.0,0.0,0.0,0.0,0,0,0.0
R3_live_candidate_gate_R01331,2025_12,2025-12-01 00:00:00+00:00,2026-01-01 00:00:00+00:00,2,0.06451612903225806,1.0229962252870723,1.3071889983925549,0.022996225287072347,-0.0031186817078624474,1.0,inf,0.01143275865826703,0.01143275865826703,0.0,inf,0.01143275865826692,0.011432758658267142,1.0,0.0,0.0,2,0,20.5
R3_live_candidate_gate_R01331,2026_01,2026-01-01 00:00:00+00:00,2026-02-01 00:00:00+00:00,1,0.03225806451612903,0.9961312918279484,0.955356683089588,-0.003868708172051649,-0.010779432339260597,0.0,0.0,-0.0038687081720516535,0.0,0.0038687081720516535,0.0,-0.0038687081720516535,-0.0038687081720516535,0.0,0.0,1.0,1,0,25.0
R3_live_candidate_gate_R01331,2026_02,2026-02-01 00:00:00+00:00,2026-03-01 00:00:00+00:00,1,0.03571428571428571,1.0114327586582672,1.1598494088415998,0.011432758658267206,-0.0101185850095592,1.0,inf,0.011432758658267142,0.011432758658267142,0.0,inf,0.011432758658267142,0.011432758658267142,1.0,0.0,0.0,1,0,10.0
R3_live_candidate_gate_R01331,2026_03,2026-03-01 00:00:00+00:00,2026-04-01 00:00:00+00:00,2,0.06451612903225806,1.002881930682736,1.0344882044003951,0.0028819306827359004,-0.01536051330058874,0.5,1.3523212795175934,0.0014892926037270281,0.01143275865826692,0.008454173450812863,1.3523212795175934,-0.008454173450812863,0.01143275865826692,0.5,0.0,0.5,2,0,19.5
R3_live_candidate_gate_R01331,2026_04,2026-04-01 00:00:00+00:00,2026-05-01 00:00:00+00:00,6,0.2,0.9979624897896634,0.9754737845592941,-0.0020375102103366016,-0.01886337957560591,0.3333333333333333,0.9077957699732181,-0.00031041851857992983,0.009168666708881851,0.005049961132310821,1.8155915399464362,-0.012050383993007634,0.01143275865826692,0.16666666666666666,0.0,0.8333333333333334,6,0,22.5
R3_live_candidate_gate_R01331,2026_05,2026-05-01 00:00:00+00:00,2026-06-01 00:00:00+00:00,2,0.06451612903225806,1.0117378893358562,1.1473942124999092,0.011737889335856178,-0.0060034393120986795,1.0,inf,0.005867220141326392,0.005867220141326392,0.0,inf,0.0003016816243856412,0.011432758658267142,0.5,0.0,0.5,2,0,23.0
R3_live_candidate_gate_R01331,2026_06,2026-06-01 00:00:00+00:00,2026-06-26 04:20:00+00:00,2,0.07942636514065085,1.0085159119411413,1.1308870757978158,0.008515911941141319,-0.00963110529448341,0.5,3.9643724028801004,0.004274441300057229,0.011432758658267142,0.0028838760581526824,3.9643724028801004,-0.0028838760581526824,0.011432758658267142,0.5,0.0,0.5,2,0,18.5
R1_relax_frequency_R04007,2025_05,2025-05-30 10:30:00+00:00,2025-06-01 00:00:00+00:00,0,0.0,1.0,1.0,0.0,0.0,0.0,0.0,0.0,0.0,0.0,0.0,0.0,0.0,0.0,0.0,0.0,0,0,0.0
R1_relax_frequency_R04007,2025_06,2025-06-01 00:00:00+00:00,2025-07-01 00:00:00+00:00,6,0.2,0.9930859956766241,0.9189988991534801,-0.006914004323375855,-0.04550929160292694,0.6666666666666666,0.8135197105237937,-0.001059835871011735,0.006935296272410147,0.017050100157855498,0.40675985526189684,-0.030569729706392115,0.006935915987619051,0.6666666666666666,0.16666666666666666,0.16666666666666666,1,5,11.666666666666666
R1_relax_frequency_R04007,2025_07,2025-07-01 00:00:00+00:00,2025-08-01 00:00:00+00:00,1,0.03225806451612903,1.0069334371267837,1.0848151959537493,0.006933437126783737,-0.01667941296160269,1.0,inf,0.006933437126783659,0.006933437126783659,0.0,inf,0.006933437126783659,0.006933437126783659,1.0,0.0,0.0,1,0,28.0
R1_relax_frequency_R04007,2025_08,2025-08-01 00:00:00+00:00,2025-09-01 00:00:00+00:00,6,0.1935483870967742,0.9807591907370135,0.7954005036142046,-0.019240809262986547,-0.04359046434952907,0.5,0.5245843121343086,-0.0031417874159182235,0.006933437126783658,0.013217011958620106,0.5245843121343086,-0.030560908968911175,0.006933437126783659,0.5,0.16666666666666666,0.3333333333333333,4,2,19.166666666666668
R1_relax_frequency_R04007,2025_09,2025-09-01 00:00:00+00:00,2025-10-01 00:00:00+00:00,7,0.23333333333333334,0.937218587006323,0.4541118887950377,-0.06278141299367701,-0.08099261827301996,0.42857142857142855,0.24634259152048754,-0.009091970475255564,0.006934263413728828,0.021111645891993852,0.3284567886939834,-0.030569729706392337,0.006935915987619162,0.42857142857142855,0.2857142857142857,0.2857142857142857,3,4,21.714285714285715
R1_relax_frequency_R04007,2025_10,2025-10-01 00:00:00+00:00,2025-11-01 00:00:00+00:00,6,0.1935483870967742,1.0035185629395882,1.0422521007255126,0.003518562939588188,-0.030634641424111875,0.8333333333333334,1.134444807581549,0.0006847925876404185,0.00693393289895076,0.030560908968911286,0.2268889615163098,-0.030560908968911286,0.00693591598761894,0.8333333333333334,0.16666666666666666,0.0,5,1,9.0
R1_relax_frequency_R04007,2025_11,2025-11-01 00:00:00+00:00,2025-12-01 00:00:00+00:00,3,0.1,0.994939120660863,0.940096593364518,-0.005060879339137014,-0.02477651009974091,0.6666666666666666,0.7409706138546287,-0.0016161549712784135,0.006934676557201355,0.01871781802823795,0.37048530692731435,-0.01871781802823795,0.006935915987619051,0.6666666666666666,0.0,0.3333333333333333,2,1,18.0
R1_relax_frequency_R04007,2025_12,2025-12-01 00:00:00+00:00,2026-01-01 00:00:00+00:00,4,0.12903225806451613,1.0050409950261037,1.0610352710686215,0.005040995026103667,-0.023251244584180486,0.75,1.3351737175718295,0.0013057063845386397,0.006935089700673883,0.01558244356386709,0.44505790585727645,-0.01558244356386709,0.006935915987619051,0.75,0.0,0.25,2,2,17.0
R1_relax_frequency_R04007,2026_01,2026-01-01 00:00:00+00:00,2026-02-01 00:00:00+00:00,8,0.25806451612903225,1.0073547475618478,1.090175206119475,0.007354747561847841,-0.05975001151667547,0.75,1.2363076651078464,0.000994119792200404,0.006934676557201354,0.01682755050280245,0.41210255503594884,-0.030560908968911286,0.006935915987619051,0.75,0.125,0.125,4,4,10.625
R1_relax_frequency_R04007,2026_02,2026-02-01 00:00:00+00:00,2026-03-01 00:00:00+00:00,4,0.14285714285714285,1.028028580919173,1.4341791424601824,0.02802858091917293,-0.0101185850095592,1.0,inf,0.0069346765572013275,0.0069346765572013275,0.0,inf,0.006933437126783659,0.006935915987619051,1.0,0.0,0.0,2,2,8.0
R1_relax_frequency_R04007,2026_03,2026-03-01 00:00:00+00:00,2026-04-01 00:00:00+00:00,5,0.16129032258064516,1.0351563524495127,1.5024637215522818,0.03515635244951265,-0.014149884765069398,1.0,inf,0.006934428671117815,0.006934428671117815,0.0,inf,0.006933437126783437,0.006935915987619051,1.0,0.0,0.0,3,2,14.0
R1_relax_frequency_R04007,2026_04,2026-04-01 00:00:00+00:00,2026-05-01 00:00:00+00:00,6,0.2,1.0101661367598918,1.131051579841252,0.010166136759891753,-0.011014384219103501,0.6666666666666666,2.107005773084165,0.0016999791115188789,0.004853451385506606,0.004606965436456573,1.0535028865420826,-0.007370738876344036,0.006933437126783659,0.3333333333333333,0.0,0.6666666666666666,5,1,28.166666666666668
R1_relax_frequency_R04007,2026_05,2026-05-01 00:00:00+00:00,2026-06-01 00:00:00+00:00,5,0.16129032258064516,1.0196668539965765,1.2579341215960016,0.019666853996576528,-0.019161513427671584,0.8,3.411041421008115,0.0039209839338104745,0.00693405684199248,0.008131307698917543,0.8527603552520288,-0.008131307698917543,0.00693591598761894,0.8,0.0,0.2,3,2,19.8
R1_relax_frequency_R04007,2026_06,2026-06-01 00:00:00+00:00,2026-06-26 04:20:00+00:00,7,0.277992277992278,1.0155018658554147,1.249987094759472,0.015501865855414687,-0.03109645497824154,0.7142857142857143,1.818494763786509,0.0022292329282664345,0.006933932898950716,0.009532516998444268,0.7273979055146036,-0.0127564405027157,0.00693591598761894,0.7142857142857143,0.0,0.2857142857142857,4,3,21.285714285714285
R1_relax_frequency_R06145,2025_05,2025-05-30 10:30:00+00:00,2025-06-01 00:00:00+00:00,0,0.0,1.0,1.0,0.0,0.0,0.0,0.0,0.0,0.0,0.0,0.0,0.0,0.0,0.0,0.0,0.0,0,0,0.0
R1_relax_frequency_R06145,2025_06,2025-06-01 00:00:00+00:00,2025-07-01 00:00:00+00:00,13,0.43333333333333335,0.9957307832732614,0.9492443969352667,-0.004269216726738634,-0.055472687155069256,0.6153846153846154,0.9527439999289729,-0.0002574964479966782,0.008436141815379472,0.014167317669398516,0.595464999955608,-0.02256852529166972,0.008436141815379541,0.6153846153846154,0.15384615384615385,0.23076923076923078,0,13,15.23076923076923
R1_relax_frequency_R06145,2025_07,2025-07-01 00:00:00+00:00,2025-08-01 00:00:00+00:00,9,0.2903225806451613,1.0442869416704392,1.6662505225434305,0.04428694167043923,-0.01832315935489859,0.7777777777777778,3.8346229439549475,0.004850338336457763,0.008436141815379479,0.007699973839768241,1.0956065554156993,-0.011057937365755032,0.008436141815379541,0.7777777777777778,0.0,0.2222222222222222,0,9,21.333333333333332
R1_relax_frequency_R06145,2025_08,2025-08-01 00:00:00+00:00,2025-09-01 00:00:00+00:00,10,0.3225806451612903,0.9903706802446071,0.8922535745558633,-0.00962931975539294,-0.05394038282384783,0.7,0.8722027978415601,-0.0008652583167352146,0.008436141815379574,0.02256852529166972,0.37380119907495435,-0.02256852529166972,0.008436141815379652,0.7,0.3,0.0,0,10,13.2
R1_relax_frequency_R06145,2025_09,2025-09-01 00:00:00+00:00,2025-10-01 00:00:00+00:00,11,0.36666666666666664,1.006758623515134,1.085466031652726,0.00675862351513401,-0.035514723622158795,0.6363636363636364,1.1480360191924288,0.0006733305733685073,0.008205614232017159,0.012508165829266631,0.6560205823956736,-0.02256852529166994,0.008436141815379541,0.5454545454545454,0.09090909090909091,0.36363636363636365,0,11,22.272727272727273
R1_relax_frequency_R06145,2025_10,2025-10-01 00:00:00+00:00,2025-11-01 00:00:00+00:00,17,0.5483870967741935,0.9320865710374134,0.4366421597961074,-0.06791342896258656,-0.09342839244703482,0.5882352941176471,0.531452193092609,-0.004023647693532734,0.007758524980889503,0.020855322942707363,0.3720165351648263,-0.02256852529166994,0.008436141815379652,0.5294117647058824,0.35294117647058826,0.11764705882352941,0,17,14.117647058823529
R1_relax_frequency_R06145,2025_11,2025-11-01 00:00:00+00:00,2025-12-01 00:00:00+00:00,17,0.5666666666666667,1.0176540075653848,1.2374617742684733,0.01765400756538482,-0.05050407991670758,0.7058823529411765,1.2276890265047038,0.001104408963467999,0.008436141815379503,0.016491749881119615,0.5115370943769599,-0.02256852529166972,0.008436141815379652,0.7058823529411765,0.17647058823529413,0.11764705882352941,0,17,16.88235294117647
R1_relax_frequency_R06145,2025_12,2025-12-01 00:00:00+00:00,2026-01-01 00:00:00+00:00,15,0.4838709677419355,0.9956108381672106,0.9494921069022222,-0.004389161832789368,-0.04654024805244972,0.7333333333333333,0.9666960253879041,-0.0002004324248923234,0.007933419526663132,0.02256852529166983,0.3515258274137833,-0.02256852529166994,0.008436141815379652,0.6666666666666666,0.26666666666666666,0.06666666666666667,0,15,18.133333333333333
R1_relax_frequency_R06145,2026_01,2026-01-01 00:00:00+00:00,2026-02-01 00:00:00+00:00,8,0.25806451612903225,1.06438940834963,2.0859582232991136,0.06438940834962992,-0.011860952334151742,1.0,inf,0.00783193503512467,0.00783193503512467,0.0,inf,0.0036024875733407986,0.008436141815379652,0.875,0.0,0.125,0,8,14.25
R1_relax_frequency_R06145,2026_02,2026-02-01 00:00:00+00:00,2026-03-01 00:00:00+00:00,14,0.5,1.0383275991224186,1.633339204877546,0.038327599122418565,-0.03854524676527549,0.7857142857142857,1.7109269479511053,0.002754241585040837,0.00843614181537952,0.01807939259286767,0.4666164403503015,-0.02256852529166994,0.008436141815379652,0.7857142857142857,0.14285714285714285,0.07142857142857142,0,14,14.214285714285714
R1_relax_frequency_R06145,2026_03,2026-03-01 00:00:00+00:00,2026-04-01 00:00:00+00:00,7,0.22580645161290322,1.0452097211912892,1.683681304663593,0.04520972119128919,-0.016019562442662894,0.8571428571428571,8.206518945469275,0.0063498525177540415,0.00843614181537956,0.006167883267999076,1.3677531575782125,-0.006167883267999076,0.008436141815379652,0.8571428571428571,0.0,0.14285714285714285,0,7,15.285714285714286
R1_relax_frequency_R06145,2026_04,2026-04-01 00:00:00+00:00,2026-05-01 00:00:00+00:00,7,0.23333333333333334,1.0194905811832438,1.2649276230717255,0.01949058118324376,-0.014124372271047125,0.7142857142857143,2.6302830827680537,0.0027797036106112774,0.006278645986781964,0.005967652329815438,1.0521132331072214,-0.0076017449071124135,0.008436141815379541,0.42857142857142855,0.0,0.5714285714285714,0,7,27.428571428571427
R1_relax_frequency_R06145,2026_05,2026-05-01 00:00:00+00:00,2026-06-01 00:00:00+00:00,5,0.16129032258064516,1.013711024543741,1.1740383223754434,0.013711024543741068,-0.019245033728599426,0.6,3.7361615935340424,0.0027393430199439137,0.0062341762555349805,0.0025029068334426864,2.4907743956893613,-0.0028449550926953823,0.008436141815379541,0.4,0.0,0.6,0,5,26.2
R1_relax_frequency_R06145,2026_06,2026-06-01 00:00:00+00:00,2026-06-26 04:20:00+00:00,13,0.5162713734142306,1.0156474469295436,1.2525889019231589,0.015647446929543563,-0.03554028085180072,0.7692307692307693,1.2460039969165062,0.0012812186368296949,0.008436141815379519,0.02256852529166972,0.37380119907495185,-0.02256852529166972,0.008436141815379652,0.7692307692307693,0.23076923076923078,0.0,0,13,14.384615384615385
R2_relax_winrate_payoff_R06879,2025_05,2025-05-30 10:30:00+00:00,2025-06-01 00:00:00+00:00,0,0.0,1.0,1.0,0.0,0.0,0.0,0.0,0.0,0.0,0.0,0.0,0.0,0.0,0.0,0.0,0.0,0,0,0.0
R2_relax_winrate_payoff_R06879,2025_06,2025-06-01 00:00:00+00:00,2025-07-01 00:00:00+00:00,3,0.1,0.9872804249119375,0.8556839907677968,-0.01271957508806254,-0.02969333117216888,0.3333333333333333,0.5845141744915238,-0.004120066647373234,0.017388588544209892,0.014874394243164798,1.1690283489830475,-0.023000419269321847,0.017388588544209892,0.0,0.0,1.0,0,3,49.0
R2_relax_winrate_payoff_R06879,2025_07,2025-07-01 00:00:00+00:00,2025-08-01 00:00:00+00:00,11,0.3548387096774194,0.9397993523357808,0.4811639452881371,-0.060200647664219176,-0.06534646362079732,0.2727272727272727,0.2505913812601789,-0.005588264559382708,0.00685166049487401,0.010253236454728976,0.668243683360477,-0.01630453611929783,0.011395257928218855,0.0,0.0,1.0,0,11,49.0
R2_relax_winrate_payoff_R06879,2025_08,2025-08-01 00:00:00+00:00,2025-09-01 00:00:00+00:00,9,0.2903225806451613,1.0103660849274712,1.1291974884876472,0.010366084927471153,-0.042332474979768775,0.7777777777777778,1.3219467644981204,0.0012280094029365224,0.006483000618193432,0.017164459850462666,0.37769907557089155,-0.030569729706392115,0.017312912671874393,0.0,0.1111111111111111,0.8888888888888888,0,9,46.333333333333336
R2_relax_winrate_payoff_R06879,2025_09,2025-09-01 00:00:00+00:00,2025-10-01 00:00:00+00:00,9,0.3,0.9778331648666156,0.7611556748597227,-0.022166835133384355,-0.05163226851158642,0.4444444444444444,0.5853692571240534,-0.0024068861475838818,0.0076455102664287795,0.010448803278794012,0.7317115714050667,-0.030569729706392115,0.015653357213346503,0.0,0.1111111111111111,0.8888888888888888,0,9,45.0
R2_relax_winrate_payoff_R06879,2025_10,2025-10-01 00:00:00+00:00,2025-11-01 00:00:00+00:00,4,0.12903225806451613,1.0037430909985403,1.04500297309015,0.0037430909985403105,-0.020084229575329182,0.5,1.1734628911106593,0.0010231502529662066,0.013843062872973749,0.011796762367041335,1.1734628911106593,-0.015984975507916988,0.016779262169219062,0.0,0.0,1.0,0,4,49.0
R2_relax_winrate_payoff_R06879,2025_11,2025-11-01 00:00:00+00:00,2025-12-01 00:00:00+00:00,5,0.16666666666666666,1.0490790268644647,1.7920077868999853,0.04907902686446475,-0.031104865837333073,0.8,8.172018026706285,0.00974977329555358,0.013886489623784783,0.006797092017371237,2.043004506676571,-0.006797092017371237,0.0394408089224288,0.2,0.0,0.8,0,5,45.0
R2_relax_winrate_payoff_R06879,2025_12,2025-12-01 00:00:00+00:00,2026-01-01 00:00:00+00:00,8,0.25806451612903225,0.9591155014490753,0.6115027095225471,-0.040884498550924686,-0.08460819304088874,0.375,0.5548381158796651,-0.005019479043826757,0.016683059322730745,0.018041002063761257,0.9247301931327753,-0.030569729706392115,0.030485832533860023,0.0,0.125,0.875,0,8,47.125
R2_relax_winrate_payoff_R06879,2026_01,2026-01-01 00:00:00+00:00,2026-02-01 00:00:00+00:00,11,0.3548387096774194,1.1160821529289904,3.6472749732012257,0.11608215292899038,-0.014821736732687274,0.9090909090909091,22.06350736879911,0.010091511957706715,0.011627672400281201,0.005270092468038131,2.2063507368799113,-0.005270092468038131,0.0394408089224288,0.09090909090909091,0.0,0.9090909090909091,0,11,47.54545454545455
R2_relax_winrate_payoff_R06879,2026_02,2026-02-01 00:00:00+00:00,2026-03-01 00:00:00+00:00,13,0.4642857142857143,0.990814013897118,0.8865819898559636,-0.009185986102882016,-0.06270425422034798,0.46153846153846156,0.8803714539433588,-0.0006309213510912856,0.010060010969253378,0.009794577625672426,1.0271000296005852,-0.022421297231844918,0.023472415278511717,0.0,0.0,1.0,0,13,49.0
R2_relax_winrate_payoff_R06879,2026_03,2026-03-01 00:00:00+00:00,2026-04-01 00:00:00+00:00,10,0.3225806451612903,1.02094034487218,1.2765700137136067,0.020940344872180106,-0.03451508350298982,0.6,1.621157221599276,0.0021213257306137625,0.009227407619106369,0.008537797102125147,1.080771481066184,-0.010508645341089803,0.019930944743859837,0.0,0.0,1.0,0,10,49.0
R2_relax_winrate_payoff_R06879,2026_04,2026-04-01 00:00:00+00:00,2026-05-01 00:00:00+00:00,15,0.5,1.0323856318637854,1.474095978683217,0.0323856318637854,-0.03165105888186326,0.6666666666666666,1.8041359823471972,0.002171217090872577,0.00730691878946251,0.00810018630630729,0.9020679911735987,-0.015990613303254995,0.022601789737514606,0.0,0.0,1.0,0,15,49.0
R2_relax_winrate_payoff_R06879,2026_05,2026-05-01 00:00:00+00:00,2026-06-01 00:00:00+00:00,10,0.3225806451612903,1.015514676534329,1.1988879222144415,0.01551467653432903,-0.024876392603488395,0.5,1.3909423484156198,0.0016209348105214912,0.011534318966020255,0.008292449344977273,1.3909423484156196,-0.01620885299713328,0.030712696639032307,0.0,0.0,1.0,0,10,49.0
R2_relax_winrate_payoff_R06879,2026_06,2026-06-01 00:00:00+00:00,2026-06-26 04:20:00+00:00,4,0.1588527302813017,1.038998012592935,1.741808694706241,0.038998012592935005,-0.02169752024378402,0.5,7.678459054694894,0.009760117131194283,0.022443099268001806,0.0029228650056132375,7.678459054694894,-0.004471630832696202,0.03944080892242869,0.25,0.0,0.75,0,4,43.75
R2_relax_winrate_payoff_R00322,2025_05,2025-05-30 10:30:00+00:00,2025-06-01 00:00:00+00:00,0,0.0,1.0,1.0,0.0,0.0,0.0,0.0,0.0,0.0,0.0,0.0,0.0,0.0,0.0,0.0,0.0,0,0,0.0
R2_relax_winrate_payoff_R00322,2025_06,2025-06-01 00:00:00+00:00,2025-07-01 00:00:00+00:00,8,0.26666666666666666,0.9924426102828666,0.9117762455217762,-0.007557389717133378,-0.056435867697882,0.5,0.8695340561385665,-0.0008522790387266157,0.011360599211897492,0.013065157289350721,0.8695340561385665,-0.017385077055269534,0.02322281201030677,0.0,0.0,1.0,0,8,25.0
R2_relax_winrate_payoff_R00322,2025_07,2025-07-01 00:00:00+00:00,2025-08-01 00:00:00+00:00,8,0.25806451612903225,1.0221758058939152,1.294890503799287,0.022175805893915213,-0.0396369507466936,0.5,1.4780234268712584,0.0029068040200916417,0.01797537190651573,0.01216176386633245,1.4780234268712584,-0.01558002467371742,0.04144111002610946,0.125,0.0,0.875,0,8,24.5
R2_relax_winrate_payoff_R00322,2025_08,2025-08-01 00:00:00+00:00,2025-09-01 00:00:00+00:00,9,0.2903225806451613,0.9784455974392473,0.7735720366239409,-0.021554402560752695,-0.04184875736020299,0.4444444444444444,0.7222770816263401,-0.0022796455742664003,0.013339574079347303,0.014775021297157364,0.9028463520329251,-0.030569729706392115,0.022386063320209176,0.0,0.1111111111111111,0.8888888888888888,0,9,23.0
R2_relax_winrate_payoff_R00322,2025_09,2025-09-01 00:00:00+00:00,2025-10-01 00:00:00+00:00,8,0.26666666666666666,1.0653313368777169,2.16085809494826,0.06533133687771686,-0.022151188946906375,0.75,4.559187923261653,0.008021308164671509,0.013699998277366206,0.009014762173412584,1.5197293077538843,-0.009870480522020698,0.027557768496790164,0.0,0.0,1.0,0,8,25.0
R2_relax_winrate_payoff_R00322,2025_10,2025-10-01 00:00:00+00:00,2025-11-01 00:00:00+00:00,7,0.22580645161290322,0.9914184331649405,0.9034391004298176,-0.008581566835059506,-0.04826275481557074,0.2857142857142857,0.7982243903082326,-0.0011415593817453733,0.015806032751441747,0.007920596235020222,1.9955609757705812,-0.026042945632400026,0.01614139728108747,0.0,0.0,1.0,0,7,25.0
R2_relax_winrate_payoff_R00322,2025_11,2025-11-01 00:00:00+00:00,2025-12-01 00:00:00+00:00,14,0.4666666666666667,1.1299181013032908,4.424322866982865,0.12991810130329084,-0.03892055437947983,0.7142857142857143,4.537305454317834,0.008894213142567999,0.015972063270965214,0.008800412178425043,1.8149221817271335,-0.019367582700852332,0.04144111002610946,0.14285714285714285,0.0,0.8571428571428571,0,14,22.785714285714285
R2_relax_winrate_payoff_R00322,2025_12,2025-12-01 00:00:00+00:00,2026-01-01 00:00:00+00:00,8,0.25806451612903225,0.9481722578374087,0.5341700671491897,-0.05182774216259134,-0.05690878810503308,0.5,0.28496181816745425,-0.006512904666544523,0.005191133012151407,0.01821694234524045,0.28496181816745425,-0.030569729706392115,0.010502443028027273,0.0,0.25,0.75,0,8,22.125
R2_relax_winrate_payoff_R00322,2026_01,2026-01-01 00:00:00+00:00,2026-02-01 00:00:00+00:00,5,0.16129032258064516,1.0296457279208526,1.4108836220059595,0.029645727920852627,-0.018072428257131512,0.6,3.1974286544950803,0.006023333026323886,0.014607359056184308,0.006852706018466745,2.13161910299672,-0.010985276612738768,0.04144111002610935,0.2,0.0,0.8,0,5,23.6
R2_relax_winrate_payoff_R00322,2026_02,2026-02-01 00:00:00+00:00,2026-03-01 00:00:00+00:00,10,0.35714285714285715,1.0590905118519571,2.1146723600178587,0.05909051185195713,-0.027481168095667807,0.8,3.707011078978212,0.005807553793620121,0.009941160945875192,0.010726874815400163,0.926752769744553,-0.01495002579025045,0.017219920651383933,0.0,0.0,1.0,0,10,25.0
R2_relax_winrate_payoff_R00322,2026_03,2026-03-01 00:00:00+00:00,2026-04-01 00:00:00+00:00,6,0.1935483870967742,1.0684441377575828,2.1815309039241164,0.06844413775758285,-0.014149884765069398,0.8333333333333334,9.909387640987257,0.011135388936109714,0.014862285483249364,0.007499093799588537,1.9818775281974514,-0.007499093799588537,0.020622857283766217,0.0,0.0,1.0,0,6,25.0
R2_relax_winrate_payoff_R00322,2026_04,2026-04-01 00:00:00+00:00,2026-05-01 00:00:00+00:00,2,0.06666666666666667,1.0022547309525254,1.0277998484078492,0.0022547309525253745,-0.013713431089822814,1.0,inf,0.0011268012559346766,0.0011268012559346766,0.0,inf,0.0007509815991950894,0.001502620912674264,0.0,0.0,1.0,0,2,25.0
R2_relax_winrate_payoff_R00322,2026_05,2026-05-01 00:00:00+00:00,2026-06-01 00:00:00+00:00,5,0.16129032258064516,1.0115666614104837,1.1451083423700656,0.01156666141048368,-0.015719025771536832,0.4,2.9247102158807534,0.0023172190688586112,0.008802876177418744,0.002006552336848143,4.38706532382113,-0.002808972469331503,0.010160900041013603,0.0,0.0,1.0,0,5,25.0
R2_relax_winrate_payoff_R00322,2026_06,2026-06-01 00:00:00+00:00,2026-06-26 04:20:00+00:00,9,0.3574186431329288,0.9990361834505335,0.986110233546231,-0.0009638165494665341,-0.09032947762082477,0.4444444444444444,1.0127630503348397,0.00012070687680817211,0.021551023342954456,0.017023546296108853,1.2659538129185497,-0.030569729706392115,0.02874694970305538,0.0,0.2222222222222222,0.7777777777777778,0,9,22.77777777777778
R1_relax_frequency_R03084,2025_05,2025-05-30 10:30:00+00:00,2025-06-01 00:00:00+00:00,0,0.0,1.0,1.0,0.0,0.0,0.0,0.0,0.0,0.0,0.0,0.0,0.0,0.0,0.0,0.0,0.0,0,0,0.0
R1_relax_frequency_R03084,2025_06,2025-06-01 00:00:00+00:00,2025-07-01 00:00:00+00:00,13,0.43333333333333335,0.9961021840042135,0.9535640925661997,-0.0038978159957865355,-0.034422898443300376,0.46153846153846156,0.9561960949136247,-0.00024180787774629792,0.011436593470900413,0.010251866176586336,1.115562110732562,-0.010566718669586235,0.011436593470900524,0.46153846153846156,0.46153846153846156,0.07692307692307693,0,13,7.3076923076923075
R1_relax_frequency_R03084,2025_07,2025-07-01 00:00:00+00:00,2025-08-01 00:00:00+00:00,5,0.16129032258064516,1.0017158095127137,1.0204041627290283,0.0017158095127136619,-0.025756212482630714,0.6,1.0925839922810185,0.0003913235998962674,0.007696685112884602,0.010566718669586235,0.7283893281873458,-0.010566718669586235,0.011436593470900413,0.4,0.4,0.2,0,5,8.8
R1_relax_frequency_R03084,2025_08,2025-08-01 00:00:00+00:00,2025-09-01 00:00:00+00:00,7,0.22580645161290322,0.9946984393962416,0.9392904567279124,-0.005301560603758415,-0.02173237529348815,0.42857142857142855,0.8272695788481235,-0.0007220784741581416,0.008069365852677578,0.007315661719284931,1.1030261051308312,-0.010566718669586235,0.011436593470900413,0.2857142857142857,0.2857142857142857,0.42857142857142855,0,7,17.285714285714285
R1_relax_frequency_R03084,2025_09,2025-09-01 00:00:00+00:00,2025-10-01 00:00:00+00:00,6,0.2,1.0022487661536894,1.0277253785089668,0.0022487661536894077,-0.017461097447612706,0.5,1.082322131260856,0.0004349374006571074,0.01143659347090045,0.010566718669586235,1.082322131260856,-0.010566718669586235,0.011436593470900524,0.5,0.5,0.0,0,6,10.833333333333334
R1_relax_frequency_R03084,2025_10,2025-10-01 00:00:00+00:00,2025-11-01 00:00:00+00:00,14,0.45161290322580644,1.0504624500610689,1.7861213166744017,0.050462450061068864,-0.031011142524462687,0.6428571428571429,1.948179836269557,0.0035782677064409504,0.011436593470900449,0.010566718669586146,1.0823221312608649,-0.010566718669586235,0.011436593470900635,0.6428571428571429,0.35714285714285715,0.0,0,14,6.285714285714286
R1_relax_frequency_R03084,2025_11,2025-11-01 00:00:00+00:00,2025-12-01 00:00:00+00:00,11,0.36666666666666664,0.9931444004902852,0.9196571455103936,-0.006855599509714816,-0.04032950085992448,0.45454545454545453,0.90193510938405,-0.0005652131511831728,0.011436593470900413,0.01056671866958616,1.08232213126086,-0.010566718669586235,0.011436593470900413,0.45454545454545453,0.5454545454545454,0.0,0,11,5.909090909090909
R1_relax_frequency_R03084,2025_12,2025-12-01 00:00:00+00:00,2026-01-01 00:00:00+00:00,9,0.2903225806451613,1.0144703753593207,1.1844421629688633,0.01447037535932072,-0.02669006459638612,0.5555555555555556,1.3529026640760655,0.0016573436306841249,0.011436593470900413,0.010566718669586235,1.0823221312608524,-0.010566718669586235,0.011436593470900524,0.5555555555555556,0.4444444444444444,0.0,0,9,8.88888888888889
R1_relax_frequency_R03084,2026_01,2026-01-01 00:00:00+00:00,2026-02-01 00:00:00+00:00,6,0.1935483870967742,1.0245716600691348,1.3311057477523707,0.024571660069134804,-0.014724071898133184,0.6666666666666666,3.129584810344137,0.0040879205501289295,0.00901125937607745,0.0057587571017681085,1.5647924051720685,-0.010566718669586235,0.011436593470900524,0.5,0.16666666666666666,0.3333333333333333,0,6,11.833333333333334
R1_relax_frequency_R03084,2026_02,2026-02-01 00:00:00+00:00,2026-03-01 00:00:00+00:00,17,0.6071428571428571,1.0523636829251248,1.9460124980764075,0.05236368292512483,-0.029135412882483114,0.6470588235294118,1.820590629689735,0.0030603354094694076,0.01049327399804517,0.01056671866958616,0.9930494343762191,-0.010566718669586235,0.011436593470900413,0.5882352941176471,0.35294117647058826,0.058823529411764705,0,17,8.764705882352942
R1_relax_frequency_R03084,2026_03,2026-03-01 00:00:00+00:00,2026-04-01 00:00:00+00:00,3,0.0967741935483871,1.034703663280265,1.494740419338633,0.034703663280265085,-0.004533792475231779,1.0,inf,0.01143659347090045,0.01143659347090045,0.0,inf,0.011436593470900413,0.011436593470900524,1.0,0.0,0.0,0,3,4.333333333333333
R1_relax_frequency_R03084,2026_04,2026-04-01 00:00:00+00:00,2026-05-01 00:00:00+00:00,0,0.0,1.0,1.0,0.0,0.0,0.0,0.0,0.0,0.0,0.0,0.0,0.0,0.0,0.0,0.0,0.0,0,0,0.0
R1_relax_frequency_R03084,2026_05,2026-05-01 00:00:00+00:00,2026-06-01 00:00:00+00:00,3,0.0967741935483871,1.012194187329892,1.1535061366050094,0.012194187329892081,-0.013626756936767626,0.6666666666666666,2.1646442625217155,0.004102156090738234,0.011436593470900468,0.010566718669586235,1.0823221312608577,-0.010566718669586235,0.011436593470900524,0.6666666666666666,0.3333333333333333,0.0,0,3,14.333333333333334
R1_relax_frequency_R03084,2026_06,2026-06-01 00:00:00+00:00,2026-06-26 04:20:00+00:00,11,0.4368450082735797,1.0052504992916524,1.0789199675672787,0.005250499291652444,-0.026292587858070093,0.5454545454545454,1.110602297970122,0.0005312288031181907,0.009779518363705138,0.010566718669586146,0.9255019149751018,-0.010566718669586235,0.011436593470900635,0.45454545454545453,0.45454545454545453,0.09090909090909091,0,11,8.272727272727273
R3_live_candidate_gate_R00858,2025_05,2025-05-30 10:30:00+00:00,2025-06-01 00:00:00+00:00,0,0.0,1.0,1.0,0.0,0.0,0.0,0.0,0.0,0.0,0.0,0.0,0.0,0.0,0.0,0.0,0.0,0,0,0.0
R3_live_candidate_gate_R00858,2025_06,2025-06-01 00:00:00+00:00,2025-07-01 00:00:00+00:00,2,0.06666666666666667,0.9553848187690464,0.5736820225739084,-0.04461518123095365,-0.045413364030515435,0.0,0.0,-0.02256211513516299,0.0,0.02256211513516299,0.0,-0.022562115135163045,-0.022562115135162934,0.0,1.0,0.0,2,0,40.5
R3_live_candidate_gate_R00858,2025_07,2025-07-01 00:00:00+00:00,2025-08-01 00:00:00+00:00,2,0.06451612903225806,1.013914946803959,1.176824009372178,0.013914946803958994,-0.013743008012307434,1.0,inf,0.006933437126783881,0.006933437126783881,0.0,inf,0.006933437126783881,0.006933437126783881,1.0,0.0,0.0,2,0,31.5
R3_live_candidate_gate_R00858,2025_08,2025-08-01 00:00:00+00:00,2025-09-01 00:00:00+00:00,4,0.12903225806451613,0.9804441177252031,0.7923950420222962,-0.019555882274796876,-0.030198913803212157,0.5,0.4170152646244674,-0.004846450899394449,0.00693343712678377,0.016626338925572668,0.4170152646244674,-0.022562115135163045,0.006933437126783881,0.5,0.25,0.25,4,0,54.5
R3_live_candidate_gate_R00858,2025_09,2025-09-01 00:00:00+00:00,2025-10-01 00:00:00+00:00,5,0.16666666666666666,1.0351512557887594,1.5229001421836699,0.03515125578875944,-0.010256221248047037,1.0,inf,0.006933437126783659,0.006933437126783659,0.0,inf,0.006933437126783659,0.006933437126783659,1.0,0.0,0.0,5,0,9.4
R3_live_candidate_gate_R00858,2025_10,2025-10-01 00:00:00+00:00,2025-11-01 00:00:00+00:00,2,0.06451612903225806,1.0139149468039588,1.176824009372175,0.013914946803958772,-0.015290714780262227,1.0,inf,0.00693343712678377,0.00693343712678377,0.0,inf,0.006933437126783659,0.006933437126783881,1.0,0.0,0.0,2,0,17.5
R3_live_candidate_gate_R00858,2025_11,2025-11-01 00:00:00+00:00,2025-12-01 00:00:00+00:00,6,0.2,1.0423284119374825,1.6565544393308282,0.04232841193748249,-0.01059542942312841,1.0,inf,0.0069334371267837334,0.0069334371267837334,0.0,inf,0.006933437126783659,0.006933437126783881,1.0,0.0,0.0,6,0,4.5
R3_live_candidate_gate_R00858,2025_12,2025-12-01 00:00:00+00:00,2026-01-01 00:00:00+00:00,2,0.06451612903225806,0.9842148889848839,0.8290558340588521,-0.01578511101511615,-0.02495714901109858,0.5,0.307304394346341,-0.007814339004189638,0.006933437126783659,0.022562115135162934,0.307304394346341,-0.022562115135162934,0.006933437126783659,0.5,0.5,0.0,2,0,5.5
R3_live_candidate_gate_R00858,2026_01,2026-01-01 00:00:00+00:00,2026-02-01 00:00:00+00:00,3,0.0967741935483871,0.9910388810369049,0.8993723670811514,-0.00896111896309515,-0.02939746005139754,0.6666666666666666,0.614608788692679,-0.0028984136271985764,0.006933437126783659,0.022562115135163045,0.3073043943463395,-0.022562115135163045,0.006933437126783659,0.6666666666666666,0.3333333333333333,0.0,3,0,7.666666666666667
R3_live_candidate_gate_R00858,2026_02,2026-02-01 00:00:00+00:00,2026-03-01 00:00:00+00:00,3,0.10714285714285714,0.991038881036905,0.8892103122024079,-0.008961118963095038,-0.030452527358803327,0.6666666666666666,0.614608788692682,-0.002898413627198539,0.006933437126783659,0.022562115135162934,0.307304394346341,-0.022562115135162934,0.006933437126783659,0.6666666666666666,0.3333333333333333,0.0,3,0,6.666666666666667
R3_live_candidate_gate_R00858,2026_03,2026-03-01 00:00:00+00:00,2026-04-01 00:00:00+00:00,4,0.12903225806451613,0.9851308975995551,0.8381928033495051,-0.014869102400444922,-0.044310222880369454,0.5,0.4861557946859835,-0.0036641612929946854,0.00693343712678377,0.01426175971277314,0.4861557946859835,-0.022562115135163045,0.006933437126783881,0.5,0.25,0.25,4,0,71.0
R3_live_candidate_gate_R00858,2026_04,2026-04-01 00:00:00+00:00,2026-05-01 00:00:00+00:00,2,0.06666666666666667,1.0139149468039585,1.1832283612667618,0.01391494680395855,-0.007214620362987811,1.0,inf,0.006933437126783659,0.006933437126783659,0.0,inf,0.006933437126783659,0.006933437126783659,1.0,0.0,0.0,2,0,13.5
R3_live_candidate_gate_R00858,2026_05,2026-05-01 00:00:00+00:00,2026-06-01 00:00:00+00:00,2,0.06451612903225806,1.0139149468039585,1.176824009372172,0.01391494680395855,-0.013711830634518196,1.0,inf,0.006933437126783659,0.006933437126783659,0.0,inf,0.006933437126783659,0.006933437126783659,1.0,0.0,0.0,2,0,41.0
R3_live_candidate_gate_R00858,2026_06,2026-06-01 00:00:00+00:00,2026-06-26 04:20:00+00:00,2,0.07942636514065085,1.0139149468039585,1.2219503634005155,0.01391494680395855,-0.00460234067207288,1.0,inf,0.006933437126783659,0.006933437126783659,0.0,inf,0.006933437126783659,0.006933437126783659,1.0,0.0,0.0,2,0,3.0
R3_live_candidate_gate_R04808,2025_05,2025-05-30 10:30:00+00:00,2025-06-01 00:00:00+00:00,0,0.0,1.0,1.0,0.0,0.0,0.0,0.0,0.0,0.0,0.0,0.0,0.0,0.0,0.0,0.0,0.0,0,0,0.0
R3_live_candidate_gate_R04808,2025_06,2025-06-01 00:00:00+00:00,2025-07-01 00:00:00+00:00,2,0.06666666666666667,0.9963539597931894,0.9565027054593017,-0.0036460402068105857,-0.017134376225610315,0.0,0.0,-0.0018244383619156893,0.0,0.0018244383619156893,0.0,-0.00252590704665047,-0.0011229696771809087,0.0,0.0,1.0,0,2,10.0
R3_live_candidate_gate_R04808,2025_07,2025-07-01 00:00:00+00:00,2025-08-01 00:00:00+00:00,3,0.0967741935483871,0.9832494041679184,0.8195240910925553,-0.016750595832081605,-0.024335317706855708,0.3333333333333333,0.2168230939847899,-0.005582417108766463,0.004636488666123395,0.01069186999621139,0.4336461879695798,-0.015045862626962999,0.004636488666123395,0.0,0.0,1.0,0,3,10.0
R3_live_candidate_gate_R04808,2025_08,2025-08-01 00:00:00+00:00,2025-09-01 00:00:00+00:00,3,0.0967741935483871,0.99934832042828,0.992348661802468,-0.0006516795717199653,-0.0075815004147478104,0.3333333333333333,0.817723173911862,-0.00021472532416838972,0.0028898770737865445,0.0017670265231458568,1.635446347823724,-0.002415725439955638,0.0028898770737865445,0.0,0.0,1.0,0,3,10.0
R3_live_candidate_gate_R04808,2025_09,2025-09-01 00:00:00+00:00,2025-10-01 00:00:00+00:00,2,0.06666666666666667,1.0169237012084986,1.2266930313116133,0.01692370120849862,-0.01811060425542399,1.0,inf,0.008444786125157323,0.008444786125157323,0.0,inf,0.002346798382005777,0.014542773868308868,0.0,0.0,1.0,0,2,10.0
R3_live_candidate_gate_R04808,2025_10,2025-10-01 00:00:00+00:00,2025-11-01 00:00:00+00:00,5,0.16129032258064516,0.982855156708082,0.8156608048401616,-0.01714484329191801,-0.03714154578509343,0.4,0.4367023958897935,-0.003408997063541639,0.006607152126900596,0.010086429857169796,0.6550535938346902,-0.015732705614594462,0.011397539978396896,0.0,0.0,1.0,0,5,10.0
R3_live_candidate_gate_R04808,2025_11,2025-11-01 00:00:00+00:00,2025-12-01 00:00:00+00:00,1,0.03333333333333333,0.9980396332686585,0.9763922380390441,-0.0019603667313414785,-0.005269564984952124,0.0,0.0,-0.0019603667313415254,0.0,0.0019603667313415254,0.0,-0.0019603667313415254,-0.0019603667313415254,0.0,0.0,1.0,0,1,10.0
R3_live_candidate_gate_R04808,2025_12,2025-12-01 00:00:00+00:00,2026-01-01 00:00:00+00:00,1,0.03225806451612903,0.9999245005586145,0.999110808081408,-7.549944138551812e-05,-0.004040264894390466,0.0,0.0,-7.549944138552159e-05,0.0,7.549944138552159e-05,0.0,-7.549944138552159e-05,-7.549944138552159e-05,0.0,0.0,1.0,0,1,10.0
R3_live_candidate_gate_R04808,2026_01,2026-01-01 00:00:00+00:00,2026-02-01 00:00:00+00:00,2,0.06451612903225806,1.0073058481933088,1.0895518560763824,0.007305848193308817,-0.023029434390126946,0.5,3.5884225100209606,0.0036673307595529287,0.010168303048149144,0.002833641529043287,3.5884225100209606,-0.002833641529043287,0.010168303048149144,0.0,0.0,1.0,0,2,10.0
R3_live_candidate_gate_R04808,2026_02,2026-02-01 00:00:00+00:00,2026-03-01 00:00:00+00:00,5,0.17857142857142858,1.0229738142107399,1.3448662658722126,0.02297381421073985,-0.010605637444333849,0.8,14.636268759398087,0.004562832468831958,0.0061218031391382126,0.0016730502123930581,3.6590671898495217,-0.0016730502123930581,0.01073169598217057,0.0,0.0,1.0,0,5,10.0
R3_live_candidate_gate_R04808,2026_03,2026-03-01 00:00:00+00:00,2026-04-01 00:00:00+00:00,5,0.16129032258064516,1.067226031159073,2.152406583707703,0.06722603115907311,-0.014149884765069398,0.8,115.76918194032183,0.013140072400845988,0.016568204621271378,0.0005724564808555758,28.942295485080457,-0.0005724564808555758,0.027546423620423144,0.0,0.0,1.0,0,5,10.0
R3_live_candidate_gate_R04808,2026_04,2026-04-01 00:00:00+00:00,2026-05-01 00:00:00+00:00,2,0.06666666666666667,0.9914704049122941,0.900961056542851,-0.008529595087705899,-0.013713431089822814,0.5,0.034981128024038945,-0.004263431983590822,0.00030909169627822155,0.008835955663459866,0.034981128024038945,-0.008835955663459866,0.00030909169627822155,0.0,0.0,1.0,0,2,10.0
R3_live_candidate_gate_R04808,2026_05,2026-05-01 00:00:00+00:00,2026-06-01 00:00:00+00:00,0,0.0,1.0,1.0,0.0,0.0,0.0,0.0,0.0,0.0,0.0,0.0,0.0,0.0,0.0,0.0,0.0,0,0,0.0
R3_live_candidate_gate_R04808,2026_06,2026-06-01 00:00:00+00:00,2026-06-26 04:20:00+00:00,6,0.23827909542195255,0.999550983337299,0.993506616614486,-0.00044901666270102947,-0.012417437005868726,0.5,0.9690859414812876,-6.39713458463772e-05,0.004010714534931498,0.004138657226624252,0.9690859414812876,-0.007115376982333773,0.00709505016926816,0.0,0.0,1.0,0,6,10.0
R1_relax_frequency_R03473,2025_05,2025-05-30 10:30:00+00:00,2025-06-01 00:00:00+00:00,0,0.0,1.0,1.0,0.0,0.0,0.0,0.0,0.0,0.0,0.0,0.0,0.0,0.0,0.0,0.0,0.0,0,0,0.0
R1_relax_frequency_R03473,2025_06,2025-06-01 00:00:00+00:00,2025-07-01 00:00:00+00:00,2,0.06666666666666667,1.0169375409884973,1.2268963038499057,0.016937540988497313,-0.014186070321463795,1.0,inf,0.008433210970611301,0.008433210970611301,0.0,inf,0.00843321097061119,0.008433210970611412,1.0,0.0,0.0,2,0,19.5
R1_relax_frequency_R03473,2025_07,2025-07-01 00:00:00+00:00,2025-08-01 00:00:00+00:00,8,0.25806451612903225,0.966552944234159,0.6697685842451214,-0.03344705576584095,-0.05035757359632498,0.5,0.46257315423617806,-0.004164953329784251,0.007169703613397223,0.015499610272965723,0.46257315423617806,-0.02555606473934765,0.00843614181537943,0.375,0.0,0.625,5,3,27.5
R1_relax_frequency_R03473,2025_08,2025-08-01 00:00:00+00:00,2025-09-01 00:00:00+00:00,7,0.22580645161290322,1.0359266050241913,1.515688933385403,0.035926605024191316,-0.026979827208788998,0.8571428571428571,5.778411498127752,0.005069496661088127,0.007152148946478926,0.007426417051256674,0.963068583021292,-0.007426417051256674,0.008436141815379652,0.5714285714285714,0.0,0.42857142857142855,4,3,24.714285714285715
R1_relax_frequency_R03473,2025_09,2025-09-01 00:00:00+00:00,2025-10-01 00:00:00+00:00,4,0.13333333333333333,1.034167973522746,1.5053810711776083,0.03416797352274603,-0.02191208413833623,1.0,inf,0.008434676392995449,0.008434676392995449,0.0,inf,0.008433210970611412,0.008436141815379541,1.0,0.0,0.0,2,2,19.75
R1_relax_frequency_R03473,2025_10,2025-10-01 00:00:00+00:00,2025-11-01 00:00:00+00:00,5,0.16129032258064516,1.0428893302225133,1.6401647142149376,0.04288933022251329,-0.02938475389279327,1.0,inf,0.008434383308518664,0.008434383308518664,0.0,inf,0.008433210970611412,0.008436141815379541,1.0,0.0,0.0,3,2,11.0
R1_relax_frequency_R03473,2025_11,2025-11-01 00:00:00+00:00,2025-12-01 00:00:00+00:00,6,0.2,0.9880915610122735,0.86428264008745,-0.011908438987726533,-0.040625280881711245,0.5,0.6849055412581488,-0.0019405460892486957,0.008436141815379578,0.01231723399387697,0.6849055412581488,-0.013392385704678246,0.008436141815379652,0.5,0.0,0.5,1,5,27.333333333333332
R1_relax_frequency_R03473,2025_12,2025-12-01 00:00:00+00:00,2026-01-01 00:00:00+00:00,8,0.25806451612903225,0.9208037440286965,0.37827465857108494,-0.07919625597130353,-0.09074082902582259,0.375,0.1870766834973942,-0.010114642285400093,0.006207108575852452,0.01990769280215162,0.311794472495657,-0.04055940126109653,0.00843614181537943,0.25,0.125,0.625,5,3,33.625
R1_relax_frequency_R03473,2026_01,2026-01-01 00:00:00+00:00,2026-02-01 00:00:00+00:00,5,0.16129032258064516,1.0317637947033111,1.4454611117179046,0.03176379470331114,-0.010298054708598459,0.8,14.512850911338075,0.0062827917288056185,0.008434676392995421,0.0023247469279535924,3.628212727834519,-0.0023247469279535924,0.008436141815379541,0.8,0.0,0.2,3,2,14.6
R1_relax_frequency_R03473,2026_02,2026-02-01 00:00:00+00:00,2026-03-01 00:00:00+00:00,5,0.17857142857142858,1.0084683308041975,1.116279456975373,0.00846833080419751,-0.015390562738152647,0.6,1.5156480625265152,0.0017218679698927277,0.008435164867123498,0.008348077375953427,1.0104320416843435,-0.009014706011407116,0.008436141815379541,0.6,0.0,0.4,3,2,28.4
R1_relax_frequency_R03473,2026_03,2026-03-01 00:00:00+00:00,2026-04-01 00:00:00+00:00,8,0.25806451612903225,1.0308638778204542,1.4306762957535557,0.03086387782045419,-0.035542091539482956,0.875,2.108834317228685,0.0038805197395917596,0.00843446704694058,0.027997111411849972,0.3012620453183835,-0.027997111411849972,0.008436141815379541,0.875,0.0,0.125,4,4,19.125
R1_relax_frequency_R03473,2026_04,2026-04-01 00:00:00+00:00,2026-05-01 00:00:00+00:00,3,0.1,1.0140341329387574,1.1849228825252276,0.014034132938757438,-0.00816866531917737,1.0,inf,0.004660047419690098,0.004660047419690098,0.0,inf,0.002038491173097097,0.00843321097061119,0.3333333333333333,0.0,0.6666666666666666,2,1,28.0
R1_relax_frequency_R03473,2026_05,2026-05-01 00:00:00+00:00,2026-06-01 00:00:00+00:00,3,0.0967741935483871,1.0020877834614048,1.0248775691477636,0.002087783461404813,-0.01770095454009135,0.6666666666666666,1.1550164536726595,0.0007546868665296719,0.008434676392995421,0.014605292186401827,0.5775082268363297,-0.014605292186401827,0.00843614181537943,0.6666666666666666,0.0,0.3333333333333333,2,1,21.333333333333332
R1_relax_frequency_R03473,2026_06,2026-06-01 00:00:00+00:00,2026-06-26 04:20:00+00:00,7,0.277992277992278,1.0276359593097204,1.4850182223499429,0.027635959309720404,-0.018667408015501152,0.7142857142857143,2.873938933771871,0.0039280138771132424,0.008433797139565016,0.007336444279016193,1.1495755735087483,-0.009371058616075465,0.008436141815379652,0.7142857142857143,0.0,0.2857142857142857,4,3,24.142857142857142
R3_live_candidate_gate_R03070,2025_05,2025-05-30 10:30:00+00:00,2025-06-01 00:00:00+00:00,0,0.0,1.0,1.0,0.0,0.0,0.0,0.0,0.0,0.0,0.0,0.0,0.0,0.0,0.0,0.0,0.0,0,0,0.0
R3_live_candidate_gate_R03070,2025_06,2025-06-01 00:00:00+00:00,2025-07-01 00:00:00+00:00,2,0.06666666666666667,0.9843509753581254,0.8252793098217363,-0.015649024641874565,-0.03525051330796947,0.0,0.0,-0.007848172973376666,0.0,0.007848172973376666,0.0,-0.011626071084938672,-0.004070274861814659,0.0,0.0,1.0,0,2,25.0
R3_live_candidate_gate_R03070,2025_07,2025-07-01 00:00:00+00:00,2025-08-01 00:00:00+00:00,3,0.0967741935483871,1.0103416134065468,1.1288752896799352,0.010341613406546823,-0.004479901066258174,1.0,inf,0.003435389056177979,0.003435389056177979,0.0,inf,0.003435389056177905,0.003435389056178016,1.0,0.0,0.0,0,3,1.6666666666666667
R3_live_candidate_gate_R03070,2025_08,2025-08-01 00:00:00+00:00,2025-09-01 00:00:00+00:00,3,0.0967741935483871,0.9937421350270799,0.9287056385146989,-0.006257864972920135,-0.01675763842132394,0.6666666666666666,0.5264712725687303,-0.002059948304575239,0.003435389056178016,0.013050623026081749,0.26323563628436514,-0.013050623026081749,0.003435389056178127,0.6666666666666666,0.0,0.3333333333333333,0,3,12.333333333333334
R3_live_candidate_gate_R03070,2025_09,2025-09-01 00:00:00+00:00,2025-10-01 00:00:00+00:00,1,0.03333333333333333,1.003435389056178,1.0426381478387408,0.0034353890561780176,-0.0029325015394505716,1.0,inf,0.003435389056178016,0.003435389056178016,0.0,inf,0.003435389056178016,0.003435389056178016,1.0,0.0,0.0,0,1,1.0
R3_live_candidate_gate_R03070,2025_10,2025-10-01 00:00:00+00:00,2025-11-01 00:00:00+00:00,1,0.03225806451612903,1.003435389056178,1.0412347543725728,0.0034353890561780176,-0.005267898925664927,1.0,inf,0.003435389056178016,0.003435389056178016,0.0,inf,0.003435389056178016,0.003435389056178016,1.0,0.0,0.0,0,1,3.0
R3_live_candidate_gate_R03070,2025_11,2025-11-01 00:00:00+00:00,2025-12-01 00:00:00+00:00,4,0.13333333333333333,0.9984866920624845,0.9817304695688207,-0.0015133079375154734,-0.02196223257235097,0.75,0.8783482625390588,-0.0003568525139990555,0.003435389056177979,0.011733577224530159,0.2927827541796863,-0.011733577224530159,0.003435389056178127,0.75,0.0,0.25,0,4,12.5
R3_live_candidate_gate_R03070,2025_12,2025-12-01 00:00:00+00:00,2026-01-01 00:00:00+00:00,3,0.0967741935483871,1.0103416134065468,1.1288752896799352,0.010341613406546823,-0.004040264894390577,1.0,inf,0.003435389056177979,0.003435389056177979,0.0,inf,0.003435389056177905,0.003435389056178016,1.0,0.0,0.0,0,3,2.0
R3_live_candidate_gate_R03070,2026_01,2026-01-01 00:00:00+00:00,2026-02-01 00:00:00+00:00,1,0.03225806451612903,1.003435389056178,1.0412347543725728,0.0034353890561780176,-0.0025400517882505635,1.0,inf,0.003435389056178016,0.003435389056178016,0.0,inf,0.003435389056178016,0.003435389056178016,1.0,0.0,0.0,0,1,3.0
R3_live_candidate_gate_R03070,2026_02,2026-02-01 00:00:00+00:00,2026-03-01 00:00:00+00:00,3,0.10714285714285714,1.0103416134065466,1.1436328088473262,0.010341613406546601,-0.00988500847393503,1.0,inf,0.0034353890561779417,0.0034353890561779417,0.0,inf,0.003435389056177905,0.003435389056178016,1.0,0.0,0.0,0,3,6.333333333333333
R3_live_candidate_gate_R03070,2026_03,2026-03-01 00:00:00+00:00,2026-04-01 00:00:00+00:00,8,0.25806451612903225,0.989816808469872,0.8863919325421404,-0.010183191530128033,-0.040646774565861965,0.875,0.6819388918510448,-0.0012153802632786383,0.002978098228594715,0.030569729706392115,0.09741984169300641,-0.030569729706392115,0.003435389056178127,0.75,0.125,0.125,0,8,12.125
R3_live_candidate_gate_R03070,2026_04,2026-04-01 00:00:00+00:00,2026-05-01 00:00:00+00:00,2,0.06666666666666667,1.0049431720562914,1.0618735632454857,0.004943172056291356,-0.009137046227389645,1.0,inf,0.00246900498442614,0.00246900498442614,0.0,inf,0.001502620912674264,0.003435389056178016,0.5,0.0,0.5,0,2,18.5
R3_live_candidate_gate_R03070,2026_05,2026-05-01 00:00:00+00:00,2026-06-01 00:00:00+00:00,1,0.03225806451612903,1.003435389056178,1.0412347543725728,0.0034353890561780176,-0.0022126801496014092,1.0,inf,0.003435389056178127,0.003435389056178127,0.0,inf,0.003435389056178127,0.003435389056178127,1.0,0.0,0.0,0,1,1.0
R3_live_candidate_gate_R03070,2026_06,2026-06-01 00:00:00+00:00,2026-06-26 04:20:00+00:00,3,0.11913954771097628,1.010341613406547,1.160948368471354,0.010341613406547046,-0.012492784962046422,1.0,inf,0.003435389056178016,0.003435389056178016,0.0,inf,0.003435389056178016,0.003435389056178016,1.0,0.0,0.0,0,3,8.666666666666666
R3_live_candidate_gate_R06083,2025_05,2025-05-30 10:30:00+00:00,2025-06-01 00:00:00+00:00,0,0.0,1.0,1.0,0.0,0.0,0.0,0.0,0.0,0.0,0.0,0.0,0.0,0.0,0.0,0.0,0.0,0,0,0.0
R3_live_candidate_gate_R06083,2025_06,2025-06-01 00:00:00+00:00,2025-07-01 00:00:00+00:00,22,0.7333333333333333,0.9800390373170544,0.7823265892287699,-0.01996096268294556,-0.053260069108314045,0.6818181818181818,0.7680671503539868,-0.0008841084590896444,0.004294117211911791,0.011980306325521292,0.3584313368318605,-0.0175151860398858,0.004435539608018343,0.6363636363636364,0.0,0.36363636363636365,10,12,9.636363636363637
R3_live_candidate_gate_R06083,2025_07,2025-07-01 00:00:00+00:00,2025-08-01 00:00:00+00:00,3,0.0967741935483871,1.0076776289514362,1.0942993707970652,0.0076776289514361995,-0.007123204290548579,0.6666666666666666,7.386709180164644,0.0025562119329028735,0.004434676830877706,0.001200717863046792,3.693354590082322,-0.001200717863046792,0.004435539608018232,0.6666666666666666,0.0,0.3333333333333333,1,2,10.333333333333334
R3_live_candidate_gate_R06083,2025_08,2025-08-01 00:00:00+00:00,2025-09-01 00:00:00+00:00,5,0.16129032258064516,1.0048849039132346,1.0590953272401307,0.004884903913234595,-0.015514504165219045,0.8,1.3918638986808936,0.0009988274020093647,0.004434676830877734,0.012744570313464113,0.3479659746702234,-0.012744570313464113,0.004435539608018343,0.8,0.0,0.2,3,2,8.2
R3_live_candidate_gate_R06083,2025_09,2025-09-01 00:00:00+00:00,2025-10-01 00:00:00+00:00,8,0.26666666666666666,0.9502902277596572,0.5375266550902877,-0.04970977224034279,-0.07213521857366112,0.5,0.2614254374597114,-0.00626438561641088,0.004434676830877734,0.016963448063699493,0.2614254374597114,-0.03391967622560785,0.004435539608018343,0.5,0.0,0.5,3,5,15.375
R3_live_candidate_gate_R06083,2025_10,2025-10-01 00:00:00+00:00,2025-11-01 00:00:00+00:00,19,0.6129032258064516,0.9690017231744286,0.6900368935533174,-0.030998276825571436,-0.07818572176211291,0.6842105263157895,0.6544515051107801,-0.0016020525720336597,0.0044346104634054185,0.01468148914881833,0.30205454082036,-0.029327942814767093,0.004435539608018343,0.6842105263157895,0.0,0.3157894736842105,9,10,8.105263157894736
R3_live_candidate_gate_R06083,2025_11,2025-11-01 00:00:00+00:00,2025-12-01 00:00:00+00:00,13,0.43333333333333335,1.0167495627071172,1.2241380024628938,0.01674956270711725,-0.032405466736315613,0.8461538461538461,1.536352279201479,0.001309974826291841,0.004434598396592274,0.015875454810360547,0.27933677803663254,-0.023257266153909103,0.004435539608018454,0.8461538461538461,0.0,0.15384615384615385,8,5,8.846153846153847
R3_live_candidate_gate_R06083,2025_12,2025-12-01 00:00:00+00:00,2026-01-01 00:00:00+00:00,7,0.22580645161290322,1.0260029374794624,1.3531805021992143,0.026002937479462362,-0.0124608267959736,0.8571428571428571,30.297023769931954,0.0036756886988389475,0.004434676830877781,0.0008782400933940464,5.049503961655327,-0.0008782400933940464,0.004435539608018343,0.8571428571428571,0.0,0.14285714285714285,4,3,7.0
R3_live_candidate_gate_R06083,2026_01,2026-01-01 00:00:00+00:00,2026-02-01 00:00:00+00:00,10,0.3225806451612903,0.9756742045539403,0.7481465277483904,-0.024325795446059728,-0.030448700820896013,0.5,0.4777260902536062,-0.002424198903280323,0.0044348493863059,0.009283247192866547,0.47772609025360613,-0.02154023796618628,0.004435539608018454,0.5,0.0,0.5,7,3,11.9
R3_live_candidate_gate_R06083,2026_02,2026-02-01 00:00:00+00:00,2026-03-01 00:00:00+00:00,19,0.6785714285714286,1.0312134667155792,1.4932324010901625,0.03121346671557923,-0.04218824683742006,0.7894736842105263,1.8802369616906154,0.0016391778557926448,0.004435079460210027,0.008845453160772534,0.5013965231174975,-0.021025586348269558,0.004435539608018454,0.7894736842105263,0.0,0.21052631578947367,5,14,8.263157894736842
R3_live_candidate_gate_R06083,2026_03,2026-03-01 00:00:00+00:00,2026-04-01 00:00:00+00:00,10,0.3225806451612903,1.0247348215625394,1.333605455925934,0.024734821562539366,-0.015595320279120584,0.8,3.2464715495732146,0.0024548228755870167,0.00443446113659263,0.005463730168435439,0.8116178873933036,-0.007894296024056604,0.004435539608018454,0.8,0.0,0.2,6,4,7.9
R3_live_candidate_gate_R06083,2026_04,2026-04-01 00:00:00+00:00,2026-05-01 00:00:00+00:00,1,0.03333333333333333,1.0044338140537374,1.0553393418895776,0.004433814053737439,-0.002926437019761363,1.0,inf,0.004433814053737403,0.004433814053737403,0.0,inf,0.004433814053737403,0.004433814053737403,1.0,0.0,0.0,1,0,4.0
R3_live_candidate_gate_R06083,2026_05,2026-05-01 00:00:00+00:00,2026-06-01 00:00:00+00:00,11,0.3548387096774194,1.049874908157575,1.7743861662429958,0.04987490815757489,-0.02421181465027511,1.0,inf,0.0044344415280212,0.0044344415280212,0.0,inf,0.00443381405373696,0.004435539608018343,1.0,0.0,0.0,7,4,6.636363636363637
R3_live_candidate_gate_R06083,2026_06,2026-06-01 00:00:00+00:00,2026-06-26 04:20:00+00:00,13,0.5162713734142306,1.0031160634075613,1.0461627763561854,0.0031160634075613203,-0.03257434759199762,0.6923076923076923,1.0960154960517645,0.00026895299280708484,0.004434580966751043,0.00910370994856682,0.48711799824522867,-0.02244944815277074,0.004435539608018343,0.6923076923076923,0.0,0.3076923076923077,7,6,10.615384615384615
R3_live_candidate_gate_R04374,2025_05,2025-05-30 10:30:00+00:00,2025-06-01 00:00:00+00:00,0,0.0,1.0,1.0,0.0,0.0,0.0,0.0,0.0,0.0,0.0,0.0,0.0,0.0,0.0,0.0,0.0,0,0,0.0
R3_live_candidate_gate_R04374,2025_06,2025-06-01 00:00:00+00:00,2025-07-01 00:00:00+00:00,2,0.06666666666666667,0.9555615578772567,0.5749754542430838,-0.04443844212274328,-0.04790150963996653,0.0,0.0,-0.02243796096537956,0.0,0.02243796096537956,0.0,-0.030560908968911397,-0.014315012961847727,0.0,0.5,0.5,2,0,39.0
R3_live_candidate_gate_R04374,2025_07,2025-07-01 00:00:00+00:00,2025-08-01 00:00:00+00:00,5,0.16129032258064516,1.013203759446726,1.1671349653884227,0.013203759446726027,-0.02414036580392409,0.8,2.3343373076295557,0.0026476475468660255,0.005789861389211689,0.00992120782251663,0.5835843269073889,-0.00992120782251663,0.007599875491996081,0.0,0.0,1.0,5,0,49.0
R3_live_candidate_gate_R04374,2025_08,2025-08-01 00:00:00+00:00,2025-09-01 00:00:00+00:00,7,0.22580645161290322,0.9915887484729258,0.905269417645601,-0.008411251527074226,-0.04183886827055705,0.5714285714285714,0.8982429757119723,-0.000998985334790681,0.015432155575141094,0.022907173214699716,0.6736822317839792,-0.030560908968911397,0.01543215557514115,0.5714285714285714,0.2857142857142857,0.14285714285714285,7,0,31.571428571428573
R3_live_candidate_gate_R04374,2025_09,2025-09-01 00:00:00+00:00,2025-10-01 00:00:00+00:00,6,0.2,0.9238693004818519,0.3813364124194761,-0.0761306995181481,-0.0933022492427712,0.16666666666666666,0.1650997591295603,-0.013006591161170441,0.01543215557514115,0.018694340508432758,0.8254987956478014,-0.030560908968911175,0.01543215557514115,0.16666666666666666,0.16666666666666666,0.6666666666666666,6,0,36.0
R3_live_candidate_gate_R04374,2025_10,2025-10-01 00:00:00+00:00,2025-11-01 00:00:00+00:00,3,0.0967741935483871,1.0470145961923611,1.7182576497383217,0.04701459619236115,-0.01570052968997715,1.0,inf,0.015432155575141151,0.015432155575141151,0.0,inf,0.01543215557514115,0.01543215557514115,1.0,0.0,0.0,3,0,23.333333333333332
R3_live_candidate_gate_R04374,2025_11,2025-11-01 00:00:00+00:00,2025-12-01 00:00:00+00:00,4,0.13333333333333333,1.0303350636788884,1.4388416153014527,0.030335063678888385,-0.030160596377124316,0.75,2.906141186780744,0.0075914758055431845,0.015432155575141224,0.015930563503250932,0.9687137289269147,-0.015930563503250932,0.015432155575141372,0.75,0.0,0.25,4,0,34.5
R3_live_candidate_gate_R04374,2025_12,2025-12-01 00:00:00+00:00,2026-01-01 00:00:00+00:00,4,0.12903225806451613,0.9731725538100062,0.7258548613061284,-0.026827446189993776,-0.04987774201128092,0.5,0.37476766075206364,-0.006644484757120102,0.00796548051984617,0.021254450034086374,0.37476766075206364,-0.030560908968911286,0.010017406763497634,0.0,0.25,0.75,4,0,45.0
R3_live_candidate_gate_R04374,2026_01,2026-01-01 00:00:00+00:00,2026-02-01 00:00:00+00:00,3,0.0967741935483871,0.9987543239512221,0.9854212881073825,-0.0012456760487778995,-0.024189423718094516,0.3333333333333333,0.9364248128375479,-0.00034923685830036524,0.01543215557514115,0.008239933075021123,1.8728496256750957,-0.011761092740328454,0.01543215557514115,0.3333333333333333,0.0,0.6666666666666666,3,0,34.666666666666664
R3_live_candidate_gate_R04374,2026_02,2026-02-01 00:00:00+00:00,2026-03-01 00:00:00+00:00,4,0.14285714285714285,1.039667578533081,1.6610500977523275,0.039667578533080894,-0.01164558250300951,0.75,6.597653450910771,0.0098198389267766,0.015432155575141151,0.007017111018317045,2.199217816970257,-0.007017111018317045,0.01543215557514115,0.75,0.0,0.25,4,0,24.0
R3_live_candidate_gate_R04374,2026_03,2026-03-01 00:00:00+00:00,2026-04-01 00:00:00+00:00,4,0.12903225806451613,1.0087298422105813,1.107838573498415,0.008729842210581262,-0.027450377468100418,0.5,1.4222090724400456,0.002290660430098435,0.01543215557514115,0.01085083471494428,1.4222090724400456,-0.021520304342900812,0.01543215557514115,0.5,0.0,0.5,4,0,43.25
R3_live_candidate_gate_R04374,2026_04,2026-04-01 00:00:00+00:00,2026-05-01 00:00:00+00:00,7,0.23333333333333334,1.0130704357137645,1.1712851477363082,0.013070435713764539,-0.027963530809668402,0.5714285714285714,1.3516309522709125,0.0019449708945707353,0.013083447231912817,0.012906330888552043,1.0137232142031842,-0.014673677831186166,0.01543215557514115,0.42857142857142855,0.0,0.5714285714285714,7,0,38.714285714285715
R3_live_candidate_gate_R04374,2026_05,2026-05-01 00:00:00+00:00,2026-06-01 00:00:00+00:00,5,0.16129032258064516,1.0445568250654487,1.6713313017883302,0.04455682506544867,-0.026115183160203892,0.8,3.5254648081131976,0.008843853038307333,0.01543215557514115,0.01750935710902793,0.8813662020282994,-0.01750935710902793,0.01543215557514115,0.8,0.0,0.2,5,0,29.2
R3_live_candidate_gate_R04374,2026_06,2026-06-01 00:00:00+00:00,2026-06-26 04:20:00+00:00,3,0.11913954771097628,1.0219694547077085,1.3705637122116199,0.021969454707708502,-0.021903353815258875,0.6666666666666666,3.4845329919549424,0.007335597960461707,0.015432155575141038,0.008857517268896956,1.7422664959774712,-0.008857517268896956,0.01543215557514115,0.6666666666666666,0.0,0.3333333333333333,3,0,31.333333333333332
R2_relax_winrate_payoff_R05586,2025_05,2025-05-30 10:30:00+00:00,2025-06-01 00:00:00+00:00,0,0.0,1.0,1.0,0.0,0.0,0.0,0.0,0.0,0.0,0.0,0.0,0.0,0.0,0.0,0.0,0.0,0,0,0.0
R2_relax_winrate_payoff_R05586,2025_06,2025-06-01 00:00:00+00:00,2025-07-01 00:00:00+00:00,7,0.23333333333333334,1.020501785369738,1.2802878846019663,0.020501785369738013,-0.02940315808926197,0.5714285714285714,1.5171408276516054,0.003006369719615163,0.015434675626701408,0.013564704823166497,1.137855620738704,-0.013567170325106995,0.015437195678261722,0.5714285714285714,0.42857142857142855,0.0,4,3,14.571428571428571
R2_relax_winrate_payoff_R05586,2025_07,2025-07-01 00:00:00+00:00,2025-08-01 00:00:00+00:00,4,0.12903225806451613,0.9808494424948131,0.7962633294515971,-0.019150557505186905,-0.03167785805517842,0.25,0.4481133002027097,-0.004751477699540675,0.01543215557514115,0.01147935545776795,1.344339900608129,-0.013567170325106995,0.01543215557514115,0.25,0.5,0.25,2,2,21.25
R2_relax_winrate_payoff_R05586,2025_08,2025-08-01 00:00:00+00:00,2025-09-01 00:00:00+00:00,3,0.0967741935483871,0.9777847952219908,0.7674388883895843,-0.0222152047780092,-0.02922604193777445,0.3333333333333333,0.17933782160098263,-0.007422709035808541,0.0048662135427883675,0.013567170325106995,0.35867564320196527,-0.013567170325106995,0.0048662135427883675,0.0,0.6666666666666666,0.3333333333333333,1,2,26.333333333333332
R2_relax_winrate_payoff_R05586,2025_09,2025-09-01 00:00:00+00:00,2025-10-01 00:00:00+00:00,8,0.26666666666666666,1.0679401350318076,2.226171452326963,0.06794013503180762,-0.015712713080085594,0.875,5.891232033195749,0.008295022261748266,0.011418192631299017,0.013567170325106995,0.8416045761708214,-0.013567170325106995,0.0154371956782615,0.5,0.125,0.375,5,3,23.625
R2_relax_winrate_payoff_R05586,2025_10,2025-10-01 00:00:00+00:00,2025-11-01 00:00:00+00:00,2,0.06451612903225806,0.9730533755385002,0.7248082176585527,-0.026946624461499757,-0.027956667768437193,0.0,0.0,-0.013565321198651538,0.0,0.013565321198651538,0.0,-0.013567170325106773,-0.013563472072196303,0.0,1.0,0.0,1,1,8.5
R2_relax_winrate_payoff_R05586,2025_11,2025-11-01 00:00:00+00:00,2025-12-01 00:00:00+00:00,2,0.06666666666666667,1.0016593698917875,1.0203912018269066,0.0016593698917874988,-0.015551529345024684,0.5,1.137773240730547,0.0009343417514723678,0.015432155575140927,0.013563472072196192,1.137773240730547,-0.013563472072196192,0.015432155575140927,0.5,0.5,0.0,2,0,6.5
R2_relax_winrate_payoff_R05586,2025_12,2025-12-01 00:00:00+00:00,2026-01-01 00:00:00+00:00,5,0.16129032258064516,0.9877707417833268,0.8650425589372128,-0.0122292582166732,-0.025871302234235616,0.2,0.561602140776329,-0.002410116716582162,0.01543719567826161,0.006871944815293105,2.246408563105316,-0.013567170325106995,0.01543719567826161,0.2,0.2,0.6,1,4,28.2
R2_relax_winrate_payoff_R05586,2026_01,2026-01-01 00:00:00+00:00,2026-02-01 00:00:00+00:00,6,0.1935483870967742,1.0016698661158394,1.0198528831002394,0.0016698661158394135,-0.03357267017410459,0.3333333333333333,1.070616911350369,0.000339407764860581,0.015437195678261666,0.007209486191839962,2.141233822700738,-0.013563472072196192,0.015437195678261722,0.3333333333333333,0.16666666666666666,0.5,3,3,27.833333333333332
R2_relax_winrate_payoff_R05586,2026_02,2026-02-01 00:00:00+00:00,2026-03-01 00:00:00+00:00,5,0.17857142857142858,0.9777412926901362,0.7455469720684536,-0.02225870730986379,-0.03382764828811069,0.2,0.41046227633164356,-0.004434419299780998,0.015437195678261722,0.009402323044291677,1.6418491053265742,-0.013563472072196303,0.015437195678261722,0.2,0.4,0.4,3,2,24.8
R2_relax_winrate_payoff_R05586,2026_03,2026-03-01 00:00:00+00:00,2026-04-01 00:00:00+00:00,6,0.1935483870967742,0.9716496398009651,0.7125838766484872,-0.02835036019903492,-0.05439525004430079,0.16666666666666666,0.3524011748527453,-0.00472654772132315,0.01543215557514115,0.00875828838061601,1.7620058742637263,-0.013567170325106773,0.01543215557514115,0.16666666666666666,0.5,0.3333333333333333,4,2,21.666666666666668
R2_relax_winrate_payoff_R05586,2026_04,2026-04-01 00:00:00+00:00,2026-05-01 00:00:00+00:00,4,0.13333333333333333,0.9935771022815517,0.9245473693731685,-0.006422897718448284,-0.020874811907691915,0.25,0.713084416829225,-0.0015528217613576388,0.0154371956782615,0.007216160907897351,2.139253250487675,-0.013563472072196192,0.0154371956782615,0.25,0.25,0.5,2,2,29.75
R2_relax_winrate_payoff_R05586,2026_05,2026-05-01 00:00:00+00:00,2026-06-01 00:00:00+00:00,8,0.25806451612903225,1.0527101487783725,1.8316738888872213,0.052710148778372545,-0.018254288492256632,0.75,3.507601880125724,0.0064989496135345794,0.012120864992669586,0.010366796523870434,1.1692006267085748,-0.013563472072196192,0.01543719567826161,0.5,0.125,0.375,7,1,25.5
R2_relax_winrate_payoff_R05586,2026_06,2026-06-01 00:00:00+00:00,2026-06-26 04:20:00+00:00,5,0.1985659128516271,1.0587914375078071,2.2902405614310166,0.05879143750780713,-0.012347113293596168,0.8,14.930625486172882,0.011521673425002718,0.01543593565248147,0.004135375484912283,3.7326563715432206,-0.004135375484912283,0.01543719567826161,0.8,0.0,0.2,2,3,25.8
R1_relax_frequency_R02662,2025_05,2025-05-30 10:30:00+00:00,2025-06-01 00:00:00+00:00,0,0.0,1.0,1.0,0.0,0.0,0.0,0.0,0.0,0.0,0.0,0.0,0.0,0.0,0.0,0.0,0.0,0,0,0.0
R1_relax_frequency_R02662,2025_06,2025-06-01 00:00:00+00:00,2025-07-01 00:00:00+00:00,4,0.13333333333333333,0.9940192131435024,0.9295685726708174,-0.005980786856497611,-0.032180783294140425,0.5,0.7032872097493625,-0.0014631113413564537,0.006935915987619051,0.009862138670331958,0.7032872097493625,-0.010566718669586235,0.006935915987619051,0.5,0.25,0.25,0,4,7.25
R1_relax_frequency_R02662,2025_07,2025-07-01 00:00:00+00:00,2025-08-01 00:00:00+00:00,1,0.03225806451612903,0.9894332813304137,0.882353725365306,-0.01056671866958625,-0.016055966110378517,0.0,0.0,-0.010566718669586235,0.0,0.010566718669586235,0.0,-0.010566718669586235,-0.010566718669586235,0.0,1.0,0.0,0,1,6.0
R1_relax_frequency_R02662,2025_08,2025-08-01 00:00:00+00:00,2025-09-01 00:00:00+00:00,4,0.12903225806451613,0.9960001983822302,0.9538763809410454,-0.003999801617769805,-0.01058199935329085,0.25,0.6368202432950351,-0.0009888914130131274,0.006935915987619051,0.00363049387989052,1.9104607298851053,-0.0062261520218548335,0.006935915987619051,0.25,0.0,0.75,0,4,11.25
R1_relax_frequency_R02662,2025_09,2025-09-01 00:00:00+00:00,2025-10-01 00:00:00+00:00,2,0.06666666666666667,1.0139199389058253,1.183299291502292,0.013919938905825324,-0.0029325015394505716,1.0,inf,0.006935915987618995,0.006935915987618995,0.0,inf,0.00693591598761894,0.006935915987619051,1.0,0.0,0.0,0,2,3.5
R1_relax_frequency_R02662,2025_10,2025-10-01 00:00:00+00:00,2025-11-01 00:00:00+00:00,4,0.12903225806451613,1.0101642856088349,1.1265430553520945,0.010164285608834867,-0.012451752125961946,0.75,1.9691778132361448,0.002560257323317729,0.006935915987618977,0.010566718669586013,0.6563926044120483,-0.010566718669586013,0.006935915987619051,0.75,0.25,0.0,0,4,5.75
R1_relax_frequency_R02662,2025_11,2025-11-01 00:00:00+00:00,2025-12-01 00:00:00+00:00,2,0.06666666666666667,0.983135181361025,0.8129543648343194,-0.016864818638975043,-0.016939260614303064,0.0,0.0,-0.00846603980867015,0.0,0.00846603980867015,0.0,-0.010566718669586013,-0.006365360947754289,0.0,0.5,0.5,0,2,9.5
R1_relax_frequency_R02662,2025_12,2025-12-01 00:00:00+00:00,2026-01-01 00:00:00+00:00,4,0.12903225806451613,0.9930599468268935,0.9212216959671993,-0.006940053173106531,-0.01938609270944347,0.5,0.5555756120467216,-0.0017176762814914582,0.004294539531381782,0.007729892094364699,0.5555756120467216,-0.010566718669586235,0.006935915987619051,0.25,0.25,0.5,0,4,11.0
R1_relax_frequency_R02662,2026_01,2026-01-01 00:00:00+00:00,2026-02-01 00:00:00+00:00,3,0.0967741935483871,1.0038553417514664,1.046380736364357,0.0038553417514664012,-0.007722152310994268,0.3333333333333333,2.2656555342315086,0.0012915291434880572,0.006935915987619162,0.001530664278577495,4.531311068463017,-0.00213826958253013,0.006935915987619162,0.3333333333333333,0.0,0.6666666666666666,0,3,10.0
R1_relax_frequency_R02662,2026_02,2026-02-01 00:00:00+00:00,2026-03-01 00:00:00+00:00,8,0.2857142857142857,1.016659173406235,1.2405101369478289,0.016659173406234906,-0.020857455558868643,0.75,1.7930203069565114,0.002094905620719593,0.006315447050821536,0.010566718669586235,0.5976734356521705,-0.010566718669586235,0.006935915987619051,0.625,0.25,0.125,0,8,6.625
R1_relax_frequency_R02662,2026_03,2026-03-01 00:00:00+00:00,2026-04-01 00:00:00+00:00,5,0.16129032258064516,1.017170700227511,1.2221264731377106,0.017170700227510993,-0.014149884765069398,0.8,2.625570417648145,0.0034353890561779495,0.006935915987618995,0.010566718669586235,0.6563926044120363,-0.010566718669586235,0.006935915987619051,0.8,0.2,0.0,0,5,3.8
R1_relax_frequency_R02662,2026_04,2026-04-01 00:00:00+00:00,2026-05-01 00:00:00+00:00,2,0.06666666666666667,0.9853893732773098,0.8359414706629209,-0.014610626722690201,-0.015264915288960013,0.0,0.0,-0.007326906954126525,0.0,0.007326906954126525,0.0,-0.010566718669586013,-0.004087095238667039,0.0,0.5,0.5,0,2,7.0
R1_relax_frequency_R02662,2026_05,2026-05-01 00:00:00+00:00,2026-06-01 00:00:00+00:00,2,0.06451612903225806,1.0139199389058253,1.1768922799364228,0.013919938905825324,-0.0028166650173118146,1.0,inf,0.006935915987618995,0.006935915987618995,0.0,inf,0.00693591598761894,0.006935915987619051,1.0,0.0,0.0,0,2,6.0
R1_relax_frequency_R02662,2026_06,2026-06-01 00:00:00+00:00,2026-06-26 04:20:00+00:00,3,0.11913954771097628,1.0098222581894991,1.152322015792577,0.009822258189499111,-0.008540027140097606,0.6666666666666666,3.4324116500357893,0.0032768025462559768,0.006935915987618995,0.004041424336470059,1.7162058250178946,-0.004041424336470059,0.006935915987619051,0.6666666666666666,0.0,0.3333333333333333,0,3,9.333333333333334
R2_relax_winrate_payoff_R00444,2025_05,2025-05-30 10:30:00+00:00,2025-06-01 00:00:00+00:00,0,0.0,1.0,1.0,0.0,0.0,0.0,0.0,0.0,0.0,0.0,0.0,0.0,0.0,0.0,0.0,0.0,0,0,0.0
R2_relax_winrate_payoff_R00444,2025_06,2025-06-01 00:00:00+00:00,2025-07-01 00:00:00+00:00,7,0.23333333333333334,0.9987393217852966,0.9847588990350654,-0.0012606782147034368,-0.06580789545346222,0.42857142857142855,1.0051186057036408,4.8294371114195244e-05,0.022127835611025146,0.016511361558819014,1.3401581409381875,-0.02256852529166972,0.03023942384549808,0.2857142857142857,0.2857142857142857,0.42857142857142855,0,7,69.28571428571429
R2_relax_winrate_payoff_R00444,2025_07,2025-07-01 00:00:00+00:00,2025-08-01 00:00:00+00:00,8,0.25806451612903225,0.968449999738952,0.6854219641749737,-0.03155000026104804,-0.05517477396562487,0.375,0.5520083969489709,-0.0038516207118200123,0.012655754916281563,0.01375604608868096,0.9200139949149515,-0.02256852529166972,0.03023942384549808,0.125,0.375,0.5,0,8,73.875
R2_relax_winrate_payoff_R00444,2025_08,2025-08-01 00:00:00+00:00,2025-09-01 00:00:00+00:00,8,0.25806451612903225,1.0257361298752365,1.3490402662109182,0.025736129875236546,-0.03722596923234478,0.5,1.4626440911886471,0.0033944323768118306,0.02146291956794408,0.014674054814320419,1.4626440911886471,-0.02256852529166972,0.03023942384549808,0.25,0.25,0.5,0,8,69.5
R2_relax_winrate_payoff_R00444,2025_09,2025-09-01 00:00:00+00:00,2025-10-01 00:00:00+00:00,5,0.16666666666666666,1.0933783217308248,2.9650385048146752,0.09337832173082483,-0.03175767780049232,0.8,5.038174284827296,0.018227127695859022,0.028426040942741204,0.02256852529166972,1.259543571206824,-0.02256852529166972,0.03023942384549808,0.6,0.2,0.2,0,5,49.4
R2_relax_winrate_payoff_R00444,2025_10,2025-10-01 00:00:00+00:00,2025-11-01 00:00:00+00:00,12,0.3870967741935484,0.9626504631667814,0.6385913965793045,-0.03734953683321862,-0.158994376559224,0.4166666666666667,0.7818778986266037,-0.0028715715942186372,0.02470416358221301,0.022568525291669812,1.094629058077245,-0.02256852529166994,0.03023942384549808,0.3333333333333333,0.5833333333333334,0.08333333333333333,0,12,35.333333333333336
R2_relax_winrate_payoff_R00444,2025_11,2025-11-01 00:00:00+00:00,2025-12-01 00:00:00+00:00,14,0.4666666666666667,1.151680095027075,5.58104347175004,0.1516800950270749,-0.052059499435441636,0.6428571428571429,2.426433856993967,0.010423899682610826,0.027582432763195698,0.020461459862441946,1.3480188094410928,-0.02256852529166972,0.03023942384549819,0.5714285714285714,0.2857142857142857,0.14285714285714285,0,14,51.5
R2_relax_winrate_payoff_R00444,2025_12,2025-12-01 00:00:00+00:00,2026-01-01 00:00:00+00:00,7,0.22580645161290322,0.9480170220116708,0.5331405596848114,-0.05198297798832918,-0.06533951867243581,0.42857142857142855,0.42529507366366287,-0.007411567237296461,0.01279771016853455,0.02256852529166972,0.5670600982182172,-0.02256852529166972,0.03023942384549808,0.14285714285714285,0.5714285714285714,0.2857142857142857,0,7,44.57142857142857
R2_relax_winrate_payoff_R00444,2026_01,2026-01-01 00:00:00+00:00,2026-02-01 00:00:00+00:00,5,0.16129032258064516,0.9975340572798093,0.9713287925373555,-0.002465942720190739,-0.051355641488260884,0.4,0.9849878569202917,-0.00018435092543614764,0.030239423845498024,0.020466867439392262,1.4774817853804376,-0.02256852529166994,0.03023942384549808,0.4,0.4,0.2,0,5,48.8
R2_relax_winrate_payoff_R00444,2026_02,2026-02-01 00:00:00+00:00,2026-03-01 00:00:00+00:00,9,0.32142857142857145,0.988838386551218,0.8637966299507778,-0.01116161344878197,-0.06764778198964783,0.4444444444444444,0.9140788392832803,-0.0009875384205209102,0.023638506774198115,0.02068837457629613,1.1425985491041002,-0.02256852529166972,0.03023942384549819,0.2222222222222222,0.4444444444444444,0.3333333333333333,0,9,64.22222222222223
R2_relax_winrate_payoff_R00444,2026_03,2026-03-01 00:00:00+00:00,2026-04-01 00:00:00+00:00,4,0.12903225806451613,1.0412040892663295,1.6092076484052082,0.04120408926632946,-0.019755195287956995,0.75,9.215256962760643,0.010225155278581937,0.01529307949885427,0.004978617382235061,3.0717523209202144,-0.004978617382235061,0.03023942384549808,0.25,0.0,0.75,0,4,94.25
R2_relax_winrate_payoff_R00444,2026_04,2026-04-01 00:00:00+00:00,2026-05-01 00:00:00+00:00,1,0.03333333333333333,1.0034999555197044,1.0434552499159466,0.0034999555197043897,-0.0069684802025158366,1.0,inf,0.0034999555197045003,0.0034999555197045003,0.0,inf,0.0034999555197045003,0.0034999555197045003,0.0,0.0,1.0,0,1,97.0
R2_relax_winrate_payoff_R00444,2026_05,2026-05-01 00:00:00+00:00,2026-06-01 00:00:00+00:00,4,0.12903225806451613,0.9704608971017384,0.7023796471290646,-0.02953910289826156,-0.0575817841292775,0.25,0.4692248341063239,-0.007273670113887659,0.02572077121797176,0.018271817224507464,1.4076745023189716,-0.02256852529166972,0.02572077121797176,0.0,0.5,0.5,0,4,75.0
R2_relax_winrate_payoff_R00444,2026_06,2026-06-01 00:00:00+00:00,2026-06-26 04:20:00+00:00,7,0.277992277992278,1.1088261613460753,4.47461124602327,0.10882616134607526,-0.039216590597937806,0.7142857142857143,3.34973413799656,0.015151438377735818,0.030239423845498083,0.02256852529166983,1.339893655198624,-0.02256852529166994,0.03023942384549819,0.7142857142857143,0.2857142857142857,0.0,0,7,38.714285714285715
R1_relax_frequency_R01242,2025_05,2025-05-30 10:30:00+00:00,2025-06-01 00:00:00+00:00,0,0.0,1.0,1.0,0.0,0.0,0.0,0.0,0.0,0.0,0.0,0.0,0.0,0.0,0.0,0.0,0.0,0,0,0.0
R1_relax_frequency_R01242,2025_06,2025-06-01 00:00:00+00:00,2025-07-01 00:00:00+00:00,21,0.7,0.9672759146102742,0.6669231641190524,-0.03272408538972582,-0.09262721504367855,0.7142857142857143,0.7683530223112546,-0.001493411641653269,0.006934924443284856,0.022564251853998584,0.3073412089245018,-0.02256852529166972,0.006935915987619162,0.7142857142857143,0.2857142857142857,0.0,10,11,19.333333333333332
R1_relax_frequency_R01242,2025_07,2025-07-01 00:00:00+00:00,2025-08-01 00:00:00+00:00,13,0.41935483870967744,0.9629413507339651,0.6408686729535852,-0.03705864926603486,-0.0515580531928056,0.6153846153846154,0.6029288331122752,-0.002810445342375433,0.006934676557201383,0.018402640381698337,0.376830520695172,-0.02256852529166972,0.006935915987619162,0.6153846153846154,0.3076923076923077,0.07692307692307693,6,7,29.53846153846154
R1_relax_frequency_R01242,2025_08,2025-08-01 00:00:00+00:00,2025-09-01 00:00:00+00:00,13,0.41935483870967744,1.022665563147405,1.3022194067328203,0.022665563147405088,-0.0397534565196489,0.7692307692307693,1.501804930457227,0.0017822688071707808,0.006934180785034265,0.015390771119040832,0.45054147913716813,-0.02256852529166972,0.006935915987619051,0.7692307692307693,0.15384615384615385,0.07692307692307693,7,6,20.692307692307693
R1_relax_frequency_R01242,2025_09,2025-09-01 00:00:00+00:00,2025-10-01 00:00:00+00:00,10,0.3333333333333333,0.9962222183871449,0.954964044321506,-0.0037777816128551356,-0.06039733216373866,0.7,0.940353321477491,-0.00030793050659172786,0.006935207741666018,0.017208586419193136,0.40300856634749616,-0.022562115135162934,0.006935915987619051,0.7,0.2,0.1,5,5,24.9
R1_relax_frequency_R01242,2025_10,2025-10-01 00:00:00+00:00,2025-11-01 00:00:00+00:00,17,0.5483870967741935,0.9985335879739843,0.9828582944906405,-0.0014664120260157176,-0.07706096898264436,0.7647058823529411,0.9986478237826131,-7.180381920209626e-06,0.006934771898002716,0.02256852529166972,0.3072762534715732,-0.02256852529166972,0.006935915987619051,0.7647058823529411,0.23529411764705882,0.0,6,11,14.117647058823529
R1_relax_frequency_R01242,2025_11,2025-11-01 00:00:00+00:00,2025-12-01 00:00:00+00:00,19,0.6333333333333333,1.0124480488742347,1.1625541856470016,0.012448048874234674,-0.048524665124724864,0.7894736842105263,1.1525018885310687,0.000724423064760216,0.006934593928506848,0.022563717674289656,0.3073338369416183,-0.02256852529166972,0.006935915987619051,0.7894736842105263,0.21052631578947367,0.0,11,8,15.947368421052632
R1_relax_frequency_R01242,2025_12,2025-12-01 00:00:00+00:00,2026-01-01 00:00:00+00:00,13,0.41935483870967744,1.0455232898707216,1.6896423193289,0.04552328987072163,-0.026271691779518158,0.8461538461538461,2.4447271749257986,0.0034674468634264674,0.0069343385307238025,0.015600457306708873,0.4444958499865088,-0.02256852529166994,0.006935915987619051,0.8461538461538461,0.07692307692307693,0.07692307692307693,8,5,18.153846153846153
R1_relax_frequency_R01242,2026_01,2026-01-01 00:00:00+00:00,2026-02-01 00:00:00+00:00,8,0.25806451612903225,0.9958255647074503,0.9519076846807086,-0.004174435292549683,-0.038804512807452896,0.75,0.9219470175847455,-0.0004403226354530933,0.006934676557201335,0.02256532021341638,0.3073156725282485,-0.02256852529166972,0.006935915987619162,0.75,0.25,0.0,4,4,16.375
R1_relax_frequency_R01242,2026_02,2026-02-01 00:00:00+00:00,2026-03-01 00:00:00+00:00,24,0.8571428571428571,1.0103403904163641,1.1436147508176144,0.010340390416364142,-0.06399632252737963,0.7916666666666666,1.1064445307689508,0.0005004499207497239,0.006570895494728168,0.022567243260368363,0.2911696133602502,-0.02256852529166972,0.006935915987619051,0.75,0.20833333333333334,0.041666666666666664,11,13,12.75
R1_relax_frequency_R01242,2026_03,2026-03-01 00:00:00+00:00,2026-04-01 00:00:00+00:00,15,0.4838709677419355,1.0767189158921042,2.3891206818458666,0.07671891589210422,-0.027023314411974475,0.9333333333333333,4.301588731408172,0.0049674659191651874,0.006934322434224838,0.02256852529166994,0.30725633795772656,-0.02256852529166994,0.006935915987619051,0.9333333333333333,0.06666666666666667,0.0,9,6,18.133333333333333
R1_relax_frequency_R01242,2026_04,2026-04-01 00:00:00+00:00,2026-05-01 00:00:00+00:00,3,0.1,1.0078235186102456,1.099527641542916,0.00782351861024555,-0.010675785323952747,0.6666666666666666,2.3081337617431634,0.0026196815628858005,0.006933437126783659,0.006007829564909917,1.1540668808715817,-0.006007829564909917,0.006933437126783659,0.6666666666666666,0.0,0.3333333333333333,3,0,44.333333333333336
R1_relax_frequency_R01242,2026_05,2026-05-01 00:00:00+00:00,2026-06-01 00:00:00+00:00,14,0.45161290322580644,1.0379755827884647,1.5513901491789412,0.03797558278846469,-0.03450328554927007,0.8571428571428571,1.8435772552736394,0.0027197563744457928,0.006934469985465062,0.02256852529166983,0.30726287587893986,-0.02256852529166994,0.006935915987619051,0.8571428571428571,0.14285714285714285,0.0,7,7,14.571428571428571
R1_relax_frequency_R01242,2026_06,2026-06-01 00:00:00+00:00,2026-06-26 04:20:00+00:00,19,0.754550468836183,1.0342203372582177,1.629169005749976,0.034220337258217715,-0.031030649089116236,0.7894736842105263,1.5023759823702418,0.001830708841088927,0.0069347591858958686,0.0173094799519371,0.4006335952987311,-0.02256852529166972,0.006935915987619051,0.7894736842105263,0.15789473684210525,0.05263157894736842,9,10,9.842105263157896
R1_relax_frequency_R06571,2025_05,2025-05-30 10:30:00+00:00,2025-06-01 00:00:00+00:00,0,0.0,1.0,1.0,0.0,0.0,0.0,0.0,0.0,0.0,0.0,0.0,0.0,0.0,0.0,0.0,0.0,0,0,0.0
R1_relax_frequency_R06571,2025_06,2025-06-01 00:00:00+00:00,2025-07-01 00:00:00+00:00,7,0.23333333333333334,1.0129610149051735,1.1697458245739907,0.01296101490517354,-0.04462686081081224,0.5714285714285714,1.2062250765390299,0.0020939065011933815,0.021432962960165045,0.023691502110768838,0.9046688074042722,-0.02787841799743993,0.021438098989303465,0.5714285714285714,0.0,0.42857142857142855,3,4,76.71428571428571
R1_relax_frequency_R06571,2025_07,2025-07-01 00:00:00+00:00,2025-08-01 00:00:00+00:00,0,0.0,1.0,1.0,0.0,0.0,0.0,0.0,0.0,0.0,0.0,0.0,0.0,0.0,0.0,0.0,0.0,0,0,0.0
R1_relax_frequency_R06571,2025_08,2025-08-01 00:00:00+00:00,2025-09-01 00:00:00+00:00,4,0.12903225806451613,0.9596221812060289,0.6153197503597145,-0.040377818793971065,-0.06196798968304118,0.25,0.3492542658587545,-0.009986099547764016,0.021438098989303576,0.020460832393453213,1.0477627975762636,-0.040571235224795166,0.021438098989303576,0.25,0.25,0.5,0,4,68.25
R1_relax_frequency_R06571,2025_09,2025-09-01 00:00:00+00:00,2025-10-01 00:00:00+00:00,1,0.03333333333333333,0.9935429019078014,0.924159983402191,-0.006457098092198632,-0.031136635926686695,0.0,0.0,-0.0064570980921986685,0.0,0.0064570980921986685,0.0,-0.0064570980921986685,-0.0064570980921986685,0.0,0.0,1.0,1,0,97.0
R1_relax_frequency_R06571,2025_10,2025-10-01 00:00:00+00:00,2025-11-01 00:00:00+00:00,7,0.22580645161290322,0.9908250288110323,0.8970884202675101,-0.009174971188967707,-0.056012208276095876,0.5714285714285714,0.9169558142842021,-0.0009698829527688026,0.018741163620775617,0.02725127838416136,0.6877168607131516,-0.040571235224795166,0.021438098989303465,0.42857142857142855,0.2857142857142857,0.2857142857142857,0,7,52.42857142857143
R1_relax_frequency_R06571,2025_11,2025-11-01 00:00:00+00:00,2025-12-01 00:00:00+00:00,7,0.23333333333333334,1.0463868560813727,1.7368145834614683,0.04638685608137272,-0.07081431543451777,0.7142857142857143,1.7961465492135338,0.006786627151690935,0.021435359773762944,0.02983520440348909,0.7184586196854136,-0.040571235224795166,0.021438098989303465,0.7142857142857143,0.14285714285714285,0.14285714285714285,2,5,30.428571428571427
R1_relax_frequency_R06571,2025_12,2025-12-01 00:00:00+00:00,2026-01-01 00:00:00+00:00,5,0.16129032258064516,0.9809701780352662,0.7974189260349414,-0.019029821964733795,-0.06048971018368543,0.6,0.792440759246475,-0.0033683739118764633,0.021433533630069338,0.040571235224795166,0.52829383949765,-0.040571235224795166,0.021438098989303465,0.6,0.4,0.0,2,3,57.0
R1_relax_frequency_R06571,2026_01,2026-01-01 00:00:00+00:00,2026-02-01 00:00:00+00:00,7,0.22580645161290322,1.0107279925993415,1.1339723006152853,0.01072799259934154,-0.044929420786097296,0.5714285714285714,1.2070971311896812,0.0017602024611583654,0.017954313638727522,0.01983194577560051,0.905322848392261,-0.040571235224795166,0.021438098989303354,0.42857142857142855,0.14285714285714285,0.42857142857142855,2,5,63.57142857142857
R1_relax_frequency_R06571,2026_02,2026-02-01 00:00:00+00:00,2026-03-01 00:00:00+00:00,7,0.25,0.9613716388072664,0.5981680283104956,-0.03862836119273361,-0.08830284149350442,0.5714285714285714,0.7045663019496713,-0.005135905409639553,0.02143467496987787,0.040563345915662775,0.5284247264622535,-0.040571235224795166,0.021438098989303354,0.5714285714285714,0.42857142857142855,0.0,4,3,31.428571428571427
R1_relax_frequency_R06571,2026_03,2026-03-01 00:00:00+00:00,2026-04-01 00:00:00+00:00,4,0.12903225806451613,1.0599282088582593,1.9852429564366454,0.059928208858259335,-0.021524896083278455,0.75,32.947038163722475,0.014703028575848967,0.02021767990418941,0.0018409254091723622,10.982346054574158,-0.0018409254091723622,0.021431250950452386,0.5,0.0,0.5,3,1,55.0
R1_relax_frequency_R06571,2026_04,2026-04-01 00:00:00+00:00,2026-05-01 00:00:00+00:00,0,0.0,1.0,1.0,0.0,0.0,0.0,0.0,0.0,0.0,0.0,0.0,0.0,0.0,0.0,0.0,0.0,0,0,0.0
R1_relax_frequency_R06571,2026_05,2026-05-01 00:00:00+00:00,2026-06-01 00:00:00+00:00,6,0.1935483870967742,1.0500193244881497,1.777264078261366,0.05001932448814972,-0.041997436844525615,0.8333333333333334,2.2465694551092685,0.008429143764547146,0.01822921956241561,0.040571235224795166,0.4493138910218537,-0.040571235224795166,0.021431250950452386,0.6666666666666666,0.16666666666666666,0.16666666666666666,4,2,36.166666666666664
R1_relax_frequency_R06571,2026_06,2026-06-01 00:00:00+00:00,2026-06-26 04:20:00+00:00,5,0.1985659128516271,1.010969306364084,1.1714544237168787,0.010969306364084108,-0.055090345452037726,0.6,1.2412473320569082,0.002499743618350851,0.021435816309686367,0.02590436541865242,0.8274982213712722,-0.040571235224795166,0.021438098989303354,0.6,0.2,0.2,2,3,41.2
R1_relax_frequency_M00002,2025_05,2025-05-30 10:30:00+00:00,2025-06-01 00:00:00+00:00,0,0.0,1.0,1.0,0.0,0.0,0.0,0.0,0.0,0.0,0.0,0.0,0.0,0.0,0.0,0.0,0.0,0,0,0.0
R1_relax_frequency_M00002,2025_06,2025-06-01 00:00:00+00:00,2025-07-01 00:00:00+00:00,9,0.3,0.9277099670540618,0.40109182437829316,-0.07229003294593817,-0.09376166249451412,0.3333333333333333,0.2545972447115101,-0.008233034048625494,0.008436141815379467,0.016567621980627976,0.50919448942302,-0.016567621980627976,0.008436141815379541,0.3333333333333333,0.6666666666666666,0.0,0,9,12.333333333333334
R1_relax_frequency_M00002,2025_07,2025-07-01 00:00:00+00:00,2025-08-01 00:00:00+00:00,5,0.16129032258064516,1.0428984232063239,1.6403332160376773,0.042898423206323866,-0.011100022212668481,1.0,inf,0.008436141815379564,0.008436141815379564,0.0,inf,0.00843614181537943,0.008436141815379652,1.0,0.0,0.0,0,5,12.8
R1_relax_frequency_M00002,2025_08,2025-08-01 00:00:00+00:00,2025-09-01 00:00:00+00:00,4,0.12903225806451613,1.0341739848087017,1.4857497416313448,0.03417398480870171,-0.013048811105653924,1.0,inf,0.008436141815379541,0.008436141815379541,0.0,inf,0.008436141815379541,0.008436141815379541,1.0,0.0,0.0,0,4,24.5
R1_relax_frequency_M00002,2025_09,2025-09-01 00:00:00+00:00,2025-10-01 00:00:00+00:00,3,0.1,1.0000951174290973,1.0011586703676079,9.511742909729115e-05,-0.018968030186974683,0.6666666666666666,1.018388978846029,0.00010155388337692445,0.008436141815379375,0.016567621980627976,0.5091944894230145,-0.016567621980627976,0.00843614181537943,0.6666666666666666,0.3333333333333333,0.0,0,3,8.666666666666666
R1_relax_frequency_M00002,2025_10,2025-10-01 00:00:00+00:00,2025-11-01 00:00:00+00:00,7,0.22580645161290322,0.9836194700357818,0.823165647082856,-0.016380529964218238,-0.04411936038942765,0.5714285714285714,0.6789259858973624,-0.0022797569543379814,0.008436141815379458,0.016567621980627903,0.5091944894230218,-0.016567621980627976,0.008436141815379541,0.5714285714285714,0.42857142857142855,0.0,0,7,9.142857142857142
R1_relax_frequency_M00002,2025_11,2025-11-01 00:00:00+00:00,2025-12-01 00:00:00+00:00,12,0.4,0.9755764959735241,0.7400425229984506,-0.024423504026475862,-0.05854148762531475,0.5833333333333334,0.7128722851922344,-0.001982093099623591,0.008436141815379541,0.016567621980627976,0.5091944894230246,-0.016567621980627976,0.008436141815379541,0.5833333333333334,0.4166666666666667,0.0,0,12,8.583333333333334
R1_relax_frequency_M00002,2025_12,2025-12-01 00:00:00+00:00,2026-01-01 00:00:00+00:00,3,0.0967741935483871,0.9752981659387218,0.7447562082355034,-0.02470183406127824,-0.028140892383659022,0.3333333333333333,0.2545972447115089,-0.008233034048625507,0.00843614181537943,0.016567621980627976,0.5091944894230178,-0.016567621980627976,0.00843614181537943,0.3333333333333333,0.6666666666666666,0.0,0,3,9.333333333333334
R1_relax_frequency_M00002,2026_01,2026-01-01 00:00:00+00:00,2026-02-01 00:00:00+00:00,2,0.06451612903225806,1.016943452119488,1.2189133445948237,0.016943452119488,-0.0024129455135976086,1.0,inf,0.008436141815379486,0.008436141815379486,0.0,inf,0.00843614181537943,0.008436141815379541,1.0,0.0,0.0,0,2,1.5
R1_relax_frequency_M00002,2026_02,2026-02-01 00:00:00+00:00,2026-03-01 00:00:00+00:00,9,0.32142857142857145,1.051796496867204,1.932375198414192,0.051796496867204,-0.020154706268858957,0.8888888888888888,4.073555915384203,0.005657945838045385,0.008436141815379555,0.016567621980627976,0.5091944894230254,-0.016567621980627976,0.008436141815379652,0.8888888888888888,0.1111111111111111,0.0,0,9,9.555555555555555
R1_relax_frequency_M00002,2026_03,2026-03-01 00:00:00+00:00,2026-04-01 00:00:00+00:00,7,0.22580645161290322,1.0086279906454665,1.1065213439642418,0.008627990645466488,-0.023133836358581128,0.7142857142857143,1.2729862235575582,0.00129220930223452,0.008436141815379519,0.016567621980627976,0.5091944894230233,-0.016567621980627976,0.008436141815379541,0.7142857142857143,0.2857142857142857,0.0,0,7,18.142857142857142
R1_relax_frequency_M00002,2026_04,2026-04-01 00:00:00+00:00,2026-05-01 00:00:00+00:00,0,0.0,1.0,1.0,0.0,0.0,0.0,0.0,0.0,0.0,0.0,0.0,0.0,0.0,0.0,0.0,0.0,0,0,0.0
R1_relax_frequency_M00002,2026_05,2026-05-01 00:00:00+00:00,2026-06-01 00:00:00+00:00,4,0.12903225806451613,1.034173984808701,1.4857497416313334,0.03417398480870104,-0.01010659631088906,1.0,inf,0.008436141815379458,0.008436141815379458,0.0,inf,0.00843614181537943,0.008436141815379541,1.0,0.0,0.0,0,4,10.5
R1_relax_frequency_M00002,2026_06,2026-06-01 00:00:00+00:00,2026-06-26 04:20:00+00:00,6,0.23827909542195255,1.0175680744047506,1.2873895735479701,0.01756807440475061,-0.024420142164213843,0.8333333333333334,2.0681070499250653,0.002949332306333702,0.006852723163726038,0.016567621980627976,0.41362140998501307,-0.016567621980627976,0.008436141815379652,0.6666666666666666,0.16666666666666666,0.16666666666666666,0,6,21.833333333333332
R1_relax_frequency_R00149,2025_05,2025-05-30 10:30:00+00:00,2025-06-01 00:00:00+00:00,0,0.0,1.0,1.0,0.0,0.0,0.0,0.0,0.0,0.0,0.0,0.0,0.0,0.0,0.0,0.0,0.0,0,0,0.0
R1_relax_frequency_R00149,2025_06,2025-06-01 00:00:00+00:00,2025-07-01 00:00:00+00:00,4,0.13333333333333333,0.982300063965347,0.80458660509754,-0.01769993603465303,-0.03250064690399612,0.5,0.3077075509088231,-0.004392899245776214,0.0039050787570528277,0.012690877248605258,0.3077075509088231,-0.02256852529166994,0.006935915987619051,0.25,0.25,0.5,0,4,15.0
R1_relax_frequency_R00149,2025_07,2025-07-01 00:00:00+00:00,2025-08-01 00:00:00+00:00,5,0.16129032258064516,1.0162538690888132,1.209210388047859,0.01625386908881321,-0.017003234028591052,0.8,2.421219737077972,0.0032570230765474133,0.006935915987618995,0.011458548567738914,0.605304934269493,-0.011458548567738914,0.006935915987619051,0.8,0.0,0.2,0,5,9.4
R1_relax_frequency_R00149,2025_08,2025-08-01 00:00:00+00:00,2025-09-01 00:00:00+00:00,7,0.22580645161290322,0.9613559448660175,0.6285465094262946,-0.0386440551339825,-0.0458735066849677,0.2857142857142857,0.1739487333297419,-0.005573152744377833,0.00410755379089126,0.00944543535848547,0.43487183332435475,-0.020461787530155998,0.006935915987619051,0.14285714285714285,0.0,0.8571428571428571,0,7,17.142857142857142
R1_relax_frequency_R00149,2025_09,2025-09-01 00:00:00+00:00,2025-10-01 00:00:00+00:00,7,0.23333333333333334,1.0105762621369778,1.1366550963972224,0.010576262136977821,-0.025509388785324494,0.7142857142857143,1.451608884480174,0.0015413052153500297,0.0069359159876190065,0.011945221715322411,0.5806435537920696,-0.014124053199308706,0.006935915987619051,0.7142857142857143,0.0,0.2857142857142857,0,7,11.714285714285714
R1_relax_frequency_R00149,2025_10,2025-10-01 00:00:00+00:00,2025-11-01 00:00:00+00:00,5,0.16129032258064516,1.0014056772196274,1.0166881391510485,0.001405677219627366,-0.020478543664841697,0.8,1.0852105214226826,0.00033432200484742673,0.005322255854471489,0.019617413393648822,0.27130263035567065,-0.019617413393648822,0.006935915987619162,0.6,0.0,0.4,0,5,12.4
R1_relax_frequency_R00149,2025_11,2025-11-01 00:00:00+00:00,2025-12-01 00:00:00+00:00,8,0.26666666666666666,1.0393450406357077,1.599741948946828,0.03934504063570765,-0.01211964792739062,0.75,14.455347166177507,0.00484207451692421,0.006935915987618977,0.001439449895160091,4.818449055392502,-0.0017840182252181012,0.006935915987619051,0.75,0.0,0.25,0,8,10.0
R1_relax_frequency_R00149,2025_12,2025-12-01 00:00:00+00:00,2026-01-01 00:00:00+00:00,13,0.41935483870967744,0.9607625572426669,0.6239905950451398,-0.039237442757333096,-0.048528682307591,0.5384615384615384,0.4961970484489075,-0.0030164718577163374,0.005517445592839148,0.012972708883364402,0.4253117558133493,-0.02256852529166972,0.006935915987619051,0.38461538461538464,0.15384615384615385,0.46153846153846156,0,13,13.153846153846153
R1_relax_frequency_R00149,2026_01,2026-01-01 00:00:00+00:00,2026-02-01 00:00:00+00:00,7,0.22580645161290322,1.0011913040617029,1.0141267504496487,0.0011913040617028692,-0.016487740293455677,0.42857142857142855,1.0682478853644697,0.0001899084094508833,0.006935915987619051,0.004869597274175242,1.4243305138192928,-0.008609177426702424,0.006935915987619162,0.42857142857142855,0.0,0.5714285714285714,0,7,14.0
R1_relax_frequency_R00149,2026_02,2026-02-01 00:00:00+00:00,2026-03-01 00:00:00+00:00,10,0.35714285714285715,1.0381904003942943,1.6305261467540015,0.03819040039429433,-0.014816709561970787,0.7,7.373665545309063,0.003763281343060329,0.006219605114505982,0.001968140790312861,3.1601423765610273,-0.0031658860141448022,0.006935915987619051,0.6,0.0,0.4,0,10,10.8
R1_relax_frequency_R00149,2026_03,2026-03-01 00:00:00+00:00,2026-04-01 00:00:00+00:00,6,0.1935483870967742,1.0236172963010046,1.3165701484028405,0.02361729630100462,-0.025146515949217352,0.8333333333333334,3.109031057398219,0.003920852391879601,0.0069359159876190065,0.011154465586817429,0.6218062114796438,-0.011154465586817429,0.006935915987619051,0.8333333333333334,0.0,0.16666666666666666,0,6,9.0
R1_relax_frequency_R00149,2026_04,2026-04-01 00:00:00+00:00,2026-05-01 00:00:00+00:00,6,0.2,1.0046284952443936,1.0578324100588181,0.004628495244393571,-0.012879701871531868,0.5,1.3260022485741105,0.0007859478648539571,0.006393628514015912,0.0048217327843079975,1.3260022485741105,-0.005497944050732135,0.006935915987619051,0.3333333333333333,0.0,0.6666666666666666,0,6,16.0
R1_relax_frequency_R00149,2026_05,2026-05-01 00:00:00+00:00,2026-06-01 00:00:00+00:00,3,0.0967741935483871,0.992270988665508,0.9126352803749784,-0.0077290113344919975,-0.02044809148643978,0.3333333333333333,0.4745031791319173,-0.002560433706661301,0.006935915987619051,0.007308608553801477,0.9490063582638346,-0.007643115345267968,0.006935915987619051,0.3333333333333333,0.0,0.6666666666666666,0,3,14.333333333333334
R1_relax_frequency_R00149,2026_06,2026-06-01 00:00:00+00:00,2026-06-26 04:20:00+00:00,5,0.1985659128516271,1.0134347704307982,1.2135829849343998,0.013434770430798215,-0.012707694944913639,0.6,2.824384940002541,0.002688113895605971,0.006935915987619088,0.0036835892424137034,1.882923293335027,-0.006804873997178844,0.006935915987619162,0.6,0.0,0.4,0,5,14.0
R2_relax_winrate_payoff_R05814,2025_05,2025-05-30 10:30:00+00:00,2025-06-01 00:00:00+00:00,0,0.0,1.0,1.0,0.0,0.0,0.0,0.0,0.0,0.0,0.0,0.0,0.0,0.0,0.0,0.0,0.0,0,0,0.0
R2_relax_winrate_payoff_R05814,2025_06,2025-06-01 00:00:00+00:00,2025-07-01 00:00:00+00:00,8,0.26666666666666666,0.9140510429831936,0.33482294423002135,-0.08594895701680638,-0.08785845459943864,0.25,0.37761939214323115,-0.010893924520716924,0.02643885174850488,0.023338183277124194,1.1328581764296934,-0.030569729706392337,0.02643885174850488,0.25,0.5,0.25,0,8,53.125
R2_relax_winrate_payoff_R05814,2025_07,2025-07-01 00:00:00+00:00,2025-08-01 00:00:00+00:00,6,0.1935483870967742,0.9816472250290617,0.8039276320475797,-0.018352774970938346,-0.05588494789534626,0.3333333333333333,0.6224776022525416,-0.002968948308278735,0.014686046458509983,0.011796445691673093,1.2449552045050831,-0.019543985004292393,0.02643885174850499,0.16666666666666666,0.0,0.8333333333333334,0,6,89.0
R2_relax_winrate_payoff_R05814,2025_08,2025-08-01 00:00:00+00:00,2025-09-01 00:00:00+00:00,6,0.1935483870967742,1.0619397848893926,2.0300917163351615,0.06193978488939256,-0.048828636241391665,0.6666666666666666,2.418920126449442,0.01033921940510197,0.026438851748504934,0.02186004528170396,1.209460063224721,-0.030569729706392337,0.0264388517485051,0.6666666666666666,0.16666666666666666,0.16666666666666666,0,6,60.666666666666664
R2_relax_winrate_payoff_R05814,2025_09,2025-09-01 00:00:00+00:00,2025-10-01 00:00:00+00:00,4,0.13333333333333333,1.0234270222119208,1.325691619753632,0.023427022211920834,-0.04405255439071898,0.75,1.795649178993026,0.0060806950857324,0.018297503349773907,0.030569729706392115,0.5985497263310087,-0.030569729706392115,0.02643885174850488,0.5,0.25,0.25,0,4,44.0
R2_relax_winrate_payoff_R05814,2025_10,2025-10-01 00:00:00+00:00,2025-11-01 00:00:00+00:00,7,0.22580645161290322,1.0144067993844548,1.1835678854237193,0.014406799384454771,-0.04344215612511282,0.5714285714285714,1.225077624839772,0.0023439483499811315,0.022326331588605423,0.024299229301517924,0.9188082186298288,-0.030569729706392115,0.02643885174850499,0.42857142857142855,0.2857142857142857,0.2857142857142857,0,7,59.142857142857146
R2_relax_winrate_payoff_R05814,2025_11,2025-11-01 00:00:00+00:00,2025-12-01 00:00:00+00:00,7,0.23333333333333334,1.011304774860166,1.1466715918346015,0.011304774860166011,-0.05019256258285332,0.5714285714285714,1.1531604194710554,0.002006602553549056,0.026438851748504934,0.030569729706392115,0.8648703146032914,-0.030569729706392115,0.02643885174850499,0.5714285714285714,0.42857142857142855,0.0,0,7,48.857142857142854
R2_relax_winrate_payoff_R05814,2025_12,2025-12-01 00:00:00+00:00,2026-01-01 00:00:00+00:00,8,0.25806451612903225,1.101485638404267,3.12324112553737,0.10148563840426705,-0.04225282311181744,0.75,3.874061561496034,0.012357761550633546,0.022210022522747837,0.017199021365709322,1.2913538538320115,-0.030569729706392115,0.02643885174850499,0.625,0.125,0.25,0,8,60.125
R2_relax_winrate_payoff_R05814,2026_01,2026-01-01 00:00:00+00:00,2026-02-01 00:00:00+00:00,6,0.1935483870967742,1.0629935261868395,2.0539534977020177,0.06299352618683951,-0.05020377849453561,0.8333333333333334,3.0493306988445665,0.01044124759044842,0.01864344304981657,0.030569729706392337,0.6098661397689134,-0.030569729706392337,0.02643885174850499,0.5,0.16666666666666666,0.3333333333333333,0,6,46.0
R2_relax_winrate_payoff_R05814,2026_02,2026-02-01 00:00:00+00:00,2026-03-01 00:00:00+00:00,7,0.25,1.0194185323252805,1.2851555587313874,0.019418532325280458,-0.0423883550588976,0.5714285714285714,1.3286535408717808,0.0030349171531520803,0.021471299135894795,0.021546925490504867,0.9964901556538357,-0.030569729706392115,0.02643885174850488,0.42857142857142855,0.2857142857142857,0.2857142857142857,0,7,58.285714285714285
R2_relax_winrate_payoff_R05814,2026_03,2026-03-01 00:00:00+00:00,2026-04-01 00:00:00+00:00,5,0.16129032258064516,1.1016731957640042,3.1295128653135618,0.10167319576400424,-0.012428831780168847,1.0,inf,0.01959075312524758,0.01959075312524758,0.0,inf,0.006656483886964186,0.02643885174850488,0.6,0.0,0.4,0,5,78.2
R2_relax_winrate_payoff_R05814,2026_04,2026-04-01 00:00:00+00:00,2026-05-01 00:00:00+00:00,3,0.1,1.0068646537384454,1.0868586916748508,0.006864653738445359,-0.009798086834858832,1.0,inf,0.0022843025429025885,0.0022843025429025885,0.0,inf,3.2505545417826085e-06,0.0034999555197045003,0.0,0.0,1.0,0,3,97.0
R2_relax_winrate_payoff_R05814,2026_05,2026-05-01 00:00:00+00:00,2026-06-01 00:00:00+00:00,4,0.12903225806451613,0.9658448179195377,0.6640098933965094,-0.03415518208046231,-0.061908380363816407,0.25,0.439744721820492,-0.008421082451986757,0.02643885174850488,0.0200410605188173,1.319234165461476,-0.030569729706392115,0.02643885174850488,0.25,0.25,0.5,0,4,68.75
R2_relax_winrate_payoff_R05814,2026_06,2026-06-01 00:00:00+00:00,2026-06-26 04:20:00+00:00,3,0.11913954771097628,1.0213691609341413,1.3589324116393708,0.021369160934141318,-0.050193669954084474,0.6666666666666666,1.7297406292065793,0.007435991263539214,0.02643885174850488,0.030569729706392115,0.8648703146032897,-0.030569729706392115,0.02643885174850488,0.6666666666666666,0.3333333333333333,0.0,0,3,67.0
R3_live_candidate_gate_R03979,2025_05,2025-05-30 10:30:00+00:00,2025-06-01 00:00:00+00:00,0,0.0,1.0,1.0,0.0,0.0,0.0,0.0,0.0,0.0,0.0,0.0,0.0,0.0,0.0,0.0,0.0,0,0,0.0
R3_live_candidate_gate_R03979,2025_06,2025-06-01 00:00:00+00:00,2025-07-01 00:00:00+00:00,17,0.5666666666666667,1.0141891203148838,1.187129737187747,0.01418912031488384,-0.04013335588886113,0.7058823529411765,1.2186616263558212,0.0008783102929555621,0.006934676557201354,0.013656968741234338,0.5077756776482588,-0.019489075232579606,0.006935915987619162,0.7058823529411765,0.0,0.29411764705882354,8,9,48.411764705882355
R3_live_candidate_gate_R03979,2025_07,2025-07-01 00:00:00+00:00,2025-08-01 00:00:00+00:00,15,0.4838709677419355,0.9872678323200174,0.8598675877065994,-0.012732167679982642,-0.05044072418621537,0.7333333333333333,0.8727655075164988,-0.0007413819015479278,0.006934789232693862,0.021850852520712852,0.31736927546054505,-0.03978972037087925,0.006935915987619162,0.7333333333333333,0.0,0.26666666666666666,5,10,39.266666666666666
R3_live_candidate_gate_R03979,2025_08,2025-08-01 00:00:00+00:00,2025-09-01 00:00:00+00:00,15,0.4838709677419355,1.0568952970995888,1.9193351561331746,0.05689529709958885,-0.05058035991917553,0.9333333333333333,2.393024272584104,0.003767781029123924,0.006934853618689575,0.040571235224795166,0.17093030518457888,-0.040571235224795166,0.006935915987619051,0.9333333333333333,0.06666666666666667,0.0,6,9,23.666666666666668
R3_live_candidate_gate_R03979,2025_09,2025-09-01 00:00:00+00:00,2025-10-01 00:00:00+00:00,13,0.43333333333333335,0.9568543350434593,0.5845181021135977,-0.04314566495654071,-0.08293539821495777,0.7692307692307693,0.6145571048338017,-0.0032159638930582416,0.006665868094599156,0.03615540385191623,0.18436713145014053,-0.040571235224795166,0.006935915987619162,0.6923076923076923,0.15384615384615385,0.15384615384615385,6,7,34.53846153846154
R3_live_candidate_gate_R03979,2025_10,2025-10-01 00:00:00+00:00,2025-11-01 00:00:00+00:00,14,0.45161290322580644,1.0689244875666961,2.193114638168405,0.06892448756669611,-0.031037035902723553,0.8571428571428571,5.153385769070272,0.004790162257260768,0.006934056841992507,0.008073205251129673,0.8588976281783786,-0.015535045799365594,0.006935915987619051,0.8571428571428571,0.0,0.14285714285714285,9,5,32.714285714285715
R3_live_candidate_gate_R03979,2025_11,2025-11-01 00:00:00+00:00,2025-12-01 00:00:00+00:00,15,0.5,0.9710589422092042,0.6993830157834838,-0.02894105779079581,-0.08040268217195967,0.8,0.7553107882267236,-0.0017972904536882365,0.0069348831289376,0.03672598478419158,0.1888276970566809,-0.04055940126109664,0.006935915987619162,0.8,0.13333333333333333,0.06666666666666667,8,7,25.933333333333334
R3_live_candidate_gate_R03979,2025_12,2025-12-01 00:00:00+00:00,2026-01-01 00:00:00+00:00,14,0.45161290322580644,1.027267506729345,1.3729623122676415,0.02726750672934508,-0.04943433996792046,0.8571428571428571,1.5109989184885122,0.002010121508458805,0.006934469985465091,0.02753596935357891,0.2518331530814187,-0.040571235224794944,0.006935915987619051,0.8571428571428571,0.07142857142857142,0.07142857142857142,8,6,42.285714285714285
R3_live_candidate_gate_R03979,2026_01,2026-01-01 00:00:00+00:00,2026-02-01 00:00:00+00:00,12,0.3870967741935484,1.0530578763779592,1.8388152429381734,0.05305787637795922,-0.032178720855375875,0.9166666666666666,3.1747644836116216,0.004354571481520291,0.006934789232693862,0.024027823781389,0.2886149530556019,-0.024027823781389,0.006935915987619051,0.9166666666666666,0.0,0.08333333333333333,6,6,28.083333333333332
R3_live_candidate_gate_R03979,2026_02,2026-02-01 00:00:00+00:00,2026-03-01 00:00:00+00:00,14,0.5,1.0001142168549484,1.0014909433531973,0.00011421685494839018,-0.049090739071766865,0.8571428571428571,1.0257968983565717,0.0001494941987878939,0.006935296272410184,0.04056531824294585,0.17096614972609528,-0.040571235224795166,0.006935915987619162,0.8571428571428571,0.14285714285714285,0.0,4,10,30.642857142857142
R3_live_candidate_gate_R03979,2026_03,2026-03-01 00:00:00+00:00,2026-04-01 00:00:00+00:00,16,0.5161290322580645,1.1029227202127456,3.1715908088371907,0.10292272021274562,-0.024515797986183085,0.9375,18.335468167377478,0.006146173741722823,0.006934098156339765,0.00567269247753128,1.2223645444918319,-0.00567269247753128,0.006935915987619162,0.9375,0.0,0.0625,12,4,28.375
R3_live_candidate_gate_R03979,2026_04,2026-04-01 00:00:00+00:00,2026-05-01 00:00:00+00:00,6,0.2,1.0048501103688676,1.0606769701416952,0.004850110368867622,-0.02980246325771041,0.6666666666666666,1.2244287960599238,0.0008473077589959522,0.006934056841992563,0.01132619040699727,0.6122143980299619,-0.01580044788740009,0.006935915987619051,0.6666666666666666,0.0,0.3333333333333333,4,2,53.166666666666664
R3_live_candidate_gate_R03979,2026_05,2026-05-01 00:00:00+00:00,2026-06-01 00:00:00+00:00,14,0.45161290322580644,1.0211618776978497,1.2798375392998054,0.021161877697849718,-0.060134952653521756,0.8571428571428571,1.3657483812870048,0.0015917148348254997,0.006934263413728808,0.03046357663859435,0.22762473021450078,-0.04055940126109642,0.006935915987619051,0.8571428571428571,0.07142857142857142,0.07142857142857142,9,5,26.142857142857142
R3_live_candidate_gate_R03979,2026_06,2026-06-01 00:00:00+00:00,2026-06-26 04:20:00+00:00,7,0.277992277992278,1.000054657552517,1.0007931135958092,5.465755251710114e-05,-0.04545670063876317,0.8571428571428571,1.0257326372675477,0.00014910005149152975,0.0069338502702562255,0.04055940126109664,0.17095543954459128,-0.04055940126109664,0.006935915987619051,0.8571428571428571,0.14285714285714285,0.0,6,1,16.714285714285715
R1_relax_frequency_R00826,2025_05,2025-05-30 10:30:00+00:00,2025-06-01 00:00:00+00:00,0,0.0,1.0,1.0,0.0,0.0,0.0,0.0,0.0,0.0,0.0,0.0,0.0,0.0,0.0,0.0,0.0,0,0,0.0
R1_relax_frequency_R00826,2025_06,2025-06-01 00:00:00+00:00,2025-07-01 00:00:00+00:00,1,0.03333333333333333,1.00956525077256,1.122887491094544,0.009565250772560097,-0.00975146145687722,1.0,inf,0.009565250772560152,0.009565250772560152,0.0,inf,0.009565250772560152,0.009565250772560152,0.0,0.0,1.0,0,1,73.0
R1_relax_frequency_R00826,2025_07,2025-07-01 00:00:00+00:00,2025-08-01 00:00:00+00:00,4,0.12903225806451613,1.0885276770561454,2.7167658695265477,0.08852767705614539,-0.006678445467989347,1.0,inf,0.021432962960165128,0.021432962960165128,0.0,inf,0.021431250950452386,0.021438098989303354,1.0,0.0,0.0,3,1,35.75
R1_relax_frequency_R00826,2025_08,2025-08-01 00:00:00+00:00,2025-09-01 00:00:00+00:00,4,0.12903225806451613,0.9353714454805342,0.45512141487885416,-0.06462855451946581,-0.06777806371020212,0.0,0.0,-0.016564170315045822,0.0,0.016564170315045822,0.0,-0.016567621980627976,-0.016563019759851697,0.0,1.0,0.0,3,1,19.25
R1_relax_frequency_R00826,2025_09,2025-09-01 00:00:00+00:00,2025-10-01 00:00:00+00:00,3,0.1,0.9979711327903981,0.9755766467857885,-0.0020288672096019367,-0.015013552151553089,0.6666666666666666,0.8243218655686418,-0.0006489573911347696,0.004567584085517969,0.011082040344440247,0.4121609327843209,-0.011082040344440247,0.005753305947121439,0.0,0.0,1.0,1,2,73.0
R1_relax_frequency_R00826,2025_10,2025-10-01 00:00:00+00:00,2025-11-01 00:00:00+00:00,1,0.03225806451612903,1.0214312509504524,1.2838210039540205,0.021431250950452396,-0.010078404865271562,1.0,inf,0.021431250950452386,0.021431250950452386,0.0,inf,0.021431250950452386,0.021431250950452386,1.0,0.0,0.0,1,0,52.0
R1_relax_frequency_R00826,2025_11,2025-11-01 00:00:00+00:00,2025-12-01 00:00:00+00:00,3,0.1,0.9878728689462062,0.8619565657503243,-0.012127131053793816,-0.04060613548655878,0.3333333333333333,0.6469878119614958,-0.0038990483239841993,0.021438098989303354,0.016567621980627976,1.2939756239229916,-0.016567621980627976,0.021438098989303354,0.3333333333333333,0.6666666666666666,0.0,0,3,17.333333333333332
R1_relax_frequency_R00826,2025_12,2025-12-01 00:00:00+00:00,2026-01-01 00:00:00+00:00,3,0.0967741935483871,0.9878774919473842,0.8661446854416232,-0.012122508052615832,-0.03751702417041103,0.3333333333333333,0.6470776858846625,-0.0038975142503921063,0.021438098989303465,0.016565320870239892,1.294155371769325,-0.016567621980627976,0.021438098989303465,0.3333333333333333,0.6666666666666666,0.0,1,2,31.333333333333332
R1_relax_frequency_R00826,2026_01,2026-01-01 00:00:00+00:00,2026-02-01 00:00:00+00:00,5,0.16129032258064516,1.0820636315915257,2.5326509267803736,0.08206363159152574,-0.012428025887902483,0.8,14.437010699355673,0.01595870273213755,0.021432962960165156,0.00593833817997287,3.609252674838918,-0.00593833817997287,0.021438098989303465,0.8,0.0,0.2,3,2,57.2
R1_relax_frequency_R00826,2026_02,2026-02-01 00:00:00+00:00,2026-03-01 00:00:00+00:00,4,0.14285714285714285,0.9802319080867299,0.7707042507284076,-0.019768091913270114,-0.027741976631974752,0.25,0.5245430522681521,-0.004857986902387122,0.021438098989303354,0.013623348866283948,1.5736291568044563,-0.016567621980627976,0.021438098989303354,0.25,0.5,0.25,2,2,39.5
R1_relax_frequency_R00826,2026_03,2026-03-01 00:00:00+00:00,2026-04-01 00:00:00+00:00,7,0.22580645161290322,1.0384240812665335,1.5593066873687644,0.038424081266533516,-0.02622834468318902,0.7142857142857143,2.167198310973236,0.005525057255037725,0.014362128949304004,0.016567621980627976,0.8668793243892944,-0.016567621980627976,0.021438098989303465,0.42857142857142855,0.2857142857142857,0.2857142857142857,3,4,31.285714285714285
R1_relax_frequency_R00826,2026_04,2026-04-01 00:00:00+00:00,2026-05-01 00:00:00+00:00,6,0.2,1.0261380342502262,1.369085071909424,0.026138034250226205,-0.02341608088707725,0.6666666666666666,2.1851786363709094,0.004384148484571237,0.01212494131243114,0.011097437171148573,1.0925893181854547,-0.016563019759851697,0.021438098989303465,0.16666666666666666,0.16666666666666666,0.6666666666666666,3,3,62.333333333333336
R1_relax_frequency_R00826,2026_05,2026-05-01 00:00:00+00:00,2026-06-01 00:00:00+00:00,1,0.03225806451612903,1.0214312509504522,1.2838210039540172,0.021431250950452174,-0.005306000483884854,1.0,inf,0.021431250950452164,0.021431250950452164,0.0,inf,0.021431250950452164,0.021431250950452164,1.0,0.0,0.0,1,0,9.0
R1_relax_frequency_R00826,2026_06,2026-06-01 00:00:00+00:00,2026-06-26 04:20:00+00:00,7,0.277992277992278,1.010341663918403,1.1609492103762884,0.010341663918403077,-0.039121259332123626,0.42857142857142855,1.2152080228748487,0.0016271115059562195,0.021438098989303392,0.013231129106554159,1.6202773638331316,-0.016567621980628198,0.021438098989303465,0.42857142857142855,0.42857142857142855,0.14285714285714285,1,6,35.57142857142857
R3_live_candidate_gate_R00738,2025_05,2025-05-30 10:30:00+00:00,2025-06-01 00:00:00+00:00,0,0.0,1.0,1.0,0.0,0.0,0.0,0.0,0.0,0.0,0.0,0.0,0.0,0.0,0.0,0.0,0.0,0,0,0.0
R3_live_candidate_gate_R00738,2025_06,2025-06-01 00:00:00+00:00,2025-07-01 00:00:00+00:00,3,0.1,1.03249790782007,1.4760489841727074,0.032497907820070004,-0.009588377648593993,1.0,inf,0.01071786960172403,0.01071786960172403,0.0,inf,0.009288091488638028,0.011432758658267142,0.6666666666666666,0.0,0.3333333333333333,3,0,12.333333333333334
R3_live_candidate_gate_R00738,2025_07,2025-07-01 00:00:00+00:00,2025-08-01 00:00:00+00:00,2,0.06451612903225806,1.0046531693130725,1.0562212510121685,0.004653169313072469,-0.0113358060650397,0.5,1.7056293589524532,0.002364901296037049,0.01143275865826692,0.0067029560661928216,1.7056293589524532,-0.0067029560661928216,0.01143275865826692,0.5,0.0,0.5,2,0,22.5
R3_live_candidate_gate_R00738,2025_08,2025-08-01 00:00:00+00:00,2025-09-01 00:00:00+00:00,5,0.16129032258064516,0.9721732030880841,0.7171210565885905,-0.02782679691191592,-0.03780622730611727,0.4,0.31489978152684894,-0.005575402607949658,0.006406701588420147,0.013563472072196192,0.4723496722902734,-0.013563472072196192,0.01143275865826692,0.2,0.6,0.2,5,0,13.6
R3_live_candidate_gate_R00738,2025_09,2025-09-01 00:00:00+00:00,2025-10-01 00:00:00+00:00,4,0.13333333333333333,1.0319431217535346,1.466421725466322,0.03194312175353464,-0.008874450866902084,0.75,12.91054400605735,0.007910416577684577,0.011432758658267067,0.0026566096640628922,4.303514668685783,-0.0026566096640628922,0.011432758658267142,0.75,0.0,0.25,4,0,17.75
R3_live_candidate_gate_R00738,2025_10,2025-10-01 00:00:00+00:00,2025-11-01 00:00:00+00:00,4,0.12903225806451613,1.0093813316196536,1.1162981809588322,0.009381331619653599,-0.016667038807745893,0.75,1.704847392294599,0.002390044480137027,0.0077078833309147665,0.013563472072196192,0.5682824640981997,-0.013563472072196192,0.011432758658267142,0.5,0.25,0.25,4,0,14.0
R3_live_candidate_gate_R00738,2025_11,2025-11-01 00:00:00+00:00,2025-12-01 00:00:00+00:00,0,0.0,1.0,1.0,0.0,0.0,0.0,0.0,0.0,0.0,0.0,0.0,0.0,0.0,0.0,0.0,0.0,0,0,0.0
R3_live_candidate_gate_R00738,2025_12,2025-12-01 00:00:00+00:00,2026-01-01 00:00:00+00:00,0,0.0,1.0,1.0,0.0,0.0,0.0,0.0,0.0,0.0,0.0,0.0,0.0,0.0,0.0,0.0,0.0,0,0,0.0
R3_live_candidate_gate_R00738,2026_01,2026-01-01 00:00:00+00:00,2026-02-01 00:00:00+00:00,3,0.0967741935483871,0.9922664355966468,0.9125859415314346,-0.007733564403353155,-0.0222364850082315,0.3333333333333333,0.6009733619670272,-0.00253032582338256,0.01143275865826692,0.009511868064207299,1.2019467239340544,-0.013563472072196192,0.01143275865826692,0.3333333333333333,0.3333333333333333,0.3333333333333333,3,0,11.666666666666666
R3_live_candidate_gate_R00738,2026_02,2026-02-01 00:00:00+00:00,2026-03-01 00:00:00+00:00,4,0.14285714285714285,1.0206578796282582,1.3056865869740621,0.020657879628258158,-0.01736660477441032,0.75,2.5287238984411355,0.005183700975651308,0.011432758658267142,0.013563472072196192,0.8429079661470453,-0.013563472072196192,0.011432758658267142,0.75,0.25,0.0,4,0,6.0
R3_live_candidate_gate_R00738,2026_03,2026-03-01 00:00:00+00:00,2026-04-01 00:00:00+00:00,4,0.12903225806451613,1.0465212769515984,1.7087430775185284,0.046521276951598356,-0.011072681947654872,1.0,inf,0.01143275865826703,0.01143275865826703,0.0,inf,0.01143275865826692,0.011432758658267142,1.0,0.0,0.0,4,0,7.75
R3_live_candidate_gate_R00738,2026_04,2026-04-01 00:00:00+00:00,2026-05-01 00:00:00+00:00,0,0.0,1.0,1.0,0.0,0.0,0.0,0.0,0.0,0.0,0.0,0.0,0.0,0.0,0.0,0.0,0.0,0,0,0.0
R3_live_candidate_gate_R00738,2026_05,2026-05-01 00:00:00+00:00,2026-06-01 00:00:00+00:00,4,0.12903225806451613,0.9708328280655643,0.7055578547166778,-0.029167171934435743,-0.04956765411816111,0.25,0.28096932204900965,-0.007314414389580413,0.01143275865826692,0.013563472072196192,0.8429079661470289,-0.013563472072196303,0.01143275865826692,0.25,0.75,0.0,4,0,5.25
R3_live_candidate_gate_R00738,2026_06,2026-06-01 00:00:00+00:00,2026-06-26 04:20:00+00:00,5,0.1985659128516271,1.0178433042967652,1.2924496888422077,0.017843304296765172,-0.016073559997943243,0.6,2.1014708444273977,0.0035954389850849436,0.011432758658267067,0.008160540524688243,1.4009805629515983,-0.013563472072196303,0.011432758658267142,0.6,0.2,0.2,5,0,12.8
R2_relax_winrate_payoff_R02941,2025_05,2025-05-30 10:30:00+00:00,2025-06-01 00:00:00+00:00,0,0.0,1.0,1.0,0.0,0.0,0.0,0.0,0.0,0.0,0.0,0.0,0.0,0.0,0.0,0.0,0.0,0,0,0.0
R2_relax_winrate_payoff_R02941,2025_06,2025-06-01 00:00:00+00:00,2025-07-01 00:00:00+00:00,9,0.3,1.015251054091301,1.2023523109539473,0.015251054091300897,-0.05755157073921302,0.4444444444444444,1.2400755146109943,0.0018446054602670047,0.021438098989303298,0.013830189362962032,1.5500943932637428,-0.016567621980627976,0.021438098989303465,0.4444444444444444,0.4444444444444444,0.1111111111111111,0,9,27.22222222222222
R2_relax_winrate_payoff_R02941,2025_07,2025-07-01 00:00:00+00:00,2025-08-01 00:00:00+00:00,7,0.22580645161290322,0.9968140917608351,0.9631008812755232,-0.0031859082391648696,-0.03392659687475619,0.42857142857142855,0.9704817179422454,-0.00027945585065739014,0.021438098989303392,0.016567621980627976,1.2939756239229938,-0.016567621980627976,0.021438098989303465,0.42857142857142855,0.5714285714285714,0.0,0,7,42.57142857142857
R2_relax_winrate_payoff_R02941,2025_08,2025-08-01 00:00:00+00:00,2025-09-01 00:00:00+00:00,12,0.3870967741935484,1.0138174696284035,1.1754916653432599,0.013817469628403467,-0.04995639690343234,0.5,1.161056997094311,0.0013059975797992242,0.018829826155596276,0.01621783099599783,1.161056997094311,-0.016567621980627976,0.021438098989303465,0.4166666666666667,0.4166666666666667,0.16666666666666666,0,12,54.833333333333336
R2_relax_winrate_payoff_R02941,2025_09,2025-09-01 00:00:00+00:00,2025-10-01 00:00:00+00:00,7,0.23333333333333334,0.9968140917608349,0.9618946434527309,-0.0031859082391650917,-0.05032150546147718,0.42857142857142855,0.9704817179422437,-0.000279455850657406,0.021438098989303354,0.016567621980627976,1.2939756239229916,-0.016567621980627976,0.021438098989303354,0.42857142857142855,0.5714285714285714,0.0,0,7,24.0
R2_relax_winrate_payoff_R02941,2025_10,2025-10-01 00:00:00+00:00,2025-11-01 00:00:00+00:00,7,0.22580645161290322,0.9597245821098404,0.6160938248511802,-0.04027541789015965,-0.06710086232072543,0.2857142857142857,0.5175902495692006,-0.005708844560647549,0.02143809898930352,0.016567621980627976,1.2939756239230016,-0.016567621980627976,0.021438098989303576,0.2857142857142857,0.7142857142857143,0.0,0,7,24.714285714285715
R2_relax_winrate_payoff_R02941,2025_11,2025-11-01 00:00:00+00:00,2025-12-01 00:00:00+00:00,10,0.3333333333333333,1.0623076942809313,2.087361803998332,0.0623076942809313,-0.03657124682179835,0.6,1.9409634358844958,0.006235810601330878,0.021438098989303447,0.016567621980627976,1.2939756239229971,-0.016567621980627976,0.021438098989303465,0.6,0.4,0.0,0,10,21.3
R2_relax_winrate_payoff_R02941,2025_12,2025-12-01 00:00:00+00:00,2026-01-01 00:00:00+00:00,6,0.1935483870967742,1.052779006965243,1.8330860251703276,0.05277900696524296,-0.02130989141120665,0.6666666666666666,2.587951247845993,0.008769525332659633,0.021438098989303437,0.016567621980627976,1.2939756239229965,-0.016567621980627976,0.021438098989303465,0.6666666666666666,0.3333333333333333,0.0,0,6,45.333333333333336
R2_relax_winrate_payoff_R02941,2026_01,2026-01-01 00:00:00+00:00,2026-02-01 00:00:00+00:00,7,0.22580645161290322,1.0044953271357273,1.0542677100636337,0.004495327135727312,-0.06046914566056749,0.42857142857142855,1.095786349872286,0.000803132543893688,0.02143809898930343,0.014673092290163618,1.4610484664963814,-0.016567621980627976,0.021438098989303465,0.42857142857142855,0.42857142857142855,0.14285714285714285,0,7,28.142857142857142
R2_relax_winrate_payoff_R02941,2026_02,2026-02-01 00:00:00+00:00,2026-03-01 00:00:00+00:00,10,0.35714285714285715,1.0762170913173854,2.606889386371347,0.07621709131738541,-0.03952623416295564,0.6,2.409052608581959,0.007523474380668825,0.021438098989303447,0.01334846253228311,1.6060350723879728,-0.016567621980627976,0.021438098989303465,0.6,0.3,0.1,0,10,29.6
R2_relax_winrate_payoff_R02941,2026_03,2026-03-01 00:00:00+00:00,2026-04-01 00:00:00+00:00,6,0.1935483870967742,1.0736954268992982,2.311261734350757,0.0736954268992982,-0.023330531404985866,0.8333333333333334,5.3552300944696825,0.012025967640638223,0.017744685564891508,0.016567621980628198,1.0710460188939366,-0.016567621980628198,0.021438098989303576,0.6666666666666666,0.16666666666666666,0.16666666666666666,0,6,49.833333333333336
R2_relax_winrate_payoff_R02941,2026_04,2026-04-01 00:00:00+00:00,2026-05-01 00:00:00+00:00,1,0.03333333333333333,1.0034999555197044,1.0434552499159466,0.0034999555197043897,-0.0069684802025158366,1.0,inf,0.0034999555197045003,0.0034999555197045003,0.0,inf,0.0034999555197045003,0.0034999555197045003,0.0,0.0,1.0,0,1,97.0
R2_relax_winrate_payoff_R02941,2026_05,2026-05-01 00:00:00+00:00,2026-06-01 00:00:00+00:00,4,0.12903225806451613,1.0090509852995222,1.1120012652826,0.009050985299522196,-0.04140473291190028,0.5,1.293975623922995,0.0024352385043377167,0.02143809898930341,0.016567621980627976,1.293975623922995,-0.016567621980627976,0.021438098989303465,0.5,0.5,0.0,0,4,46.5
R2_relax_winrate_payoff_R02941,2026_06,2026-06-01 00:00:00+00:00,2026-06-26 04:20:00+00:00,11,0.4368450082735797,1.0058362414517186,1.0880749162265706,0.005836241451718571,-0.05908159900733678,0.45454545454545453,1.0783130199358275,0.0007077057329771837,0.021438098989303375,0.016567621980627976,1.2939756239229927,-0.016567621980627976,0.021438098989303576,0.45454545454545453,0.5454545454545454,0.0,0,11,38.27272727272727
R2_relax_winrate_payoff_R04600,2025_05,2025-05-30 10:30:00+00:00,2025-06-01 00:00:00+00:00,0,0.0,1.0,1.0,0.0,0.0,0.0,0.0,0.0,0.0,0.0,0.0,0.0,0.0,0.0,0.0,0.0,0,0,0.0
R2_relax_winrate_payoff_R04600,2025_06,2025-06-01 00:00:00+00:00,2025-07-01 00:00:00+00:00,14,0.4666666666666667,1.0665107631676234,2.19016497602704,0.06651076316762339,-0.07822454622801234,0.5714285714285714,1.5955896012623774,0.004884834324508099,0.022901397140279868,0.019137249429854262,1.196692200946783,-0.022562115135163156,0.039028597384698646,0.21428571428571427,0.35714285714285715,0.42857142857142855,14,0,46.285714285714285
R2_relax_winrate_payoff_R04600,2025_07,2025-07-01 00:00:00+00:00,2025-08-01 00:00:00+00:00,8,0.25806451612903225,0.9464958785035433,0.5231481341342346,-0.05350412149645667,-0.08245186120649628,0.375,0.5319055984029875,-0.0066007498643481394,0.02000152558700996,0.022562115135163,0.8865093306716458,-0.022562115135163045,0.039028597384698646,0.125,0.625,0.25,8,0,35.0
R2_relax_winrate_payoff_R04600,2025_08,2025-08-01 00:00:00+00:00,2025-09-01 00:00:00+00:00,11,0.3548387096774194,1.0488774834974424,1.7546257518919213,0.048877483497442364,-0.0617463935575826,0.5454545454545454,1.45811709599408,0.004698223029638609,0.0274151715003066,0.02256211513516298,1.2150975799950665,-0.022562115135163045,0.039028597384698646,0.2727272727272727,0.45454545454545453,0.2727272727272727,11,0,39.36363636363637
R2_relax_winrate_payoff_R04600,2025_09,2025-09-01 00:00:00+00:00,2025-10-01 00:00:00+00:00,7,0.23333333333333334,0.9852952723318827,0.8349700681259555,-0.014704727668117257,-0.05878044013685679,0.42857142857142855,0.7885073535360689,-0.0019072646511855433,0.016591980216500202,0.015781698301949854,1.0513431380480918,-0.022562115135162934,0.039028597384698424,0.14285714285714285,0.2857142857142857,0.5714285714285714,7,0,56.42857142857143
R2_relax_winrate_payoff_R04600,2025_10,2025-10-01 00:00:00+00:00,2025-11-01 00:00:00+00:00,11,0.3548387096774194,1.1225633145059966,3.9047850980452194,0.12256331450599656,-0.05093476689098608,0.5454545454545454,2.0757946044095394,0.011032818966579625,0.0390285973846985,0.02256211513516302,1.7298288370079493,-0.022562115135163045,0.039028597384698646,0.5454545454545454,0.45454545454545453,0.0,11,0,36.09090909090909
R2_relax_winrate_payoff_R04600,2025_11,2025-11-01 00:00:00+00:00,2025-12-01 00:00:00+00:00,8,0.26666666666666666,1.024196423217885,1.3378768145473132,0.024196423217885066,-0.07043181486769245,0.5,1.4413141361803856,0.003247525131444329,0.021212571707145834,0.014717521444257177,1.4413141361803856,-0.022562115135163045,0.039028597384698646,0.25,0.25,0.5,8,0,64.0
R2_relax_winrate_payoff_R04600,2025_12,2025-12-01 00:00:00+00:00,2026-01-01 00:00:00+00:00,11,0.3548387096774194,0.9462595826625638,0.5216113738724906,-0.053740417337436175,-0.09103727122046035,0.45454545454545453,0.5539849456715945,-0.004824111697204191,0.013182217746281491,0.01982938623344226,0.6647819348059135,-0.022562115135163045,0.039028597384698646,0.09090909090909091,0.36363636363636365,0.5454545454545454,11,0,52.0
R2_relax_winrate_payoff_R04600,2026_01,2026-01-01 00:00:00+00:00,2026-02-01 00:00:00+00:00,12,0.3870967741935484,0.9857461197013938,0.8443811288162172,-0.014253880298606192,-0.07113391368580746,0.3333333333333333,0.9121318355070027,-0.0009279481677702239,0.028898215994636038,0.015841030248973355,1.8242636710140054,-0.022562115135163045,0.039028597384698424,0.16666666666666666,0.4166666666666667,0.4166666666666667,12,0,52.5
R2_relax_winrate_payoff_R04600,2026_02,2026-02-01 00:00:00+00:00,2026-03-01 00:00:00+00:00,12,0.42857142857142855,1.1786343677775861,8.533257946728034,0.17863436777758612,-0.029669986309960428,0.75,3.497346107860981,0.014086352604477645,0.026302508517691184,0.022562115135162972,1.1657820359536604,-0.022562115135163045,0.039028597384698646,0.3333333333333333,0.25,0.4166666666666667,12,0,49.666666666666664
R2_relax_winrate_payoff_R04600,2026_03,2026-03-01 00:00:00+00:00,2026-04-01 00:00:00+00:00,7,0.22580645161290322,1.071255427083666,2.250129192246107,0.07125542708366606,-0.028250703917735653,0.7142857142857143,3.9588505837129535,0.010014073220540865,0.018757928421863107,0.011845564782764733,1.5835402334851814,-0.022562115135162934,0.02754991372256545,0.0,0.14285714285714285,0.8571428571428571,7,0,66.42857142857143
R2_relax_winrate_payoff_R04600,2026_04,2026-04-01 00:00:00+00:00,2026-05-01 00:00:00+00:00,2,0.06666666666666667,0.979444742562821,0.7765702733713474,-0.02055525743717901,-0.02353795834249095,0.5,0.09100130064758316,-0.010254466656251343,0.0020531818226603585,0.022562115135163045,0.09100130064758316,-0.022562115135163045,0.0020531818226603585,0.0,0.5,0.5,2,0,51.0
R2_relax_winrate_payoff_R04600,2026_05,2026-05-01 00:00:00+00:00,2026-06-01 00:00:00+00:00,5,0.16129032258064516,1.0136126846890046,1.1726971052917774,0.013612684689004562,-0.03848297405029555,0.4,1.4288629402929187,0.002875828034004795,0.02395383066696253,0.011176173721300363,2.143294410439378,-0.022562115135162934,0.024297987022320593,0.0,0.2,0.8,5,0,65.2
R2_relax_winrate_payoff_R04600,2026_06,2026-06-01 00:00:00+00:00,2026-06-26 04:20:00+00:00,12,0.4765581908439051,1.0793025813010912,3.025173563029054,0.07930258130109125,-0.0619069582895686,0.5,1.779046716142895,0.0067160143995621075,0.030673650541177072,0.017241621742052855,1.779046716142895,-0.022562115135163045,0.039028597384698424,0.3333333333333333,0.3333333333333333,0.3333333333333333,12,0,56.0
R1_relax_frequency_R00569,2025_05,2025-05-30 10:30:00+00:00,2025-06-01 00:00:00+00:00,0,0.0,1.0,1.0,0.0,0.0,0.0,0.0,0.0,0.0,0.0,0.0,0.0,0.0,0.0,0.0,0.0,0,0,0.0
R1_relax_frequency_R00569,2025_06,2025-06-01 00:00:00+00:00,2025-07-01 00:00:00+00:00,10,0.3333333333333333,0.9576199261292897,0.5902376338196855,-0.0423800738707103,-0.08118635040148148,0.4,0.46552007570261245,-0.004216396824467135,0.009180968637402333,0.01314797379904678,0.6982801135539187,-0.030560908968911286,0.01543215557514115,0.2,0.1,0.7,10,0,45.7
R1_relax_frequency_R00569,2025_07,2025-07-01 00:00:00+00:00,2025-08-01 00:00:00+00:00,5,0.16129032258064516,0.9839970400054279,0.8268963016002473,-0.01600295999457213,-0.06635819247948227,0.6,0.7574458399211812,-0.0029650702424798016,0.015432155575141151,0.03056090896891123,0.5049638932807875,-0.030560908968911286,0.01543215557514115,0.6,0.4,0.0,5,0,19.4
R1_relax_frequency_R00569,2025_08,2025-08-01 00:00:00+00:00,2025-09-01 00:00:00+00:00,7,0.22580645161290322,0.9971787259757228,0.9672599892680536,-0.0028212740242772316,-0.07568964566567749,0.5714285714285714,0.9778486932334067,-0.00019976354482783228,0.01543215557514115,0.021042322371453138,0.7333865199250551,-0.030560908968911286,0.01543215557514115,0.5714285714285714,0.2857142857142857,0.14285714285714285,7,0,24.714285714285715
R1_relax_frequency_R00569,2025_09,2025-09-01 00:00:00+00:00,2025-10-01 00:00:00+00:00,4,0.13333333333333333,1.0631722883302452,2.1081398432340053,0.06317228833024524,-0.01952747079595274,1.0,inf,0.01543215557514115,0.01543215557514115,0.0,inf,0.01543215557514115,0.01543215557514115,1.0,0.0,0.0,4,0,22.25
R1_relax_frequency_R00569,2025_10,2025-10-01 00:00:00+00:00,2025-11-01 00:00:00+00:00,3,0.0967741935483871,0.9995910340795733,0.995192067695176,-0.0004089659204267182,-0.032001991050896406,0.6666666666666666,1.0099277865615874,0.00010113406045715242,0.015432155575141372,0.030560908968911286,0.5049638932807937,-0.030560908968911286,0.015432155575141372,0.6666666666666666,0.3333333333333333,0.0,3,0,23.333333333333332
R1_relax_frequency_R00569,2025_11,2025-11-01 00:00:00+00:00,2025-12-01 00:00:00+00:00,3,0.1,1.0210660439838113,1.2889332471710873,0.02106604398381129,-0.015334502523265514,0.6666666666666666,3.1708788289886773,0.007043544630268577,0.015432155575141038,0.009733677259476346,1.5854394144943387,-0.009733677259476346,0.01543215557514115,0.6666666666666666,0.0,0.3333333333333333,3,0,23.333333333333332
R1_relax_frequency_R00569,2025_12,2025-12-01 00:00:00+00:00,2026-01-01 00:00:00+00:00,3,0.0967741935483871,0.9992405603709726,0.9910886306164802,-0.0007594396290273586,-0.029373880998808555,0.3333333333333333,0.9669326851571499,-0.00017591708810770745,0.01543215557514115,0.007979953419732136,1.9338653703142998,-0.01500094008460768,0.01543215557514115,0.3333333333333333,0.0,0.6666666666666666,3,0,39.666666666666664
R1_relax_frequency_R00569,2026_01,2026-01-01 00:00:00+00:00,2026-02-01 00:00:00+00:00,3,0.0967741935483871,0.9739233936069034,0.7324807322150649,-0.026076606393096613,-0.0328197036372474,0.3333333333333333,0.37453811588297203,-0.008590336285943198,0.01543215557514115,0.020601582216485375,0.7490762317659441,-0.030560908968911175,0.01543215557514115,0.3333333333333333,0.3333333333333333,0.3333333333333333,3,0,37.666666666666664
R1_relax_frequency_R00569,2026_02,2026-02-01 00:00:00+00:00,2026-03-01 00:00:00+00:00,6,0.21428571428571427,1.036247979464137,1.5911766656831885,0.03624797946413705,-0.037855168171408216,0.8333333333333334,2.1966003495184374,0.006094865725633378,0.013426020664542288,0.030560908968911175,0.4393200699036875,-0.030560908968911175,0.01543215557514115,0.6666666666666666,0.16666666666666666,0.16666666666666666,6,0,26.166666666666668
R1_relax_frequency_R00569,2026_03,2026-03-01 00:00:00+00:00,2026-04-01 00:00:00+00:00,2,0.06451612903225806,1.011315959709658,1.1417690249907086,0.01131595970965793,-0.024715362475776548,0.5,3.8069876927483572,0.005689258052306301,0.01543215557514115,0.004053639470528548,3.8069876927483572,-0.004053639470528548,0.01543215557514115,0.5,0.0,0.5,2,0,47.5
R1_relax_frequency_R00569,2026_04,2026-04-01 00:00:00+00:00,2026-05-01 00:00:00+00:00,1,0.03333333333333333,0.983840452193772,0.8200832127801914,-0.01615954780622797,-0.02353795834249095,0.0,0.0,-0.01615954780622795,0.0,0.01615954780622795,0.0,-0.01615954780622795,-0.01615954780622795,0.0,0.0,1.0,1,0,49.0
R1_relax_frequency_R00569,2026_05,2026-05-01 00:00:00+00:00,2026-06-01 00:00:00+00:00,2,0.06451612903225806,1.0311024625759775,1.4345824845938395,0.031102462575977485,-0.006909648142476965,1.0,inf,0.01543215557514115,0.01543215557514115,0.0,inf,0.01543215557514115,0.01543215557514115,1.0,0.0,0.0,2,0,23.5
R1_relax_frequency_R00569,2026_06,2026-06-01 00:00:00+00:00,2026-06-26 04:20:00+00:00,6,0.23827909542195255,1.0201889784553062,1.3363326592694478,0.020188978455306206,-0.03821002059098133,0.8333333333333334,1.6814155903983534,0.00347077997136017,0.01027711775941446,0.030560908968911286,0.3362831180796707,-0.030560908968911286,0.01543215557514115,0.5,0.16666666666666666,0.3333333333333333,6,0,24.166666666666668
R2_relax_winrate_payoff_R06523,2025_05,2025-05-30 10:30:00+00:00,2025-06-01 00:00:00+00:00,0,0.0,1.0,1.0,0.0,0.0,0.0,0.0,0.0,0.0,0.0,0.0,0.0,0.0,0.0,0.0,0.0,0,0,0.0
R2_relax_winrate_payoff_R06523,2025_06,2025-06-01 00:00:00+00:00,2025-07-01 00:00:00+00:00,5,0.16666666666666666,1.0263868186106166,1.373131810098203,0.026386818610616647,-0.0299897999259775,0.6,1.6148107488352965,0.005548572360623107,0.02428903069114721,0.022562115135163045,1.076540499223531,-0.022562115135163156,0.039028597384698424,0.2,0.4,0.4,5,0,77.2
R2_relax_winrate_payoff_R06523,2025_07,2025-07-01 00:00:00+00:00,2025-08-01 00:00:00+00:00,5,0.16129032258064516,0.985631714380708,0.8432272067480201,-0.014368285619292043,-0.05298814116513695,0.4,0.7050771483591437,-0.0027374639337838054,0.016361255608286218,0.015469943628497155,1.0576157225387155,-0.022562115135163156,0.018036925668676224,0.0,0.4,0.6,5,0,73.2
R2_relax_winrate_payoff_R06523,2025_08,2025-08-01 00:00:00+00:00,2025-09-01 00:00:00+00:00,9,0.2903225806451613,1.0245219315594183,1.3303447374099981,0.024521931559418286,-0.05191888297987357,0.5555555555555556,1.29963828951435,0.0030046549275226987,0.02345807097767127,0.022562115135163017,1.03971063161148,-0.022562115135163045,0.039028597384698424,0.2222222222222222,0.4444444444444444,0.3333333333333333,9,0,54.333333333333336
R2_relax_winrate_payoff_R06523,2025_09,2025-09-01 00:00:00+00:00,2025-10-01 00:00:00+00:00,6,0.2,1.0119256328099164,1.1552717908942434,0.011925632809916431,-0.04041722255499347,0.5,1.208640031248687,0.002353680203418437,0.027269475541999846,0.022562115135162972,1.208640031248687,-0.022562115135163045,0.039028597384698424,0.3333333333333333,0.5,0.16666666666666666,6,0,61.5
R2_relax_winrate_payoff_R06523,2025_10,2025-10-01 00:00:00+00:00,2025-11-01 00:00:00+00:00,4,0.12903225806451613,1.0066228712953171,1.08087955750795,0.006622871295317134,-0.05420421271012288,0.5,1.1763592117276807,0.001989518420073253,0.02654115197530944,0.022562115135162934,1.1763592117276807,-0.022562115135162934,0.039028597384698646,0.25,0.5,0.25,4,0,48.25
R2_relax_winrate_payoff_R06523,2025_11,2025-11-01 00:00:00+00:00,2025-12-01 00:00:00+00:00,3,0.1,1.0361780512261998,1.5413940620851365,0.03617805122619977,-0.03669625315220315,0.6666666666666666,2.628508538313922,0.012247532380011592,0.029652356137598913,0.022562115135163045,1.314254269156961,-0.022562115135163045,0.039028597384698646,0.3333333333333333,0.3333333333333333,0.3333333333333333,3,0,48.333333333333336
R2_relax_winrate_payoff_R06523,2025_12,2025-12-01 00:00:00+00:00,2026-01-01 00:00:00+00:00,8,0.25806451612903225,0.9050970488501562,0.30886668590542504,-0.09490295114984382,-0.1035336389862932,0.125,0.17433278000001434,-0.01227444595232014,0.02073317902413934,0.016989820948957207,1.2203294600001002,-0.022562115135163045,0.02073317902413934,0.0,0.625,0.375,8,0,55.75
R2_relax_winrate_payoff_R06523,2026_01,2026-01-01 00:00:00+00:00,2026-02-01 00:00:00+00:00,5,0.16129032258064516,1.0382603574145,1.5564124898986038,0.03826035741449996,-0.05699482139888401,0.6,1.8769139967549764,0.00791401382336871,0.028231433129056543,0.022562115135163045,1.251275997836651,-0.022562115135163045,0.039028597384698646,0.4,0.4,0.2,5,0,70.0
R2_relax_winrate_payoff_R06523,2026_02,2026-02-01 00:00:00+00:00,2026-03-01 00:00:00+00:00,2,0.07142857142857142,0.9553848187690464,0.5513577355686127,-0.04461518123095365,-0.0453061415068432,0.0,0.0,-0.02256211513516299,0.0,0.02256211513516299,0.0,-0.022562115135163045,-0.022562115135162934,0.0,1.0,0.0,2,0,52.5
R2_relax_winrate_payoff_R06523,2026_03,2026-03-01 00:00:00+00:00,2026-04-01 00:00:00+00:00,4,0.12903225806451613,0.9786763080766864,0.7757238885011671,-0.021323691923313626,-0.04399178776215795,0.25,0.11002769046437041,-0.005322933967275959,0.0026323072061390936,0.007974681025080976,0.33008307139311127,-0.022562115135162934,0.0026323072061390936,0.0,0.25,0.75,4,0,76.25
R2_relax_winrate_payoff_R06523,2026_04,2026-04-01 00:00:00+00:00,2026-05-01 00:00:00+00:00,3,0.1,1.0268553985948414,1.380783581753177,0.02685539859484143,-0.02662213177898387,0.6666666666666666,2.2216503860724117,0.009187672221827333,0.025062565900322468,0.022562115135162934,1.1108251930362059,-0.022562115135162934,0.039028597384698424,0.3333333333333333,0.3333333333333333,0.3333333333333333,3,0,49.0
R2_relax_winrate_payoff_R06523,2026_05,2026-05-01 00:00:00+00:00,2026-06-01 00:00:00+00:00,6,0.1935483870967742,1.0779912665496147,2.4225971536822812,0.07799126654961475,-0.04324330491961115,0.6666666666666666,2.7254726495176187,0.01297677086033045,0.030746213858077194,0.022562115135163045,1.3627363247588093,-0.022562115135163045,0.039028597384698646,0.5,0.3333333333333333,0.16666666666666666,6,0,58.166666666666664
R2_relax_winrate_payoff_R06523,2026_06,2026-06-01 00:00:00+00:00,2026-06-26 04:20:00+00:00,4,0.1588527302813017,1.0411272254230595,1.794307482202814,0.041127225423059466,-0.04024977559298015,0.5,2.1730823021674635,0.010534289664211943,0.039028597384698535,0.017960018056274653,2.1730823021674635,-0.022562115135162934,0.039028597384698646,0.5,0.25,0.25,4,0,66.75
R3_live_candidate_gate_R06328,2025_05,2025-05-30 10:30:00+00:00,2025-06-01 00:00:00+00:00,0,0.0,1.0,1.0,0.0,0.0,0.0,0.0,0.0,0.0,0.0,0.0,0.0,0.0,0.0,0.0,0.0,0,0,0.0
R3_live_candidate_gate_R06328,2025_06,2025-06-01 00:00:00+00:00,2025-07-01 00:00:00+00:00,11,0.36666666666666664,0.953705451376724,0.5615244578270919,-0.04629454862327598,-0.07827966552054211,0.45454545454545453,0.4260232495929032,-0.004247585637504278,0.006935915987618985,0.013567170325106995,0.5112278995114838,-0.013567170325106995,0.006935915987619051,0.45454545454545453,0.5454545454545454,0.0,0,11,8.454545454545455
R3_live_candidate_gate_R06328,2025_07,2025-07-01 00:00:00+00:00,2025-08-01 00:00:00+00:00,9,0.2903225806451613,0.980119951182578,0.7893136876535509,-0.019880048817422002,-0.040206447943414325,0.5555555555555556,0.639034874389358,-0.0021765668180369698,0.006935915987618962,0.013567170325106884,0.5112278995114864,-0.013567170325106995,0.006935915987619051,0.5555555555555556,0.4444444444444444,0.0,0,9,15.777777777777779
R3_live_candidate_gate_R06328,2025_08,2025-08-01 00:00:00+00:00,2025-09-01 00:00:00+00:00,7,0.22580645161290322,1.0282021520271145,1.3877527745767368,0.028202152027114513,-0.019691444883843445,0.8571428571428571,3.0673673970689,0.004006903657229552,0.006935915987618977,0.013567170325106995,0.5112278995114833,-0.013567170325106995,0.006935915987619051,0.8571428571428571,0.14285714285714285,0.0,0,7,11.714285714285714
R3_live_candidate_gate_R06328,2025_09,2025-09-01 00:00:00+00:00,2025-10-01 00:00:00+00:00,6,0.2,1.0211197512193593,1.289758916216785,0.021119751219359273,-0.01462972486079106,0.8333333333333334,2.5561394975574356,0.0035187349354980253,0.006935915987619029,0.013567170325106995,0.5112278995114872,-0.013567170325106995,0.006935915987619051,0.8333333333333334,0.16666666666666666,0.0,0,6,7.666666666666667
R3_live_candidate_gate_R06328,2025_10,2025-10-01 00:00:00+00:00,2025-11-01 00:00:00+00:00,11,0.3548387096774194,0.9937631610234197,0.9289371854476095,-0.006236838976580339,-0.04136236945442118,0.6363636363636364,0.8946488241451012,-0.000519751762463168,0.0069359159876190195,0.013567170325106995,0.5112278995114864,-0.013567170325106995,0.006935915987619162,0.6363636363636364,0.36363636363636365,0.0,0,11,9.454545454545455
R3_live_candidate_gate_R06328,2025_11,2025-11-01 00:00:00+00:00,2025-12-01 00:00:00+00:00,12,0.4,1.0006558188198689,1.0080139179586456,0.0006558188198688697,-0.039875192935076686,0.6666666666666666,1.0224557990229672,0.00010155388337698907,0.006935915987618981,0.013567170325106995,0.5112278995114836,-0.013567170325106995,0.006935915987619051,0.6666666666666666,0.3333333333333333,0.0,0,12,14.333333333333334
R3_live_candidate_gate_R06328,2025_12,2025-12-01 00:00:00+00:00,2026-01-01 00:00:00+00:00,6,0.1935483870967742,1.042343808007676,1.6300845907872388,0.0423438080076759,-0.010546682048163447,1.0,inf,0.006935915987618977,0.006935915987618977,0.0,inf,0.00693591598761894,0.006935915987619051,1.0,0.0,0.0,0,6,8.333333333333334
R3_live_candidate_gate_R06328,2026_01,2026-01-01 00:00:00+00:00,2026-02-01 00:00:00+00:00,7,0.22580645161290322,0.9867562372665061,0.8546323241414119,-0.013243762733493925,-0.041116756292961076,0.5714285714285714,0.6816371993486462,-0.001851121003549287,0.006935915987618995,0.013567170325106995,0.5112278995114846,-0.013567170325106995,0.006935915987619051,0.5714285714285714,0.42857142857142855,0.0,0,7,14.0
R3_live_candidate_gate_R06328,2026_02,2026-02-01 00:00:00+00:00,2026-03-01 00:00:00+00:00,12,0.42857142857142855,1.021454531114711,1.319043368435968,0.021454531114710962,-0.03701972117272845,0.75,1.533683698534458,0.0018101444094375113,0.0069359159876190134,0.013567170325106995,0.511227899511486,-0.013567170325106995,0.006935915987619051,0.75,0.25,0.0,0,12,8.75
R3_live_candidate_gate_R06328,2026_03,2026-03-01 00:00:00+00:00,2026-04-01 00:00:00+00:00,5,0.16129032258064516,0.9934374569250796,0.9253563201705705,-0.006562543074920435,-0.027525081193488177,0.6,0.7668418492672331,-0.0012653185374713674,0.006935915987619051,0.013567170325106995,0.5112278995114887,-0.013567170325106995,0.006935915987619051,0.6,0.4,0.0,0,5,15.0
R3_live_candidate_gate_R06328,2026_04,2026-04-01 00:00:00+00:00,2026-05-01 00:00:00+00:00,3,0.1,1.0001639143986678,1.001997486586807,0.00016391439866780821,-0.014124372271047125,0.6666666666666666,1.0224557990229775,0.00010155388337703547,0.006935915987619051,0.013567170325106995,0.5112278995114887,-0.013567170325106995,0.006935915987619051,0.6666666666666666,0.3333333333333333,0.0,0,3,28.0
R3_live_candidate_gate_R06328,2026_05,2026-05-01 00:00:00+00:00,2026-06-01 00:00:00+00:00,3,0.0967741935483871,1.0209524024202479,1.2767476613596112,0.020952402420247873,-0.010140092485354524,1.0,inf,0.006935915987619014,0.006935915987619014,0.0,inf,0.00693591598761894,0.006935915987619051,1.0,0.0,0.0,0,3,8.666666666666666
R3_live_candidate_gate_R06328,2026_06,2026-06-01 00:00:00+00:00,2026-06-26 04:20:00+00:00,11,0.4368450082735797,1.0355033818687487,1.6587328903547125,0.035503381868748685,-0.028556289098436216,0.8181818181818182,2.300525547801683,0.0032080821125779115,0.006935915987619001,0.013567170325106995,0.5112278995114851,-0.013567170325106995,0.006935915987619051,0.8181818181818182,0.18181818181818182,0.0,0,11,11.909090909090908
R1_relax_frequency_R05615,2025_05,2025-05-30 10:30:00+00:00,2025-06-01 00:00:00+00:00,0,0.0,1.0,1.0,0.0,0.0,0.0,0.0,0.0,0.0,0.0,0.0,0.0,0.0,0.0,0.0,0.0,0,0,0.0
R1_relax_frequency_R05615,2025_06,2025-06-01 00:00:00+00:00,2025-07-01 00:00:00+00:00,20,0.6666666666666666,1.011490530107016,1.1492385147246278,0.011490530107016061,-0.09611833340686349,0.6,1.0938989017840373,0.000714323942763354,0.013869494418299225,0.019018431770540446,0.7292659345226915,-0.02256852529166972,0.0154371956782615,0.5,0.3,0.2,15,5,40.2
R1_relax_frequency_R05615,2025_07,2025-07-01 00:00:00+00:00,2025-08-01 00:00:00+00:00,18,0.5806451612903226,1.0397538713459344,1.582996894488167,0.039753871345934444,-0.046437182393146204,0.6111111111111112,1.381402057996289,0.002282123832668561,0.013525586087440382,0.015386173996258589,0.8790740369067294,-0.02256852529166972,0.015437195678261722,0.5,0.16666666666666666,0.3333333333333333,13,5,38.666666666666664
R1_relax_frequency_R05615,2025_08,2025-08-01 00:00:00+00:00,2025-09-01 00:00:00+00:00,19,0.6129032258064516,1.0581275851762613,1.9458684587968642,0.058127585176261265,-0.03447751595178694,0.631578947368421,1.5555149100106325,0.003090412501333297,0.01370147319005482,0.015099977250760743,0.9073836975062022,-0.02256852529166972,0.015437195678261722,0.5263157894736842,0.15789473684210525,0.3157894736842105,13,6,47.63157894736842
R1_relax_frequency_R05615,2025_09,2025-09-01 00:00:00+00:00,2025-10-01 00:00:00+00:00,17,0.5666666666666667,1.011984009281549,1.1560834662812323,0.01198400928154908,-0.07805902514777696,0.5294117647058824,1.1337061139243962,0.000803523078557424,0.012869272268311506,0.012770444759915917,1.0077387679327967,-0.02256852529166972,0.01543719567826161,0.35294117647058826,0.17647058823529413,0.47058823529411764,11,6,53.05882352941177
R1_relax_frequency_R05615,2025_10,2025-10-01 00:00:00+00:00,2025-11-01 00:00:00+00:00,16,0.5161290322580645,1.0044206327135112,1.0533444042023359,0.00442063271351123,-0.05385797137089787,0.5625,1.0548685133989155,0.00041376993262732154,0.014142022946025738,0.017236841084599212,0.8204532881991564,-0.02256852529166972,0.015437195678261722,0.5,0.25,0.25,11,5,29.1875
R1_relax_frequency_R05615,2025_11,2025-11-01 00:00:00+00:00,2025-12-01 00:00:00+00:00,17,0.5666666666666667,0.8834938667165587,0.2213237839430291,-0.11650613328344128,-0.14427852246899964,0.4117647058823529,0.4419687517284167,-0.007102555106687185,0.013661504802625677,0.021637397043206188,0.6313839310405953,-0.02256852529166972,0.01543719567826161,0.35294117647058826,0.5294117647058824,0.11764705882352941,8,9,28.41176470588235
R1_relax_frequency_R05615,2025_12,2025-12-01 00:00:00+00:00,2026-01-01 00:00:00+00:00,16,0.5161290322580645,0.9793272740806939,0.781825054685701,-0.020672725919306134,-0.06389325500946974,0.5,0.853428360505935,-0.001170320230778702,0.013628618459450842,0.015969258921008245,0.853428360505935,-0.02256852529166972,0.01543719567826161,0.4375,0.3125,0.25,14,2,41.5
R1_relax_frequency_R05615,2026_01,2026-01-01 00:00:00+00:00,2026-02-01 00:00:00+00:00,17,0.5483870967741935,1.0801336479135877,2.4799360884204646,0.08013364791358768,-0.028050339369031008,0.6470588235294118,1.953895013337538,0.004654184221354,0.014733314238399176,0.013824220809895494,1.0657609163659296,-0.022562115135163045,0.015437195678261722,0.5882352941176471,0.17647058823529413,0.23529411764705882,10,7,41.588235294117645
R1_relax_frequency_R05615,2026_02,2026-02-01 00:00:00+00:00,2026-03-01 00:00:00+00:00,10,0.35714285714285715,1.024871181426844,1.3777707608389504,0.02487118142684408,-0.06414013891740267,0.6,1.3890539817448002,0.0025939591551347387,0.015435515643888087,0.016668375577995283,0.9260359878298667,-0.022562115135163045,0.01543719567826161,0.6,0.2,0.2,6,4,34.3
R1_relax_frequency_R05615,2026_03,2026-03-01 00:00:00+00:00,2026-04-01 00:00:00+00:00,17,0.5483870967741935,1.05947610656676,1.9752888101718622,0.059476106566759945,-0.059182203587249904,0.7058823529411765,1.653005756224759,0.0035169243810505603,0.01261211906650328,0.01831154286403597,0.688752398426983,-0.022562115135163045,0.01543719567826161,0.5294117647058824,0.17647058823529413,0.29411764705882354,14,3,43.35294117647059
R1_relax_frequency_R05615,2026_04,2026-04-01 00:00:00+00:00,2026-05-01 00:00:00+00:00,16,0.5333333333333333,0.9038102377115858,0.2919043699584969,-0.09618976228841425,-0.10053476693547148,0.1875,0.2837253264275412,-0.006233038772442009,0.01316791654074107,0.010710182306253486,1.2294764145193453,-0.022562115135163156,0.015432155575141372,0.125,0.1875,0.6875,11,5,60.8125
R1_relax_frequency_R05615,2026_05,2026-05-01 00:00:00+00:00,2026-06-01 00:00:00+00:00,18,0.5806451612903226,1.0880645007615923,2.703176741967738,0.08806450076159233,-0.04887056836835857,0.6111111111111112,2.180407262889486,0.0047843114083660696,0.01446122245434595,0.010422263092459458,1.3875318945660366,-0.02256852529166972,0.015437195678261722,0.5555555555555556,0.05555555555555555,0.3888888888888889,9,9,45.0
R1_relax_frequency_R05615,2026_06,2026-06-01 00:00:00+00:00,2026-06-26 04:20:00+00:00,13,0.5162713734142306,1.072325670810407,2.7535698725110462,0.07232567081040697,-0.03490538543308919,0.6923076923076923,2.188425576876306,0.0054941969063353234,0.014613857049021912,0.015025038414709504,0.9726335897228027,-0.022562115135163045,0.01543719567826161,0.6153846153846154,0.15384615384615385,0.23076923076923078,9,4,36.76923076923077
R3_live_candidate_gate_R00949,2025_05,2025-05-30 10:30:00+00:00,2025-06-01 00:00:00+00:00,0,0.0,1.0,1.0,0.0,0.0,0.0,0.0,0.0,0.0,0.0,0.0,0.0,0.0,0.0,0.0,0.0,0,0,0.0
R3_live_candidate_gate_R00949,2025_06,2025-06-01 00:00:00+00:00,2025-07-01 00:00:00+00:00,9,0.3,0.9203003094857185,0.3637830763831562,-0.0796996905142815,-0.10838937704973295,0.6666666666666666,0.24734739278886872,-0.008994425936219326,0.004433814053737182,0.03585090591613234,0.12367369639443436,-0.04055940126109653,0.004433814053737181,0.6666666666666666,0.2222222222222222,0.1111111111111111,9,0,19.22222222222222
R3_live_candidate_gate_R00949,2025_07,2025-07-01 00:00:00+00:00,2025-08-01 00:00:00+00:00,10,0.3225806451612903,1.028828876855682,1.3977520065652502,0.028828876855681917,-0.038880140842246225,0.9,3.5219115433257566,0.0028574023041103786,0.004433814053737255,0.011330303442531513,0.391323504813973,-0.011330303442531513,0.004433814053737403,0.9,0.0,0.1,10,0,17.2
R3_live_candidate_gate_R00949,2025_08,2025-08-01 00:00:00+00:00,2025-09-01 00:00:00+00:00,8,0.25806451612903225,1.036025864507261,1.5174009421550072,0.036025864507261085,-0.026764308929680847,1.0,inf,0.004433814053737209,0.004433814053737209,0.0,inf,0.004433814053737181,0.004433814053737403,1.0,0.0,0.0,8,0,8.625
R3_live_candidate_gate_R00949,2025_09,2025-09-01 00:00:00+00:00,2025-10-01 00:00:00+00:00,7,0.23333333333333334,1.0025792701074905,1.0318591602805183,0.0025792701074904834,-0.03811973629925958,0.8571428571428571,1.1232818678174412,0.00041710091557392034,0.004433814053737218,0.023683177913405865,0.18721364463624018,-0.023683177913405865,0.004433814053737403,0.8571428571428571,0.0,0.14285714285714285,7,0,12.142857142857142
R3_live_candidate_gate_R00949,2025_10,2025-10-01 00:00:00+00:00,2025-11-01 00:00:00+00:00,18,0.5806451612903226,1.0025422992505573,1.030367994049091,0.0025422992505572672,-0.05753174202188427,0.8888888888888888,1.0581473098156686,0.00021657506226520525,0.0044338140537372225,0.033521336869510934,0.13226841372695858,-0.04055940126109653,0.004433814053737403,0.8888888888888888,0.05555555555555555,0.05555555555555555,18,0,10.722222222222221
R3_live_candidate_gate_R00949,2025_11,2025-11-01 00:00:00+00:00,2025-12-01 00:00:00+00:00,11,0.36666666666666664,1.0498676937116405,1.8084787625028926,0.04986769371164046,-0.03488122358595669,1.0,inf,0.0044338140537372416,0.0044338140537372416,0.0,inf,0.004433814053737181,0.004433814053737403,1.0,0.0,0.0,11,0,8.363636363636363
R3_live_candidate_gate_R00949,2025_12,2025-12-01 00:00:00+00:00,2026-01-01 00:00:00+00:00,8,0.25806451612903225,1.0360258645072613,1.5174009421550112,0.03602586450726131,-0.012568937552327797,1.0,inf,0.004433814053737236,0.004433814053737236,0.0,inf,0.004433814053737181,0.004433814053737403,1.0,0.0,0.0,8,0,2.625
R3_live_candidate_gate_R00949,2026_01,2026-01-01 00:00:00+00:00,2026-02-01 00:00:00+00:00,10,0.3225806451612903,0.9567855765197523,0.5942277081987535,-0.04321442348024773,-0.04689823811283911,0.7,0.41933329295870697,-0.004297769279505704,0.004433814053737213,0.024671463723739174,0.1797142684108744,-0.04055940126109653,0.004433814053737403,0.7,0.1,0.2,10,0,17.1
R3_live_candidate_gate_R00949,2026_02,2026-02-01 00:00:00+00:00,2026-03-01 00:00:00+00:00,8,0.2857142857142857,0.9760460768974094,0.7288599511130651,-0.02395392310259059,-0.06494156402555651,0.75,0.533121859910644,-0.002912163730152366,0.004433814053737182,0.024950097081821006,0.17770728663688132,-0.04055940126109653,0.004433814053737181,0.75,0.125,0.125,8,0,12.875
R3_live_candidate_gate_R00949,2026_03,2026-03-01 00:00:00+00:00,2026-04-01 00:00:00+00:00,7,0.22580645161290322,0.9944518915062492,0.9365510403555675,-0.0055481084937507585,-0.03702410775175857,0.8571428571428571,0.8419257524854518,-0.000713539492826726,0.004433814053737182,0.03159766077221017,0.1403209587475753,-0.03159766077221017,0.004433814053737181,0.8571428571428571,0.0,0.14285714285714285,7,0,20.0
R3_live_candidate_gate_R00949,2026_04,2026-04-01 00:00:00+00:00,2026-05-01 00:00:00+00:00,3,0.1,1.0133605054454529,1.1753748275179967,0.013360505445452864,-0.018000624143992505,1.0,inf,0.0044338140537372546,0.0044338140537372546,0.0,inf,0.004433814053737181,0.004433814053737403,1.0,0.0,0.0,3,0,11.333333333333334
R3_live_candidate_gate_R00949,2026_05,2026-05-01 00:00:00+00:00,2026-06-01 00:00:00+00:00,8,0.25806451612903225,1.027609338073731,1.3783548690096559,0.027609338073731005,-0.03332212285603642,0.875,8.329622400561375,0.0034138294138345033,0.00443381405373715,0.0037260630654840166,1.1899460572230534,-0.0037260630654840166,0.004433814053737181,0.875,0.0,0.125,8,0,14.875
R3_live_candidate_gate_R00949,2026_06,2026-06-01 00:00:00+00:00,2026-06-26 04:20:00+00:00,10,0.3971318257032542,1.0051841392780148,1.077887318554396,0.005184139278014754,-0.03694487721467998,0.8,1.1893248312084965,0.0005646437880091643,0.004433814053737209,0.014912037274903013,0.29733120780212413,-0.027856385143699224,0.004433814053737403,0.8,0.0,0.2,10,0,18.0
R1_relax_frequency_R02387,2025_05,2025-05-30 10:30:00+00:00,2025-06-01 00:00:00+00:00,0,0.0,1.0,1.0,0.0,0.0,0.0,0.0,0.0,0.0,0.0,0.0,0.0,0.0,0.0,0.0,0.0,0,0,0.0
R1_relax_frequency_R02387,2025_06,2025-06-01 00:00:00+00:00,2025-07-01 00:00:00+00:00,10,0.3333333333333333,0.995177768396348,0.9428456544845936,-0.004822231603652027,-0.11638009968191676,0.6,0.9929863280489494,-9.082406842143669e-05,0.021431250950452275,0.032373936596732,0.6619908853659663,-0.04055940126109664,0.021431250950452386,0.6,0.3,0.1,10,0,35.0
R1_relax_frequency_R02387,2025_07,2025-07-01 00:00:00+00:00,2025-08-01 00:00:00+00:00,14,0.45161290322580644,1.102855041523949,3.1692985224908066,0.10285504152394909,-0.03487511581162839,0.5714285714285714,3.8317777974390173,0.007092355585720564,0.016794601153592395,0.005843971838108542,2.873833348079263,-0.01704859233613133,0.021431250950452386,0.21428571428571427,0.0,0.7857142857142857,14,0,68.21428571428571
R1_relax_frequency_R02387,2025_08,2025-08-01 00:00:00+00:00,2025-09-01 00:00:00+00:00,13,0.41935483870967744,0.9700210464623334,0.6986379664391298,-0.029978953537666553,-0.08394281387601699,0.46153846153846156,0.8096934707529964,-0.002089992727338417,0.019266544291516554,0.02039559588635696,0.9446423825451625,-0.04055940126109664,0.021431250950452386,0.3076923076923077,0.07692307692307693,0.6153846153846154,13,0,64.76923076923077
R1_relax_frequency_R02387,2025_09,2025-09-01 00:00:00+00:00,2025-10-01 00:00:00+00:00,18,0.6,1.1240290852368373,4.151611063690706,0.12402908523683731,-0.05369347474957531,0.6666666666666666,2.9248698621085927,0.0066122271477163826,0.01507107385788622,0.010305466272623293,1.4624349310542961,-0.016947861367365105,0.021431250950452386,0.3888888888888889,0.0,0.6111111111111112,18,0,54.333333333333336
R1_relax_frequency_R02387,2025_10,2025-10-01 00:00:00+00:00,2025-11-01 00:00:00+00:00,9,0.2903225806451613,0.9576159591430199,0.6003326014774353,-0.04238404085698011,-0.09782458117874471,0.5555555555555556,0.6910041349218711,-0.00444812378909721,0.01790512463407889,0.03238968431806734,0.5528033079374969,-0.04055940126109653,0.021431250950452386,0.4444444444444444,0.2222222222222222,0.3333333333333333,9,0,45.44444444444444
R1_relax_frequency_R02387,2025_11,2025-11-01 00:00:00+00:00,2025-12-01 00:00:00+00:00,8,0.26666666666666666,0.9511306868437428,0.54334335396419,-0.0488693131562572,-0.09063050775739456,0.5,0.4752288991326691,-0.006006334215224166,0.01087858531922279,0.02289125374967112,0.4752288991326691,-0.04055940126109664,0.021431250950452608,0.125,0.25,0.625,8,0,58.75
R1_relax_frequency_R02387,2025_12,2025-12-01 00:00:00+00:00,2026-01-01 00:00:00+00:00,11,0.3548387096774194,0.9806423667277193,0.7942849120006751,-0.019357633272280683,-0.06469604803898754,0.45454545454545453,0.8414133016217427,-0.001570844682085455,0.01833574424822835,0.018159668790680292,1.0096959619460912,-0.04055940126109653,0.021431250950452386,0.36363636363636365,0.09090909090909091,0.5454545454545454,11,0,56.18181818181818
R1_relax_frequency_R02387,2026_01,2026-01-01 00:00:00+00:00,2026-02-01 00:00:00+00:00,14,0.45161290322580644,1.0102344083515113,1.1274647896436938,0.010234408351511348,-0.0851429202342967,0.5714285714285714,1.1094441421075671,0.0009841051083205282,0.017457918227361133,0.020980979050400278,0.8320831065806754,-0.04055940126109653,0.021431250950452386,0.42857142857142855,0.14285714285714285,0.42857142857142855,14,0,46.285714285714285
R1_relax_frequency_R02387,2026_02,2026-02-01 00:00:00+00:00,2026-03-01 00:00:00+00:00,15,0.5357142857142857,1.0401640310822011,1.671426516243613,0.040164031082201124,-0.06712113993043489,0.5333333333333333,1.3746650227416866,0.0028321766234082352,0.019483875125652195,0.016198335950584866,1.2028318948989758,-0.038634126180806944,0.021431250950452386,0.4666666666666667,0.0,0.5333333333333333,15,0,52.53333333333333
R1_relax_frequency_R02387,2026_03,2026-03-01 00:00:00+00:00,2026-04-01 00:00:00+00:00,7,0.22580645161290322,1.0139926930239234,1.177887655952469,0.013992693023923364,-0.05033255281900073,0.5714285714285714,1.345930465060452,0.002126438483624251,0.014478537151105485,0.014343026406350731,1.0094478487953389,-0.028773257504840638,0.021431250950452386,0.2857142857142857,0.0,0.7142857142857143,7,0,62.0
R1_relax_frequency_R02387,2026_04,2026-04-01 00:00:00+00:00,2026-05-01 00:00:00+00:00,11,0.36666666666666664,0.9872471258838967,0.8553326799168551,-0.012752874116103263,-0.04293770921780804,0.45454545454545453,0.8448240154739043,-0.0010606451561496748,0.01270382595351523,0.012531037747537097,1.0137888185686852,-0.02401398512191257,0.021431250950452386,0.18181818181818182,0.0,0.8181818181818182,11,0,66.72727272727273
R1_relax_frequency_R02387,2026_05,2026-05-01 00:00:00+00:00,2026-06-01 00:00:00+00:00,14,0.45161290322580644,1.100761715052751,3.0991415396566846,0.10076171505275111,-0.04231629843410156,0.6428571428571429,2.4645836238532826,0.0070094632859562175,0.018348462398984147,0.013400735117494064,1.3692131243629349,-0.020423749471019603,0.021431250950452386,0.42857142857142855,0.0,0.5714285714285714,14,0,61.42857142857143
R1_relax_frequency_R02387,2026_06,2026-06-01 00:00:00+00:00,2026-06-26 04:20:00+00:00,7,0.277992277992278,1.0330878634297893,1.6034829326938838,0.03308786342978931,-0.05479547063706103,0.7142857142857143,1.5461619073128186,0.004949247229136277,0.01961556162439123,0.0317165387590011,0.6184647629251274,-0.04055940126109653,0.021431250950452386,0.5714285714285714,0.14285714285714285,0.2857142857142857,7,0,36.714285714285715
R2_relax_winrate_payoff_R00997,2025_05,2025-05-30 10:30:00+00:00,2025-06-01 00:00:00+00:00,0,0.0,1.0,1.0,0.0,0.0,0.0,0.0,0.0,0.0,0.0,0.0,0.0,0.0,0.0,0.0,0.0,0,0,0.0
R2_relax_winrate_payoff_R00997,2025_06,2025-06-01 00:00:00+00:00,2025-07-01 00:00:00+00:00,4,0.13333333333333333,1.0082258084896818,1.1048831239579504,0.008225808489681796,-0.028677841115786196,0.75,1.3852303118282494,0.0021729026622559194,0.010417908594728872,0.022562115135162934,0.46174343727608314,-0.022562115135162934,0.019231582646171547,0.25,0.25,0.5,4,0,54.75
R2_relax_winrate_payoff_R00997,2025_07,2025-07-01 00:00:00+00:00,2025-08-01 00:00:00+00:00,7,0.22580645161290322,1.035023371446977,1.500191161234619,0.03502337144697698,-0.0427450995487888,0.7142857142857143,2.08350025010817,0.005045344073968379,0.01358261421215511,0.016297831271498447,0.833400100043268,-0.02256852529166972,0.01923776777525481,0.42857142857142855,0.14285714285714285,0.42857142857142855,2,5,53.0
R2_relax_winrate_payoff_R00997,2025_08,2025-08-01 00:00:00+00:00,2025-09-01 00:00:00+00:00,5,0.16129032258064516,0.9984297829160311,0.9816551109288139,-0.0015702170839688723,-0.03650154892839086,0.4,0.9645647471532618,-0.00021309111963079761,0.014501108741644394,0.01002255769381426,1.4468471207298927,-0.022562115135163045,0.01923776777525481,0.2,0.2,0.6,3,2,48.0
R2_relax_winrate_payoff_R00997,2025_09,2025-09-01 00:00:00+00:00,2025-10-01 00:00:00+00:00,6,0.2,1.0183332673320313,1.247555624664038,0.018333267332031333,-0.02984969716174457,0.6666666666666666,1.9004068071897906,0.0031132214782602537,0.009856190405824267,0.010372716376867772,0.9502034035948953,-0.016464433607666702,0.01923776777525481,0.3333333333333333,0.0,0.6666666666666666,1,5,57.333333333333336
R2_relax_winrate_payoff_R00997,2025_10,2025-10-01 00:00:00+00:00,2025-11-01 00:00:00+00:00,5,0.16129032258064516,1.0137900918355853,1.1751177067468896,0.013790091835585327,-0.023023958856050908,0.6,1.417724931584594,0.002889606163059503,0.016345152795045045,0.01729371378491881,0.9451499543897293,-0.02256852529166972,0.019237767775254922,0.4,0.2,0.4,0,5,45.8
R2_relax_winrate_payoff_R00997,2025_11,2025-11-01 00:00:00+00:00,2025-12-01 00:00:00+00:00,5,0.16666666666666666,1.0683584626980345,2.2368116090146,0.06835846269803447,-0.018371897018854777,0.8,7.663747720050959,0.013380954780741621,0.01923622149298394,0.010040112068227648,1.9159369300127398,-0.010040112068227648,0.01923776777525481,0.8,0.0,0.2,2,3,41.8
R2_relax_winrate_payoff_R00997,2025_12,2025-12-01 00:00:00+00:00,2026-01-01 00:00:00+00:00,4,0.12903225806451613,1.0281226138459807,1.386488455554756,0.028122613845980693,-0.03631174582247376,0.75,2.2603421306363356,0.007108996065278393,0.016999366465425502,0.022562115135162934,0.7534473768787786,-0.022562115135162934,0.01923776777525481,0.5,0.25,0.25,2,2,26.75
R2_relax_winrate_payoff_R00997,2026_01,2026-01-01 00:00:00+00:00,2026-02-01 00:00:00+00:00,5,0.16129032258064516,1.0281992157412558,1.3877060813621558,0.028199215741255834,-0.0319590030714878,0.6,1.985075707055984,0.005727326172770048,0.019235706065560316,0.014535243666415357,1.3233838047039892,-0.022562115135163045,0.0192377677752547,0.6,0.2,0.2,3,2,37.0
R2_relax_winrate_payoff_R00997,2026_02,2026-02-01 00:00:00+00:00,2026-03-01 00:00:00+00:00,5,0.17857142857142858,1.0115775064712351,1.1620165297016762,0.011577506471235122,-0.057095124989734236,0.6,1.2786237155483642,0.0025152505484849104,0.019237767775254738,0.02256852529166983,0.8524158103655761,-0.02256852529166994,0.01923776777525481,0.6,0.4,0.0,0,5,27.6
R2_relax_winrate_payoff_R00997,2026_03,2026-03-01 00:00:00+00:00,2026-04-01 00:00:00+00:00,10,0.3225806451612903,1.0212229529653254,1.2807397213845528,0.021222952965325392,-0.050565872551063706,0.5,1.3536553695168785,0.0022383533656764607,0.017135094295122867,0.012658387563769946,1.3536553695168787,-0.02256852529166972,0.01923776777525481,0.4,0.2,0.4,3,7,48.2
R2_relax_winrate_payoff_R00997,2026_04,2026-04-01 00:00:00+00:00,2026-05-01 00:00:00+00:00,4,0.13333333333333333,1.0018465648444121,1.0227153472632395,0.0018465648444121463,-0.025326178165897217,0.25,1.1212517086064084,0.0005199239022680956,0.019231582646171547,0.005717295679033055,3.363755125819225,-0.007704729324228478,0.019231582646171547,0.25,0.0,0.75,3,1,63.75
R2_relax_winrate_payoff_R00997,2026_05,2026-05-01 00:00:00+00:00,2026-06-01 00:00:00+00:00,5,0.16129032258064516,1.030458356899041,1.424059297414183,0.030458356899041084,-0.02281055419934963,0.8,2.3600509367356324,0.006138868792735442,0.013315717313836732,0.02256852529166972,0.5900127341839081,-0.02256852529166972,0.01923776777525481,0.4,0.2,0.4,2,3,45.6
R2_relax_winrate_payoff_R00997,2026_06,2026-06-01 00:00:00+00:00,2026-06-26 04:20:00+00:00,3,0.11913954771097628,1.0023116270198047,1.0340591804644887,0.002311627019804696,-0.015655079400907268,0.3333333333333333,1.1539588492062114,0.0008555546528693919,0.0192377677752547,0.008335551908323262,2.307917698412423,-0.010581256358988076,0.0192377677752547,0.3333333333333333,0.0,0.6666666666666666,2,1,50.333333333333336
R3_live_candidate_gate_R01513,2025_05,2025-05-30 10:30:00+00:00,2025-06-01 00:00:00+00:00,0,0.0,1.0,1.0,0.0,0.0,0.0,0.0,0.0,0.0,0.0,0.0,0.0,0.0,0.0,0.0,0.0,0,0,0.0
R3_live_candidate_gate_R01513,2025_06,2025-06-01 00:00:00+00:00,2025-07-01 00:00:00+00:00,3,0.1,1.0010052928705944,1.0123084254947063,0.0010052928705943653,-0.06143937670316746,0.6666666666666666,1.056783398378644,0.0007677002132693775,0.021431250950452386,0.04055940126109664,0.528391699189322,-0.04055940126109664,0.021431250950452386,0.6666666666666666,0.3333333333333333,0.0,3,0,59.0
R3_live_candidate_gate_R01513,2025_07,2025-07-01 00:00:00+00:00,2025-08-01 00:00:00+00:00,3,0.0967741935483871,1.0553840453392378,1.887247422660759,0.0553840453392378,-0.01684943387058624,1.0,inf,0.018141295604083046,0.018141295604083046,0.0,inf,0.01156138491134436,0.021431250950452386,0.6666666666666666,0.0,0.3333333333333333,3,0,78.33333333333333
R3_live_candidate_gate_R01513,2025_08,2025-08-01 00:00:00+00:00,2025-09-01 00:00:00+00:00,2,0.06451612903225806,0.985717312508906,0.8440904358748903,-0.01428268749109396,-0.027420438892192478,0.5,0.03278389381106555,-0.007137772917439977,0.0004838711594555308,0.014759416994335485,0.03278389381106555,-0.014759416994335485,0.0004838711594555308,0.0,0.0,1.0,2,0,97.0
R3_live_candidate_gate_R01513,2025_09,2025-09-01 00:00:00+00:00,2025-10-01 00:00:00+00:00,5,0.16666666666666666,0.980800935538906,0.7897635932433752,-0.019199064461093984,-0.04062004098397187,0.4,0.6207934334461054,-0.0037116786017061835,0.015190834667904805,0.016313354114780177,0.931190150169158,-0.02470081197663831,0.021431250950452386,0.2,0.0,0.8,5,0,92.0
R3_live_candidate_gate_R01513,2025_10,2025-10-01 00:00:00+00:00,2025-11-01 00:00:00+00:00,1,0.03225806451612903,1.0214312509504524,1.2838210039540205,0.021431250950452396,-0.003938660421596185,1.0,inf,0.021431250950452386,0.021431250950452386,0.0,inf,0.021431250950452386,0.021431250950452386,1.0,0.0,0.0,1,0,8.0
R3_live_candidate_gate_R01513,2025_11,2025-11-01 00:00:00+00:00,2025-12-01 00:00:00+00:00,2,0.06666666666666667,0.9800026109825292,0.7819726416332919,-0.019997389017470835,-0.04119270022560795,0.5,0.528391699189322,-0.009564075155322127,0.021431250950452386,0.04055940126109664,0.528391699189322,-0.04055940126109664,0.021431250950452386,0.5,0.5,0.0,2,0,47.5
R3_live_candidate_gate_R01513,2025_12,2025-12-01 00:00:00+00:00,2026-01-01 00:00:00+00:00,3,0.0967741935483871,0.9832854388374643,0.8198780337569482,-0.016714561162535668,-0.03440388063719202,0.3333333333333333,0.5696502053679201,-0.005396840820516591,0.021431250950452386,0.01881088670600108,1.1393004107358402,-0.027615907912266077,0.021431250950452386,0.3333333333333333,0.0,0.6666666666666666,3,0,67.66666666666667
R3_live_candidate_gate_R01513,2026_01,2026-01-01 00:00:00+00:00,2026-02-01 00:00:00+00:00,3,0.0967741935483871,1.0510382017286544,1.7976898373062637,0.051038201728654364,-0.02270440940161378,1.0,inf,0.016752831818240086,0.016752831818240086,0.0,inf,0.0073959935538154935,0.021431250950452386,0.6666666666666666,0.0,0.3333333333333333,3,0,62.333333333333336
R3_live_candidate_gate_R01513,2026_02,2026-02-01 00:00:00+00:00,2026-03-01 00:00:00+00:00,6,0.21428571428571427,1.066752813751022,2.323176521059703,0.06675281375102204,-0.04441168056913847,0.8333333333333334,2.6419584959466174,0.011099475581860899,0.021431250950452386,0.04055940126109653,0.5283916991893235,-0.04055940126109653,0.021431250950452386,0.8333333333333334,0.16666666666666666,0.0,6,0,42.0
R3_live_candidate_gate_R01513,2026_03,2026-03-01 00:00:00+00:00,2026-04-01 00:00:00+00:00,5,0.16129032258064516,1.0332651852783898,1.4704391416897256,0.03326518527838984,-0.030593407879643375,0.6,2.0976935682654547,0.006728803487054648,0.021431250950452386,0.01532486770804196,1.3984623788436363,-0.017195142922255234,0.021431250950452386,0.6,0.0,0.4,5,0,64.0
R3_live_candidate_gate_R01513,2026_04,2026-04-01 00:00:00+00:00,2026-05-01 00:00:00+00:00,1,0.03333333333333333,0.99399217043509,0.9292607222208272,-0.006007829564909972,-0.010675785323952747,0.0,0.0,-0.006007829564909917,0.0,0.006007829564909917,0.0,-0.006007829564909917,-0.006007829564909917,0.0,0.0,1.0,1,0,97.0
R3_live_candidate_gate_R01513,2026_05,2026-05-01 00:00:00+00:00,2026-06-01 00:00:00+00:00,6,0.1935483870967742,1.0377897648335344,1.5481210281739741,0.037789764833534356,-0.04996554564784095,0.6666666666666666,1.8293586010736844,0.006477385861577992,0.021431250950452275,0.02343034431617057,0.9146793005368422,-0.04055940126109664,0.021431250950452386,0.6666666666666666,0.16666666666666666,0.16666666666666666,6,0,40.5
R3_live_candidate_gate_R01513,2026_06,2026-06-01 00:00:00+00:00,2026-06-26 04:20:00+00:00,3,0.11913954771097628,1.0010052928705944,1.0146814182733281,0.0010052928705943653,-0.0492783108240622,0.6666666666666666,1.056783398378647,0.0007677002132694145,0.021431250950452386,0.04055940126109653,0.5283916991893235,-0.04055940126109653,0.021431250950452386,0.6666666666666666,0.3333333333333333,0.0,3,0,52.0
R3_live_candidate_gate_R06344,2025_05,2025-05-30 10:30:00+00:00,2025-06-01 00:00:00+00:00,0,0.0,1.0,1.0,0.0,0.0,0.0,0.0,0.0,0.0,0.0,0.0,0.0,0.0,0.0,0.0,0.0,0,0,0.0
R3_live_candidate_gate_R06344,2025_06,2025-06-01 00:00:00+00:00,2025-07-01 00:00:00+00:00,1,0.03333333333333333,1.0069334371267837,1.0877630078591392,0.006933437126783737,-0.008112282967199791,1.0,inf,0.006933437126783659,0.006933437126783659,0.0,inf,0.006933437126783659,0.006933437126783659,1.0,0.0,0.0,1,0,25.0
R3_live_candidate_gate_R06344,2025_07,2025-07-01 00:00:00+00:00,2025-08-01 00:00:00+00:00,2,0.06451612903225806,1.0139174428518196,1.1768581441592438,0.013917442851819617,-0.012740347969757315,1.0,inf,0.006934676557201355,0.006934676557201355,0.0,inf,0.006933437126783659,0.006935915987619051,1.0,0.0,0.0,1,1,21.5
R3_live_candidate_gate_R06344,2025_08,2025-08-01 00:00:00+00:00,2025-09-01 00:00:00+00:00,0,0.0,1.0,1.0,0.0,0.0,0.0,0.0,0.0,0.0,0.0,0.0,0.0,0.0,0.0,0.0,0.0,0,0,0.0
R3_live_candidate_gate_R06344,2025_09,2025-09-01 00:00:00+00:00,2025-10-01 00:00:00+00:00,1,0.03333333333333333,1.006935915987619,1.0877956110879892,0.006935915987619001,-0.0029325015394505716,1.0,inf,0.00693591598761894,0.00693591598761894,0.0,inf,0.00693591598761894,0.00693591598761894,1.0,0.0,0.0,0,1,4.0
R3_live_candidate_gate_R06344,2025_10,2025-10-01 00:00:00+00:00,2025-11-01 00:00:00+00:00,2,0.06451612903225806,0.9902580165142115,0.8910583848382727,-0.009741983485788475,-0.016667038807746004,0.5,0.41875914465980857,-0.004813551886116379,0.006935915987619051,0.016563019759851808,0.41875914465980857,-0.016563019759851808,0.006935915987619051,0.5,0.5,0.0,1,1,10.5
R3_live_candidate_gate_R06344,2025_11,2025-11-01 00:00:00+00:00,2025-12-01 00:00:00+00:00,4,0.13333333333333333,0.9690691191471519,0.6821331160773648,-0.03093088085284812,-0.041386101026462674,0.25,0.18216671907859483,-0.007784658686615502,0.006935915987619051,0.012691516911360353,0.5465001572357845,-0.016563019759851697,0.006935915987619051,0.25,0.25,0.5,2,2,28.25
R3_live_candidate_gate_R06344,2025_12,2025-12-01 00:00:00+00:00,2026-01-01 00:00:00+00:00,1,0.03225806451612903,1.0069334371267837,1.0848151959537493,0.006933437126783737,-0.01260654087571933,1.0,inf,0.006933437126783659,0.006933437126783659,0.0,inf,0.006933437126783659,0.006933437126783659,1.0,0.0,0.0,1,0,29.0
R3_live_candidate_gate_R06344,2026_01,2026-01-01 00:00:00+00:00,2026-02-01 00:00:00+00:00,3,0.0967741935483871,1.0115603413913512,1.145024050756658,0.011560341391351203,-0.010298054708598348,0.6666666666666666,5.965962551722351,0.003848202062149706,0.006934676557201355,0.0023247469279535924,2.9829812758611753,-0.0023247469279535924,0.006935915987619051,0.6666666666666666,0.0,0.3333333333333333,2,1,22.333333333333332
R3_live_candidate_gate_R06344,2026_02,2026-02-01 00:00:00+00:00,2026-03-01 00:00:00+00:00,3,0.10714285714285714,0.9971216966394122,0.9630975461304155,-0.0028783033605878083,-0.024604750281276067,0.6666666666666666,0.8372856401152747,-0.0008985966684633284,0.006935915987618995,0.016567621980627976,0.41864282005763737,-0.016567621980627976,0.006935915987619051,0.6666666666666666,0.3333333333333333,0.0,0,3,14.666666666666666
R3_live_candidate_gate_R06344,2026_03,2026-03-01 00:00:00+00:00,2026-04-01 00:00:00+00:00,3,0.0967741935483871,1.0090370501820491,1.1118203401074924,0.009037050182049144,-0.008864127498961594,0.6666666666666666,2.88045208983746,0.0030186598739994734,0.006935915987619106,0.004815852353239793,1.44022604491873,-0.004815852353239793,0.006935915987619162,0.6666666666666666,0.0,0.3333333333333333,0,3,21.666666666666668
R3_live_candidate_gate_R06344,2026_04,2026-04-01 00:00:00+00:00,2026-05-01 00:00:00+00:00,2,0.06666666666666667,0.9902555787107974,0.887612377745733,-0.00974442128920261,-0.018469970742496677,0.5,0.4186094822871684,-0.004814791316534019,0.006933437126783659,0.016563019759851697,0.4186094822871684,-0.016563019759851697,0.006933437126783659,0.5,0.5,0.0,2,0,14.5
R3_live_candidate_gate_R06344,2026_05,2026-05-01 00:00:00+00:00,2026-06-01 00:00:00+00:00,2,0.06451612903225806,1.0139174428518196,1.1768581441592438,0.013917442851819617,-0.013493861389868744,1.0,inf,0.0069346765572013,0.0069346765572013,0.0,inf,0.006933437126783659,0.00693591598761894,1.0,0.0,0.0,1,1,20.0
R3_live_candidate_gate_R06344,2026_06,2026-06-01 00:00:00+00:00,2026-06-26 04:20:00+00:00,7,0.277992277992278,1.0136177481997926,1.216765177747286,0.013617748199792556,-0.024821155331575473,0.7142857142857143,1.6605082335273131,0.0019705249886686274,0.006935420215451972,0.010441713078289734,0.6642032934109252,-0.016567621980627976,0.006935915987619051,0.7142857142857143,0.14285714285714285,0.14285714285714285,1,6,19.285714285714285
R1_relax_frequency_R01888,2025_05,2025-05-30 10:30:00+00:00,2025-06-01 00:00:00+00:00,1,0.64,0.97743147470833,0.004814798572124749,-0.022568525291669972,-0.023267099725400975,0.0,0.0,-0.02256852529166994,0.0,0.02256852529166994,0.0,-0.02256852529166994,-0.02256852529166994,0.0,1.0,0.0,0,1,6.0
R1_relax_frequency_R01888,2025_06,2025-06-01 00:00:00+00:00,2025-07-01 00:00:00+00:00,14,0.4666666666666667,0.9440968929967168,0.49639422468200983,-0.05590310700328316,-0.06564418950085804,0.5,0.5132839885336393,-0.003998946247728421,0.008434467046940532,0.016432359542397374,0.5132839885336393,-0.02256852529166972,0.008436141815379652,0.5,0.35714285714285715,0.14285714285714285,9,5,27.642857142857142
R1_relax_frequency_R01888,2025_07,2025-07-01 00:00:00+00:00,2025-08-01 00:00:00+00:00,19,0.6129032258064516,1.1369635000652367,4.537534262021414,0.13696350006523672,-0.032279610787297575,0.9473684210526315,6.728904292655296,0.00680295780259042,0.008434350743576716,0.022562115135162934,0.37382801625862755,-0.022562115135162934,0.008436141815379652,0.9473684210526315,0.05263157894736842,0.0,12,7,17.36842105263158
R1_relax_frequency_R01888,2025_08,2025-08-01 00:00:00+00:00,2025-09-01 00:00:00+00:00,10,0.3225806451612903,0.9655235280570078,0.6614120435455189,-0.03447647194299219,-0.06967043698125186,0.6,0.5741472109688196,-0.0034075706959338647,0.007656977800945591,0.02000439344125305,0.3827648073125464,-0.02256852529166972,0.008433210970611412,0.5,0.2,0.3,7,3,42.0
R1_relax_frequency_R01888,2025_09,2025-09-01 00:00:00+00:00,2025-10-01 00:00:00+00:00,14,0.4666666666666667,0.9913817419075337,0.8999806172941162,-0.008618258092466302,-0.06551220171660499,0.7142857142857143,0.9193708504195619,-0.0005198719400528521,0.008298948384943248,0.022566922752543107,0.3677483401678248,-0.02256852529166994,0.008436141815379541,0.6428571428571429,0.2857142857142857,0.07142857142857142,6,8,25.928571428571427
R1_relax_frequency_R01888,2025_10,2025-10-01 00:00:00+00:00,2025-11-01 00:00:00+00:00,15,0.4838709677419355,0.9404907093981997,0.4853510321925421,-0.059509290601800324,-0.0707011113569449,0.6,0.5606515555130112,-0.003965615334046124,0.008434187918867405,0.02256532021341642,0.37376770367534073,-0.02256852529166994,0.008436141815379652,0.6,0.4,0.0,9,6,10.066666666666666
R1_relax_frequency_R01888,2025_11,2025-11-01 00:00:00+00:00,2025-12-01 00:00:00+00:00,18,0.6,1.0266594412812653,1.377578908574748,0.026659441281265295,-0.07978175598779214,0.7777777777777778,1.3084530632423566,0.001546632852171197,0.008435304431160041,0.022563717674289767,0.373843732354959,-0.02256852529166994,0.008436141815379652,0.7777777777777778,0.2222222222222222,0.0,7,11,23.333333333333332
R1_relax_frequency_R01888,2025_12,2025-12-01 00:00:00+00:00,2026-01-01 00:00:00+00:00,14,0.45161290322580644,1.0277943642326888,1.3812818255827652,0.027794364232688773,-0.03320982388654137,0.7857142857142857,1.497573738353679,0.0020255229102801005,0.007758955756474637,0.018997064192433202,0.40842920136918515,-0.02256852529166994,0.008436141815379541,0.7142857142857143,0.14285714285714285,0.14285714285714285,6,8,23.357142857142858
R1_relax_frequency_R01888,2026_01,2026-01-01 00:00:00+00:00,2026-02-01 00:00:00+00:00,14,0.45161290322580644,1.0242200966130355,1.3257342024422938,0.02422009661303548,-0.056074429349263655,0.7857142857142857,1.3707340861592041,0.0017925722766339194,0.00843534249407914,0.022564251853998563,0.3738365689525102,-0.02256852529166972,0.008436141815379652,0.7857142857142857,0.21428571428571427,0.0,5,9,18.857142857142858
R1_relax_frequency_R01888,2026_02,2026-02-01 00:00:00+00:00,2026-03-01 00:00:00+00:00,8,0.2857142857142857,0.9921784604806384,0.9026410660021509,-0.007821539519361598,-0.048973143478843184,0.625,0.8550608025332589,-0.0008936810852783238,0.008435555646425872,0.01644240897145198,0.5130364815199554,-0.02256852529166972,0.008436141815379541,0.625,0.25,0.125,1,7,22.875
R1_relax_frequency_R01888,2026_03,2026-03-01 00:00:00+00:00,2026-04-01 00:00:00+00:00,15,0.4838709677419355,1.0656110828920309,2.114342522443866,0.06561108289203088,-0.030786219646455115,0.8666666666666667,2.429943447892195,0.004301673161082078,0.008434563668196692,0.022562115135162934,0.37383745352187614,-0.022562115135163045,0.008436141815379652,0.8666666666666667,0.13333333333333333,0.0,9,6,18.2
R1_relax_frequency_R01888,2026_04,2026-04-01 00:00:00+00:00,2026-05-01 00:00:00+00:00,11,0.36666666666666664,0.9775548332844833,0.7585220762375735,-0.022445166715516662,-0.06152835267523271,0.5454545454545454,0.6726951421198744,-0.001992158392508804,0.007506390269808264,0.013390416787289286,0.5605792850998953,-0.022562115135163045,0.008436141815379541,0.45454545454545453,0.18181818181818182,0.36363636363636365,7,4,51.81818181818182
R1_relax_frequency_R01888,2026_05,2026-05-01 00:00:00+00:00,2026-06-01 00:00:00+00:00,13,0.41935483870967744,1.0122231582679793,1.1538951944471882,0.012223158267979262,-0.04647343886666089,0.6923076923076923,1.2197764013709138,0.0009948113392932584,0.007975184497071575,0.014711028265707953,0.5421228450537395,-0.022562115135163045,0.008436141815379541,0.6153846153846154,0.07692307692307693,0.3076923076923077,6,7,29.46153846153846
R1_relax_frequency_R01888,2026_06,2026-06-01 00:00:00+00:00,2026-06-26 04:20:00+00:00,11,0.4368450082735797,1.0303907425153898,1.5438189851761486,0.030390742515389757,-0.05517654445760556,0.8181818181818182,1.681780735194837,0.0027975974119305064,0.008434513568286086,0.022568525291669608,0.37372905226551933,-0.02256852529166972,0.008436141815379541,0.8181818181818182,0.18181818181818182,0.0,5,6,20.727272727272727
R3_live_candidate_gate_R05991,2025_05,2025-05-30 10:30:00+00:00,2025-06-01 00:00:00+00:00,0,0.0,1.0,1.0,0.0,0.0,0.0,0.0,0.0,0.0,0.0,0.0,0.0,0.0,0.0,0.0,0.0,0,0,0.0
R3_live_candidate_gate_R05991,2025_06,2025-06-01 00:00:00+00:00,2025-07-01 00:00:00+00:00,3,0.1,1.0273400206515049,1.3887384690469395,0.02734002065150487,-0.043383888517252944,0.6666666666666666,1.9259927650803081,0.00943306019982995,0.029430044784200624,0.030560908968911397,0.9629963825401541,-0.030560908968911397,0.029430044784200624,0.6666666666666666,0.3333333333333333,0.0,3,0,18.333333333333332
R3_live_candidate_gate_R05991,2025_07,2025-07-01 00:00:00+00:00,2025-08-01 00:00:00+00:00,2,0.06451612903225806,0.988353021353536,0.8710698484327745,-0.011646978646464023,-0.02646192713978268,0.5,0.4735099874875141,-0.005712019273803727,0.010274451976629278,0.02169849052423673,0.4735099874875141,-0.02169849052423673,0.010274451976629278,0.0,0.0,1.0,2,0,97.0
R3_live_candidate_gate_R05991,2025_08,2025-08-01 00:00:00+00:00,2025-09-01 00:00:00+00:00,3,0.0967741935483871,0.9486658837110848,0.5374558437085124,-0.051334116288915155,-0.06248532477788005,0.0,0.0,-0.01736444770558328,0.0,0.01736444770558328,0.0,-0.030560908968911175,-0.007368297815235309,0.0,0.3333333333333333,0.6666666666666666,3,0,72.66666666666667
R3_live_candidate_gate_R05991,2025_09,2025-09-01 00:00:00+00:00,2025-10-01 00:00:00+00:00,8,0.26666666666666666,1.0332982237793822,1.4900391816439291,0.033298223779382186,-0.06724647387210947,0.625,1.7406810736615175,0.004278389754832069,0.01608748993175836,0.01540344387337842,1.0444086441969105,-0.030560908968911286,0.029430044784200624,0.25,0.125,0.625,8,0,77.25
R3_live_candidate_gate_R05991,2025_10,2025-10-01 00:00:00+00:00,2025-11-01 00:00:00+00:00,6,0.1935483870967742,1.0655185731432153,2.1121808524333003,0.0655185731432153,-0.03744773559846437,0.6666666666666666,2.750508094777362,0.010889644607092477,0.02566573876215004,0.01866254370302265,1.375254047388681,-0.030560908968911175,0.029430044784200624,0.5,0.16666666666666666,0.3333333333333333,6,0,64.0
R3_live_candidate_gate_R05991,2025_11,2025-11-01 00:00:00+00:00,2025-12-01 00:00:00+00:00,7,0.23333333333333334,1.0674868186717592,2.2146938207561764,0.06748681867175921,-0.05690150412168071,0.5714285714285714,2.3487917420350204,0.009657245264144276,0.029430044784200568,0.016706487429264113,1.7615938065262653,-0.030560908968911286,0.029430044784200624,0.5714285714285714,0.14285714285714285,0.2857142857142857,7,0,54.142857142857146
R3_live_candidate_gate_R05991,2025_12,2025-12-01 00:00:00+00:00,2026-01-01 00:00:00+00:00,6,0.1935483870967742,1.042137368799071,1.6262848304013966,0.04213736879907093,-0.044706264998859435,0.6666666666666666,2.1137939294818033,0.0071416488828574915,0.020330476296586734,0.019236005944601,1.0568969647409017,-0.030560908968911286,0.029430044784200624,0.3333333333333333,0.16666666666666666,0.5,6,0,76.33333333333333
R3_live_candidate_gate_R05991,2026_01,2026-01-01 00:00:00+00:00,2026-02-01 00:00:00+00:00,4,0.12903225806451613,1.0492821787193745,1.762618937811771,0.04928217871937446,-0.03613451494705344,0.75,5.824022958299264,0.012251948663812715,0.019722302572983904,0.010159113063700848,1.9413409860997548,-0.010159113063700848,0.029430044784200624,0.5,0.0,0.5,4,0,69.0
R3_live_candidate_gate_R05991,2026_02,2026-02-01 00:00:00+00:00,2026-03-01 00:00:00+00:00,6,0.21428571428571427,0.8478545889165384,0.1161389612630609,-0.15214541108346158,-0.16139694863200438,0.0,0.0,-0.027102348409291054,0.0,0.027102348409291054,0.0,-0.030560908968911397,-0.009809545611189996,0.0,0.8333333333333334,0.16666666666666666,6,0,35.0
R3_live_candidate_gate_R05991,2026_03,2026-03-01 00:00:00+00:00,2026-04-01 00:00:00+00:00,6,0.1935483870967742,1.021472427693037,1.2844309202565034,0.021472427693036922,-0.05528281260738299,0.6666666666666666,1.5295125209955185,0.003776692911651553,0.01636363315488519,0.021397187574815724,0.7647562604977592,-0.030560908968911175,0.029430044784200624,0.3333333333333333,0.16666666666666666,0.5,6,0,69.83333333333333
R3_live_candidate_gate_R05991,2026_04,2026-04-01 00:00:00+00:00,2026-05-01 00:00:00+00:00,3,0.1,0.9944621862919479,0.9346246616505252,-0.005537813708052064,-0.026305769807296153,0.3333333333333333,0.5848336471442238,-0.0018263180661088508,0.0077180550502285086,0.0065985046242775305,1.1696672942884476,-0.007533293903485,0.0077180550502285086,0.0,0.0,1.0,3,0,97.0
R3_live_candidate_gate_R05991,2026_05,2026-05-01 00:00:00+00:00,2026-06-01 00:00:00+00:00,2,0.06451612903225806,1.0307340493114592,1.428554791975836,0.030734049311459177,-0.0051884685029470745,1.0,inf,0.015348384772509592,0.015348384772509592,0.0,inf,0.0012667247608185613,0.029430044784200624,0.5,0.0,0.5,2,0,72.5
R3_live_candidate_gate_R05991,2026_06,2026-06-01 00:00:00+00:00,2026-06-26 04:20:00+00:00,5,0.1985659128516271,1.0252542398385938,1.4358682052817782,0.02525423983859376,-0.07528665254979061,0.6,1.4444945738102453,0.005433663282955949,0.029430044784200696,0.030560908968911175,0.9629963825401634,-0.030560908968911286,0.029430044784200846,0.6,0.4,0.0,5,0,37.0
R3_live_candidate_gate_R04894,2025_05,2025-05-30 10:30:00+00:00,2025-06-01 00:00:00+00:00,0,0.0,1.0,1.0,0.0,0.0,0.0,0.0,0.0,0.0,0.0,0.0,0.0,0.0,0.0,0.0,0.0,0,0,0.0
R3_live_candidate_gate_R04894,2025_06,2025-06-01 00:00:00+00:00,2025-07-01 00:00:00+00:00,2,0.06666666666666667,0.9671482941038614,0.6658526442722802,-0.03285170589613862,-0.03685535388285188,0.0,0.0,-0.016563019759851864,0.0,0.016563019759851864,0.0,-0.01656301975985192,-0.016563019759851808,0.0,1.0,0.0,2,0,23.0
R3_live_candidate_gate_R04894,2025_07,2025-07-01 00:00:00+00:00,2025-08-01 00:00:00+00:00,2,0.06451612903225806,1.0433218004182059,1.6481963701935058,0.04332180041820588,-0.0033412065407636415,1.0,inf,0.021431250950452275,0.021431250950452275,0.0,inf,0.021431250950452164,0.021431250950452386,1.0,0.0,0.0,2,0,18.5
R3_live_candidate_gate_R04894,2025_08,2025-08-01 00:00:00+00:00,2025-09-01 00:00:00+00:00,7,0.22580645161290322,1.010209070616667,1.12713165605223,0.010209070616667093,-0.05517347392838734,0.5714285714285714,1.2242619775158698,0.001591909527848063,0.015208106493623022,0.016563019759851885,0.9181964831369024,-0.01656301975985192,0.021431250950452386,0.2857142857142857,0.42857142857142855,0.2857142857142857,7,0,41.142857142857146
R3_live_candidate_gate_R04894,2025_09,2025-09-01 00:00:00+00:00,2025-10-01 00:00:00+00:00,6,0.2,1.0873683675660675,2.772593878367395,0.08736836756606747,-0.015766819492056272,0.8333333333333334,20.87439757255525,0.014113396508317895,0.017788231240009132,0.004260777150138293,4.17487951451105,-0.004260777150138293,0.021431250950452386,0.6666666666666666,0.0,0.3333333333333333,6,0,48.333333333333336
R3_live_candidate_gate_R04894,2025_10,2025-10-01 00:00:00+00:00,2025-11-01 00:00:00+00:00,1,0.03225806451612903,0.9834369802401483,0.8213680477566264,-0.01656301975985175,-0.03295622201186532,0.0,0.0,-0.016563019759851697,0.0,0.016563019759851697,0.0,-0.016563019759851697,-0.016563019759851697,0.0,1.0,0.0,1,0,17.0
R3_live_candidate_gate_R04894,2025_11,2025-11-01 00:00:00+00:00,2025-12-01 00:00:00+00:00,5,0.16666666666666666,1.0003760390540781,1.0045879072606991,0.00037603905407812555,-0.03786626018147898,0.4,1.0274057070573372,0.00022866860924984183,0.021431250950452386,0.013906386284885186,1.541108560586006,-0.016563019759851808,0.021431250950452386,0.4,0.4,0.2,5,0,33.2
R3_live_candidate_gate_R04894,2025_12,2025-12-01 00:00:00+00:00,2026-01-01 00:00:00+00:00,0,0.0,1.0,1.0,0.0,0.0,0.0,0.0,0.0,0.0,0.0,0.0,0.0,0.0,0.0,0.0,0.0,0,0,0.0
R3_live_candidate_gate_R04894,2026_01,2026-01-01 00:00:00+00:00,2026-02-01 00:00:00+00:00,1,0.03225806451612903,1.0050893243506014,1.0616365803271346,0.0050893243506013874,-0.010204342764147167,1.0,inf,0.005089324350601483,0.005089324350601483,0.0,inf,0.005089324350601483,0.005089324350601483,0.0,0.0,1.0,1,0,73.0
R3_live_candidate_gate_R04894,2026_02,2026-02-01 00:00:00+00:00,2026-03-01 00:00:00+00:00,1,0.03571428571428571,1.0010462415241697,1.0137341715135118,0.0010462415241696554,-0.014111553866699489,1.0,inf,0.001046241524169652,0.001046241524169652,0.0,inf,0.001046241524169652,0.001046241524169652,0.0,0.0,1.0,1,0,73.0
R3_live_candidate_gate_R04894,2026_03,2026-03-01 00:00:00+00:00,2026-04-01 00:00:00+00:00,2,0.06451612903225806,1.0007607666922052,1.0090004038687852,0.0007607666922051504,-0.02255509917816434,0.5,1.0635471950966238,0.0005262667240342658,0.01761555320792023,0.016563019759851697,1.0635471950966238,-0.016563019759851697,0.01761555320792023,0.0,0.5,0.5,2,0,55.0
R3_live_candidate_gate_R04894,2026_04,2026-04-01 00:00:00+00:00,2026-05-01 00:00:00+00:00,1,0.03333333333333333,1.011538630323256,1.149904063284511,0.011538630323256083,-0.011173792359562729,1.0,inf,0.011538630323256105,0.011538630323256105,0.0,inf,0.011538630323256105,0.011538630323256105,0.0,0.0,1.0,1,0,73.0
R3_live_candidate_gate_R04894,2026_05,2026-05-01 00:00:00+00:00,2026-06-01 00:00:00+00:00,3,0.0967741935483871,1.0034303913362757,1.0411736534139688,0.003430391336275651,-0.024870569759705807,0.3333333333333333,1.2148527226851744,0.0012634076354200556,0.021431250950452164,0.008820514022095998,2.429705445370349,-0.016563019759851808,0.021431250950452164,0.3333333333333333,0.3333333333333333,0.3333333333333333,3,0,39.0
R3_live_candidate_gate_R04894,2026_06,2026-06-01 00:00:00+00:00,2026-06-26 04:20:00+00:00,2,0.07942636514065085,1.0045132649576296,1.0674991836810896,0.0045132649576296036,-0.021322607958481066,0.5,1.2939217160388097,0.002434115595300178,0.021431250950452164,0.016563019759851808,1.2939217160388097,-0.016563019759851808,0.021431250950452164,0.5,0.5,0.0,2,0,25.5
R3_live_candidate_gate_R01971,2025_05,2025-05-30 10:30:00+00:00,2025-06-01 00:00:00+00:00,0,0.0,1.0,1.0,0.0,0.0,0.0,0.0,0.0,0.0,0.0,0.0,0.0,0.0,0.0,0.0,0.0,0,0,0.0
R3_live_candidate_gate_R01971,2025_06,2025-06-01 00:00:00+00:00,2025-07-01 00:00:00+00:00,3,0.1,1.0031472525256606,1.0389988734175402,0.0031472525256606154,-0.015473503843055014,0.6666666666666666,1.2437341040847045,0.0011019602379315502,0.008434676392995421,0.013563472072196192,0.6218670520423523,-0.013563472072196192,0.00843614181537943,0.6666666666666666,0.3333333333333333,0.0,2,1,8.666666666666666
R3_live_candidate_gate_R01971,2025_07,2025-07-01 00:00:00+00:00,2025-08-01 00:00:00+00:00,2,0.06451612903225806,0.9947545169173765,0.9399145619438706,-0.005245483082623514,-0.016213994850046043,0.5,0.6218055506952618,-0.0025655142548636715,0.00843614181537943,0.013567170325106773,0.6218055506952618,-0.013567170325106773,0.00843614181537943,0.5,0.5,0.0,0,2,5.0
R3_live_candidate_gate_R01971,2025_08,2025-08-01 00:00:00+00:00,2025-09-01 00:00:00+00:00,3,0.0967741935483871,1.003140576159911,1.037636047518731,0.003140576159911035,-0.018394999518298816,0.6666666666666666,1.2431790518624457,0.0010997505387052766,0.008433210970611412,0.013567170325106995,0.6215895259312229,-0.013567170325106995,0.008433210970611412,0.6666666666666666,0.3333333333333333,0.0,2,1,4.333333333333333
R3_live_candidate_gate_R01971,2025_09,2025-09-01 00:00:00+00:00,2025-10-01 00:00:00+00:00,2,0.06666666666666667,1.016940496549698,1.2269397178254573,0.01694049654969798,-0.004895442919958803,1.0,inf,0.008434676392995532,0.008434676392995532,0.0,inf,0.008433210970611412,0.008436141815379652,1.0,0.0,0.0,1,1,2.5
R3_live_candidate_gate_R01971,2025_10,2025-10-01 00:00:00+00:00,2025-11-01 00:00:00+00:00,6,0.1935483870967742,1.006303562156913,1.0768467468736176,0.006303562156912967,-0.020613268676169416,0.6666666666666666,1.24367259435418,0.0011018323365744008,0.008435409104187426,0.013565321198651649,0.62183629717709,-0.013567170325106995,0.008436141815379541,0.6666666666666666,0.3333333333333333,0.0,2,4,3.0
R3_live_candidate_gate_R01971,2025_11,2025-11-01 00:00:00+00:00,2025-12-01 00:00:00+00:00,1,0.03333333333333333,1.0084361418153793,1.1076927070885731,0.008436141815379328,-0.007265902421007109,1.0,inf,0.00843614181537943,0.00843614181537943,0.0,inf,0.00843614181537943,0.00843614181537943,1.0,0.0,0.0,0,1,4.0
R3_live_candidate_gate_R01971,2025_12,2025-12-01 00:00:00+00:00,2026-01-01 00:00:00+00:00,3,0.0967741935483871,1.0031434916225088,1.0376715800431286,0.0031434916225088205,-0.017209939624879933,0.6666666666666666,1.243395076626458,0.0011007274869612085,0.00843467639299531,0.013567170325106995,0.621697538313229,-0.013567170325106995,0.00843614181537943,0.6666666666666666,0.3333333333333333,0.0,1,2,7.0
R3_live_candidate_gate_R01971,2026_01,2026-01-01 00:00:00+00:00,2026-02-01 00:00:00+00:00,5,0.16129032258064516,1.0201410650959104,1.2648442958749024,0.020141065095910404,-0.02229406413322843,0.8,2.4874682081694175,0.0040350466999571205,0.008434676392995449,0.013563472072196192,0.6218670520423544,-0.013563472072196192,0.008436141815379541,0.8,0.2,0.0,3,2,5.6
R3_live_candidate_gate_R01971,2026_02,2026-02-01 00:00:00+00:00,2026-03-01 00:00:00+00:00,2,0.07142857142857142,0.9947516258358785,0.9336595097475119,-0.005248374164121494,-0.019379582743911383,0.5,0.6215895259312229,-0.0025669796772477913,0.008433210970611412,0.013567170325106995,0.6215895259312229,-0.013567170325106995,0.008433210970611412,0.5,0.5,0.0,1,1,16.0
R3_live_candidate_gate_R01971,2026_03,2026-03-01 00:00:00+00:00,2026-04-01 00:00:00+00:00,4,0.12903225806451613,0.9895373828894821,0.8834481562194865,-0.01046261711051788,-0.028577504976575074,0.5,0.6217822836243587,-0.0025653224028280306,0.008434676392995477,0.013565321198651538,0.6217822836243587,-0.013567170325106995,0.008436141815379541,0.5,0.5,0.0,2,2,4.0
R3_live_candidate_gate_R01971,2026_04,2026-04-01 00:00:00+00:00,2026-05-01 00:00:00+00:00,0,0.0,1.0,1.0,0.0,0.0,0.0,0.0,0.0,0.0,0.0,0.0,0.0,0.0,0.0,0.0,0.0,0,0,0.0
R3_live_candidate_gate_R01971,2026_05,2026-05-01 00:00:00+00:00,2026-06-01 00:00:00+00:00,4,0.12903225806451613,1.0116070049407984,1.1456465475590567,0.01160700494079836,-0.013846734918334325,0.75,1.8654931142940856,0.00293477292110146,0.008434187918867306,0.01356347207219608,0.6218310380980284,-0.01356347207219608,0.008436141815379541,0.75,0.25,0.0,3,1,4.75
R3_live_candidate_gate_R01971,2026_06,2026-06-01 00:00:00+00:00,2026-06-26 04:20:00+00:00,4,0.1588527302813017,1.0116032123211576,1.1821542549334427,0.011603212321157574,-0.015314174804653025,0.75,1.8649846025577055,0.0029338483578738423,0.008434187918867455,0.013567170325106995,0.6216615341859019,-0.013567170325106995,0.008436141815379541,0.75,0.25,0.0,2,2,6.25
R2_relax_winrate_payoff_R05092,2025_05,2025-05-30 10:30:00+00:00,2025-06-01 00:00:00+00:00,1,0.64,1.0002436452110048,1.058600303673634,0.00024364521100483927,-0.022299410561878452,1.0,inf,0.00024364521100486724,0.00024364521100486724,0.0,inf,0.00024364521100486724,0.00024364521100486724,0.0,0.0,1.0,1,0,73.0
R2_relax_winrate_payoff_R05092,2025_06,2025-06-01 00:00:00+00:00,2025-07-01 00:00:00+00:00,8,0.26666666666666666,0.9852867265578388,0.8348819015779709,-0.014713273442161223,-0.06503330860479783,0.375,0.8924096283557302,-0.001466621321647054,0.03243975505954666,0.021810447150363284,1.487349380592884,-0.030569729706392337,0.032439755059546736,0.375,0.375,0.25,2,6,34.75
R2_relax_winrate_payoff_R05092,2025_07,2025-07-01 00:00:00+00:00,2025-08-01 00:00:00+00:00,7,0.22580645161290322,0.9949530489414937,0.942127141492369,-0.005046951058506277,-0.04643053987456813,0.42857142857142855,0.9535631043673205,-0.0004646947477311346,0.022265415760084933,0.017512277628593188,1.271417472489761,-0.030569729706392337,0.032439755059546736,0.14285714285714285,0.2857142857142857,0.5714285714285714,1,6,66.28571428571429
R2_relax_winrate_payoff_R05092,2025_08,2025-08-01 00:00:00+00:00,2025-09-01 00:00:00+00:00,9,0.2903225806451613,0.9838396483331276,0.825339285613332,-0.016160351666872352,-0.06000336292289976,0.4444444444444444,0.8447833066569839,-0.001584607548178493,0.019404887739925374,0.01837620377866159,1.0559791333212298,-0.030560908968911175,0.03242959247185613,0.1111111111111111,0.2222222222222222,0.6666666666666666,5,4,54.111111111111114
R2_relax_winrate_payoff_R05092,2025_09,2025-09-01 00:00:00+00:00,2025-10-01 00:00:00+00:00,11,0.36666666666666664,0.9963295605093502,0.956217564781813,-0.003670439490649824,-0.07338178816745478,0.45454545454545453,0.9716132829755055,-0.00019446734451547039,0.014643592660643462,0.01255951734881458,1.1659359395706066,-0.030560908968911175,0.03242959247185591,0.09090909090909091,0.09090909090909091,0.8181818181818182,8,3,70.36363636363636
R2_relax_winrate_payoff_R05092,2025_10,2025-10-01 00:00:00+00:00,2025-11-01 00:00:00+00:00,9,0.2903225806451613,1.109253954476699,3.3928658913803877,0.10925395447669906,-0.055483790525289844,0.7777777777777778,4.206603476185819,0.011805173980930185,0.019911463349467085,0.016566838808948953,1.2018867074816626,-0.030569729706392337,0.032439755059546736,0.4444444444444444,0.1111111111111111,0.4444444444444444,5,4,47.55555555555556
R2_relax_winrate_payoff_R05092,2025_11,2025-11-01 00:00:00+00:00,2025-12-01 00:00:00+00:00,3,0.1,1.0333465993538975,1.4908887155580104,0.0333465993538975,-0.03943194578479292,0.6666666666666666,2.1223449059651673,0.011436593470900416,0.03243975505954668,0.030569729706392115,1.0611724529825837,-0.030569729706392115,0.032439755059546736,0.6666666666666666,0.3333333333333333,0.0,0,3,16.333333333333332
R2_relax_winrate_payoff_R05092,2025_12,2025-12-01 00:00:00+00:00,2026-01-01 00:00:00+00:00,9,0.2903225806451613,1.0122532194592917,1.154299020513445,0.012253219459291698,-0.04109455246773053,0.5555555555555556,1.1702614653348138,0.0016210411858305536,0.02005548145366784,0.021422009148966054,0.9362091722678509,-0.030560908968911286,0.032439755059546736,0.2222222222222222,0.2222222222222222,0.5555555555555556,4,5,64.11111111111111
R2_relax_winrate_payoff_R05092,2026_01,2026-01-01 00:00:00+00:00,2026-02-01 00:00:00+00:00,6,0.1935483870967742,1.0312670690219636,1.437283163028927,0.031267069021963634,-0.056878014717480774,0.5,1.748716217397146,0.0054047558531788034,0.025246906616723037,0.014437394910365428,1.7487162173971458,-0.030569729706392115,0.032439755059546736,0.3333333333333333,0.16666666666666666,0.5,3,3,58.5
R2_relax_winrate_payoff_R05092,2026_02,2026-02-01 00:00:00+00:00,2026-03-01 00:00:00+00:00,7,0.25,1.0124848999457579,1.1756871583666926,0.012484899945757855,-0.08972520952057872,0.5714285714285714,1.176462079616486,0.0021769192269219745,0.0253984318968058,0.02878509766625646,0.8823465597123645,-0.030569729706392115,0.03242959247185613,0.42857142857142855,0.2857142857142857,0.2857142857142857,4,3,43.0
R2_relax_winrate_payoff_R05092,2026_03,2026-03-01 00:00:00+00:00,2026-04-01 00:00:00+00:00,10,0.3225806451612903,0.9840897845123187,0.8278150459351433,-0.015910215487681345,-0.04603328647235272,0.3,0.7766090220035781,-0.0014942306647252961,0.017315426456757748,0.009555512288218031,1.8120877180083488,-0.016796648001104496,0.03242959247185591,0.1,0.0,0.9,4,6,67.1
R2_relax_winrate_payoff_R05092,2026_04,2026-04-01 00:00:00+00:00,2026-05-01 00:00:00+00:00,4,0.13333333333333333,1.0217096811730018,1.2988602217013232,0.02170968117300176,-0.02415271317831791,0.5,2.2457714815410816,0.005536732531305989,0.019962306416496198,0.00888884135388422,2.2457714815410816,-0.015710657530063545,0.03242959247185591,0.25,0.0,0.75,1,3,60.25
R2_relax_winrate_payoff_R05092,2026_05,2026-05-01 00:00:00+00:00,2026-06-01 00:00:00+00:00,12,0.3870967741935484,0.9980413189073014,0.9771644530706486,-0.0019586810926985887,-0.07324653739179277,0.5,1.0078549165410757,6.900134304617968e-05,0.017706959067831086,0.017568956381738728,1.0078549165410757,-0.030560908968911397,0.03242959247185591,0.16666666666666666,0.25,0.5833333333333334,8,4,56.333333333333336
R2_relax_winrate_payoff_R05092,2026_06,2026-06-01 00:00:00+00:00,2026-06-26 04:20:00+00:00,8,0.3177054605626034,1.0395198355269872,1.754541006767817,0.039519835526987235,-0.042959962473410496,0.625,2.0248222874478796,0.005040847555063452,0.015935360660491067,0.013116674287315907,1.2148933724687276,-0.030569729706392115,0.032439755059546736,0.25,0.125,0.625,3,5,58.75
R1_relax_frequency_R02098,2025_05,2025-05-30 10:30:00+00:00,2025-06-01 00:00:00+00:00,0,0.0,1.0,1.0,0.0,0.0,0.0,0.0,0.0,0.0,0.0,0.0,0.0,0.0,0.0,0.0,0.0,0,0,0.0
R1_relax_frequency_R02098,2025_06,2025-06-01 00:00:00+00:00,2025-07-01 00:00:00+00:00,15,0.5,1.094633494338349,3.0067465575322756,0.09463349433834889,-0.07176359316175052,0.7333333333333333,2.3487213119502903,0.006171710117851384,0.01465592930996487,0.01715989266046069,0.854080477072833,-0.030560908968911397,0.015437195678261722,0.6,0.13333333333333333,0.26666666666666666,5,10,39.333333333333336
R1_relax_frequency_R02098,2025_07,2025-07-01 00:00:00+00:00,2025-08-01 00:00:00+00:00,11,0.3548387096774194,0.9927412297444969,0.917744162960399,-0.007258770255503144,-0.04109689070125222,0.45454545454545453,0.9279396106964365,-0.0005448005464005183,0.015434171616389315,0.01386061068205871,1.1135275328357237,-0.021745225147815284,0.01543719567826161,0.45454545454545453,0.0,0.5454545454545454,5,6,67.36363636363636
R1_relax_frequency_R02098,2025_08,2025-08-01 00:00:00+00:00,2025-09-01 00:00:00+00:00,13,0.41935483870967744,0.9576338160979551,0.6004645122144805,-0.04236618390204494,-0.08727954312513253,0.46153846153846156,0.6950210068400314,-0.0031260868201652297,0.015435515643888125,0.019036031789353817,0.8108578413133701,-0.030569729706392337,0.015437195678261722,0.46153846153846156,0.3076923076923077,0.23076923076923078,5,8,58.84615384615385
R1_relax_frequency_R02098,2025_09,2025-09-01 00:00:00+00:00,2025-10-01 00:00:00+00:00,10,0.3333333333333333,0.9698488735041606,0.6888457762324242,-0.030151126495839398,-0.07874881525321309,0.4,0.6805525671626369,-0.0028977423532064684,0.015433415600921263,0.015118514322624956,1.0208288507439554,-0.030560908968911286,0.01543719567826161,0.4,0.2,0.4,6,4,76.8
R1_relax_frequency_R02098,2025_10,2025-10-01 00:00:00+00:00,2025-11-01 00:00:00+00:00,14,0.45161290322580644,1.0662611998518174,2.129590967422167,0.06626119985181744,-0.046053788909326765,0.7857142857142857,1.7282034718123631,0.004769751901573095,0.01440699045488353,0.03056678946056517,0.47132821958518994,-0.030569729706392115,0.01543719567826161,0.7142857142857143,0.21428571428571427,0.07142857142857142,8,6,32.5
R1_relax_frequency_R02098,2025_11,2025-11-01 00:00:00+00:00,2025-12-01 00:00:00+00:00,14,0.4666666666666667,0.9867735941936749,0.8503511399963707,-0.013226405806325059,-0.10292744655931318,0.5714285714285714,0.9221375188010108,-0.0007448094574624752,0.015436565665371552,0.022319976287907845,0.6916031391007581,-0.030569729706392115,0.015437195678261722,0.5714285714285714,0.2857142857142857,0.14285714285714285,4,10,42.285714285714285
R1_relax_frequency_R02098,2025_12,2025-12-01 00:00:00+00:00,2026-01-01 00:00:00+00:00,8,0.25806451612903225,1.0879329596242342,2.699328814398792,0.0879329596242342,-0.02222730854923316,0.75,12.192580904528874,0.010626576340136066,0.01543467562670138,0.0037977215195598773,4.064193634842958,-0.00713240244619492,0.015437195678261722,0.75,0.0,0.25,5,3,54.375
R1_relax_frequency_R02098,2026_01,2026-01-01 00:00:00+00:00,2026-02-01 00:00:00+00:00,6,0.1935483870967742,0.9896483625086521,0.8846162648392608,-0.010351637491347931,-0.049421224921146645,0.5,0.8305116196186993,-0.001575017426025862,0.015435515643888125,0.018585550495939848,0.8305116196186995,-0.0283326908717436,0.01543719567826161,0.5,0.0,0.5,3,3,61.5
R1_relax_frequency_R02098,2026_02,2026-02-01 00:00:00+00:00,2026-03-01 00:00:00+00:00,10,0.35714285714285715,0.9673615325236101,0.6486511900903672,-0.032638467476389876,-0.053763716444184206,0.6,0.7426503552977709,-0.003070890504625097,0.014769775746010093,0.029831889880577882,0.49510023686518057,-0.030569729706392115,0.01543719567826161,0.5,0.3,0.2,3,7,36.1
R1_relax_frequency_R02098,2026_03,2026-03-01 00:00:00+00:00,2026-04-01 00:00:00+00:00,12,0.3870967741935484,1.1463421203496402,4.998685364712141,0.14634212034964023,-0.03425608638027877,0.8333333333333334,9.367801712849658,0.011488829116198938,0.015434171616389367,0.008237883384753206,1.8735603425699319,-0.01471475623447373,0.015437195678261722,0.8333333333333334,0.0,0.16666666666666666,8,4,43.5
R1_relax_frequency_R02098,2026_04,2026-04-01 00:00:00+00:00,2026-05-01 00:00:00+00:00,5,0.16666666666666666,1.0026866449042187,1.033205432648475,0.00268664490421866,-0.030094365162049885,0.6,1.101625521699163,0.0006342102403322121,0.011458115625409203,0.015601647837283275,0.7344170144661086,-0.01580481165545458,0.01543719567826161,0.4,0.0,0.6,1,4,86.6
R1_relax_frequency_R02098,2026_05,2026-05-01 00:00:00+00:00,2026-06-01 00:00:00+00:00,9,0.2903225806451613,0.9635570228141263,0.6457131255300588,-0.03644297718587375,-0.09322062479229132,0.5555555555555556,0.6886159222192557,-0.0038770535201645296,0.015433163595765242,0.02801482491507674,0.5508927377754046,-0.030569729706392115,0.01543719567826161,0.5555555555555556,0.3333333333333333,0.1111111111111111,6,3,60.44444444444444
R1_relax_frequency_R02098,2026_06,2026-06-01 00:00:00+00:00,2026-06-26 04:20:00+00:00,6,0.23827909542195255,0.999187194858822,0.9882745574834024,-0.0008128051411779857,-0.0713715769758616,0.6666666666666666,1.0100102465290746,0.00010197407764380347,0.015433415600921319,0.03056090896891123,0.5050051232645373,-0.030560908968911286,0.01543719567826161,0.6666666666666666,0.3333333333333333,0.0,5,1,47.333333333333336
R2_relax_winrate_payoff_R03494,2025_05,2025-05-30 10:30:00+00:00,2025-06-01 00:00:00+00:00,0,0.0,1.0,1.0,0.0,0.0,0.0,0.0,0.0,0.0,0.0,0.0,0.0,0.0,0.0,0.0,0.0,0,0,0.0
R2_relax_winrate_payoff_R03494,2025_06,2025-06-01 00:00:00+00:00,2025-07-01 00:00:00+00:00,10,0.3333333333333333,1.0375834890238107,1.5670420880569367,0.0375834890238107,-0.08371751488042833,0.5,1.376410393337029,0.00406090418295975,0.029698811843205063,0.021577003477285563,1.376410393337029,-0.022562115135163156,0.03942853707638587,0.3,0.4,0.3,10,0,74.3
R2_relax_winrate_payoff_R03494,2025_07,2025-07-01 00:00:00+00:00,2025-08-01 00:00:00+00:00,8,0.25806451612903225,1.0296728530459,1.411321613151959,0.02967285304590006,-0.04118635806776605,0.5,1.4487466914100515,0.003961013081229647,0.02557569651614304,0.017653670353683745,1.4487466914100515,-0.022562115135163045,0.03942853707638609,0.25,0.375,0.375,8,0,103.25
R2_relax_winrate_payoff_R03494,2025_08,2025-08-01 00:00:00+00:00,2025-09-01 00:00:00+00:00,6,0.1935483870967742,0.955682723867271,0.5862074696458063,-0.044317276132728955,-0.08546806973601362,0.3333333333333333,0.5006304353535024,-0.007265444613497696,0.021851367949107667,0.021823850894800375,1.0012608707070048,-0.022562115135162934,0.03942853707638587,0.16666666666666666,0.5,0.3333333333333333,6,0,84.83333333333333
R2_relax_winrate_payoff_R03494,2025_09,2025-09-01 00:00:00+00:00,2025-10-01 00:00:00+00:00,5,0.16666666666666666,1.026807389591464,1.3799978133984723,0.026807389591464004,-0.04408534078084758,0.6,1.8690921497677229,0.00548165561514137,0.01964831823017695,0.015768338307411995,1.2460614331784818,-0.022562115135162934,0.030208389665334703,0.0,0.2,0.8,5,0,121.8
R2_relax_winrate_payoff_R03494,2025_10,2025-10-01 00:00:00+00:00,2025-11-01 00:00:00+00:00,6,0.1935483870967742,0.9861567325554098,0.8485345887768273,-0.01384326744459019,-0.09941664945923046,0.3333333333333333,0.873777499143609,-0.0018985643979800733,0.03942853707638587,0.022562115135163045,1.747554998287218,-0.022562115135163045,0.03942853707638587,0.3333333333333333,0.6666666666666666,0.0,6,0,25.166666666666668
R2_relax_winrate_payoff_R03494,2025_11,2025-11-01 00:00:00+00:00,2025-12-01 00:00:00+00:00,3,0.1,0.9338293164895924,0.4345170886022084,-0.06617068351040756,-0.07082238388324313,0.0,0.0,-0.022562115135162934,0.0,0.022562115135162934,0.0,-0.022562115135163045,-0.022562115135162823,0.0,1.0,0.0,3,0,74.66666666666667
R2_relax_winrate_payoff_R03494,2025_12,2025-12-01 00:00:00+00:00,2026-01-01 00:00:00+00:00,4,0.12903225806451613,1.041736369588393,1.6189271151878073,0.041736369588392996,-0.03292934913476442,0.5,2.184265720137088,0.01068868691758515,0.03942853707638587,0.018051163241215574,2.184265720137088,-0.022562115135163045,0.03942853707638587,0.5,0.25,0.25,4,0,133.5
R2_relax_winrate_payoff_R03494,2026_01,2026-01-01 00:00:00+00:00,2026-02-01 00:00:00+00:00,6,0.1935483870967742,0.978723490917992,0.7761646397918265,-0.021276509082007955,-0.05533496121557924,0.3333333333333333,0.7080499548315802,-0.0033222862173679624,0.024172059347906068,0.017069459000004977,1.4160999096631603,-0.022562115135163045,0.03942853707638609,0.16666666666666666,0.5,0.3333333333333333,6,0,107.5
R2_relax_winrate_payoff_R03494,2026_02,2026-02-01 00:00:00+00:00,2026-03-01 00:00:00+00:00,3,0.10714285714285714,1.0119835088005809,1.1681150415650081,0.011983508800580855,-0.0265403761123143,0.3333333333333333,1.4882826867930818,0.004311965773442925,0.03942853707638587,0.013246319878028547,2.9765653735861637,-0.022562115135162934,0.03942853707638587,0.3333333333333333,0.3333333333333333,0.3333333333333333,3,0,98.33333333333333
R2_relax_winrate_payoff_R03494,2026_03,2026-03-01 00:00:00+00:00,2026-04-01 00:00:00+00:00,6,0.1935483870967742,1.023274073806207,1.3113782551726787,0.02327407380620694,-0.036814210223868216,0.5,1.5151097215325091,0.004100464836951873,0.02412167302447585,0.015920743350572107,1.5151097215325091,-0.022562115135162934,0.03942853707638587,0.16666666666666666,0.3333333333333333,0.5,6,0,93.0
R2_relax_winrate_payoff_R03494,2026_04,2026-04-01 00:00:00+00:00,2026-05-01 00:00:00+00:00,6,0.2,1.0247158566237975,1.3461612473867488,0.024715856623797494,-0.03235703032851345,0.6666666666666666,1.8518109959594278,0.00424080916445218,0.013829083704747305,0.014935739916138065,0.9259054979797139,-0.022562115135162934,0.03616053369419641,0.0,0.16666666666666666,0.8333333333333334,6,0,139.16666666666666
R2_relax_winrate_payoff_R03494,2026_05,2026-05-01 00:00:00+00:00,2026-06-01 00:00:00+00:00,5,0.16129032258064516,1.0729074083140633,2.2913542973696015,0.07290740831406328,-0.06595464569710685,0.6,2.6213324974308336,0.014632276191766325,0.03942853707638587,0.02256211513516299,1.7475549982872223,-0.022562115135163045,0.03942853707638587,0.6,0.4,0.0,5,0,25.8
R2_relax_winrate_payoff_R03494,2026_06,2026-06-01 00:00:00+00:00,2026-06-26 04:20:00+00:00,5,0.1985659128516271,1.0065944957228747,1.1000336003122722,0.006594495722874738,-0.07404470098606175,0.6,1.175258500987829,0.0015816809910813938,0.017677545075244352,0.022562115135163045,0.7835056673252193,-0.022562115135163045,0.03942853707638587,0.2,0.4,0.4,5,0,85.8
R1_relax_frequency_R00605,2025_05,2025-05-30 10:30:00+00:00,2025-06-01 00:00:00+00:00,0,0.0,1.0,1.0,0.0,0.0,0.0,0.0,0.0,0.0,0.0,0.0,0.0,0.0,0.0,0.0,0.0,0,0,0.0
R1_relax_frequency_R00605,2025_06,2025-06-01 00:00:00+00:00,2025-07-01 00:00:00+00:00,13,0.43333333333333335,0.9858667794877485,0.8408857276035607,-0.014133220512251521,-0.07392649383871319,0.6153846153846154,0.8663331895148167,-0.0009792893272206925,0.010313967395854166,0.019048500084140465,0.5414582434467605,-0.022562115135163045,0.011432758658267142,0.5384615384615384,0.3076923076923077,0.15384615384615385,13,0,30.153846153846153
R1_relax_frequency_R00605,2025_07,2025-07-01 00:00:00+00:00,2025-08-01 00:00:00+00:00,17,0.5483870967741935,1.0354879858123616,1.5081448553702552,0.03548798581236157,-0.04592743155153978,0.7647058823529411,1.4055428368167597,0.0021529186297647865,0.009757544403588708,0.02256211513516296,0.43247471902054146,-0.022562115135163045,0.011432758658267142,0.5882352941176471,0.23529411764705882,0.17647058823529413,17,0,27.705882352941178
R1_relax_frequency_R00605,2025_08,2025-08-01 00:00:00+00:00,2025-09-01 00:00:00+00:00,16,0.5161290322580645,1.0258200352590272,1.3503410321290126,0.025820035259027208,-0.03562042192163695,0.6875,1.3223538107976547,0.001677545680105189,0.010009595210182713,0.016652963286065366,0.601069913998934,-0.022562115135162934,0.011432758658267142,0.5625,0.0625,0.375,16,0,45.0
R1_relax_frequency_R00605,2025_09,2025-09-01 00:00:00+00:00,2025-10-01 00:00:00+00:00,12,0.4,1.0148593659890333,1.1967168212735413,0.014859365989033257,-0.06666876013896295,0.6666666666666666,1.2596020252561373,0.0013114509659870558,0.009544838630312427,0.015155324362663685,0.6298010126280686,-0.022562115135163156,0.011432758658267142,0.4166666666666667,0.16666666666666666,0.4166666666666667,12,0,46.083333333333336
R1_relax_frequency_R00605,2025_10,2025-10-01 00:00:00+00:00,2025-11-01 00:00:00+00:00,13,0.41935483870967744,1.0686263805045064,2.1859191172231958,0.06862638050450642,-0.03666905710278556,0.7692307692307693,2.4435917385193235,0.005195453034720177,0.011432758658267051,0.015595565710436077,0.733077521555797,-0.022562115135163045,0.011432758658267142,0.7692307692307693,0.15384615384615385,0.07692307692307693,13,0,24.923076923076923
R1_relax_frequency_R00605,2025_11,2025-11-01 00:00:00+00:00,2025-12-01 00:00:00+00:00,10,0.3333333333333333,0.8603699359825122,0.16024800484868612,-0.1396300640174878,-0.15140782284899834,0.2,0.13353646705621836,-0.014836499237568182,0.01143275865826703,0.021403813711526984,0.5341458682248734,-0.022562115135163045,0.011432758658267142,0.2,0.7,0.1,10,0,28.4
R1_relax_frequency_R00605,2025_12,2025-12-01 00:00:00+00:00,2026-01-01 00:00:00+00:00,14,0.45161290322580644,1.0950211899386433,2.9139785046500393,0.09502118993864328,-0.046412812080387056,0.8571428571428571,3.040342252428947,0.006576348116348512,0.011432758658267086,0.022562115135162934,0.5067237087381579,-0.022562115135162934,0.011432758658267142,0.8571428571428571,0.14285714285714285,0.0,14,0,29.642857142857142
R1_relax_frequency_R00605,2026_01,2026-01-01 00:00:00+00:00,2026-02-01 00:00:00+00:00,12,0.3870967741935484,0.944689184090715,0.5115027232318986,-0.055310815909284994,-0.07728921714183201,0.5,0.5237146101670974,-0.004605930390196508,0.010129191825954734,0.019341052606347747,0.5237146101670974,-0.022562115135163045,0.011432758658267142,0.4166666666666667,0.4166666666666667,0.16666666666666666,12,0,30.0
R1_relax_frequency_R00605,2026_02,2026-02-01 00:00:00+00:00,2026-03-01 00:00:00+00:00,9,0.32142857142857145,0.9699527618676149,0.6716856966040256,-0.03004723813238508,-0.05244797169377602,0.4444444444444444,0.6082230672662883,-0.0032729885982656307,0.01143275865826692,0.015037586403491671,0.7602788340828602,-0.022562115135163045,0.01143275865826692,0.4444444444444444,0.3333333333333333,0.2222222222222222,9,0,31.77777777777778
R1_relax_frequency_R00605,2026_03,2026-03-01 00:00:00+00:00,2026-04-01 00:00:00+00:00,12,0.3870967741935484,1.0344288978536007,1.4900703991377113,0.034428897853600704,-0.03681421022386833,0.75,1.5201711262144628,0.00293404020990953,0.011432758658267043,0.02256211513516301,0.5067237087381542,-0.022562115135163156,0.011432758658267142,0.75,0.25,0.0,12,0,27.833333333333332
R1_relax_frequency_R00605,2026_04,2026-04-01 00:00:00+00:00,2026-05-01 00:00:00+00:00,10,0.3333333333333333,0.9904017251970724,0.8892085933928563,-0.009598274802927631,-0.0395106364667962,0.4,0.8279372474675109,-0.0009037885872488774,0.010872199592966736,0.008754447374059286,1.2419058712012663,-0.022562115135163045,0.01143275865826692,0.3,0.1,0.6,10,0,57.9
R1_relax_frequency_R00605,2026_05,2026-05-01 00:00:00+00:00,2026-06-01 00:00:00+00:00,19,0.6129032258064516,1.0973613465649563,2.9882029478233054,0.09736134656495632,-0.06038595489994936,0.7894736842105263,2.233164785823213,0.004984126282300409,0.011432758658267055,0.0191982451275745,0.595510609552857,-0.022562115135163045,0.011432758658267142,0.7894736842105263,0.15789473684210525,0.05263157894736842,19,0,21.789473684210527
R1_relax_frequency_R00605,2026_06,2026-06-01 00:00:00+00:00,2026-06-26 04:20:00+00:00,10,0.3971318257032542,1.0022299353641686,1.0328373632543293,0.0022299353641686004,-0.055639747875624423,0.7,1.0501571167737693,0.00033949519304928255,0.010154471047997438,0.022562115135163083,0.45006733576018687,-0.022562115135163156,0.011432758658267142,0.6,0.3,0.1,10,0,24.4
R3_live_candidate_gate_R01312,2025_05,2025-05-30 10:30:00+00:00,2025-06-01 00:00:00+00:00,0,0.0,1.0,1.0,0.0,0.0,0.0,0.0,0.0,0.0,0.0,0.0,0.0,0.0,0.0,0.0,0.0,0,0,0.0
R3_live_candidate_gate_R01312,2025_06,2025-06-01 00:00:00+00:00,2025-07-01 00:00:00+00:00,1,0.03333333333333333,0.9959774015211701,0.9521107612624846,-0.0040225984788299085,-0.004659429526877479,0.0,0.0,-0.004022598478829859,0.0,0.004022598478829859,0.0,-0.004022598478829859,-0.004022598478829859,0.0,0.0,1.0,1,0,10.0
R3_live_candidate_gate_R01312,2025_07,2025-07-01 00:00:00+00:00,2025-08-01 00:00:00+00:00,1,0.03225806451612903,0.9916872573308038,0.9063296051602697,-0.008312742669196238,-0.010048038771482526,0.0,0.0,-0.008312742669196188,0.0,0.008312742669196188,0.0,-0.008312742669196188,-0.008312742669196188,0.0,0.0,1.0,1,0,10.0
R3_live_candidate_gate_R01312,2025_08,2025-08-01 00:00:00+00:00,2025-09-01 00:00:00+00:00,1,0.03225806451612903,1.0147533806102436,1.188341140891896,0.01475338061024356,-0.002311764860611465,1.0,inf,0.014753380610243595,0.014753380610243595,0.0,inf,0.014753380610243595,0.014753380610243595,0.0,0.0,1.0,0,1,10.0
R3_live_candidate_gate_R01312,2025_09,2025-09-01 00:00:00+00:00,2025-10-01 00:00:00+00:00,2,0.06666666666666667,1.0068546376312002,1.086727064432068,0.0068546376312002,-0.004214214596087507,1.0,inf,0.003422855231586544,0.003422855231586544,0.0,inf,0.0017528941813360682,0.00509281628183702,0.0,0.0,1.0,2,0,10.0
R3_live_candidate_gate_R01312,2025_10,2025-10-01 00:00:00+00:00,2025-11-01 00:00:00+00:00,2,0.06451612903225806,1.0191309228358454,1.250166162907152,0.019130922835845388,-0.00444107595491694,1.0,inf,0.009521950970948599,0.009521950970948599,0.0,inf,0.007612328928539116,0.01143157301335808,0.0,0.0,1.0,1,1,10.0
R3_live_candidate_gate_R01312,2025_11,2025-11-01 00:00:00+00:00,2025-12-01 00:00:00+00:00,5,0.16666666666666666,0.9987050607147706,0.9843476883206507,-0.0012949392852293906,-0.011610153635319476,0.4,0.8796786055132945,-0.00025028870397401345,0.004574698020806205,0.003466946520494159,1.3195179082699418,-0.0056750218245385075,0.005801471969218676,0.0,0.0,1.0,3,2,10.0
R3_live_candidate_gate_R01312,2025_12,2025-12-01 00:00:00+00:00,2026-01-01 00:00:00+00:00,5,0.16129032258064516,1.0125235101426826,1.1579357755008446,0.012523510142682603,-0.031816993747928235,0.4,1.5088302637117228,0.0026663519929311847,0.019766279973678528,0.008733599994233713,2.263245395567584,-0.012739676957949263,0.03942853707638587,0.2,0.0,0.8,3,2,8.4
R3_live_candidate_gate_R01312,2026_01,2026-01-01 00:00:00+00:00,2026-02-01 00:00:00+00:00,5,0.16129032258064516,0.9787225133605464,0.7761555057641886,-0.021277486639453613,-0.030568895347124814,0.4,0.22940601483642625,-0.0042463869647572025,0.0031603760533879463,0.00918422897685397,0.34410902225463935,-0.022562115135162934,0.003827977584610757,0.0,0.2,0.8,3,2,9.4
R3_live_candidate_gate_R01312,2026_02,2026-02-01 00:00:00+00:00,2026-03-01 00:00:00+00:00,1,0.03571428571428571,0.9967439987453367,0.9583495712491875,-0.003256001254663299,-0.005912119488157841,0.0,0.0,-0.003256001254663346,0.0,0.003256001254663346,0.0,-0.003256001254663346,-0.003256001254663346,0.0,0.0,1.0,1,0,10.0
R3_live_candidate_gate_R01312,2026_03,2026-03-01 00:00:00+00:00,2026-04-01 00:00:00+00:00,5,0.16129032258064516,1.017258845109173,1.2233748647521037,0.017258845109173082,-0.0158237141738351,0.4,2.5305997658837085,0.0034703571325123603,0.014344189027753779,0.0037788641309819183,3.7958996488255625,-0.005812130562954573,0.017444564175206324,0.0,0.0,1.0,1,4,10.0
R3_live_candidate_gate_R01312,2026_04,2026-04-01 00:00:00+00:00,2026-05-01 00:00:00+00:00,3,0.1,1.0078361099401267,1.0996949017200626,0.007836109940126734,-0.005476139632980548,0.6666666666666666,22.39551683892282,0.0026075291920544287,0.004094102823148569,0.0003656180701338516,11.19775841946141,-0.0003656180701338516,0.004583507784820342,0.0,0.0,1.0,3,0,10.0
R3_live_candidate_gate_R01312,2026_05,2026-05-01 00:00:00+00:00,2026-06-01 00:00:00+00:00,2,0.06451612903225806,0.9907408539288456,0.8961908872519856,-0.009259146071154412,-0.014208993720100427,0.0,0.0,-0.00463694460030582,0.0,0.00463694460030582,0.0,-0.007236584146306716,-0.0020373050543049244,0.0,0.0,1.0,2,0,10.0
R3_live_candidate_gate_R01312,2026_06,2026-06-01 00:00:00+00:00,2026-06-26 04:20:00+00:00,2,0.07942636514065085,1.000894501509223,1.0130536237070453,0.0008945015092229891,-0.011295352693774685,0.5,1.1750566138273275,0.00046374327335209223,0.006225695659894499,0.005298209113190315,1.1750566138273275,-0.005298209113190315,0.006225695659894499,0.0,0.0,1.0,1,1,10.0
R1_relax_frequency_R04239,2025_05,2025-05-30 10:30:00+00:00,2025-06-01 00:00:00+00:00,0,0.0,1.0,1.0,0.0,0.0,0.0,0.0,0.0,0.0,0.0,0.0,0.0,0.0,0.0,0.0,0.0,0,0,0.0
R1_relax_frequency_R04239,2025_06,2025-06-01 00:00:00+00:00,2025-07-01 00:00:00+00:00,8,0.26666666666666666,0.9666474698041585,0.6616667985390118,-0.0333525301958415,-0.044867911867715105,0.625,0.512211579178007,-0.004128249492114307,0.006935915987618985,0.02256852529166979,0.30732694750680417,-0.02256852529166994,0.006935915987619051,0.625,0.375,0.0,0,8,22.5
R1_relax_frequency_R04239,2025_07,2025-07-01 00:00:00+00:00,2025-08-01 00:00:00+00:00,18,0.5806451612903226,1.034514725583761,1.491527724668252,0.03451472558376101,-0.044374187671416654,0.7777777777777778,1.560092497408136,0.0019367285804746644,0.006935915987619029,0.015560427344530604,0.44574071354518174,-0.02256852529166972,0.006935915987619162,0.7777777777777778,0.1111111111111111,0.1111111111111111,0,18,30.27777777777778
R1_relax_frequency_R04239,2025_08,2025-08-01 00:00:00+00:00,2025-09-01 00:00:00+00:00,13,0.41935483870967744,0.9713187349772836,0.7097298323191108,-0.028681265022716396,-0.051201681850681635,0.6923076923076923,0.6914856318903116,-0.0021423736367775456,0.006935915987619001,0.022568525291669774,0.30732694750680517,-0.02256852529166994,0.006935915987619051,0.6923076923076923,0.3076923076923077,0.0,0,13,21.76923076923077
R1_relax_frequency_R04239,2025_09,2025-09-01 00:00:00+00:00,2025-10-01 00:00:00+00:00,18,0.6,0.984856640192177,0.8304557315327321,-0.015143359807822998,-0.0641152549990891,0.7222222222222222,0.8671087029314156,-0.0007677108286478632,0.006935915987619019,0.02079714055094175,0.33350334728131376,-0.02256852529166994,0.006935915987619162,0.7222222222222222,0.2222222222222222,0.05555555555555555,0,18,22.27777777777778
R1_relax_frequency_R04239,2025_10,2025-10-01 00:00:00+00:00,2025-11-01 00:00:00+00:00,16,0.5161290322580645,1.0054535825525197,1.0661786918282639,0.005453582552519709,-0.0400011358439567,0.75,1.0853108433431304,0.00040889818287326773,0.006935915987619043,0.019172155231364053,0.3617702811143768,-0.02256852529166972,0.006935915987619162,0.75,0.1875,0.0625,0,16,17.25
R1_relax_frequency_R04239,2025_11,2025-11-01 00:00:00+00:00,2025-12-01 00:00:00+00:00,24,0.8,1.0480497903603476,1.7707197058903663,0.04804979036034762,-0.04399899617541758,0.8333333333333334,1.5366347375340283,0.0020185091077375428,0.006935915987618996,0.02256852529166972,0.30732694750680567,-0.02256852529166972,0.006935915987619162,0.8333333333333334,0.16666666666666666,0.0,0,24,13.666666666666666
R1_relax_frequency_R04239,2025_12,2025-12-01 00:00:00+00:00,2026-01-01 00:00:00+00:00,13,0.41935483870967744,0.9649129918701963,0.6565010519212243,-0.0350870081298037,-0.0763052938110349,0.6923076923076923,0.6179248373956087,-0.0026531916832480146,0.0061980676982727675,0.022568525291669774,0.274633261064715,-0.02256852529166994,0.006935915987619051,0.6153846153846154,0.3076923076923077,0.07692307692307693,0,13,23.153846153846153
R1_relax_frequency_R04239,2026_01,2026-01-01 00:00:00+00:00,2026-02-01 00:00:00+00:00,15,0.4838709677419355,1.0613632008914362,2.0171427221413145,0.06136320089143621,-0.03255674284354082,0.8666666666666667,3.0040515858647563,0.004010120542927753,0.006935915987619035,0.01500754984756557,0.4621617824407317,-0.02256852529166972,0.006935915987619162,0.8666666666666667,0.06666666666666667,0.06666666666666667,0,15,22.2
R1_relax_frequency_R04239,2026_02,2026-02-01 00:00:00+00:00,2026-03-01 00:00:00+00:00,18,0.6428571428571429,1.1084248662193326,3.829809716141363,0.10842486621933256,-0.015636946737054958,0.8888888888888888,14.531477933532313,0.005740989446165816,0.006935915987619002,0.0038184228854596727,1.8164347416915392,-0.0041901763310165045,0.006935915987619051,0.8888888888888888,0.0,0.1111111111111111,0,18,20.0
R1_relax_frequency_R04239,2026_03,2026-03-01 00:00:00+00:00,2026-04-01 00:00:00+00:00,14,0.45161290322580644,1.0325503436528454,1.4584977634687588,0.03255034365284537,-0.0466962880808478,0.7857142857142857,1.8267111827277864,0.0023330858987942135,0.006561183053226092,0.013169937000789342,0.49819395892575996,-0.02256852529166994,0.006935915987619051,0.7142857142857143,0.07142857142857142,0.21428571428571427,0,14,31.357142857142858
R1_relax_frequency_R04239,2026_04,2026-04-01 00:00:00+00:00,2026-05-01 00:00:00+00:00,13,0.43333333333333335,0.9678202408881487,0.6715069013998918,-0.032179759111851336,-0.08532347528093409,0.5384615384615384,0.6047924628207318,-0.002440491841723042,0.0069359159876190195,0.013379634309288778,0.5183935395606274,-0.02256852529166994,0.006935915987619051,0.5384615384615384,0.23076923076923078,0.23076923076923078,0,13,41.84615384615385
R1_relax_frequency_R04239,2026_05,2026-05-01 00:00:00+00:00,2026-06-01 00:00:00+00:00,12,0.3870967741935484,1.0176779131251283,1.2293260830733255,0.01767791312512834,-0.033981655934877564,0.6666666666666666,1.4815263003882717,0.0015028762182382471,0.006935915987618995,0.009363203320523249,0.7407631501941359,-0.02256852529166972,0.006935915987619162,0.6666666666666666,0.08333333333333333,0.25,0,12,38.833333333333336
R1_relax_frequency_R04239,2026_06,2026-06-01 00:00:00+00:00,2026-06-26 04:20:00+00:00,14,0.555984555984556,1.0075790046766517,1.1157432495218946,0.007579004676651735,-0.06036655401951585,0.7857142857142857,1.1268654741916233,0.0006135357134857111,0.006935915987619012,0.02256852529166972,0.3073269475068064,-0.02256852529166972,0.006935915987619051,0.7857142857142857,0.21428571428571427,0.0,0,14,15.571428571428571
R3_live_candidate_gate_R03986,2025_05,2025-05-30 10:30:00+00:00,2025-06-01 00:00:00+00:00,0,0.0,1.0,1.0,0.0,0.0,0.0,0.0,0.0,0.0,0.0,0.0,0.0,0.0,0.0,0.0,0.0,0,0,0.0
R3_live_candidate_gate_R03986,2025_06,2025-06-01 00:00:00+00:00,2025-07-01 00:00:00+00:00,17,0.5666666666666667,1.015500531135335,1.205954398239914,0.015500531135334894,-0.07707217409299627,0.5882352941176471,1.1329290381985366,0.001065458753791215,0.015437195678261564,0.019465593995452144,0.7930503267389756,-0.02256852529166994,0.01543719567826161,0.5882352941176471,0.35294117647058826,0.058823529411764705,0,17,46.88235294117647
R3_live_candidate_gate_R03986,2025_07,2025-07-01 00:00:00+00:00,2025-08-01 00:00:00+00:00,4,0.12903225806451613,1.023400259604717,1.3132848734952622,0.023400259604716922,-0.028524737862393623,0.75,2.052043119178851,0.005935765435778751,0.015437195678261573,0.02256852529166972,0.684014373059617,-0.02256852529166972,0.01543719567826161,0.75,0.25,0.0,0,4,33.5
R3_live_candidate_gate_R03986,2025_08,2025-08-01 00:00:00+00:00,2025-09-01 00:00:00+00:00,6,0.1935483870967742,1.0157455077585442,1.2021026761130071,0.01574550775854422,-0.04620526331782604,0.6666666666666666,1.3680287461192349,0.0027686220216178153,0.015437195678261583,0.02256852529166972,0.6840143730596174,-0.02256852529166972,0.015437195678261722,0.6666666666666666,0.3333333333333333,0.0,0,6,40.833333333333336
R3_live_candidate_gate_R03986,2025_09,2025-09-01 00:00:00+00:00,2025-10-01 00:00:00+00:00,5,0.16666666666666666,1.0796061212427472,2.5410048483052745,0.07960612124274724,-0.015919351247726254,1.0,inf,0.015437195678261679,0.015437195678261679,0.0,inf,0.01543719567826161,0.015437195678261722,1.0,0.0,0.0,0,5,26.2
R3_live_candidate_gate_R03986,2025_10,2025-10-01 00:00:00+00:00,2025-11-01 00:00:00+00:00,11,0.3548387096774194,1.0555614007002778,1.8909875351361265,0.05556140070027782,-0.06559996245194188,0.7272727272727273,1.8240383281589778,0.0050719990500985215,0.015437195678261666,0.022568525291669864,0.6840143730596168,-0.02256852529166994,0.015437195678261722,0.7272727272727273,0.2727272727272727,0.0,0,11,20.636363636363637
R3_live_candidate_gate_R03986,2025_11,2025-11-01 00:00:00+00:00,2025-12-01 00:00:00+00:00,9,0.3,1.0635162087885641,2.116457631796189,0.06351620878856412,-0.032856825854332805,0.7777777777777778,2.394050305708649,0.006991479907165711,0.015437195678261581,0.02256852529166983,0.684014373059614,-0.02256852529166994,0.01543719567826161,0.7777777777777778,0.2222222222222222,0.0,0,9,13.444444444444445
R3_live_candidate_gate_R03986,2025_12,2025-12-01 00:00:00+00:00,2026-01-01 00:00:00+00:00,7,0.22580645161290322,0.9556623626253771,0.5860603331108041,-0.04433763737462293,-0.07181039095371522,0.42857142857142855,0.5130107797947102,-0.006280359161699213,0.015437195678261536,0.022568525291669774,0.6840143730596138,-0.02256852529166994,0.01543719567826161,0.42857142857142855,0.5714285714285714,0.0,0,7,33.714285714285715
R3_live_candidate_gate_R03986,2026_01,2026-01-01 00:00:00+00:00,2026-02-01 00:00:00+00:00,8,0.25806451612903225,1.0081480113461834,1.1003331212306637,0.00814801134618337,-0.047704079145905576,0.625,1.1400239550993678,0.00118505031453739,0.015437195678261656,0.02256852529166972,0.6840143730596207,-0.02256852529166972,0.015437195678261722,0.625,0.375,0.0,0,8,34.5
R3_live_candidate_gate_R03986,2026_02,2026-02-01 00:00:00+00:00,2026-03-01 00:00:00+00:00,10,0.35714285714285715,1.0006073421127706,1.0079516034784937,0.0006073421127705814,-0.06040192842528369,0.6,1.0260215595894282,0.00023490729028907906,0.015437195678261613,0.02256852529166972,0.6840143730596188,-0.02256852529166994,0.01543719567826161,0.6,0.4,0.0,0,10,28.5
R3_live_candidate_gate_R03986,2026_03,2026-03-01 00:00:00+00:00,2026-04-01 00:00:00+00:00,1,0.03225806451612903,1.0154371956782615,1.1978106221338163,0.015437195678261517,-0.013020948485373385,1.0,inf,0.01543719567826161,0.01543719567826161,0.0,inf,0.01543719567826161,0.01543719567826161,1.0,0.0,0.0,0,1,36.0
R3_live_candidate_gate_R03986,2026_04,2026-04-01 00:00:00+00:00,2026-05-01 00:00:00+00:00,0,0.0,1.0,1.0,0.0,0.0,0.0,0.0,0.0,0.0,0.0,0.0,0.0,0.0,0.0,0.0,0.0,0,0,0.0
R3_live_candidate_gate_R03986,2026_05,2026-05-01 00:00:00+00:00,2026-06-01 00:00:00+00:00,2,0.06451612903225806,0.9925202756454945,0.9153403807306889,-0.0074797243545055014,-0.02884272604622018,0.5,0.6840143730596187,-0.003565664806704054,0.01543719567826161,0.02256852529166972,0.6840143730596187,-0.02256852529166972,0.01543719567826161,0.5,0.5,0.0,0,2,61.0
R3_live_candidate_gate_R03986,2026_06,2026-06-01 00:00:00+00:00,2026-06-26 04:20:00+00:00,10,0.3971318257032542,1.0006073421127704,1.0088458643672946,0.0006073421127703593,-0.07123351779919607,0.6,1.0260215595894244,0.00023490729028904575,0.015437195678261594,0.022568525291669774,0.6840143730596162,-0.02256852529166994,0.01543719567826161,0.6,0.4,0.0,0,10,15.5
R1_relax_frequency_R03032,2025_05,2025-05-30 10:30:00+00:00,2025-06-01 00:00:00+00:00,0,0.0,1.0,1.0,0.0,0.0,0.0,0.0,0.0,0.0,0.0,0.0,0.0,0.0,0.0,0.0,0.0,0,0,0.0
R1_relax_frequency_R03032,2025_06,2025-06-01 00:00:00+00:00,2025-07-01 00:00:00+00:00,4,0.13333333333333333,1.0026062553657318,1.0321973516865046,0.00260625536573178,-0.021471907340088747,0.75,1.201950744983161,0.0006849750386171984,0.005435690159858596,0.013567170325106995,0.40065024832772034,-0.013567170325106995,0.0054356901598586705,0.75,0.25,0.0,0,4,9.75
R1_relax_frequency_R03032,2025_07,2025-07-01 00:00:00+00:00,2025-08-01 00:00:00+00:00,9,0.2903225806451613,1.0106833639739345,1.1333824978361633,0.010683363973934545,-0.024144517687381573,0.7777777777777778,1.4022758691470238,0.0012128322743106953,0.005435690159858606,0.013567170325106995,0.4006502483277211,-0.013567170325106995,0.0054356901598586705,0.7777777777777778,0.2222222222222222,0.0,0,9,10.666666666666666
R1_relax_frequency_R03032,2025_08,2025-08-01 00:00:00+00:00,2025-09-01 00:00:00+00:00,9,0.2903225806451613,1.0106833639739343,1.1333824978361604,0.010683363973934323,-0.019691444883843445,0.7777777777777778,1.4022758691470198,0.0012128322743106832,0.005435690159858591,0.013567170325106995,0.40065024832771995,-0.013567170325106995,0.0054356901598586705,0.7777777777777778,0.2222222222222222,0.0,0,9,6.888888888888889
R1_relax_frequency_R03032,2025_09,2025-09-01 00:00:00+00:00,2025-10-01 00:00:00+00:00,8,0.26666666666666666,1.0443218850103,1.6955420600445814,0.04432188501029999,-0.012974187263803394,1.0,inf,0.005435690159858643,0.005435690159858643,0.0,inf,0.0054356901598585595,0.0054356901598587816,1.0,0.0,0.0,0,8,14.625
R1_relax_frequency_R03032,2025_10,2025-10-01 00:00:00+00:00,2025-11-01 00:00:00+00:00,9,0.2903225806451613,0.9915813217965584,0.9051895351263257,-0.008418678203441554,-0.02120690376611567,0.6666666666666666,0.8013004966554326,-0.0008985966684633048,0.00543569015985854,0.013567170325106995,0.40065024832771623,-0.013567170325106995,0.0054356901598585595,0.6666666666666666,0.3333333333333333,0.0,0,9,11.88888888888889
R1_relax_frequency_R03032,2025_11,2025-11-01 00:00:00+00:00,2025-12-01 00:00:00+00:00,9,0.3,0.9728403106090594,0.7151645278513574,-0.0271596893909406,-0.050175423477763825,0.5555555555555556,0.5008128104096553,-0.003010025611237168,0.005435690159858604,0.013567170325106884,0.4006502483277242,-0.013567170325106995,0.0054356901598586705,0.5555555555555556,0.4444444444444444,0.0,0,9,16.0
R1_relax_frequency_R03032,2025_12,2025-12-01 00:00:00+00:00,2026-01-01 00:00:00+00:00,11,0.3548387096774194,1.0023904774468602,1.0285310420940768,0.002390477446860162,-0.03559027095912115,0.7272727272727273,1.0684006622072553,0.0002530918457770746,0.005435690159858601,0.013567170325106995,0.4006502483277207,-0.013567170325106995,0.0054356901598586705,0.7272727272727273,0.2727272727272727,0.0,0,11,9.818181818181818
R1_relax_frequency_R03032,2026_01,2026-01-01 00:00:00+00:00,2026-02-01 00:00:00+00:00,11,0.3548387096774194,1.0023904774468604,1.0285310420940794,0.002390477446860384,-0.035558360375580134,0.7272727272727273,1.068400662207258,0.0002530918457770847,0.005435690159858615,0.013567170325106995,0.4006502483277217,-0.013567170325106995,0.0054356901598586705,0.7272727272727273,0.2727272727272727,0.0,0,11,10.454545454545455
R1_relax_frequency_R03032,2026_02,2026-02-01 00:00:00+00:00,2026-03-01 00:00:00+00:00,9,0.32142857142857145,1.0106833639739348,1.1486892468818148,0.010683363973934767,-0.02300804619255814,0.7777777777777778,1.4022758691470238,0.0012128322743106953,0.005435690159858606,0.013567170325106995,0.4006502483277211,-0.013567170325106995,0.0054356901598586705,0.7777777777777778,0.2222222222222222,0.0,0,9,14.666666666666666
R1_relax_frequency_R03032,2026_03,2026-03-01 00:00:00+00:00,2026-04-01 00:00:00+00:00,11,0.3548387096774194,1.00239047744686,1.028531042094074,0.00239047744685994,-0.024531657053611933,0.7272727272727273,1.0684006622072553,0.00025309184577707483,0.005435690159858601,0.013567170325106995,0.4006502483277207,-0.013567170325106995,0.0054356901598587816,0.7272727272727273,0.2727272727272727,0.0,0,11,12.636363636363637
R1_relax_frequency_R03032,2026_04,2026-04-01 00:00:00+00:00,2026-05-01 00:00:00+00:00,8,0.26666666666666666,1.025425158369448,1.3575499436844238,0.02542515836944803,-0.01455612535158235,0.875,2.982569155410296,0.003161553748396799,0.005435690159858622,0.012757401131835967,0.42608130791575655,-0.012757401131835967,0.0054356901598587816,0.875,0.0,0.125,0,8,25.375
R1_relax_frequency_R03032,2026_05,2026-05-01 00:00:00+00:00,2026-06-01 00:00:00+00:00,7,0.22580645161290322,0.9808887253599584,0.7966391493969868,-0.019111274640041587,-0.024335996033930107,0.5714285714285714,0.5342003311036263,-0.0027083929051266624,0.005435690159858587,0.013567170325106995,0.4006502483277197,-0.013567170325106995,0.0054356901598586705,0.5714285714285714,0.42857142857142855,0.0,0,7,10.428571428571429
R1_relax_frequency_R03032,2026_06,2026-06-01 00:00:00+00:00,2026-06-26 04:20:00+00:00,9,0.3574186431329288,1.010683363973935,1.1666575132899069,0.01068336397393499,-0.03134539934403546,0.7777777777777778,1.4022758691470394,0.0012128322743107324,0.005435690159858622,0.013567170325106884,0.40065024832772556,-0.013567170325106995,0.0054356901598586705,0.7777777777777778,0.2222222222222222,0.0,0,9,10.666666666666666
R3_live_candidate_gate_R05604,2025_05,2025-05-30 10:30:00+00:00,2025-06-01 00:00:00+00:00,0,0.0,1.0,1.0,0.0,0.0,0.0,0.0,0.0,0.0,0.0,0.0,0.0,0.0,0.0,0.0,0.0,0,0,0.0
R3_live_candidate_gate_R05604,2025_06,2025-06-01 00:00:00+00:00,2025-07-01 00:00:00+00:00,14,0.4666666666666667,0.9265454231577559,0.3950046940391724,-0.0734545768422441,-0.07586147411782262,0.35714285714285715,0.5061018482724391,-0.005276536968328341,0.01513936079303505,0.016618702391308002,0.9109833268903904,-0.03658016223016782,0.02943930340402575,0.07142857142857142,0.0,0.9285714285714286,0,14,18.071428571428573
R3_live_candidate_gate_R05604,2025_07,2025-07-01 00:00:00+00:00,2025-08-01 00:00:00+00:00,11,0.3548387096774194,1.0644199601517086,2.0866637892761917,0.06441996015170859,-0.029073200824588752,0.6363636363636364,2.7959636414472335,0.005787837913043257,0.014159404370840225,0.008862403388101438,1.597693509398419,-0.016255610147719247,0.02943930340402575,0.09090909090909091,0.0,0.9090909090909091,0,11,18.818181818181817
R3_live_candidate_gate_R05604,2025_08,2025-08-01 00:00:00+00:00,2025-09-01 00:00:00+00:00,10,0.3225806451612903,0.983445981688543,0.8214566314179444,-0.016554018311456975,-0.05579104614608976,0.4,0.7168986724633988,-0.001583314453469339,0.01002358448528938,0.009321247079308486,1.0753480086950982,-0.02271592089820603,0.01929580307487402,0.0,0.0,1.0,0,10,19.0
R3_live_candidate_gate_R05604,2025_09,2025-09-01 00:00:00+00:00,2025-10-01 00:00:00+00:00,13,0.43333333333333335,1.0724410764257424,2.343131328107912,0.07244107642574238,-0.04470701390633269,0.6153846153846154,2.5577157004592794,0.005480395835232548,0.014622760437675636,0.009147387528676392,1.5985723127870497,-0.016022834820995684,0.02651204368895266,0.0,0.0,1.0,0,13,19.0
R3_live_candidate_gate_R05604,2025_10,2025-10-01 00:00:00+00:00,2025-11-01 00:00:00+00:00,24,0.7741935483870968,0.9294991459002536,0.42257272864709594,-0.07050085409974638,-0.13999622809287504,0.4166666666666667,0.6467580905133857,-0.0028919275085184455,0.012707739119840075,0.014034546528774531,0.90546132671874,-0.040571235224795166,0.02943930340402575,0.041666666666666664,0.08333333333333333,0.875,0,24,17.875
R3_live_candidate_gate_R05604,2025_11,2025-11-01 00:00:00+00:00,2025-12-01 00:00:00+00:00,25,0.8333333333333334,1.1622949840472134,6.240605458670742,0.16229498404721343,-0.06193839830001602,0.72,2.2586280102392657,0.00621200493990508,0.015482696946895592,0.017626917363784803,0.87835533731527,-0.04057123522479539,0.02943930340402586,0.16,0.04,0.8,0,25,17.92
R3_live_candidate_gate_R05604,2025_12,2025-12-01 00:00:00+00:00,2026-01-01 00:00:00+00:00,17,0.5483870967741935,0.9388106047477807,0.47523318887355503,-0.061189395252219336,-0.08603288091314276,0.4117647058823529,0.625425115634796,-0.0035513950452395167,0.014400797026270382,0.016117929495296442,0.8934644509068514,-0.03270472990659926,0.02943930340402575,0.058823529411764705,0.0,0.9411764705882353,0,17,18.647058823529413
R3_live_candidate_gate_R05604,2026_01,2026-01-01 00:00:00+00:00,2026-02-01 00:00:00+00:00,12,0.3870967741935484,0.9547974793395317,0.5798415410807942,-0.04520252066046826,-0.08868949474520604,0.5833333333333334,0.5220377658752562,-0.003726626769926076,0.006977622107208659,0.018712575197914704,0.37288411848232583,-0.040571235224795166,0.01577671362858799,0.0,0.08333333333333333,0.9166666666666666,0,12,18.666666666666668
R3_live_candidate_gate_R05604,2026_02,2026-02-01 00:00:00+00:00,2026-03-01 00:00:00+00:00,18,0.6428571428571429,1.16720623504553,7.51478302090742,0.1672062350455299,-0.01861379712503597,0.6666666666666666,5.247055076059359,0.0087108664839738,0.016142855007669998,0.006153110563418593,2.62352753802968,-0.01512238662006686,0.02943930340402575,0.1111111111111111,0.0,0.8888888888888888,0,18,18.61111111111111
R3_live_candidate_gate_R05604,2026_03,2026-03-01 00:00:00+00:00,2026-04-01 00:00:00+00:00,5,0.16129032258064516,1.0032042846970535,1.0384127561270613,0.003204284697053472,-0.02947341330417108,0.4,1.2184433776473766,0.000679758693320802,0.009478972161975619,0.005186383619115744,1.827665066471065,-0.008700998798940185,0.017215520936166427,0.0,0.0,1.0,0,5,19.0
R3_live_candidate_gate_R05604,2026_04,2026-04-01 00:00:00+00:00,2026-05-01 00:00:00+00:00,0,0.0,1.0,1.0,0.0,0.0,0.0,0.0,0.0,0.0,0.0,0.0,0.0,0.0,0.0,0.0,0.0,0,0,0.0
R3_live_candidate_gate_R05604,2026_05,2026-05-01 00:00:00+00:00,2026-06-01 00:00:00+00:00,5,0.16129032258064516,1.0053753141978075,1.0652012285346562,0.005375314197807457,-0.019521872705642762,0.6,1.2437215526628096,0.0011360375765391054,0.009662080922125697,0.011653027441840783,0.8291477017752064,-0.012662583093221923,0.015850492002484035,0.0,0.0,1.0,0,5,19.0
R3_live_candidate_gate_R05604,2026_06,2026-06-01 00:00:00+00:00,2026-06-26 04:20:00+00:00,17,0.6751241036955322,1.012655312277287,1.200113927066405,0.012655312277287,-0.05990349604769529,0.4117647058823529,1.1546165125918408,0.0008395396152044961,0.015225584225399099,0.009230691611931727,1.649452160845487,-0.02226221157648552,0.02943930340402575,0.058823529411764705,0.0,0.9411764705882353,0,17,18.764705882352942
R1_relax_frequency_R03831,2025_05,2025-05-30 10:30:00+00:00,2025-06-01 00:00:00+00:00,1,0.64,0.9774378848648371,0.004822185470886198,-0.02256211513516293,-0.02375416480257031,0.0,0.0,-0.022562115135162934,0.0,0.022562115135162934,0.0,-0.022562115135162934,-0.022562115135162934,0.0,1.0,0.0,1,0,33.0
R1_relax_frequency_R03831,2025_06,2025-06-01 00:00:00+00:00,2025-07-01 00:00:00+00:00,18,0.6,1.0296093908753357,1.4265520658684077,0.02960939087533565,-0.054821647939617635,0.6111111111111112,1.2325399506812227,0.0017794345784358577,0.015433530148719489,0.01967700131772413,0.7843436049789598,-0.02256852529166994,0.01543719567826161,0.6111111111111112,0.3333333333333333,0.05555555555555555,12,6,34.888888888888886
R1_relax_frequency_R03831,2025_07,2025-07-01 00:00:00+00:00,2025-08-01 00:00:00+00:00,25,0.8064516129032258,1.1041242892537473,3.2125415385741953,0.10412428925374728,-0.06358767508233154,0.68,1.6435145588013718,0.004109324003031717,0.015433934435066044,0.019955473165041225,0.7734186159065279,-0.02256852529166972,0.015437195678261722,0.68,0.2,0.12,16,9,37.64
R1_relax_frequency_R03831,2025_08,2025-08-01 00:00:00+00:00,2025-09-01 00:00:00+00:00,24,0.7741935483870968,0.9648042542234699,0.6556299040080236,-0.03519574577653006,-0.12349451761776364,0.5416666666666666,0.8407965457081954,-0.0013522260356452261,0.013184255636563657,0.018531704375528455,0.7114432309838576,-0.02256852529166994,0.015437195678261722,0.4166666666666667,0.2916666666666667,0.2916666666666667,14,10,52.291666666666664
R1_relax_frequency_R03831,2025_09,2025-09-01 00:00:00+00:00,2025-10-01 00:00:00+00:00,22,0.7333333333333333,0.9578399552585934,0.5918908913353916,-0.042160044741406555,-0.12496188634211536,0.5,0.8028136933459846,-0.0018047389643094077,0.01469543375549745,0.01830491168411627,0.8028136933459846,-0.02256852529166994,0.015437195678261722,0.45454545454545453,0.36363636363636365,0.18181818181818182,11,11,56.72727272727273
R1_relax_frequency_R03831,2025_10,2025-10-01 00:00:00+00:00,2025-11-01 00:00:00+00:00,23,0.7419354838709677,1.0239483592814913,1.3215959220405415,0.023948359281491305,-0.08013728603239834,0.6086956521739131,1.1453304313232961,0.0011920739813236732,0.01543395561196988,0.020961964110792642,0.7362838487078333,-0.02256852529166972,0.01543719567826161,0.6086956521739131,0.34782608695652173,0.043478260869565216,14,9,29.08695652173913
R1_relax_frequency_R03831,2025_11,2025-11-01 00:00:00+00:00,2025-12-01 00:00:00+00:00,25,0.8333333333333334,1.0676889736876696,2.219805507800772,0.06768897368766957,-0.07779832274534648,0.6,1.4240479558312353,0.002757739869431392,0.015435179637013428,0.01625841978194166,0.9493653038874903,-0.02256852529166994,0.015437195678261722,0.6,0.24,0.16,9,16,41.36
R1_relax_frequency_R03831,2025_12,2025-12-01 00:00:00+00:00,2026-01-01 00:00:00+00:00,13,0.41935483870967744,1.0760137491454116,2.3707500846392633,0.07601374914541159,-0.04442903061460657,0.6923076923076923,2.3133162258738738,0.005753293363956446,0.014638044277616708,0.014237396191779144,1.028140544832833,-0.02256852529166972,0.01543719567826161,0.6153846153846154,0.15384615384615385,0.23076923076923078,6,7,52.76923076923077
R1_relax_frequency_R03831,2026_01,2026-01-01 00:00:00+00:00,2026-02-01 00:00:00+00:00,21,0.6774193548387096,1.005221209359606,1.06327906915782,0.005221209359606016,-0.045686157780141845,0.5714285714285714,1.0481208119214245,0.00040492001265422496,0.015434255618108053,0.01963419412795088,0.7860906089410683,-0.02256852529166972,0.015437195678261722,0.5714285714285714,0.2857142857142857,0.14285714285714285,13,8,38.23809523809524
R1_relax_frequency_R03831,2026_02,2026-02-01 00:00:00+00:00,2026-03-01 00:00:00+00:00,20,0.7142857142857143,1.0642360631168397,2.2526861137188807,0.06423606311683971,-0.05780352420368806,0.65,1.5403585901129275,0.003249361076905383,0.014250312630768406,0.01718097752312595,0.8294238562146532,-0.02256852529166994,0.015437195678261722,0.6,0.25,0.15,9,11,37.15
R1_relax_frequency_R03831,2026_03,2026-03-01 00:00:00+00:00,2026-04-01 00:00:00+00:00,23,0.7419354838709677,1.1232149335150152,3.9315748134065025,0.12321493351501522,-0.03474346436383602,0.6956521739130435,2.0350638991535943,0.005185298470222977,0.014655225382067745,0.016460248756850777,0.8903404558796975,-0.02256852529166994,0.015437195678261722,0.6521739130434783,0.21739130434782608,0.13043478260869565,11,12,42.78260869565217
R1_relax_frequency_R03831,2026_04,2026-04-01 00:00:00+00:00,2026-05-01 00:00:00+00:00,12,0.4,0.9327443821837379,0.4284105591946157,-0.0672556178162621,-0.0797530156685079,0.25,0.34590132020190034,-0.0057062484311215245,0.012070343064041708,0.011631778929509267,1.037703960605701,-0.02256852529166972,0.01543215557514115,0.16666666666666666,0.16666666666666666,0.6666666666666666,7,5,81.5
R1_relax_frequency_R03831,2026_05,2026-05-01 00:00:00+00:00,2026-06-01 00:00:00+00:00,16,0.5161290322580645,0.9896809990307195,0.8849600472288999,-0.010319000969280512,-0.08468333848443876,0.5625,0.9474918145940019,-0.0004810964826017323,0.015433275598056807,0.020942432014876996,0.736938078017557,-0.02256852529166972,0.01543719567826161,0.5625,0.375,0.0625,11,5,37.9375
R1_relax_frequency_R03831,2026_06,2026-06-01 00:00:00+00:00,2026-06-26 04:20:00+00:00,18,0.7148372862658576,1.0087733522462459,1.1350816385580986,0.008773352246245869,-0.07690264909705191,0.6111111111111112,1.0749702041726934,0.0006578536549578392,0.01543536291349052,0.022563946608450663,0.6840719481098958,-0.02256852529166972,0.015437195678261722,0.6111111111111112,0.3888888888888889,0.0,9,9,33.55555555555556
R3_live_candidate_gate_R04938,2025_05,2025-05-30 10:30:00+00:00,2025-06-01 00:00:00+00:00,0,0.0,1.0,1.0,0.0,0.0,0.0,0.0,0.0,0.0,0.0,0.0,0.0,0.0,0.0,0.0,0.0,0,0,0.0
R3_live_candidate_gate_R04938,2025_06,2025-06-01 00:00:00+00:00,2025-07-01 00:00:00+00:00,12,0.4,1.0080544483261302,1.1025989720875298,0.008054448326130226,-0.044509380745283655,0.5833333333333334,1.1970422500493654,0.0007072902511169472,0.007365987868138334,0.008614886412712993,0.8550301786066896,-0.014751226514335964,0.008433210970611412,0.5,0.0,0.5,12,0,6.916666666666667
R3_live_candidate_gate_R04938,2025_07,2025-07-01 00:00:00+00:00,2025-08-01 00:00:00+00:00,10,0.3225806451612903,1.0297880459677689,1.413183027273684,0.02978804596776885,-0.017611375256842865,0.7,2.350257998685205,0.002965107339207125,0.007372947823640787,0.007319853791138084,1.0072534280079448,-0.010607316730491909,0.008433210970611412,0.5,0.0,0.5,10,0,7.6
R3_live_candidate_gate_R04938,2025_08,2025-08-01 00:00:00+00:00,2025-09-01 00:00:00+00:00,10,0.3225806451612903,0.9936917765297338,0.9281512847184353,-0.006308223470266161,-0.02698438750320009,0.6,0.8721998578504032,-0.0005855966379258273,0.006660885970934105,0.011455320551215724,0.5814665719002688,-0.017165434326485436,0.008433210970611412,0.4,0.0,0.6,10,0,7.8
R3_live_candidate_gate_R04938,2025_09,2025-09-01 00:00:00+00:00,2025-10-01 00:00:00+00:00,13,0.43333333333333335,1.0378472794608598,1.5718994744580586,0.03784727946085975,-0.020340225193868022,0.7692307692307693,3.7170579201815976,0.002876605031978531,0.005115923245252722,0.00458778901226877,1.1151173760544792,-0.012455867668040311,0.008433210970611412,0.23076923076923078,0.0,0.7692307692307693,13,0,8.923076923076923
R3_live_candidate_gate_R04938,2025_10,2025-10-01 00:00:00+00:00,2025-11-01 00:00:00+00:00,13,0.41935483870967744,1.0018895314209597,1.0224911360646776,0.0018895314209597114,-0.03161133456764209,0.5384615384615384,1.050715440025204,0.00018511865335506944,0.007122630431009822,0.007908645087242141,0.9006132343073175,-0.019500492823841482,0.008433210970611412,0.38461538461538464,0.0,0.6153846153846154,13,0,7.6923076923076925
R3_live_candidate_gate_R04938,2025_11,2025-11-01 00:00:00+00:00,2025-12-01 00:00:00+00:00,12,0.4,0.9973536463006005,0.9682528050518112,-0.002646353699399473,-0.07615621462040045,0.5833333333333334,0.9643520080349574,-0.00015916804621430398,0.007381414765591524,0.010715983982742464,0.6888228628821124,-0.022562115135163045,0.008433210970611412,0.4166666666666667,0.16666666666666666,0.4166666666666667,12,0,6.75
R3_live_candidate_gate_R04938,2025_12,2025-12-01 00:00:00+00:00,2026-01-01 00:00:00+00:00,11,0.3548387096774194,0.9515025963094403,0.5566994409190689,-0.04849740369055966,-0.06449829740593849,0.36363636363636365,0.3891017390118496,-0.004443584962821308,0.0077832407684887625,0.011430342523569921,0.6809280432707369,-0.022562115135163045,0.008433210970611412,0.2727272727272727,0.09090909090909091,0.6363636363636364,11,0,8.272727272727273
R3_live_candidate_gate_R04938,2026_01,2026-01-01 00:00:00+00:00,2026-02-01 00:00:00+00:00,10,0.3225806451612903,0.9861706792740724,0.8486759913425709,-0.013829320725927574,-0.04085628775896477,0.5,0.7222476980773834,-0.0013386202026752722,0.0069617090716422286,0.009638949476992772,0.7222476980773834,-0.022562115135162934,0.008433210970611412,0.4,0.1,0.5,10,0,7.2
R3_live_candidate_gate_R04938,2026_02,2026-02-01 00:00:00+00:00,2026-03-01 00:00:00+00:00,9,0.32142857142857145,1.019099254271245,1.2799149051224767,0.019099254271244925,-0.018287723236152686,0.6666666666666666,2.5624024436188644,0.0021185503063582815,0.005211760744595531,0.004067870570116219,1.281201221809432,-0.007443349053162056,0.008433210970611412,0.3333333333333333,0.0,0.6666666666666666,9,0,8.222222222222221
R3_live_candidate_gate_R04938,2026_03,2026-03-01 00:00:00+00:00,2026-04-01 00:00:00+00:00,5,0.16129032258064516,0.998358218617277,0.9808264086319358,-0.0016417813827229732,-0.015083005584842879,0.4,0.9176628830091097,-0.00030266726099640993,0.008433210970611412,0.006126586082068292,1.3764943245136645,-0.007619631835439355,0.008433210970611412,0.4,0.0,0.6,5,0,7.8
R3_live_candidate_gate_R04938,2026_04,2026-04-01 00:00:00+00:00,2026-05-01 00:00:00+00:00,3,0.1,1.010177918240684,1.1312121950830982,0.010177918240684036,-0.009088578368615652,0.6666666666666666,9.49723494498827,0.0033889445465974544,0.005681660466542014,0.0011964872932916648,4.748617472494135,-0.0011964872932916648,0.008433210970611412,0.3333333333333333,0.0,0.6666666666666666,3,0,8.333333333333334
R3_live_candidate_gate_R04938,2026_05,2026-05-01 00:00:00+00:00,2026-06-01 00:00:00+00:00,6,0.1935483870967742,1.0080359063898614,1.0988923570762688,0.008035906389861402,-0.02072009360022331,0.5,1.4770503537229511,0.0013618582015197205,0.008433210970611338,0.005709494567571897,1.477050353722951,-0.008963076317602117,0.008433210970611412,0.5,0.0,0.5,6,0,8.5
R3_live_candidate_gate_R04938,2026_06,2026-06-01 00:00:00+00:00,2026-06-26 04:20:00+00:00,13,0.5162713734142306,1.0035716211615437,1.0530754928742805,0.0035716211615437476,-0.02491796527196677,0.46153846153846156,1.0958964206388808,0.0003115068802173774,0.007713062604220177,0.006032683740356449,1.2785458240786944,-0.022562115135162934,0.008433210970611412,0.38461538461538464,0.07692307692307693,0.5384615384615384,13,0,7.3076923076923075
R2_relax_winrate_payoff_R05975,2025_05,2025-05-30 10:30:00+00:00,2025-06-01 00:00:00+00:00,0,0.0,1.0,1.0,0.0,0.0,0.0,0.0,0.0,0.0,0.0,0.0,0.0,0.0,0.0,0.0,0.0,0,0,0.0
R2_relax_winrate_payoff_R05975,2025_06,2025-06-01 00:00:00+00:00,2025-07-01 00:00:00+00:00,1,0.03333333333333333,0.9834369802401479,0.8159979437916971,-0.016563019759852082,-0.021337093781541583,0.0,0.0,-0.01656301975985203,0.0,0.01656301975985203,0.0,-0.01656301975985203,-0.01656301975985203,0.0,1.0,0.0,1,0,22.0
R2_relax_winrate_payoff_R05975,2025_07,2025-07-01 00:00:00+00:00,2025-08-01 00:00:00+00:00,2,0.06451612903225806,0.9671482941038615,0.6746454698755298,-0.032851705896138506,-0.049714680293605484,0.0,0.0,-0.016563019759851808,0.0,0.016563019759851808,0.0,-0.016563019759851808,-0.016563019759851808,0.0,1.0,0.0,2,0,20.5
R2_relax_winrate_payoff_R05975,2025_08,2025-08-01 00:00:00+00:00,2025-09-01 00:00:00+00:00,7,0.22580645161290322,0.9892546107465507,0.8804782341082801,-0.010745389253449256,-0.06668429045620583,0.42857142857142855,0.8571150418468062,-0.0013523465058725421,0.018928551166099813,0.016563019759851808,1.1428200557957415,-0.01656301975985192,0.028230225709138287,0.2857142857142857,0.5714285714285714,0.14285714285714285,7,0,22.714285714285715
R2_relax_winrate_payoff_R05975,2025_09,2025-09-01 00:00:00+00:00,2025-10-01 00:00:00+00:00,4,0.13333333333333333,1.029594086300362,1.426293917547218,0.029594086300362088,-0.030467988504691346,0.75,2.7945417720091967,0.007430757707417,0.015428683529839974,0.01656301975985192,0.9315139240030655,-0.01656301975985192,0.02135117531969703,0.0,0.25,0.75,4,0,45.25
R2_relax_winrate_payoff_R05975,2025_10,2025-10-01 00:00:00+00:00,2025-11-01 00:00:00+00:00,3,0.0967741935483871,1.0108673480831605,1.1358158025036567,0.010867348083160477,-0.015290714780262227,0.6666666666666666,3.868117546916218,0.0036242831328250733,0.007331892583767942,0.003790935769060665,1.934058773458109,-0.003790935769060665,0.0091968035572615,0.0,0.0,1.0,3,0,49.0
R2_relax_winrate_payoff_R05975,2025_11,2025-11-01 00:00:00+00:00,2025-12-01 00:00:00+00:00,6,0.2,1.0144038320667732,1.190193236742468,0.014403832066773203,-0.03629900947538034,0.3333333333333333,1.3920985363193203,0.0025422262138000595,0.027077602159230135,0.00972546175891498,2.7841970726386407,-0.016563019759851808,0.02823022570913807,0.16666666666666666,0.16666666666666666,0.6666666666666666,6,0,43.833333333333336
R2_relax_winrate_payoff_R05975,2025_12,2025-12-01 00:00:00+00:00,2026-01-01 00:00:00+00:00,2,0.06451612903225806,1.0245973130354475,1.3314984785539525,0.024597313035447543,-0.00504686684228528,1.0,inf,0.012231270500636306,0.012231270500636306,0.0,inf,0.008380044217369877,0.016082496783902736,0.0,0.0,1.0,2,0,49.0
R2_relax_winrate_payoff_R05975,2026_01,2026-01-01 00:00:00+00:00,2026-02-01 00:00:00+00:00,3,0.0967741935483871,1.0029755287735296,1.0356263289307477,0.002975528773529579,-0.02924331674129821,0.3333333333333333,1.1657918939236023,0.0011328917588322024,0.0238983221293321,0.010249823426417747,2.3315837878472045,-0.016563019759851808,0.0238983221293321,0.0,0.3333333333333333,0.6666666666666666,3,0,42.0
R2_relax_winrate_payoff_R05975,2026_02,2026-02-01 00:00:00+00:00,2026-03-01 00:00:00+00:00,3,0.10714285714285714,1.0684204783598492,2.3710012337420223,0.06842047835984921,-0.007853752813131942,1.0,inf,0.022339659638330775,0.022339659638330775,0.0,inf,0.01055852749671575,0.028230225709138287,0.6666666666666666,0.0,0.3333333333333333,3,0,27.666666666666668
R2_relax_winrate_payoff_R05975,2026_03,2026-03-01 00:00:00+00:00,2026-04-01 00:00:00+00:00,6,0.1935483870967742,0.9808218568466612,0.7959995139917845,-0.019178143153338767,-0.05020465269458252,0.5,0.463078347796851,-0.0031699986265321407,0.005468051886040818,0.011808049139105098,0.46307834779685103,-0.016563019759851808,0.009742488995176164,0.0,0.3333333333333333,0.6666666666666666,6,0,39.166666666666664
R2_relax_winrate_payoff_R05975,2026_04,2026-04-01 00:00:00+00:00,2026-05-01 00:00:00+00:00,2,0.06666666666666667,0.9975473224173598,0.9705444952272564,-0.002452677582640228,-0.008719523480244407,0.0,0.0,-0.0012265228806823288,0.0,0.0012265228806823288,0.0,-0.0022924401628439486,-0.0001606055985207091,0.0,0.0,1.0,2,0,49.0
R2_relax_winrate_payoff_R05975,2026_05,2026-05-01 00:00:00+00:00,2026-06-01 00:00:00+00:00,5,0.16129032258064516,1.0412518521873098,1.610077615925362,0.04125185218730976,-0.01656301975985186,0.8,3.496254638732331,0.008269102981389068,0.014477133666699286,0.016563019759851808,0.8740636596830827,-0.016563019759851808,0.028230225709138287,0.4,0.2,0.4,5,0,31.6
R2_relax_winrate_payoff_R05975,2026_06,2026-06-01 00:00:00+00:00,2026-06-26 04:20:00+00:00,6,0.23827909542195255,1.0039844430752674,1.0593764355740352,0.003984443075267352,-0.05347382980902893,0.5,1.0998904732742862,0.0008272439413314793,0.018217507642514803,0.016563019759851846,1.0998904732742862,-0.01656301975985192,0.028230225709138287,0.16666666666666666,0.5,0.3333333333333333,6,0,38.666666666666664
R3_live_candidate_gate_R03210,2025_05,2025-05-30 10:30:00+00:00,2025-06-01 00:00:00+00:00,0,0.0,1.0,1.0,0.0,0.0,0.0,0.0,0.0,0.0,0.0,0.0,0.0,0.0,0.0,0.0,0.0,0,0,0.0
R3_live_candidate_gate_R03210,2025_06,2025-06-01 00:00:00+00:00,2025-07-01 00:00:00+00:00,7,0.23333333333333334,0.9484312417168939,0.5248633409675735,-0.05156875828310614,-0.08699004848046765,0.14285714285714285,0.36164877787800087,-0.007423388363802318,0.02943930340402575,0.013567170325106995,2.1698926672680057,-0.013567170325106995,0.02943930340402575,0.14285714285714285,0.8571428571428571,0.0,0,7,20.428571428571427
R3_live_candidate_gate_R03210,2025_07,2025-07-01 00:00:00+00:00,2025-08-01 00:00:00+00:00,12,0.3870967741935484,0.9530659539080933,0.5675724098005461,-0.046934046091906656,-0.0547231930037001,0.25,0.5802475218251528,-0.0038717979777018754,0.021408818752782527,0.012298670221196677,1.7407425654754585,-0.013567170325106995,0.02943930340402586,0.16666666666666666,0.6666666666666666,0.16666666666666666,0,12,29.583333333333332
R3_live_candidate_gate_R03210,2025_08,2025-08-01 00:00:00+00:00,2025-09-01 00:00:00+00:00,9,0.2903225806451613,1.0546110256033183,1.8710247196010565,0.05461102560331832,-0.04671069626707336,0.5555555555555556,2.013805657723709,0.006113099571064252,0.021857315488001162,0.013567170325106884,1.611044526178967,-0.013567170325106995,0.02943930340402586,0.3333333333333333,0.4444444444444444,0.2222222222222222,0,9,44.22222222222222
R3_live_candidate_gate_R03210,2025_09,2025-09-01 00:00:00+00:00,2025-10-01 00:00:00+00:00,6,0.2,1.0332285137860793,1.4888157708304663,0.03322851378607927,-0.03401569014944772,0.5,1.8338751487036815,0.005656663086168356,0.02488049649744363,0.013567170325106922,1.8338751487036813,-0.013567170325106995,0.02943930340402575,0.3333333333333333,0.5,0.16666666666666666,0,6,29.666666666666668
R3_live_candidate_gate_R03210,2025_10,2025-10-01 00:00:00+00:00,2025-11-01 00:00:00+00:00,7,0.22580645161290322,0.9712351067105277,0.7090101988597446,-0.028764893289472293,-0.05477597459938255,0.2857142857142857,0.539684247701296,-0.004050851162299764,0.016622572503883402,0.01232022062877303,1.34921061925324,-0.013567170325106995,0.02943930340402586,0.14285714285714285,0.5714285714285714,0.2857142857142857,0,7,36.0
R3_live_candidate_gate_R03210,2025_11,2025-11-01 00:00:00+00:00,2025-12-01 00:00:00+00:00,8,0.26666666666666666,0.9978096978241168,0.9736570169382889,-0.0021903021758832297,-0.03787826701280339,0.5,0.9760463228931535,-0.00016249180861060107,0.013242186707885793,0.013567170325106995,0.9760463228931535,-0.013567170325106995,0.02943930340402575,0.125,0.5,0.375,0,8,46.25
R3_live_candidate_gate_R03210,2025_12,2025-12-01 00:00:00+00:00,2026-01-01 00:00:00+00:00,10,0.3225806451612903,0.9663692707261243,0.6682705239237398,-0.03363072927387567,-0.04446400838425302,0.3,0.5957848259723052,-0.003311175785561134,0.016268136510127554,0.011702309626570572,1.3901645939353788,-0.013567170325106995,0.02943930340402575,0.1,0.6,0.3,0,10,41.3
R3_live_candidate_gate_R03210,2026_01,2026-01-01 00:00:00+00:00,2026-02-01 00:00:00+00:00,8,0.25806451612903225,1.086914144197869,2.6696950876864465,0.08691414419786891,-0.018920515782765546,0.75,4.949561031735203,0.010586789161711064,0.017689715781901375,0.010721990698859873,1.6498536772450676,-0.013567170325106995,0.029439303404025972,0.25,0.125,0.625,0,8,52.875
R3_live_candidate_gate_R03210,2026_02,2026-02-01 00:00:00+00:00,2026-03-01 00:00:00+00:00,11,0.39285714285714285,1.075620879118,2.5881132006250547,0.07562087911799997,-0.03859391037587001,0.45454545454545453,2.277247471532989,0.0068277948319601265,0.026781711062495817,0.00980046869348628,2.7326969658395868,-0.013567170325107217,0.02943930340402586,0.36363636363636365,0.36363636363636365,0.2727272727272727,0,11,41.18181818181818
R3_live_candidate_gate_R03210,2026_03,2026-03-01 00:00:00+00:00,2026-04-01 00:00:00+00:00,9,0.2903225806451613,1.0036921509011203,1.0443782832549524,0.0036921509011202946,-0.05012924493162629,0.4444444444444444,1.0734654317260135,0.000553732236241303,0.018204860437926674,0.013567170325106995,1.341831789657517,-0.013567170325106995,0.02943930340402586,0.1111111111111111,0.5555555555555556,0.3333333333333333,0,9,36.0
R3_live_candidate_gate_R03210,2026_04,2026-04-01 00:00:00+00:00,2026-05-01 00:00:00+00:00,6,0.2,1.0148678632443064,1.1968388194908526,0.014867863244306445,-0.014125795430035226,0.5,1.9947451863301002,0.0025027964967987907,0.010037628395613094,0.005032035402015513,1.9947451863301002,-0.013567170325106995,0.014427180047346617,0.0,0.16666666666666666,0.8333333333333334,0,6,64.0
R3_live_candidate_gate_R03210,2026_05,2026-05-01 00:00:00+00:00,2026-06-01 00:00:00+00:00,8,0.25806451612903225,0.9736371945655703,0.729948636040292,-0.026362805434429704,-0.061476761956925974,0.375,0.6175548661214695,-0.003242936419586482,0.013964120089614373,0.013567170325106995,1.0292581102024492,-0.013567170325106995,0.01864892682023041,0.0,0.625,0.375,0,8,57.125
R3_live_candidate_gate_R03210,2026_06,2026-06-01 00:00:00+00:00,2026-06-26 04:20:00+00:00,9,0.3574186431329288,1.0271292135334997,1.474431488886544,0.02712921353349973,-0.05040174135903519,0.4444444444444444,1.4207133327950632,0.003171049691152227,0.02409382471147614,0.013567170325106907,1.7758916659938289,-0.013567170325106995,0.02943930340402586,0.3333333333333333,0.5555555555555556,0.1111111111111111,0,9,40.55555555555556
R2_relax_winrate_payoff_R04953,2025_05,2025-05-30 10:30:00+00:00,2025-06-01 00:00:00+00:00,0,0.0,1.0,1.0,0.0,0.0,0.0,0.0,0.0,0.0,0.0,0.0,0.0,0.0,0.0,0.0,0.0,0,0,0.0
R2_relax_winrate_payoff_R04953,2025_06,2025-06-01 00:00:00+00:00,2025-07-01 00:00:00+00:00,2,0.06666666666666667,0.9553722877505012,0.5735904181559804,-0.0446277122494988,-0.04477059715615461,0.0,0.0,-0.02256852529166972,0.0,0.02256852529166972,0.0,-0.02256852529166972,-0.02256852529166972,0.0,1.0,0.0,0,2,70.5
R2_relax_winrate_payoff_R04953,2025_07,2025-07-01 00:00:00+00:00,2025-08-01 00:00:00+00:00,5,0.16129032258064516,1.0407135645060197,1.6002979511494364,0.040713564506019706,-0.030530251925955043,0.6,2.372238213097738,0.008203422769273919,0.023635926553812303,0.014945332907533655,1.5814921420651584,-0.02256852529166994,0.023638430203352007,0.6,0.2,0.2,2,3,72.4
R2_relax_winrate_payoff_R04953,2025_08,2025-08-01 00:00:00+00:00,2025-09-01 00:00:00+00:00,4,0.12903225806451613,0.98240734793107,0.8112928844021263,-0.017592652068930015,-0.04925384933610244,0.5,0.6244924533115709,-0.004236724016789424,0.014091872179837647,0.022565320213416493,0.6244924533115709,-0.02256852529166994,0.02363843020335212,0.25,0.5,0.25,2,2,62.25
R2_relax_winrate_payoff_R04953,2025_09,2025-09-01 00:00:00+00:00,2025-10-01 00:00:00+00:00,4,0.13333333333333333,1.001072348328923,1.0131343534083677,0.0010723483289230007,-0.030939504460371414,0.5,1.0473892905357707,0.0005346772578131449,0.02363467472904267,0.02256532021341638,1.0473892905357707,-0.02256852529166972,0.02363843020335212,0.5,0.5,0.0,2,2,72.5
R2_relax_winrate_payoff_R04953,2025_10,2025-10-01 00:00:00+00:00,2025-11-01 00:00:00+00:00,6,0.1935483870967742,0.9564100694946982,0.5914857162105476,-0.0435899305053018,-0.09728494806448817,0.3333333333333333,0.5237778586739842,-0.0071640700744935865,0.023638430203352007,0.02256532021341638,1.0475557173479684,-0.02256852529166972,0.023638430203352007,0.3333333333333333,0.6666666666666666,0.0,2,4,31.666666666666668
R2_relax_winrate_payoff_R04953,2025_11,2025-11-01 00:00:00+00:00,2025-12-01 00:00:00+00:00,4,0.13333333333333333,1.0483900235820156,1.7777310536784863,0.04839002358201561,-0.02383923371693597,0.75,3.1418880385423296,0.012084813592441852,0.023635926553812376,0.02256852529166972,1.0472960128474431,-0.02256852529166972,0.02363843020335212,0.75,0.25,0.0,1,3,26.25
R2_relax_winrate_payoff_R04953,2025_12,2025-12-01 00:00:00+00:00,2026-01-01 00:00:00+00:00,7,0.22580645161290322,1.0252925405216133,1.342182437735127,0.025292540521613338,-0.04620975444692854,0.5714285714285714,1.3966961321023441,0.003836207757541888,0.023636552466197284,0.02256425185399864,1.047522099076758,-0.02256852529166972,0.02363843020335212,0.5714285714285714,0.42857142857142855,0.0,3,4,39.714285714285715
R2_relax_winrate_payoff_R04953,2026_01,2026-01-01 00:00:00+00:00,2026-02-01 00:00:00+00:00,6,0.1935483870967742,1.0489584630389635,1.7562225292065805,0.04895846303896345,-0.06269130595963668,0.6666666666666666,2.095076156420101,0.00823574477430736,0.023634674729042533,0.02256211513516299,1.0475380782100505,-0.022562115135163045,0.02363843020335212,0.6666666666666666,0.3333333333333333,0.0,4,2,71.5
R2_relax_winrate_payoff_R04953,2026_02,2026-02-01 00:00:00+00:00,2026-03-01 00:00:00+00:00,4,0.14285714285714285,1.0092433603406277,1.1275221974976402,0.009243360340627671,-0.031186373062340067,0.5,1.2723046846569979,0.0025292026063700778,0.02363467472904267,0.018576269516302514,1.2723046846569979,-0.02256852529166972,0.02363843020335212,0.5,0.25,0.25,1,3,98.0
R2_relax_winrate_payoff_R04953,2026_03,2026-03-01 00:00:00+00:00,2026-04-01 00:00:00+00:00,4,0.12903225806451613,1.0483823310185405,1.744891059672842,0.0483823310185405,-0.023330531404985755,0.75,3.141555232188262,0.012082935855287101,0.02363342290427271,0.02256852529166972,1.0471850773960873,-0.02256852529166972,0.02363843020335212,0.75,0.25,0.0,2,2,69.5
R2_relax_winrate_payoff_R04953,2026_04,2026-04-01 00:00:00+00:00,2026-05-01 00:00:00+00:00,4,0.13333333333333333,0.9708139200897786,0.6972375008198125,-0.029186079910221374,-0.05319858226181495,0.25,0.45077093618661496,-0.007200393730148489,0.023638430203352007,0.017480001707981987,1.3523128085598448,-0.02256852529166972,0.023638430203352007,0.25,0.5,0.25,2,2,116.0
R2_relax_winrate_payoff_R04953,2026_05,2026-05-01 00:00:00+00:00,2026-06-01 00:00:00+00:00,4,0.12903225806451613,1.0137477795301877,1.174539968885061,0.013747779530187687,-0.024903923625534286,0.75,1.6320361010492033,0.003566030682944351,0.012277549341149115,0.02256852529166994,0.5440120336830677,-0.02256852529166994,0.023638430203352007,0.25,0.25,0.5,0,4,126.75
R2_relax_winrate_payoff_R04953,2026_06,2026-06-01 00:00:00+00:00,2026-06-26 04:20:00+00:00,4,0.1588527302813017,1.0010657831747305,1.0155711954142594,0.0010657831747304947,-0.030221737221565625,0.5,1.0472405451217637,0.0005330747186863931,0.023634674729042505,0.02256852529166972,1.0472405451217637,-0.02256852529166972,0.023638430203352007,0.5,0.5,0.0,1,3,22.0
R2_relax_winrate_payoff_R03871,2025_05,2025-05-30 10:30:00+00:00,2025-06-01 00:00:00+00:00,0,0.0,1.0,1.0,0.0,0.0,0.0,0.0,0.0,0.0,0.0,0.0,0.0,0.0,0.0,0.0,0.0,0,0,0.0
R2_relax_winrate_payoff_R03871,2025_06,2025-06-01 00:00:00+00:00,2025-07-01 00:00:00+00:00,5,0.16666666666666666,0.9886896532688881,0.8706735856009228,-0.011310346731111864,-0.028047955300463334,0.6,0.5909145298456783,-0.0022194477398317564,0.005343235148411201,0.013563472072196192,0.3939430198971189,-0.013563472072196303,0.013440031347693518,0.0,0.4,0.6,5,0,12.0
R2_relax_winrate_payoff_R03871,2025_07,2025-07-01 00:00:00+00:00,2025-08-01 00:00:00+00:00,12,0.3870967741935484,1.0101603169436364,1.126490909522648,0.010160316943636394,-0.02590876932070063,0.5,1.2295237571690525,0.0008974999051645098,0.009615540186926895,0.007820540376597874,1.2295237571690525,-0.013563472072196303,0.019249862401085508,0.0,0.25,0.75,12,0,10.75
R2_relax_winrate_payoff_R03871,2025_08,2025-08-01 00:00:00+00:00,2025-09-01 00:00:00+00:00,9,0.2903225806451613,0.9933036327864515,0.923888691865946,-0.006696367213548493,-0.031518220651672535,0.4444444444444444,0.8542577421528444,-0.0006954429272844766,0.009171649360151878,0.00858911675723356,1.0678221776910557,-0.013563472072196192,0.017806587817624696,0.0,0.2222222222222222,0.7777777777777778,9,0,12.333333333333334
R2_relax_winrate_payoff_R03871,2025_09,2025-09-01 00:00:00+00:00,2025-10-01 00:00:00+00:00,13,0.43333333333333335,1.0294317914008781,1.4235590622040935,0.02943179140087815,-0.035742406886281275,0.5384615384615384,1.8787619343980029,0.0022917427287578655,0.009099377664660924,0.005650498029795702,1.6103673723411456,-0.013563472072196303,0.029430044784200624,0.07692307692307693,0.15384615384615385,0.7692307692307693,13,0,12.307692307692308
R2_relax_winrate_payoff_R03871,2025_10,2025-10-01 00:00:00+00:00,2025-11-01 00:00:00+00:00,6,0.1935483870967742,1.045269863472684,1.6848231298154837,0.045269863472684024,-0.01714280329669693,0.8333333333333334,4.314179287293642,0.007491963034243127,0.011703050055531013,0.013563472072196303,0.8628358574587285,-0.013563472072196303,0.029430044784200624,0.16666666666666666,0.16666666666666666,0.6666666666666666,6,0,10.833333333333334
R2_relax_winrate_payoff_R03871,2025_11,2025-11-01 00:00:00+00:00,2025-12-01 00:00:00+00:00,8,0.26666666666666666,1.0228904324818042,1.3172539006568835,0.022890432481804224,-0.043208675763484417,0.5,1.5826660049922616,0.0029307469757892547,0.015921277603546252,0.010059783651967743,1.5826660049922616,-0.013563472072196192,0.024085387322879195,0.0,0.25,0.75,8,0,11.125
R2_relax_winrate_payoff_R03871,2025_12,2025-12-01 00:00:00+00:00,2026-01-01 00:00:00+00:00,11,0.3548387096774194,1.0528684908571488,1.8349226398178866,0.05286849085714884,-0.024192624015881736,0.6363636363636364,2.766348236099172,0.004771059027993924,0.011741942664003083,0.007427987335022108,1.5807704206280981,-0.013563472072196303,0.029430044784200624,0.09090909090909091,0.18181818181818182,0.7272727272727273,11,0,10.363636363636363
R2_relax_winrate_payoff_R03871,2026_01,2026-01-01 00:00:00+00:00,2026-02-01 00:00:00+00:00,15,0.4838709677419355,0.992562309997225,0.9157972324669819,-0.007437690002775055,-0.03712807368340898,0.4,0.8667888420542093,-0.0004683372170116934,0.007618533617687907,0.005859584440144759,1.300183263081314,-0.013563472072196192,0.010662631336889227,0.0,0.06666666666666667,0.9333333333333333,15,0,12.8
R2_relax_winrate_payoff_R03871,2026_02,2026-02-01 00:00:00+00:00,2026-03-01 00:00:00+00:00,11,0.39285714285714285,0.9540696012910457,0.5415382736344104,-0.04593039870895432,-0.057557001184753265,0.2727272727272727,0.19078813748963663,-0.004247758243642121,0.0036721494641558786,0.007217723634066371,0.508768366639031,-0.013563472072196303,0.004168005991698376,0.0,0.18181818181818182,0.8181818181818182,11,0,11.545454545454545
R2_relax_winrate_payoff_R03871,2026_03,2026-03-01 00:00:00+00:00,2026-04-01 00:00:00+00:00,12,0.3870967741935484,1.0256240895845907,1.3473051191433634,0.025624089584590726,-0.02268461125353527,0.6666666666666666,1.9873958892288532,0.002138864745603602,0.006457548156822278,0.0064985020768337474,0.9936979446144266,-0.009068260509922323,0.018315851415893272,0.0,0.0,1.0,12,0,13.0
R2_relax_winrate_payoff_R03871,2026_04,2026-04-01 00:00:00+00:00,2026-05-01 00:00:00+00:00,12,0.4,0.9798382377158884,0.7803772859921507,-0.020161762284111595,-0.036117798326869455,0.5,0.5560481123195965,-0.0016704119366563117,0.004184369657833368,0.007525193531145992,0.5560481123195965,-0.013563472072196303,0.011165209244485217,0.0,0.16666666666666666,0.8333333333333334,12,0,11.416666666666666
R2_relax_winrate_payoff_R03871,2026_05,2026-05-01 00:00:00+00:00,2026-06-01 00:00:00+00:00,11,0.3548387096774194,0.9958736750282914,0.9524496749174379,-0.004126324971708617,-0.0246108682277838,0.5454545454545454,0.8851177219814821,-0.0003508008368172163,0.0049550729552484815,0.0067178493872960526,0.7375981016512352,-0.013563472072196303,0.007707255780886767,0.0,0.18181818181818182,0.8181818181818182,11,0,12.090909090909092
R2_relax_winrate_payoff_R03871,2026_06,2026-06-01 00:00:00+00:00,2026-06-26 04:20:00+00:00,8,0.3177054605626034,1.0016240837258659,1.0238178346529416,0.0016240837258658658,-0.028271345890934718,0.75,1.0724017296062134,0.00024550470937314715,0.004848496969896316,0.013563472072196358,0.3574672432020712,-0.013563472072196414,0.016675890751249027,0.0,0.25,0.75,8,0,11.875
R3_live_candidate_gate_R00905,2025_05,2025-05-30 10:30:00+00:00,2025-06-01 00:00:00+00:00,0,0.0,1.0,1.0,0.0,0.0,0.0,0.0,0.0,0.0,0.0,0.0,0.0,0.0,0.0,0.0,0.0,0,0,0.0
R3_live_candidate_gate_R00905,2025_06,2025-06-01 00:00:00+00:00,2025-07-01 00:00:00+00:00,1,0.03333333333333333,1.0114327586582672,1.1484396155224614,0.011432758658267206,-0.001815965245509088,1.0,inf,0.011432758658267142,0.011432758658267142,0.0,inf,0.011432758658267142,0.011432758658267142,1.0,0.0,0.0,1,0,5.0
R3_live_candidate_gate_R00905,2025_07,2025-07-01 00:00:00+00:00,2025-08-01 00:00:00+00:00,0,0.0,1.0,1.0,0.0,0.0,0.0,0.0,0.0,0.0,0.0,0.0,0.0,0.0,0.0,0.0,0.0,0,0,0.0
R3_live_candidate_gate_R00905,2025_08,2025-08-01 00:00:00+00:00,2025-09-01 00:00:00+00:00,1,0.03225806451612903,1.0114327586582672,1.1433236630073562,0.011432758658267206,-0.021852197829762,1.0,inf,0.011432758658267142,0.011432758658267142,0.0,inf,0.011432758658267142,0.011432758658267142,1.0,0.0,0.0,1,0,18.0
R3_live_candidate_gate_R00905,2025_09,2025-09-01 00:00:00+00:00,2025-10-01 00:00:00+00:00,2,0.06666666666666667,1.0229962252870726,1.3189135505013787,0.02299622528707257,-0.008048735173049715,1.0,inf,0.011432758658267142,0.011432758658267142,0.0,inf,0.011432758658267142,0.011432758658267142,1.0,0.0,0.0,2,0,11.0
R3_live_candidate_gate_R00905,2025_10,2025-10-01 00:00:00+00:00,2025-11-01 00:00:00+00:00,1,0.03225806451612903,1.011432758658267,1.1433236630073533,0.011432758658266984,-0.017415693799531118,1.0,inf,0.01143275865826692,0.01143275865826692,0.0,inf,0.01143275865826692,0.01143275865826692,1.0,0.0,0.0,1,0,26.0
R3_live_candidate_gate_R00905,2025_11,2025-11-01 00:00:00+00:00,2025-12-01 00:00:00+00:00,0,0.0,1.0,1.0,0.0,0.0,0.0,0.0,0.0,0.0,0.0,0.0,0.0,0.0,0.0,0.0,0.0,0,0,0.0
R3_live_candidate_gate_R00905,2025_12,2025-12-01 00:00:00+00:00,2026-01-01 00:00:00+00:00,1,0.03225806451612903,1.011432758658267,1.1433236630073533,0.011432758658266984,-0.01114356574655595,1.0,inf,0.01143275865826692,0.01143275865826692,0.0,inf,0.01143275865826692,0.01143275865826692,1.0,0.0,0.0,1,0,1.0
R3_live_candidate_gate_R00905,2026_01,2026-01-01 00:00:00+00:00,2026-02-01 00:00:00+00:00,0,0.0,1.0,1.0,0.0,0.0,0.0,0.0,0.0,0.0,0.0,0.0,0.0,0.0,0.0,0.0,0.0,0,0,0.0
R3_live_candidate_gate_R00905,2026_02,2026-02-01 00:00:00+00:00,2026-03-01 00:00:00+00:00,0,0.0,1.0,1.0,0.0,0.0,0.0,0.0,0.0,0.0,0.0,0.0,0.0,0.0,0.0,0.0,0.0,0,0,0.0
R3_live_candidate_gate_R00905,2026_03,2026-03-01 00:00:00+00:00,2026-04-01 00:00:00+00:00,2,0.06451612903225806,1.0229962252870726,1.3071889983925582,0.02299622528707257,-0.01496692192792981,1.0,inf,0.011432758658267142,0.011432758658267142,0.0,inf,0.011432758658267142,0.011432758658267142,1.0,0.0,0.0,2,0,21.0
R3_live_candidate_gate_R00905,2026_04,2026-04-01 00:00:00+00:00,2026-05-01 00:00:00+00:00,0,0.0,1.0,1.0,0.0,0.0,0.0,0.0,0.0,0.0,0.0,0.0,0.0,0.0,0.0,0.0,0.0,0,0,0.0
R3_live_candidate_gate_R00905,2026_05,2026-05-01 00:00:00+00:00,2026-06-01 00:00:00+00:00,0,0.0,1.0,1.0,0.0,0.0,0.0,0.0,0.0,0.0,0.0,0.0,0.0,0.0,0.0,0.0,0.0,0,0,0.0
R3_live_candidate_gate_R00905,2026_06,2026-06-01 00:00:00+00:00,2026-06-26 04:20:00+00:00,2,0.07942636514065085,1.0229962252870723,1.390673541843244,0.022996225287072347,-0.009087492831162058,1.0,inf,0.01143275865826703,0.01143275865826703,0.0,inf,0.01143275865826692,0.011432758658267142,1.0,0.0,0.0,2,0,20.0
R3_live_candidate_gate_R06643,2025_05,2025-05-30 10:30:00+00:00,2025-06-01 00:00:00+00:00,1,0.64,1.0034339648245187,2.228544099794097,0.0034339648245187426,-0.022299410561878452,1.0,inf,0.0034339648245186793,0.0034339648245186793,0.0,inf,0.0034339648245186793,0.0034339648245186793,1.0,0.0,0.0,1,0,15.0
R3_live_candidate_gate_R06643,2025_06,2025-06-01 00:00:00+00:00,2025-07-01 00:00:00+00:00,2,0.06666666666666667,1.0068797217634537,1.0870567365485329,0.00687972176345375,-0.008831924152185255,1.0,inf,0.0034339648245187903,0.0034339648245187903,0.0,inf,0.0034339648245186793,0.003433964824518901,1.0,0.0,0.0,2,0,4.5
R3_live_candidate_gate_R06643,2025_07,2025-07-01 00:00:00+00:00,2025-08-01 00:00:00+00:00,1,0.03225806451612903,1.003433964824519,1.0412173417139803,0.0034339648245189647,-0.0015519660571537974,1.0,inf,0.003433964824518901,0.003433964824518901,0.0,inf,0.003433964824518901,0.003433964824518901,1.0,0.0,0.0,1,0,1.0
R3_live_candidate_gate_R06643,2025_08,2025-08-01 00:00:00+00:00,2025-09-01 00:00:00+00:00,1,0.03225806451612903,1.0034339648245187,1.0412173417139774,0.0034339648245187426,-0.004392620863756802,1.0,inf,0.0034339648245186793,0.0034339648245186793,0.0,inf,0.0034339648245186793,0.0034339648245186793,1.0,0.0,0.0,1,0,2.0
R3_live_candidate_gate_R06643,2025_09,2025-09-01 00:00:00+00:00,2025-10-01 00:00:00+00:00,2,0.06666666666666667,0.9915583299430086,0.9019343033111827,-0.008441670056991368,-0.031229310643470676,0.5,0.2901534927029131,-0.0042005145520710215,0.0034339648245186793,0.011834993928660721,0.2901534927029131,-0.011834993928660721,0.0034339648245186793,0.5,0.0,0.5,2,0,40.0
R3_live_candidate_gate_R06643,2025_10,2025-10-01 00:00:00+00:00,2025-11-01 00:00:00+00:00,2,0.06451612903225806,1.006879721763454,1.0841335526859275,0.006879721763453972,-0.015290714780262227,1.0,inf,0.003433964824518901,0.003433964824518901,0.0,inf,0.003433964824518901,0.003433964824518901,1.0,0.0,0.0,2,0,17.0
R3_live_candidate_gate_R06643,2025_11,2025-11-01 00:00:00+00:00,2025-12-01 00:00:00+00:00,1,0.03333333333333333,1.0034339648245187,1.0426201305118417,0.0034339648245187426,-0.006386305939967585,1.0,inf,0.0034339648245186793,0.0034339648245186793,0.0,inf,0.0034339648245186793,0.0034339648245186793,1.0,0.0,0.0,1,0,5.0
R3_live_candidate_gate_R06643,2025_12,2025-12-01 00:00:00+00:00,2026-01-01 00:00:00+00:00,3,0.0967741935483871,1.010337311310511,1.1288186557905728,0.010337311310510966,-0.01114356574655595,1.0,inf,0.003433964824518827,0.003433964824518827,0.0,inf,0.0034339648245186793,0.003433964824518901,1.0,0.0,0.0,3,0,2.0
R3_live_candidate_gate_R06643,2026_01,2026-01-01 00:00:00+00:00,2026-02-01 00:00:00+00:00,4,0.12903225806451613,1.0138067740984498,1.175345560059401,0.01380677409844977,-0.008729362165065035,1.0,inf,0.003433964824518735,0.003433964824518735,0.0,inf,0.0034339648245186793,0.003433964824518901,1.0,0.0,0.0,4,0,2.5
R3_live_candidate_gate_R06643,2026_02,2026-02-01 00:00:00+00:00,2026-03-01 00:00:00+00:00,2,0.07142857142857142,1.0068797217634537,1.0935575804474236,0.00687972176345375,-0.006355812543353934,1.0,inf,0.0034339648245187903,0.0034339648245187903,0.0,inf,0.0034339648245186793,0.003433964824518901,1.0,0.0,0.0,2,0,2.5
R3_live_candidate_gate_R06643,2026_03,2026-03-01 00:00:00+00:00,2026-04-01 00:00:00+00:00,3,0.0967741935483871,1.0103373113105112,1.1288186557905757,0.010337311310511188,-0.016386399116657846,1.0,inf,0.003433964824518901,0.003433964824518901,0.0,inf,0.003433964824518901,0.003433964824518901,1.0,0.0,0.0,3,0,13.333333333333334
R3_live_candidate_gate_R06643,2026_04,2026-04-01 00:00:00+00:00,2026-05-01 00:00:00+00:00,1,0.03333333333333333,1.003433964824519,1.0426201305118445,0.0034339648245189647,-0.006542514472899996,1.0,inf,0.003433964824518901,0.003433964824518901,0.0,inf,0.003433964824518901,0.003433964824518901,1.0,0.0,0.0,1,0,11.0
R3_live_candidate_gate_R06643,2026_05,2026-05-01 00:00:00+00:00,2026-06-01 00:00:00+00:00,4,0.12903225806451613,1.0065727307711563,1.0802453793360938,0.006572730771156277,-0.03332212285603642,0.75,2.7648202117100404,0.0016439578520181164,0.003433964824518827,0.0037260630654840166,0.9216067372366802,-0.0037260630654840166,0.003433964824518901,0.75,0.0,0.25,4,0,25.25
R3_live_candidate_gate_R06643,2026_06,2026-06-01 00:00:00+00:00,2026-06-26 04:20:00+00:00,2,0.07942636514065085,1.0068797217634537,1.1045635842014068,0.00687972176345375,-0.004622116176927538,1.0,inf,0.0034339648245187903,0.0034339648245187903,0.0,inf,0.0034339648245186793,0.003433964824518901,1.0,0.0,0.0,2,0,2.5
R2_relax_winrate_payoff_R02199,2025_05,2025-05-30 10:30:00+00:00,2025-06-01 00:00:00+00:00,0,0.0,1.0,1.0,0.0,0.0,0.0,0.0,0.0,0.0,0.0,0.0,0.0,0.0,0.0,0.0,0.0,0,0,0.0
R2_relax_winrate_payoff_R02199,2025_06,2025-06-01 00:00:00+00:00,2025-07-01 00:00:00+00:00,0,0.0,1.0,1.0,0.0,0.0,0.0,0.0,0.0,0.0,0.0,0.0,0.0,0.0,0.0,0.0,0.0,0,0,0.0
R2_relax_winrate_payoff_R02199,2025_07,2025-07-01 00:00:00+00:00,2025-08-01 00:00:00+00:00,0,0.0,1.0,1.0,0.0,0.0,0.0,0.0,0.0,0.0,0.0,0.0,0.0,0.0,0.0,0.0,0.0,0,0,0.0
R2_relax_winrate_payoff_R02199,2025_08,2025-08-01 00:00:00+00:00,2025-09-01 00:00:00+00:00,0,0.0,1.0,1.0,0.0,0.0,0.0,0.0,0.0,0.0,0.0,0.0,0.0,0.0,0.0,0.0,0.0,0,0,0.0
R2_relax_winrate_payoff_R02199,2025_09,2025-09-01 00:00:00+00:00,2025-10-01 00:00:00+00:00,0,0.0,1.0,1.0,0.0,0.0,0.0,0.0,0.0,0.0,0.0,0.0,0.0,0.0,0.0,0.0,0.0,0,0,0.0
R2_relax_winrate_payoff_R02199,2025_10,2025-10-01 00:00:00+00:00,2025-11-01 00:00:00+00:00,0,0.0,1.0,1.0,0.0,0.0,0.0,0.0,0.0,0.0,0.0,0.0,0.0,0.0,0.0,0.0,0.0,0,0,0.0
R2_relax_winrate_payoff_R02199,2025_11,2025-11-01 00:00:00+00:00,2025-12-01 00:00:00+00:00,0,0.0,1.0,1.0,0.0,0.0,0.0,0.0,0.0,0.0,0.0,0.0,0.0,0.0,0.0,0.0,0.0,0,0,0.0
R2_relax_winrate_payoff_R02199,2025_12,2025-12-01 00:00:00+00:00,2026-01-01 00:00:00+00:00,0,0.0,1.0,1.0,0.0,0.0,0.0,0.0,0.0,0.0,0.0,0.0,0.0,0.0,0.0,0.0,0.0,0,0,0.0
R2_relax_winrate_payoff_R02199,2026_01,2026-01-01 00:00:00+00:00,2026-02-01 00:00:00+00:00,0,0.0,1.0,1.0,0.0,0.0,0.0,0.0,0.0,0.0,0.0,0.0,0.0,0.0,0.0,0.0,0.0,0,0,0.0
R2_relax_winrate_payoff_R02199,2026_02,2026-02-01 00:00:00+00:00,2026-03-01 00:00:00+00:00,0,0.0,1.0,1.0,0.0,0.0,0.0,0.0,0.0,0.0,0.0,0.0,0.0,0.0,0.0,0.0,0.0,0,0,0.0
R2_relax_winrate_payoff_R02199,2026_03,2026-03-01 00:00:00+00:00,2026-04-01 00:00:00+00:00,1,0.03225806451612903,1.0294300447842004,1.4074053967645905,0.029430044784200415,-0.0039240461070210175,1.0,inf,0.0294300447842004,0.0294300447842004,0.0,inf,0.0294300447842004,0.0294300447842004,1.0,0.0,0.0,1,0,52.0
R2_relax_winrate_payoff_R02199,2026_04,2026-04-01 00:00:00+00:00,2026-05-01 00:00:00+00:00,0,0.0,1.0,1.0,0.0,0.0,0.0,0.0,0.0,0.0,0.0,0.0,0.0,0.0,0.0,0.0,0.0,0,0,0.0
R2_relax_winrate_payoff_R02199,2026_05,2026-05-01 00:00:00+00:00,2026-06-01 00:00:00+00:00,1,0.03225806451612903,1.0294300447842006,1.407405396764594,0.029430044784200637,-0.011120631001231285,1.0,inf,0.029430044784200624,0.029430044784200624,0.0,inf,0.029430044784200624,0.029430044784200624,1.0,0.0,0.0,1,0,15.0
R2_relax_winrate_payoff_R02199,2026_06,2026-06-01 00:00:00+00:00,2026-06-26 04:20:00+00:00,1,0.039713182570325425,1.0294300447842006,1.523071098721165,0.029430044784200637,-0.008667411087357801,1.0,inf,0.029430044784200624,0.029430044784200624,0.0,inf,0.029430044784200624,0.029430044784200624,1.0,0.0,0.0,1,0,20.0
R3_live_candidate_gate_R00611,2025_05,2025-05-30 10:30:00+00:00,2025-06-01 00:00:00+00:00,0,0.0,1.0,1.0,0.0,0.0,0.0,0.0,0.0,0.0,0.0,0.0,0.0,0.0,0.0,0.0,0.0,0,0,0.0
R3_live_candidate_gate_R00611,2025_06,2025-06-01 00:00:00+00:00,2025-07-01 00:00:00+00:00,1,0.03333333333333333,1.0044338140537374,1.0553393418895776,0.004433814053737439,-0.007595496298967719,1.0,inf,0.004433814053737403,0.004433814053737403,0.0,inf,0.004433814053737403,0.004433814053737403,1.0,0.0,0.0,1,0,4.0
R3_live_candidate_gate_R00611,2025_07,2025-07-01 00:00:00+00:00,2025-08-01 00:00:00+00:00,0,0.0,1.0,1.0,0.0,0.0,0.0,0.0,0.0,0.0,0.0,0.0,0.0,0.0,0.0,0.0,0.0,0,0,0.0
R3_live_candidate_gate_R00611,2025_08,2025-08-01 00:00:00+00:00,2025-09-01 00:00:00+00:00,0,0.0,1.0,1.0,0.0,0.0,0.0,0.0,0.0,0.0,0.0,0.0,0.0,0.0,0.0,0.0,0.0,0,0,0.0
R3_live_candidate_gate_R00611,2025_09,2025-09-01 00:00:00+00:00,2025-10-01 00:00:00+00:00,2,0.06666666666666667,1.0088872868145375,1.1137411265399209,0.008887286814537543,-0.012051676328185934,1.0,inf,0.004433814053737181,0.004433814053737181,0.0,inf,0.004433814053737181,0.004433814053737181,1.0,0.0,0.0,2,0,18.5
R3_live_candidate_gate_R00611,2025_10,2025-10-01 00:00:00+00:00,2025-11-01 00:00:00+00:00,0,0.0,1.0,1.0,0.0,0.0,0.0,0.0,0.0,0.0,0.0,0.0,0.0,0.0,0.0,0.0,0.0,0,0,0.0
R3_live_candidate_gate_R00611,2025_11,2025-11-01 00:00:00+00:00,2025-12-01 00:00:00+00:00,1,0.03333333333333333,1.0044338140537374,1.0553393418895776,0.004433814053737439,-0.007367416977199115,1.0,inf,0.004433814053737403,0.004433814053737403,0.0,inf,0.004433814053737403,0.004433814053737403,1.0,0.0,0.0,1,0,15.0
R3_live_candidate_gate_R00611,2025_12,2025-12-01 00:00:00+00:00,2026-01-01 00:00:00+00:00,0,0.0,1.0,1.0,0.0,0.0,0.0,0.0,0.0,0.0,0.0,0.0,0.0,0.0,0.0,0.0,0.0,0,0,0.0
R3_live_candidate_gate_R00611,2026_01,2026-01-01 00:00:00+00:00,2026-02-01 00:00:00+00:00,0,0.0,1.0,1.0,0.0,0.0,0.0,0.0,0.0,0.0,0.0,0.0,0.0,0.0,0.0,0.0,0.0,0,0,0.0
R3_live_candidate_gate_R00611,2026_02,2026-02-01 00:00:00+00:00,2026-03-01 00:00:00+00:00,1,0.03571428571428571,1.0044338140537372,1.0594073819663568,0.004433814053737217,-0.0054607252110855375,1.0,inf,0.004433814053737181,0.004433814053737181,0.0,inf,0.004433814053737181,0.004433814053737181,1.0,0.0,0.0,1,0,4.0
R3_live_candidate_gate_R00611,2026_03,2026-03-01 00:00:00+00:00,2026-04-01 00:00:00+00:00,0,0.0,1.0,1.0,0.0,0.0,0.0,0.0,0.0,0.0,0.0,0.0,0.0,0.0,0.0,0.0,0.0,0,0,0.0
R3_live_candidate_gate_R00611,2026_04,2026-04-01 00:00:00+00:00,2026-05-01 00:00:00+00:00,0,0.0,1.0,1.0,0.0,0.0,0.0,0.0,0.0,0.0,0.0,0.0,0.0,0.0,0.0,0.0,0.0,0,0,0.0
R3_live_candidate_gate_R00611,2026_05,2026-05-01 00:00:00+00:00,2026-06-01 00:00:00+00:00,1,0.03225806451612903,1.0044338140537372,1.0535072863901351,0.004433814053737217,-0.0027520944157501948,1.0,inf,0.004433814053737181,0.004433814053737181,0.0,inf,0.004433814053737181,0.004433814053737181,1.0,0.0,0.0,1,0,3.0
R3_live_candidate_gate_R00611,2026_06,2026-06-01 00:00:00+00:00,2026-06-26 04:20:00+00:00,1,0.039713182570325425,1.0044338140537372,1.0662751208901045,0.004433814053737217,-0.004166795824606773,1.0,inf,0.004433814053737181,0.004433814053737181,0.0,inf,0.004433814053737181,0.004433814053737181,1.0,0.0,0.0,1,0,4.0
R3_live_candidate_gate_R03234,2025_05,2025-05-30 10:30:00+00:00,2025-06-01 00:00:00+00:00,0,0.0,1.0,1.0,0.0,0.0,0.0,0.0,0.0,0.0,0.0,0.0,0.0,0.0,0.0,0.0,0.0,0,0,0.0
R3_live_candidate_gate_R03234,2025_06,2025-06-01 00:00:00+00:00,2025-07-01 00:00:00+00:00,0,0.0,1.0,1.0,0.0,0.0,0.0,0.0,0.0,0.0,0.0,0.0,0.0,0.0,0.0,0.0,0.0,0,0,0.0
R3_live_candidate_gate_R03234,2025_07,2025-07-01 00:00:00+00:00,2025-08-01 00:00:00+00:00,0,0.0,1.0,1.0,0.0,0.0,0.0,0.0,0.0,0.0,0.0,0.0,0.0,0.0,0.0,0.0,0.0,0,0,0.0
R3_live_candidate_gate_R03234,2025_08,2025-08-01 00:00:00+00:00,2025-09-01 00:00:00+00:00,1,0.03225806451612903,1.0016229373139738,1.0192900608913904,0.0016229373139737824,-0.005177271885643875,1.0,inf,0.0016229373139736729,0.0016229373139736729,0.0,inf,0.0016229373139736729,0.0016229373139736729,0.0,0.0,1.0,1,0,7.0
R3_live_candidate_gate_R03234,2025_09,2025-09-01 00:00:00+00:00,2025-10-01 00:00:00+00:00,0,0.0,1.0,1.0,0.0,0.0,0.0,0.0,0.0,0.0,0.0,0.0,0.0,0.0,0.0,0.0,0.0,0,0,0.0
R3_live_candidate_gate_R03234,2025_10,2025-10-01 00:00:00+00:00,2025-11-01 00:00:00+00:00,0,0.0,1.0,1.0,0.0,0.0,0.0,0.0,0.0,0.0,0.0,0.0,0.0,0.0,0.0,0.0,0.0,0,0,0.0
R3_live_candidate_gate_R03234,2025_11,2025-11-01 00:00:00+00:00,2025-12-01 00:00:00+00:00,0,0.0,1.0,1.0,0.0,0.0,0.0,0.0,0.0,0.0,0.0,0.0,0.0,0.0,0.0,0.0,0.0,0,0,0.0
R3_live_candidate_gate_R03234,2025_12,2025-12-01 00:00:00+00:00,2026-01-01 00:00:00+00:00,0,0.0,1.0,1.0,0.0,0.0,0.0,0.0,0.0,0.0,0.0,0.0,0.0,0.0,0.0,0.0,0.0,0,0,0.0
R3_live_candidate_gate_R03234,2026_01,2026-01-01 00:00:00+00:00,2026-02-01 00:00:00+00:00,0,0.0,1.0,1.0,0.0,0.0,0.0,0.0,0.0,0.0,0.0,0.0,0.0,0.0,0.0,0.0,0.0,0,0,0.0
R3_live_candidate_gate_R03234,2026_02,2026-02-01 00:00:00+00:00,2026-03-01 00:00:00+00:00,0,0.0,1.0,1.0,0.0,0.0,0.0,0.0,0.0,0.0,0.0,0.0,0.0,0.0,0.0,0.0,0.0,0,0,0.0
R3_live_candidate_gate_R03234,2026_03,2026-03-01 00:00:00+00:00,2026-04-01 00:00:00+00:00,1,0.03225806451612903,1.014188063172421,1.1805644006232898,0.01418806317242094,-0.006595967918756385,1.0,inf,0.014188063172421024,0.014188063172421024,0.0,inf,0.014188063172421024,0.014188063172421024,0.0,0.0,1.0,1,0,7.0
R3_live_candidate_gate_R03234,2026_04,2026-04-01 00:00:00+00:00,2026-05-01 00:00:00+00:00,0,0.0,1.0,1.0,0.0,0.0,0.0,0.0,0.0,0.0,0.0,0.0,0.0,0.0,0.0,0.0,0.0,0,0,0.0
R3_live_candidate_gate_R03234,2026_05,2026-05-01 00:00:00+00:00,2026-06-01 00:00:00+00:00,0,0.0,1.0,1.0,0.0,0.0,0.0,0.0,0.0,0.0,0.0,0.0,0.0,0.0,0.0,0.0,0.0,0,0,0.0
R3_live_candidate_gate_R03234,2026_06,2026-06-01 00:00:00+00:00,2026-06-26 04:20:00+00:00,1,0.039713182570325425,1.003926821474716,1.058494848416212,0.0039268214747159025,-0.008667411087357801,1.0,inf,0.003926821474715863,0.003926821474715863,0.0,inf,0.003926821474715863,0.003926821474715863,0.0,0.0,1.0,1,0,7.0
R3_live_candidate_gate_R04581,2025_05,2025-05-30 10:30:00+00:00,2025-06-01 00:00:00+00:00,0,0.0,1.0,1.0,0.0,0.0,0.0,0.0,0.0,0.0,0.0,0.0,0.0,0.0,0.0,0.0,0.0,0,0,0.0
R3_live_candidate_gate_R04581,2025_06,2025-06-01 00:00:00+00:00,2025-07-01 00:00:00+00:00,0,0.0,1.0,1.0,0.0,0.0,0.0,0.0,0.0,0.0,0.0,0.0,0.0,0.0,0.0,0.0,0.0,0,0,0.0
R3_live_candidate_gate_R04581,2025_07,2025-07-01 00:00:00+00:00,2025-08-01 00:00:00+00:00,0,0.0,1.0,1.0,0.0,0.0,0.0,0.0,0.0,0.0,0.0,0.0,0.0,0.0,0.0,0.0,0.0,0,0,0.0
R3_live_candidate_gate_R04581,2025_08,2025-08-01 00:00:00+00:00,2025-09-01 00:00:00+00:00,0,0.0,1.0,1.0,0.0,0.0,0.0,0.0,0.0,0.0,0.0,0.0,0.0,0.0,0.0,0.0,0.0,0,0,0.0
R3_live_candidate_gate_R04581,2025_09,2025-09-01 00:00:00+00:00,2025-10-01 00:00:00+00:00,0,0.0,1.0,1.0,0.0,0.0,0.0,0.0,0.0,0.0,0.0,0.0,0.0,0.0,0.0,0.0,0.0,0,0,0.0
R3_live_candidate_gate_R04581,2025_10,2025-10-01 00:00:00+00:00,2025-11-01 00:00:00+00:00,0,0.0,1.0,1.0,0.0,0.0,0.0,0.0,0.0,0.0,0.0,0.0,0.0,0.0,0.0,0.0,0.0,0,0,0.0
R3_live_candidate_gate_R04581,2025_11,2025-11-01 00:00:00+00:00,2025-12-01 00:00:00+00:00,0,0.0,1.0,1.0,0.0,0.0,0.0,0.0,0.0,0.0,0.0,0.0,0.0,0.0,0.0,0.0,0.0,0,0,0.0
R3_live_candidate_gate_R04581,2025_12,2025-12-01 00:00:00+00:00,2026-01-01 00:00:00+00:00,0,0.0,1.0,1.0,0.0,0.0,0.0,0.0,0.0,0.0,0.0,0.0,0.0,0.0,0.0,0.0,0.0,0,0,0.0
R3_live_candidate_gate_R04581,2026_01,2026-01-01 00:00:00+00:00,2026-02-01 00:00:00+00:00,0,0.0,1.0,1.0,0.0,0.0,0.0,0.0,0.0,0.0,0.0,0.0,0.0,0.0,0.0,0.0,0.0,0,0,0.0
R3_live_candidate_gate_R04581,2026_02,2026-02-01 00:00:00+00:00,2026-03-01 00:00:00+00:00,0,0.0,1.0,1.0,0.0,0.0,0.0,0.0,0.0,0.0,0.0,0.0,0.0,0.0,0.0,0.0,0.0,0,0,0.0
R3_live_candidate_gate_R04581,2026_03,2026-03-01 00:00:00+00:00,2026-04-01 00:00:00+00:00,1,0.03225806451612903,1.005433663282956,1.065929849917104,0.005433663282955914,-0.0072937240308967866,1.0,inf,0.005433663282955905,0.005433663282955905,0.0,inf,0.005433663282955905,0.005433663282955905,1.0,0.0,0.0,1,0,4.0
R3_live_candidate_gate_R04581,2026_04,2026-04-01 00:00:00+00:00,2026-05-01 00:00:00+00:00,0,0.0,1.0,1.0,0.0,0.0,0.0,0.0,0.0,0.0,0.0,0.0,0.0,0.0,0.0,0.0,0.0,0,0,0.0
R3_live_candidate_gate_R04581,2026_05,2026-05-01 00:00:00+00:00,2026-06-01 00:00:00+00:00,1,0.03225806451612903,1.005433663282956,1.065929849917104,0.005433663282955914,-0.004142592833302761,1.0,inf,0.005433663282955905,0.005433663282955905,0.0,inf,0.005433663282955905,0.005433663282955905,1.0,0.0,0.0,1,0,1.0
R3_live_candidate_gate_R04581,2026_06,2026-06-01 00:00:00+00:00,2026-06-26 04:20:00+00:00,1,0.039713182570325425,1.005433663282956,1.0817750218620021,0.005433663282955914,-0.009087492831162058,1.0,inf,0.005433663282955905,0.005433663282955905,0.0,inf,0.005433663282955905,0.005433663282955905,1.0,0.0,0.0,1,0,29.0
R2_relax_winrate_payoff_R00647,2025_05,2025-05-30 10:30:00+00:00,2025-06-01 00:00:00+00:00,0,0.0,1.0,1.0,0.0,0.0,0.0,0.0,0.0,0.0,0.0,0.0,0.0,0.0,0.0,0.0,0.0,0,0,0.0
R2_relax_winrate_payoff_R00647,2025_06,2025-06-01 00:00:00+00:00,2025-07-01 00:00:00+00:00,0,0.0,1.0,1.0,0.0,0.0,0.0,0.0,0.0,0.0,0.0,0.0,0.0,0.0,0.0,0.0,0.0,0,0,0.0
R2_relax_winrate_payoff_R00647,2025_07,2025-07-01 00:00:00+00:00,2025-08-01 00:00:00+00:00,0,0.0,1.0,1.0,0.0,0.0,0.0,0.0,0.0,0.0,0.0,0.0,0.0,0.0,0.0,0.0,0.0,0,0,0.0
R2_relax_winrate_payoff_R00647,2025_08,2025-08-01 00:00:00+00:00,2025-09-01 00:00:00+00:00,0,0.0,1.0,1.0,0.0,0.0,0.0,0.0,0.0,0.0,0.0,0.0,0.0,0.0,0.0,0.0,0.0,0,0,0.0
R2_relax_winrate_payoff_R00647,2025_09,2025-09-01 00:00:00+00:00,2025-10-01 00:00:00+00:00,0,0.0,1.0,1.0,0.0,0.0,0.0,0.0,0.0,0.0,0.0,0.0,0.0,0.0,0.0,0.0,0.0,0,0,0.0
R2_relax_winrate_payoff_R00647,2025_10,2025-10-01 00:00:00+00:00,2025-11-01 00:00:00+00:00,0,0.0,1.0,1.0,0.0,0.0,0.0,0.0,0.0,0.0,0.0,0.0,0.0,0.0,0.0,0.0,0.0,0,0,0.0
R2_relax_winrate_payoff_R00647,2025_11,2025-11-01 00:00:00+00:00,2025-12-01 00:00:00+00:00,0,0.0,1.0,1.0,0.0,0.0,0.0,0.0,0.0,0.0,0.0,0.0,0.0,0.0,0.0,0.0,0.0,0,0,0.0
R2_relax_winrate_payoff_R00647,2025_12,2025-12-01 00:00:00+00:00,2026-01-01 00:00:00+00:00,0,0.0,1.0,1.0,0.0,0.0,0.0,0.0,0.0,0.0,0.0,0.0,0.0,0.0,0.0,0.0,0.0,0,0,0.0
R2_relax_winrate_payoff_R00647,2026_01,2026-01-01 00:00:00+00:00,2026-02-01 00:00:00+00:00,0,0.0,1.0,1.0,0.0,0.0,0.0,0.0,0.0,0.0,0.0,0.0,0.0,0.0,0.0,0.0,0.0,0,0,0.0
R2_relax_winrate_payoff_R00647,2026_02,2026-02-01 00:00:00+00:00,2026-03-01 00:00:00+00:00,0,0.0,1.0,1.0,0.0,0.0,0.0,0.0,0.0,0.0,0.0,0.0,0.0,0.0,0.0,0.0,0.0,0,0,0.0
R2_relax_winrate_payoff_R00647,2026_03,2026-03-01 00:00:00+00:00,2026-04-01 00:00:00+00:00,2,0.06451612903225806,1.0433218004182059,1.6481963701935058,0.04332180041820588,-0.011072681947654872,1.0,inf,0.021431250950452275,0.021431250950452275,0.0,inf,0.021431250950452164,0.021431250950452386,1.0,0.0,0.0,2,0,33.0
R2_relax_winrate_payoff_R00647,2026_04,2026-04-01 00:00:00+00:00,2026-05-01 00:00:00+00:00,0,0.0,1.0,1.0,0.0,0.0,0.0,0.0,0.0,0.0,0.0,0.0,0.0,0.0,0.0,0.0,0.0,0,0,0.0
R2_relax_winrate_payoff_R00647,2026_05,2026-05-01 00:00:00+00:00,2026-06-01 00:00:00+00:00,0,0.0,1.0,1.0,0.0,0.0,0.0,0.0,0.0,0.0,0.0,0.0,0.0,0.0,0.0,0.0,0.0,0,0,0.0
R2_relax_winrate_payoff_R00647,2026_06,2026-06-01 00:00:00+00:00,2026-06-26 04:20:00+00:00,1,0.039713182570325425,1.0214312509504524,1.3601311933071891,0.021431250950452396,-0.008667411087357801,1.0,inf,0.021431250950452386,0.021431250950452386,0.0,inf,0.021431250950452386,0.021431250950452386,1.0,0.0,0.0,1,0,16.0
R2_relax_winrate_payoff_R02788,2025_05,2025-05-30 10:30:00+00:00,2025-06-01 00:00:00+00:00,0,0.0,1.0,1.0,0.0,0.0,0.0,0.0,0.0,0.0,0.0,0.0,0.0,0.0,0.0,0.0,0.0,0,0,0.0
R2_relax_winrate_payoff_R02788,2025_06,2025-06-01 00:00:00+00:00,2025-07-01 00:00:00+00:00,0,0.0,1.0,1.0,0.0,0.0,0.0,0.0,0.0,0.0,0.0,0.0,0.0,0.0,0.0,0.0,0.0,0,0,0.0
R2_relax_winrate_payoff_R02788,2025_07,2025-07-01 00:00:00+00:00,2025-08-01 00:00:00+00:00,0,0.0,1.0,1.0,0.0,0.0,0.0,0.0,0.0,0.0,0.0,0.0,0.0,0.0,0.0,0.0,0.0,0,0,0.0
R2_relax_winrate_payoff_R02788,2025_08,2025-08-01 00:00:00+00:00,2025-09-01 00:00:00+00:00,0,0.0,1.0,1.0,0.0,0.0,0.0,0.0,0.0,0.0,0.0,0.0,0.0,0.0,0.0,0.0,0.0,0,0,0.0
R2_relax_winrate_payoff_R02788,2025_09,2025-09-01 00:00:00+00:00,2025-10-01 00:00:00+00:00,0,0.0,1.0,1.0,0.0,0.0,0.0,0.0,0.0,0.0,0.0,0.0,0.0,0.0,0.0,0.0,0.0,0,0,0.0
R2_relax_winrate_payoff_R02788,2025_10,2025-10-01 00:00:00+00:00,2025-11-01 00:00:00+00:00,0,0.0,1.0,1.0,0.0,0.0,0.0,0.0,0.0,0.0,0.0,0.0,0.0,0.0,0.0,0.0,0.0,0,0,0.0
R2_relax_winrate_payoff_R02788,2025_11,2025-11-01 00:00:00+00:00,2025-12-01 00:00:00+00:00,1,0.03333333333333333,1.0111328038895016,1.1442998440342307,0.011132803889501552,-0.005912667516551395,1.0,inf,0.011132803889501502,0.011132803889501502,0.0,inf,0.011132803889501502,0.011132803889501502,1.0,0.0,0.0,1,0,5.0
R2_relax_winrate_payoff_R02788,2025_12,2025-12-01 00:00:00+00:00,2026-01-01 00:00:00+00:00,0,0.0,1.0,1.0,0.0,0.0,0.0,0.0,0.0,0.0,0.0,0.0,0.0,0.0,0.0,0.0,0.0,0,0,0.0
R2_relax_winrate_payoff_R02788,2026_01,2026-01-01 00:00:00+00:00,2026-02-01 00:00:00+00:00,0,0.0,1.0,1.0,0.0,0.0,0.0,0.0,0.0,0.0,0.0,0.0,0.0,0.0,0.0,0.0,0.0,0,0,0.0
R2_relax_winrate_payoff_R02788,2026_02,2026-02-01 00:00:00+00:00,2026-03-01 00:00:00+00:00,0,0.0,1.0,1.0,0.0,0.0,0.0,0.0,0.0,0.0,0.0,0.0,0.0,0.0,0.0,0.0,0.0,0,0,0.0
R2_relax_winrate_payoff_R02788,2026_03,2026-03-01 00:00:00+00:00,2026-04-01 00:00:00+00:00,1,0.03225806451612903,1.0111328038895013,1.1393350469111574,0.01113280388950133,-0.006595967918756385,1.0,inf,0.01113280388950128,0.01113280388950128,0.0,inf,0.01113280388950128,0.01113280388950128,1.0,0.0,0.0,1,0,2.0
R2_relax_winrate_payoff_R02788,2026_04,2026-04-01 00:00:00+00:00,2026-05-01 00:00:00+00:00,0,0.0,1.0,1.0,0.0,0.0,0.0,0.0,0.0,0.0,0.0,0.0,0.0,0.0,0.0,0.0,0.0,0,0,0.0
R2_relax_winrate_payoff_R02788,2026_05,2026-05-01 00:00:00+00:00,2026-06-01 00:00:00+00:00,0,0.0,1.0,1.0,0.0,0.0,0.0,0.0,0.0,0.0,0.0,0.0,0.0,0.0,0.0,0.0,0.0,0,0,0.0
R2_relax_winrate_payoff_R02788,2026_06,2026-06-01 00:00:00+00:00,2026-06-26 04:20:00+00:00,1,0.039713182570325425,1.0111328038895016,1.1742054697817599,0.011132803889501552,-0.008667411087357801,1.0,inf,0.011132803889501502,0.011132803889501502,0.0,inf,0.011132803889501502,0.011132803889501502,1.0,0.0,0.0,1,0,8.0
R2_relax_winrate_payoff_R03712,2025_05,2025-05-30 10:30:00+00:00,2025-06-01 00:00:00+00:00,0,0.0,1.0,1.0,0.0,0.0,0.0,0.0,0.0,0.0,0.0,0.0,0.0,0.0,0.0,0.0,0.0,0,0,0.0
R2_relax_winrate_payoff_R03712,2025_06,2025-06-01 00:00:00+00:00,2025-07-01 00:00:00+00:00,0,0.0,1.0,1.0,0.0,0.0,0.0,0.0,0.0,0.0,0.0,0.0,0.0,0.0,0.0,0.0,0.0,0,0,0.0
R2_relax_winrate_payoff_R03712,2025_07,2025-07-01 00:00:00+00:00,2025-08-01 00:00:00+00:00,0,0.0,1.0,1.0,0.0,0.0,0.0,0.0,0.0,0.0,0.0,0.0,0.0,0.0,0.0,0.0,0.0,0,0,0.0
R2_relax_winrate_payoff_R03712,2025_08,2025-08-01 00:00:00+00:00,2025-09-01 00:00:00+00:00,0,0.0,1.0,1.0,0.0,0.0,0.0,0.0,0.0,0.0,0.0,0.0,0.0,0.0,0.0,0.0,0.0,0,0,0.0
R2_relax_winrate_payoff_R03712,2025_09,2025-09-01 00:00:00+00:00,2025-10-01 00:00:00+00:00,0,0.0,1.0,1.0,0.0,0.0,0.0,0.0,0.0,0.0,0.0,0.0,0.0,0.0,0.0,0.0,0.0,0,0,0.0
R2_relax_winrate_payoff_R03712,2025_10,2025-10-01 00:00:00+00:00,2025-11-01 00:00:00+00:00,0,0.0,1.0,1.0,0.0,0.0,0.0,0.0,0.0,0.0,0.0,0.0,0.0,0.0,0.0,0.0,0.0,0,0,0.0
R2_relax_winrate_payoff_R03712,2025_11,2025-11-01 00:00:00+00:00,2025-12-01 00:00:00+00:00,0,0.0,1.0,1.0,0.0,0.0,0.0,0.0,0.0,0.0,0.0,0.0,0.0,0.0,0.0,0.0,0.0,0,0,0.0
R2_relax_winrate_payoff_R03712,2025_12,2025-12-01 00:00:00+00:00,2026-01-01 00:00:00+00:00,0,0.0,1.0,1.0,0.0,0.0,0.0,0.0,0.0,0.0,0.0,0.0,0.0,0.0,0.0,0.0,0.0,0,0,0.0
R2_relax_winrate_payoff_R03712,2026_01,2026-01-01 00:00:00+00:00,2026-02-01 00:00:00+00:00,1,0.03225806451612903,1.00548535334332,1.0665756991465212,0.005485353343319899,-0.005190010353832264,1.0,inf,0.005485353343319869,0.005485353343319869,0.0,inf,0.005485353343319869,0.005485353343319869,0.0,0.0,1.0,0,1,25.0
R2_relax_winrate_payoff_R03712,2026_02,2026-02-01 00:00:00+00:00,2026-03-01 00:00:00+00:00,0,0.0,1.0,1.0,0.0,0.0,0.0,0.0,0.0,0.0,0.0,0.0,0.0,0.0,0.0,0.0,0.0,0,0,0.0
R2_relax_winrate_payoff_R03712,2026_03,2026-03-01 00:00:00+00:00,2026-04-01 00:00:00+00:00,1,0.03225806451612903,1.0042279727821488,1.050966328633946,0.0042279727821488144,-0.009014096196993893,1.0,inf,0.004227972782148707,0.004227972782148707,0.0,inf,0.004227972782148707,0.004227972782148707,0.0,0.0,1.0,1,0,25.0
R2_relax_winrate_payoff_R03712,2026_04,2026-04-01 00:00:00+00:00,2026-05-01 00:00:00+00:00,1,0.03333333333333333,1.000140020525317,1.001706084265449,0.00014002052531703058,-0.008912671690233132,1.0,inf,0.00014002052531700824,0.00014002052531700824,0.0,inf,0.00014002052531700824,0.00014002052531700824,0.0,0.0,1.0,1,0,25.0
R2_relax_winrate_payoff_R03712,2026_05,2026-05-01 00:00:00+00:00,2026-06-01 00:00:00+00:00,0,0.0,1.0,1.0,0.0,0.0,0.0,0.0,0.0,0.0,0.0,0.0,0.0,0.0,0.0,0.0,0.0,0,0,0.0
R2_relax_winrate_payoff_R03712,2026_06,2026-06-01 00:00:00+00:00,2026-06-26 04:20:00+00:00,2,0.07942636514065085,1.0176040752136388,1.2880504000436022,0.017604075213638826,-0.010440913310620026,1.0,inf,0.008771896531465219,0.008771896531465219,0.0,inf,0.004689738027664572,0.012854055035265866,0.0,0.0,1.0,2,0,25.0
R1_relax_frequency_R01578,2025_05,2025-05-30 10:30:00+00:00,2025-06-01 00:00:00+00:00,0,0.0,1.0,1.0,0.0,0.0,0.0,0.0,0.0,0.0,0.0,0.0,0.0,0.0,0.0,0.0,0.0,0,0,0.0
R1_relax_frequency_R01578,2025_06,2025-06-01 00:00:00+00:00,2025-07-01 00:00:00+00:00,0,0.0,1.0,1.0,0.0,0.0,0.0,0.0,0.0,0.0,0.0,0.0,0.0,0.0,0.0,0.0,0.0,0,0,0.0
R1_relax_frequency_R01578,2025_07,2025-07-01 00:00:00+00:00,2025-08-01 00:00:00+00:00,0,0.0,1.0,1.0,0.0,0.0,0.0,0.0,0.0,0.0,0.0,0.0,0.0,0.0,0.0,0.0,0.0,0,0,0.0
R1_relax_frequency_R01578,2025_08,2025-08-01 00:00:00+00:00,2025-09-01 00:00:00+00:00,0,0.0,1.0,1.0,0.0,0.0,0.0,0.0,0.0,0.0,0.0,0.0,0.0,0.0,0.0,0.0,0.0,0,0,0.0
R1_relax_frequency_R01578,2025_09,2025-09-01 00:00:00+00:00,2025-10-01 00:00:00+00:00,1,0.03333333333333333,1.0015958630443005,1.0196038255492899,0.0015958630443004829,-0.007935588637548618,1.0,inf,0.0015958630443005007,0.0015958630443005007,0.0,inf,0.0015958630443005007,0.0015958630443005007,0.0,0.0,1.0,1,0,13.0
R1_relax_frequency_R01578,2025_10,2025-10-01 00:00:00+00:00,2025-11-01 00:00:00+00:00,1,0.03225806451612903,1.006935915987619,1.0848466619464812,0.006935915987619001,-0.0031438134775430004,1.0,inf,0.006935915987619051,0.006935915987619051,0.0,inf,0.006935915987619051,0.006935915987619051,1.0,0.0,0.0,0,1,10.0
R1_relax_frequency_R01578,2025_11,2025-11-01 00:00:00+00:00,2025-12-01 00:00:00+00:00,2,0.06666666666666667,1.0139199389058253,1.183299291502292,0.013919938905825324,-0.013436774921298023,1.0,inf,0.00693591598761894,0.00693591598761894,0.0,inf,0.00693591598761894,0.00693591598761894,1.0,0.0,0.0,0,2,8.0
R1_relax_frequency_R01578,2025_12,2025-12-01 00:00:00+00:00,2026-01-01 00:00:00+00:00,1,0.03225806451612903,1.0069334371267837,1.0848151959537493,0.006933437126783737,-0.01114356574655595,1.0,inf,0.006933437126783659,0.006933437126783659,0.0,inf,0.006933437126783659,0.006933437126783659,1.0,0.0,0.0,1,0,1.0
R1_relax_frequency_R01578,2026_01,2026-01-01 00:00:00+00:00,2026-02-01 00:00:00+00:00,0,0.0,1.0,1.0,0.0,0.0,0.0,0.0,0.0,0.0,0.0,0.0,0.0,0.0,0.0,0.0,0.0,0,0,0.0
R1_relax_frequency_R01578,2026_02,2026-02-01 00:00:00+00:00,2026-03-01 00:00:00+00:00,0,0.0,1.0,1.0,0.0,0.0,0.0,0.0,0.0,0.0,0.0,0.0,0.0,0.0,0.0,0.0,0.0,0,0,0.0
R1_relax_frequency_R01578,2026_03,2026-03-01 00:00:00+00:00,2026-04-01 00:00:00+00:00,1,0.03225806451612903,1.006933437126784,1.0848151959537522,0.006933437126783959,-0.011072681947654872,1.0,inf,0.006933437126783881,0.006933437126783881,0.0,inf,0.006933437126783881,0.006933437126783881,1.0,0.0,0.0,1,0,8.0
R1_relax_frequency_R01578,2026_04,2026-04-01 00:00:00+00:00,2026-05-01 00:00:00+00:00,0,0.0,1.0,1.0,0.0,0.0,0.0,0.0,0.0,0.0,0.0,0.0,0.0,0.0,0.0,0.0,0.0,0,0,0.0
R1_relax_frequency_R01578,2026_05,2026-05-01 00:00:00+00:00,2026-06-01 00:00:00+00:00,0,0.0,1.0,1.0,0.0,0.0,0.0,0.0,0.0,0.0,0.0,0.0,0.0,0.0,0.0,0.0,0.0,0,0,0.0
R1_relax_frequency_R01578,2026_06,2026-06-01 00:00:00+00:00,2026-06-26 04:20:00+00:00,1,0.039713182570325425,1.0069334371267837,1.1054186371689756,0.006933437126783737,-0.008667411087357801,1.0,inf,0.006933437126783659,0.006933437126783659,0.0,inf,0.006933437126783659,0.006933437126783659,1.0,0.0,0.0,1,0,7.0
R1_relax_frequency_R05929,2025_05,2025-05-30 10:30:00+00:00,2025-06-01 00:00:00+00:00,0,0.0,1.0,1.0,0.0,0.0,0.0,0.0,0.0,0.0,0.0,0.0,0.0,0.0,0.0,0.0,0.0,0,0,0.0
R1_relax_frequency_R05929,2025_06,2025-06-01 00:00:00+00:00,2025-07-01 00:00:00+00:00,0,0.0,1.0,1.0,0.0,0.0,0.0,0.0,0.0,0.0,0.0,0.0,0.0,0.0,0.0,0.0,0.0,0,0,0.0
R1_relax_frequency_R05929,2025_07,2025-07-01 00:00:00+00:00,2025-08-01 00:00:00+00:00,0,0.0,1.0,1.0,0.0,0.0,0.0,0.0,0.0,0.0,0.0,0.0,0.0,0.0,0.0,0.0,0.0,0,0,0.0
R1_relax_frequency_R05929,2025_08,2025-08-01 00:00:00+00:00,2025-09-01 00:00:00+00:00,2,0.06451612903225806,1.0114627517060826,1.1437231942428827,0.011462751706082575,-0.0164306955227268,1.0,inf,0.005715782112330508,0.005715782112330508,0.0,inf,0.004498127097877357,0.006933437126783659,0.5,0.0,0.5,2,0,20.5
R1_relax_frequency_R05929,2025_09,2025-09-01 00:00:00+00:00,2025-10-01 00:00:00+00:00,1,0.03333333333333333,1.0069334371267837,1.0877630078591392,0.006933437126783737,-0.005786554519250364,1.0,inf,0.006933437126783659,0.006933437126783659,0.0,inf,0.006933437126783659,0.006933437126783659,1.0,0.0,0.0,1,0,14.0
R1_relax_frequency_R05929,2025_10,2025-10-01 00:00:00+00:00,2025-11-01 00:00:00+00:00,1,0.03225806451612903,1.0069334371267837,1.0848151959537493,0.006933437126783737,-0.0017004327831147137,1.0,inf,0.006933437126783659,0.006933437126783659,0.0,inf,0.006933437126783659,0.006933437126783659,1.0,0.0,0.0,1,0,2.0
R1_relax_frequency_R05929,2025_11,2025-11-01 00:00:00+00:00,2025-12-01 00:00:00+00:00,0,0.0,1.0,1.0,0.0,0.0,0.0,0.0,0.0,0.0,0.0,0.0,0.0,0.0,0.0,0.0,0.0,0,0,0.0
R1_relax_frequency_R05929,2025_12,2025-12-01 00:00:00+00:00,2026-01-01 00:00:00+00:00,0,0.0,1.0,1.0,0.0,0.0,0.0,0.0,0.0,0.0,0.0,0.0,0.0,0.0,0.0,0.0,0.0,0,0,0.0
R1_relax_frequency_R05929,2026_01,2026-01-01 00:00:00+00:00,2026-02-01 00:00:00+00:00,0,0.0,1.0,1.0,0.0,0.0,0.0,0.0,0.0,0.0,0.0,0.0,0.0,0.0,0.0,0.0,0.0,0,0,0.0
R1_relax_frequency_R05929,2026_02,2026-02-01 00:00:00+00:00,2026-03-01 00:00:00+00:00,1,0.03571428571428571,1.0069334371267837,1.0943188427205572,0.006933437126783737,-0.0038554256604864667,1.0,inf,0.006933437126783659,0.006933437126783659,0.0,inf,0.006933437126783659,0.006933437126783659,1.0,0.0,0.0,1,0,6.0
R1_relax_frequency_R05929,2026_03,2026-03-01 00:00:00+00:00,2026-04-01 00:00:00+00:00,0,0.0,1.0,1.0,0.0,0.0,0.0,0.0,0.0,0.0,0.0,0.0,0.0,0.0,0.0,0.0,0.0,0,0,0.0
R1_relax_frequency_R05929,2026_04,2026-04-01 00:00:00+00:00,2026-05-01 00:00:00+00:00,0,0.0,1.0,1.0,0.0,0.0,0.0,0.0,0.0,0.0,0.0,0.0,0.0,0.0,0.0,0.0,0.0,0,0,0.0
R1_relax_frequency_R05929,2026_05,2026-05-01 00:00:00+00:00,2026-06-01 00:00:00+00:00,1,0.03225806451612903,1.0069334371267837,1.0848151959537493,0.006933437126783737,-0.004142592833302761,1.0,inf,0.006933437126783659,0.006933437126783659,0.0,inf,0.006933437126783659,0.006933437126783659,1.0,0.0,0.0,1,0,2.0
R1_relax_frequency_R05929,2026_06,2026-06-01 00:00:00+00:00,2026-06-26 04:20:00+00:00,1,0.039713182570325425,1.0069334371267837,1.1054186371689756,0.006933437126783737,-0.009087492831162058,1.0,inf,0.006933437126783659,0.006933437126783659,0.0,inf,0.006933437126783659,0.006933437126783659,1.0,0.0,0.0,1,0,29.0
R1_relax_frequency_R04258,2025_05,2025-05-30 10:30:00+00:00,2025-06-01 00:00:00+00:00,0,0.0,1.0,1.0,0.0,0.0,0.0,0.0,0.0,0.0,0.0,0.0,0.0,0.0,0.0,0.0,0.0,0,0,0.0
R1_relax_frequency_R04258,2025_06,2025-06-01 00:00:00+00:00,2025-07-01 00:00:00+00:00,0,0.0,1.0,1.0,0.0,0.0,0.0,0.0,0.0,0.0,0.0,0.0,0.0,0.0,0.0,0.0,0.0,0,0,0.0
R1_relax_frequency_R04258,2025_07,2025-07-01 00:00:00+00:00,2025-08-01 00:00:00+00:00,1,0.03225806451612903,1.0044338140537372,1.0535072863901351,0.004433814053737217,-0.0017224818737351377,1.0,inf,0.004433814053737181,0.004433814053737181,0.0,inf,0.004433814053737181,0.004433814053737181,1.0,0.0,0.0,1,0,1.0
R1_relax_frequency_R04258,2025_08,2025-08-01 00:00:00+00:00,2025-09-01 00:00:00+00:00,1,0.03225806451612903,1.0044338140537374,1.0535072863901378,0.004433814053737439,-0.004010342423182878,1.0,inf,0.004433814053737403,0.004433814053737403,0.0,inf,0.004433814053737403,0.004433814053737403,1.0,0.0,0.0,1,0,4.0
R1_relax_frequency_R04258,2025_09,2025-09-01 00:00:00+00:00,2025-10-01 00:00:00+00:00,0,0.0,1.0,1.0,0.0,0.0,0.0,0.0,0.0,0.0,0.0,0.0,0.0,0.0,0.0,0.0,0.0,0,0,0.0
R1_relax_frequency_R04258,2025_10,2025-10-01 00:00:00+00:00,2025-11-01 00:00:00+00:00,0,0.0,1.0,1.0,0.0,0.0,0.0,0.0,0.0,0.0,0.0,0.0,0.0,0.0,0.0,0.0,0.0,0,0,0.0
R1_relax_frequency_R04258,2025_11,2025-11-01 00:00:00+00:00,2025-12-01 00:00:00+00:00,0,0.0,1.0,1.0,0.0,0.0,0.0,0.0,0.0,0.0,0.0,0.0,0.0,0.0,0.0,0.0,0.0,0,0,0.0
R1_relax_frequency_R04258,2025_12,2025-12-01 00:00:00+00:00,2026-01-01 00:00:00+00:00,0,0.0,1.0,1.0,0.0,0.0,0.0,0.0,0.0,0.0,0.0,0.0,0.0,0.0,0.0,0.0,0.0,0,0,0.0
R1_relax_frequency_R04258,2026_01,2026-01-01 00:00:00+00:00,2026-02-01 00:00:00+00:00,0,0.0,1.0,1.0,0.0,0.0,0.0,0.0,0.0,0.0,0.0,0.0,0.0,0.0,0.0,0.0,0.0,0,0,0.0
R1_relax_frequency_R04258,2026_02,2026-02-01 00:00:00+00:00,2026-03-01 00:00:00+00:00,1,0.03571428571428571,1.0044338140537372,1.0594073819663568,0.004433814053737217,-0.0038554256604864667,1.0,inf,0.004433814053737181,0.004433814053737181,0.0,inf,0.004433814053737181,0.004433814053737181,1.0,0.0,0.0,1,0,6.0
R1_relax_frequency_R04258,2026_03,2026-03-01 00:00:00+00:00,2026-04-01 00:00:00+00:00,0,0.0,1.0,1.0,0.0,0.0,0.0,0.0,0.0,0.0,0.0,0.0,0.0,0.0,0.0,0.0,0.0,0,0,0.0
R1_relax_frequency_R04258,2026_04,2026-04-01 00:00:00+00:00,2026-05-01 00:00:00+00:00,0,0.0,1.0,1.0,0.0,0.0,0.0,0.0,0.0,0.0,0.0,0.0,0.0,0.0,0.0,0.0,0.0,0,0,0.0
R1_relax_frequency_R04258,2026_05,2026-05-01 00:00:00+00:00,2026-06-01 00:00:00+00:00,1,0.03225806451612903,1.0044338140537372,1.0535072863901351,0.004433814053737217,-0.004142592833302761,1.0,inf,0.004433814053737181,0.004433814053737181,0.0,inf,0.004433814053737181,0.004433814053737181,1.0,0.0,0.0,1,0,1.0
R1_relax_frequency_R04258,2026_06,2026-06-01 00:00:00+00:00,2026-06-26 04:20:00+00:00,2,0.07942636514065085,1.0088890200196055,1.136970965336231,0.008889020019605454,-0.0053839870635816744,1.0,inf,0.004434676830877706,0.004434676830877706,0.0,inf,0.004433814053737181,0.004435539608018232,1.0,0.0,0.0,1,1,8.5
R1_relax_frequency_R05799,2025_05,2025-05-30 10:30:00+00:00,2025-06-01 00:00:00+00:00,0,0.0,1.0,1.0,0.0,0.0,0.0,0.0,0.0,0.0,0.0,0.0,0.0,0.0,0.0,0.0,0.0,0,0,0.0
R1_relax_frequency_R05799,2025_06,2025-06-01 00:00:00+00:00,2025-07-01 00:00:00+00:00,0,0.0,1.0,1.0,0.0,0.0,0.0,0.0,0.0,0.0,0.0,0.0,0.0,0.0,0.0,0.0,0.0,0,0,0.0
R1_relax_frequency_R05799,2025_07,2025-07-01 00:00:00+00:00,2025-08-01 00:00:00+00:00,0,0.0,1.0,1.0,0.0,0.0,0.0,0.0,0.0,0.0,0.0,0.0,0.0,0.0,0.0,0.0,0.0,0,0,0.0
R1_relax_frequency_R05799,2025_08,2025-08-01 00:00:00+00:00,2025-09-01 00:00:00+00:00,0,0.0,1.0,1.0,0.0,0.0,0.0,0.0,0.0,0.0,0.0,0.0,0.0,0.0,0.0,0.0,0.0,0,0,0.0
R1_relax_frequency_R05799,2025_09,2025-09-01 00:00:00+00:00,2025-10-01 00:00:00+00:00,0,0.0,1.0,1.0,0.0,0.0,0.0,0.0,0.0,0.0,0.0,0.0,0.0,0.0,0.0,0.0,0.0,0,0,0.0
R1_relax_frequency_R05799,2025_10,2025-10-01 00:00:00+00:00,2025-11-01 00:00:00+00:00,1,0.03225806451612903,1.0044355396080182,1.0535286108184738,0.004435539608018235,-0.002261460556995498,1.0,inf,0.004435539608018343,0.004435539608018343,0.0,inf,0.004435539608018343,0.004435539608018343,1.0,0.0,0.0,0,1,1.0
R1_relax_frequency_R05799,2025_11,2025-11-01 00:00:00+00:00,2025-12-01 00:00:00+00:00,0,0.0,1.0,1.0,0.0,0.0,0.0,0.0,0.0,0.0,0.0,0.0,0.0,0.0,0.0,0.0,0.0,0,0,0.0
R1_relax_frequency_R05799,2025_12,2025-12-01 00:00:00+00:00,2026-01-01 00:00:00+00:00,0,0.0,1.0,1.0,0.0,0.0,0.0,0.0,0.0,0.0,0.0,0.0,0.0,0.0,0.0,0.0,0.0,0,0,0.0
R1_relax_frequency_R05799,2026_01,2026-01-01 00:00:00+00:00,2026-02-01 00:00:00+00:00,1,0.03225806451612903,1.0044355396080185,1.0535286108184765,0.004435539608018457,-0.006041804191463607,1.0,inf,0.004435539608018454,0.004435539608018454,0.0,inf,0.004435539608018454,0.004435539608018454,1.0,0.0,0.0,0,1,2.0
R1_relax_frequency_R05799,2026_02,2026-02-01 00:00:00+00:00,2026-03-01 00:00:00+00:00,1,0.03571428571428571,1.0044355396080182,1.0594311234022658,0.004435539608018235,-0.005746748613632668,1.0,inf,0.004435539608018343,0.004435539608018343,0.0,inf,0.004435539608018343,0.004435539608018343,1.0,0.0,0.0,0,1,4.0
R1_relax_frequency_R05799,2026_03,2026-03-01 00:00:00+00:00,2026-04-01 00:00:00+00:00,2,0.06451612903225806,1.0088907532276508,1.109922533813103,0.00889075322765076,-0.005445628708862893,1.0,inf,0.004435539608018232,0.004435539608018232,0.0,inf,0.004435539608018232,0.004435539608018232,1.0,0.0,0.0,0,2,2.0
R1_relax_frequency_R05799,2026_04,2026-04-01 00:00:00+00:00,2026-05-01 00:00:00+00:00,0,0.0,1.0,1.0,0.0,0.0,0.0,0.0,0.0,0.0,0.0,0.0,0.0,0.0,0.0,0.0,0.0,0,0,0.0
R1_relax_frequency_R05799,2026_05,2026-05-01 00:00:00+00:00,2026-06-01 00:00:00+00:00,1,0.03225806451612903,1.0044355396080182,1.0535286108184738,0.004435539608018235,-0.002998560067625222,1.0,inf,0.004435539608018343,0.004435539608018343,0.0,inf,0.004435539608018343,0.004435539608018343,1.0,0.0,0.0,0,1,3.0
R1_relax_frequency_R05799,2026_06,2026-06-01 00:00:00+00:00,2026-06-26 04:20:00+00:00,1,0.039713182570325425,1.0044355396080182,1.0663016918064356,0.004435539608018235,-0.0115070776480799,1.0,inf,0.004435539608018232,0.004435539608018232,0.0,inf,0.004435539608018232,0.004435539608018232,1.0,0.0,0.0,0,1,13.0
R1_relax_frequency_R00492,2025_05,2025-05-30 10:30:00+00:00,2025-06-01 00:00:00+00:00,0,0.0,1.0,1.0,0.0,0.0,0.0,0.0,0.0,0.0,0.0,0.0,0.0,0.0,0.0,0.0,0.0,0,0,0.0
R1_relax_frequency_R00492,2025_06,2025-06-01 00:00:00+00:00,2025-07-01 00:00:00+00:00,0,0.0,1.0,1.0,0.0,0.0,0.0,0.0,0.0,0.0,0.0,0.0,0.0,0.0,0.0,0.0,0.0,0,0,0.0
R1_relax_frequency_R00492,2025_07,2025-07-01 00:00:00+00:00,2025-08-01 00:00:00+00:00,0,0.0,1.0,1.0,0.0,0.0,0.0,0.0,0.0,0.0,0.0,0.0,0.0,0.0,0.0,0.0,0.0,0,0,0.0
R1_relax_frequency_R00492,2025_08,2025-08-01 00:00:00+00:00,2025-09-01 00:00:00+00:00,0,0.0,1.0,1.0,0.0,0.0,0.0,0.0,0.0,0.0,0.0,0.0,0.0,0.0,0.0,0.0,0.0,0,0,0.0
R1_relax_frequency_R00492,2025_09,2025-09-01 00:00:00+00:00,2025-10-01 00:00:00+00:00,0,0.0,1.0,1.0,0.0,0.0,0.0,0.0,0.0,0.0,0.0,0.0,0.0,0.0,0.0,0.0,0.0,0,0,0.0
R1_relax_frequency_R00492,2025_10,2025-10-01 00:00:00+00:00,2025-11-01 00:00:00+00:00,0,0.0,1.0,1.0,0.0,0.0,0.0,0.0,0.0,0.0,0.0,0.0,0.0,0.0,0.0,0.0,0.0,0,0,0.0
R1_relax_frequency_R00492,2025_11,2025-11-01 00:00:00+00:00,2025-12-01 00:00:00+00:00,0,0.0,1.0,1.0,0.0,0.0,0.0,0.0,0.0,0.0,0.0,0.0,0.0,0.0,0.0,0.0,0.0,0,0,0.0
R1_relax_frequency_R00492,2025_12,2025-12-01 00:00:00+00:00,2026-01-01 00:00:00+00:00,0,0.0,1.0,1.0,0.0,0.0,0.0,0.0,0.0,0.0,0.0,0.0,0.0,0.0,0.0,0.0,0.0,0,0,0.0
R1_relax_frequency_R00492,2026_01,2026-01-01 00:00:00+00:00,2026-02-01 00:00:00+00:00,0,0.0,1.0,1.0,0.0,0.0,0.0,0.0,0.0,0.0,0.0,0.0,0.0,0.0,0.0,0.0,0.0,0,0,0.0
R1_relax_frequency_R00492,2026_02,2026-02-01 00:00:00+00:00,2026-03-01 00:00:00+00:00,0,0.0,1.0,1.0,0.0,0.0,0.0,0.0,0.0,0.0,0.0,0.0,0.0,0.0,0.0,0.0,0.0,0,0,0.0
R1_relax_frequency_R00492,2026_03,2026-03-01 00:00:00+00:00,2026-04-01 00:00:00+00:00,0,0.0,1.0,1.0,0.0,0.0,0.0,0.0,0.0,0.0,0.0,0.0,0.0,0.0,0.0,0.0,0.0,0,0,0.0
R1_relax_frequency_R00492,2026_04,2026-04-01 00:00:00+00:00,2026-05-01 00:00:00+00:00,1,0.03333333333333333,1.0034999555197044,1.0434552499159466,0.0034999555197043897,-0.0069684802025158366,1.0,inf,0.0034999555197045003,0.0034999555197045003,0.0,inf,0.0034999555197045003,0.0034999555197045003,0.0,0.0,1.0,0,1,97.0
R1_relax_frequency_R00492,2026_05,2026-05-01 00:00:00+00:00,2026-06-01 00:00:00+00:00,0,0.0,1.0,1.0,0.0,0.0,0.0,0.0,0.0,0.0,0.0,0.0,0.0,0.0,0.0,0.0,0.0,0,0,0.0
R1_relax_frequency_R00492,2026_06,2026-06-01 00:00:00+00:00,2026-06-26 04:20:00+00:00,1,0.039713182570325425,1.0214380989893035,1.3602634697336888,0.02143809898930349,-0.0053839870635816744,1.0,inf,0.021438098989303576,0.021438098989303576,0.0,inf,0.021438098989303576,0.021438098989303576,1.0,0.0,0.0,0,1,19.0
R1_relax_frequency_R02684,2025_05,2025-05-30 10:30:00+00:00,2025-06-01 00:00:00+00:00,0,0.0,1.0,1.0,0.0,0.0,0.0,0.0,0.0,0.0,0.0,0.0,0.0,0.0,0.0,0.0,0.0,0,0,0.0
R1_relax_frequency_R02684,2025_06,2025-06-01 00:00:00+00:00,2025-07-01 00:00:00+00:00,0,0.0,1.0,1.0,0.0,0.0,0.0,0.0,0.0,0.0,0.0,0.0,0.0,0.0,0.0,0.0,0.0,0,0,0.0
R1_relax_frequency_R02684,2025_07,2025-07-01 00:00:00+00:00,2025-08-01 00:00:00+00:00,0,0.0,1.0,1.0,0.0,0.0,0.0,0.0,0.0,0.0,0.0,0.0,0.0,0.0,0.0,0.0,0.0,0,0,0.0
R1_relax_frequency_R02684,2025_08,2025-08-01 00:00:00+00:00,2025-09-01 00:00:00+00:00,0,0.0,1.0,1.0,0.0,0.0,0.0,0.0,0.0,0.0,0.0,0.0,0.0,0.0,0.0,0.0,0.0,0,0,0.0
R1_relax_frequency_R02684,2025_09,2025-09-01 00:00:00+00:00,2025-10-01 00:00:00+00:00,0,0.0,1.0,1.0,0.0,0.0,0.0,0.0,0.0,0.0,0.0,0.0,0.0,0.0,0.0,0.0,0.0,0,0,0.0
R1_relax_frequency_R02684,2025_10,2025-10-01 00:00:00+00:00,2025-11-01 00:00:00+00:00,0,0.0,1.0,1.0,0.0,0.0,0.0,0.0,0.0,0.0,0.0,0.0,0.0,0.0,0.0,0.0,0.0,0,0,0.0
R1_relax_frequency_R02684,2025_11,2025-11-01 00:00:00+00:00,2025-12-01 00:00:00+00:00,0,0.0,1.0,1.0,0.0,0.0,0.0,0.0,0.0,0.0,0.0,0.0,0.0,0.0,0.0,0.0,0.0,0,0,0.0
R1_relax_frequency_R02684,2025_12,2025-12-01 00:00:00+00:00,2026-01-01 00:00:00+00:00,0,0.0,1.0,1.0,0.0,0.0,0.0,0.0,0.0,0.0,0.0,0.0,0.0,0.0,0.0,0.0,0.0,0,0,0.0
R1_relax_frequency_R02684,2026_01,2026-01-01 00:00:00+00:00,2026-02-01 00:00:00+00:00,0,0.0,1.0,1.0,0.0,0.0,0.0,0.0,0.0,0.0,0.0,0.0,0.0,0.0,0.0,0.0,0.0,0,0,0.0
R1_relax_frequency_R02684,2026_02,2026-02-01 00:00:00+00:00,2026-03-01 00:00:00+00:00,0,0.0,1.0,1.0,0.0,0.0,0.0,0.0,0.0,0.0,0.0,0.0,0.0,0.0,0.0,0.0,0.0,0,0,0.0
R1_relax_frequency_R02684,2026_03,2026-03-01 00:00:00+00:00,2026-04-01 00:00:00+00:00,0,0.0,1.0,1.0,0.0,0.0,0.0,0.0,0.0,0.0,0.0,0.0,0.0,0.0,0.0,0.0,0.0,0,0,0.0
R1_relax_frequency_R02684,2026_04,2026-04-01 00:00:00+00:00,2026-05-01 00:00:00+00:00,0,0.0,1.0,1.0,0.0,0.0,0.0,0.0,0.0,0.0,0.0,0.0,0.0,0.0,0.0,0.0,0.0,0,0,0.0
R1_relax_frequency_R02684,2026_05,2026-05-01 00:00:00+00:00,2026-06-01 00:00:00+00:00,1,0.03225806451612903,1.0214312509504522,1.2838210039540172,0.021431250950452174,-0.005306000483884854,1.0,inf,0.021431250950452164,0.021431250950452164,0.0,inf,0.021431250950452164,0.021431250950452164,1.0,0.0,0.0,1,0,9.0
R1_relax_frequency_R02684,2026_06,2026-06-01 00:00:00+00:00,2026-06-26 04:20:00+00:00,1,0.039713182570325425,1.0086746223667051,1.1334712894994736,0.008674622366705131,-0.009087492831162058,1.0,inf,0.008674622366705121,0.008674622366705121,0.0,inf,0.008674622366705121,0.008674622366705121,0.0,0.0,1.0,1,0,37.0
R1_relax_frequency_R02508,2025_05,2025-05-30 10:30:00+00:00,2025-06-01 00:00:00+00:00,0,0.0,1.0,1.0,0.0,0.0,0.0,0.0,0.0,0.0,0.0,0.0,0.0,0.0,0.0,0.0,0.0,0,0,0.0
R1_relax_frequency_R02508,2025_06,2025-06-01 00:00:00+00:00,2025-07-01 00:00:00+00:00,0,0.0,1.0,1.0,0.0,0.0,0.0,0.0,0.0,0.0,0.0,0.0,0.0,0.0,0.0,0.0,0.0,0,0,0.0
R1_relax_frequency_R02508,2025_07,2025-07-01 00:00:00+00:00,2025-08-01 00:00:00+00:00,0,0.0,1.0,1.0,0.0,0.0,0.0,0.0,0.0,0.0,0.0,0.0,0.0,0.0,0.0,0.0,0.0,0,0,0.0
R1_relax_frequency_R02508,2025_08,2025-08-01 00:00:00+00:00,2025-09-01 00:00:00+00:00,0,0.0,1.0,1.0,0.0,0.0,0.0,0.0,0.0,0.0,0.0,0.0,0.0,0.0,0.0,0.0,0.0,0,0,0.0
R1_relax_frequency_R02508,2025_09,2025-09-01 00:00:00+00:00,2025-10-01 00:00:00+00:00,0,0.0,1.0,1.0,0.0,0.0,0.0,0.0,0.0,0.0,0.0,0.0,0.0,0.0,0.0,0.0,0.0,0,0,0.0
R1_relax_frequency_R02508,2025_10,2025-10-01 00:00:00+00:00,2025-11-01 00:00:00+00:00,0,0.0,1.0,1.0,0.0,0.0,0.0,0.0,0.0,0.0,0.0,0.0,0.0,0.0,0.0,0.0,0.0,0,0,0.0
R1_relax_frequency_R02508,2025_11,2025-11-01 00:00:00+00:00,2025-12-01 00:00:00+00:00,1,0.03333333333333333,1.0044338140537372,1.055339341889575,0.004433814053737217,-0.005912667516551395,1.0,inf,0.004433814053737181,0.004433814053737181,0.0,inf,0.004433814053737181,0.004433814053737181,1.0,0.0,0.0,1,0,3.0
R1_relax_frequency_R02508,2025_12,2025-12-01 00:00:00+00:00,2026-01-01 00:00:00+00:00,0,0.0,1.0,1.0,0.0,0.0,0.0,0.0,0.0,0.0,0.0,0.0,0.0,0.0,0.0,0.0,0.0,0,0,0.0
R1_relax_frequency_R02508,2026_01,2026-01-01 00:00:00+00:00,2026-02-01 00:00:00+00:00,0,0.0,1.0,1.0,0.0,0.0,0.0,0.0,0.0,0.0,0.0,0.0,0.0,0.0,0.0,0.0,0.0,0,0,0.0
R1_relax_frequency_R02508,2026_02,2026-02-01 00:00:00+00:00,2026-03-01 00:00:00+00:00,1,0.03571428571428571,1.0044338140537372,1.0594073819663568,0.004433814053737217,-0.009802042566620428,1.0,inf,0.004433814053737181,0.004433814053737181,0.0,inf,0.004433814053737181,0.004433814053737181,1.0,0.0,0.0,1,0,2.0
R1_relax_frequency_R02508,2026_03,2026-03-01 00:00:00+00:00,2026-04-01 00:00:00+00:00,2,0.06451612903225806,1.0088872868145375,1.109877602477106,0.008887286814537543,-0.01443480053308821,1.0,inf,0.004433814053737181,0.004433814053737181,0.0,inf,0.004433814053737181,0.004433814053737181,1.0,0.0,0.0,2,0,6.0
R1_relax_frequency_R02508,2026_04,2026-04-01 00:00:00+00:00,2026-05-01 00:00:00+00:00,0,0.0,1.0,1.0,0.0,0.0,0.0,0.0,0.0,0.0,0.0,0.0,0.0,0.0,0.0,0.0,0.0,0,0,0.0
R1_relax_frequency_R02508,2026_05,2026-05-01 00:00:00+00:00,2026-06-01 00:00:00+00:00,0,0.0,1.0,1.0,0.0,0.0,0.0,0.0,0.0,0.0,0.0,0.0,0.0,0.0,0.0,0.0,0.0,0,0,0.0
R1_relax_frequency_R02508,2026_06,2026-06-01 00:00:00+00:00,2026-06-26 04:20:00+00:00,1,0.039713182570325425,1.0044338140537374,1.0662751208901078,0.004433814053737439,-0.016065767770066852,1.0,inf,0.004433814053737403,0.004433814053737403,0.0,inf,0.004433814053737403,0.004433814053737403,1.0,0.0,0.0,1,0,10.0
R1_relax_frequency_R06791,2025_05,2025-05-30 10:30:00+00:00,2025-06-01 00:00:00+00:00,0,0.0,1.0,1.0,0.0,0.0,0.0,0.0,0.0,0.0,0.0,0.0,0.0,0.0,0.0,0.0,0.0,0,0,0.0
R1_relax_frequency_R06791,2025_06,2025-06-01 00:00:00+00:00,2025-07-01 00:00:00+00:00,0,0.0,1.0,1.0,0.0,0.0,0.0,0.0,0.0,0.0,0.0,0.0,0.0,0.0,0.0,0.0,0.0,0,0,0.0
R1_relax_frequency_R06791,2025_07,2025-07-01 00:00:00+00:00,2025-08-01 00:00:00+00:00,0,0.0,1.0,1.0,0.0,0.0,0.0,0.0,0.0,0.0,0.0,0.0,0.0,0.0,0.0,0.0,0.0,0,0,0.0
R1_relax_frequency_R06791,2025_08,2025-08-01 00:00:00+00:00,2025-09-01 00:00:00+00:00,0,0.0,1.0,1.0,0.0,0.0,0.0,0.0,0.0,0.0,0.0,0.0,0.0,0.0,0.0,0.0,0.0,0,0,0.0
R1_relax_frequency_R06791,2025_09,2025-09-01 00:00:00+00:00,2025-10-01 00:00:00+00:00,0,0.0,1.0,1.0,0.0,0.0,0.0,0.0,0.0,0.0,0.0,0.0,0.0,0.0,0.0,0.0,0.0,0,0,0.0
R1_relax_frequency_R06791,2025_10,2025-10-01 00:00:00+00:00,2025-11-01 00:00:00+00:00,0,0.0,1.0,1.0,0.0,0.0,0.0,0.0,0.0,0.0,0.0,0.0,0.0,0.0,0.0,0.0,0.0,0,0,0.0
R1_relax_frequency_R06791,2025_11,2025-11-01 00:00:00+00:00,2025-12-01 00:00:00+00:00,0,0.0,1.0,1.0,0.0,0.0,0.0,0.0,0.0,0.0,0.0,0.0,0.0,0.0,0.0,0.0,0.0,0,0,0.0
R1_relax_frequency_R06791,2025_12,2025-12-01 00:00:00+00:00,2026-01-01 00:00:00+00:00,0,0.0,1.0,1.0,0.0,0.0,0.0,0.0,0.0,0.0,0.0,0.0,0.0,0.0,0.0,0.0,0.0,0,0,0.0
R1_relax_frequency_R06791,2026_01,2026-01-01 00:00:00+00:00,2026-02-01 00:00:00+00:00,0,0.0,1.0,1.0,0.0,0.0,0.0,0.0,0.0,0.0,0.0,0.0,0.0,0.0,0.0,0.0,0.0,0,0,0.0
R1_relax_frequency_R06791,2026_02,2026-02-01 00:00:00+00:00,2026-03-01 00:00:00+00:00,0,0.0,1.0,1.0,0.0,0.0,0.0,0.0,0.0,0.0,0.0,0.0,0.0,0.0,0.0,0.0,0.0,0,0,0.0
R1_relax_frequency_R06791,2026_03,2026-03-01 00:00:00+00:00,2026-04-01 00:00:00+00:00,1,0.03225806451612903,1.0018723071100162,1.0222840409522582,0.0018723071100161803,-0.006267790818814789,1.0,inf,0.0018723071100162762,0.0018723071100162762,0.0,inf,0.0018723071100162762,0.0018723071100162762,0.0,0.0,1.0,1,0,19.0
R1_relax_frequency_R06791,2026_04,2026-04-01 00:00:00+00:00,2026-05-01 00:00:00+00:00,0,0.0,1.0,1.0,0.0,0.0,0.0,0.0,0.0,0.0,0.0,0.0,0.0,0.0,0.0,0.0,0.0,0,0,0.0
R1_relax_frequency_R06791,2026_05,2026-05-01 00:00:00+00:00,2026-06-01 00:00:00+00:00,0,0.0,1.0,1.0,0.0,0.0,0.0,0.0,0.0,0.0,0.0,0.0,0.0,0.0,0.0,0.0,0.0,0,0,0.0
R1_relax_frequency_R06791,2026_06,2026-06-01 00:00:00+00:00,2026-06-26 04:20:00+00:00,2,0.07942636514065085,1.013888055931736,1.2214803566791756,0.013888055931736032,-0.012497210806570402,1.0,inf,0.006930151204945628,0.006930151204945628,0.0,inf,0.0024275437516241144,0.011432758658267142,0.5,0.0,0.5,2,0,13.5
R1_relax_frequency_M00066,2025_05,2025-05-30 10:30:00+00:00,2025-06-01 00:00:00+00:00,0,0.0,1.0,1.0,0.0,0.0,0.0,0.0,0.0,0.0,0.0,0.0,0.0,0.0,0.0,0.0,0.0,0,0,0.0
R1_relax_frequency_M00066,2025_06,2025-06-01 00:00:00+00:00,2025-07-01 00:00:00+00:00,0,0.0,1.0,1.0,0.0,0.0,0.0,0.0,0.0,0.0,0.0,0.0,0.0,0.0,0.0,0.0,0.0,0,0,0.0
R1_relax_frequency_M00066,2025_07,2025-07-01 00:00:00+00:00,2025-08-01 00:00:00+00:00,1,0.03225806451612903,1.001234296520238,1.0146399621206235,0.0012342965202380984,-0.008058569486205869,1.0,inf,0.0012342965202380629,0.0012342965202380629,0.0,inf,0.0012342965202380629,0.0012342965202380629,1.0,0.0,0.0,1,0,5.0
R1_relax_frequency_M00066,2025_08,2025-08-01 00:00:00+00:00,2025-09-01 00:00:00+00:00,0,0.0,1.0,1.0,0.0,0.0,0.0,0.0,0.0,0.0,0.0,0.0,0.0,0.0,0.0,0.0,0.0,0,0,0.0
R1_relax_frequency_M00066,2025_09,2025-09-01 00:00:00+00:00,2025-10-01 00:00:00+00:00,0,0.0,1.0,1.0,0.0,0.0,0.0,0.0,0.0,0.0,0.0,0.0,0.0,0.0,0.0,0.0,0.0,0,0,0.0
R1_relax_frequency_M00066,2025_10,2025-10-01 00:00:00+00:00,2025-11-01 00:00:00+00:00,1,0.03225806451612903,1.0012342965202383,1.0146399621206261,0.0012342965202383205,-0.021568226196423845,1.0,inf,0.001234296520238285,0.001234296520238285,0.0,inf,0.001234296520238285,0.001234296520238285,1.0,0.0,0.0,1,0,16.0
R1_relax_frequency_M00066,2025_11,2025-11-01 00:00:00+00:00,2025-12-01 00:00:00+00:00,0,0.0,1.0,1.0,0.0,0.0,0.0,0.0,0.0,0.0,0.0,0.0,0.0,0.0,0.0,0.0,0.0,0,0,0.0
R1_relax_frequency_M00066,2025_12,2025-12-01 00:00:00+00:00,2026-01-01 00:00:00+00:00,2,0.06451612903225806,1.002470116528376,1.0294942527321398,0.002470116528376032,-0.020215770855091963,1.0,inf,0.0012342965202380629,0.0012342965202380629,0.0,inf,0.0012342965202380629,0.0012342965202380629,1.0,0.0,0.0,2,0,8.0
R1_relax_frequency_M00066,2026_01,2026-01-01 00:00:00+00:00,2026-02-01 00:00:00+00:00,0,0.0,1.0,1.0,0.0,0.0,0.0,0.0,0.0,0.0,0.0,0.0,0.0,0.0,0.0,0.0,0.0,0,0,0.0
R1_relax_frequency_M00066,2026_02,2026-02-01 00:00:00+00:00,2026-03-01 00:00:00+00:00,0,0.0,1.0,1.0,0.0,0.0,0.0,0.0,0.0,0.0,0.0,0.0,0.0,0.0,0.0,0.0,0.0,0,0,0.0
R1_relax_frequency_M00066,2026_03,2026-03-01 00:00:00+00:00,2026-04-01 00:00:00+00:00,0,0.0,1.0,1.0,0.0,0.0,0.0,0.0,0.0,0.0,0.0,0.0,0.0,0.0,0.0,0.0,0.0,0,0,0.0
R1_relax_frequency_M00066,2026_04,2026-04-01 00:00:00+00:00,2026-05-01 00:00:00+00:00,1,0.03333333333333333,1.001234296520238,1.0151316347824972,0.0012342965202380984,-0.009317030433236728,1.0,inf,0.0012342965202380629,0.0012342965202380629,0.0,inf,0.0012342965202380629,0.0012342965202380629,1.0,0.0,0.0,1,0,9.0
R1_relax_frequency_M00066,2026_05,2026-05-01 00:00:00+00:00,2026-06-01 00:00:00+00:00,1,0.03225806451612903,1.001234296520238,1.0146399621206235,0.0012342965202380984,-0.001978686410718522,1.0,inf,0.0012342965202380629,0.0012342965202380629,0.0,inf,0.0012342965202380629,0.0012342965202380629,1.0,0.0,0.0,1,0,3.0
R1_relax_frequency_M00066,2026_06,2026-06-01 00:00:00+00:00,2026-06-26 04:20:00+00:00,1,0.039713182570325425,1.0012342965202383,1.0180537608309304,0.0012342965202383205,-0.009079110090887466,1.0,inf,0.001234296520238285,0.001234296520238285,0.0,inf,0.001234296520238285,0.001234296520238285,1.0,0.0,0.0,1,0,3.0
R1_relax_frequency_R02148,2025_05,2025-05-30 10:30:00+00:00,2025-06-01 00:00:00+00:00,0,0.0,1.0,1.0,0.0,0.0,0.0,0.0,0.0,0.0,0.0,0.0,0.0,0.0,0.0,0.0,0.0,0,0,0.0
R1_relax_frequency_R02148,2025_06,2025-06-01 00:00:00+00:00,2025-07-01 00:00:00+00:00,0,0.0,1.0,1.0,0.0,0.0,0.0,0.0,0.0,0.0,0.0,0.0,0.0,0.0,0.0,0.0,0.0,0,0,0.0
R1_relax_frequency_R02148,2025_07,2025-07-01 00:00:00+00:00,2025-08-01 00:00:00+00:00,1,0.03225806451612903,1.0044338140537372,1.0535072863901351,0.004433814053737217,-0.0017224818737351377,1.0,inf,0.004433814053737181,0.004433814053737181,0.0,inf,0.004433814053737181,0.004433814053737181,1.0,0.0,0.0,1,0,1.0
R1_relax_frequency_R02148,2025_08,2025-08-01 00:00:00+00:00,2025-09-01 00:00:00+00:00,0,0.0,1.0,1.0,0.0,0.0,0.0,0.0,0.0,0.0,0.0,0.0,0.0,0.0,0.0,0.0,0.0,0,0,0.0
R1_relax_frequency_R02148,2025_09,2025-09-01 00:00:00+00:00,2025-10-01 00:00:00+00:00,0,0.0,1.0,1.0,0.0,0.0,0.0,0.0,0.0,0.0,0.0,0.0,0.0,0.0,0.0,0.0,0.0,0,0,0.0
R1_relax_frequency_R02148,2025_10,2025-10-01 00:00:00+00:00,2025-11-01 00:00:00+00:00,0,0.0,1.0,1.0,0.0,0.0,0.0,0.0,0.0,0.0,0.0,0.0,0.0,0.0,0.0,0.0,0.0,0,0,0.0
R1_relax_frequency_R02148,2025_11,2025-11-01 00:00:00+00:00,2025-12-01 00:00:00+00:00,0,0.0,1.0,1.0,0.0,0.0,0.0,0.0,0.0,0.0,0.0,0.0,0.0,0.0,0.0,0.0,0.0,0,0,0.0
R1_relax_frequency_R02148,2025_12,2025-12-01 00:00:00+00:00,2026-01-01 00:00:00+00:00,0,0.0,1.0,1.0,0.0,0.0,0.0,0.0,0.0,0.0,0.0,0.0,0.0,0.0,0.0,0.0,0.0,0,0,0.0
R1_relax_frequency_R02148,2026_01,2026-01-01 00:00:00+00:00,2026-02-01 00:00:00+00:00,0,0.0,1.0,1.0,0.0,0.0,0.0,0.0,0.0,0.0,0.0,0.0,0.0,0.0,0.0,0.0,0.0,0,0,0.0
R1_relax_frequency_R02148,2026_02,2026-02-01 00:00:00+00:00,2026-03-01 00:00:00+00:00,0,0.0,1.0,1.0,0.0,0.0,0.0,0.0,0.0,0.0,0.0,0.0,0.0,0.0,0.0,0.0,0.0,0,0,0.0
R1_relax_frequency_R02148,2026_03,2026-03-01 00:00:00+00:00,2026-04-01 00:00:00+00:00,1,0.03225806451612903,1.0044338140537372,1.0535072863901351,0.004433814053737217,-0.011376633934422009,1.0,inf,0.004433814053737181,0.004433814053737181,0.0,inf,0.004433814053737181,0.004433814053737181,1.0,0.0,0.0,1,0,10.0
R1_relax_frequency_R02148,2026_04,2026-04-01 00:00:00+00:00,2026-05-01 00:00:00+00:00,0,0.0,1.0,1.0,0.0,0.0,0.0,0.0,0.0,0.0,0.0,0.0,0.0,0.0,0.0,0.0,0.0,0,0,0.0
R1_relax_frequency_R02148,2026_05,2026-05-01 00:00:00+00:00,2026-06-01 00:00:00+00:00,1,0.03225806451612903,1.0044338140537374,1.0535072863901378,0.004433814053737439,-0.011215166378880426,1.0,inf,0.004433814053737403,0.004433814053737403,0.0,inf,0.004433814053737403,0.004433814053737403,1.0,0.0,0.0,1,0,15.0
R1_relax_frequency_R02148,2026_06,2026-06-01 00:00:00+00:00,2026-06-26 04:20:00+00:00,1,0.039713182570325425,1.0044338140537372,1.0662751208901045,0.004433814053737217,-0.027535029949523948,1.0,inf,0.004433814053737181,0.004433814053737181,0.0,inf,0.004433814053737181,0.004433814053737181,1.0,0.0,0.0,1,0,19.0
R1_relax_frequency_R02587,2025_05,2025-05-30 10:30:00+00:00,2025-06-01 00:00:00+00:00,0,0.0,1.0,1.0,0.0,0.0,0.0,0.0,0.0,0.0,0.0,0.0,0.0,0.0,0.0,0.0,0.0,0,0,0.0
R1_relax_frequency_R02587,2025_06,2025-06-01 00:00:00+00:00,2025-07-01 00:00:00+00:00,1,0.03333333333333333,1.0114327586582672,1.1484396155224614,0.011432758658267206,-0.014166942542399252,1.0,inf,0.011432758658267142,0.011432758658267142,0.0,inf,0.011432758658267142,0.011432758658267142,1.0,0.0,0.0,1,0,47.0
R1_relax_frequency_R02587,2025_07,2025-07-01 00:00:00+00:00,2025-08-01 00:00:00+00:00,0,0.0,1.0,1.0,0.0,0.0,0.0,0.0,0.0,0.0,0.0,0.0,0.0,0.0,0.0,0.0,0.0,0,0,0.0
R1_relax_frequency_R02587,2025_08,2025-08-01 00:00:00+00:00,2025-09-01 00:00:00+00:00,1,0.03225806451612903,1.011432758658267,1.1433236630073533,0.011432758658266984,-0.007832969648959187,1.0,inf,0.01143275865826692,0.01143275865826692,0.0,inf,0.01143275865826692,0.01143275865826692,1.0,0.0,0.0,1,0,11.0
R1_relax_frequency_R02587,2025_09,2025-09-01 00:00:00+00:00,2025-10-01 00:00:00+00:00,0,0.0,1.0,1.0,0.0,0.0,0.0,0.0,0.0,0.0,0.0,0.0,0.0,0.0,0.0,0.0,0.0,0,0,0.0
R1_relax_frequency_R02587,2025_10,2025-10-01 00:00:00+00:00,2025-11-01 00:00:00+00:00,0,0.0,1.0,1.0,0.0,0.0,0.0,0.0,0.0,0.0,0.0,0.0,0.0,0.0,0.0,0.0,0.0,0,0,0.0
R1_relax_frequency_R02587,2025_11,2025-11-01 00:00:00+00:00,2025-12-01 00:00:00+00:00,0,0.0,1.0,1.0,0.0,0.0,0.0,0.0,0.0,0.0,0.0,0.0,0.0,0.0,0.0,0.0,0.0,0,0,0.0
R1_relax_frequency_R02587,2025_12,2025-12-01 00:00:00+00:00,2026-01-01 00:00:00+00:00,1,0.03225806451612903,1.011432758658267,1.1433236630073533,0.011432758658266984,-0.01919577447125609,1.0,inf,0.01143275865826692,0.01143275865826692,0.0,inf,0.01143275865826692,0.01143275865826692,1.0,0.0,0.0,1,0,87.0
R1_relax_frequency_R02587,2026_01,2026-01-01 00:00:00+00:00,2026-02-01 00:00:00+00:00,0,0.0,1.0,1.0,0.0,0.0,0.0,0.0,0.0,0.0,0.0,0.0,0.0,0.0,0.0,0.0,0.0,0,0,0.0
R1_relax_frequency_R02587,2026_02,2026-02-01 00:00:00+00:00,2026-03-01 00:00:00+00:00,1,0.03571428571428571,1.0114327586582672,1.1598494088415998,0.011432758658267206,-0.002818805355811471,1.0,inf,0.011432758658267142,0.011432758658267142,0.0,inf,0.011432758658267142,0.011432758658267142,1.0,0.0,0.0,1,0,2.0
R1_relax_frequency_R02587,2026_03,2026-03-01 00:00:00+00:00,2026-04-01 00:00:00+00:00,2,0.06451612903225806,1.0229962252870723,1.3071889983925549,0.022996225287072347,-0.01416816240111285,1.0,inf,0.01143275865826703,0.01143275865826703,0.0,inf,0.01143275865826692,0.011432758658267142,1.0,0.0,0.0,2,0,28.5
R1_relax_frequency_R02587,2026_04,2026-04-01 00:00:00+00:00,2026-05-01 00:00:00+00:00,1,0.03333333333333333,0.99399217043509,0.9292607222208272,-0.006007829564909972,-0.010675785323952747,0.0,0.0,-0.006007829564909917,0.0,0.006007829564909917,0.0,-0.006007829564909917,-0.006007829564909917,0.0,0.0,1.0,1,0,97.0
R1_relax_frequency_R02587,2026_05,2026-05-01 00:00:00+00:00,2026-06-01 00:00:00+00:00,1,0.03225806451612903,1.011432758658267,1.1433236630073533,0.011432758658266984,-0.011215166378880426,1.0,inf,0.01143275865826692,0.01143275865826692,0.0,inf,0.01143275865826692,0.01143275865826692,1.0,0.0,0.0,1,0,23.0
R1_relax_frequency_R02587,2026_06,2026-06-01 00:00:00+00:00,2026-06-26 04:20:00+00:00,1,0.039713182570325425,1.0114327586582672,1.179268223027844,0.011432758658267206,-0.008667411087357801,1.0,inf,0.011432758658267142,0.011432758658267142,0.0,inf,0.011432758658267142,0.011432758658267142,1.0,0.0,0.0,1,0,8.0
R1_relax_frequency_R06255,2025_05,2025-05-30 10:30:00+00:00,2025-06-01 00:00:00+00:00,0,0.0,1.0,1.0,0.0,0.0,0.0,0.0,0.0,0.0,0.0,0.0,0.0,0.0,0.0,0.0,0.0,0,0,0.0
R1_relax_frequency_R06255,2025_06,2025-06-01 00:00:00+00:00,2025-07-01 00:00:00+00:00,0,0.0,1.0,1.0,0.0,0.0,0.0,0.0,0.0,0.0,0.0,0.0,0.0,0.0,0.0,0.0,0.0,0,0,0.0
R1_relax_frequency_R06255,2025_07,2025-07-01 00:00:00+00:00,2025-08-01 00:00:00+00:00,2,0.06451612903225806,1.0108968512625844,1.1362064449443003,0.01089685126258444,-0.014301586131474697,1.0,inf,0.005433663282955905,0.005433663282955905,0.0,inf,0.005433663282955905,0.005433663282955905,1.0,0.0,0.0,2,0,4.0
R1_relax_frequency_R06255,2025_08,2025-08-01 00:00:00+00:00,2025-09-01 00:00:00+00:00,1,0.03225806451612903,1.005433663282956,1.065929849917104,0.005433663282955914,-0.006286817006192824,1.0,inf,0.005433663282955905,0.005433663282955905,0.0,inf,0.005433663282955905,0.005433663282955905,1.0,0.0,0.0,1,0,1.0
R1_relax_frequency_R06255,2025_09,2025-09-01 00:00:00+00:00,2025-10-01 00:00:00+00:00,3,0.1,1.0032046821305618,1.0397232995600145,0.003204682130561798,-0.012000837925107866,0.6666666666666666,1.428172732368655,0.0010860247745970424,0.005433663282955905,0.007609252242120683,0.7140863661843275,-0.007609252242120683,0.005433663282955905,0.6666666666666666,0.0,0.3333333333333333,3,0,20.666666666666668
R1_relax_frequency_R06255,2025_10,2025-10-01 00:00:00+00:00,2025-11-01 00:00:00+00:00,0,0.0,1.0,1.0,0.0,0.0,0.0,0.0,0.0,0.0,0.0,0.0,0.0,0.0,0.0,0.0,0.0,0,0,0.0
R1_relax_frequency_R06255,2025_11,2025-11-01 00:00:00+00:00,2025-12-01 00:00:00+00:00,0,0.0,1.0,1.0,0.0,0.0,0.0,0.0,0.0,0.0,0.0,0.0,0.0,0.0,0.0,0.0,0.0,0,0,0.0
R1_relax_frequency_R06255,2025_12,2025-12-01 00:00:00+00:00,2026-01-01 00:00:00+00:00,1,0.03225806451612903,1.005433663282956,1.065929849917104,0.005433663282955914,-0.0017351554350020226,1.0,inf,0.005433663282955905,0.005433663282955905,0.0,inf,0.005433663282955905,0.005433663282955905,1.0,0.0,0.0,1,0,2.0
R1_relax_frequency_R06255,2026_01,2026-01-01 00:00:00+00:00,2026-02-01 00:00:00+00:00,0,0.0,1.0,1.0,0.0,0.0,0.0,0.0,0.0,0.0,0.0,0.0,0.0,0.0,0.0,0.0,0.0,0,0,0.0
R1_relax_frequency_R06255,2026_02,2026-02-01 00:00:00+00:00,2026-03-01 00:00:00+00:00,1,0.03571428571428571,1.005433663282956,1.0732466664793494,0.005433663282955914,-0.00488775175552969,1.0,inf,0.005433663282955905,0.005433663282955905,0.0,inf,0.005433663282955905,0.005433663282955905,1.0,0.0,0.0,1,0,6.0
R1_relax_frequency_R06255,2026_03,2026-03-01 00:00:00+00:00,2026-04-01 00:00:00+00:00,0,0.0,1.0,1.0,0.0,0.0,0.0,0.0,0.0,0.0,0.0,0.0,0.0,0.0,0.0,0.0,0.0,0,0,0.0
R1_relax_frequency_R06255,2026_04,2026-04-01 00:00:00+00:00,2026-05-01 00:00:00+00:00,1,0.03333333333333333,1.005433663282956,1.0682008314668867,0.005433663282955914,-0.005281737905759587,1.0,inf,0.005433663282955905,0.005433663282955905,0.0,inf,0.005433663282955905,0.005433663282955905,1.0,0.0,0.0,1,0,27.0
R1_relax_frequency_R06255,2026_05,2026-05-01 00:00:00+00:00,2026-06-01 00:00:00+00:00,0,0.0,1.0,1.0,0.0,0.0,0.0,0.0,0.0,0.0,0.0,0.0,0.0,0.0,0.0,0.0,0.0,0,0,0.0
R1_relax_frequency_R06255,2026_06,2026-06-01 00:00:00+00:00,2026-06-26 04:20:00+00:00,1,0.039713182570325425,1.005433663282956,1.0817750218620021,0.005433663282955914,-0.006067394744478594,1.0,inf,0.005433663282955905,0.005433663282955905,0.0,inf,0.005433663282955905,0.005433663282955905,1.0,0.0,0.0,1,0,3.0
R1_relax_frequency_R02729,2025_05,2025-05-30 10:30:00+00:00,2025-06-01 00:00:00+00:00,0,0.0,1.0,1.0,0.0,0.0,0.0,0.0,0.0,0.0,0.0,0.0,0.0,0.0,0.0,0.0,0.0,0,0,0.0
R1_relax_frequency_R02729,2025_06,2025-06-01 00:00:00+00:00,2025-07-01 00:00:00+00:00,1,0.03333333333333333,1.015432155575141,1.204966170100901,0.015432155575141104,-0.001815965245509088,1.0,inf,0.01543215557514115,0.01543215557514115,0.0,inf,0.01543215557514115,0.01543215557514115,1.0,0.0,0.0,1,0,6.0
R1_relax_frequency_R02729,2025_07,2025-07-01 00:00:00+00:00,2025-08-01 00:00:00+00:00,2,0.06451612903225806,1.000313220278658,1.0036966802442215,0.0003132202786579885,-0.019136802719607715,0.5,1.0364689505934719,0.0002714960823951094,0.01543215557514115,0.01488916341035093,1.0364689505934719,-0.01488916341035093,0.01543215557514115,0.5,0.0,0.5,2,0,30.5
R1_relax_frequency_R02729,2025_08,2025-08-01 00:00:00+00:00,2025-09-01 00:00:00+00:00,1,0.03225806451612903,0.9911954314357524,0.901047701227835,-0.008804568564247606,-0.0248160433837592,0.0,0.0,-0.008804568564247646,0.0,0.008804568564247646,0.0,-0.008804568564247646,-0.008804568564247646,0.0,0.0,1.0,1,0,37.0
R1_relax_frequency_R02729,2025_09,2025-09-01 00:00:00+00:00,2025-10-01 00:00:00+00:00,2,0.06666666666666667,1.0311024625759775,1.4519434710876318,0.031102462575977485,-0.016561507087210825,1.0,inf,0.01543215557514115,0.01543215557514115,0.0,inf,0.01543215557514115,0.01543215557514115,1.0,0.0,0.0,2,0,19.5
R1_relax_frequency_R02729,2025_10,2025-10-01 00:00:00+00:00,2025-11-01 00:00:00+00:00,2,0.06451612903225806,1.0246509942548245,1.332320647439548,0.024650994254824532,-0.020611099321660498,1.0,inf,0.012255444907800237,0.012255444907800237,0.0,inf,0.009078734240459324,0.01543215557514115,0.5,0.0,0.5,2,0,22.5
R1_relax_frequency_R02729,2025_11,2025-11-01 00:00:00+00:00,2025-12-01 00:00:00+00:00,1,0.03333333333333333,0.98643320479892,0.8467867199710423,-0.01356679520107995,-0.022735667261566284,0.0,0.0,-0.013566795201079932,0.0,0.013566795201079932,0.0,-0.013566795201079932,-0.013566795201079932,0.0,0.0,1.0,1,0,37.0
R1_relax_frequency_R02729,2025_12,2025-12-01 00:00:00+00:00,2026-01-01 00:00:00+00:00,1,0.03225806451612903,1.015432155575141,1.1977405748298924,0.015432155575141104,-0.01114356574655595,1.0,inf,0.01543215557514115,0.01543215557514115,0.0,inf,0.01543215557514115,0.01543215557514115,1.0,0.0,0.0,1,0,1.0
R1_relax_frequency_R02729,2026_01,2026-01-01 00:00:00+00:00,2026-02-01 00:00:00+00:00,1,0.03225806451612903,1.015432155575141,1.1977405748298924,0.015432155575141104,-0.00148651121593657,1.0,inf,0.01543215557514115,0.01543215557514115,0.0,inf,0.01543215557514115,0.01543215557514115,1.0,0.0,0.0,1,0,16.0
R1_relax_frequency_R02729,2026_02,2026-02-01 00:00:00+00:00,2026-03-01 00:00:00+00:00,1,0.03571428571428571,1.015432155575141,1.2211212031164353,0.015432155575141104,-0.0038554256604864667,1.0,inf,0.01543215557514115,0.01543215557514115,0.0,inf,0.01543215557514115,0.01543215557514115,1.0,0.0,0.0,1,0,9.0
R1_relax_frequency_R02729,2026_03,2026-03-01 00:00:00+00:00,2026-04-01 00:00:00+00:00,4,0.12903225806451613,1.0631722883302452,2.058026905103438,0.06317228833024524,-0.011072681947654872,1.0,inf,0.01543215557514115,0.01543215557514115,0.0,inf,0.01543215557514115,0.01543215557514115,1.0,0.0,0.0,4,0,7.25
R1_relax_frequency_R02729,2026_04,2026-04-01 00:00:00+00:00,2026-05-01 00:00:00+00:00,1,0.03333333333333333,0.9978992424147688,0.97472136673663,-0.0021007575852312055,-0.010477276750884612,0.0,0.0,-0.002100757585231186,0.0,0.002100757585231186,0.0,-0.002100757585231186,-0.002100757585231186,0.0,0.0,1.0,1,0,37.0
R1_relax_frequency_R02729,2026_05,2026-05-01 00:00:00+00:00,2026-06-01 00:00:00+00:00,3,0.0967741935483871,1.0196997981204545,1.2584130622860683,0.019699798120454526,-0.009297743068213404,0.6666666666666666,18.261560442509726,0.006547007947739994,0.010389435684575545,0.0011378475259311083,9.130780221254863,-0.0011378475259311083,0.01543215557514115,0.3333333333333333,0.0,0.6666666666666666,3,0,26.333333333333332
R1_relax_frequency_R02729,2026_06,2026-06-01 00:00:00+00:00,2026-06-26 04:20:00+00:00,2,0.07942636514065085,1.0242406460637647,1.4154143651333757,0.024240646063764748,-0.00908749283116217,1.0,inf,0.012053388970923135,0.012053388970923135,0.0,inf,0.008674622366705121,0.01543215557514115,0.5,0.0,0.5,2,0,24.0
R1_relax_frequency_R02910,2025_05,2025-05-30 10:30:00+00:00,2025-06-01 00:00:00+00:00,0,0.0,1.0,1.0,0.0,0.0,0.0,0.0,0.0,0.0,0.0,0.0,0.0,0.0,0.0,0.0,0.0,0,0,0.0
R1_relax_frequency_R02910,2025_06,2025-06-01 00:00:00+00:00,2025-07-01 00:00:00+00:00,0,0.0,1.0,1.0,0.0,0.0,0.0,0.0,0.0,0.0,0.0,0.0,0.0,0.0,0.0,0.0,0.0,0,0,0.0
R1_relax_frequency_R02910,2025_07,2025-07-01 00:00:00+00:00,2025-08-01 00:00:00+00:00,1,0.03225806451612903,1.015432155575141,1.1977405748298924,0.015432155575141104,-0.00423456573880554,1.0,inf,0.01543215557514115,0.01543215557514115,0.0,inf,0.01543215557514115,0.01543215557514115,1.0,0.0,0.0,1,0,20.0
R1_relax_frequency_R02910,2025_08,2025-08-01 00:00:00+00:00,2025-09-01 00:00:00+00:00,1,0.03225806451612903,1.0044981270978774,1.054302335097125,0.004498127097877447,-0.0164306955227268,1.0,inf,0.004498127097877357,0.004498127097877357,0.0,inf,0.004498127097877357,0.004498127097877357,0.0,0.0,1.0,1,0,37.0
R1_relax_frequency_R02910,2025_09,2025-09-01 00:00:00+00:00,2025-10-01 00:00:00+00:00,0,0.0,1.0,1.0,0.0,0.0,0.0,0.0,0.0,0.0,0.0,0.0,0.0,0.0,0.0,0.0,0.0,0,0,0.0
R1_relax_frequency_R02910,2025_10,2025-10-01 00:00:00+00:00,2025-11-01 00:00:00+00:00,0,0.0,1.0,1.0,0.0,0.0,0.0,0.0,0.0,0.0,0.0,0.0,0.0,0.0,0.0,0.0,0.0,0,0,0.0
R1_relax_frequency_R02910,2025_11,2025-11-01 00:00:00+00:00,2025-12-01 00:00:00+00:00,0,0.0,1.0,1.0,0.0,0.0,0.0,0.0,0.0,0.0,0.0,0.0,0.0,0.0,0.0,0.0,0.0,0,0,0.0
R1_relax_frequency_R02910,2025_12,2025-12-01 00:00:00+00:00,2026-01-01 00:00:00+00:00,1,0.03225806451612903,1.0030702987283522,1.0367798703485889,0.003070298728352183,-0.002613242935347704,1.0,inf,0.0030702987283521403,0.0030702987283521403,0.0,inf,0.0030702987283521403,0.0030702987283521403,0.0,0.0,1.0,1,0,37.0
R1_relax_frequency_R02910,2026_01,2026-01-01 00:00:00+00:00,2026-02-01 00:00:00+00:00,1,0.03225806451612903,1.0059374237315775,1.072239441248635,0.0059374237315774625,-0.001763670471454204,1.0,inf,0.005937423731577388,0.005937423731577388,0.0,inf,0.005937423731577388,0.005937423731577388,0.0,0.0,1.0,1,0,37.0
R1_relax_frequency_R02910,2026_02,2026-02-01 00:00:00+00:00,2026-03-01 00:00:00+00:00,1,0.03571428571428571,1.015432155575141,1.2211212031164353,0.015432155575141104,-0.008604764066969417,1.0,inf,0.01543215557514115,0.01543215557514115,0.0,inf,0.01543215557514115,0.01543215557514115,1.0,0.0,0.0,1,0,18.0
R1_relax_frequency_R02910,2026_03,2026-03-01 00:00:00+00:00,2026-04-01 00:00:00+00:00,1,0.03225806451612903,1.015432155575141,1.1977405748298924,0.015432155575141104,-0.0039240461070210175,1.0,inf,0.01543215557514115,0.01543215557514115,0.0,inf,0.01543215557514115,0.01543215557514115,1.0,0.0,0.0,1,0,7.0
R1_relax_frequency_R02910,2026_04,2026-04-01 00:00:00+00:00,2026-05-01 00:00:00+00:00,1,0.03333333333333333,0.9963179503294949,0.9560819105515104,-0.0036820496705051164,-0.008912671690233132,0.0,0.0,-0.0036820496705050614,0.0,0.0036820496705050614,0.0,-0.0036820496705050614,-0.0036820496705050614,0.0,0.0,1.0,1,0,37.0
R1_relax_frequency_R02910,2026_05,2026-05-01 00:00:00+00:00,2026-06-01 00:00:00+00:00,0,0.0,1.0,1.0,0.0,0.0,0.0,0.0,0.0,0.0,0.0,0.0,0.0,0.0,0.0,0.0,0.0,0,0,0.0
R1_relax_frequency_R02910,2026_06,2026-06-01 00:00:00+00:00,2026-06-26 04:20:00+00:00,1,0.039713182570325425,1.0086746223667051,1.1334712894994736,0.008674622366705131,-0.009087492831162058,1.0,inf,0.008674622366705121,0.008674622366705121,0.0,inf,0.008674622366705121,0.008674622366705121,0.0,0.0,1.0,1,0,37.0
R2_relax_winrate_payoff_R01209,2025_05,2025-05-30 10:30:00+00:00,2025-06-01 00:00:00+00:00,0,0.0,1.0,1.0,0.0,0.0,0.0,0.0,0.0,0.0,0.0,0.0,0.0,0.0,0.0,0.0,0.0,0,0,0.0
R2_relax_winrate_payoff_R01209,2025_06,2025-06-01 00:00:00+00:00,2025-07-01 00:00:00+00:00,0,0.0,1.0,1.0,0.0,0.0,0.0,0.0,0.0,0.0,0.0,0.0,0.0,0.0,0.0,0.0,0.0,0,0,0.0
R2_relax_winrate_payoff_R01209,2025_07,2025-07-01 00:00:00+00:00,2025-08-01 00:00:00+00:00,1,0.03225806451612903,1.0110551957571288,1.1383051368014616,0.011055195757128766,-0.0017493317142779352,1.0,inf,0.01105519575712885,0.01105519575712885,0.0,inf,0.01105519575712885,0.01105519575712885,0.0,0.0,1.0,1,0,19.0
R2_relax_winrate_payoff_R01209,2025_08,2025-08-01 00:00:00+00:00,2025-09-01 00:00:00+00:00,0,0.0,1.0,1.0,0.0,0.0,0.0,0.0,0.0,0.0,0.0,0.0,0.0,0.0,0.0,0.0,0.0,0,0,0.0
R2_relax_winrate_payoff_R01209,2025_09,2025-09-01 00:00:00+00:00,2025-10-01 00:00:00+00:00,1,0.03333333333333333,1.0294300447842006,1.4235296559050432,0.029430044784200637,-0.003870800672765018,1.0,inf,0.029430044784200624,0.029430044784200624,0.0,inf,0.029430044784200624,0.029430044784200624,1.0,0.0,0.0,1,0,18.0
R2_relax_winrate_payoff_R01209,2025_10,2025-10-01 00:00:00+00:00,2025-11-01 00:00:00+00:00,1,0.03225806451612903,1.011118659183726,1.1391472739942383,0.01111865918372601,-0.005839139320925502,1.0,inf,0.011118659183726086,0.011118659183726086,0.0,inf,0.011118659183726086,0.011118659183726086,0.0,0.0,1.0,1,0,19.0
R2_relax_winrate_payoff_R01209,2025_11,2025-11-01 00:00:00+00:00,2025-12-01 00:00:00+00:00,1,0.03333333333333333,0.9834369802401481,0.8159979437916993,-0.01656301975985186,-0.017392608386663677,0.0,0.0,-0.016563019759851808,0.0,0.016563019759851808,0.0,-0.016563019759851808,-0.016563019759851808,0.0,1.0,0.0,1,0,18.0
R2_relax_winrate_payoff_R01209,2025_12,2025-12-01 00:00:00+00:00,2026-01-01 00:00:00+00:00,1,0.03225806451612903,1.0010585811548003,1.0125439023852814,0.0010585811548002866,-0.0018889154014405385,1.0,inf,0.0010585811548002428,0.0010585811548002428,0.0,inf,0.0010585811548002428,0.0010585811548002428,0.0,0.0,1.0,1,0,19.0
R2_relax_winrate_payoff_R01209,2026_01,2026-01-01 00:00:00+00:00,2026-02-01 00:00:00+00:00,1,0.03225806451612903,1.0077128222916265,1.094749757255253,0.007712822291626509,-0.0015328050406697713,1.0,inf,0.0077128222916264715,0.0077128222916264715,0.0,inf,0.0077128222916264715,0.0077128222916264715,0.0,0.0,1.0,1,0,19.0
R2_relax_winrate_payoff_R01209,2026_02,2026-02-01 00:00:00+00:00,2026-03-01 00:00:00+00:00,0,0.0,1.0,1.0,0.0,0.0,0.0,0.0,0.0,0.0,0.0,0.0,0.0,0.0,0.0,0.0,0.0,0,0,0.0
R2_relax_winrate_payoff_R01209,2026_03,2026-03-01 00:00:00+00:00,2026-04-01 00:00:00+00:00,2,0.06451612903225806,1.0499518402064347,1.7759187280216568,0.04995184020643473,-0.011072681947654872,1.0,inf,0.024682574595482988,0.024682574595482988,0.0,inf,0.019935104406765356,0.029430044784200624,0.5,0.0,0.5,2,0,14.0
R2_relax_winrate_payoff_R01209,2026_04,2026-04-01 00:00:00+00:00,2026-05-01 00:00:00+00:00,3,0.1,0.9940619616462644,0.9300554066616803,-0.005938038353735631,-0.011927634010251431,0.3333333333333333,0.3628425344207285,-0.00197498858741852,0.003374094646412616,0.004649530204334088,0.725685068841457,-0.00648701819470692,0.003374094646412616,0.0,0.0,1.0,3,0,19.0
R2_relax_winrate_payoff_R01209,2026_05,2026-05-01 00:00:00+00:00,2026-06-01 00:00:00+00:00,1,0.03225806451612903,1.0294300447842006,1.407405396764594,0.029430044784200637,-0.005306000483884854,1.0,inf,0.029430044784200624,0.029430044784200624,0.0,inf,0.029430044784200624,0.029430044784200624,1.0,0.0,0.0,1,0,13.0
R2_relax_winrate_payoff_R01209,2026_06,2026-06-01 00:00:00+00:00,2026-06-26 04:20:00+00:00,4,0.1588527302813017,1.025022533167576,1.43116835733919,0.025022533167575967,-0.016999847510307253,0.75,8.184985333259426,0.006236788991042236,0.009473093133447297,0.003472123436172947,2.728328444419809,-0.003472123436172947,0.020585330062966156,0.0,0.0,1.0,4,0,19.0
R2_relax_winrate_payoff_R02369,2025_05,2025-05-30 10:30:00+00:00,2025-06-01 00:00:00+00:00,0,0.0,1.0,1.0,0.0,0.0,0.0,0.0,0.0,0.0,0.0,0.0,0.0,0.0,0.0,0.0,0.0,0,0,0.0
R2_relax_winrate_payoff_R02369,2025_06,2025-06-01 00:00:00+00:00,2025-07-01 00:00:00+00:00,1,0.03333333333333333,1.0116802272035712,1.1518653518725162,0.011680227203571203,-0.001815965245509088,1.0,inf,0.011680227203571297,0.011680227203571297,0.0,inf,0.011680227203571297,0.011680227203571297,0.0,0.0,1.0,1,0,13.0
R2_relax_winrate_payoff_R02369,2025_07,2025-07-01 00:00:00+00:00,2025-08-01 00:00:00+00:00,1,0.03225806451612903,1.0012957260271438,1.0153736738476529,0.0012957260271437843,-0.003934594245555645,1.0,inf,0.001295726027143887,0.001295726027143887,0.0,inf,0.001295726027143887,0.001295726027143887,0.0,0.0,1.0,1,0,13.0
R2_relax_winrate_payoff_R02369,2025_08,2025-08-01 00:00:00+00:00,2025-09-01 00:00:00+00:00,1,0.03225806451612903,0.9925042389931891,0.915166140816457,-0.00749576100681093,-0.021852197829762,0.0,0.0,-0.007495761006810923,0.0,0.007495761006810923,0.0,-0.007495761006810923,-0.007495761006810923,0.0,0.0,1.0,1,0,13.0
R2_relax_winrate_payoff_R02369,2025_09,2025-09-01 00:00:00+00:00,2025-10-01 00:00:00+00:00,0,0.0,1.0,1.0,0.0,0.0,0.0,0.0,0.0,0.0,0.0,0.0,0.0,0.0,0.0,0.0,0.0,0,0,0.0
R2_relax_winrate_payoff_R02369,2025_10,2025-10-01 00:00:00+00:00,2025-11-01 00:00:00+00:00,0,0.0,1.0,1.0,0.0,0.0,0.0,0.0,0.0,0.0,0.0,0.0,0.0,0.0,0.0,0.0,0.0,0,0,0.0
R2_relax_winrate_payoff_R02369,2025_11,2025-11-01 00:00:00+00:00,2025-12-01 00:00:00+00:00,0,0.0,1.0,1.0,0.0,0.0,0.0,0.0,0.0,0.0,0.0,0.0,0.0,0.0,0.0,0.0,0.0,0,0,0.0
R2_relax_winrate_payoff_R02369,2025_12,2025-12-01 00:00:00+00:00,2026-01-01 00:00:00+00:00,0,0.0,1.0,1.0,0.0,0.0,0.0,0.0,0.0,0.0,0.0,0.0,0.0,0.0,0.0,0.0,0.0,0,0,0.0
R2_relax_winrate_payoff_R02369,2026_01,2026-01-01 00:00:00+00:00,2026-02-01 00:00:00+00:00,0,0.0,1.0,1.0,0.0,0.0,0.0,0.0,0.0,0.0,0.0,0.0,0.0,0.0,0.0,0.0,0.0,0,0,0.0
R2_relax_winrate_payoff_R02369,2026_02,2026-02-01 00:00:00+00:00,2026-03-01 00:00:00+00:00,0,0.0,1.0,1.0,0.0,0.0,0.0,0.0,0.0,0.0,0.0,0.0,0.0,0.0,0.0,0.0,0.0,0,0,0.0
R2_relax_winrate_payoff_R02369,2026_03,2026-03-01 00:00:00+00:00,2026-04-01 00:00:00+00:00,1,0.03225806451612903,1.0324295924718558,1.4564894076401598,0.03242959247185584,-0.011072681947654872,1.0,inf,0.03242959247185591,0.03242959247185591,0.0,inf,0.03242959247185591,0.03242959247185591,1.0,0.0,0.0,1,0,9.0
R2_relax_winrate_payoff_R02369,2026_04,2026-04-01 00:00:00+00:00,2026-05-01 00:00:00+00:00,0,0.0,1.0,1.0,0.0,0.0,0.0,0.0,0.0,0.0,0.0,0.0,0.0,0.0,0.0,0.0,0.0,0,0,0.0
R2_relax_winrate_payoff_R02369,2026_05,2026-05-01 00:00:00+00:00,2026-06-01 00:00:00+00:00,1,0.03225806451612903,1.0067970248377724,1.0830849021164572,0.006797024837772447,-0.009297743068213515,1.0,inf,0.006797024837772406,0.006797024837772406,0.0,inf,0.006797024837772406,0.006797024837772406,0.0,0.0,1.0,1,0,13.0
R2_relax_winrate_payoff_R02369,2026_06,2026-06-01 00:00:00+00:00,2026-06-26 04:20:00+00:00,1,0.039713182570325425,1.0112898822707224,1.1768541703759803,0.011289882270722362,-0.008667411087357801,1.0,inf,0.011289882270722381,0.011289882270722381,0.0,inf,0.011289882270722381,0.011289882270722381,0.0,0.0,1.0,1,0,13.0
R1_relax_frequency_R01776,2025_05,2025-05-30 10:30:00+00:00,2025-06-01 00:00:00+00:00,0,0.0,1.0,1.0,0.0,0.0,0.0,0.0,0.0,0.0,0.0,0.0,0.0,0.0,0.0,0.0,0.0,0,0,0.0
R1_relax_frequency_R01776,2025_06,2025-06-01 00:00:00+00:00,2025-07-01 00:00:00+00:00,0,0.0,1.0,1.0,0.0,0.0,0.0,0.0,0.0,0.0,0.0,0.0,0.0,0.0,0.0,0.0,0.0,0,0,0.0
R1_relax_frequency_R01776,2025_07,2025-07-01 00:00:00+00:00,2025-08-01 00:00:00+00:00,1,0.03225806451612903,1.0044338140537372,1.0535072863901351,0.004433814053737217,-0.003934594245555645,1.0,inf,0.004433814053737181,0.004433814053737181,0.0,inf,0.004433814053737181,0.004433814053737181,1.0,0.0,0.0,1,0,1.0
R1_relax_frequency_R01776,2025_08,2025-08-01 00:00:00+00:00,2025-09-01 00:00:00+00:00,1,0.03225806451612903,0.9995744327078138,0.9949973442815033,-0.00042556729218623524,-0.015042661553735348,0.0,0.0,-0.0004255672921862247,0.0,0.0004255672921862247,0.0,-0.0004255672921862247,-0.0004255672921862247,0.0,0.0,1.0,0,1,13.0
R1_relax_frequency_R01776,2025_09,2025-09-01 00:00:00+00:00,2025-10-01 00:00:00+00:00,0,0.0,1.0,1.0,0.0,0.0,0.0,0.0,0.0,0.0,0.0,0.0,0.0,0.0,0.0,0.0,0.0,0,0,0.0
R1_relax_frequency_R01776,2025_10,2025-10-01 00:00:00+00:00,2025-11-01 00:00:00+00:00,2,0.06451612903225806,1.0088890200196055,1.1099000679177398,0.008889020019605454,-0.0038783455635362785,1.0,inf,0.004434676830877706,0.004434676830877706,0.0,inf,0.004433814053737181,0.004435539608018232,1.0,0.0,0.0,1,1,2.5
R1_relax_frequency_R01776,2025_11,2025-11-01 00:00:00+00:00,2025-12-01 00:00:00+00:00,0,0.0,1.0,1.0,0.0,0.0,0.0,0.0,0.0,0.0,0.0,0.0,0.0,0.0,0.0,0.0,0.0,0,0,0.0
R1_relax_frequency_R01776,2025_12,2025-12-01 00:00:00+00:00,2026-01-01 00:00:00+00:00,0,0.0,1.0,1.0,0.0,0.0,0.0,0.0,0.0,0.0,0.0,0.0,0.0,0.0,0.0,0.0,0.0,0,0,0.0
R1_relax_frequency_R01776,2026_01,2026-01-01 00:00:00+00:00,2026-02-01 00:00:00+00:00,0,0.0,1.0,1.0,0.0,0.0,0.0,0.0,0.0,0.0,0.0,0.0,0.0,0.0,0.0,0.0,0.0,0,0,0.0
R1_relax_frequency_R01776,2026_02,2026-02-01 00:00:00+00:00,2026-03-01 00:00:00+00:00,1,0.03571428571428571,1.0044338140537372,1.0594073819663568,0.004433814053737217,-0.00765119462357855,1.0,inf,0.004433814053737181,0.004433814053737181,0.0,inf,0.004433814053737181,0.004433814053737181,1.0,0.0,0.0,1,0,8.0
R1_relax_frequency_R01776,2026_03,2026-03-01 00:00:00+00:00,2026-04-01 00:00:00+00:00,0,0.0,1.0,1.0,0.0,0.0,0.0,0.0,0.0,0.0,0.0,0.0,0.0,0.0,0.0,0.0,0.0,0,0,0.0
R1_relax_frequency_R01776,2026_04,2026-04-01 00:00:00+00:00,2026-05-01 00:00:00+00:00,0,0.0,1.0,1.0,0.0,0.0,0.0,0.0,0.0,0.0,0.0,0.0,0.0,0.0,0.0,0.0,0.0,0,0,0.0
R1_relax_frequency_R01776,2026_05,2026-05-01 00:00:00+00:00,2026-06-01 00:00:00+00:00,1,0.03225806451612903,1.0044338140537372,1.0535072863901351,0.004433814053737217,-0.009297743068213515,1.0,inf,0.004433814053737181,0.004433814053737181,0.0,inf,0.004433814053737181,0.004433814053737181,1.0,0.0,0.0,1,0,12.0
R1_relax_frequency_R01776,2026_06,2026-06-01 00:00:00+00:00,2026-06-26 04:20:00+00:00,1,0.039713182570325425,1.0006789761074923,1.0098939944363936,0.0006789761074923462,-0.00646047449051268,1.0,inf,0.0006789761074923894,0.0006789761074923894,0.0,inf,0.0006789761074923894,0.0006789761074923894,0.0,0.0,1.0,1,0,13.0
R3_live_candidate_gate_R04769,2025_05,2025-05-30 10:30:00+00:00,2025-06-01 00:00:00+00:00,0,0.0,1.0,1.0,0.0,0.0,0.0,0.0,0.0,0.0,0.0,0.0,0.0,0.0,0.0,0.0,0.0,0,0,0.0
R3_live_candidate_gate_R04769,2025_06,2025-06-01 00:00:00+00:00,2025-07-01 00:00:00+00:00,1,0.03333333333333333,1.004976582384784,1.0623034575559327,0.004976582384784045,-0.010676606821727663,1.0,inf,0.0049765823847840295,0.0049765823847840295,0.0,inf,0.0049765823847840295,0.0049765823847840295,0.0,0.0,1.0,1,0,7.0
R3_live_candidate_gate_R04769,2025_07,2025-07-01 00:00:00+00:00,2025-08-01 00:00:00+00:00,0,0.0,1.0,1.0,0.0,0.0,0.0,0.0,0.0,0.0,0.0,0.0,0.0,0.0,0.0,0.0,0.0,0,0,0.0
R3_live_candidate_gate_R04769,2025_08,2025-08-01 00:00:00+00:00,2025-09-01 00:00:00+00:00,0,0.0,1.0,1.0,0.0,0.0,0.0,0.0,0.0,0.0,0.0,0.0,0.0,0.0,0.0,0.0,0.0,0,0,0.0
R3_live_candidate_gate_R04769,2025_09,2025-09-01 00:00:00+00:00,2025-10-01 00:00:00+00:00,0,0.0,1.0,1.0,0.0,0.0,0.0,0.0,0.0,0.0,0.0,0.0,0.0,0.0,0.0,0.0,0.0,0,0,0.0
R3_live_candidate_gate_R04769,2025_10,2025-10-01 00:00:00+00:00,2025-11-01 00:00:00+00:00,0,0.0,1.0,1.0,0.0,0.0,0.0,0.0,0.0,0.0,0.0,0.0,0.0,0.0,0.0,0.0,0.0,0,0,0.0
R3_live_candidate_gate_R04769,2025_11,2025-11-01 00:00:00+00:00,2025-12-01 00:00:00+00:00,0,0.0,1.0,1.0,0.0,0.0,0.0,0.0,0.0,0.0,0.0,0.0,0.0,0.0,0.0,0.0,0.0,0,0,0.0
R3_live_candidate_gate_R04769,2025_12,2025-12-01 00:00:00+00:00,2026-01-01 00:00:00+00:00,1,0.03225806451612903,0.9984743710526685,0.9821717578211479,-0.0015256289473315476,-0.007359279503006522,0.0,0.0,-0.0015256289473315433,0.0,0.0015256289473315433,0.0,-0.0015256289473315433,-0.0015256289473315433,0.0,0.0,1.0,1,0,7.0
R3_live_candidate_gate_R04769,2026_01,2026-01-01 00:00:00+00:00,2026-02-01 00:00:00+00:00,0,0.0,1.0,1.0,0.0,0.0,0.0,0.0,0.0,0.0,0.0,0.0,0.0,0.0,0.0,0.0,0.0,0,0,0.0
R3_live_candidate_gate_R04769,2026_02,2026-02-01 00:00:00+00:00,2026-03-01 00:00:00+00:00,0,0.0,1.0,1.0,0.0,0.0,0.0,0.0,0.0,0.0,0.0,0.0,0.0,0.0,0.0,0.0,0.0,0,0,0.0
R3_live_candidate_gate_R04769,2026_03,2026-03-01 00:00:00+00:00,2026-04-01 00:00:00+00:00,0,0.0,1.0,1.0,0.0,0.0,0.0,0.0,0.0,0.0,0.0,0.0,0.0,0.0,0.0,0.0,0.0,0,0,0.0
R3_live_candidate_gate_R04769,2026_04,2026-04-01 00:00:00+00:00,2026-05-01 00:00:00+00:00,0,0.0,1.0,1.0,0.0,0.0,0.0,0.0,0.0,0.0,0.0,0.0,0.0,0.0,0.0,0.0,0.0,0,0,0.0
R3_live_candidate_gate_R04769,2026_05,2026-05-01 00:00:00+00:00,2026-06-01 00:00:00+00:00,1,0.03225806451612903,1.0094638340591635,1.1173736840167394,0.009463834059163512,-0.002411730249676669,1.0,inf,0.009463834059163425,0.009463834059163425,0.0,inf,0.009463834059163425,0.009463834059163425,0.0,0.0,1.0,1,0,7.0
R3_live_candidate_gate_R04769,2026_06,2026-06-01 00:00:00+00:00,2026-06-26 04:20:00+00:00,1,0.039713182570325425,1.003926821474716,1.058494848416212,0.0039268214747159025,-0.008667411087357801,1.0,inf,0.003926821474715863,0.003926821474715863,0.0,inf,0.003926821474715863,0.003926821474715863,0.0,0.0,1.0,1,0,7.0
R2_relax_winrate_payoff_R06870,2025_05,2025-05-30 10:30:00+00:00,2025-06-01 00:00:00+00:00,0,0.0,1.0,1.0,0.0,0.0,0.0,0.0,0.0,0.0,0.0,0.0,0.0,0.0,0.0,0.0,0.0,0,0,0.0
R2_relax_winrate_payoff_R06870,2025_06,2025-06-01 00:00:00+00:00,2025-07-01 00:00:00+00:00,1,0.03333333333333333,1.0209853188944114,1.287693131320944,0.020985318894411353,-0.0131262883326968,1.0,inf,0.020985318894411346,0.020985318894411346,0.0,inf,0.020985318894411346,0.020985318894411346,0.0,0.0,1.0,0,1,19.0
R2_relax_winrate_payoff_R06870,2025_07,2025-07-01 00:00:00+00:00,2025-08-01 00:00:00+00:00,0,0.0,1.0,1.0,0.0,0.0,0.0,0.0,0.0,0.0,0.0,0.0,0.0,0.0,0.0,0.0,0.0,0,0,0.0
R2_relax_winrate_payoff_R06870,2025_08,2025-08-01 00:00:00+00:00,2025-09-01 00:00:00+00:00,1,0.03225806451612903,1.015879107905398,1.2039669087077123,0.015879107905397927,-0.007832969648959187,1.0,inf,0.015879107905398038,0.015879107905398038,0.0,inf,0.015879107905398038,0.015879107905398038,0.0,0.0,1.0,1,0,19.0
R2_relax_winrate_payoff_R06870,2025_09,2025-09-01 00:00:00+00:00,2025-10-01 00:00:00+00:00,1,0.03333333333333333,1.002789415027017,1.0344954811155294,0.002789415027016906,-0.005805733570687255,1.0,inf,0.002789415027016811,0.002789415027016811,0.0,inf,0.002789415027016811,0.002789415027016811,0.0,0.0,1.0,1,0,19.0
R2_relax_winrate_payoff_R06870,2025_10,2025-10-01 00:00:00+00:00,2025-11-01 00:00:00+00:00,0,0.0,1.0,1.0,0.0,0.0,0.0,0.0,0.0,0.0,0.0,0.0,0.0,0.0,0.0,0.0,0.0,0,0,0.0
R2_relax_winrate_payoff_R06870,2025_11,2025-11-01 00:00:00+00:00,2025-12-01 00:00:00+00:00,0,0.0,1.0,1.0,0.0,0.0,0.0,0.0,0.0,0.0,0.0,0.0,0.0,0.0,0.0,0.0,0.0,0,0,0.0
R2_relax_winrate_payoff_R06870,2025_12,2025-12-01 00:00:00+00:00,2026-01-01 00:00:00+00:00,0,0.0,1.0,1.0,0.0,0.0,0.0,0.0,0.0,0.0,0.0,0.0,0.0,0.0,0.0,0.0,0.0,0,0,0.0
R2_relax_winrate_payoff_R06870,2026_01,2026-01-01 00:00:00+00:00,2026-02-01 00:00:00+00:00,0,0.0,1.0,1.0,0.0,0.0,0.0,0.0,0.0,0.0,0.0,0.0,0.0,0.0,0.0,0.0,0.0,0,0,0.0
R2_relax_winrate_payoff_R06870,2026_02,2026-02-01 00:00:00+00:00,2026-03-01 00:00:00+00:00,1,0.03571428571428571,0.9998420802236527,0.9979419509355503,-0.0001579197763472706,-0.0030081827288974683,0.0,0.0,-0.0001579197763472178,0.0,0.0001579197763472178,0.0,-0.0001579197763472178,-0.0001579197763472178,0.0,0.0,1.0,0,1,19.0
R2_relax_winrate_payoff_R06870,2026_03,2026-03-01 00:00:00+00:00,2026-04-01 00:00:00+00:00,0,0.0,1.0,1.0,0.0,0.0,0.0,0.0,0.0,0.0,0.0,0.0,0.0,0.0,0.0,0.0,0.0,0,0,0.0
R2_relax_winrate_payoff_R06870,2026_04,2026-04-01 00:00:00+00:00,2026-05-01 00:00:00+00:00,1,0.03333333333333333,0.9971879577860387,0.96629622388705,-0.002812042213961252,-0.008631113079969555,0.0,0.0,-0.0028120422139612557,0.0,0.0028120422139612557,0.0,-0.0028120422139612557,-0.0028120422139612557,0.0,0.0,1.0,1,0,19.0
R2_relax_winrate_payoff_R06870,2026_05,2026-05-01 00:00:00+00:00,2026-06-01 00:00:00+00:00,1,0.03225806451612903,1.032429592471856,1.4564894076401635,0.03242959247185606,-0.011120631001231285,1.0,inf,0.03242959247185613,0.03242959247185613,0.0,inf,0.03242959247185613,0.03242959247185613,1.0,0.0,0.0,1,0,15.0
R2_relax_winrate_payoff_R06870,2026_06,2026-06-01 00:00:00+00:00,2026-06-26 04:20:00+00:00,1,0.039713182570325425,1.0205853300629661,1.3438832198290895,0.020585330062966145,-0.008667411087357801,1.0,inf,0.020585330062966156,0.020585330062966156,0.0,inf,0.020585330062966156,0.020585330062966156,0.0,0.0,1.0,1,0,19.0
R2_relax_winrate_payoff_R02236,2025_05,2025-05-30 10:30:00+00:00,2025-06-01 00:00:00+00:00,0,0.0,1.0,1.0,0.0,0.0,0.0,0.0,0.0,0.0,0.0,0.0,0.0,0.0,0.0,0.0,0.0,0,0,0.0
R2_relax_winrate_payoff_R02236,2025_06,2025-06-01 00:00:00+00:00,2025-07-01 00:00:00+00:00,0,0.0,1.0,1.0,0.0,0.0,0.0,0.0,0.0,0.0,0.0,0.0,0.0,0.0,0.0,0.0,0.0,0,0,0.0
R2_relax_winrate_payoff_R02236,2025_07,2025-07-01 00:00:00+00:00,2025-08-01 00:00:00+00:00,0,0.0,1.0,1.0,0.0,0.0,0.0,0.0,0.0,0.0,0.0,0.0,0.0,0.0,0.0,0.0,0.0,0,0,0.0
R2_relax_winrate_payoff_R02236,2025_08,2025-08-01 00:00:00+00:00,2025-09-01 00:00:00+00:00,0,0.0,1.0,1.0,0.0,0.0,0.0,0.0,0.0,0.0,0.0,0.0,0.0,0.0,0.0,0.0,0.0,0,0,0.0
R2_relax_winrate_payoff_R02236,2025_09,2025-09-01 00:00:00+00:00,2025-10-01 00:00:00+00:00,0,0.0,1.0,1.0,0.0,0.0,0.0,0.0,0.0,0.0,0.0,0.0,0.0,0.0,0.0,0.0,0.0,0,0,0.0
R2_relax_winrate_payoff_R02236,2025_10,2025-10-01 00:00:00+00:00,2025-11-01 00:00:00+00:00,0,0.0,1.0,1.0,0.0,0.0,0.0,0.0,0.0,0.0,0.0,0.0,0.0,0.0,0.0,0.0,0.0,0,0,0.0
R2_relax_winrate_payoff_R02236,2025_11,2025-11-01 00:00:00+00:00,2025-12-01 00:00:00+00:00,0,0.0,1.0,1.0,0.0,0.0,0.0,0.0,0.0,0.0,0.0,0.0,0.0,0.0,0.0,0.0,0.0,0,0,0.0
R2_relax_winrate_payoff_R02236,2025_12,2025-12-01 00:00:00+00:00,2026-01-01 00:00:00+00:00,1,0.03225806451612903,0.9894360756154593,0.8823830857714324,-0.01056392438454068,-0.01056392438454068,0.0,0.0,-0.010563924384540685,0.0,0.010563924384540685,0.0,-0.010563924384540685,-0.010563924384540685,0.0,1.0,0.0,1,0,2.0
R2_relax_winrate_payoff_R02236,2026_01,2026-01-01 00:00:00+00:00,2026-02-01 00:00:00+00:00,0,0.0,1.0,1.0,0.0,0.0,0.0,0.0,0.0,0.0,0.0,0.0,0.0,0.0,0.0,0.0,0.0,0,0,0.0
R2_relax_winrate_payoff_R02236,2026_02,2026-02-01 00:00:00+00:00,2026-03-01 00:00:00+00:00,1,0.03571428571428571,1.015432155575141,1.2211212031164353,0.015432155575141104,-0.004053614558622409,1.0,inf,0.01543215557514115,0.01543215557514115,0.0,inf,0.01543215557514115,0.01543215557514115,1.0,0.0,0.0,1,0,3.0
R2_relax_winrate_payoff_R02236,2026_03,2026-03-01 00:00:00+00:00,2026-04-01 00:00:00+00:00,1,0.03225806451612903,1.015432155575141,1.1977405748298924,0.015432155575141104,-0.006595967918756385,1.0,inf,0.01543215557514115,0.01543215557514115,0.0,inf,0.01543215557514115,0.01543215557514115,1.0,0.0,0.0,1,0,6.0
R2_relax_winrate_payoff_R02236,2026_04,2026-04-01 00:00:00+00:00,2026-05-01 00:00:00+00:00,0,0.0,1.0,1.0,0.0,0.0,0.0,0.0,0.0,0.0,0.0,0.0,0.0,0.0,0.0,0.0,0.0,0,0,0.0
R2_relax_winrate_payoff_R02236,2026_05,2026-05-01 00:00:00+00:00,2026-06-01 00:00:00+00:00,0,0.0,1.0,1.0,0.0,0.0,0.0,0.0,0.0,0.0,0.0,0.0,0.0,0.0,0.0,0.0,0.0,0,0,0.0
R2_relax_winrate_payoff_R02236,2026_06,2026-06-01 00:00:00+00:00,2026-06-26 04:20:00+00:00,1,0.039713182570325425,1.015432155575141,1.2487430235294323,0.015432155575141104,-0.004415230570652184,1.0,inf,0.01543215557514115,0.01543215557514115,0.0,inf,0.01543215557514115,0.01543215557514115,1.0,0.0,0.0,1,0,19.0
R1_relax_frequency_R05617,2025_05,2025-05-30 10:30:00+00:00,2025-06-01 00:00:00+00:00,0,0.0,1.0,1.0,0.0,0.0,0.0,0.0,0.0,0.0,0.0,0.0,0.0,0.0,0.0,0.0,0.0,0,0,0.0
R1_relax_frequency_R05617,2025_06,2025-06-01 00:00:00+00:00,2025-07-01 00:00:00+00:00,1,0.03333333333333333,0.9864365279278037,0.8468214520424772,-0.013563472072196325,-0.013563472072196325,0.0,0.0,-0.013563472072196303,0.0,0.013563472072196303,0.0,-0.013563472072196303,-0.013563472072196303,0.0,1.0,0.0,1,0,23.0
R1_relax_frequency_R05617,2025_07,2025-07-01 00:00:00+00:00,2025-08-01 00:00:00+00:00,0,0.0,1.0,1.0,0.0,0.0,0.0,0.0,0.0,0.0,0.0,0.0,0.0,0.0,0.0,0.0,0.0,0,0,0.0
R1_relax_frequency_R05617,2025_08,2025-08-01 00:00:00+00:00,2025-09-01 00:00:00+00:00,0,0.0,1.0,1.0,0.0,0.0,0.0,0.0,0.0,0.0,0.0,0.0,0.0,0.0,0.0,0.0,0.0,0,0,0.0
R1_relax_frequency_R05617,2025_09,2025-09-01 00:00:00+00:00,2025-10-01 00:00:00+00:00,0,0.0,1.0,1.0,0.0,0.0,0.0,0.0,0.0,0.0,0.0,0.0,0.0,0.0,0.0,0.0,0.0,0,0,0.0
R1_relax_frequency_R05617,2025_10,2025-10-01 00:00:00+00:00,2025-11-01 00:00:00+00:00,1,0.03225806451612903,1.015432155575141,1.1977405748298924,0.015432155575141104,-0.007319515692213119,1.0,inf,0.01543215557514115,0.01543215557514115,0.0,inf,0.01543215557514115,0.01543215557514115,1.0,0.0,0.0,1,0,29.0
R1_relax_frequency_R05617,2025_11,2025-11-01 00:00:00+00:00,2025-12-01 00:00:00+00:00,0,0.0,1.0,1.0,0.0,0.0,0.0,0.0,0.0,0.0,0.0,0.0,0.0,0.0,0.0,0.0,0.0,0,0,0.0
R1_relax_frequency_R05617,2025_12,2025-12-01 00:00:00+00:00,2026-01-01 00:00:00+00:00,1,0.03225806451612903,1.0076242420643495,1.0936164762874319,0.007624242064349529,-0.002614151443426471,1.0,inf,0.0076242420643495915,0.0076242420643495915,0.0,inf,0.0076242420643495915,0.0076242420643495915,0.0,0.0,1.0,1,0,49.0
R1_relax_frequency_R05617,2026_01,2026-01-01 00:00:00+00:00,2026-02-01 00:00:00+00:00,0,0.0,1.0,1.0,0.0,0.0,0.0,0.0,0.0,0.0,0.0,0.0,0.0,0.0,0.0,0.0,0.0,0,0,0.0
R1_relax_frequency_R05617,2026_02,2026-02-01 00:00:00+00:00,2026-03-01 00:00:00+00:00,0,0.0,1.0,1.0,0.0,0.0,0.0,0.0,0.0,0.0,0.0,0.0,0.0,0.0,0.0,0.0,0.0,0,0,0.0
R1_relax_frequency_R05617,2026_03,2026-03-01 00:00:00+00:00,2026-04-01 00:00:00+00:00,1,0.03225806451612903,1.015432155575141,1.1977405748298924,0.015432155575141104,-0.004738004887705927,1.0,inf,0.01543215557514115,0.01543215557514115,0.0,inf,0.01543215557514115,0.01543215557514115,1.0,0.0,0.0,1,0,6.0
R1_relax_frequency_R05617,2026_04,2026-04-01 00:00:00+00:00,2026-05-01 00:00:00+00:00,0,0.0,1.0,1.0,0.0,0.0,0.0,0.0,0.0,0.0,0.0,0.0,0.0,0.0,0.0,0.0,0.0,0,0,0.0
R1_relax_frequency_R05617,2026_05,2026-05-01 00:00:00+00:00,2026-06-01 00:00:00+00:00,0,0.0,1.0,1.0,0.0,0.0,0.0,0.0,0.0,0.0,0.0,0.0,0.0,0.0,0.0,0.0,0.0,0,0,0.0
R1_relax_frequency_R05617,2026_06,2026-06-01 00:00:00+00:00,2026-06-26 04:20:00+00:00,1,0.039713182570325425,1.015432155575141,1.2487430235294323,0.015432155575141104,-0.008667411087357801,1.0,inf,0.01543215557514115,0.01543215557514115,0.0,inf,0.01543215557514115,0.01543215557514115,1.0,0.0,0.0,1,0,11.0
R1_relax_frequency_R03292,2025_05,2025-05-30 10:30:00+00:00,2025-06-01 00:00:00+00:00,0,0.0,1.0,1.0,0.0,0.0,0.0,0.0,0.0,0.0,0.0,0.0,0.0,0.0,0.0,0.0,0.0,0,0,0.0
R1_relax_frequency_R03292,2025_06,2025-06-01 00:00:00+00:00,2025-07-01 00:00:00+00:00,0,0.0,1.0,1.0,0.0,0.0,0.0,0.0,0.0,0.0,0.0,0.0,0.0,0.0,0.0,0.0,0.0,0,0,0.0
R1_relax_frequency_R03292,2025_07,2025-07-01 00:00:00+00:00,2025-08-01 00:00:00+00:00,0,0.0,1.0,1.0,0.0,0.0,0.0,0.0,0.0,0.0,0.0,0.0,0.0,0.0,0.0,0.0,0.0,0,0,0.0
R1_relax_frequency_R03292,2025_08,2025-08-01 00:00:00+00:00,2025-09-01 00:00:00+00:00,2,0.06451612903225806,1.0139149468039585,1.176824009372172,0.01391494680395855,-0.005682274205711102,1.0,inf,0.006933437126783659,0.006933437126783659,0.0,inf,0.006933437126783659,0.006933437126783659,1.0,0.0,0.0,2,0,3.5
R1_relax_frequency_R03292,2025_09,2025-09-01 00:00:00+00:00,2025-10-01 00:00:00+00:00,0,0.0,1.0,1.0,0.0,0.0,0.0,0.0,0.0,0.0,0.0,0.0,0.0,0.0,0.0,0.0,0.0,0,0,0.0
R1_relax_frequency_R03292,2025_10,2025-10-01 00:00:00+00:00,2025-11-01 00:00:00+00:00,3,0.0967741935483871,1.0114793945501301,1.1439449452669823,0.01147939455013014,-0.027303199996094207,0.6666666666666666,5.772748685248994,0.003821582488733839,0.006933437126783659,0.0024021267873658007,2.886374342624497,-0.0024021267873658007,0.006933437126783659,0.6666666666666666,0.0,0.3333333333333333,3,0,10.666666666666666
R1_relax_frequency_R03292,2025_11,2025-11-01 00:00:00+00:00,2025-12-01 00:00:00+00:00,0,0.0,1.0,1.0,0.0,0.0,0.0,0.0,0.0,0.0,0.0,0.0,0.0,0.0,0.0,0.0,0.0,0,0,0.0
R1_relax_frequency_R03292,2025_12,2025-12-01 00:00:00+00:00,2026-01-01 00:00:00+00:00,0,0.0,1.0,1.0,0.0,0.0,0.0,0.0,0.0,0.0,0.0,0.0,0.0,0.0,0.0,0.0,0.0,0,0,0.0
R1_relax_frequency_R03292,2026_01,2026-01-01 00:00:00+00:00,2026-02-01 00:00:00+00:00,1,0.03225806451612903,1.0069334371267837,1.0848151959537493,0.006933437126783737,-0.012144811953852308,1.0,inf,0.006933437126783659,0.006933437126783659,0.0,inf,0.006933437126783659,0.006933437126783659,1.0,0.0,0.0,1,0,15.0
R1_relax_frequency_R03292,2026_02,2026-02-01 00:00:00+00:00,2026-03-01 00:00:00+00:00,3,0.10714285714285714,1.02094486233953,1.3104837250216697,0.02094486233953008,-0.01101473821624821,1.0,inf,0.006933437126783658,0.006933437126783658,0.0,inf,0.006933437126783659,0.006933437126783659,1.0,0.0,0.0,3,0,10.0
R1_relax_frequency_R03292,2026_03,2026-03-01 00:00:00+00:00,2026-04-01 00:00:00+00:00,2,0.06451612903225806,1.001494961982651,1.0177566830076012,0.0014949619826509775,-0.014366438275728477,0.5,1.283725583393867,0.0007662048334818551,0.006933437126783659,0.005401027459819949,1.283725583393867,-0.005401027459819949,0.006933437126783659,0.5,0.0,0.5,2,0,23.0
R1_relax_frequency_R03292,2026_04,2026-04-01 00:00:00+00:00,2026-05-01 00:00:00+00:00,0,0.0,1.0,1.0,0.0,0.0,0.0,0.0,0.0,0.0,0.0,0.0,0.0,0.0,0.0,0.0,0.0,0,0,0.0
R1_relax_frequency_R03292,2026_05,2026-05-01 00:00:00+00:00,2026-06-01 00:00:00+00:00,2,0.06451612903225806,1.0139149468039585,1.176824009372172,0.01391494680395855,-0.03012368462896242,1.0,inf,0.006933437126783659,0.006933437126783659,0.0,inf,0.006933437126783659,0.006933437126783659,1.0,0.0,0.0,2,0,11.5
R1_relax_frequency_R03292,2026_06,2026-06-01 00:00:00+00:00,2026-06-26 04:20:00+00:00,1,0.039713182570325425,1.006933437126784,1.1054186371689791,0.006933437126783959,-0.004515545151378086,1.0,inf,0.006933437126783881,0.006933437126783881,0.0,inf,0.006933437126783881,0.006933437126783881,1.0,0.0,0.0,1,0,2.0
R3_live_candidate_gate_R02586,2025_05,2025-05-30 10:30:00+00:00,2025-06-01 00:00:00+00:00,0,0.0,1.0,1.0,0.0,0.0,0.0,0.0,0.0,0.0,0.0,0.0,0.0,0.0,0.0,0.0,0.0,0,0,0.0
R3_live_candidate_gate_R02586,2025_06,2025-06-01 00:00:00+00:00,2025-07-01 00:00:00+00:00,0,0.0,1.0,1.0,0.0,0.0,0.0,0.0,0.0,0.0,0.0,0.0,0.0,0.0,0.0,0.0,0.0,0,0,0.0
R3_live_candidate_gate_R02586,2025_07,2025-07-01 00:00:00+00:00,2025-08-01 00:00:00+00:00,3,0.0967741935483871,1.0163897243661457,1.2111163653343247,0.01638972436614572,-0.0053830556218457115,1.0,inf,0.005433663282955904,0.005433663282955904,0.0,inf,0.005433663282955905,0.005433663282955905,1.0,0.0,0.0,3,0,24.666666666666668
R3_live_candidate_gate_R02586,2025_08,2025-08-01 00:00:00+00:00,2025-09-01 00:00:00+00:00,0,0.0,1.0,1.0,0.0,0.0,0.0,0.0,0.0,0.0,0.0,0.0,0.0,0.0,0.0,0.0,0.0,0,0,0.0
R3_live_candidate_gate_R02586,2025_09,2025-09-01 00:00:00+00:00,2025-10-01 00:00:00+00:00,1,0.03333333333333333,1.005433663282956,1.0682008314668867,0.005433663282955914,-0.0019377492284019526,1.0,inf,0.005433663282955905,0.005433663282955905,0.0,inf,0.005433663282955905,0.005433663282955905,1.0,0.0,0.0,1,0,1.0
R3_live_candidate_gate_R02586,2025_10,2025-10-01 00:00:00+00:00,2025-11-01 00:00:00+00:00,0,0.0,1.0,1.0,0.0,0.0,0.0,0.0,0.0,0.0,0.0,0.0,0.0,0.0,0.0,0.0,0.0,0,0,0.0
R3_live_candidate_gate_R02586,2025_11,2025-11-01 00:00:00+00:00,2025-12-01 00:00:00+00:00,0,0.0,1.0,1.0,0.0,0.0,0.0,0.0,0.0,0.0,0.0,0.0,0.0,0.0,0.0,0.0,0.0,0,0,0.0
R3_live_candidate_gate_R02586,2025_12,2025-12-01 00:00:00+00:00,2026-01-01 00:00:00+00:00,0,0.0,1.0,1.0,0.0,0.0,0.0,0.0,0.0,0.0,0.0,0.0,0.0,0.0,0.0,0.0,0.0,0,0,0.0
R3_live_candidate_gate_R02586,2026_01,2026-01-01 00:00:00+00:00,2026-02-01 00:00:00+00:00,0,0.0,1.0,1.0,0.0,0.0,0.0,0.0,0.0,0.0,0.0,0.0,0.0,0.0,0.0,0.0,0.0,0,0,0.0
R3_live_candidate_gate_R02586,2026_02,2026-02-01 00:00:00+00:00,2026-03-01 00:00:00+00:00,0,0.0,1.0,1.0,0.0,0.0,0.0,0.0,0.0,0.0,0.0,0.0,0.0,0.0,0.0,0.0,0.0,0,0,0.0
R3_live_candidate_gate_R02586,2026_03,2026-03-01 00:00:00+00:00,2026-04-01 00:00:00+00:00,3,0.0967741935483871,1.0048704864363325,1.0589163066711165,0.004870486436332477,-0.020965230472836494,0.6666666666666666,1.8229474191915562,0.001635307425176118,0.005433663282955794,0.005961404290383235,0.9114737095957781,-0.005961404290383235,0.005433663282955905,0.6666666666666666,0.0,0.3333333333333333,3,0,66.66666666666667
R3_live_candidate_gate_R02586,2026_04,2026-04-01 00:00:00+00:00,2026-05-01 00:00:00+00:00,2,0.06666666666666667,1.0108968512625844,1.141053016346549,0.01089685126258444,-0.00566352896510447,1.0,inf,0.005433663282955905,0.005433663282955905,0.0,inf,0.005433663282955905,0.005433663282955905,1.0,0.0,0.0,2,0,34.5
R3_live_candidate_gate_R02586,2026_05,2026-05-01 00:00:00+00:00,2026-06-01 00:00:00+00:00,0,0.0,1.0,1.0,0.0,0.0,0.0,0.0,0.0,0.0,0.0,0.0,0.0,0.0,0.0,0.0,0.0,0,0,0.0
R3_live_candidate_gate_R02586,2026_06,2026-06-01 00:00:00+00:00,2026-06-26 04:20:00+00:00,1,0.039713182570325425,1.005433663282956,1.0817750218620021,0.005433663282955914,-0.001964061059283817,1.0,inf,0.005433663282955905,0.005433663282955905,0.0,inf,0.005433663282955905,0.005433663282955905,1.0,0.0,0.0,1,0,3.0
R3_live_candidate_gate_R06483,2025_05,2025-05-30 10:30:00+00:00,2025-06-01 00:00:00+00:00,0,0.0,1.0,1.0,0.0,0.0,0.0,0.0,0.0,0.0,0.0,0.0,0.0,0.0,0.0,0.0,0.0,0,0,0.0
R3_live_candidate_gate_R06483,2025_06,2025-06-01 00:00:00+00:00,2025-07-01 00:00:00+00:00,1,0.03333333333333333,1.0034339648245187,1.0426201305118417,0.0034339648245187426,-0.004843446909966631,1.0,inf,0.0034339648245186793,0.0034339648245186793,0.0,inf,0.0034339648245186793,0.0034339648245186793,1.0,0.0,0.0,1,0,2.0
R3_live_candidate_gate_R06483,2025_07,2025-07-01 00:00:00+00:00,2025-08-01 00:00:00+00:00,0,0.0,1.0,1.0,0.0,0.0,0.0,0.0,0.0,0.0,0.0,0.0,0.0,0.0,0.0,0.0,0.0,0,0,0.0
R3_live_candidate_gate_R06483,2025_08,2025-08-01 00:00:00+00:00,2025-09-01 00:00:00+00:00,0,0.0,1.0,1.0,0.0,0.0,0.0,0.0,0.0,0.0,0.0,0.0,0.0,0.0,0.0,0.0,0.0,0,0,0.0
R3_live_candidate_gate_R06483,2025_09,2025-09-01 00:00:00+00:00,2025-10-01 00:00:00+00:00,1,0.03333333333333333,1.003433964824519,1.0426201305118445,0.0034339648245189647,-0.004876255786848027,1.0,inf,0.003433964824518901,0.003433964824518901,0.0,inf,0.003433964824518901,0.003433964824518901,1.0,0.0,0.0,1,0,2.0
R3_live_candidate_gate_R06483,2025_10,2025-10-01 00:00:00+00:00,2025-11-01 00:00:00+00:00,0,0.0,1.0,1.0,0.0,0.0,0.0,0.0,0.0,0.0,0.0,0.0,0.0,0.0,0.0,0.0,0.0,0,0,0.0
R3_live_candidate_gate_R06483,2025_11,2025-11-01 00:00:00+00:00,2025-12-01 00:00:00+00:00,0,0.0,1.0,1.0,0.0,0.0,0.0,0.0,0.0,0.0,0.0,0.0,0.0,0.0,0.0,0.0,0.0,0,0,0.0
R3_live_candidate_gate_R06483,2025_12,2025-12-01 00:00:00+00:00,2026-01-01 00:00:00+00:00,1,0.03225806451612903,1.003433964824519,1.0412173417139803,0.0034339648245189647,-0.01114356574655595,1.0,inf,0.003433964824518901,0.003433964824518901,0.0,inf,0.003433964824518901,0.003433964824518901,1.0,0.0,0.0,1,0,1.0
R3_live_candidate_gate_R06483,2026_01,2026-01-01 00:00:00+00:00,2026-02-01 00:00:00+00:00,0,0.0,1.0,1.0,0.0,0.0,0.0,0.0,0.0,0.0,0.0,0.0,0.0,0.0,0.0,0.0,0.0,0,0,0.0
R3_live_candidate_gate_R06483,2026_02,2026-02-01 00:00:00+00:00,2026-03-01 00:00:00+00:00,1,0.03571428571428571,1.0034339648245187,1.0457330349794924,0.0034339648245187426,-0.009987897723470751,1.0,inf,0.0034339648245186793,0.0034339648245186793,0.0,inf,0.0034339648245186793,0.0034339648245186793,1.0,0.0,0.0,1,0,16.0
R3_live_candidate_gate_R06483,2026_03,2026-03-01 00:00:00+00:00,2026-04-01 00:00:00+00:00,0,0.0,1.0,1.0,0.0,0.0,0.0,0.0,0.0,0.0,0.0,0.0,0.0,0.0,0.0,0.0,0.0,0,0,0.0
R3_live_candidate_gate_R06483,2026_04,2026-04-01 00:00:00+00:00,2026-05-01 00:00:00+00:00,0,0.0,1.0,1.0,0.0,0.0,0.0,0.0,0.0,0.0,0.0,0.0,0.0,0.0,0.0,0.0,0.0,0,0,0.0
R3_live_candidate_gate_R06483,2026_05,2026-05-01 00:00:00+00:00,2026-06-01 00:00:00+00:00,2,0.06451612903225806,1.0024712097941153,1.0295074811929121,0.0024712097941153033,-0.009058752117877655,0.5,3.5790588780307724,0.0012372522734794625,0.003433964824518901,0.000959460277559976,3.5790588780307724,-0.000959460277559976,0.003433964824518901,0.5,0.0,0.5,2,0,19.0
R3_live_candidate_gate_R06483,2026_06,2026-06-01 00:00:00+00:00,2026-06-26 04:20:00+00:00,1,0.039713182570325425,1.003433964824519,1.0509821997547866,0.0034339648245189647,-0.004622116176927538,1.0,inf,0.003433964824518901,0.003433964824518901,0.0,inf,0.003433964824518901,0.003433964824518901,1.0,0.0,0.0,1,0,2.0
R1_relax_frequency_R02426,2025_05,2025-05-30 10:30:00+00:00,2025-06-01 00:00:00+00:00,0,0.0,1.0,1.0,0.0,0.0,0.0,0.0,0.0,0.0,0.0,0.0,0.0,0.0,0.0,0.0,0.0,0,0,0.0
R1_relax_frequency_R02426,2025_06,2025-06-01 00:00:00+00:00,2025-07-01 00:00:00+00:00,2,0.06666666666666667,1.0242174845391763,1.3382118088005959,0.02421748453917627,-0.024270796164338804,1.0,inf,0.012041984208693894,0.012041984208693894,0.0,inf,0.008651812842246637,0.01543215557514115,0.5,0.0,0.5,2,0,27.0
R1_relax_frequency_R02426,2025_07,2025-07-01 00:00:00+00:00,2025-08-01 00:00:00+00:00,2,0.06451612903225806,1.0075454224209834,1.0926089734115974,0.007545422420983439,-0.036093199906302664,1.0,inf,0.003767124433681308,0.003767124433681308,0.0,inf,0.0020299793971243723,0.005504269470238243,0.0,0.0,1.0,2,0,49.0
R1_relax_frequency_R02426,2025_08,2025-08-01 00:00:00+00:00,2025-09-01 00:00:00+00:00,2,0.06451612903225806,0.9888230760663738,0.8759634843400232,-0.011176923933626237,-0.028531142238201523,0.5,0.021909363422085805,-0.005587032204314864,0.00025030056405305444,0.011424364972682783,0.021909363422085805,-0.011424364972682783,0.00025030056405305444,0.0,0.0,1.0,2,0,49.0
R1_relax_frequency_R02426,2025_09,2025-09-01 00:00:00+00:00,2025-10-01 00:00:00+00:00,0,0.0,1.0,1.0,0.0,0.0,0.0,0.0,0.0,0.0,0.0,0.0,0.0,0.0,0.0,0.0,0.0,0,0,0.0
R1_relax_frequency_R02426,2025_10,2025-10-01 00:00:00+00:00,2025-11-01 00:00:00+00:00,2,0.06451612903225806,1.0311024625759775,1.4345824845938395,0.031102462575977485,-0.017972001914190017,1.0,inf,0.01543215557514115,0.01543215557514115,0.0,inf,0.01543215557514115,0.01543215557514115,1.0,0.0,0.0,2,0,16.0
R1_relax_frequency_R02426,2025_11,2025-11-01 00:00:00+00:00,2025-12-01 00:00:00+00:00,1,0.03333333333333333,1.000540536839726,1.0066009488800138,0.0005405368397259913,-0.015420669153139555,1.0,inf,0.0005405368397259165,0.0005405368397259165,0.0,inf,0.0005405368397259165,0.0005405368397259165,0.0,0.0,1.0,1,0,49.0
R1_relax_frequency_R02426,2025_12,2025-12-01 00:00:00+00:00,2026-01-01 00:00:00+00:00,2,0.06451612903225806,1.019362666027659,1.2535197203354365,0.019362666027658904,-0.01919577447125609,1.0,inf,0.009651465804848575,0.009651465804848575,0.0,inf,0.003870776034555998,0.01543215557514115,0.5,0.0,0.5,2,0,29.0
R1_relax_frequency_R02426,2026_01,2026-01-01 00:00:00+00:00,2026-02-01 00:00:00+00:00,1,0.03225806451612903,0.9946997455881323,0.9393049894531224,-0.005300254411867655,-0.019397866924674156,0.0,0.0,-0.005300254411867626,0.0,0.005300254411867626,0.0,-0.005300254411867626,-0.005300254411867626,0.0,0.0,1.0,1,0,49.0
R1_relax_frequency_R02426,2026_02,2026-02-01 00:00:00+00:00,2026-03-01 00:00:00+00:00,3,0.10714285714285714,0.9783838380080384,0.7519635958656101,-0.02161616199196159,-0.046003523899199594,0.3333333333333333,0.4190877610493395,-0.00713035063311774,0.01543215557514115,0.018411603737247186,0.838175522098679,-0.01943672014178188,0.01543215557514115,0.3333333333333333,0.0,0.6666666666666666,3,0,37.0
R1_relax_frequency_R02426,2026_03,2026-03-01 00:00:00+00:00,2026-04-01 00:00:00+00:00,3,0.0967741935483871,1.0470145961923614,1.718257649738326,0.04701459619236137,-0.02045426702679276,1.0,inf,0.015432155575141224,0.015432155575141224,0.0,inf,0.01543215557514115,0.015432155575141372,1.0,0.0,0.0,3,0,19.333333333333332
R1_relax_frequency_R02426,2026_04,2026-04-01 00:00:00+00:00,2026-05-01 00:00:00+00:00,0,0.0,1.0,1.0,0.0,0.0,0.0,0.0,0.0,0.0,0.0,0.0,0.0,0.0,0.0,0.0,0.0,0,0,0.0
R1_relax_frequency_R02426,2026_05,2026-05-01 00:00:00+00:00,2026-06-01 00:00:00+00:00,2,0.06451612903225806,1.000979224333268,1.011598576458646,0.000979224333268025,-0.01770996402758862,0.5,1.1674789962494734,0.0005113816790775889,0.007129579024948938,0.006106815666793761,1.1674789962494734,-0.006106815666793761,0.007129579024948938,0.0,0.0,1.0,2,0,49.0
R1_relax_frequency_R02426,2026_06,2026-06-01 00:00:00+00:00,2026-06-26 04:20:00+00:00,3,0.11913954771097628,1.0470145961923611,1.9472388457701322,0.04701459619236115,-0.011061797548761243,1.0,inf,0.015432155575141151,0.015432155575141151,0.0,inf,0.01543215557514115,0.01543215557514115,1.0,0.0,0.0,3,0,15.666666666666666
R1_relax_frequency_R05171,2025_05,2025-05-30 10:30:00+00:00,2025-06-01 00:00:00+00:00,0,0.0,1.0,1.0,0.0,0.0,0.0,0.0,0.0,0.0,0.0,0.0,0.0,0.0,0.0,0.0,0.0,0,0,0.0
R1_relax_frequency_R05171,2025_06,2025-06-01 00:00:00+00:00,2025-07-01 00:00:00+00:00,1,0.03333333333333333,1.0044338140537372,1.055339341889575,0.004433814053737217,-0.001815965245509088,1.0,inf,0.004433814053737181,0.004433814053737181,0.0,inf,0.004433814053737181,0.004433814053737181,1.0,0.0,0.0,1,0,1.0
R1_relax_frequency_R05171,2025_07,2025-07-01 00:00:00+00:00,2025-08-01 00:00:00+00:00,1,0.03225806451612903,1.0044338140537372,1.0535072863901351,0.004433814053737217,-0.0018395480657892316,1.0,inf,0.004433814053737181,0.004433814053737181,0.0,inf,0.004433814053737181,0.004433814053737181,1.0,0.0,0.0,1,0,2.0
R1_relax_frequency_R05171,2025_08,2025-08-01 00:00:00+00:00,2025-09-01 00:00:00+00:00,2,0.06451612903225806,0.9877973569441021,0.8653172231196482,-0.01220264305589791,-0.01656301975985175,0.5,0.2676935799161965,-0.006064602853057147,0.004433814053737403,0.016563019759851697,0.2676935799161965,-0.016563019759851697,0.004433814053737403,0.5,0.5,0.0,2,0,9.5
R1_relax_frequency_R05171,2025_09,2025-09-01 00:00:00+00:00,2025-10-01 00:00:00+00:00,0,0.0,1.0,1.0,0.0,0.0,0.0,0.0,0.0,0.0,0.0,0.0,0.0,0.0,0.0,0.0,0.0,0,0,0.0
R1_relax_frequency_R05171,2025_10,2025-10-01 00:00:00+00:00,2025-11-01 00:00:00+00:00,0,0.0,1.0,1.0,0.0,0.0,0.0,0.0,0.0,0.0,0.0,0.0,0.0,0.0,0.0,0.0,0.0,0,0,0.0
R1_relax_frequency_R05171,2025_11,2025-11-01 00:00:00+00:00,2025-12-01 00:00:00+00:00,0,0.0,1.0,1.0,0.0,0.0,0.0,0.0,0.0,0.0,0.0,0.0,0.0,0.0,0.0,0.0,0.0,0,0,0.0
R1_relax_frequency_R05171,2025_12,2025-12-01 00:00:00+00:00,2026-01-01 00:00:00+00:00,2,0.06451612903225806,1.0088890200196055,1.1099000679177398,0.008889020019605454,-0.014108990397084131,1.0,inf,0.004434676830877762,0.004434676830877762,0.0,inf,0.004433814053737181,0.004435539608018343,1.0,0.0,0.0,1,1,5.0
R1_relax_frequency_R05171,2026_01,2026-01-01 00:00:00+00:00,2026-02-01 00:00:00+00:00,0,0.0,1.0,1.0,0.0,0.0,0.0,0.0,0.0,0.0,0.0,0.0,0.0,0.0,0.0,0.0,0.0,0,0,0.0
R1_relax_frequency_R05171,2026_02,2026-02-01 00:00:00+00:00,2026-03-01 00:00:00+00:00,1,0.03571428571428571,1.0044338140537372,1.0594073819663568,0.004433814053737217,-0.008604764066969417,1.0,inf,0.004433814053737181,0.004433814053737181,0.0,inf,0.004433814053737181,0.004433814053737181,1.0,0.0,0.0,1,0,8.0
R1_relax_frequency_R05171,2026_03,2026-03-01 00:00:00+00:00,2026-04-01 00:00:00+00:00,3,0.0967741935483871,1.0133622463352294,1.1692878087162428,0.013362246335229422,-0.011072681947654872,1.0,inf,0.004434389238497531,0.004434389238497531,0.0,inf,0.004433814053737181,0.004435539608018232,1.0,0.0,0.0,2,1,3.6666666666666665
R1_relax_frequency_R05171,2026_04,2026-04-01 00:00:00+00:00,2026-05-01 00:00:00+00:00,1,0.03333333333333333,1.0044355396080182,1.0553614154590574,0.004435539608018235,-0.0069684802025158366,1.0,inf,0.004435539608018232,0.004435539608018232,0.0,inf,0.004435539608018232,0.004435539608018232,1.0,0.0,0.0,0,1,58.0
R1_relax_frequency_R05171,2026_05,2026-05-01 00:00:00+00:00,2026-06-01 00:00:00+00:00,0,0.0,1.0,1.0,0.0,0.0,0.0,0.0,0.0,0.0,0.0,0.0,0.0,0.0,0.0,0.0,0.0,0,0,0.0
R1_relax_frequency_R05171,2026_06,2026-06-01 00:00:00+00:00,2026-06-26 04:20:00+00:00,2,0.07942636514065085,1.0088872868145375,1.1369426334292068,0.008887286814537543,-0.009087492831162058,1.0,inf,0.004433814053737181,0.004433814053737181,0.0,inf,0.004433814053737181,0.004433814053737181,1.0,0.0,0.0,2,0,17.5
R2_relax_winrate_payoff_R04928,2025_05,2025-05-30 10:30:00+00:00,2025-06-01 00:00:00+00:00,0,0.0,1.0,1.0,0.0,0.0,0.0,0.0,0.0,0.0,0.0,0.0,0.0,0.0,0.0,0.0,0.0,0,0,0.0
R2_relax_winrate_payoff_R04928,2025_06,2025-06-01 00:00:00+00:00,2025-07-01 00:00:00+00:00,1,0.03333333333333333,0.9894360756154594,0.8787103606618871,-0.010563924384540568,-0.010563924384540568,0.0,0.0,-0.010563924384540574,0.0,0.010563924384540574,0.0,-0.010563924384540574,-0.010563924384540574,0.0,1.0,0.0,1,0,4.0
R2_relax_winrate_payoff_R04928,2025_07,2025-07-01 00:00:00+00:00,2025-08-01 00:00:00+00:00,0,0.0,1.0,1.0,0.0,0.0,0.0,0.0,0.0,0.0,0.0,0.0,0.0,0.0,0.0,0.0,0.0,0,0,0.0
R2_relax_winrate_payoff_R04928,2025_08,2025-08-01 00:00:00+00:00,2025-09-01 00:00:00+00:00,0,0.0,1.0,1.0,0.0,0.0,0.0,0.0,0.0,0.0,0.0,0.0,0.0,0.0,0.0,0.0,0.0,0,0,0.0
R2_relax_winrate_payoff_R04928,2025_09,2025-09-01 00:00:00+00:00,2025-10-01 00:00:00+00:00,0,0.0,1.0,1.0,0.0,0.0,0.0,0.0,0.0,0.0,0.0,0.0,0.0,0.0,0.0,0.0,0.0,0,0,0.0
R2_relax_winrate_payoff_R04928,2025_10,2025-10-01 00:00:00+00:00,2025-11-01 00:00:00+00:00,1,0.03225806451612903,0.9894360756154593,0.8823830857714324,-0.01056392438454068,-0.014629971361364569,0.0,0.0,-0.010563924384540685,0.0,0.010563924384540685,0.0,-0.010563924384540685,-0.010563924384540685,0.0,1.0,0.0,1,0,11.0
R2_relax_winrate_payoff_R04928,2025_11,2025-11-01 00:00:00+00:00,2025-12-01 00:00:00+00:00,0,0.0,1.0,1.0,0.0,0.0,0.0,0.0,0.0,0.0,0.0,0.0,0.0,0.0,0.0,0.0,0.0,0,0,0.0
R2_relax_winrate_payoff_R04928,2025_12,2025-12-01 00:00:00+00:00,2026-01-01 00:00:00+00:00,0,0.0,1.0,1.0,0.0,0.0,0.0,0.0,0.0,0.0,0.0,0.0,0.0,0.0,0.0,0.0,0.0,0,0,0.0
R2_relax_winrate_payoff_R04928,2026_01,2026-01-01 00:00:00+00:00,2026-02-01 00:00:00+00:00,0,0.0,1.0,1.0,0.0,0.0,0.0,0.0,0.0,0.0,0.0,0.0,0.0,0.0,0.0,0.0,0.0,0,0,0.0
R2_relax_winrate_payoff_R04928,2026_02,2026-02-01 00:00:00+00:00,2026-03-01 00:00:00+00:00,0,0.0,1.0,1.0,0.0,0.0,0.0,0.0,0.0,0.0,0.0,0.0,0.0,0.0,0.0,0.0,0.0,0,0,0.0
R2_relax_winrate_payoff_R04928,2026_03,2026-03-01 00:00:00+00:00,2026-04-01 00:00:00+00:00,1,0.03225806451612903,0.9894360756154593,0.8823830857714324,-0.01056392438454068,-0.014905249660429942,0.0,0.0,-0.010563924384540685,0.0,0.010563924384540685,0.0,-0.010563924384540685,-0.010563924384540685,0.0,1.0,0.0,1,0,51.0
R2_relax_winrate_payoff_R04928,2026_04,2026-04-01 00:00:00+00:00,2026-05-01 00:00:00+00:00,2,0.06666666666666667,1.0457611414424681,1.7242121061467115,0.04576114144246812,-0.008166455955658902,1.0,inf,0.02264712848372455,0.02264712848372455,0.0,inf,0.015864212183248474,0.029430044784200624,0.5,0.0,0.5,2,0,61.5
R2_relax_winrate_payoff_R04928,2026_05,2026-05-01 00:00:00+00:00,2026-06-01 00:00:00+00:00,1,0.03225806451612903,1.0294300447842006,1.407405396764594,0.029430044784200637,-0.004822681106683602,1.0,inf,0.029430044784200624,0.029430044784200624,0.0,inf,0.029430044784200624,0.029430044784200624,1.0,0.0,0.0,1,0,18.0
R2_relax_winrate_payoff_R04928,2026_06,2026-06-01 00:00:00+00:00,2026-06-26 04:20:00+00:00,1,0.039713182570325425,1.0294300447842009,1.52307109872117,0.02943004478420086,-0.004211777253381066,1.0,inf,0.029430044784200846,0.029430044784200846,0.0,inf,0.029430044784200846,0.029430044784200846,1.0,0.0,0.0,1,0,33.0
R1_relax_frequency_R06660,2025_05,2025-05-30 10:30:00+00:00,2025-06-01 00:00:00+00:00,0,0.0,1.0,1.0,0.0,0.0,0.0,0.0,0.0,0.0,0.0,0.0,0.0,0.0,0.0,0.0,0.0,0,0,0.0
R1_relax_frequency_R06660,2025_06,2025-06-01 00:00:00+00:00,2025-07-01 00:00:00+00:00,0,0.0,1.0,1.0,0.0,0.0,0.0,0.0,0.0,0.0,0.0,0.0,0.0,0.0,0.0,0.0,0.0,0,0,0.0
R1_relax_frequency_R06660,2025_07,2025-07-01 00:00:00+00:00,2025-08-01 00:00:00+00:00,0,0.0,1.0,1.0,0.0,0.0,0.0,0.0,0.0,0.0,0.0,0.0,0.0,0.0,0.0,0.0,0.0,0,0,0.0
R1_relax_frequency_R06660,2025_08,2025-08-01 00:00:00+00:00,2025-09-01 00:00:00+00:00,0,0.0,1.0,1.0,0.0,0.0,0.0,0.0,0.0,0.0,0.0,0.0,0.0,0.0,0.0,0.0,0.0,0,0,0.0
R1_relax_frequency_R06660,2025_09,2025-09-01 00:00:00+00:00,2025-10-01 00:00:00+00:00,0,0.0,1.0,1.0,0.0,0.0,0.0,0.0,0.0,0.0,0.0,0.0,0.0,0.0,0.0,0.0,0.0,0,0,0.0
R1_relax_frequency_R06660,2025_10,2025-10-01 00:00:00+00:00,2025-11-01 00:00:00+00:00,0,0.0,1.0,1.0,0.0,0.0,0.0,0.0,0.0,0.0,0.0,0.0,0.0,0.0,0.0,0.0,0.0,0,0,0.0
R1_relax_frequency_R06660,2025_11,2025-11-01 00:00:00+00:00,2025-12-01 00:00:00+00:00,2,0.06666666666666667,0.9875171968075802,0.8581857991472899,-0.012482803192419789,-0.028087762716390907,0.5,0.40659419866513485,-0.006153944559798214,0.008433210970611412,0.02074110009020784,0.40659419866513485,-0.02074110009020784,0.008433210970611412,0.5,0.0,0.5,2,0,21.0
R1_relax_frequency_R06660,2025_12,2025-12-01 00:00:00+00:00,2026-01-01 00:00:00+00:00,1,0.03225806451612903,1.0084332109706111,1.1040062810571702,0.008433210970611116,-0.013938266761306273,1.0,inf,0.00843321097061119,0.00843321097061119,0.0,inf,0.00843321097061119,0.00843321097061119,1.0,0.0,0.0,1,0,25.0
R1_relax_frequency_R06660,2026_01,2026-01-01 00:00:00+00:00,2026-02-01 00:00:00+00:00,0,0.0,1.0,1.0,0.0,0.0,0.0,0.0,0.0,0.0,0.0,0.0,0.0,0.0,0.0,0.0,0.0,0,0,0.0
R1_relax_frequency_R06660,2026_02,2026-02-01 00:00:00+00:00,2026-03-01 00:00:00+00:00,1,0.03571428571428571,1.0084332109706113,1.1157724613296538,0.008433210970611338,-0.009802042566620428,1.0,inf,0.008433210970611412,0.008433210970611412,0.0,inf,0.008433210970611412,0.008433210970611412,1.0,0.0,0.0,1,0,2.0
R1_relax_frequency_R06660,2026_03,2026-03-01 00:00:00+00:00,2026-04-01 00:00:00+00:00,2,0.06451612903225806,1.016937540988497,1.2188298686136836,0.01693754098849709,-0.008498730132303511,1.0,inf,0.00843321097061119,0.00843321097061119,0.0,inf,0.00843321097061119,0.00843321097061119,1.0,0.0,0.0,2,0,9.5
R1_relax_frequency_R06660,2026_04,2026-04-01 00:00:00+00:00,2026-05-01 00:00:00+00:00,0,0.0,1.0,1.0,0.0,0.0,0.0,0.0,0.0,0.0,0.0,0.0,0.0,0.0,0.0,0.0,0.0,0,0,0.0
R1_relax_frequency_R06660,2026_05,2026-05-01 00:00:00+00:00,2026-06-01 00:00:00+00:00,1,0.03225806451612903,1.0084332109706113,1.104006281057173,0.008433210970611338,-0.005440237344158327,1.0,inf,0.008433210970611412,0.008433210970611412,0.0,inf,0.008433210970611412,0.008433210970611412,1.0,0.0,0.0,1,0,7.0
R1_relax_frequency_R06660,2026_06,2026-06-01 00:00:00+00:00,2026-06-26 04:20:00+00:00,1,0.039713182570325425,1.0084332109706113,1.1295426663932955,0.008433210970611338,-0.016065767770066852,1.0,inf,0.008433210970611412,0.008433210970611412,0.0,inf,0.008433210970611412,0.008433210970611412,1.0,0.0,0.0,1,0,11.0
R3_live_candidate_gate_R06863,2025_05,2025-05-30 10:30:00+00:00,2025-06-01 00:00:00+00:00,0,0.0,1.0,1.0,0.0,0.0,0.0,0.0,0.0,0.0,0.0,0.0,0.0,0.0,0.0,0.0,0.0,0,0,0.0
R3_live_candidate_gate_R06863,2025_06,2025-06-01 00:00:00+00:00,2025-07-01 00:00:00+00:00,0,0.0,1.0,1.0,0.0,0.0,0.0,0.0,0.0,0.0,0.0,0.0,0.0,0.0,0.0,0.0,0.0,0,0,0.0
R3_live_candidate_gate_R06863,2025_07,2025-07-01 00:00:00+00:00,2025-08-01 00:00:00+00:00,0,0.0,1.0,1.0,0.0,0.0,0.0,0.0,0.0,0.0,0.0,0.0,0.0,0.0,0.0,0.0,0.0,0,0,0.0
R3_live_candidate_gate_R06863,2025_08,2025-08-01 00:00:00+00:00,2025-09-01 00:00:00+00:00,0,0.0,1.0,1.0,0.0,0.0,0.0,0.0,0.0,0.0,0.0,0.0,0.0,0.0,0.0,0.0,0.0,0,0,0.0
R3_live_candidate_gate_R06863,2025_09,2025-09-01 00:00:00+00:00,2025-10-01 00:00:00+00:00,0,0.0,1.0,1.0,0.0,0.0,0.0,0.0,0.0,0.0,0.0,0.0,0.0,0.0,0.0,0.0,0.0,0,0,0.0
R3_live_candidate_gate_R06863,2025_10,2025-10-01 00:00:00+00:00,2025-11-01 00:00:00+00:00,1,0.03225806451612903,1.0214380989893033,1.2839224197909853,0.021438098989303267,-0.021459647871718168,1.0,inf,0.021438098989303354,0.021438098989303354,0.0,inf,0.021438098989303354,0.021438098989303354,1.0,0.0,0.0,0,1,62.0
R3_live_candidate_gate_R06863,2025_11,2025-11-01 00:00:00+00:00,2025-12-01 00:00:00+00:00,0,0.0,1.0,1.0,0.0,0.0,0.0,0.0,0.0,0.0,0.0,0.0,0.0,0.0,0.0,0.0,0.0,0,0,0.0
R3_live_candidate_gate_R06863,2025_12,2025-12-01 00:00:00+00:00,2026-01-01 00:00:00+00:00,1,0.03225806451612903,0.9694302702936078,0.6936411078311574,-0.030569729706392157,-0.0332583293246389,0.0,0.0,-0.030569729706392115,0.0,0.030569729706392115,0.0,-0.030569729706392115,-0.030569729706392115,0.0,1.0,0.0,0,1,5.0
R3_live_candidate_gate_R06863,2026_01,2026-01-01 00:00:00+00:00,2026-02-01 00:00:00+00:00,0,0.0,1.0,1.0,0.0,0.0,0.0,0.0,0.0,0.0,0.0,0.0,0.0,0.0,0.0,0.0,0.0,0,0,0.0
R3_live_candidate_gate_R06863,2026_02,2026-02-01 00:00:00+00:00,2026-03-01 00:00:00+00:00,1,0.03571428571428571,1.0214312509504524,1.3186512667944081,0.021431250950452396,-0.009802042566620428,1.0,inf,0.021431250950452386,0.021431250950452386,0.0,inf,0.021431250950452386,0.021431250950452386,1.0,0.0,0.0,1,0,3.0
R3_live_candidate_gate_R06863,2026_03,2026-03-01 00:00:00+00:00,2026-04-01 00:00:00+00:00,1,0.03225806451612903,1.0214312509504524,1.2838210039540205,0.021431250950452396,-0.01443480053308821,1.0,inf,0.021431250950452386,0.021431250950452386,0.0,inf,0.021431250950452386,0.021431250950452386,1.0,0.0,0.0,1,0,17.0
R3_live_candidate_gate_R06863,2026_04,2026-04-01 00:00:00+00:00,2026-05-01 00:00:00+00:00,0,0.0,1.0,1.0,0.0,0.0,0.0,0.0,0.0,0.0,0.0,0.0,0.0,0.0,0.0,0.0,0.0,0,0,0.0
R3_live_candidate_gate_R06863,2026_05,2026-05-01 00:00:00+00:00,2026-06-01 00:00:00+00:00,0,0.0,1.0,1.0,0.0,0.0,0.0,0.0,0.0,0.0,0.0,0.0,0.0,0.0,0.0,0.0,0.0,0,0,0.0
R3_live_candidate_gate_R06863,2026_06,2026-06-01 00:00:00+00:00,2026-06-26 04:20:00+00:00,1,0.039713182570325425,1.0214312509504524,1.3601311933071891,0.021431250950452396,-0.008667411087357801,1.0,inf,0.021431250950452386,0.021431250950452386,0.0,inf,0.021431250950452386,0.021431250950452386,1.0,0.0,0.0,1,0,16.0
R2_relax_winrate_payoff_R00673,2025_05,2025-05-30 10:30:00+00:00,2025-06-01 00:00:00+00:00,0,0.0,1.0,1.0,0.0,0.0,0.0,0.0,0.0,0.0,0.0,0.0,0.0,0.0,0.0,0.0,0.0,0,0,0.0
R2_relax_winrate_payoff_R00673,2025_06,2025-06-01 00:00:00+00:00,2025-07-01 00:00:00+00:00,0,0.0,1.0,1.0,0.0,0.0,0.0,0.0,0.0,0.0,0.0,0.0,0.0,0.0,0.0,0.0,0.0,0,0,0.0
R2_relax_winrate_payoff_R00673,2025_07,2025-07-01 00:00:00+00:00,2025-08-01 00:00:00+00:00,0,0.0,1.0,1.0,0.0,0.0,0.0,0.0,0.0,0.0,0.0,0.0,0.0,0.0,0.0,0.0,0.0,0,0,0.0
R2_relax_winrate_payoff_R00673,2025_08,2025-08-01 00:00:00+00:00,2025-09-01 00:00:00+00:00,0,0.0,1.0,1.0,0.0,0.0,0.0,0.0,0.0,0.0,0.0,0.0,0.0,0.0,0.0,0.0,0.0,0,0,0.0
R2_relax_winrate_payoff_R00673,2025_09,2025-09-01 00:00:00+00:00,2025-10-01 00:00:00+00:00,1,0.03333333333333333,1.0071967935282995,1.091231822846123,0.007196793528299494,-0.012437008628428892,1.0,inf,0.00719679352829953,0.00719679352829953,0.0,inf,0.00719679352829953,0.00719679352829953,0.0,0.0,1.0,0,1,49.0
R2_relax_winrate_payoff_R00673,2025_10,2025-10-01 00:00:00+00:00,2025-11-01 00:00:00+00:00,0,0.0,1.0,1.0,0.0,0.0,0.0,0.0,0.0,0.0,0.0,0.0,0.0,0.0,0.0,0.0,0.0,0,0,0.0
R2_relax_winrate_payoff_R00673,2025_11,2025-11-01 00:00:00+00:00,2025-12-01 00:00:00+00:00,1,0.03333333333333333,1.0138369547953172,1.182120719127103,0.013836954795317213,-0.012088564258705414,1.0,inf,0.013836954795317177,0.013836954795317177,0.0,inf,0.013836954795317177,0.013836954795317177,1.0,0.0,0.0,0,1,41.0
R2_relax_winrate_payoff_R00673,2025_12,2025-12-01 00:00:00+00:00,2026-01-01 00:00:00+00:00,3,0.0967741935483871,1.0108362719428647,1.1354044658923212,0.01083627194286474,-0.02492343409840081,0.6666666666666666,1.6705499362367613,0.0037021106146189493,0.013834675801854327,0.016563019759851808,0.8352749681183806,-0.016563019759851808,0.013836954795317066,0.6666666666666666,0.3333333333333333,0.0,2,1,11.0
R2_relax_winrate_payoff_R00673,2026_01,2026-01-01 00:00:00+00:00,2026-02-01 00:00:00+00:00,0,0.0,1.0,1.0,0.0,0.0,0.0,0.0,0.0,0.0,0.0,0.0,0.0,0.0,0.0,0.0,0.0,0,0,0.0
R2_relax_winrate_payoff_R00673,2026_02,2026-02-01 00:00:00+00:00,2026-03-01 00:00:00+00:00,1,0.03571428571428571,1.0138323968083913,1.1962625041819677,0.013832396808391323,-0.014996923728572753,1.0,inf,0.013832396808391368,0.013832396808391368,0.0,inf,0.013832396808391368,0.013832396808391368,1.0,0.0,0.0,1,0,22.0
R2_relax_winrate_payoff_R00673,2026_03,2026-03-01 00:00:00+00:00,2026-04-01 00:00:00+00:00,2,0.06451612903225806,1.027860749853057,1.3823333753892808,0.027860749853056976,-0.008757374511953464,1.0,inf,0.013834675801854216,0.013834675801854216,0.0,inf,0.013832396808391368,0.013836954795317066,1.0,0.0,0.0,1,1,21.0
R2_relax_winrate_payoff_R00673,2026_04,2026-04-01 00:00:00+00:00,2026-05-01 00:00:00+00:00,0,0.0,1.0,1.0,0.0,0.0,0.0,0.0,0.0,0.0,0.0,0.0,0.0,0.0,0.0,0.0,0.0,0,0,0.0
R2_relax_winrate_payoff_R00673,2026_05,2026-05-01 00:00:00+00:00,2026-06-01 00:00:00+00:00,2,0.06451612903225806,0.9970356049063559,0.9656255593376496,-0.002964395093644101,-0.024951507328423772,0.5,0.8349053850072856,-0.0013676125861183039,0.013832396808391368,0.016567621980627976,0.8349053850072856,-0.016567621980627976,0.013832396808391368,0.5,0.5,0.0,1,1,9.0
R2_relax_winrate_payoff_R00673,2026_06,2026-06-01 00:00:00+00:00,2026-06-26 04:20:00+00:00,2,0.07942636514065085,1.0278561288182475,1.4896399356075827,0.027856128818247505,-0.012497210806570402,1.0,inf,0.013832396808391368,0.013832396808391368,0.0,inf,0.013832396808391368,0.013832396808391368,1.0,0.0,0.0,2,0,18.5
R3_live_candidate_gate_R00582,2025_05,2025-05-30 10:30:00+00:00,2025-06-01 00:00:00+00:00,0,0.0,1.0,1.0,0.0,0.0,0.0,0.0,0.0,0.0,0.0,0.0,0.0,0.0,0.0,0.0,0.0,0,0,0.0
R3_live_candidate_gate_R00582,2025_06,2025-06-01 00:00:00+00:00,2025-07-01 00:00:00+00:00,1,0.03333333333333333,1.0154321555751413,1.204966170100904,0.015432155575141326,-0.004843446909966631,1.0,inf,0.015432155575141372,0.015432155575141372,0.0,inf,0.015432155575141372,0.015432155575141372,1.0,0.0,0.0,1,0,6.0
R3_live_candidate_gate_R00582,2025_07,2025-07-01 00:00:00+00:00,2025-08-01 00:00:00+00:00,0,0.0,1.0,1.0,0.0,0.0,0.0,0.0,0.0,0.0,0.0,0.0,0.0,0.0,0.0,0.0,0.0,0,0,0.0
R3_live_candidate_gate_R00582,2025_08,2025-08-01 00:00:00+00:00,2025-09-01 00:00:00+00:00,1,0.03225806451612903,1.015432155575141,1.1977405748298924,0.015432155575141104,-0.004392620863756802,1.0,inf,0.01543215557514115,0.01543215557514115,0.0,inf,0.01543215557514115,0.01543215557514115,1.0,0.0,0.0,1,0,4.0
R3_live_candidate_gate_R00582,2025_09,2025-09-01 00:00:00+00:00,2025-10-01 00:00:00+00:00,4,0.13333333333333333,1.004209121502654,1.0524686559334657,0.004209121502654067,-0.0489601974710453,0.75,1.161100542609511,0.0012308447543828644,0.011828095995480877,0.030560908968911175,0.3870335142031703,-0.030560908968911175,0.01543215557514115,0.5,0.25,0.25,4,0,58.25
R3_live_candidate_gate_R00582,2025_10,2025-10-01 00:00:00+00:00,2025-11-01 00:00:00+00:00,1,0.03225806451612903,1.0027552361033847,1.0329494598070204,0.002755236103384684,-0.022041003017531202,1.0,inf,0.0027552361033846146,0.0027552361033846146,0.0,inf,0.0027552361033846146,0.0027552361033846146,0.0,0.0,1.0,1,0,145.0
R3_live_candidate_gate_R00582,2025_11,2025-11-01 00:00:00+00:00,2025-12-01 00:00:00+00:00,0,0.0,1.0,1.0,0.0,0.0,0.0,0.0,0.0,0.0,0.0,0.0,0.0,0.0,0.0,0.0,0.0,0,0,0.0
R3_live_candidate_gate_R00582,2025_12,2025-12-01 00:00:00+00:00,2026-01-01 00:00:00+00:00,2,0.06451612903225806,1.0079737997387375,1.0980949105964108,0.007973799738737464,-0.0196724593320996,0.5,2.101040409516397,0.004043574511278707,0.01543215557514115,0.007345006552583735,2.101040409516397,-0.007345006552583735,0.01543215557514115,0.5,0.0,0.5,2,0,73.0
R3_live_candidate_gate_R00582,2026_01,2026-01-01 00:00:00+00:00,2026-02-01 00:00:00+00:00,0,0.0,1.0,1.0,0.0,0.0,0.0,0.0,0.0,0.0,0.0,0.0,0.0,0.0,0.0,0.0,0.0,0,0,0.0
R3_live_candidate_gate_R00582,2026_02,2026-02-01 00:00:00+00:00,2026-03-01 00:00:00+00:00,3,0.10714285714285714,0.9995910340795728,0.9946783051083404,-0.0004089659204271623,-0.05403860754065415,0.6666666666666666,1.009927786561573,0.00010113406045700439,0.01543215557514115,0.030560908968911286,0.5049638932807865,-0.030560908968911286,0.01543215557514115,0.6666666666666666,0.3333333333333333,0.0,3,0,61.0
R3_live_candidate_gate_R00582,2026_03,2026-03-01 00:00:00+00:00,2026-04-01 00:00:00+00:00,1,0.03225806451612903,0.9952692784062234,0.9456612679166764,-0.004730721593776632,-0.029189210345778815,0.0,0.0,-0.004730721593776644,0.0,0.004730721593776644,0.0,-0.004730721593776644,-0.004730721593776644,0.0,0.0,1.0,1,0,145.0
R3_live_candidate_gate_R00582,2026_04,2026-04-01 00:00:00+00:00,2026-05-01 00:00:00+00:00,1,0.03333333333333333,1.0154321555751413,1.204966170100904,0.015432155575141326,-0.0018113482925486979,1.0,inf,0.015432155575141372,0.015432155575141372,0.0,inf,0.015432155575141372,0.015432155575141372,1.0,0.0,0.0,1,0,16.0
R3_live_candidate_gate_R00582,2026_05,2026-05-01 00:00:00+00:00,2026-06-01 00:00:00+00:00,3,0.0967741935483871,1.047014596192361,1.7182576497383173,0.047014596192360925,-0.016318844493030116,1.0,inf,0.015432155575141077,0.015432155575141077,0.0,inf,0.015432155575140927,0.01543215557514115,1.0,0.0,0.0,3,0,39.0
R3_live_candidate_gate_R00582,2026_06,2026-06-01 00:00:00+00:00,2026-06-26 04:20:00+00:00,1,0.039713182570325425,1.015432155575141,1.2487430235294323,0.015432155575141104,-0.004622116176927538,1.0,inf,0.01543215557514115,0.01543215557514115,0.0,inf,0.01543215557514115,0.01543215557514115,1.0,0.0,0.0,1,0,21.0
R3_live_candidate_gate_R01407,2025_05,2025-05-30 10:30:00+00:00,2025-06-01 00:00:00+00:00,0,0.0,1.0,1.0,0.0,0.0,0.0,0.0,0.0,0.0,0.0,0.0,0.0,0.0,0.0,0.0,0.0,0,0,0.0
R3_live_candidate_gate_R01407,2025_06,2025-06-01 00:00:00+00:00,2025-07-01 00:00:00+00:00,1,0.03333333333333333,1.009473967549646,1.12165199212919,0.009473967549646023,-0.002843914129869951,1.0,inf,0.009473967549646023,0.009473967549646023,0.0,inf,0.009473967549646023,0.009473967549646023,0.0,0.0,1.0,0,1,25.0
R3_live_candidate_gate_R01407,2025_07,2025-07-01 00:00:00+00:00,2025-08-01 00:00:00+00:00,3,0.0967741935483871,1.0273513145472235,1.374282632113548,0.027351314547223504,-0.017655581657877395,1.0,inf,0.009040920577471108,0.009040920577471108,0.0,inf,0.0042495747906125,0.011436593470900524,0.6666666666666666,0.0,0.3333333333333333,0,3,15.666666666666666
R3_live_candidate_gate_R01407,2025_08,2025-08-01 00:00:00+00:00,2025-09-01 00:00:00+00:00,2,0.06451612903225806,1.0230039826120194,1.307305792954453,0.023003982612019414,-0.007980953414973735,1.0,inf,0.011436593470900468,0.011436593470900468,0.0,inf,0.011436593470900413,0.011436593470900524,1.0,0.0,0.0,0,2,16.0
R3_live_candidate_gate_R01407,2025_09,2025-09-01 00:00:00+00:00,2025-10-01 00:00:00+00:00,1,0.03333333333333333,0.9982931784126937,0.9794164857275869,-0.0017068215873062842,-0.008105076338935202,0.0,0.0,-0.001706821587306309,0.0,0.001706821587306309,0.0,-0.001706821587306309,-0.001706821587306309,0.0,0.0,1.0,0,1,25.0
R3_live_candidate_gate_R01407,2025_10,2025-10-01 00:00:00+00:00,2025-11-01 00:00:00+00:00,0,0.0,1.0,1.0,0.0,0.0,0.0,0.0,0.0,0.0,0.0,0.0,0.0,0.0,0.0,0.0,0.0,0,0,0.0
R3_live_candidate_gate_R01407,2025_11,2025-11-01 00:00:00+00:00,2025-12-01 00:00:00+00:00,2,0.06666666666666667,1.017681360320782,1.2378667853639604,0.017681360320781936,-0.011320737295070993,1.0,inf,0.008805374506905723,0.008805374506905723,0.0,inf,0.006174155542911033,0.011436593470900413,0.5,0.0,0.5,0,2,22.0
R3_live_candidate_gate_R01407,2025_12,2025-12-01 00:00:00+00:00,2026-01-01 00:00:00+00:00,2,0.06451612903225806,1.004410640684775,1.053220947781912,0.004410640684775036,-0.008781469492351812,1.0,inf,0.0022038813898182185,0.0022038813898182185,0.0,inf,0.0007970452081704039,0.0036107175714660327,0.0,0.0,1.0,0,2,25.0
R3_live_candidate_gate_R01407,2026_01,2026-01-01 00:00:00+00:00,2026-02-01 00:00:00+00:00,2,0.06451612903225806,1.0116677763369606,1.1464577088654306,0.01166777633696059,-0.012172715945167,1.0,inf,0.005832581144157849,0.005832581144157849,0.0,inf,0.0002285688174152844,0.011436593470900413,0.5,0.0,0.5,0,2,16.5
R3_live_candidate_gate_R01407,2026_02,2026-02-01 00:00:00+00:00,2026-03-01 00:00:00+00:00,4,0.14285714285714285,1.0016759598488327,1.0220843247806897,0.001675959848832731,-0.019064627355462438,0.5,1.0926605191371084,0.000484926777170722,0.011436593470900357,0.010466739916558913,1.0926605191371084,-0.015416360795145486,0.011436593470900413,0.5,0.0,0.5,0,4,19.25
R3_live_candidate_gate_R01407,2026_03,2026-03-01 00:00:00+00:00,2026-04-01 00:00:00+00:00,2,0.06451612903225806,1.0230039826120194,1.307305792954453,0.023003982612019414,-0.010502842876614515,1.0,inf,0.011436593470900413,0.011436593470900413,0.0,inf,0.011436593470900413,0.011436593470900413,1.0,0.0,0.0,0,2,15.0
R3_live_candidate_gate_R01407,2026_04,2026-04-01 00:00:00+00:00,2026-05-01 00:00:00+00:00,2,0.06666666666666667,0.9899621502551952,0.8844154830497123,-0.010037849744804817,-0.019349712451313672,0.0,0.0,-0.00502923436362086,0.0,0.00502923436362086,0.0,-0.007191227852830369,-0.0028672408744113507,0.0,0.0,1.0,0,2,25.0
R3_live_candidate_gate_R01407,2026_05,2026-05-01 00:00:00+00:00,2026-06-01 00:00:00+00:00,0,0.0,1.0,1.0,0.0,0.0,0.0,0.0,0.0,0.0,0.0,0.0,0.0,0.0,0.0,0.0,0.0,0,0,0.0
R3_live_candidate_gate_R01407,2026_06,2026-06-01 00:00:00+00:00,2026-06-26 04:20:00+00:00,1,0.039713182570325425,1.0114365934709002,1.1793330798649913,0.011436593470900203,-0.008209113809897639,1.0,inf,0.01143659347090019,0.01143659347090019,0.0,inf,0.01143659347090019,0.01143659347090019,1.0,0.0,0.0,0,1,10.0
R2_relax_winrate_payoff_R02952,2025_05,2025-05-30 10:30:00+00:00,2025-06-01 00:00:00+00:00,0,0.0,1.0,1.0,0.0,0.0,0.0,0.0,0.0,0.0,0.0,0.0,0.0,0.0,0.0,0.0,0.0,0,0,0.0
R2_relax_winrate_payoff_R02952,2025_06,2025-06-01 00:00:00+00:00,2025-07-01 00:00:00+00:00,2,0.06666666666666667,0.9577509921820867,0.591221928330046,-0.0422490078179133,-0.04302686147170498,0.0,0.0,-0.02130873359819068,0.0,0.02130873359819068,0.0,-0.030560908968911286,-0.01205655822747008,0.0,0.5,0.5,2,0,49.5
R2_relax_winrate_payoff_R02952,2025_07,2025-07-01 00:00:00+00:00,2025-08-01 00:00:00+00:00,1,0.03225806451612903,1.0155753032944568,1.199731499846414,0.015575303294456777,-0.019136802719607715,1.0,inf,0.015575303294456796,0.015575303294456796,0.0,inf,0.015575303294456796,0.015575303294456796,0.0,0.0,1.0,1,0,73.0
R2_relax_winrate_payoff_R02952,2025_08,2025-08-01 00:00:00+00:00,2025-09-01 00:00:00+00:00,1,0.03225806451612903,1.023803183239555,1.3193898881087611,0.023803183239555104,-0.004392620863756802,1.0,inf,0.023803183239555162,0.023803183239555162,0.0,inf,0.023803183239555162,0.023803183239555162,0.0,0.0,1.0,1,0,73.0
R2_relax_winrate_payoff_R02952,2025_09,2025-09-01 00:00:00+00:00,2025-10-01 00:00:00+00:00,1,0.03333333333333333,0.9971958670116009,0.9663895397411117,-0.0028041329883990995,-0.0061182119007494595,0.0,0.0,-0.0028041329883990987,0.0,0.0028041329883990987,0.0,-0.0028041329883990987,-0.0028041329883990987,0.0,0.0,1.0,1,0,73.0
R2_relax_winrate_payoff_R02952,2025_10,2025-10-01 00:00:00+00:00,2025-11-01 00:00:00+00:00,3,0.0967741935483871,1.0440443159685562,1.6616949613931753,0.04404431596855618,-0.015290714780262227,0.6666666666666666,61.58941937202285,0.01462432288237296,0.02229853572710348,0.0007241028070880839,30.794709686011426,-0.0007241028070880839,0.03942853707638587,0.3333333333333333,0.0,0.6666666666666666,3,0,70.66666666666667
R2_relax_winrate_payoff_R02952,2025_11,2025-11-01 00:00:00+00:00,2025-12-01 00:00:00+00:00,1,0.03333333333333333,0.9694390910310887,0.6853105660308034,-0.030560908968911282,-0.03199866806457752,0.0,0.0,-0.030560908968911286,0.0,0.030560908968911286,0.0,-0.030560908968911286,-0.030560908968911286,0.0,1.0,0.0,1,0,14.0
R2_relax_winrate_payoff_R02952,2025_12,2025-12-01 00:00:00+00:00,2026-01-01 00:00:00+00:00,2,0.06451612903225806,0.9725911310166844,0.7207617618118827,-0.027408868983315626,-0.033051208603883,0.5,0.10639100783298201,-0.013654751531708397,0.0032514059054944908,0.030560908968911286,0.10639100783298201,-0.030560908968911286,0.0032514059054944908,0.0,0.5,0.5,2,0,72.0
R2_relax_winrate_payoff_R02952,2026_01,2026-01-01 00:00:00+00:00,2026-02-01 00:00:00+00:00,4,0.12903225806451613,1.0788627867062257,2.4457746053835794,0.07886278670622571,-0.026583231054624457,0.75,7.371311958582012,0.019388947559176105,0.0299094821571794,0.012172656234833788,2.4571039861940043,-0.012172656234833788,0.03942853707638609,0.5,0.0,0.5,4,0,48.0
R2_relax_winrate_payoff_R02952,2026_02,2026-02-01 00:00:00+00:00,2026-03-01 00:00:00+00:00,1,0.03571428571428571,1.0394285370763858,1.6560751056769105,0.03942853707638583,-0.005892355002742544,1.0,inf,0.03942853707638587,0.03942853707638587,0.0,inf,0.03942853707638587,0.03942853707638587,1.0,0.0,0.0,1,0,19.0
R2_relax_winrate_payoff_R02952,2026_03,2026-03-01 00:00:00+00:00,2026-04-01 00:00:00+00:00,3,0.0967741935483871,1.0500587775057935,1.7780510359867086,0.05005877750579346,-0.018088391154755135,0.6666666666666666,11.723512810705987,0.01657492896533979,0.02718088682670812,0.004636986757396872,5.861756405352994,-0.004636986757396872,0.03942853707638587,0.3333333333333333,0.0,0.6666666666666666,3,0,60.0
R2_relax_winrate_payoff_R02952,2026_04,2026-04-01 00:00:00+00:00,2026-05-01 00:00:00+00:00,0,0.0,1.0,1.0,0.0,0.0,0.0,0.0,0.0,0.0,0.0,0.0,0.0,0.0,0.0,0.0,0.0,0,0,0.0
R2_relax_winrate_payoff_R02952,2026_05,2026-05-01 00:00:00+00:00,2026-06-01 00:00:00+00:00,6,0.1935483870967742,1.0776926071086885,2.414700880433666,0.07769260710868853,-0.0379104800303387,0.8333333333333334,3.518424605249901,0.012827557517684668,0.02150525081500381,0.030560908968911064,0.7036849210499801,-0.030560908968911064,0.03942853707638587,0.3333333333333333,0.16666666666666666,0.5,6,0,58.166666666666664
R2_relax_winrate_payoff_R02952,2026_06,2026-06-01 00:00:00+00:00,2026-06-26 04:20:00+00:00,2,0.07942636514065085,1.0338199162598638,1.6200434411262736,0.0338199162598638,-0.016100428719444726,0.5,7.307170149859384,0.017016333751691173,0.03942853707638587,0.005395869573003527,7.307170149859384,-0.005395869573003527,0.03942853707638587,0.5,0.0,0.5,2,0,68.5
R1_relax_frequency_R03000,2025_05,2025-05-30 10:30:00+00:00,2025-06-01 00:00:00+00:00,0,0.0,1.0,1.0,0.0,0.0,0.0,0.0,0.0,0.0,0.0,0.0,0.0,0.0,0.0,0.0,0.0,0,0,0.0
R1_relax_frequency_R03000,2025_06,2025-06-01 00:00:00+00:00,2025-07-01 00:00:00+00:00,0,0.0,1.0,1.0,0.0,0.0,0.0,0.0,0.0,0.0,0.0,0.0,0.0,0.0,0.0,0.0,0.0,0,0,0.0
R1_relax_frequency_R03000,2025_07,2025-07-01 00:00:00+00:00,2025-08-01 00:00:00+00:00,1,0.03225806451612903,0.9946042498952236,0.938243044095781,-0.005395750104776442,-0.012946839398131349,0.0,0.0,-0.005395750104776483,0.0,0.005395750104776483,0.0,-0.005395750104776483,-0.005395750104776483,0.0,0.0,1.0,1,0,19.0
R1_relax_frequency_R03000,2025_08,2025-08-01 00:00:00+00:00,2025-09-01 00:00:00+00:00,2,0.06451612903225806,1.016937540988497,1.2188298686136836,0.01693754098849709,-0.007832969648959298,1.0,inf,0.00843321097061119,0.00843321097061119,0.0,inf,0.00843321097061119,0.00843321097061119,1.0,0.0,0.0,2,0,8.0
R1_relax_frequency_R03000,2025_09,2025-09-01 00:00:00+00:00,2025-10-01 00:00:00+00:00,3,0.1,1.003022803041251,1.037430637348372,0.00302280304125091,-0.011428704314293436,0.6666666666666666,1.542752227446217,0.0010232339221850808,0.0043627543089336945,0.005655806851312146,0.7713761137231085,-0.005655806851312146,0.008433210970611412,0.3333333333333333,0.0,0.6666666666666666,3,0,14.666666666666666
R1_relax_frequency_R03000,2025_10,2025-10-01 00:00:00+00:00,2025-11-01 00:00:00+00:00,2,0.06451612903225806,1.0169375409884975,1.21882986861369,0.016937540988497535,-0.006341619474784177,1.0,inf,0.008433210970611412,0.008433210970611412,0.0,inf,0.008433210970611412,0.008433210970611412,1.0,0.0,0.0,2,0,4.0
R1_relax_frequency_R03000,2025_11,2025-11-01 00:00:00+00:00,2025-12-01 00:00:00+00:00,1,0.03333333333333333,0.9936538860139863,0.9254176379852764,-0.006346113986013702,-0.011553502827572282,0.0,0.0,-0.006346113986013665,0.0,0.006346113986013665,0.0,-0.006346113986013665,-0.006346113986013665,0.0,0.0,1.0,1,0,19.0
R1_relax_frequency_R03000,2025_12,2025-12-01 00:00:00+00:00,2026-01-01 00:00:00+00:00,0,0.0,1.0,1.0,0.0,0.0,0.0,0.0,0.0,0.0,0.0,0.0,0.0,0.0,0.0,0.0,0.0,0,0,0.0
R1_relax_frequency_R03000,2026_01,2026-01-01 00:00:00+00:00,2026-02-01 00:00:00+00:00,2,0.06451612903225806,0.993176490810796,0.9224963193355252,-0.006823509189204047,-0.009506854838772894,0.5,0.1562468588602228,-0.003406660486089579,0.001261696044024702,0.00807501701620386,0.1562468588602228,-0.00807501701620386,0.001261696044024702,0.0,0.0,1.0,2,0,19.0
R1_relax_frequency_R03000,2026_02,2026-02-01 00:00:00+00:00,2026-03-01 00:00:00+00:00,2,0.07142857142857142,1.0169375409884975,1.2449481854616342,0.016937540988497535,-0.0101185850095592,1.0,inf,0.008433210970611412,0.008433210970611412,0.0,inf,0.008433210970611412,0.008433210970611412,1.0,0.0,0.0,2,0,11.5
R1_relax_frequency_R03000,2026_03,2026-03-01 00:00:00+00:00,2026-04-01 00:00:00+00:00,3,0.0967741935483871,1.017382345743811,1.2251259612078191,0.017382345743810923,-0.008120121199599706,1.0,inf,0.005767939426050414,0.005767939426050414,0.0,inf,0.0004373963369286388,0.008433210970611412,0.6666666666666666,0.0,0.3333333333333333,3,0,12.0
R1_relax_frequency_R03000,2026_04,2026-04-01 00:00:00+00:00,2026-05-01 00:00:00+00:00,2,0.06666666666666667,0.9929505428236169,0.9174739537111951,-0.007049457176383056,-0.015164537235771158,0.0,0.0,-0.003527271107431959,0.0,0.003527271107431959,0.0,-0.00623957695015499,-0.0008149652647089278,0.0,0.0,1.0,2,0,19.0
R1_relax_frequency_R03000,2026_05,2026-05-01 00:00:00+00:00,2026-06-01 00:00:00+00:00,1,0.03225806451612903,1.0084332109706113,1.104006281057173,0.008433210970611338,-0.011120631001231285,1.0,inf,0.008433210970611412,0.008433210970611412,0.0,inf,0.008433210970611412,0.008433210970611412,1.0,0.0,0.0,1,0,3.0
R1_relax_frequency_R03000,2026_06,2026-06-01 00:00:00+00:00,2026-06-26 04:20:00+00:00,1,0.039713182570325425,1.0084332109706111,1.129542666393292,0.008433210970611116,-0.002340109990375594,1.0,inf,0.00843321097061119,0.00843321097061119,0.0,inf,0.00843321097061119,0.00843321097061119,1.0,0.0,0.0,1,0,1.0
R1_relax_frequency_R01426,2025_05,2025-05-30 10:30:00+00:00,2025-06-01 00:00:00+00:00,0,0.0,1.0,1.0,0.0,0.0,0.0,0.0,0.0,0.0,0.0,0.0,0.0,0.0,0.0,0.0,0.0,0,0,0.0
R1_relax_frequency_R01426,2025_06,2025-06-01 00:00:00+00:00,2025-07-01 00:00:00+00:00,2,0.06666666666666667,0.998813222489175,0.985646412341606,-0.0011867775108249656,-0.008932993823708713,0.5,0.8597691057130293,-0.0005654320923552192,0.006933437126783881,0.00806430131149432,0.8597691057130293,-0.00806430131149432,0.006933437126783881,0.5,0.5,0.0,2,0,4.5
R1_relax_frequency_R01426,2025_07,2025-07-01 00:00:00+00:00,2025-08-01 00:00:00+00:00,0,0.0,1.0,1.0,0.0,0.0,0.0,0.0,0.0,0.0,0.0,0.0,0.0,0.0,0.0,0.0,0.0,0,0,0.0
R1_relax_frequency_R01426,2025_08,2025-08-01 00:00:00+00:00,2025-09-01 00:00:00+00:00,3,0.0967741935483871,1.02094486233953,1.2766365683301497,0.02094486233953008,-0.0034924378722085425,1.0,inf,0.006933437126783658,0.006933437126783658,0.0,inf,0.006933437126783659,0.006933437126783659,1.0,0.0,0.0,3,0,3.3333333333333335
R1_relax_frequency_R01426,2025_09,2025-09-01 00:00:00+00:00,2025-10-01 00:00:00+00:00,0,0.0,1.0,1.0,0.0,0.0,0.0,0.0,0.0,0.0,0.0,0.0,0.0,0.0,0.0,0.0,0.0,0,0,0.0
R1_relax_frequency_R01426,2025_10,2025-10-01 00:00:00+00:00,2025-11-01 00:00:00+00:00,2,0.06451612903225806,0.9839364303326541,0.8262963951700926,-0.0160635696673459,-0.01638368504892329,0.0,0.0,-0.008064301311494264,0.0,0.008064301311494264,0.0,-0.00806430131149432,-0.008064301311494208,0.0,1.0,0.0,2,0,7.0
R1_relax_frequency_R01426,2025_11,2025-11-01 00:00:00+00:00,2025-12-01 00:00:00+00:00,1,0.03333333333333333,1.0069334371267837,1.0877630078591392,0.006933437126783737,-0.0016168430249385857,1.0,inf,0.006933437126783659,0.006933437126783659,0.0,inf,0.006933437126783659,0.006933437126783659,1.0,0.0,0.0,1,0,4.0
R1_relax_frequency_R01426,2025_12,2025-12-01 00:00:00+00:00,2026-01-01 00:00:00+00:00,0,0.0,1.0,1.0,0.0,0.0,0.0,0.0,0.0,0.0,0.0,0.0,0.0,0.0,0.0,0.0,0.0,0,0,0.0
R1_relax_frequency_R01426,2026_01,2026-01-01 00:00:00+00:00,2026-02-01 00:00:00+00:00,1,0.03225806451612903,1.0069334371267837,1.0848151959537493,0.006933437126783737,-0.0022484701404941188,1.0,inf,0.006933437126783659,0.006933437126783659,0.0,inf,0.006933437126783659,0.006933437126783659,1.0,0.0,0.0,1,0,3.0
R1_relax_frequency_R01426,2026_02,2026-02-01 00:00:00+00:00,2026-03-01 00:00:00+00:00,0,0.0,1.0,1.0,0.0,0.0,0.0,0.0,0.0,0.0,0.0,0.0,0.0,0.0,0.0,0.0,0.0,0,0,0.0
R1_relax_frequency_R01426,2026_03,2026-03-01 00:00:00+00:00,2026-04-01 00:00:00+00:00,0,0.0,1.0,1.0,0.0,0.0,0.0,0.0,0.0,0.0,0.0,0.0,0.0,0.0,0.0,0.0,0.0,0,0,0.0
R1_relax_frequency_R01426,2026_04,2026-04-01 00:00:00+00:00,2026-05-01 00:00:00+00:00,1,0.03333333333333333,1.0069334371267837,1.0877630078591392,0.006933437126783737,-0.0017319300180139718,1.0,inf,0.006933437126783659,0.006933437126783659,0.0,inf,0.006933437126783659,0.006933437126783659,1.0,0.0,0.0,1,0,3.0
R1_relax_frequency_R01426,2026_05,2026-05-01 00:00:00+00:00,2026-06-01 00:00:00+00:00,0,0.0,1.0,1.0,0.0,0.0,0.0,0.0,0.0,0.0,0.0,0.0,0.0,0.0,0.0,0.0,0.0,0,0,0.0
R1_relax_frequency_R01426,2026_06,2026-06-01 00:00:00+00:00,2026-06-26 04:20:00+00:00,2,0.07942636514065085,1.0139149468039585,1.2219503634005155,0.01391494680395855,-0.005916427014866388,1.0,inf,0.006933437126783659,0.006933437126783659,0.0,inf,0.006933437126783659,0.006933437126783659,1.0,0.0,0.0,2,0,4.5
R1_relax_frequency_R05264,2025_05,2025-05-30 10:30:00+00:00,2025-06-01 00:00:00+00:00,0,0.0,1.0,1.0,0.0,0.0,0.0,0.0,0.0,0.0,0.0,0.0,0.0,0.0,0.0,0.0,0.0,0,0,0.0
R1_relax_frequency_R05264,2025_06,2025-06-01 00:00:00+00:00,2025-07-01 00:00:00+00:00,2,0.06666666666666667,0.9886126963059438,0.8698488335634909,-0.011387303694056161,-0.034739281408478595,0.5,0.5067237087381579,-0.0055646782384479515,0.011432758658267142,0.022562115135163045,0.5067237087381579,-0.022562115135163045,0.011432758658267142,0.5,0.5,0.0,2,0,41.0
R1_relax_frequency_R05264,2025_07,2025-07-01 00:00:00+00:00,2025-08-01 00:00:00+00:00,3,0.0967741935483871,1.034691894239098,1.494540113885095,0.03469189423909791,-0.014034885979472778,1.0,inf,0.011432758658267142,0.011432758658267142,0.0,inf,0.011432758658267142,0.011432758658267142,1.0,0.0,0.0,3,0,27.333333333333332
R1_relax_frequency_R05264,2025_08,2025-08-01 00:00:00+00:00,2025-09-01 00:00:00+00:00,2,0.06451612903225806,1.0229962252870723,1.3071889983925549,0.022996225287072347,-0.021852197829762,1.0,inf,0.01143275865826703,0.01143275865826703,0.0,inf,0.01143275865826692,0.011432758658267142,1.0,0.0,0.0,2,0,29.0
R1_relax_frequency_R05264,2025_09,2025-09-01 00:00:00+00:00,2025-10-01 00:00:00+00:00,2,0.06666666666666667,1.0147534430490932,1.1951970043640465,0.014753443049093207,-0.018979313576642287,1.0,inf,0.0073579537998038225,0.0073579537998038225,0.0,inf,0.0032831489413407255,0.01143275865826692,0.5,0.0,0.5,2,0,92.0
R1_relax_frequency_R05264,2025_10,2025-10-01 00:00:00+00:00,2025-11-01 00:00:00+00:00,2,0.06451612903225806,1.0229962252870723,1.3071889983925549,0.022996225287072347,-0.015972328982717943,1.0,inf,0.01143275865826703,0.01143275865826703,0.0,inf,0.01143275865826692,0.011432758658267142,1.0,0.0,0.0,2,0,18.0
R1_relax_frequency_R05264,2025_11,2025-11-01 00:00:00+00:00,2025-12-01 00:00:00+00:00,0,0.0,1.0,1.0,0.0,0.0,0.0,0.0,0.0,0.0,0.0,0.0,0.0,0.0,0.0,0.0,0.0,0,0,0.0
R1_relax_frequency_R05264,2025_12,2025-12-01 00:00:00+00:00,2026-01-01 00:00:00+00:00,3,0.0967741935483871,1.0346918942390975,1.4945401138850873,0.034691894239097465,-0.0085099942210356,1.0,inf,0.011432758658266992,0.011432758658266992,0.0,inf,0.01143275865826692,0.011432758658267142,1.0,0.0,0.0,3,0,11.666666666666666
R1_relax_frequency_R05264,2026_01,2026-01-01 00:00:00+00:00,2026-02-01 00:00:00+00:00,2,0.06451612903225806,1.0229962252870723,1.3071889983925549,0.022996225287072347,-0.0031747940863720014,1.0,inf,0.01143275865826703,0.01143275865826703,0.0,inf,0.01143275865826692,0.011432758658267142,1.0,0.0,0.0,2,0,32.0
R1_relax_frequency_R05264,2026_02,2026-02-01 00:00:00+00:00,2026-03-01 00:00:00+00:00,3,0.10714285714285714,1.0292720522680996,1.4569737611179505,0.02927205226809959,-0.015374839604555546,1.0,inf,0.009666756061507032,0.009666756061507032,0.0,inf,0.0061347508679868165,0.011432758658267142,0.6666666666666666,0.0,0.3333333333333333,3,0,47.0
R1_relax_frequency_R05264,2026_03,2026-03-01 00:00:00+00:00,2026-04-01 00:00:00+00:00,5,0.16129032258064516,0.9985567590508135,0.9831270499585346,-0.001443240949186464,-0.025181423951972093,0.6,0.974136295350091,-0.00018212656361284995,0.011432758658266992,0.017604454396432614,0.6494241969000606,-0.022562115135163045,0.011432758658267142,0.6,0.2,0.2,5,0,24.6
R1_relax_frequency_R05264,2026_04,2026-04-01 00:00:00+00:00,2026-05-01 00:00:00+00:00,2,0.06666666666666667,1.0053562430278813,1.0671998265474074,0.005356243027881291,-0.010675785323952858,0.5,1.9029765300005388,0.0027124645466785014,0.01143275865826692,0.006007829564909917,1.9029765300005388,-0.006007829564909917,0.01143275865826692,0.5,0.0,0.5,2,0,92.0
R1_relax_frequency_R05264,2026_05,2026-05-01 00:00:00+00:00,2026-06-01 00:00:00+00:00,3,0.0967741935483871,1.0346918942390977,1.4945401138850911,0.03469189423909769,-0.005306000483884965,1.0,inf,0.011432758658267067,0.011432758658267067,0.0,inf,0.01143275865826692,0.011432758658267142,1.0,0.0,0.0,3,0,7.0
R1_relax_frequency_R05264,2026_06,2026-06-01 00:00:00+00:00,2026-06-26 04:20:00+00:00,1,0.039713182570325425,1.011432758658267,1.1792682230278404,0.011432758658266984,-0.009087492831162058,1.0,inf,0.01143275865826692,0.01143275865826692,0.0,inf,0.01143275865826692,0.01143275865826692,1.0,0.0,0.0,1,0,32.0
R2_relax_winrate_payoff_R01721,2025_05,2025-05-30 10:30:00+00:00,2025-06-01 00:00:00+00:00,0,0.0,1.0,1.0,0.0,0.0,0.0,0.0,0.0,0.0,0.0,0.0,0.0,0.0,0.0,0.0,0.0,0,0,0.0
R2_relax_winrate_payoff_R01721,2025_06,2025-06-01 00:00:00+00:00,2025-07-01 00:00:00+00:00,0,0.0,1.0,1.0,0.0,0.0,0.0,0.0,0.0,0.0,0.0,0.0,0.0,0.0,0.0,0.0,0.0,0,0,0.0
R2_relax_winrate_payoff_R01721,2025_07,2025-07-01 00:00:00+00:00,2025-08-01 00:00:00+00:00,0,0.0,1.0,1.0,0.0,0.0,0.0,0.0,0.0,0.0,0.0,0.0,0.0,0.0,0.0,0.0,0.0,0,0,0.0
R2_relax_winrate_payoff_R01721,2025_08,2025-08-01 00:00:00+00:00,2025-09-01 00:00:00+00:00,0,0.0,1.0,1.0,0.0,0.0,0.0,0.0,0.0,0.0,0.0,0.0,0.0,0.0,0.0,0.0,0.0,0,0,0.0
R2_relax_winrate_payoff_R01721,2025_09,2025-09-01 00:00:00+00:00,2025-10-01 00:00:00+00:00,0,0.0,1.0,1.0,0.0,0.0,0.0,0.0,0.0,0.0,0.0,0.0,0.0,0.0,0.0,0.0,0.0,0,0,0.0
R2_relax_winrate_payoff_R01721,2025_10,2025-10-01 00:00:00+00:00,2025-11-01 00:00:00+00:00,0,0.0,1.0,1.0,0.0,0.0,0.0,0.0,0.0,0.0,0.0,0.0,0.0,0.0,0.0,0.0,0.0,0,0,0.0
R2_relax_winrate_payoff_R01721,2025_11,2025-11-01 00:00:00+00:00,2025-12-01 00:00:00+00:00,0,0.0,1.0,1.0,0.0,0.0,0.0,0.0,0.0,0.0,0.0,0.0,0.0,0.0,0.0,0.0,0.0,0,0,0.0
R2_relax_winrate_payoff_R01721,2025_12,2025-12-01 00:00:00+00:00,2026-01-01 00:00:00+00:00,0,0.0,1.0,1.0,0.0,0.0,0.0,0.0,0.0,0.0,0.0,0.0,0.0,0.0,0.0,0.0,0.0,0,0,0.0
R2_relax_winrate_payoff_R01721,2026_01,2026-01-01 00:00:00+00:00,2026-02-01 00:00:00+00:00,1,0.03225806451612903,0.983432378019372,0.8213227604709408,-0.016567621980628,-0.023245981050787234,0.0,0.0,-0.016567621980627976,0.0,0.016567621980627976,0.0,-0.016567621980627976,-0.016567621980627976,0.0,1.0,0.0,0,1,4.0
R2_relax_winrate_payoff_R01721,2026_02,2026-02-01 00:00:00+00:00,2026-03-01 00:00:00+00:00,0,0.0,1.0,1.0,0.0,0.0,0.0,0.0,0.0,0.0,0.0,0.0,0.0,0.0,0.0,0.0,0.0,0,0,0.0
R2_relax_winrate_payoff_R01721,2026_03,2026-03-01 00:00:00+00:00,2026-04-01 00:00:00+00:00,0,0.0,1.0,1.0,0.0,0.0,0.0,0.0,0.0,0.0,0.0,0.0,0.0,0.0,0.0,0.0,0.0,0,0,0.0
R2_relax_winrate_payoff_R01721,2026_04,2026-04-01 00:00:00+00:00,2026-05-01 00:00:00+00:00,0,0.0,1.0,1.0,0.0,0.0,0.0,0.0,0.0,0.0,0.0,0.0,0.0,0.0,0.0,0.0,0.0,0,0,0.0
R2_relax_winrate_payoff_R01721,2026_05,2026-05-01 00:00:00+00:00,2026-06-01 00:00:00+00:00,1,0.03225806451612903,1.002492814433162,1.0297689281570812,0.0024928144331619606,-0.006696247742230765,1.0,inf,0.0024928144331620647,0.0024928144331620647,0.0,inf,0.0024928144331620647,0.0024928144331620647,0.0,0.0,1.0,0,1,13.0
R2_relax_winrate_payoff_R01721,2026_06,2026-06-01 00:00:00+00:00,2026-06-26 04:20:00+00:00,2,0.07942636514065085,1.0388515574824535,1.7382507282113202,0.0388515574824535,-0.005140186441993988,1.0,inf,0.019291195671290343,0.019291195671290343,0.0,inf,0.009143087938554825,0.02943930340402586,0.5,0.0,0.5,0,2,8.0
R1_relax_frequency_R00535,2025_05,2025-05-30 10:30:00+00:00,2025-06-01 00:00:00+00:00,0,0.0,1.0,1.0,0.0,0.0,0.0,0.0,0.0,0.0,0.0,0.0,0.0,0.0,0.0,0.0,0.0,0,0,0.0
R1_relax_frequency_R00535,2025_06,2025-06-01 00:00:00+00:00,2025-07-01 00:00:00+00:00,4,0.13333333333333333,0.9797941065542758,0.7799494717136238,-0.02020589344572421,-0.026249397407964947,0.0,0.0,-0.005069941488877392,0.0,0.005069941488877392,0.0,-0.0159882251005227,-0.0004909918674318,0.0,0.0,1.0,4,0,25.0
R1_relax_frequency_R00535,2025_07,2025-07-01 00:00:00+00:00,2025-08-01 00:00:00+00:00,0,0.0,1.0,1.0,0.0,0.0,0.0,0.0,0.0,0.0,0.0,0.0,0.0,0.0,0.0,0.0,0.0,0,0,0.0
R1_relax_frequency_R00535,2025_08,2025-08-01 00:00:00+00:00,2025-09-01 00:00:00+00:00,1,0.03225806451612903,0.9904195035990425,0.8927719710953721,-0.009580496400957483,-0.013943410946811396,0.0,0.0,-0.009580496400957525,0.0,0.009580496400957525,0.0,-0.009580496400957525,-0.009580496400957525,0.0,0.0,1.0,1,0,25.0
R1_relax_frequency_R00535,2025_09,2025-09-01 00:00:00+00:00,2025-10-01 00:00:00+00:00,3,0.1,1.0039862007379396,1.0496276908390476,0.003986200737939649,-0.00450591470640449,0.3333333333333333,1.9450897967524379,0.00133979481820911,0.008272297213223315,0.002126456379297993,3.8901795935048757,-0.0037203712347652954,0.008272297213223315,0.0,0.0,1.0,3,0,25.0
R1_relax_frequency_R00535,2025_10,2025-10-01 00:00:00+00:00,2025-11-01 00:00:00+00:00,2,0.06451612903225806,1.0244614253980198,1.3294193303708295,0.024461425398019765,-0.017972001914190017,1.0,inf,0.012198923761208529,0.012198923761208529,0.0,inf,0.0029665965719648944,0.021431250950452164,0.5,0.0,0.5,2,0,20.5
R1_relax_frequency_R00535,2025_11,2025-11-01 00:00:00+00:00,2025-12-01 00:00:00+00:00,2,0.06666666666666667,0.980265291423759,0.7845283516202416,-0.019734708576241045,-0.04636567104140721,0.0,0.0,-0.009911642653827575,0.0,0.009911642653827575,0.0,-0.013020328659706076,-0.006802956647949076,0.0,0.0,1.0,2,0,25.0
R1_relax_frequency_R00535,2025_12,2025-12-01 00:00:00+00:00,2026-01-01 00:00:00+00:00,4,0.12903225806451613,1.042251832109706,1.6283906620711082,0.04225183210970607,-0.020553279247872425,0.75,31.227780441220077,0.010459364689561362,0.014407177296853877,0.001384073132316187,10.409260147073358,-0.001384073132316187,0.021431250950452386,0.5,0.0,0.5,4,0,21.75
R1_relax_frequency_R00535,2026_01,2026-01-01 00:00:00+00:00,2026-02-01 00:00:00+00:00,0,0.0,1.0,1.0,0.0,0.0,0.0,0.0,0.0,0.0,0.0,0.0,0.0,0.0,0.0,0.0,0.0,0,0,0.0
R1_relax_frequency_R00535,2026_02,2026-02-01 00:00:00+00:00,2026-03-01 00:00:00+00:00,3,0.10714285714285714,1.019862398252841,1.2924741300410652,0.019862398252840974,-0.0358225203748781,0.6666666666666666,1.9062456211993117,0.0067924011172116605,0.021431250950452386,0.02248529854926979,0.9531228105996559,-0.02248529854926979,0.021431250950452386,0.6666666666666666,0.0,0.3333333333333333,3,0,14.666666666666666
R1_relax_frequency_R00535,2026_03,2026-03-01 00:00:00+00:00,2026-04-01 00:00:00+00:00,2,0.06451612903225806,1.0433218004182059,1.6481963701935058,0.04332180041820588,-0.015492408057248719,1.0,inf,0.021431250950452275,0.021431250950452275,0.0,inf,0.021431250950452164,0.021431250950452386,1.0,0.0,0.0,2,0,11.5
R1_relax_frequency_R00535,2026_04,2026-04-01 00:00:00+00:00,2026-05-01 00:00:00+00:00,2,0.06666666666666667,1.0050731856712187,1.0635473613606847,0.005073185671218727,-0.007606953280239415,0.5,1.7405362171408776,0.002578806993712928,0.012122315872417775,0.006964701884991919,1.7405362171408776,-0.006964701884991919,0.012122315872417775,0.0,0.0,1.0,2,0,25.0
R1_relax_frequency_R00535,2026_05,2026-05-01 00:00:00+00:00,2026-06-01 00:00:00+00:00,1,0.03225806451612903,1.0009010975782102,1.0106686925571413,0.0009010975782102193,-0.009124778865375216,1.0,inf,0.0009010975782102158,0.0009010975782102158,0.0,inf,0.0009010975782102158,0.0009010975782102158,0.0,0.0,1.0,1,0,25.0
R1_relax_frequency_R00535,2026_06,2026-06-01 00:00:00+00:00,2026-06-26 04:20:00+00:00,2,0.07942636514065085,1.043321800418206,1.8499568630072392,0.0433218004182061,-0.011061797548761132,1.0,inf,0.021431250950452386,0.021431250950452386,0.0,inf,0.021431250950452386,0.021431250950452386,1.0,0.0,0.0,2,0,16.0
R1_relax_frequency_R05687,2025_05,2025-05-30 10:30:00+00:00,2025-06-01 00:00:00+00:00,0,0.0,1.0,1.0,0.0,0.0,0.0,0.0,0.0,0.0,0.0,0.0,0.0,0.0,0.0,0.0,0.0,0,0,0.0
R1_relax_frequency_R05687,2025_06,2025-06-01 00:00:00+00:00,2025-07-01 00:00:00+00:00,4,0.13333333333333333,1.0116805055148224,1.1518692098425858,0.011680505514822359,-0.019618205378242548,0.75,3.516068695379625,0.0029169374477378014,0.0054350145342243784,0.00463729381172193,1.172022898459875,-0.00463729381172193,0.0054356901598586705,0.75,0.0,0.25,1,3,31.0
R1_relax_frequency_R05687,2025_07,2025-07-01 00:00:00+00:00,2025-08-01 00:00:00+00:00,0,0.0,1.0,1.0,0.0,0.0,0.0,0.0,0.0,0.0,0.0,0.0,0.0,0.0,0.0,0.0,0.0,0,0,0.0
R1_relax_frequency_R05687,2025_08,2025-08-01 00:00:00+00:00,2025-09-01 00:00:00+00:00,0,0.0,1.0,1.0,0.0,0.0,0.0,0.0,0.0,0.0,0.0,0.0,0.0,0.0,0.0,0.0,0.0,0,0,0.0
R1_relax_frequency_R05687,2025_09,2025-09-01 00:00:00+00:00,2025-10-01 00:00:00+00:00,2,0.06666666666666667,1.0108968512625842,1.1410530163465462,0.010896851262584217,-0.017418018371645916,1.0,inf,0.005433663282955794,0.005433663282955794,0.0,inf,0.005433663282955683,0.005433663282955905,1.0,0.0,0.0,2,0,11.0
R1_relax_frequency_R05687,2025_10,2025-10-01 00:00:00+00:00,2025-11-01 00:00:00+00:00,1,0.03225806451612903,0.9694302702936078,0.6936411078311574,-0.030569729706392157,-0.052320100146949766,0.0,0.0,-0.030569729706392115,0.0,0.030569729706392115,0.0,-0.030569729706392115,-0.030569729706392115,0.0,1.0,0.0,0,1,1.0
R1_relax_frequency_R05687,2025_11,2025-11-01 00:00:00+00:00,2025-12-01 00:00:00+00:00,1,0.03333333333333333,1.0054356901598587,1.0682270495372856,0.005435690159858675,-0.006130544657279913,1.0,inf,0.0054356901598586705,0.0054356901598586705,0.0,inf,0.0054356901598586705,0.0054356901598586705,1.0,0.0,0.0,0,1,3.0
R1_relax_frequency_R05687,2025_12,2025-12-01 00:00:00+00:00,2026-01-01 00:00:00+00:00,1,0.03225806451612903,1.0054356901598587,1.0659551682920267,0.005435690159858675,-0.020871840737779257,1.0,inf,0.0054356901598586705,0.0054356901598586705,0.0,inf,0.0054356901598586705,0.0054356901598586705,1.0,0.0,0.0,0,1,30.0
R1_relax_frequency_R05687,2026_01,2026-01-01 00:00:00+00:00,2026-02-01 00:00:00+00:00,1,0.03225806451612903,1.005433663282956,1.065929849917104,0.005433663282955914,-0.003661079828654934,1.0,inf,0.005433663282955905,0.005433663282955905,0.0,inf,0.005433663282955905,0.005433663282955905,1.0,0.0,0.0,1,0,2.0
R1_relax_frequency_R05687,2026_02,2026-02-01 00:00:00+00:00,2026-03-01 00:00:00+00:00,4,0.14285714285714285,1.0219165640904735,1.3268475723337139,0.02191656409047349,-0.014889541842523002,1.0,inf,0.005434676721407288,0.005434676721407288,0.0,inf,0.005433663282955905,0.0054356901598587816,1.0,0.0,0.0,2,2,4.0
R1_relax_frequency_R05687,2026_03,2026-03-01 00:00:00+00:00,2026-04-01 00:00:00+00:00,0,0.0,1.0,1.0,0.0,0.0,0.0,0.0,0.0,0.0,0.0,0.0,0.0,0.0,0.0,0.0,0.0,0,0,0.0
R1_relax_frequency_R05687,2026_04,2026-04-01 00:00:00+00:00,2026-05-01 00:00:00+00:00,0,0.0,1.0,1.0,0.0,0.0,0.0,0.0,0.0,0.0,0.0,0.0,0.0,0.0,0.0,0.0,0.0,0,0,0.0
R1_relax_frequency_R05687,2026_05,2026-05-01 00:00:00+00:00,2026-06-01 00:00:00+00:00,1,0.03225806451612903,1.005433663282956,1.065929849917104,0.005433663282955914,-0.003963192579808261,1.0,inf,0.005433663282955905,0.005433663282955905,0.0,inf,0.005433663282955905,0.005433663282955905,1.0,0.0,0.0,1,0,9.0
R1_relax_frequency_R05687,2026_06,2026-06-01 00:00:00+00:00,2026-06-26 04:20:00+00:00,2,0.07942636514065085,1.0108988891528534,1.1702714178200702,0.01089888915285342,-0.014266121537326204,1.0,inf,0.005434676721407232,0.005434676721407232,0.0,inf,0.005433663282955905,0.0054356901598585595,1.0,0.0,0.0,1,1,26.0
R3_live_candidate_gate_R00891,2025_05,2025-05-30 10:30:00+00:00,2025-06-01 00:00:00+00:00,0,0.0,1.0,1.0,0.0,0.0,0.0,0.0,0.0,0.0,0.0,0.0,0.0,0.0,0.0,0.0,0.0,0,0,0.0
R3_live_candidate_gate_R00891,2025_06,2025-06-01 00:00:00+00:00,2025-07-01 00:00:00+00:00,2,0.06666666666666667,0.9660928198071433,0.6570592775373245,-0.033907180192856656,-0.04829551522144304,0.5,0.17094525341117456,-0.016812982067156434,0.006933437126783659,0.04055940126109653,0.17094525341117456,-0.04055940126109653,0.006933437126783659,0.5,0.5,0.0,2,0,28.0
R3_live_candidate_gate_R00891,2025_07,2025-07-01 00:00:00+00:00,2025-08-01 00:00:00+00:00,0,0.0,1.0,1.0,0.0,0.0,0.0,0.0,0.0,0.0,0.0,0.0,0.0,0.0,0.0,0.0,0.0,0,0,0.0
R3_live_candidate_gate_R00891,2025_08,2025-08-01 00:00:00+00:00,2025-09-01 00:00:00+00:00,1,0.03225806451612903,1.0069334371267837,1.0848151959537493,0.006933437126783737,-0.004392620863756802,1.0,inf,0.006933437126783659,0.006933437126783659,0.0,inf,0.006933437126783659,0.006933437126783659,1.0,0.0,0.0,1,0,2.0
R3_live_candidate_gate_R00891,2025_09,2025-09-01 00:00:00+00:00,2025-10-01 00:00:00+00:00,1,0.03333333333333333,1.0069334371267837,1.0877630078591392,0.006933437126783737,-0.004895442919958803,1.0,inf,0.006933437126783659,0.006933437126783659,0.0,inf,0.006933437126783659,0.006933437126783659,1.0,0.0,0.0,1,0,3.0
R3_live_candidate_gate_R00891,2025_10,2025-10-01 00:00:00+00:00,2025-11-01 00:00:00+00:00,2,0.06451612903225806,1.0139149468039588,1.176824009372175,0.013914946803958772,-0.015290714780262227,1.0,inf,0.00693343712678377,0.00693343712678377,0.0,inf,0.006933437126783659,0.006933437126783881,1.0,0.0,0.0,2,0,17.5
R3_live_candidate_gate_R00891,2025_11,2025-11-01 00:00:00+00:00,2025-12-01 00:00:00+00:00,0,0.0,1.0,1.0,0.0,0.0,0.0,0.0,0.0,0.0,0.0,0.0,0.0,0.0,0.0,0.0,0.0,0,0,0.0
R3_live_candidate_gate_R00891,2025_12,2025-12-01 00:00:00+00:00,2026-01-01 00:00:00+00:00,0,0.0,1.0,1.0,0.0,0.0,0.0,0.0,0.0,0.0,0.0,0.0,0.0,0.0,0.0,0.0,0.0,0,0,0.0
R3_live_candidate_gate_R00891,2026_01,2026-01-01 00:00:00+00:00,2026-02-01 00:00:00+00:00,2,0.06451612903225806,1.0139149468039585,1.176824009372172,0.01391494680395855,-0.014106630293963307,1.0,inf,0.006933437126783659,0.006933437126783659,0.0,inf,0.006933437126783659,0.006933437126783659,1.0,0.0,0.0,2,0,8.0
R3_live_candidate_gate_R00891,2026_02,2026-02-01 00:00:00+00:00,2026-03-01 00:00:00+00:00,1,0.03571428571428571,1.0069334371267837,1.0943188427205572,0.006933437126783737,-0.005892355002742544,1.0,inf,0.006933437126783659,0.006933437126783659,0.0,inf,0.006933437126783659,0.006933437126783659,1.0,0.0,0.0,1,0,7.0
R3_live_candidate_gate_R00891,2026_03,2026-03-01 00:00:00+00:00,2026-04-01 00:00:00+00:00,1,0.03225806451612903,1.006933437126784,1.0848151959537522,0.006933437126783959,-0.016386399116657846,1.0,inf,0.006933437126783881,0.006933437126783881,0.0,inf,0.006933437126783881,0.006933437126783881,1.0,0.0,0.0,1,0,46.0
R3_live_candidate_gate_R00891,2026_04,2026-04-01 00:00:00+00:00,2026-05-01 00:00:00+00:00,0,0.0,1.0,1.0,0.0,0.0,0.0,0.0,0.0,0.0,0.0,0.0,0.0,0.0,0.0,0.0,0.0,0,0,0.0
R3_live_candidate_gate_R00891,2026_05,2026-05-01 00:00:00+00:00,2026-06-01 00:00:00+00:00,3,0.0967741935483871,1.02094486233953,1.2766365683301497,0.02094486233953008,-0.03332212285603642,1.0,inf,0.006933437126783658,0.006933437126783658,0.0,inf,0.006933437126783659,0.006933437126783659,1.0,0.0,0.0,3,0,49.333333333333336
R3_live_candidate_gate_R00891,2026_06,2026-06-01 00:00:00+00:00,2026-06-26 04:20:00+00:00,1,0.039713182570325425,1.0069334371267837,1.1054186371689756,0.006933437126783737,-0.00460234067207288,1.0,inf,0.006933437126783659,0.006933437126783659,0.0,inf,0.006933437126783659,0.006933437126783659,1.0,0.0,0.0,1,0,3.0
R1_relax_frequency_R03408,2025_05,2025-05-30 10:30:00+00:00,2025-06-01 00:00:00+00:00,0,0.0,1.0,1.0,0.0,0.0,0.0,0.0,0.0,0.0,0.0,0.0,0.0,0.0,0.0,0.0,0.0,0,0,0.0
R1_relax_frequency_R03408,2025_06,2025-06-01 00:00:00+00:00,2025-07-01 00:00:00+00:00,2,0.06666666666666667,1.013919938905825,1.1832992915022889,0.013919938905825102,-0.01192228231601078,1.0,inf,0.006935915987618884,0.006935915987618884,0.0,inf,0.006935915987618829,0.00693591598761894,1.0,0.0,0.0,0,2,4.0
R1_relax_frequency_R03408,2025_07,2025-07-01 00:00:00+00:00,2025-08-01 00:00:00+00:00,3,0.0967741935483871,1.02094486233953,1.2766365683301497,0.02094486233953008,-0.006970942114734591,1.0,inf,0.006933437126783658,0.006933437126783658,0.0,inf,0.006933437126783659,0.006933437126783659,1.0,0.0,0.0,3,0,5.333333333333333
R1_relax_frequency_R03408,2025_08,2025-08-01 00:00:00+00:00,2025-09-01 00:00:00+00:00,6,0.1935483870967742,0.982151622614867,0.8088081558630902,-0.017848377385133007,-0.05380376161267375,0.6666666666666666,0.6145214923793841,-0.0028994819866163548,0.006933437126783659,0.02256532021341638,0.30726074618969207,-0.02256852529166972,0.006933437126783659,0.6666666666666666,0.3333333333333333,0.0,5,1,19.333333333333332
R1_relax_frequency_R03408,2025_09,2025-09-01 00:00:00+00:00,2025-10-01 00:00:00+00:00,3,0.1,0.9994992202899471,0.99392003812372,-0.0005007797100529121,-0.03207337798892307,0.6666666666666666,0.9753198761788122,-0.00011698635512426946,0.006934676557201411,0.014220312179775629,0.4876599380894061,-0.014220312179775629,0.006935915987619162,0.6666666666666666,0.0,0.3333333333333333,2,1,43.0
R1_relax_frequency_R03408,2025_10,2025-10-01 00:00:00+00:00,2025-11-01 00:00:00+00:00,3,0.0967741935483871,1.02094486233953,1.2766365683301497,0.02094486233953008,-0.015972328982717943,1.0,inf,0.006933437126783658,0.006933437126783658,0.0,inf,0.006933437126783659,0.006933437126783659,1.0,0.0,0.0,3,0,10.0
R1_relax_frequency_R03408,2025_11,2025-11-01 00:00:00+00:00,2025-12-01 00:00:00+00:00,2,0.06666666666666667,0.9842148889848839,0.8238912789065844,-0.01578511101511615,-0.02597941581965102,0.5,0.307304394346341,-0.007814339004189638,0.006933437126783659,0.022562115135162934,0.307304394346341,-0.022562115135162934,0.006933437126783659,0.5,0.5,0.0,2,0,7.5
R1_relax_frequency_R03408,2025_12,2025-12-01 00:00:00+00:00,2026-01-01 00:00:00+00:00,3,0.0967741935483871,1.0209524024202479,1.2767476613596112,0.020952402420247873,-0.014646643761835332,1.0,inf,0.006935915987619014,0.006935915987619014,0.0,inf,0.00693591598761894,0.006935915987619051,1.0,0.0,0.0,0,3,12.0
R1_relax_frequency_R03408,2026_01,2026-01-01 00:00:00+00:00,2026-02-01 00:00:00+00:00,1,0.03225806451612903,1.006935915987619,1.0848466619464812,0.006935915987619001,-0.0019147192301467442,1.0,inf,0.006935915987619051,0.006935915987619051,0.0,inf,0.006935915987619051,0.006935915987619051,1.0,0.0,0.0,0,1,1.0
R1_relax_frequency_R03408,2026_02,2026-02-01 00:00:00+00:00,2026-03-01 00:00:00+00:00,2,0.07142857142857142,1.0139174428518196,1.1975721867429043,0.013917442851819617,-0.007103290800669293,1.0,inf,0.0069346765572013,0.0069346765572013,0.0,inf,0.006933437126783659,0.00693591598761894,1.0,0.0,0.0,1,1,3.5
R1_relax_frequency_R03408,2026_03,2026-03-01 00:00:00+00:00,2026-04-01 00:00:00+00:00,3,0.0967741935483871,1.0209473756935823,1.2766735982658795,0.020947375693582293,-0.014149884765069398,1.0,inf,0.006934263413728863,0.006934263413728863,0.0,inf,0.006933437126783659,0.006935915987619051,1.0,0.0,0.0,2,1,17.333333333333332
R1_relax_frequency_R03408,2026_04,2026-04-01 00:00:00+00:00,2026-05-01 00:00:00+00:00,3,0.1,1.0078284807204152,1.0995935542248132,0.007828480720415198,-0.010675785323952747,0.6666666666666666,2.308958971848909,0.0026213341367759876,0.00693591598761894,0.006007829564909917,1.1544794859244545,-0.006007829564909917,0.00693591598761894,0.6666666666666666,0.0,0.3333333333333333,1,2,62.666666666666664
R1_relax_frequency_R03408,2026_05,2026-05-01 00:00:00+00:00,2026-06-01 00:00:00+00:00,0,0.0,1.0,1.0,0.0,0.0,0.0,0.0,0.0,0.0,0.0,0.0,0.0,0.0,0.0,0.0,0.0,0,0,0.0
R1_relax_frequency_R03408,2026_06,2026-06-01 00:00:00+00:00,2026-06-26 04:20:00+00:00,2,0.07942636514065085,1.0139149468039585,1.2219503634005155,0.01391494680395855,-0.008667411087357801,1.0,inf,0.006933437126783659,0.006933437126783659,0.0,inf,0.006933437126783659,0.006933437126783659,1.0,0.0,0.0,2,0,5.0
R2_relax_winrate_payoff_R01168,2025_05,2025-05-30 10:30:00+00:00,2025-06-01 00:00:00+00:00,0,0.0,1.0,1.0,0.0,0.0,0.0,0.0,0.0,0.0,0.0,0.0,0.0,0.0,0.0,0.0,0.0,0,0,0.0
R2_relax_winrate_payoff_R01168,2025_06,2025-06-01 00:00:00+00:00,2025-07-01 00:00:00+00:00,1,0.03333333333333333,1.0252093347450293,1.3540753091893656,0.025209334745029288,-0.001815965245509088,1.0,inf,0.025209334745029333,0.025209334745029333,0.0,inf,0.025209334745029333,0.025209334745029333,0.0,0.0,1.0,1,0,25.0
R2_relax_winrate_payoff_R01168,2025_07,2025-07-01 00:00:00+00:00,2025-08-01 00:00:00+00:00,0,0.0,1.0,1.0,0.0,0.0,0.0,0.0,0.0,0.0,0.0,0.0,0.0,0.0,0.0,0.0,0.0,0,0,0.0
R2_relax_winrate_payoff_R01168,2025_08,2025-08-01 00:00:00+00:00,2025-09-01 00:00:00+00:00,1,0.03225806451612903,1.0051211616617455,1.0620328677531448,0.005121161661745477,-0.021852197829762,1.0,inf,0.0051211616617454665,0.0051211616617454665,0.0,inf,0.0051211616617454665,0.0051211616617454665,0.0,0.0,1.0,1,0,25.0
R2_relax_winrate_payoff_R01168,2025_09,2025-09-01 00:00:00+00:00,2025-10-01 00:00:00+00:00,2,0.06666666666666667,0.9666121674329173,0.6613726576147542,-0.033387832567082665,-0.034075270240610855,0.0,0.0,-0.016738348897921106,0.0,0.016738348897921106,0.0,-0.030569729706392115,-0.002906968089450093,0.0,0.5,0.5,1,1,24.0
R2_relax_winrate_payoff_R01168,2025_10,2025-10-01 00:00:00+00:00,2025-11-01 00:00:00+00:00,0,0.0,1.0,1.0,0.0,0.0,0.0,0.0,0.0,0.0,0.0,0.0,0.0,0.0,0.0,0.0,0.0,0,0,0.0
R2_relax_winrate_payoff_R01168,2025_11,2025-11-01 00:00:00+00:00,2025-12-01 00:00:00+00:00,2,0.06666666666666667,0.9940448267486872,0.9298602407246628,-0.005955173251312784,-0.0171287060760954,0.5,0.23010464453365645,-0.002970734588856783,0.0017757733482069594,0.007717242525920525,0.23010464453365645,-0.007717242525920525,0.0017757733482069594,0.0,0.0,1.0,0,2,25.0
R2_relax_winrate_payoff_R01168,2025_12,2025-12-01 00:00:00+00:00,2026-01-01 00:00:00+00:00,0,0.0,1.0,1.0,0.0,0.0,0.0,0.0,0.0,0.0,0.0,0.0,0.0,0.0,0.0,0.0,0.0,0,0,0.0
R2_relax_winrate_payoff_R01168,2026_01,2026-01-01 00:00:00+00:00,2026-02-01 00:00:00+00:00,0,0.0,1.0,1.0,0.0,0.0,0.0,0.0,0.0,0.0,0.0,0.0,0.0,0.0,0.0,0.0,0.0,0,0,0.0
R2_relax_winrate_payoff_R01168,2026_02,2026-02-01 00:00:00+00:00,2026-03-01 00:00:00+00:00,0,0.0,1.0,1.0,0.0,0.0,0.0,0.0,0.0,0.0,0.0,0.0,0.0,0.0,0.0,0.0,0.0,0,0,0.0
R2_relax_winrate_payoff_R01168,2026_03,2026-03-01 00:00:00+00:00,2026-04-01 00:00:00+00:00,1,0.03225806451612903,1.0394285370763858,1.5771708285443207,0.03942853707638583,-0.011072681947654872,1.0,inf,0.03942853707638587,0.03942853707638587,0.0,inf,0.03942853707638587,0.03942853707638587,1.0,0.0,0.0,1,0,9.0
R2_relax_winrate_payoff_R01168,2026_04,2026-04-01 00:00:00+00:00,2026-05-01 00:00:00+00:00,0,0.0,1.0,1.0,0.0,0.0,0.0,0.0,0.0,0.0,0.0,0.0,0.0,0.0,0.0,0.0,0.0,0,0,0.0
R2_relax_winrate_payoff_R01168,2026_05,2026-05-01 00:00:00+00:00,2026-06-01 00:00:00+00:00,1,0.03225806451612903,1.003352770191422,1.040225096517358,0.0033527701914219943,-0.0038377767648214434,1.0,inf,0.003352770191421944,0.003352770191421944,0.0,inf,0.003352770191421944,0.003352770191421944,0.0,0.0,1.0,0,1,25.0
R2_relax_winrate_payoff_R01168,2026_06,2026-06-01 00:00:00+00:00,2026-06-26 04:20:00+00:00,1,0.039713182570325425,1.0224677415334384,1.3802888566995644,0.022467741533438446,-0.008667411087357801,1.0,inf,0.02246774153343835,0.02246774153343835,0.0,inf,0.02246774153343835,0.02246774153343835,0.0,0.0,1.0,1,0,25.0
R1_relax_frequency_R06432,2025_05,2025-05-30 10:30:00+00:00,2025-06-01 00:00:00+00:00,0,0.0,1.0,1.0,0.0,0.0,0.0,0.0,0.0,0.0,0.0,0.0,0.0,0.0,0.0,0.0,0.0,0,0,0.0
R1_relax_frequency_R06432,2025_06,2025-06-01 00:00:00+00:00,2025-07-01 00:00:00+00:00,3,0.1,1.02094486233953,1.287072041235773,0.02094486233953008,-0.00969754777062104,1.0,inf,0.006933437126783658,0.006933437126783658,0.0,inf,0.006933437126783659,0.006933437126783659,1.0,0.0,0.0,3,0,6.666666666666667
R1_relax_frequency_R06432,2025_07,2025-07-01 00:00:00+00:00,2025-08-01 00:00:00+00:00,3,0.0967741935483871,1.003204025973566,1.038409600799726,0.0032040259735659493,-0.014456953874002476,0.6666666666666666,1.3126631494882897,0.0011009832896755444,0.006933437126783659,0.010563924384540685,0.6563315747441448,-0.010563924384540685,0.006933437126783659,0.6666666666666666,0.3333333333333333,0.0,3,0,12.666666666666666
R1_relax_frequency_R06432,2025_08,2025-08-01 00:00:00+00:00,2025-09-01 00:00:00+00:00,1,0.03225806451612903,0.9894360756154592,0.8823830857714312,-0.01056392438454079,-0.010702091538457248,0.0,0.0,-0.010563924384540796,0.0,0.010563924384540796,0.0,-0.010563924384540796,-0.010563924384540796,0.0,1.0,0.0,1,0,13.0
R1_relax_frequency_R06432,2025_09,2025-09-01 00:00:00+00:00,2025-10-01 00:00:00+00:00,0,0.0,1.0,1.0,0.0,0.0,0.0,0.0,0.0,0.0,0.0,0.0,0.0,0.0,0.0,0.0,0.0,0,0,0.0
R1_relax_frequency_R06432,2025_10,2025-10-01 00:00:00+00:00,2025-11-01 00:00:00+00:00,0,0.0,1.0,1.0,0.0,0.0,0.0,0.0,0.0,0.0,0.0,0.0,0.0,0.0,0.0,0.0,0.0,0,0,0.0
R1_relax_frequency_R06432,2025_11,2025-11-01 00:00:00+00:00,2025-12-01 00:00:00+00:00,0,0.0,1.0,1.0,0.0,0.0,0.0,0.0,0.0,0.0,0.0,0.0,0.0,0.0,0.0,0.0,0.0,0,0,0.0
R1_relax_frequency_R06432,2025_12,2025-12-01 00:00:00+00:00,2026-01-01 00:00:00+00:00,1,0.03225806451612903,0.9894360756154594,0.8823830857714335,-0.010563924384540568,-0.0112563712697753,0.0,0.0,-0.010563924384540574,0.0,0.010563924384540574,0.0,-0.010563924384540574,-0.010563924384540574,0.0,1.0,0.0,1,0,2.0
R1_relax_frequency_R06432,2026_01,2026-01-01 00:00:00+00:00,2026-02-01 00:00:00+00:00,1,0.03225806451612903,1.0069334371267837,1.0848151959537493,0.006933437126783737,-0.001763670471454204,1.0,inf,0.006933437126783659,0.006933437126783659,0.0,inf,0.006933437126783659,0.006933437126783659,1.0,0.0,0.0,1,0,7.0
R1_relax_frequency_R06432,2026_02,2026-02-01 00:00:00+00:00,2026-03-01 00:00:00+00:00,1,0.03571428571428571,1.0069334371267837,1.0943188427205572,0.006933437126783737,-0.008604764066969417,1.0,inf,0.006933437126783659,0.006933437126783659,0.0,inf,0.006933437126783659,0.006933437126783659,1.0,0.0,0.0,1,0,10.0
R1_relax_frequency_R06432,2026_03,2026-03-01 00:00:00+00:00,2026-04-01 00:00:00+00:00,3,0.0967741935483871,1.02094486233953,1.2766365683301497,0.02094486233953008,-0.006595967918756385,1.0,inf,0.006933437126783658,0.006933437126783658,0.0,inf,0.006933437126783659,0.006933437126783659,1.0,0.0,0.0,3,0,2.6666666666666665
R1_relax_frequency_R06432,2026_04,2026-04-01 00:00:00+00:00,2026-05-01 00:00:00+00:00,3,0.1,1.003204025973566,1.0397150200740886,0.0032040259735659493,-0.010675785323952747,0.6666666666666666,1.3126631494883034,0.0011009832896755813,0.006933437126783659,0.010563924384540574,0.6563315747441517,-0.010563924384540574,0.006933437126783659,0.6666666666666666,0.3333333333333333,0.0,3,0,50.0
R1_relax_frequency_R06432,2026_05,2026-05-01 00:00:00+00:00,2026-06-01 00:00:00+00:00,1,0.03225806451612903,1.0069334371267837,1.0848151959537493,0.006933437126783737,-0.004142592833302761,1.0,inf,0.006933437126783659,0.006933437126783659,0.0,inf,0.006933437126783659,0.006933437126783659,1.0,0.0,0.0,1,0,2.0
R1_relax_frequency_R06432,2026_06,2026-06-01 00:00:00+00:00,2026-06-26 04:20:00+00:00,1,0.039713182570325425,1.0069334371267837,1.1054186371689756,0.006933437126783737,-0.009087492831162058,1.0,inf,0.006933437126783659,0.006933437126783659,0.0,inf,0.006933437126783659,0.006933437126783659,1.0,0.0,0.0,1,0,29.0
R1_relax_frequency_R05942,2025_05,2025-05-30 10:30:00+00:00,2025-06-01 00:00:00+00:00,0,0.0,1.0,1.0,0.0,0.0,0.0,0.0,0.0,0.0,0.0,0.0,0.0,0.0,0.0,0.0,0.0,0,0,0.0
R1_relax_frequency_R05942,2025_06,2025-06-01 00:00:00+00:00,2025-07-01 00:00:00+00:00,1,0.03333333333333333,1.005433663282956,1.0682008314668867,0.005433663282955914,-0.003459064419855662,1.0,inf,0.005433663282955905,0.005433663282955905,0.0,inf,0.005433663282955905,0.005433663282955905,1.0,0.0,0.0,1,0,2.0
R1_relax_frequency_R05942,2025_07,2025-07-01 00:00:00+00:00,2025-08-01 00:00:00+00:00,4,0.12903225806451613,0.9957603212411142,0.9511731306816428,-0.0042396787588857565,-0.029881162012802776,0.75,0.8031332016233814,-0.0009989388047429819,0.005433663282955757,0.020296745067839198,0.2677110672077938,-0.020296745067839198,0.005433663282955905,0.75,0.0,0.25,4,0,11.25
R1_relax_frequency_R05942,2025_08,2025-08-01 00:00:00+00:00,2025-09-01 00:00:00+00:00,5,0.16129032258064516,0.9842487482632016,0.8293919434337491,-0.015751251736798366,-0.05084496610228062,0.6,0.5119580610963572,-0.0031078978129001652,0.005433663282955831,0.01592023945668416,0.34130537406423817,-0.021892178703673333,0.005433663282955905,0.6,0.0,0.4,5,0,11.4
R1_relax_frequency_R05942,2025_09,2025-09-01 00:00:00+00:00,2025-10-01 00:00:00+00:00,4,0.13333333333333333,0.9855501542445151,0.8376036105869044,-0.014449845755484914,-0.036767190242753656,0.75,0.5372370144603663,-0.003510319713027557,0.005433663282955831,0.030342268700977726,0.17907900482012212,-0.030342268700977726,0.005433663282955905,0.75,0.0,0.25,4,0,12.75
R1_relax_frequency_R05942,2025_10,2025-10-01 00:00:00+00:00,2025-11-01 00:00:00+00:00,4,0.12903225806451613,1.0219124438926073,1.2909650855329582,0.02191244389260727,-0.021568226196423845,1.0,inf,0.005433663282955794,0.005433663282955794,0.0,inf,0.005433663282955683,0.005433663282955905,1.0,0.0,0.0,4,0,7.0
R1_relax_frequency_R05942,2025_11,2025-11-01 00:00:00+00:00,2025-12-01 00:00:00+00:00,4,0.13333333333333333,1.0219124438926077,1.3020019861135574,0.021912443892607714,-0.011571630841987313,1.0,inf,0.005433663282955905,0.005433663282955905,0.0,inf,0.005433663282955905,0.005433663282955905,1.0,0.0,0.0,4,0,11.0
R1_relax_frequency_R05942,2025_12,2025-12-01 00:00:00+00:00,2026-01-01 00:00:00+00:00,7,0.22580645161290322,1.0236524197295538,1.3171025166711399,0.023652419729553786,-0.01493453264855149,0.8571428571428571,6.366789759951852,0.0033514832981245105,0.004638630462623202,0.0043713996888676415,1.0611316266586421,-0.0043713996888676415,0.005433663282955905,0.7142857142857143,0.0,0.2857142857142857,7,0,16.714285714285715
R1_relax_frequency_R05942,2026_01,2026-01-01 00:00:00+00:00,2026-02-01 00:00:00+00:00,2,0.06451612903225806,1.0108968512625842,1.1362064449442975,0.010896851262584217,-0.012144811953852308,1.0,inf,0.005433663282955794,0.005433663282955794,0.0,inf,0.005433663282955683,0.005433663282955905,1.0,0.0,0.0,2,0,8.0
R1_relax_frequency_R05942,2026_02,2026-02-01 00:00:00+00:00,2026-03-01 00:00:00+00:00,2,0.07142857142857142,1.0108968512625844,1.1518584071090368,0.01089685126258444,-0.01101473821624821,1.0,inf,0.005433663282955905,0.005433663282955905,0.0,inf,0.005433663282955905,0.005433663282955905,1.0,0.0,0.0,2,0,9.5
R1_relax_frequency_R05942,2026_03,2026-03-01 00:00:00+00:00,2026-04-01 00:00:00+00:00,3,0.0967741935483871,1.0163897243661455,1.2111163653343215,0.016389724366145497,-0.011376633934422009,1.0,inf,0.005433663282955831,0.005433663282955831,0.0,inf,0.005433663282955683,0.005433663282955905,1.0,0.0,0.0,3,0,6.0
R1_relax_frequency_R05942,2026_04,2026-04-01 00:00:00+00:00,2026-05-01 00:00:00+00:00,0,0.0,1.0,1.0,0.0,0.0,0.0,0.0,0.0,0.0,0.0,0.0,0.0,0.0,0.0,0.0,0.0,0,0,0.0
R1_relax_frequency_R05942,2026_05,2026-05-01 00:00:00+00:00,2026-06-01 00:00:00+00:00,5,0.16129032258064516,1.0185493345793786,1.241786120460829,0.018549334579378574,-0.02451126376087276,0.8,6.604279085348622,0.0036887315148207782,0.005433663282955905,0.0032909955577197273,1.6510697713371556,-0.0032909955577197273,0.005433663282955905,0.8,0.0,0.2,5,0,9.0
R1_relax_frequency_R05942,2026_06,2026-06-01 00:00:00+00:00,2026-06-26 04:20:00+00:00,1,0.039713182570325425,1.005433663282956,1.0817750218620021,0.005433663282955914,-0.0026823222875315134,1.0,inf,0.005433663282955905,0.005433663282955905,0.0,inf,0.005433663282955905,0.005433663282955905,1.0,0.0,0.0,1,0,1.0
R1_relax_frequency_R04445,2025_05,2025-05-30 10:30:00+00:00,2025-06-01 00:00:00+00:00,0,0.0,1.0,1.0,0.0,0.0,0.0,0.0,0.0,0.0,0.0,0.0,0.0,0.0,0.0,0.0,0.0,0,0,0.0
R1_relax_frequency_R04445,2025_06,2025-06-01 00:00:00+00:00,2025-07-01 00:00:00+00:00,0,0.0,1.0,1.0,0.0,0.0,0.0,0.0,0.0,0.0,0.0,0.0,0.0,0.0,0.0,0.0,0.0,0,0,0.0
R1_relax_frequency_R04445,2025_07,2025-07-01 00:00:00+00:00,2025-08-01 00:00:00+00:00,3,0.0967741935483871,0.9880908720257784,0.8683515493023449,-0.011909127974221612,-0.029881162012802776,0.6666666666666666,0.481752414509867,-0.0038975872307828972,0.005434676721407232,0.022562115135163156,0.2408762072549335,-0.022562115135163156,0.0054356901598585595,0.6666666666666666,0.3333333333333333,0.0,2,1,8.0
R1_relax_frequency_R04445,2025_08,2025-08-01 00:00:00+00:00,2025-09-01 00:00:00+00:00,3,0.0967741935483871,1.0163917733296244,1.2111451322350844,0.01639177332962438,-0.008309186522536316,1.0,inf,0.005434338908590086,0.005434338908590086,0.0,inf,0.005433663282955683,0.0054356901598586705,1.0,0.0,0.0,2,1,5.0
R1_relax_frequency_R04445,2025_09,2025-09-01 00:00:00+00:00,2025-10-01 00:00:00+00:00,3,0.1,1.0086498828392754,1.1105545259662337,0.008649882839275369,-0.015279163940909335,0.6666666666666666,4.889141339576315,0.0028815263637429166,0.005433663282955905,0.002222747474683061,2.4445706697881575,-0.002222747474683061,0.005433663282955905,0.6666666666666666,0.0,0.3333333333333333,3,0,24.0
R1_relax_frequency_R04445,2025_10,2025-10-01 00:00:00+00:00,2025-11-01 00:00:00+00:00,0,0.0,1.0,1.0,0.0,0.0,0.0,0.0,0.0,0.0,0.0,0.0,0.0,0.0,0.0,0.0,0.0,0,0,0.0
R1_relax_frequency_R04445,2025_11,2025-11-01 00:00:00+00:00,2025-12-01 00:00:00+00:00,1,0.03333333333333333,1.0054356901598585,1.0682270495372828,0.005435690159858453,-0.008067614441093829,1.0,inf,0.0054356901598585595,0.0054356901598585595,0.0,inf,0.0054356901598585595,0.0054356901598585595,1.0,0.0,0.0,0,1,27.0
R1_relax_frequency_R04445,2025_12,2025-12-01 00:00:00+00:00,2026-01-01 00:00:00+00:00,4,0.12903225806451613,1.021916564090473,1.2910264132577112,0.021916564090473045,-0.01992971145353084,1.0,inf,0.005434676721407149,0.005434676721407149,0.0,inf,0.005433663282955683,0.0054356901598585595,1.0,0.0,0.0,2,2,15.5
R1_relax_frequency_R04445,2026_01,2026-01-01 00:00:00+00:00,2026-02-01 00:00:00+00:00,1,0.03225806451612903,1.005433663282956,1.065929849917104,0.005433663282955914,-0.016145583642261263,1.0,inf,0.005433663282955905,0.005433663282955905,0.0,inf,0.005433663282955905,0.005433663282955905,1.0,0.0,0.0,1,0,19.0
R1_relax_frequency_R04445,2026_02,2026-02-01 00:00:00+00:00,2026-03-01 00:00:00+00:00,3,0.10714285714285714,0.9880888801146243,0.855294801756937,-0.011911119885375743,-0.026160421043892157,0.6666666666666666,0.4816625790981423,-0.0038982628564170414,0.005433663282955905,0.022562115135162934,0.24083128954907115,-0.022562115135162934,0.005433663282955905,0.6666666666666666,0.3333333333333333,0.0,3,0,1.0
R1_relax_frequency_R04445,2026_03,2026-03-01 00:00:00+00:00,2026-04-01 00:00:00+00:00,2,0.06451612903225806,1.0108988891528532,1.136233432555874,0.010898889152853197,-0.010192923849718483,1.0,inf,0.005434676721407121,0.005434676721407121,0.0,inf,0.005433663282955683,0.0054356901598585595,1.0,0.0,0.0,1,1,5.5
R1_relax_frequency_R04445,2026_04,2026-04-01 00:00:00+00:00,2026-05-01 00:00:00+00:00,2,0.06666666666666667,1.0000648068515747,1.0007893091926472,6.480685157472799e-05,-0.012067309739084875,0.5,1.0175701379712727,4.6910876217981685e-05,0.005433663282955683,0.00533984153051972,1.0175701379712727,-0.00533984153051972,0.005433663282955683,0.5,0.0,0.5,2,0,20.0
R1_relax_frequency_R04445,2026_05,2026-05-01 00:00:00+00:00,2026-06-01 00:00:00+00:00,2,0.06451612903225806,1.0108988891528534,1.136233432555877,0.01089888915285342,-0.021290334599743166,1.0,inf,0.005434676721407232,0.005434676721407232,0.0,inf,0.005433663282955905,0.0054356901598585595,1.0,0.0,0.0,1,1,19.0
R1_relax_frequency_R04445,2026_06,2026-06-01 00:00:00+00:00,2026-06-26 04:20:00+00:00,1,0.039713182570325425,1.005433663282956,1.0817750218620021,0.005433663282955914,-0.0026823222875315134,1.0,inf,0.005433663282955905,0.005433663282955905,0.0,inf,0.005433663282955905,0.005433663282955905,1.0,0.0,0.0,1,0,1.0
R3_live_candidate_gate_R06527,2025_05,2025-05-30 10:30:00+00:00,2025-06-01 00:00:00+00:00,0,0.0,1.0,1.0,0.0,0.0,0.0,0.0,0.0,0.0,0.0,0.0,0.0,0.0,0.0,0.0,0.0,0,0,0.0
R3_live_candidate_gate_R06527,2025_06,2025-06-01 00:00:00+00:00,2025-07-01 00:00:00+00:00,2,0.06666666666666667,1.0361985853268272,1.5417660013583518,0.03619858532682718,-0.0131262883326968,1.0,inf,0.01793849792020203,0.01793849792020203,0.0,inf,0.0174910370728057,0.01838595876759836,0.0,0.0,1.0,1,1,10.0
R3_live_candidate_gate_R06527,2025_07,2025-07-01 00:00:00+00:00,2025-08-01 00:00:00+00:00,1,0.03225806451612903,0.9994654534486855,0.9937199530984273,-0.0005345465513144632,-0.003934594245555645,0.0,0.0,-0.000534546551314513,0.0,0.000534546551314513,0.0,-0.000534546551314513,-0.000534546551314513,0.0,0.0,1.0,1,0,10.0
R3_live_candidate_gate_R06527,2025_08,2025-08-01 00:00:00+00:00,2025-09-01 00:00:00+00:00,2,0.06451612903225806,1.0042782873678653,1.0515869064265726,0.0042782873678652855,-0.021852197829762,1.0,inf,0.002137023009444572,0.002137023009444572,0.0,inf,0.0015664808403435464,0.002707565178545597,0.0,0.0,1.0,1,1,10.0
R3_live_candidate_gate_R06527,2025_09,2025-09-01 00:00:00+00:00,2025-10-01 00:00:00+00:00,0,0.0,1.0,1.0,0.0,0.0,0.0,0.0,0.0,0.0,0.0,0.0,0.0,0.0,0.0,0.0,0.0,0,0,0.0
R3_live_candidate_gate_R06527,2025_10,2025-10-01 00:00:00+00:00,2025-11-01 00:00:00+00:00,0,0.0,1.0,1.0,0.0,0.0,0.0,0.0,0.0,0.0,0.0,0.0,0.0,0.0,0.0,0.0,0.0,0,0,0.0
R3_live_candidate_gate_R06527,2025_11,2025-11-01 00:00:00+00:00,2025-12-01 00:00:00+00:00,0,0.0,1.0,1.0,0.0,0.0,0.0,0.0,0.0,0.0,0.0,0.0,0.0,0.0,0.0,0.0,0.0,0,0,0.0
R3_live_candidate_gate_R06527,2025_12,2025-12-01 00:00:00+00:00,2026-01-01 00:00:00+00:00,0,0.0,1.0,1.0,0.0,0.0,0.0,0.0,0.0,0.0,0.0,0.0,0.0,0.0,0.0,0.0,0.0,0,0,0.0
R3_live_candidate_gate_R06527,2026_01,2026-01-01 00:00:00+00:00,2026-02-01 00:00:00+00:00,0,0.0,1.0,1.0,0.0,0.0,0.0,0.0,0.0,0.0,0.0,0.0,0.0,0.0,0.0,0.0,0.0,0,0,0.0
R3_live_candidate_gate_R06527,2026_02,2026-02-01 00:00:00+00:00,2026-03-01 00:00:00+00:00,0,0.0,1.0,1.0,0.0,0.0,0.0,0.0,0.0,0.0,0.0,0.0,0.0,0.0,0.0,0.0,0.0,0,0,0.0
R3_live_candidate_gate_R06527,2026_03,2026-03-01 00:00:00+00:00,2026-04-01 00:00:00+00:00,2,0.06451612903225806,1.0369595583785558,1.5335919520926053,0.0369595583785558,-0.0039240461070210175,1.0,inf,0.018319042370219207,0.018319042370219207,0.0,inf,0.014562225200796457,0.022075859539641956,0.0,0.0,1.0,2,0,10.0
R3_live_candidate_gate_R06527,2026_04,2026-04-01 00:00:00+00:00,2026-05-01 00:00:00+00:00,0,0.0,1.0,1.0,0.0,0.0,0.0,0.0,0.0,0.0,0.0,0.0,0.0,0.0,0.0,0.0,0.0,0,0,0.0
R3_live_candidate_gate_R06527,2026_05,2026-05-01 00:00:00+00:00,2026-06-01 00:00:00+00:00,1,0.03225806451612903,1.0230102344846095,1.3073999283212874,0.023010234484609482,-0.005306000483884854,1.0,inf,0.023010234484609537,0.023010234484609537,0.0,inf,0.023010234484609537,0.023010234484609537,0.0,0.0,1.0,1,0,10.0
R3_live_candidate_gate_R06527,2026_06,2026-06-01 00:00:00+00:00,2026-06-26 04:20:00+00:00,2,0.07942636514065085,1.0025685552016055,1.0379106917600012,0.0025685552016054825,-0.009087492831162058,0.5,1.7129380229696536,0.001295591286975177,0.006225695659894499,0.0036345130859441453,1.7129380229696536,-0.0036345130859441453,0.006225695659894499,0.0,0.0,1.0,2,0,10.0
R1_relax_frequency_R02173,2025_05,2025-05-30 10:30:00+00:00,2025-06-01 00:00:00+00:00,0,0.0,1.0,1.0,0.0,0.0,0.0,0.0,0.0,0.0,0.0,0.0,0.0,0.0,0.0,0.0,0.0,0,0,0.0
R1_relax_frequency_R02173,2025_06,2025-06-01 00:00:00+00:00,2025-07-01 00:00:00+00:00,0,0.0,1.0,1.0,0.0,0.0,0.0,0.0,0.0,0.0,0.0,0.0,0.0,0.0,0.0,0.0,0.0,0,0,0.0
R1_relax_frequency_R02173,2025_07,2025-07-01 00:00:00+00:00,2025-08-01 00:00:00+00:00,0,0.0,1.0,1.0,0.0,0.0,0.0,0.0,0.0,0.0,0.0,0.0,0.0,0.0,0.0,0.0,0.0,0,0,0.0
R1_relax_frequency_R02173,2025_08,2025-08-01 00:00:00+00:00,2025-09-01 00:00:00+00:00,1,0.03225806451612903,1.011432758658267,1.1433236630073533,0.011432758658266984,-0.003943244313130756,1.0,inf,0.01143275865826692,0.01143275865826692,0.0,inf,0.01143275865826692,0.01143275865826692,1.0,0.0,0.0,1,0,28.0
R1_relax_frequency_R02173,2025_09,2025-09-01 00:00:00+00:00,2025-10-01 00:00:00+00:00,1,0.03333333333333333,0.9864365279278038,0.8468214520424784,-0.013563472072196214,-0.013718284482405418,0.0,0.0,-0.013563472072196192,0.0,0.013563472072196192,0.0,-0.013563472072196192,-0.013563472072196192,0.0,1.0,0.0,1,0,2.0
R1_relax_frequency_R02173,2025_10,2025-10-01 00:00:00+00:00,2025-11-01 00:00:00+00:00,0,0.0,1.0,1.0,0.0,0.0,0.0,0.0,0.0,0.0,0.0,0.0,0.0,0.0,0.0,0.0,0.0,0,0,0.0
R1_relax_frequency_R02173,2025_11,2025-11-01 00:00:00+00:00,2025-12-01 00:00:00+00:00,1,0.03333333333333333,1.0114327586582672,1.1484396155224614,0.011432758658267206,-0.0022577175574959307,1.0,inf,0.011432758658267142,0.011432758658267142,0.0,inf,0.011432758658267142,0.011432758658267142,1.0,0.0,0.0,1,0,4.0
R1_relax_frequency_R02173,2025_12,2025-12-01 00:00:00+00:00,2026-01-01 00:00:00+00:00,1,0.03225806451612903,1.011432758658267,1.1433236630073533,0.011432758658266984,-0.005100449722299949,1.0,inf,0.01143275865826692,0.01143275865826692,0.0,inf,0.01143275865826692,0.01143275865826692,1.0,0.0,0.0,1,0,20.0
R1_relax_frequency_R02173,2026_01,2026-01-01 00:00:00+00:00,2026-02-01 00:00:00+00:00,1,0.03225806451612903,0.9864365279278038,0.8513754960724293,-0.013563472072196214,-0.015306633680842507,0.0,0.0,-0.013563472072196192,0.0,0.013563472072196192,0.0,-0.013563472072196192,-0.013563472072196192,0.0,1.0,0.0,1,0,14.0
R1_relax_frequency_R02173,2026_02,2026-02-01 00:00:00+00:00,2026-03-01 00:00:00+00:00,3,0.10714285714285714,1.0091208445554292,1.1257380285929683,0.009120844555429164,-0.019199915626149533,0.6666666666666666,1.6858159322940907,0.0031006817481126973,0.011432758658267142,0.013563472072196192,0.8429079661470453,-0.013563472072196192,0.011432758658267142,0.6666666666666666,0.3333333333333333,0.0,3,0,5.0
R1_relax_frequency_R02173,2026_03,2026-03-01 00:00:00+00:00,2026-04-01 00:00:00+00:00,0,0.0,1.0,1.0,0.0,0.0,0.0,0.0,0.0,0.0,0.0,0.0,0.0,0.0,0.0,0.0,0.0,0,0,0.0
R1_relax_frequency_R02173,2026_04,2026-04-01 00:00:00+00:00,2026-05-01 00:00:00+00:00,0,0.0,1.0,1.0,0.0,0.0,0.0,0.0,0.0,0.0,0.0,0.0,0.0,0.0,0.0,0.0,0.0,0,0,0.0
R1_relax_frequency_R02173,2026_05,2026-05-01 00:00:00+00:00,2026-06-01 00:00:00+00:00,2,0.06451612903225806,1.0229962252870726,1.3071889983925582,0.02299622528707257,-0.013306614563924901,1.0,inf,0.011432758658267142,0.011432758658267142,0.0,inf,0.011432758658267142,0.011432758658267142,1.0,0.0,0.0,2,0,24.0
R1_relax_frequency_R02173,2026_06,2026-06-01 00:00:00+00:00,2026-06-26 04:20:00+00:00,1,0.039713182570325425,1.011432758658267,1.1792682230278404,0.011432758658266984,-0.006348849531507383,1.0,inf,0.01143275865826692,0.01143275865826692,0.0,inf,0.01143275865826692,0.01143275865826692,1.0,0.0,0.0,1,0,12.0
R3_live_candidate_gate_R05075,2025_05,2025-05-30 10:30:00+00:00,2025-06-01 00:00:00+00:00,0,0.0,1.0,1.0,0.0,0.0,0.0,0.0,0.0,0.0,0.0,0.0,0.0,0.0,0.0,0.0,0.0,0,0,0.0
R3_live_candidate_gate_R05075,2025_06,2025-06-01 00:00:00+00:00,2025-07-01 00:00:00+00:00,0,0.0,1.0,1.0,0.0,0.0,0.0,0.0,0.0,0.0,0.0,0.0,0.0,0.0,0.0,0.0,0.0,0,0,0.0
R3_live_candidate_gate_R05075,2025_07,2025-07-01 00:00:00+00:00,2025-08-01 00:00:00+00:00,0,0.0,1.0,1.0,0.0,0.0,0.0,0.0,0.0,0.0,0.0,0.0,0.0,0.0,0.0,0.0,0.0,0,0,0.0
R3_live_candidate_gate_R05075,2025_08,2025-08-01 00:00:00+00:00,2025-09-01 00:00:00+00:00,0,0.0,1.0,1.0,0.0,0.0,0.0,0.0,0.0,0.0,0.0,0.0,0.0,0.0,0.0,0.0,0.0,0,0,0.0
R3_live_candidate_gate_R05075,2025_09,2025-09-01 00:00:00+00:00,2025-10-01 00:00:00+00:00,0,0.0,1.0,1.0,0.0,0.0,0.0,0.0,0.0,0.0,0.0,0.0,0.0,0.0,0.0,0.0,0.0,0,0,0.0
R3_live_candidate_gate_R05075,2025_10,2025-10-01 00:00:00+00:00,2025-11-01 00:00:00+00:00,0,0.0,1.0,1.0,0.0,0.0,0.0,0.0,0.0,0.0,0.0,0.0,0.0,0.0,0.0,0.0,0.0,0,0,0.0
R3_live_candidate_gate_R05075,2025_11,2025-11-01 00:00:00+00:00,2025-12-01 00:00:00+00:00,0,0.0,1.0,1.0,0.0,0.0,0.0,0.0,0.0,0.0,0.0,0.0,0.0,0.0,0.0,0.0,0.0,0,0,0.0
R3_live_candidate_gate_R05075,2025_12,2025-12-01 00:00:00+00:00,2026-01-01 00:00:00+00:00,0,0.0,1.0,1.0,0.0,0.0,0.0,0.0,0.0,0.0,0.0,0.0,0.0,0.0,0.0,0.0,0.0,0,0,0.0
R3_live_candidate_gate_R05075,2026_01,2026-01-01 00:00:00+00:00,2026-02-01 00:00:00+00:00,0,0.0,1.0,1.0,0.0,0.0,0.0,0.0,0.0,0.0,0.0,0.0,0.0,0.0,0.0,0.0,0.0,0,0,0.0
R3_live_candidate_gate_R05075,2026_02,2026-02-01 00:00:00+00:00,2026-03-01 00:00:00+00:00,0,0.0,1.0,1.0,0.0,0.0,0.0,0.0,0.0,0.0,0.0,0.0,0.0,0.0,0.0,0.0,0.0,0,0,0.0
R3_live_candidate_gate_R05075,2026_03,2026-03-01 00:00:00+00:00,2026-04-01 00:00:00+00:00,0,0.0,1.0,1.0,0.0,0.0,0.0,0.0,0.0,0.0,0.0,0.0,0.0,0.0,0.0,0.0,0.0,0,0,0.0
R3_live_candidate_gate_R05075,2026_04,2026-04-01 00:00:00+00:00,2026-05-01 00:00:00+00:00,1,0.03333333333333333,0.9988717058928239,0.9863492913333837,-0.0011282941071760755,-0.005703136191471447,0.0,0.0,-0.0011282941071760829,0.0,0.0011282941071760829,0.0,-0.0011282941071760829,-0.0011282941071760829,0.0,0.0,1.0,1,0,10.0
R3_live_candidate_gate_R05075,2026_05,2026-05-01 00:00:00+00:00,2026-06-01 00:00:00+00:00,1,0.03225806451612903,1.0018774743733498,1.022346165095117,0.0018774743733498411,-0.0016739845356814609,1.0,inf,0.0018774743733497917,0.0018774743733497917,0.0,inf,0.0018774743733497917,0.0018774743733497917,0.0,0.0,1.0,1,0,10.0
R3_live_candidate_gate_R05075,2026_06,2026-06-01 00:00:00+00:00,2026-06-26 04:20:00+00:00,1,0.039713182570325425,1.006933437126784,1.1054186371689791,0.006933437126783959,-0.003001473339303451,1.0,inf,0.006933437126783881,0.006933437126783881,0.0,inf,0.006933437126783881,0.006933437126783881,1.0,0.0,0.0,1,0,4.0
R3_live_candidate_gate_R02868,2025_05,2025-05-30 10:30:00+00:00,2025-06-01 00:00:00+00:00,0,0.0,1.0,1.0,0.0,0.0,0.0,0.0,0.0,0.0,0.0,0.0,0.0,0.0,0.0,0.0,0.0,0,0,0.0
R3_live_candidate_gate_R02868,2025_06,2025-06-01 00:00:00+00:00,2025-07-01 00:00:00+00:00,0,0.0,1.0,1.0,0.0,0.0,0.0,0.0,0.0,0.0,0.0,0.0,0.0,0.0,0.0,0.0,0.0,0,0,0.0
R3_live_candidate_gate_R02868,2025_07,2025-07-01 00:00:00+00:00,2025-08-01 00:00:00+00:00,1,0.03225806451612903,1.005433663282956,1.065929849917104,0.005433663282955914,-0.00423456573880554,1.0,inf,0.005433663282955905,0.005433663282955905,0.0,inf,0.005433663282955905,0.005433663282955905,1.0,0.0,0.0,1,0,15.0
R3_live_candidate_gate_R02868,2025_08,2025-08-01 00:00:00+00:00,2025-09-01 00:00:00+00:00,2,0.06451612903225806,1.0108968512625844,1.1362064449443003,0.01089685126258444,-0.0164306955227268,1.0,inf,0.005433663282955905,0.005433663282955905,0.0,inf,0.005433663282955905,0.005433663282955905,1.0,0.0,0.0,2,0,19.5
R3_live_candidate_gate_R02868,2025_09,2025-09-01 00:00:00+00:00,2025-10-01 00:00:00+00:00,1,0.03333333333333333,1.005433663282956,1.0682008314668867,0.005433663282955914,-0.016561507087210825,1.0,inf,0.005433663282955905,0.005433663282955905,0.0,inf,0.005433663282955905,0.005433663282955905,1.0,0.0,0.0,1,0,26.0
R3_live_candidate_gate_R02868,2025_10,2025-10-01 00:00:00+00:00,2025-11-01 00:00:00+00:00,1,0.03225806451612903,1.005433663282956,1.065929849917104,0.005433663282955914,-0.015972328982717943,1.0,inf,0.005433663282955905,0.005433663282955905,0.0,inf,0.005433663282955905,0.005433663282955905,1.0,0.0,0.0,1,0,11.0
R3_live_candidate_gate_R02868,2025_11,2025-11-01 00:00:00+00:00,2025-12-01 00:00:00+00:00,1,0.03333333333333333,1.005433663282956,1.0682008314668867,0.005433663282955914,-0.004148732723369575,1.0,inf,0.005433663282955905,0.005433663282955905,0.0,inf,0.005433663282955905,0.005433663282955905,1.0,0.0,0.0,1,0,4.0
R3_live_candidate_gate_R02868,2025_12,2025-12-01 00:00:00+00:00,2026-01-01 00:00:00+00:00,0,0.0,1.0,1.0,0.0,0.0,0.0,0.0,0.0,0.0,0.0,0.0,0.0,0.0,0.0,0.0,0.0,0,0,0.0
R3_live_candidate_gate_R02868,2026_01,2026-01-01 00:00:00+00:00,2026-02-01 00:00:00+00:00,2,0.06451612903225806,1.0108968512625844,1.1362064449443003,0.01089685126258444,-0.001763670471454315,1.0,inf,0.005433663282955905,0.005433663282955905,0.0,inf,0.005433663282955905,0.005433663282955905,1.0,0.0,0.0,2,0,6.0
R3_live_candidate_gate_R02868,2026_02,2026-02-01 00:00:00+00:00,2026-03-01 00:00:00+00:00,1,0.03571428571428571,1.0054336632829557,1.0732466664793463,0.005433663282955692,-0.008604764066969417,1.0,inf,0.005433663282955683,0.005433663282955683,0.0,inf,0.005433663282955683,0.005433663282955683,1.0,0.0,0.0,1,0,8.0
R3_live_candidate_gate_R02868,2026_03,2026-03-01 00:00:00+00:00,2026-04-01 00:00:00+00:00,1,0.03225806451612903,1.0047664354677754,1.0576251356216608,0.004766435467775443,-0.007080974639848248,1.0,inf,0.004766435467775541,0.004766435467775541,0.0,inf,0.004766435467775541,0.004766435467775541,0.0,0.0,1.0,1,0,37.0
R3_live_candidate_gate_R02868,2026_04,2026-04-01 00:00:00+00:00,2026-05-01 00:00:00+00:00,1,0.03333333333333333,0.992629261123656,0.9138662067172452,-0.007370738876343985,-0.008631113079969555,0.0,0.0,-0.007370738876344036,0.0,0.007370738876344036,0.0,-0.007370738876344036,-0.007370738876344036,0.0,0.0,1.0,1,0,37.0
R3_live_candidate_gate_R02868,2026_05,2026-05-01 00:00:00+00:00,2026-06-01 00:00:00+00:00,1,0.03225806451612903,1.005433663282956,1.065929849917104,0.005433663282955914,-0.004142592833302761,1.0,inf,0.005433663282955905,0.005433663282955905,0.0,inf,0.005433663282955905,0.005433663282955905,1.0,0.0,0.0,1,0,1.0
R3_live_candidate_gate_R02868,2026_06,2026-06-01 00:00:00+00:00,2026-06-26 04:20:00+00:00,1,0.039713182570325425,1.005433663282956,1.0817750218620021,0.005433663282955914,-0.009087492831162058,1.0,inf,0.005433663282955905,0.005433663282955905,0.0,inf,0.005433663282955905,0.005433663282955905,1.0,0.0,0.0,1,0,29.0
R2_relax_winrate_payoff_R00491,2025_05,2025-05-30 10:30:00+00:00,2025-06-01 00:00:00+00:00,0,0.0,1.0,1.0,0.0,0.0,0.0,0.0,0.0,0.0,0.0,0.0,0.0,0.0,0.0,0.0,0.0,0,0,0.0
R2_relax_winrate_payoff_R00491,2025_06,2025-06-01 00:00:00+00:00,2025-07-01 00:00:00+00:00,2,0.06666666666666667,1.088435605420004,2.8059075766513963,0.08843560542000395,-0.007678338412464236,1.0,inf,0.043340250331795525,0.043340250331795525,0.0,inf,0.03223743346355789,0.05444306720003316,0.5,0.0,0.5,1,1,31.0
R2_relax_winrate_payoff_R00491,2025_07,2025-07-01 00:00:00+00:00,2025-08-01 00:00:00+00:00,1,0.03225806451612903,1.0135141223010755,1.171354260225673,0.013514122301075515,-0.02699177456746127,1.0,inf,0.013514122301075543,0.013514122301075543,0.0,inf,0.013514122301075543,0.013514122301075543,0.0,0.0,1.0,0,1,49.0
R2_relax_winrate_payoff_R00491,2025_08,2025-08-01 00:00:00+00:00,2025-09-01 00:00:00+00:00,0,0.0,1.0,1.0,0.0,0.0,0.0,0.0,0.0,0.0,0.0,0.0,0.0,0.0,0.0,0.0,0.0,0,0,0.0
R2_relax_winrate_payoff_R00491,2025_09,2025-09-01 00:00:00+00:00,2025-10-01 00:00:00+00:00,1,0.03333333333333333,1.0184253221826804,1.2489293661282324,0.018425322182680448,-0.004876255786848027,1.0,inf,0.018425322182680493,0.018425322182680493,0.0,inf,0.018425322182680493,0.018425322182680493,0.0,0.0,1.0,1,0,49.0
R2_relax_winrate_payoff_R00491,2025_10,2025-10-01 00:00:00+00:00,2025-11-01 00:00:00+00:00,5,0.16129032258064516,0.975298645142623,0.7447605197192259,-0.02470135485737701,-0.07530751124687718,0.4,0.7108605101593268,-0.004497420961123825,0.027642704223724533,0.025924171084356063,1.0662907652389904,-0.030569729706392115,0.05444306720003327,0.2,0.4,0.4,1,4,24.4
R2_relax_winrate_payoff_R00491,2025_11,2025-11-01 00:00:00+00:00,2025-12-01 00:00:00+00:00,0,0.0,1.0,1.0,0.0,0.0,0.0,0.0,0.0,0.0,0.0,0.0,0.0,0.0,0.0,0.0,0.0,0,0,0.0
R2_relax_winrate_payoff_R00491,2025_12,2025-12-01 00:00:00+00:00,2026-01-01 00:00:00+00:00,1,0.03225806451612903,1.003190678870721,1.0382468347527523,0.0031906788707209977,-0.02013252216499406,1.0,inf,0.003190678870720954,0.003190678870720954,0.0,inf,0.003190678870720954,0.003190678870720954,0.0,0.0,1.0,1,0,49.0
R2_relax_winrate_payoff_R00491,2026_01,2026-01-01 00:00:00+00:00,2026-02-01 00:00:00+00:00,3,0.0967741935483871,1.0085623423841847,1.1056730855936294,0.00856234238418474,-0.030649704069937278,0.3333333333333333,1.239659662638775,0.003507355882060926,0.05442627551466363,0.021952103934240425,2.47931932527755,-0.030569729706392115,0.05442627551466363,0.3333333333333333,0.3333333333333333,0.3333333333333333,1,2,33.333333333333336
R2_relax_winrate_payoff_R00491,2026_02,2026-02-01 00:00:00+00:00,2026-03-01 00:00:00+00:00,2,0.07142857142857142,0.9558815301664377,0.5551087758261742,-0.04411846983356227,-0.04532243410726111,0.0,0.0,-0.02227285591472264,0.0,0.02227285591472264,0.0,-0.030569729706392115,-0.013975982123053163,0.0,0.5,0.5,1,1,43.5
R2_relax_winrate_payoff_R00491,2026_03,2026-03-01 00:00:00+00:00,2026-04-01 00:00:00+00:00,2,0.06451612903225806,1.0098367454156694,1.122246801943534,0.009836745415669368,-0.02788077637128772,0.5,2.4574912924045575,0.004975653673888441,0.01677900326584943,0.0068276959180725485,2.4574912924045575,-0.0068276959180725485,0.01677900326584943,0.0,0.0,1.0,1,1,49.0
R2_relax_winrate_payoff_R00491,2026_04,2026-04-01 00:00:00+00:00,2026-05-01 00:00:00+00:00,0,0.0,1.0,1.0,0.0,0.0,0.0,0.0,0.0,0.0,0.0,0.0,0.0,0.0,0.0,0.0,0.0,0,0,0.0
R2_relax_winrate_payoff_R00491,2026_05,2026-05-01 00:00:00+00:00,2026-06-01 00:00:00+00:00,3,0.0967741935483871,1.0811834668978528,2.5084845572991865,0.08118346689785283,-0.016318844493030227,1.0,inf,0.026560084989149944,0.026560084989149944,0.0,inf,0.00651521985754147,0.05442627551466385,0.3333333333333333,0.0,0.6666666666666666,2,1,48.666666666666664
R2_relax_winrate_payoff_R00491,2026_06,2026-06-01 00:00:00+00:00,2026-06-26 04:20:00+00:00,1,0.039713182570325425,1.032569411325267,1.591849992464037,0.03256941132526703,-0.004622116176927538,1.0,inf,0.032569411325267104,0.032569411325267104,0.0,inf,0.032569411325267104,0.032569411325267104,0.0,0.0,1.0,1,0,49.0
R1_relax_frequency_R00755,2025_05,2025-05-30 10:30:00+00:00,2025-06-01 00:00:00+00:00,0,0.0,1.0,1.0,0.0,0.0,0.0,0.0,0.0,0.0,0.0,0.0,0.0,0.0,0.0,0.0,0.0,0,0,0.0
R1_relax_frequency_R00755,2025_06,2025-06-01 00:00:00+00:00,2025-07-01 00:00:00+00:00,2,0.06666666666666667,1.0008607307769322,1.0105299435432662,0.0008607307769321615,-0.022156561999193025,0.5,1.0937794298878631,0.000490115995840105,0.011432758658267142,0.010452526666586932,1.0937794298878631,-0.010452526666586932,0.011432758658267142,0.5,0.0,0.5,2,0,19.5
R1_relax_frequency_R00755,2025_07,2025-07-01 00:00:00+00:00,2025-08-01 00:00:00+00:00,0,0.0,1.0,1.0,0.0,0.0,0.0,0.0,0.0,0.0,0.0,0.0,0.0,0.0,0.0,0.0,0.0,0,0,0.0
R1_relax_frequency_R00755,2025_08,2025-08-01 00:00:00+00:00,2025-09-01 00:00:00+00:00,1,0.03225806451612903,1.0114327586582672,1.1433236630073562,0.011432758658267206,-0.0036205784620875203,1.0,inf,0.011432758658267142,0.011432758658267142,0.0,inf,0.011432758658267142,0.011432758658267142,1.0,0.0,0.0,1,0,28.0
R1_relax_frequency_R00755,2025_09,2025-09-01 00:00:00+00:00,2025-10-01 00:00:00+00:00,0,0.0,1.0,1.0,0.0,0.0,0.0,0.0,0.0,0.0,0.0,0.0,0.0,0.0,0.0,0.0,0.0,0,0,0.0
R1_relax_frequency_R00755,2025_10,2025-10-01 00:00:00+00:00,2025-11-01 00:00:00+00:00,3,0.0967741935483871,0.9941855849265209,0.9336002985971603,-0.005814415073479129,-0.033062832516131624,0.6666666666666666,0.8118992709401457,-0.0017658268012279963,0.01143275865826692,0.02816299772021783,0.40594963547007284,-0.02816299772021783,0.01143275865826692,0.6666666666666666,0.0,0.3333333333333333,3,0,25.333333333333332
R1_relax_frequency_R00755,2025_11,2025-11-01 00:00:00+00:00,2025-12-01 00:00:00+00:00,0,0.0,1.0,1.0,0.0,0.0,0.0,0.0,0.0,0.0,0.0,0.0,0.0,0.0,0.0,0.0,0.0,0,0,0.0
R1_relax_frequency_R00755,2025_12,2025-12-01 00:00:00+00:00,2026-01-01 00:00:00+00:00,0,0.0,1.0,1.0,0.0,0.0,0.0,0.0,0.0,0.0,0.0,0.0,0.0,0.0,0.0,0.0,0.0,0,0,0.0
R1_relax_frequency_R00755,2026_01,2026-01-01 00:00:00+00:00,2026-02-01 00:00:00+00:00,0,0.0,1.0,1.0,0.0,0.0,0.0,0.0,0.0,0.0,0.0,0.0,0.0,0.0,0.0,0.0,0.0,0,0,0.0
R1_relax_frequency_R00755,2026_02,2026-02-01 00:00:00+00:00,2026-03-01 00:00:00+00:00,0,0.0,1.0,1.0,0.0,0.0,0.0,0.0,0.0,0.0,0.0,0.0,0.0,0.0,0.0,0.0,0.0,0,0,0.0
R1_relax_frequency_R00755,2026_03,2026-03-01 00:00:00+00:00,2026-04-01 00:00:00+00:00,1,0.03225806451612903,1.011432758658267,1.1433236630073533,0.011432758658266984,-0.024715362475776548,1.0,inf,0.01143275865826692,0.01143275865826692,0.0,inf,0.01143275865826692,0.01143275865826692,1.0,0.0,0.0,1,0,34.0
R1_relax_frequency_R00755,2026_04,2026-04-01 00:00:00+00:00,2026-05-01 00:00:00+00:00,0,0.0,1.0,1.0,0.0,0.0,0.0,0.0,0.0,0.0,0.0,0.0,0.0,0.0,0.0,0.0,0.0,0,0,0.0
R1_relax_frequency_R00755,2026_05,2026-05-01 00:00:00+00:00,2026-06-01 00:00:00+00:00,0,0.0,1.0,1.0,0.0,0.0,0.0,0.0,0.0,0.0,0.0,0.0,0.0,0.0,0.0,0.0,0.0,0,0,0.0
R1_relax_frequency_R00755,2026_06,2026-06-01 00:00:00+00:00,2026-06-26 04:20:00+00:00,2,0.07942636514065085,1.0176438558567185,1.2887809760127111,0.01764385585671846,-0.011210490158081288,1.0,inf,0.008786824272349825,0.008786824272349825,0.0,inf,0.006140889886432733,0.01143275865826692,0.5,0.0,0.5,2,0,20.5
R3_live_candidate_gate_R00848,2025_05,2025-05-30 10:30:00+00:00,2025-06-01 00:00:00+00:00,0,0.0,1.0,1.0,0.0,0.0,0.0,0.0,0.0,0.0,0.0,0.0,0.0,0.0,0.0,0.0,0.0,0,0,0.0
R3_live_candidate_gate_R00848,2025_06,2025-06-01 00:00:00+00:00,2025-07-01 00:00:00+00:00,2,0.06666666666666667,1.006325251518799,1.0797908940911418,0.0063252515187990355,-0.00987874761076002,0.5,11.47924183919378,0.003164719649878626,0.006933437126783659,0.000603997827026407,11.47924183919378,-0.000603997827026407,0.006933437126783659,0.5,0.0,0.5,2,0,8.0
R3_live_candidate_gate_R00848,2025_07,2025-07-01 00:00:00+00:00,2025-08-01 00:00:00+00:00,2,0.06451612903225806,0.9980303105490457,0.9770374704167685,-0.001969689450954326,-0.012924270560250029,0.5,0.784163812141199,-0.0009541926157734049,0.006933437126783881,0.00884182235833069,0.784163812141199,-0.00884182235833069,0.006933437126783881,0.5,0.0,0.5,2,0,6.5
R3_live_candidate_gate_R00848,2025_08,2025-08-01 00:00:00+00:00,2025-09-01 00:00:00+00:00,3,0.0967741935483871,1.02094486233953,1.2766365683301497,0.02094486233953008,-0.0034924378722085425,1.0,inf,0.006933437126783658,0.006933437126783658,0.0,inf,0.006933437126783659,0.006933437126783659,1.0,0.0,0.0,3,0,3.3333333333333335
R3_live_candidate_gate_R00848,2025_09,2025-09-01 00:00:00+00:00,2025-10-01 00:00:00+00:00,0,0.0,1.0,1.0,0.0,0.0,0.0,0.0,0.0,0.0,0.0,0.0,0.0,0.0,0.0,0.0,0.0,0,0,0.0
R3_live_candidate_gate_R00848,2025_10,2025-10-01 00:00:00+00:00,2025-11-01 00:00:00+00:00,2,0.06451612903225806,0.9902555787107973,0.8910325396772523,-0.00974442128920272,-0.03080515713067289,0.5,0.41860948228716555,-0.004814791316534075,0.006933437126783659,0.016563019759851808,0.41860948228716555,-0.016563019759851808,0.006933437126783659,0.5,0.5,0.0,2,0,9.0
R3_live_candidate_gate_R00848,2025_11,2025-11-01 00:00:00+00:00,2025-12-01 00:00:00+00:00,4,0.13333333333333333,1.0107518616488498,1.1390620824993352,0.010751861648849781,-0.015245151209037466,0.75,2.0833875796994903,0.0027041054702126826,0.006933437126783658,0.009983889499500246,0.6944625265664968,-0.009983889499500246,0.006933437126783659,0.75,0.0,0.25,4,0,5.75
R3_live_candidate_gate_R00848,2025_12,2025-12-01 00:00:00+00:00,2026-01-01 00:00:00+00:00,3,0.0967741935483871,1.0011893284110047,1.0141031723259049,0.0011893284110047198,-0.018074060514695067,0.3333333333333333,1.2136947195500531,0.0004069224543481139,0.006933437126783659,0.0028563348818696583,2.4273894391001063,-0.0030694474067703903,0.006933437126783659,0.3333333333333333,0.0,0.6666666666666666,3,0,9.333333333333334
R3_live_candidate_gate_R00848,2026_01,2026-01-01 00:00:00+00:00,2026-02-01 00:00:00+00:00,2,0.06451612903225806,0.9907709471069149,0.8965116678963821,-0.009229052893085066,-0.012828077744080124,0.0,0.0,-0.004617166589168333,0.0,0.004617166589168333,0.0,-0.008621906538350356,-0.0006124266399863092,0.0,0.0,1.0,2,0,10.0
R3_live_candidate_gate_R00848,2026_02,2026-02-01 00:00:00+00:00,2026-03-01 00:00:00+00:00,1,0.03571428571428571,1.006933437126784,1.0943188427205603,0.006933437126783959,-0.0054607252110855375,1.0,inf,0.006933437126783881,0.006933437126783881,0.0,inf,0.006933437126783881,0.006933437126783881,1.0,0.0,0.0,1,0,6.0
R3_live_candidate_gate_R00848,2026_03,2026-03-01 00:00:00+00:00,2026-04-01 00:00:00+00:00,1,0.03225806451612903,1.0069334371267837,1.0848151959537493,0.006933437126783737,-0.0015862278648662853,1.0,inf,0.006933437126783659,0.006933437126783659,0.0,inf,0.006933437126783659,0.006933437126783659,1.0,0.0,0.0,1,0,4.0
R3_live_candidate_gate_R00848,2026_04,2026-04-01 00:00:00+00:00,2026-05-01 00:00:00+00:00,0,0.0,1.0,1.0,0.0,0.0,0.0,0.0,0.0,0.0,0.0,0.0,0.0,0.0,0.0,0.0,0.0,0,0,0.0
R3_live_candidate_gate_R00848,2026_05,2026-05-01 00:00:00+00:00,2026-06-01 00:00:00+00:00,0,0.0,1.0,1.0,0.0,0.0,0.0,0.0,0.0,0.0,0.0,0.0,0.0,0.0,0.0,0.0,0.0,0,0,0.0
R3_live_candidate_gate_R00848,2026_06,2026-06-01 00:00:00+00:00,2026-06-26 04:20:00+00:00,2,0.07942636514065085,1.0139149468039585,1.2219503634005155,0.01391494680395855,-0.0032978856240873933,1.0,inf,0.006933437126783659,0.006933437126783659,0.0,inf,0.006933437126783659,0.006933437126783659,1.0,0.0,0.0,2,0,2.0
R1_relax_frequency_R04739,2025_05,2025-05-30 10:30:00+00:00,2025-06-01 00:00:00+00:00,0,0.0,1.0,1.0,0.0,0.0,0.0,0.0,0.0,0.0,0.0,0.0,0.0,0.0,0.0,0.0,0.0,0,0,0.0
R1_relax_frequency_R04739,2025_06,2025-06-01 00:00:00+00:00,2025-07-01 00:00:00+00:00,1,0.03333333333333333,1.0154371956782615,1.2050389890452506,0.015437195678261517,-0.007437946025923514,1.0,inf,0.0154371956782615,0.0154371956782615,0.0,inf,0.0154371956782615,0.0154371956782615,1.0,0.0,0.0,0,1,11.0
R1_relax_frequency_R04739,2025_07,2025-07-01 00:00:00+00:00,2025-08-01 00:00:00+00:00,4,0.12903225806451613,0.9768597809056551,0.7589282190645148,-0.023140219094344938,-0.03321126191071522,0.25,0.011184127859923395,-0.005814817408642902,0.0002630769315610578,0.00784078218871089,0.03355238357977018,-0.016567621980627976,0.0002630769315610578,0.0,0.25,0.75,0,4,36.0
R1_relax_frequency_R04739,2025_08,2025-08-01 00:00:00+00:00,2025-09-01 00:00:00+00:00,1,0.03225806451612903,0.983432378019372,0.8213227604709408,-0.016567621980628,-0.022779614847352025,0.0,0.0,-0.016567621980627976,0.0,0.016567621980627976,0.0,-0.016567621980627976,-0.016567621980627976,0.0,1.0,0.0,0,1,16.0
R1_relax_frequency_R04739,2025_09,2025-09-01 00:00:00+00:00,2025-10-01 00:00:00+00:00,1,0.03333333333333333,1.0001589864631881,1.0019373806351686,0.0001589864631881266,-0.016031128182837362,1.0,inf,0.00015898646318812735,0.00015898646318812735,0.0,inf,0.00015898646318812735,0.00015898646318812735,0.0,0.0,1.0,0,1,37.0
R1_relax_frequency_R04739,2025_10,2025-10-01 00:00:00+00:00,2025-11-01 00:00:00+00:00,5,0.16129032258064516,1.0341479889207588,1.4853097682636656,0.034147988920758765,-0.02143028727210594,0.8,3.05701598884225,0.00681597266224921,0.012661871322968508,0.016567621980627976,0.7642539972105625,-0.016567621980627976,0.01543719567826161,0.6,0.2,0.2,0,5,17.6
R1_relax_frequency_R04739,2025_11,2025-11-01 00:00:00+00:00,2025-12-01 00:00:00+00:00,4,0.13333333333333333,1.007432260290438,1.0943418820382296,0.007432260290437975,-0.020158055616915638,0.5,1.4542337761947577,0.001925970206039713,0.012332024047312805,0.00848008363523338,1.4542337761947577,-0.016567621980627976,0.0154371956782615,0.25,0.25,0.5,0,4,22.25
R1_relax_frequency_R04739,2025_12,2025-12-01 00:00:00+00:00,2026-01-01 00:00:00+00:00,4,0.12903225806451613,1.0317874143277812,1.445851036866959,0.031787414327781205,-0.014421544147924847,0.75,5.0803252543148085,0.00789856947505429,0.01311245206400971,0.007743078291811973,1.6934417514382696,-0.007743078291811973,0.01543719567826161,0.5,0.0,0.5,0,4,27.75
R1_relax_frequency_R04739,2026_01,2026-01-01 00:00:00+00:00,2026-02-01 00:00:00+00:00,3,0.0967741935483871,0.9800375672483002,0.788532339353756,-0.019962432751699843,-0.02764041600945233,0.3333333333333333,0.10634374796576516,-0.0066685905465312875,0.0023806566923901752,0.011193214165992019,0.21268749593153033,-0.016567621980627976,0.0023806566923901752,0.0,0.3333333333333333,0.6666666666666666,0,3,29.666666666666668
R1_relax_frequency_R04739,2026_02,2026-02-01 00:00:00+00:00,2026-03-01 00:00:00+00:00,1,0.03571428571428571,1.0154371956782615,1.2212002696060666,0.015437195678261517,-0.012826670470415857,1.0,inf,0.0154371956782615,0.0154371956782615,0.0,inf,0.0154371956782615,0.0154371956782615,1.0,0.0,0.0,0,1,31.0
R1_relax_frequency_R04739,2026_03,2026-03-01 00:00:00+00:00,2026-04-01 00:00:00+00:00,2,0.06451612903225806,1.031112698366932,1.4347502864966017,0.03111269836693209,-0.005445628708863004,1.0,inf,0.015437195678261666,0.015437195678261666,0.0,inf,0.01543719567826161,0.015437195678261722,1.0,0.0,0.0,0,2,8.0
R1_relax_frequency_R04739,2026_04,2026-04-01 00:00:00+00:00,2026-05-01 00:00:00+00:00,4,0.13333333333333333,1.0135073514152584,1.1774501953679652,0.013507351415258384,-0.02930985898462124,0.5,1.8073529169694764,0.003447933395756287,0.015437195678261722,0.008541328886749147,1.8073529169694764,-0.016567621980627976,0.015437195678261722,0.5,0.25,0.25,0,4,25.5
R1_relax_frequency_R04739,2026_05,2026-05-01 00:00:00+00:00,2026-06-01 00:00:00+00:00,1,0.03225806451612903,1.0154371956782615,1.1978106221338163,0.015437195678261517,-0.008064049434714393,1.0,inf,0.01543719567826161,0.01543719567826161,0.0,inf,0.01543719567826161,0.01543719567826161,1.0,0.0,0.0,0,1,16.0
R1_relax_frequency_R04739,2026_06,2026-06-01 00:00:00+00:00,2026-06-26 04:20:00+00:00,1,0.039713182570325425,1.0003454680292716,1.005022803462946,0.0003454680292716006,-0.013396993848997951,1.0,inf,0.0003454680292715751,0.0003454680292715751,0.0,inf,0.0003454680292715751,0.0003454680292715751,0.0,0.0,1.0,0,1,37.0
R1_relax_frequency_R02909,2025_05,2025-05-30 10:30:00+00:00,2025-06-01 00:00:00+00:00,0,0.0,1.0,1.0,0.0,0.0,0.0,0.0,0.0,0.0,0.0,0.0,0.0,0.0,0.0,0.0,0.0,0,0,0.0
R1_relax_frequency_R02909,2025_06,2025-06-01 00:00:00+00:00,2025-07-01 00:00:00+00:00,1,0.03333333333333333,1.0214312509504522,1.2945573433110307,0.021431250950452174,-0.001815965245509088,1.0,inf,0.021431250950452164,0.021431250950452164,0.0,inf,0.021431250950452164,0.021431250950452164,1.0,0.0,0.0,1,0,18.0
R1_relax_frequency_R02909,2025_07,2025-07-01 00:00:00+00:00,2025-08-01 00:00:00+00:00,0,0.0,1.0,1.0,0.0,0.0,0.0,0.0,0.0,0.0,0.0,0.0,0.0,0.0,0.0,0.0,0.0,0,0,0.0
R1_relax_frequency_R02909,2025_08,2025-08-01 00:00:00+00:00,2025-09-01 00:00:00+00:00,2,0.06451612903225806,0.9671482941038616,0.6746454698755306,-0.032851705896138395,-0.038053279205163215,0.0,0.0,-0.016563019759851753,0.0,0.016563019759851753,0.0,-0.016563019759851808,-0.016563019759851697,0.0,1.0,0.0,2,0,15.5
R1_relax_frequency_R02909,2025_09,2025-09-01 00:00:00+00:00,2025-10-01 00:00:00+00:00,0,0.0,1.0,1.0,0.0,0.0,0.0,0.0,0.0,0.0,0.0,0.0,0.0,0.0,0.0,0.0,0.0,0,0,0.0
R1_relax_frequency_R02909,2025_10,2025-10-01 00:00:00+00:00,2025-11-01 00:00:00+00:00,0,0.0,1.0,1.0,0.0,0.0,0.0,0.0,0.0,0.0,0.0,0.0,0.0,0.0,0.0,0.0,0.0,0,0,0.0
R1_relax_frequency_R02909,2025_11,2025-11-01 00:00:00+00:00,2025-12-01 00:00:00+00:00,0,0.0,1.0,1.0,0.0,0.0,0.0,0.0,0.0,0.0,0.0,0.0,0.0,0.0,0.0,0.0,0.0,0,0,0.0
R1_relax_frequency_R02909,2025_12,2025-12-01 00:00:00+00:00,2026-01-01 00:00:00+00:00,0,0.0,1.0,1.0,0.0,0.0,0.0,0.0,0.0,0.0,0.0,0.0,0.0,0.0,0.0,0.0,0.0,0,0,0.0
R1_relax_frequency_R02909,2026_01,2026-01-01 00:00:00+00:00,2026-02-01 00:00:00+00:00,0,0.0,1.0,1.0,0.0,0.0,0.0,0.0,0.0,0.0,0.0,0.0,0.0,0.0,0.0,0.0,0.0,0,0,0.0
R1_relax_frequency_R02909,2026_02,2026-02-01 00:00:00+00:00,2026-03-01 00:00:00+00:00,0,0.0,1.0,1.0,0.0,0.0,0.0,0.0,0.0,0.0,0.0,0.0,0.0,0.0,0.0,0.0,0.0,0,0,0.0
R1_relax_frequency_R02909,2026_03,2026-03-01 00:00:00+00:00,2026-04-01 00:00:00+00:00,1,0.03225806451612903,1.0214312509504524,1.2838210039540205,0.021431250950452396,-0.011072681947654872,1.0,inf,0.021431250950452386,0.021431250950452386,0.0,inf,0.021431250950452386,0.021431250950452386,1.0,0.0,0.0,1,0,9.0
R1_relax_frequency_R02909,2026_04,2026-04-01 00:00:00+00:00,2026-05-01 00:00:00+00:00,0,0.0,1.0,1.0,0.0,0.0,0.0,0.0,0.0,0.0,0.0,0.0,0.0,0.0,0.0,0.0,0.0,0,0,0.0
R1_relax_frequency_R02909,2026_05,2026-05-01 00:00:00+00:00,2026-06-01 00:00:00+00:00,0,0.0,1.0,1.0,0.0,0.0,0.0,0.0,0.0,0.0,0.0,0.0,0.0,0.0,0.0,0.0,0.0,0,0,0.0
R1_relax_frequency_R02909,2026_06,2026-06-01 00:00:00+00:00,2026-06-26 04:20:00+00:00,1,0.039713182570325425,1.0214312509504524,1.3601311933071891,0.021431250950452396,-0.008667411087357801,1.0,inf,0.021431250950452386,0.021431250950452386,0.0,inf,0.021431250950452386,0.021431250950452386,1.0,0.0,0.0,1,0,16.0
R1_relax_frequency_R06458,2025_05,2025-05-30 10:30:00+00:00,2025-06-01 00:00:00+00:00,0,0.0,1.0,1.0,0.0,0.0,0.0,0.0,0.0,0.0,0.0,0.0,0.0,0.0,0.0,0.0,0.0,0,0,0.0
R1_relax_frequency_R06458,2025_06,2025-06-01 00:00:00+00:00,2025-07-01 00:00:00+00:00,0,0.0,1.0,1.0,0.0,0.0,0.0,0.0,0.0,0.0,0.0,0.0,0.0,0.0,0.0,0.0,0.0,0,0,0.0
R1_relax_frequency_R06458,2025_07,2025-07-01 00:00:00+00:00,2025-08-01 00:00:00+00:00,3,0.0967741935483871,1.0656814917450463,2.115989118695201,0.06568149174504634,-0.00423456573880554,1.0,inf,0.021431250950452313,0.021431250950452313,0.0,inf,0.021431250950452164,0.021431250950452386,1.0,0.0,0.0,3,0,33.333333333333336
R1_relax_frequency_R06458,2025_08,2025-08-01 00:00:00+00:00,2025-09-01 00:00:00+00:00,2,0.06451612903225806,0.9730570236302609,0.724840235312576,-0.02694297636973908,-0.02977131031507374,0.0,0.0,-0.013563472072196136,0.0,0.013563472072196136,0.0,-0.013563472072196192,-0.01356347207219608,0.0,1.0,0.0,2,0,17.5
R1_relax_frequency_R06458,2025_09,2025-09-01 00:00:00+00:00,2025-10-01 00:00:00+00:00,1,0.03333333333333333,1.0214312509504524,1.294557343311034,0.021431250950452396,-0.011836866704817539,1.0,inf,0.021431250950452386,0.021431250950452386,0.0,inf,0.021431250950452386,0.021431250950452386,1.0,0.0,0.0,1,0,32.0
R1_relax_frequency_R06458,2025_10,2025-10-01 00:00:00+00:00,2025-11-01 00:00:00+00:00,2,0.06451612903225806,1.0075770967045174,1.093013744109558,0.00757709670451745,-0.01932341239001667,0.5,1.5800711526058568,0.003933889439128097,0.021431250950452386,0.013563472072196192,1.5800711526058568,-0.013563472072196192,0.021431250950452386,0.5,0.5,0.0,2,0,36.5
R1_relax_frequency_R06458,2025_11,2025-11-01 00:00:00+00:00,2025-12-01 00:00:00+00:00,0,0.0,1.0,1.0,0.0,0.0,0.0,0.0,0.0,0.0,0.0,0.0,0.0,0.0,0.0,0.0,0.0,0,0,0.0
R1_relax_frequency_R06458,2025_12,2025-12-01 00:00:00+00:00,2026-01-01 00:00:00+00:00,1,0.03225806451612903,0.9864365279278038,0.8513754960724293,-0.013563472072196214,-0.016792196812887794,0.0,0.0,-0.013563472072196192,0.0,0.013563472072196192,0.0,-0.013563472072196192,-0.013563472072196192,0.0,1.0,0.0,1,0,25.0
R1_relax_frequency_R06458,2026_01,2026-01-01 00:00:00+00:00,2026-02-01 00:00:00+00:00,4,0.12903225806451613,1.0710257511963468,2.2444517015205925,0.0710257511963468,-0.012640067446183845,1.0,inf,0.017327156958237926,0.017327156958237926,0.0,inf,0.005014874981594545,0.021431250950452386,0.75,0.0,0.25,4,0,60.5
R1_relax_frequency_R06458,2026_02,2026-02-01 00:00:00+00:00,2026-03-01 00:00:00+00:00,2,0.07142857142857142,1.0075770967045174,1.1034790253915787,0.00757709670451745,-0.020647620739852934,0.5,1.5800711526058568,0.003933889439128097,0.021431250950452386,0.013563472072196192,1.5800711526058568,-0.013563472072196192,0.021431250950452386,0.5,0.5,0.0,2,0,19.5
R1_relax_frequency_R06458,2026_03,2026-03-01 00:00:00+00:00,2026-04-01 00:00:00+00:00,1,0.03225806451612903,1.0214312509504524,1.2838210039540205,0.021431250950452396,-0.002099892454635155,1.0,inf,0.021431250950452386,0.021431250950452386,0.0,inf,0.021431250950452386,0.021431250950452386,1.0,0.0,0.0,1,0,12.0
R1_relax_frequency_R06458,2026_04,2026-04-01 00:00:00+00:00,2026-05-01 00:00:00+00:00,1,0.03333333333333333,0.99399217043509,0.9292607222208272,-0.006007829564909972,-0.010675785323952747,0.0,0.0,-0.006007829564909917,0.0,0.006007829564909917,0.0,-0.006007829564909917,-0.006007829564909917,0.0,0.0,1.0,1,0,97.0
R1_relax_frequency_R06458,2026_05,2026-05-01 00:00:00+00:00,2026-06-01 00:00:00+00:00,2,0.06451612903225806,1.0075770967045172,1.093013744109555,0.007577096704517228,-0.015717428733511785,0.5,1.5800711526058404,0.003933889439127986,0.021431250950452164,0.013563472072196192,1.5800711526058404,-0.013563472072196192,0.021431250950452164,0.5,0.5,0.0,2,0,6.5
R1_relax_frequency_R06458,2026_06,2026-06-01 00:00:00+00:00,2026-06-26 04:20:00+00:00,2,0.07942636514065085,1.043321800418206,1.8499568630072392,0.0433218004182061,-0.011412845232876334,1.0,inf,0.021431250950452386,0.021431250950452386,0.0,inf,0.021431250950452386,0.021431250950452386,1.0,0.0,0.0,2,0,36.0
R2_relax_winrate_payoff_R01568,2025_05,2025-05-30 10:30:00+00:00,2025-06-01 00:00:00+00:00,0,0.0,1.0,1.0,0.0,0.0,0.0,0.0,0.0,0.0,0.0,0.0,0.0,0.0,0.0,0.0,0.0,0,0,0.0
R2_relax_winrate_payoff_R01568,2025_06,2025-06-01 00:00:00+00:00,2025-07-01 00:00:00+00:00,3,0.1,1.0106867712557448,1.1381693271809703,0.010686771255744798,-0.013857901008506368,0.6666666666666666,1.900001421303084,0.0036109533375007132,0.011434676064583722,0.012036492116665303,0.950000710651542,-0.012036492116665303,0.011436593470900301,0.6666666666666666,0.0,0.3333333333333333,1,2,10.666666666666666
R2_relax_winrate_payoff_R01568,2025_07,2025-07-01 00:00:00+00:00,2025-08-01 00:00:00+00:00,2,0.06451612903225806,1.0019341338579557,1.0230275883098907,0.001934133857955711,-0.013029391383664324,0.5,1.328303117521635,0.0009912870342015157,0.00802142646605771,0.006038852397654678,1.328303117521635,-0.006038852397654678,0.00802142646605771,0.0,0.0,1.0,1,1,19.0
R2_relax_winrate_payoff_R01568,2025_08,2025-08-01 00:00:00+00:00,2025-09-01 00:00:00+00:00,2,0.06451612903225806,0.9977180014825606,0.9734412353042169,-0.0022819985174393764,-0.021852197829762,0.5,0.8431906970446251,-0.0010634393006478896,0.011436593470900413,0.013563472072196192,0.8431906970446251,-0.013563472072196192,0.011436593470900413,0.5,0.5,0.0,1,1,7.0
R2_relax_winrate_payoff_R01568,2025_09,2025-09-01 00:00:00+00:00,2025-10-01 00:00:00+00:00,1,0.03333333333333333,0.986432829674893,0.8467827994003894,-0.013567170325107014,-0.01534958587770996,0.0,0.0,-0.013567170325106995,0.0,0.013567170325106995,0.0,-0.013567170325106995,-0.013567170325106995,0.0,1.0,0.0,0,1,4.0
R2_relax_winrate_payoff_R01568,2025_10,2025-10-01 00:00:00+00:00,2025-11-01 00:00:00+00:00,0,0.0,1.0,1.0,0.0,0.0,0.0,0.0,0.0,0.0,0.0,0.0,0.0,0.0,0.0,0.0,0.0,0,0,0.0
R2_relax_winrate_payoff_R01568,2025_11,2025-11-01 00:00:00+00:00,2025-12-01 00:00:00+00:00,2,0.06666666666666667,0.9977142609342347,0.9725238042170434,-0.0022857390657653465,-0.016264284724653022,0.5,0.8429608530627937,-0.0010652884271032913,0.011436593470900413,0.013567170325106995,0.8429608530627937,-0.013567170325106995,0.011436593470900413,0.5,0.5,0.0,0,2,2.5
R2_relax_winrate_payoff_R01568,2025_12,2025-12-01 00:00:00+00:00,2026-01-01 00:00:00+00:00,2,0.06451612903225806,1.0092685623500608,1.1148296514199278,0.009268562350060794,-0.011197543367224672,0.5,5.335435008257881,0.004646538438966416,0.011436593470900301,0.0021435165929674705,5.335435008257881,-0.0021435165929674705,0.011436593470900301,0.5,0.0,0.5,0,2,15.0
R2_relax_winrate_payoff_R01568,2026_01,2026-01-01 00:00:00+00:00,2026-02-01 00:00:00+00:00,1,0.03225806451612903,1.0114365934709002,1.1433747386375332,0.011436593470900203,-0.0032200713123575753,1.0,inf,0.011436593470900301,0.011436593470900301,0.0,inf,0.011436593470900301,0.011436593470900301,1.0,0.0,0.0,0,1,2.0
R2_relax_winrate_payoff_R01568,2026_02,2026-02-01 00:00:00+00:00,2026-03-01 00:00:00+00:00,1,0.03571428571428571,0.9971572012590777,0.9635449835474783,-0.0028427987409223032,-0.006026182559026649,0.0,0.0,-0.002842798740922252,0.0,0.002842798740922252,0.0,-0.002842798740922252,-0.002842798740922252,0.0,0.0,1.0,0,1,19.0
R2_relax_winrate_payoff_R01568,2026_03,2026-03-01 00:00:00+00:00,2026-04-01 00:00:00+00:00,2,0.06451612903225806,1.015852209750117,1.203591364077673,0.01585220975011703,-0.011072681947654872,1.0,inf,0.00790112718014864,0.00790112718014864,0.0,inf,0.004369495702030137,0.011432758658267142,0.5,0.0,0.5,2,0,14.0
R2_relax_winrate_payoff_R01568,2026_04,2026-04-01 00:00:00+00:00,2026-05-01 00:00:00+00:00,2,0.06666666666666667,0.9907191813603381,0.8926849390808992,-0.009280818639661903,-0.015062141087086145,0.0,0.0,-0.004649530204334088,0.0,0.004649530204334088,0.0,-0.00648701819470692,-0.0028120422139612557,0.0,0.0,1.0,2,0,19.0
R2_relax_winrate_payoff_R01568,2026_05,2026-05-01 00:00:00+00:00,2026-06-01 00:00:00+00:00,2,0.06451612903225806,1.0229962252870723,1.3071889983925549,0.022996225287072347,-0.011120631001231285,1.0,inf,0.01143275865826703,0.01143275865826703,0.0,inf,0.01143275865826692,0.011432758658267142,1.0,0.0,0.0,2,0,10.0
R2_relax_winrate_payoff_R01568,2026_06,2026-06-01 00:00:00+00:00,2026-06-26 04:20:00+00:00,4,0.1588527302813017,1.0240803644425127,1.4122049095358968,0.024080364442512714,-0.0099101663617982,0.75,7.895233556546074,0.005985275507392441,0.009137741821914238,0.003472123436172947,2.6317445188486914,-0.003472123436172947,0.011436593470900413,0.5,0.0,0.5,3,1,15.0
R1_relax_frequency_R02403,2025_05,2025-05-30 10:30:00+00:00,2025-06-01 00:00:00+00:00,0,0.0,1.0,1.0,0.0,0.0,0.0,0.0,0.0,0.0,0.0,0.0,0.0,0.0,0.0,0.0,0.0,0,0,0.0
R1_relax_frequency_R02403,2025_06,2025-06-01 00:00:00+00:00,2025-07-01 00:00:00+00:00,5,0.16666666666666666,0.9990380446202307,0.9883509384116957,-0.0009619553797692859,-0.03313099742184766,0.6,0.9667777917869397,-0.00014300687110099762,0.006935915987618903,0.010761391159180848,0.6445185278579598,-0.018353993818468452,0.006935915987619051,0.6,0.0,0.4,0,5,24.8
R1_relax_frequency_R02403,2025_07,2025-07-01 00:00:00+00:00,2025-08-01 00:00:00+00:00,1,0.03225806451612903,1.006935915987619,1.0848466619464812,0.006935915987619001,-0.013029391383664324,1.0,inf,0.00693591598761894,0.00693591598761894,0.0,inf,0.00693591598761894,0.00693591598761894,1.0,0.0,0.0,0,1,28.0
R1_relax_frequency_R02403,2025_08,2025-08-01 00:00:00+00:00,2025-09-01 00:00:00+00:00,3,0.0967741935483871,1.0209524024202479,1.2767476613596112,0.020952402420247873,-0.02697982720878911,1.0,inf,0.006935915987619051,0.006935915987619051,0.0,inf,0.006935915987619051,0.006935915987619051,1.0,0.0,0.0,0,3,20.0
R1_relax_frequency_R02403,2025_09,2025-09-01 00:00:00+00:00,2025-10-01 00:00:00+00:00,2,0.06666666666666667,0.966083282083791,0.6569803051199651,-0.03391671791620898,-0.04212500209830816,0.5,0.17095649045904,-0.016817659618588002,0.006935915987619162,0.040571235224795166,0.17095649045904,-0.040571235224795166,0.006935915987619162,0.5,0.5,0.0,0,2,25.0
R1_relax_frequency_R02403,2025_10,2025-10-01 00:00:00+00:00,2025-11-01 00:00:00+00:00,2,0.06451612903225806,1.0139199389058253,1.1768922799364228,0.013919938905825324,-0.027749887707217757,1.0,inf,0.006935915987619051,0.006935915987619051,0.0,inf,0.006935915987619051,0.006935915987619051,1.0,0.0,0.0,0,2,26.0
R1_relax_frequency_R02403,2025_11,2025-11-01 00:00:00+00:00,2025-12-01 00:00:00+00:00,2,0.06666666666666667,1.0048209173695222,1.0603018597936353,0.004820917369522171,-0.02383923371693597,0.5,3.302140653165416,0.0024177428885004413,0.006935915987619051,0.0021004302106181682,3.302140653165416,-0.0021004302106181682,0.006935915987619051,0.5,0.0,0.5,0,2,25.0
R1_relax_frequency_R02403,2025_12,2025-12-01 00:00:00+00:00,2026-01-01 00:00:00+00:00,4,0.12903225806451613,1.0146826185895215,1.1873651492003496,0.014682618589521468,-0.036346208641190314,0.75,3.3882699699348247,0.003666658799521488,0.006935915987618977,0.006141112764770978,1.1294233233116082,-0.006141112764770978,0.006935915987619051,0.75,0.0,0.25,0,4,18.25
R1_relax_frequency_R02403,2026_01,2026-01-01 00:00:00+00:00,2026-02-01 00:00:00+00:00,0,0.0,1.0,1.0,0.0,0.0,0.0,0.0,0.0,0.0,0.0,0.0,0.0,0.0,0.0,0.0,0.0,0,0,0.0
R1_relax_frequency_R02403,2026_02,2026-02-01 00:00:00+00:00,2026-03-01 00:00:00+00:00,2,0.07142857142857142,1.0139199389058253,1.1976106451875497,0.013919938905825324,-0.008171713369625522,1.0,inf,0.006935915987619051,0.006935915987619051,0.0,inf,0.006935915987619051,0.006935915987619051,1.0,0.0,0.0,0,2,14.0
R1_relax_frequency_R02403,2026_03,2026-03-01 00:00:00+00:00,2026-04-01 00:00:00+00:00,1,0.03225806451612903,1.006935915987619,1.0848466619464812,0.006935915987619001,-0.014149884765069398,1.0,inf,0.006935915987619051,0.006935915987619051,0.0,inf,0.006935915987619051,0.006935915987619051,1.0,0.0,0.0,0,1,8.0
R1_relax_frequency_R02403,2026_04,2026-04-01 00:00:00+00:00,2026-05-01 00:00:00+00:00,1,0.03333333333333333,0.9997245059576353,0.9966510183176008,-0.0002754940423647101,-0.0069684802025158366,0.0,0.0,-0.0002754940423647177,0.0,0.0002754940423647177,0.0,-0.0002754940423647177,-0.0002754940423647177,0.0,0.0,1.0,0,1,49.0
R1_relax_frequency_R02403,2026_05,2026-05-01 00:00:00+00:00,2026-06-01 00:00:00+00:00,0,0.0,1.0,1.0,0.0,0.0,0.0,0.0,0.0,0.0,0.0,0.0,0.0,0.0,0.0,0.0,0.0,0,0,0.0
R1_relax_frequency_R02403,2026_06,2026-06-01 00:00:00+00:00,2026-06-26 04:20:00+00:00,1,0.039713182570325425,1.006935915987619,1.1054581110931136,0.006935915987619001,-0.0033655046637430797,1.0,inf,0.006935915987619051,0.006935915987619051,0.0,inf,0.006935915987619051,0.006935915987619051,1.0,0.0,0.0,0,1,4.0
R3_live_candidate_gate_R01583,2025_05,2025-05-30 10:30:00+00:00,2025-06-01 00:00:00+00:00,0,0.0,1.0,1.0,0.0,0.0,0.0,0.0,0.0,0.0,0.0,0.0,0.0,0.0,0.0,0.0,0.0,0,0,0.0
R3_live_candidate_gate_R01583,2025_06,2025-06-01 00:00:00+00:00,2025-07-01 00:00:00+00:00,0,0.0,1.0,1.0,0.0,0.0,0.0,0.0,0.0,0.0,0.0,0.0,0.0,0.0,0.0,0.0,0.0,0,0,0.0
R3_live_candidate_gate_R01583,2025_07,2025-07-01 00:00:00+00:00,2025-08-01 00:00:00+00:00,0,0.0,1.0,1.0,0.0,0.0,0.0,0.0,0.0,0.0,0.0,0.0,0.0,0.0,0.0,0.0,0.0,0,0,0.0
R3_live_candidate_gate_R01583,2025_08,2025-08-01 00:00:00+00:00,2025-09-01 00:00:00+00:00,0,0.0,1.0,1.0,0.0,0.0,0.0,0.0,0.0,0.0,0.0,0.0,0.0,0.0,0.0,0.0,0.0,0,0,0.0
R3_live_candidate_gate_R01583,2025_09,2025-09-01 00:00:00+00:00,2025-10-01 00:00:00+00:00,0,0.0,1.0,1.0,0.0,0.0,0.0,0.0,0.0,0.0,0.0,0.0,0.0,0.0,0.0,0.0,0.0,0,0,0.0
R3_live_candidate_gate_R01583,2025_10,2025-10-01 00:00:00+00:00,2025-11-01 00:00:00+00:00,1,0.03225806451612903,1.0044338140537374,1.0535072863901378,0.004433814053737439,-0.0058072305395955315,1.0,inf,0.004433814053737403,0.004433814053737403,0.0,inf,0.004433814053737403,0.004433814053737403,1.0,0.0,0.0,1,0,7.0
R3_live_candidate_gate_R01583,2025_11,2025-11-01 00:00:00+00:00,2025-12-01 00:00:00+00:00,1,0.03333333333333333,1.0044338140537374,1.0553393418895776,0.004433814053737439,-0.003339662847310909,1.0,inf,0.004433814053737403,0.004433814053737403,0.0,inf,0.004433814053737403,0.004433814053737403,1.0,0.0,0.0,1,0,1.0
R3_live_candidate_gate_R01583,2025_12,2025-12-01 00:00:00+00:00,2026-01-01 00:00:00+00:00,1,0.03225806451612903,1.0044338140537374,1.0535072863901378,0.004433814053737439,-0.006058349819161979,1.0,inf,0.004433814053737403,0.004433814053737403,0.0,inf,0.004433814053737403,0.004433814053737403,1.0,0.0,0.0,1,0,3.0
R3_live_candidate_gate_R01583,2026_01,2026-01-01 00:00:00+00:00,2026-02-01 00:00:00+00:00,0,0.0,1.0,1.0,0.0,0.0,0.0,0.0,0.0,0.0,0.0,0.0,0.0,0.0,0.0,0.0,0.0,0,0,0.0
R3_live_candidate_gate_R01583,2026_02,2026-02-01 00:00:00+00:00,2026-03-01 00:00:00+00:00,3,0.10714285714285714,0.988299021505447,0.8576706567887156,-0.011700978494552983,-0.019626592912987517,0.3333333333333333,0.2749037940470768,-0.0038982628564171156,0.004433814053737181,0.008064301311494264,0.5498075880941536,-0.00806430131149432,0.004433814053737181,0.3333333333333333,0.6666666666666666,0.0,3,0,1.6666666666666667
R3_live_candidate_gate_R01583,2026_03,2026-03-01 00:00:00+00:00,2026-04-01 00:00:00+00:00,0,0.0,1.0,1.0,0.0,0.0,0.0,0.0,0.0,0.0,0.0,0.0,0.0,0.0,0.0,0.0,0.0,0,0,0.0
R3_live_candidate_gate_R01583,2026_04,2026-04-01 00:00:00+00:00,2026-05-01 00:00:00+00:00,0,0.0,1.0,1.0,0.0,0.0,0.0,0.0,0.0,0.0,0.0,0.0,0.0,0.0,0.0,0.0,0.0,0,0,0.0
R3_live_candidate_gate_R01583,2026_05,2026-05-01 00:00:00+00:00,2026-06-01 00:00:00+00:00,1,0.03225806451612903,1.0044338140537372,1.0535072863901351,0.004433814053737217,-0.00148651121593657,1.0,inf,0.004433814053737181,0.004433814053737181,0.0,inf,0.004433814053737181,0.004433814053737181,1.0,0.0,0.0,1,0,2.0
R3_live_candidate_gate_R01583,2026_06,2026-06-01 00:00:00+00:00,2026-06-26 04:20:00+00:00,1,0.039713182570325425,1.0044338140537372,1.0662751208901045,0.004433814053737217,-0.006987420683292278,1.0,inf,0.004433814053737181,0.004433814053737181,0.0,inf,0.004433814053737181,0.004433814053737181,1.0,0.0,0.0,1,0,5.0
R1_relax_frequency_R06609,2025_05,2025-05-30 10:30:00+00:00,2025-06-01 00:00:00+00:00,0,0.0,1.0,1.0,0.0,0.0,0.0,0.0,0.0,0.0,0.0,0.0,0.0,0.0,0.0,0.0,0.0,0,0,0.0
R1_relax_frequency_R06609,2025_06,2025-06-01 00:00:00+00:00,2025-07-01 00:00:00+00:00,0,0.0,1.0,1.0,0.0,0.0,0.0,0.0,0.0,0.0,0.0,0.0,0.0,0.0,0.0,0.0,0.0,0,0,0.0
R1_relax_frequency_R06609,2025_07,2025-07-01 00:00:00+00:00,2025-08-01 00:00:00+00:00,0,0.0,1.0,1.0,0.0,0.0,0.0,0.0,0.0,0.0,0.0,0.0,0.0,0.0,0.0,0.0,0.0,0,0,0.0
R1_relax_frequency_R06609,2025_08,2025-08-01 00:00:00+00:00,2025-09-01 00:00:00+00:00,2,0.06451612903225806,1.0169404965496975,1.2188716058896325,0.016940496549697537,-0.0104067604007132,1.0,inf,0.00843467639299531,0.00843467639299531,0.0,inf,0.00843321097061119,0.00843614181537943,1.0,0.0,0.0,1,1,14.5
R1_relax_frequency_R06609,2025_09,2025-09-01 00:00:00+00:00,2025-10-01 00:00:00+00:00,1,0.03333333333333333,0.9938704033509962,0.9278757015762253,-0.00612959664900381,-0.009684919610448595,0.0,0.0,-0.0061295966490037615,0.0,0.0061295966490037615,0.0,-0.0061295966490037615,-0.0061295966490037615,0.0,0.0,1.0,1,0,25.0
R1_relax_frequency_R06609,2025_10,2025-10-01 00:00:00+00:00,2025-11-01 00:00:00+00:00,0,0.0,1.0,1.0,0.0,0.0,0.0,0.0,0.0,0.0,0.0,0.0,0.0,0.0,0.0,0.0,0.0,0,0,0.0
R1_relax_frequency_R06609,2025_11,2025-11-01 00:00:00+00:00,2025-12-01 00:00:00+00:00,0,0.0,1.0,1.0,0.0,0.0,0.0,0.0,0.0,0.0,0.0,0.0,0.0,0.0,0.0,0.0,0.0,0,0,0.0
R1_relax_frequency_R06609,2025_12,2025-12-01 00:00:00+00:00,2026-01-01 00:00:00+00:00,2,0.06451612903225806,0.9917287530261791,0.9067765366790344,-0.008271246973820867,-0.017266084291384765,0.5,0.5091944894230178,-0.004065740082624273,0.00843614181537943,0.016567621980627976,0.5091944894230178,-0.016567621980627976,0.00843614181537943,0.5,0.5,0.0,0,2,12.0
R1_relax_frequency_R06609,2026_01,2026-01-01 00:00:00+00:00,2026-02-01 00:00:00+00:00,1,0.03225806451612903,1.0014463590672589,1.017174884741597,0.0014463590672588733,-0.011200936169586395,1.0,inf,0.0014463590672587755,0.0014463590672587755,0.0,inf,0.0014463590672587755,0.0014463590672587755,0.0,0.0,1.0,1,0,25.0
R1_relax_frequency_R06609,2026_02,2026-02-01 00:00:00+00:00,2026-03-01 00:00:00+00:00,0,0.0,1.0,1.0,0.0,0.0,0.0,0.0,0.0,0.0,0.0,0.0,0.0,0.0,0.0,0.0,0.0,0,0,0.0
R1_relax_frequency_R06609,2026_03,2026-03-01 00:00:00+00:00,2026-04-01 00:00:00+00:00,1,0.03225806451612903,1.0030053609888316,1.035989320403445,0.00300536098883164,-0.007364295811729038,1.0,inf,0.003005360988831631,0.003005360988831631,0.0,inf,0.003005360988831631,0.003005360988831631,0.0,0.0,1.0,1,0,25.0
R1_relax_frequency_R06609,2026_04,2026-04-01 00:00:00+00:00,2026-05-01 00:00:00+00:00,0,0.0,1.0,1.0,0.0,0.0,0.0,0.0,0.0,0.0,0.0,0.0,0.0,0.0,0.0,0.0,0.0,0,0,0.0
R1_relax_frequency_R06609,2026_05,2026-05-01 00:00:00+00:00,2026-06-01 00:00:00+00:00,0,0.0,1.0,1.0,0.0,0.0,0.0,0.0,0.0,0.0,0.0,0.0,0.0,0.0,0.0,0.0,0.0,0,0,0.0
R1_relax_frequency_R06609,2026_06,2026-06-01 00:00:00+00:00,2026-06-26 04:20:00+00:00,1,0.039713182570325425,1.0084332109706113,1.1295426663932955,0.008433210970611338,-0.016065767770066852,1.0,inf,0.008433210970611412,0.008433210970611412,0.0,inf,0.008433210970611412,0.008433210970611412,1.0,0.0,0.0,1,0,11.0
R1_relax_frequency_R05647,2025_05,2025-05-30 10:30:00+00:00,2025-06-01 00:00:00+00:00,0,0.0,1.0,1.0,0.0,0.0,0.0,0.0,0.0,0.0,0.0,0.0,0.0,0.0,0.0,0.0,0.0,0,0,0.0
R1_relax_frequency_R05647,2025_06,2025-06-01 00:00:00+00:00,2025-07-01 00:00:00+00:00,5,0.16666666666666666,1.0428832682773503,1.667322632016948,0.04288326827735034,-0.015677714651260333,1.0,inf,0.008433210970611279,0.008433210970611279,0.0,inf,0.00843321097061119,0.008433210970611412,1.0,0.0,0.0,5,0,6.0
R1_relax_frequency_R05647,2025_07,2025-07-01 00:00:00+00:00,2025-08-01 00:00:00+00:00,1,0.03225806451612903,0.9978795026959358,0.9752994046009775,-0.0021204973040641617,-0.009680985332868097,0.0,0.0,-0.002120497304064199,0.0,0.002120497304064199,0.0,-0.002120497304064199,-0.002120497304064199,0.0,0.0,1.0,1,0,19.0
R1_relax_frequency_R05647,2025_08,2025-08-01 00:00:00+00:00,2025-09-01 00:00:00+00:00,2,0.06451612903225806,1.0169375409884975,1.21882986861369,0.016937540988497535,-0.014366292361600919,1.0,inf,0.008433210970611412,0.008433210970611412,0.0,inf,0.008433210970611412,0.008433210970611412,1.0,0.0,0.0,2,0,10.0
R1_relax_frequency_R05647,2025_09,2025-09-01 00:00:00+00:00,2025-10-01 00:00:00+00:00,0,0.0,1.0,1.0,0.0,0.0,0.0,0.0,0.0,0.0,0.0,0.0,0.0,0.0,0.0,0.0,0.0,0,0,0.0
R1_relax_frequency_R05647,2025_10,2025-10-01 00:00:00+00:00,2025-11-01 00:00:00+00:00,2,0.06451612903225806,1.0169375409884975,1.21882986861369,0.016937540988497535,-0.011666277742033548,1.0,inf,0.008433210970611412,0.008433210970611412,0.0,inf,0.008433210970611412,0.008433210970611412,1.0,0.0,0.0,2,0,10.5
R1_relax_frequency_R05647,2025_11,2025-11-01 00:00:00+00:00,2025-12-01 00:00:00+00:00,2,0.06666666666666667,0.9900104620598963,0.8849411109434987,-0.00998953794010371,-0.025096162892852103,0.5,0.4616211217501777,-0.004917737131684876,0.00843321097061119,0.018268685233980942,0.4616211217501777,-0.018268685233980942,0.00843321097061119,0.5,0.0,0.5,2,0,10.0
R1_relax_frequency_R05647,2025_12,2025-12-01 00:00:00+00:00,2026-01-01 00:00:00+00:00,0,0.0,1.0,1.0,0.0,0.0,0.0,0.0,0.0,0.0,0.0,0.0,0.0,0.0,0.0,0.0,0.0,0,0,0.0
R1_relax_frequency_R05647,2026_01,2026-01-01 00:00:00+00:00,2026-02-01 00:00:00+00:00,2,0.06451612903225806,0.9495942166747123,0.5436853586263148,-0.05040578332528767,-0.05625398490850908,0.0,0.0,-0.025411014688517676,0.0,0.025411014688517676,0.0,-0.04055940126109653,-0.010262628115938822,0.0,0.5,0.5,2,0,17.5
R1_relax_frequency_R05647,2026_02,2026-02-01 00:00:00+00:00,2026-03-01 00:00:00+00:00,1,0.03571428571428571,1.0084332109706113,1.1157724613296538,0.008433210970611338,-0.010359199075484438,1.0,inf,0.008433210970611412,0.008433210970611412,0.0,inf,0.008433210970611412,0.008433210970611412,1.0,0.0,0.0,1,0,8.0
R1_relax_frequency_R05647,2026_03,2026-03-01 00:00:00+00:00,2026-04-01 00:00:00+00:00,0,0.0,1.0,1.0,0.0,0.0,0.0,0.0,0.0,0.0,0.0,0.0,0.0,0.0,0.0,0.0,0.0,0,0,0.0
R1_relax_frequency_R05647,2026_04,2026-04-01 00:00:00+00:00,2026-05-01 00:00:00+00:00,1,0.03333333333333333,1.0084332109706113,1.1076535125434797,0.008433210970611338,-0.0017319300180139718,1.0,inf,0.008433210970611412,0.008433210970611412,0.0,inf,0.008433210970611412,0.008433210970611412,1.0,0.0,0.0,1,0,6.0
R1_relax_frequency_R05647,2026_05,2026-05-01 00:00:00+00:00,2026-06-01 00:00:00+00:00,0,0.0,1.0,1.0,0.0,0.0,0.0,0.0,0.0,0.0,0.0,0.0,0.0,0.0,0.0,0.0,0.0,0,0,0.0
R1_relax_frequency_R05647,2026_06,2026-06-01 00:00:00+00:00,2026-06-26 04:20:00+00:00,2,0.07942636514065085,1.0169375409884975,1.275866635202876,0.016937540988497535,-0.005916427014866277,1.0,inf,0.008433210970611412,0.008433210970611412,0.0,inf,0.008433210970611412,0.008433210970611412,1.0,0.0,0.0,2,0,5.0
R3_live_candidate_gate_R01423,2025_05,2025-05-30 10:30:00+00:00,2025-06-01 00:00:00+00:00,0,0.0,1.0,1.0,0.0,0.0,0.0,0.0,0.0,0.0,0.0,0.0,0.0,0.0,0.0,0.0,0.0,0,0,0.0
R3_live_candidate_gate_R01423,2025_06,2025-06-01 00:00:00+00:00,2025-07-01 00:00:00+00:00,4,0.13333333333333333,0.9960889202453528,0.9534095140008251,-0.003911079754647218,-0.023902332439063256,0.5,0.8530971185401237,-0.0008836326866218901,0.010262896021013653,0.012030161394257433,0.8530971185401237,-0.02256852529166972,0.014772388707349446,0.0,0.25,0.75,0,4,11.75
R3_live_candidate_gate_R01423,2025_07,2025-07-01 00:00:00+00:00,2025-08-01 00:00:00+00:00,0,0.0,1.0,1.0,0.0,0.0,0.0,0.0,0.0,0.0,0.0,0.0,0.0,0.0,0.0,0.0,0.0,0,0,0.0
R3_live_candidate_gate_R01423,2025_08,2025-08-01 00:00:00+00:00,2025-09-01 00:00:00+00:00,1,0.03225806451612903,0.9927664964137833,0.9180194093872843,-0.007233503586216661,-0.008268370357864763,0.0,0.0,-0.0072335035862166166,0.0,0.0072335035862166166,0.0,-0.0072335035862166166,-0.0072335035862166166,0.0,0.0,1.0,0,1,13.0
R3_live_candidate_gate_R01423,2025_09,2025-09-01 00:00:00+00:00,2025-10-01 00:00:00+00:00,2,0.06666666666666667,1.0013437654578459,1.016483744228989,0.001343765457845869,-0.01811060425542399,1.0,inf,0.000671865360731005,0.000671865360731005,0.0,inf,2.6368126726736773e-05,0.001317362594735273,0.0,0.0,1.0,0,2,13.0
R3_live_candidate_gate_R01423,2025_10,2025-10-01 00:00:00+00:00,2025-11-01 00:00:00+00:00,2,0.06451612903225806,1.0206020128588782,1.2715944746548085,0.020602012858878194,-0.005267898925664927,1.0,inf,0.010280102413478055,0.010280102413478055,0.0,inf,0.0022880767810318343,0.018272128045924277,0.0,0.0,1.0,0,2,13.0
R3_live_candidate_gate_R01423,2025_11,2025-11-01 00:00:00+00:00,2025-12-01 00:00:00+00:00,2,0.06666666666666667,0.9996412010839155,0.9956403702215108,-0.00035879891608447956,-0.024394733068536345,0.5,0.9785658657729512,-0.00011903664144969142,0.010869129852879586,0.01110720313577897,0.9785658657729512,-0.01110720313577897,0.010869129852879586,0.0,0.0,1.0,0,2,13.0
R3_live_candidate_gate_R01423,2025_12,2025-12-01 00:00:00+00:00,2026-01-01 00:00:00+00:00,0,0.0,1.0,1.0,0.0,0.0,0.0,0.0,0.0,0.0,0.0,0.0,0.0,0.0,0.0,0.0,0.0,0,0,0.0
R3_live_candidate_gate_R01423,2026_01,2026-01-01 00:00:00+00:00,2026-02-01 00:00:00+00:00,1,0.03225806451612903,1.0068040608441562,1.0831740870917919,0.00680406084415619,-0.020253183121873075,1.0,inf,0.006804060844156272,0.006804060844156272,0.0,inf,0.006804060844156272,0.006804060844156272,0.0,0.0,1.0,0,1,13.0
R3_live_candidate_gate_R01423,2026_02,2026-02-01 00:00:00+00:00,2026-03-01 00:00:00+00:00,3,0.10714285714285714,0.9931614830541656,0.9143769017312858,-0.006838516945834372,-0.027447667175664603,0.6666666666666666,0.6241436775025813,-0.0022223130206775903,0.005535529954922231,0.017737998971877233,0.31207183875129063,-0.017737998971877233,0.007857957543010389,0.0,0.0,1.0,0,3,13.0
R3_live_candidate_gate_R01423,2026_03,2026-03-01 00:00:00+00:00,2026-04-01 00:00:00+00:00,2,0.06451612903225806,1.0246860179130093,1.332857311929733,0.024686017913009284,-0.00622221682973656,1.0,inf,0.012302582222040894,0.012302582222040894,0.0,inf,0.003906150813258392,0.020699013630823396,0.0,0.0,1.0,0,2,13.0
R3_live_candidate_gate_R01423,2026_04,2026-04-01 00:00:00+00:00,2026-05-01 00:00:00+00:00,0,0.0,1.0,1.0,0.0,0.0,0.0,0.0,0.0,0.0,0.0,0.0,0.0,0.0,0.0,0.0,0.0,0,0,0.0
R3_live_candidate_gate_R01423,2026_05,2026-05-01 00:00:00+00:00,2026-06-01 00:00:00+00:00,0,0.0,1.0,1.0,0.0,0.0,0.0,0.0,0.0,0.0,0.0,0.0,0.0,0.0,0.0,0.0,0.0,0,0,0.0
R3_live_candidate_gate_R01423,2026_06,2026-06-01 00:00:00+00:00,2026-06-26 04:20:00+00:00,1,0.039713182570325425,1.0019524965106406,1.028697889512725,0.0019524965106405556,-0.007307707393234608,1.0,inf,0.0019524965106406627,0.0019524965106406627,0.0,inf,0.0019524965106406627,0.0019524965106406627,0.0,0.0,1.0,0,1,13.0
R1_relax_frequency_R04121,2025_05,2025-05-30 10:30:00+00:00,2025-06-01 00:00:00+00:00,0,0.0,1.0,1.0,0.0,0.0,0.0,0.0,0.0,0.0,0.0,0.0,0.0,0.0,0.0,0.0,0.0,0,0,0.0
R1_relax_frequency_R04121,2025_06,2025-06-01 00:00:00+00:00,2025-07-01 00:00:00+00:00,3,0.1,1.0045891754677632,1.0573284496540205,0.004589175467763162,-0.024249343111834798,0.3333333333333333,1.2956606392780101,0.0016306744374089304,0.021438098989303354,0.008273037838538281,2.5913212785560202,-0.012475800815261904,0.021438098989303354,0.3333333333333333,0.0,0.6666666666666666,1,2,21.0
R1_relax_frequency_R04121,2025_07,2025-07-01 00:00:00+00:00,2025-08-01 00:00:00+00:00,4,0.12903225806451613,0.9899831247991977,0.8881483503778621,-0.0100168752008023,-0.017378285225046697,0.25,0.4831618137902993,-0.002484077687806618,0.00928887619576691,0.006408395648997794,1.449485441370898,-0.011353732631776683,0.00928887619576691,0.0,0.0,1.0,2,2,25.0
R1_relax_frequency_R04121,2025_08,2025-08-01 00:00:00+00:00,2025-09-01 00:00:00+00:00,4,0.12903225806451613,1.0277562547761148,1.380678501668558,0.027756254776114764,-0.016523167227485036,0.75,3.132123089274793,0.006956383670832541,0.013625385903137305,0.013050623026081749,1.0440410297582643,-0.013050623026081749,0.021431250950452386,0.25,0.0,0.75,3,1,23.0
R1_relax_frequency_R04121,2025_09,2025-09-01 00:00:00+00:00,2025-10-01 00:00:00+00:00,4,0.13333333333333333,1.024698094448854,1.3458771830725091,0.024698094448853958,-0.027053975136402286,0.5,2.5552271171130174,0.006219144677948775,0.020436021146342964,0.007997731790445413,2.5552271171130174,-0.009108328208592673,0.021438098989303465,0.25,0.0,0.75,3,1,24.25
R1_relax_frequency_R04121,2025_10,2025-10-01 00:00:00+00:00,2025-11-01 00:00:00+00:00,3,0.0967741935483871,0.9855595900339168,0.842500483517673,-0.0144404099660832,-0.04685261820568942,0.3333333333333333,0.47339215791768535,-0.004706793573733892,0.012693463648010175,0.013406922184605926,0.9467843158353707,-0.026042945632400026,0.012693463648010175,0.0,0.0,1.0,1,2,25.0
R1_relax_frequency_R04121,2025_11,2025-11-01 00:00:00+00:00,2025-12-01 00:00:00+00:00,4,0.13333333333333333,1.023284919397427,1.3234522780271794,0.02328491939742694,-0.0248514199752905,0.5,2.220650843413317,0.005892063961808712,0.021438098989303465,0.00965397106568604,2.220650843413317,-0.011470197080533824,0.021438098989303465,0.5,0.0,0.5,2,2,16.75
R1_relax_frequency_R04121,2025_12,2025-12-01 00:00:00+00:00,2026-01-01 00:00:00+00:00,4,0.12903225806451613,0.9877558121921217,0.8648885228862591,-0.012244187807878282,-0.030839782385441827,0.25,0.5248365686153325,-0.0030277877903618798,0.013377239487964564,0.008496130216470695,1.5745097058459974,-0.011994103538681083,0.013377239487964564,0.0,0.0,1.0,0,4,25.0
R1_relax_frequency_R04121,2026_01,2026-01-01 00:00:00+00:00,2026-02-01 00:00:00+00:00,1,0.03225806451612903,1.0214380989893033,1.2839224197909853,0.021438098989303267,-0.020253183121873075,1.0,inf,0.021438098989303354,0.021438098989303354,0.0,inf,0.021438098989303354,0.021438098989303354,1.0,0.0,0.0,0,1,15.0
R1_relax_frequency_R04121,2026_02,2026-02-01 00:00:00+00:00,2026-03-01 00:00:00+00:00,2,0.07142857142857142,0.9902153834721543,0.8796199232564044,-0.00978461652784568,-0.03744711674604173,0.5,0.7012635315348011,-0.0045648290092295055,0.021431250950452386,0.030560908968911397,0.7012635315348011,-0.030560908968911397,0.021431250950452386,0.5,0.5,0.0,2,0,9.5
R1_relax_frequency_R04121,2026_03,2026-03-01 00:00:00+00:00,2026-04-01 00:00:00+00:00,1,0.03225806451612903,1.0087484747449484,1.1080797002098626,0.008748474744948442,-0.00622221682973656,1.0,inf,0.00874847474494839,0.00874847474494839,0.0,inf,0.00874847474494839,0.00874847474494839,0.0,0.0,1.0,0,1,25.0
R1_relax_frequency_R04121,2026_04,2026-04-01 00:00:00+00:00,2026-05-01 00:00:00+00:00,0,0.0,1.0,1.0,0.0,0.0,0.0,0.0,0.0,0.0,0.0,0.0,0.0,0.0,0.0,0.0,0.0,0,0,0.0
R1_relax_frequency_R04121,2026_05,2026-05-01 00:00:00+00:00,2026-06-01 00:00:00+00:00,0,0.0,1.0,1.0,0.0,0.0,0.0,0.0,0.0,0.0,0.0,0.0,0.0,0.0,0.0,0.0,0.0,0,0,0.0
R1_relax_frequency_R04121,2026_06,2026-06-01 00:00:00+00:00,2026-06-26 04:20:00+00:00,5,0.1985659128516271,1.0543368385229241,2.1543756677740635,0.05433683852292415,-0.018576990752783074,1.0,inf,0.01066295834190847,0.01066295834190847,0.0,inf,0.0023062417889846212,0.021438098989303465,0.2,0.0,0.8,2,3,23.2
R1_relax_frequency_R02040,2025_05,2025-05-30 10:30:00+00:00,2025-06-01 00:00:00+00:00,0,0.0,1.0,1.0,0.0,0.0,0.0,0.0,0.0,0.0,0.0,0.0,0.0,0.0,0.0,0.0,0.0,0,0,0.0
R1_relax_frequency_R02040,2025_06,2025-06-01 00:00:00+00:00,2025-07-01 00:00:00+00:00,0,0.0,1.0,1.0,0.0,0.0,0.0,0.0,0.0,0.0,0.0,0.0,0.0,0.0,0.0,0.0,0.0,0,0,0.0
R1_relax_frequency_R02040,2025_07,2025-07-01 00:00:00+00:00,2025-08-01 00:00:00+00:00,0,0.0,1.0,1.0,0.0,0.0,0.0,0.0,0.0,0.0,0.0,0.0,0.0,0.0,0.0,0.0,0.0,0,0,0.0
R1_relax_frequency_R02040,2025_08,2025-08-01 00:00:00+00:00,2025-09-01 00:00:00+00:00,1,0.03225806451612903,1.0054356901598585,1.065955168292024,0.005435690159858453,-0.004201309797770003,1.0,inf,0.0054356901598585595,0.0054356901598585595,0.0,inf,0.0054356901598585595,0.0054356901598585595,1.0,0.0,0.0,0,1,8.0
R1_relax_frequency_R02040,2025_09,2025-09-01 00:00:00+00:00,2025-10-01 00:00:00+00:00,0,0.0,1.0,1.0,0.0,0.0,0.0,0.0,0.0,0.0,0.0,0.0,0.0,0.0,0.0,0.0,0.0,0,0,0.0
R1_relax_frequency_R02040,2025_10,2025-10-01 00:00:00+00:00,2025-11-01 00:00:00+00:00,1,0.03225806451612903,0.991935698688506,0.9090084681509277,-0.008064301311494049,-0.012070042009715398,0.0,0.0,-0.008064301311494097,0.0,0.008064301311494097,0.0,-0.008064301311494097,-0.008064301311494097,0.0,1.0,0.0,1,0,4.0
R1_relax_frequency_R02040,2025_11,2025-11-01 00:00:00+00:00,2025-12-01 00:00:00+00:00,0,0.0,1.0,1.0,0.0,0.0,0.0,0.0,0.0,0.0,0.0,0.0,0.0,0.0,0.0,0.0,0.0,0,0,0.0
R1_relax_frequency_R02040,2025_12,2025-12-01 00:00:00+00:00,2026-01-01 00:00:00+00:00,0,0.0,1.0,1.0,0.0,0.0,0.0,0.0,0.0,0.0,0.0,0.0,0.0,0.0,0.0,0.0,0.0,0,0,0.0
R1_relax_frequency_R02040,2026_01,2026-01-01 00:00:00+00:00,2026-02-01 00:00:00+00:00,0,0.0,1.0,1.0,0.0,0.0,0.0,0.0,0.0,0.0,0.0,0.0,0.0,0.0,0.0,0.0,0.0,0,0,0.0
R1_relax_frequency_R02040,2026_02,2026-02-01 00:00:00+00:00,2026-03-01 00:00:00+00:00,1,0.03571428571428571,0.9919356986885058,0.8997643433883408,-0.00806430131149416,-0.00806430131149416,0.0,0.0,-0.008064301311494208,0.0,0.008064301311494208,0.0,-0.008064301311494208,-0.008064301311494208,0.0,1.0,0.0,1,0,5.0
R1_relax_frequency_R02040,2026_03,2026-03-01 00:00:00+00:00,2026-04-01 00:00:00+00:00,0,0.0,1.0,1.0,0.0,0.0,0.0,0.0,0.0,0.0,0.0,0.0,0.0,0.0,0.0,0.0,0.0,0,0,0.0
R1_relax_frequency_R02040,2026_04,2026-04-01 00:00:00+00:00,2026-05-01 00:00:00+00:00,1,0.03333333333333333,1.0054356901598587,1.0682270495372856,0.005435690159858675,-0.005642762682232627,1.0,inf,0.0054356901598586705,0.0054356901598586705,0.0,inf,0.0054356901598586705,0.0054356901598586705,1.0,0.0,0.0,0,1,19.0
R1_relax_frequency_R02040,2026_05,2026-05-01 00:00:00+00:00,2026-06-01 00:00:00+00:00,1,0.03225806451612903,1.0054356901598587,1.0659551682920267,0.005435690159858675,-0.006577560520917736,1.0,inf,0.0054356901598586705,0.0054356901598586705,0.0,inf,0.0054356901598586705,0.0054356901598586705,1.0,0.0,0.0,0,1,7.0
R1_relax_frequency_R02040,2026_06,2026-06-01 00:00:00+00:00,2026-06-26 04:20:00+00:00,2,0.07942636514065085,1.0108988891528536,1.1702714178200737,0.010898889152853641,-0.005113656146293999,1.0,inf,0.0054346767214072875,0.0054346767214072875,0.0,inf,0.005433663282955905,0.0054356901598586705,1.0,0.0,0.0,1,1,5.5
