variant_id,round_name,variant_json,signal_effective,development_pass,complete_development_pass,gate_failures,train_start,train_end_exclusive,train_return_pct,train_annual_return_pct,train_max_drawdown_pct,train_sharpe,train_trades,train_win_rate,train_profit_factor,train_long_trades,train_short_trades,train_top_trade_positive_pnl_share,train_top3_trade_positive_pnl_share,validation_start,validation_end_exclusive,validation_return_pct,validation_annual_return_pct,validation_max_drawdown_pct,validation_sharpe,validation_trades,validation_win_rate,validation_profit_factor,validation_long_trades,validation_short_trades,validation_top_trade_positive_pnl_share,validation_top3_trade_positive_pnl_share,stress_2x_train_start,stress_2x_train_end_exclusive,stress_2x_train_return_pct,stress_2x_train_annual_return_pct,stress_2x_train_max_drawdown_pct,stress_2x_train_sharpe,stress_2x_train_trades,stress_2x_train_win_rate,stress_2x_train_profit_factor,stress_2x_train_long_trades,stress_2x_train_short_trades,stress_2x_train_top_trade_positive_pnl_share,stress_2x_train_top3_trade_positive_pnl_share,stress_2x_validation_start,stress_2x_validation_end_exclusive,stress_2x_validation_return_pct,stress_2x_validation_annual_return_pct,stress_2x_validation_max_drawdown_pct,stress_2x_validation_sharpe,stress_2x_validation_trades,stress_2x_validation_win_rate,stress_2x_validation_profit_factor,stress_2x_validation_long_trades,stress_2x_validation_short_trades,stress_2x_validation_top_trade_positive_pnl_share,stress_2x_validation_top3_trade_positive_pnl_share
iter-7f84619e98e9,R1_macro_momentum,"{""atr_cap"": 0.0035, ""atr_floor"": 0.0, ""body_atr_min"": -100.0, ""close_location_min"": 0.0, ""cooldown_bars"": 0, ""ema_spread_min"": 0.0, ""max_hold_bars"": 192, ""momentum_lookback"": 384, ""momentum_threshold"": 0.0, ""role"": ""child"", ""round_name"": ""R1_macro_momentum"", ""rvol_min"": 0.0, ""slow_slope_atr_min"": 0.0, ""stop_atr"": 4.0, ""take_profit_atr"": 0.0}",True,True,True,,2020-01-01T00:00:00+00:00,2022-01-01T00:00:00+00:00,32.391175840681875,15.03928367354479,-13.677238709126216,1.1156472709483707,32,0.28125,2.1481128205351085,32,0,0.28737954888543954,0.662521178208785,2022-01-01T00:00:00+00:00,2024-01-01T00:00:00+00:00,29.956577004674823,13.998498676375037,-10.174757482825825,1.0732976887719476,54,0.3148148148148148,1.6891409633340366,54,0,0.15568409976740957,0.44369903725515353,2020-01-01T00:00:00+00:00,2022-01-01T00:00:00+00:00,20.17493166653379,9.610548163670064,-15.886910176371716,0.7493675880735848,32.0,0.25,1.6214848573868692,32.0,0.0,0.2947713857048781,0.676056234916077,2022-01-01T00:00:00+00:00,2024-01-01T00:00:00+00:00,8.3647544481956,4.098393094319963,-13.135108748867664,0.3687041092520925,56.0,0.2857142857142857,1.1973624470878963,56.0,0.0,0.1686667039226776,0.4800362956598542
iter-0f62fbdf500c,R1_macro_momentum,"{""atr_cap"": 0.0035, ""atr_floor"": 0.0, ""body_atr_min"": -100.0, ""close_location_min"": 0.0, ""cooldown_bars"": 0, ""ema_spread_min"": 0.0, ""max_hold_bars"": 192, ""momentum_lookback"": 384, ""momentum_threshold"": 0.05, ""role"": ""child"", ""round_name"": ""R1_macro_momentum"", ""rvol_min"": 0.0, ""slow_slope_atr_min"": 0.0, ""stop_atr"": 4.0, ""take_profit_atr"": 0.0}",True,False,False,train_sample|train_top_trade_concentration|train_top3_trade_concentration|validation_top3_trade_concentration,2020-01-01T00:00:00+00:00,2022-01-01T00:00:00+00:00,25.12616136745023,11.842656809128638,-12.11833677632982,1.086098310455292,14,0.2857142857142857,3.0979984160946907,14,0,0.4592164199391106,0.987923546117625,2022-01-01T00:00:00+00:00,2024-01-01T00:00:00+00:00,21.954830108246103,10.433160829637632,-9.328386474781203,1.1093503392729505,22,0.3181818181818182,2.0850259961493176,22,0,0.2620469002993452,0.7613111604071253,,,,,,,,,,,,,,,,,,,,,,,,,,
iter-4d0528bcd3e7,R1_macro_momentum,"{""atr_cap"": 0.0035, ""atr_floor"": 0.0, ""body_atr_min"": -100.0, ""close_location_min"": 0.0, ""cooldown_bars"": 0, ""ema_spread_min"": 0.0, ""max_hold_bars"": 192, ""momentum_lookback"": 384, ""momentum_threshold"": 0.1, ""role"": ""child"", ""round_name"": ""R1_macro_momentum"", ""rvol_min"": 0.0, ""slow_slope_atr_min"": 0.0, ""stop_atr"": 4.0, ""take_profit_atr"": 0.0}",True,False,False,train_return|validation_return|train_sample|validation_sample|train_pf|validation_pf|train_top_trade_concentration|train_top3_trade_concentration|validation_top_trade_concentration|validation_top3_trade_concentration,2020-01-01T00:00:00+00:00,2022-01-01T00:00:00+00:00,0.0,0.0,0.0,0.0,0,0.0,0.0,0,0,1.0,1.0,2022-01-01T00:00:00+00:00,2024-01-01T00:00:00+00:00,0.0,0.0,0.0,0.0,0,0.0,0.0,0,0,1.0,1.0,,,,,,,,,,,,,,,,,,,,,,,,,,
iter-6fc12af5e8f9,R1_macro_momentum,"{""atr_cap"": 0.0035, ""atr_floor"": 0.0, ""body_atr_min"": -100.0, ""close_location_min"": 0.0, ""cooldown_bars"": 0, ""ema_spread_min"": 0.0, ""max_hold_bars"": 192, ""momentum_lookback"": 384, ""momentum_threshold"": 0.2, ""role"": ""child"", ""round_name"": ""R1_macro_momentum"", ""rvol_min"": 0.0, ""slow_slope_atr_min"": 0.0, ""stop_atr"": 4.0, ""take_profit_atr"": 0.0}",True,False,False,train_return|validation_return|train_sample|validation_sample|train_pf|validation_pf|train_top_trade_concentration|train_top3_trade_concentration|validation_top_trade_concentration|validation_top3_trade_concentration,2020-01-01T00:00:00+00:00,2022-01-01T00:00:00+00:00,0.0,0.0,0.0,0.0,0,0.0,0.0,0,0,1.0,1.0,2022-01-01T00:00:00+00:00,2024-01-01T00:00:00+00:00,0.0,0.0,0.0,0.0,0,0.0,0.0,0,0,1.0,1.0,,,,,,,,,,,,,,,,,,,,,,,,,,
iter-3489a91dae1a,R1_macro_momentum,"{""atr_cap"": 0.0035, ""atr_floor"": 0.0, ""body_atr_min"": -100.0, ""close_location_min"": 0.0, ""cooldown_bars"": 0, ""ema_spread_min"": 0.0, ""max_hold_bars"": 192, ""momentum_lookback"": 768, ""momentum_threshold"": 0.0, ""role"": ""child"", ""round_name"": ""R1_macro_momentum"", ""rvol_min"": 0.0, ""slow_slope_atr_min"": 0.0, ""stop_atr"": 4.0, ""take_profit_atr"": 0.0}",True,True,True,,2020-01-01T00:00:00+00:00,2022-01-01T00:00:00+00:00,32.46609023517788,15.07178240299789,-13.372285583134857,1.13343888381942,29,0.27586206896551724,2.2445532495369718,29,0,0.29742826078549905,0.6856873515615102,2022-01-01T00:00:00+00:00,2024-01-01T00:00:00+00:00,31.77099215828447,14.791546796044376,-8.534221431353295,1.2660927482168818,51,0.3137254901960784,1.7614775699297134,51,0,0.15754124439286699,0.44899189171871207,2020-01-01T00:00:00+00:00,2022-01-01T00:00:00+00:00,21.161895287518618,10.059112695943572,-14.982221675973895,0.789765732329495,29.0,0.2413793103448276,1.6969348834145053,29.0,0.0,0.30395128988698394,0.6971102847974938,2022-01-01T00:00:00+00:00,2024-01-01T00:00:00+00:00,11.7791106124699,5.72564050998694,-10.159504763868021,0.532803506036617,52.0,0.3076923076923077,1.2757736543975444,52.0,0.0,0.17108288568623925,0.4869129044773997
iter-b618324e3581,R1_macro_momentum,"{""atr_cap"": 0.0035, ""atr_floor"": 0.0, ""body_atr_min"": -100.0, ""close_location_min"": 0.0, ""cooldown_bars"": 0, ""ema_spread_min"": 0.0, ""max_hold_bars"": 192, ""momentum_lookback"": 768, ""momentum_threshold"": 0.05, ""role"": ""child"", ""round_name"": ""R1_macro_momentum"", ""rvol_min"": 0.0, ""slow_slope_atr_min"": 0.0, ""stop_atr"": 4.0, ""take_profit_atr"": 0.0}",True,False,False,train_sample|train_top_trade_concentration|train_top3_trade_concentration|validation_top3_trade_concentration,2020-01-01T00:00:00+00:00,2022-01-01T00:00:00+00:00,22.633304838068714,10.724469559703165,-9.980951065180266,0.9275937059123179,15,0.2,2.552204971753434,15,0,0.41623606154439086,1.0,2022-01-01T00:00:00+00:00,2024-01-01T00:00:00+00:00,18.012747362297652,8.633672202635978,-10.599913674129402,0.9798497664320478,24,0.2916666666666667,1.8093879008226739,24,0,0.2658278817971969,0.7576083582408574,,,,,,,,,,,,,,,,,,,,,,,,,,
iter-25ff3a157f24,R1_macro_momentum,"{""atr_cap"": 0.0035, ""atr_floor"": 0.0, ""body_atr_min"": -100.0, ""close_location_min"": 0.0, ""cooldown_bars"": 0, ""ema_spread_min"": 0.0, ""max_hold_bars"": 192, ""momentum_lookback"": 768, ""momentum_threshold"": 0.1, ""role"": ""child"", ""round_name"": ""R1_macro_momentum"", ""rvol_min"": 0.0, ""slow_slope_atr_min"": 0.0, ""stop_atr"": 4.0, ""take_profit_atr"": 0.0}",True,False,False,validation_return|train_sample|validation_sample|validation_pf|train_top_trade_concentration|train_top3_trade_concentration|validation_top_trade_concentration|validation_top3_trade_concentration,2020-01-01T00:00:00+00:00,2022-01-01T00:00:00+00:00,9.19763815540402,4.491384816738453,-9.419824759339,0.6947335982429144,2,0.5,7.581061116789165,2,0,1.0,1.0,2022-01-01T00:00:00+00:00,2024-01-01T00:00:00+00:00,-3.940437467816349,-1.9900196244363788,-5.777378671633526,-0.7846333067215219,4,0.0,0.0,4,0,1.0,1.0,,,,,,,,,,,,,,,,,,,,,,,,,,
iter-f61e99e945d9,R1_macro_momentum,"{""atr_cap"": 0.0035, ""atr_floor"": 0.0, ""body_atr_min"": -100.0, ""close_location_min"": 0.0, ""cooldown_bars"": 0, ""ema_spread_min"": 0.0, ""max_hold_bars"": 192, ""momentum_lookback"": 768, ""momentum_threshold"": 0.2, ""role"": ""child"", ""round_name"": ""R1_macro_momentum"", ""rvol_min"": 0.0, ""slow_slope_atr_min"": 0.0, ""stop_atr"": 4.0, ""take_profit_atr"": 0.0}",True,False,False,validation_return|train_sample|validation_sample|validation_pf|train_top_trade_concentration|train_top3_trade_concentration|validation_top_trade_concentration|validation_top3_trade_concentration,2020-01-01T00:00:00+00:00,2022-01-01T00:00:00+00:00,7.364108658719837,3.611617591411176,-9.423352054847012,0.5662323622762804,1,1.0,inf,1,0,1.0,1.0,2022-01-01T00:00:00+00:00,2024-01-01T00:00:00+00:00,0.0,0.0,0.0,0.0,0,0.0,0.0,0,0,1.0,1.0,,,,,,,,,,,,,,,,,,,,,,,,,,
iter-2b088917dcde,R1_macro_momentum,"{""atr_cap"": 0.0035, ""atr_floor"": 0.0, ""body_atr_min"": -100.0, ""close_location_min"": 0.0, ""cooldown_bars"": 0, ""ema_spread_min"": 0.0, ""max_hold_bars"": 192, ""momentum_lookback"": 1536, ""momentum_threshold"": 0.0, ""role"": ""child"", ""round_name"": ""R1_macro_momentum"", ""rvol_min"": 0.0, ""slow_slope_atr_min"": 0.0, ""stop_atr"": 4.0, ""take_profit_atr"": 0.0}",True,True,True,,2020-01-01T00:00:00+00:00,2022-01-01T00:00:00+00:00,35.411983531312984,16.342528216271113,-13.936769033745644,1.2472411076859369,27,0.25925925925925924,2.3667313084692867,27,0,0.2890864614715862,0.6664562729017066,2022-01-01T00:00:00+00:00,2024-01-01T00:00:00+00:00,43.80955370987307,19.92062112492292,-8.792085746420275,1.4642236911355888,45,0.35555555555555557,2.166420493906501,45,0,0.1519359934964517,0.43301694996146994,2020-01-01T00:00:00+00:00,2022-01-01T00:00:00+00:00,24.556543845384105,11.588141465384115,-15.871575577368057,0.9157999966282013,27.0,0.25925925925925924,1.8101528289148872,27.0,0.0,0.29423954144296316,0.6748364535983887,2022-01-01T00:00:00+00:00,2024-01-01T00:00:00+00:00,18.24420666735471,8.740152044842532,-12.571805724100948,0.7092305326581901,48.0,0.3333333333333333,1.4289082189988975,48.0,0.0,0.1677665088368373,0.47747428250415697
iter-69c9f0c7192c,R1_macro_momentum,"{""atr_cap"": 0.0035, ""atr_floor"": 0.0, ""body_atr_min"": -100.0, ""close_location_min"": 0.0, ""cooldown_bars"": 0, ""ema_spread_min"": 0.0, ""max_hold_bars"": 192, ""momentum_lookback"": 1536, ""momentum_threshold"": 0.05, ""role"": ""child"", ""round_name"": ""R1_macro_momentum"", ""rvol_min"": 0.0, ""slow_slope_atr_min"": 0.0, ""stop_atr"": 4.0, ""take_profit_atr"": 0.0}",True,False,False,train_sample|train_top3_trade_concentration|validation_top3_trade_concentration,2020-01-01T00:00:00+00:00,2022-01-01T00:00:00+00:00,44.73805623520843,20.27670728269233,-10.103146023725074,1.7020640088961616,17,0.35294117647058826,3.9225143072726327,17,0,0.31215076450373813,0.7278645548463929,2022-01-01T00:00:00+00:00,2024-01-01T00:00:00+00:00,13.27726060455987,6.431790647606728,-13.312764484102912,0.7715373784844469,25,0.28,1.6200922175489256,25,0,0.30018438124185604,0.7716491489961245,,,,,,,,,,,,,,,,,,,,,,,,,,
iter-db91f53eedc4,R1_macro_momentum,"{""atr_cap"": 0.0035, ""atr_floor"": 0.0, ""body_atr_min"": -100.0, ""close_location_min"": 0.0, ""cooldown_bars"": 0, ""ema_spread_min"": 0.0, ""max_hold_bars"": 192, ""momentum_lookback"": 1536, ""momentum_threshold"": 0.1, ""role"": ""child"", ""round_name"": ""R1_macro_momentum"", ""rvol_min"": 0.0, ""slow_slope_atr_min"": 0.0, ""stop_atr"": 4.0, ""take_profit_atr"": 0.0}",True,False,False,validation_return|train_sample|validation_sample|validation_pf|train_top_trade_concentration|train_top3_trade_concentration|validation_top_trade_concentration|validation_top3_trade_concentration,2020-01-01T00:00:00+00:00,2022-01-01T00:00:00+00:00,12.014183982441562,5.828540620589506,-9.41982475933899,0.8057336954531945,7,0.2857142857142857,3.2465769163000253,7,0,0.6137710659559787,1.0,2022-01-01T00:00:00+00:00,2024-01-01T00:00:00+00:00,-0.9198575939953657,-0.4609913621776984,-14.682506626300873,-0.05223319222899532,13,0.15384615384615385,0.9781841139228323,13,0,0.5391155633898534,1.0,,,,,,,,,,,,,,,,,,,,,,,,,,
iter-7bc31f296357,R1_macro_momentum,"{""atr_cap"": 0.0035, ""atr_floor"": 0.0, ""body_atr_min"": -100.0, ""close_location_min"": 0.0, ""cooldown_bars"": 0, ""ema_spread_min"": 0.0, ""max_hold_bars"": 192, ""momentum_lookback"": 1536, ""momentum_threshold"": 0.2, ""role"": ""child"", ""round_name"": ""R1_macro_momentum"", ""rvol_min"": 0.0, ""slow_slope_atr_min"": 0.0, ""stop_atr"": 4.0, ""take_profit_atr"": 0.0}",True,False,False,validation_return|train_sample|validation_sample|validation_pf|train_top_trade_concentration|train_top3_trade_concentration|validation_top_trade_concentration|validation_top3_trade_concentration,2020-01-01T00:00:00+00:00,2022-01-01T00:00:00+00:00,9.79817537988601,4.7779252855160825,-9.42087706123269,0.7414368853537623,1,1.0,inf,1,0,1.0,1.0,2022-01-01T00:00:00+00:00,2024-01-01T00:00:00+00:00,-1.1410330608831898,-0.5721533275929724,-3.0315071058427567,-0.24024918775948134,2,0.0,0.0,2,0,1.0,1.0,,,,,,,,,,,,,,,,,,,,,,,,,,
iter-9bee4548592b,R1_macro_momentum,"{""atr_cap"": 0.0035, ""atr_floor"": 0.0, ""body_atr_min"": -100.0, ""close_location_min"": 0.0, ""cooldown_bars"": 0, ""ema_spread_min"": 0.0, ""max_hold_bars"": 192, ""momentum_lookback"": 2880, ""momentum_threshold"": 0.0, ""role"": ""child"", ""round_name"": ""R1_macro_momentum"", ""rvol_min"": 0.0, ""slow_slope_atr_min"": 0.0, ""stop_atr"": 4.0, ""take_profit_atr"": 0.0}",True,True,True,,2020-01-01T00:00:00+00:00,2022-01-01T00:00:00+00:00,37.157522611949176,17.088962704934964,-13.905095999693673,1.3066784578354789,24,0.25,2.6920748658584075,24,0,0.303599799205011,0.6999151381973845,2022-01-01T00:00:00+00:00,2024-01-01T00:00:00+00:00,30.550632617180163,14.258755733282946,-9.351025533425938,1.1452251480255846,40,0.35,1.9426280574268087,40,0,0.18474643127460574,0.5265265612566279,2020-01-01T00:00:00+00:00,2022-01-01T00:00:00+00:00,27.075445442242696,12.70927151409833,-15.386727751709206,1.0003728144129125,24.0,0.25,2.01897297531054,24.0,0.0,0.30792893156019757,0.706232979820987,2022-01-01T00:00:00+00:00,2024-01-01T00:00:00+00:00,13.935130152002007,6.7404001079263365,-12.588357553597485,0.5819534577943801,41.0,0.34146341463414637,1.3984165581370593,41.0,0.0,0.20218318888749548,0.5754263691709021
iter-795151e3feb8,R1_macro_momentum,"{""atr_cap"": 0.0035, ""atr_floor"": 0.0, ""body_atr_min"": -100.0, ""close_location_min"": 0.0, ""cooldown_bars"": 0, ""ema_spread_min"": 0.0, ""max_hold_bars"": 192, ""momentum_lookback"": 2880, ""momentum_threshold"": 0.05, ""role"": ""child"", ""round_name"": ""R1_macro_momentum"", ""rvol_min"": 0.0, ""slow_slope_atr_min"": 0.0, ""stop_atr"": 4.0, ""take_profit_atr"": 0.0}",True,False,False,validation_return|validation_pf|validation_top_trade_concentration|validation_top3_trade_concentration,2020-01-01T00:00:00+00:00,2022-01-01T00:00:00+00:00,41.642084065196585,18.98514368059725,-12.003562317666827,1.3986106205280808,21,0.2857142857142857,3.134471779326444,21,0,0.30091110609746485,0.6797016438970297,2022-01-01T00:00:00+00:00,2024-01-01T00:00:00+00:00,-1.9780324414300998,-0.9939559629969397,-19.2090351784026,-0.07643418708182843,28,0.21428571428571427,0.9651617766751833,28,0,0.4180417692305492,0.7749470863157875,,,,,,,,,,,,,,,,,,,,,,,,,,
iter-db400a318c2c,R1_macro_momentum,"{""atr_cap"": 0.0035, ""atr_floor"": 0.0, ""body_atr_min"": -100.0, ""close_location_min"": 0.0, ""cooldown_bars"": 0, ""ema_spread_min"": 0.0, ""max_hold_bars"": 192, ""momentum_lookback"": 2880, ""momentum_threshold"": 0.1, ""role"": ""child"", ""round_name"": ""R1_macro_momentum"", ""rvol_min"": 0.0, ""slow_slope_atr_min"": 0.0, ""stop_atr"": 4.0, ""take_profit_atr"": 0.0}",True,False,False,train_sample|validation_sample|train_top_trade_concentration|train_top3_trade_concentration|validation_top_trade_concentration|validation_top3_trade_concentration,2020-01-01T00:00:00+00:00,2022-01-01T00:00:00+00:00,28.17828837108758,13.196627885231681,-11.953907072394443,1.301407859459514,9,0.3333333333333333,4.791125507912202,9,0,0.4915589877247565,1.0,2022-01-01T00:00:00+00:00,2024-01-01T00:00:00+00:00,4.495780872151922,2.2231778375882527,-13.873235084748325,0.35111080432765385,18,0.2222222222222222,1.305176409035242,18,0,0.47973976086894204,0.8893200566046482,,,,,,,,,,,,,,,,,,,,,,,,,,
iter-be56737adb9d,R1_macro_momentum,"{""atr_cap"": 0.0035, ""atr_floor"": 0.0, ""body_atr_min"": -100.0, ""close_location_min"": 0.0, ""cooldown_bars"": 0, ""ema_spread_min"": 0.0, ""max_hold_bars"": 192, ""momentum_lookback"": 2880, ""momentum_threshold"": 0.2, ""role"": ""child"", ""round_name"": ""R1_macro_momentum"", ""rvol_min"": 0.0, ""slow_slope_atr_min"": 0.0, ""stop_atr"": 4.0, ""take_profit_atr"": 0.0}",True,False,False,validation_return|train_sample|validation_sample|validation_pf|train_top_trade_concentration|train_top3_trade_concentration|validation_top_trade_concentration|validation_top3_trade_concentration,2020-01-01T00:00:00+00:00,2022-01-01T00:00:00+00:00,25.409038743807844,11.968835922810017,-9.700211691542016,1.2616203133817918,5,0.4,9.136438863785683,5,0,0.6078428388037642,1.0,2022-01-01T00:00:00+00:00,2024-01-01T00:00:00+00:00,-7.330578324821979,-3.735041850537313,-8.505187642256008,-0.9532965608604507,9,0.1111111111111111,0.266446557369638,9,0,1.0,1.0,,,,,,,,,,,,,,,,,,,,,,,,,,
iter-131b78e89a02,R1_macro_momentum,"{""atr_cap"": 0.0035, ""atr_floor"": 0.0, ""body_atr_min"": -100.0, ""close_location_min"": 0.0, ""cooldown_bars"": 0, ""ema_spread_min"": 0.0, ""max_hold_bars"": 192, ""momentum_lookback"": 5760, ""momentum_threshold"": 0.0, ""role"": ""child"", ""round_name"": ""R1_macro_momentum"", ""rvol_min"": 0.0, ""slow_slope_atr_min"": 0.0, ""stop_atr"": 4.0, ""take_profit_atr"": 0.0}",True,False,False,train_top_trade_concentration|train_top3_trade_concentration|validation_top3_trade_concentration,2020-01-01T00:00:00+00:00,2022-01-01T00:00:00+00:00,16.482658566359397,7.915869628653827,-12.05169419723896,0.7702955124386265,22,0.22727272727272727,1.8346649637235444,22,0,0.4348686859272025,0.8912229298585513,2022-01-01T00:00:00+00:00,2024-01-01T00:00:00+00:00,10.452418456690914,5.096345539077096,-13.282912077985266,0.6032801053207014,27,0.25925925925925924,1.451739354692046,27,0,0.2981423846477556,0.7499270982826105,,,,,,,,,,,,,,,,,,,,,,,,,,
iter-8fd7923c4171,R1_macro_momentum,"{""atr_cap"": 0.0035, ""atr_floor"": 0.0, ""body_atr_min"": -100.0, ""close_location_min"": 0.0, ""cooldown_bars"": 0, ""ema_spread_min"": 0.0, ""max_hold_bars"": 192, ""momentum_lookback"": 5760, ""momentum_threshold"": 0.05, ""role"": ""child"", ""round_name"": ""R1_macro_momentum"", ""rvol_min"": 0.0, ""slow_slope_atr_min"": 0.0, ""stop_atr"": 4.0, ""take_profit_atr"": 0.0}",True,False,False,train_sample|train_top_trade_concentration|train_top3_trade_concentration|validation_top3_trade_concentration,2020-01-01T00:00:00+00:00,2022-01-01T00:00:00+00:00,17.542695908914,8.405123914842317,-13.244971140495421,0.8341896732816121,18,0.2222222222222222,2.057403740507523,18,0,0.46856363336004986,0.9602775910570335,2022-01-01T00:00:00+00:00,2024-01-01T00:00:00+00:00,17.79492428488032,8.533370114854687,-13.28291207798522,0.9714552083321687,24,0.2916666666666667,1.8702321612826234,24,0,0.3081688228957785,0.7625918131496274,,,,,,,,,,,,,,,,,,,,,,,,,,
iter-af8cabc3ecab,R1_macro_momentum,"{""atr_cap"": 0.0035, ""atr_floor"": 0.0, ""body_atr_min"": -100.0, ""close_location_min"": 0.0, ""cooldown_bars"": 0, ""ema_spread_min"": 0.0, ""max_hold_bars"": 192, ""momentum_lookback"": 5760, ""momentum_threshold"": 0.1, ""role"": ""child"", ""round_name"": ""R1_macro_momentum"", ""rvol_min"": 0.0, ""slow_slope_atr_min"": 0.0, ""stop_atr"": 4.0, ""take_profit_atr"": 0.0}",True,False,False,train_sample|validation_sample|train_top_trade_concentration|train_top3_trade_concentration|validation_top_trade_concentration|validation_top3_trade_concentration,2020-01-01T00:00:00+00:00,2022-01-01T00:00:00+00:00,17.627428923563304,8.444136430426319,-12.352216252058334,0.8062143943302003,16,0.25,2.188832913004706,16,0,0.49881081837140206,0.9577133906649145,2022-01-01T00:00:00+00:00,2024-01-01T00:00:00+00:00,5.22815819818927,2.580777048231253,-13.269600284736127,0.37878507216598173,18,0.2222222222222222,1.3591510855503321,18,0,0.47973976086894204,0.8893200566046482,,,,,,,,,,,,,,,,,,,,,,,,,,
iter-1c6bee197671,R1_macro_momentum,"{""atr_cap"": 0.0035, ""atr_floor"": 0.0, ""body_atr_min"": -100.0, ""close_location_min"": 0.0, ""cooldown_bars"": 0, ""ema_spread_min"": 0.0, ""max_hold_bars"": 192, ""momentum_lookback"": 5760, ""momentum_threshold"": 0.2, ""role"": ""child"", ""round_name"": ""R1_macro_momentum"", ""rvol_min"": 0.0, ""slow_slope_atr_min"": 0.0, ""stop_atr"": 4.0, ""take_profit_atr"": 0.0}",True,False,False,train_sample|validation_sample|train_top_trade_concentration|train_top3_trade_concentration|validation_top_trade_concentration|validation_top3_trade_concentration,2020-01-01T00:00:00+00:00,2022-01-01T00:00:00+00:00,11.213641070252,5.45021217286259,-14.956512797688514,0.6039297080224265,12,0.25,2.061323136264229,12,0,0.7064742776151173,1.0,2022-01-01T00:00:00+00:00,2024-01-01T00:00:00+00:00,10.108212758485102,4.932460544144823,-9.992692249921642,0.7260404489439344,14,0.2857142857142857,1.8544743947748323,14,0,0.47973976086894204,0.8893200566046482,,,,,,,,,,,,,,,,,,,,,,,,,,
iter-ab60250920ed,R1_macro_momentum,"{""atr_cap"": 0.0035, ""atr_floor"": 0.0, ""body_atr_min"": -100.0, ""close_location_min"": 0.0, ""cooldown_bars"": 0, ""ema_spread_min"": 0.0, ""max_hold_bars"": 192, ""momentum_lookback"": 11520, ""momentum_threshold"": 0.0, ""role"": ""child"", ""round_name"": ""R1_macro_momentum"", ""rvol_min"": 0.0, ""slow_slope_atr_min"": 0.0, ""stop_atr"": 4.0, ""take_profit_atr"": 0.0}",True,False,False,train_top_trade_concentration|train_top3_trade_concentration,2020-01-01T00:00:00+00:00,2022-01-01T00:00:00+00:00,23.072205307895466,10.9221611148558,-10.081196420850414,0.991243142948865,27,0.25925925925925924,1.9726088397804387,27,0,0.3541382710486352,0.7317232183720959,2022-01-01T00:00:00+00:00,2024-01-01T00:00:00+00:00,16.868156508235277,8.10557640946894,-8.240669224943753,0.8154658797979324,27,0.2962962962962963,1.8033238653039054,27,0,0.28735732628408517,0.6753475165534648,,,,,,,,,,,,,,,,,,,,,,,,,,
iter-b921cf7186a2,R1_macro_momentum,"{""atr_cap"": 0.0035, ""atr_floor"": 0.0, ""body_atr_min"": -100.0, ""close_location_min"": 0.0, ""cooldown_bars"": 0, ""ema_spread_min"": 0.0, ""max_hold_bars"": 192, ""momentum_lookback"": 11520, ""momentum_threshold"": 0.05, ""role"": ""child"", ""round_name"": ""R1_macro_momentum"", ""rvol_min"": 0.0, ""slow_slope_atr_min"": 0.0, ""stop_atr"": 4.0, ""take_profit_atr"": 0.0}",True,False,False,train_top_trade_concentration|train_top3_trade_concentration|validation_top_trade_concentration|validation_top3_trade_concentration,2020-01-01T00:00:00+00:00,2022-01-01T00:00:00+00:00,25.24461994548812,11.895513316686412,-10.081196420850368,1.2245689071458674,26,0.2692307692307692,2.126984046171434,26,0,0.3541382710486352,0.7317232183720959,2022-01-01T00:00:00+00:00,2024-01-01T00:00:00+00:00,8.830615761276528,4.321913211595452,-9.64044486814737,0.5759283809593497,21,0.23809523809523808,1.5123366414658663,21,0,0.382451602217309,0.8369643312040422,,,,,,,,,,,,,,,,,,,,,,,,,,
iter-8208869c691c,R1_macro_momentum,"{""atr_cap"": 0.0035, ""atr_floor"": 0.0, ""body_atr_min"": -100.0, ""close_location_min"": 0.0, ""cooldown_bars"": 0, ""ema_spread_min"": 0.0, ""max_hold_bars"": 192, ""momentum_lookback"": 11520, ""momentum_threshold"": 0.1, ""role"": ""child"", ""round_name"": ""R1_macro_momentum"", ""rvol_min"": 0.0, ""slow_slope_atr_min"": 0.0, ""stop_atr"": 4.0, ""take_profit_atr"": 0.0}",True,False,False,validation_sample|train_top_trade_concentration|train_top3_trade_concentration|validation_top_trade_concentration|validation_top3_trade_concentration,2020-01-01T00:00:00+00:00,2022-01-01T00:00:00+00:00,27.017529050618915,12.683619318324158,-10.081196420850402,1.319340850540333,24,0.25,2.279682549584906,24,0,0.35536468616915456,0.7342572467231954,2022-01-01T00:00:00+00:00,2024-01-01T00:00:00+00:00,10.788068220805137,5.255911102799882,-9.007410361609159,0.6920725879537905,19,0.2631578947368421,1.6894441283566295,19,0,0.39208020892087114,0.8328597430041567,,,,,,,,,,,,,,,,,,,,,,,,,,
iter-0cc9da893e5a,R1_macro_momentum,"{""atr_cap"": 0.0035, ""atr_floor"": 0.0, ""body_atr_min"": -100.0, ""close_location_min"": 0.0, ""cooldown_bars"": 0, ""ema_spread_min"": 0.0, ""max_hold_bars"": 192, ""momentum_lookback"": 11520, ""momentum_threshold"": 0.2, ""role"": ""child"", ""round_name"": ""R1_macro_momentum"", ""rvol_min"": 0.0, ""slow_slope_atr_min"": 0.0, ""stop_atr"": 4.0, ""take_profit_atr"": 0.0}",True,False,False,train_sample|validation_sample|train_top_trade_concentration|train_top3_trade_concentration|validation_top_trade_concentration|validation_top3_trade_concentration,2020-01-01T00:00:00+00:00,2022-01-01T00:00:00+00:00,30.247318226992824,14.105320136222431,-9.795128087304949,1.5423168335184894,18,0.2777777777777778,2.9258314958785694,18,0,0.38156982218938845,0.7884025002419,2022-01-01T00:00:00+00:00,2024-01-01T00:00:00+00:00,2.684577972807012,1.3333992190171395,-13.249592837202096,0.23307141199861198,14,0.21428571428571427,1.260462044785723,14,0,0.6761445077602041,1.0,,,,,,,,,,,,,,,,,,,,,,,,,,
iter-4687c3cce7a2,R2_trend_quality,"{""atr_cap"": 0.0035, ""atr_floor"": 0.0, ""body_atr_min"": -100.0, ""close_location_min"": 0.0, ""cooldown_bars"": 0, ""ema_spread_min"": 0.0, ""max_hold_bars"": 192, ""momentum_lookback"": 0, ""momentum_threshold"": 0.0, ""role"": ""child"", ""round_name"": ""R2_trend_quality"", ""rvol_min"": 0.0, ""slow_slope_atr_min"": 0.0, ""stop_atr"": 4.0, ""take_profit_atr"": 0.0}",False,True,False,,2020-01-01T00:00:00+00:00,2022-01-01T00:00:00+00:00,30.96397763855423,14.41838073325803,-13.677238709126216,1.0744642025979672,34,0.2647058823529412,2.026150876196338,34,0,0.2813974279933321,0.6487300723454854,2022-01-01T00:00:00+00:00,2024-01-01T00:00:00+00:00,29.299056841651925,13.709743136484098,-10.26129516419646,1.035562296004836,56,0.30357142857142855,1.6371342759738994,56,0,0.150914606779507,0.4301060020634468,,,,,,,,,,,,,,,,,,,,,,,,,,
iter-6f9c1aea1a5e,R2_trend_quality,"{""atr_cap"": 0.0035, ""atr_floor"": 0.0, ""body_atr_min"": -100.0, ""close_location_min"": 0.0, ""cooldown_bars"": 0, ""ema_spread_min"": 0.0, ""max_hold_bars"": 192, ""momentum_lookback"": 0, ""momentum_threshold"": 0.0, ""role"": ""child"", ""round_name"": ""R2_trend_quality"", ""rvol_min"": 0.0, ""slow_slope_atr_min"": 0.2, ""stop_atr"": 4.0, ""take_profit_atr"": 0.0}",True,True,True,,2020-01-01T00:00:00+00:00,2022-01-01T00:00:00+00:00,35.16424239107205,16.23619864451207,-13.11433518122792,1.2142899102700375,29,0.3103448275862069,2.3908021226807623,29,0,0.2929229389947119,0.6753008396729002,2022-01-01T00:00:00+00:00,2024-01-01T00:00:00+00:00,31.559473249314074,14.699378049453294,-8.424812258304225,1.130975025408561,52,0.28846153846153844,1.7230095880820624,52,0,0.15326682864460792,0.43680982460226125,2020-01-01T00:00:00+00:00,2022-01-01T00:00:00+00:00,23.66346197056448,11.187920430406816,-14.728878766374354,0.8729189631644669,29.0,0.27586206896551724,1.7985921809410081,29.0,0.0,0.30070839837880564,0.6896727344463368,2022-01-01T00:00:00+00:00,2024-01-01T00:00:00+00:00,7.46493520890259,3.6652956436736384,-11.978270860558005,0.3431368017298183,54.0,0.2777777777777778,1.1792472026411298,54.0,0.0,0.16868448080254397,0.48008688980416947
iter-8088eb51ac6c,R2_trend_quality,"{""atr_cap"": 0.0035, ""atr_floor"": 0.0, ""body_atr_min"": -100.0, ""close_location_min"": 0.0, ""cooldown_bars"": 0, ""ema_spread_min"": 0.0, ""max_hold_bars"": 192, ""momentum_lookback"": 0, ""momentum_threshold"": 0.0, ""role"": ""child"", ""round_name"": ""R2_trend_quality"", ""rvol_min"": 0.0, ""slow_slope_atr_min"": 0.3, ""stop_atr"": 4.0, ""take_profit_atr"": 0.0}",True,True,True,,2020-01-01T00:00:00+00:00,2022-01-01T00:00:00+00:00,39.77638984352048,18.199988341001962,-12.035327018863951,1.3691274082848386,25,0.36,2.9199431655065275,25,0,0.3017065218641368,0.695550400555417,2022-01-01T00:00:00+00:00,2024-01-01T00:00:00+00:00,30.56319797605298,14.264254242546471,-10.174757482825836,1.1190738536058729,44,0.3181818181818182,1.8041065696203875,44,0,0.16813399772869614,0.4791811946983385,2020-01-01T00:00:00+00:00,2022-01-01T00:00:00+00:00,29.122018961473284,13.612006621855288,-13.461310085762236,1.0595310603477504,25.0,0.32,2.160472743621962,25.0,0.0,0.31013619922156427,0.711295333688976,2022-01-01T00:00:00+00:00,2024-01-01T00:00:00+00:00,8.848715794348006,4.330587937741437,-12.440783019183698,0.39796808209050005,46.0,0.2826086956521739,1.2287206040316863,46.0,0.0,0.18563300767086843,0.5283234881697351
iter-b567f1b1edf6,R2_trend_quality,"{""atr_cap"": 0.0035, ""atr_floor"": 0.0, ""body_atr_min"": -100.0, ""close_location_min"": 0.0, ""cooldown_bars"": 0, ""ema_spread_min"": 0.0, ""max_hold_bars"": 192, ""momentum_lookback"": 0, ""momentum_threshold"": 0.0, ""role"": ""child"", ""round_name"": ""R2_trend_quality"", ""rvol_min"": 0.0, ""slow_slope_atr_min"": 0.4, ""stop_atr"": 4.0, ""take_profit_atr"": 0.0}",True,True,False,double_cost_return,2020-01-01T00:00:00+00:00,2022-01-01T00:00:00+00:00,48.48085541241165,21.819779421500442,-11.055988644755931,1.6254662893959233,20,0.4,4.103797608622988,20,0,0.29724861012135045,0.6852731871919879,2022-01-01T00:00:00+00:00,2024-01-01T00:00:00+00:00,19.54111317157079,9.334858655220657,-16.425197384306134,0.781277903456622,40,0.3,1.5667952078096228,40,0,0.1981587320292991,0.5647515626609125,2020-01-01T00:00:00+00:00,2022-01-01T00:00:00+00:00,38.82826458248019,17.798970049515873,-12.286440643818286,1.36339432429649,20.0,0.35,2.9512472229423072,20.0,0.0,0.3037605847081844,0.6966729037238529,2022-01-01T00:00:00+00:00,2024-01-01T00:00:00+00:00,-5.7781106124540464,-2.9320395869234517,-25.444403867556552,-0.18363311409342636,44.0,0.22727272727272727,0.9219507099448369,44.0,0.0,0.23078168299172797,0.6568195241443903
iter-9263c6b9a037,R2_trend_quality,"{""atr_cap"": 0.0035, ""atr_floor"": 0.0, ""body_atr_min"": -100.0, ""close_location_min"": 0.0, ""cooldown_bars"": 0, ""ema_spread_min"": 0.0, ""max_hold_bars"": 192, ""momentum_lookback"": 0, ""momentum_threshold"": 0.0, ""role"": ""child"", ""round_name"": ""R2_trend_quality"", ""rvol_min"": 0.0, ""slow_slope_atr_min"": 0.5, ""stop_atr"": 4.0, ""take_profit_atr"": 0.0}",True,False,False,train_sample|train_top3_trade_concentration,2020-01-01T00:00:00+00:00,2022-01-01T00:00:00+00:00,49.69855161900212,22.317600045475228,-9.75213122008186,1.82972402474359,16,0.4375,5.490537853167526,16,0,0.2952130799484485,0.7176129563227708,2022-01-01T00:00:00+00:00,2024-01-01T00:00:00+00:00,19.085142119780095,9.126138995100575,-11.614721658899052,0.8744132777067299,31,0.3225806451612903,1.7161611865001503,31,0,0.23636533837454954,0.6479975416189424,,,,,,,,,,,,,,,,,,,,,,,,,,
iter-f0649270689c,R2_trend_quality,"{""atr_cap"": 0.0035, ""atr_floor"": 0.0, ""body_atr_min"": -100.0, ""close_location_min"": 0.0, ""cooldown_bars"": 0, ""ema_spread_min"": 0.0025, ""max_hold_bars"": 192, ""momentum_lookback"": 0, ""momentum_threshold"": 0.0, ""role"": ""child"", ""round_name"": ""R2_trend_quality"", ""rvol_min"": 0.0, ""slow_slope_atr_min"": 0.0, ""stop_atr"": 4.0, ""take_profit_atr"": 0.0}",True,True,False,double_cost_return,2020-01-01T00:00:00+00:00,2022-01-01T00:00:00+00:00,32.5666971295407,15.115412361743296,-14.525117009777356,1.1415205184249526,29,0.27586206896551724,2.219762860040587,29,0,0.29376150767278786,0.6772340652999935,2022-01-01T00:00:00+00:00,2024-01-01T00:00:00+00:00,18.644826291960005,8.92420589196876,-15.062739424263583,0.7330329427261415,51,0.27450980392156865,1.4327295862952836,51,0,0.16951565667267762,0.4831189169459889,2020-01-01T00:00:00+00:00,2022-01-01T00:00:00+00:00,21.334029512333274,10.137158271130886,-16.080716986727627,0.800919067362699,29.0,0.27586206896551724,1.6933457797152303,29.0,0.0,0.30070839837880564,0.6896727344463368,2022-01-01T00:00:00+00:00,2024-01-01T00:00:00+00:00,-2.745306763542954,-1.3822058467859222,-21.244224045761385,-0.04450531539636807,53.0,0.24528301886792453,0.9913357755611224,53.0,0.0,0.18736298175103858,0.5332471057523326
iter-85405d0c7f3e,R2_trend_quality,"{""atr_cap"": 0.0035, ""atr_floor"": 0.0, ""body_atr_min"": -100.0, ""close_location_min"": 0.0, ""cooldown_bars"": 0, ""ema_spread_min"": 0.0025, ""max_hold_bars"": 192, ""momentum_lookback"": 0, ""momentum_threshold"": 0.0, ""role"": ""child"", ""round_name"": ""R2_trend_quality"", ""rvol_min"": 0.0, ""slow_slope_atr_min"": 0.2, ""stop_atr"": 4.0, ""take_profit_atr"": 0.0}",True,True,False,double_cost_return,2020-01-01T00:00:00+00:00,2022-01-01T00:00:00+00:00,36.27766294607335,16.71331187266003,-13.25501070744296,1.252821411205726,27,0.2962962962962963,2.4859730921031438,27,0,0.29376150767278786,0.6772340652999935,2022-01-01T00:00:00+00:00,2024-01-01T00:00:00+00:00,15.614709593776555,7.524280789864646,-13.958655060586567,0.6375917597735327,51,0.2549019607843137,1.3692719576166867,51,0,0.17457181098384933,0.49752893571753987,2020-01-01T00:00:00+00:00,2022-01-01T00:00:00+00:00,25.334316656150712,11.935519558468478,-14.627801173081068,0.929580200643536,27.0,0.2962962962962963,1.8814736243969494,27.0,0.0,0.30070839837880564,0.6896727344463368,2022-01-01T00:00:00+00:00,2024-01-01T00:00:00+00:00,-5.193384946153179,-2.6313114734275445,-20.027685200001656,-0.14692225564286282,53.0,0.22641509433962265,0.9477500907086167,53.0,0.0,0.19274840153752518,0.5485743570992458
iter-d37ed27d6c9e,R2_trend_quality,"{""atr_cap"": 0.0035, ""atr_floor"": 0.0, ""body_atr_min"": -100.0, ""close_location_min"": 0.0, ""cooldown_bars"": 0, ""ema_spread_min"": 0.0025, ""max_hold_bars"": 192, ""momentum_lookback"": 0, ""momentum_threshold"": 0.0, ""role"": ""child"", ""round_name"": ""R2_trend_quality"", ""rvol_min"": 0.0, ""slow_slope_atr_min"": 0.3, ""stop_atr"": 4.0, ""take_profit_atr"": 0.0}",True,True,True,,2020-01-01T00:00:00+00:00,2022-01-01T00:00:00+00:00,39.58056719037488,18.117275216061678,-12.158562964974251,1.370291378495122,24,0.3333333333333333,2.9147605371051895,24,0,0.30259621153812566,0.6976014798800846,2022-01-01T00:00:00+00:00,2024-01-01T00:00:00+00:00,23.287040281488892,11.034697406481397,-13.561791811557855,0.8991391556829564,44,0.29545454545454547,1.6057239296265398,44,0,0.1778236999466958,0.5067968057455726,2020-01-01T00:00:00+00:00,2022-01-01T00:00:00+00:00,29.3033360788042,13.691638255433691,-13.339789791090183,1.0703872813234965,24.0,0.3333333333333333,2.172908057988072,24.0,0.0,0.31013619922156427,0.711295333688976,2022-01-01T00:00:00+00:00,2024-01-01T00:00:00+00:00,2.8188726461015,1.3996413435972244,-17.82073049838788,0.1733874282328852,46.0,0.2608695652173913,1.100278995420864,46.0,0.0,0.19682682312546607,0.5601818074476671
iter-758d14af2e9f,R2_trend_quality,"{""atr_cap"": 0.0035, ""atr_floor"": 0.0, ""body_atr_min"": -100.0, ""close_location_min"": 0.0, ""cooldown_bars"": 0, ""ema_spread_min"": 0.0025, ""max_hold_bars"": 192, ""momentum_lookback"": 0, ""momentum_threshold"": 0.0, ""role"": ""child"", ""round_name"": ""R2_trend_quality"", ""rvol_min"": 0.0, ""slow_slope_atr_min"": 0.4, ""stop_atr"": 4.0, ""take_profit_atr"": 0.0}",True,True,False,double_cost_return,2020-01-01T00:00:00+00:00,2022-01-01T00:00:00+00:00,46.59375534487287,21.044235871025595,-12.186412155379234,1.578304219392053,20,0.35,3.784873761552792,20,0,0.29811216490926157,0.6872640154807566,2022-01-01T00:00:00+00:00,2024-01-01T00:00:00+00:00,19.54111317157079,9.334858655220657,-16.425197384306134,0.781277903456622,40,0.3,1.5667952078096228,40,0,0.1981587320292991,0.5647515626609125,2020-01-01T00:00:00+00:00,2022-01-01T00:00:00+00:00,37.11756840116862,17.07193068939099,-13.367281432912193,1.317030904622347,20.0,0.35,2.7650514016116845,20.0,0.0,0.3037605847081844,0.6966729037238529,2022-01-01T00:00:00+00:00,2024-01-01T00:00:00+00:00,-5.7781106124540464,-2.9320395869234517,-25.444403867556552,-0.18363311409342636,44.0,0.22727272727272727,0.9219507099448369,44.0,0.0,0.23078168299172797,0.6568195241443903
iter-9d001f7e76be,R2_trend_quality,"{""atr_cap"": 0.0035, ""atr_floor"": 0.0, ""body_atr_min"": -100.0, ""close_location_min"": 0.0, ""cooldown_bars"": 0, ""ema_spread_min"": 0.0025, ""max_hold_bars"": 192, ""momentum_lookback"": 0, ""momentum_threshold"": 0.0, ""role"": ""child"", ""round_name"": ""R2_trend_quality"", ""rvol_min"": 0.0, ""slow_slope_atr_min"": 0.5, ""stop_atr"": 4.0, ""take_profit_atr"": 0.0}",True,False,False,train_sample|train_top3_trade_concentration,2020-01-01T00:00:00+00:00,2022-01-01T00:00:00+00:00,49.69855161900212,22.317600045475228,-9.75213122008186,1.82972402474359,16,0.4375,5.490537853167526,16,0,0.2952130799484485,0.7176129563227708,2022-01-01T00:00:00+00:00,2024-01-01T00:00:00+00:00,19.085142119780095,9.126138995100575,-11.614721658899052,0.8744132777067299,31,0.3225806451612903,1.7161611865001503,31,0,0.23636533837454954,0.6479975416189424,,,,,,,,,,,,,,,,,,,,,,,,,,
iter-03366b7900d9,R2_trend_quality,"{""atr_cap"": 0.0035, ""atr_floor"": 0.0, ""body_atr_min"": -100.0, ""close_location_min"": 0.0, ""cooldown_bars"": 0, ""ema_spread_min"": 0.005, ""max_hold_bars"": 192, ""momentum_lookback"": 0, ""momentum_threshold"": 0.0, ""role"": ""child"", ""round_name"": ""R2_trend_quality"", ""rvol_min"": 0.0, ""slow_slope_atr_min"": 0.0, ""stop_atr"": 4.0, ""take_profit_atr"": 0.0}",True,True,False,double_cost_return,2020-01-01T00:00:00+00:00,2022-01-01T00:00:00+00:00,42.195656435648424,19.217110588198437,-11.264841355458532,1.4316720253636763,23,0.34782608695652173,3.0917714381417936,23,0,0.295793222643852,0.6819179553041164,2022-01-01T00:00:00+00:00,2024-01-01T00:00:00+00:00,18.38789950041577,8.806203637667531,-10.801293991091477,0.8362378385518332,38,0.2894736842105263,1.5651004976994876,38,0,0.2099585091603725,0.549447331178088,2020-01-01T00:00:00+00:00,2022-01-01T00:00:00+00:00,32.04519656019913,14.88907427343431,-12.246617993358122,1.1442769021384185,23.0,0.34782608695652173,2.3117577031819887,23.0,0.0,0.3028745301535319,0.694640743428795,2022-01-01T00:00:00+00:00,2024-01-01T00:00:00+00:00,-6.193158122315834,-3.1460677733298414,-19.879471330016518,-0.2516445017200635,42.0,0.21428571428571427,0.9052094249712592,42.0,0.0,0.24580510260922359,0.6407874228919204
iter-91115f208852,R2_trend_quality,"{""atr_cap"": 0.0035, ""atr_floor"": 0.0, ""body_atr_min"": -100.0, ""close_location_min"": 0.0, ""cooldown_bars"": 0, ""ema_spread_min"": 0.005, ""max_hold_bars"": 192, ""momentum_lookback"": 0, ""momentum_threshold"": 0.0, ""role"": ""child"", ""round_name"": ""R2_trend_quality"", ""rvol_min"": 0.0, ""slow_slope_atr_min"": 0.2, ""stop_atr"": 4.0, ""take_profit_atr"": 0.0}",True,True,False,double_cost_return,2020-01-01T00:00:00+00:00,2022-01-01T00:00:00+00:00,44.03587947822063,19.984998742252436,-11.264841355458532,1.484625169929737,22,0.36363636363636365,3.324421280996284,22,0,0.295793222643852,0.6819179553041164,2022-01-01T00:00:00+00:00,2024-01-01T00:00:00+00:00,18.38789950041577,8.806203637667531,-10.801293991091477,0.8362378385518332,38,0.2894736842105263,1.5651004976994876,38,0,0.2099585091603725,0.549447331178088,2020-01-01T00:00:00+00:00,2022-01-01T00:00:00+00:00,34.07730801219946,15.768533132848184,-12.246617993358122,1.2064223353712207,22.0,0.36363636363636365,2.471848378356648,22.0,0.0,0.3028745301535319,0.694640743428795,2022-01-01T00:00:00+00:00,2024-01-01T00:00:00+00:00,-6.193158122315834,-3.1460677733298414,-19.879471330016518,-0.2516445017200635,42.0,0.21428571428571427,0.9052094249712592,42.0,0.0,0.24580510260922359,0.6407874228919204
iter-3ea1354e2468,R2_trend_quality,"{""atr_cap"": 0.0035, ""atr_floor"": 0.0, ""body_atr_min"": -100.0, ""close_location_min"": 0.0, ""cooldown_bars"": 0, ""ema_spread_min"": 0.005, ""max_hold_bars"": 192, ""momentum_lookback"": 0, ""momentum_threshold"": 0.0, ""role"": ""child"", ""round_name"": ""R2_trend_quality"", ""rvol_min"": 0.0, ""slow_slope_atr_min"": 0.3, ""stop_atr"": 4.0, ""take_profit_atr"": 0.0}",True,True,False,double_cost_return,2020-01-01T00:00:00+00:00,2022-01-01T00:00:00+00:00,43.99989320701021,19.970029639667008,-11.264841355458532,1.4880724350304337,22,0.36363636363636365,3.3195915207178266,22,0,0.295793222643852,0.6819179553041164,2022-01-01T00:00:00+00:00,2024-01-01T00:00:00+00:00,19.68285341810818,9.399658782881115,-10.801293991091477,0.888370999904996,37,0.2972972972972973,1.6174472375166666,37,0,0.2099585091603725,0.549447331178088,2020-01-01T00:00:00+00:00,2022-01-01T00:00:00+00:00,34.04385949422526,15.75411148980399,-12.246617993358122,1.2087037500146371,22.0,0.36363636363636365,2.4690723702915967,22.0,0.0,0.3028745301535319,0.694640743428795,2022-01-01T00:00:00+00:00,2024-01-01T00:00:00+00:00,-4.937994356825959,-2.500253516650597,-19.879471330016518,-0.1893268030349026,41.0,0.21951219512195122,0.9307998394734911,41.0,0.0,0.24580510260922359,0.6407874228919204
iter-ae4034e9fea0,R2_trend_quality,"{""atr_cap"": 0.0035, ""atr_floor"": 0.0, ""body_atr_min"": -100.0, ""close_location_min"": 0.0, ""cooldown_bars"": 0, ""ema_spread_min"": 0.005, ""max_hold_bars"": 192, ""momentum_lookback"": 0, ""momentum_threshold"": 0.0, ""role"": ""child"", ""round_name"": ""R2_trend_quality"", ""rvol_min"": 0.0, ""slow_slope_atr_min"": 0.4, ""stop_atr"": 4.0, ""take_profit_atr"": 0.0}",True,False,False,train_sample,2020-01-01T00:00:00+00:00,2022-01-01T00:00:00+00:00,48.085238310019875,21.65760294304977,-11.292973890764447,1.6268420994955777,19,0.3684210526315789,4.061298083267319,19,0,0.29811216490926157,0.6872640154807566,2022-01-01T00:00:00+00:00,2024-01-01T00:00:00+00:00,16.318232360489215,7.850930622080954,-13.62322007125778,0.7559352571529351,34,0.29411764705882354,1.5569376040496283,34,0,0.2309804248808402,0.6044602741402573,,,,,,,,,,,,,,,,,,,,,,,,,,
iter-7f3cba6a258f,R2_trend_quality,"{""atr_cap"": 0.0035, ""atr_floor"": 0.0, ""body_atr_min"": -100.0, ""close_location_min"": 0.0, ""cooldown_bars"": 0, ""ema_spread_min"": 0.005, ""max_hold_bars"": 192, ""momentum_lookback"": 0, ""momentum_threshold"": 0.0, ""role"": ""child"", ""round_name"": ""R2_trend_quality"", ""rvol_min"": 0.0, ""slow_slope_atr_min"": 0.5, ""stop_atr"": 4.0, ""take_profit_atr"": 0.0}",True,False,False,train_sample|train_top3_trade_concentration,2020-01-01T00:00:00+00:00,2022-01-01T00:00:00+00:00,51.25486615027057,22.950912872592877,-9.419824759339,1.884814988186225,15,0.4666666666666667,6.150591392171644,15,0,0.2952130799484485,0.7176129563227708,2022-01-01T00:00:00+00:00,2024-01-01T00:00:00+00:00,15.452207016021857,7.448688691869032,-11.22736392535878,0.7495998528961269,30,0.3,1.6095112410862302,30,0,0.2588388909610143,0.6492832202903333,,,,,,,,,,,,,,,,,,,,,,,,,,
iter-5e92bf210211,R2_trend_quality,"{""atr_cap"": 0.0035, ""atr_floor"": 0.0, ""body_atr_min"": -100.0, ""close_location_min"": 0.0, ""cooldown_bars"": 0, ""ema_spread_min"": 0.0075, ""max_hold_bars"": 192, ""momentum_lookback"": 0, ""momentum_threshold"": 0.0, ""role"": ""child"", ""round_name"": ""R2_trend_quality"", ""rvol_min"": 0.0, ""slow_slope_atr_min"": 0.0, ""stop_atr"": 4.0, ""take_profit_atr"": 0.0}",True,False,False,train_sample|train_top_trade_concentration|train_top3_trade_concentration|validation_top3_trade_concentration,2020-01-01T00:00:00+00:00,2022-01-01T00:00:00+00:00,36.129980022837785,16.65014063982939,-9.52279968145242,1.316666955155473,16,0.375,3.7988095639506168,16,0,0.36849664620215594,0.849527508671678,2022-01-01T00:00:00+00:00,2024-01-01T00:00:00+00:00,9.025800203785073,4.4154204146998,-16.468631891025577,0.5068885580544065,29,0.2413793103448276,1.3537037722157181,29,0,0.2747009404945051,0.7188739300464787,,,,,,,,,,,,,,,,,,,,,,,,,,
iter-da87db9d1363,R2_trend_quality,"{""atr_cap"": 0.0035, ""atr_floor"": 0.0, ""body_atr_min"": -100.0, ""close_location_min"": 0.0, ""cooldown_bars"": 0, ""ema_spread_min"": 0.0075, ""max_hold_bars"": 192, ""momentum_lookback"": 0, ""momentum_threshold"": 0.0, ""role"": ""child"", ""round_name"": ""R2_trend_quality"", ""rvol_min"": 0.0, ""slow_slope_atr_min"": 0.2, ""stop_atr"": 4.0, ""take_profit_atr"": 0.0}",True,False,False,train_sample|train_top_trade_concentration|train_top3_trade_concentration|validation_top3_trade_concentration,2020-01-01T00:00:00+00:00,2022-01-01T00:00:00+00:00,36.129980022837785,16.65014063982939,-9.52279968145242,1.316666955155473,16,0.375,3.7988095639506168,16,0,0.36849664620215594,0.849527508671678,2022-01-01T00:00:00+00:00,2024-01-01T00:00:00+00:00,9.025800203785073,4.4154204146998,-16.468631891025577,0.5068885580544065,29,0.2413793103448276,1.3537037722157181,29,0,0.2747009404945051,0.7188739300464787,,,,,,,,,,,,,,,,,,,,,,,,,,
iter-ee348e680463,R2_trend_quality,"{""atr_cap"": 0.0035, ""atr_floor"": 0.0, ""body_atr_min"": -100.0, ""close_location_min"": 0.0, ""cooldown_bars"": 0, ""ema_spread_min"": 0.0075, ""max_hold_bars"": 192, ""momentum_lookback"": 0, ""momentum_threshold"": 0.0, ""role"": ""child"", ""round_name"": ""R2_trend_quality"", ""rvol_min"": 0.0, ""slow_slope_atr_min"": 0.3, ""stop_atr"": 4.0, ""take_profit_atr"": 0.0}",True,False,False,train_sample|train_top_trade_concentration|train_top3_trade_concentration|validation_top3_trade_concentration,2020-01-01T00:00:00+00:00,2022-01-01T00:00:00+00:00,36.129980022837785,16.65014063982939,-9.52279968145242,1.316666955155473,16,0.375,3.7988095639506168,16,0,0.36849664620215594,0.849527508671678,2022-01-01T00:00:00+00:00,2024-01-01T00:00:00+00:00,9.025800203785073,4.4154204146998,-16.468631891025577,0.5068885580544065,29,0.2413793103448276,1.3537037722157181,29,0,0.2747009404945051,0.7188739300464787,,,,,,,,,,,,,,,,,,,,,,,,,,
iter-08707d13d668,R2_trend_quality,"{""atr_cap"": 0.0035, ""atr_floor"": 0.0, ""body_atr_min"": -100.0, ""close_location_min"": 0.0, ""cooldown_bars"": 0, ""ema_spread_min"": 0.0075, ""max_hold_bars"": 192, ""momentum_lookback"": 0, ""momentum_threshold"": 0.0, ""role"": ""child"", ""round_name"": ""R2_trend_quality"", ""rvol_min"": 0.0, ""slow_slope_atr_min"": 0.4, ""stop_atr"": 4.0, ""take_profit_atr"": 0.0}",True,False,False,train_sample|train_top_trade_concentration|train_top3_trade_concentration|validation_top3_trade_concentration,2020-01-01T00:00:00+00:00,2022-01-01T00:00:00+00:00,38.00879859772077,17.451263236632396,-9.551484512484699,1.395750015760037,15,0.4,4.288327899890499,15,0,0.36849664620215594,0.849527508671678,2022-01-01T00:00:00+00:00,2024-01-01T00:00:00+00:00,10.266312326304195,5.007767487126502,-16.468631891025577,0.5675673492003008,28,0.25,1.4072941778422705,28,0,0.2747009404945051,0.7188739300464787,,,,,,,,,,,,,,,,,,,,,,,,,,
iter-922d15b16213,R2_trend_quality,"{""atr_cap"": 0.0035, ""atr_floor"": 0.0, ""body_atr_min"": -100.0, ""close_location_min"": 0.0, ""cooldown_bars"": 0, ""ema_spread_min"": 0.0075, ""max_hold_bars"": 192, ""momentum_lookback"": 0, ""momentum_threshold"": 0.0, ""role"": ""child"", ""round_name"": ""R2_trend_quality"", ""rvol_min"": 0.0, ""slow_slope_atr_min"": 0.5, ""stop_atr"": 4.0, ""take_profit_atr"": 0.0}",True,False,False,train_sample|train_top3_trade_concentration|validation_top3_trade_concentration,2020-01-01T00:00:00+00:00,2022-01-01T00:00:00+00:00,39.50745858729079,18.0863801312789,-9.419824759339,1.5717725133336473,14,0.42857142857142855,5.010439758404132,14,0,0.3484873364432382,0.8471136434393428,2022-01-01T00:00:00+00:00,2024-01-01T00:00:00+00:00,14.051855981003936,6.795063547433666,-14.064258388892414,0.7691027183995905,25,0.28,1.6173685082993172,25,0,0.28313894100341214,0.7102385685618597,,,,,,,,,,,,,,,,,,,,,,,,,,
iter-83fa73f5c81c,R2_trend_quality,"{""atr_cap"": 0.0035, ""atr_floor"": 0.0, ""body_atr_min"": -100.0, ""close_location_min"": 0.0, ""cooldown_bars"": 0, ""ema_spread_min"": 0.01, ""max_hold_bars"": 192, ""momentum_lookback"": 0, ""momentum_threshold"": 0.0, ""role"": ""child"", ""round_name"": ""R2_trend_quality"", ""rvol_min"": 0.0, ""slow_slope_atr_min"": 0.0, ""stop_atr"": 4.0, ""take_profit_atr"": 0.0}",True,False,False,train_sample|train_top_trade_concentration|train_top3_trade_concentration|validation_top3_trade_concentration,2020-01-01T00:00:00+00:00,2022-01-01T00:00:00+00:00,31.526765728714423,14.663624438138312,-9.477381617024594,1.3695726781861002,14,0.2857142857142857,3.453059130316823,14,0,0.39603478170724743,0.9234629956755465,2022-01-01T00:00:00+00:00,2024-01-01T00:00:00+00:00,19.57035817244286,9.348231888971515,-13.888633838918263,1.0698931255062785,21,0.2857142857142857,1.9469609233793157,21,0,0.29132033513079264,0.8104441613745847,,,,,,,,,,,,,,,,,,,,,,,,,,
iter-4909e1fb40b3,R2_trend_quality,"{""atr_cap"": 0.0035, ""atr_floor"": 0.0, ""body_atr_min"": -100.0, ""close_location_min"": 0.0, ""cooldown_bars"": 0, ""ema_spread_min"": 0.01, ""max_hold_bars"": 192, ""momentum_lookback"": 0, ""momentum_threshold"": 0.0, ""role"": ""child"", ""round_name"": ""R2_trend_quality"", ""rvol_min"": 0.0, ""slow_slope_atr_min"": 0.2, ""stop_atr"": 4.0, ""take_profit_atr"": 0.0}",True,False,False,train_sample|train_top_trade_concentration|train_top3_trade_concentration|validation_top3_trade_concentration,2020-01-01T00:00:00+00:00,2022-01-01T00:00:00+00:00,31.526765728714423,14.663624438138312,-9.477381617024594,1.3695726781861002,14,0.2857142857142857,3.453059130316823,14,0,0.39603478170724743,0.9234629956755465,2022-01-01T00:00:00+00:00,2024-01-01T00:00:00+00:00,19.57035817244286,9.348231888971515,-13.888633838918263,1.0698931255062785,21,0.2857142857142857,1.9469609233793157,21,0,0.29132033513079264,0.8104441613745847,,,,,,,,,,,,,,,,,,,,,,,,,,
iter-a8c1cc7c0140,R2_trend_quality,"{""atr_cap"": 0.0035, ""atr_floor"": 0.0, ""body_atr_min"": -100.0, ""close_location_min"": 0.0, ""cooldown_bars"": 0, ""ema_spread_min"": 0.01, ""max_hold_bars"": 192, ""momentum_lookback"": 0, ""momentum_threshold"": 0.0, ""role"": ""child"", ""round_name"": ""R2_trend_quality"", ""rvol_min"": 0.0, ""slow_slope_atr_min"": 0.3, ""stop_atr"": 4.0, ""take_profit_atr"": 0.0}",True,False,False,train_sample|train_top_trade_concentration|train_top3_trade_concentration|validation_top3_trade_concentration,2020-01-01T00:00:00+00:00,2022-01-01T00:00:00+00:00,31.526765728714423,14.663624438138312,-9.477381617024594,1.3695726781861002,14,0.2857142857142857,3.453059130316823,14,0,0.39603478170724743,0.9234629956755465,2022-01-01T00:00:00+00:00,2024-01-01T00:00:00+00:00,19.57035817244286,9.348231888971515,-13.888633838918263,1.0698931255062785,21,0.2857142857142857,1.9469609233793157,21,0,0.29132033513079264,0.8104441613745847,,,,,,,,,,,,,,,,,,,,,,,,,,
iter-1127bde95fb5,R2_trend_quality,"{""atr_cap"": 0.0035, ""atr_floor"": 0.0, ""body_atr_min"": -100.0, ""close_location_min"": 0.0, ""cooldown_bars"": 0, ""ema_spread_min"": 0.01, ""max_hold_bars"": 192, ""momentum_lookback"": 0, ""momentum_threshold"": 0.0, ""role"": ""child"", ""round_name"": ""R2_trend_quality"", ""rvol_min"": 0.0, ""slow_slope_atr_min"": 0.4, ""stop_atr"": 4.0, ""take_profit_atr"": 0.0}",True,False,False,train_sample|train_top_trade_concentration|train_top3_trade_concentration|validation_top3_trade_concentration,2020-01-01T00:00:00+00:00,2022-01-01T00:00:00+00:00,33.40764416844184,15.47945740192269,-9.477381617024594,1.4376356800475953,13,0.3076923076923077,3.9038754406309293,13,0,0.39603478170724743,0.9234629956755465,2022-01-01T00:00:00+00:00,2024-01-01T00:00:00+00:00,19.57035817244286,9.348231888971515,-13.888633838918263,1.0698931255062785,21,0.2857142857142857,1.9469609233793157,21,0,0.29132033513079264,0.8104441613745847,,,,,,,,,,,,,,,,,,,,,,,,,,
iter-0070a62219c1,R2_trend_quality,"{""atr_cap"": 0.0035, ""atr_floor"": 0.0, ""body_atr_min"": -100.0, ""close_location_min"": 0.0, ""cooldown_bars"": 0, ""ema_spread_min"": 0.01, ""max_hold_bars"": 192, ""momentum_lookback"": 0, ""momentum_threshold"": 0.0, ""role"": ""child"", ""round_name"": ""R2_trend_quality"", ""rvol_min"": 0.0, ""slow_slope_atr_min"": 0.5, ""stop_atr"": 4.0, ""take_profit_atr"": 0.0}",True,False,False,train_sample|validation_sample|train_top_trade_concentration|train_top3_trade_concentration|validation_top3_trade_concentration,2020-01-01T00:00:00+00:00,2022-01-01T00:00:00+00:00,32.08624060028704,14.906904133010723,-9.477381617024594,1.389818348419897,13,0.3076923076923077,3.796839209997649,13,0,0.3790084719732351,0.9213053503306288,2022-01-01T00:00:00+00:00,2024-01-01T00:00:00+00:00,22.184556792849186,10.5371235345163,-11.045005194039136,1.2055425464594334,19,0.3157894736842105,2.231444656715991,19,0,0.30002954385978936,0.8047772677001437,,,,,,,,,,,,,,,,,,,,,,,,,,
iter-9349be75eaec,R3_breakout_quality,"{""atr_cap"": 0.0035, ""atr_floor"": 0.0, ""body_atr_min"": -100.0, ""close_location_min"": 0.0, ""cooldown_bars"": 0, ""ema_spread_min"": 0.0, ""max_hold_bars"": 192, ""momentum_lookback"": 0, ""momentum_threshold"": 0.0, ""role"": ""child"", ""round_name"": ""R3_breakout_quality"", ""rvol_min"": 0.0, ""slow_slope_atr_min"": 0.0, ""stop_atr"": 4.0, ""take_profit_atr"": 0.0}",False,True,False,,2020-01-01T00:00:00+00:00,2022-01-01T00:00:00+00:00,30.96397763855423,14.41838073325803,-13.677238709126216,1.0744642025979672,34,0.2647058823529412,2.026150876196338,34,0,0.2813974279933321,0.6487300723454854,2022-01-01T00:00:00+00:00,2024-01-01T00:00:00+00:00,29.299056841651925,13.709743136484098,-10.26129516419646,1.035562296004836,56,0.30357142857142855,1.6371342759738994,56,0,0.150914606779507,0.4301060020634468,,,,,,,,,,,,,,,,,,,,,,,,,,
iter-fce47ab1d4cb,R3_breakout_quality,"{""atr_cap"": 0.0035, ""atr_floor"": 0.0, ""body_atr_min"": -100.0, ""close_location_min"": 0.7, ""cooldown_bars"": 0, ""ema_spread_min"": 0.0, ""max_hold_bars"": 192, ""momentum_lookback"": 0, ""momentum_threshold"": 0.0, ""role"": ""child"", ""round_name"": ""R3_breakout_quality"", ""rvol_min"": 0.0, ""slow_slope_atr_min"": 0.0, ""stop_atr"": 4.0, ""take_profit_atr"": 0.0}",True,False,False,train_top3_trade_concentration,2020-01-01T00:00:00+00:00,2022-01-01T00:00:00+00:00,32.26756046321972,14.985637757317892,-12.763421965211318,1.1698588517910875,24,0.2916666666666667,2.5457205754258454,24,0,0.3299020756740897,0.7605520737881415,2022-01-01T00:00:00+00:00,2024-01-01T00:00:00+00:00,21.47242075778193,10.214527516921269,-7.764993224171657,0.9210949046423594,43,0.32558139534883723,1.6349401531431393,43,0,0.1826584163902445,0.486095349238179,,,,,,,,,,,,,,,,,,,,,,,,,,
iter-bfaed3341b0d,R3_breakout_quality,"{""atr_cap"": 0.0035, ""atr_floor"": 0.0, ""body_atr_min"": -100.0, ""close_location_min"": 0.8, ""cooldown_bars"": 0, ""ema_spread_min"": 0.0, ""max_hold_bars"": 192, ""momentum_lookback"": 0, ""momentum_threshold"": 0.0, ""role"": ""child"", ""round_name"": ""R3_breakout_quality"", ""rvol_min"": 0.0, ""slow_slope_atr_min"": 0.0, ""stop_atr"": 4.0, ""take_profit_atr"": 0.0}",True,False,False,validation_return|train_sample|validation_pf|train_top_trade_concentration|train_top3_trade_concentration|validation_top_trade_concentration|validation_top3_trade_concentration,2020-01-01T00:00:00+00:00,2022-01-01T00:00:00+00:00,15.177998848908981,7.310640715151728,-10.987598846993995,0.8268601955594571,17,0.29411764705882354,2.1076534266329365,17,0,0.3742836787679677,0.9187202136166411,2022-01-01T00:00:00+00:00,2024-01-01T00:00:00+00:00,-7.404368490938684,-3.773376080701385,-15.083600609352699,-0.4393267038974591,31,0.16129032258064516,0.7612337399007313,31,0,0.4439717954318876,0.883962380323515,,,,,,,,,,,,,,,,,,,,,,,,,,
iter-6a582140b274,R3_breakout_quality,"{""atr_cap"": 0.0035, ""atr_floor"": 0.0, ""body_atr_min"": -100.0, ""close_location_min"": 0.9, ""cooldown_bars"": 0, ""ema_spread_min"": 0.0, ""max_hold_bars"": 192, ""momentum_lookback"": 0, ""momentum_threshold"": 0.0, ""role"": ""child"", ""round_name"": ""R3_breakout_quality"", ""rvol_min"": 0.0, ""slow_slope_atr_min"": 0.0, ""stop_atr"": 4.0, ""take_profit_atr"": 0.0}",True,False,False,train_sample|validation_sample|train_top_trade_concentration|train_top3_trade_concentration|validation_top_trade_concentration|validation_top3_trade_concentration,2020-01-01T00:00:00+00:00,2022-01-01T00:00:00+00:00,9.097312286176319,4.443438463361393,-13.178579246893063,0.5875491649953077,10,0.4,2.2102971102538715,10,0,0.5935259658734396,0.9427336397894168,2022-01-01T00:00:00+00:00,2024-01-01T00:00:00+00:00,1.8577165468263157,0.924583995588657,-8.953876838193231,0.1805281248333983,14,0.14285714285714285,1.1851315957681383,14,0,0.5795360684084606,1.0,,,,,,,,,,,,,,,,,,,,,,,,,,
iter-fe915042c23e,R3_breakout_quality,"{""atr_cap"": 0.0035, ""atr_floor"": 0.0, ""body_atr_min"": 1.0, ""close_location_min"": 0.0, ""cooldown_bars"": 0, ""ema_spread_min"": 0.0, ""max_hold_bars"": 192, ""momentum_lookback"": 0, ""momentum_threshold"": 0.0, ""role"": ""child"", ""round_name"": ""R3_breakout_quality"", ""rvol_min"": 0.0, ""slow_slope_atr_min"": 0.0, ""stop_atr"": 4.0, ""take_profit_atr"": 0.0}",True,True,True,,2020-01-01T00:00:00+00:00,2022-01-01T00:00:00+00:00,35.95896808569772,16.576947556020748,-13.685236894351993,1.2280285669732447,31,0.2903225806451613,2.320910357704958,31,0,0.2813974279933321,0.6487300723454854,2022-01-01T00:00:00+00:00,2024-01-01T00:00:00+00:00,26.59758510137211,12.51559229785537,-9.680067053311825,0.9681020974696352,53,0.3018867924528302,1.6188557175463518,53,0,0.16086956709322303,0.45847759758095963,2020-01-01T00:00:00+00:00,2022-01-01T00:00:00+00:00,23.713358532784447,11.210318905795047,-15.958646789159737,0.8655160316341552,31.0,0.25806451612903225,1.7449542126542088,31.0,0.0,0.28837545867233916,0.6613872183218227,2022-01-01T00:00:00+00:00,2024-01-01T00:00:00+00:00,5.856794433471313,2.88673113354867,-13.886005431777804,0.27968257246637646,55.0,0.2909090909090909,1.1515974699934997,55.0,0.0,0.1748859363648623,0.49773663149354996
iter-c34e632c3ef9,R3_breakout_quality,"{""atr_cap"": 0.0035, ""atr_floor"": 0.0, ""body_atr_min"": 1.0, ""close_location_min"": 0.7, ""cooldown_bars"": 0, ""ema_spread_min"": 0.0, ""max_hold_bars"": 192, ""momentum_lookback"": 0, ""momentum_threshold"": 0.0, ""role"": ""child"", ""round_name"": ""R3_breakout_quality"", ""rvol_min"": 0.0, ""slow_slope_atr_min"": 0.0, ""stop_atr"": 4.0, ""take_profit_atr"": 0.0}",True,False,False,train_top3_trade_concentration,2020-01-01T00:00:00+00:00,2022-01-01T00:00:00+00:00,32.25997073538161,14.982343191533154,-12.763421965211318,1.1708163906835993,24,0.2916666666666667,2.5449975108179435,24,0,0.3299020756740897,0.7605520737881415,2022-01-01T00:00:00+00:00,2024-01-01T00:00:00+00:00,18.58317065033852,8.895900129590984,-7.5050580993004985,0.8392243989573277,40,0.325,1.5951414035149505,40,0,0.19904379703028272,0.529700552228679,,,,,,,,,,,,,,,,,,,,,,,,,,
iter-8d0ba7926b79,R3_breakout_quality,"{""atr_cap"": 0.0035, ""atr_floor"": 0.0, ""body_atr_min"": 1.0, ""close_location_min"": 0.8, ""cooldown_bars"": 0, ""ema_spread_min"": 0.0, ""max_hold_bars"": 192, ""momentum_lookback"": 0, ""momentum_threshold"": 0.0, ""role"": ""child"", ""round_name"": ""R3_breakout_quality"", ""rvol_min"": 0.0, ""slow_slope_atr_min"": 0.0, ""stop_atr"": 4.0, ""take_profit_atr"": 0.0}",True,False,False,validation_return|train_sample|validation_pf|train_top_trade_concentration|train_top3_trade_concentration|validation_top_trade_concentration|validation_top3_trade_concentration,2020-01-01T00:00:00+00:00,2022-01-01T00:00:00+00:00,18.34497966800166,8.773946463190718,-9.973808715844513,0.9853660864430133,15,0.3333333333333333,2.6109857828010004,15,0,0.3742836787679677,0.9187202136166411,2022-01-01T00:00:00+00:00,2024-01-01T00:00:00+00:00,-6.813427779401582,-3.466807666689886,-14.339610080535635,-0.404884765112288,30,0.16666666666666666,0.7764236464622157,30,0,0.44898278712345435,0.8826526945414658,,,,,,,,,,,,,,,,,,,,,,,,,,
iter-bea13bf84894,R3_breakout_quality,"{""atr_cap"": 0.0035, ""atr_floor"": 0.0, ""body_atr_min"": 1.0, ""close_location_min"": 0.9, ""cooldown_bars"": 0, ""ema_spread_min"": 0.0, ""max_hold_bars"": 192, ""momentum_lookback"": 0, ""momentum_threshold"": 0.0, ""role"": ""child"", ""round_name"": ""R3_breakout_quality"", ""rvol_min"": 0.0, ""slow_slope_atr_min"": 0.0, ""stop_atr"": 4.0, ""take_profit_atr"": 0.0}",True,False,False,train_sample|validation_sample|train_top_trade_concentration|train_top3_trade_concentration|validation_top_trade_concentration|validation_top3_trade_concentration,2020-01-01T00:00:00+00:00,2022-01-01T00:00:00+00:00,10.834764226500049,5.270683503575135,-11.795886650823828,0.6927143730964094,9,0.4444444444444444,2.772592856115586,9,0,0.5935259658734396,0.9427336397894168,2022-01-01T00:00:00+00:00,2024-01-01T00:00:00+00:00,1.8577165468263157,0.924583995588657,-8.953876838193231,0.1805281248333983,14,0.14285714285714285,1.1851315957681383,14,0,0.5795360684084606,1.0,,,,,,,,,,,,,,,,,,,,,,,,,,
iter-14b04f09642b,R3_breakout_quality,"{""atr_cap"": 0.0035, ""atr_floor"": 0.0, ""body_atr_min"": 1.5, ""close_location_min"": 0.0, ""cooldown_bars"": 0, ""ema_spread_min"": 0.0, ""max_hold_bars"": 192, ""momentum_lookback"": 0, ""momentum_threshold"": 0.0, ""role"": ""child"", ""round_name"": ""R3_breakout_quality"", ""rvol_min"": 0.0, ""slow_slope_atr_min"": 0.0, ""stop_atr"": 4.0, ""take_profit_atr"": 0.0}",True,True,True,,2020-01-01T00:00:00+00:00,2022-01-01T00:00:00+00:00,43.51732257227656,19.769114908070605,-13.690575002099049,1.4644039719126605,25,0.36,3.052635137632028,25,0,0.28737954888543954,0.662521178208785,2022-01-01T00:00:00+00:00,2024-01-01T00:00:00+00:00,22.265834631598835,10.573882373550969,-8.240669224943787,0.8569620610541421,48,0.3125,1.594708296934719,48,0,0.16925604498532174,0.4388322293970175,2020-01-01T00:00:00+00:00,2022-01-01T00:00:00+00:00,34.65146735248139,16.015807065338894,-15.294770928773815,1.207613090737615,25.0,0.32,2.41668250519253,25.0,0.0,0.2947713857048781,0.676056234916077,2022-01-01T00:00:00+00:00,2024-01-01T00:00:00+00:00,6.507240610736886,3.202345230492165,-9.901267611640375,0.308066385547295,49.0,0.30612244897959184,1.1791353753269245,49.0,0.0,0.1813663834131103,0.46809598755888043
iter-7338ef39b936,R3_breakout_quality,"{""atr_cap"": 0.0035, ""atr_floor"": 0.0, ""body_atr_min"": 1.5, ""close_location_min"": 0.7, ""cooldown_bars"": 0, ""ema_spread_min"": 0.0, ""max_hold_bars"": 192, ""momentum_lookback"": 0, ""momentum_threshold"": 0.0, ""role"": ""child"", ""round_name"": ""R3_breakout_quality"", ""rvol_min"": 0.0, ""slow_slope_atr_min"": 0.0, ""stop_atr"": 4.0, ""take_profit_atr"": 0.0}",True,False,False,train_top3_trade_concentration,2020-01-01T00:00:00+00:00,2022-01-01T00:00:00+00:00,34.97046065717375,16.152960217378286,-13.710437493937777,1.2615704214999464,21,0.3333333333333333,2.9538736997379624,21,0,0.33815445854730025,0.7795770129161829,2022-01-01T00:00:00+00:00,2024-01-01T00:00:00+00:00,10.882318231913747,5.300673422307112,-8.857932967714955,0.5910667633053635,34,0.3235294117647059,1.4341379116865287,34,0,0.2626250466658521,0.5865089347428488,,,,,,,,,,,,,,,,,,,,,,,,,,
iter-af369022f193,R3_breakout_quality,"{""atr_cap"": 0.0035, ""atr_floor"": 0.0, ""body_atr_min"": 1.5, ""close_location_min"": 0.8, ""cooldown_bars"": 0, ""ema_spread_min"": 0.0, ""max_hold_bars"": 192, ""momentum_lookback"": 0, ""momentum_threshold"": 0.0, ""role"": ""child"", ""round_name"": ""R3_breakout_quality"", ""rvol_min"": 0.0, ""slow_slope_atr_min"": 0.0, ""stop_atr"": 4.0, ""take_profit_atr"": 0.0}",True,False,False,validation_return|train_sample|validation_pf|train_top_trade_concentration|train_top3_trade_concentration|validation_top_trade_concentration|validation_top3_trade_concentration,2020-01-01T00:00:00+00:00,2022-01-01T00:00:00+00:00,20.074788423633127,9.564931214980522,-10.304599823839633,1.0835851978499558,13,0.38461538461538464,2.993403410425609,13,0,0.3742836787679677,0.9187202136166411,2022-01-01T00:00:00+00:00,2024-01-01T00:00:00+00:00,-12.63743925521047,-6.532058573653432,-15.792051898900027,-1.0711575597709644,24,0.125,0.4198856079444451,24,0,0.7351629394227583,1.0,,,,,,,,,,,,,,,,,,,,,,,,,,
iter-5f8de647313c,R3_breakout_quality,"{""atr_cap"": 0.0035, ""atr_floor"": 0.0, ""body_atr_min"": 1.5, ""close_location_min"": 0.9, ""cooldown_bars"": 0, ""ema_spread_min"": 0.0, ""max_hold_bars"": 192, ""momentum_lookback"": 0, ""momentum_threshold"": 0.0, ""role"": ""child"", ""round_name"": ""R3_breakout_quality"", ""rvol_min"": 0.0, ""slow_slope_atr_min"": 0.0, ""stop_atr"": 4.0, ""take_profit_atr"": 0.0}",True,False,False,validation_return|train_sample|validation_sample|validation_pf|train_top_trade_concentration|train_top3_trade_concentration|validation_top_trade_concentration|validation_top3_trade_concentration,2020-01-01T00:00:00+00:00,2022-01-01T00:00:00+00:00,3.2096971402495234,1.5899781877820374,-4.3478558599084565,0.3989430955737311,6,0.5,1.9038769260989767,6,0,0.6553003042742249,1.0,2022-01-01T00:00:00+00:00,2024-01-01T00:00:00+00:00,-6.126174401876727,-3.111494181134533,-10.898179056266732,-0.642446823863513,12,0.08333333333333333,0.5374312417425855,12,0,1.0,1.0,,,,,,,,,,,,,,,,,,,,,,,,,,
iter-7e27324424af,R3_breakout_quality,"{""atr_cap"": 0.0035, ""atr_floor"": 0.0, ""body_atr_min"": 2.0, ""close_location_min"": 0.0, ""cooldown_bars"": 0, ""ema_spread_min"": 0.0, ""max_hold_bars"": 192, ""momentum_lookback"": 0, ""momentum_threshold"": 0.0, ""role"": ""child"", ""round_name"": ""R3_breakout_quality"", ""rvol_min"": 0.0, ""slow_slope_atr_min"": 0.0, ""stop_atr"": 4.0, ""take_profit_atr"": 0.0}",True,True,True,,2020-01-01T00:00:00+00:00,2022-01-01T00:00:00+00:00,44.26441571974353,20.080018611411866,-11.648653525976204,1.6493307730246383,23,0.34782608695652173,3.2586479804826505,23,0,0.2931112244403252,0.6586467166851413,2022-01-01T00:00:00+00:00,2024-01-01T00:00:00+00:00,31.598024678388747,14.71618224051423,-8.240669224943787,1.1902569573488233,39,0.358974358974359,2.0921169159288535,39,0,0.17843674115710417,0.4626351332686596,2020-01-01T00:00:00+00:00,2022-01-01T00:00:00+00:00,36.060153062051306,16.620260275238753,-12.836064115260493,1.384221731931857,23.0,0.34782608695652173,2.589159932239534,23.0,0.0,0.3000155013114579,0.6702931295520047,2022-01-01T00:00:00+00:00,2024-01-01T00:00:00+00:00,17.914554516357395,8.588468317937604,-9.901267611640375,0.7303011949463288,40.0,0.35,1.5381885176332306,40.0,0.0,0.1865109098969332,0.48137370837819426
iter-2a43d92de6e4,R3_breakout_quality,"{""atr_cap"": 0.0035, ""atr_floor"": 0.0, ""body_atr_min"": 2.0, ""close_location_min"": 0.7, ""cooldown_bars"": 0, ""ema_spread_min"": 0.0, ""max_hold_bars"": 192, ""momentum_lookback"": 0, ""momentum_threshold"": 0.0, ""role"": ""child"", ""round_name"": ""R3_breakout_quality"", ""rvol_min"": 0.0, ""slow_slope_atr_min"": 0.0, ""stop_atr"": 4.0, ""take_profit_atr"": 0.0}",True,False,False,train_sample|train_top_trade_concentration|train_top3_trade_concentration,2020-01-01T00:00:00+00:00,2022-01-01T00:00:00+00:00,35.97954830151935,16.58575832422402,-9.423352054847001,1.436603441306953,18,0.3888888888888889,3.571184770516299,18,0,0.36322156984036963,0.763237238564197,2022-01-01T00:00:00+00:00,2024-01-01T00:00:00+00:00,10.678391115620855,5.203797990196568,-8.74625549304886,0.6416728068014664,26,0.34615384615384615,1.5978328923985134,26,0,0.33739836753788305,0.6651309946717913,,,,,,,,,,,,,,,,,,,,,,,,,,
iter-4390014f72ae,R3_breakout_quality,"{""atr_cap"": 0.0035, ""atr_floor"": 0.0, ""body_atr_min"": 2.0, ""close_location_min"": 0.8, ""cooldown_bars"": 0, ""ema_spread_min"": 0.0, ""max_hold_bars"": 192, ""momentum_lookback"": 0, ""momentum_threshold"": 0.0, ""role"": ""child"", ""round_name"": ""R3_breakout_quality"", ""rvol_min"": 0.0, ""slow_slope_atr_min"": 0.0, ""stop_atr"": 4.0, ""take_profit_atr"": 0.0}",True,False,False,validation_return|train_sample|validation_pf|train_top_trade_concentration|train_top3_trade_concentration|validation_top_trade_concentration|validation_top3_trade_concentration,2020-01-01T00:00:00+00:00,2022-01-01T00:00:00+00:00,18.981274598219567,9.065572042970826,-9.423352054847001,1.0430592813114494,11,0.45454545454545453,3.4082774796682997,11,0,0.42325328764177467,0.9080859285159885,2022-01-01T00:00:00+00:00,2024-01-01T00:00:00+00:00,-8.530836743033232,-4.3604876335273435,-14.522681732804843,-0.7694499845245086,20,0.15,0.5259209110924705,20,0,0.7351629394227583,1.0,,,,,,,,,,,,,,,,,,,,,,,,,,
iter-572308de0331,R3_breakout_quality,"{""atr_cap"": 0.0035, ""atr_floor"": 0.0, ""body_atr_min"": 2.0, ""close_location_min"": 0.9, ""cooldown_bars"": 0, ""ema_spread_min"": 0.0, ""max_hold_bars"": 192, ""momentum_lookback"": 0, ""momentum_threshold"": 0.0, ""role"": ""child"", ""round_name"": ""R3_breakout_quality"", ""rvol_min"": 0.0, ""slow_slope_atr_min"": 0.0, ""stop_atr"": 4.0, ""take_profit_atr"": 0.0}",True,False,False,validation_return|train_sample|validation_sample|validation_pf|train_top_trade_concentration|train_top3_trade_concentration|validation_top_trade_concentration|validation_top3_trade_concentration,2020-01-01T00:00:00+00:00,2022-01-01T00:00:00+00:00,4.356054392875119,2.1518318929340863,-4.3478558599084565,0.5349559082120626,5,0.6,2.724345151926409,5,0,0.6553003042742249,1.0,2022-01-01T00:00:00+00:00,2024-01-01T00:00:00+00:00,-2.2031474344310964,-1.1077088112683597,-10.005619180812808,-0.22647959937109743,9,0.1111111111111111,0.7822057481209553,9,0,1.0,1.0,,,,,,,,,,,,,,,,,,,,,,,,,,
iter-fa8786378737,R3_breakout_quality,"{""atr_cap"": 0.0035, ""atr_floor"": 0.0, ""body_atr_min"": 2.5, ""close_location_min"": 0.0, ""cooldown_bars"": 0, ""ema_spread_min"": 0.0, ""max_hold_bars"": 192, ""momentum_lookback"": 0, ""momentum_threshold"": 0.0, ""role"": ""child"", ""round_name"": ""R3_breakout_quality"", ""rvol_min"": 0.0, ""slow_slope_atr_min"": 0.0, ""stop_atr"": 4.0, ""take_profit_atr"": 0.0}",True,False,False,train_top3_trade_concentration,2020-01-01T00:00:00+00:00,2022-01-01T00:00:00+00:00,22.89446053735704,10.842143101559065,-12.336746722157056,1.13410294334259,20,0.35,2.5037764001154845,20,0,0.29958574637484153,0.7501020825820344,2022-01-01T00:00:00+00:00,2024-01-01T00:00:00+00:00,30.987802327326474,14.449902720503216,-7.028496492675695,1.2050993644877341,33,0.3939393939393939,2.2628903016579525,33,0,0.19473457783225662,0.5048907348522005,,,,,,,,,,,,,,,,,,,,,,,,,,
iter-d23be6a1a8ca,R3_breakout_quality,"{""atr_cap"": 0.0035, ""atr_floor"": 0.0, ""body_atr_min"": 2.5, ""close_location_min"": 0.7, ""cooldown_bars"": 0, ""ema_spread_min"": 0.0, ""max_hold_bars"": 192, ""momentum_lookback"": 0, ""momentum_threshold"": 0.0, ""role"": ""child"", ""round_name"": ""R3_breakout_quality"", ""rvol_min"": 0.0, ""slow_slope_atr_min"": 0.0, ""stop_atr"": 4.0, ""take_profit_atr"": 0.0}",True,False,False,train_sample|train_top_trade_concentration|train_top3_trade_concentration|validation_top_trade_concentration|validation_top3_trade_concentration,2020-01-01T00:00:00+00:00,2022-01-01T00:00:00+00:00,16.457898246445236,7.904415055973857,-9.423352054847022,0.8917549452396909,16,0.375,2.441921194303615,16,0,0.399646566830082,0.8316267083362724,2022-01-01T00:00:00+00:00,2024-01-01T00:00:00+00:00,11.028991739778604,5.370295501046507,-7.540761731549528,0.6841361990073387,23,0.34782608695652173,1.6968866814255648,23,0,0.3610298241786856,0.7117169173475301,,,,,,,,,,,,,,,,,,,,,,,,,,
iter-4fae3cd56dc1,R3_breakout_quality,"{""atr_cap"": 0.0035, ""atr_floor"": 0.0, ""body_atr_min"": 2.5, ""close_location_min"": 0.8, ""cooldown_bars"": 0, ""ema_spread_min"": 0.0, ""max_hold_bars"": 192, ""momentum_lookback"": 0, ""momentum_threshold"": 0.0, ""role"": ""child"", ""round_name"": ""R3_breakout_quality"", ""rvol_min"": 0.0, ""slow_slope_atr_min"": 0.0, ""stop_atr"": 4.0, ""take_profit_atr"": 0.0}",True,False,False,validation_return|train_sample|validation_sample|validation_pf|train_top_trade_concentration|train_top3_trade_concentration|validation_top_trade_concentration|validation_top3_trade_concentration,2020-01-01T00:00:00+00:00,2022-01-01T00:00:00+00:00,16.572009162944788,7.957194699887471,-9.423352054847012,0.9574075157569851,10,0.4,3.1454977331248823,10,0,0.46090097960598514,0.9590913480852088,2022-01-01T00:00:00+00:00,2024-01-01T00:00:00+00:00,-7.13146744809171,-3.63167919284455,-13.214980532335552,-0.7313514406587954,16,0.125,0.5162837294724371,16,0,0.923789891939749,1.0,,,,,,,,,,,,,,,,,,,,,,,,,,
iter-4cbc49d27528,R3_breakout_quality,"{""atr_cap"": 0.0035, ""atr_floor"": 0.0, ""body_atr_min"": 2.5, ""close_location_min"": 0.9, ""cooldown_bars"": 0, ""ema_spread_min"": 0.0, ""max_hold_bars"": 192, ""momentum_lookback"": 0, ""momentum_threshold"": 0.0, ""role"": ""child"", ""round_name"": ""R3_breakout_quality"", ""rvol_min"": 0.0, ""slow_slope_atr_min"": 0.0, ""stop_atr"": 4.0, ""take_profit_atr"": 0.0}",True,False,False,train_sample|validation_sample|train_top_trade_concentration|train_top3_trade_concentration|validation_top_trade_concentration|validation_top3_trade_concentration,2020-01-01T00:00:00+00:00,2022-01-01T00:00:00+00:00,2.9391455293268365,1.45692010620595,-4.311118792837087,0.4336781726180233,4,0.5,2.201857933986462,4,0,0.8230493106602633,1.0,2022-01-01T00:00:00+00:00,2024-01-01T00:00:00+00:00,0.08272374233062596,0.04135332067964903,-7.902120389303402,0.030532322343562433,7,0.14285714285714285,1.0532830167182368,7,0,1.0,1.0,,,,,,,,,,,,,,,,,,,,,,,,,,
iter-e4bc5d4b0ec0,R3_breakout_quality,"{""atr_cap"": 0.0035, ""atr_floor"": 0.0, ""body_atr_min"": -100.0, ""close_location_min"": 0.0, ""cooldown_bars"": 0, ""ema_spread_min"": 0.0, ""max_hold_bars"": 192, ""momentum_lookback"": 0, ""momentum_threshold"": 0.0, ""role"": ""child"", ""round_name"": ""R3_breakout_quality"", ""rvol_min"": 3.0, ""slow_slope_atr_min"": 0.0, ""stop_atr"": 4.0, ""take_profit_atr"": 0.0}",True,True,True,,2020-01-01T00:00:00+00:00,2022-01-01T00:00:00+00:00,30.236950202321378,14.100784718757975,-13.677238709126216,1.0621494017373445,33,0.2727272727272727,2.0492241019611286,33,0,0.2909448081290611,0.6707404817878492,2022-01-01T00:00:00+00:00,2024-01-01T00:00:00+00:00,27.421999117354765,12.881353250815852,-9.680067053311825,0.9906159943426185,53,0.3018867924528302,1.6438282567290972,53,0,0.16086956709322303,0.45847759758095963,2020-01-01T00:00:00+00:00,2022-01-01T00:00:00+00:00,17.93399487095979,8.585167172342235,-16.972799046498388,0.6841889956393618,33.0,0.24242424242424243,1.54677962902658,33.0,0.0,0.2985886875302003,0.6848111915527072,2022-01-01T00:00:00+00:00,2024-01-01T00:00:00+00:00,6.5475561467025045,3.221875659524076,-12.307606815072026,0.30367221033040764,55.0,0.2909090909090909,1.1656716482560308,55.0,0.0,0.1748859363648623,0.49773663149354996
iter-524b11406ef5,R3_breakout_quality,"{""atr_cap"": 0.0035, ""atr_floor"": 0.0, ""body_atr_min"": -100.0, ""close_location_min"": 0.7, ""cooldown_bars"": 0, ""ema_spread_min"": 0.0, ""max_hold_bars"": 192, ""momentum_lookback"": 0, ""momentum_threshold"": 0.0, ""role"": ""child"", ""round_name"": ""R3_breakout_quality"", ""rvol_min"": 3.0, ""slow_slope_atr_min"": 0.0, ""stop_atr"": 4.0, ""take_profit_atr"": 0.0}",True,False,False,train_top3_trade_concentration,2020-01-01T00:00:00+00:00,2022-01-01T00:00:00+00:00,29.833974369155335,13.924365579304387,-12.768817082295335,1.1000495127065557,24,0.2916666666666667,2.446335266301136,24,0,0.34310169451181305,0.790982308153084,2022-01-01T00:00:00+00:00,2024-01-01T00:00:00+00:00,23.3809987619614,11.076999762309669,-7.487699499637246,1.0435526261391073,37,0.35135135135135137,1.8232171990076573,37,0,0.19904379703028272,0.529700552228679,,,,,,,,,,,,,,,,,,,,,,,,,,
iter-5fef566a8fbf,R3_breakout_quality,"{""atr_cap"": 0.0035, ""atr_floor"": 0.0, ""body_atr_min"": -100.0, ""close_location_min"": 0.8, ""cooldown_bars"": 0, ""ema_spread_min"": 0.0, ""max_hold_bars"": 192, ""momentum_lookback"": 0, ""momentum_threshold"": 0.0, ""role"": ""child"", ""round_name"": ""R3_breakout_quality"", ""rvol_min"": 3.0, ""slow_slope_atr_min"": 0.0, ""stop_atr"": 4.0, ""take_profit_atr"": 0.0}",True,False,False,validation_return|train_sample|validation_pf|train_top_trade_concentration|train_top3_trade_concentration|validation_top_trade_concentration|validation_top3_trade_concentration,2020-01-01T00:00:00+00:00,2022-01-01T00:00:00+00:00,18.836912118782443,8.999476700158926,-9.979376355629865,1.0161358462749142,14,0.35714285714285715,2.819723702272603,14,0,0.38355542483345767,0.9167067527516511,2022-01-01T00:00:00+00:00,2024-01-01T00:00:00+00:00,-5.2193168236831955,-2.6446287170980964,-12.279050797753344,-0.33406891877001504,26,0.15384615384615385,0.8084498425672315,26,0,0.5033014726877832,0.9698757773113528,,,,,,,,,,,,,,,,,,,,,,,,,,
iter-dc9690d89306,R3_breakout_quality,"{""atr_cap"": 0.0035, ""atr_floor"": 0.0, ""body_atr_min"": -100.0, ""close_location_min"": 0.9, ""cooldown_bars"": 0, ""ema_spread_min"": 0.0, ""max_hold_bars"": 192, ""momentum_lookback"": 0, ""momentum_threshold"": 0.0, ""role"": ""child"", ""round_name"": ""R3_breakout_quality"", ""rvol_min"": 3.0, ""slow_slope_atr_min"": 0.0, ""stop_atr"": 4.0, ""take_profit_atr"": 0.0}",True,False,False,train_sample|validation_sample|train_top_trade_concentration|train_top3_trade_concentration|validation_top_trade_concentration|validation_top3_trade_concentration,2020-01-01T00:00:00+00:00,2022-01-01T00:00:00+00:00,12.06025961239494,5.850274229229546,-10.820617431994018,0.7642368509129068,8,0.5,3.370831466152997,8,0,0.5935259658734396,0.9427336397894168,2022-01-01T00:00:00+00:00,2024-01-01T00:00:00+00:00,4.543609308064767,2.2465692862429387,-8.953876838193198,0.4016083418307228,12,0.16666666666666666,1.453249685249981,12,0,0.5795360684084606,1.0,,,,,,,,,,,,,,,,,,,,,,,,,,
iter-8241eca1db68,R3_breakout_quality,"{""atr_cap"": 0.0035, ""atr_floor"": 0.0, ""body_atr_min"": 1.0, ""close_location_min"": 0.0, ""cooldown_bars"": 0, ""ema_spread_min"": 0.0, ""max_hold_bars"": 192, ""momentum_lookback"": 0, ""momentum_threshold"": 0.0, ""role"": ""child"", ""round_name"": ""R3_breakout_quality"", ""rvol_min"": 3.0, ""slow_slope_atr_min"": 0.0, ""stop_atr"": 4.0, ""take_profit_atr"": 0.0}",True,True,True,,2020-01-01T00:00:00+00:00,2022-01-01T00:00:00+00:00,33.601277359691764,15.563118120843411,-13.690575002099036,1.1683179938010715,31,0.2903225806451613,2.2530540301410826,31,0,0.2909448081290611,0.6707404817878492,2022-01-01T00:00:00+00:00,2024-01-01T00:00:00+00:00,28.647147699805807,13.422725985494544,-9.680067053311825,1.0338825640136862,52,0.3076923076923077,1.6823933169879977,52,0,0.16086956709322303,0.45847759758095963,2020-01-01T00:00:00+00:00,2022-01-01T00:00:00+00:00,21.566011344579692,10.242251077092646,-15.963832151764413,0.8044548605261833,31.0,0.25806451612903225,1.690153889908496,31.0,0.0,0.2985886875302003,0.6848111915527072,2022-01-01T00:00:00+00:00,2024-01-01T00:00:00+00:00,7.830755430754999,3.8415886968005797,-12.307606815072026,0.3498933364179027,54.0,0.2962962962962963,1.1927491199590745,54.0,0.0,0.1748859363648623,0.49773663149354996
iter-09c3c68fa7a8,R3_breakout_quality,"{""atr_cap"": 0.0035, ""atr_floor"": 0.0, ""body_atr_min"": 1.0, ""close_location_min"": 0.7, ""cooldown_bars"": 0, ""ema_spread_min"": 0.0, ""max_hold_bars"": 192, ""momentum_lookback"": 0, ""momentum_threshold"": 0.0, ""role"": ""child"", ""round_name"": ""R3_breakout_quality"", ""rvol_min"": 3.0, ""slow_slope_atr_min"": 0.0, ""stop_atr"": 4.0, ""take_profit_atr"": 0.0}",True,False,False,train_top3_trade_concentration,2020-01-01T00:00:00+00:00,2022-01-01T00:00:00+00:00,29.833974369155335,13.924365579304387,-12.768817082295335,1.1000495127065557,24,0.2916666666666667,2.446335266301136,24,0,0.34310169451181305,0.790982308153084,2022-01-01T00:00:00+00:00,2024-01-01T00:00:00+00:00,23.37852593922234,11.07588664477197,-7.505058099300421,1.0566487516177372,37,0.35135135135135137,1.8230890597430565,37,0,0.19904379703028272,0.529700552228679,,,,,,,,,,,,,,,,,,,,,,,,,,
iter-09337f28b507,R3_breakout_quality,"{""atr_cap"": 0.0035, ""atr_floor"": 0.0, ""body_atr_min"": 1.0, ""close_location_min"": 0.8, ""cooldown_bars"": 0, ""ema_spread_min"": 0.0, ""max_hold_bars"": 192, ""momentum_lookback"": 0, ""momentum_threshold"": 0.0, ""role"": ""child"", ""round_name"": ""R3_breakout_quality"", ""rvol_min"": 3.0, ""slow_slope_atr_min"": 0.0, ""stop_atr"": 4.0, ""take_profit_atr"": 0.0}",True,False,False,validation_return|train_sample|validation_pf|train_top_trade_concentration|train_top3_trade_concentration|validation_top_trade_concentration|validation_top3_trade_concentration,2020-01-01T00:00:00+00:00,2022-01-01T00:00:00+00:00,18.836912118782443,8.999476700158926,-9.979376355629865,1.0161358462749142,14,0.35714285714285715,2.819723702272603,14,0,0.38355542483345767,0.9167067527516511,2022-01-01T00:00:00+00:00,2024-01-01T00:00:00+00:00,-5.237101052657733,-2.6537628116308443,-12.295510369410756,-0.3384859144213474,26,0.15384615384615385,0.8078175615956555,26,0,0.5033014726877832,0.9698757773113528,,,,,,,,,,,,,,,,,,,,,,,,,,
iter-d2e668f7e1ac,R3_breakout_quality,"{""atr_cap"": 0.0035, ""atr_floor"": 0.0, ""body_atr_min"": 1.0, ""close_location_min"": 0.9, ""cooldown_bars"": 0, ""ema_spread_min"": 0.0, ""max_hold_bars"": 192, ""momentum_lookback"": 0, ""momentum_threshold"": 0.0, ""role"": ""child"", ""round_name"": ""R3_breakout_quality"", ""rvol_min"": 3.0, ""slow_slope_atr_min"": 0.0, ""stop_atr"": 4.0, ""take_profit_atr"": 0.0}",True,False,False,train_sample|validation_sample|train_top_trade_concentration|train_top3_trade_concentration|validation_top_trade_concentration|validation_top3_trade_concentration,2020-01-01T00:00:00+00:00,2022-01-01T00:00:00+00:00,12.06025961239494,5.850274229229546,-10.820617431994018,0.7642368509129068,8,0.5,3.370831466152997,8,0,0.5935259658734396,0.9427336397894168,2022-01-01T00:00:00+00:00,2024-01-01T00:00:00+00:00,4.543609308064767,2.2465692862429387,-8.953876838193198,0.4016083418307228,12,0.16666666666666666,1.453249685249981,12,0,0.5795360684084606,1.0,,,,,,,,,,,,,,,,,,,,,,,,,,
iter-e9651984b92f,R3_breakout_quality,"{""atr_cap"": 0.0035, ""atr_floor"": 0.0, ""body_atr_min"": 1.5, ""close_location_min"": 0.0, ""cooldown_bars"": 0, ""ema_spread_min"": 0.0, ""max_hold_bars"": 192, ""momentum_lookback"": 0, ""momentum_threshold"": 0.0, ""role"": ""child"", ""round_name"": ""R3_breakout_quality"", ""rvol_min"": 3.0, ""slow_slope_atr_min"": 0.0, ""stop_atr"": 4.0, ""take_profit_atr"": 0.0}",True,True,True,,2020-01-01T00:00:00+00:00,2022-01-01T00:00:00+00:00,42.54667117804436,19.36396431408669,-13.690575002099049,1.4395430606374702,25,0.36,3.015227920394391,25,0,0.2909448081290611,0.6707404817878492,2022-01-01T00:00:00+00:00,2024-01-01T00:00:00+00:00,24.245267979609064,11.465361426592558,-8.240669224943787,0.9244123562703362,47,0.3191489361702128,1.6663984248569559,47,0,0.16925604498532174,0.4388322293970175,2020-01-01T00:00:00+00:00,2022-01-01T00:00:00+00:00,33.73990493170809,15.622975951989982,-15.294770928773815,1.1825543182107825,25.0,0.32,2.385786470200036,25.0,0.0,0.2985886875302003,0.6848111915527072,2022-01-01T00:00:00+00:00,2024-01-01T00:00:00+00:00,8.49333078113248,4.160131903301889,-9.901267611640375,0.3807313075245498,48.0,0.3125,1.228740531552561,48.0,0.0,0.1813663834131103,0.46809598755888043
iter-28b88a46ba00,R3_breakout_quality,"{""atr_cap"": 0.0035, ""atr_floor"": 0.0, ""body_atr_min"": 1.5, ""close_location_min"": 0.7, ""cooldown_bars"": 0, ""ema_spread_min"": 0.0, ""max_hold_bars"": 192, ""momentum_lookback"": 0, ""momentum_threshold"": 0.0, ""role"": ""child"", ""round_name"": ""R3_breakout_quality"", ""rvol_min"": 3.0, ""slow_slope_atr_min"": 0.0, ""stop_atr"": 4.0, ""take_profit_atr"": 0.0}",True,False,False,train_top3_trade_concentration,2020-01-01T00:00:00+00:00,2022-01-01T00:00:00+00:00,34.05761429501373,15.760042219602454,-13.710437493937777,1.2357314213098989,21,0.3333333333333333,2.911281341741115,21,0,0.34310169451181305,0.790982308153084,2022-01-01T00:00:00+00:00,2024-01-01T00:00:00+00:00,12.677457152563608,6.149638319008699,-8.857932967714955,0.6808595878384404,33,0.3333333333333333,1.5257304151835602,33,0,0.2626250466658521,0.5865089347428488,,,,,,,,,,,,,,,,,,,,,,,,,,
iter-533a9add2b9e,R3_breakout_quality,"{""atr_cap"": 0.0035, ""atr_floor"": 0.0, ""body_atr_min"": 1.5, ""close_location_min"": 0.8, ""cooldown_bars"": 0, ""ema_spread_min"": 0.0, ""max_hold_bars"": 192, ""momentum_lookback"": 0, ""momentum_threshold"": 0.0, ""role"": ""child"", ""round_name"": ""R3_breakout_quality"", ""rvol_min"": 3.0, ""slow_slope_atr_min"": 0.0, ""stop_atr"": 4.0, ""take_profit_atr"": 0.0}",True,False,False,validation_return|train_sample|validation_pf|train_top_trade_concentration|train_top3_trade_concentration|validation_top_trade_concentration|validation_top3_trade_concentration,2020-01-01T00:00:00+00:00,2022-01-01T00:00:00+00:00,19.26268603273995,9.194298961451498,-10.304599823839633,1.0472778851727143,13,0.38461538461538464,2.921043395428848,13,0,0.38355542483345767,0.9167067527516511,2022-01-01T00:00:00+00:00,2024-01-01T00:00:00+00:00,-11.223075490984357,-5.778492630920173,-15.79205189890004,-0.9624077656825705,23,0.13043478260869565,0.45170304398196726,23,0,0.7351629394227583,1.0,,,,,,,,,,,,,,,,,,,,,,,,,,
iter-7ac610b07115,R3_breakout_quality,"{""atr_cap"": 0.0035, ""atr_floor"": 0.0, ""body_atr_min"": 1.5, ""close_location_min"": 0.9, ""cooldown_bars"": 0, ""ema_spread_min"": 0.0, ""max_hold_bars"": 192, ""momentum_lookback"": 0, ""momentum_threshold"": 0.0, ""role"": ""child"", ""round_name"": ""R3_breakout_quality"", ""rvol_min"": 3.0, ""slow_slope_atr_min"": 0.0, ""stop_atr"": 4.0, ""take_profit_atr"": 0.0}",True,False,False,validation_return|train_sample|validation_sample|validation_pf|train_top_trade_concentration|train_top3_trade_concentration|validation_top_trade_concentration|validation_top3_trade_concentration,2020-01-01T00:00:00+00:00,2022-01-01T00:00:00+00:00,3.2096971402495234,1.5899781877820374,-4.3478558599084565,0.3989430955737311,6,0.5,1.9038769260989767,6,0,0.6553003042742249,1.0,2022-01-01T00:00:00+00:00,2024-01-01T00:00:00+00:00,-3.6508093810258213,-1.8423764453447178,-10.005619180812786,-0.38796909560232773,10,0.1,0.6709351612847243,10,0,1.0,1.0,,,,,,,,,,,,,,,,,,,,,,,,,,
iter-8b4cdcba3293,R3_breakout_quality,"{""atr_cap"": 0.0035, ""atr_floor"": 0.0, ""body_atr_min"": 2.0, ""close_location_min"": 0.0, ""cooldown_bars"": 0, ""ema_spread_min"": 0.0, ""max_hold_bars"": 192, ""momentum_lookback"": 0, ""momentum_threshold"": 0.0, ""role"": ""child"", ""round_name"": ""R3_breakout_quality"", ""rvol_min"": 3.0, ""slow_slope_atr_min"": 0.0, ""stop_atr"": 4.0, ""take_profit_atr"": 0.0}",True,True,True,,2020-01-01T00:00:00+00:00,2022-01-01T00:00:00+00:00,43.28871150685356,19.673816303718827,-11.648653525976204,1.6219237722708124,23,0.34782608695652173,3.2179198437874237,23,0,0.29682103531052395,0.6669829881938317,2022-01-01T00:00:00+00:00,2024-01-01T00:00:00+00:00,31.598024678388747,14.71618224051423,-8.240669224943787,1.1902569573488233,39,0.358974358974359,2.0921169159288535,39,0,0.17843674115710417,0.4626351332686596,2020-01-01T00:00:00+00:00,2022-01-01T00:00:00+00:00,35.13905413209044,16.22538247503378,-12.836064115260493,1.3564837607636442,23.0,0.34782608695652173,2.5554699796888203,23.0,0.0,0.30397074558511294,0.6791299164871526,2022-01-01T00:00:00+00:00,2024-01-01T00:00:00+00:00,17.914554516357395,8.588468317937604,-9.901267611640375,0.7303011949463288,40.0,0.35,1.5381885176332306,40.0,0.0,0.1865109098969332,0.48137370837819426
iter-eaeea7e54358,R3_breakout_quality,"{""atr_cap"": 0.0035, ""atr_floor"": 0.0, ""body_atr_min"": 2.0, ""close_location_min"": 0.7, ""cooldown_bars"": 0, ""ema_spread_min"": 0.0, ""max_hold_bars"": 192, ""momentum_lookback"": 0, ""momentum_threshold"": 0.0, ""role"": ""child"", ""round_name"": ""R3_breakout_quality"", ""rvol_min"": 3.0, ""slow_slope_atr_min"": 0.0, ""stop_atr"": 4.0, ""take_profit_atr"": 0.0}",True,False,False,train_sample|train_top_trade_concentration|train_top3_trade_concentration,2020-01-01T00:00:00+00:00,2022-01-01T00:00:00+00:00,35.0598771720676,16.19137627279632,-9.423352054847001,1.4080153349052298,18,0.3888888888888889,3.5158741416724597,18,0,0.3689356576114298,0.775244247325307,2022-01-01T00:00:00+00:00,2024-01-01T00:00:00+00:00,10.678391115620855,5.203797990196568,-8.74625549304886,0.6416728068014664,26,0.34615384615384615,1.5978328923985134,26,0,0.33739836753788305,0.6651309946717913,,,,,,,,,,,,,,,,,,,,,,,,,,
iter-57953223839b,R3_breakout_quality,"{""atr_cap"": 0.0035, ""atr_floor"": 0.0, ""body_atr_min"": 2.0, ""close_location_min"": 0.8, ""cooldown_bars"": 0, ""ema_spread_min"": 0.0, ""max_hold_bars"": 192, ""momentum_lookback"": 0, ""momentum_threshold"": 0.0, ""role"": ""child"", ""round_name"": ""R3_breakout_quality"", ""rvol_min"": 3.0, ""slow_slope_atr_min"": 0.0, ""stop_atr"": 4.0, ""take_profit_atr"": 0.0}",True,False,False,validation_return|train_sample|validation_pf|train_top_trade_concentration|train_top3_trade_concentration|validation_top_trade_concentration|validation_top3_trade_concentration,2020-01-01T00:00:00+00:00,2022-01-01T00:00:00+00:00,18.176567974612357,8.696629003437462,-9.423352054847001,1.0062425173602059,11,0.45454545454545453,3.315109260414258,11,0,0.435148447651697,0.9055027646767719,2022-01-01T00:00:00+00:00,2024-01-01T00:00:00+00:00,-8.530836743033232,-4.3604876335273435,-14.522681732804843,-0.7694499845245086,20,0.15,0.5259209110924705,20,0,0.7351629394227583,1.0,,,,,,,,,,,,,,,,,,,,,,,,,,
iter-c6b9e093eed5,R3_breakout_quality,"{""atr_cap"": 0.0035, ""atr_floor"": 0.0, ""body_atr_min"": 2.0, ""close_location_min"": 0.9, ""cooldown_bars"": 0, ""ema_spread_min"": 0.0, ""max_hold_bars"": 192, ""momentum_lookback"": 0, ""momentum_threshold"": 0.0, ""role"": ""child"", ""round_name"": ""R3_breakout_quality"", ""rvol_min"": 3.0, ""slow_slope_atr_min"": 0.0, ""stop_atr"": 4.0, ""take_profit_atr"": 0.0}",True,False,False,validation_return|train_sample|validation_sample|validation_pf|train_top_trade_concentration|train_top3_trade_concentration|validation_top_trade_concentration|validation_top3_trade_concentration,2020-01-01T00:00:00+00:00,2022-01-01T00:00:00+00:00,4.356054392875119,2.1518318929340863,-4.3478558599084565,0.5349559082120626,5,0.6,2.724345151926409,5,0,0.6553003042742249,1.0,2022-01-01T00:00:00+00:00,2024-01-01T00:00:00+00:00,-2.2031474344310964,-1.1077088112683597,-10.005619180812808,-0.22647959937109743,9,0.1111111111111111,0.7822057481209553,9,0,1.0,1.0,,,,,,,,,,,,,,,,,,,,,,,,,,
iter-ad2f86994f65,R3_breakout_quality,"{""atr_cap"": 0.0035, ""atr_floor"": 0.0, ""body_atr_min"": 2.5, ""close_location_min"": 0.0, ""cooldown_bars"": 0, ""ema_spread_min"": 0.0, ""max_hold_bars"": 192, ""momentum_lookback"": 0, ""momentum_threshold"": 0.0, ""role"": ""child"", ""round_name"": ""R3_breakout_quality"", ""rvol_min"": 3.0, ""slow_slope_atr_min"": 0.0, ""stop_atr"": 4.0, ""take_profit_atr"": 0.0}",True,False,False,train_top3_trade_concentration,2020-01-01T00:00:00+00:00,2022-01-01T00:00:00+00:00,22.89446053735704,10.842143101559065,-12.336746722157056,1.13410294334259,20,0.35,2.5037764001154845,20,0,0.29958574637484153,0.7501020825820344,2022-01-01T00:00:00+00:00,2024-01-01T00:00:00+00:00,33.2020689942206,15.413200715611652,-7.028496492675728,1.2819377607524698,32,0.40625,2.441842579030312,32,0,0.19473457783225662,0.5048907348522005,,,,,,,,,,,,,,,,,,,,,,,,,,
iter-c9b9c6f8c4a4,R3_breakout_quality,"{""atr_cap"": 0.0035, ""atr_floor"": 0.0, ""body_atr_min"": 2.5, ""close_location_min"": 0.7, ""cooldown_bars"": 0, ""ema_spread_min"": 0.0, ""max_hold_bars"": 192, ""momentum_lookback"": 0, ""momentum_threshold"": 0.0, ""role"": ""child"", ""round_name"": ""R3_breakout_quality"", ""rvol_min"": 3.0, ""slow_slope_atr_min"": 0.0, ""stop_atr"": 4.0, ""take_profit_atr"": 0.0}",True,False,False,train_sample|train_top_trade_concentration|train_top3_trade_concentration|validation_top_trade_concentration|validation_top3_trade_concentration,2020-01-01T00:00:00+00:00,2022-01-01T00:00:00+00:00,16.457898246445236,7.904415055973857,-9.423352054847022,0.8917549452396909,16,0.375,2.441921194303615,16,0,0.399646566830082,0.8316267083362724,2022-01-01T00:00:00+00:00,2024-01-01T00:00:00+00:00,12.905867228184032,6.257172571165293,-7.540761731549517,0.7945268498312791,22,0.36363636363636365,1.88938620239461,22,0,0.3610298241786856,0.7117169173475301,,,,,,,,,,,,,,,,,,,,,,,,,,
iter-f3c3db605c83,R3_breakout_quality,"{""atr_cap"": 0.0035, ""atr_floor"": 0.0, ""body_atr_min"": 2.5, ""close_location_min"": 0.8, ""cooldown_bars"": 0, ""ema_spread_min"": 0.0, ""max_hold_bars"": 192, ""momentum_lookback"": 0, ""momentum_threshold"": 0.0, ""role"": ""child"", ""round_name"": ""R3_breakout_quality"", ""rvol_min"": 3.0, ""slow_slope_atr_min"": 0.0, ""stop_atr"": 4.0, ""take_profit_atr"": 0.0}",True,False,False,validation_return|train_sample|validation_sample|validation_pf|train_top_trade_concentration|train_top3_trade_concentration|validation_top_trade_concentration|validation_top3_trade_concentration,2020-01-01T00:00:00+00:00,2022-01-01T00:00:00+00:00,16.572009162944788,7.957194699887471,-9.423352054847012,0.9574075157569851,10,0.4,3.1454977331248823,10,0,0.46090097960598514,0.9590913480852088,2022-01-01T00:00:00+00:00,2024-01-01T00:00:00+00:00,-7.13146744809171,-3.63167919284455,-13.214980532335552,-0.7313514406587954,16,0.125,0.5162837294724371,16,0,0.923789891939749,1.0,,,,,,,,,,,,,,,,,,,,,,,,,,
iter-631a30a3a551,R3_breakout_quality,"{""atr_cap"": 0.0035, ""atr_floor"": 0.0, ""body_atr_min"": 2.5, ""close_location_min"": 0.9, ""cooldown_bars"": 0, ""ema_spread_min"": 0.0, ""max_hold_bars"": 192, ""momentum_lookback"": 0, ""momentum_threshold"": 0.0, ""role"": ""child"", ""round_name"": ""R3_breakout_quality"", ""rvol_min"": 3.0, ""slow_slope_atr_min"": 0.0, ""stop_atr"": 4.0, ""take_profit_atr"": 0.0}",True,False,False,train_sample|validation_sample|train_top_trade_concentration|train_top3_trade_concentration|validation_top_trade_concentration|validation_top3_trade_concentration,2020-01-01T00:00:00+00:00,2022-01-01T00:00:00+00:00,2.9391455293268365,1.45692010620595,-4.311118792837087,0.4336781726180233,4,0.5,2.201857933986462,4,0,0.8230493106602633,1.0,2022-01-01T00:00:00+00:00,2024-01-01T00:00:00+00:00,0.08272374233062596,0.04135332067964903,-7.902120389303402,0.030532322343562433,7,0.14285714285714285,1.0532830167182368,7,0,1.0,1.0,,,,,,,,,,,,,,,,,,,,,,,,,,
iter-ce3bc69f0255,R3_breakout_quality,"{""atr_cap"": 0.0035, ""atr_floor"": 0.0, ""body_atr_min"": -100.0, ""close_location_min"": 0.0, ""cooldown_bars"": 0, ""ema_spread_min"": 0.0, ""max_hold_bars"": 192, ""momentum_lookback"": 0, ""momentum_threshold"": 0.0, ""role"": ""child"", ""round_name"": ""R3_breakout_quality"", ""rvol_min"": 4.0, ""slow_slope_atr_min"": 0.0, ""stop_atr"": 4.0, ""take_profit_atr"": 0.0}",True,True,True,,2020-01-01T00:00:00+00:00,2022-01-01T00:00:00+00:00,38.07087523989665,17.47763904181876,-13.677238709126216,1.3018165579827952,28,0.32142857142857145,2.655526666117942,28,0,0.2959804859019364,0.6823496696514402,2022-01-01T00:00:00+00:00,2024-01-01T00:00:00+00:00,29.501939166762135,13.798918785180959,-8.546779722307496,1.0626205037416385,49,0.30612244897959184,1.753142028431474,49,0,0.1668785602184892,0.47560320301232156,2020-01-01T00:00:00+00:00,2022-01-01T00:00:00+00:00,26.545139297720755,12.474170460479916,-15.281689949062216,0.9624195575490415,28.0,0.2857142857142857,1.9581433021318657,28.0,0.0,0.30398743874386613,0.697193191963065,2022-01-01T00:00:00+00:00,2024-01-01T00:00:00+00:00,7.226351123625863,3.5501574714523754,-11.685092360202132,0.333237021422398,51.0,0.29411764705882354,1.1900286136521878,51.0,0.0,0.18580146205674228,0.5288029201945621
iter-7b48182d3b57,R3_breakout_quality,"{""atr_cap"": 0.0035, ""atr_floor"": 0.0, ""body_atr_min"": -100.0, ""close_location_min"": 0.7, ""cooldown_bars"": 0, ""ema_spread_min"": 0.0, ""max_hold_bars"": 192, ""momentum_lookback"": 0, ""momentum_threshold"": 0.0, ""role"": ""child"", ""round_name"": ""R3_breakout_quality"", ""rvol_min"": 4.0, ""slow_slope_atr_min"": 0.0, ""stop_atr"": 4.0, ""take_profit_atr"": 0.0}",True,False,False,train_top_trade_concentration|train_top3_trade_concentration,2020-01-01T00:00:00+00:00,2022-01-01T00:00:00+00:00,32.70864760596919,15.176943508358075,-13.710437493937789,1.2011230484253532,21,0.3333333333333333,2.8454977828101007,21,0,0.35012646341836234,0.807177121565039,2022-01-01T00:00:00+00:00,2024-01-01T00:00:00+00:00,14.641765884541623,7.07089515108279,-5.941488121252658,0.7926232896589274,27,0.37037037037037035,1.7912959454111488,27,0,0.2987624996935941,0.6533766785664596,,,,,,,,,,,,,,,,,,,,,,,,,,
iter-7af4eb91ebe8,R3_breakout_quality,"{""atr_cap"": 0.0035, ""atr_floor"": 0.0, ""body_atr_min"": -100.0, ""close_location_min"": 0.8, ""cooldown_bars"": 0, ""ema_spread_min"": 0.0, ""max_hold_bars"": 192, ""momentum_lookback"": 0, ""momentum_threshold"": 0.0, ""role"": ""child"", ""round_name"": ""R3_breakout_quality"", ""rvol_min"": 4.0, ""slow_slope_atr_min"": 0.0, ""stop_atr"": 4.0, ""take_profit_atr"": 0.0}",True,False,False,validation_return|train_sample|validation_pf|train_top_trade_concentration|train_top3_trade_concentration|validation_top_trade_concentration|validation_top3_trade_concentration,2020-01-01T00:00:00+00:00,2022-01-01T00:00:00+00:00,17.598214419491008,8.430687167576112,-10.304599823839633,0.9880193448927286,12,0.3333333333333333,2.7771830815460885,12,0,0.40342390385978744,0.9641928987193416,2022-01-01T00:00:00+00:00,2024-01-01T00:00:00+00:00,-8.245464519945767,-4.211412224600453,-12.30883471112989,-0.657996341104467,21,0.14285714285714285,0.5906554406452782,21,0,0.7841433753454854,1.0,,,,,,,,,,,,,,,,,,,,,,,,,,
iter-9bdf0bb2c3f9,R3_breakout_quality,"{""atr_cap"": 0.0035, ""atr_floor"": 0.0, ""body_atr_min"": -100.0, ""close_location_min"": 0.9, ""cooldown_bars"": 0, ""ema_spread_min"": 0.0, ""max_hold_bars"": 192, ""momentum_lookback"": 0, ""momentum_threshold"": 0.0, ""role"": ""child"", ""round_name"": ""R3_breakout_quality"", ""rvol_min"": 4.0, ""slow_slope_atr_min"": 0.0, ""stop_atr"": 4.0, ""take_profit_atr"": 0.0}",True,False,False,validation_return|train_sample|validation_sample|validation_pf|train_top_trade_concentration|train_top3_trade_concentration|validation_top_trade_concentration|validation_top3_trade_concentration,2020-01-01T00:00:00+00:00,2022-01-01T00:00:00+00:00,12.088920364301782,5.863791083333614,-9.535251173533643,0.7897417701115589,6,0.5,4.295846414103177,6,0,0.6471382053524567,1.0,2022-01-01T00:00:00+00:00,2024-01-01T00:00:00+00:00,-8.677199319666773,-4.437036106903203,-8.677199319666773,-1.4697792603347617,8,0.0,0.0,8,0,1.0,1.0,,,,,,,,,,,,,,,,,,,,,,,,,,
iter-181be3f7b12d,R3_breakout_quality,"{""atr_cap"": 0.0035, ""atr_floor"": 0.0, ""body_atr_min"": 1.0, ""close_location_min"": 0.0, ""cooldown_bars"": 0, ""ema_spread_min"": 0.0, ""max_hold_bars"": 192, ""momentum_lookback"": 0, ""momentum_threshold"": 0.0, ""role"": ""child"", ""round_name"": ""R3_breakout_quality"", ""rvol_min"": 4.0, ""slow_slope_atr_min"": 0.0, ""stop_atr"": 4.0, ""take_profit_atr"": 0.0}",True,True,True,,2020-01-01T00:00:00+00:00,2022-01-01T00:00:00+00:00,38.049544207203965,17.46857634818868,-13.69057500209907,1.3044058626525956,28,0.32142857142857145,2.6536175970553435,28,0,0.2959804859019364,0.6823496696514402,2022-01-01T00:00:00+00:00,2024-01-01T00:00:00+00:00,30.699273891484857,14.323783129970312,-7.701231639933281,1.1115294804845486,48,0.3125,1.7969833894225014,48,0,0.1668785602184892,0.47560320301232156,2020-01-01T00:00:00+00:00,2022-01-01T00:00:00+00:00,26.525600022223482,12.465498684248978,-15.294770928773804,0.9642483150907329,28.0,0.2857142857142857,1.957060038239276,28.0,0.0,0.30398743874386613,0.697193191963065,2022-01-01T00:00:00+00:00,2024-01-01T00:00:00+00:00,8.478037650823843,4.152790481495905,-10.654164991275628,0.3813196059872148,50.0,0.3,1.2191367910027524,50.0,0.0,0.18580146205674228,0.5288029201945621
iter-2cdebf58e806,R3_breakout_quality,"{""atr_cap"": 0.0035, ""atr_floor"": 0.0, ""body_atr_min"": 1.0, ""close_location_min"": 0.7, ""cooldown_bars"": 0, ""ema_spread_min"": 0.0, ""max_hold_bars"": 192, ""momentum_lookback"": 0, ""momentum_threshold"": 0.0, ""role"": ""child"", ""round_name"": ""R3_breakout_quality"", ""rvol_min"": 4.0, ""slow_slope_atr_min"": 0.0, ""stop_atr"": 4.0, ""take_profit_atr"": 0.0}",True,False,False,train_top_trade_concentration|train_top3_trade_concentration|validation_top_trade_concentration,2020-01-01T00:00:00+00:00,2022-01-01T00:00:00+00:00,32.70864760596919,15.176943508358075,-13.710437493937789,1.2011230484253532,21,0.3333333333333333,2.8454977828101007,21,0,0.35012646341836234,0.807177121565039,2022-01-01T00:00:00+00:00,2024-01-01T00:00:00+00:00,5.001439357167459,2.470209991571437,-7.540761731549528,0.33779416571778964,26,0.34615384615384615,1.2993133379058575,26,0,0.41100450416466106,0.6145953134728553,,,,,,,,,,,,,,,,,,,,,,,,,,
iter-066ab204da37,R3_breakout_quality,"{""atr_cap"": 0.0035, ""atr_floor"": 0.0, ""body_atr_min"": 1.0, ""close_location_min"": 0.8, ""cooldown_bars"": 0, ""ema_spread_min"": 0.0, ""max_hold_bars"": 192, ""momentum_lookback"": 0, ""momentum_threshold"": 0.0, ""role"": ""child"", ""round_name"": ""R3_breakout_quality"", ""rvol_min"": 4.0, ""slow_slope_atr_min"": 0.0, ""stop_atr"": 4.0, ""take_profit_atr"": 0.0}",True,False,False,validation_return|train_sample|validation_sample|validation_pf|train_top_trade_concentration|train_top3_trade_concentration|validation_top_trade_concentration|validation_top3_trade_concentration,2020-01-01T00:00:00+00:00,2022-01-01T00:00:00+00:00,17.598214419491008,8.430687167576112,-10.304599823839633,0.9880193448927286,12,0.3333333333333333,2.7771830815460885,12,0,0.40342390385978744,0.9641928987193416,2022-01-01T00:00:00+00:00,2024-01-01T00:00:00+00:00,-14.780052113777565,-7.685349003409847,-14.780052113777565,-1.6879168500248907,19,0.10526315789473684,0.1368318733120575,19,0,0.770995393681817,1.0,,,,,,,,,,,,,,,,,,,,,,,,,,
iter-035174d3f0cf,R3_breakout_quality,"{""atr_cap"": 0.0035, ""atr_floor"": 0.0, ""body_atr_min"": 1.0, ""close_location_min"": 0.9, ""cooldown_bars"": 0, ""ema_spread_min"": 0.0, ""max_hold_bars"": 192, ""momentum_lookback"": 0, ""momentum_threshold"": 0.0, ""role"": ""child"", ""round_name"": ""R3_breakout_quality"", ""rvol_min"": 4.0, ""slow_slope_atr_min"": 0.0, ""stop_atr"": 4.0, ""take_profit_atr"": 0.0}",True,False,False,validation_return|train_sample|validation_sample|validation_pf|train_top_trade_concentration|train_top3_trade_concentration|validation_top_trade_concentration|validation_top3_trade_concentration,2020-01-01T00:00:00+00:00,2022-01-01T00:00:00+00:00,12.088920364301782,5.863791083333614,-9.535251173533643,0.7897417701115589,6,0.5,4.295846414103177,6,0,0.6471382053524567,1.0,2022-01-01T00:00:00+00:00,2024-01-01T00:00:00+00:00,-8.677199319666773,-4.437036106903203,-8.677199319666773,-1.4697792603347617,8,0.0,0.0,8,0,1.0,1.0,,,,,,,,,,,,,,,,,,,,,,,,,,
iter-6fb3d819d1b0,R3_breakout_quality,"{""atr_cap"": 0.0035, ""atr_floor"": 0.0, ""body_atr_min"": 1.5, ""close_location_min"": 0.0, ""cooldown_bars"": 0, ""ema_spread_min"": 0.0, ""max_hold_bars"": 192, ""momentum_lookback"": 0, ""momentum_threshold"": 0.0, ""role"": ""child"", ""round_name"": ""R3_breakout_quality"", ""rvol_min"": 4.0, ""slow_slope_atr_min"": 0.0, ""stop_atr"": 4.0, ""take_profit_atr"": 0.0}",True,True,True,,2020-01-01T00:00:00+00:00,2022-01-01T00:00:00+00:00,43.37992232386503,19.711847484169365,-13.690575002099026,1.4709326684188173,24,0.375,3.2245548533746518,24,0,0.2959804859019364,0.6823496696514402,2022-01-01T00:00:00+00:00,2024-01-01T00:00:00+00:00,27.80285132088849,13.04992318479854,-7.028496492675718,1.0489830489387557,43,0.3488372093023256,1.8712004440568226,43,0,0.1771217166433014,0.459225653039142,2020-01-01T00:00:00+00:00,2022-01-01T00:00:00+00:00,34.8457023612732,16.099338958635045,-15.294770928773783,1.2215762213732975,24.0,0.3333333333333333,2.539477214283048,24.0,0.0,0.30398743874386613,0.697193191963065,2022-01-01T00:00:00+00:00,2024-01-01T00:00:00+00:00,13.369946733518056,6.475324246286318,-8.74423672872422,0.5605771230186704,44.0,0.3409090909090909,1.375414363263126,44.0,0.0,0.18602835112713154,0.4801282525243881
iter-36788a7afa5e,R3_breakout_quality,"{""atr_cap"": 0.0035, ""atr_floor"": 0.0, ""body_atr_min"": 1.5, ""close_location_min"": 0.7, ""cooldown_bars"": 0, ""ema_spread_min"": 0.0, ""max_hold_bars"": 192, ""momentum_lookback"": 0, ""momentum_threshold"": 0.0, ""role"": ""child"", ""round_name"": ""R3_breakout_quality"", ""rvol_min"": 4.0, ""slow_slope_atr_min"": 0.0, ""stop_atr"": 4.0, ""take_profit_atr"": 0.0}",True,False,False,train_top_trade_concentration|train_top3_trade_concentration|validation_top_trade_concentration,2020-01-01T00:00:00+00:00,2022-01-01T00:00:00+00:00,34.84124298163365,16.097421852456193,-13.710437493937789,1.267023397172638,20,0.35,3.142029005708654,20,0,0.35012646341836234,0.807177121565039,2022-01-01T00:00:00+00:00,2024-01-01T00:00:00+00:00,5.001439357167459,2.470209991571437,-7.540761731549528,0.33779416571778964,26,0.34615384615384615,1.2993133379058575,26,0,0.41100450416466106,0.6145953134728553,,,,,,,,,,,,,,,,,,,,,,,,,,
iter-83091eb2b9ef,R3_breakout_quality,"{""atr_cap"": 0.0035, ""atr_floor"": 0.0, ""body_atr_min"": 1.5, ""close_location_min"": 0.8, ""cooldown_bars"": 0, ""ema_spread_min"": 0.0, ""max_hold_bars"": 192, ""momentum_lookback"": 0, ""momentum_threshold"": 0.0, ""role"": ""child"", ""round_name"": ""R3_breakout_quality"", ""rvol_min"": 4.0, ""slow_slope_atr_min"": 0.0, ""stop_atr"": 4.0, ""take_profit_atr"": 0.0}",True,False,False,validation_return|train_sample|validation_sample|validation_pf|train_top_trade_concentration|train_top3_trade_concentration|validation_top_trade_concentration|validation_top3_trade_concentration,2020-01-01T00:00:00+00:00,2022-01-01T00:00:00+00:00,17.598214419491008,8.430687167576112,-10.304599823839633,0.9880193448927286,12,0.3333333333333333,2.7771830815460885,12,0,0.40342390385978744,0.9641928987193416,2022-01-01T00:00:00+00:00,2024-01-01T00:00:00+00:00,-14.780052113777565,-7.685349003409847,-14.780052113777565,-1.6879168500248907,19,0.10526315789473684,0.1368318733120575,19,0,0.770995393681817,1.0,,,,,,,,,,,,,,,,,,,,,,,,,,
iter-4ea0f4394cbc,R3_breakout_quality,"{""atr_cap"": 0.0035, ""atr_floor"": 0.0, ""body_atr_min"": 1.5, ""close_location_min"": 0.9, ""cooldown_bars"": 0, ""ema_spread_min"": 0.0, ""max_hold_bars"": 192, ""momentum_lookback"": 0, ""momentum_threshold"": 0.0, ""role"": ""child"", ""round_name"": ""R3_breakout_quality"", ""rvol_min"": 4.0, ""slow_slope_atr_min"": 0.0, ""stop_atr"": 4.0, ""take_profit_atr"": 0.0}",True,False,False,validation_return|train_sample|validation_sample|validation_pf|train_top_trade_concentration|train_top3_trade_concentration|validation_top_trade_concentration|validation_top3_trade_concentration,2020-01-01T00:00:00+00:00,2022-01-01T00:00:00+00:00,1.7692666349797825,0.8795445275859182,-4.347855859908467,0.25350279189018216,5,0.4,1.5158400752106604,5,0,0.8230493106602633,1.0,2022-01-01T00:00:00+00:00,2024-01-01T00:00:00+00:00,-8.677199319666773,-4.437036106903203,-8.677199319666773,-1.4697792603347617,8,0.0,0.0,8,0,1.0,1.0,,,,,,,,,,,,,,,,,,,,,,,,,,
iter-136a98bd84ba,R3_breakout_quality,"{""atr_cap"": 0.0035, ""atr_floor"": 0.0, ""body_atr_min"": 2.0, ""close_location_min"": 0.0, ""cooldown_bars"": 0, ""ema_spread_min"": 0.0, ""max_hold_bars"": 192, ""momentum_lookback"": 0, ""momentum_threshold"": 0.0, ""role"": ""child"", ""round_name"": ""R3_breakout_quality"", ""rvol_min"": 4.0, ""slow_slope_atr_min"": 0.0, ""stop_atr"": 4.0, ""take_profit_atr"": 0.0}",True,True,True,,2020-01-01T00:00:00+00:00,2022-01-01T00:00:00+00:00,44.126300221198946,20.022602529367894,-11.648653525976227,1.66000082158262,22,0.36363636363636365,3.4671817373180858,22,0,0.3020640117169791,0.6787644175893218,2022-01-01T00:00:00+00:00,2024-01-01T00:00:00+00:00,31.663446301380603,14.744693254799635,-7.028496492675728,1.1959279700400027,38,0.3684210526315789,2.1465060203685598,38,0,0.18281762610665014,0.4739935075548355,2020-01-01T00:00:00+00:00,2022-01-01T00:00:00+00:00,36.25642010277379,16.704227377514623,-12.836064115260493,1.4029454097351803,22.0,0.36363636363636365,2.73993490468833,22.0,0.0,0.3095676998178843,0.6916346035858,2022-01-01T00:00:00+00:00,2024-01-01T00:00:00+00:00,18.256892281694135,8.745984882980462,-8.490394252246636,0.7441402662034997,39.0,0.358974358974359,1.5701667710136873,39.0,0.0,0.19144470292693858,0.49410753852537764
iter-62710bcd4209,R3_breakout_quality,"{""atr_cap"": 0.0035, ""atr_floor"": 0.0, ""body_atr_min"": 2.0, ""close_location_min"": 0.7, ""cooldown_bars"": 0, ""ema_spread_min"": 0.0, ""max_hold_bars"": 192, ""momentum_lookback"": 0, ""momentum_threshold"": 0.0, ""role"": ""child"", ""round_name"": ""R3_breakout_quality"", ""rvol_min"": 4.0, ""slow_slope_atr_min"": 0.0, ""stop_atr"": 4.0, ""take_profit_atr"": 0.0}",True,False,False,train_sample|train_top_trade_concentration|train_top3_trade_concentration|validation_top_trade_concentration,2020-01-01T00:00:00+00:00,2022-01-01T00:00:00+00:00,35.84936454822283,16.530013017531807,-9.423352054847022,1.446018959995175,17,0.4117647058823529,3.9069379507416544,17,0,0.3770706586591687,0.7923383195141415,2022-01-01T00:00:00+00:00,2024-01-01T00:00:00+00:00,4.82208911077231,2.3826592303463734,-7.540761731549561,0.339570206355097,24,0.3333333333333333,1.313651814583043,24,0,0.4414290306750366,0.6600906090680008,,,,,,,,,,,,,,,,,,,,,,,,,,
iter-109f75e00777,R3_breakout_quality,"{""atr_cap"": 0.0035, ""atr_floor"": 0.0, ""body_atr_min"": 2.0, ""close_location_min"": 0.8, ""cooldown_bars"": 0, ""ema_spread_min"": 0.0, ""max_hold_bars"": 192, ""momentum_lookback"": 0, ""momentum_threshold"": 0.0, ""role"": ""child"", ""round_name"": ""R3_breakout_quality"", ""rvol_min"": 4.0, ""slow_slope_atr_min"": 0.0, ""stop_atr"": 4.0, ""take_profit_atr"": 0.0}",True,False,False,validation_return|train_sample|validation_sample|validation_pf|train_top_trade_concentration|train_top3_trade_concentration|validation_top_trade_concentration|validation_top3_trade_concentration,2020-01-01T00:00:00+00:00,2022-01-01T00:00:00+00:00,16.527254603530594,7.93649748878007,-9.423352054847012,0.9455447628881586,10,0.4,3.129879762239275,10,0,0.46090097960598514,0.9590913480852088,2022-01-01T00:00:00+00:00,2024-01-01T00:00:00+00:00,-13.499608813184071,-6.9944135082112835,-13.499608813184071,-1.5457501743709874,18,0.1111111111111111,0.1488164255088706,18,0,0.770995393681817,1.0,,,,,,,,,,,,,,,,,,,,,,,,,,
iter-de9f1d68496a,R3_breakout_quality,"{""atr_cap"": 0.0035, ""atr_floor"": 0.0, ""body_atr_min"": 2.0, ""close_location_min"": 0.9, ""cooldown_bars"": 0, ""ema_spread_min"": 0.0, ""max_hold_bars"": 192, ""momentum_lookback"": 0, ""momentum_threshold"": 0.0, ""role"": ""child"", ""round_name"": ""R3_breakout_quality"", ""rvol_min"": 4.0, ""slow_slope_atr_min"": 0.0, ""stop_atr"": 4.0, ""take_profit_atr"": 0.0}",True,False,False,validation_return|train_sample|validation_sample|validation_pf|train_top_trade_concentration|train_top3_trade_concentration|validation_top_trade_concentration|validation_top3_trade_concentration,2020-01-01T00:00:00+00:00,2022-01-01T00:00:00+00:00,2.899624926244493,1.4374691071355805,-4.347855859908467,0.40499883391125757,4,0.5,2.169085355983371,4,0,0.8230493106602633,1.0,2022-01-01T00:00:00+00:00,2024-01-01T00:00:00+00:00,-7.30505968307974,-3.721788385471003,-8.044708377745247,-1.2589884378379312,7,0.0,0.0,7,0,1.0,1.0,,,,,,,,,,,,,,,,,,,,,,,,,,
iter-2cc02d62819e,R3_breakout_quality,"{""atr_cap"": 0.0035, ""atr_floor"": 0.0, ""body_atr_min"": 2.5, ""close_location_min"": 0.0, ""cooldown_bars"": 0, ""ema_spread_min"": 0.0, ""max_hold_bars"": 192, ""momentum_lookback"": 0, ""momentum_threshold"": 0.0, ""role"": ""child"", ""round_name"": ""R3_breakout_quality"", ""rvol_min"": 4.0, ""slow_slope_atr_min"": 0.0, ""stop_atr"": 4.0, ""take_profit_atr"": 0.0}",True,False,False,train_top3_trade_concentration,2020-01-01T00:00:00+00:00,2022-01-01T00:00:00+00:00,22.89446053735704,10.842143101559065,-12.336746722157056,1.13410294334259,20,0.35,2.5037764001154845,20,0,0.29958574637484153,0.7501020825820344,2022-01-01T00:00:00+00:00,2024-01-01T00:00:00+00:00,31.48206122369921,14.665627466865239,-7.028496492675695,1.2326557587225817,32,0.40625,2.3738636765189636,32,0,0.19996400847069432,0.5184491439816451,,,,,,,,,,,,,,,,,,,,,,,,,,
iter-2e1b0ee63356,R3_breakout_quality,"{""atr_cap"": 0.0035, ""atr_floor"": 0.0, ""body_atr_min"": 2.5, ""close_location_min"": 0.7, ""cooldown_bars"": 0, ""ema_spread_min"": 0.0, ""max_hold_bars"": 192, ""momentum_lookback"": 0, ""momentum_threshold"": 0.0, ""role"": ""child"", ""round_name"": ""R3_breakout_quality"", ""rvol_min"": 4.0, ""slow_slope_atr_min"": 0.0, ""stop_atr"": 4.0, ""take_profit_atr"": 0.0}",True,False,False,train_sample|train_top_trade_concentration|train_top3_trade_concentration|validation_top_trade_concentration|validation_top3_trade_concentration,2020-01-01T00:00:00+00:00,2022-01-01T00:00:00+00:00,16.457898246445236,7.904415055973857,-9.423352054847022,0.8917549452396909,16,0.375,2.441921194303615,16,0,0.399646566830082,0.8316267083362724,2022-01-01T00:00:00+00:00,2024-01-01T00:00:00+00:00,7.015740789098857,3.4484126456751696,-7.54076173154955,0.4997802480997186,20,0.35,1.5599837800115153,20,0,0.4827725971147119,0.7219136837998003,,,,,,,,,,,,,,,,,,,,,,,,,,
iter-a64684a64ee8,R3_breakout_quality,"{""atr_cap"": 0.0035, ""atr_floor"": 0.0, ""body_atr_min"": 2.5, ""close_location_min"": 0.8, ""cooldown_bars"": 0, ""ema_spread_min"": 0.0, ""max_hold_bars"": 192, ""momentum_lookback"": 0, ""momentum_threshold"": 0.0, ""role"": ""child"", ""round_name"": ""R3_breakout_quality"", ""rvol_min"": 4.0, ""slow_slope_atr_min"": 0.0, ""stop_atr"": 4.0, ""take_profit_atr"": 0.0}",True,False,False,validation_return|train_sample|validation_sample|validation_pf|train_top_trade_concentration|train_top3_trade_concentration|validation_top_trade_concentration|validation_top3_trade_concentration,2020-01-01T00:00:00+00:00,2022-01-01T00:00:00+00:00,16.572009162944788,7.957194699887471,-9.423352054847012,0.9574075157569851,10,0.4,3.1454977331248823,10,0,0.46090097960598514,0.9590913480852088,2022-01-01T00:00:00+00:00,2024-01-01T00:00:00+00:00,-10.946141162904144,-5.631647870117041,-10.946141162904144,-1.6119056316760523,13,0.07692307692307693,0.047598770101321144,13,0,1.0,1.0,,,,,,,,,,,,,,,,,,,,,,,,,,
iter-021ebf9a9cbf,R3_breakout_quality,"{""atr_cap"": 0.0035, ""atr_floor"": 0.0, ""body_atr_min"": 2.5, ""close_location_min"": 0.9, ""cooldown_bars"": 0, ""ema_spread_min"": 0.0, ""max_hold_bars"": 192, ""momentum_lookback"": 0, ""momentum_threshold"": 0.0, ""role"": ""child"", ""round_name"": ""R3_breakout_quality"", ""rvol_min"": 4.0, ""slow_slope_atr_min"": 0.0, ""stop_atr"": 4.0, ""take_profit_atr"": 0.0}",True,False,False,validation_return|train_sample|validation_sample|validation_pf|train_top_trade_concentration|train_top3_trade_concentration|validation_top_trade_concentration|validation_top3_trade_concentration,2020-01-01T00:00:00+00:00,2022-01-01T00:00:00+00:00,2.9391455293268365,1.45692010620595,-4.311118792837087,0.4336781726180233,4,0.5,2.201857933986462,4,0,0.8230493106602633,1.0,2022-01-01T00:00:00+00:00,2024-01-01T00:00:00+00:00,-5.138438910084709,-2.6031001058476777,-5.690489131155441,-1.1093148880863875,5,0.0,0.0,5,0,1.0,1.0,,,,,,,,,,,,,,,,,,,,,,,,,,
iter-7654fc74f2da,R3_breakout_quality,"{""atr_cap"": 0.0035, ""atr_floor"": 0.0, ""body_atr_min"": -100.0, ""close_location_min"": 0.0, ""cooldown_bars"": 0, ""ema_spread_min"": 0.0, ""max_hold_bars"": 192, ""momentum_lookback"": 0, ""momentum_threshold"": 0.0, ""role"": ""child"", ""round_name"": ""R3_breakout_quality"", ""rvol_min"": 5.0, ""slow_slope_atr_min"": 0.0, ""stop_atr"": 4.0, ""take_profit_atr"": 0.0}",True,True,True,,2020-01-01T00:00:00+00:00,2022-01-01T00:00:00+00:00,41.31673478266733,18.848598706228902,-12.556704398627893,1.5529629481202798,25,0.32,3.087713092677408,25,0,0.3020640117169791,0.6787644175893218,2022-01-01T00:00:00+00:00,2024-01-01T00:00:00+00:00,33.08082004937975,15.360660560426641,-8.747200737642713,1.215271073280558,42,0.30952380952380953,1.9887876029395457,42,0,0.1765756103026636,0.5032397554476131,2020-01-01T00:00:00+00:00,2022-01-01T00:00:00+00:00,30.512562966548206,14.221288126352372,-13.939863654004858,1.20495468023115,25.0,0.32,2.243481468204526,25.0,0.0,0.3095676998178843,0.6916346035858,2022-01-01T00:00:00+00:00,2024-01-01T00:00:00+00:00,13.333078534389076,6.458009813441978,-10.939792001129256,0.566538109228275,43.0,0.3023255813953488,1.3674687337360618,43.0,0.0,0.19620052810708694,0.5583993315136453
iter-f5e3acad4b75,R3_breakout_quality,"{""atr_cap"": 0.0035, ""atr_floor"": 0.0, ""body_atr_min"": -100.0, ""close_location_min"": 0.7, ""cooldown_bars"": 0, ""ema_spread_min"": 0.0, ""max_hold_bars"": 192, ""momentum_lookback"": 0, ""momentum_threshold"": 0.0, ""role"": ""child"", ""round_name"": ""R3_breakout_quality"", ""rvol_min"": 5.0, ""slow_slope_atr_min"": 0.0, ""stop_atr"": 4.0, ""take_profit_atr"": 0.0}",True,False,False,train_sample|train_top_trade_concentration|train_top3_trade_concentration|validation_top_trade_concentration|validation_top3_trade_concentration,2020-01-01T00:00:00+00:00,2022-01-01T00:00:00+00:00,34.661261156093225,16.020020391172007,-11.309515711472995,1.401847173605986,18,0.3888888888888889,3.62688163694494,18,0,0.3770706586591687,0.7923383195141415,2022-01-01T00:00:00+00:00,2024-01-01T00:00:00+00:00,6.957230482360477,3.4201288349422265,-7.020292238367764,0.4875779919371302,20,0.35,1.5535710840731476,20,0,0.4827725971147119,0.7219136837998003,,,,,,,,,,,,,,,,,,,,,,,,,,
iter-2858c3373242,R3_breakout_quality,"{""atr_cap"": 0.0035, ""atr_floor"": 0.0, ""body_atr_min"": -100.0, ""close_location_min"": 0.8, ""cooldown_bars"": 0, ""ema_spread_min"": 0.0, ""max_hold_bars"": 192, ""momentum_lookback"": 0, ""momentum_threshold"": 0.0, ""role"": ""child"", ""round_name"": ""R3_breakout_quality"", ""rvol_min"": 5.0, ""slow_slope_atr_min"": 0.0, ""stop_atr"": 4.0, ""take_profit_atr"": 0.0}",True,False,False,validation_return|train_sample|validation_sample|validation_pf|train_top_trade_concentration|train_top3_trade_concentration|validation_top_trade_concentration|validation_top3_trade_concentration,2020-01-01T00:00:00+00:00,2022-01-01T00:00:00+00:00,16.805025778515482,8.064891431590215,-9.423352054847012,0.9592223524297507,10,0.4,3.2292752129496467,10,0,0.46090097960598514,0.9590913480852088,2022-01-01T00:00:00+00:00,2024-01-01T00:00:00+00:00,-9.536979148782388,-4.887949842715722,-10.258818496856147,-1.3486583430365398,12,0.08333333333333333,0.05463077427024833,12,0,1.0,1.0,,,,,,,,,,,,,,,,,,,,,,,,,,
iter-1dad62dbf10d,R3_breakout_quality,"{""atr_cap"": 0.0035, ""atr_floor"": 0.0, ""body_atr_min"": -100.0, ""close_location_min"": 0.9, ""cooldown_bars"": 0, ""ema_spread_min"": 0.0, ""max_hold_bars"": 192, ""momentum_lookback"": 0, ""momentum_threshold"": 0.0, ""role"": ""child"", ""round_name"": ""R3_breakout_quality"", ""rvol_min"": 5.0, ""slow_slope_atr_min"": 0.0, ""stop_atr"": 4.0, ""take_profit_atr"": 0.0}",True,False,False,validation_return|train_sample|validation_sample|validation_pf|train_top_trade_concentration|train_top3_trade_concentration|validation_top_trade_concentration|validation_top3_trade_concentration,2020-01-01T00:00:00+00:00,2022-01-01T00:00:00+00:00,4.2909178501037815,2.1199901686208777,-3.1998516908112395,0.6390653741607867,3,0.6666666666666666,4.5506926890523385,3,0,0.8230493106602633,1.0,2022-01-01T00:00:00+00:00,2024-01-01T00:00:00+00:00,-5.326501620024404,-2.6996925082065304,-6.081937992891707,-1.0154859841572643,5,0.0,0.0,5,0,1.0,1.0,,,,,,,,,,,,,,,,,,,,,,,,,,
iter-1a5f3968080b,R3_breakout_quality,"{""atr_cap"": 0.0035, ""atr_floor"": 0.0, ""body_atr_min"": 1.0, ""close_location_min"": 0.0, ""cooldown_bars"": 0, ""ema_spread_min"": 0.0, ""max_hold_bars"": 192, ""momentum_lookback"": 0, ""momentum_threshold"": 0.0, ""role"": ""child"", ""round_name"": ""R3_breakout_quality"", ""rvol_min"": 5.0, ""slow_slope_atr_min"": 0.0, ""stop_atr"": 4.0, ""take_profit_atr"": 0.0}",True,True,True,,2020-01-01T00:00:00+00:00,2022-01-01T00:00:00+00:00,41.31673478266733,18.848598706228902,-12.556704398627893,1.5529629481202798,25,0.32,3.087713092677408,25,0,0.3020640117169791,0.6787644175893218,2022-01-01T00:00:00+00:00,2024-01-01T00:00:00+00:00,34.291024424071324,15.884004256010819,-8.747200737642713,1.2688927760486435,41,0.3170731707317073,2.047779968199175,41,0,0.1765756103026636,0.5032397554476131,2020-01-01T00:00:00+00:00,2022-01-01T00:00:00+00:00,30.512562966548206,14.221288126352372,-13.939863654004858,1.20495468023115,25.0,0.32,2.243481468204526,25.0,0.0,0.3095676998178843,0.6916346035858,2022-01-01T00:00:00+00:00,2024-01-01T00:00:00+00:00,14.639907444504052,7.0700272926574215,-10.939792001129256,0.6203188535981952,42.0,0.30952380952380953,1.4077620738479673,42.0,0.0,0.19620052810708694,0.5583993315136453
iter-0666b96afe74,R3_breakout_quality,"{""atr_cap"": 0.0035, ""atr_floor"": 0.0, ""body_atr_min"": 1.0, ""close_location_min"": 0.7, ""cooldown_bars"": 0, ""ema_spread_min"": 0.0, ""max_hold_bars"": 192, ""momentum_lookback"": 0, ""momentum_threshold"": 0.0, ""role"": ""child"", ""round_name"": ""R3_breakout_quality"", ""rvol_min"": 5.0, ""slow_slope_atr_min"": 0.0, ""stop_atr"": 4.0, ""take_profit_atr"": 0.0}",True,False,False,train_sample|train_top_trade_concentration|train_top3_trade_concentration|validation_top_trade_concentration|validation_top3_trade_concentration,2020-01-01T00:00:00+00:00,2022-01-01T00:00:00+00:00,34.661261156093225,16.020020391172007,-11.309515711472995,1.401847173605986,18,0.3888888888888889,3.62688163694494,18,0,0.3770706586591687,0.7923383195141415,2022-01-01T00:00:00+00:00,2024-01-01T00:00:00+00:00,6.957230482360477,3.4201288349422265,-7.020292238367764,0.4875779919371302,20,0.35,1.5535710840731476,20,0,0.4827725971147119,0.7219136837998003,,,,,,,,,,,,,,,,,,,,,,,,,,
iter-39b7faf77c4b,R3_breakout_quality,"{""atr_cap"": 0.0035, ""atr_floor"": 0.0, ""body_atr_min"": 1.0, ""close_location_min"": 0.8, ""cooldown_bars"": 0, ""ema_spread_min"": 0.0, ""max_hold_bars"": 192, ""momentum_lookback"": 0, ""momentum_threshold"": 0.0, ""role"": ""child"", ""round_name"": ""R3_breakout_quality"", ""rvol_min"": 5.0, ""slow_slope_atr_min"": 0.0, ""stop_atr"": 4.0, ""take_profit_atr"": 0.0}",True,False,False,validation_return|train_sample|validation_sample|validation_pf|train_top_trade_concentration|train_top3_trade_concentration|validation_top_trade_concentration|validation_top3_trade_concentration,2020-01-01T00:00:00+00:00,2022-01-01T00:00:00+00:00,16.805025778515482,8.064891431590215,-9.423352054847012,0.9592223524297507,10,0.4,3.2292752129496467,10,0,0.46090097960598514,0.9590913480852088,2022-01-01T00:00:00+00:00,2024-01-01T00:00:00+00:00,-9.536979148782388,-4.887949842715722,-10.258818496856147,-1.3486583430365398,12,0.08333333333333333,0.05463077427024833,12,0,1.0,1.0,,,,,,,,,,,,,,,,,,,,,,,,,,
iter-71f2351c23f4,R3_breakout_quality,"{""atr_cap"": 0.0035, ""atr_floor"": 0.0, ""body_atr_min"": 1.0, ""close_location_min"": 0.9, ""cooldown_bars"": 0, ""ema_spread_min"": 0.0, ""max_hold_bars"": 192, ""momentum_lookback"": 0, ""momentum_threshold"": 0.0, ""role"": ""child"", ""round_name"": ""R3_breakout_quality"", ""rvol_min"": 5.0, ""slow_slope_atr_min"": 0.0, ""stop_atr"": 4.0, ""take_profit_atr"": 0.0}",True,False,False,validation_return|train_sample|validation_sample|validation_pf|train_top_trade_concentration|train_top3_trade_concentration|validation_top_trade_concentration|validation_top3_trade_concentration,2020-01-01T00:00:00+00:00,2022-01-01T00:00:00+00:00,4.2909178501037815,2.1199901686208777,-3.1998516908112395,0.6390653741607867,3,0.6666666666666666,4.5506926890523385,3,0,0.8230493106602633,1.0,2022-01-01T00:00:00+00:00,2024-01-01T00:00:00+00:00,-5.326501620024404,-2.6996925082065304,-6.081937992891707,-1.0154859841572643,5,0.0,0.0,5,0,1.0,1.0,,,,,,,,,,,,,,,,,,,,,,,,,,
iter-2b7881c43058,R3_breakout_quality,"{""atr_cap"": 0.0035, ""atr_floor"": 0.0, ""body_atr_min"": 1.5, ""close_location_min"": 0.0, ""cooldown_bars"": 0, ""ema_spread_min"": 0.0, ""max_hold_bars"": 192, ""momentum_lookback"": 0, ""momentum_threshold"": 0.0, ""role"": ""child"", ""round_name"": ""R3_breakout_quality"", ""rvol_min"": 5.0, ""slow_slope_atr_min"": 0.0, ""stop_atr"": 4.0, ""take_profit_atr"": 0.0}",True,True,True,,2020-01-01T00:00:00+00:00,2022-01-01T00:00:00+00:00,44.573694979746435,20.208489555370647,-12.556704398627893,1.670179277121474,22,0.36363636363636365,3.5350861229478667,22,0,0.3020640117169791,0.6787644175893218,2022-01-01T00:00:00+00:00,2024-01-01T00:00:00+00:00,27.5022109411043,12.916876923294463,-7.240123936348297,1.0758785469745702,38,0.34210526315789475,1.9685234983949629,38,0,0.1892455423760087,0.4906592451189184,2020-01-01T00:00:00+00:00,2022-01-01T00:00:00+00:00,36.67983063612861,16.885165176400108,-13.939863654004869,1.4137962005785674,22.0,0.36363636363636365,2.784005748494083,22.0,0.0,0.3095676998178843,0.6916346035858,2022-01-01T00:00:00+00:00,2024-01-01T00:00:00+00:00,15.770373180626285,7.596641760152667,-9.249939971726729,0.6651243506262365,38.0,0.34210526315789475,1.495711846044225,38.0,0.0,0.1975824521841408,0.5099487090106197
iter-5fd49abd1e19,R3_breakout_quality,"{""atr_cap"": 0.0035, ""atr_floor"": 0.0, ""body_atr_min"": 1.5, ""close_location_min"": 0.7, ""cooldown_bars"": 0, ""ema_spread_min"": 0.0, ""max_hold_bars"": 192, ""momentum_lookback"": 0, ""momentum_threshold"": 0.0, ""role"": ""child"", ""round_name"": ""R3_breakout_quality"", ""rvol_min"": 5.0, ""slow_slope_atr_min"": 0.0, ""stop_atr"": 4.0, ""take_profit_atr"": 0.0}",True,False,False,train_sample|train_top_trade_concentration|train_top3_trade_concentration|validation_top_trade_concentration|validation_top3_trade_concentration,2020-01-01T00:00:00+00:00,2022-01-01T00:00:00+00:00,34.661261156093225,16.020020391172007,-11.309515711472995,1.401847173605986,18,0.3888888888888889,3.62688163694494,18,0,0.3770706586591687,0.7923383195141415,2022-01-01T00:00:00+00:00,2024-01-01T00:00:00+00:00,6.957230482360477,3.4201288349422265,-7.020292238367764,0.4875779919371302,20,0.35,1.5535710840731476,20,0,0.4827725971147119,0.7219136837998003,,,,,,,,,,,,,,,,,,,,,,,,,,
iter-33bad5586b8f,R3_breakout_quality,"{""atr_cap"": 0.0035, ""atr_floor"": 0.0, ""body_atr_min"": 1.5, ""close_location_min"": 0.8, ""cooldown_bars"": 0, ""ema_spread_min"": 0.0, ""max_hold_bars"": 192, ""momentum_lookback"": 0, ""momentum_threshold"": 0.0, ""role"": ""child"", ""round_name"": ""R3_breakout_quality"", ""rvol_min"": 5.0, ""slow_slope_atr_min"": 0.0, ""stop_atr"": 4.0, ""take_profit_atr"": 0.0}",True,False,False,validation_return|train_sample|validation_sample|validation_pf|train_top_trade_concentration|train_top3_trade_concentration|validation_top_trade_concentration|validation_top3_trade_concentration,2020-01-01T00:00:00+00:00,2022-01-01T00:00:00+00:00,16.805025778515482,8.064891431590215,-9.423352054847012,0.9592223524297507,10,0.4,3.2292752129496467,10,0,0.46090097960598514,0.9590913480852088,2022-01-01T00:00:00+00:00,2024-01-01T00:00:00+00:00,-9.536979148782388,-4.887949842715722,-10.258818496856147,-1.3486583430365398,12,0.08333333333333333,0.05463077427024833,12,0,1.0,1.0,,,,,,,,,,,,,,,,,,,,,,,,,,
iter-685f6d09cb67,R3_breakout_quality,"{""atr_cap"": 0.0035, ""atr_floor"": 0.0, ""body_atr_min"": 1.5, ""close_location_min"": 0.9, ""cooldown_bars"": 0, ""ema_spread_min"": 0.0, ""max_hold_bars"": 192, ""momentum_lookback"": 0, ""momentum_threshold"": 0.0, ""role"": ""child"", ""round_name"": ""R3_breakout_quality"", ""rvol_min"": 5.0, ""slow_slope_atr_min"": 0.0, ""stop_atr"": 4.0, ""take_profit_atr"": 0.0}",True,False,False,validation_return|train_sample|validation_sample|validation_pf|train_top_trade_concentration|train_top3_trade_concentration|validation_top_trade_concentration|validation_top3_trade_concentration,2020-01-01T00:00:00+00:00,2022-01-01T00:00:00+00:00,4.2909178501037815,2.1199901686208777,-3.1998516908112395,0.6390653741607867,3,0.6666666666666666,4.5506926890523385,3,0,0.8230493106602633,1.0,2022-01-01T00:00:00+00:00,2024-01-01T00:00:00+00:00,-5.326501620024404,-2.6996925082065304,-6.081937992891707,-1.0154859841572643,5,0.0,0.0,5,0,1.0,1.0,,,,,,,,,,,,,,,,,,,,,,,,,,
iter-3b19443f189a,R3_breakout_quality,"{""atr_cap"": 0.0035, ""atr_floor"": 0.0, ""body_atr_min"": 2.0, ""close_location_min"": 0.0, ""cooldown_bars"": 0, ""ema_spread_min"": 0.0, ""max_hold_bars"": 192, ""momentum_lookback"": 0, ""momentum_threshold"": 0.0, ""role"": ""child"", ""round_name"": ""R3_breakout_quality"", ""rvol_min"": 5.0, ""slow_slope_atr_min"": 0.0, ""stop_atr"": 4.0, ""take_profit_atr"": 0.0}",True,True,True,,2020-01-01T00:00:00+00:00,2022-01-01T00:00:00+00:00,46.07501385143333,20.830173487137515,-11.648653525976227,1.733129543744332,21,0.38095238095238093,3.7838248438177255,21,0,0.3020640117169791,0.6787644175893218,2022-01-01T00:00:00+00:00,2024-01-01T00:00:00+00:00,34.39225019098981,15.927671498650309,-7.028496492675707,1.305803422249996,34,0.38235294117647056,2.4497461497834636,34,0,0.1895400114448254,0.4914227186951117,2020-01-01T00:00:00+00:00,2022-01-01T00:00:00+00:00,38.432873803586176,17.63133084134165,-12.836064115260493,1.484240540461514,21.0,0.38095238095238093,2.982685586747859,21.0,0.0,0.3095676998178843,0.6916346035858,2022-01-01T00:00:00+00:00,2024-01-01T00:00:00+00:00,23.21048425896206,11.000218134453267,-8.053148785863339,0.9301983614548305,34.0,0.38235294117647056,1.8449568805105292,34.0,0.0,0.19791275258774607,0.51080119496037
iter-3192d5c65c59,R3_breakout_quality,"{""atr_cap"": 0.0035, ""atr_floor"": 0.0, ""body_atr_min"": 2.0, ""close_location_min"": 0.7, ""cooldown_bars"": 0, ""ema_spread_min"": 0.0, ""max_hold_bars"": 192, ""momentum_lookback"": 0, ""momentum_threshold"": 0.0, ""role"": ""child"", ""round_name"": ""R3_breakout_quality"", ""rvol_min"": 5.0, ""slow_slope_atr_min"": 0.0, ""stop_atr"": 4.0, ""take_profit_atr"": 0.0}",True,False,False,train_sample|train_top_trade_concentration|train_top3_trade_concentration|validation_top_trade_concentration|validation_top3_trade_concentration,2020-01-01T00:00:00+00:00,2022-01-01T00:00:00+00:00,37.68616676924352,17.314084119459828,-9.423352054847022,1.5202810807389011,16,0.4375,4.428191558705834,16,0,0.3770706586591687,0.7923383195141415,2022-01-01T00:00:00+00:00,2024-01-01T00:00:00+00:00,6.957230482360477,3.4201288349422265,-7.020292238367764,0.4875779919371302,20,0.35,1.5535710840731476,20,0,0.4827725971147119,0.7219136837998003,,,,,,,,,,,,,,,,,,,,,,,,,,
iter-e924ed5ff2dd,R3_breakout_quality,"{""atr_cap"": 0.0035, ""atr_floor"": 0.0, ""body_atr_min"": 2.0, ""close_location_min"": 0.8, ""cooldown_bars"": 0, ""ema_spread_min"": 0.0, ""max_hold_bars"": 192, ""momentum_lookback"": 0, ""momentum_threshold"": 0.0, ""role"": ""child"", ""round_name"": ""R3_breakout_quality"", ""rvol_min"": 5.0, ""slow_slope_atr_min"": 0.0, ""stop_atr"": 4.0, ""take_profit_atr"": 0.0}",True,False,False,validation_return|train_sample|validation_sample|validation_pf|train_top_trade_concentration|train_top3_trade_concentration|validation_top_trade_concentration|validation_top3_trade_concentration,2020-01-01T00:00:00+00:00,2022-01-01T00:00:00+00:00,18.102804999198675,8.66274720190372,-9.423352054847012,1.040139264987501,9,0.4444444444444444,3.79188556056094,9,0,0.46090097960598514,0.9590913480852088,2022-01-01T00:00:00+00:00,2024-01-01T00:00:00+00:00,-9.536979148782388,-4.887949842715722,-10.258818496856147,-1.3486583430365398,12,0.08333333333333333,0.05463077427024833,12,0,1.0,1.0,,,,,,,,,,,,,,,,,,,,,,,,,,
iter-313a85c21ec1,R3_breakout_quality,"{""atr_cap"": 0.0035, ""atr_floor"": 0.0, ""body_atr_min"": 2.0, ""close_location_min"": 0.9, ""cooldown_bars"": 0, ""ema_spread_min"": 0.0, ""max_hold_bars"": 192, ""momentum_lookback"": 0, ""momentum_threshold"": 0.0, ""role"": ""child"", ""round_name"": ""R3_breakout_quality"", ""rvol_min"": 5.0, ""slow_slope_atr_min"": 0.0, ""stop_atr"": 4.0, ""take_profit_atr"": 0.0}",True,False,False,validation_return|train_sample|validation_sample|validation_pf|train_top_trade_concentration|train_top3_trade_concentration|validation_top_trade_concentration|validation_top3_trade_concentration,2020-01-01T00:00:00+00:00,2022-01-01T00:00:00+00:00,4.2909178501037815,2.1199901686208777,-3.1998516908112395,0.6390653741607867,3,0.6666666666666666,4.5506926890523385,3,0,0.8230493106602633,1.0,2022-01-01T00:00:00+00:00,2024-01-01T00:00:00+00:00,-5.326501620024404,-2.6996925082065304,-6.081937992891707,-1.0154859841572643,5,0.0,0.0,5,0,1.0,1.0,,,,,,,,,,,,,,,,,,,,,,,,,,
iter-5b6b9e66eeea,R3_breakout_quality,"{""atr_cap"": 0.0035, ""atr_floor"": 0.0, ""body_atr_min"": 2.5, ""close_location_min"": 0.0, ""cooldown_bars"": 0, ""ema_spread_min"": 0.0, ""max_hold_bars"": 192, ""momentum_lookback"": 0, ""momentum_threshold"": 0.0, ""role"": ""child"", ""round_name"": ""R3_breakout_quality"", ""rvol_min"": 5.0, ""slow_slope_atr_min"": 0.0, ""stop_atr"": 4.0, ""take_profit_atr"": 0.0}",True,False,False,train_sample|train_top3_trade_concentration,2020-01-01T00:00:00+00:00,2022-01-01T00:00:00+00:00,24.556101125937268,11.587943423992964,-12.336746722157056,1.2192049822538154,19,0.3684210526315789,2.753761610633467,19,0,0.29958574637484153,0.7501020825820344,2022-01-01T00:00:00+00:00,2024-01-01T00:00:00+00:00,36.732988029511084,16.932881615699124,-7.028496492675718,1.4086735105950279,29,0.4482758620689655,2.9116644564023417,29,0,0.19996400847069432,0.5184491439816451,,,,,,,,,,,,,,,,,,,,,,,,,,
iter-0590d8d91a37,R3_breakout_quality,"{""atr_cap"": 0.0035, ""atr_floor"": 0.0, ""body_atr_min"": 2.5, ""close_location_min"": 0.7, ""cooldown_bars"": 0, ""ema_spread_min"": 0.0, ""max_hold_bars"": 192, ""momentum_lookback"": 0, ""momentum_threshold"": 0.0, ""role"": ""child"", ""round_name"": ""R3_breakout_quality"", ""rvol_min"": 5.0, ""slow_slope_atr_min"": 0.0, ""stop_atr"": 4.0, ""take_profit_atr"": 0.0}",True,False,False,train_sample|validation_sample|train_top_trade_concentration|train_top3_trade_concentration|validation_top_trade_concentration|validation_top3_trade_concentration,2020-01-01T00:00:00+00:00,2022-01-01T00:00:00+00:00,18.032510883507257,8.630448902748666,-9.423352054847022,0.9789918254919246,15,0.4,2.7689569354532506,15,0,0.399646566830082,0.8316267083362724,2022-01-01T00:00:00+00:00,2024-01-01T00:00:00+00:00,9.67339845935733,4.725067896543922,-7.020292238367743,0.6713068535993423,18,0.3888888888888889,1.9108722303311871,18,0,0.4827725971147119,0.7219136837998003,,,,,,,,,,,,,,,,,,,,,,,,,,
iter-9726f3bcbc67,R3_breakout_quality,"{""atr_cap"": 0.0035, ""atr_floor"": 0.0, ""body_atr_min"": 2.5, ""close_location_min"": 0.8, ""cooldown_bars"": 0, ""ema_spread_min"": 0.0, ""max_hold_bars"": 192, ""momentum_lookback"": 0, ""momentum_threshold"": 0.0, ""role"": ""child"", ""round_name"": ""R3_breakout_quality"", ""rvol_min"": 5.0, ""slow_slope_atr_min"": 0.0, ""stop_atr"": 4.0, ""take_profit_atr"": 0.0}",True,False,False,validation_return|train_sample|validation_sample|validation_pf|train_top_trade_concentration|train_top3_trade_concentration|validation_top_trade_concentration|validation_top3_trade_concentration,2020-01-01T00:00:00+00:00,2022-01-01T00:00:00+00:00,18.148164679398015,8.68358367400237,-9.423352054847012,1.0534604297417391,9,0.4444444444444444,3.814833217878064,9,0,0.46090097960598514,0.9590913480852088,2022-01-01T00:00:00+00:00,2024-01-01T00:00:00+00:00,-7.573260130989723,-3.8611733642383794,-8.74481768049311,-1.1599507924339805,10,0.1,0.0685110976367467,10,0,1.0,1.0,,,,,,,,,,,,,,,,,,,,,,,,,,
iter-f2bdb450c7ac,R3_breakout_quality,"{""atr_cap"": 0.0035, ""atr_floor"": 0.0, ""body_atr_min"": 2.5, ""close_location_min"": 0.9, ""cooldown_bars"": 0, ""ema_spread_min"": 0.0, ""max_hold_bars"": 192, ""momentum_lookback"": 0, ""momentum_threshold"": 0.0, ""role"": ""child"", ""round_name"": ""R3_breakout_quality"", ""rvol_min"": 5.0, ""slow_slope_atr_min"": 0.0, ""stop_atr"": 4.0, ""take_profit_atr"": 0.0}",True,False,False,validation_return|train_sample|validation_sample|validation_pf|train_top_trade_concentration|train_top3_trade_concentration|validation_top_trade_concentration|validation_top3_trade_concentration,2020-01-01T00:00:00+00:00,2022-01-01T00:00:00+00:00,4.330972806304079,2.139572043556459,-3.1998516908112618,0.6917234267399558,3,0.6666666666666666,4.697374883524302,3,0,0.8230493106602633,1.0,2022-01-01T00:00:00+00:00,2024-01-01T00:00:00+00:00,-4.267755861841394,-2.1571442883239422,-4.824873053808898,-0.9386869657017063,4,0.0,0.0,4,0,1.0,1.0,,,,,,,,,,,,,,,,,,,,,,,,,,
iter-ea23013aa93b,R3_breakout_quality,"{""atr_cap"": 0.0035, ""atr_floor"": 0.0, ""body_atr_min"": -100.0, ""close_location_min"": 0.0, ""cooldown_bars"": 0, ""ema_spread_min"": 0.0, ""max_hold_bars"": 192, ""momentum_lookback"": 0, ""momentum_threshold"": 0.0, ""role"": ""child"", ""round_name"": ""R3_breakout_quality"", ""rvol_min"": 6.0, ""slow_slope_atr_min"": 0.0, ""stop_atr"": 4.0, ""take_profit_atr"": 0.0}",True,True,True,,2020-01-01T00:00:00+00:00,2022-01-01T00:00:00+00:00,45.46374900057104,20.57744159555659,-12.575922551687913,1.702015750905726,21,0.38095238095238093,3.7464655514565677,21,0,0.3042398926174878,0.6836538134620129,2022-01-01T00:00:00+00:00,2024-01-01T00:00:00+00:00,30.88991536370511,14.407130618552412,-7.852967833217317,1.2234262110023961,39,0.3333333333333333,2.063959451216699,39,0,0.196098866191835,0.5197979427033798,2020-01-01T00:00:00+00:00,2022-01-01T00:00:00+00:00,37.85293943733723,17.385013893996092,-13.958773701554028,1.4553994510489958,21.0,0.38095238095238093,2.953765287651981,21.0,0.0,0.3118928673025692,0.6968294811278909,2022-01-01T00:00:00+00:00,2024-01-01T00:00:00+00:00,18.611486216009254,8.908900561895884,-10.80110368710887,0.7871372540083601,39.0,0.3333333333333333,1.5687363806062233,39.0,0.0,0.20440299348549457,0.5399375351602533
iter-086e6108217c,R3_breakout_quality,"{""atr_cap"": 0.0035, ""atr_floor"": 0.0, ""body_atr_min"": -100.0, ""close_location_min"": 0.7, ""cooldown_bars"": 0, ""ema_spread_min"": 0.0, ""max_hold_bars"": 192, ""momentum_lookback"": 0, ""momentum_threshold"": 0.0, ""role"": ""child"", ""round_name"": ""R3_breakout_quality"", ""rvol_min"": 6.0, ""slow_slope_atr_min"": 0.0, ""stop_atr"": 4.0, ""take_profit_atr"": 0.0}",True,False,False,train_sample|validation_sample|train_top_trade_concentration|train_top3_trade_concentration|validation_top_trade_concentration|validation_top3_trade_concentration,2020-01-01T00:00:00+00:00,2022-01-01T00:00:00+00:00,25.98562213790485,12.225583845406952,-5.481916549878929,1.383606073828146,15,0.4,3.5313304286150187,15,0,0.47735778330779755,0.884774797106054,2022-01-01T00:00:00+00:00,2024-01-01T00:00:00+00:00,9.641695859382393,4.709930693980691,-8.233660537771193,0.6872355612052059,17,0.4117647058823529,1.9063604566315515,17,0,0.4827725971147119,0.7219136837998003,,,,,,,,,,,,,,,,,,,,,,,,,,
iter-9ae60155ed3d,R3_breakout_quality,"{""atr_cap"": 0.0035, ""atr_floor"": 0.0, ""body_atr_min"": -100.0, ""close_location_min"": 0.8, ""cooldown_bars"": 0, ""ema_spread_min"": 0.0, ""max_hold_bars"": 192, ""momentum_lookback"": 0, ""momentum_threshold"": 0.0, ""role"": ""child"", ""round_name"": ""R3_breakout_quality"", ""rvol_min"": 6.0, ""slow_slope_atr_min"": 0.0, ""stop_atr"": 4.0, ""take_profit_atr"": 0.0}",True,False,False,validation_return|train_sample|validation_sample|validation_pf|train_top_trade_concentration|train_top3_trade_concentration|validation_top_trade_concentration|validation_top3_trade_concentration,2020-01-01T00:00:00+00:00,2022-01-01T00:00:00+00:00,6.49741647936477,3.1931421073864596,-4.5737259861681085,0.787633542602814,6,0.3333333333333333,2.352199195362406,6,0,0.918477746649035,1.0,2022-01-01T00:00:00+00:00,2024-01-01T00:00:00+00:00,-8.551761706535155,-4.371427756415369,-9.710916233821642,-1.509583752451859,10,0.1,0.06086763304687596,10,0,1.0,1.0,,,,,,,,,,,,,,,,,,,,,,,,,,
iter-6ba3f19b2c43,R3_breakout_quality,"{""atr_cap"": 0.0035, ""atr_floor"": 0.0, ""body_atr_min"": -100.0, ""close_location_min"": 0.9, ""cooldown_bars"": 0, ""ema_spread_min"": 0.0, ""max_hold_bars"": 192, ""momentum_lookback"": 0, ""momentum_threshold"": 0.0, ""role"": ""child"", ""round_name"": ""R3_breakout_quality"", ""rvol_min"": 6.0, ""slow_slope_atr_min"": 0.0, ""stop_atr"": 4.0, ""take_profit_atr"": 0.0}",True,False,False,train_return|validation_return|train_sample|validation_sample|train_pf|validation_pf|train_top_trade_concentration|train_top3_trade_concentration|validation_top_trade_concentration|validation_top3_trade_concentration,2020-01-01T00:00:00+00:00,2022-01-01T00:00:00+00:00,-0.2485120766655302,-0.12416335121887556,-2.2187801010445374,-0.052341160243282156,2,0.5,0.8052482083011117,2,0,1.0,1.0,2022-01-01T00:00:00+00:00,2024-01-01T00:00:00+00:00,-2.183752295779673,-1.0979031040189047,-2.183752295779673,-1.2030628547431428,2,0.0,0.0,2,0,1.0,1.0,,,,,,,,,,,,,,,,,,,,,,,,,,
iter-a36db4f79f7a,R3_breakout_quality,"{""atr_cap"": 0.0035, ""atr_floor"": 0.0, ""body_atr_min"": 1.0, ""close_location_min"": 0.0, ""cooldown_bars"": 0, ""ema_spread_min"": 0.0, ""max_hold_bars"": 192, ""momentum_lookback"": 0, ""momentum_threshold"": 0.0, ""role"": ""child"", ""round_name"": ""R3_breakout_quality"", ""rvol_min"": 6.0, ""slow_slope_atr_min"": 0.0, ""stop_atr"": 4.0, ""take_profit_atr"": 0.0}",True,True,True,,2020-01-01T00:00:00+00:00,2022-01-01T00:00:00+00:00,45.46374900057104,20.57744159555659,-12.575922551687913,1.702015750905726,21,0.38095238095238093,3.7464655514565677,21,0,0.3042398926174878,0.6836538134620129,2022-01-01T00:00:00+00:00,2024-01-01T00:00:00+00:00,32.080196187924415,14.926148542411543,-7.871224138779754,1.282708965018972,38,0.34210526315789475,2.134841334050066,38,0,0.196098866191835,0.5197979427033798,2020-01-01T00:00:00+00:00,2022-01-01T00:00:00+00:00,37.85293943733723,17.385013893996092,-13.958773701554028,1.4553994510489958,21.0,0.38095238095238093,2.953765287651981,21.0,0.0,0.3118928673025692,0.6968294811278909,2022-01-01T00:00:00+00:00,2024-01-01T00:00:00+00:00,19.979179754941544,9.535007990569632,-10.81872162055596,0.8485699013405077,38.0,0.34210526315789475,1.6242999163144987,38.0,0.0,0.20440299348549457,0.5399375351602533
iter-685be01520ba,R3_breakout_quality,"{""atr_cap"": 0.0035, ""atr_floor"": 0.0, ""body_atr_min"": 1.0, ""close_location_min"": 0.7, ""cooldown_bars"": 0, ""ema_spread_min"": 0.0, ""max_hold_bars"": 192, ""momentum_lookback"": 0, ""momentum_threshold"": 0.0, ""role"": ""child"", ""round_name"": ""R3_breakout_quality"", ""rvol_min"": 6.0, ""slow_slope_atr_min"": 0.0, ""stop_atr"": 4.0, ""take_profit_atr"": 0.0}",True,False,False,train_sample|validation_sample|train_top_trade_concentration|train_top3_trade_concentration|validation_top_trade_concentration|validation_top3_trade_concentration,2020-01-01T00:00:00+00:00,2022-01-01T00:00:00+00:00,25.98562213790485,12.225583845406952,-5.481916549878929,1.383606073828146,15,0.4,3.5313304286150187,15,0,0.47735778330779755,0.884774797106054,2022-01-01T00:00:00+00:00,2024-01-01T00:00:00+00:00,9.641695859382393,4.709930693980691,-8.233660537771193,0.6872355612052059,17,0.4117647058823529,1.9063604566315515,17,0,0.4827725971147119,0.7219136837998003,,,,,,,,,,,,,,,,,,,,,,,,,,
iter-aaa568683db6,R3_breakout_quality,"{""atr_cap"": 0.0035, ""atr_floor"": 0.0, ""body_atr_min"": 1.0, ""close_location_min"": 0.8, ""cooldown_bars"": 0, ""ema_spread_min"": 0.0, ""max_hold_bars"": 192, ""momentum_lookback"": 0, ""momentum_threshold"": 0.0, ""role"": ""child"", ""round_name"": ""R3_breakout_quality"", ""rvol_min"": 6.0, ""slow_slope_atr_min"": 0.0, ""stop_atr"": 4.0, ""take_profit_atr"": 0.0}",True,False,False,validation_return|train_sample|validation_sample|validation_pf|train_top_trade_concentration|train_top3_trade_concentration|validation_top_trade_concentration|validation_top3_trade_concentration,2020-01-01T00:00:00+00:00,2022-01-01T00:00:00+00:00,6.49741647936477,3.1931421073864596,-4.5737259861681085,0.787633542602814,6,0.3333333333333333,2.352199195362406,6,0,0.918477746649035,1.0,2022-01-01T00:00:00+00:00,2024-01-01T00:00:00+00:00,-8.551761706535155,-4.371427756415369,-9.710916233821642,-1.509583752451859,10,0.1,0.06086763304687596,10,0,1.0,1.0,,,,,,,,,,,,,,,,,,,,,,,,,,
iter-02e75074bc56,R3_breakout_quality,"{""atr_cap"": 0.0035, ""atr_floor"": 0.0, ""body_atr_min"": 1.0, ""close_location_min"": 0.9, ""cooldown_bars"": 0, ""ema_spread_min"": 0.0, ""max_hold_bars"": 192, ""momentum_lookback"": 0, ""momentum_threshold"": 0.0, ""role"": ""child"", ""round_name"": ""R3_breakout_quality"", ""rvol_min"": 6.0, ""slow_slope_atr_min"": 0.0, ""stop_atr"": 4.0, ""take_profit_atr"": 0.0}",True,False,False,train_return|validation_return|train_sample|validation_sample|train_pf|validation_pf|train_top_trade_concentration|train_top3_trade_concentration|validation_top_trade_concentration|validation_top3_trade_concentration,2020-01-01T00:00:00+00:00,2022-01-01T00:00:00+00:00,-0.2485120766655302,-0.12416335121887556,-2.2187801010445374,-0.052341160243282156,2,0.5,0.8052482083011117,2,0,1.0,1.0,2022-01-01T00:00:00+00:00,2024-01-01T00:00:00+00:00,-2.183752295779673,-1.0979031040189047,-2.183752295779673,-1.2030628547431428,2,0.0,0.0,2,0,1.0,1.0,,,,,,,,,,,,,,,,,,,,,,,,,,
iter-6b165c7ee8df,R3_breakout_quality,"{""atr_cap"": 0.0035, ""atr_floor"": 0.0, ""body_atr_min"": 1.5, ""close_location_min"": 0.0, ""cooldown_bars"": 0, ""ema_spread_min"": 0.0, ""max_hold_bars"": 192, ""momentum_lookback"": 0, ""momentum_threshold"": 0.0, ""role"": ""child"", ""round_name"": ""R3_breakout_quality"", ""rvol_min"": 6.0, ""slow_slope_atr_min"": 0.0, ""stop_atr"": 4.0, ""take_profit_atr"": 0.0}",True,True,True,,2020-01-01T00:00:00+00:00,2022-01-01T00:00:00+00:00,45.37440223134108,20.540456016395137,-12.62962018375493,1.7099361430192663,21,0.38095238095238093,3.7309957788668267,21,0,0.3042398926174878,0.6836538134620129,2022-01-01T00:00:00+00:00,2024-01-01T00:00:00+00:00,30.773989486105148,14.356455649038512,-6.831897083898609,1.2421831593886015,36,0.3611111111111111,2.1721993869414797,36,0,0.1892455423760087,0.4906592451189184,2020-01-01T00:00:00+00:00,2022-01-01T00:00:00+00:00,37.768299800045725,17.349021339163805,-14.01160172405207,1.4619077284032387,21.0,0.38095238095238093,2.943741235004106,21.0,0.0,0.3118928673025692,0.6968294811278909,2022-01-01T00:00:00+00:00,2024-01-01T00:00:00+00:00,19.36384012172352,9.253759716415955,-9.36223182062309,0.8287903405100714,36.0,0.3611111111111111,1.6479884530170248,36.0,0.0,0.1975824521841408,0.5099487090106197
iter-eb6796da3073,R3_breakout_quality,"{""atr_cap"": 0.0035, ""atr_floor"": 0.0, ""body_atr_min"": 1.5, ""close_location_min"": 0.7, ""cooldown_bars"": 0, ""ema_spread_min"": 0.0, ""max_hold_bars"": 192, ""momentum_lookback"": 0, ""momentum_threshold"": 0.0, ""role"": ""child"", ""round_name"": ""R3_breakout_quality"", ""rvol_min"": 6.0, ""slow_slope_atr_min"": 0.0, ""stop_atr"": 4.0, ""take_profit_atr"": 0.0}",True,False,False,train_sample|validation_sample|train_top_trade_concentration|train_top3_trade_concentration|validation_top_trade_concentration|validation_top3_trade_concentration,2020-01-01T00:00:00+00:00,2022-01-01T00:00:00+00:00,25.98562213790485,12.225583845406952,-5.481916549878929,1.383606073828146,15,0.4,3.5313304286150187,15,0,0.47735778330779755,0.884774797106054,2022-01-01T00:00:00+00:00,2024-01-01T00:00:00+00:00,9.641695859382393,4.709930693980691,-8.233660537771193,0.6872355612052059,17,0.4117647058823529,1.9063604566315515,17,0,0.4827725971147119,0.7219136837998003,,,,,,,,,,,,,,,,,,,,,,,,,,
iter-66ba2d794627,R3_breakout_quality,"{""atr_cap"": 0.0035, ""atr_floor"": 0.0, ""body_atr_min"": 1.5, ""close_location_min"": 0.8, ""cooldown_bars"": 0, ""ema_spread_min"": 0.0, ""max_hold_bars"": 192, ""momentum_lookback"": 0, ""momentum_threshold"": 0.0, ""role"": ""child"", ""round_name"": ""R3_breakout_quality"", ""rvol_min"": 6.0, ""slow_slope_atr_min"": 0.0, ""stop_atr"": 4.0, ""take_profit_atr"": 0.0}",True,False,False,validation_return|train_sample|validation_sample|validation_pf|train_top_trade_concentration|train_top3_trade_concentration|validation_top_trade_concentration|validation_top3_trade_concentration,2020-01-01T00:00:00+00:00,2022-01-01T00:00:00+00:00,6.49741647936477,3.1931421073864596,-4.5737259861681085,0.787633542602814,6,0.3333333333333333,2.352199195362406,6,0,0.918477746649035,1.0,2022-01-01T00:00:00+00:00,2024-01-01T00:00:00+00:00,-8.551761706535155,-4.371427756415369,-9.710916233821642,-1.509583752451859,10,0.1,0.06086763304687596,10,0,1.0,1.0,,,,,,,,,,,,,,,,,,,,,,,,,,
iter-015d6bd0e4f9,R3_breakout_quality,"{""atr_cap"": 0.0035, ""atr_floor"": 0.0, ""body_atr_min"": 1.5, ""close_location_min"": 0.9, ""cooldown_bars"": 0, ""ema_spread_min"": 0.0, ""max_hold_bars"": 192, ""momentum_lookback"": 0, ""momentum_threshold"": 0.0, ""role"": ""child"", ""round_name"": ""R3_breakout_quality"", ""rvol_min"": 6.0, ""slow_slope_atr_min"": 0.0, ""stop_atr"": 4.0, ""take_profit_atr"": 0.0}",True,False,False,train_return|validation_return|train_sample|validation_sample|train_pf|validation_pf|train_top_trade_concentration|train_top3_trade_concentration|validation_top_trade_concentration|validation_top3_trade_concentration,2020-01-01T00:00:00+00:00,2022-01-01T00:00:00+00:00,-0.2485120766655302,-0.12416335121887556,-2.2187801010445374,-0.052341160243282156,2,0.5,0.8052482083011117,2,0,1.0,1.0,2022-01-01T00:00:00+00:00,2024-01-01T00:00:00+00:00,-2.183752295779673,-1.0979031040189047,-2.183752295779673,-1.2030628547431428,2,0.0,0.0,2,0,1.0,1.0,,,,,,,,,,,,,,,,,,,,,,,,,,
iter-592836bf0e02,R3_breakout_quality,"{""atr_cap"": 0.0035, ""atr_floor"": 0.0, ""body_atr_min"": 2.0, ""close_location_min"": 0.0, ""cooldown_bars"": 0, ""ema_spread_min"": 0.0, ""max_hold_bars"": 192, ""momentum_lookback"": 0, ""momentum_threshold"": 0.0, ""role"": ""child"", ""round_name"": ""R3_breakout_quality"", ""rvol_min"": 6.0, ""slow_slope_atr_min"": 0.0, ""stop_atr"": 4.0, ""take_profit_atr"": 0.0}",True,False,False,train_top3_trade_concentration,2020-01-01T00:00:00+00:00,2022-01-01T00:00:00+00:00,44.82905882965649,20.314460999516815,-11.648653525976227,1.6988613785338815,20,0.4,3.922176662096419,20,0,0.3130407229534907,0.7034300537475209,2022-01-01T00:00:00+00:00,2024-01-01T00:00:00+00:00,37.61517514494954,17.3094945624392,-6.6015066682569845,1.4748146052115338,32,0.40625,2.7504339481126547,32,0,0.1895400114448254,0.4914227186951117,,,,,,,,,,,,,,,,,,,,,,,,,,
iter-1e85d6228161,R3_breakout_quality,"{""atr_cap"": 0.0035, ""atr_floor"": 0.0, ""body_atr_min"": 2.0, ""close_location_min"": 0.7, ""cooldown_bars"": 0, ""ema_spread_min"": 0.0, ""max_hold_bars"": 192, ""momentum_lookback"": 0, ""momentum_threshold"": 0.0, ""role"": ""child"", ""round_name"": ""R3_breakout_quality"", ""rvol_min"": 6.0, ""slow_slope_atr_min"": 0.0, ""stop_atr"": 4.0, ""take_profit_atr"": 0.0}",True,False,False,train_sample|validation_sample|train_top_trade_concentration|train_top3_trade_concentration|validation_top_trade_concentration|validation_top3_trade_concentration,2020-01-01T00:00:00+00:00,2022-01-01T00:00:00+00:00,27.40014837593556,12.852979916463436,-4.811984509339828,1.4552814406983863,14,0.42857142857142855,3.9771819263967894,14,0,0.47735778330779755,0.884774797106054,2022-01-01T00:00:00+00:00,2024-01-01T00:00:00+00:00,9.641695859382393,4.709930693980691,-8.233660537771193,0.6872355612052059,17,0.4117647058823529,1.9063604566315515,17,0,0.4827725971147119,0.7219136837998003,,,,,,,,,,,,,,,,,,,,,,,,,,
iter-ca1810b5e341,R3_breakout_quality,"{""atr_cap"": 0.0035, ""atr_floor"": 0.0, ""body_atr_min"": 2.0, ""close_location_min"": 0.8, ""cooldown_bars"": 0, ""ema_spread_min"": 0.0, ""max_hold_bars"": 192, ""momentum_lookback"": 0, ""momentum_threshold"": 0.0, ""role"": ""child"", ""round_name"": ""R3_breakout_quality"", ""rvol_min"": 6.0, ""slow_slope_atr_min"": 0.0, ""stop_atr"": 4.0, ""take_profit_atr"": 0.0}",True,False,False,validation_return|train_sample|validation_sample|validation_pf|train_top_trade_concentration|train_top3_trade_concentration|validation_top_trade_concentration|validation_top3_trade_concentration,2020-01-01T00:00:00+00:00,2022-01-01T00:00:00+00:00,6.49741647936477,3.1931421073864596,-4.5737259861681085,0.787633542602814,6,0.3333333333333333,2.352199195362406,6,0,0.918477746649035,1.0,2022-01-01T00:00:00+00:00,2024-01-01T00:00:00+00:00,-8.551761706535155,-4.371427756415369,-9.710916233821642,-1.509583752451859,10,0.1,0.06086763304687596,10,0,1.0,1.0,,,,,,,,,,,,,,,,,,,,,,,,,,
iter-de9eeebf3080,R3_breakout_quality,"{""atr_cap"": 0.0035, ""atr_floor"": 0.0, ""body_atr_min"": 2.0, ""close_location_min"": 0.9, ""cooldown_bars"": 0, ""ema_spread_min"": 0.0, ""max_hold_bars"": 192, ""momentum_lookback"": 0, ""momentum_threshold"": 0.0, ""role"": ""child"", ""round_name"": ""R3_breakout_quality"", ""rvol_min"": 6.0, ""slow_slope_atr_min"": 0.0, ""stop_atr"": 4.0, ""take_profit_atr"": 0.0}",True,False,False,train_return|validation_return|train_sample|validation_sample|train_pf|validation_pf|train_top_trade_concentration|train_top3_trade_concentration|validation_top_trade_concentration|validation_top3_trade_concentration,2020-01-01T00:00:00+00:00,2022-01-01T00:00:00+00:00,-0.2485120766655302,-0.12416335121887556,-2.2187801010445374,-0.052341160243282156,2,0.5,0.8052482083011117,2,0,1.0,1.0,2022-01-01T00:00:00+00:00,2024-01-01T00:00:00+00:00,-2.183752295779673,-1.0979031040189047,-2.183752295779673,-1.2030628547431428,2,0.0,0.0,2,0,1.0,1.0,,,,,,,,,,,,,,,,,,,,,,,,,,
iter-2b9be1a3722c,R3_breakout_quality,"{""atr_cap"": 0.0035, ""atr_floor"": 0.0, ""body_atr_min"": 2.5, ""close_location_min"": 0.0, ""cooldown_bars"": 0, ""ema_spread_min"": 0.0, ""max_hold_bars"": 192, ""momentum_lookback"": 0, ""momentum_threshold"": 0.0, ""role"": ""child"", ""round_name"": ""R3_breakout_quality"", ""rvol_min"": 6.0, ""slow_slope_atr_min"": 0.0, ""stop_atr"": 4.0, ""take_profit_atr"": 0.0}",True,False,False,train_sample|train_top3_trade_concentration,2020-01-01T00:00:00+00:00,2022-01-01T00:00:00+00:00,22.247127460886617,10.550232606589937,-12.336746722157056,1.1213724341099334,19,0.3684210526315789,2.6087082586971673,19,0,0.31624376727814923,0.7918103958862066,2022-01-01T00:00:00+00:00,2024-01-01T00:00:00+00:00,39.95967268532148,18.304553033820923,-6.601506668256995,1.5788035130710194,27,0.48148148148148145,3.365806088688077,27,0,0.19996400847069432,0.5184491439816451,,,,,,,,,,,,,,,,,,,,,,,,,,
iter-40c0bb08099b,R3_breakout_quality,"{""atr_cap"": 0.0035, ""atr_floor"": 0.0, ""body_atr_min"": 2.5, ""close_location_min"": 0.7, ""cooldown_bars"": 0, ""ema_spread_min"": 0.0, ""max_hold_bars"": 192, ""momentum_lookback"": 0, ""momentum_threshold"": 0.0, ""role"": ""child"", ""round_name"": ""R3_breakout_quality"", ""rvol_min"": 6.0, ""slow_slope_atr_min"": 0.0, ""stop_atr"": 4.0, ""take_profit_atr"": 0.0}",True,False,False,train_sample|validation_sample|train_top_trade_concentration|train_top3_trade_concentration|validation_top_trade_concentration|validation_top3_trade_concentration,2020-01-01T00:00:00+00:00,2022-01-01T00:00:00+00:00,9.21474359109049,4.499557409107036,-4.4206977636413125,0.7944616695844132,13,0.38461538461538464,2.08764995139698,13,0,0.603019915454236,0.9224577887336477,2022-01-01T00:00:00+00:00,2024-01-01T00:00:00+00:00,9.641695859382393,4.709930693980691,-8.233660537771193,0.6872355612052059,17,0.4117647058823529,1.9063604566315515,17,0,0.4827725971147119,0.7219136837998003,,,,,,,,,,,,,,,,,,,,,,,,,,
iter-789793e91366,R3_breakout_quality,"{""atr_cap"": 0.0035, ""atr_floor"": 0.0, ""body_atr_min"": 2.5, ""close_location_min"": 0.8, ""cooldown_bars"": 0, ""ema_spread_min"": 0.0, ""max_hold_bars"": 192, ""momentum_lookback"": 0, ""momentum_threshold"": 0.0, ""role"": ""child"", ""round_name"": ""R3_breakout_quality"", ""rvol_min"": 6.0, ""slow_slope_atr_min"": 0.0, ""stop_atr"": 4.0, ""take_profit_atr"": 0.0}",True,False,False,validation_return|train_sample|validation_sample|validation_pf|train_top_trade_concentration|train_top3_trade_concentration|validation_top_trade_concentration|validation_top3_trade_concentration,2020-01-01T00:00:00+00:00,2022-01-01T00:00:00+00:00,6.538318884295724,3.212929763061112,-3.6974486824572717,0.829975010111526,6,0.3333333333333333,2.369821320671454,6,0,0.918477746649035,1.0,2022-01-01T00:00:00+00:00,2024-01-01T00:00:00+00:00,-7.599977347764442,-3.875069491710137,-8.771196242490454,-1.36861526663359,9,0.1111111111111111,0.06830275875540694,9,0,1.0,1.0,,,,,,,,,,,,,,,,,,,,,,,,,,
iter-f26ae42b6245,R3_breakout_quality,"{""atr_cap"": 0.0035, ""atr_floor"": 0.0, ""body_atr_min"": 2.5, ""close_location_min"": 0.9, ""cooldown_bars"": 0, ""ema_spread_min"": 0.0, ""max_hold_bars"": 192, ""momentum_lookback"": 0, ""momentum_threshold"": 0.0, ""role"": ""child"", ""round_name"": ""R3_breakout_quality"", ""rvol_min"": 6.0, ""slow_slope_atr_min"": 0.0, ""stop_atr"": 4.0, ""take_profit_atr"": 0.0}",True,False,False,train_return|validation_return|train_sample|validation_sample|train_pf|validation_pf|train_top_trade_concentration|train_top3_trade_concentration|validation_top_trade_concentration|validation_top3_trade_concentration,2020-01-01T00:00:00+00:00,2022-01-01T00:00:00+00:00,-0.2102005768528037,-0.10501180078187344,-2.144692055808617,-0.059877852543716435,2,0.5,0.8312037237267907,2,0,1.0,1.0,2022-01-01T00:00:00+00:00,2024-01-01T00:00:00+00:00,-2.183752295779673,-1.0979031040189047,-2.183752295779673,-1.2030628547431428,2,0.0,0.0,2,0,1.0,1.0,,,,,,,,,,,,,,,,,,,,,,,,,,
iter-57d863330e2f,R4_volatility_band,"{""atr_cap"": 0.00325, ""atr_floor"": 0.0, ""body_atr_min"": -100.0, ""close_location_min"": 0.0, ""cooldown_bars"": 0, ""ema_spread_min"": 0.0, ""max_hold_bars"": 192, ""momentum_lookback"": 0, ""momentum_threshold"": 0.0, ""role"": ""child"", ""round_name"": ""R4_volatility_band"", ""rvol_min"": 0.0, ""slow_slope_atr_min"": 0.0, ""stop_atr"": 4.0, ""take_profit_atr"": 0.0}",True,True,True,,2020-01-01T00:00:00+00:00,2022-01-01T00:00:00+00:00,33.44696538524366,15.496451354968688,-13.677238709126193,1.1738958550925074,30,0.26666666666666666,2.2253364652966243,30,0,0.2882743341965705,0.664584004950888,2022-01-01T00:00:00+00:00,2024-01-01T00:00:00+00:00,42.390383198536405,19.327441604409003,-8.240669224943776,1.427168104990244,50,0.34,2.085952992632814,50,0,0.150914606779507,0.4301060020634468,2020-01-01T00:00:00+00:00,2022-01-01T00:00:00+00:00,23.75012325589898,11.22681962864782,-18.15454276386872,0.8753149825383748,30.0,0.23333333333333334,1.7720712953977067,30.0,0.0,0.29423954144296316,0.6748364535983887,2022-01-01T00:00:00+00:00,2024-01-01T00:00:00+00:00,17.73918709105706,8.507689631222481,-10.915406555698738,0.6813620729434203,53.0,0.32075471698113206,1.4012174014409304,53.0,0.0,0.1635966126714865,0.4656064896206317
iter-e70b533611d3,R4_volatility_band,"{""atr_cap"": 0.0035, ""atr_floor"": 0.0, ""body_atr_min"": -100.0, ""close_location_min"": 0.0, ""cooldown_bars"": 0, ""ema_spread_min"": 0.0, ""max_hold_bars"": 192, ""momentum_lookback"": 0, ""momentum_threshold"": 0.0, ""role"": ""child"", ""round_name"": ""R4_volatility_band"", ""rvol_min"": 0.0, ""slow_slope_atr_min"": 0.0, ""stop_atr"": 4.0, ""take_profit_atr"": 0.0}",False,True,False,,2020-01-01T00:00:00+00:00,2022-01-01T00:00:00+00:00,30.96397763855423,14.41838073325803,-13.677238709126216,1.0744642025979672,34,0.2647058823529412,2.026150876196338,34,0,0.2813974279933321,0.6487300723454854,2022-01-01T00:00:00+00:00,2024-01-01T00:00:00+00:00,29.299056841651925,13.709743136484098,-10.26129516419646,1.035562296004836,56,0.30357142857142855,1.6371342759738994,56,0,0.150914606779507,0.4301060020634468,,,,,,,,,,,,,,,,,,,,,,,,,,
iter-27d3eb0fdfb8,R4_volatility_band,"{""atr_cap"": 0.00375, ""atr_floor"": 0.0, ""body_atr_min"": -100.0, ""close_location_min"": 0.0, ""cooldown_bars"": 0, ""ema_spread_min"": 0.0, ""max_hold_bars"": 192, ""momentum_lookback"": 0, ""momentum_threshold"": 0.0, ""role"": ""child"", ""round_name"": ""R4_volatility_band"", ""rvol_min"": 0.0, ""slow_slope_atr_min"": 0.0, ""stop_atr"": 4.0, ""take_profit_atr"": 0.0}",True,True,False,double_cost_return,2020-01-01T00:00:00+00:00,2022-01-01T00:00:00+00:00,21.730791033715533,10.316838873484603,-16.695435625896504,0.7447484804283093,45,0.26666666666666666,1.533661910184541,45,0,0.2529077298884727,0.5830502825746121,2022-01-01T00:00:00+00:00,2024-01-01T00:00:00+00:00,11.833762442617246,5.75148341400098,-15.752637876086595,0.48267569190188886,63,0.2698412698412698,1.2494248693865209,63,0,0.15970005363112205,0.45514448907491184,2020-01-01T00:00:00+00:00,2022-01-01T00:00:00+00:00,6.963232031065614,3.4182685283941305,-21.80523277198968,0.30160596656585126,45.0,0.24444444444444444,1.189811746482602,45.0,0.0,0.2615406810353774,0.5998418322570508,2022-01-01T00:00:00+00:00,2024-01-01T00:00:00+00:00,-0.14943358238711513,-0.07474472506318053,-19.024490673870087,0.06358788842521884,62.0,0.27419354838709675,1.0378575407939692,62.0,0.0,0.1635966126714865,0.4656064896206317
iter-ad8afe447522,R4_volatility_band,"{""atr_cap"": 0.004, ""atr_floor"": 0.0, ""body_atr_min"": -100.0, ""close_location_min"": 0.0, ""cooldown_bars"": 0, ""ema_spread_min"": 0.0, ""max_hold_bars"": 192, ""momentum_lookback"": 0, ""momentum_threshold"": 0.0, ""role"": ""child"", ""round_name"": ""R4_volatility_band"", ""rvol_min"": 0.0, ""slow_slope_atr_min"": 0.0, ""stop_atr"": 4.0, ""take_profit_atr"": 0.0}",True,True,False,double_cost_return,2020-01-01T00:00:00+00:00,2022-01-01T00:00:00+00:00,31.650054740513966,14.71727935259044,-16.695435625896515,0.9490659490377484,51,0.27450980392156865,1.632818162900731,51,0,0.20304721951693616,0.5160034182274296,2022-01-01T00:00:00+00:00,2024-01-01T00:00:00+00:00,10.96480622876741,5.339833979728392,-16.096618977785447,0.441043604915737,66,0.2727272727272727,1.22658582214152,66,0,0.1563720351336874,0.44565965018972586,2020-01-01T00:00:00+00:00,2022-01-01T00:00:00+00:00,-2.4557381872985617,-1.2338217298503595,-21.912874441551622,-0.005783446048591055,51.0,0.23529411764705882,1.0141307211187305,51.0,0.0,0.2565531470144989,0.5884029557744913,2022-01-01T00:00:00+00:00,2024-01-01T00:00:00+00:00,-2.1726983589276494,-1.092314939094674,-20.66529153920288,-0.005046602177725116,65.0,0.27692307692307694,1.005626206584415,65.0,0.0,0.16069080299890634,0.4573363682589347
iter-9ee7996b782e,R4_volatility_band,"{""atr_cap"": 0.00425, ""atr_floor"": 0.0, ""body_atr_min"": -100.0, ""close_location_min"": 0.0, ""cooldown_bars"": 0, ""ema_spread_min"": 0.0, ""max_hold_bars"": 192, ""momentum_lookback"": 0, ""momentum_threshold"": 0.0, ""role"": ""child"", ""round_name"": ""R4_volatility_band"", ""rvol_min"": 0.0, ""slow_slope_atr_min"": 0.0, ""stop_atr"": 4.0, ""take_profit_atr"": 0.0}",True,True,False,double_cost_return,2020-01-01T00:00:00+00:00,2022-01-01T00:00:00+00:00,16.592806983291464,7.966811514031558,-18.72595448801836,0.5311136903841708,60,0.26666666666666666,1.3048276876020288,60,0,0.20020153009319294,0.4615420760139692,2022-01-01T00:00:00+00:00,2024-01-01T00:00:00+00:00,12.74377007106986,6.1808693084916655,-17.067455243632946,0.4682085172599176,73,0.2876712328767123,1.2247599720454176,73,0,0.13475861578681064,0.38406149488466734,2020-01-01T00:00:00+00:00,2022-01-01T00:00:00+00:00,-1.3387708992647407,-0.6707252482522019,-21.80523277198968,0.04846515250743969,60.0,0.25,1.036076273638174,60.0,0.0,0.2077343951633994,0.47643746939990794,2022-01-01T00:00:00+00:00,2024-01-01T00:00:00+00:00,-9.015504950290376,-4.614207006646098,-26.214581531593517,-0.22569569505161569,74.0,0.28378378378378377,0.9165978731549393,74.0,0.0,0.14656428935001814,0.4171314011558282
iter-f2543978e556,R4_volatility_band,"{""atr_cap"": 0.00325, ""atr_floor"": 0.0015, ""body_atr_min"": -100.0, ""close_location_min"": 0.0, ""cooldown_bars"": 0, ""ema_spread_min"": 0.0, ""max_hold_bars"": 192, ""momentum_lookback"": 0, ""momentum_threshold"": 0.0, ""role"": ""child"", ""round_name"": ""R4_volatility_band"", ""rvol_min"": 0.0, ""slow_slope_atr_min"": 0.0, ""stop_atr"": 4.0, ""take_profit_atr"": 0.0}",True,True,True,,2020-01-01T00:00:00+00:00,2022-01-01T00:00:00+00:00,32.67555156862716,15.162600345556188,-14.422694623694433,1.1536258737824596,29,0.27586206896551724,2.2577811435880615,29,0,0.29742826078549905,0.6856873515615102,2022-01-01T00:00:00+00:00,2024-01-01T00:00:00+00:00,39.99129281930649,18.317916149375478,-8.513658143042003,1.3783935537177026,42,0.35714285714285715,2.1336776996357254,42,0,0.16212401696779666,0.4242676745946317,2020-01-01T00:00:00+00:00,2022-01-01T00:00:00+00:00,23.32991260655861,11.038074360210004,-18.432460327309308,0.8636866318379799,29.0,0.2413793103448276,1.7955422207450902,29.0,0.0,0.30395128988698394,0.6971102847974938,2022-01-01T00:00:00+00:00,2024-01-01T00:00:00+00:00,17.230912899964345,8.273225175924415,-10.083222329182838,0.6839055878365643,44.0,0.3409090909090909,1.435227528981893,44.0,0.0,0.17977755392012207,0.4686607163457865
iter-50e44b79ad0b,R4_volatility_band,"{""atr_cap"": 0.0035, ""atr_floor"": 0.0015, ""body_atr_min"": -100.0, ""close_location_min"": 0.0, ""cooldown_bars"": 0, ""ema_spread_min"": 0.0, ""max_hold_bars"": 192, ""momentum_lookback"": 0, ""momentum_threshold"": 0.0, ""role"": ""child"", ""round_name"": ""R4_volatility_band"", ""rvol_min"": 0.0, ""slow_slope_atr_min"": 0.0, ""stop_atr"": 4.0, ""take_profit_atr"": 0.0}",True,True,True,,2020-01-01T00:00:00+00:00,2022-01-01T00:00:00+00:00,30.20691717233992,14.087645966475094,-14.422694623694444,1.0545184442231517,33,0.2727272727272727,2.0465958981778956,33,0,0.2901132200241061,0.6688233490857625,2022-01-01T00:00:00+00:00,2024-01-01T00:00:00+00:00,29.128924130001476,13.634908426064873,-8.513658143042013,1.0435688282659403,47,0.3191489361702128,1.7038389757262382,47,0,0.16212401696779666,0.4242676745946317,2020-01-01T00:00:00+00:00,2022-01-01T00:00:00+00:00,17.90671649663782,8.572625639601394,-18.432460327309318,0.678662558985031,33.0,0.24242424242424243,1.5463445149311974,33.0,0.0,0.29769782929992483,0.6827680140591935,2022-01-01T00:00:00+00:00,2024-01-01T00:00:00+00:00,6.8361550412395555,3.361576536563904,-10.117620769703962,0.31762084204478397,49.0,0.30612244897959184,1.1743719815544846,49.0,0.0,0.17977755392012207,0.4686607163457865
iter-35b08734b8a2,R4_volatility_band,"{""atr_cap"": 0.00375, ""atr_floor"": 0.0015, ""body_atr_min"": -100.0, ""close_location_min"": 0.0, ""cooldown_bars"": 0, ""ema_spread_min"": 0.0, ""max_hold_bars"": 192, ""momentum_lookback"": 0, ""momentum_threshold"": 0.0, ""role"": ""child"", ""round_name"": ""R4_volatility_band"", ""rvol_min"": 0.0, ""slow_slope_atr_min"": 0.0, ""stop_atr"": 4.0, ""take_profit_atr"": 0.0}",True,True,False,double_cost_return,2020-01-01T00:00:00+00:00,2022-01-01T00:00:00+00:00,21.02710463785047,9.997959915897226,-17.41482735172365,0.7258484564971136,44,0.2727272727272727,1.533707313220513,44,0,0.2599260160087791,0.5992301506531349,2022-01-01T00:00:00+00:00,2024-01-01T00:00:00+00:00,13.632138031029118,6.598376174794107,-11.476007720106596,0.5498735135965308,53,0.2830188679245283,1.3105089533256744,53,0,0.1723070691303091,0.45091603886581283,2020-01-01T00:00:00+00:00,2022-01-01T00:00:00+00:00,6.600023591310222,3.242773904705931,-22.07075391287737,0.29030202987004566,44.0,0.25,1.1876362654715351,44.0,0.0,0.2691857918058636,0.6173758435405812,2022-01-01T00:00:00+00:00,2024-01-01T00:00:00+00:00,-0.5804834913424317,-0.290664173981392,-14.7282962332951,0.045091480565347404,53.0,0.2830188679245283,1.0295217962199956,53.0,0.0,0.17977755392012207,0.4686607163457865
iter-80edf5b20dec,R4_volatility_band,"{""atr_cap"": 0.004, ""atr_floor"": 0.0015, ""body_atr_min"": -100.0, ""close_location_min"": 0.0, ""cooldown_bars"": 0, ""ema_spread_min"": 0.0, ""max_hold_bars"": 192, ""momentum_lookback"": 0, ""momentum_threshold"": 0.0, ""role"": ""child"", ""round_name"": ""R4_volatility_band"", ""rvol_min"": 0.0, ""slow_slope_atr_min"": 0.0, ""stop_atr"": 4.0, ""take_profit_atr"": 0.0}",True,True,False,double_cost_return,2020-01-01T00:00:00+00:00,2022-01-01T00:00:00+00:00,30.889028284108754,14.385680597307339,-17.41482735172365,0.9317503980129983,50,0.28,1.6352019042978232,50,0,0.20754637937487402,0.5274371225222767,2022-01-01T00:00:00+00:00,2024-01-01T00:00:00+00:00,12.749208312145942,6.183430116071276,-11.837450258170056,0.5043471161116928,56,0.2857142857142857,1.282129100603985,56,0,0.16843923416969167,0.44079417428862966,2020-01-01T00:00:00+00:00,2022-01-01T00:00:00+00:00,-2.786963211705029,-1.4014220342770556,-22.178030070271138,-0.01719493012602592,50.0,0.24,1.008320668854877,50.0,0.0,0.2639053578499954,0.6052652029830158,2022-01-01T00:00:00+00:00,2024-01-01T00:00:00+00:00,-2.5950139348790313,-1.3060356125457084,-16.4561505746035,-0.02497344198389421,56.0,0.2857142857142857,0.994975794105516,56.0,0.0,0.17627465838629874,0.45952904504217357
iter-10ac86954e8d,R4_volatility_band,"{""atr_cap"": 0.00425, ""atr_floor"": 0.0015, ""body_atr_min"": -100.0, ""close_location_min"": 0.0, ""cooldown_bars"": 0, ""ema_spread_min"": 0.0, ""max_hold_bars"": 192, ""momentum_lookback"": 0, ""momentum_threshold"": 0.0, ""role"": ""child"", ""round_name"": ""R4_volatility_band"", ""rvol_min"": 0.0, ""slow_slope_atr_min"": 0.0, ""stop_atr"": 4.0, ""take_profit_atr"": 0.0}",True,True,False,double_cost_return,2020-01-01T00:00:00+00:00,2022-01-01T00:00:00+00:00,15.91882161415732,7.654725483819047,-18.72595448801834,0.5146954443968007,59,0.2711864406779661,1.3006149911420983,59,0,0.20457410510254717,0.4716225551511902,2022-01-01T00:00:00+00:00,2024-01-01T00:00:00+00:00,14.556779303817136,7.0312007331587045,-13.511290029095758,0.5258098952132834,63,0.30158730158730157,1.271535213057207,63,0,0.14362596104601782,0.3758595033857141,2020-01-01T00:00:00+00:00,2022-01-01T00:00:00+00:00,-1.6737887404947083,-0.8392810937698947,-22.070753912877382,0.03857270914526139,59.0,0.2542372881355932,1.0317004724601024,59.0,0.0,0.21252861811952545,0.4874329882265278,2022-01-01T00:00:00+00:00,2024-01-01T00:00:00+00:00,-9.408280471898212,-4.820317541976538,-22.299860806062032,-0.24952498012423177,65.0,0.2923076923076923,0.9016411518840055,65.0,0.0,0.15941899834035986,0.4155881550959199
iter-6235662d1185,R4_volatility_band,"{""atr_cap"": 0.00325, ""atr_floor"": 0.00175, ""body_atr_min"": -100.0, ""close_location_min"": 0.0, ""cooldown_bars"": 0, ""ema_spread_min"": 0.0, ""max_hold_bars"": 192, ""momentum_lookback"": 0, ""momentum_threshold"": 0.0, ""role"": ""child"", ""round_name"": ""R4_volatility_band"", ""rvol_min"": 0.0, ""slow_slope_atr_min"": 0.0, ""stop_atr"": 4.0, ""take_profit_atr"": 0.0}",True,True,True,,2020-01-01T00:00:00+00:00,2022-01-01T00:00:00+00:00,31.066275862436086,14.462997965022705,-15.809055043137011,1.112036804546719,28,0.25,2.1968354463913595,28,0,0.3027042070055894,0.6978504512652189,2022-01-01T00:00:00+00:00,2024-01-01T00:00:00+00:00,37.01651154035759,17.054052275159435,-9.688105473668884,1.2959794184322397,39,0.3333333333333333,2.092520222717626,39,0,0.16865800687663204,0.4899932904397057,2020-01-01T00:00:00+00:00,2022-01-01T00:00:00+00:00,22.17502843942949,10.51767218705053,-19.196273891502646,0.8317110128441634,28.0,0.21428571428571427,1.7580624974738446,28.0,0.0,0.30792893156019757,0.706232979820987,2022-01-01T00:00:00+00:00,2024-01-01T00:00:00+00:00,15.668802427781102,7.5494316246167426,-12.326547599366645,0.632873808087663,41.0,0.3170731707317073,1.4154294324511207,41.0,0.0,0.18623199108302038,0.5405877830685818
iter-c6146b0664ee,R4_volatility_band,"{""atr_cap"": 0.0035, ""atr_floor"": 0.00175, ""body_atr_min"": -100.0, ""close_location_min"": 0.0, ""cooldown_bars"": 0, ""ema_spread_min"": 0.0, ""max_hold_bars"": 192, ""momentum_lookback"": 0, ""momentum_threshold"": 0.0, ""role"": ""child"", ""round_name"": ""R4_volatility_band"", ""rvol_min"": 0.0, ""slow_slope_atr_min"": 0.0, ""stop_atr"": 4.0, ""take_profit_atr"": 0.0}",True,True,True,,2020-01-01T00:00:00+00:00,2022-01-01T00:00:00+00:00,28.627584536401372,13.394573836563882,-15.809055043137022,1.0134226811208116,32,0.25,1.9944683455288361,32,0,0.29513065217595164,0.6803904737253396,2022-01-01T00:00:00+00:00,2024-01-01T00:00:00+00:00,26.38496557131782,12.421068119511226,-9.688105473668907,0.9624059776149538,44,0.29545454545454547,1.6641887196810625,44,0,0.16865800687663204,0.4899932904397057,2020-01-01T00:00:00+00:00,2022-01-01T00:00:00+00:00,16.802616143347613,8.063778285628143,-19.19627389150267,0.6464096657744466,32.0,0.21875,1.5163870671846493,32.0,0.0,0.3015124564731022,0.6915168363987162,2022-01-01T00:00:00+00:00,2024-01-01T00:00:00+00:00,5.412555476335346,2.6706167685454973,-12.326547599366666,0.2667972399487909,46.0,0.2826086956521739,1.1536405523832938,46.0,0.0,0.18623199108302038,0.5405877830685818
iter-cd243a160fbe,R4_volatility_band,"{""atr_cap"": 0.00375, ""atr_floor"": 0.00175, ""body_atr_min"": -100.0, ""close_location_min"": 0.0, ""cooldown_bars"": 0, ""ema_spread_min"": 0.0, ""max_hold_bars"": 192, ""momentum_lookback"": 0, ""momentum_threshold"": 0.0, ""role"": ""child"", ""round_name"": ""R4_volatility_band"", ""rvol_min"": 0.0, ""slow_slope_atr_min"": 0.0, ""stop_atr"": 4.0, ""take_profit_atr"": 0.0}",True,True,False,double_cost_return,2020-01-01T00:00:00+00:00,2022-01-01T00:00:00+00:00,19.559117680331894,9.329732258827384,-18.7527149387299,0.6864513539945343,43,0.2558139534883721,1.5015840928563762,43,0,0.2639463777185034,0.6084986417029756,2022-01-01T00:00:00+00:00,2024-01-01T00:00:00+00:00,11.2174824471426,5.459699623667902,-11.476007720106596,0.46895039437720104,50,0.26,1.2730319537463655,50,0,0.17970637035558937,0.522091523279538,2020-01-01T00:00:00+00:00,2022-01-01T00:00:00+00:00,5.601801206656987,2.758905968301284,-22.800497821392383,0.25891948538605425,43.0,0.23255813953488372,1.1684877280223738,43.0,0.0,0.27230089452852185,0.6245203111523921,2022-01-01T00:00:00+00:00,2024-01-01T00:00:00+00:00,-1.9052558063894942,-0.957209149978766,-14.7282962332951,-0.005273093629546786,50.0,0.26,1.0091548209076018,50.0,0.0,0.18623199108302038,0.5405877830685818
iter-27c0f981036e,R4_volatility_band,"{""atr_cap"": 0.004, ""atr_floor"": 0.00175, ""body_atr_min"": -100.0, ""close_location_min"": 0.0, ""cooldown_bars"": 0, ""ema_spread_min"": 0.0, ""max_hold_bars"": 192, ""momentum_lookback"": 0, ""momentum_threshold"": 0.0, ""role"": ""child"", ""round_name"": ""R4_volatility_band"", ""rvol_min"": 0.0, ""slow_slope_atr_min"": 0.0, ""stop_atr"": 4.0, ""take_profit_atr"": 0.0}",True,True,False,double_cost_return,2020-01-01T00:00:00+00:00,2022-01-01T00:00:00+00:00,29.301422045173187,13.690797933971366,-18.7527149387299,0.8958279332075139,49,0.2653061224489796,1.6073293583376838,49,0,0.2101016940387493,0.5339309376276657,2022-01-01T00:00:00+00:00,2024-01-01T00:00:00+00:00,10.35331477227981,5.049185990315896,-11.837450258170056,0.42670893064929927,53,0.2641509433962264,1.2459513997788325,53,0,0.17550326521035844,0.5098804616269347,2020-01-01T00:00:00+00:00,2022-01-01T00:00:00+00:00,-3.6972841115787247,-1.8635240163174083,-22.90676942495925,-0.04900388749723968,49.0,0.22448979591836735,0.9930771792530932,49.0,0.0,0.2668987660536383,0.6121305650156381,2022-01-01T00:00:00+00:00,2024-01-01T00:00:00+00:00,-3.892942484706452,-1.965792952003964,-16.4561505746035,-0.07357771214000526,53.0,0.2641509433962264,0.9751873025718752,53.0,0.0,0.18247568370804443,0.5296841039286365
iter-887fdb030a5f,R4_volatility_band,"{""atr_cap"": 0.00425, ""atr_floor"": 0.00175, ""body_atr_min"": -100.0, ""close_location_min"": 0.0, ""cooldown_bars"": 0, ""ema_spread_min"": 0.0, ""max_hold_bars"": 192, ""momentum_lookback"": 0, ""momentum_threshold"": 0.0, ""role"": ""child"", ""round_name"": ""R4_volatility_band"", ""rvol_min"": 0.0, ""slow_slope_atr_min"": 0.0, ""stop_atr"": 4.0, ""take_profit_atr"": 0.0}",True,True,False,double_cost_return,2020-01-01T00:00:00+00:00,2022-01-01T00:00:00+00:00,14.512795098281295,7.000732763976236,-18.7527149387299,0.4802514707088008,58,0.25862068965517243,1.2800377677476207,58,0,0.20705631678856243,0.4773450145856227,2022-01-01T00:00:00+00:00,2024-01-01T00:00:00+00:00,12.122475315428849,5.887900779753319,-13.511290029095758,0.4548968850705913,60,0.2833333333333333,1.2408888337916413,60,0,0.1487305073416596,0.4320989677911572,2020-01-01T00:00:00+00:00,2022-01-01T00:00:00+00:00,-2.5945336125004603,-1.3040176619083077,-22.80049782139243,0.011052419965602916,58.0,0.2413793103448276,1.019055114033875,58.0,0.0,0.2144656930469175,0.4918756568357331,2022-01-01T00:00:00+00:00,2024-01-01T00:00:00+00:00,-10.61542174775516,-5.45658232735351,-22.299860806062032,-0.29446562053234654,62.0,0.27419354838709675,0.8843531375286552,62.0,0.0,0.16447381569022404,0.47742890402311394
iter-09eb042b5fe1,R4_volatility_band,"{""atr_cap"": 0.00325, ""atr_floor"": 0.002, ""body_atr_min"": -100.0, ""close_location_min"": 0.0, ""cooldown_bars"": 0, ""ema_spread_min"": 0.0, ""max_hold_bars"": 192, ""momentum_lookback"": 0, ""momentum_threshold"": 0.0, ""role"": ""child"", ""round_name"": ""R4_volatility_band"", ""rvol_min"": 0.0, ""slow_slope_atr_min"": 0.0, ""stop_atr"": 4.0, ""take_profit_atr"": 0.0}",True,True,False,double_cost_return,2020-01-01T00:00:00+00:00,2022-01-01T00:00:00+00:00,36.404319110622055,16.76746163123406,-14.255733292758354,1.2620251800820714,25,0.24,2.5401947335129185,25,0,0.2967521206141714,0.6841285865600352,2022-01-01T00:00:00+00:00,2024-01-01T00:00:00+00:00,16.90725159006441,8.123656796310952,-12.111899133600634,0.7905114074846971,35,0.2857142857142857,1.5693162599591668,35,0,0.22781395175967561,0.5867724957707667,2020-01-01T00:00:00+00:00,2022-01-01T00:00:00+00:00,28.07560258000976,13.151338962799164,-16.99694794528055,1.0093657216964675,25.0,0.24,2.036137038203456,25.0,0.0,0.30076906545108884,0.6898118739777166,2022-01-01T00:00:00+00:00,2024-01-01T00:00:00+00:00,-0.24660454093512474,-0.12337838159278691,-15.648124385396478,0.04133793975704369,37.0,0.2702702702702703,1.0360785738195948,37.0,0.0,0.2585096110155205,0.6629576404760971
iter-90afbb16ed9a,R4_volatility_band,"{""atr_cap"": 0.0035, ""atr_floor"": 0.002, ""body_atr_min"": -100.0, ""close_location_min"": 0.0, ""cooldown_bars"": 0, ""ema_spread_min"": 0.0, ""max_hold_bars"": 192, ""momentum_lookback"": 0, ""momentum_threshold"": 0.0, ""role"": ""child"", ""round_name"": ""R4_volatility_band"", ""rvol_min"": 0.0, ""slow_slope_atr_min"": 0.0, ""stop_atr"": 4.0, ""take_profit_atr"": 0.0}",True,True,False,double_cost_return,2020-01-01T00:00:00+00:00,2022-01-01T00:00:00+00:00,33.86630521147171,15.677527105285183,-14.255733292758343,1.1596629615453233,29,0.2413793103448276,2.27024462384665,29,0,0.2894698932933939,0.6673402317753703,2022-01-01T00:00:00+00:00,2024-01-01T00:00:00+00:00,7.836046919758899,3.844136531514808,-13.042751450641898,0.4001991795925887,40,0.25,1.2447675625919645,40,0,0.22781395175967561,0.5867724957707667,2020-01-01T00:00:00+00:00,2022-01-01T00:00:00+00:00,22.443723865366707,10.638968089219336,-16.996947945280528,0.8202502198475885,29.0,0.2413793103448276,1.7202903996715706,29.0,0.0,0.2946445416766496,0.6757653189713674,2022-01-01T00:00:00+00:00,2024-01-01T00:00:00+00:00,-9.091646908449736,-4.6541279910083055,-19.475839001655725,-0.3808895594540785,42.0,0.23809523809523808,0.8419484028773302,42.0,0.0,0.2585096110155205,0.6629576404760971
iter-940a173ea4a2,R4_volatility_band,"{""atr_cap"": 0.00375, ""atr_floor"": 0.002, ""body_atr_min"": -100.0, ""close_location_min"": 0.0, ""cooldown_bars"": 0, ""ema_spread_min"": 0.0, ""max_hold_bars"": 192, ""momentum_lookback"": 0, ""momentum_threshold"": 0.0, ""role"": ""child"", ""round_name"": ""R4_volatility_band"", ""rvol_min"": 0.0, ""slow_slope_atr_min"": 0.0, ""stop_atr"": 4.0, ""take_profit_atr"": 0.0}",True,False,False,validation_return|validation_pf,2020-01-01T00:00:00+00:00,2022-01-01T00:00:00+00:00,24.428499500277812,11.53084877775754,-17.253703672024812,0.8214322692352065,40,0.25,1.6432402103769754,40,0,0.2594094851426623,0.5980393469257014,2022-01-01T00:00:00+00:00,2024-01-01T00:00:00+00:00,-5.105377041861359,-2.586128832625356,-18.33143363133274,-0.18117930466458163,46,0.21739130434782608,0.9285428597186377,46,0,0.2484458704407666,0.6399134132761807,,,,,,,,,,,,,,,,,,,,,,,,,,
iter-6fb8006a7015,R4_volatility_band,"{""atr_cap"": 0.004, ""atr_floor"": 0.002, ""body_atr_min"": -100.0, ""close_location_min"": 0.0, ""cooldown_bars"": 0, ""ema_spread_min"": 0.0, ""max_hold_bars"": 192, ""momentum_lookback"": 0, ""momentum_threshold"": 0.0, ""role"": ""child"", ""round_name"": ""R4_volatility_band"", ""rvol_min"": 0.0, ""slow_slope_atr_min"": 0.0, ""stop_atr"": 4.0, ""take_profit_atr"": 0.0}",True,False,False,validation_return|validation_pf,2020-01-01T00:00:00+00:00,2022-01-01T00:00:00+00:00,34.56758665073134,15.979715031018515,-17.253703672024823,1.0204341535716956,46,0.2608695652173913,1.7334247217765617,46,0,0.20721692061930594,0.5265998697667722,2022-01-01T00:00:00+00:00,2024-01-01T00:00:00+00:00,-5.842714948405725,-2.965323182073576,-18.664885536833843,-0.19742365091001157,49,0.22448979591836735,0.9165810213058722,49,0,0.24048356621568004,0.6194051823879829,,,,,,,,,,,,,,,,,,,,,,,,,,
iter-4ed11715590b,R4_volatility_band,"{""atr_cap"": 0.00425, ""atr_floor"": 0.002, ""body_atr_min"": -100.0, ""close_location_min"": 0.0, ""cooldown_bars"": 0, ""ema_spread_min"": 0.0, ""max_hold_bars"": 192, ""momentum_lookback"": 0, ""momentum_threshold"": 0.0, ""role"": ""child"", ""round_name"": ""R4_volatility_band"", ""rvol_min"": 0.0, ""slow_slope_atr_min"": 0.0, ""stop_atr"": 4.0, ""take_profit_atr"": 0.0}",True,False,False,validation_return|validation_pf,2020-01-01T00:00:00+00:00,2022-01-01T00:00:00+00:00,19.176651217508066,9.15495994041211,-18.725954488018324,0.595453995825482,55,0.2545454545454545,1.3615375872059703,55,0,0.20425400786685127,0.4708846070315098,2022-01-01T00:00:00+00:00,2024-01-01T00:00:00+00:00,-4.333205660831907,-2.1905963932055794,-19.60600468895467,-0.10076952103637776,56,0.25,0.9632107506770672,56,0,0.19290276891299082,0.49685297270806744,,,,,,,,,,,,,,,,,,,,,,,,,,
iter-9a62cc680f1f,R4_volatility_band,"{""atr_cap"": 0.00325, ""atr_floor"": 0.00225, ""body_atr_min"": -100.0, ""close_location_min"": 0.0, ""cooldown_bars"": 0, ""ema_spread_min"": 0.0, ""max_hold_bars"": 192, ""momentum_lookback"": 0, ""momentum_threshold"": 0.0, ""role"": ""child"", ""round_name"": ""R4_volatility_band"", ""rvol_min"": 0.0, ""slow_slope_atr_min"": 0.0, ""stop_atr"": 4.0, ""take_profit_atr"": 0.0}",True,False,False,train_top_trade_concentration|train_top3_trade_concentration,2020-01-01T00:00:00+00:00,2022-01-01T00:00:00+00:00,9.80572351079967,4.7815218024463535,-24.61144866164384,0.45343657907309126,21,0.14285714285714285,1.512013189437784,21,0,0.4915589877247565,1.0,2022-01-01T00:00:00+00:00,2024-01-01T00:00:00+00:00,19.60860917450551,9.365720943312716,-9.265121607343584,0.9675464365935124,27,0.37037037037037035,1.8645007098648694,27,0,0.24705697281497094,0.6001799213817478,,,,,,,,,,,,,,,,,,,,,,,,,,
iter-02b77bc3a304,R4_volatility_band,"{""atr_cap"": 0.0035, ""atr_floor"": 0.00225, ""body_atr_min"": -100.0, ""close_location_min"": 0.0, ""cooldown_bars"": 0, ""ema_spread_min"": 0.0, ""max_hold_bars"": 192, ""momentum_lookback"": 0, ""momentum_threshold"": 0.0, ""role"": ""child"", ""round_name"": ""R4_volatility_band"", ""rvol_min"": 0.0, ""slow_slope_atr_min"": 0.0, ""stop_atr"": 4.0, ""take_profit_atr"": 0.0}",True,False,False,train_mdd|train_top_trade_concentration|train_top3_trade_concentration,2020-01-01T00:00:00+00:00,2022-01-01T00:00:00+00:00,7.762617733110488,3.803466814365608,-25.794658777582967,0.3658437518048981,25,0.16,1.3755701292568001,25,0,0.4718942861751379,0.9599952354840684,2022-01-01T00:00:00+00:00,2024-01-01T00:00:00+00:00,10.327797596135113,5.0370399412203115,-11.174666244240516,0.5373044627440078,32,0.3125,1.3736596560644112,32,0,0.24705697281497094,0.6001799213817478,,,,,,,,,,,,,,,,,,,,,,,,,,
iter-fbb5d152839a,R4_volatility_band,"{""atr_cap"": 0.00375, ""atr_floor"": 0.00225, ""body_atr_min"": -100.0, ""close_location_min"": 0.0, ""cooldown_bars"": 0, ""ema_spread_min"": 0.0, ""max_hold_bars"": 192, ""momentum_lookback"": 0, ""momentum_threshold"": 0.0, ""role"": ""child"", ""round_name"": ""R4_volatility_band"", ""rvol_min"": 0.0, ""slow_slope_atr_min"": 0.0, ""stop_atr"": 4.0, ""take_profit_atr"": 0.0}",True,False,False,validation_return|train_mdd|validation_pf|train_top_trade_concentration|train_top3_trade_concentration,2020-01-01T00:00:00+00:00,2022-01-01T00:00:00+00:00,0.16516707151119636,0.08243649038928158,-28.389181111393714,0.07429110871089892,36,0.19444444444444445,1.0654021365775008,36,0,0.3969140489272561,0.8074596515149147,2022-01-01T00:00:00+00:00,2024-01-01T00:00:00+00:00,-2.912661825618801,-1.4670927180258198,-16.576964128140958,-0.09256230208649044,38,0.2631578947368421,0.9615051652573161,38,0,0.2732300207247981,0.6637625746372193,,,,,,,,,,,,,,,,,,,,,,,,,,
iter-3b4e58f71414,R4_volatility_band,"{""atr_cap"": 0.004, ""atr_floor"": 0.00225, ""body_atr_min"": -100.0, ""close_location_min"": 0.0, ""cooldown_bars"": 0, ""ema_spread_min"": 0.0, ""max_hold_bars"": 192, ""momentum_lookback"": 0, ""momentum_threshold"": 0.0, ""role"": ""child"", ""round_name"": ""R4_volatility_band"", ""rvol_min"": 0.0, ""slow_slope_atr_min"": 0.0, ""stop_atr"": 4.0, ""take_profit_atr"": 0.0}",True,False,False,validation_return|train_mdd|validation_pf|train_top3_trade_concentration,2020-01-01T00:00:00+00:00,2022-01-01T00:00:00+00:00,8.327150559671125,4.074635770908164,-28.389181111393736,0.3431829332181886,42,0.21428571428571427,1.2452954394748725,42,0,0.28650104031409757,0.7237688046451775,2022-01-01T00:00:00+00:00,2024-01-01T00:00:00+00:00,-3.6670372838894183,-1.8506430402569718,-16.91757951434213,-0.11494359351613113,41,0.2682926829268293,0.9453900478667367,41,0,0.26304230428446973,0.6390133729346829,,,,,,,,,,,,,,,,,,,,,,,,,,
iter-e24668861a20,R4_volatility_band,"{""atr_cap"": 0.00425, ""atr_floor"": 0.00225, ""body_atr_min"": -100.0, ""close_location_min"": 0.0, ""cooldown_bars"": 0, ""ema_spread_min"": 0.0, ""max_hold_bars"": 192, ""momentum_lookback"": 0, ""momentum_threshold"": 0.0, ""role"": ""child"", ""round_name"": ""R4_volatility_band"", ""rvol_min"": 0.0, ""slow_slope_atr_min"": 0.0, ""stop_atr"": 4.0, ""take_profit_atr"": 0.0}",True,False,False,train_return|validation_return|train_mdd|train_pf|validation_pf,2020-01-01T00:00:00+00:00,2022-01-01T00:00:00+00:00,-4.0625802917582,-2.0495722433169883,-28.389181111393736,-0.04430527798106193,51,0.21568627450980393,0.9849783167068474,51,0,0.28086788980182886,0.6408137836031587,2022-01-01T00:00:00+00:00,2024-01-01T00:00:00+00:00,-2.1226480012142446,-1.0670166229756584,-17.8789165412792,-0.02224022252590421,48,0.2916666666666667,0.9943778488787923,48,0,0.20438902752036403,0.49652591898442666,,,,,,,,,,,,,,,,,,,,,,,,,,
iter-2cbd8e01688a,R4_volatility_band,"{""atr_cap"": 0.00325, ""atr_floor"": 0.0025, ""body_atr_min"": -100.0, ""close_location_min"": 0.0, ""cooldown_bars"": 0, ""ema_spread_min"": 0.0, ""max_hold_bars"": 192, ""momentum_lookback"": 0, ""momentum_threshold"": 0.0, ""role"": ""child"", ""round_name"": ""R4_volatility_band"", ""rvol_min"": 0.0, ""slow_slope_atr_min"": 0.0, ""stop_atr"": 4.0, ""take_profit_atr"": 0.0}",True,False,False,train_sample|train_top_trade_concentration|train_top3_trade_concentration,2020-01-01T00:00:00+00:00,2022-01-01T00:00:00+00:00,18.358401764093625,8.780106148812994,-18.739495880280145,0.7933304932547999,14,0.21428571428571427,2.263363120048648,14,0,0.4915589877247565,1.0,2022-01-01T00:00:00+00:00,2024-01-01T00:00:00+00:00,19.56325941476864,9.344985900025904,-8.166039056542962,1.0337049706326367,21,0.38095238095238093,2.083122715299649,21,0,0.278788760304348,0.6772665200868161,,,,,,,,,,,,,,,,,,,,,,,,,,
iter-4653f85a518f,R4_volatility_band,"{""atr_cap"": 0.0035, ""atr_floor"": 0.0025, ""body_atr_min"": -100.0, ""close_location_min"": 0.0, ""cooldown_bars"": 0, ""ema_spread_min"": 0.0, ""max_hold_bars"": 192, ""momentum_lookback"": 0, ""momentum_threshold"": 0.0, ""role"": ""child"", ""round_name"": ""R4_volatility_band"", ""rvol_min"": 0.0, ""slow_slope_atr_min"": 0.0, ""stop_atr"": 4.0, ""take_profit_atr"": 0.0}",True,False,False,train_sample|train_top_trade_concentration|train_top3_trade_concentration,2020-01-01T00:00:00+00:00,2022-01-01T00:00:00+00:00,16.156160143614763,7.764727448517061,-20.014865267194537,0.6899995104234935,18,0.2222222222222222,1.93721550306339,18,0,0.4718942861751379,0.9599952354840684,2022-01-01T00:00:00+00:00,2024-01-01T00:00:00+00:00,8.570651528397931,4.197241579802835,-12.4299841319506,0.4827248045414535,27,0.2962962962962963,1.3544797803194193,27,0,0.278788760304348,0.6772665200868161,,,,,,,,,,,,,,,,,,,,,,,,,,
iter-a85d6afdd209,R4_volatility_band,"{""atr_cap"": 0.00375, ""atr_floor"": 0.0025, ""body_atr_min"": -100.0, ""close_location_min"": 0.0, ""cooldown_bars"": 0, ""ema_spread_min"": 0.0, ""max_hold_bars"": 192, ""momentum_lookback"": 0, ""momentum_threshold"": 0.0, ""role"": ""child"", ""round_name"": ""R4_volatility_band"", ""rvol_min"": 0.0, ""slow_slope_atr_min"": 0.0, ""stop_atr"": 4.0, ""take_profit_atr"": 0.0}",True,False,False,validation_return|validation_pf|train_top_trade_concentration|train_top3_trade_concentration|validation_top3_trade_concentration,2020-01-01T00:00:00+00:00,2022-01-01T00:00:00+00:00,7.9669502460086195,3.9016982935458966,-22.811472829649016,0.3551742128707868,29,0.2413793103448276,1.3134816062040442,29,0,0.3969140489272561,0.8074596515149147,2022-01-01T00:00:00+00:00,2024-01-01T00:00:00+00:00,-6.0947175652118935,-3.0952620173873457,-19.16405785574893,-0.2746821826140434,34,0.23529411764705882,0.870817645695013,34,0,0.31257660592489533,0.7593479375717871,,,,,,,,,,,,,,,,,,,,,,,,,,
iter-c976def771ce,R4_volatility_band,"{""atr_cap"": 0.004, ""atr_floor"": 0.0025, ""body_atr_min"": -100.0, ""close_location_min"": 0.0, ""cooldown_bars"": 0, ""ema_spread_min"": 0.0, ""max_hold_bars"": 192, ""momentum_lookback"": 0, ""momentum_threshold"": 0.0, ""role"": ""child"", ""round_name"": ""R4_volatility_band"", ""rvol_min"": 0.0, ""slow_slope_atr_min"": 0.0, ""stop_atr"": 4.0, ""take_profit_atr"": 0.0}",True,False,False,validation_return|validation_pf|train_top3_trade_concentration|validation_top3_trade_concentration,2020-01-01T00:00:00+00:00,2022-01-01T00:00:00+00:00,16.764663971637205,8.046244526810508,-22.811472829649006,0.6055595126343467,35,0.2571428571428571,1.4813504410722875,35,0,0.28650104031409757,0.7237688046451775,2022-01-01T00:00:00+00:00,2024-01-01T00:00:00+00:00,-6.82436822618212,-3.472474509175427,-19.49411016521766,-0.2845841740272012,37,0.24324324324324326,0.8591627640209062,37,0,0.2993146588314342,0.727130452377052,,,,,,,,,,,,,,,,,,,,,,,,,,
iter-ec80cd0d9330,R4_volatility_band,"{""atr_cap"": 0.00425, ""atr_floor"": 0.0025, ""body_atr_min"": -100.0, ""close_location_min"": 0.0, ""cooldown_bars"": 0, ""ema_spread_min"": 0.0, ""max_hold_bars"": 192, ""momentum_lookback"": 0, ""momentum_threshold"": 0.0, ""role"": ""child"", ""round_name"": ""R4_volatility_band"", ""rvol_min"": 0.0, ""slow_slope_atr_min"": 0.0, ""stop_atr"": 4.0, ""take_profit_atr"": 0.0}",True,False,False,validation_return|validation_pf,2020-01-01T00:00:00+00:00,2022-01-01T00:00:00+00:00,3.4099070885113436,1.6883296348999322,-22.811472829649006,0.18462214758050868,44,0.25,1.1238427785700158,44,0,0.28086788980182886,0.6408137836031587,2022-01-01T00:00:00+00:00,2024-01-01T00:00:00+00:00,-5.330596592249915,-2.7017968265857006,-20.425634455582465,-0.16461247465801015,44,0.2727272727272727,0.9256994712448824,44,0,0.22563551796412679,0.548140398101864,,,,,,,,,,,,,,,,,,,,,,,,,,
iter-270b7e46177c,R5_exit_structure,"{""atr_cap"": 0.0035, ""atr_floor"": 0.0, ""body_atr_min"": -100.0, ""close_location_min"": 0.0, ""cooldown_bars"": 0, ""ema_spread_min"": 0.0, ""max_hold_bars"": 96, ""momentum_lookback"": 0, ""momentum_threshold"": 0.0, ""role"": ""child"", ""round_name"": ""R5_exit_structure"", ""rvol_min"": 0.0, ""slow_slope_atr_min"": 0.0, ""stop_atr"": 3.0, ""take_profit_atr"": 0.0}",True,False,False,train_top_trade_concentration|train_top3_trade_concentration,2020-01-01T00:00:00+00:00,2022-01-01T00:00:00+00:00,30.326494891831636,14.139949436696275,-12.249736414434164,1.2931160738717724,35,0.34285714285714286,2.2880306438961124,35,0,0.3589731914918571,0.7604745251919456,2022-01-01T00:00:00+00:00,2024-01-01T00:00:00+00:00,25.193833281537103,11.890050174953949,-8.945688722786581,1.040483120636322,64,0.328125,1.6562375218828167,64,0,0.20091937477382701,0.41322161162426857,,,,,,,,,,,,,,,,,,,,,,,,,,
iter-fb1567ea6653,R5_exit_structure,"{""atr_cap"": 0.0035, ""atr_floor"": 0.0, ""body_atr_min"": -100.0, ""close_location_min"": 0.0, ""cooldown_bars"": 0, ""ema_spread_min"": 0.0, ""max_hold_bars"": 96, ""momentum_lookback"": 0, ""momentum_threshold"": 0.0, ""role"": ""child"", ""round_name"": ""R5_exit_structure"", ""rvol_min"": 0.0, ""slow_slope_atr_min"": 0.0, ""stop_atr"": 3.0, ""take_profit_atr"": 8.0}",True,False,False,validation_return|train_pf|validation_pf,2020-01-01T00:00:00+00:00,2022-01-01T00:00:00+00:00,0.6889217470274822,0.3433984251874689,-9.389602411201958,0.08767161059008784,46,0.391304347826087,1.0400046195041341,46,0,0.08855998684225248,0.2548716388564203,2022-01-01T00:00:00+00:00,2024-01-01T00:00:00+00:00,-0.9237240619569764,-0.46293356842235234,-11.103390208370135,-0.023535405861006397,93,0.3978494623655914,0.9941751597147235,93,0,0.04578235331743281,0.13576313741486934,,,,,,,,,,,,,,,,,,,,,,,,,,
iter-8bb13e7b4990,R5_exit_structure,"{""atr_cap"": 0.0035, ""atr_floor"": 0.0, ""body_atr_min"": -100.0, ""close_location_min"": 0.0, ""cooldown_bars"": 0, ""ema_spread_min"": 0.0, ""max_hold_bars"": 96, ""momentum_lookback"": 0, ""momentum_threshold"": 0.0, ""role"": ""child"", ""round_name"": ""R5_exit_structure"", ""rvol_min"": 0.0, ""slow_slope_atr_min"": 0.0, ""stop_atr"": 3.0, ""take_profit_atr"": 12.0}",True,True,False,double_cost_return,2020-01-01T00:00:00+00:00,2022-01-01T00:00:00+00:00,8.03884415905678,3.9362386681310646,-9.789973335771274,0.5932536928232758,43,0.3488372093023256,1.3175140793611384,43,0,0.11235597869567081,0.32632235487943567,2022-01-01T00:00:00+00:00,2024-01-01T00:00:00+00:00,8.367688801260776,4.099802498016669,-11.482986151357066,0.5339819413154697,77,0.35064935064935066,1.20415808865693,77,0,0.06621840132029315,0.19030018954592867,2020-01-01T00:00:00+00:00,2022-01-01T00:00:00+00:00,-8.280299680584358,-4.223935222749264,-21.195733182964304,-0.5706795027389155,48.0,0.2708333333333333,0.7958252421932492,48.0,0.0,0.11764080419068614,0.34092600298986864,2022-01-01T00:00:00+00:00,2024-01-01T00:00:00+00:00,-13.545536483235354,-7.019107599053099,-20.524250732033,-0.817200609867013,78.0,0.32051282051282054,0.7616825330348203,78.0,0.0,0.072965518678548,0.20899944440953977
iter-21aa032a249c,R5_exit_structure,"{""atr_cap"": 0.0035, ""atr_floor"": 0.0, ""body_atr_min"": -100.0, ""close_location_min"": 0.0, ""cooldown_bars"": 0, ""ema_spread_min"": 0.0, ""max_hold_bars"": 96, ""momentum_lookback"": 0, ""momentum_threshold"": 0.0, ""role"": ""child"", ""round_name"": ""R5_exit_structure"", ""rvol_min"": 0.0, ""slow_slope_atr_min"": 0.0, ""stop_atr"": 3.0, ""take_profit_atr"": 16.0}",True,True,False,double_cost_return,2020-01-01T00:00:00+00:00,2022-01-01T00:00:00+00:00,10.11922862414021,4.930790849561961,-8.152395746444885,0.7074081940756128,39,0.3333333333333333,1.4134296306775789,39,0,0.1379592547583802,0.41169428352724685,2022-01-01T00:00:00+00:00,2024-01-01T00:00:00+00:00,5.768937855522238,2.8440264942608318,-10.45578579627361,0.35138353084947377,73,0.3287671232876712,1.1500024176796935,73,0,0.08847274092223634,0.2374854869418894,2020-01-01T00:00:00+00:00,2022-01-01T00:00:00+00:00,-4.269386646672357,-2.155057612221123,-15.89087378990197,-0.25842265934894937,43.0,0.2558139534883721,0.9004677479707598,43.0,0.0,0.14401720720402966,0.429657625740747,2022-01-01T00:00:00+00:00,2024-01-01T00:00:00+00:00,-14.37806115762067,-7.467876473962121,-17.852731498558494,-0.7730645822950154,73.0,0.2876712328767123,0.7396633772086432,73.0,0.0,0.09949525073171131,0.2642959464421167
iter-f6f262a2c41f,R5_exit_structure,"{""atr_cap"": 0.0035, ""atr_floor"": 0.0, ""body_atr_min"": -100.0, ""close_location_min"": 0.0, ""cooldown_bars"": 0, ""ema_spread_min"": 0.0, ""max_hold_bars"": 96, ""momentum_lookback"": 0, ""momentum_threshold"": 0.0, ""role"": ""child"", ""round_name"": ""R5_exit_structure"", ""rvol_min"": 0.0, ""slow_slope_atr_min"": 0.0, ""stop_atr"": 3.0, ""take_profit_atr"": 20.0}",True,True,False,double_cost_return,2020-01-01T00:00:00+00:00,2022-01-01T00:00:00+00:00,17.677398451810113,8.46713665243579,-6.549649871824581,1.0402579827745337,37,0.35135135135135137,1.741593536882715,37,0,0.15162107516716702,0.4526117976729133,2022-01-01T00:00:00+00:00,2024-01-01T00:00:00+00:00,5.116469458723594,2.526323185181867,-8.745662442309287,0.3122290617364812,71,0.29577464788732394,1.137648777271882,71,0,0.11142204261785386,0.29730308792360344,2020-01-01T00:00:00+00:00,2022-01-01T00:00:00+00:00,3.695758554228057,1.828586669251897,-13.090627509615082,0.25838033563529417,40.0,0.275,1.142571197333029,40.0,0.0,0.158367283224519,0.47264888747361034,2022-01-01T00:00:00+00:00,2024-01-01T00:00:00+00:00,-15.054674826286373,-7.834211784570721,-18.009553446412273,-0.7986079723578133,71.0,0.2535211267605634,0.7327069304324431,71.0,0.0,0.12655904123794154,0.3357923236952559
iter-afa04c1a480e,R5_exit_structure,"{""atr_cap"": 0.0035, ""atr_floor"": 0.0, ""body_atr_min"": -100.0, ""close_location_min"": 0.0, ""cooldown_bars"": 0, ""ema_spread_min"": 0.0, ""max_hold_bars"": 144, ""momentum_lookback"": 0, ""momentum_threshold"": 0.0, ""role"": ""child"", ""round_name"": ""R5_exit_structure"", ""rvol_min"": 0.0, ""slow_slope_atr_min"": 0.0, ""stop_atr"": 3.0, ""take_profit_atr"": 0.0}",True,True,False,double_cost_return,2020-01-01T00:00:00+00:00,2022-01-01T00:00:00+00:00,26.548248647476225,12.4755503671792,-12.57216034582841,1.028603261743653,35,0.3142857142857143,2.0625022986068755,35,0,0.3102168785055631,0.6604411088085742,2022-01-01T00:00:00+00:00,2024-01-01T00:00:00+00:00,20.813515426152442,9.915201599302193,-7.447809952229278,0.829647017388234,61,0.29508196721311475,1.5263223463559208,61,0,0.1799415509351926,0.39897023101017937,2020-01-01T00:00:00+00:00,2022-01-01T00:00:00+00:00,17.555967092452217,8.411235122357308,-16.75519119995933,0.7060662062736591,38.0,0.2894736842105263,1.560027574842535,38.0,0.0,0.29148787425345724,0.656766213717032,2022-01-01T00:00:00+00:00,2024-01-01T00:00:00+00:00,-0.7496371439903116,-0.375523662099142,-14.754460718185546,0.032073640916102944,62.0,0.25806451612903225,1.0168320813503635,62.0,0.0,0.19902843540681006,0.4371097526833647
iter-c0a8b358df37,R5_exit_structure,"{""atr_cap"": 0.0035, ""atr_floor"": 0.0, ""body_atr_min"": -100.0, ""close_location_min"": 0.0, ""cooldown_bars"": 0, ""ema_spread_min"": 0.0, ""max_hold_bars"": 144, ""momentum_lookback"": 0, ""momentum_threshold"": 0.0, ""role"": ""child"", ""round_name"": ""R5_exit_structure"", ""rvol_min"": 0.0, ""slow_slope_atr_min"": 0.0, ""stop_atr"": 3.0, ""take_profit_atr"": 8.0}",True,False,False,validation_return|train_pf|validation_pf,2020-01-01T00:00:00+00:00,2022-01-01T00:00:00+00:00,0.8672212373975308,0.43208141124173594,-9.243186058234542,0.10196694436473462,46,0.391304347826087,1.0463414298498188,46,0,0.08741883270762006,0.2515874488418077,2022-01-01T00:00:00+00:00,2024-01-01T00:00:00+00:00,-1.3185656727220274,-0.6614705528222742,-11.771468809055019,-0.04764486339053423,93,0.3870967741935484,0.9876768819477957,93,0,0.04374176683571845,0.12971197571500923,,,,,,,,,,,,,,,,,,,,,,,,,,
iter-55277bac1122,R5_exit_structure,"{""atr_cap"": 0.0035, ""atr_floor"": 0.0, ""body_atr_min"": -100.0, ""close_location_min"": 0.0, ""cooldown_bars"": 0, ""ema_spread_min"": 0.0, ""max_hold_bars"": 144, ""momentum_lookback"": 0, ""momentum_threshold"": 0.0, ""role"": ""child"", ""round_name"": ""R5_exit_structure"", ""rvol_min"": 0.0, ""slow_slope_atr_min"": 0.0, ""stop_atr"": 3.0, ""take_profit_atr"": 12.0}",True,True,False,double_cost_return,2020-01-01T00:00:00+00:00,2022-01-01T00:00:00+00:00,6.21113827802211,3.0545405580118423,-11.077687467584163,0.46304760024343117,43,0.32558139534883723,1.2366914156478905,43,0,0.11189561591208605,0.32498529503284634,2022-01-01T00:00:00+00:00,2024-01-01T00:00:00+00:00,5.764672060377318,2.841952558465799,-14.471797257003916,0.3732965939783252,77,0.3246753246753247,1.1354023533306368,77,0,0.06359154273099928,0.18275105399620378,2020-01-01T00:00:00+00:00,2022-01-01T00:00:00+00:00,-9.257291790471022,-4.734703199802592,-22.047188608043577,-0.6348534384697676,48.0,0.2916666666666667,0.776500108748764,48.0,0.0,0.11648404915884715,0.3375736978763806,2022-01-01T00:00:00+00:00,2024-01-01T00:00:00+00:00,-15.387713415463411,-8.01506287193724,-23.117366154329723,-0.9086882806367441,78.0,0.3076923076923077,0.7463186385893024,78.0,0.0,0.06884244019114397,0.1971894671938537
iter-ee07023fe217,R5_exit_structure,"{""atr_cap"": 0.0035, ""atr_floor"": 0.0, ""body_atr_min"": -100.0, ""close_location_min"": 0.0, ""cooldown_bars"": 0, ""ema_spread_min"": 0.0, ""max_hold_bars"": 144, ""momentum_lookback"": 0, ""momentum_threshold"": 0.0, ""role"": ""child"", ""round_name"": ""R5_exit_structure"", ""rvol_min"": 0.0, ""slow_slope_atr_min"": 0.0, ""stop_atr"": 3.0, ""take_profit_atr"": 16.0}",True,True,False,double_cost_return,2020-01-01T00:00:00+00:00,2022-01-01T00:00:00+00:00,9.622778829734301,4.694317833559913,-8.945416808015105,0.6669575926175256,39,0.3076923076923077,1.3772439075930676,39,0,0.13473262142726825,0.40206545145082123,2022-01-01T00:00:00+00:00,2024-01-01T00:00:00+00:00,2.7290142903847014,1.3553226477942326,-11.655579558394013,0.18678150142865171,73,0.2876712328767123,1.0760733429224232,73,0,0.08549724365485593,0.2314874926930206,2020-01-01T00:00:00+00:00,2022-01-01T00:00:00+00:00,-4.592039968607953,-2.319860976528554,-16.18730024974717,-0.27610208424190863,43.0,0.27906976744186046,0.895738274405317,43.0,0.0,0.13946402147638173,0.4160737560957375,2022-01-01T00:00:00+00:00,2024-01-01T00:00:00+00:00,-15.322579406357672,-7.979664968202638,-19.57296281840748,-0.7942274044224051,73.0,0.273972602739726,0.7439615038885822,73.0,0.0,0.09106327961064958,0.24501369185204827
iter-61d3572245a0,R5_exit_structure,"{""atr_cap"": 0.0035, ""atr_floor"": 0.0, ""body_atr_min"": -100.0, ""close_location_min"": 0.0, ""cooldown_bars"": 0, ""ema_spread_min"": 0.0, ""max_hold_bars"": 144, ""momentum_lookback"": 0, ""momentum_threshold"": 0.0, ""role"": ""child"", ""round_name"": ""R5_exit_structure"", ""rvol_min"": 0.0, ""slow_slope_atr_min"": 0.0, ""stop_atr"": 3.0, ""take_profit_atr"": 20.0}",True,True,False,double_cost_return,2020-01-01T00:00:00+00:00,2022-01-01T00:00:00+00:00,17.08561723659581,8.19443387537222,-7.526263812811451,0.9918249391452181,37,0.32432432432432434,1.6840287435028978,37,0,0.1486524055091788,0.4437498706016426,2022-01-01T00:00:00+00:00,2024-01-01T00:00:00+00:00,4.258302359234611,2.106954885176471,-10.914328164499521,0.2583507342649097,70,0.2571428571428571,1.1116210378661449,70,0,0.10515679222031055,0.28058576479758,2020-01-01T00:00:00+00:00,2022-01-01T00:00:00+00:00,3.2917828115249126,1.6303136242611371,-13.574884134729349,0.23226934680837655,40.0,0.3,1.1264751937351862,40.0,0.0,0.15417160806996016,0.4601268491231042,2022-01-01T00:00:00+00:00,2024-01-01T00:00:00+00:00,-13.373588220619004,-6.926689228661798,-20.60474379659555,-0.6645402918624626,70.0,0.22857142857142856,0.784048952218185,70.0,0.0,0.11078122203687622,0.29392988130831865
iter-5efc8d348221,R5_exit_structure,"{""atr_cap"": 0.0035, ""atr_floor"": 0.0, ""body_atr_min"": -100.0, ""close_location_min"": 0.0, ""cooldown_bars"": 0, ""ema_spread_min"": 0.0, ""max_hold_bars"": 192, ""momentum_lookback"": 0, ""momentum_threshold"": 0.0, ""role"": ""child"", ""round_name"": ""R5_exit_structure"", ""rvol_min"": 0.0, ""slow_slope_atr_min"": 0.0, ""stop_atr"": 3.0, ""take_profit_atr"": 0.0}",True,True,True,,2020-01-01T00:00:00+00:00,2022-01-01T00:00:00+00:00,34.488358199387605,15.945614412701303,-12.36500639312359,1.1978748004283735,35,0.2571428571428571,2.224187017882031,35,0,0.2813974279933321,0.6487300723454854,2022-01-01T00:00:00+00:00,2024-01-01T00:00:00+00:00,32.428213899699124,15.07745821823625,-8.486876019801336,1.132265540157599,59,0.2711864406779661,1.7800603973079878,59,0,0.15776923017589498,0.44964165025274677,2020-01-01T00:00:00+00:00,2022-01-01T00:00:00+00:00,18.218564332372278,8.715914604782093,-18.410183894296683,0.6817920680987645,38.0,0.21052631578947367,1.538816230557028,38.0,0.0,0.2923718271762346,0.6566946502997542,2022-01-01T00:00:00+00:00,2024-01-01T00:00:00+00:00,10.844622892109722,5.282772993548068,-15.42332608664495,0.45283367483124565,60.0,0.25,1.24569615015318,60.0,0.0,0.16657596501133382,0.47408591814697243
iter-cf758a89e71d,R5_exit_structure,"{""atr_cap"": 0.0035, ""atr_floor"": 0.0, ""body_atr_min"": -100.0, ""close_location_min"": 0.0, ""cooldown_bars"": 0, ""ema_spread_min"": 0.0, ""max_hold_bars"": 192, ""momentum_lookback"": 0, ""momentum_threshold"": 0.0, ""role"": ""child"", ""round_name"": ""R5_exit_structure"", ""rvol_min"": 0.0, ""slow_slope_atr_min"": 0.0, ""stop_atr"": 3.0, ""take_profit_atr"": 8.0}",True,False,False,train_return|validation_return|train_pf|validation_pf,2020-01-01T00:00:00+00:00,2022-01-01T00:00:00+00:00,-0.1397738377510671,-0.06981575228650616,-10.282334288983485,0.019211790406209732,46,0.391304347826087,1.0091840556645646,46,0,0.0882340550556713,0.2539336219080967,2022-01-01T00:00:00+00:00,2024-01-01T00:00:00+00:00,-2.4750089345789705,-1.2452578022599359,-12.660164833094068,-0.12195926571044444,92,0.3804347826086957,0.9650669901313227,92,0,0.04491944176440256,0.1332042567269621,,,,,,,,,,,,,,,,,,,,,,,,,,
iter-a799d43c13bd,R5_exit_structure,"{""atr_cap"": 0.0035, ""atr_floor"": 0.0, ""body_atr_min"": -100.0, ""close_location_min"": 0.0, ""cooldown_bars"": 0, ""ema_spread_min"": 0.0, ""max_hold_bars"": 192, ""momentum_lookback"": 0, ""momentum_threshold"": 0.0, ""role"": ""child"", ""round_name"": ""R5_exit_structure"", ""rvol_min"": 0.0, ""slow_slope_atr_min"": 0.0, ""stop_atr"": 3.0, ""take_profit_atr"": 12.0}",True,True,False,double_cost_return,2020-01-01T00:00:00+00:00,2022-01-01T00:00:00+00:00,5.150792886726352,2.5395379725035694,-12.095831006662639,0.3864719954258881,43,0.32558139534883723,1.1961905071315762,43,0,0.1127404189026112,0.32743890813361476,2022-01-01T00:00:00+00:00,2024-01-01T00:00:00+00:00,6.2750068093139655,3.0897700110510407,-14.059107338682864,0.3992923634983,76,0.32894736842105265,1.1464375977107093,76,0,0.06337982936239335,0.18214262652933944,2020-01-01T00:00:00+00:00,2022-01-01T00:00:00+00:00,-10.128030610461192,-5.1922477864165035,-22.90956748440062,-0.6887703991703702,48.0,0.2708333333333333,0.7577115390089583,48.0,0.0,0.11701818108495958,0.3391216256034269,2022-01-01T00:00:00+00:00,2024-01-01T00:00:00+00:00,-14.774420341505456,-7.682298740439519,-22.560099724730453,-0.8614813529744637,77.0,0.3116883116883117,0.7557814775288324,77.0,0.0,0.06857589628053078,0.19642598972891134
iter-6cda0559b0c6,R5_exit_structure,"{""atr_cap"": 0.0035, ""atr_floor"": 0.0, ""body_atr_min"": -100.0, ""close_location_min"": 0.0, ""cooldown_bars"": 0, ""ema_spread_min"": 0.0, ""max_hold_bars"": 192, ""momentum_lookback"": 0, ""momentum_threshold"": 0.0, ""role"": ""child"", ""round_name"": ""R5_exit_structure"", ""rvol_min"": 0.0, ""slow_slope_atr_min"": 0.0, ""stop_atr"": 3.0, ""take_profit_atr"": 16.0}",True,False,False,validation_pf,2020-01-01T00:00:00+00:00,2022-01-01T00:00:00+00:00,8.528373758875475,4.17112065971037,-9.981794055648264,0.5899297710072743,39,0.3076923076923077,1.3303355923741416,39,0,0.13570601178906416,0.404970216689614,2022-01-01T00:00:00+00:00,2024-01-01T00:00:00+00:00,0.24446878492641044,0.12215977740712702,-11.58703336587693,0.062000534372314835,72,0.2777777777777778,1.0242708932884323,72,0,0.08869074810430742,0.24013404439814734,,,,,,,,,,,,,,,,,,,,,,,,,,
iter-f6b7692750da,R5_exit_structure,"{""atr_cap"": 0.0035, ""atr_floor"": 0.0, ""body_atr_min"": -100.0, ""close_location_min"": 0.0, ""cooldown_bars"": 0, ""ema_spread_min"": 0.0, ""max_hold_bars"": 192, ""momentum_lookback"": 0, ""momentum_threshold"": 0.0, ""role"": ""child"", ""round_name"": ""R5_exit_structure"", ""rvol_min"": 0.0, ""slow_slope_atr_min"": 0.0, ""stop_atr"": 3.0, ""take_profit_atr"": 20.0}",True,True,False,double_cost_return,2020-01-01T00:00:00+00:00,2022-01-01T00:00:00+00:00,14.312774473562651,6.907370143266789,-8.578793766037052,0.8276166146352243,36,0.3055555555555556,1.5680979882571893,36,0,0.154609277163882,0.4615320317238313,2022-01-01T00:00:00+00:00,2024-01-01T00:00:00+00:00,1.6425198619280712,0.8179150061773832,-10.895831433173475,0.13075290100967396,69,0.2318840579710145,1.057014887689628,69,0,0.10891428054531002,0.2906117242541897,2020-01-01T00:00:00+00:00,2022-01-01T00:00:00+00:00,1.1671217964124736,0.5810697488152217,-15.47799920559031,0.10966097035382233,39.0,0.2564102564102564,1.0638719386522149,39.0,0.0,0.15913870176715927,0.4749511945444371,2022-01-01T00:00:00+00:00,2024-01-01T00:00:00+00:00,-13.448037776588407,-6.966692940962482,-20.583667562694696,-0.6557110306638423,69.0,0.2318840579710145,0.7816043477864985,69.0,0.0,0.11158638441409713,0.2960661755070926
iter-639a3d6f1b66,R5_exit_structure,"{""atr_cap"": 0.0035, ""atr_floor"": 0.0, ""body_atr_min"": -100.0, ""close_location_min"": 0.0, ""cooldown_bars"": 0, ""ema_spread_min"": 0.0, ""max_hold_bars"": 288, ""momentum_lookback"": 0, ""momentum_threshold"": 0.0, ""role"": ""child"", ""round_name"": ""R5_exit_structure"", ""rvol_min"": 0.0, ""slow_slope_atr_min"": 0.0, ""stop_atr"": 3.0, ""take_profit_atr"": 0.0}",True,True,False,double_cost_return,2020-01-01T00:00:00+00:00,2022-01-01T00:00:00+00:00,44.93778667974926,20.35955272052743,-11.71882227535075,1.3326373838011638,33,0.24242424242424243,2.5418359569339484,33,0,0.25073566425878824,0.6106221820682323,2022-01-01T00:00:00+00:00,2024-01-01T00:00:00+00:00,11.709671215507989,5.692795977544263,-20.385464156221545,0.45567118929333067,58,0.1896551724137931,1.3246166738738965,58,0,0.3110704756756309,0.6783175425278335,2020-01-01T00:00:00+00:00,2022-01-01T00:00:00+00:00,29.14687271713121,13.622925311171485,-15.105239026259632,0.9283709379212568,36.0,0.2222222222222222,1.81705127947656,36.0,0.0,0.2547024670143401,0.6192767425449627,2022-01-01T00:00:00+00:00,2024-01-01T00:00:00+00:00,-4.267095888160588,-2.156807026835328,-25.90634605697363,-0.07710531957406302,59.0,0.1864406779661017,0.9755863506124896,59.0,0.0,0.3235548417656585,0.7013166561749339
iter-6561ea65e3f4,R5_exit_structure,"{""atr_cap"": 0.0035, ""atr_floor"": 0.0, ""body_atr_min"": -100.0, ""close_location_min"": 0.0, ""cooldown_bars"": 0, ""ema_spread_min"": 0.0, ""max_hold_bars"": 288, ""momentum_lookback"": 0, ""momentum_threshold"": 0.0, ""role"": ""child"", ""round_name"": ""R5_exit_structure"", ""rvol_min"": 0.0, ""slow_slope_atr_min"": 0.0, ""stop_atr"": 3.0, ""take_profit_atr"": 8.0}",True,False,False,validation_return|validation_pf,2020-01-01T00:00:00+00:00,2022-01-01T00:00:00+00:00,1.8711172227324102,0.9299429249775226,-9.47700199675532,0.18064974338650977,46,0.391304347826087,1.0818193890544254,46,0,0.08230985914076004,0.23688405386299896,2022-01-01T00:00:00+00:00,2024-01-01T00:00:00+00:00,-3.0530036422133477,-1.538334181374601,-13.17779587248854,-0.15892131506249507,91,0.38461538461538464,0.9547844107893816,91,0,0.04461561139994188,0.13230327718938603,,,,,,,,,,,,,,,,,,,,,,,,,,
iter-28361c0e9065,R5_exit_structure,"{""atr_cap"": 0.0035, ""atr_floor"": 0.0, ""body_atr_min"": -100.0, ""close_location_min"": 0.0, ""cooldown_bars"": 0, ""ema_spread_min"": 0.0, ""max_hold_bars"": 288, ""momentum_lookback"": 0, ""momentum_threshold"": 0.0, ""role"": ""child"", ""round_name"": ""R5_exit_structure"", ""rvol_min"": 0.0, ""slow_slope_atr_min"": 0.0, ""stop_atr"": 3.0, ""take_profit_atr"": 12.0}",True,True,False,double_cost_return,2020-01-01T00:00:00+00:00,2022-01-01T00:00:00+00:00,4.036206445473978,1.995379871824965,-11.98838380346806,0.30634422481703777,43,0.3023255813953488,1.15202957589978,43,0,0.11108825629511858,0.32264043101669104,2022-01-01T00:00:00+00:00,2024-01-01T00:00:00+00:00,5.159622488403048,2.547365879579311,-14.961079750423256,0.3322883569502094,75,0.32,1.1242555687326008,75,0,0.06473290203437833,0.18603112248838105,2020-01-01T00:00:00+00:00,2022-01-01T00:00:00+00:00,-9.973697144532212,-5.110989323231618,-20.519571028801074,-0.6619422715726283,47.0,0.2765957446808511,0.7653379837160057,47.0,0.0,0.11439519387772748,0.33152014284744624,2022-01-01T00:00:00+00:00,2024-01-01T00:00:00+00:00,-15.433066539751916,-8.039718649708295,-23.15857609899823,-0.8864761091034267,76.0,0.3026315789473684,0.7428381331497883,76.0,0.0,0.06985552836598534,0.20009131548485984
iter-07d01f644661,R5_exit_structure,"{""atr_cap"": 0.0035, ""atr_floor"": 0.0, ""body_atr_min"": -100.0, ""close_location_min"": 0.0, ""cooldown_bars"": 0, ""ema_spread_min"": 0.0, ""max_hold_bars"": 288, ""momentum_lookback"": 0, ""momentum_threshold"": 0.0, ""role"": ""child"", ""round_name"": ""R5_exit_structure"", ""rvol_min"": 0.0, ""slow_slope_atr_min"": 0.0, ""stop_atr"": 3.0, ""take_profit_atr"": 16.0}",True,False,False,validation_return|validation_pf,2020-01-01T00:00:00+00:00,2022-01-01T00:00:00+00:00,7.6040490298427965,3.7271716949993428,-9.981794055648264,0.5221776378595838,38,0.2894736842105263,1.291816526622892,38,0,0.13630231590227873,0.4067496913256881,2022-01-01T00:00:00+00:00,2024-01-01T00:00:00+00:00,-5.370153294344826,-2.722126510878553,-16.127680328847703,-0.21600585544810819,71,0.23943661971830985,0.9080912715217692,71,0,0.09622241726782853,0.2605263650850589,,,,,,,,,,,,,,,,,,,,,,,,,,
iter-6ddbfc145a5a,R5_exit_structure,"{""atr_cap"": 0.0035, ""atr_floor"": 0.0, ""body_atr_min"": -100.0, ""close_location_min"": 0.0, ""cooldown_bars"": 0, ""ema_spread_min"": 0.0, ""max_hold_bars"": 288, ""momentum_lookback"": 0, ""momentum_threshold"": 0.0, ""role"": ""child"", ""round_name"": ""R5_exit_structure"", ""rvol_min"": 0.0, ""slow_slope_atr_min"": 0.0, ""stop_atr"": 3.0, ""take_profit_atr"": 20.0}",True,False,False,validation_return|validation_pf,2020-01-01T00:00:00+00:00,2022-01-01T00:00:00+00:00,14.315809222675192,6.908787268643146,-8.578793766037052,0.8056028153400366,36,0.2777777777777778,1.536686120254199,36,0,0.14855525840567432,0.44345987183262325,2022-01-01T00:00:00+00:00,2024-01-01T00:00:00+00:00,-0.5014632676055397,-0.25104675617169114,-15.339803616552173,0.03036561507752756,67,0.208955223880597,1.0139036355904971,67,0,0.1113069448018763,0.31163752088659996,,,,,,,,,,,,,,,,,,,,,,,,,,
iter-c2d59966255a,R5_exit_structure,"{""atr_cap"": 0.0035, ""atr_floor"": 0.0, ""body_atr_min"": -100.0, ""close_location_min"": 0.0, ""cooldown_bars"": 0, ""ema_spread_min"": 0.0, ""max_hold_bars"": 384, ""momentum_lookback"": 0, ""momentum_threshold"": 0.0, ""role"": ""child"", ""round_name"": ""R5_exit_structure"", ""rvol_min"": 0.0, ""slow_slope_atr_min"": 0.0, ""stop_atr"": 3.0, ""take_profit_atr"": 0.0}",True,True,False,double_cost_return,2020-01-01T00:00:00+00:00,2022-01-01T00:00:00+00:00,49.79477667897931,22.356852350222578,-11.724474299577048,1.3484650192140928,31,0.22580645161290322,2.7492354365914453,31,0,0.27517344680451417,0.6690617808993805,2022-01-01T00:00:00+00:00,2024-01-01T00:00:00+00:00,8.641836838102623,4.231394904847474,-20.499005864893093,0.35000787692584745,56,0.14285714285714285,1.2519717412612983,56,0,0.32347710930161616,0.6752790525888339,2020-01-01T00:00:00+00:00,2022-01-01T00:00:00+00:00,30.011151338802055,14.001965760110746,-12.876729962049415,0.8936251895346748,34.0,0.20588235294117646,1.8688794688511796,34.0,0.0,0.293803340787166,0.6625335598511676,2022-01-01T00:00:00+00:00,2024-01-01T00:00:00+00:00,-6.299657509941248,-3.201062769233487,-26.629525788914044,-0.13731433429242632,57.0,0.14035087719298245,0.9395840259790413,57.0,0.0,0.33171261434927746,0.6877375139649077
iter-1881e36a5020,R5_exit_structure,"{""atr_cap"": 0.0035, ""atr_floor"": 0.0, ""body_atr_min"": -100.0, ""close_location_min"": 0.0, ""cooldown_bars"": 0, ""ema_spread_min"": 0.0, ""max_hold_bars"": 384, ""momentum_lookback"": 0, ""momentum_threshold"": 0.0, ""role"": ""child"", ""round_name"": ""R5_exit_structure"", ""rvol_min"": 0.0, ""slow_slope_atr_min"": 0.0, ""stop_atr"": 3.0, ""take_profit_atr"": 8.0}",True,False,False,validation_return|validation_pf,2020-01-01T00:00:00+00:00,2022-01-01T00:00:00+00:00,1.8711172227324102,0.9299429249775226,-9.47700199675532,0.18064974338650977,46,0.391304347826087,1.0818193890544254,46,0,0.08230985914076004,0.23688405386299896,2022-01-01T00:00:00+00:00,2024-01-01T00:00:00+00:00,-3.0530036422133477,-1.538334181374601,-13.17779587248854,-0.15892131506249507,91,0.38461538461538464,0.9547844107893816,91,0,0.04461561139994188,0.13230327718938603,,,,,,,,,,,,,,,,,,,,,,,,,,
iter-e0fd4f4a8b87,R5_exit_structure,"{""atr_cap"": 0.0035, ""atr_floor"": 0.0, ""body_atr_min"": -100.0, ""close_location_min"": 0.0, ""cooldown_bars"": 0, ""ema_spread_min"": 0.0, ""max_hold_bars"": 384, ""momentum_lookback"": 0, ""momentum_threshold"": 0.0, ""role"": ""child"", ""round_name"": ""R5_exit_structure"", ""rvol_min"": 0.0, ""slow_slope_atr_min"": 0.0, ""stop_atr"": 3.0, ""take_profit_atr"": 12.0}",True,True,False,double_cost_return,2020-01-01T00:00:00+00:00,2022-01-01T00:00:00+00:00,4.036206445473978,1.995379871824965,-11.98838380346806,0.30634422481703777,43,0.3023255813953488,1.15202957589978,43,0,0.11108825629511858,0.32264043101669104,2022-01-01T00:00:00+00:00,2024-01-01T00:00:00+00:00,4.0251982957767,1.9927440045500067,-15.878449042582721,0.26852070634888237,75,0.32,1.0993156908145512,75,0,0.06473290203437833,0.18603112248838105,2020-01-01T00:00:00+00:00,2022-01-01T00:00:00+00:00,-9.973697144532212,-5.110989323231618,-20.519571028801074,-0.6619422715726283,47.0,0.2765957446808511,0.7653379837160057,47.0,0.0,0.11439519387772748,0.33152014284744624,2022-01-01T00:00:00+00:00,2024-01-01T00:00:00+00:00,-16.312405901106796,-8.519076251442891,-23.95758448033528,-0.9291244545769324,76.0,0.3026315789473684,0.730605006920192,76.0,0.0,0.06985552836598534,0.20009131548485984
iter-ba81de98a766,R5_exit_structure,"{""atr_cap"": 0.0035, ""atr_floor"": 0.0, ""body_atr_min"": -100.0, ""close_location_min"": 0.0, ""cooldown_bars"": 0, ""ema_spread_min"": 0.0, ""max_hold_bars"": 384, ""momentum_lookback"": 0, ""momentum_threshold"": 0.0, ""role"": ""child"", ""round_name"": ""R5_exit_structure"", ""rvol_min"": 0.0, ""slow_slope_atr_min"": 0.0, ""stop_atr"": 3.0, ""take_profit_atr"": 16.0}",True,False,False,validation_return|validation_pf,2020-01-01T00:00:00+00:00,2022-01-01T00:00:00+00:00,5.11287498687667,2.521073462884593,-9.981794055648264,0.36524891925476455,38,0.2631578947368421,1.200951669467913,38,0,0.14189311285439365,0.4234335966539564,2022-01-01T00:00:00+00:00,2024-01-01T00:00:00+00:00,-9.063596101347605,-4.63941909853296,-19.401252320986863,-0.40156745936921406,71,0.22535211267605634,0.8364636433620506,71,0,0.09988236501440596,0.27043583223306283,,,,,,,,,,,,,,,,,,,,,,,,,,
iter-a48d3696768c,R5_exit_structure,"{""atr_cap"": 0.0035, ""atr_floor"": 0.0, ""body_atr_min"": -100.0, ""close_location_min"": 0.0, ""cooldown_bars"": 0, ""ema_spread_min"": 0.0, ""max_hold_bars"": 384, ""momentum_lookback"": 0, ""momentum_threshold"": 0.0, ""role"": ""child"", ""round_name"": ""R5_exit_structure"", ""rvol_min"": 0.0, ""slow_slope_atr_min"": 0.0, ""stop_atr"": 3.0, ""take_profit_atr"": 20.0}",True,False,False,validation_return|validation_pf,2020-01-01T00:00:00+00:00,2022-01-01T00:00:00+00:00,11.669249179593312,5.665694478054095,-8.578793766037052,0.6691259354726207,36,0.25,1.4348415716120897,36,0,0.15381513383742143,0.4591613940126623,2022-01-01T00:00:00+00:00,2024-01-01T00:00:00+00:00,-4.384933098690091,-2.2170429464776764,-18.64412676889229,-0.15115009243040864,67,0.19402985074626866,0.9360952802071356,67,0,0.11516652483013008,0.32244358472933127,,,,,,,,,,,,,,,,,,,,,,,,,,
iter-4b5c80554210,R5_exit_structure,"{""atr_cap"": 0.0035, ""atr_floor"": 0.0, ""body_atr_min"": -100.0, ""close_location_min"": 0.0, ""cooldown_bars"": 0, ""ema_spread_min"": 0.0, ""max_hold_bars"": 96, ""momentum_lookback"": 0, ""momentum_threshold"": 0.0, ""role"": ""child"", ""round_name"": ""R5_exit_structure"", ""rvol_min"": 0.0, ""slow_slope_atr_min"": 0.0, ""stop_atr"": 4.0, ""take_profit_atr"": 0.0}",True,False,False,train_top_trade_concentration|train_top3_trade_concentration,2020-01-01T00:00:00+00:00,2022-01-01T00:00:00+00:00,29.282348507320897,13.6824237056987,-15.192770763198082,1.2247174352159593,34,0.35294117647058826,2.213283636405337,34,0,0.3589731914918571,0.7604745251919456,2022-01-01T00:00:00+00:00,2024-01-01T00:00:00+00:00,25.385080683044748,11.975479763671814,-6.6897078186089365,1.0235279822514904,61,0.3770491803278688,1.645925687756094,61,0,0.19755342395161826,0.39638117993286903,,,,,,,,,,,,,,,,,,,,,,,,,,
iter-1e4b9c2e4441,R5_exit_structure,"{""atr_cap"": 0.0035, ""atr_floor"": 0.0, ""body_atr_min"": -100.0, ""close_location_min"": 0.0, ""cooldown_bars"": 0, ""ema_spread_min"": 0.0, ""max_hold_bars"": 96, ""momentum_lookback"": 0, ""momentum_threshold"": 0.0, ""role"": ""child"", ""round_name"": ""R5_exit_structure"", ""rvol_min"": 0.0, ""slow_slope_atr_min"": 0.0, ""stop_atr"": 4.0, ""take_profit_atr"": 8.0}",True,False,False,validation_pf,2020-01-01T00:00:00+00:00,2022-01-01T00:00:00+00:00,2.6765691081522824,1.3276167132344918,-9.473242241133518,0.23926759894826458,44,0.4318181818181818,1.116485968200983,44,0,0.08426637654337504,0.2425148225050927,2022-01-01T00:00:00+00:00,2024-01-01T00:00:00+00:00,0.2116923387819325,0.10579021154666357,-9.117162902381393,0.05396416860524438,89,0.449438202247191,1.0181871309851165,89,0,0.04264117101379818,0.12644826533355324,,,,,,,,,,,,,,,,,,,,,,,,,,
iter-8e6ecfc7e70d,R5_exit_structure,"{""atr_cap"": 0.0035, ""atr_floor"": 0.0, ""body_atr_min"": -100.0, ""close_location_min"": 0.0, ""cooldown_bars"": 0, ""ema_spread_min"": 0.0, ""max_hold_bars"": 96, ""momentum_lookback"": 0, ""momentum_threshold"": 0.0, ""role"": ""child"", ""round_name"": ""R5_exit_structure"", ""rvol_min"": 0.0, ""slow_slope_atr_min"": 0.0, ""stop_atr"": 4.0, ""take_profit_atr"": 12.0}",True,True,False,double_cost_return,2020-01-01T00:00:00+00:00,2022-01-01T00:00:00+00:00,6.266773161936157,3.0814908083024006,-13.307152702426494,0.45343672132807317,42,0.35714285714285715,1.2413954670314624,42,0,0.11235597869567081,0.32632235487943567,2022-01-01T00:00:00+00:00,2024-01-01T00:00:00+00:00,8.916506722040452,4.363071400778762,-7.187602203590481,0.5406815641241871,73,0.3972602739726027,1.2094415403466672,73,0,0.06336962501203659,0.18211330099794082,2020-01-01T00:00:00+00:00,2022-01-01T00:00:00+00:00,-5.6878119403288245,-2.8816476522399825,-19.980823597364605,-0.35747035080431566,42.0,0.30952380952380953,0.8575401752124047,42.0,0.0,0.11767691850482508,0.34103066317860853,2022-01-01T00:00:00+00:00,2024-01-01T00:00:00+00:00,-17.32997166045752,-9.076940031946524,-21.35052473681981,-1.0656770677069454,76.0,0.34210526315789475,0.7140187965642087,76.0,0.0,0.07092859268382698,0.2031649569843828
iter-586d751c487e,R5_exit_structure,"{""atr_cap"": 0.0035, ""atr_floor"": 0.0, ""body_atr_min"": -100.0, ""close_location_min"": 0.0, ""cooldown_bars"": 0, ""ema_spread_min"": 0.0, ""max_hold_bars"": 96, ""momentum_lookback"": 0, ""momentum_threshold"": 0.0, ""role"": ""child"", ""round_name"": ""R5_exit_structure"", ""rvol_min"": 0.0, ""slow_slope_atr_min"": 0.0, ""stop_atr"": 4.0, ""take_profit_atr"": 16.0}",True,True,False,double_cost_return,2020-01-01T00:00:00+00:00,2022-01-01T00:00:00+00:00,8.636922229421762,4.223131579659678,-11.207805748800526,0.5892989487989585,38,0.34210526315789475,1.3429386370125878,38,0,0.1379592547583802,0.41169428352724685,2022-01-01T00:00:00+00:00,2024-01-01T00:00:00+00:00,8.134987588158005,3.9879741067004426,-7.851500248665843,0.4582662225020227,68,0.38235294117647056,1.2020045651267894,68,0,0.08408448036593913,0.2270111787886218,2020-01-01T00:00:00+00:00,2022-01-01T00:00:00+00:00,-2.6496645450434952,-1.3319140848747746,-15.536537138376294,-0.13837205187170093,38.0,0.2894736842105263,0.9453302804458227,38.0,0.0,0.14404414403476257,0.4297379884624132,2022-01-01T00:00:00+00:00,2024-01-01T00:00:00+00:00,-19.198300818804594,-10.110234630857217,-21.735870898042563,-1.0672679586145561,72.0,0.3055555555555556,0.6779875053750359,72.0,0.0,0.09682391032634338,0.257199884715416
iter-d8dd90b2e56a,R5_exit_structure,"{""atr_cap"": 0.0035, ""atr_floor"": 0.0, ""body_atr_min"": -100.0, ""close_location_min"": 0.0, ""cooldown_bars"": 0, ""ema_spread_min"": 0.0, ""max_hold_bars"": 96, ""momentum_lookback"": 0, ""momentum_threshold"": 0.0, ""role"": ""child"", ""round_name"": ""R5_exit_structure"", ""rvol_min"": 0.0, ""slow_slope_atr_min"": 0.0, ""stop_atr"": 4.0, ""take_profit_atr"": 20.0}",True,True,False,double_cost_return,2020-01-01T00:00:00+00:00,2022-01-01T00:00:00+00:00,16.630394521788162,7.984189636172223,-9.453794430090955,0.9545268780579955,36,0.3611111111111111,1.6793742862329049,36,0,0.15162107516716702,0.4526117976729133,2022-01-01T00:00:00+00:00,2024-01-01T00:00:00+00:00,4.482850094944801,2.216852864361263,-8.298877529086434,0.27315825283304723,68,0.3382352941176471,1.1191160046843995,68,0,0.10704367448591552,0.28562045910880024,2020-01-01T00:00:00+00:00,2022-01-01T00:00:00+00:00,4.939031063140842,2.4363756573730466,-13.280097232090704,0.32474739278643133,36.0,0.3055555555555556,1.1868397383801954,36.0,0.0,0.1583781669127376,0.4726813699600393,2022-01-01T00:00:00+00:00,2024-01-01T00:00:00+00:00,-16.20291823322374,-8.459254008514739,-19.613188665766945,-0.833947488282818,70.0,0.2857142857142857,0.7375595576368611,70.0,0.0,0.11450151513280095,0.30380073566442345
iter-0a84100c9bd5,R5_exit_structure,"{""atr_cap"": 0.0035, ""atr_floor"": 0.0, ""body_atr_min"": -100.0, ""close_location_min"": 0.0, ""cooldown_bars"": 0, ""ema_spread_min"": 0.0, ""max_hold_bars"": 144, ""momentum_lookback"": 0, ""momentum_threshold"": 0.0, ""role"": ""child"", ""round_name"": ""R5_exit_structure"", ""rvol_min"": 0.0, ""slow_slope_atr_min"": 0.0, ""stop_atr"": 4.0, ""take_profit_atr"": 0.0}",True,True,False,double_cost_return,2020-01-01T00:00:00+00:00,2022-01-01T00:00:00+00:00,22.552647704070484,10.688101094379254,-16.082103902184553,0.8777860248010344,34,0.3235294117647059,1.824717673397897,34,0,0.3102168785055631,0.6604411088085742,2022-01-01T00:00:00+00:00,2024-01-01T00:00:00+00:00,19.631465102311818,9.376169754801623,-7.538276971711921,0.7855428410226554,56,0.35714285714285715,1.4804254658527347,56,0,0.17792075324164489,0.3687250469772375,2020-01-01T00:00:00+00:00,2022-01-01T00:00:00+00:00,10.889930621102595,5.29684288229062,-21.788841556223204,0.47344097840923316,34.0,0.3235294117647059,1.3663338735172978,34.0,0.0,0.32465728886836615,0.6859664925040697,2022-01-01T00:00:00+00:00,2024-01-01T00:00:00+00:00,-3.572681717010451,-1.802587466374883,-14.562643701465717,-0.08431195686024104,59.0,0.3050847457627119,0.9624907199035276,59.0,0.0,0.19806905970112393,0.40555072724706737
iter-2ad10e4d0353,R5_exit_structure,"{""atr_cap"": 0.0035, ""atr_floor"": 0.0, ""body_atr_min"": -100.0, ""close_location_min"": 0.0, ""cooldown_bars"": 0, ""ema_spread_min"": 0.0, ""max_hold_bars"": 144, ""momentum_lookback"": 0, ""momentum_threshold"": 0.0, ""role"": ""child"", ""round_name"": ""R5_exit_structure"", ""rvol_min"": 0.0, ""slow_slope_atr_min"": 0.0, ""stop_atr"": 4.0, ""take_profit_atr"": 8.0}",True,False,False,train_pf,2020-01-01T00:00:00+00:00,2022-01-01T00:00:00+00:00,0.6585828869466237,0.32830059191439886,-10.301145605390705,0.08285568974035094,44,0.4318181818181818,1.0383373171677777,44,0,0.08323254623037755,0.2395395055976674,2022-01-01T00:00:00+00:00,2024-01-01T00:00:00+00:00,2.3361817558715803,1.1613472408664505,-9.920371740578426,0.1782547604269676,89,0.449438202247191,1.05607304325883,89,0,0.03880935827011019,0.11508539552949551,,,,,,,,,,,,,,,,,,,,,,,,,,
iter-2ea35d37e247,R5_exit_structure,"{""atr_cap"": 0.0035, ""atr_floor"": 0.0, ""body_atr_min"": -100.0, ""close_location_min"": 0.0, ""cooldown_bars"": 0, ""ema_spread_min"": 0.0, ""max_hold_bars"": 144, ""momentum_lookback"": 0, ""momentum_threshold"": 0.0, ""role"": ""child"", ""round_name"": ""R5_exit_structure"", ""rvol_min"": 0.0, ""slow_slope_atr_min"": 0.0, ""stop_atr"": 4.0, ""take_profit_atr"": 12.0}",True,True,False,double_cost_return,2020-01-01T00:00:00+00:00,2022-01-01T00:00:00+00:00,1.8570765340938378,0.9229967160718777,-16.01389366920768,0.1602226616462758,42,0.3333333333333333,1.0788510552031203,42,0,0.11189561591208605,0.32498529503284634,2022-01-01T00:00:00+00:00,2024-01-01T00:00:00+00:00,11.75276128106091,5.713178592387869,-10.634583177329858,0.6470611099836614,72,0.3888888888888889,1.2459476939847673,72,0,0.05614271145110166,0.16134440605247355,2020-01-01T00:00:00+00:00,2022-01-01T00:00:00+00:00,-9.291923491510179,-4.752858933286664,-22.387775867068893,-0.6036781932333423,42.0,0.3333333333333333,0.7767767499262461,42.0,0.0,0.1165194566380732,0.3376763096398034,2022-01-01T00:00:00+00:00,2024-01-01T00:00:00+00:00,-17.096835958457078,-8.948825355439304,-24.10084812740069,-1.0009141009657934,75.0,0.3466666666666667,0.7357664748709812,75.0,0.0,0.06490673964131738,0.1859162076710935
iter-75b1b64ce0a1,R5_exit_structure,"{""atr_cap"": 0.0035, ""atr_floor"": 0.0, ""body_atr_min"": -100.0, ""close_location_min"": 0.0, ""cooldown_bars"": 0, ""ema_spread_min"": 0.0, ""max_hold_bars"": 144, ""momentum_lookback"": 0, ""momentum_threshold"": 0.0, ""role"": ""child"", ""round_name"": ""R5_exit_structure"", ""rvol_min"": 0.0, ""slow_slope_atr_min"": 0.0, ""stop_atr"": 4.0, ""take_profit_atr"": 16.0}",True,True,False,double_cost_return,2020-01-01T00:00:00+00:00,2022-01-01T00:00:00+00:00,5.578415801236702,2.747542978539741,-11.671131103433973,0.3914591863553662,38,0.3157894736842105,1.208106399122039,38,0,0.13473262142726825,0.40206545145082123,2022-01-01T00:00:00+00:00,2024-01-01T00:00:00+00:00,11.734925685029207,5.704742412547037,-8.898166676799136,0.5722402807814378,67,0.3582089552238806,1.2532233324942996,67,0,0.07242867436646652,0.20952943391324289,2020-01-01T00:00:00+00:00,2022-01-01T00:00:00+00:00,-5.06645531587967,-2.5626882746011104,-16.936726481603117,-0.2959931943752183,38.0,0.3157894736842105,0.8851767494583469,38.0,0.0,0.13948928183591422,0.416149117271758,2022-01-01T00:00:00+00:00,2024-01-01T00:00:00+00:00,-19.251598457841258,-10.139885632078816,-23.707087144846728,-0.9901405797441325,71.0,0.30985915492957744,0.6999352873788238,71.0,0.0,0.08759292859320196,0.23567640992630576
iter-737e024dbc41,R5_exit_structure,"{""atr_cap"": 0.0035, ""atr_floor"": 0.0, ""body_atr_min"": -100.0, ""close_location_min"": 0.0, ""cooldown_bars"": 0, ""ema_spread_min"": 0.0, ""max_hold_bars"": 144, ""momentum_lookback"": 0, ""momentum_threshold"": 0.0, ""role"": ""child"", ""round_name"": ""R5_exit_structure"", ""rvol_min"": 0.0, ""slow_slope_atr_min"": 0.0, ""stop_atr"": 4.0, ""take_profit_atr"": 20.0}",True,True,False,double_cost_return,2020-01-01T00:00:00+00:00,2022-01-01T00:00:00+00:00,13.287574194656514,6.427553352675908,-9.567286983865875,0.7643733212866197,36,0.3333333333333333,1.4878364910211974,36,0,0.1486524055091788,0.4437498706016426,2022-01-01T00:00:00+00:00,2024-01-01T00:00:00+00:00,11.286268131899702,5.492306891023913,-9.853124825930493,0.5477448684827508,66,0.3333333333333333,1.2410516264843336,66,0,0.08919347400742769,0.2577304013228317,2020-01-01T00:00:00+00:00,2022-01-01T00:00:00+00:00,2.279902780997878,1.1319675775162796,-14.632415396243669,0.17239884533005928,36.0,0.3333333333333333,1.0964905042512487,36.0,0.0,0.1541819226885406,0.46015763321497904,2022-01-01T00:00:00+00:00,2024-01-01T00:00:00+00:00,-13.498549008862714,-6.993843756911833,-21.624059758728855,-0.621521237872326,68.0,0.27941176470588236,0.8006841462650338,68.0,0.0,0.1002845676875296,0.2660796706831741
iter-dda54ac7ba5f,R5_exit_structure,"{""atr_cap"": 0.0035, ""atr_floor"": 0.0, ""body_atr_min"": -100.0, ""close_location_min"": 0.0, ""cooldown_bars"": 0, ""ema_spread_min"": 0.0, ""max_hold_bars"": 192, ""momentum_lookback"": 0, ""momentum_threshold"": 0.0, ""role"": ""child"", ""round_name"": ""R5_exit_structure"", ""rvol_min"": 0.0, ""slow_slope_atr_min"": 0.0, ""stop_atr"": 4.0, ""take_profit_atr"": 0.0}",False,True,False,,2020-01-01T00:00:00+00:00,2022-01-01T00:00:00+00:00,30.96397763855423,14.41838073325803,-13.677238709126216,1.0744642025979672,34,0.2647058823529412,2.026150876196338,34,0,0.2813974279933321,0.6487300723454854,2022-01-01T00:00:00+00:00,2024-01-01T00:00:00+00:00,29.299056841651925,13.709743136484098,-10.26129516419646,1.035562296004836,56,0.30357142857142855,1.6371342759738994,56,0,0.150914606779507,0.4301060020634468,,,,,,,,,,,,,,,,,,,,,,,,,,
iter-2464e435dd62,R5_exit_structure,"{""atr_cap"": 0.0035, ""atr_floor"": 0.0, ""body_atr_min"": -100.0, ""close_location_min"": 0.0, ""cooldown_bars"": 0, ""ema_spread_min"": 0.0, ""max_hold_bars"": 192, ""momentum_lookback"": 0, ""momentum_threshold"": 0.0, ""role"": ""child"", ""round_name"": ""R5_exit_structure"", ""rvol_min"": 0.0, ""slow_slope_atr_min"": 0.0, ""stop_atr"": 4.0, ""take_profit_atr"": 8.0}",True,False,False,train_pf|validation_pf,2020-01-01T00:00:00+00:00,2022-01-01T00:00:00+00:00,0.6063293315523355,0.3022917851651874,-10.702346797798423,0.07862259570590711,44,0.4318181818181818,1.0368012893171263,44,0,0.08397122995398505,0.2416654039626679,2022-01-01T00:00:00+00:00,2024-01-01T00:00:00+00:00,0.47901913423908926,0.23922342787732198,-11.555106549944593,0.07073163302253664,88,0.4431818181818182,1.0229939530474328,88,0,0.03973360776012281,0.11782616793252587,,,,,,,,,,,,,,,,,,,,,,,,,,
iter-3495bcbb0a4a,R5_exit_structure,"{""atr_cap"": 0.0035, ""atr_floor"": 0.0, ""body_atr_min"": -100.0, ""close_location_min"": 0.0, ""cooldown_bars"": 0, ""ema_spread_min"": 0.0, ""max_hold_bars"": 192, ""momentum_lookback"": 0, ""momentum_threshold"": 0.0, ""role"": ""child"", ""round_name"": ""R5_exit_structure"", ""rvol_min"": 0.0, ""slow_slope_atr_min"": 0.0, ""stop_atr"": 4.0, ""take_profit_atr"": 12.0}",True,True,False,double_cost_return,2020-01-01T00:00:00+00:00,2022-01-01T00:00:00+00:00,1.804200820584656,0.8968337420889538,-16.389543126862527,0.15547721107069612,42,0.3333333333333333,1.0777572261519264,42,0,0.1127404189026112,0.32743890813361476,2022-01-01T00:00:00+00:00,2024-01-01T00:00:00+00:00,10.554570642063489,5.1449336116883515,-11.59274120993291,0.5835829773254907,71,0.39436619718309857,1.2226089485808829,71,0,0.056821465852743,0.16329502836760176,2020-01-01T00:00:00+00:00,2022-01-01T00:00:00+00:00,-9.564134340548303,-4.895686996414961,-22.735313099850362,-0.6152838887603805,42.0,0.30952380952380953,0.7702596410354389,42.0,0.0,0.11705391407702007,0.3392251807112133,2022-01-01T00:00:00+00:00,2024-01-01T00:00:00+00:00,-17.755867910679534,-9.311449405495253,-24.704202255182405,-1.0338581117298336,74.0,0.35135135135135137,0.7241889968621568,74.0,0.0,0.06588487454395524,0.1887179372402276
iter-f610072d0525,R5_exit_structure,"{""atr_cap"": 0.0035, ""atr_floor"": 0.0, ""body_atr_min"": -100.0, ""close_location_min"": 0.0, ""cooldown_bars"": 0, ""ema_spread_min"": 0.0, ""max_hold_bars"": 192, ""momentum_lookback"": 0, ""momentum_threshold"": 0.0, ""role"": ""child"", ""round_name"": ""R5_exit_structure"", ""rvol_min"": 0.0, ""slow_slope_atr_min"": 0.0, ""stop_atr"": 4.0, ""take_profit_atr"": 16.0}",True,True,False,double_cost_return,2020-01-01T00:00:00+00:00,2022-01-01T00:00:00+00:00,5.52360827821885,2.72090701467389,-12.43890227838973,0.38344249340349135,38,0.3157894736842105,1.2078382964975705,38,0,0.13570601178906416,0.404970216689614,2022-01-01T00:00:00+00:00,2024-01-01T00:00:00+00:00,7.8968720711275475,3.8734191557818765,-8.846407106055242,0.40284006418884377,66,0.3484848484848485,1.1778884948892434,66,0,0.07588942183781137,0.21954105520729902,2020-01-01T00:00:00+00:00,2022-01-01T00:00:00+00:00,-5.3513466044547435,-2.7088006130325804,-17.308672789634638,-0.3109396618136096,38.0,0.2894736842105263,0.8777592649493561,38.0,0.0,0.14008992863195546,0.41794107311721646,2022-01-01T00:00:00+00:00,2024-01-01T00:00:00+00:00,-21.808866370489397,-11.574249435183981,-24.835508867501556,-1.1207713974461706,70.0,0.2857142857142857,0.6573165286874586,70.0,0.0,0.09190124293793962,0.24726830523006182
iter-8cfccc9fa181,R5_exit_structure,"{""atr_cap"": 0.0035, ""atr_floor"": 0.0, ""body_atr_min"": -100.0, ""close_location_min"": 0.0, ""cooldown_bars"": 0, ""ema_spread_min"": 0.0, ""max_hold_bars"": 192, ""momentum_lookback"": 0, ""momentum_threshold"": 0.0, ""role"": ""child"", ""round_name"": ""R5_exit_structure"", ""rvol_min"": 0.0, ""slow_slope_atr_min"": 0.0, ""stop_atr"": 4.0, ""take_profit_atr"": 20.0}",True,True,False,double_cost_return,2020-01-01T00:00:00+00:00,2022-01-01T00:00:00+00:00,11.661192701392832,5.661887950450484,-10.38596977732218,0.6655259697781003,35,0.3142857142857143,1.4379293459644265,35,0,0.154609277163882,0.4615320317238313,2022-01-01T00:00:00+00:00,2024-01-01T00:00:00+00:00,9.831167096943695,4.800365980727239,-8.527128659918738,0.4755234277488968,64,0.296875,1.2159939357980933,64,0,0.09151338968455915,0.26443395004269016,2020-01-01T00:00:00+00:00,2022-01-01T00:00:00+00:00,0.84233901163695,0.41971015100350506,-15.956955785546633,0.09123305293574431,35.0,0.2857142857142857,1.0555755194677963,35.0,0.0,0.15914969174777005,0.4749839942616721,2022-01-01T00:00:00+00:00,2024-01-01T00:00:00+00:00,-16.315698358848294,-8.520875801551476,-22.258132205107472,-0.7582303872842575,67.0,0.26865671641791045,0.754269309683987,67.0,0.0,0.10481156502079834,0.2780909101729121
iter-8ed2a222c2b8,R5_exit_structure,"{""atr_cap"": 0.0035, ""atr_floor"": 0.0, ""body_atr_min"": -100.0, ""close_location_min"": 0.0, ""cooldown_bars"": 0, ""ema_spread_min"": 0.0, ""max_hold_bars"": 288, ""momentum_lookback"": 0, ""momentum_threshold"": 0.0, ""role"": ""child"", ""round_name"": ""R5_exit_structure"", ""rvol_min"": 0.0, ""slow_slope_atr_min"": 0.0, ""stop_atr"": 4.0, ""take_profit_atr"": 0.0}",True,True,False,double_cost_return,2020-01-01T00:00:00+00:00,2022-01-01T00:00:00+00:00,48.40140987010106,21.787229454437007,-12.43815841707504,1.4845928618866069,30,0.3,2.584767441156472,30,0,0.23848410248912347,0.5992248530236564,2022-01-01T00:00:00+00:00,2024-01-01T00:00:00+00:00,12.063616885033678,5.860104328795024,-16.806173912182565,0.47511448162882336,52,0.23076923076923078,1.3122838224441555,52,0,0.2270645709518594,0.5434689180598165,2020-01-01T00:00:00+00:00,2022-01-01T00:00:00+00:00,33.50866472897691,15.523111696675219,-14.020672979926074,1.0325001506254348,31.0,0.2903225806451613,1.9530725711504267,31.0,0.0,0.24793127074003243,0.6014209902879419,2022-01-01T00:00:00+00:00,2024-01-01T00:00:00+00:00,-12.975218790534216,-6.712926292296107,-26.467293839252925,-0.4152453303384318,56.0,0.21428571428571427,0.8033632571639577,56.0,0.0,0.27145429539251714,0.6461537541182624
iter-1fa1cbce61c1,R5_exit_structure,"{""atr_cap"": 0.0035, ""atr_floor"": 0.0, ""body_atr_min"": -100.0, ""close_location_min"": 0.0, ""cooldown_bars"": 0, ""ema_spread_min"": 0.0, ""max_hold_bars"": 288, ""momentum_lookback"": 0, ""momentum_threshold"": 0.0, ""role"": ""child"", ""round_name"": ""R5_exit_structure"", ""rvol_min"": 0.0, ""slow_slope_atr_min"": 0.0, ""stop_atr"": 4.0, ""take_profit_atr"": 8.0}",True,False,False,validation_pf,2020-01-01T00:00:00+00:00,2022-01-01T00:00:00+00:00,4.097498501178287,2.0253792068777754,-10.709086319903992,0.3245297246159191,44,0.45454545454545453,1.1536485981168612,44,0,0.07289400240885906,0.21554069343559532,2022-01-01T00:00:00+00:00,2024-01-01T00:00:00+00:00,1.113071005733124,0.5549954033777116,-11.228580437376468,0.10703189858495675,87,0.4482758620689655,1.034397170610082,87,0,0.039495694999693534,0.11712066066943348,,,,,,,,,,,,,,,,,,,,,,,,,,
iter-c008bf50f04a,R5_exit_structure,"{""atr_cap"": 0.0035, ""atr_floor"": 0.0, ""body_atr_min"": -100.0, ""close_location_min"": 0.0, ""cooldown_bars"": 0, ""ema_spread_min"": 0.0, ""max_hold_bars"": 288, ""momentum_lookback"": 0, ""momentum_threshold"": 0.0, ""role"": ""child"", ""round_name"": ""R5_exit_structure"", ""rvol_min"": 0.0, ""slow_slope_atr_min"": 0.0, ""stop_atr"": 4.0, ""take_profit_atr"": 12.0}",True,True,False,double_cost_return,2020-01-01T00:00:00+00:00,2022-01-01T00:00:00+00:00,4.657126926406896,2.2988808008210793,-12.071270804075496,0.3386868768336256,40,0.35,1.1641256575129206,40,0,0.10127832706441633,0.2977914586830331,2022-01-01T00:00:00+00:00,2024-01-01T00:00:00+00:00,9.794197460073883,4.782726372276591,-12.424468684575418,0.5362388060425645,70,0.38571428571428573,1.2089266154553442,70,0,0.05755173776674214,0.16539370306954623,2020-01-01T00:00:00+00:00,2022-01-01T00:00:00+00:00,-5.550193609053178,-2.8109138992071347,-16.607582317716318,-0.3319608916247433,40.0,0.35,0.8737133809629954,40.0,0.0,0.10698990791975059,0.3100594382898864,2022-01-01T00:00:00+00:00,2024-01-01T00:00:00+00:00,-18.092831521907048,-9.497420767089215,-25.012697746274625,-1.028653571652171,73.0,0.3424657534246575,0.7177066446030739,73.0,0.0,0.0665542856453229,0.19063537099251518
iter-d8dab26ccf79,R5_exit_structure,"{""atr_cap"": 0.0035, ""atr_floor"": 0.0, ""body_atr_min"": -100.0, ""close_location_min"": 0.0, ""cooldown_bars"": 0, ""ema_spread_min"": 0.0, ""max_hold_bars"": 288, ""momentum_lookback"": 0, ""momentum_threshold"": 0.0, ""role"": ""child"", ""round_name"": ""R5_exit_structure"", ""rvol_min"": 0.0, ""slow_slope_atr_min"": 0.0, ""stop_atr"": 4.0, ""take_profit_atr"": 16.0}",True,True,False,double_cost_return,2020-01-01T00:00:00+00:00,2022-01-01T00:00:00+00:00,15.935409411144775,7.66241728025614,-9.63177855880657,0.9531894468061072,36,0.3611111111111111,1.54363339790073,36,0,0.11467001190370868,0.33593656694299345,2022-01-01T00:00:00+00:00,2024-01-01T00:00:00+00:00,2.841560350159811,1.4108279968957804,-10.685347177104987,0.18034857292437187,65,0.3076923076923077,1.0775130872112086,65,0,0.0807872154566778,0.2337099176552373,2020-01-01T00:00:00+00:00,2022-01-01T00:00:00+00:00,-1.0227513917345776,-0.5119903950609683,-12.597692672538496,-0.025017251224010363,36.0,0.3333333333333333,0.9968147000469793,36.0,0.0,0.12822512174286402,0.38254388095657826,2022-01-01T00:00:00+00:00,2024-01-01T00:00:00+00:00,-25.236699396319818,-13.534226075469501,-28.130656451555435,-1.2805024573694983,69.0,0.2608695652173913,0.6008738694259899,69.0,0.0,0.09827554036900507,0.26441890812099617
iter-88b75bec4897,R5_exit_structure,"{""atr_cap"": 0.0035, ""atr_floor"": 0.0, ""body_atr_min"": -100.0, ""close_location_min"": 0.0, ""cooldown_bars"": 0, ""ema_spread_min"": 0.0, ""max_hold_bars"": 288, ""momentum_lookback"": 0, ""momentum_threshold"": 0.0, ""role"": ""child"", ""round_name"": ""R5_exit_structure"", ""rvol_min"": 0.0, ""slow_slope_atr_min"": 0.0, ""stop_atr"": 4.0, ""take_profit_atr"": 20.0}",True,True,False,double_cost_return,2020-01-01T00:00:00+00:00,2022-01-01T00:00:00+00:00,17.807478114197895,8.52698744071514,-7.710157952368624,0.9459473674639077,32,0.34375,1.6541663685708565,32,0,0.1465325109127872,0.4232437287529184,2022-01-01T00:00:00+00:00,2024-01-01T00:00:00+00:00,10.38240141082527,5.063029373241124,-11.821026273285307,0.4796881027925946,62,0.27419354838709675,1.2291283015941674,62,0,0.09114632982927157,0.2633733064825471,2020-01-01T00:00:00+00:00,2022-01-01T00:00:00+00:00,6.2785941584267535,3.0872161403597165,-10.499295065355241,0.37807440654087415,33.0,0.3333333333333333,1.2149338630171125,33.0,0.0,0.14416574203979385,0.4302642326086605,2022-01-01T00:00:00+00:00,2024-01-01T00:00:00+00:00,-16.59223865452264,-8.672150279623159,-24.44288374628948,-0.7300960736198048,65.0,0.24615384615384617,0.7489919654745492,65.0,0.0,0.10602690922747023,0.2958926576399125
iter-7f19f7865537,R5_exit_structure,"{""atr_cap"": 0.0035, ""atr_floor"": 0.0, ""body_atr_min"": -100.0, ""close_location_min"": 0.0, ""cooldown_bars"": 0, ""ema_spread_min"": 0.0, ""max_hold_bars"": 384, ""momentum_lookback"": 0, ""momentum_threshold"": 0.0, ""role"": ""child"", ""round_name"": ""R5_exit_structure"", ""rvol_min"": 0.0, ""slow_slope_atr_min"": 0.0, ""stop_atr"": 4.0, ""take_profit_atr"": 0.0}",True,True,False,double_cost_return,2020-01-01T00:00:00+00:00,2022-01-01T00:00:00+00:00,45.58886717969466,20.62921583238573,-14.826830490335041,1.265522785311139,28,0.25,2.516579543357905,28,0,0.2786176379583884,0.6649196134775545,2022-01-01T00:00:00+00:00,2024-01-01T00:00:00+00:00,11.611230037220777,5.646216230029166,-20.047586203514623,0.4337847598599435,52,0.21153846153846154,1.2977411538108212,52,0,0.29330381933606575,0.6122903894793629,2020-01-01T00:00:00+00:00,2022-01-01T00:00:00+00:00,34.29738730128658,15.863377503743848,-14.179288575693327,0.9865194285168547,29.0,0.2413793103448276,1.981653276749821,29.0,0.0,0.27897102378117156,0.6759569742843539,2022-01-01T00:00:00+00:00,2024-01-01T00:00:00+00:00,-11.50893534949181,-5.930310593417931,-28.560651516555403,-0.31542982096300876,55.0,0.16363636363636364,0.8563303614747217,55.0,0.0,0.33111077110560055,0.6864897164489316
iter-0f12c543d115,R5_exit_structure,"{""atr_cap"": 0.0035, ""atr_floor"": 0.0, ""body_atr_min"": -100.0, ""close_location_min"": 0.0, ""cooldown_bars"": 0, ""ema_spread_min"": 0.0, ""max_hold_bars"": 384, ""momentum_lookback"": 0, ""momentum_threshold"": 0.0, ""role"": ""child"", ""round_name"": ""R5_exit_structure"", ""rvol_min"": 0.0, ""slow_slope_atr_min"": 0.0, ""stop_atr"": 4.0, ""take_profit_atr"": 8.0}",True,False,False,validation_return|validation_pf,2020-01-01T00:00:00+00:00,2022-01-01T00:00:00+00:00,4.097498501178287,2.0253792068777754,-10.709086319903992,0.3245297246159191,44,0.45454545454545453,1.1536485981168612,44,0,0.07289400240885906,0.21554069343559532,2022-01-01T00:00:00+00:00,2024-01-01T00:00:00+00:00,-0.5096817493343675,-0.2551664241873475,-12.653263361489541,0.014819212367020485,87,0.4482758620689655,1.0055601759685868,87,0,0.039495694999693534,0.11712066066943348,,,,,,,,,,,,,,,,,,,,,,,,,,
iter-04b475767a6f,R5_exit_structure,"{""atr_cap"": 0.0035, ""atr_floor"": 0.0, ""body_atr_min"": -100.0, ""close_location_min"": 0.0, ""cooldown_bars"": 0, ""ema_spread_min"": 0.0, ""max_hold_bars"": 384, ""momentum_lookback"": 0, ""momentum_threshold"": 0.0, ""role"": ""child"", ""round_name"": ""R5_exit_structure"", ""rvol_min"": 0.0, ""slow_slope_atr_min"": 0.0, ""stop_atr"": 4.0, ""take_profit_atr"": 12.0}",True,True,False,double_cost_return,2020-01-01T00:00:00+00:00,2022-01-01T00:00:00+00:00,4.657126926406896,2.2988808008210793,-12.071270804075496,0.3386868768336256,40,0.35,1.1641256575129206,40,0,0.10127832706441633,0.2977914586830331,2022-01-01T00:00:00+00:00,2024-01-01T00:00:00+00:00,7.654519056486797,3.7566957147763036,-14.131147884142637,0.42973731510456303,70,0.38571428571428573,1.1648262599187649,70,0,0.058098387273729075,0.16696467885151398,2020-01-01T00:00:00+00:00,2022-01-01T00:00:00+00:00,-5.550193609053178,-2.8109138992071347,-16.607582317716318,-0.3319608916247433,40.0,0.35,0.8737133809629954,40.0,0.0,0.10698990791975059,0.3100594382898864,2022-01-01T00:00:00+00:00,2024-01-01T00:00:00+00:00,-19.658063649655233,-10.366336485478422,-26.445692401584818,-1.11801198803519,73.0,0.3424657534246575,0.695307898950199,73.0,0.0,0.06734199191836268,0.19289164459139832
iter-c9b773f73ce2,R5_exit_structure,"{""atr_cap"": 0.0035, ""atr_floor"": 0.0, ""body_atr_min"": -100.0, ""close_location_min"": 0.0, ""cooldown_bars"": 0, ""ema_spread_min"": 0.0, ""max_hold_bars"": 384, ""momentum_lookback"": 0, ""momentum_threshold"": 0.0, ""role"": ""child"", ""round_name"": ""R5_exit_structure"", ""rvol_min"": 0.0, ""slow_slope_atr_min"": 0.0, ""stop_atr"": 4.0, ""take_profit_atr"": 16.0}",True,False,False,validation_return|validation_pf,2020-01-01T00:00:00+00:00,2022-01-01T00:00:00+00:00,13.023384086973788,6.303554517431587,-9.631778558806559,0.7906761751136312,36,0.3333333333333333,1.4392353271024234,36,0,0.11840659511485342,0.34688323831076884,2022-01-01T00:00:00+00:00,2024-01-01T00:00:00+00:00,-3.379220360895041,-1.70413048397966,-15.95633076678029,-0.09200413099174949,65,0.2923076923076923,0.957581664547979,65,0,0.08425368800839468,0.24373810107555005,,,,,,,,,,,,,,,,,,,,,,,,,,
iter-4995844a4cab,R5_exit_structure,"{""atr_cap"": 0.0035, ""atr_floor"": 0.0, ""body_atr_min"": -100.0, ""close_location_min"": 0.0, ""cooldown_bars"": 0, ""ema_spread_min"": 0.0, ""max_hold_bars"": 384, ""momentum_lookback"": 0, ""momentum_threshold"": 0.0, ""role"": ""child"", ""round_name"": ""R5_exit_structure"", ""rvol_min"": 0.0, ""slow_slope_atr_min"": 0.0, ""stop_atr"": 4.0, ""take_profit_atr"": 20.0}",True,True,False,double_cost_return,2020-01-01T00:00:00+00:00,2022-01-01T00:00:00+00:00,10.88400664026572,5.294034099348788,-10.895887863075638,0.6061835706612251,32,0.28125,1.3922328749688697,32,0,0.15933566679072558,0.46022429640871093,2022-01-01T00:00:00+00:00,2024-01-01T00:00:00+00:00,4.772125360883561,2.358255827697442,-15.84165422482381,0.255250501452172,62,0.27419354838709675,1.1141128330328665,62,0,0.09199804672466672,0.2658343983920891,2020-01-01T00:00:00+00:00,2022-01-01T00:00:00+00:00,0.10750454101278173,0.05366429924635874,-13.779478761208253,0.05181104745474735,33.0,0.2727272727272727,1.034744383262312,33.0,0.0,0.1555828955411687,0.4643388520039421,2022-01-01T00:00:00+00:00,2024-01-01T00:00:00+00:00,-21.61026968609805,-11.462024919302593,-28.988599251673076,-0.9761129780910865,65.0,0.23076923076923078,0.6791146570633474,65.0,0.0,0.10933860830098936,0.3051347212566583
iter-be2b2b44601c,R5_exit_structure,"{""atr_cap"": 0.0035, ""atr_floor"": 0.0, ""body_atr_min"": -100.0, ""close_location_min"": 0.0, ""cooldown_bars"": 0, ""ema_spread_min"": 0.0, ""max_hold_bars"": 96, ""momentum_lookback"": 0, ""momentum_threshold"": 0.0, ""role"": ""child"", ""round_name"": ""R5_exit_structure"", ""rvol_min"": 0.0, ""slow_slope_atr_min"": 0.0, ""stop_atr"": 5.0, ""take_profit_atr"": 0.0}",True,False,False,train_top_trade_concentration|train_top3_trade_concentration,2020-01-01T00:00:00+00:00,2022-01-01T00:00:00+00:00,25.164466497427384,11.859751391766249,-17.61966482739191,1.0525677474778063,34,0.35294117647058826,1.9514379008426446,34,0,0.3589731914918571,0.7604745251919456,2022-01-01T00:00:00+00:00,2024-01-01T00:00:00+00:00,17.200268627824688,8.259072888984553,-7.842335927445765,0.7220065418072601,61,0.3770491803278688,1.4006306467905998,61,0,0.19755342395161826,0.39638117993286903,,,,,,,,,,,,,,,,,,,,,,,,,,
iter-11462929bad9,R5_exit_structure,"{""atr_cap"": 0.0035, ""atr_floor"": 0.0, ""body_atr_min"": -100.0, ""close_location_min"": 0.0, ""cooldown_bars"": 0, ""ema_spread_min"": 0.0, ""max_hold_bars"": 96, ""momentum_lookback"": 0, ""momentum_threshold"": 0.0, ""role"": ""child"", ""round_name"": ""R5_exit_structure"", ""rvol_min"": 0.0, ""slow_slope_atr_min"": 0.0, ""stop_atr"": 5.0, ""take_profit_atr"": 8.0}",True,False,False,train_return|validation_return|train_pf|validation_pf,2020-01-01T00:00:00+00:00,2022-01-01T00:00:00+00:00,-0.03559070435449341,-0.017772591982012642,-11.737586542206147,0.031055765642584165,44,0.4318181818181818,1.0149745833373378,44,0,0.08426637654337504,0.2425148225050927,2022-01-01T00:00:00+00:00,2024-01-01T00:00:00+00:00,-6.1695430391386585,-3.13387745921625,-11.977158412671972,-0.31546580098760846,89,0.449438202247191,0.9065348643761991,89,0,0.04264117101379818,0.12644826533355324,,,,,,,,,,,,,,,,,,,,,,,,,,
iter-f1d274a9f4a5,R5_exit_structure,"{""atr_cap"": 0.0035, ""atr_floor"": 0.0, ""body_atr_min"": -100.0, ""close_location_min"": 0.0, ""cooldown_bars"": 0, ""ema_spread_min"": 0.0, ""max_hold_bars"": 96, ""momentum_lookback"": 0, ""momentum_threshold"": 0.0, ""role"": ""child"", ""round_name"": ""R5_exit_structure"", ""rvol_min"": 0.0, ""slow_slope_atr_min"": 0.0, ""stop_atr"": 5.0, ""take_profit_atr"": 12.0}",True,True,False,double_cost_return,2020-01-01T00:00:00+00:00,2022-01-01T00:00:00+00:00,3.1096833957619863,1.5408115022559787,-15.601624505296352,0.23802060965989683,42,0.35714285714285715,1.1225522212471037,42,0,0.11235597869567081,0.32632235487943567,2022-01-01T00:00:00+00:00,2024-01-01T00:00:00+00:00,2.248611832865932,1.1180556739823544,-9.275658598209269,0.16868262301596304,73,0.3972602739726027,1.0626450499588955,73,0,0.06336962501203659,0.18211330099794082,2020-01-01T00:00:00+00:00,2022-01-01T00:00:00+00:00,-8.15385000585801,-4.158027280402132,-22.985447944535377,-0.5037353084941067,42.0,0.30952380952380953,0.8002477759007443,42.0,0.0,0.11767691850482508,0.34103066317860853,2022-01-01T00:00:00+00:00,2024-01-01T00:00:00+00:00,-16.26562741972989,-8.493512481207045,-18.363363643043563,-0.9332100076500135,73.0,0.3698630136986301,0.7394838615679734,73.0,0.0,0.06753968492067809,0.1934579083334489
iter-56ca43196b37,R5_exit_structure,"{""atr_cap"": 0.0035, ""atr_floor"": 0.0, ""body_atr_min"": -100.0, ""close_location_min"": 0.0, ""cooldown_bars"": 0, ""ema_spread_min"": 0.0, ""max_hold_bars"": 96, ""momentum_lookback"": 0, ""momentum_threshold"": 0.0, ""role"": ""child"", ""round_name"": ""R5_exit_structure"", ""rvol_min"": 0.0, ""slow_slope_atr_min"": 0.0, ""stop_atr"": 5.0, ""take_profit_atr"": 16.0}",True,False,False,validation_pf,2020-01-01T00:00:00+00:00,2022-01-01T00:00:00+00:00,5.714753972271369,2.8137720895339946,-12.62852347357808,0.3930065819254214,38,0.34210526315789475,1.2197046503907387,38,0,0.1379592547583802,0.41169428352724685,2022-01-01T00:00:00+00:00,2024-01-01T00:00:00+00:00,1.3517292393318225,0.6735959620653542,-9.042322423256577,0.11729601354529107,68,0.38235294117647056,1.0480867484173293,68,0,0.08408448036593913,0.2270111787886218,,,,,,,,,,,,,,,,,,,,,,,,,,
iter-14e526a7cbd2,R5_exit_structure,"{""atr_cap"": 0.0035, ""atr_floor"": 0.0, ""body_atr_min"": -100.0, ""close_location_min"": 0.0, ""cooldown_bars"": 0, ""ema_spread_min"": 0.0, ""max_hold_bars"": 96, ""momentum_lookback"": 0, ""momentum_threshold"": 0.0, ""role"": ""child"", ""round_name"": ""R5_exit_structure"", ""rvol_min"": 0.0, ""slow_slope_atr_min"": 0.0, ""stop_atr"": 5.0, ""take_profit_atr"": 20.0}",True,False,False,validation_return|validation_pf,2020-01-01T00:00:00+00:00,2022-01-01T00:00:00+00:00,12.814879156774994,6.205589277862544,-11.64378276299387,0.7366574339854246,36,0.3611111111111111,1.4793683352896136,36,0,0.15162107516716702,0.4526117976729133,2022-01-01T00:00:00+00:00,2024-01-01T00:00:00+00:00,-0.9518262675729638,-0.47705102217527884,-9.686011127402072,0.004980037829920054,68,0.3382352941176471,1.0052286695666761,68,0,0.10704367448591552,0.28562045910880024,,,,,,,,,,,,,,,,,,,,,,,,,,
iter-714b558b9121,R5_exit_structure,"{""atr_cap"": 0.0035, ""atr_floor"": 0.0, ""body_atr_min"": -100.0, ""close_location_min"": 0.0, ""cooldown_bars"": 0, ""ema_spread_min"": 0.0, ""max_hold_bars"": 144, ""momentum_lookback"": 0, ""momentum_threshold"": 0.0, ""role"": ""child"", ""round_name"": ""R5_exit_structure"", ""rvol_min"": 0.0, ""slow_slope_atr_min"": 0.0, ""stop_atr"": 5.0, ""take_profit_atr"": 0.0}",True,True,False,double_cost_return,2020-01-01T00:00:00+00:00,2022-01-01T00:00:00+00:00,16.08232045809701,7.730516206257021,-19.95096341847258,0.6484913453163977,34,0.3235294117647059,1.5268433504497132,34,0,0.3102168785055631,0.6604411088085742,2022-01-01T00:00:00+00:00,2024-01-01T00:00:00+00:00,11.058913322888975,5.384492845431943,-9.836596171227574,0.4791848667722304,56,0.35714285714285715,1.2550180778806945,56,0,0.17792075324164489,0.3687250469772375,2020-01-01T00:00:00+00:00,2022-01-01T00:00:00+00:00,6.434902647138441,3.1628919799750577,-25.415151372208655,0.30594925587025606,34.0,0.3235294117647059,1.2227293838091888,34.0,0.0,0.32465728886836615,0.6859664925040697,2022-01-01T00:00:00+00:00,2024-01-01T00:00:00+00:00,-3.749660037546443,-1.8927423875004235,-15.90864992716906,-0.0855139627848046,56.0,0.32142857142857145,0.9636137560300306,56.0,0.0,0.1901109827252511,0.38925639076703683
iter-fadac77b8e34,R5_exit_structure,"{""atr_cap"": 0.0035, ""atr_floor"": 0.0, ""body_atr_min"": -100.0, ""close_location_min"": 0.0, ""cooldown_bars"": 0, ""ema_spread_min"": 0.0, ""max_hold_bars"": 144, ""momentum_lookback"": 0, ""momentum_threshold"": 0.0, ""role"": ""child"", ""round_name"": ""R5_exit_structure"", ""rvol_min"": 0.0, ""slow_slope_atr_min"": 0.0, ""stop_atr"": 5.0, ""take_profit_atr"": 8.0}",True,False,False,train_return|validation_return|train_pf|validation_pf,2020-01-01T00:00:00+00:00,2022-01-01T00:00:00+00:00,-3.6444442383839037,-1.8366415236588662,-13.714084913710579,-0.23165695867326455,44,0.4318181818181818,0.9027496595580092,44,0,0.08323254623037755,0.2395395055976674,2022-01-01T00:00:00+00:00,2024-01-01T00:00:00+00:00,-6.820569848216119,-3.470507018950997,-14.719599577507768,-0.3334568744464707,89,0.449438202247191,0.9058850830407512,89,0,0.03880935827011019,0.11508539552949551,,,,,,,,,,,,,,,,,,,,,,,,,,
iter-5f6282542c81,R5_exit_structure,"{""atr_cap"": 0.0035, ""atr_floor"": 0.0, ""body_atr_min"": -100.0, ""close_location_min"": 0.0, ""cooldown_bars"": 0, ""ema_spread_min"": 0.0, ""max_hold_bars"": 144, ""momentum_lookback"": 0, ""momentum_threshold"": 0.0, ""role"": ""child"", ""round_name"": ""R5_exit_structure"", ""rvol_min"": 0.0, ""slow_slope_atr_min"": 0.0, ""stop_atr"": 5.0, ""take_profit_atr"": 12.0}",True,False,False,train_return|train_pf,2020-01-01T00:00:00+00:00,2022-01-01T00:00:00+00:00,-2.1875074145378592,-1.0983053003110865,-18.79893705905338,-0.10022765584657675,42,0.35714285714285715,0.9608583377865164,42,0,0.11152207799307856,0.3239004059616786,2022-01-01T00:00:00+00:00,2024-01-01T00:00:00+00:00,2.1813673745195272,1.0847997349351823,-14.579616047519139,0.1594170231014243,72,0.3888888888888889,1.0569950034147053,72,0,0.05614271145110166,0.16134440605247355,,,,,,,,,,,,,,,,,,,,,,,,,,
iter-448fee0bc661,R5_exit_structure,"{""atr_cap"": 0.0035, ""atr_floor"": 0.0, ""body_atr_min"": -100.0, ""close_location_min"": 0.0, ""cooldown_bars"": 0, ""ema_spread_min"": 0.0, ""max_hold_bars"": 144, ""momentum_lookback"": 0, ""momentum_threshold"": 0.0, ""role"": ""child"", ""round_name"": ""R5_exit_structure"", ""rvol_min"": 0.0, ""slow_slope_atr_min"": 0.0, ""stop_atr"": 5.0, ""take_profit_atr"": 16.0}",True,False,False,train_pf,2020-01-01T00:00:00+00:00,2022-01-01T00:00:00+00:00,0.7700744739901344,0.38377208506863436,-14.04175773527,0.08766004854677835,38,0.3157894736842105,1.048686078178495,38,0,0.13473262142726825,0.40206545145082123,2022-01-01T00:00:00+00:00,2024-01-01T00:00:00+00:00,3.1710390468365324,1.5731455882097567,-11.183485653913994,0.1958607342079887,67,0.3582089552238806,1.078223151164589,67,0,0.07242867436646652,0.20952943391324289,,,,,,,,,,,,,,,,,,,,,,,,,,
iter-f74de478280f,R5_exit_structure,"{""atr_cap"": 0.0035, ""atr_floor"": 0.0, ""body_atr_min"": -100.0, ""close_location_min"": 0.0, ""cooldown_bars"": 0, ""ema_spread_min"": 0.0, ""max_hold_bars"": 144, ""momentum_lookback"": 0, ""momentum_threshold"": 0.0, ""role"": ""child"", ""round_name"": ""R5_exit_structure"", ""rvol_min"": 0.0, ""slow_slope_atr_min"": 0.0, ""stop_atr"": 5.0, ""take_profit_atr"": 20.0}",True,True,False,double_cost_return,2020-01-01T00:00:00+00:00,2022-01-01T00:00:00+00:00,7.210785503232264,3.53771019334872,-12.759367103806907,0.4335133657820966,36,0.3333333333333333,1.2451448228509912,36,0,0.1486524055091788,0.4437498706016426,2022-01-01T00:00:00+00:00,2024-01-01T00:00:00+00:00,2.332398141034253,1.1594771343912402,-13.93167650448407,0.15787748275040572,66,0.3333333333333333,1.0656572356816225,66,0,0.08919347400742769,0.2577304013228317,2020-01-01T00:00:00+00:00,2022-01-01T00:00:00+00:00,-1.9167492521089735,-0.9617005483788077,-18.663126091980853,-0.06124965221325439,36.0,0.3333333333333333,0.9811342196547777,36.0,0.0,0.1541819226885406,0.46015763321497904,2022-01-01T00:00:00+00:00,2024-01-01T00:00:00+00:00,-13.846691461751293,-7.181193425982524,-24.687572761820597,-0.6022710897510182,66.0,0.30303030303030304,0.8098815435395245,66.0,0.0,0.09334398997319472,0.2692574352038075
iter-f385a36c4231,R5_exit_structure,"{""atr_cap"": 0.0035, ""atr_floor"": 0.0, ""body_atr_min"": -100.0, ""close_location_min"": 0.0, ""cooldown_bars"": 0, ""ema_spread_min"": 0.0, ""max_hold_bars"": 192, ""momentum_lookback"": 0, ""momentum_threshold"": 0.0, ""role"": ""child"", ""round_name"": ""R5_exit_structure"", ""rvol_min"": 0.0, ""slow_slope_atr_min"": 0.0, ""stop_atr"": 5.0, ""take_profit_atr"": 0.0}",True,True,True,,2020-01-01T00:00:00+00:00,2022-01-01T00:00:00+00:00,23.567523325184926,11.144841030159313,-16.78596979506861,0.8426601102302441,34,0.2647058823529412,1.6945467134756729,34,0,0.2813974279933321,0.6487300723454854,2022-01-01T00:00:00+00:00,2024-01-01T00:00:00+00:00,18.908164403755755,9.045020245656232,-12.907040856523954,0.7034863957553541,56,0.30357142857142855,1.3807912503019497,56,0,0.150914606779507,0.4301060020634468,2020-01-01T00:00:00+00:00,2022-01-01T00:00:00+00:00,13.39510062447744,6.477979914502385,-21.754779703935125,0.5233810119213415,34.0,0.23529411764705882,1.3805475132903045,34.0,0.0,0.28837545867233916,0.6613872183218227,2022-01-01T00:00:00+00:00,2024-01-01T00:00:00+00:00,3.1483253751172002,1.5619640294127102,-18.859821902833986,0.1815446102944025,56.0,0.30357142857142855,1.0934514645994216,56.0,0.0,0.15737531674069252,0.4479002809655366
iter-d42617f7b49b,R5_exit_structure,"{""atr_cap"": 0.0035, ""atr_floor"": 0.0, ""body_atr_min"": -100.0, ""close_location_min"": 0.0, ""cooldown_bars"": 0, ""ema_spread_min"": 0.0, ""max_hold_bars"": 192, ""momentum_lookback"": 0, ""momentum_threshold"": 0.0, ""role"": ""child"", ""round_name"": ""R5_exit_structure"", ""rvol_min"": 0.0, ""slow_slope_atr_min"": 0.0, ""stop_atr"": 5.0, ""take_profit_atr"": 8.0}",True,False,False,train_return|validation_return|train_pf|validation_pf,2020-01-01T00:00:00+00:00,2022-01-01T00:00:00+00:00,-3.799523370516633,-1.9155596172413802,-14.193728824414208,-0.23645882153472353,44,0.4318181818181818,0.8975550656542659,44,0,0.08397122995398505,0.2416654039626679,2022-01-01T00:00:00+00:00,2024-01-01T00:00:00+00:00,-9.855584622532588,-5.055587116741089,-17.49732932773561,-0.5026679673637866,88,0.4431818181818182,0.8593564404417172,88,0,0.03973360776012281,0.11782616793252587,,,,,,,,,,,,,,,,,,,,,,,,,,
iter-7ec5ab9aa6c9,R5_exit_structure,"{""atr_cap"": 0.0035, ""atr_floor"": 0.0, ""body_atr_min"": -100.0, ""close_location_min"": 0.0, ""cooldown_bars"": 0, ""ema_spread_min"": 0.0, ""max_hold_bars"": 192, ""momentum_lookback"": 0, ""momentum_threshold"": 0.0, ""role"": ""child"", ""round_name"": ""R5_exit_structure"", ""rvol_min"": 0.0, ""slow_slope_atr_min"": 0.0, ""stop_atr"": 5.0, ""take_profit_atr"": 12.0}",True,False,False,train_return|train_pf|validation_pf,2020-01-01T00:00:00+00:00,2022-01-01T00:00:00+00:00,-3.841926136489049,-1.9371490135796643,-20.488160565461268,-0.20313223173741282,42,0.3333333333333333,0.9163249825746906,42,0,0.11388264177828665,0.33075633603477844,2022-01-01T00:00:00+00:00,2024-01-01T00:00:00+00:00,0.5940800917578981,0.2966001875227553,-15.906537898539508,0.07925744244291173,71,0.39436619718309857,1.0298143011855212,71,0,0.056821465852743,0.16329502836760176,,,,,,,,,,,,,,,,,,,,,,,,,,
iter-82144462cdd1,R5_exit_structure,"{""atr_cap"": 0.0035, ""atr_floor"": 0.0, ""body_atr_min"": -100.0, ""close_location_min"": 0.0, ""cooldown_bars"": 0, ""ema_spread_min"": 0.0, ""max_hold_bars"": 192, ""momentum_lookback"": 0, ""momentum_threshold"": 0.0, ""role"": ""child"", ""round_name"": ""R5_exit_structure"", ""rvol_min"": 0.0, ""slow_slope_atr_min"": 0.0, ""stop_atr"": 5.0, ""take_profit_atr"": 16.0}",True,False,False,validation_return|train_pf|validation_pf,2020-01-01T00:00:00+00:00,2022-01-01T00:00:00+00:00,0.6078904092431392,0.30306889762130584,-14.60231415557386,0.07775912639004291,38,0.3157894736842105,1.0441908493763543,38,0,0.13570601178906416,0.404970216689614,2022-01-01T00:00:00+00:00,2024-01-01T00:00:00+00:00,-1.6958633258955857,-0.8515574130867121,-11.969439182498864,-0.018526937535952453,66,0.3484848484848485,0.9925657012968324,66,0,0.07588942183781137,0.21954105520729902,,,,,,,,,,,,,,,,,,,,,,,,,,
iter-81df2341d40c,R5_exit_structure,"{""atr_cap"": 0.0035, ""atr_floor"": 0.0, ""body_atr_min"": -100.0, ""close_location_min"": 0.0, ""cooldown_bars"": 0, ""ema_spread_min"": 0.0, ""max_hold_bars"": 192, ""momentum_lookback"": 0, ""momentum_threshold"": 0.0, ""role"": ""child"", ""round_name"": ""R5_exit_structure"", ""rvol_min"": 0.0, ""slow_slope_atr_min"": 0.0, ""stop_atr"": 5.0, ""take_profit_atr"": 20.0}",True,False,False,validation_return|validation_pf,2020-01-01T00:00:00+00:00,2022-01-01T00:00:00+00:00,5.670853689742739,2.7924512820554748,-14.352596226324465,0.3460029157710745,35,0.3142857142857143,1.2023394461102632,35,0,0.154609277163882,0.4615320317238313,2022-01-01T00:00:00+00:00,2024-01-01T00:00:00+00:00,-0.08967506288432014,-0.04484758797289601,-13.053511679520213,0.055046249438195846,64,0.296875,1.0245792575228272,64,0,0.09151338968455915,0.26443395004269016,,,,,,,,,,,,,,,,,,,,,,,,,,
iter-5dfd5e7efa7d,R5_exit_structure,"{""atr_cap"": 0.0035, ""atr_floor"": 0.0, ""body_atr_min"": -100.0, ""close_location_min"": 0.0, ""cooldown_bars"": 0, ""ema_spread_min"": 0.0, ""max_hold_bars"": 288, ""momentum_lookback"": 0, ""momentum_threshold"": 0.0, ""role"": ""child"", ""round_name"": ""R5_exit_structure"", ""rvol_min"": 0.0, ""slow_slope_atr_min"": 0.0, ""stop_atr"": 5.0, ""take_profit_atr"": 0.0}",True,True,False,double_cost_return,2020-01-01T00:00:00+00:00,2022-01-01T00:00:00+00:00,40.436414101354835,18.47834814376579,-13.575560483385585,1.265963129980758,30,0.3,2.1576854300674464,30,0,0.23848410248912347,0.5992248530236564,2022-01-01T00:00:00+00:00,2024-01-01T00:00:00+00:00,4.6866771268865515,2.3165075278112512,-18.32958402001479,0.2316453808476953,52,0.25,1.140119807407211,52,0,0.226399536121045,0.5418771868687298,2020-01-01T00:00:00+00:00,2022-01-01T00:00:00+00:00,30.23893038456591,14.101650949136136,-14.838422728564538,0.9909205904980442,30.0,0.3,1.8034879867731801,30.0,0.0,0.2431899211033496,0.609043273823403,2022-01-01T00:00:00+00:00,2024-01-01T00:00:00+00:00,-8.180737523681191,-4.177631799084192,-23.278153471885055,-0.22328793237478733,52.0,0.23076923076923078,0.9025776865355676,52.0,0.0,0.23585846769194319,0.5614235505809979
iter-b09349442b2c,R5_exit_structure,"{""atr_cap"": 0.0035, ""atr_floor"": 0.0, ""body_atr_min"": -100.0, ""close_location_min"": 0.0, ""cooldown_bars"": 0, ""ema_spread_min"": 0.0, ""max_hold_bars"": 288, ""momentum_lookback"": 0, ""momentum_threshold"": 0.0, ""role"": ""child"", ""round_name"": ""R5_exit_structure"", ""rvol_min"": 0.0, ""slow_slope_atr_min"": 0.0, ""stop_atr"": 5.0, ""take_profit_atr"": 8.0}",True,False,False,train_return|validation_return|train_pf|validation_pf,2020-01-01T00:00:00+00:00,2022-01-01T00:00:00+00:00,-1.9917076124199573,-0.9995001307641638,-15.519425188430569,-0.0988232995774595,44,0.45454545454545453,0.9597448412736912,44,0,0.07289400240885906,0.21554069343559532,2022-01-01T00:00:00+00:00,2024-01-01T00:00:00+00:00,-9.771746775207468,-5.011446360736427,-17.420598603166894,-0.49013195185609726,87,0.4482758620689655,0.8613378198610113,87,0,0.039495694999693534,0.11712066066943348,,,,,,,,,,,,,,,,,,,,,,,,,,
iter-9b2bb01b5538,R5_exit_structure,"{""atr_cap"": 0.0035, ""atr_floor"": 0.0, ""body_atr_min"": -100.0, ""close_location_min"": 0.0, ""cooldown_bars"": 0, ""ema_spread_min"": 0.0, ""max_hold_bars"": 288, ""momentum_lookback"": 0, ""momentum_threshold"": 0.0, ""role"": ""child"", ""round_name"": ""R5_exit_structure"", ""rvol_min"": 0.0, ""slow_slope_atr_min"": 0.0, ""stop_atr"": 5.0, ""take_profit_atr"": 12.0}",True,False,False,train_return|validation_return|train_pf|validation_pf,2020-01-01T00:00:00+00:00,2022-01-01T00:00:00+00:00,-2.498877018714618,-1.2556338799096678,-16.440137430002455,-0.11663408610453418,40,0.35,0.9570405641501263,40,0,0.10222010440583781,0.3005605925775746,2022-01-01T00:00:00+00:00,2024-01-01T00:00:00+00:00,-0.6319153111596254,-0.316458385127405,-17.02473433345747,0.018785223593248274,70,0.38571428571428573,1.0089268190775003,70,0,0.05755173776674214,0.16539370306954623,,,,,,,,,,,,,,,,,,,,,,,,,,
iter-83a9fb72c167,R5_exit_structure,"{""atr_cap"": 0.0035, ""atr_floor"": 0.0, ""body_atr_min"": -100.0, ""close_location_min"": 0.0, ""cooldown_bars"": 0, ""ema_spread_min"": 0.0, ""max_hold_bars"": 288, ""momentum_lookback"": 0, ""momentum_threshold"": 0.0, ""role"": ""child"", ""round_name"": ""R5_exit_structure"", ""rvol_min"": 0.0, ""slow_slope_atr_min"": 0.0, ""stop_atr"": 5.0, ""take_profit_atr"": 16.0}",True,False,False,validation_return|validation_pf,2020-01-01T00:00:00+00:00,2022-01-01T00:00:00+00:00,9.258279914529233,4.5203551941631614,-12.31261104417496,0.5611681364704877,36,0.3611111111111111,1.2857393515213877,36,0,0.11467001190370868,0.33593656694299345,2022-01-01T00:00:00+00:00,2024-01-01T00:00:00+00:00,-6.986819499655295,-3.556658861098816,-16.707447724102575,-0.2494128425793723,65,0.3076923076923077,0.9007443906886822,65,0,0.0807872154566778,0.2337099176552373,,,,,,,,,,,,,,,,,,,,,,,,,,
iter-26921880e03d,R5_exit_structure,"{""atr_cap"": 0.0035, ""atr_floor"": 0.0, ""body_atr_min"": -100.0, ""close_location_min"": 0.0, ""cooldown_bars"": 0, ""ema_spread_min"": 0.0, ""max_hold_bars"": 288, ""momentum_lookback"": 0, ""momentum_threshold"": 0.0, ""role"": ""child"", ""round_name"": ""R5_exit_structure"", ""rvol_min"": 0.0, ""slow_slope_atr_min"": 0.0, ""stop_atr"": 5.0, ""take_profit_atr"": 20.0}",True,False,False,validation_pf,2020-01-01T00:00:00+00:00,2022-01-01T00:00:00+00:00,11.604384112551912,5.6350431044716265,-9.913800210875367,0.6314470090921983,32,0.34375,1.380823546418504,32,0,0.1465325109127872,0.4232437287529184,2022-01-01T00:00:00+00:00,2024-01-01T00:00:00+00:00,0.017541214919125636,0.008770222875509326,-16.157833345010232,0.06222822291448179,62,0.27419354838709675,1.0277256283040956,62,0,0.09114632982927157,0.2633733064825471,,,,,,,,,,,,,,,,,,,,,,,,,,
iter-92f1a193c57e,R5_exit_structure,"{""atr_cap"": 0.0035, ""atr_floor"": 0.0, ""body_atr_min"": -100.0, ""close_location_min"": 0.0, ""cooldown_bars"": 0, ""ema_spread_min"": 0.0, ""max_hold_bars"": 384, ""momentum_lookback"": 0, ""momentum_threshold"": 0.0, ""role"": ""child"", ""round_name"": ""R5_exit_structure"", ""rvol_min"": 0.0, ""slow_slope_atr_min"": 0.0, ""stop_atr"": 5.0, ""take_profit_atr"": 0.0}",True,True,False,double_cost_return,2020-01-01T00:00:00+00:00,2022-01-01T00:00:00+00:00,37.76346585879076,17.346965397233838,-16.119773206067723,1.078066899595676,28,0.25,2.102963706197549,28,0,0.2786176379583884,0.6649196134775545,2022-01-01T00:00:00+00:00,2024-01-01T00:00:00+00:00,6.169739802165153,3.0387013709728183,-20.659679655255502,0.26868957705416124,52,0.23076923076923078,1.169603460745523,52,0,0.2806949203697248,0.5859685104241129,2020-01-01T00:00:00+00:00,2022-01-01T00:00:00+00:00,28.47476420465762,13.327284846015708,-17.44929716178456,0.8544856901242084,28.0,0.25,1.7727380232397048,28.0,0.0,0.28256427156853947,0.6717831827938151,2022-01-01T00:00:00+00:00,2024-01-01T00:00:00+00:00,-6.728887154386587,-3.423029222483165,-25.408618281184314,-0.13952480418358246,52.0,0.21153846153846154,0.9454414101591224,52.0,0.0,0.29045664463831466,0.6022017917226615
iter-995fdaad2450,R5_exit_structure,"{""atr_cap"": 0.0035, ""atr_floor"": 0.0, ""body_atr_min"": -100.0, ""close_location_min"": 0.0, ""cooldown_bars"": 0, ""ema_spread_min"": 0.0, ""max_hold_bars"": 384, ""momentum_lookback"": 0, ""momentum_threshold"": 0.0, ""role"": ""child"", ""round_name"": ""R5_exit_structure"", ""rvol_min"": 0.0, ""slow_slope_atr_min"": 0.0, ""stop_atr"": 5.0, ""take_profit_atr"": 8.0}",True,False,False,train_return|validation_return|train_pf|validation_pf,2020-01-01T00:00:00+00:00,2022-01-01T00:00:00+00:00,-1.9917076124199573,-0.9995001307641638,-15.519425188430569,-0.0988232995774595,44,0.45454545454545453,0.9597448412736912,44,0,0.07289400240885906,0.21554069343559532,2022-01-01T00:00:00+00:00,2024-01-01T00:00:00+00:00,-11.534542820082983,-5.943922482427,-19.03395846515883,-0.5874365643311453,87,0.4482758620689655,0.8370061869323442,87,0,0.039495694999693534,0.11712066066943348,,,,,,,,,,,,,,,,,,,,,,,,,,
iter-4a6dc5c2007a,R5_exit_structure,"{""atr_cap"": 0.0035, ""atr_floor"": 0.0, ""body_atr_min"": -100.0, ""close_location_min"": 0.0, ""cooldown_bars"": 0, ""ema_spread_min"": 0.0, ""max_hold_bars"": 384, ""momentum_lookback"": 0, ""momentum_threshold"": 0.0, ""role"": ""child"", ""round_name"": ""R5_exit_structure"", ""rvol_min"": 0.0, ""slow_slope_atr_min"": 0.0, ""stop_atr"": 5.0, ""take_profit_atr"": 12.0}",True,False,False,train_return|validation_return|train_pf|validation_pf,2020-01-01T00:00:00+00:00,2022-01-01T00:00:00+00:00,-2.498877018714618,-1.2556338799096678,-16.440137430002455,-0.11663408610453418,40,0.35,0.9570405641501263,40,0,0.10222010440583781,0.3005605925775746,2022-01-01T00:00:00+00:00,2024-01-01T00:00:00+00:00,-2.8832321355847568,-1.4521599098106908,-18.90464992397316,-0.09273713176139163,70,0.38571428571428573,0.9714625795385786,70,0,0.058098387273729075,0.16696467885151398,,,,,,,,,,,,,,,,,,,,,,,,,,
iter-aa4686c9ca74,R5_exit_structure,"{""atr_cap"": 0.0035, ""atr_floor"": 0.0, ""body_atr_min"": -100.0, ""close_location_min"": 0.0, ""cooldown_bars"": 0, ""ema_spread_min"": 0.0, ""max_hold_bars"": 384, ""momentum_lookback"": 0, ""momentum_threshold"": 0.0, ""role"": ""child"", ""round_name"": ""R5_exit_structure"", ""rvol_min"": 0.0, ""slow_slope_atr_min"": 0.0, ""stop_atr"": 5.0, ""take_profit_atr"": 16.0}",True,False,False,validation_return|validation_pf,2020-01-01T00:00:00+00:00,2022-01-01T00:00:00+00:00,6.277582789750502,3.0867263107530407,-12.312611044175025,0.3965783945559587,36,0.3333333333333333,1.1990060572397292,36,0,0.11840659511485342,0.34688323831076884,2022-01-01T00:00:00+00:00,2024-01-01T00:00:00+00:00,-13.38938979542882,-6.9351783945345025,-22.440897738306198,-0.5394653478194755,65,0.2923076923076923,0.7993179644788612,65,0,0.08425368800839468,0.24373810107555005,,,,,,,,,,,,,,,,,,,,,,,,,,
iter-3fed4bf0dbc5,R5_exit_structure,"{""atr_cap"": 0.0035, ""atr_floor"": 0.0, ""body_atr_min"": -100.0, ""close_location_min"": 0.0, ""cooldown_bars"": 0, ""ema_spread_min"": 0.0, ""max_hold_bars"": 384, ""momentum_lookback"": 0, ""momentum_threshold"": 0.0, ""role"": ""child"", ""round_name"": ""R5_exit_structure"", ""rvol_min"": 0.0, ""slow_slope_atr_min"": 0.0, ""stop_atr"": 5.0, ""take_profit_atr"": 20.0}",True,False,False,validation_return|validation_pf,2020-01-01T00:00:00+00:00,2022-01-01T00:00:00+00:00,4.566816536338836,2.254793944870581,-13.227204488102851,0.2816974314581087,32,0.28125,1.1636075186347714,32,0,0.15933566679072558,0.46022429640871093,2022-01-01T00:00:00+00:00,2024-01-01T00:00:00+00:00,-6.097713465380261,-3.0968078262538667,-20.739347100222826,-0.18839821197764936,62,0.27419354838709675,0.9291151497281166,62,0,0.09199804672466672,0.2658343983920891,,,,,,,,,,,,,,,,,,,,,,,,,,
iter-afae24afb993,R6_cooldown,"{""atr_cap"": 0.0035, ""atr_floor"": 0.0, ""body_atr_min"": -100.0, ""close_location_min"": 0.0, ""cooldown_bars"": 0, ""ema_spread_min"": 0.0, ""max_hold_bars"": 192, ""momentum_lookback"": 0, ""momentum_threshold"": 0.0, ""role"": ""child"", ""round_name"": ""R6_cooldown"", ""rvol_min"": 0.0, ""slow_slope_atr_min"": 0.0, ""stop_atr"": 4.0, ""take_profit_atr"": 0.0}",False,True,False,,2020-01-01T00:00:00+00:00,2022-01-01T00:00:00+00:00,30.96397763855423,14.41838073325803,-13.677238709126216,1.0744642025979672,34,0.2647058823529412,2.026150876196338,34,0,0.2813974279933321,0.6487300723454854,2022-01-01T00:00:00+00:00,2024-01-01T00:00:00+00:00,29.299056841651925,13.709743136484098,-10.26129516419646,1.035562296004836,56,0.30357142857142855,1.6371342759738994,56,0,0.150914606779507,0.4301060020634468,,,,,,,,,,,,,,,,,,,,,,,,,,
iter-d8322a753d0d,R6_cooldown,"{""atr_cap"": 0.0035, ""atr_floor"": 0.0, ""body_atr_min"": -100.0, ""close_location_min"": 0.0, ""cooldown_bars"": 1, ""ema_spread_min"": 0.0, ""max_hold_bars"": 192, ""momentum_lookback"": 0, ""momentum_threshold"": 0.0, ""role"": ""child"", ""round_name"": ""R6_cooldown"", ""rvol_min"": 0.0, ""slow_slope_atr_min"": 0.0, ""stop_atr"": 4.0, ""take_profit_atr"": 0.0}",True,True,True,,2020-01-01T00:00:00+00:00,2022-01-01T00:00:00+00:00,30.96397763855423,14.41838073325803,-13.677238709126216,1.0744642025979672,34,0.2647058823529412,2.026150876196338,34,0,0.2813974279933321,0.6487300723454854,2022-01-01T00:00:00+00:00,2024-01-01T00:00:00+00:00,29.299056841651925,13.709743136484098,-10.26129516419646,1.035562296004836,56,0.30357142857142855,1.6371342759738994,56,0,0.150914606779507,0.4301060020634468,2020-01-01T00:00:00+00:00,2022-01-01T00:00:00+00:00,18.308449189489885,8.757180077251924,-18.154542763868754,0.6903498141180225,34.0,0.23529411764705882,1.5358496465722704,34.0,0.0,0.28837545867233916,0.6613872183218227,2022-01-01T00:00:00+00:00,2024-01-01T00:00:00+00:00,7.299361024540096,3.585404871796527,-14.646112178897852,0.32756960322168444,58.0,0.29310344827586204,1.1702739997878016,58.0,0.0,0.1635966126714865,0.4656064896206317
iter-85275969e084,R6_cooldown,"{""atr_cap"": 0.0035, ""atr_floor"": 0.0, ""body_atr_min"": -100.0, ""close_location_min"": 0.0, ""cooldown_bars"": 2, ""ema_spread_min"": 0.0, ""max_hold_bars"": 192, ""momentum_lookback"": 0, ""momentum_threshold"": 0.0, ""role"": ""child"", ""round_name"": ""R6_cooldown"", ""rvol_min"": 0.0, ""slow_slope_atr_min"": 0.0, ""stop_atr"": 4.0, ""take_profit_atr"": 0.0}",True,True,True,,2020-01-01T00:00:00+00:00,2022-01-01T00:00:00+00:00,30.96397763855423,14.41838073325803,-13.677238709126216,1.0744642025979672,34,0.2647058823529412,2.026150876196338,34,0,0.2813974279933321,0.6487300723454854,2022-01-01T00:00:00+00:00,2024-01-01T00:00:00+00:00,29.299056841651925,13.709743136484098,-10.26129516419646,1.035562296004836,56,0.30357142857142855,1.6371342759738994,56,0,0.150914606779507,0.4301060020634468,2020-01-01T00:00:00+00:00,2022-01-01T00:00:00+00:00,18.308449189489885,8.757180077251924,-18.154542763868754,0.6903498141180225,34.0,0.23529411764705882,1.5358496465722704,34.0,0.0,0.28837545867233916,0.6613872183218227,2022-01-01T00:00:00+00:00,2024-01-01T00:00:00+00:00,7.299361024540096,3.585404871796527,-14.646112178897852,0.32756960322168444,58.0,0.29310344827586204,1.1702739997878016,58.0,0.0,0.1635966126714865,0.4656064896206317
iter-0ee17d10d367,R6_cooldown,"{""atr_cap"": 0.0035, ""atr_floor"": 0.0, ""body_atr_min"": -100.0, ""close_location_min"": 0.0, ""cooldown_bars"": 4, ""ema_spread_min"": 0.0, ""max_hold_bars"": 192, ""momentum_lookback"": 0, ""momentum_threshold"": 0.0, ""role"": ""child"", ""round_name"": ""R6_cooldown"", ""rvol_min"": 0.0, ""slow_slope_atr_min"": 0.0, ""stop_atr"": 4.0, ""take_profit_atr"": 0.0}",True,True,True,,2020-01-01T00:00:00+00:00,2022-01-01T00:00:00+00:00,30.96397763855423,14.41838073325803,-13.677238709126216,1.0744642025979672,34,0.2647058823529412,2.026150876196338,34,0,0.2813974279933321,0.6487300723454854,2022-01-01T00:00:00+00:00,2024-01-01T00:00:00+00:00,30.94430341478891,14.43089766963681,-9.119428392579753,1.0853074030756984,55,0.3090909090909091,1.684739309792344,55,0,0.150914606779507,0.4301060020634468,2020-01-01T00:00:00+00:00,2022-01-01T00:00:00+00:00,18.308449189489885,8.757180077251924,-18.154542763868754,0.6903498141180225,34.0,0.23529411764705882,1.5358496465722704,34.0,0.0,0.28837545867233916,0.6613872183218227,2022-01-01T00:00:00+00:00,2024-01-01T00:00:00+00:00,7.299361024540096,3.585404871796527,-14.646112178897852,0.32756960322168444,58.0,0.29310344827586204,1.1702739997878016,58.0,0.0,0.1635966126714865,0.4656064896206317
iter-ee9cc1575f81,R6_cooldown,"{""atr_cap"": 0.0035, ""atr_floor"": 0.0, ""body_atr_min"": -100.0, ""close_location_min"": 0.0, ""cooldown_bars"": 8, ""ema_spread_min"": 0.0, ""max_hold_bars"": 192, ""momentum_lookback"": 0, ""momentum_threshold"": 0.0, ""role"": ""child"", ""round_name"": ""R6_cooldown"", ""rvol_min"": 0.0, ""slow_slope_atr_min"": 0.0, ""stop_atr"": 4.0, ""take_profit_atr"": 0.0}",True,True,True,,2020-01-01T00:00:00+00:00,2022-01-01T00:00:00+00:00,32.38188593014686,15.035252961457246,-13.267193700954305,1.1156960524902788,33,0.2727272727272727,2.1030740845367633,33,0,0.2813974279933321,0.6487300723454854,2022-01-01T00:00:00+00:00,2024-01-01T00:00:00+00:00,30.94430341478891,14.43089766963681,-9.119428392579753,1.0853074030756984,55,0.3090909090909091,1.684739309792344,55,0,0.150914606779507,0.4301060020634468,2020-01-01T00:00:00+00:00,2022-01-01T00:00:00+00:00,19.878248063670668,9.475348330436862,-17.068560253690556,0.7398972905512542,33.0,0.24242424242424243,1.5922078697140882,33.0,0.0,0.28837545867233916,0.6613872183218227,2022-01-01T00:00:00+00:00,2024-01-01T00:00:00+00:00,7.299361024540096,3.585404871796527,-14.646112178897852,0.32756960322168444,58.0,0.29310344827586204,1.1702739997878016,58.0,0.0,0.1635966126714865,0.4656064896206317
iter-59cc3493e327,R6_cooldown,"{""atr_cap"": 0.0035, ""atr_floor"": 0.0, ""body_atr_min"": -100.0, ""close_location_min"": 0.0, ""cooldown_bars"": 16, ""ema_spread_min"": 0.0, ""max_hold_bars"": 192, ""momentum_lookback"": 0, ""momentum_threshold"": 0.0, ""role"": ""child"", ""round_name"": ""R6_cooldown"", ""rvol_min"": 0.0, ""slow_slope_atr_min"": 0.0, ""stop_atr"": 4.0, ""take_profit_atr"": 0.0}",True,True,True,,2020-01-01T00:00:00+00:00,2022-01-01T00:00:00+00:00,32.38188593014686,15.035252961457246,-13.267193700954305,1.1156960524902788,33,0.2727272727272727,2.1030740845367633,33,0,0.2813974279933321,0.6487300723454854,2022-01-01T00:00:00+00:00,2024-01-01T00:00:00+00:00,30.253085524724433,14.128473890052717,-9.274206227518489,1.0656854521780443,55,0.3090909090909091,1.6722766559495625,55,0,0.1520392989752756,0.43331137014674137,2020-01-01T00:00:00+00:00,2022-01-01T00:00:00+00:00,19.878248063670668,9.475348330436862,-17.068560253690556,0.7398972905512542,33.0,0.24242424242424243,1.5922078697140882,33.0,0.0,0.28837545867233916,0.6613872183218227,2022-01-01T00:00:00+00:00,2024-01-01T00:00:00+00:00,7.858096809460613,3.854752808651285,-13.8929431394748,0.3470222420657528,57.0,0.2982456140350877,1.182759766033687,57.0,0.0,0.1649540616189407,0.469469876697799
iter-7c48487b77dd,R6_cooldown,"{""atr_cap"": 0.0035, ""atr_floor"": 0.0, ""body_atr_min"": -100.0, ""close_location_min"": 0.0, ""cooldown_bars"": 32, ""ema_spread_min"": 0.0, ""max_hold_bars"": 192, ""momentum_lookback"": 0, ""momentum_threshold"": 0.0, ""role"": ""child"", ""round_name"": ""R6_cooldown"", ""rvol_min"": 0.0, ""slow_slope_atr_min"": 0.0, ""stop_atr"": 4.0, ""take_profit_atr"": 0.0}",True,True,True,,2020-01-01T00:00:00+00:00,2022-01-01T00:00:00+00:00,32.992827421905766,15.30002773838568,-12.451157667332001,1.13979712791671,32,0.28125,2.1712432687828884,32,0,0.286090830215128,0.6428712730285888,2022-01-01T00:00:00+00:00,2024-01-01T00:00:00+00:00,25.96591176880798,12.234536471091628,-10.33267935337041,0.9492286182285207,54,0.2962962962962963,1.5961654373613683,54,0,0.16103279615020266,0.4214120229311165,2020-01-01T00:00:00+00:00,2022-01-01T00:00:00+00:00,21.793089628187666,10.345025264353769,-15.743878166685676,0.8030557182489995,32.0,0.25,1.6655887542337326,32.0,0.0,0.28837545867233916,0.6613872183218227,2022-01-01T00:00:00+00:00,2024-01-01T00:00:00+00:00,6.316076783480051,3.109687606684197,-13.936683025970243,0.29592138728431305,55.0,0.2909090909090909,1.1583919674735408,55.0,0.0,0.1750837357813207,0.45642443810437205
