ts,close,return,sigma_ann,month,return_1m,forecast_1m,return_3m,forecast_3m,return_12m,forecast_12m,forecast_composite,forecast_long_only,symbol,asset_class
2020-01-31 00:00:00+00:00,3224.0,-0.019986321149023434,,2020-01,,,,,,,,1.0,ES=F,equity_index
2020-02-28 00:00:00+00:00,2951.0,-0.00202908353060538,,2020-02,-0.08467741935483875,-1.0,,,,,,1.0,ES=F,equity_index
2020-03-31 00:00:00+00:00,2569.75,-0.015892771661081828,0.5144344358844711,2020-03,-0.1291934937309387,-1.0,,,,,,1.0,ES=F,equity_index
2020-04-30 00:00:00+00:00,2902.5,-0.01309078544712683,0.48513057623164935,2020-04,0.129487304212472,1.0,-0.0997208436724566,-1.0,,,,1.0,ES=F,equity_index
2020-05-29 00:00:00+00:00,3042.0,0.0013166556945358732,0.43122168892880447,2020-05,0.04806201550387601,1.0,0.03083700440528636,1.0,,,,1.0,ES=F,equity_index
2020-06-30 00:00:00+00:00,3090.25,0.013944713313099877,0.38962162696218483,2020-06,0.015861275476660053,1.0,0.20254888607841237,1.0,,,,1.0,ES=F,equity_index
2020-07-31 00:00:00+00:00,3263.5,0.004540207772220084,0.3345376432416414,2020-07,0.05606342528921604,1.0,0.12437553832902659,1.0,,,,1.0,ES=F,equity_index
2020-08-31 00:00:00+00:00,3499.0,-0.0015694107575974225,0.2858237202073115,2020-08,0.07216178948981145,1.0,0.15023011176857337,1.0,,,,1.0,ES=F,equity_index
2020-09-30 00:00:00+00:00,3352.0,0.005474315710536137,0.2721612650049731,2020-09,-0.04201200342955125,-1.0,0.0847018849607637,1.0,,,,1.0,ES=F,equity_index
2020-10-30 00:00:00+00:00,3264.75,-0.01135589370883483,0.2516318370590949,2020-10,-0.02602923627684961,-1.0,0.00038302436034931553,1.0,,,,1.0,ES=F,equity_index
2020-11-30 00:00:00+00:00,3623.25,-0.00364361336449881,0.23330365444407095,2020-11,0.10980932690098788,1.0,0.03551014575593037,1.0,,,,1.0,ES=F,equity_index
2020-12-31 00:00:00+00:00,3748.75,0.006578505739410545,0.20092585577482638,2020-12,0.0346374111640102,1.0,0.11836217183770881,1.0,,,,1.0,ES=F,equity_index
2021-01-29 00:00:00+00:00,3705.25,-0.019580604617318254,0.18959795152875025,2021-01,-0.011603867955985336,-1.0,0.13492610460219012,1.0,0.1492710918114144,1.0,0.3333333333333333,1.0,ES=F,equity_index
2021-02-26 00:00:00+00:00,3809.25,-0.004898119122257016,0.1812791656296918,2021-02,0.028068281492476865,1.0,0.05133512730283596,1.0,0.29083361572348365,1.0,1.0,1.0,ES=F,equity_index
2021-03-31 00:00:00+00:00,3967.5,0.005002849724526692,0.1742636323340862,2021-03,0.041543610947036846,1.0,0.05835278426142043,1.0,0.5439245062749294,1.0,1.0,1.0,ES=F,equity_index
2021-04-30 00:00:00+00:00,4174.5,-0.006899012727489051,0.15754493745160703,2021-04,0.05217391304347818,1.0,0.12664462586869973,1.0,0.43824289405684747,1.0,1.0,1.0,ES=F,equity_index
2021-05-28 00:00:00+00:00,4202.5,0.000833531793284159,0.15208791076915065,2021-05,0.006707390106599487,1.0,0.10323554505480081,1.0,0.38149243918474696,1.0,1.0,1.0,ES=F,equity_index
2021-06-30 00:00:00+00:00,4288.5,0.001517982251284522,0.13162879994343324,2021-06,0.020464009518143866,1.0,0.08090737240075607,1.0,0.3877518000161799,1.0,1.0,1.0,ES=F,equity_index
2021-07-30 00:00:00+00:00,4389.5,-0.005043350144500525,0.12676565818998675,2021-07,0.023551358283782298,1.0,0.05150317403281823,1.0,0.3450283438026658,1.0,1.0,1.0,ES=F,equity_index
2021-08-31 00:00:00+00:00,4520.5,-0.001049665764322416,0.11593710049691912,2021-08,0.02984394577970151,1.0,0.07566924449732304,1.0,0.2919405544441269,1.0,1.0,1.0,ES=F,equity_index
2021-09-30 00:00:00+00:00,4297.75,-0.011954710040806948,0.12390781060160762,2021-09,-0.049275522619179335,-1.0,0.002156931327970124,1.0,0.28214498806682586,1.0,0.3333333333333333,1.0,ES=F,equity_index
2021-10-29 00:00:00+00:00,4597.0,0.002070844686648421,0.12251664617554756,2021-10,0.06962945727415515,1.0,0.047271898849527316,1.0,0.40807106210276434,1.0,1.0,1.0,ES=F,equity_index
2021-11-30 00:00:00+00:00,4566.25,-0.01822188776607181,0.11871365926817896,2021-11,-0.006689145094626925,-1.0,0.010120561884747303,1.0,0.2602635755192162,1.0,0.3333333333333333,1.0,ES=F,equity_index
2021-12-31 00:00:00+00:00,4758.5,-0.0028812405050029355,0.14035841342462063,2021-12,0.04210238160416102,1.0,0.10720725961258792,1.0,0.2693564521507168,1.0,1.0,1.0,ES=F,equity_index
2022-01-31 00:00:00+00:00,4504.25,0.01831232690894713,0.15192937892533517,2022-01,-0.0534307029526111,-1.0,-0.020176201870785282,-1.0,0.21563997031239457,1.0,-0.3333333333333333,1.0,ES=F,equity_index
2022-02-28 00:00:00+00:00,4368.0,-0.002739726027397249,0.17671075880458756,2022-02,-0.030249209080313033,-1.0,-0.04341637010676158,-1.0,0.14668241779877933,1.0,-0.3333333333333333,1.0,ES=F,equity_index
2022-03-31 00:00:00+00:00,4530.75,-0.01419712793733685,0.1907133586109144,2022-03,0.03725961538461542,1.0,-0.04786172113060838,-1.0,0.14196597353497165,1.0,0.3333333333333333,1.0,ES=F,equity_index
2022-04-29 00:00:00+00:00,4127.5,-0.036418816388467334,0.20158220976932045,2022-04,-0.08900292446063018,-1.0,-0.08364322584226014,-1.0,-0.011258833393220757,-1.0,-1.0,1.0,ES=F,equity_index
2022-05-31 00:00:00+00:00,4131.25,-0.005895446068699961,0.24384905551987845,2022-05,0.0009085402786190855,1.0,-0.0542010073260073,-1.0,-0.016954193932183226,-1.0,-0.3333333333333333,1.0,ES=F,equity_index
2022-06-30 00:00:00+00:00,3789.5,-0.008308799476611006,0.2605317122912438,2022-06,-0.08272314674735248,-1.0,-0.1636042597803895,-1.0,-0.11635770082779529,-1.0,-1.0,1.0,ES=F,equity_index
2022-07-29 00:00:00+00:00,4133.5,0.014729348226341088,0.24445064783157702,2022-07,0.09077714738092091,1.0,0.0014536644457905368,1.0,-0.058320993279416755,-1.0,0.3333333333333333,1.0,ES=F,equity_index
2022-08-31 00:00:00+00:00,3956.5,-0.007774294670846449,0.23113737032531215,2022-08,-0.04282085399782265,-1.0,-0.042299546142208766,-1.0,-0.12476495962835965,-1.0,-1.0,1.0,ES=F,equity_index
2022-09-30 00:00:00+00:00,3601.5,-0.014435246630635556,0.23482094618799446,2022-09,-0.08972576772399843,-1.0,-0.04961076659189867,-1.0,-0.16200337385841423,-1.0,-1.0,1.0,ES=F,equity_index
2022-10-31 00:00:00+00:00,3883.0,-0.007222754873761561,0.24782171932419958,2022-10,0.07816187699569621,1.0,-0.0606023950647151,-1.0,-0.15531868609963018,-1.0,-0.3333333333333333,1.0,ES=F,equity_index
2022-11-30 00:00:00+00:00,4081.25,0.03009843513377075,0.24807560373606696,2022-11,0.05105588462528976,1.0,0.031530393024137515,1.0,-0.10621407062688204,-1.0,0.3333333333333333,1.0,ES=F,equity_index
2022-12-30 00:00:00+00:00,3861.0,-0.00277652224446312,0.23538690271964544,2022-12,-0.05396630934150082,-1.0,0.0720533111203665,1.0,-0.1886098560470737,-1.0,-0.3333333333333333,1.0,ES=F,equity_index
2023-01-31 00:00:00+00:00,4090.0,0.014259144451332917,0.21693084329504514,2023-01,0.05931105931105929,1.0,0.05330929693535924,1.0,-0.09196869623133708,-1.0,0.3333333333333333,1.0,ES=F,equity_index
2023-02-28 00:00:00+00:00,3975.5,-0.0031344032096288776,0.20284077092105618,2023-02,-0.027995110024449876,-1.0,-0.025911179173047527,-1.0,-0.08985805860805862,-1.0,-1.0,1.0,ES=F,equity_index
2023-03-31 00:00:00+00:00,4137.75,0.014154411764705888,0.1918482971477959,2023-03,0.04081247641806063,1.0,0.07167832167832167,1.0,-0.08674060585995691,-1.0,0.3333333333333333,1.0,ES=F,equity_index
2023-04-28 00:00:00+00:00,4188.5,0.008365934396629582,0.17659601971378966,2023-04,0.012265119932330482,1.0,0.024083129584351992,1.0,0.014778921865536088,1.0,1.0,1.0,ES=F,equity_index
2023-05-31 00:00:00+00:00,4190.5,-0.005812574139976268,0.16290827301176772,2023-05,0.0004774979109465338,1.0,0.054081247641805996,1.0,0.014341906202723242,1.0,1.0,1.0,ES=F,equity_index
2023-06-30 00:00:00+00:00,4488.25,0.011835653497153764,0.1485010308251995,2023-06,0.07105357355924125,1.0,0.08470787263609458,1.0,0.18439108061749576,1.0,1.0,1.0,ES=F,equity_index
2023-07-31 00:00:00+00:00,4614.5,0.0017366764354715958,0.13484327689544992,2023-07,0.02812900350916281,1.0,0.10170705503163413,1.0,0.11636627555340517,1.0,1.0,1.0,ES=F,equity_index
2023-08-31 00:00:00+00:00,4516.0,-0.001823506658562235,0.13136089649743937,2023-08,-0.021345757936937937,-1.0,0.07767569502446015,1.0,0.14141286490585103,1.0,0.3333333333333333,1.0,ES=F,equity_index
2023-09-29 00:00:00+00:00,4325.5,-0.0027665706051873684,0.12539191883998244,2023-09,-0.04218334809565982,-1.0,-0.036261349078148486,-1.0,0.20102734971539626,1.0,-0.3333333333333333,1.0,ES=F,equity_index
2023-10-31 00:00:00+00:00,4212.25,0.006331004001672413,0.12993792198791598,2023-10,-0.026181944283897862,-1.0,-0.08717087441759674,-1.0,0.0847926860674737,1.0,-0.3333333333333333,1.0,ES=F,equity_index
2023-11-30 00:00:00+00:00,4576.75,0.0038383506059109784,0.12728144945726663,2023-11,0.08653332541990633,1.0,0.013452170062001834,1.0,0.12140888208269529,1.0,1.0,1.0,ES=F,equity_index
2023-12-29 00:00:00+00:00,4820.0,-0.00253505095969786,0.12679402196719575,2023-12,0.053149068662260435,1.0,0.1143220436943706,1.0,0.24838124838124842,1.0,1.0,1.0,ES=F,equity_index
2024-01-31 00:00:00+00:00,4870.5,-0.016259341547162243,0.11797246240827794,2024-01,0.010477178423236477,1.0,0.15627040180426133,1.0,0.19083129584352077,1.0,1.0,1.0,ES=F,equity_index
2024-02-29 00:00:00+00:00,5103.75,0.004477465065931829,0.12239079698991255,2024-02,0.04789036033261462,1.0,0.1151472114491725,1.0,0.28380077977612883,1.0,1.0,1.0,ES=F,equity_index
2024-03-28 00:00:00+00:00,5308.5,4.709650072998173e-05,0.12356966284735935,2024-03,0.04011756061719329,1.0,0.10134854771784241,1.0,0.2829436287837592,1.0,1.0,1.0,ES=F,equity_index
2024-04-30 00:00:00+00:00,5067.0,-0.015543034777540266,0.12337578375992624,2024-04,-0.045493077140435156,-1.0,0.040344933785032344,1.0,0.20974095738331155,1.0,0.3333333333333333,1.0,ES=F,equity_index
2024-05-31 00:00:00+00:00,5295.5,0.008090614886731462,0.11810005947054254,2024-05,0.04509571738701412,1.0,0.03757041391133975,1.0,0.26369168356997963,1.0,1.0,1.0,ES=F,equity_index
2024-06-28 00:00:00+00:00,5521.5,-0.004417598269022771,0.10825070304366824,2024-06,0.042677745255405464,1.0,0.040124328906470774,1.0,0.23021222079875225,1.0,1.0,1.0,ES=F,equity_index
2024-07-31 00:00:00+00:00,5558.0,0.015623572407492015,0.1161322425507836,2024-07,0.006610522502943139,1.0,0.09690151963686588,1.0,0.20446418896955243,1.0,1.0,1.0,ES=F,equity_index
2024-08-30 00:00:00+00:00,5661.0,0.009090909090909038,0.14089378445375753,2024-08,0.018531845987765472,1.0,0.0690208667736758,1.0,0.2535429583702391,1.0,1.0,1.0,ES=F,equity_index
2024-09-30 00:00:00+00:00,5814.25,0.003971508741636098,0.1413732595894713,2024-09,0.027071188835894766,1.0,0.05302001267771428,1.0,0.34417986359958386,1.0,1.0,1.0,ES=F,equity_index
2024-10-31 00:00:00+00:00,5738.5,-0.019395078605604965,0.1266248396011857,2024-10,-0.013028335554886694,-1.0,0.03247571068729749,1.0,0.3623360436821177,1.0,0.3333333333333333,1.0,ES=F,equity_index
2024-11-29 00:00:00+00:00,6051.5,0.006068162926018195,0.12944080231193889,2024-11,0.05454387034939434,1.0,0.06898074545133359,1.0,0.32222647074889377,1.0,1.0,1.0,ES=F,equity_index
2024-12-31 00:00:00+00:00,5935.75,-0.003859869939165095,0.14778232001724445,2024-12,-0.019127489052301105,-1.0,0.020896934256352973,1.0,0.23148340248962662,1.0,0.3333333333333333,1.0,ES=F,equity_index
2025-01-31 00:00:00+00:00,6067.25,-0.005246546706562327,0.1427199431219879,2025-01,0.02215389799098677,1.0,0.05728849002352532,1.0,0.2457139924032441,1.0,1.0,1.0,ES=F,equity_index
2025-02-28 00:00:00+00:00,5963.25,0.014805360561582548,0.13687975200957744,2025-02,-0.017141208949688957,-1.0,-0.014583161199702599,-1.0,0.1684055841293166,1.0,-0.3333333333333333,1.0,ES=F,equity_index
2025-03-31 00:00:00+00:00,5653.25,0.005379690556642336,0.1727542348301798,2025-03,-0.051985075252588775,-1.0,-0.04759297477151159,-1.0,0.06494301591786766,1.0,-0.3333333333333333,1.0,ES=F,equity_index
2025-04-30 00:00:00+00:00,5587.0,0.0005820461159615764,0.29113330012379174,2025-04,-0.011718922743554572,-1.0,-0.07915447690469324,-1.0,0.10262482731399247,1.0,-0.3333333333333333,1.0,ES=F,equity_index
2025-05-30 00:00:00+00:00,5916.0,-0.0011396732936558296,0.26155771844244646,2025-05,0.058886701270807196,1.0,-0.007923531631241376,-1.0,0.11717495987158899,1.0,0.3333333333333333,1.0,ES=F,equity_index
2025-06-30 00:00:00+00:00,6253.75,0.004820245029122372,0.22903321443076913,2025-06,0.05709093982420543,1.0,0.10622208464157779,1.0,0.13261794802137095,1.0,1.0,1.0,ES=F,equity_index
2025-07-31 00:00:00+00:00,6374.25,-0.0034395153410201607,0.1924808523212982,2025-07,0.019268438936637988,1.0,0.14090746375514596,1.0,0.14686038143216984,1.0,1.0,1.0,ES=F,equity_index
2025-08-29 00:00:00+00:00,6472.75,-0.006866129650939801,0.17299701186311545,2025-08,0.015452798368435605,1.0,0.09410919540229878,1.0,0.1433933933933933,1.0,1.0,1.0,ES=F,equity_index
2025-09-30 00:00:00+00:00,6738.75,0.0037610784240709183,0.15320928138674766,2025-09,0.04109536132246716,1.0,0.07755346791924844,1.0,0.15900589069957438,1.0,1.0,1.0,ES=F,equity_index
2025-10-31 00:00:00+00:00,6874.0,0.0026985631974327795,0.14729747798202752,2025-10,0.020070487850120555,1.0,0.07840138055457513,1.0,0.19787400888733986,1.0,1.0,1.0,ES=F,equity_index
2025-11-28 00:00:00+00:00,6859.5,0.004613356766256516,0.14813192925679752,2025-11,-0.0021093977305789435,-1.0,0.05975049244911368,1.0,0.1335206147236223,1.0,0.3333333333333333,1.0,ES=F,equity_index
2025-12-31 00:00:00+00:00,6892.5,-0.007452208661842485,0.13570318413197277,2025-12,0.004810846271594116,1.0,0.02281580411797446,1.0,0.1611843490713052,1.0,1.0,1.0,ES=F,equity_index
2026-01-30 00:00:00+00:00,6965.75,-0.003861141896964737,0.12803027892017585,2026-01,0.010627493652520803,1.0,0.013347395984870447,1.0,0.1480901561663026,1.0,1.0,1.0,ES=F,equity_index
2026-02-27 00:00:00+00:00,6889.0,-0.004479768786127214,0.12850458208813625,2026-02,-0.011018196174137795,-1.0,0.004300605000364444,1.0,0.15524252714543252,1.0,0.3333333333333333,1.0,ES=F,equity_index
2026-03-31 00:00:00+00:00,6570.75,0.028568074198724203,0.13333283345238903,2026-03,-0.04619683553491072,-1.0,-0.04668117519042436,-1.0,0.1622960244107372,1.0,-0.3333333333333333,1.0,ES=F,equity_index
2026-04-30 00:00:00+00:00,7243.75,0.01056780133928581,0.14088003327894008,2026-04,0.10242361983030857,1.0,0.03990955747765845,1.0,0.29653660282799366,1.0,1.0,1.0,ES=F,equity_index
2026-05-29 00:00:00+00:00,7595.75,0.0018465393873445812,0.13226646441040338,2026-05,0.048593615185504646,1.0,0.10259108724052846,1.0,0.2839334009465855,1.0,1.0,1.0,ES=F,equity_index
2026-06-30 00:00:00+00:00,7548.25,0.006399786673777497,0.1430255003860727,2026-06,-0.006253497021360577,-1.0,0.14876536164060417,1.0,0.20699580251848881,1.0,0.3333333333333333,1.0,ES=F,equity_index
2026-07-31 00:00:00+00:00,7519.25,0.0062562730010036205,0.1365882708105536,2026-07,-0.0038419501208889484,-1.0,0.03803278688524592,1.0,0.1796289759579559,1.0,0.3333333333333333,1.0,ES=F,equity_index
2020-01-31 00:00:00+00:00,8997.75,-0.02370812423708124,,2020-01,,,,,,,,1.0,NQ=F,equity_index
2020-02-28 00:00:00+00:00,8454.0,0.008499597387492175,,2020-02,-0.06043177461031923,-1.0,,,,,,1.0,NQ=F,equity_index
2020-03-31 00:00:00+00:00,7786.25,-0.00872083770966614,0.4995905684365725,2020-03,-0.07898627868464636,-1.0,,,,,,1.0,NQ=F,equity_index
2020-04-30 00:00:00+00:00,8988.5,-0.005311791069551264,0.4734493176272679,2020-04,0.15440680687108688,1.0,-0.0010280347864743966,-1.0,,,,1.0,NQ=F,equity_index
2020-05-29 00:00:00+00:00,9560.25,0.01057054517586753,0.4165866172186349,2020-05,0.06360905601602052,1.0,0.13085521646557852,1.0,,,,1.0,NQ=F,equity_index
2020-06-30 00:00:00+00:00,10147.25,0.017395663616994517,0.37091074353683917,2020-06,0.06140006798985387,1.0,0.3032268421897575,1.0,,,,1.0,NQ=F,equity_index
2020-07-31 00:00:00+00:00,10890.5,0.008940151936260854,0.3356572416403087,2020-07,0.07324644608145059,1.0,0.21160371585915327,1.0,,,,1.0,NQ=F,equity_index
2020-08-31 00:00:00+00:00,12114.0,0.010194508724748363,0.29883396837104703,2020-08,0.11234562233138967,1.0,0.2671216756883972,1.0,,,,1.0,NQ=F,equity_index
2020-09-30 00:00:00+00:00,11407.25,0.006129964058124493,0.3117590333052758,2020-09,-0.05834158824500579,-1.0,0.12417157357904851,1.0,,,,1.0,NQ=F,equity_index
2020-10-30 00:00:00+00:00,11046.25,-0.026140045403451495,0.297916083610253,2020-10,-0.03164654057726446,-1.0,0.014301455396905638,1.0,,,,1.0,NQ=F,equity_index
2020-11-30 00:00:00+00:00,12277.0,0.0015908627370997408,0.2865190498949171,2020-11,0.11141790200294222,1.0,0.013455506026085473,1.0,,,,1.0,NQ=F,equity_index
2020-12-31 00:00:00+00:00,12885.5,0.0034263909979364016,0.24752394369856412,2020-12,0.04956422578805908,1.0,0.1295886388042693,1.0,,,,1.0,NQ=F,equity_index
2021-01-29 00:00:00+00:00,12911.25,-0.020836493250417143,0.23873154082461812,2021-01,0.001998370261146354,1.0,0.16883557768473456,1.0,0.43494206885054587,1.0,1.0,1.0,NQ=F,equity_index
2021-02-26 00:00:00+00:00,12911.0,0.006176086660042435,0.2346937121805298,2021-02,-1.93629586601185e-05,-1.0,0.05164128044310501,1.0,0.5272060563047078,1.0,0.3333333333333333,1.0,NQ=F,equity_index
2021-03-31 00:00:00+00:00,13089.75,0.01642303884456342,0.2511185665673193,2021-03,0.013844783517930503,1.0,0.015851150518024104,1.0,0.6811366190399744,1.0,1.0,1.0,NQ=F,equity_index
2021-04-30 00:00:00+00:00,13850.0,-0.0074174938187551165,0.22877145911456825,2021-04,0.05807979525964968,1.0,0.07270790976861274,1.0,0.5408577626967792,1.0,1.0,1.0,NQ=F,equity_index
2021-05-28 00:00:00+00:00,13686.5,0.0015367165489736934,0.22114712451483892,2021-05,-0.011805054151624583,-1.0,0.06006506080086749,1.0,0.4316048220496327,1.0,0.3333333333333333,1.0,NQ=F,equity_index
2021-06-30 00:00:00+00:00,14549.0,-0.0009613403831627565,0.195137420039385,2021-06,0.063018302707047,1.0,0.11148035676769985,1.0,0.4337874793663308,1.0,1.0,1.0,NQ=F,equity_index
2021-07-30 00:00:00+00:00,14955.75,-0.005452943425712009,0.17441709712766043,2021-07,0.027957247920819217,1.0,0.07983754512635377,1.0,0.37328405491024297,1.0,1.0,1.0,NQ=F,equity_index
2021-08-31 00:00:00+00:00,15582.5,-0.0009616925789389663,0.15750834535503744,2021-08,0.04190695886197626,1.0,0.13853066890731736,1.0,0.28632161135875855,1.0,1.0,1.0,NQ=F,equity_index
2021-09-30 00:00:00+00:00,14682.5,-0.0038840550212859704,0.1606434351664556,2021-09,-0.057757099310123516,-1.0,0.009175888377207952,1.0,0.28712003331214797,1.0,0.3333333333333333,1.0,NQ=F,equity_index
2021-10-29 00:00:00+00:00,15838.5,0.004678158549929368,0.15638294279936532,2021-10,0.07873318576536703,1.0,0.05902412115741429,1.0,0.43383501188186036,1.0,1.0,1.0,NQ=F,equity_index
2021-11-30 00:00:00+00:00,16150.5,-0.014657657520247724,0.15580152256171012,2021-11,0.0196988351169618,1.0,0.03645114712016695,1.0,0.31550867475767697,1.0,1.0,1.0,NQ=F,equity_index
2021-12-31 00:00:00+00:00,16320.75,-0.006664536449536684,0.18261036729352376,2021-12,0.010541469304355955,1.0,0.11157840967137744,1.0,0.2665981141593263,1.0,1.0,1.0,NQ=F,equity_index
2022-01-31 00:00:00+00:00,14905.0,0.0327028337836901,0.21256679269556558,2022-01,-0.08674540079346849,-1.0,-0.05893866212078169,-1.0,0.15441959531416405,1.0,-0.3333333333333333,1.0,NQ=F,equity_index
2022-02-28 00:00:00+00:00,14228.0,0.0033496703219209056,0.25491000433403554,2022-02,-0.04542099966454205,-1.0,-0.11903656233553139,-1.0,0.10200604136008051,1.0,-0.3333333333333333,1.0,NQ=F,equity_index
2022-03-31 00:00:00+00:00,14868.75,-0.013452542878943707,0.27482958546854575,2022-03,0.04503443913410177,1.0,-0.08896649970130044,-1.0,0.13590786684237677,1.0,0.3333333333333333,1.0,NQ=F,equity_index
2022-04-29 00:00:00+00:00,12852.0,-0.04479830543116747,0.28891021595813343,2022-04,-0.13563682219419926,-1.0,-0.13773901375377395,-1.0,-0.07205776173285194,-1.0,-1.0,1.0,NQ=F,equity_index
2022-05-31 00:00:00+00:00,12646.5,-0.002464948433278824,0.33876523135808095,2022-05,-0.015989729225023397,-1.0,-0.1111540624121451,-1.0,-0.0759872867424104,-1.0,-1.0,1.0,NQ=F,equity_index
2022-06-30 00:00:00+00:00,11529.5,-0.013814044991874108,0.35195302732046224,2022-06,-0.0883248329577353,-1.0,-0.22458175704077343,-1.0,-0.20754003711595304,-1.0,-1.0,1.0,NQ=F,equity_index
2022-07-29 00:00:00+00:00,12971.5,0.0183709519136408,0.33315210600051554,2022-07,0.1250704713994535,1.0,0.009298163709928309,1.0,-0.13267472376845024,-1.0,0.3333333333333333,1.0,NQ=F,equity_index
2022-08-31 00:00:00+00:00,12285.25,-0.005947203398401935,0.31188256285691623,2022-08,-0.052904444358786606,-1.0,-0.0285652156723204,-1.0,-0.21159955077811643,-1.0,-1.0,1.0,NQ=F,equity_index
2022-09-30 00:00:00+00:00,11035.5,-0.017166521942421964,0.307147666042512,2022-09,-0.10172768156936163,-1.0,-0.04284661086777397,-1.0,-0.24839094159713948,-1.0,-1.0,1.0,NQ=F,equity_index
2022-10-31 00:00:00+00:00,11447.25,-0.012060930352981836,0.31506613668811806,2022-10,0.037311404104934054,1.0,-0.11750761284354161,-1.0,-0.27725163367743155,-1.0,-0.3333333333333333,1.0,NQ=F,equity_index
2022-11-30 00:00:00+00:00,12042.25,0.04490336015965646,0.3212370392797162,2022-11,0.05197754919303765,1.0,-0.019779817260536015,-1.0,-0.2543729296306616,-1.0,-0.3333333333333333,1.0,NQ=F,equity_index
2022-12-30 00:00:00+00:00,11022.25,-0.0009517119485169534,0.3078936060286885,2022-12,-0.08470177915256705,-1.0,-0.0012006705631824044,-1.0,-0.3246480707075349,-1.0,-1.0,1.0,NQ=F,equity_index
2023-01-31 00:00:00+00:00,12152.0,0.015374331550802145,0.28765553499536434,2023-01,0.1024972215291795,1.0,0.06156500469545079,1.0,-0.1847031197584703,-1.0,0.3333333333333333,1.0,NQ=F,equity_index
2023-02-28 00:00:00+00:00,12072.25,-0.0009103511058696778,0.2784596795837361,2023-02,-0.006562705727452323,-1.0,0.002491228798604972,1.0,-0.1515146190610065,-1.0,-0.3333333333333333,1.0,NQ=F,equity_index
2023-03-31 00:00:00+00:00,13301.75,0.016797890230851653,0.2564139148859561,2023-03,0.10184514071527673,1.0,0.20680895461452975,1.0,-0.1053888188314418,-1.0,0.3333333333333333,1.0,NQ=F,equity_index
2023-04-28 00:00:00+00:00,13320.25,0.0067264997638167845,0.23691271070221334,2023-04,0.0013907944443400932,1.0,0.09613643844634634,1.0,0.03643401805166513,1.0,1.0,1.0,NQ=F,equity_index
2023-05-31 00:00:00+00:00,14300.5,-0.006685536666261482,0.221985606309801,2023-05,0.07359096113060937,1.0,0.1845761974776865,1.0,0.1307871743170046,1.0,1.0,1.0,NQ=F,equity_index
2023-06-30 00:00:00+00:00,15337.0,0.015678548368404543,0.20662263008573778,2023-06,0.07247998321736993,1.0,0.1530061833969214,1.0,0.33023981959321747,1.0,1.0,1.0,NQ=F,equity_index
2023-07-31 00:00:00+00:00,15857.5,0.0006310143555765535,0.1935842089290257,2023-07,0.03393753667601218,1.0,0.1904806591467878,1.0,0.2224877616312686,1.0,1.0,1.0,NQ=F,equity_index
2023-08-31 00:00:00+00:00,15538.5,0.0024030320135473016,0.19026268315660108,2023-08,-0.020116664039098175,-1.0,0.08657039963637625,1.0,0.26480942593760814,1.0,0.3333333333333333,1.0,NQ=F,equity_index
2023-09-29 00:00:00+00:00,14866.5,0.0004542472114268392,0.17623832007239695,2023-09,-0.04324741770441165,-1.0,-0.03067744669752881,-1.0,0.34715237189071635,1.0,-0.3333333333333333,1.0,NQ=F,equity_index
2023-10-31 00:00:00+00:00,14490.25,0.005115666077064374,0.18041609999251756,2023-10,-0.025308579692597477,-1.0,-0.08622103105785905,-1.0,0.26582803730153537,1.0,-0.3333333333333333,1.0,NQ=F,equity_index
2023-11-30 00:00:00+00:00,15985.5,-0.0023870816756377256,0.17192494984173876,2023-11,0.1031900760856439,1.0,0.028767255526595203,1.0,0.3274512653366273,1.0,1.0,1.0,NQ=F,equity_index
2023-12-29 00:00:00+00:00,17023.5,-0.003920306603083623,0.1651586913971341,2023-12,0.06493384629820764,1.0,0.14509131268287767,1.0,0.5444668738234026,1.0,1.0,1.0,NQ=F,equity_index
2024-01-31 00:00:00+00:00,17242.25,-0.01968615856951983,0.15954804288011204,2024-01,0.01284988398390463,1.0,0.1899208088197235,1.0,0.4188816655694536,1.0,1.0,1.0,NQ=F,equity_index
2024-02-29 00:00:00+00:00,18082.75,0.009349576478140165,0.16426998032468865,2024-02,0.04874653829981579,1.0,0.1311970223014607,1.0,0.4978773633746816,1.0,1.0,1.0,NQ=F,equity_index
2024-03-28 00:00:00+00:00,18475.0,-0.0015537391069377904,0.16332694418993424,2024-03,0.02169194397975982,1.0,0.08526448732634306,1.0,0.3889149923882196,1.0,1.0,1.0,NQ=F,equity_index
2024-04-30 00:00:00+00:00,17571.25,-0.01859893600681406,0.16724073798064512,2024-04,-0.048917456021650874,-1.0,0.019081036407661456,1.0,0.31913815431392045,1.0,0.3333333333333333,1.0,NQ=F,equity_index
2024-05-31 00:00:00+00:00,18591.0,-0.0008330422164297691,0.15811046405595336,2024-05,0.05803514263356324,1.0,0.028106897457521596,1.0,0.30002447466871796,1.0,1.0,1.0,NQ=F,equity_index
2024-06-28 00:00:00+00:00,19927.25,-0.005601437161605882,0.1479689556041599,2024-06,0.07187617664461299,1.0,0.07860622462787559,1.0,0.299292560474669,1.0,1.0,1.0,NQ=F,equity_index
2024-07-31 00:00:00+00:00,19505.25,0.03004818799920783,0.17139621117383222,2024-07,-0.021177031451906303,-1.0,0.11006615920893514,1.0,0.23003310736244686,1.0,0.3333333333333333,1.0,NQ=F,equity_index
2024-08-30 00:00:00+00:00,19623.0,0.011846905495468851,0.20168284706573006,2024-08,0.006036836236397836,1.0,0.055510730998870494,1.0,0.26286321073462693,1.0,1.0,1.0,NQ=F,equity_index
2024-09-30 00:00:00+00:00,20261.25,0.0019657295452859547,0.20399797781940568,2024-09,0.03252560770524382,1.0,0.016760968021177103,1.0,0.36287962869538903,1.0,1.0,1.0,NQ=F,equity_index
2024-10-31 00:00:00+00:00,20021.75,-0.024982042635045443,0.18387704291980006,2024-10,-0.011820593497439691,-1.0,0.026480050242883246,1.0,0.38173944548920824,1.0,0.3333333333333333,1.0,NQ=F,equity_index
2024-11-29 00:00:00+00:00,20993.5,0.008672464325181428,0.18240444803544448,2024-11,0.04853471849363822,1.0,0.06984151251082915,1.0,0.31328391354665164,1.0,1.0,1.0,NQ=F,equity_index
2024-12-31 00:00:00+00:00,21226.5,-0.008860094554368758,0.2007121340575741,2024-12,0.011098673398909131,1.0,0.04764019988895063,1.0,0.24689399947131907,1.0,1.0,1.0,NQ=F,equity_index
2025-01-31 00:00:00+00:00,21589.25,-0.001641637475577773,0.20000028227672995,2025-01,0.017089487197606834,1.0,0.07828985977749192,1.0,0.25211326827995184,1.0,1.0,1.0,NQ=F,equity_index
2025-02-28 00:00:00+00:00,20919.5,0.015226332455746672,0.19497260704598313,2025-02,-0.03102238382528344,-1.0,-0.0035249005644604203,-1.0,0.15687602825897606,1.0,-0.3333333333333333,1.0,NQ=F,equity_index
2025-03-31 00:00:00+00:00,19439.5,-0.0008994192321529759,0.23720162233277714,2025-03,-0.07074738879992348,-1.0,-0.08418721880668034,-1.0,0.05220568335588638,1.0,-0.3333333333333333,1.0,NQ=F,equity_index
2025-04-30 00:00:00+00:00,19658.5,0.0008400366561449601,0.360772873379607,2025-04,0.011265721854986088,1.0,-0.0894310825989787,-1.0,0.1187877925588674,1.0,0.3333333333333333,1.0,NQ=F,equity_index
2025-05-30 00:00:00+00:00,21376.75,-0.0014830557955951562,0.322150777196386,2025-05,0.08740493933921711,1.0,0.021857596978895222,1.0,0.14984401054273566,1.0,1.0,1.0,NQ=F,equity_index
2025-06-30 00:00:00+00:00,22893.25,0.0062303584379050925,0.2814136413287182,2025-06,0.07094156034008914,1.0,0.17766660665140566,1.0,0.14884141063117085,1.0,1.0,1.0,NQ=F,equity_index
2025-07-31 00:00:00+00:00,23365.0,-0.004918975319946339,0.2362217756760321,2025-07,0.020606510652703358,1.0,0.18854439555408598,1.0,0.19788262134553514,1.0,1.0,1.0,NQ=F,equity_index
2025-08-29 00:00:00+00:00,23461.75,-0.012926500904539506,0.2132883549847512,2025-08,0.0041408089022041406,1.0,0.09753587425590893,1.0,0.1956250318503796,1.0,1.0,1.0,NQ=F,equity_index
2025-09-30 00:00:00+00:00,24901.75,0.0025767229318276463,0.18948989888864096,2025-09,0.06137649578569371,1.0,0.08773328382820256,1.0,0.22903325313097667,1.0,1.0,1.0,NQ=F,equity_index
2025-10-31 00:00:00+00:00,26004.0,0.0046845872250822485,0.1887275992320496,2025-10,0.044263957352394856,1.0,0.11294671517226629,1.0,0.2987875685192354,1.0,1.0,1.0,NQ=F,equity_index
2025-11-28 00:00:00+00:00,25482.0,0.0071041112944500995,0.1962028794786644,2025-11,-0.020073834794646972,-1.0,0.08610824000767203,1.0,0.2138042727510896,1.0,0.3333333333333333,1.0,NQ=F,equity_index
2025-12-31 00:00:00+00:00,25456.75,-0.008510141089181245,0.18158816621809123,2025-12,-0.000990895534102476,-1.0,0.02228759022960225,1.0,0.19929098061385542,1.0,0.3333333333333333,1.0,NQ=F,equity_index
2026-01-30 00:00:00+00:00,25670.0,-0.012663826841158854,0.1688843532720193,2026-01,0.00837695306745756,1.0,-0.012844177818797098,-1.0,0.1890176824113854,1.0,0.3333333333333333,1.0,NQ=F,equity_index
2026-02-27 00:00:00+00:00,25004.75,-0.003040149914277701,0.17363678834466717,2026-02,-0.02591546552395796,-1.0,-0.018728906679224555,-1.0,0.19528430411816733,1.0,-0.3333333333333333,1.0,NQ=F,equity_index
2026-03-31 00:00:00+00:00,23915.0,0.03350295487202759,0.17429596957907964,2026-03,-0.04358171947330003,-1.0,-0.06056350476789063,-1.0,0.23022711489493042,1.0,-0.3333333333333333,1.0,NQ=F,equity_index
2026-04-30 00:00:00+00:00,27596.0,0.009908418038261368,0.18488895451248555,2026-04,0.15392013380723402,1.0,0.07502921698480725,1.0,0.4037693618536511,1.0,1.0,1.0,NQ=F,equity_index
2026-05-29 00:00:00+00:00,30405.25,0.0032418253208830183,0.18230487180514052,2026-05,0.10179917379330328,1.0,0.21597896399684058,1.0,0.4223513864361983,1.0,1.0,1.0,NQ=F,equity_index
2026-06-30 00:00:00+00:00,30523.5,0.01566412391544869,0.2265441110408123,2026-06,0.0038891309888917647,1.0,0.2763328454944596,1.0,0.33329693250193837,1.0,1.0,1.0,NQ=F,equity_index
2026-07-31 00:00:00+00:00,28404.25,0.005896362139334865,0.23145099712985934,2026-07,-0.06943011122577691,-1.0,0.029288665023916582,1.0,0.21567515514658675,1.0,0.3333333333333333,1.0,NQ=F,equity_index
2020-01-31 00:00:00+00:00,28196.0,-0.020666180403598355,,2020-01,,,,,,,,1.0,YM=F,equity_index
2020-02-28 00:00:00+00:00,25364.0,-0.0073575453976205685,,2020-02,-0.10043977869201304,-1.0,,,,,,1.0,YM=F,equity_index
2020-03-31 00:00:00+00:00,21751.0,-0.018766635088194206,0.5496664396262684,2020-03,-0.14244598643747042,-1.0,,,,,,1.0,YM=F,equity_index
2020-04-30 00:00:00+00:00,24230.0,-0.01367744036473173,0.5127727409266717,2020-04,0.11397177141280856,1.0,-0.1406582493970776,-1.0,,,,1.0,YM=F,equity_index
2020-05-29 00:00:00+00:00,25378.0,-0.003103272184467931,0.458348792109075,2020-05,0.0473792818819645,1.0,0.0005519634127109097,1.0,,,,1.0,YM=F,equity_index
2020-06-30 00:00:00+00:00,25689.0,0.007530297682080134,0.4242948985280718,2020-06,0.012254708802900138,1.0,0.18104914716564746,1.0,,,,1.0,YM=F,equity_index
2020-07-31 00:00:00+00:00,26319.0,0.003852315203295431,0.3643103982819087,2020-07,0.02452411538012389,1.0,0.08621543541064791,1.0,,,,1.0,YM=F,equity_index
2020-08-31 00:00:00+00:00,28416.0,-0.006815560448778402,0.3115186082872111,2020-08,0.07967627949390166,1.0,0.11970998502640073,1.0,,,,1.0,YM=F,equity_index
2020-09-30 00:00:00+00:00,27664.0,0.009340338587273678,0.28513820302473813,2020-09,-0.026463963963964,-1.0,0.07688115535832463,1.0,,,,1.0,YM=F,equity_index
2020-10-30 00:00:00+00:00,26394.0,-0.006137741461761492,0.2598179064152528,2020-10,-0.04590803932909193,-1.0,0.0028496523424141884,1.0,,,,1.0,YM=F,equity_index
2020-11-30 00:00:00+00:00,29629.0,-0.008201111334270594,0.24572158495256305,2020-11,0.12256573463665976,1.0,0.04268721846846857,1.0,,,,1.0,YM=F,equity_index
2020-12-31 00:00:00+00:00,30497.0,0.006435218797439024,0.20996774036262006,2020-12,0.029295622531978704,1.0,0.10240746096009246,1.0,,,,1.0,YM=F,equity_index
2021-01-29 00:00:00+00:00,29879.0,-0.020585439407349138,0.19167933426689865,2021-01,-0.020264288290651522,-1.0,0.1320375842994621,1.0,0.059689317633706995,1.0,0.3333333333333333,1.0,YM=F,equity_index
2021-02-26 00:00:00+00:00,30912.0,-0.01463134742277905,0.1782179766035384,2021-02,0.03457277686669569,1.0,0.04330217017111604,1.0,0.21873521526573092,1.0,1.0,1.0,YM=F,equity_index
2021-03-31 00:00:00+00:00,32898.0,-0.0008200455580865684,0.16816830701680008,2021-03,0.06424689440993792,1.0,0.07872905531691643,1.0,0.512482184727139,1.0,1.0,1.0,YM=F,equity_index
2021-04-30 00:00:00+00:00,33767.0,-0.005419575270242394,0.149923913490457,2021-04,0.026414979634020286,1.0,0.13012483684192921,1.0,0.39360297152290546,1.0,1.0,1.0,YM=F,equity_index
2021-05-28 00:00:00+00:00,34513.0,0.0022069285942445394,0.1436749279497263,2021-05,0.022092575591553976,1.0,0.11649197722567295,1.0,0.35995744345496106,1.0,1.0,1.0,YM=F,equity_index
2021-06-30 00:00:00+00:00,34399.0,0.006701785191688625,0.1285573448329952,2021-06,-0.0033031031785124565,-1.0,0.045625873913307746,1.0,0.33905562692202884,1.0,0.3333333333333333,1.0,YM=F,equity_index
2021-07-30 00:00:00+00:00,34832.0,-0.0040601589752387035,0.12811100632702616,2021-07,0.012587575220209812,1.0,0.03153966890751336,1.0,0.32345453854629724,1.0,1.0,1.0,YM=F,equity_index
2021-08-31 00:00:00+00:00,35340.0,-0.00033944331296675845,0.11703660237402243,2021-08,0.01458429030776287,1.0,0.02396198533885774,1.0,0.24366554054054057,1.0,1.0,1.0,YM=F,equity_index
2021-09-30 00:00:00+00:00,33722.0,-0.01584707427404053,0.1241996236105696,2021-09,-0.04578381437464629,-1.0,-0.019680804674554464,-1.0,0.21898496240601495,1.0,-0.3333333333333333,1.0,YM=F,equity_index
2021-10-29 00:00:00+00:00,35704.0,0.0025552466795832895,0.1228960562548723,2021-10,0.05877468714785605,1.0,0.025034451079467113,1.0,0.35273168144275213,1.0,1.0,1.0,YM=F,equity_index
2021-11-30 00:00:00+00:00,34457.0,-0.017675399834649497,0.1198340423673692,2021-11,-0.03492605870490706,-1.0,-0.02498585172608947,-1.0,0.16294846265483143,1.0,-0.3333333333333333,1.0,YM=F,equity_index
2021-12-31 00:00:00+00:00,36226.0,-0.0017910776776611792,0.13791776654358476,2021-12,0.051339350494819636,1.0,0.0742541960737797,1.0,0.1878545430698102,1.0,1.0,1.0,YM=F,equity_index
2022-01-31 00:00:00+00:00,34997.0,0.011620176326058607,0.13399908419484355,2022-01,-0.0339259095677138,-1.0,-0.019801702890432482,-1.0,0.17129087318852698,1.0,-0.3333333333333333,1.0,YM=F,equity_index
2022-02-28 00:00:00+00:00,33840.0,-0.00453021121374364,0.15121077995033552,2022-02,-0.03305997656942028,-1.0,-0.017906376062919005,-1.0,0.09472049689440998,1.0,-0.3333333333333333,1.0,YM=F,equity_index
2022-03-31 00:00:00+00:00,34618.0,-0.014209642053706228,0.15880652193931646,2022-03,0.02299054373522469,1.0,-0.04438800861259873,-1.0,0.05228281354489628,1.0,0.3333333333333333,1.0,YM=F,equity_index
2022-04-29 00:00:00+00:00,32882.0,-0.02796499940877384,0.16837596736337035,2022-04,-0.05014732220232254,-1.0,-0.06043375146441121,-1.0,-0.026209020641454694,-1.0,-1.0,1.0,YM=F,equity_index
2022-05-31 00:00:00+00:00,32971.0,-0.005639664635985309,0.19963023227437698,2022-05,0.002706648014111135,1.0,-0.02567966903073282,-1.0,-0.044678816677773625,-1.0,-0.3333333333333333,1.0,YM=F,equity_index
2022-06-30 00:00:00+00:00,30781.0,-0.00703248491886832,0.21110303432211866,2022-06,-0.0664220072184647,-1.0,-0.1108382922179213,-1.0,-0.10517747608942118,-1.0,-1.0,1.0,YM=F,equity_index
2022-07-29 00:00:00+00:00,32825.0,0.010310864881502013,0.1969938090330677,2022-07,0.06640460024040795,1.0,-0.0017334712000486308,-1.0,-0.05761943040881945,-1.0,-0.3333333333333333,1.0,YM=F,equity_index
2022-08-31 00:00:00+00:00,31532.0,-0.007647521636506727,0.18916850455352102,2022-08,-0.03939070830159941,-1.0,-0.043644414788753805,-1.0,-0.10775325410299941,-1.0,-1.0,1.0,YM=F,equity_index
2022-09-30 00:00:00+00:00,28801.0,-0.016527232371521206,0.19872232279789512,2022-09,-0.08661042750221992,-1.0,-0.06432539553620742,-1.0,-0.14592847399323883,-1.0,-1.0,1.0,YM=F,equity_index
2022-10-31 00:00:00+00:00,32775.0,-0.003678258754863828,0.2154441020553785,2022-10,0.13798132009305242,1.0,-0.0015232292460015673,-1.0,-0.08203562626036298,-1.0,-0.3333333333333333,1.0,YM=F,equity_index
2022-11-30 00:00:00+00:00,34599.0,0.021915704285672133,0.2062286959701835,2022-11,0.05565217391304356,1.0,0.09726626918685777,1.0,0.004121078445598947,1.0,1.0,1.0,YM=F,equity_index
2022-12-30 00:00:00+00:00,33285.0,-0.002696629213483126,0.19557562744239634,2022-12,-0.037977976242087874,-1.0,0.15568903857504957,1.0,-0.08118478440898802,-1.0,-0.3333333333333333,1.0,YM=F,equity_index
2023-01-31 00:00:00+00:00,34156.0,0.01098120467663155,0.18105518148094457,2023-01,0.026167943518101255,1.0,0.042135774218154065,1.0,-0.024030631196959695,-1.0,0.3333333333333333,1.0,YM=F,equity_index
2023-02-28 00:00:00+00:00,32682.0,-0.0068978091099699546,0.16851323024939796,2023-02,-0.04315493617519617,-1.0,-0.05540622561345698,-1.0,-0.03421985815602835,-1.0,-1.0,1.0,YM=F,equity_index
2023-03-31 00:00:00+00:00,33460.0,0.012589274906185777,0.16170056071979583,2023-03,0.023805152683434416,1.0,0.00525762355415349,1.0,-0.033450805939106876,-1.0,0.3333333333333333,1.0,YM=F,equity_index
2023-04-28 00:00:00+00:00,34200.0,0.007987267529252273,0.14918657693915457,2023-04,0.022115959354453096,1.0,0.001288207050005763,1.0,0.04008272002919533,1.0,1.0,1.0,YM=F,equity_index
2023-05-31 00:00:00+00:00,32979.0,-0.003324367614615076,0.13964233819232216,2023-05,-0.0357017543859649,-1.0,0.009087571140077078,1.0,0.000242637469291207,1.0,0.3333333333333333,1.0,YM=F,equity_index
2023-06-30 00:00:00+00:00,34643.0,0.008441766366838355,0.1313459854387123,2023-06,0.05045635101124968,1.0,0.03535564853556483,1.0,0.12546700886910767,1.0,1.0,1.0,YM=F,equity_index
2023-07-31 00:00:00+00:00,35695.0,0.0028939087435377875,0.12070020681009556,2023-07,0.030366885085010065,1.0,0.043713450292397704,1.0,0.08743335872048741,1.0,1.0,1.0,YM=F,equity_index
2023-08-31 00:00:00+00:00,34791.0,-0.0047202197047717664,0.11406138941311683,2023-08,-0.025325675864967034,-1.0,0.054944055307923234,1.0,0.10335532157807936,1.0,0.3333333333333333,1.0,YM=F,equity_index
2023-09-29 00:00:00+00:00,33725.0,-0.0049274164994689285,0.10597174545148669,2023-09,-0.03064010807392714,-1.0,-0.026498859798516294,-1.0,0.1709662858928509,1.0,-0.3333333333333333,1.0,YM=F,equity_index
2023-10-31 00:00:00+00:00,33135.0,0.0035739164672743406,0.1107854615716846,2023-10,-0.017494440326167537,-1.0,-0.07171872811318114,-1.0,0.010983981693363898,1.0,-0.3333333333333333,1.0,YM=F,equity_index
2023-11-30 00:00:00+00:00,36010.0,0.01470919747520294,0.10685154147143346,2023-11,0.08676625924249293,1.0,0.03503779713144195,1.0,0.04078152547761493,1.0,1.0,1.0,YM=F,equity_index
2023-12-29 00:00:00+00:00,38012.0,-0.0004470272686634136,0.11230850565526805,2023-12,0.055595667870036,1.0,0.12711638250555968,1.0,0.14201592308847832,1.0,1.0,1.0,YM=F,equity_index
2024-01-31 00:00:00+00:00,38280.0,-0.008598363203149328,0.10249859072247024,2024-01,0.007050405135220483,1.0,0.155273879583522,1.0,0.12074013350509438,1.0,1.0,1.0,YM=F,equity_index
2024-02-29 00:00:00+00:00,39043.0,0.0012822814351294287,0.1007283248230027,2024-02,0.0199320794148381,1.0,0.08422660372118851,1.0,0.19463313138730798,1.0,1.0,1.0,YM=F,equity_index
2024-03-28 00:00:00+00:00,40176.0,0.0007971303308091926,0.10241308427835519,2024-03,0.02901928642778473,1.0,0.056929390718720496,1.0,0.2007172743574417,1.0,1.0,1.0,YM=F,equity_index
2024-04-30 00:00:00+00:00,37993.0,-0.014678803910889826,0.10332433382675493,2024-04,-0.05433592194344883,-1.0,-0.0074973876698014585,-1.0,0.11090643274853806,1.0,-0.3333333333333333,1.0,YM=F,equity_index
2024-05-31 00:00:00+00:00,38791.0,0.01464779890664647,0.10707517573093718,2024-05,0.02100386913378771,1.0,-0.006454422047486141,-1.0,0.17623336062342698,1.0,0.3333333333333333,1.0,YM=F,equity_index
2024-06-28 00:00:00+00:00,39469.0,-0.0020480404551200815,0.10353979388240928,2024-06,0.017478281044572164,1.0,-0.0175975706889685,-1.0,0.13930664203446574,1.0,0.3333333333333333,1.0,YM=F,equity_index
2024-07-31 00:00:00+00:00,41073.0,0.002783271075954108,0.11043807238401096,2024-07,0.040639489219387315,1.0,0.08106756507777746,1.0,0.1506653592940188,1.0,1.0,1.0,YM=F,equity_index
2024-08-30 00:00:00+00:00,41653.0,0.005164217283235573,0.12382235157273926,2024-08,0.014121198841087867,1.0,0.07378000051558353,1.0,0.1972349170762553,1.0,1.0,1.0,YM=F,equity_index
2024-09-30 00:00:00+00:00,42643.0,-0.0003047636909226936,0.12216464245997452,2024-09,0.02376779583703459,1.0,0.08041754288175529,1.0,0.26443291326908813,1.0,1.0,1.0,YM=F,equity_index
2024-10-31 00:00:00+00:00,41947.0,-0.009819889998347597,0.11437035970176641,2024-10,-0.016321553361630325,-1.0,0.021279185839846226,1.0,0.2659423570242945,1.0,0.3333333333333333,1.0,YM=F,equity_index
2024-11-29 00:00:00+00:00,45055.0,0.005063799411082259,0.12831380243910484,2024-11,0.07409349893913753,1.0,0.08167478933090044,1.0,0.25118022771452364,1.0,1.0,1.0,YM=F,equity_index
2024-12-31 00:00:00+00:00,42873.0,-0.0012579495422461173,0.13685850443210026,2024-12,-0.04842969703695488,-1.0,0.005393616771803167,1.0,0.1278806692623382,1.0,0.3333333333333333,1.0,YM=F,equity_index
2025-01-31 00:00:00+00:00,44698.0,-0.007923648873598976,0.13090197503936793,2025-01,0.0425675833275021,1.0,0.06558275919612844,1.0,0.1676593521421108,1.0,1.0,1.0,YM=F,equity_index
2025-02-28 00:00:00+00:00,43889.0,0.013673002748458396,0.12465023949272495,2025-02,-0.018099243814040933,-1.0,-0.02587948063477974,-1.0,0.12411956048459394,1.0,-0.3333333333333333,1.0,YM=F,equity_index
2025-03-31 00:00:00+00:00,42259.0,0.009748870994719327,0.1518771050211561,2025-03,-0.03713914648317351,-1.0,-0.014321367760595227,-1.0,0.05184687375547581,1.0,-0.3333333333333333,1.0,YM=F,equity_index
2025-04-30 00:00:00+00:00,40770.0,0.0027546854247626484,0.2529162531366329,2025-04,-0.035235097848978936,-1.0,-0.08787865228869296,-1.0,0.0730924117600611,1.0,-0.3333333333333333,1.0,YM=F,equity_index
2025-05-30 00:00:00+00:00,42294.0,0.0006387962240046452,0.2297615374656358,2025-05,0.037380426784400234,1.0,-0.03634168014764516,-1.0,0.09030445206362292,1.0,0.3333333333333333,1.0,YM=F,equity_index
2025-06-30 00:00:00+00:00,44389.0,0.0059830028328611284,0.20520181168353588,2025-06,0.049534212890717466,1.0,0.05040346435078913,1.0,0.12465479236869448,1.0,1.0,1.0,YM=F,equity_index
2025-07-31 00:00:00+00:00,44305.0,-0.007348822620034556,0.1770217314401249,2025-07,-0.0018923607199982095,-1.0,0.08670591120922255,1.0,0.07868916319723418,1.0,0.3333333333333333,1.0,YM=F,equity_index
2025-08-29 00:00:00+00:00,45601.0,-0.002297291384063316,0.16196689357691144,2025-08,0.02925177745175489,1.0,0.07819075991866464,1.0,0.0947830888531438,1.0,1.0,1.0,YM=F,equity_index
2025-09-30 00:00:00+00:00,46689.0,0.0016519351240023017,0.14358845492693664,2025-09,0.023859125896361855,1.0,0.051814638761855436,1.0,0.09488075416832764,1.0,1.0,1.0,YM=F,equity_index
2025-10-31 00:00:00+00:00,47722.0,0.0009438513329278475,0.13365846061728426,2025-10,0.02212512583263715,1.0,0.07712447804988143,1.0,0.13767373113691095,1.0,1.0,1.0,YM=F,equity_index
2025-11-28 00:00:00+00:00,47743.0,0.005327437355232778,0.1354653037482152,2025-11,0.0004400486148945504,1.0,0.04697265410846252,1.0,0.05966041504827424,1.0,1.0,1.0,YM=F,equity_index
2025-12-31 00:00:00+00:00,48336.0,-0.006454265159301142,0.12492979484000945,2025-12,0.012420668998596618,1.0,0.035275975069074095,1.0,0.12742285354418859,1.0,1.0,1.0,YM=F,equity_index
2026-01-30 00:00:00+00:00,49008.0,-0.003294691885295964,0.12450658362533937,2026-01,0.013902681231380276,1.0,0.026947738988307268,1.0,0.09642489596849968,1.0,1.0,1.0,YM=F,equity_index
2026-02-27 00:00:00+00:00,49000.0,-0.010720558841937344,0.12907558039783096,2026-02,-0.0001632386549135223,-1.0,0.026328467000398037,1.0,0.11645286973957036,1.0,0.3333333333333333,1.0,YM=F,equity_index
2026-03-31 00:00:00+00:00,46582.0,0.02456834927966578,0.13545581024157224,2026-03,-0.04934693877551022,-1.0,-0.036287653095001704,-1.0,0.10229773539364406,1.0,-0.3333333333333333,1.0,YM=F,equity_index
2026-04-30 00:00:00+00:00,49835.0,0.016791806088304995,0.14040505322620955,2026-04,0.06983384139796489,1.0,0.016874795951681287,1.0,0.22234486141770904,1.0,1.0,1.0,YM=F,equity_index
2026-05-29 00:00:00+00:00,51077.0,0.006582188676270695,0.13426847304850986,2026-05,0.02492224340323057,1.0,0.04238775510204085,1.0,0.20766538988981886,1.0,1.0,1.0,YM=F,equity_index
2026-06-30 00:00:00+00:00,52670.0,0.001864110172715483,0.13702201361821023,2026-06,0.031188206041858457,1.0,0.1306942595852476,1.0,0.18655522764648902,1.0,1.0,1.0,YM=F,equity_index
2026-07-31 00:00:00+00:00,52635.0,0.004868270332187841,0.1344282313557659,2026-07,-0.000664514904120006,-1.0,0.05618541185913517,1.0,0.18801489673851712,1.0,0.3333333333333333,1.0,YM=F,equity_index
2020-01-31 00:00:00+00:00,1614.699951171875,-0.020741144239075693,,2020-01,,,,,,,,1.0,RTY=F,equity_index
2020-02-28 00:00:00+00:00,1474.9000244140625,-0.007202444364375338,,2020-02,-0.08657950763939282,-1.0,,,,,,1.0,RTY=F,equity_index
2020-03-31 00:00:00+00:00,1147.5999755859375,-0.005890548063334,0.5713296731307953,2020-03,-0.2219133794903505,-1.0,,,,,,1.0,RTY=F,equity_index
2020-04-30 00:00:00+00:00,1306.699951171875,-0.038484215473233996,0.5654934372651713,2020-04,0.13863713747876716,1.0,-0.19074751304505078,-1.0,,,,1.0,RTY=F,equity_index
2020-05-29 00:00:00+00:00,1392.800048828125,-0.010233017938750089,0.5336326805313185,2020-05,0.0658912534427154,1.0,-0.055664773358827246,-1.0,,,,1.0,RTY=F,equity_index
2020-06-30 00:00:00+00:00,1437.5999755859375,0.01011806134633808,0.4969019476011148,2020-06,0.03216536845723561,1.0,0.2527012950239327,1.0,,,,1.0,RTY=F,equity_index
2020-07-31 00:00:00+00:00,1477.800048828125,-0.00858709712025929,0.43444634087284334,2020-07,0.027963323542630647,1.0,0.13094061685913738,1.0,,,,1.0,RTY=F,equity_index
2020-08-31 00:00:00+00:00,1561.300048828125,-0.009138733762757645,0.372120473500478,2020-08,0.056502907863762886,1.0,0.12097931798736838,1.0,,,,1.0,RTY=F,equity_index
2020-09-30 00:00:00+00:00,1504.4000244140625,-0.001725265816813204,0.3501171907513058,2020-09,-0.036444003480798126,-1.0,0.046466367530994646,1.0,,,,1.0,RTY=F,equity_index
2020-10-30 00:00:00+00:00,1536.800048828125,-0.013860353726610652,0.3161271456720556,2020-10,0.021536841191345912,1.0,0.03992421034685045,1.0,,,,1.0,RTY=F,equity_index
2020-11-30 00:00:00+00:00,1820.0999755859375,-0.01775500508044392,0.30521419450034987,2020-11,0.1843440381029664,1.0,0.16575925104982958,1.0,,,,1.0,RTY=F,equity_index
2020-12-31 00:00:00+00:00,1974.800048828125,-0.0008600815440804599,0.2732127993629234,2020-12,0.08499537130776869,1.0,0.31268280828250794,1.0,,,,1.0,RTY=F,equity_index
2021-01-29 00:00:00+00:00,2068.199951171875,-0.015049098448152609,0.26359226454802903,2021-01,0.04729587808101132,1.0,0.345783371590185,1.0,0.2808571336556185,1.0,1.0,1.0,RTY=F,equity_index
2021-02-26 00:00:00+00:00,2199.199951171875,-0.00036365855823861093,0.26481043470844384,2021-02,0.06334010399998968,1.0,0.20828524843196883,1.0,0.491084083509699,1.0,1.0,1.0,RTY=F,equity_index
2021-03-31 00:00:00+00:00,2222.5,0.013729291642492703,0.2832817430506858,2021-03,0.010594784169447369,1.0,0.12543039550706103,1.0,0.9366504420368638,1.0,1.0,1.0,RTY=F,equity_index
2021-04-30 00:00:00+00:00,2261.5,-0.013909437386454004,0.25654182398391645,2021-04,0.017547806524184528,1.0,0.09346294042730152,1.0,0.7306957101910359,1.0,1.0,1.0,RTY=F,equity_index
2021-05-28 00:00:00+00:00,2268.60009765625,-0.0010567601689783768,0.2474052250497624,2021-05,0.003139552357395603,1.0,0.03155699710132964,1.0,0.6288052973325253,1.0,1.0,1.0,RTY=F,equity_index
2021-06-30 00:00:00+00:00,2307.800048828125,0.0013885060471572341,0.21785508594650332,2021-06,0.017279357085620006,1.0,0.03838022444460076,1.0,0.6053144741377108,1.0,1.0,1.0,RTY=F,equity_index
2021-07-30 00:00:00+00:00,2221.60009765625,-0.007106101606145221,0.21901437287444395,2021-07,-0.03735156831097497,-1.0,-0.017643114014481487,-1.0,0.5033157560239276,1.0,-0.3333333333333333,1.0,RTY=F,equity_index
2021-08-31 00:00:00+00:00,2271.199951171875,0.002029406740245543,0.20972599037396242,2021-08,0.022326184432541307,1.0,0.0011460166638936897,1.0,0.45468512146437456,1.0,1.0,1.0,RTY=F,equity_index
2021-09-30 00:00:00+00:00,2200.800048828125,-0.00949631146451202,0.20429519628563736,2021-09,-0.030996787538422388,-1.0,-0.04636450200888653,-1.0,0.46290880956698865,1.0,-0.3333333333333333,1.0,RTY=F,equity_index
2021-10-29 00:00:00+00:00,2295.300048828125,8.712089380291665e-05,0.19247287636086483,2021-10,0.04293893034504381,1.0,0.03317426536379209,1.0,0.49355802700448126,1.0,1.0,1.0,RTY=F,equity_index
2021-11-30 00:00:00+00:00,2197.300048828125,-0.01915003271083393,0.19457123962475725,2021-11,-0.042695942977056256,-1.0,-0.0325378231474599,-1.0,0.20724140338541397,1.0,-0.3333333333333333,1.0,RTY=F,equity_index
2021-12-31 00:00:00+00:00,2242.800048828125,-0.0018246711886668043,0.21351350697574156,2021-12,0.02070723114226758,1.0,0.019083969042241744,1.0,0.1357099419554071,1.0,1.0,1.0,RTY=F,equity_index
2022-01-31 00:00:00+00:00,2024.4000244140625,0.029914555127422027,0.22873930712090096,2022-01,-0.09737828591905806,-1.0,-0.11802379586597911,-1.0,-0.02117780088573873,-1.0,-1.0,1.0,RTY=F,equity_index
2022-02-28 00:00:00+00:00,2044.5,0.0026974006866111733,0.24318795303604543,2022-02,0.009928855633043687,1.0,-0.06953991054140152,-1.0,-0.0703437407269134,-1.0,-0.3333333333333333,1.0,RTY=F,equity_index
2022-03-31 00:00:00+00:00,2066.39990234375,-0.010581804001077333,0.25046443692739606,2022-03,0.010711617678527796,1.0,-0.07865174899409555,-1.0,-0.07023626441226094,-1.0,-0.3333333333333333,1.0,RTY=F,equity_index
2022-04-29 00:00:00+00:00,1861.300048828125,-0.027991004701322986,0.24958864054736693,2022-04,-0.09925467634943108,-1.0,-0.08056706857289475,-1.0,-0.1769621716435441,-1.0,-1.0,1.0,RTY=F,equity_index
2022-05-31 00:00:00+00:00,1861.9000244140625,-0.012673678966608648,0.28728002810379627,2022-05,0.0003223422179112756,1.0,-0.0893127784719675,-1.0,-0.17927358535440419,-1.0,-0.3333333333333333,1.0,RTY=F,equity_index
2022-06-30 00:00:00+00:00,1708.0,-0.0077843756384421425,0.29929058966475697,2022-06,-0.08265751243141783,-1.0,-0.17344169535492426,-1.0,-0.2599012202693629,-1.0,-1.0,1.0,RTY=F,equity_index
2022-07-29 00:00:00+00:00,1885.300048828125,0.006674497903725429,0.2836004496199584,2022-07,0.10380564919679447,1.0,0.012894213383334074,1.0,-0.151377400992607,-1.0,0.3333333333333333,1.0,RTY=F,equity_index
2022-08-31 00:00:00+00:00,1844.5999755859375,-0.006302899819225716,0.2689466615721738,2022-08,-0.021588114458219065,-1.0,-0.009291609968998915,-1.0,-0.18783021519784027,-1.0,-1.0,1.0,RTY=F,equity_index
2022-09-30 00:00:00+00:00,1669.800048828125,-0.0073122447751822195,0.2731645540328257,2022-09,-0.09476305381728489,-1.0,-0.022365310990559162,-1.0,-0.24127589431977026,-1.0,-1.0,1.0,RTY=F,equity_index
2022-10-31 00:00:00+00:00,1853.0,0.0007561160253415355,0.2832294186318239,2022-10,0.10971370572209871,1.0,-0.017132577304181495,-1.0,-0.19269813942362046,-1.0,-0.3333333333333333,1.0,RTY=F,equity_index
2022-11-30 00:00:00+00:00,1887.5,0.027043176543371183,0.285154453821649,2022-11,0.018618456556934726,1.0,0.023257088247784052,1.0,-0.14099123558175364,-1.0,0.3333333333333333,1.0,RTY=F,equity_index
2022-12-30 00:00:00+00:00,1770.9000244140625,-0.0034888026881159107,0.27030770660515996,2022-12,-0.06177482150248348,-1.0,0.060546156802959716,1.0,-0.2104066408686912,-1.0,-0.3333333333333333,1.0,RTY=F,equity_index
2023-01-31 00:00:00+00:00,1939.4000244140625,0.024240836764754414,0.24835449024541892,2023-01,0.0951493577711997,1.0,0.04662710437887885,1.0,-0.04198774895026103,-1.0,0.3333333333333333,1.0,RTY=F,equity_index
2023-02-28 00:00:00+00:00,1899.0999755859375,0.00010529841977158227,0.2382236460241338,2023-02,-0.020779647479018948,-1.0,0.006145682429635757,1.0,-0.07111764461436165,-1.0,-0.3333333333333333,1.0,RTY=F,equity_index
2023-03-31 00:00:00+00:00,1813.5,0.018763004815540496,0.23630133675648313,2023-03,-0.045073970136578545,-1.0,0.024055550849084506,1.0,-0.12238671810664825,-1.0,-0.3333333333333333,1.0,RTY=F,equity_index
2023-04-28 00:00:00+00:00,1774.800048828125,0.008351839921646453,0.222018588473742,2023-04,-0.021339923447408315,-1.0,-0.08487159611935502,-1.0,-0.046472894069099935,-1.0,-1.0,1.0,RTY=F,equity_index
2023-05-31 00:00:00+00:00,1751.800048828125,-0.010952971363235697,0.20993114184050105,2023-05,-0.012959206314641758,-1.0,-0.07756301861483905,-1.0,-0.05913312967520146,-1.0,-1.0,1.0,RTY=F,equity_index
2023-06-30 00:00:00+00:00,1903.699951171875,0.0029503059153714872,0.21238580428246148,2023-06,0.08671075357336822,1.0,0.04973804861972697,1.0,0.1145784257446576,1.0,1.0,1.0,RTY=F,equity_index
2023-07-31 00:00:00+00:00,2013.5999755859375,0.011351067597155984,0.1985611014241498,2023-07,0.05772969860424193,1.0,0.1345503269032975,1.0,0.06805278917674773,1.0,1.0,1.0,RTY=F,equity_index
2023-08-31 00:00:00+00:00,1901.5999755859375,-0.002622469350689771,0.18024798674152206,2023-08,-0.05562177262512591,-1.0,0.08551200056080699,1.0,0.030901008757681536,1.0,0.3333333333333333,1.0,RTY=F,equity_index
2023-09-29 00:00:00+00:00,1798.5999755859375,-0.005803991013044629,0.1708857706379171,2023-09,-0.05416491445224314,-1.0,-0.055208267206836026,-1.0,0.0771349401074728,1.0,-0.3333333333333333,1.0,RTY=F,equity_index
2023-10-31 00:00:00+00:00,1668.4000244140625,0.00895019898804783,0.17766864797189472,2023-10,-0.07238961021861423,-1.0,-0.1714342249489873,-1.0,-0.0996222210393618,-1.0,-1.0,1.0,RTY=F,equity_index
2023-11-30 00:00:00+00:00,1812.199951171875,0.0035440813881377764,0.20487423412441472,2023-11,0.08619031686259704,1.0,-0.04701305509141884,-1.0,-0.03989406560430464,-1.0,-0.3333333333333333,1.0,RTY=F,equity_index
2023-12-29 00:00:00+00:00,2047.699951171875,-0.015197468818441862,0.21511904123216413,2023-12,0.12995254737078654,1.0,0.13849659677927395,1.0,0.15630466030932344,1.0,1.0,1.0,RTY=F,equity_index
2024-01-31 00:00:00+00:00,1955.9000244140625,-0.024926466619195176,0.20640367110954802,2024-01,-0.04483075106061141,-1.0,0.17232078386055472,1.0,0.008507785806069146,1.0,0.3333333333333333,1.0,RTY=F,equity_index
2024-02-29 00:00:00+00:00,2057.300048828125,0.006802400043059764,0.2239120714657988,2024-02,0.051843153100036066,1.0,0.1352500299416486,1.0,0.08330265666681247,1.0,1.0,1.0,RTY=F,equity_index
2024-03-28 00:00:00+00:00,2145.89990234375,0.003507295334132632,0.21096710969955215,2024-03,0.043066082444363385,1.0,0.04795622088855178,1.0,0.1832919229907637,1.0,1.0,1.0,RTY=F,equity_index
2024-04-30 00:00:00+00:00,1985.5999755859375,-0.02047259656643441,0.2010414601434652,2024-04,-0.07470056109454737,-1.0,0.01518480024600044,1.0,0.11877390182460301,1.0,0.3333333333333333,1.0,RTY=F,equity_index
2024-05-31 00:00:00+00:00,2075.800048828125,0.007181003798216956,0.1897698317936035,2024-05,0.045427112384794466,1.0,0.00899236842508122,1.0,0.18495261500691318,1.0,1.0,1.0,RTY=F,equity_index
2024-06-28 00:00:00+00:00,2065.0,0.002378477797911227,0.1813167891025009,2024-06,-0.005202836773330888,-1.0,-0.03769975582523266,-1.0,0.08472976465058601,1.0,-0.3333333333333333,1.0,RTY=F,equity_index
2024-07-31 00:00:00+00:00,2273.0,0.006152849250978587,0.2031169594967765,2024-07,0.10072639225181601,1.0,0.1447421575079606,1.0,0.12882401050813463,1.0,1.0,1.0,RTY=F,equity_index
2024-08-30 00:00:00+00:00,2223.10009765625,0.00570011203630405,0.2281669483643621,2024-08,-0.021953322632534134,-1.0,0.0709606153595006,1.0,0.16906821949829332,1.0,0.3333333333333333,1.0,RTY=F,equity_index
2024-09-30 00:00:00+00:00,2249.199951171875,0.002183265266294754,0.21767969767082623,2024-09,0.01174029614912131,1.0,0.08920094487742136,1.0,0.2505281784178517,1.0,1.0,1.0,RTY=F,equity_index
2024-10-31 00:00:00+00:00,2208.60009765625,-0.017220642696134658,0.1977987291035263,2024-10,-0.018050797793442874,-1.0,-0.028332557124395086,-1.0,0.32378330456564464,1.0,-0.3333333333333333,1.0,RTY=F,equity_index
2024-11-29 00:00:00+00:00,2444.60009765625,0.004231215799828547,0.220763006819448,2024-11,0.10685501655570939,1.0,0.0996356395438609,1.0,0.3489681953006498,1.0,1.0,1.0,RTY=F,equity_index
2024-12-31 00:00:00+00:00,2249.800048828125,0.000934331851168535,0.22392829152801116,2024-12,-0.0796858549645354,-1.0,0.000266804939212939,1.0,0.0986961481053854,1.0,0.3333333333333333,1.0,RTY=F,equity_index
2025-01-31 00:00:00+00:00,2295.39990234375,-0.009023073886713862,0.2052025979728912,2025-01,0.020268402758448323,1.0,0.03930082443608107,1.0,0.17357731667874643,1.0,1.0,1.0,RTY=F,equity_index
2025-02-28 00:00:00+00:00,2165.300048828125,0.009699253358883109,0.19760570111109757,2025-02,-0.056678513135242636,-1.0,-0.11425183574847386,-1.0,0.05249598864371707,1.0,-0.3333333333333333,1.0,RTY=F,equity_index
2025-03-31 00:00:00+00:00,2027.0999755859375,-0.0049089392370758045,0.2180000466950828,2025-03,-0.0638249065375408,-1.0,-0.09898660699122463,-1.0,-0.05536135521888008,-1.0,-1.0,1.0,RTY=F,equity_index
2025-04-30 00:00:00+00:00,1969.800048828125,-0.006957010953650644,0.3083240577943521,2025-04,-0.02826694659756479,-1.0,-0.14184885744012043,-1.0,-0.007957255717204625,-1.0,-1.0,1.0,RTY=F,equity_index
2025-05-30 00:00:00+00:00,2068.300048828125,-0.004667926454222759,0.286033441343189,2025-05,0.0500050754179846,1.0,-0.0447974866358577,-1.0,-0.0036130647574817987,-1.0,-0.3333333333333333,1.0,RTY=F,equity_index
2025-06-30 00:00:00+00:00,2191.699951171875,0.0013248822546867434,0.25667748014584557,2025-06,0.0596624761545923,1.0,0.08119973241002065,1.0,0.061355908557808814,1.0,1.0,1.0,RTY=F,equity_index
2025-07-31 00:00:00+00:00,2220.199951171875,-0.009502587030169485,0.2292733341714879,2025-07,0.013003604797618973,1.0,0.12711945179040796,1.0,-0.023229233976297836,-1.0,0.3333333333333333,1.0,RTY=F,equity_index
2025-08-29 00:00:00+00:00,2369.800048828125,-0.005205231549790801,0.22907119388452596,2025-08,0.06738136246570381,1.0,0.1457718865165749,1.0,0.0659889095081847,1.0,1.0,1.0,RTY=F,equity_index
2025-09-30 00:00:00+00:00,2455.5,0.0019177211841996389,0.20703164217883765,2025-09,0.03616336796610908,1.0,0.1203632133527559,1.0,0.09172152467842576,1.0,1.0,1.0,RTY=F,equity_index
2025-10-31 00:00:00+00:00,2489.89990234375,0.005776298320976148,0.20719908641510396,2025-10,0.014009326957340695,1.0,0.12147552342279844,1.0,0.12736565799576538,1.0,1.0,1.0,RTY=F,equity_index
2025-11-28 00:00:00+00:00,2505.10009765625,0.004934230017328289,0.21703403750722408,2025-11,0.006104741519204149,1.0,0.05709344503348768,1.0,0.024748424111577183,1.0,1.0,1.0,RTY=F,equity_index
2025-12-31 00:00:00+00:00,2498.0,-0.007824582576929195,0.2013498200050906,2025-12,-0.0028342570673693945,-1.0,0.017308083893300852,1.0,0.11032089331723371,1.0,0.3333333333333333,1.0,RTY=F,equity_index
2026-01-30 00:00:00+00:00,2624.60009765625,-0.014826770223367425,0.18913507072847302,2026-01,0.050680583529323364,1.0,0.05409863873873255,1.0,0.1434173605115019,1.0,1.0,1.0,RTY=F,equity_index
2026-02-27 00:00:00+00:00,2634.699951171875,-0.017123086179287705,0.19112422304065174,2026-02,0.003848149485570884,1.0,0.05173440120691275,1.0,0.21678284383625845,1.0,1.0,1.0,RTY=F,equity_index
2026-03-31 00:00:00+00:00,2512.199951171875,0.034593526764326255,0.1952436671884195,2026-03,-0.0464948579611556,-1.0,0.005684528091222996,1.0,0.23930737577248418,1.0,0.3333333333333333,1.0,RTY=F,equity_index
2026-04-30 00:00:00+00:00,2807.800048828125,0.0218356499504353,0.19572849716604596,2026-04,0.1176658321000128,1.0,0.06980109134929591,1.0,0.4254238903580816,1.0,1.0,1.0,RTY=F,equity_index
2026-05-29 00:00:00+00:00,2924.300048828125,-0.0059487387686226745,0.19845849867648613,2026-05,0.0414915585063198,1.0,0.10991767678419717,1.0,0.41386645060758953,1.0,1.0,1.0,RTY=F,equity_index
2026-06-30 00:00:00+00:00,3045.60009765625,0.004949514788044951,0.20313067667623022,2026-06,0.041480028315403095,1.0,0.2123239220013351,1.0,0.3896063172460287,1.0,1.0,1.0,RTY=F,equity_index
2026-07-31 00:00:00+00:00,2938.0,-0.005517397880621777,0.18411343386088017,2026-07,-0.03532968682889592,-1.0,0.046370805936204684,1.0,0.3233042359312064,1.0,0.3333333333333333,1.0,RTY=F,equity_index
2020-01-31 00:00:00+00:00,22730.0,-0.02068074105988793,,2020-01,,,,,,,,1.0,NKD=F,equity_index
2020-02-28 00:00:00+00:00,21030.0,-0.009420631182289196,,2020-02,-0.07479102507699076,-1.0,,,,,,1.0,NKD=F,equity_index
2020-03-31 00:00:00+00:00,18865.0,-0.024308249288854444,0.4905296224368772,2020-03,-0.10294816928197814,-1.0,,,,,,1.0,NKD=F,equity_index
2020-04-30 00:00:00+00:00,20035.0,-0.020532877047176767,0.45948735075196556,2020-04,0.06201961304002124,1.0,-0.11856577210734709,-1.0,,,,1.0,NKD=F,equity_index
2020-05-29 00:00:00+00:00,21955.0,0.0015967153284670577,0.4157628654270157,2020-05,0.09583229348639888,1.0,0.04398478364241565,1.0,,,,1.0,NKD=F,equity_index
2020-06-30 00:00:00+00:00,22340.0,-0.002010274737547446,0.372337192608104,2020-06,0.017535868822591727,1.0,0.18420355155049029,1.0,,,,1.0,NKD=F,equity_index
2020-07-31 00:00:00+00:00,21940.0,-0.013932584269662929,0.31797601216497234,2020-07,-0.017905102954342,-1.0,0.0950836036935363,1.0,,,,1.0,NKD=F,equity_index
2020-08-31 00:00:00+00:00,23105.0,0.006973196774896495,0.27756098227720133,2020-08,0.05309936189608022,1.0,0.0523798679116374,1.0,,,,1.0,NKD=F,equity_index
2020-09-30 00:00:00+00:00,23305.0,-0.00829787234042556,0.24150551796307712,2020-09,0.008656135035706614,1.0,0.04319606087735006,1.0,,,,1.0,NKD=F,equity_index
2020-10-30 00:00:00+00:00,23165.0,-0.006433626420759175,0.20829526222936465,2020-10,-0.006007294571980237,-1.0,0.05583409298085695,1.0,,,,1.0,NKD=F,equity_index
2020-11-30 00:00:00+00:00,26315.0,-0.017547134590255697,0.22040224066002495,2020-11,0.1359810058277573,1.0,0.1389309673230903,1.0,,,,1.0,NKD=F,equity_index
2020-12-31 00:00:00+00:00,27535.0,0.003644979041370622,0.2005487749156112,2020-12,0.0463613908417253,1.0,0.18150611456768928,1.0,,,,1.0,NKD=F,equity_index
2021-01-29 00:00:00+00:00,27785.0,-0.02199929602252726,0.19480798157297674,2021-01,0.009079353550027314,1.0,0.1994388085473775,1.0,0.22239331280246377,1.0,1.0,1.0,NKD=F,equity_index
2021-02-26 00:00:00+00:00,29285.0,-0.01130992572586087,0.19149502454890455,2021-02,0.053985963649451074,1.0,0.11286338590157707,1.0,0.3925344745601522,1.0,1.0,1.0,NKD=F,equity_index
2021-03-31 00:00:00+00:00,29370.0,-0.0011902737629654325,0.18685788080244428,2021-03,0.0029025098173125485,1.0,0.06664245505720001,1.0,0.5568513119533527,1.0,1.0,1.0,NKD=F,equity_index
2021-04-30 00:00:00+00:00,28865.0,-0.007734616706772113,0.17828832305283732,2021-04,-0.017194416070820617,-1.0,0.03886989382760486,1.0,0.44072872473171953,1.0,0.3333333333333333,1.0,NKD=F,equity_index
2021-05-28 00:00:00+00:00,29020.0,0.0058925476603119975,0.18542289932446088,2021-05,0.005369825047635501,1.0,-0.009049001195151063,-1.0,0.32179457982236404,1.0,0.3333333333333333,1.0,NKD=F,equity_index
2021-06-30 00:00:00+00:00,28785.0,-0.002944232767578825,0.16556110130123433,2021-06,-0.008097863542384509,-1.0,-0.019918283963227812,-1.0,0.28849597135183536,1.0,-0.3333333333333333,1.0,NKD=F,equity_index
2021-07-30 00:00:00+00:00,27470.0,-0.01098109810981096,0.17110970910032497,2021-07,-0.04568351571999307,-1.0,-0.04832842542871996,-1.0,0.2520510483135825,1.0,-0.3333333333333333,1.0,NKD=F,equity_index
2021-08-31 00:00:00+00:00,28070.0,0.013540350243726351,0.15377997821236247,2021-08,0.021842009464870804,1.0,-0.032736044107512074,-1.0,0.21488855226141523,1.0,0.3333333333333333,1.0,NKD=F,equity_index
2021-09-30 00:00:00+00:00,29350.0,-0.013445378151260456,0.1671149615779053,2021-09,0.04560028500178137,1.0,0.019628278617335404,1.0,0.2593863977687192,1.0,1.0,1.0,NKD=F,equity_index
2021-10-29 00:00:00+00:00,29005.0,0.0027657735522903515,0.18372384020844948,2021-10,-0.011754684838160112,-1.0,0.05587914088096113,1.0,0.2521044679473343,1.0,0.3333333333333333,1.0,NKD=F,equity_index
2021-11-30 00:00:00+00:00,27675.0,-0.02312036710201204,0.18892833952855445,2021-11,-0.045854163075331855,-1.0,-0.014071962949768424,-1.0,0.05168155044651335,1.0,-0.3333333333333333,1.0,NKD=F,equity_index
2021-12-31 00:00:00+00:00,28880.0,-0.0003461405330563716,0.1838241273555872,2021-12,0.043541102077687466,1.0,-0.01601362862010225,-1.0,0.04884692209914654,1.0,0.3333333333333333,1.0,NKD=F,equity_index
2022-01-31 00:00:00+00:00,27330.0,0.023787226072298218,0.17290881474760697,2022-01,-0.053670360110803284,-1.0,-0.05774866402344425,-1.0,-0.01637574230700023,-1.0,-1.0,1.0,NKD=F,equity_index
2022-02-28 00:00:00+00:00,26650.0,-0.012597258243793985,0.18751661161890557,2022-02,-0.02488108305890957,-1.0,-0.03703703703703709,-1.0,-0.08997780433669111,-1.0,-1.0,1.0,NKD=F,equity_index
2022-03-31 00:00:00+00:00,27585.0,-0.007912245998921041,0.20983796540850833,2022-03,0.03508442776735454,1.0,-0.04484072022160668,-1.0,-0.060776302349336064,-1.0,-0.3333333333333333,1.0,NKD=F,equity_index
2022-04-29 00:00:00+00:00,26765.0,-0.02013545670876804,0.2180549109598198,2022-04,-0.029726300525647953,-1.0,-0.020673252835711642,-1.0,-0.0727524683873203,-1.0,-1.0,1.0,NKD=F,equity_index
2022-05-31 00:00:00+00:00,27185.0,0.0014735678762203275,0.22575423434073852,2022-05,0.015692135251260897,1.0,0.020075046904315164,1.0,-0.0632322536181944,-1.0,0.3333333333333333,1.0,NKD=F,equity_index
2022-06-30 00:00:00+00:00,26440.0,-0.01195814648729443,0.23008414950732942,2022-06,-0.027404818833915767,-1.0,-0.04150806597788659,-1.0,-0.08146604134097624,-1.0,-1.0,1.0,NKD=F,equity_index
2022-07-29 00:00:00+00:00,28000.0,0.004484304932735439,0.2120264190493517,2022-07,0.059001512859303995,1.0,0.046142350084064976,1.0,0.019293775027302562,1.0,1.0,1.0,NKD=F,equity_index
2022-08-31 00:00:00+00:00,27855.0,-0.0025067144136078356,0.1906579982495494,2022-08,-0.005178571428571477,-1.0,0.024645944454662505,1.0,-0.007659422871392985,-1.0,-0.3333333333333333,1.0,NKD=F,equity_index
2022-09-30 00:00:00+00:00,25945.0,-0.009354715540282554,0.18034853744862137,2022-09,-0.06856937713157418,-1.0,-0.018721633888048372,-1.0,-0.11601362862010223,-1.0,-1.0,1.0,NKD=F,equity_index
2022-10-31 00:00:00+00:00,27555.0,0.0016357688113413094,0.1800025773038947,2022-10,0.06205434573135471,1.0,-0.015892857142857153,-1.0,-0.04999138079641441,-1.0,-0.3333333333333333,1.0,NKD=F,equity_index
2022-11-30 00:00:00+00:00,28375.0,0.013754912468738834,0.16239739844312864,2022-11,0.02975866448920339,1.0,0.018668102674564757,1.0,0.02529358626919609,1.0,1.0,1.0,NKD=F,equity_index
2022-12-30 00:00:00+00:00,25770.0,-0.020152091254752813,0.16228722287680628,2022-12,-0.0918061674008811,-1.0,-0.006745037579495072,-1.0,-0.10768698060941828,-1.0,-1.0,1.0,NKD=F,equity_index
2023-01-31 00:00:00+00:00,27525.0,0.002914920750592076,0.16528746369680722,2023-01,0.06810244470314308,1.0,-0.0010887316276537717,-1.0,0.007135016465422694,1.0,0.3333333333333333,1.0,NKD=F,equity_index
2023-02-28 00:00:00+00:00,27425.0,-0.003994915562012036,0.14752406748341956,2023-02,-0.0036330608537693543,-1.0,-0.033480176211453716,-1.0,0.02908067542213888,1.0,-0.3333333333333333,1.0,NKD=F,equity_index
2023-03-31 00:00:00+00:00,28270.0,0.009642857142857064,0.16346082857830319,2023-03,0.030811303555150493,1.0,0.09701202949165699,1.0,0.024832336414718048,1.0,1.0,1.0,NKD=F,equity_index
2023-04-28 00:00:00+00:00,29085.0,0.012004175365344372,0.15284524424263254,2023-04,0.028829147506190367,1.0,0.05667574931880104,1.0,0.08668036614982255,1.0,1.0,1.0,NKD=F,equity_index
2023-05-31 00:00:00+00:00,30790.0,-0.011715615471031948,0.1650144990470397,2023-05,0.05862128244799725,1.0,0.12269826800364636,1.0,0.13260989516277366,1.0,1.0,1.0,NKD=F,equity_index
2023-06-30 00:00:00+00:00,33500.0,0.007821901323706415,0.18096444727304273,2023-06,0.08801558947710286,1.0,0.18500176865935614,1.0,0.26701966717095305,1.0,1.0,1.0,NKD=F,equity_index
2023-07-31 00:00:00+00:00,33295.0,0.004980380319951738,0.17805701440350066,2023-07,-0.006119402985074629,-1.0,0.14474815196836865,1.0,0.18910714285714292,1.0,0.3333333333333333,1.0,NKD=F,equity_index
2023-08-31 00:00:00+00:00,32500.0,0.0032412409322426505,0.16844980890245778,2023-08,-0.02387745907793959,-1.0,0.055537512179278936,1.0,0.16675641716029443,1.0,0.3333333333333333,1.0,NKD=F,equity_index
2023-09-29 00:00:00+00:00,31850.0,-0.005464480874316946,0.16346801842021866,2023-09,-0.020000000000000018,-1.0,-0.04925373134328359,-1.0,0.2275968394681056,1.0,-0.3333333333333333,1.0,NKD=F,equity_index
2023-10-31 00:00:00+00:00,31375.0,0.02448979591836742,0.16257558167308245,2023-10,-0.01491365777080067,-1.0,-0.05766631626370322,-1.0,0.13863182725458167,1.0,-0.3333333333333333,1.0,NKD=F,equity_index
2023-11-30 00:00:00+00:00,33545.0,0.007962740384615419,0.15867877816297354,2023-11,0.06916334661354573,1.0,0.0321538461538462,1.0,0.18220264317180623,1.0,1.0,1.0,NKD=F,equity_index
2023-12-29 00:00:00+00:00,33310.0,-0.005077658303464738,0.1539393184783483,2023-12,-0.0070055149798777805,-1.0,0.04583987441130288,1.0,0.2925882809468374,1.0,0.3333333333333333,1.0,NKD=F,equity_index
2024-01-31 00:00:00+00:00,35905.0,-0.0015294771968854537,0.1551270741963418,2024-01,0.07790453317322132,1.0,0.144382470119522,1.0,0.30445049954586745,1.0,1.0,1.0,NKD=F,equity_index
2024-02-29 00:00:00+00:00,39305.0,0.006530089628681068,0.15653398860731738,2024-02,0.09469433226570123,1.0,0.17170964376211062,1.0,0.43318140382862347,1.0,1.0,1.0,NKD=F,equity_index
2024-03-28 00:00:00+00:00,40400.0,-0.0027153789187854827,0.17035328289612242,2024-03,0.02785905101132169,1.0,0.21284899429600723,1.0,0.4290767598160594,1.0,1.0,1.0,NKD=F,equity_index
2024-04-30 00:00:00+00:00,38190.0,-0.004172099087353276,0.17532340059940316,2024-04,-0.05470297029702975,-1.0,0.06364016153739027,1.0,0.3130479628674574,1.0,0.3333333333333333,1.0,NKD=F,equity_index
2024-05-31 00:00:00+00:00,38640.0,0.010592389172224381,0.16200751939430133,2024-05,0.01178318931657496,1.0,-0.016918967052537814,-1.0,0.25495290678791815,1.0,0.3333333333333333,1.0,NKD=F,equity_index
2024-06-28 00:00:00+00:00,39835.0,0.005426552246340144,0.1536035371547567,2024-06,0.030926501035196674,1.0,-0.013985148514851442,-1.0,0.18910447761194038,1.0,0.3333333333333333,1.0,NKD=F,equity_index
2024-07-31 00:00:00+00:00,38700.0,0.014018079392113192,0.18203170401933522,2024-07,-0.028492531693234624,-1.0,0.01335428122545168,1.0,0.16233668719026872,1.0,0.3333333333333333,1.0,NKD=F,equity_index
2024-08-30 00:00:00+00:00,39015.0,0.018535439237697515,0.24414705906836084,2024-08,0.008139534883720989,1.0,0.009704968944099335,1.0,0.20046153846153847,1.0,1.0,1.0,NKD=F,equity_index
2024-09-30 00:00:00+00:00,38265.0,0.017280340289778096,0.2820199677441134,2024-09,-0.01922337562475973,-1.0,-0.039412576879628514,-1.0,0.20141287284144438,1.0,-0.3333333333333333,1.0,NKD=F,equity_index
2024-10-31 00:00:00+00:00,38430.0,-0.02424781007997967,0.2595466632407709,2024-10,0.004312034496275929,1.0,-0.006976744186046546,-1.0,0.22486055776892422,1.0,0.3333333333333333,1.0,NKD=F,equity_index
2024-11-29 00:00:00+00:00,38325.0,0.013218770654329193,0.24423503008067377,2024-11,-0.002732240437158473,-1.0,-0.01768550557477888,-1.0,0.1424951557609182,1.0,-0.3333333333333333,1.0,NKD=F,equity_index
2024-12-31 00:00:00+00:00,39485.0,-0.0011383759170250363,0.22617558796089268,2024-12,0.030267449445531724,1.0,0.03188292173004048,1.0,0.18537976583608518,1.0,1.0,1.0,NKD=F,equity_index
2025-01-31 00:00:00+00:00,39395.0,-0.005929851122886687,0.21496085046888286,2025-01,-0.002279346587311659,-1.0,0.025110590684361167,1.0,0.0972009469433226,1.0,0.3333333333333333,1.0,NKD=F,equity_index
2025-02-28 00:00:00+00:00,37605.0,0.00013297872340434225,0.1961969819745955,2025-02,-0.04543723822820156,-1.0,-0.018786692759295454,-1.0,-0.04325149472077339,-1.0,-1.0,1.0,NKD=F,equity_index
2025-03-31 00:00:00+00:00,36130.0,-0.009186891539832764,0.19770556535838846,2025-03,-0.03922350751229886,-1.0,-0.08496897556033933,-1.0,-0.10569306930693068,-1.0,-1.0,1.0,NKD=F,equity_index
2025-04-30 00:00:00+00:00,36235.0,0.0022126953395105176,0.28625019734845875,2025-04,0.002906172156103004,1.0,-0.08021322502855688,-1.0,-0.05119141136423144,-1.0,-0.3333333333333333,1.0,NKD=F,equity_index
2025-05-30 00:00:00+00:00,37725.0,-0.005666842382709536,0.27362773859158723,2025-05,0.041120463640127,1.0,0.0031910650179496347,1.0,-0.02368012422360244,-1.0,0.3333333333333333,1.0,NKD=F,equity_index
2025-06-30 00:00:00+00:00,40395.0,-0.005661538461538496,0.2455560560832127,2025-06,0.07077534791252482,1.0,0.11804594519789657,1.0,0.014057989205472632,1.0,1.0,1.0,NKD=F,equity_index
2025-07-31 00:00:00+00:00,40795.0,0.0028269419862341216,0.23575087666504305,2025-07,0.009902215620745114,1.0,0.12584517731475087,1.0,0.05413436692506468,1.0,1.0,1.0,NKD=F,equity_index
2025-08-29 00:00:00+00:00,42100.0,-0.019448002794922536,0.22107777274516727,2025-08,0.031989214364505525,1.0,0.11597084161696491,1.0,0.07907215173651161,1.0,1.0,1.0,NKD=F,equity_index
2025-09-30 00:00:00+00:00,44940.0,-0.007070260715863919,0.20981343357177398,2025-09,0.06745843230403792,1.0,0.11251392499071677,1.0,0.17444139553116433,1.0,1.0,1.0,NKD=F,equity_index
2025-10-31 00:00:00+00:00,52360.0,0.018577959342476413,0.24701638070050055,2025-10,0.16510903426791268,1.0,0.283490623850962,1.0,0.36247723132969045,1.0,1.0,1.0,NKD=F,equity_index
2025-11-28 00:00:00+00:00,50245.0,0.0021940759948140265,0.24142903567292487,2025-11,-0.0403934300993124,-1.0,0.19346793349168645,1.0,0.31102413568166987,1.0,0.3333333333333333,1.0,NKD=F,equity_index
2025-12-31 00:00:00+00:00,50575.0,-0.002465483234713961,0.2155400457860605,2025-12,0.006567817693302835,1.0,0.12538940809968846,1.0,0.2808661517031785,1.0,1.0,1.0,NKD=F,equity_index
2026-01-30 00:00:00+00:00,53560.0,0.002902349967231599,0.22365675735645812,2026-01,0.05902125556104787,1.0,0.02291825821237592,1.0,0.3595633963700977,1.0,1.0,1.0,NKD=F,equity_index
2026-02-27 00:00:00+00:00,58715.0,-0.00034051247126920536,0.23707785412292895,2026-02,0.09624719940253912,1.0,0.16857398746143892,1.0,0.5613615210743252,1.0,1.0,1.0,NKD=F,equity_index
2026-03-31 00:00:00+00:00,53085.0,0.03854054582803479,0.26677740677509815,2026-03,-0.09588691135144345,-1.0,0.04962926347009389,1.0,0.46927760863548307,1.0,0.3333333333333333,1.0,NKD=F,equity_index
2026-04-30 00:00:00+00:00,59850.0,0.015697921086126332,0.2789415816551571,2026-04,0.12743712913252336,1.0,0.11743838685586261,1.0,0.6517179522561061,1.0,1.0,1.0,NKD=F,equity_index
2026-05-29 00:00:00+00:00,66230.0,0.007300380228136838,0.2714462109567948,2026-05,0.10659983291562236,1.0,0.1279911436600527,1.0,0.7555997349237906,1.0,1.0,1.0,NKD=F,equity_index
2026-06-30 00:00:00+00:00,71340.0,0.005567693283529573,0.320262241068669,2026-06,0.07715536765816089,1.0,0.34388245267024575,1.0,0.7660601559598961,1.0,1.0,1.0,NKD=F,equity_index
2026-07-31 00:00:00+00:00,63330.0,-0.0068219242531168955,0.32205912375534274,2026-07,-0.11227922624053832,-1.0,0.05814536340852139,1.0,0.5523961269763451,1.0,0.3333333333333333,1.0,NKD=F,equity_index
2020-01-31 00:00:00+00:00,108.1796875,0.0010844418739155426,,2020-01,,,,,,,,1.0,ZT=F,bond
2020-02-28 00:00:00+00:00,108.9296875,0.003490589801720123,,2020-02,0.006932909655521069,1.0,,,,,,1.0,ZT=F,bond
2020-03-31 00:00:00+00:00,110.171875,0.0002127810483012471,0.01664223554973858,2020-03,0.011403571684716285,1.0,,,,,,1.0,ZT=F,bond
2020-04-30 00:00:00+00:00,110.21484375,0.00010633772862611579,0.014271478555100432,2020-04,0.0003900156006240163,1.0,0.01881273922149207,1.0,,,,1.0,ZT=F,bond
2020-05-29 00:00:00+00:00,110.28125,0.0003543334986890745,0.012403170165541058,2020-05,0.0006025163919900489,1.0,0.0124076597575844,1.0,,,,1.0,ZT=F,bond
2020-06-30 00:00:00+00:00,110.27734375,-0.00014166814237648317,0.010564967493603009,2020-06,-3.542079909324425e-05,-1.0,0.0009573110197134138,1.0,,,,1.0,ZT=F,bond
2020-07-31 00:00:00+00:00,110.4921875,0.00024753350542816577,0.009013038277622041,2020-07,0.0019482129573873408,1.0,0.002516391990076139,1.0,,,,1.0,ZT=F,bond
2020-08-31 00:00:00+00:00,110.42578125,3.537568982592276e-05,0.007759979577616246,2020-08,-0.0006010040302623088,-1.0,0.001310569566449482,1.0,,,,1.0,ZT=F,bond
2020-09-30 00:00:00+00:00,110.453125,7.073636556542695e-05,0.006621858880371198,2020-09,0.0002476210690154357,1.0,0.00159399241968039,1.0,,,,1.0,ZT=F,bond
2020-10-30 00:00:00+00:00,110.421875,0.0,0.005621152896425967,2020-10,-0.00028292544914410023,-1.0,-0.000636357208513072,-1.0,,,,1.0,ZT=F,bond
2020-11-30 00:00:00+00:00,110.421875,7.075638576381493e-05,0.004981311634715529,2020-11,0.0,0.0,-3.537443843082411e-05,-1.0,,,,1.0,ZT=F,bond
2020-12-31 00:00:00+00:00,110.48828125,0.00010607453503985731,0.004371813348998014,2020-12,0.000601386727041131,1.0,0.00031829113028725153,1.0,,,,1.0,ZT=F,bond
2021-01-29 00:00:00+00:00,110.48828125,7.071385638024452e-05,0.0038994833104722005,2021-01,0.0,0.0,0.000601386727041131,1.0,0.02134036253340077,1.0,0.6666666666666666,1.0,ZT=F,bond
2021-02-26 00:00:00+00:00,110.42578125,0.00038927029513757816,0.003853559728231971,2021-02,-0.000565670850274036,-1.0,3.537568982592276e-05,1.0,0.013734490425302948,1.0,0.3333333333333333,1.0,ZT=F,bond
2021-03-31 00:00:00+00:00,110.453125,0.0,0.0038411879257638426,2021-03,0.0002476210690154357,1.0,-0.0003181898532791383,-1.0,0.002552829385902733,1.0,0.3333333333333333,1.0,ZT=F,bond
2021-04-30 00:00:00+00:00,110.37890625,0.0,0.003804851950713359,2021-04,-0.0006719479417173213,-1.0,-0.0009899239879794797,-1.0,0.001488569909622539,1.0,-0.3333333333333333,1.0,ZT=F,bond
2021-05-28 00:00:00+00:00,110.4453125,0.00014149274849661886,0.0033768651730337524,2021-05,0.0006016208373147425,1.0,0.0001768721921540095,1.0,0.0014876735619155923,1.0,1.0,1.0,ZT=F,bond
2021-06-30 00:00:00+00:00,110.29296875,7.083908900940017e-05,0.003629783450994715,2021-06,-0.001379359128527935,-1.0,-0.0014499929268637635,-1.0,0.00014168821508264706,1.0,-0.3333333333333333,1.0,ZT=F,bond
2021-07-30 00:00:00+00:00,110.328125,0.00024790168927291134,0.00446750249141362,2021-07,0.00031875332034703163,1.0,-0.0004600629932406397,-1.0,-0.0014848334865303903,-1.0,-0.3333333333333333,1.0,ZT=F,bond
2021-08-31 00:00:00+00:00,110.3203125,-3.5407003505238954e-05,0.0041118361151864955,2021-08,-7.081149978760415e-05,-1.0,-0.0011317818490486076,-1.0,-0.0009551098376313627,-1.0,-1.0,1.0,ZT=F,bond
2021-09-30 00:00:00+00:00,110.2421875,0.00017719814296346392,0.003767200303876881,2021-09,-0.0007081651441116499,-1.0,-0.0004604214627235148,-1.0,-0.0019097467817230651,-1.0,-1.0,1.0,ZT=F,bond
2021-10-29 00:00:00+00:00,109.625,3.563410896911812e-05,0.005615751487073202,2021-10,-0.005598469279285645,-1.0,-0.006373034980880932,-1.0,-0.007216640724494128,-1.0,-1.0,1.0,ZT=F,bond
2021-11-30 00:00:00+00:00,109.703125,-0.00017800562497771732,0.008849688712151759,2021-11,0.0007126567844926157,1.0,-0.005594504638481657,-1.0,-0.006509126927975117,-1.0,-0.3333333333333333,1.0,ZT=F,bond
2021-12-31 00:00:00+00:00,109.45703125,0.00021417097983222888,0.008675545592987931,2021-12,-0.002243270189431712,-1.0,-0.007122103323648266,-1.0,-0.009333569029520983,-1.0,-1.0,1.0,ZT=F,bond
2022-01-31 00:00:00+00:00,108.328125,0.00010818998160777582,0.012968657913720084,2022-01,-0.010313693301452487,-1.0,-0.011830102622576999,-1.0,-0.01955099876259503,-1.0,-1.0,1.0,ZT=F,bond
2022-02-28 00:00:00+00:00,107.98828125,0.0032297866163448763,0.015152757402908704,2022-02,-0.0031371700562526916,-1.0,-0.01563167639937335,-1.0,-0.022073649580812926,-1.0,-1.0,1.0,ZT=F,bond
2022-03-31 00:00:00+00:00,106.5703125,0.0007336218912772363,0.01852145551325572,2022-03,-0.013130765056972304,-1.0,-0.026373077334856054,-1.0,-0.035153487056160726,-1.0,-1.0,1.0,ZT=F,bond
2022-04-29 00:00:00+00:00,105.40625,-0.000925617386796973,0.023862348808479716,2022-04,-0.010922952862693402,-1.0,-0.02697245059858644,-1.0,-0.045050783876561584,-1.0,-1.0,1.0,ZT=F,bond
2022-05-31 00:00:00+00:00,106.00390625,-0.0007364583716905626,0.022966590376274514,2022-05,0.005670026682478513,1.0,-0.01837583649846264,-1.0,-0.04021362382400795,-1.0,-0.3333333333333333,1.0,ZT=F,bond
2022-06-30 00:00:00+00:00,105.29296875,0.001783922399375637,0.024693118732842922,2022-06,-0.006706710395401161,-1.0,-0.011985924785572921,-1.0,-0.045333805560474616,-1.0,-1.0,1.0,ZT=F,bond
2022-07-29 00:00:00+00:00,105.23046875,-0.00048233897298899375,0.02417015935307455,2022-07,-0.0005935818957522043,-1.0,-0.00166765490661136,-1.0,-0.046204503611386505,-1.0,-1.0,1.0,ZT=F,bond
2022-08-31 00:00:00+00:00,104.27734375,0.00041223204916795986,0.022894871869480558,2022-08,-0.009057500278406794,-1.0,-0.016287725245974105,-1.0,-0.05477657389703283,-1.0,-1.0,1.0,ZT=F,bond
2022-09-30 00:00:00+00:00,102.92578125,-0.0013644115974985604,0.024196745142299025,2022-09,-0.012961228694512106,-1.0,-0.022481914301613837,-1.0,-0.06636666430444338,-1.0,-1.0,1.0,ZT=F,bond
2022-10-31 00:00:00+00:00,102.19140625,-0.001450437039581698,0.023899729774801856,2022-10,-0.007134995635508012,-1.0,-0.028880062363116688,-1.0,-0.06780929304446981,-1.0,-1.0,1.0,ZT=F,bond
2022-11-30 00:00:00+00:00,102.37109375,0.001796636085626968,0.024033402544055164,2022-11,0.0017583425710026024,1.0,-0.01828057688705753,-1.0,-0.06683520865973513,-1.0,-0.3333333333333333,1.0,ZT=F,bond
2022-12-30 00:00:00+00:00,102.5,-0.0008377122839082762,0.02316552059621272,2022-12,0.0012592055557676396,1.0,-0.004136779384416811,-1.0,-0.06355947325220368,-1.0,-0.3333333333333333,1.0,ZT=F,bond
2023-01-31 00:00:00+00:00,102.82421875,0.0009125822274611561,0.022509772655999905,2023-01,0.0031631097560975707,1.0,0.006192423837009242,1.0,-0.05080773114092019,-1.0,0.3333333333333333,1.0,ZT=F,bond
2023-02-28 00:00:00+00:00,101.671875,0.0,0.02239312010082276,2023-02,-0.01120692930137146,-1.0,-0.006830236196436079,-1.0,-0.05849158979924041,-1.0,-1.0,1.0,ZT=F,bond
2023-03-31 00:00:00+00:00,103.0390625,0.00026544310037546204,0.03680278155876024,2023-03,0.013447057015521846,1.0,0.0052591463414635164,1.0,-0.03313540063045228,-1.0,0.3333333333333333,1.0,ZT=F,bond
2023-04-28 00:00:00+00:00,103.08203125,0.0004928723081589759,0.0355562107037237,2023-04,0.0004170141784820558,1.0,0.002507312996238964,1.0,-0.02205010376519423,-1.0,0.3333333333333333,1.0,ZT=F,bond
2023-05-31 00:00:00+00:00,102.2734375,0.0016833728670899717,0.03366837103880328,2023-05,-0.007844177498199989,-1.0,0.005916705086829621,1.0,-0.03519180454729709,-1.0,-0.3333333333333333,1.0,ZT=F,bond
2023-06-30 00:00:00+00:00,101.6484375,-7.6852136489447e-05,0.030492355799188988,2023-06,-0.006111068673134268,-1.0,-0.01349609523087425,-1.0,-0.03461324429604895,-1.0,-1.0,1.0,ZT=F,bond
2023-07-31 00:00:00+00:00,101.515625,0.0003079291762895231,0.028412128959415434,2023-07,-0.001306586734301729,-1.0,-0.015195725491682133,-1.0,-0.03530197854411821,-1.0,-1.0,1.0,ZT=F,bond
2023-08-31 00:00:00+00:00,101.51171875,0.0006931341214524434,0.025024918709444784,2023-08,-3.8479298137605866e-05,-1.0,-0.007447864945382299,-1.0,-0.026521820565649,-1.0,-1.0,1.0,ZT=F,bond
2023-09-29 00:00:00+00:00,101.484375,0.0003850596842509546,0.022040007353442862,2023-09,-0.0002693654519567712,-1.0,-0.0016140189070785738,-1.0,-0.014004326539906686,-1.0,-1.0,1.0,ZT=F,bond
2023-10-31 00:00:00+00:00,101.2109375,-0.0006556871215335214,0.02129393529572047,2023-10,-0.002694380292532772,-1.0,-0.0030013852547329245,-1.0,-0.009594434463514379,-1.0,-1.0,1.0,ZT=F,bond
2023-11-30 00:00:00+00:00,101.79296875,-0.000843525938422629,0.022117003943748156,2023-11,0.00575067541489771,1.0,0.002770616077269361,1.0,-0.005647346128896835,-1.0,0.3333333333333333,1.0,ZT=F,bond
2023-12-29 00:00:00+00:00,102.8046875,0.0005702771546971519,0.023527275597835552,2023-12,0.009938984611842283,1.0,0.013010007698229353,1.0,0.002972560975609717,1.0,1.0,1.0,ZT=F,bond
2024-01-31 00:00:00+00:00,102.828125,0.00236082552737793,0.022053337592713305,2024-01,0.0002279808496086222,1.0,0.015978386723272786,1.0,3.798959085221654e-05,1.0,1.0,1.0,ZT=F,bond
2024-02-29 00:00:00+00:00,101.9296875,0.0004600874166091895,0.022342733656387077,2024-02,-0.008737273970521153,-1.0,0.0013431060286273055,1.0,0.0025357307514983773,1.0,0.3333333333333333,1.0,ZT=F,bond
2024-03-28 00:00:00+00:00,102.125,-0.0009935040122277528,0.02035820263011075,2024-03,0.0019161493063539758,1.0,-0.006611444638650377,-1.0,-0.008871028887709409,-1.0,-0.3333333333333333,1.0,ZT=F,bond
2024-04-30 00:00:00+00:00,101.328125,-0.0013858946720048948,0.020109789540165728,2024-04,-0.0078029375764994136,-1.0,-0.014587448716000595,-1.0,-0.017014665201409707,-1.0,-1.0,1.0,ZT=F,bond
2024-05-31 00:00:00+00:00,101.51953125,0.0007701490238360975,0.018382682890995088,2024-05,0.001888974556669254,1.0,-0.004023913543343305,-1.0,-0.007371476586968129,-1.0,-0.3333333333333333,1.0,ZT=F,bond
2024-06-28 00:00:00+00:00,102.0078125,-0.00022970903522201436,0.017953558789586627,2024-06,0.004809727192273572,1.0,-0.0011474908200734824,-1.0,0.0035354699869341033,1.0,0.3333333333333333,1.0,ZT=F,bond
2024-07-31 00:00:00+00:00,102.68359375,0.00034249181825107833,0.016519486638141637,2024-07,0.0066247989584131695,1.0,0.01337702390131068,1.0,0.011505310143143044,1.0,1.0,1.0,ZT=F,bond
2024-08-30 00:00:00+00:00,103.2734375,-0.0004536862003781117,0.01995292959582446,2024-08,0.005744284246966158,1.0,0.017276540074647073,1.0,0.01735483126178483,1.0,1.0,1.0,ZT=F,bond
2024-09-30 00:00:00+00:00,104.03125,-0.0007129188398183883,0.01899629722171133,2024-09,0.007337922687041365,1.0,0.019836103239641467,1.0,0.02509622786759036,1.0,1.0,1.0,ZT=F,bond
2024-10-31 00:00:00+00:00,102.97265625,-0.0003412969283276279,0.0190509320584058,2024-10,-0.010175728446981114,-1.0,0.0028150796971886383,1.0,0.01740640679274419,1.0,0.3333333333333333,1.0,ZT=F,bond
2024-11-29 00:00:00+00:00,102.84375,0.0007602250266078858,0.01726263624159304,2024-11,-0.0012518493228633742,-1.0,-0.0041606778122399435,-1.0,0.010322729191450275,1.0,-0.3333333333333333,1.0,ZT=F,bond
2024-12-31 00:00:00+00:00,102.97265625,-3.793338896895815e-05,0.01614978334661972,2024-12,0.0012534184138559556,1.0,-0.010175728446981114,-1.0,0.00163386275552857,1.0,0.3333333333333333,1.0,ZT=F,bond
2025-01-31 00:00:00+00:00,102.8125,-0.000797236247674693,0.015645288714788673,2025-01,-0.0015553279465877479,-1.0,-0.0015553279465877479,-1.0,-0.0001519525907917041,-1.0,-1.0,1.0,ZT=F,bond
2025-02-28 00:00:00+00:00,103.2265625,0.001591873862947235,0.01494884133202467,2025-02,0.004027355623100304,1.0,0.003722272865390508,1.0,0.012723231394190293,1.0,1.0,1.0,ZT=F,bond
2025-03-31 00:00:00+00:00,103.53515625,0.0006040243119784794,0.014728829070642808,2025-03,0.0029894800575192004,1.0,0.005462615227039835,1.0,0.01380813953488369,1.0,1.0,1.0,ZT=F,bond
2025-04-30 00:00:00+00:00,104.07421875,0.0006760563380281415,0.01839885955263842,2025-04,0.005206564799094426,1.0,0.012272036474164194,1.0,0.02710100231303003,1.0,1.0,1.0,ZT=F,bond
2025-05-30 00:00:00+00:00,103.42578125,0.0005668505781875055,0.017890704131316642,2025-05,-0.006230529595015577,-1.0,0.0019299175054869888,1.0,0.01877717495863629,1.0,0.3333333333333333,1.0,ZT=F,bond
2025-06-30 00:00:00+00:00,103.796875,0.0001882034102458352,0.01679590086558185,2025-06,0.0035880197907618427,1.0,0.002527824938690859,1.0,0.017538485103775647,1.0,1.0,1.0,ZT=F,bond
2025-07-31 00:00:00+00:00,103.4921875,-0.00033958419801527473,0.015615855954723472,2025-07,-0.0029354207436399493,-1.0,-0.005592463311188678,-1.0,0.007874614828622617,1.0,-0.3333333333333333,1.0,ZT=F,bond
2025-08-29 00:00:00+00:00,103.98828125,0.0002630194634403171,0.01633787043908306,2025-08,0.004793538159583388,1.0,0.005438682630207303,1.0,0.006921854905817426,1.0,1.0,1.0,ZT=F,bond
2025-09-30 00:00:00+00:00,103.97265625,0.0004886483235604366,0.014590331940173581,2025-09,-0.00015025731565310174,-1.0,0.0016935119674845733,1.0,-0.0005632322018623848,-1.0,-0.3333333333333333,1.0,ZT=F,bond
2025-10-31 00:00:00+00:00,104.12109375,0.0,0.014555729051846525,2025-10,0.0014276590149153723,1.0,0.006076847588133205,1.0,0.011152839421873173,1.0,1.0,1.0,ZT=F,bond
2025-11-28 00:00:00+00:00,104.25390625,-0.00014985202112915985,0.013207860299502988,2025-11,0.001275558056649695,1.0,0.0025543743661018414,1.0,0.013711637800060794,1.0,1.0,1.0,ZT=F,bond
2025-12-31 00:00:00+00:00,104.38671875,0.00026201527174718464,0.011808754983391206,2025-12,0.0012739330810447314,1.0,0.003982417252132109,1.0,0.013732407723531015,1.0,1.0,1.0,ZT=F,bond
2026-01-30 00:00:00+00:00,104.24609375,0.0004123556755135649,0.010634931939166549,2026-01,-0.0013471541368857975,-1.0,0.0012005252297879743,1.0,0.013943768996960593,1.0,0.3333333333333333,1.0,ZT=F,bond
2026-02-27 00:00:00+00:00,104.46484375,0.0012729791456063122,0.010362566680563977,2026-02,0.002098399970022813,1.0,0.0020233054816591878,1.0,0.011995761749791889,1.0,1.0,1.0,ZT=F,bond
2026-03-31 00:00:00+00:00,103.68359375,0.0005654402895054478,0.01373059798090257,2026-03,-0.007478592528886052,-1.0,-0.006735770684429099,-1.0,0.0014336917562725038,1.0,-0.3333333333333333,1.0,ZT=F,bond
2026-04-30 00:00:00+00:00,103.5625,0.0008305020762551241,0.013169509715990999,2026-04,-0.0011679162114305308,-1.0,-0.0065574999063214845,-1.0,-0.004916863716548425,-1.0,-1.0,1.0,ZT=F,bond
2026-05-29 00:00:00+00:00,103.34765625,0.00018902162407385958,0.013368280215269451,2026-05,-0.002074532287266173,-1.0,-0.010694387316307119,-1.0,-0.0007553725875287798,-1.0,-1.0,1.0,ZT=F,bond
2026-06-30 00:00:00+00:00,103.19921875,-3.7850113550286224e-05,0.013221396231961486,2026-06,-0.0014362928525532004,-1.0,-0.004671664845722012,-1.0,-0.0057579406894475715,-1.0,-1.0,1.0,ZT=F,bond
2026-07-31 00:00:00+00:00,102.8046875,-0.0011386063458327378,0.013033031587559847,2026-07,-0.0038230061698020235,-1.0,-0.007317441158720572,-1.0,-0.006643013512493412,-1.0,-1.0,1.0,ZT=F,bond
2020-01-31 00:00:00+00:00,120.3203125,0.002147319104633061,,2020-01,,,,,,,,1.0,ZF=F,bond
2020-02-28 00:00:00+00:00,122.2734375,0.007791371538956815,,2020-02,0.01623271216154798,1.0,,,,,,1.0,ZF=F,bond
2020-03-31 00:00:00+00:00,125.203125,0.00012481278082865366,0.054413021440580675,2020-03,0.023960130343109176,1.0,,,,,,1.0,ZF=F,bond
2020-04-30 00:00:00+00:00,125.484375,0.0005606428704914013,0.047225838726764176,2020-04,0.002246349681767068,1.0,0.042919290955132805,1.0,,,,1.0,ZF=F,bond
2020-05-29 00:00:00+00:00,125.8203125,0.001741618461155614,0.04124105047684996,2020-05,0.0026771261362221743,1.0,0.02900773113539068,1.0,,,,1.0,ZF=F,bond
2020-06-30 00:00:00+00:00,125.984375,-6.20078129844881e-05,0.03580805489706125,2020-06,0.0013039428748835569,1.0,0.006239860227130967,1.0,,,,1.0,ZF=F,bond
2020-07-31 00:00:00+00:00,126.125,0.0006198090987976634,0.030656372958325975,2020-07,0.0011162098474513105,1.0,0.005105217283028374,1.0,,,,1.0,ZF=F,bond
2020-08-31 00:00:00+00:00,125.9140625,0.0004345127250156011,0.026654757718915196,2020-08,-0.0016724479682854732,-1.0,0.0007451102142190802,1.0,,,,1.0,ZF=F,bond
2020-09-30 00:00:00+00:00,125.921875,-0.00068200136400276,0.02310495009527689,2020-09,6.204628652972666e-05,1.0,-0.0004960932655339034,-1.0,,,,1.0,ZF=F,bond
2020-10-30 00:00:00+00:00,125.6015625,-0.00037306472673004354,0.020178254488826534,2020-10,-0.002543739918103971,-1.0,-0.004150148662041664,-1.0,,,,1.0,ZF=F,bond
2020-11-30 00:00:00+00:00,125.6953125,0.0001864975755314635,0.01931093396291812,2020-11,0.0007464079119239297,1.0,-0.0017372960228330125,-1.0,,,,1.0,ZF=F,bond
2020-12-31 00:00:00+00:00,125.859375,0.00037257824143077656,0.017185533308749185,2020-12,0.0013052396046988601,1.0,-0.0004963394962154144,-1.0,,,,1.0,ZF=F,bond
2021-01-29 00:00:00+00:00,125.875,-0.0004342701160121587,0.016806401578999108,2021-01,0.00012414649286163204,1.0,0.0021770230764446286,1.0,0.0461658333874424,1.0,1.0,1.0,ZF=F,bond
2021-02-26 00:00:00+00:00,124.4140625,0.0006283380458687038,0.021393741303607678,2021-02,-0.011606256206554089,-1.0,-0.010193299770029252,-1.0,0.017506868570698275,1.0,-0.3333333333333333,1.0,ZF=F,bond
2021-03-31 00:00:00+00:00,124.109375,-0.000251730648206383,0.02200322473458084,2021-03,-0.002448979591836764,-1.0,-0.013904407200496571,-1.0,-0.008735804317983265,-1.0,-1.0,1.0,ZF=F,bond
2021-04-30 00:00:00+00:00,123.9375,0.00031527839081912923,0.022601373445583498,2021-04,-0.0013848671786478306,-1.0,-0.015392254220456758,-1.0,-0.012327231976092645,-1.0,-1.0,1.0,ZF=F,bond
2021-05-28 00:00:00+00:00,124.4140625,0.000565468710731265,0.020999642935908815,2021-05,0.00384518406454859,1.0,0.0,0.0,-0.011176653213287757,-1.0,0.0,1.0,ZF=F,bond
2021-06-30 00:00:00+00:00,123.9609375,0.0004413619167717986,0.020456052467588588,2021-06,-0.003642072213500769,-1.0,-0.001196021654286783,-1.0,-0.01606101947166072,-1.0,-1.0,1.0,ZF=F,bond
2021-07-30 00:00:00+00:00,124.4453125,0.0010054672280526145,0.023457907435276332,2021-07,0.003907480935274377,1.0,0.004097327281896046,1.0,-0.013317641228939525,-1.0,0.3333333333333333,1.0,ZF=F,bond
2021-08-31 00:00:00+00:00,124.1796875,0.0,0.021991857407469756,2021-08,-0.002134471718249764,-1.0,-0.0018838304552589724,-1.0,-0.013774275609604758,-1.0,-1.0,1.0,ZF=F,bond
2021-09-30 00:00:00+00:00,123.421875,0.0014580031695721196,0.020490922466776258,2021-09,-0.006102547971060135,-1.0,-0.004348648137644129,-1.0,-0.019853579848616465,-1.0,-1.0,1.0,ZF=F,bond
2021-10-29 00:00:00+00:00,121.75,0.00019254219883180212,0.02173871273914807,2021-10,-0.013546018483352351,-1.0,-0.021658610082239904,-1.0,-0.030664925048205505,-1.0,-1.0,1.0,ZF=F,bond
2021-11-30 00:00:00+00:00,121.9140625,0.0008979539477904641,0.029640339273783407,2021-11,0.0013475359342915993,1.0,-0.01824473104749924,-1.0,-0.030082665174964274,-1.0,-0.3333333333333333,1.0,ZF=F,bond
2021-12-31 00:00:00+00:00,121.5546875,0.0006431281754453178,0.028835803887272953,2021-12,-0.0029477731496315718,-1.0,-0.015128497278136477,-1.0,-0.03420235878336442,-1.0,-1.0,1.0,ZF=F,bond
2022-01-31 00:00:00+00:00,119.203125,0.00032780436635415633,0.03372772403265822,2022-01,-0.019345716305675165,-1.0,-0.02091889117043122,-1.0,-0.05300397219463748,-1.0,-1.0,1.0,ZF=F,bond
2022-02-28 00:00:00+00:00,118.6015625,0.006831144714153137,0.035252189170445765,2022-02,-0.0050465329663127445,-1.0,-0.027170778596603662,-1.0,-0.04671899529042389,-1.0,-1.0,1.0,ZF=F,bond
2022-03-31 00:00:00+00:00,115.1328125,0.0012909362685147308,0.04772988055345027,2022-03,-0.029247085172254828,-1.0,-0.05283115881483391,-1.0,-0.07232783583029079,-1.0,-1.0,1.0,ZF=F,bond
2022-04-29 00:00:00+00:00,112.671875,-0.00152312378842423,0.05040429877668096,2022-04,-0.021374770984596614,-1.0,-0.054790929348538464,-1.0,-0.09089762985375693,-1.0,-1.0,1.0,ZF=F,bond
2022-05-31 00:00:00+00:00,113.3984375,-0.0027481964960495153,0.05030234369212939,2022-05,0.0064484814866176965,1.0,-0.04387062775838224,-1.0,-0.08854003139717426,-1.0,-0.3333333333333333,1.0,ZF=F,bond
2022-06-30 00:00:00+00:00,112.6484375,0.0055791896227073146,0.05539411942805001,2022-06,-0.00661384774371343,-1.0,-0.02157834023206895,-1.0,-0.09125858700447464,-1.0,-1.0,1.0,ZF=F,bond
2022-07-29 00:00:00+00:00,113.7265625,6.870019236049352e-05,0.055720479645898574,2022-07,0.00957070531937032,1.0,0.009360698932186828,1.0,-0.08613221168937157,-1.0,0.3333333333333333,1.0,ZF=F,bond
2022-08-31 00:00:00+00:00,110.78125,-7.051688879489149e-05,0.054219926539984024,2022-08,-0.025898193309060957,-1.0,-0.02307957285566653,-1.0,-0.10789556464296945,-1.0,-1.0,1.0,ZF=F,bond
2022-09-30 00:00:00+00:00,108.28125,0.003112108272418146,0.060773356689264355,2022-09,-0.02256699576868826,-1.0,-0.03876829183715935,-1.0,-0.12267375617166731,-1.0,-1.0,1.0,ZF=F,bond
2022-10-31 00:00:00+00:00,106.59375,-0.0026315789473684292,0.05872996755107377,2022-10,-0.01558441558441559,-1.0,-0.0627189668200866,-1.0,-0.12448665297741268,-1.0,-1.0,1.0,ZF=F,bond
2022-11-30 00:00:00+00:00,108.2265625,0.004204421891989885,0.05848349833592257,2022-11,0.015318088537085828,1.0,-0.023060648801128347,-1.0,-0.11227170778596607,-1.0,-0.3333333333333333,1.0,ZF=F,bond
2022-12-30 00:00:00+00:00,108.046875,-0.000866926744690022,0.05620571348771056,2022-12,-0.0016602901898505884,-1.0,-0.0021645021645021467,-1.0,-0.1111253936628318,-1.0,-1.0,1.0,ZF=F,bond
2023-01-31 00:00:00+00:00,109.2421875,0.0019346517626828152,0.05528896035872152,2023-01,0.011062906724511823,1.0,0.024846086191732564,1.0,-0.0835627211954385,-1.0,0.3333333333333333,1.0,ZF=F,bond
2023-02-28 00:00:00+00:00,106.671875,0.00014649868151184187,0.054668180599063754,2023-02,-0.02352857040692269,-1.0,-0.01436511946870711,-1.0,-0.10058625913971408,-1.0,-1.0,1.0,ZF=F,bond
2023-03-31 00:00:00+00:00,109.5390625,0.001929398313562869,0.07088117978274357,2023-03,0.026878570382305567,1.0,0.013810556760665227,1.0,-0.0485851937300672,-1.0,0.3333333333333333,1.0,ZF=F,bond
2023-04-28 00:00:00+00:00,109.7421875,0.002426318418611295,0.06759158319370637,2023-04,0.0018543613151700278,1.0,0.004576986340556477,1.0,-0.02600194147829704,-1.0,0.3333333333333333,1.0,ZF=F,bond
2023-05-31 00:00:00+00:00,108.4609375,0.0035419979760011877,0.06519174812462833,2023-05,-0.011675090766711804,-1.0,0.01677164200966752,1.0,-0.04354116431277988,-1.0,-0.3333333333333333,1.0,ZF=F,bond
2023-06-30 00:00:00+00:00,106.9296875,0.000877513711151634,0.06107878728491177,2023-06,-0.014117986026075058,-1.0,-0.02382141074103128,-1.0,-0.050766349954920575,-1.0,-1.0,1.0,ZF=F,bond
2023-07-31 00:00:00+00:00,106.8203125,0.0005854372484448422,0.059460518135051814,2023-07,-0.001022868415284539,-1.0,-0.02662490211433044,-1.0,-0.06072679810400494,-1.0,-1.0,1.0,ZF=F,bond
2023-08-31 00:00:00+00:00,106.40625,0.0011025358324145973,0.053736423527372866,2023-08,-0.003876252468368313,-1.0,-0.01894403226968233,-1.0,-0.03949224259520456,-1.0,-1.0,1.0,ZF=F,bond
2023-09-29 00:00:00+00:00,105.15625,0.0015626162660913323,0.04854976492118442,2023-09,-0.011747430249632873,-1.0,-0.016585080733542812,-1.0,-0.028860028860028808,-1.0,-1.0,1.0,ZF=F,bond
2023-10-31 00:00:00+00:00,104.4765625,-0.0007472166180976236,0.0488555192419529,2023-10,-0.006463595839524494,-1.0,-0.021941051707745185,-1.0,-0.01986221049545589,-1.0,-1.0,1.0,ZF=F,bond
2023-11-30 00:00:00+00:00,106.3671875,-0.002856305844441187,0.051123700601336634,2023-11,0.018096163912360685,1.0,-0.00036710719530097524,-1.0,-0.017180394138453736,-1.0,-0.3333333333333333,1.0,ZF=F,bond
2023-12-29 00:00:00+00:00,108.671875,0.002667051106465701,0.05177306758281612,2023-12,0.02166727873668739,1.0,0.03343239227340278,1.0,0.005784526391901634,1.0,1.0,1.0,ZF=F,bond
2024-01-31 00:00:00+00:00,108.390625,0.004707075095951918,0.04785152983740154,2024-01,-0.002588066139468048,-1.0,0.03746354595079637,1.0,-0.007795179861260104,-1.0,-0.3333333333333333,1.0,ZF=F,bond
2024-02-29 00:00:00+00:00,106.5078125,0.00029349181891547005,0.04914721124410151,2024-02,-0.017370621306040057,-1.0,0.001322071244950429,1.0,-0.0015380108393144853,-1.0,-0.3333333333333333,1.0,ZF=F,bond
2024-03-28 00:00:00+00:00,107.203125,0.001459640928331618,0.04510390050271562,2024-03,0.006528276974987257,1.0,-0.013515456506110746,-1.0,-0.021325155124456208,-1.0,-0.3333333333333333,1.0,ZF=F,bond
2024-04-30 00:00:00+00:00,104.7421875,-0.003345227475468282,0.04683950680737236,2024-04,-0.022955837341495422,-1.0,-0.033660083609629576,-1.0,-0.04556132982131411,-1.0,-1.0,1.0,ZF=F,bond
2024-05-31 00:00:00+00:00,105.4296875,0.0016328954204705148,0.04337828702272307,2024-05,0.006563735362124179,1.0,-0.010122496882564391,-1.0,-0.02794784988835264,-1.0,-0.3333333333333333,1.0,ZF=F,bond
2024-06-28 00:00:00+00:00,106.21875,-0.0005880623346075087,0.042900217604520015,2024-06,0.007484253427195275,1.0,-0.009182334936598147,-1.0,-0.006648644699349782,-1.0,-0.3333333333333333,1.0,ZF=F,bond
2024-07-31 00:00:00+00:00,107.890625,0.0013051044083527419,0.03898963534653591,2024-07,0.015739923506913778,1.0,0.030058924442455393,1.0,0.010019746946537067,1.0,1.0,1.0,ZF=F,bond
2024-08-30 00:00:00+00:00,108.8671875,-0.001576269972057065,0.042491493618386535,2024-08,0.009051412020275151,1.0,0.0326046683957022,1.0,0.02312775330396466,1.0,1.0,1.0,ZF=F,bond
2024-09-30 00:00:00+00:00,109.65625,-0.0025582717453098702,0.03891846874318102,2024-09,0.007247936849659187,1.0,0.032362459546925626,1.0,0.042793462109955493,1.0,1.0,1.0,ZF=F,bond
2024-10-31 00:00:00+00:00,107.234375,-0.0013096623981373456,0.039419675586071776,2024-10,-0.02208606440581362,-1.0,-0.006082548877624938,-1.0,0.026396470500261726,1.0,-0.3333333333333333,1.0,ZF=F,bond
2024-11-29 00:00:00+00:00,107.3984375,0.0016029143897995368,0.03734927414655771,2024-11,0.001529943173539161,1.0,-0.013491209185504172,-1.0,0.009695189129636406,1.0,0.3333333333333333,1.0,ZF=F,bond
2024-12-31 00:00:00+00:00,106.5625,-0.0008789920890711622,0.03587711925016503,2024-12,-0.007783516403578994,-1.0,-0.028213166144200663,-1.0,-0.019410496046010084,-1.0,-1.0,1.0,ZF=F,bond
2025-01-31 00:00:00+00:00,106.390625,-0.0021250091595221843,0.03564328362110133,2025-01,-0.001612903225806428,-1.0,-0.007868279178201987,-1.0,-0.018451780308490706,-1.0,-1.0,1.0,ZF=F,bond
2025-02-28 00:00:00+00:00,107.7421875,0.0029818181818181966,0.03582139691669644,2025-02,0.012703774416213731,1.0,0.003200698334181906,1.0,0.011589525416269453,1.0,1.0,1.0,ZF=F,bond
2025-03-31 00:00:00+00:00,108.0,-0.00014465499783022917,0.03554554675482584,2025-03,0.002392864911899162,1.0,0.013489736070381175,1.0,0.007433318758198526,1.0,1.0,1.0,ZF=F,bond
2025-04-30 00:00:00+00:00,109.1953125,0.0009309653394442563,0.04313278058697281,2025-04,0.01106770833333326,1.0,0.026362167719195195,1.0,0.04251510405012304,1.0,1.0,1.0,ZF=F,bond
2025-05-30 00:00:00+00:00,108.0859375,0.001012951305983556,0.042015570615514905,2025-05,-0.010159547828575533,-1.0,0.0031904865491987344,1.0,0.02519451648758797,1.0,0.3333333333333333,1.0,ZF=F,bond
2025-06-30 00:00:00+00:00,108.859375,0.00021534706769066325,0.039861456504747345,2025-06,0.00715576436573917,1.0,0.007957175925925819,1.0,0.024860253015592804,1.0,1.0,1.0,ZF=F,bond
2025-07-31 00:00:00+00:00,108.171875,-0.00014442518775270585,0.03687770581898877,2025-07,-0.006315487297258504,-1.0,-0.009372540602418211,-1.0,0.0026068066618392116,1.0,-0.3333333333333333,1.0,ZF=F,bond
2025-08-29 00:00:00+00:00,109.296875,7.148473800833166e-05,0.036258227322552204,2025-08,0.010400115556839618,1.0,0.011203469461510629,1.0,0.00394689630426992,1.0,1.0,1.0,ZF=F,bond
2025-09-30 00:00:00+00:00,109.1640625,0.0010746525290155073,0.03254975140604014,2025-09,-0.0012151536812008423,-1.0,0.002798909143103101,1.0,-0.004488458250213712,-1.0,-0.3333333333333333,1.0,ZF=F,bond
2025-10-31 00:00:00+00:00,109.2109375,0.0,0.030661966314119795,2025-10,0.00042939955628717996,1.0,0.009605662285136596,1.0,0.0184321725193064,1.0,1.0,1.0,ZF=F,bond
2025-11-28 00:00:00+00:00,109.671875,-0.000996299459151695,0.028622584287557252,2025-11,0.004220616639244668,1.0,0.003431022158684849,1.0,0.02116825489197649,1.0,1.0,1.0,ZF=F,bond
2025-12-31 00:00:00+00:00,109.34375,-0.0011418783899515006,0.026344446941616095,2025-12,-0.0029918791850690463,-1.0,0.0016460316324340418,1.0,0.026099706744868056,1.0,0.3333333333333333,1.0,ZF=F,bond
2026-01-30 00:00:00+00:00,108.9296875,0.00043050871780159206,0.02449748621677207,2026-01,-0.0037867962274935607,-1.0,-0.002575291508691624,-1.0,0.023865472169187774,1.0,-0.3333333333333333,1.0,ZF=F,bond
2026-02-27 00:00:00+00:00,110.0703125,0.002847177735070039,0.024340930598721517,2026-02,0.010471204188481575,1.0,0.0036329961532981514,1.0,0.021608295265027833,1.0,1.0,1.0,ZF=F,bond
2026-03-31 00:00:00+00:00,108.25,0.0022423146473780076,0.03094492254584006,2026-03,-0.01653772446589541,-1.0,-0.010002857959417022,-1.0,0.0023148148148148806,1.0,-0.3333333333333333,1.0,ZF=F,bond
2026-04-30 00:00:00+00:00,107.8359375,0.001596400841738621,0.029646584698947064,2026-04,-0.003825057736720594,-1.0,-0.010040880728681034,-1.0,-0.012449023395578407,-1.0,-1.0,1.0,ZF=F,bond
2026-05-29 00:00:00+00:00,107.3203125,0.0003641130206815113,0.031381742049113315,2026-05,-0.004781569224081683,-1.0,-0.024984030094399867,-1.0,-0.007083483917600275,-1.0,-1.0,1.0,ZF=F,bond
2026-06-30 00:00:00+00:00,107.2265625,-0.0010189970157944428,0.0303799664158315,2026-06,-0.0008735531775496685,-1.0,-0.009454387990762148,-1.0,-0.014999282330988906,-1.0,-1.0,1.0,ZF=F,bond
2026-07-31 00:00:00+00:00,105.9765625,-0.0033063923585598953,0.029354090540353185,2026-07,-0.011657559198542833,-1.0,-0.017242628414112837,-1.0,-0.02029466994077711,-1.0,-1.0,1.0,ZF=F,bond
2020-01-31 00:00:00+00:00,131.65625,0.002617801047120505,,2020-01,,,,,,,,1.0,ZN=F,bond
2020-02-28 00:00:00+00:00,134.84375,0.01053864168618257,,2020-02,0.024210776169000692,1.0,,,,,,1.0,ZN=F,bond
2020-03-31 00:00:00+00:00,138.6875,-0.0010129431626336727,0.09679181346080559,2020-03,0.02850521436848208,1.0,,,,,,1.0,ZN=F,bond
2020-04-30 00:00:00+00:00,139.0625,0.0006746120980436476,0.08439345274280464,2020-04,0.002703920684993255,1.0,0.05625445051032529,1.0,,,,1.0,ZN=F,bond
2020-05-29 00:00:00+00:00,139.375,0.0030360958056898646,0.07395168845338056,2020-05,0.0022471910112360494,1.0,0.03360370799536505,1.0,,,,1.0,ZN=F,bond
2020-06-30 00:00:00+00:00,139.171875,-0.001121453403611028,0.06545786744757622,2020-06,-0.0014573991031390232,-1.0,0.0034925642181162786,1.0,,,,1.0,ZN=F,bond
2020-07-31 00:00:00+00:00,140.078125,0.00044637875237141245,0.05550116817748173,2020-07,0.006511732345346299,1.0,0.007303370786516883,1.0,,,,1.0,ZN=F,bond
2020-08-31 00:00:00+00:00,139.40625,0.001122082585278239,0.048671434582655444,2020-08,-0.004796430563301701,-1.0,0.00022421524663673864,1.0,,,,1.0,ZN=F,bond
2020-09-30 00:00:00+00:00,139.53125,-0.0017885088307623143,0.042745537939169846,2020-09,0.0008966599417170595,1.0,0.0025822386886718007,1.0,,,,1.0,ZN=F,bond
2020-10-30 00:00:00+00:00,138.21875,-0.0013547076089410748,0.03817386781497713,2020-10,-0.009406494960806255,-1.0,-0.013273842721695517,-1.0,,,,1.0,ZN=F,bond
2020-11-30 00:00:00+00:00,138.53125,-0.0001127777151235243,0.03862915339182457,2020-11,0.002260908885372004,1.0,-0.00627661959201975,-1.0,,,,1.0,ZN=F,bond
2020-12-31 00:00:00+00:00,138.078125,0.0007927519818800022,0.03520841008511513,2020-12,-0.003270922625761341,-1.0,-0.010414333706606937,-1.0,,,,1.0,ZN=F,bond
2021-01-29 00:00:00+00:00,137.03125,-0.0015938069216757667,0.03365552374569101,2021-01,-0.00758175851533327,-1.0,-0.008591453764413282,-1.0,0.040826014716354164,1.0,-0.3333333333333333,1.0,ZN=F,bond
2021-02-26 00:00:00+00:00,133.796875,0.0009351256575103051,0.039433033203413764,2021-02,-0.023603192702394526,-1.0,-0.034175501917437456,-1.0,-0.0077636152954808635,-1.0,-1.0,1.0,ZN=F,bond
2021-03-31 00:00:00+00:00,130.9375,-0.0019056693663649371,0.04302647254871997,2021-03,-0.0213710148312507,-1.0,-0.051714382709064144,-1.0,-0.055881027489860347,-1.0,-1.0,1.0,ZN=F,bond
2021-04-30 00:00:00+00:00,132.03125,0.0003551556765715169,0.04115545603288049,2021-04,0.00835322195704058,1.0,-0.036488027366020526,-1.0,-0.050561797752809,-1.0,-0.3333333333333333,1.0,ZN=F,bond
2021-05-28 00:00:00+00:00,132.859375,0.0012953367875647714,0.03807886530401213,2021-05,0.006272189349112445,1.0,-0.007006890108606778,-1.0,-0.04674887892376678,-1.0,-0.3333333333333333,1.0,ZN=F,bond
2021-06-30 00:00:00+00:00,132.5,0.0017720023626697223,0.038231123931567926,2021-06,-0.0027049276725861215,-1.0,0.01193317422434359,1.0,-0.04793982261142926,-1.0,-0.3333333333333333,1.0,ZN=F,bond
2021-07-30 00:00:00+00:00,134.453125,0.0017462165308497202,0.03973514756932718,2021-07,0.01474056603773577,1.0,0.01834319526627226,1.0,-0.04015616285554935,-1.0,0.3333333333333333,1.0,ZN=F,bond
2021-08-31 00:00:00+00:00,134.046875,-0.0005824790307549232,0.037615704606601484,2021-08,-0.0030214991284137627,-1.0,0.00893802187463244,1.0,-0.03844429500112079,-1.0,-0.3333333333333333,1.0,ZN=F,bond
2021-09-30 00:00:00+00:00,131.609375,0.001069645828381205,0.038485212938701496,2021-09,-0.018183937521855653,-1.0,-0.006721698113207553,-1.0,-0.05677491601343787,-1.0,-1.0,1.0,ZN=F,bond
2021-10-29 00:00:00+00:00,130.703125,-0.00035850860420649777,0.038336924597753695,2021-10,-0.006885907633859656,-1.0,-0.027890761185357382,-1.0,-0.054374858693194694,-1.0,-1.0,1.0,ZN=F,bond
2021-11-30 00:00:00+00:00,131.546875,0.0038154286395613024,0.04733907676017848,2021-11,0.006455469216975596,1.0,-0.01865019233010845,-1.0,-0.050417324610873004,-1.0,-0.3333333333333333,1.0,ZN=F,bond
2021-12-31 00:00:00+00:00,130.46875,0.00047927150730897594,0.04672774648793889,2021-12,-0.008195747713505175,-1.0,-0.008666745815030241,-1.0,-0.05510919995473573,-1.0,-1.0,1.0,ZN=F,bond
2022-01-31 00:00:00+00:00,127.96875,0.00012211503236048138,0.048351660138632506,2022-01,-0.019161676646706538,-1.0,-0.02092050209205021,-1.0,-0.06613454960091225,-1.0,-1.0,1.0,ZN=F,bond
2022-02-28 00:00:00+00:00,127.453125,0.009529702970296983,0.049295334627026684,2022-02,-0.004029304029304015,-1.0,-0.031120085520845664,-1.0,-0.047413289734905995,-1.0,-1.0,1.0,ZN=F,bond
2022-03-31 00:00:00+00:00,122.875,0.0020387359836901986,0.06731613720642218,2022-03,-0.03592006865269093,-1.0,-0.05820359281437126,-1.0,-0.06157517899761333,-1.0,-1.0,1.0,ZN=F,bond
2022-04-29 00:00:00+00:00,119.15625,-0.0017017934284592195,0.067978524995971,2022-04,-0.030264496439471045,-1.0,-0.06886446886446884,-1.0,-0.09751479289940823,-1.0,-1.0,1.0,ZN=F,bond
2022-05-31 00:00:00+00:00,119.84375,-0.005317079496822696,0.07016645557467,2022-05,0.005769735116706087,1.0,-0.05970332229986519,-1.0,-0.09796542396801133,-1.0,-0.3333333333333333,1.0,ZN=F,bond
2022-06-30 00:00:00+00:00,118.53125,0.008642467756947214,0.07630086775967881,2022-06,-0.010951760104302433,-1.0,-0.035350966429298025,-1.0,-0.10542452830188676,-1.0,-1.0,1.0,ZN=F,bond
2022-07-29 00:00:00+00:00,121.140625,0.0012914890869171192,0.07839752586056374,2022-07,0.022014236751911387,1.0,0.01665355363231047,1.0,-0.09901220220801854,-1.0,0.3333333333333333,1.0,ZN=F,bond
2022-08-31 00:00:00+00:00,116.875,-0.0010683760683760646,0.07607289980311234,2022-08,-0.035212175931897294,-1.0,-0.024771838331160367,-1.0,-0.12810350856743213,-1.0,-1.0,1.0,ZN=F,bond
2022-09-30 00:00:00+00:00,112.0625,-0.0034736695845490884,0.08473752625031018,2022-09,-0.04117647058823526,-1.0,-0.05457421566042708,-1.0,-0.14852190430962842,-1.0,-1.0,1.0,ZN=F,bond
2022-10-31 00:00:00+00:00,110.59375,-0.003659909909909942,0.08401004594629741,2022-10,-0.013106525376464062,-1.0,-0.08706307235908683,-1.0,-0.15385534967124925,-1.0,-1.0,1.0,ZN=F,bond
2022-11-30 00:00:00+00:00,113.21875,0.004435819240365957,0.08372192625299366,2022-11,0.02373551850805322,1.0,-0.03128342245989302,-1.0,-0.13932771112958786,-1.0,-0.3333333333333333,1.0,ZN=F,bond
2022-12-30 00:00:00+00:00,112.296875,-0.001250694830461363,0.08080907838211683,2022-12,-0.008142423406017119,-1.0,0.0020914668153932947,1.0,-0.13928143712574848,-1.0,-0.3333333333333333,1.0,ZN=F,bond
2023-01-31 00:00:00+00:00,114.515625,0.002050861361772016,0.0792288720959072,2023-01,0.019757896201474834,1.0,0.03546199491381752,1.0,-0.10512820512820509,-1.0,0.3333333333333333,1.0,ZN=F,bond
2023-02-28 00:00:00+00:00,111.171875,0.00028117531280758,0.07700534919169186,2023-02,-0.02919907217901485,-1.0,-0.01807894010488542,-1.0,-0.12774304278533777,-1.0,-1.0,1.0,ZN=F,bond
2023-03-31 00:00:00+00:00,114.921875,0.0030001363698350936,0.0961933093965548,2023-03,0.03373155305692199,1.0,0.023375539167942216,1.0,-0.0647253306205493,-1.0,0.3333333333333333,1.0,ZN=F,bond
2023-04-28 00:00:00+00:00,115.203125,0.004085523627944898,0.09020792382306698,2023-04,0.002447314751869545,1.0,0.00600354755082555,1.0,-0.03317597692105956,-1.0,0.3333333333333333,1.0,ZN=F,bond
2023-05-31 00:00:00+00:00,113.625,0.004003865801463391,0.08556721871923456,2023-05,-0.013698630136986356,-1.0,0.022066057624736457,1.0,-0.051890482398956994,-1.0,-0.3333333333333333,1.0,ZN=F,bond
2023-06-30 00:00:00+00:00,112.265625,0.0012541806020067714,0.08064427261172083,2023-06,-0.011963696369637011,-1.0,-0.023113528212100665,-1.0,-0.05286053255997891,-1.0,-1.0,1.0,ZN=F,bond
2023-07-31 00:00:00+00:00,111.40625,0.0005613247263542842,0.07970425146250319,2023-07,-0.0076548364648573175,-1.0,-0.03295809032958086,-1.0,-0.08035599122920156,-1.0,-1.0,1.0,ZN=F,bond
2023-08-31 00:00:00+00:00,110.5625,0.0018405776582188782,0.07451638856502561,2023-08,-0.007573632538569464,-1.0,-0.026952695269526927,-1.0,-0.054010695187165725,-1.0,-1.0,1.0,ZN=F,bond
2023-09-29 00:00:00+00:00,108.0625,0.0018832391713747842,0.06886720179496009,2023-09,-0.022611644997173497,-1.0,-0.03743910925539318,-1.0,-0.03569436698271056,-1.0,-1.0,1.0,ZN=F,bond
2023-10-31 00:00:00+00:00,106.171875,-0.00044130626654903526,0.07238603795341685,2023-10,-0.017495662232504317,-1.0,-0.046984572230014066,-1.0,-0.03998304605820857,-1.0,-1.0,1.0,ZN=F,bond
2023-11-30 00:00:00+00:00,109.46875,-0.004263786242183043,0.07569982469570657,2023-11,0.031052244297277376,1.0,-0.009892594686263467,-1.0,-0.03312172232956112,-1.0,-0.3333333333333333,1.0,ZN=F,bond
2023-12-29 00:00:00+00:00,112.890625,0.0,0.07591895095839078,2023-12,0.03125892092492144,1.0,0.044679005205320976,1.0,0.00528732433560597,1.0,1.0,1.0,ZN=F,bond
2024-01-31 00:00:00+00:00,112.328125,0.00629899216125418,0.06941383300989654,2024-01,-0.004982698961937704,-1.0,0.0579838116261957,1.0,-0.019102196752626588,-1.0,-0.3333333333333333,1.0,ZN=F,bond
2024-02-29 00:00:00+00:00,109.921875,0.0009960159362549792,0.07037923385662335,2024-02,-0.02142161635832518,-1.0,0.00413930916357419,1.0,-0.01124385101897396,-1.0,-0.3333333333333333,1.0,ZN=F,bond
2024-03-28 00:00:00+00:00,110.796875,-0.0007046223224351778,0.06537416363911723,2024-03,0.007960199004975133,1.0,-0.018546712802768206,-1.0,-0.03589394969408566,-1.0,-0.3333333333333333,1.0,ZN=F,bond
2024-04-30 00:00:00+00:00,107.4375,-0.004776378636560996,0.0673342156558028,2024-04,-0.030320124100973067,-1.0,-0.043538739741271426,-1.0,-0.06740811067408115,-1.0,-1.0,1.0,ZN=F,bond
2024-05-31 00:00:00+00:00,108.484375,0.002309802223184665,0.06293282334218261,2024-05,0.0097440372309483,1.0,-0.013077469793887686,-1.0,-0.045242024202420295,-1.0,-0.3333333333333333,1.0,ZN=F,bond
2024-06-28 00:00:00+00:00,109.984375,-0.0024092970521542023,0.06263983219108125,2024-06,0.013826875990206045,1.0,-0.007333239317444673,-1.0,-0.020320111343075875,-1.0,-0.3333333333333333,1.0,ZN=F,bond
2024-07-31 00:00:00+00:00,111.8125,0.0022408963585434094,0.0586396587604199,2024-07,0.016621679215797602,1.0,0.04072134962187324,1.0,0.0036465638148668322,1.0,1.0,1.0,ZN=F,bond
2024-08-30 00:00:00+00:00,113.046875,-0.002344180915609506,0.0615066876673211,2024-08,0.011039686975964136,1.0,0.04205674780354318,1.0,0.022470322215941252,1.0,1.0,1.0,ZN=F,bond
2024-09-30 00:00:00+00:00,114.28125,-0.003949339507013483,0.056191936689656496,2024-09,0.010919143054595626,1.0,0.03906804943884068,1.0,0.057547715442452185,1.0,1.0,1.0,ZN=F,bond
2024-10-31 00:00:00+00:00,110.46875,-0.0021171489061396764,0.05583654645710055,2024-10,-0.03336067815149024,-1.0,-0.012017887087758528,-1.0,0.04047093451066952,1.0,-0.3333333333333333,1.0,ZN=F,bond
2024-11-29 00:00:00+00:00,111.015625,0.0025398617186398464,0.05592148497807378,2024-11,0.004950495049504955,1.0,-0.017968210089841063,-1.0,0.014130745075649376,1.0,0.3333333333333333,1.0,ZN=F,bond
2024-12-31 00:00:00+00:00,108.75,-0.0020074562661313022,0.05379212143946285,2024-12,-0.020408163265306145,-1.0,-0.048400328137817916,-1.0,-0.03667820069204153,-1.0,-1.0,1.0,ZN=F,bond
2025-01-31 00:00:00+00:00,108.84375,-0.0035760263195536712,0.05338681822734807,2025-01,0.0008620689655172153,1.0,-0.014710042432814707,-1.0,-0.03101961329809433,-1.0,-0.3333333333333333,1.0,ZN=F,bond
2025-02-28 00:00:00+00:00,111.0625,0.004096623816923328,0.054621094816742606,2025-02,0.020384725811082305,1.0,0.000422237860661534,1.0,0.01037668798862823,1.0,1.0,1.0,ZN=F,bond
2025-03-31 00:00:00+00:00,111.21875,0.000140508641281345,0.053501586384519614,2025-03,0.0014068655036578726,1.0,0.022701149425287337,1.0,0.0038076434917500013,1.0,1.0,1.0,ZN=F,bond
2025-04-30 00:00:00+00:00,112.21875,0.0005572582892170441,0.06348714023554136,2025-04,0.008991289688114579,1.0,0.03100775193798455,1.0,0.04450261780104703,1.0,1.0,1.0,ZN=F,bond
2025-05-30 00:00:00+00:00,110.71875,0.0007061149555147583,0.06155777394957714,2025-05,-0.013366750208855471,-1.0,-0.003095104108047253,-1.0,0.020596284027077694,1.0,-0.3333333333333333,1.0,ZN=F,bond
2025-06-30 00:00:00+00:00,112.125,0.0027948574622693734,0.058448609747922875,2025-06,0.012701100762066098,1.0,0.008148356279853886,1.0,0.019462991902258864,1.0,1.0,1.0,ZN=F,bond
2025-07-31 00:00:00+00:00,111.0625,0.0005630630630630851,0.055182628671546996,2025-07,-0.009476031215161607,-1.0,-0.010303536619326148,-1.0,-0.006707657909446607,-1.0,-1.0,1.0,ZN=F,bond
2025-08-29 00:00:00+00:00,112.453125,-0.0006942515967787166,0.05292382132391804,2025-08,0.012521102982554932,1.0,0.01566469093988143,1.0,-0.005252246026261176,-1.0,0.3333333333333333,1.0,ZN=F,bond
2025-09-30 00:00:00+00:00,112.5,-0.00013886960144426919,0.04846926947861245,2025-09,0.00041684035014588616,1.0,0.0033444816053511683,1.0,-0.015586546349466768,-1.0,0.3333333333333333,1.0,ZN=F,bond
2025-10-31 00:00:00+00:00,112.671875,-0.00027727713849989843,0.045598135660515744,2025-10,0.0015277777777777946,1.0,0.01449071468767582,1.0,0.019943422913719866,1.0,1.0,1.0,ZN=F,bond
2025-11-28 00:00:00+00:00,113.421875,-0.001787678767876777,0.04246972354247447,2025-11,0.006656497018443952,1.0,0.008614700569681721,1.0,0.021674876847290747,1.0,1.0,1.0,ZN=F,bond
2025-12-31 00:00:00+00:00,112.4375,-0.0018033014287696103,0.039442472435939305,2025-12,-0.008678881388621051,-1.0,-0.0005555555555555314,-1.0,0.03390804597701158,1.0,-0.3333333333333333,1.0,ZN=F,bond
2026-01-30 00:00:00+00:00,111.828125,-0.0002793686269032536,0.03715317445335941,2026-01,-0.005419677598665906,-1.0,-0.007488559145749529,-1.0,0.027418891759977138,1.0,-0.3333333333333333,1.0,ZN=F,bond
2026-02-27 00:00:00+00:00,113.859375,0.0038572806171648377,0.03673375262914668,2026-02,0.018164035210283647,1.0,0.0038572806171648377,1.0,0.025182892515475563,1.0,1.0,1.0,ZN=F,bond
2026-03-31 00:00:00+00:00,111.046875,0.002115059221658111,0.04506532694787838,2026-03,-0.024701523260601044,-1.0,-0.012367982212340145,-1.0,-0.0015453779151447522,-1.0,-1.0,1.0,ZN=F,bond
2026-04-30 00:00:00+00:00,110.59375,0.002123743451791116,0.04232930509283161,2026-04,-0.004080484029829745,-1.0,-0.01103814447394158,-1.0,-0.014480646059593427,-1.0,-1.0,1.0,ZN=F,bond
2026-05-29 00:00:00+00:00,110.078125,0.0002839698991907724,0.04606590865215572,2026-05,-0.004662333992653256,-1.0,-0.03320982571703035,-1.0,-0.005786057013830059,-1.0,-1.0,1.0,ZN=F,bond
2026-06-30 00:00:00+00:00,109.890625,-0.0026942711287577525,0.045526982718631925,2026-06,-0.001703335699077324,-1.0,-0.010412269593358614,-1.0,-0.019927536231884035,-1.0,-1.0,1.0,ZN=F,bond
2026-07-31 00:00:00+00:00,108.0,-0.0050381459622859115,0.04317225638820092,2026-07,-0.017204606853405413,-1.0,-0.023452952811528704,-1.0,-0.02757456387169388,-1.0,-1.0,1.0,ZN=F,bond
2020-01-31 00:00:00+00:00,163.53125,0.0038365624400538145,,2020-01,,,,,,,,1.0,ZB=F,bond
2020-02-28 00:00:00+00:00,171.375,0.017062314540059242,,2020-02,0.04796483852474687,1.0,,,,,,1.0,ZB=F,bond
2020-03-31 00:00:00+00:00,179.0625,-0.009164793359847878,0.208181469426693,2020-03,0.0448577680525164,1.0,,,,,,1.0,ZB=F,bond
2020-04-30 00:00:00+00:00,181.03125,-0.0018952446588559324,0.1856973809389526,2020-04,0.01099476439790581,1.0,0.10701318555321992,1.0,,,,1.0,ZB=F,bond
2020-05-29 00:00:00+00:00,180.0,0.007521427322022101,0.16673185662231263,2020-05,-0.005696530295183799,-1.0,0.05032822757111588,1.0,,,,1.0,ZB=F,bond
2020-06-30 00:00:00+00:00,178.5625,-0.0026182579856868227,0.15086828895357648,2020-06,-0.007986111111111138,-1.0,-0.002792321116928398,-1.0,,,,1.0,ZB=F,bond
2020-07-31 00:00:00+00:00,182.28125,-0.00017140898183065634,0.12901623963418787,2020-07,0.020826041302065113,1.0,0.0069048852062834065,1.0,,,,1.0,ZB=F,bond
2020-08-31 00:00:00+00:00,177.375,0.005313496280552554,0.11535669078237823,2020-08,-0.026915823761357816,-1.0,-0.014583333333333282,-1.0,,,,1.0,ZB=F,bond
2020-09-30 00:00:00+00:00,176.28125,-0.005290072297654769,0.10424799297703015,2020-09,-0.006166314305849241,-1.0,-0.012775638781939103,-1.0,,,,1.0,ZB=F,bond
2020-10-30 00:00:00+00:00,172.46875,-0.002169589585970022,0.09384997814858173,2020-10,-0.02162737103350465,-1.0,-0.05383164752271563,-1.0,,,,1.0,ZB=F,bond
2020-11-30 00:00:00+00:00,173.78125,-0.0005391804457225424,0.09507266777178879,2020-11,0.007610074288820545,1.0,-0.020260747004933077,-1.0,,,,1.0,ZB=F,bond
2020-12-31 00:00:00+00:00,173.1875,0.0019887904538058443,0.0882841521939044,2020-12,-0.0034166516813523007,-1.0,-0.017550079773089866,-1.0,,,,1.0,ZB=F,bond
2021-01-29 00:00:00+00:00,168.71875,-0.004976041282712895,0.0850946618265301,2021-01,-0.025802959220498023,-1.0,-0.021743069396629844,-1.0,0.03172176571756169,1.0,-0.3333333333333333,1.0,ZB=F,bond
2021-02-26 00:00:00+00:00,160.75,0.006653620352250478,0.08535038945375036,2021-02,-0.047230968697906994,-1.0,-0.0749865132170473,-1.0,-0.061998541210795066,-1.0,-1.0,1.0,ZB=F,bond
2021-03-31 00:00:00+00:00,154.59375,-0.0028220116911913395,0.08592579722441641,2021-03,-0.03829704510108867,-1.0,-0.1073619631901841,-1.0,-0.13664921465968582,-1.0,-1.0,1.0,ZB=F,bond
2021-04-30 00:00:00+00:00,157.25,0.00039761431411533543,0.08353883593605325,2021-04,0.01718213058419238,1.0,-0.06797555102796815,-1.0,-0.1313654410495425,-1.0,-0.3333333333333333,1.0,ZB=F,bond
2021-05-28 00:00:00+00:00,158.125,0.002178649237472685,0.07770406935177049,2021-05,0.00556438791732905,1.0,-0.016329704510108844,-1.0,-0.12152777777777779,-1.0,-0.3333333333333333,1.0,ZB=F,bond
2021-06-30 00:00:00+00:00,160.75,0.00409916064805782,0.08130209294361612,2021-06,0.016600790513833896,1.0,0.0398221144127755,1.0,-0.09975498774938751,-1.0,0.3333333333333333,1.0,ZB=F,bond
2021-07-30 00:00:00+00:00,164.71875,0.0034266133637921303,0.08539628054059724,2021-07,0.02468895800933124,1.0,0.04749602543720188,1.0,-0.09634836276358649,-1.0,0.3333333333333333,1.0,ZB=F,bond
2021-08-31 00:00:00+00:00,164.53125,-0.0030297292179511937,0.0800483618036037,2021-08,-0.0011383039271485318,-1.0,0.04051383399209496,1.0,-0.07241014799154333,-1.0,-0.3333333333333333,1.0,ZB=F,bond
2021-09-30 00:00:00+00:00,159.21875,0.0007857002553526282,0.08241212014864926,2021-09,-0.03228869895536557,-1.0,-0.009525660964230132,-1.0,-0.0967913490515866,-1.0,-1.0,1.0,ZB=F,bond
2021-10-29 00:00:00+00:00,160.84375,0.0021417445482865283,0.08213783922315386,2021-10,0.010206084396467086,1.0,-0.02352494782773662,-1.0,-0.06740351512955245,-1.0,-0.3333333333333333,1.0,ZB=F,bond
2021-11-30 00:00:00+00:00,163.6875,0.01041666666666674,0.090800845748554,2021-11,0.0176802020594522,1.0,-0.00512820512820511,-1.0,-0.05808307858298867,-1.0,-0.3333333333333333,1.0,ZB=F,bond
2021-12-31 00:00:00+00:00,160.4375,0.0035183737294761652,0.08991035162041906,2021-12,-0.0198549064528446,-1.0,0.00765456329735037,1.0,-0.07361963190184051,-1.0,-0.3333333333333333,1.0,ZB=F,bond
2022-01-31 00:00:00+00:00,155.625,-0.0008025682182986049,0.09214570073807082,2022-01,-0.029996104402025714,-1.0,-0.03244608509811542,-1.0,-0.07760696425263935,-1.0,-1.0,1.0,ZB=F,bond
2022-02-28 00:00:00+00:00,154.59375,0.015394088669950845,0.09059703335297553,2022-02,-0.0066265060240964235,-1.0,-0.05555555555555558,-1.0,-0.03829704510108867,-1.0,-1.0,1.0,ZB=F,bond
2022-03-31 00:00:00+00:00,150.0625,0.004182350480970376,0.12103689527269977,2022-03,-0.029310693349504757,-1.0,-0.06466692637319826,-1.0,-0.029310693349504757,-1.0,-1.0,1.0,ZB=F,bond
2022-04-29 00:00:00+00:00,140.6875,-0.0037618942243858866,0.12199710951645504,2022-04,-0.06247396917950854,-1.0,-0.09598393574297193,-1.0,-0.10532591414944359,-1.0,-1.0,1.0,ZB=F,bond
2022-05-31 00:00:00+00:00,140.4375,-0.010568031704095149,0.1280109481716392,2022-05,-0.0017769880053309928,-1.0,-0.09157064887810795,-1.0,-0.11185770750988144,-1.0,-1.0,1.0,ZB=F,bond
2022-06-30 00:00:00+00:00,138.625,0.012323140118667197,0.1345246925804094,2022-06,-0.01290609701824652,-1.0,-0.07621824239900044,-1.0,-0.1376360808709176,-1.0,-1.0,1.0,ZB=F,bond
2022-07-29 00:00:00+00:00,144.0,0.005893909626718985,0.1337104270506393,2022-07,0.03877366997294862,1.0,0.023545091070635182,1.0,-0.1257825839499146,-1.0,0.3333333333333333,1.0,ZB=F,bond
2022-08-31 00:00:00+00:00,136.40625,-0.002741603838245399,0.1299923338695303,2022-08,-0.052734375,-1.0,-0.028704939919893202,-1.0,-0.1709401709401709,-1.0,-1.0,1.0,ZB=F,bond
2022-09-30 00:00:00+00:00,126.40625,-0.005164781111657635,0.14041314067832447,2022-09,-0.0733104238258877,-1.0,-0.08814247069431924,-1.0,-0.20608439646712462,-1.0,-1.0,1.0,ZB=F,bond
2022-10-31 00:00:00+00:00,120.5,-0.006185567010309256,0.14180171482254714,2022-10,-0.046724351050679847,-1.0,-0.16319444444444442,-1.0,-0.25082572372255685,-1.0,-1.0,1.0,ZB=F,bond
2022-11-30 00:00:00+00:00,127.03125,0.002466091245376001,0.1477771115743516,2022-11,0.05420124481327804,1.0,-0.06872852233676974,-1.0,-0.22394043528064145,-1.0,-0.3333333333333333,1.0,ZB=F,bond
2022-12-30 00:00:00+00:00,125.34375,-0.0012450199203187795,0.14614481267086277,2022-12,-0.013284132841328455,-1.0,-0.008405438813349764,-1.0,-0.21873782625633031,-1.0,-1.0,1.0,ZB=F,bond
2023-01-31 00:00:00+00:00,129.875,0.0007223693715385782,0.1406034763076391,2023-01,0.03615058588880582,1.0,0.07780082987551862,1.0,-0.16546184738955827,-1.0,0.3333333333333333,1.0,ZB=F,bond
2023-02-28 00:00:00+00:00,124.125,-0.0007547169811320531,0.13291894218810107,2023-02,-0.04427333974975933,-1.0,-0.022878228782287846,-1.0,-0.197089144936325,-1.0,-1.0,1.0,ZB=F,bond
2023-03-31 00:00:00+00:00,131.15625,0.007683073229291626,0.1482858717552141,2023-03,0.056646525679758364,1.0,0.046372475691847326,1.0,-0.12598917117867559,-1.0,0.3333333333333333,1.0,ZB=F,bond
2023-04-28 00:00:00+00:00,131.65625,0.009585430146177742,0.1383427469211486,2023-04,0.0038122468429830914,1.0,0.013715110683349296,1.0,-0.06419369169258105,-1.0,0.3333333333333333,1.0,ZB=F,bond
2023-05-31 00:00:00+00:00,128.0625,0.00687960687960687,0.13188112363921128,2023-05,-0.027296463327794895,-1.0,0.031722054380664666,1.0,-0.08811748998664881,-1.0,-0.3333333333333333,1.0,ZB=F,bond
2023-06-30 00:00:00+00:00,126.90625,0.005945008669804297,0.12545221335936138,2023-06,-0.009028794533919027,-1.0,-0.032404098165356165,-1.0,-0.08453561767357975,-1.0,-1.0,1.0,ZB=F,bond
2023-07-31 00:00:00+00:00,124.4375,0.0015090543259557165,0.12380769315924835,2023-07,-0.019453336616596872,-1.0,-0.05483028720626637,-1.0,-0.13585069444444442,-1.0,-1.0,1.0,ZB=F,bond
2023-08-31 00:00:00+00:00,121.5625,0.00361197110423106,0.12378787979742523,2023-08,-0.023103967855349072,-1.0,-0.05075646656905808,-1.0,-0.10882016036655207,-1.0,-1.0,1.0,ZB=F,bond
2023-09-29 00:00:00+00:00,113.78125,0.0024779735682818327,0.1272762891076363,2023-09,-0.06401028277634957,-1.0,-0.10342280226545186,-1.0,-0.09987639060568598,-1.0,-1.0,1.0,ZB=F,bond
2023-10-31 00:00:00+00:00,109.4375,0.001429796968830388,0.1404830766506995,2023-10,-0.038176325185388604,-1.0,-0.1205424409844299,-1.0,-0.09180497925311204,-1.0,-1.0,1.0,ZB=F,bond
2023-11-30 00:00:00+00:00,116.4375,-0.008251264306627593,0.14237185916482334,2023-11,0.0639634494574528,1.0,-0.04215938303341904,-1.0,-0.08339483394833946,-1.0,-0.3333333333333333,1.0,ZB=F,bond
2023-12-29 00:00:00+00:00,124.9375,-0.0014985014985015033,0.14182066383862604,2023-12,0.07300053676865281,1.0,0.09804998626750883,1.0,-0.003241087010720567,-1.0,0.3333333333333333,1.0,ZB=F,bond
2024-01-31 00:00:00+00:00,122.34375,0.009020618556700999,0.13057821967208236,2024-01,-0.020760380190095074,-1.0,0.11793260993717869,1.0,-0.05798845043310874,-1.0,-0.3333333333333333,1.0,ZB=F,bond
2024-02-29 00:00:00+00:00,119.25,0.004210526315789442,0.12962237768662302,2024-02,-0.025287356321839094,-1.0,0.024154589371980784,1.0,-0.0392749244712991,-1.0,-0.3333333333333333,1.0,ZB=F,bond
2024-03-28 00:00:00+00:00,120.4375,0.002080083203328087,0.1184638530354567,2024-03,0.009958071278826086,1.0,-0.03601800900450225,-1.0,-0.0817250416964499,-1.0,-0.3333333333333333,1.0,ZB=F,bond
2024-04-30 00:00:00+00:00,113.8125,-0.00681756203981454,0.12169152771240609,2024-04,-0.05500778412039442,-1.0,-0.06973180076628349,-1.0,-0.1355328744362687,-1.0,-1.0,1.0,ZB=F,bond
2024-05-31 00:00:00+00:00,115.9375,0.0043313481321061165,0.11343924481957611,2024-05,0.018671059857221284,1.0,-0.02777777777777779,-1.0,-0.09468033186920444,-1.0,-0.3333333333333333,1.0,ZB=F,bond
2024-06-28 00:00:00+00:00,118.3125,-0.00838135149292818,0.11329165865577066,2024-06,0.020485175202156425,1.0,-0.01764400622729634,-1.0,-0.06771731100714107,-1.0,-0.3333333333333333,1.0,ZB=F,bond
2024-07-31 00:00:00+00:00,120.78125,0.0049401976079042065,0.11205199338927148,2024-07,0.02086634970945589,1.0,0.061230093355299386,1.0,-0.029382219989954828,-1.0,0.3333333333333333,1.0,ZB=F,bond
2024-08-30 00:00:00+00:00,122.96875,-0.005056890012642201,0.11552343858571672,2024-08,0.018111254851228997,1.0,0.06064690026954178,1.0,0.011568123393316254,1.0,1.0,1.0,ZB=F,bond
2024-09-30 00:00:00+00:00,124.1875,-0.005505505505505548,0.10505053196994427,2024-09,0.009911054637865346,1.0,0.049656629688325404,1.0,0.09145839055204608,1.0,1.0,1.0,ZB=F,bond
2024-10-31 00:00:00+00:00,117.96875,-0.0007940709370036769,0.10311318705327219,2024-10,-0.05007549068948158,-1.0,-0.023285899094437235,-1.0,0.0779554540262708,1.0,-0.3333333333333333,1.0,ZB=F,bond
2024-11-29 00:00:00+00:00,119.28125,0.005532139093783028,0.10755360296380709,2024-11,0.011125827814569611,1.0,-0.02998729351969509,-1.0,0.024422973698336126,1.0,0.3333333333333333,1.0,ZB=F,bond
2024-12-31 00:00:00+00:00,113.84375,-0.002191180498493539,0.10453876360973426,2024-12,-0.04558553838092738,-1.0,-0.08329139406139907,-1.0,-0.08879439719859927,-1.0,-1.0,1.0,ZB=F,bond
2025-01-31 00:00:00+00:00,113.90625,-0.006541291905151292,0.09948632909474493,2025-01,0.0005489980785067239,1.0,-0.03443708609271523,-1.0,-0.06896551724137934,-1.0,-0.3333333333333333,1.0,ZB=F,bond
2025-02-28 00:00:00+00:00,118.3125,0.005043801433501471,0.10355359399038824,2025-02,0.03868312757201653,1.0,-0.008121561435682434,-1.0,-0.00786163522012584,-1.0,-0.3333333333333333,1.0,ZB=F,bond
2025-03-31 00:00:00+00:00,117.28125,0.0016012810248198228,0.10050243311314837,2025-03,-0.008716323296354966,-1.0,0.030194894317869814,1.0,-0.026206538661131318,-1.0,-0.3333333333333333,1.0,ZB=F,bond
2025-04-30 00:00:00+00:00,116.625,-0.0037373198077950143,0.11825745360755617,2025-04,-0.005595523581135131,-1.0,0.023868312757201693,1.0,0.02471169686985175,1.0,0.3333333333333333,1.0,ZB=F,bond
2025-05-30 00:00:00+00:00,113.1875,0.0,0.11497328939357637,2025-05,-0.029474812433011754,-1.0,-0.04331748547279446,-1.0,-0.023719676549865176,-1.0,-1.0,1.0,ZB=F,bond
2025-06-30 00:00:00+00:00,115.46875,0.00873600873600866,0.11050265702068403,2025-06,0.020154610712313614,1.0,-0.015454303224087362,-1.0,-0.024035921817221362,-1.0,-0.3333333333333333,1.0,ZB=F,bond
2025-07-31 00:00:00+00:00,114.1875,0.0027442371020856005,0.10611205149862432,2025-07,-0.011096075778078474,-1.0,-0.020900321543408373,-1.0,-0.05459249676584732,-1.0,-1.0,1.0,ZB=F,bond
2025-08-29 00:00:00+00:00,114.65625,-0.004612045577862212,0.09826509485440996,2025-08,0.004105090311986803,1.0,0.012976256212037462,1.0,-0.0675984752223634,-1.0,0.3333333333333333,1.0,ZB=F,bond
2025-09-30 00:00:00+00:00,116.59375,-0.0021396095212623534,0.09493633721224713,2025-09,0.016898337421640708,1.0,0.009742895805141982,1.0,-0.06114745848012082,-1.0,0.3333333333333333,1.0,ZB=F,bond
2025-10-31 00:00:00+00:00,117.3125,-0.00239170874302419,0.08778325203716697,2025-10,0.00616456714017688,1.0,0.027367268746579132,1.0,-0.0055629139072848055,-1.0,0.3333333333333333,1.0,ZB=F,bond
2025-11-28 00:00:00+00:00,117.875,-0.0029077451757864026,0.08040394787361266,2025-11,0.004794885455514208,1.0,0.02807304442627423,1.0,-0.011789363374377748,-1.0,0.3333333333333333,1.0,ZB=F,bond
2025-12-31 00:00:00+00:00,115.59375,-0.0018888289260657887,0.07598346698140626,2025-12,-0.0193531283138918,-1.0,-0.008576789064593915,-1.0,0.015371946198188269,1.0,-0.3333333333333333,1.0,ZB=F,bond
2026-01-30 00:00:00+00:00,115.125,-0.0008136696501220841,0.07416931047105914,2026-01,-0.0040551500405514584,-1.0,-0.018646776771443774,-1.0,0.010699588477366184,1.0,-0.3333333333333333,1.0,ZB=F,bond
2026-02-27 00:00:00+00:00,118.875,0.005019815059445154,0.07186824435282307,2026-02,0.032573289902280145,1.0,0.008483563096500557,1.0,0.004754358161648264,1.0,1.0,1.0,ZB=F,bond
2026-03-31 00:00:00+00:00,113.875,0.0033039647577093323,0.0828477012250208,2026-03,-0.04206098843322814,-1.0,-0.0148688834820222,-1.0,-0.029043431921129792,-1.0,-1.0,1.0,ZB=F,bond
2026-04-30 00:00:00+00:00,112.84375,0.001386577925679422,0.07672284297223676,2026-04,-0.009055982436882548,-1.0,-0.019815418023887088,-1.0,-0.032422293676312997,-1.0,-1.0,1.0,ZB=F,bond
2026-05-29 00:00:00+00:00,112.71875,-0.0008310249307479367,0.08358772847407932,2026-05,-0.0011077263915812985,-1.0,-0.05178759200841221,-1.0,-0.004141358365543857,-1.0,-1.0,1.0,ZB=F,bond
2026-06-30 00:00:00+00:00,113.5,-0.005748699698877591,0.08100805646881135,2026-06,0.006930967563071766,1.0,-0.003293084522502765,-1.0,-0.017050067658998636,-1.0,-0.3333333333333333,1.0,ZB=F,bond
2026-07-31 00:00:00+00:00,108.3125,-0.00999714367323623,0.07794277738850654,2026-07,-0.04570484581497802,-1.0,-0.040155081694821404,-1.0,-0.051450465243568666,-1.0,-1.0,1.0,ZB=F,bond
2020-01-31 00:00:00+00:00,193.6875,0.002426006792819013,,2020-01,,,,,,,,1.0,UB=F,bond
2020-02-28 00:00:00+00:00,206.5625,0.021164838560173038,,2020-02,0.0664730558244595,1.0,,,,,,1.0,UB=F,bond
2020-03-31 00:00:00+00:00,221.875,-0.014436424208772891,0.34250687093753984,2020-03,0.07413010590015134,1.0,,,,,,1.0,UB=F,bond
2020-04-30 00:00:00+00:00,224.78125,-0.003601606870757723,0.30478863498197706,2020-04,0.013098591549295824,1.0,0.16053565666343972,1.0,,,,1.0,UB=F,bond
2020-05-29 00:00:00+00:00,219.71875,0.01180025903007631,0.2730974546381256,2020-05,-0.022521896288057786,-1.0,0.06369137670196667,1.0,,,,1.0,UB=F,bond
2020-06-30 00:00:00+00:00,218.15625,-0.0047048759623610215,0.244294808418071,2020-06,-0.007111363959607431,-1.0,-0.016760563380281646,-1.0,,,,1.0,UB=F,bond
2020-07-31 00:00:00+00:00,227.6875,-0.0001372306847811089,0.21013287759797583,2020-07,0.04369001575705478,1.0,0.012929236757959206,1.0,,,,1.0,UB=F,bond
2020-08-31 00:00:00+00:00,218.0625,0.01233135064558244,0.1889768378126752,2020-08,-0.04227285204501785,-1.0,-0.007538045797183868,-1.0,,,,1.0,UB=F,bond
2020-09-30 00:00:00+00:00,221.8125,-0.008936051382295473,0.1727703242479014,2020-09,0.017196904557179815,1.0,0.016759776536312776,1.0,,,,1.0,UB=F,bond
2020-10-30 00:00:00+00:00,215.0,-0.002464839785413897,0.15593007869476078,2020-10,-0.03071287686672297,-1.0,-0.055723304968432585,-1.0,,,,1.0,UB=F,bond
2020-11-30 00:00:00+00:00,217.71875,0.00028715003589385724,0.1571242054306568,2020-11,0.012645348837209358,1.0,-0.0015763829177414257,-1.0,,,,1.0,UB=F,bond
2020-12-31 00:00:00+00:00,213.5625,0.0035242290748898064,0.14354609212882022,2020-12,-0.01908999569398595,-1.0,-0.037193575655114164,-1.0,,,,1.0,UB=F,bond
2021-01-29 00:00:00+00:00,204.71875,-0.007123370718399524,0.138711316870001,2021-01,-0.04141059408838166,-1.0,-0.04781976744186045,-1.0,0.05695385608260728,1.0,-0.3333333333333333,1.0,UB=F,bond
2021-02-26 00:00:00+00:00,190.5625,0.01803005008347247,0.13611163717329683,2021-02,-0.06914974813005648,-1.0,-0.12473087412085548,-1.0,-0.07745839636913765,-1.0,-1.0,1.0,UB=F,bond
2021-03-31 00:00:00+00:00,181.21875,-0.006339958875942409,0.13766923307101017,2021-03,-0.04903246966218433,-1.0,-0.15144863915715545,-1.0,-0.1832394366197183,-1.0,-1.0,1.0,UB=F,bond
2021-04-30 00:00:00+00:00,185.90625,0.0016837851490150157,0.13347825163820135,2021-04,0.025866528711846914,1.0,-0.09189436727217215,-1.0,-0.17294591964409844,-1.0,-0.3333333333333333,1.0,UB=F,bond
2021-05-28 00:00:00+00:00,186.875,0.0038610038610038533,0.12301031638108793,2021-05,0.0052109598251806055,1.0,-0.019350606756313504,-1.0,-0.1494808704309487,-1.0,-0.3333333333333333,1.0,UB=F,bond
2021-06-30 00:00:00+00:00,192.6875,0.005872756933115841,0.12830675713829823,2021-06,0.031103678929765843,1.0,0.06328677358165202,1.0,-0.11674545194098263,-1.0,0.3333333333333333,1.0,UB=F,bond
2021-07-30 00:00:00+00:00,199.53125,0.004088693190753334,0.1329626652426495,2021-07,0.035517353227376036,1.0,0.07328962850899301,1.0,-0.12366181718363989,-1.0,0.3333333333333333,1.0,UB=F,bond
2021-08-31 00:00:00+00:00,199.0625,-0.005153834140246727,0.12349103957061845,2021-08,-0.002349256068911565,-1.0,0.0652173913043479,1.0,-0.08713098308971057,-1.0,-0.3333333333333333,1.0,UB=F,bond
2021-09-30 00:00:00+00:00,191.0625,-0.0008171269815329119,0.12509411787864366,2021-09,-0.040188383045525855,-1.0,-0.008433344145313049,-1.0,-0.1386306001690617,-1.0,-1.0,1.0,UB=F,bond
2021-10-29 00:00:00+00:00,196.40625,0.003833253473885856,0.12768300024372373,2021-10,0.027968596663395573,1.0,-0.01566170712607673,-1.0,-0.08648255813953487,-1.0,-0.3333333333333333,1.0,UB=F,bond
2021-11-30 00:00:00+00:00,201.0625,0.017394054395951875,0.14152672564460692,2021-11,0.023707239459029417,1.0,0.010047095761381408,1.0,-0.07650351657815413,-1.0,0.3333333333333333,1.0,UB=F,bond
2021-12-31 00:00:00+00:00,197.125,0.00798977309044413,0.14028806701073107,2021-12,-0.01958346285359025,-1.0,0.031730454694144594,1.0,-0.07696810067310511,-1.0,-0.3333333333333333,1.0,UB=F,bond
2022-01-31 00:00:00+00:00,188.9375,-0.003132728771640614,0.14278332343041075,2022-01,-0.04153455928979077,-1.0,-0.03802704852824179,-1.0,-0.07708746756220419,-1.0,-1.0,1.0,UB=F,bond
2022-02-28 00:00:00+00:00,184.03125,0.019563711911357418,0.13844608787408125,2022-02,-0.025967581872312295,-1.0,-0.08470624805719618,-1.0,-0.03427353230567398,-1.0,-1.0,1.0,UB=F,bond
2022-03-31 00:00:00+00:00,177.125,0.006034788782392608,0.16414270517557636,2022-03,-0.03752759381898452,-1.0,-0.10145846544071024,-1.0,-0.022590101741679636,-1.0,-1.0,1.0,UB=F,bond
2022-04-29 00:00:00+00:00,160.4375,-0.005038759689922512,0.1658009272862361,2022-04,-0.0942131263232181,-1.0,-0.1508435329143235,-1.0,-0.13699781475878303,-1.0,-1.0,1.0,UB=F,bond
2022-05-31 00:00:00+00:00,156.09375,-0.01382033563672258,0.1827708561079305,2022-05,-0.02707440592130894,-1.0,-0.15180845644421803,-1.0,-0.1647157190635451,-1.0,-1.0,1.0,UB=F,bond
2022-06-30 00:00:00+00:00,154.34375,0.015419407894736947,0.18787660621205535,2022-06,-0.011211211211211158,-1.0,-0.1286167960479887,-1.0,-0.1989944858903665,-1.0,-1.0,1.0,UB=F,bond
2022-07-29 00:00:00+00:00,158.3125,0.010975853123129209,0.18432209112881354,2022-07,0.02571370722818389,1.0,-0.013245033112582738,-1.0,-0.20657791699295225,-1.0,-0.3333333333333333,1.0,UB=F,bond
2022-08-31 00:00:00+00:00,149.6875,-0.006224066390041472,0.17800604776773318,2022-08,-0.054480852743782116,-1.0,-0.041041041041041004,-1.0,-0.24803767660910514,-1.0,-1.0,1.0,UB=F,bond
2022-09-30 00:00:00+00:00,137.0,-0.011722272317403082,0.18545253058392625,2022-09,-0.0847599164926931,-1.0,-0.11237092528852,-1.0,-0.28295714753025847,-1.0,-1.0,1.0,UB=F,bond
2022-10-31 00:00:00+00:00,127.65625,-0.013046629620681371,0.18375216350852072,2022-10,-0.06820255474452552,-1.0,-0.19364390051322544,-1.0,-0.35003977724741453,-1.0,-1.0,1.0,UB=F,bond
2022-11-30 00:00:00+00:00,135.875,-0.0013780431786862835,0.19206158570150106,2022-11,0.06438188494492048,1.0,-0.0922755741127349,-1.0,-0.3242151072427728,-1.0,-0.3333333333333333,1.0,UB=F,bond
2022-12-30 00:00:00+00:00,134.3125,-0.0037088548910524377,0.1989295573093112,2022-12,-0.011499540018399257,-1.0,-0.019616788321167866,-1.0,-0.31864299302473054,-1.0,-1.0,1.0,UB=F,bond
2023-01-31 00:00:00+00:00,141.75,-0.0006609385327164263,0.19131484057677484,2023-01,0.055374592833876246,1.0,0.1104039167686659,1.0,-0.24975190208402254,-1.0,0.3333333333333333,1.0,UB=F,bond
2023-02-28 00:00:00+00:00,134.5625,-0.00023218017181336759,0.1813441610456584,2023-02,-0.050705467372133994,-1.0,-0.00965961361545542,-1.0,-0.2688062489386993,-1.0,-1.0,1.0,UB=F,bond
2023-03-31 00:00:00+00:00,141.125,0.009613234965347717,0.18903803361518323,2023-03,0.048769159312587185,1.0,0.050721265704979146,1.0,-0.20324629498941427,-1.0,0.3333333333333333,1.0,UB=F,bond
2023-04-28 00:00:00+00:00,141.40625,0.013664874551971407,0.17512338785016193,2023-04,0.0019929140832595227,1.0,-0.0024250440917107374,-1.0,-0.11862095831710162,-1.0,-0.3333333333333333,1.0,UB=F,bond
2023-05-31 00:00:00+00:00,136.375,0.00855095909406045,0.16498920930432445,2023-05,-0.03558011049723753,-1.0,0.013469577333952598,1.0,-0.12632632632632634,-1.0,-0.3333333333333333,1.0,UB=F,bond
2023-06-30 00:00:00+00:00,136.21875,0.009261403102569954,0.15426077826961743,2023-06,-0.0011457378551786856,-1.0,-0.03476527900797166,-1.0,-0.11743267867989471,-1.0,-1.0,1.0,UB=F,bond
2023-07-31 00:00:00+00:00,132.21875,0.002131691141639136,0.15038697802663697,2023-07,-0.029364533149805028,-1.0,-0.06497237569060776,-1.0,-0.1648243189893407,-1.0,-1.0,1.0,UB=F,bond
2023-08-31 00:00:00+00:00,127.96875,0.004415011037527616,0.1524382622509908,2023-08,-0.032143701252658974,-1.0,-0.06164069660861593,-1.0,-0.14509394572025047,-1.0,-1.0,1.0,UB=F,bond
2023-09-29 00:00:00+00:00,118.6875,0.0031695721077653616,0.15035044456721144,2023-09,-0.07252747252747249,-1.0,-0.12869924294562973,-1.0,-0.13366788321167888,-1.0,-1.0,1.0,UB=F,bond
2023-10-31 00:00:00+00:00,112.5625,0.0019471488178024465,0.17191142507165497,2023-10,-0.051606108478146395,-1.0,-0.1486646182935476,-1.0,-0.11823745410036723,-1.0,-1.0,1.0,UB=F,bond
2023-11-30 00:00:00+00:00,122.3125,-0.009615384615384581,0.17563162296629806,2023-11,0.08661854525263735,1.0,-0.044200244200244154,-1.0,-0.09981600735970564,-1.0,-0.3333333333333333,1.0,UB=F,bond
2023-12-29 00:00:00+00:00,133.59375,-0.003960857409133323,0.17722727375571734,2023-12,0.09223300970873782,1.0,0.1255924170616114,1.0,-0.005351326198231754,-1.0,0.3333333333333333,1.0,UB=F,bond
2024-01-31 00:00:00+00:00,129.21875,0.01050830889540566,0.1640388525026134,2024-01,-0.03274853801169586,-1.0,0.14797334813992236,1.0,-0.08840388007054678,-1.0,-0.3333333333333333,1.0,UB=F,bond
2024-02-29 00:00:00+00:00,126.0,0.006239081607187336,0.1631034851266669,2024-02,-0.024909310761789594,-1.0,0.03014818599897806,1.0,-0.06363214119832794,-1.0,-0.3333333333333333,1.0,UB=F,bond
2024-03-28 00:00:00+00:00,129.0,0.003646973012399801,0.15034032581000456,2024-03,0.023809523809523725,1.0,-0.03438596491228074,-1.0,-0.08591674047829934,-1.0,-0.3333333333333333,1.0,UB=F,bond
2024-04-30 00:00:00+00:00,119.5625,-0.0085514381964239,0.15434972807940972,2024-04,-0.07315891472868219,-1.0,-0.07472793228536878,-1.0,-0.154475138121547,-1.0,-1.0,1.0,UB=F,bond
2024-05-31 00:00:00+00:00,122.21875,0.005398457583547511,0.14513929330495817,2024-05,0.022216414009409213,1.0,-0.030009920634920584,-1.0,-0.10380384967919343,-1.0,-0.3333333333333333,1.0,UB=F,bond
2024-06-28 00:00:00+00:00,125.34375,-0.013041338582677198,0.14672766937456194,2024-06,0.02556890820761959,1.0,-0.02834302325581395,-1.0,-0.0798348245010323,-1.0,-0.3333333333333333,1.0,UB=F,bond
2024-07-31 00:00:00+00:00,127.96875,0.005895357406042745,0.14704001573969708,2024-07,0.020942408376963373,1.0,0.07030841610036598,1.0,-0.032143701252658974,-1.0,0.3333333333333333,1.0,UB=F,bond
2024-08-30 00:00:00+00:00,130.90625,-0.00711068973690443,0.15064055857746939,2024-08,0.022954822954822873,1.0,0.07108156481718231,1.0,0.022954822954822873,1.0,1.0,1.0,UB=F,bond
2024-09-30 00:00:00+00:00,133.09375,-0.005835667600373462,0.13902277991487128,2024-09,0.01671043208402967,1.0,0.06182996758912984,1.0,0.12137967351237489,1.0,1.0,1.0,UB=F,bond
2024-10-31 00:00:00+00:00,125.625,0.0004977600796416404,0.1358466153612314,2024-10,-0.05611645926273778,-1.0,-0.01831501831501836,-1.0,0.11604664075513593,1.0,-0.3333333333333333,1.0,UB=F,bond
2024-11-29 00:00:00+00:00,127.15625,0.007427581084426871,0.1471014016266152,2024-11,0.01218905472636811,1.0,-0.02864645500119356,-1.0,0.03960143076136946,1.0,0.3333333333333333,1.0,UB=F,bond
2024-12-31 00:00:00+00:00,118.90625,-0.0036658811207122,0.14304427698485694,2024-12,-0.06488080609486357,-1.0,-0.10659779290913363,-1.0,-0.10994152046783623,-1.0,-1.0,1.0,UB=F,bond
2025-01-31 00:00:00+00:00,118.46875,-0.009147935180344957,0.13287365537045912,2025-01,-0.0036793692509855536,-1.0,-0.0569651741293532,-1.0,-0.083192261185006,-1.0,-1.0,1.0,UB=F,bond
2025-02-28 00:00:00+00:00,124.25,0.005818365798128111,0.13784800175518558,2025-02,0.048799788973885594,1.0,-0.02285573851069056,-1.0,-0.01388888888888884,-1.0,-0.3333333333333333,1.0,UB=F,bond
2025-03-31 00:00:00+00:00,122.25,0.0035915854284247484,0.1319801839902384,2025-03,-0.01609657947686116,-1.0,0.02812089356110392,1.0,-0.05232558139534882,-1.0,-0.3333333333333333,1.0,UB=F,bond
2025-04-30 00:00:00+00:00,121.03125,-0.005903490759753605,0.1515407147820375,2025-04,-0.009969325153374231,-1.0,0.021630176734370954,1.0,0.012284370099320485,1.0,0.3333333333333333,1.0,UB=F,bond
2025-05-30 00:00:00+00:00,116.28125,-0.0010738255033556632,0.14612775006604972,2025-05,-0.03924606248386264,-1.0,-0.06413480885311873,-1.0,-0.04858092559447713,-1.0,-1.0,1.0,UB=F,bond
2025-06-30 00:00:00+00:00,119.125,0.011408861767046918,0.13788098049026404,2025-06,0.024455791453910303,1.0,-0.02556237218813906,-1.0,-0.04961356270256789,-1.0,-0.3333333333333333,1.0,UB=F,bond
2025-07-31 00:00:00+00:00,117.3125,0.004280363830925671,0.1322125708512596,2025-07,-0.015215110178384061,-1.0,-0.030725535760392497,-1.0,-0.08327228327228331,-1.0,-1.0,1.0,UB=F,bond
2025-08-29 00:00:00+00:00,116.8125,-0.0074349442379182396,0.12188228643292921,2025-08,-0.004262120404901482,-1.0,0.004568664337543771,1.0,-0.1076629267128193,-1.0,-0.3333333333333333,1.0,UB=F,bond
2025-09-30 00:00:00+00:00,120.0625,-0.004663212435233155,0.11916016110712319,2025-09,0.027822364901016527,1.0,0.007869884575026243,1.0,-0.09791030758393993,-1.0,0.3333333333333333,1.0,UB=F,bond
2025-10-31 00:00:00+00:00,121.28125,-0.0041057223505260865,0.11063571339483343,2025-10,0.010150963040083338,1.0,0.03383058071390521,1.0,-0.03457711442786071,-1.0,0.3333333333333333,1.0,UB=F,bond
2025-11-28 00:00:00+00:00,121.28125,-0.004616568350859218,0.10140403283943576,2025-11,0.0,0.0,0.038255751738897725,1.0,-0.046202998279675556,-1.0,0.0,1.0,UB=F,bond
2025-12-31 00:00:00+00:00,118.0,-0.0031678986272439813,0.09408811110089703,2025-12,-0.027054882762174715,-1.0,-0.017178552837064043,-1.0,-0.007621550591327186,-1.0,-1.0,1.0,UB=F,bond
2026-01-30 00:00:00+00:00,117.4375,-0.002918546033430669,0.09229258943340203,2026-01,-0.004766949152542388,-1.0,-0.031692862664261745,-1.0,-0.00870482722236876,-1.0,-1.0,1.0,UB=F,bond
2026-02-27 00:00:00+00:00,121.9375,0.0059293632379480155,0.08908176107701467,2026-02,0.0383182543906333,1.0,0.005410976552434832,1.0,-0.018611670020120763,-1.0,0.3333333333333333,1.0,UB=F,bond
2026-03-31 00:00:00+00:00,116.5625,0.0018802041364491817,0.09627246350996577,2026-03,-0.04407995899538697,-1.0,-0.01218220338983056,-1.0,-0.046523517382413115,-1.0,-1.0,1.0,UB=F,bond
2026-04-30 00:00:00+00:00,115.03125,0.0,0.08719809782330254,2026-04,-0.013136729222520072,-1.0,-0.020489622139435837,-1.0,-0.04957397366382654,-1.0,-1.0,1.0,UB=F,bond
2026-05-29 00:00:00+00:00,114.84375,-0.0013586956521739468,0.0935809747231215,2026-05,-0.0016299918500407573,-1.0,-0.05817529472065608,-1.0,-0.012362268207471105,-1.0,-1.0,1.0,UB=F,bond
2026-06-30 00:00:00+00:00,116.15625,-0.006415396952686447,0.09200123920312235,2026-06,0.011428571428571344,1.0,-0.0034852546916890326,-1.0,-0.02492130115424973,-1.0,-0.3333333333333333,1.0,UB=F,bond
2026-07-31 00:00:00+00:00,109.6875,-0.010710259301014657,0.08929930150189992,2026-07,-0.05569007263922521,-1.0,-0.04645476772616142,-1.0,-0.0649973361747469,-1.0,-1.0,1.0,UB=F,bond
2020-01-31 00:00:00+00:00,0.6700000166893005,-0.0014902937700621566,,2020-01,,,,,,,,1.0,6A=F,fx
2020-02-28 00:00:00+00:00,0.652400016784668,-0.009413841781065746,,2020-02,-0.026268655919741923,-1.0,,,,,,1.0,6A=F,fx
2020-03-31 00:00:00+00:00,0.6141999959945679,-0.0017877518606229659,0.14462649524796328,2020-03,-0.058553065308562746,-1.0,,,,,,1.0,6A=F,fx
2020-04-30 00:00:00+00:00,0.6523000001907349,-0.0030566625843146955,0.1464397955801324,2020-04,0.06203191866595836,1.0,-0.026417934414431077,-1.0,,,,1.0,6A=F,fx
2020-05-29 00:00:00+00:00,0.6660000085830688,0.0001501976199673738,0.1466151447478886,2020-05,0.021002619022425284,1.0,0.020846093575269897,1.0,,,,1.0,6A=F,fx
2020-06-30 00:00:00+00:00,0.6898000240325928,0.005392825967296178,0.1436243667970947,2020-06,0.03573575847267496,1.0,0.12308698881641411,1.0,,,,1.0,6A=F,fx
2020-07-31 00:00:00+00:00,0.7146999835968018,-0.004457437890239557,0.12932188451571014,2020-07,0.03609735966467942,1.0,0.09566147997519692,1.0,,,,1.0,6A=F,fx
2020-08-31 00:00:00+00:00,0.7389000058174133,0.004349591566003674,0.11873584421947095,2020-08,0.033860392858584554,1.0,0.10945945389616574,1.0,,,,1.0,6A=F,fx
2020-09-30 00:00:00+00:00,0.7161999940872192,0.00462899598402311,0.11346225863272003,2020-09,-0.03072135816954291,-1.0,0.0382719181427269,1.0,,,,1.0,6A=F,fx
2020-10-30 00:00:00+00:00,0.7028999924659729,0.00042697150039461285,0.1060791639889841,2020-10,-0.018570234195822488,-1.0,-0.01651041192339786,-1.0,,,,1.0,6A=F,fx
2020-11-30 00:00:00+00:00,0.735450029373169,-0.005005693548013834,0.10090079803917891,2020-11,0.04630820494534538,1.0,-0.0046690708040092455,-1.0,,,,1.0,6A=F,fx
2020-12-31 00:00:00+00:00,0.7696499824523926,0.0024094933946592345,0.09507256976601407,2020-12,0.04650207589001343,1.0,0.07462997599335952,1.0,,,,1.0,6A=F,fx
2021-01-29 00:00:00+00:00,0.7640500068664551,-0.007211496199777789,0.09593434003753602,2021-01,-0.007276003006059795,-1.0,0.0869967492615138,1.0,0.14037311617078418,1.0,0.3333333333333333,1.0,6A=F,fx
2021-02-26 00:00:00+00:00,0.771049976348877,-0.024419615481988455,0.09283754346474409,2021-02,0.009161664052763197,1.0,0.04840566395251922,1.0,0.18186688613064628,1.0,1.0,1.0,6A=F,fx
2021-03-31 00:00:00+00:00,0.7599999904632568,0.001185575692047136,0.1006175701325828,2021-03,-0.014331089066294656,-1.0,-0.012538156576561321,-1.0,0.23738195281586827,1.0,-0.3333333333333333,1.0,6A=F,fx
2021-04-30 00:00:00+00:00,0.7705000042915344,-0.00906691266407278,0.09467817873188561,2021-04,0.01381580784215175,1.0,0.008441852453522358,1.0,0.18120497327339802,1.0,1.0,1.0,6A=F,fx
2021-05-28 00:00:00+00:00,0.771399974822998,-0.003938316562271615,0.09697074448467363,2021-05,0.001168034427580844,1.0,0.00045392449887415864,1.0,0.15825820552791003,1.0,1.0,1.0,6A=F,fx
2021-06-30 00:00:00+00:00,0.7495999932289124,-0.0025282997138817986,0.09526393069807366,2021-06,-0.02826028299921557,-1.0,-0.013684207059009523,-1.0,0.08669174704681382,1.0,-0.3333333333333333,1.0,6A=F,fx
2021-07-30 00:00:00+00:00,0.7335000038146973,-0.009051579921721564,0.08935526189723543,2021-07,-0.021478107736986662,-1.0,-0.048020766087935596,-1.0,0.026304772141287014,1.0,-0.3333333333333333,1.0,6A=F,fx
2021-08-31 00:00:00+00:00,0.7321000099182129,0.003082846822717533,0.09354669208353109,2021-08,-0.0019086487923700712,-1.0,-0.050946287512911526,-1.0,-0.009202863507461911,-1.0,-1.0,1.0,6A=F,fx
2021-09-30 00:00:00+00:00,0.7232499718666077,0.006680996559448538,0.09062716292824162,2021-09,-0.012088564310487993,-1.0,-0.03515210992572404,-1.0,0.009843588156368988,1.0,-0.3333333333333333,1.0,6A=F,fx
2021-10-29 00:00:00+00:00,0.7526000142097473,-0.0017905505668271982,0.08520819067975453,2021-10,0.040580772187783554,1.0,0.026039550505408293,1.0,0.07070710239932221,1.0,1.0,1.0,6A=F,fx
2021-11-30 00:00:00+00:00,0.7120500206947327,-0.0011221911566219323,0.08496328090239054,2021-11,-0.053879873437942094,-1.0,-0.027386953902268196,-1.0,-0.03181726527141526,-1.0,-1.0,1.0,6A=F,fx
2021-12-31 00:00:00+00:00,0.7276999950408936,0.0028250293012699323,0.08603368854320413,2021-12,0.021978756957118817,1.0,0.006152814859848421,1.0,-0.05450527950098916,-1.0,0.3333333333333333,1.0,6A=F,fx
2022-01-31 00:00:00+00:00,0.7074000239372253,0.013104229552448388,0.0947343515492416,2022-01,-0.027896071515745247,-1.0,-0.06005844993237652,-1.0,-0.07414433927114839,-1.0,-1.0,1.0,6A=F,fx
2022-02-28 00:00:00+00:00,0.7263500094413757,0.004286260207888137,0.09641906022067136,2022-02,0.026788217222101673,1.0,0.020082842961918423,1.0,-0.05797285296494947,-1.0,0.3333333333333333,1.0,6A=F,fx
2022-03-31 00:00:00+00:00,0.7488999962806702,-0.0026634363154628415,0.09847700876660871,2022-03,0.031045620632176085,1.0,0.02913288633262301,1.0,-0.014605255686675367,-1.0,0.3333333333333333,1.0,6A=F,fx
2022-04-29 00:00:00+00:00,0.7084000110626221,-0.0018317279468269554,0.10247359847620267,2022-04,-0.054079296860978565,-1.0,0.0014136091201002454,1.0,-0.08059700568854966,-1.0,-0.3333333333333333,1.0,6A=F,fx
2022-05-31 00:00:00+00:00,0.7176499962806702,0.0027246411041541574,0.1234788690463521,2022-05,0.013057573508747922,1.0,-0.011977714665959205,-1.0,-0.06967848106899555,-1.0,-0.3333333333333333,1.0,6A=F,fx
2022-06-30 00:00:00+00:00,0.690750002861023,0.004654199004349824,0.12934862977837638,2022-06,-0.03748344396162551,-1.0,-0.07764720751561327,-1.0,-0.07850852574636813,-1.0,-1.0,1.0,6A=F,fx
2022-07-29 00:00:00+00:00,0.6996999979019165,0.0031541325716699653,0.12186147538010093,2022-07,0.012956923639266815,1.0,-0.012281215450089089,-1.0,-0.04608044408588663,-1.0,-0.3333333333333333,1.0,6A=F,fx
2022-08-31 00:00:00+00:00,0.6847500205039978,-0.0013125800965949619,0.12549474121054993,2022-08,-0.021366267604326028,-1.0,-0.04584404089344596,-1.0,-0.06467694136420632,-1.0,-1.0,1.0,6A=F,fx
2022-09-30 00:00:00+00:00,0.6409000158309937,-0.010345860647910543,0.1323321233489432,2022-09,-0.0640379749689225,-1.0,-0.07216791433015601,-1.0,-0.11386098754083629,-1.0,-1.0,1.0,6A=F,fx
2022-10-31 00:00:00+00:00,0.6395000219345093,-0.0029622041118099185,0.1409995110551034,2022-10,-0.0021844185706082486,-1.0,-0.08603683885653812,-1.0,-0.1502790195851862,-1.0,-1.0,1.0,6A=F,fx
2022-11-30 00:00:00+00:00,0.6794000267982483,0.015393873041480433,0.15775979232425616,2022-11,0.06239249960154836,1.0,-0.007813061037678759,-1.0,-0.04585351161794571,-1.0,-0.3333333333333333,1.0,6A=F,fx
2022-12-30 00:00:00+00:00,0.6813499927520752,0.0033870323717153372,0.15286743183771062,2022-12,0.0028701293448814003,1.0,0.06311433284743173,1.0,-0.06369383345428459,-1.0,0.3333333333333333,1.0,6A=F,fx
2023-01-31 00:00:00+00:00,0.7056499719619751,-0.0007080979513272023,0.14619961015679106,2023-01,0.035664459482487976,1.0,0.10344010595552433,1.0,-0.002473921283618119,-1.0,0.3333333333333333,1.0,6A=F,fx
2023-02-28 00:00:00+00:00,0.6737499833106995,-0.000148425605026703,0.14055250720608226,2023-02,-0.04520653286867082,-1.0,-0.008316224999541655,-1.0,-0.07241691394914429,-1.0,-1.0,1.0,6A=F,fx
2023-03-31 00:00:00+00:00,0.6686000227928162,-0.004022003907642513,0.13268699340572296,2023-03,-0.007643726375438531,-1.0,-0.018712805599013782,-1.0,-0.10722389355942719,-1.0,-1.0,1.0,6A=F,fx
2023-04-28 00:00:00+00:00,0.6618499755859375,-0.002411676958189335,0.12903252340188104,2023-04,-0.010095792666418024,-1.0,-0.06207042884768632,-1.0,-0.06571151150443666,-1.0,-1.0,1.0,6A=F,fx
2023-05-31 00:00:00+00:00,0.6497499942779541,-0.002839178875587156,0.11829184405414231,2023-05,-0.018282060518731935,-1.0,-0.03562150594024993,-1.0,-0.09461436961557601,-1.0,-1.0,1.0,6A=F,fx
2023-06-30 00:00:00+00:00,0.666700005531311,0.006719551971066551,0.11662954534252003,2023-06,0.026086974070993252,1.0,-0.0028417846197021923,-1.0,-0.03481722364111339,-1.0,-0.3333333333333333,1.0,6A=F,fx
2023-07-31 00:00:00+00:00,0.6721000075340271,0.009993284008685377,0.11650754565316285,2023-07,0.008099597956974236,1.0,0.015486941642651297,1.0,-0.03944546298506402,-1.0,0.3333333333333333,1.0,6A=F,fx
2023-08-31 00:00:00+00:00,0.6478000283241272,-0.0012333548557017515,0.10886583200902743,2023-08,-0.0361553026893392,-1.0,-0.0030011019176596765,-1.0,-0.05396128670821254,-1.0,-1.0,1.0,6A=F,fx
2023-09-29 00:00:00+00:00,0.6441500186920166,0.00241210517835988,0.10207879515918072,2023-09,-0.005634469701326306,-1.0,-0.03382328881387031,-1.0,0.005070998253618342,1.0,-0.3333333333333333,1.0,6A=F,fx
2023-10-31 00:00:00+00:00,0.6345000267028809,-0.005329939135798933,0.09909754445703949,2023-10,-0.014980969819314183,-1.0,-0.05594402679610533,-1.0,-0.007818600563144984,-1.0,-1.0,1.0,6A=F,fx
2023-11-30 00:00:00+00:00,0.6611999869346619,-0.0022634834710212326,0.10453158123925638,2023-11,0.04208031380317645,1.0,0.02068533193059685,1.0,-0.026788400273335622,-1.0,0.3333333333333333,1.0,6A=F,fx
2023-12-29 00:00:00+00:00,0.6818000078201294,-0.0029247942428083373,0.10274659711251162,2023-12,0.03115550709698245,1.0,0.05844910042005935,1.0,0.0006604756334354089,1.0,1.0,1.0,6A=F,fx
2024-01-31 00:00:00+00:00,0.6599000096321106,-0.0014375105470504357,0.0987803870591797,2024-01,-0.03212085353011085,-1.0,0.04003149229357539,1.0,-0.06483379033185843,-1.0,-0.3333333333333333,1.0,6A=F,fx
2024-02-29 00:00:00+00:00,0.6496999859809875,7.697729344169346e-05,0.09452037633893344,2024-02,-0.015456923022034053,-1.0,-0.017392621265751362,-1.0,-0.035695729759478545,-1.0,-1.0,1.0,6A=F,fx
2024-03-28 00:00:00+00:00,0.6521499752998352,-0.001607463976464052,0.08909667179134062,2024-03,0.0037709548587236963,1.0,-0.04348787354094075,-1.0,-0.024603719611416275,-1.0,-0.3333333333333333,1.0,6A=F,fx
2024-04-30 00:00:00+00:00,0.6485000252723694,-0.01316281769304295,0.09193184603150714,2024-04,-0.005596795469918869,-1.0,-0.017275320796095506,-1.0,-0.020170659221901976,-1.0,-1.0,1.0,6A=F,fx
2024-05-31 00:00:00+00:00,0.664650022983551,0.000677529453013026,0.08951807367776526,2024-05,0.024903619247198527,1.0,0.023010677736109653,1.0,0.02293194126481657,1.0,1.0,1.0,6A=F,fx
2024-06-28 00:00:00+00:00,0.6672000288963318,0.003157495891482398,0.08741909461926307,2024-06,0.003836614495752233,1.0,0.023077595900509174,1.0,0.0007499975414313464,1.0,1.0,1.0,6A=F,fx
2024-07-31 00:00:00+00:00,0.6547999978065491,0.0009171206638691753,0.07987587825590314,2024-07,-0.01858517768695933,-1.0,0.009714683560010151,1.0,-0.025740231414299153,-1.0,-0.3333333333333333,1.0,6A=F,fx
2024-08-30 00:00:00+00:00,0.6769499778747559,-0.004704836717969951,0.08422433595123878,2024-08,0.03382709245938442,1.0,0.018505912082860565,1.0,0.04499837646818294,1.0,1.0,1.0,6A=F,fx
2024-09-30 00:00:00+00:00,0.6920499801635742,0.0008677132901504514,0.08487899826208692,2024-09,0.022305935124222742,1.0,0.03724512918314571,1.0,0.07436149977736739,1.0,1.0,1.0,6A=F,fx
2024-10-31 00:00:00+00:00,0.6575499773025513,-0.0009876150572447617,0.08104992694285756,2024-10,-0.04985189487740249,-1.0,0.004199724351273693,1.0,0.036327737792931636,1.0,0.3333333333333333,1.0,6A=F,fx
2024-11-29 00:00:00+00:00,0.6522499918937683,0.003924897595511734,0.08638516477821105,2024-11,-0.008060201645090026,-1.0,-0.03648716565222687,-1.0,-0.013535987927625226,-1.0,-1.0,1.0,6A=F,fx
2024-12-31 00:00:00+00:00,0.6189000010490417,-0.005623368928530881,0.08743613398654858,2024-12,-0.05113068801717713,-1.0,-0.10570042802001467,-1.0,-0.0922558023608614,-1.0,-1.0,1.0,6A=F,fx
2025-01-31 00:00:00+00:00,0.6215500235557556,-0.0036068550885675066,0.08346161540468441,2025-01,0.00428182663147858,1.0,-0.05474861986077051,-1.0,-0.05811484394087951,-1.0,-0.3333333333333333,1.0,6A=F,fx
2025-02-28 00:00:00+00:00,0.6198499798774719,-0.007287058976713112,0.08489289358927479,2025-02,-0.0027351679090253933,-1.0,-0.049674223716316024,-1.0,-0.04594429236202746,-1.0,-1.0,1.0,6A=F,fx
2025-03-31 00:00:00+00:00,0.625,-0.005885188203532898,0.08432172505661897,2025-03,0.008308494457878401,1.0,0.009856194765905046,1.0,-0.041631490191121445,-1.0,0.3333333333333333,1.0,6A=F,fx
2025-04-30 00:00:00+00:00,0.6404500007629395,0.002739928522954571,0.13527841321122028,2025-04,0.02472000122070317,1.0,0.03040781351605637,1.0,-0.01241329868267771,-1.0,0.3333333333333333,1.0,6A=F,fx
2025-05-30 00:00:00+00:00,0.644349992275238,-0.0012400426799371589,0.12882729753616032,2025-05,0.00608945508260228,1.0,0.03952571298398544,1.0,-0.030542435878040064,-1.0,0.3333333333333333,1.0,6A=F,fx
2025-06-30 00:00:00+00:00,0.658050000667572,0.00935654411365383,0.1191079403566967,2025-06,0.021261749913208616,1.0,0.05288000106811519,1.0,-0.013714070492316321,-1.0,0.3333333333333333,1.0,6A=F,fx
2025-07-31 00:00:00+00:00,0.6432499885559082,-0.0001554621794240818,0.10978038621408252,2025-07,-0.022490710579210815,-1.0,0.0043719069242458275,1.0,-0.01763898791895402,-1.0,-0.3333333333333333,1.0,6A=F,fx
2025-08-29 00:00:00+00:00,0.6547499895095825,0.0016062344070071344,0.09819669945645347,2025-08,0.017877965267425466,1.0,0.016140292324085426,1.0,-0.03279413411736698,-1.0,0.3333333333333333,1.0,6A=F,fx
2025-09-30 00:00:00+00:00,0.6617500185966492,0.00539348663070216,0.0903105344796881,2025-09,0.010691148070593792,1.0,0.0056227002892235145,1.0,-0.04378290937854412,-1.0,0.3333333333333333,1.0,6A=F,fx
2025-10-31 00:00:00+00:00,0.6543999910354614,-0.0016019459059533059,0.08149657192890539,2025-10,-0.01110695482377877,-1.0,0.017333855698287604,1.0,-0.004790489507751072,-1.0,-0.3333333333333333,1.0,6A=F,fx
2025-11-28 00:00:00+00:00,0.6553000211715698,0.005138460688910662,0.07707372848412863,2025-11,0.0013753516938230792,1.0,0.0008400636438334885,1.0,0.004676166064710774,1.0,1.0,1.0,6A=F,fx
2025-12-31 00:00:00+00:00,0.6672999858856201,-0.003509344083679533,0.07010468343239683,2025-12,0.01831216897047594,1.0,0.008386803374393015,1.0,0.07820323922207129,1.0,1.0,1.0,6A=F,fx
2026-01-30 00:00:00+00:00,0.6972500085830688,-0.007826422460233684,0.07287002528012142,2026-01,0.044882396719520434,1.0,0.06547985656265909,1.0,0.12179226475489413,1.0,1.0,1.0,6A=F,fx
2026-02-27 00:00:00+00:00,0.7113999724388123,0.0007736822916892816,0.07805305897757493,2026-02,0.020293960102630182,1.0,0.08560956730467506,1.0,0.14769701626744802,1.0,1.0,1.0,6A=F,fx
2026-03-31 00:00:00+00:00,0.6888999938964844,0.005546598763832344,0.0907054587844659,2026-03,-0.03162774727864237,-1.0,0.032369261902796875,1.0,0.10223999023437491,1.0,0.3333333333333333,1.0,6A=F,fx
2026-04-30 00:00:00+00:00,0.7196000218391418,0.011953367725379138,0.08797427726095086,2026-04,0.04456383831420174,1.0,0.03205451843807361,1.0,0.12358501207262784,1.0,1.0,1.0,6A=F,fx
2026-05-29 00:00:00+00:00,0.7180500030517578,0.002793064968019676,0.08635092837558024,2026-05,-0.00215400047296066,-1.0,0.009347808364608134,1.0,0.1143788494763236,1.0,0.3333333333333333,1.0,6A=F,fx
2026-06-30 00:00:00+00:00,0.6919000148773193,0.004427711898907782,0.08434480319852061,2026-06,-0.0364180601118298,-1.0,0.004354798965618523,1.0,0.05143988173453007,1.0,0.3333333333333333,1.0,6A=F,fx
2026-07-31 00:00:00+00:00,0.7035499811172485,0.001138319326348336,0.0758335727265204,2026-07,0.016837644152955855,1.0,-0.022304113722610652,-1.0,0.09374270289023001,1.0,0.3333333333333333,1.0,6A=F,fx
2020-01-31 00:00:00+00:00,1.3207999467849731,0.009091564009668929,,2020-01,,,,,,,,1.0,6B=F,fx
2020-02-28 00:00:00+00:00,1.2798000574111938,-0.007753132339959556,,2020-02,-0.031041710346505713,-1.0,,,,,,1.0,6B=F,fx
2020-03-31 00:00:00+00:00,1.2441999912261963,0.0042780250573337675,0.1505396944643399,2020-03,-0.027816896849504835,-1.0,,,,,,1.0,6B=F,fx
2020-04-30 00:00:00+00:00,1.2599999904632568,0.011885602357762926,0.13534341023011673,2020-04,0.012698922479085661,1.0,-0.046032676235119974,-1.0,,,,1.0,6B=F,fx
2020-05-29 00:00:00+00:00,1.2325999736785889,-0.001458247101999488,0.12804945602537374,2020-05,-0.021746045231789246,-1.0,-0.03688082639102419,-1.0,,,,1.0,6B=F,fx
2020-06-30 00:00:00+00:00,1.239300012588501,0.008709089363690525,0.12070206012341832,2020-06,0.005435696132555012,1.0,-0.003938256447716393,-1.0,,,,1.0,6B=F,fx
2020-07-31 00:00:00+00:00,1.3106000423431396,0.0012223277812828393,0.10945319653164273,2020-07,0.05753250143660993,1.0,0.040158771637195834,1.0,,,,1.0,6B=F,fx
2020-08-31 00:00:00+00:00,1.3379000425338745,0.0026228901301161844,0.10435750360822663,2020-08,0.020830153600427836,1.0,0.08542923178963457,1.0,,,,1.0,6B=F,fx
2020-09-30 00:00:00+00:00,1.2899999618530273,0.0028764814509669723,0.10656123397342111,2020-09,-0.035802436025137,-1.0,0.04091014988261832,1.0,,,,1.0,6B=F,fx
2020-10-30 00:00:00+00:00,1.2958999872207642,0.00247538858980767,0.10363317278189448,2020-10,0.004573663211014045,1.0,-0.011216278534597168,-1.0,,,,1.0,6B=F,fx
2020-11-30 00:00:00+00:00,1.3344000577926636,0.0019523005298627272,0.09647672274340974,2020-11,0.029709137241731298,1.0,-0.0026160285745878697,-1.0,,,,1.0,6B=F,fx
2020-12-31 00:00:00+00:00,1.3654999732971191,0.003011580043205786,0.09573298581216437,2020-12,0.023306290585673572,1.0,0.058527142385058184,1.0,,,,1.0,6B=F,fx
2021-01-29 00:00:00+00:00,1.370300054550171,-0.0029105351762385157,0.08926020770123463,2021-01,0.003515255471929102,1.0,0.057411889854994014,1.0,0.03747736959384995,1.0,1.0,1.0,6B=F,fx
2021-02-26 00:00:00+00:00,1.3946000337600708,-0.006341237896137275,0.08269631596674368,2021-02,0.017733327185684766,1.0,0.045113888908989486,1.0,0.0897014933575615,1.0,1.0,1.0,6B=F,fx
2021-03-31 00:00:00+00:00,1.3779000043869019,0.004080722486634603,0.07552616014626347,2021-03,-0.011974780559945164,-1.0,0.009080945684562414,1.0,0.10745861927626299,1.0,0.3333333333333333,1.0,6B=F,fx
2021-04-30 00:00:00+00:00,1.381100058555603,-0.009964102194237157,0.07087627145542554,2021-04,0.0023224139331685656,1.0,0.007881488415307336,1.0,0.09611116588010615,1.0,1.0,1.0,6B=F,fx
2021-05-28 00:00:00+00:00,1.419600009918213,-0.0011258282034140032,0.07422595882397623,2021-05,0.027876294062918472,1.0,0.01792626957762078,1.0,0.15171186129554948,1.0,1.0,1.0,6B=F,fx
2021-06-30 00:00:00+00:00,1.3803999423980713,-0.003465262179536799,0.07058645219895754,2021-06,-0.027613459598665457,-1.0,0.0018143101844909637,1.0,0.11385453754241293,1.0,0.3333333333333333,1.0,6B=F,fx
2021-07-30 00:00:00+00:00,1.38919997215271,-0.005725748839880862,0.06878069100328868,2021-07,0.0063749855997174976,1.0,0.005864827495249081,1.0,0.059972476171331834,1.0,1.0,1.0,6B=F,fx
2021-08-31 00:00:00+00:00,1.3758000135421753,-0.0007262692936926829,0.06840442658720783,2021-08,-0.009645809731604005,-1.0,-0.030853758854623492,-1.0,0.02832795410972655,1.0,-0.3333333333333333,1.0,6B=F,fx
2021-09-30 00:00:00+00:00,1.347499966621399,0.0029772597302861747,0.07255196682273513,2021-09,-0.02056988417082095,-1.0,-0.023833654846085794,-1.0,0.044573648425365375,1.0,-0.3333333333333333,1.0,6B=F,fx
2021-10-29 00:00:00+00:00,1.368899941444397,-0.007324153324417826,0.06634104194260701,2021-10,0.015881243304706194,1.0,-0.014612749147162707,-1.0,0.0563314722922339,1.0,0.3333333333333333,1.0,6B=F,fx
2021-11-30 00:00:00+00:00,1.3281999826431274,-0.0007523673698029976,0.07005620080007341,2021-11,-0.0297318727023429,-1.0,-0.03459807416086258,-1.0,-0.004646339089487306,-1.0,-1.0,1.0,6B=F,fx
2021-12-31 00:00:00+00:00,1.3535000085830688,0.0019246091503561935,0.06548683802185551,2021-12,0.019048355873032108,1.0,0.004452721417659067,1.0,-0.008787964078150301,-1.0,0.3333333333333333,1.0,6B=F,fx
2022-01-31 00:00:00+00:00,1.3458000421524048,0.00552901660441818,0.06454919155795216,2022-01,-0.005688929724296687,-1.0,-0.01687479018197513,-1.0,-0.01787930484014233,-1.0,-1.0,1.0,6B=F,fx
2022-02-28 00:00:00+00:00,1.3415000438690186,0.0003729179599156751,0.06410024549689461,2022-02,-0.0031951242002556945,-1.0,0.010013598403625812,1.0,-0.03807542564579314,-1.0,-0.3333333333333333,1.0,6B=F,fx
2022-03-31 00:00:00+00:00,1.3133000135421753,-0.00015229020232176982,0.06720782348927024,2022-03,-0.0210212667943801,-1.0,-0.029700771914273894,-1.0,-0.04688293101027341,-1.0,-1.0,1.0,6B=F,fx
2022-04-29 00:00:00+00:00,1.2598999738693237,0.010993427035676628,0.07495504228277895,2022-04,-0.040660960269712665,-1.0,-0.06382825501008071,-1.0,-0.08775619401032686,-1.0,-1.0,1.0,6B=F,fx
2022-05-31 00:00:00+00:00,1.2604999542236328,-0.0016632274165138128,0.09449888042749735,2022-05,0.00047621268890618573,1.0,-0.060380236300085044,-1.0,-0.11207386206185377,-1.0,-0.3333333333333333,1.0,6B=F,fx
2022-06-30 00:00:00+00:00,1.218400001525879,0.005197568173824996,0.10932756954418851,2022-06,-0.03339940835117616,-1.0,-0.07226072568166375,-1.0,-0.1173572498059956,-1.0,-1.0,1.0,6B=F,fx
2022-07-29 00:00:00+00:00,1.218000054359436,0.0020568138431455996,0.10606976812525978,2022-07,-0.0003282560455860617,-1.0,-0.03325654447091331,-1.0,-0.12323633834226311,-1.0,-1.0,1.0,6B=F,fx
2022-08-31 00:00:00+00:00,1.1618000268936157,-0.0036875038080318445,0.1021576387319079,2022-08,-0.046141235597379926,-1.0,-0.07830220619945072,-1.0,-0.15554585298890122,-1.0,-1.0,1.0,6B=F,fx
2022-09-30 00:00:00+00:00,1.1175999641418457,0.010488262303563367,0.13088056010563137,2022-09,-0.03804446697247099,-1.0,-0.0827314816626682,-1.0,-0.17061225096426824,-1.0,-1.0,1.0,6B=F,fx
2022-10-31 00:00:00+00:00,1.1475000381469727,-0.012223441531214907,0.1449653344031988,2022-10,0.026753825129267828,1.0,-0.05788178412647149,-1.0,-0.16173563647304556,-1.0,-0.3333333333333333,1.0,6B=F,fx
2022-11-30 00:00:00+00:00,1.2064000368118286,0.008864434268754495,0.16395274108366722,2022-11,0.051328973164976865,1.0,0.038388714826821824,1.0,-0.09170301718338836,-1.0,0.3333333333333333,1.0,6B=F,fx
2022-12-30 00:00:00+00:00,1.2067999839782715,-0.000910723802380442,0.1491493585087649,2022-12,0.0003315211822272346,1.0,0.07981390721045556,1.0,-0.10838568428113449,-1.0,0.3333333333333333,1.0,6B=F,fx
2023-01-31 00:00:00+00:00,1.2325999736785889,-0.0019433527115190197,0.1352665733067335,2023-01,0.021378844914520467,1.0,0.07416116139659468,1.0,-0.0841135866608902,-1.0,0.3333333333333333,1.0,6B=F,fx
2023-02-28 00:00:00+00:00,1.2057000398635864,-0.0003316036570298886,0.12782561159006614,2023-02,-0.02182373388725778,-1.0,-0.0005802361794451372,-1.0,-0.10122996613087798,-1.0,-1.0,1.0,6B=F,fx
2023-03-31 00:00:00+00:00,1.2339999675750732,-0.004678181065049136,0.11955967258861083,2023-03,0.023471781351760423,1.0,0.022538932679743384,1.0,-0.06038227758272652,-1.0,0.3333333333333333,1.0,6B=F,fx
2023-04-28 00:00:00+00:00,1.2569999694824219,0.005680443371962385,0.10880535513183302,2023-04,0.018638575779337918,1.0,0.01979555113165654,1.0,-0.002301773511428462,-1.0,0.3333333333333333,1.0,6B=F,fx
2023-05-31 00:00:00+00:00,1.242799997329712,0.002419762089099109,0.09804722890781739,2023-05,-0.011296716386203998,-1.0,0.030770470464878574,1.0,-0.014042013119169527,-1.0,-0.3333333333333333,1.0,6B=F,fx
2023-06-30 00:00:00+00:00,1.269700050354004,0.006500237331851455,0.09268753094582129,2023-06,0.021644716030004618,1.0,0.028930375783627227,1.0,0.042104439234962765,1.0,1.0,1.0,6B=F,fx
2023-07-31 00:00:00+00:00,1.2839000225067139,-0.0014776463572652165,0.09216385217344993,2023-07,0.01118372181583438,1.0,0.021400201811753616,1.0,0.05410506174561336,1.0,1.0,1.0,6B=F,fx
2023-08-31 00:00:00+00:00,1.2664999961853027,-0.004167357164442498,0.08199486245317524,2023-08,-0.013552477620055625,-1.0,0.01906984141174184,1.0,0.09011875268382497,1.0,0.3333333333333333,1.0,6B=F,fx
2023-09-29 00:00:00+00:00,1.2207000255584717,0.0009019870105269057,0.07595881255262049,2023-09,-0.036162629897181664,-1.0,-0.038591811335181525,-1.0,0.09225131059823521,1.0,-0.3333333333333333,1.0,6B=F,fx
2023-10-31 00:00:00+00:00,1.2151999473571777,-0.000986583271126773,0.07457155641103959,2023-10,-0.004505675502691653,-1.0,-0.05350889784658208,-1.0,0.058997740269821186,1.0,-0.3333333333333333,1.0,6B=F,fx
2023-11-30 00:00:00+00:00,1.2625000476837158,-0.006609460465645034,0.08523253736513961,2023-11,0.03892371821559615,1.0,-0.0031582696515078945,-1.0,0.04650199698281132,1.0,0.3333333333333333,1.0,6B=F,fx
2023-12-29 00:00:00+00:00,1.2747000455856323,0.0014928322696783347,0.08289610113914805,2023-12,0.009663364309806965,1.0,0.04423692872657692,1.0,0.05626455295725585,1.0,1.0,1.0,6B=F,fx
2024-01-31 00:00:00+00:00,1.2711999416351318,0.0011025310711167968,0.07740026846580304,2024-01,-0.002745825547446734,-1.0,0.04608294659635481,1.0,0.031315892244703436,1.0,0.3333333333333333,1.0,6B=F,fx
2024-02-29 00:00:00+00:00,1.2613999843597412,-0.0032397987034964437,0.07120475726550946,2024-02,-0.007709217845608962,-1.0,-0.0008713372534067121,-1.0,0.046197182263058245,1.0,-0.3333333333333333,1.0,6B=F,fx
2024-03-28 00:00:00+00:00,1.2623000144958496,-0.0007915202775643504,0.0679793502890677,2024-03,0.0007135168441954054,1.0,-0.009727803127272838,-1.0,0.022933588058668075,1.0,0.3333333333333333,1.0,6B=F,fx
2024-04-30 00:00:00+00:00,1.250499963760376,-0.0047752024945053595,0.06890616513734975,2024-04,-0.0093480556127431,-1.0,-0.0162838096484883,-1.0,-0.005171046841570215,-1.0,-1.0,1.0,6B=F,fx
2024-05-31 00:00:00+00:00,1.2732000350952148,-0.0005494912713985833,0.06293015340949307,2024-05,0.018152796475561228,1.0,0.009354725607883196,1.0,0.02446092519377263,1.0,1.0,1.0,6B=F,fx
2024-06-28 00:00:00+00:00,1.264299988746643,-0.0002372685217916226,0.06063275776810996,2024-06,-0.0069902969708182106,-1.0,0.0015843889945545975,1.0,-0.004253021495789655,-1.0,-0.3333333333333333,1.0,6B=F,fx
2024-07-31 00:00:00+00:00,1.2857999801635742,0.0017919938536858915,0.05739017360621352,2024-07,0.01700545092802308,1.0,0.028228722451976385,1.0,0.0014798330271470483,1.0,1.0,1.0,6B=F,fx
2024-08-30 00:00:00+00:00,1.3125,-0.0036437881895291513,0.06370042951341914,2024-08,0.020765298062167536,1.0,0.030867078087887467,1.0,0.03632057161725166,1.0,1.0,1.0,6B=F,fx
2024-09-30 00:00:00+00:00,1.3375999927520752,-0.0007470840434371517,0.0636348128586329,2024-09,0.01912380400158109,1.0,0.057976749709614195,1.0,0.09576469627754913,1.0,1.0,1.0,6B=F,fx
2024-10-31 00:00:00+00:00,1.2882000207901,-0.007855840497535294,0.062097172497875115,2024-10,-0.036931797420494905,-1.0,0.0018665738556167266,1.0,0.06007247909422908,1.0,0.3333333333333333,1.0,6B=F,fx
2024-11-29 00:00:00+00:00,1.2724000215530396,0.004103557802771052,0.06996154726482431,2024-11,-0.012265175424674979,-1.0,-0.030552364531017506,-1.0,0.00784156316468021,1.0,-0.3333333333333333,1.0,6B=F,fx
2024-12-31 00:00:00+00:00,1.2508000135421753,-0.0027108660476122814,0.07036519785701552,2024-12,-0.016975799783860546,-1.0,-0.06489232930639555,-1.0,-0.018749534156074055,-1.0,-1.0,1.0,6B=F,fx
2025-01-31 00:00:00+00:00,1.2400000095367432,-0.004735552775057994,0.07855007229110583,2025-01,-0.008634477045492917,-1.0,-0.03741655835698099,-1.0,-0.02454368591164069,-1.0,-1.0,1.0,6B=F,fx
2025-02-28 00:00:00+00:00,1.257200002670288,-0.0028553309991332654,0.07587838515021245,2025-02,0.013870962097791262,1.0,-0.011945943591072039,-1.0,-0.003329619265521777,-1.0,-0.3333333333333333,1.0,6B=F,fx
2025-03-31 00:00:00+00:00,1.291100025177002,-0.002241116167423285,0.0731224126269831,2025-03,0.026964701268461955,1.0,0.03221938855013273,1.0,0.022815503723696562,1.0,1.0,1.0,6B=F,fx
2025-04-30 00:00:00+00:00,1.3339999914169312,-0.0046261425039395565,0.08454877951000747,2025-04,0.03322745364678292,1.0,0.07580643641713025,1.0,0.06677331473522186,1.0,1.0,1.0,6B=F,fx
2025-05-30 00:00:00+00:00,1.347000002861023,-0.002148310520283747,0.08231188862151625,2025-05,0.009745136077762284,1.0,0.0714285714285714,1.0,0.057964157816166706,1.0,1.0,1.0,6B=F,fx
2025-06-30 00:00:00+00:00,1.371899962425232,0.0016061966203986255,0.08173569465867983,2025-06,0.018485493326890534,1.0,0.06258224434404513,1.0,0.08510636291728324,1.0,1.0,1.0,6B=F,fx
2025-07-31 00:00:00+00:00,1.3220000267028809,-0.0015859759964477194,0.07678027755230814,2025-07,-0.036372867620856564,-1.0,-0.008995475855516522,-1.0,0.0281537152728073,1.0,-0.3333333333333333,1.0,6B=F,fx
2025-08-29 00:00:00+00:00,1.3513000011444092,-0.0003698504019499227,0.07101083372768964,2025-08,0.02216336902398064,1.0,0.003192277857648973,1.0,0.02956190563383565,1.0,1.0,1.0,6B=F,fx
2025-09-30 00:00:00+00:00,1.3450000286102295,0.0008930495339545264,0.07161326175510559,2025-09,-0.004662156833304398,-1.0,-0.01960779543097957,-1.0,0.0055323234885258366,1.0,-0.3333333333333333,1.0,6B=F,fx
2025-10-31 00:00:00+00:00,1.3140000104904175,-0.0004563976559315286,0.06736101674251299,2025-10,-0.02304834011925183,-1.0,-0.006051449357694638,-1.0,0.02002793765248767,1.0,-0.3333333333333333,1.0,6B=F,fx
2025-11-28 00:00:00+00:00,1.3235000371932983,7.557548162040462e-05,0.06688033645375281,2025-11,0.007229852836405426,1.0,-0.020572755071092463,-1.0,0.040160338552877484,1.0,0.3333333333333333,1.0,6B=F,fx
2025-12-31 00:00:00+00:00,1.3459999561309814,-0.00037139469375702117,0.061842637552490184,2025-12,0.017000316059981424,1.0,0.0007434405200610339,1.0,0.07611124205156239,1.0,1.0,1.0,6B=F,fx
2026-01-30 00:00:00+00:00,1.3697999715805054,-0.007031576418596974,0.062213493875483965,2026-01,0.01768203285677372,1.0,0.042465723473823935,1.0,0.10467738793990389,1.0,1.0,1.0,6B=F,fx
2026-02-27 00:00:00+00:00,1.3480000495910645,-0.0005190160332820826,0.06269714658840989,2026-02,-0.015914675457532446,-1.0,0.018511531325471342,1.0,0.07222402698688946,1.0,0.3333333333333333,1.0,6B=F,fx
2026-03-31 00:00:00+00:00,1.3228000402450562,0.0032612803538396573,0.06940756705735535,2026-03,-0.018694368263304617,-1.0,-0.017236193641946618,-1.0,0.024552718185957945,1.0,-0.3333333333333333,1.0,6B=F,fx
2026-04-30 00:00:00+00:00,1.3601000308990479,0.009650368388645525,0.06661075528386157,2026-04,0.028197754399131858,1.0,-0.0070812825833727056,-1.0,0.019565247113978,1.0,0.3333333333333333,1.0,6B=F,fx
2026-05-29 00:00:00+00:00,1.3460999727249146,0.001562493209106064,0.06564498173392479,2026-05,-0.01029340332040063,-1.0,-0.0014095525194722791,-1.0,-0.0006681738190027486,-1.0,-1.0,1.0,6B=F,fx
2026-06-30 00:00:00+00:00,1.3255000114440918,-0.0001508887237925416,0.06377787280154644,2026-06,-0.015303440827743375,-1.0,0.0020411030517775153,1.0,-0.033821672317210894,-1.0,-0.3333333333333333,1.0,6B=F,fx
2026-07-31 00:00:00+00:00,1.3481999635696411,0.000519478267593021,0.06446763329703314,2026-07,0.017125576710345314,1.0,-0.008749405969456947,-1.0,0.019818408727346082,1.0,0.3333333333333333,1.0,6B=F,fx
2020-01-31 00:00:00+00:00,0.7557500004768372,-0.0009914147250968952,,2020-01,,,,,,,,1.0,6C=F,fx
2020-02-28 00:00:00+00:00,0.746150016784668,-0.0026732263246109778,,2020-02,-0.01270259171169319,-1.0,,,,,,1.0,6C=F,fx
2020-03-31 00:00:00+00:00,0.7099999785423279,0.005025115876595487,0.09819187738788517,2020-03,-0.0484487535068604,-1.0,,,,,,1.0,6C=F,fx
2020-04-30 00:00:00+00:00,0.7182000279426575,-0.001876152559392219,0.09884415032122529,2020-04,0.011549365701622571,1.0,-0.04968570626594471,-1.0,,,,1.0,6C=F,fx
2020-05-29 00:00:00+00:00,0.725600004196167,-0.0014449809714642825,0.10123666553103237,2020-05,0.010303503154556193,1.0,-0.02754139533100286,-1.0,,,,1.0,6C=F,fx
2020-06-30 00:00:00+00:00,0.7361500263214111,0.0075965328469238536,0.09718568492455441,2020-06,0.014539721698226371,1.0,0.0368310543230872,1.0,,,,1.0,6C=F,fx
2020-07-31 00:00:00+00:00,0.7471500039100647,0.004233852409129213,0.08884497764416922,2020-07,0.014942575827404658,1.0,0.040309071068037605,1.0,,,,1.0,6C=F,fx
2020-08-31 00:00:00+00:00,0.7677000164985657,0.005171849064419698,0.0796082337804163,2020-08,0.027504533869981307,1.0,0.05802096480007313,1.0,,,,1.0,6C=F,fx
2020-09-30 00:00:00+00:00,0.7512000203132629,0.005420620199428905,0.07740795120280418,2020-09,-0.021492765182627216,-1.0,0.02044419405519493,1.0,,,,1.0,6C=F,fx
2020-10-30 00:00:00+00:00,0.7508999705314636,0.0005329076002551503,0.07242393182529663,2020-10,-0.00039942728126418636,-1.0,0.005019027774575635,1.0,,,,1.0,6C=F,fx
2020-11-30 00:00:00+00:00,0.7715499997138977,0.0020130114620509065,0.06788256391289911,2020-11,0.027500372876321455,1.0,0.005014957838468614,1.0,,,,1.0,6C=F,fx
2020-12-31 00:00:00+00:00,0.7833499908447266,-0.00025529089621711964,0.06339157852294883,2020-12,0.01529387743529842,1.0,0.04279814917744096,1.0,,,,1.0,6C=F,fx
2021-01-29 00:00:00+00:00,0.7811499834060669,-0.0005757613471504275,0.06720928141982727,2021-01,-0.0028084604128063573,-1.0,0.040285010070240546,1.0,0.033608975075360537,1.0,0.3333333333333333,1.0,6C=F,fx
2021-02-26 00:00:00+00:00,0.7869499921798706,-0.010312507050948883,0.06201430755430234,2021-02,0.007424961783284889,1.0,0.019959811381872195,1.0,0.05468066002466787,1.0,1.0,1.0,6C=F,fx
2021-03-31 00:00:00+00:00,0.7957000136375427,0.005052429049242413,0.061560682694866614,2021-03,0.011118904053146084,1.0,0.015765651288893956,1.0,0.12070427842992637,1.0,1.0,1.0,6C=F,fx
2021-04-30 00:00:00+00:00,0.8143500089645386,0.0,0.059178530141492755,2021-04,0.0234384755653545,1.0,0.04250147380623215,1.0,0.13387632592734722,1.0,1.0,1.0,6C=F,fx
2021-05-28 00:00:00+00:00,0.8274000287055969,-0.001628941871753442,0.059470003192776406,2021-05,0.016025074718979404,1.0,0.05140102538622404,1.0,0.14029771764156185,1.0,1.0,1.0,6C=F,fx
2021-06-30 00:00:00+00:00,0.8062000274658203,-0.0009293582818734603,0.05993880725184971,2021-06,-0.025622432323264888,-1.0,0.013195945266202491,1.0,0.09515723512835228,1.0,0.3333333333333333,1.0,6C=F,fx
2021-07-30 00:00:00+00:00,0.8013499975204468,-0.0032960478118201353,0.07251275975931831,2021-07,-0.006015913892509994,-1.0,-0.015963665869693444,-1.0,0.07254231857958504,1.0,-0.3333333333333333,1.0,6C=F,fx
2021-08-31 00:00:00+00:00,0.7932000160217285,0.0,0.07863980917891175,2021-08,-0.010170314499202693,-1.0,-0.041334314113297355,-1.0,0.033216098704109465,1.0,-0.3333333333333333,1.0,6C=F,fx
2021-09-30 00:00:00+00:00,0.7900000214576721,0.007010858606234516,0.07622535434873882,2021-09,-0.004034284542889788,-1.0,-0.020094276179908777,-1.0,0.05165069235252284,1.0,-0.3333333333333333,1.0,6C=F,fx
2021-10-29 00:00:00+00:00,0.8080999851226807,-0.002160884632018134,0.07001819070212462,2021-10,0.02291134578909415,1.0,0.008423270260335514,1.0,0.07617527878011865,1.0,1.0,1.0,6C=F,fx
2021-11-30 00:00:00+00:00,0.7821499705314636,-0.0010855962291498322,0.06673645082524692,2021-11,-0.03211238097879365,-1.0,-0.013930969827365969,-1.0,0.013738540368733787,1.0,-0.3333333333333333,1.0,6C=F,fx
2021-12-31 00:00:00+00:00,0.7906500101089478,0.007518350407719421,0.06624437214272631,2021-12,0.010867531672613229,1.0,0.0008227704223049415,1.0,0.009318975361637838,1.0,1.0,1.0,6C=F,fx
2022-01-31 00:00:00+00:00,0.7875499725341797,0.006968355124478798,0.07166500654297642,2022-01,-0.0039208721117209855,-1.0,-0.025430037083073564,-1.0,0.008193034966482049,1.0,-0.3333333333333333,1.0,6C=F,fx
2022-02-28 00:00:00+00:00,0.7882500290870667,0.002161393058065064,0.07081267780940714,2022-02,0.000888904294713333,1.0,0.007799090692873323,1.0,0.001651994307281024,1.0,1.0,1.0,6C=F,fx
2022-03-31 00:00:00+00:00,0.8010500073432922,-0.0004367338053162806,0.07073780761470663,2022-03,0.016238474828919713,1.0,0.013153730603141955,1.0,0.0067236315370813315,1.0,1.0,1.0,6C=F,fx
2022-04-29 00:00:00+00:00,0.77920001745224,-0.002049138717446608,0.07074803909871102,2022-04,-0.02727668646245751,-1.0,-0.010602444763055718,-1.0,-0.04316324814313255,-1.0,-1.0,1.0,6C=F,fx
2022-05-31 00:00:00+00:00,0.7907500267028809,0.006363417136872718,0.07533535000708753,2022-05,0.01482290681718168,1.0,0.003171579478036479,1.0,-0.04429538401159128,-1.0,0.3333333333333333,1.0,6C=F,fx
2022-06-30 00:00:00+00:00,0.7769500017166138,0.0018051626360231499,0.0763635972005655,2022-06,-0.01745181728770573,-1.0,-0.030085519512829006,-1.0,-0.03628135047470793,-1.0,-1.0,1.0,6C=F,fx
2022-07-29 00:00:00+00:00,0.7805500030517578,0.0009617918021522787,0.07627387455566374,2022-07,0.004633504507613129,1.0,0.0017325276813158208,1.0,-0.025956192092155383,-1.0,0.3333333333333333,1.0,6C=F,fx
2022-08-31 00:00:00+00:00,0.761900007724762,-0.0014416824414562601,0.07621198296347279,2022-08,-0.023893402413783793,-1.0,-0.03648437306845531,-1.0,-0.03946042317794041,-1.0,-1.0,1.0,6C=F,fx
2022-09-30 00:00:00+00:00,0.7238500118255615,-0.007336798772857089,0.08138538117657139,2022-09,-0.04994093124218224,-1.0,-0.06834415312919973,-1.0,-0.08373418713337955,-1.0,-1.0,1.0,6C=F,fx
2022-10-31 00:00:00+00:00,0.7339000105857849,-0.0014966036706404173,0.09043799265286252,2022-10,0.013884090068434274,1.0,-0.05976554004686818,-1.0,-0.09182028944800835,-1.0,-0.3333333333333333,1.0,6C=F,fx
2022-11-30 00:00:00+00:00,0.7442499995231628,0.011003155487513627,0.09434415219885202,2022-11,0.014102723515587279,1.0,-0.023165780315853812,-1.0,-0.04845614324136338,-1.0,-0.3333333333333333,1.0,6C=F,fx
2022-12-30 00:00:00+00:00,0.7388499975204468,0.00013538625585840514,0.08952920734042803,2022-12,-0.007255629165167421,-1.0,0.020722505284009207,1.0,-0.0655157300021576,-1.0,-0.3333333333333333,1.0,6C=F,fx
2023-01-31 00:00:00+00:00,0.7516499757766724,0.005888196924647593,0.08856282369330007,2023-01,0.017324190700658937,1.0,0.024185808604526127,1.0,-0.04558440481178383,-1.0,0.3333333333333333,1.0,6C=F,fx
2023-02-28 00:00:00+00:00,0.7338500022888184,-0.0034627999516299024,0.08176334497218812,2023-02,-0.02368120010841679,-1.0,-0.013973795419560231,-1.0,-0.0690136692557477,-1.0,-1.0,1.0,6C=F,fx
2023-03-31 00:00:00+00:00,0.7391499876976013,-0.001013657592056072,0.07660772005461085,2023-03,0.007222164464471881,1.0,0.0004060231145175397,1.0,-0.0772736022448639,-1.0,0.3333333333333333,1.0,6C=F,fx
2023-04-28 00:00:00+00:00,0.7389500141143799,0.004895629662856615,0.07341613478867713,2023-04,-0.0002705453379554523,-1.0,-0.016896111317198814,-1.0,-0.05165554727458299,-1.0,-1.0,1.0,6C=F,fx
2023-05-31 00:00:00+00:00,0.7369499802589417,0.0019033293758969894,0.07265380070100493,2023-05,-0.002706588831769996,-1.0,0.00422426648559604,1.0,-0.06803673048012959,-1.0,-0.3333333333333333,1.0,6C=F,fx
2023-06-30 00:00:00+00:00,0.7555500268936157,0.000529705039301609,0.07022888470976398,2023-06,0.025239225365252915,1.0,0.02218770137181414,1.0,-0.027543567508483635,-1.0,0.3333333333333333,1.0,6C=F,fx
2023-07-31 00:00:00+00:00,0.7591000199317932,0.004898090970701263,0.06616960581858893,2023-07,0.004698554578540515,1.0,0.027268428760452545,1.0,-0.027480600904619124,-1.0,0.3333333333333333,1.0,6C=F,fx
2023-08-31 00:00:00+00:00,0.7398499846458435,0.0008793136563820525,0.059806875145438095,2023-08,-0.02535902355486619,-1.0,0.003935144127262147,1.0,-0.028940835877880766,-1.0,-0.3333333333333333,1.0,6C=F,fx
2023-09-29 00:00:00+00:00,0.7377499938011169,-0.004184353227026261,0.05661492004675592,2023-09,-0.002838400876269298,-1.0,-0.023559039717968355,-1.0,0.019202848309001874,1.0,-0.3333333333333333,1.0,6C=F,fx
2023-10-31 00:00:00+00:00,0.7213000059127808,-0.0031785026564677965,0.0575805611473955,2023-10,-0.02229751003260705,-1.0,-0.04979582798905591,-1.0,-0.017168557693502562,-1.0,-1.0,1.0,6C=F,fx
2023-11-30 00:00:00+00:00,0.7372499704360962,0.0012222048368033533,0.05910396986802649,2023-11,0.022112802429734124,1.0,-0.00351424513577836,-1.0,-0.00940548080826542,-1.0,-0.3333333333333333,1.0,6C=F,fx
2023-12-29 00:00:00+00:00,0.7555500268936157,-0.0007273800530427366,0.057294521567775536,2023-12,0.024822051124254063,1.0,0.02412745949449291,1.0,0.022602733205946635,1.0,1.0,1.0,6C=F,fx
2024-01-31 00:00:00+00:00,0.7463499903678894,-0.0002679434486030363,0.05403394682543463,2024-01,-0.012176608031570724,-1.0,0.034728939761214495,1.0,-0.007051134942572923,-1.0,-0.3333333333333333,1.0,6C=F,fx
2024-02-29 00:00:00+00:00,0.7366999983787537,0.00013578142330494813,0.05435957835043676,2024-02,-0.012929580108092531,-1.0,-0.0007459777272248447,-1.0,0.003883622104035478,1.0,-0.3333333333333333,1.0,6C=F,fx
2024-03-28 00:00:00+00:00,0.7387499809265137,0.002714590068098488,0.05471487214679005,2024-03,0.002782655833136083,1.0,-0.022235517661450044,-1.0,-0.000541171315355915,-1.0,-0.3333333333333333,1.0,6C=F,fx
2024-04-30 00:00:00+00:00,0.7268499732017517,-0.007374533541238071,0.053836542723227965,2024-04,-0.01610830190457313,-1.0,-0.026127175477721587,-1.0,-0.016374640613722513,-1.0,-1.0,1.0,6C=F,fx
2024-05-31 00:00:00+00:00,0.7339000105857849,0.0032809035200065395,0.053120408383918606,2024-05,0.00969943955969077,1.0,-0.0038007164369902036,-1.0,-0.004138638652361526,-1.0,-0.3333333333333333,1.0,6C=F,fx
2024-06-28 00:00:00+00:00,0.73089998960495,0.0004106079624821568,0.049262592257481454,2024-06,-0.004087778903886896,-1.0,-0.010626046056500082,-1.0,-0.03262528808318943,-1.0,-1.0,1.0,6C=F,fx
2024-07-31 00:00:00+00:00,0.7253000140190125,0.004014402475407852,0.04436869092090719,2024-07,-0.007661753544372485,-1.0,-0.002132433431773717,-1.0,-0.04452641947739344,-1.0,-1.0,1.0,6C=F,fx
2024-08-30 00:00:00+00:00,0.7418500185012817,-0.0009426933320019204,0.045264078627238115,2024-08,0.02281814995502729,1.0,0.01083254912225895,1.0,0.0027032964748869848,1.0,1.0,1.0,6C=F,fx
2024-09-30 00:00:00+00:00,0.7397000193595886,-0.0009454307574612297,0.04354288108917154,2024-09,-0.002898158776131865,-1.0,0.012039991626481061,1.0,0.0026432064721879645,1.0,0.3333333333333333,1.0,6C=F,fx
2024-10-31 00:00:00+00:00,0.7193999886512756,-0.0007639858968931934,0.041957291717197746,2024-10,-0.027443598995560592,-1.0,-0.008134599825862066,-1.0,-0.0026341567252599063,-1.0,-1.0,1.0,6C=F,fx
2024-11-29 00:00:00+00:00,0.7146999835968018,0.0022436789279822733,0.046034054474800905,2024-11,-0.006533229258573359,-1.0,-0.036597741089674285,-1.0,-0.030586622914282047,-1.0,-1.0,1.0,6C=F,fx
2024-12-31 00:00:00+00:00,0.6955999732017517,-0.001793827376019408,0.048121741495972356,2024-12,-0.026724514948114675,-1.0,-0.059618825204327375,-1.0,-0.07934623990200085,-1.0,-1.0,1.0,6C=F,fx
2025-01-31 00:00:00+00:00,0.6895999908447266,-0.0067694153568109705,0.05030226910496221,2025-01,-0.008625621892145885,-1.0,-0.041423406000350105,-1.0,-0.076036712340801,-1.0,-1.0,1.0,6C=F,fx
2025-02-28 00:00:00+00:00,0.6920499801635742,-0.0013709067930457453,0.062101971723855245,2025-02,0.003552768780995086,1.0,-0.03169162439215267,-1.0,-0.060608142138509846,-1.0,-0.3333333333333333,1.0,6C=F,fx
2025-03-31 00:00:00+00:00,0.696150004863739,-0.00421972909429591,0.0611419087562595,2025-03,0.005924463286879567,1.0,0.000790729849306393,1.0,-0.05766494370578157,-1.0,0.3333333333333333,1.0,6C=F,fx
2025-04-30 00:00:00+00:00,0.7261499762535095,0.00442630146635925,0.07053025238970469,2025-04,0.04309411934234286,1.0,0.05300171968391565,1.0,-0.0009630556153957803,-1.0,0.3333333333333333,1.0,6C=F,fx
2025-05-30 00:00:00+00:00,0.7295500040054321,0.005859630365742996,0.07058585199351973,2025-05,0.004682266560779524,1.0,0.05418687221549279,1.0,-0.005927246924115281,-1.0,0.3333333333333333,1.0,6C=F,fx
2025-06-30 00:00:00+00:00,0.7344499826431274,0.00644056896035039,0.06680385392278104,2025-06,0.00671643973791114,1.0,0.055016846242621265,1.0,0.004857016128973157,1.0,1.0,1.0,6C=F,fx
2025-07-31 00:00:00+00:00,0.7228500247001648,-0.0022773992761717654,0.061846791291308496,2025-07,-0.01579407477309336,-1.0,-0.004544449027417796,-1.0,-0.003377897796074558,-1.0,-1.0,1.0,6C=F,fx
2025-08-29 00:00:00+00:00,0.7289999723434448,0.0011672900126307173,0.055578568497836454,2025-08,0.008507916487698886,1.0,-0.0007539327790658801,-1.0,-0.017321622750373633,-1.0,-0.3333333333333333,1.0,6C=F,fx
2025-09-30 00:00:00+00:00,0.7189499735832214,-0.0003476661284679272,0.050997497001848545,2025-09,-0.013786007052807747,-1.0,-0.021104240487724968,-1.0,-0.028051974088539322,-1.0,-1.0,1.0,6C=F,fx
2025-10-31 00:00:00+00:00,0.7141500115394592,-0.0023050793600303265,0.045750438778341534,2025-10,-0.006676350539161158,-1.0,-0.01203570984771607,-1.0,-0.007297716422902667,-1.0,-1.0,1.0,6C=F,fx
2025-11-28 00:00:00+00:00,0.7162500023841858,0.00455820878428681,0.04344207399554593,2025-11,0.002940545838821418,1.0,-0.017489671389524175,-1.0,0.0021687684664317697,1.0,0.3333333333333333,1.0,6C=F,fx
2025-12-31 00:00:00+00:00,0.729449987411499,-0.001983858549833406,0.04204737777383137,2025-12,0.01842929840610741,1.0,0.014604651525259582,1.0,0.04866304702966029,1.0,1.0,1.0,6C=F,fx
2026-01-30 00:00:00+00:00,0.7364000082015991,-0.006877965863540614,0.04637205774340944,2026-01,0.009527755034670404,1.0,0.031155914447409394,1.0,0.06786545530481347,1.0,1.0,1.0,6C=F,fx
2026-02-27 00:00:00+00:00,0.7340499758720398,0.003485914155951786,0.04717046115083933,2026-02,-0.0031912443011760105,-1.0,0.024851620842726962,1.0,0.060689252094969115,1.0,0.3333333333333333,1.0,6C=F,fx
2026-03-31 00:00:00+00:00,0.7180500030517578,-0.0005567635404254423,0.048131903896350456,2026-03,-0.021796844010892102,-1.0,-0.015628191865757368,-1.0,0.03145873451843961,1.0,-0.3333333333333333,1.0,6C=F,fx
2026-04-30 00:00:00+00:00,0.7365999817848206,0.007316230827987491,0.0449220757814201,2026-04,0.025833825853665005,1.0,0.00027155565045378083,1.0,0.014390974141769819,1.0,1.0,1.0,6C=F,fx
2026-05-29 00:00:00+00:00,0.725350022315979,-0.0009641166994962536,0.04279092390323344,2026-05,-0.015272820726362601,-1.0,-0.011851990793576905,-1.0,-0.005756948346780977,-1.0,-1.0,1.0,6C=F,fx
2026-06-30 00:00:00+00:00,0.7044500112533569,-7.098409592443122e-05,0.04187537068680172,2026-06,-0.028813690521288127,-1.0,-0.018940173721328724,-1.0,-0.04084685424296297,-1.0,-1.0,1.0,6C=F,fx
2026-07-31 00:00:00+00:00,0.7138000130653381,-0.001887695731018879,0.04134907881200259,2026-07,0.013272768347814656,1.0,-0.030952985722639936,-1.0,-0.012519902228101287,-1.0,-0.3333333333333333,1.0,6C=F,fx
2020-01-31 00:00:00+00:00,1.1099499464035034,0.005389469392312218,,2020-01,,,,,,,,1.0,6E=F,fx
2020-02-28 00:00:00+00:00,1.103950023651123,0.00377344338279495,,2020-02,-0.005405579568539598,-1.0,,,,,,1.0,6E=F,fx
2020-03-31 00:00:00+00:00,1.1022000312805176,-0.001042291177929533,0.08947449713279935,2020-03,-0.0015852097768136453,-1.0,,,,,,1.0,6E=F,fx
2020-04-30 00:00:00+00:00,1.0956000089645386,0.007494580250010152,0.08506303626031764,2020-04,-0.005988044028914841,-1.0,-0.012928454553704838,-1.0,,,,1.0,6E=F,fx
2020-05-29 00:00:00+00:00,1.1101000308990479,0.0007663569822149441,0.08465577658921207,2020-05,0.013234777122914876,1.0,0.005570910925464467,1.0,,,,1.0,6E=F,fx
2020-06-30 00:00:00+00:00,1.1238000392913818,-4.4444270014487586e-05,0.08088987797819805,2020-06,0.012341237736241295,1.0,0.019597176009666484,1.0,,,,1.0,6E=F,fx
2020-07-31 00:00:00+00:00,1.1792500019073486,-0.004053850926818203,0.07783124112056271,2020-07,0.04934148485252865,1.0,0.07635085091124494,1.0,,,,1.0,6E=F,fx
2020-08-31 00:00:00+00:00,1.1939500570297241,0.0037832875484951067,0.07385512271301331,2020-08,0.012465596861224615,1.0,0.07553375713607346,1.0,,,,1.0,6E=F,fx
2020-09-30 00:00:00+00:00,1.1721999645233154,-0.0017033668551490466,0.07131841694023398,2020-09,-0.018216919860549297,-1.0,0.0430680935573311,1.0,,,,1.0,6E=F,fx
2020-10-30 00:00:00+00:00,1.1648000478744507,-0.002312609126275067,0.06830834589985739,2020-10,-0.006312844969137976,-1.0,-0.012253511986030308,-1.0,,,,1.0,6E=F,fx
2020-11-30 00:00:00+00:00,1.1950500011444092,-0.0008361244847727711,0.06469716310278402,2020-11,0.02597008244046628,1.0,0.0009212647616279046,1.0,,,,1.0,6E=F,fx
2020-12-31 00:00:00+00:00,1.223099946975708,-0.005084006987612688,0.06269209400155906,2020-12,0.023471775912671022,1.0,0.043422610469956435,1.0,,,,1.0,6E=F,fx
2021-01-29 00:00:00+00:00,1.2136000394821167,-4.115576385976816e-05,0.060465198387258466,2021-01,-0.0077670737514797805,-1.0,0.041895595468696145,1.0,0.09338267316869886,1.0,0.3333333333333333,1.0,6E=F,fx
2021-02-26 00:00:00+00:00,1.208150029182434,-0.008778756422713974,0.059599559408490675,2021-02,-0.004490779599849337,-1.0,0.010961907891284817,1.0,0.09438833579321604,1.0,0.3333333333333333,1.0,6E=F,fx
2021-03-31 00:00:00+00:00,1.1728500127792358,0.0005545540655127468,0.062441431180812065,2021-03,-0.029218239084996767,-1.0,-0.04108407846858497,-1.0,0.06409905597320509,1.0,-0.3333333333333333,1.0,6E=F,fx
2021-04-30 00:00:00+00:00,1.2026000022888184,-0.008492076744871957,0.05770221164049517,2021-04,0.02536555329788981,1.0,-0.00906397234297418,-1.0,0.09766337390358948,1.0,0.3333333333333333,1.0,6E=F,fx
2021-05-28 00:00:00+00:00,1.2204500436782837,0.00016392803617826246,0.062371721958932015,2021-05,0.014842874900625969,1.0,0.010180866778750186,1.0,0.09940546771254977,1.0,1.0,1.0,6E=F,fx
2021-06-30 00:00:00+00:00,1.1851999759674072,-0.004619197069856473,0.061186002580107035,2021-06,-0.028882843581730877,-1.0,0.010529874283674578,1.0,0.05463599797944618,1.0,0.3333333333333333,1.0,6E=F,fx
2021-07-30 00:00:00+00:00,1.1859500408172607,-0.00294252357476521,0.05646797924558017,2021-07,0.0006328593191551324,1.0,-0.013844970430624493,-1.0,0.005681610259974823,1.0,0.3333333333333333,1.0,6E=F,fx
2021-08-31 00:00:00+00:00,1.1815500259399414,0.0007199809297435689,0.05336078902127064,2021-08,-0.003710118239287019,-1.0,-0.03187350268029199,-1.0,-0.01038572008667693,-1.0,-1.0,1.0,6E=F,fx
2021-09-30 00:00:00+00:00,1.158750057220459,-0.0015079640636138647,0.05058463516968517,2021-09,-0.019296659658015525,-1.0,-0.022316840434761898,-1.0,-0.011474072436374771,-1.0,-1.0,1.0,6E=F,fx
2021-10-29 00:00:00+00:00,1.1562000513076782,-0.01082251303005477,0.048386309828510256,2021-10,-0.002200652243243506,-1.0,-0.025085364885253703,-1.0,-0.007383238507300827,-1.0,-1.0,1.0,6E=F,fx
2021-11-30 00:00:00+00:00,1.1326500177383423,0.0044785946581633596,0.06164561458581038,2021-11,-0.02036847649565532,-1.0,-0.04138632061955938,-1.0,-0.052215374541911386,-1.0,-1.0,1.0,6E=F,fx
2021-12-31 00:00:00+00:00,1.138949990272522,0.005074073968877046,0.05918025754690149,2021-12,0.005562152858796798,1.0,-0.017087435572976095,-1.0,-0.06880055625156312,-1.0,-0.3333333333333333,1.0,6E=F,fx
2022-01-31 00:00:00+00:00,1.1246999502182007,0.008835184622820291,0.06426459552735081,2022-01,-0.01251155904651402,-1.0,-0.027244507603896517,-1.0,-0.07325320234980592,-1.0,-1.0,1.0,6E=F,fx
2022-02-28 00:00:00+00:00,1.1226500272750854,-0.003638753160223218,0.07089544419595986,2022-02,-0.0018226398451582915,-1.0,-0.008828844132474978,-1.0,-0.07076935797883255,-1.0,-1.0,1.0,6E=F,fx
2022-03-31 00:00:00+00:00,1.1074999570846558,-0.008371814712572534,0.08283797471217023,2022-03,-0.013494918115489862,-1.0,-0.027613181839828638,-1.0,-0.05571902202543677,-1.0,-1.0,1.0,6E=F,fx
2022-04-29 00:00:00+00:00,1.0576000213623047,0.006136191075094999,0.0814144043632583,2022-04,-0.045056377115991864,-1.0,-0.059660293256773134,-1.0,-0.12057207770708966,-1.0,-1.0,1.0,6E=F,fx
2022-05-31 00:00:00+00:00,1.0742000341415405,0.00032592863295244356,0.09398918201542521,2022-05,0.01569592704608036,1.0,-0.04315680929625376,-1.0,-0.11983285206493499,-1.0,-0.3333333333333333,1.0,6E=F,fx
2022-06-30 00:00:00+00:00,1.049049973487854,0.003539501684963753,0.0953482867639205,2022-06,-0.023412828015580422,-1.0,-0.05277651093609381,-1.0,-0.11487513098236624,-1.0,-1.0,1.0,6E=F,fx
2022-07-29 00:00:00+00:00,1.0230499505996704,0.004220857408247847,0.09748449580759191,2022-07,-0.024784351122701387,-1.0,-0.03266837184640936,-1.0,-0.13735830735781485,-1.0,-1.0,1.0,6E=F,fx
2022-08-31 00:00:00+00:00,1.0055999755859375,0.0022924590288595503,0.09357881576304299,2022-08,-0.017056816241967865,-1.0,-0.06386153079060886,-1.0,-0.14891460072884588,-1.0,-1.0,1.0,6E=F,fx
2022-09-30 00:00:00+00:00,0.9817500114440918,0.0015813291154826992,0.1015368323491378,2022-09,-0.02371714868822361,-1.0,-0.06415324698022251,-1.0,-0.15275084102342518,-1.0,-1.0,1.0,6E=F,fx
2022-10-31 00:00:00+00:00,0.9897500276565552,-0.006873314050039991,0.10913134524833061,2022-10,0.008148730449919483,1.0,-0.03254965500325391,-1.0,-0.14396299625040299,-1.0,-0.3333333333333333,1.0,6E=F,fx
2022-11-30 00:00:00+00:00,1.0428500175476074,0.008364015529713775,0.11953969605584398,2022-11,0.053649899881061724,1.0,0.03704260428205086,1.0,-0.07928309608827455,-1.0,0.3333333333333333,1.0,6E=F,fx
2022-12-30 00:00:00+00:00,1.0712000131607056,0.002058005076598368,0.10761576523408892,2022-12,0.027185113042205833,1.0,0.0911128094463054,1.0,-0.05948459343294388,-1.0,0.3333333333333333,1.0,6E=F,fx
2023-01-31 00:00:00+00:00,1.0872999429702759,0.0014736187006945123,0.10072109101562082,2023-01,0.015029807329880018,1.0,0.09856015416810959,1.0,-0.03325331991049607,-1.0,0.3333333333333333,1.0,6E=F,fx
2023-02-28 00:00:00+00:00,1.0592000484466553,-0.0024486293064889253,0.09538233389195996,2023-02,-0.025843737696571223,-1.0,0.01567821894225685,1.0,-0.056518039715758084,-1.0,-0.3333333333333333,1.0,6E=F,fx
2023-03-31 00:00:00+00:00,1.0864499807357788,-0.004626718213715186,0.09647767061872294,2023-03,0.025726898643071427,1.0,0.014236339981061441,1.0,-0.019006751390120313,-1.0,0.3333333333333333,1.0,6E=F,fx
2023-04-28 00:00:00+00:00,1.1026500463485718,-0.000860799933633416,0.09195713173374417,2023-04,0.014911009158306454,1.0,0.014117634676189317,1.0,0.04259646754567736,1.0,1.0,1.0,6E=F,fx
2023-05-31 00:00:00+00:00,1.0685499906539917,-0.004332833406682113,0.0824163300904767,2023-05,-0.0309255468745524,-1.0,0.008827361952115087,1.0,-0.005259768486289507,-1.0,-0.3333333333333333,1.0,6E=F,fx
2023-06-30 00:00:00+00:00,1.0918500423431396,0.003953839464099218,0.07983725979167025,2023-06,0.021805298669169026,1.0,0.004970372960662051,1.0,0.04079888464510906,1.0,1.0,1.0,6E=F,fx
2023-07-31 00:00:00+00:00,1.100600004196167,-0.002311567682920068,0.0823811956978,2023-07,0.008013886077477883,1.0,-0.0018591956343660954,-1.0,0.0758028027380675,1.0,0.3333333333333333,1.0,6E=F,fx
2023-08-31 00:00:00+00:00,1.0852500200271606,-0.0074084532994754815,0.07381875039505703,2023-08,-0.013946923596658833,-1.0,0.015628683280365596,1.0,0.07920649003080293,1.0,0.3333333333333333,1.0,6E=F,fx
2023-09-29 00:00:00+00:00,1.05840003490448,0.0021778468032529474,0.07140937736417792,2023-09,-0.02474082895848151,-1.0,-0.0306360820089131,-1.0,0.07807488929655415,1.0,-0.3333333333333333,1.0,6E=F,fx
2023-10-31 00:00:00+00:00,1.058750033378601,-0.0034355704861402936,0.07044354128114878,2023-10,0.0003306863780978553,1.0,-0.03802468713248042,-1.0,0.06971457822074334,1.0,0.3333333333333333,1.0,6E=F,fx
2023-11-30 00:00:00+00:00,1.0896999835968018,-0.008597515622529195,0.0775728386196524,2023-11,0.029232537655215607,1.0,0.004100404042867156,1.0,0.04492493192776448,1.0,1.0,1.0,6E=F,fx
2023-12-29 00:00:00+00:00,1.104599952697754,-0.0022582035932270372,0.0781228291328244,2023-12,0.013673459966266455,1.0,0.043650714540502955,1.0,0.03117992823627569,1.0,1.0,1.0,6E=F,fx
2024-01-31 00:00:00+00:00,1.0847500562667847,-0.0005987922014235592,0.07294531709569343,2024-01,-0.017970213001087032,-1.0,0.0245572817648132,1.0,-0.0023451548213324624,-1.0,-0.3333333333333333,1.0,6E=F,fx
2024-02-29 00:00:00+00:00,1.080899953842163,-0.003043784069122424,0.06649552778082156,2024-02,-0.003549299124142813,-1.0,-0.008075644569243923,-1.0,0.020487069866859775,1.0,-0.3333333333333333,1.0,6E=F,fx
2024-03-28 00:00:00+00:00,1.079300045967102,-0.003278324330298843,0.0622841448432843,2024-03,-0.0014801627748932678,-1.0,-0.02290413526531676,-1.0,-0.006581006853011884,-1.0,-1.0,1.0,6E=F,fx
2024-04-30 00:00:00+00:00,1.0682499408721924,-0.004426853265690256,0.061736272779751446,2024-04,-0.010238214235419818,-1.0,-0.015210983672476752,-1.0,-0.03119766383749356,-1.0,-1.0,1.0,6E=F,fx
2024-05-31 00:00:00+00:00,1.0850000381469727,0.0005071987262650346,0.0571860250257858,2024-05,0.015679942150153003,1.0,0.0037932135071663264,1.0,0.015394738324701951,1.0,1.0,1.0,6E=F,fx
2024-06-28 00:00:00+00:00,1.0719499588012695,0.0006066732274614406,0.058237806344370806,2024-06,-0.012027722476388836,-1.0,-0.006810049896038395,-1.0,-0.018226022594791447,-1.0,-1.0,1.0,6E=F,fx
2024-07-31 00:00:00+00:00,1.083549976348877,0.0013399339650401743,0.05302622888407371,2024-07,0.010821417037581993,1.0,0.014322524056675778,1.0,-0.015491575306455396,-1.0,0.3333333333333333,1.0,6E=F,fx
2024-08-30 00:00:00+00:00,1.1059499979019165,-0.002435368488058587,0.05930540486260594,2024-08,0.020672808861588843,1.0,0.019308717989285462,1.0,0.019073925356147603,1.0,1.0,1.0,6E=F,fx
2024-09-30 00:00:00+00:00,1.1138999462127686,-0.00313236423247798,0.05551866454209983,2024-09,0.007188343348192738,1.0,0.03913427774036249,1.0,0.052437556196129,1.0,1.0,1.0,6E=F,fx
2024-10-31 00:00:00+00:00,1.0878000259399414,-4.591505583173561e-05,0.05302006176964334,2024-10,-0.023431117275448443,-1.0,0.003922338317412288,1.0,0.0274380086380146,1.0,0.3333333333333333,1.0,6E=F,fx
2024-11-29 00:00:00+00:00,1.0573500394821167,0.0002838558107212119,0.06934865029518587,2024-11,-0.027992264875627004,-1.0,-0.043944082925989614,-1.0,-0.02968701899756554,-1.0,-1.0,1.0,6E=F,fx
2024-12-31 00:00:00+00:00,1.035949945449829,-0.004037975976145969,0.06825009973888464,2024-12,-0.020239365615164928,-1.0,-0.06997935589095539,-1.0,-0.06214920350146813,-1.0,-1.0,1.0,6E=F,fx
2025-01-31 00:00:00+00:00,1.0383000373840332,-0.005078503249412725,0.075208821883358,2025-01,0.0022685381127982573,1.0,-0.04550467675631509,-1.0,-0.04282094166707051,-1.0,-0.3333333333333333,1.0,6E=F,fx
2025-02-28 00:00:00+00:00,1.037500023841858,-0.003649317497376625,0.07656491116601548,2025-02,-0.0007705032393053868,-1.0,-0.018773362556435136,-1.0,-0.04015166236804424,-1.0,-1.0,1.0,6E=F,fx
2025-03-31 00:00:00+00:00,1.0822999477386475,-0.0009231484677815205,0.08265948981883738,2025-03,0.0431806485467785,1.0,0.04474154614554493,1.0,0.002779488227351523,1.0,1.0,1.0,6E=F,fx
2025-04-30 00:00:00+00:00,1.1360000371932983,-0.003071509147730467,0.09963543795604202,2025-04,0.049616642379824105,1.0,0.09409611508386106,1.0,0.06342157741267007,1.0,1.0,1.0,6E=F,fx
2025-05-30 00:00:00+00:00,1.1369999647140503,-0.0014929688818425824,0.09843767207585824,2025-05,0.0008802178591669207,1.0,0.09590355526329963,1.0,0.04792619791597996,1.0,1.0,1.0,6E=F,fx
2025-06-30 00:00:00+00:00,1.1786999702453613,0.0064466561444773696,0.09253516220468475,2025-06,0.036675467744450074,1.0,0.08906959915144741,1.0,0.09958488320058079,1.0,1.0,1.0,6E=F,fx
2025-07-31 00:00:00+00:00,1.1439000368118286,-8.742708851749992e-05,0.0882832518801573,2025-07,-0.02952399619242263,-1.0,0.006954224788626506,1.0,0.05569661001360249,1.0,0.3333333333333333,1.0,6E=F,fx
2025-08-29 00:00:00+00:00,1.171049952507019,0.0008546023669062652,0.08496360205031012,2025-08,0.023734517721373694,1.0,0.029947219744665743,1.0,0.05886337965423638,1.0,1.0,1.0,6E=F,fx
2025-09-30 00:00:00+00:00,1.1750500202178955,0.0007238649229475147,0.081399768463265,2025-09,0.003415795972078639,1.0,-0.00309658956443859,-1.0,0.0548972770965972,1.0,0.3333333333333333,1.0,6E=F,fx
2025-10-31 00:00:00+00:00,1.15339994430542,-0.0037573449756695965,0.072269948664034,2025-10,-0.01842481216966485,-1.0,0.008304840622322729,1.0,0.06030512667877108,1.0,0.3333333333333333,1.0,6E=F,fx
2025-11-28 00:00:00+00:00,1.1611499786376953,0.00047392011641966825,0.06595567498865663,2025-11,0.006719294872987502,1.0,-0.008453929610884314,-1.0,0.09816989197486503,1.0,0.3333333333333333,1.0,6E=F,fx
2025-12-31 00:00:00+00:00,1.1749000549316406,-0.000722910671560717,0.05806347900852461,2025-12,0.011841774574269381,1.0,-0.00012762459782522662,-1.0,0.13412820773061274,1.0,0.3333333333333333,1.0,6E=F,fx
2026-01-30 00:00:00+00:00,1.1877000331878662,-0.006981325490035828,0.059113820331966715,2026-01,0.01089452520024814,1.0,0.029738243921194174,1.0,0.1438890401855728,1.0,1.0,1.0,6E=F,fx
2026-02-27 00:00:00+00:00,1.182800054550171,0.0019059551733480173,0.05752046213721636,2026-02,-0.004125602846489329,-1.0,0.018645374250341185,1.0,0.14004821915113563,1.0,0.3333333333333333,1.0,6E=F,fx
2026-03-31 00:00:00+00:00,1.155150055885315,0.00719330166268306,0.06596983144416137,2026-03,-0.023376730968592607,-1.0,-0.01680993967395361,-1.0,0.06731046074508296,1.0,-0.3333333333333333,1.0,6E=F,fx
2026-04-30 00:00:00+00:00,1.1744500398635864,0.005522309181952734,0.06320491447855102,2026-04,0.01670777218937136,1.0,-0.011156009896468477,-1.0,0.03384683222835627,1.0,0.3333333333333333,1.0,6E=F,fx
2026-05-29 00:00:00+00:00,1.1672999858856201,0.0014154984449561425,0.05765851664796419,2026-05,-0.006088001818107869,-1.0,-0.013104555249995764,-1.0,0.02664909596473919,1.0,-0.3333333333333333,1.0,6E=F,fx
2026-06-30 00:00:00+00:00,1.1426500082015991,-0.00048113334745236713,0.05637687758998392,2026-06,-0.021117088993468314,-1.0,-0.010821146239858637,-1.0,-0.03058451086263958,-1.0,-1.0,1.0,6E=F,fx
2026-07-31 00:00:00+00:00,1.1536999940872192,-0.0004331691029588747,0.05318767456016077,2026-07,0.0096704903568956,1.0,-0.017667882900133658,-1.0,0.008567144820367467,1.0,0.3333333333333333,1.0,6E=F,fx
2020-01-31 00:00:00+00:00,0.009235999546945095,0.003912971956561817,,2020-01,,,,,,,,1.0,6J=F,fx
2020-02-28 00:00:00+00:00,0.009282000362873077,0.01955183990418341,,2020-02,0.004980599630193483,1.0,,,,,,1.0,6J=F,fx
2020-03-31 00:00:00+00:00,0.009294000454246998,0.002913661961144065,0.14274802914345924,2020-03,0.0012928346159002402,1.0,,,,,,1.0,6J=F,fx
2020-04-30 00:00:00+00:00,0.009329999797046185,-0.005754470055705729,0.12360229017599325,2020-04,0.0038733958510552835,1.0,0.010177593624090209,1.0,,,,1.0,6J=F,fx
2020-05-29 00:00:00+00:00,0.009277000091969967,-0.0016142791035047566,0.10849821381215366,2020-05,-0.005680568727664648,-1.0,-0.0005387061740603771,-1.0,,,,1.0,6J=F,fx
2020-06-30 00:00:00+00:00,0.00926399976015091,-0.002476574032475476,0.09857191350922437,2020-06,-0.0014013508343403425,-1.0,-0.0032279634850220784,-1.0,,,,1.0,6J=F,fx
2020-07-31 00:00:00+00:00,0.009456999599933624,-0.008700251486382093,0.0879454626906103,2020-07,0.020833316578105165,1.0,0.013611983456596422,1.0,,,,1.0,6J=F,fx
2020-08-31 00:00:00+00:00,0.009448000229895115,-0.004110895217231181,0.08385538563195044,2020-08,-0.0009516094341985859,-1.0,0.018432697664104047,1.0,,,,1.0,6J=F,fx
2020-09-30 00:00:00+00:00,0.009482000023126602,0.0017961292008652485,0.0736108137624618,2020-09,0.0035986232434570553,1.0,0.023531980636854133,1.0,,,,1.0,6J=F,fx
2020-10-30 00:00:00+00:00,0.009554999880492687,-0.0002093210018445646,0.06692824630108606,2020-10,0.007698782660624071,1.0,0.010362724405714285,1.0,,,,1.0,6J=F,fx
2020-11-30 00:00:00+00:00,0.009587000124156475,-0.0029121385567726366,0.07385127969298098,2020-11,0.0033490574635295367,1.0,0.014712096833099153,1.0,,,,1.0,6J=F,fx
2020-12-31 00:00:00+00:00,0.009682999923825264,-0.00030970370653127244,0.06486769572263579,2020-12,0.010013539003394412,1.0,0.021198048956804882,1.0,,,,1.0,6J=F,fx
2021-01-29 00:00:00+00:00,0.009549000300467014,-0.004794151507883537,0.060182941004645746,2021-01,-0.013838647569183626,-1.0,-0.0006278995395825326,-1.0,0.03388921274096934,1.0,-0.3333333333333333,1.0,6J=F,fx
2021-02-26 00:00:00+00:00,0.009379000402987003,-0.0039294374785925346,0.05934465088519158,2021-02,-0.01780290000322826,-1.0,-0.021696017364740916,-1.0,0.010450337892887296,1.0,-0.3333333333333333,1.0,6J=F,fx
2021-03-31 00:00:00+00:00,0.009031999856233597,-0.0035304769760704513,0.05742700073586348,2021-03,-0.036997604418792296,-1.0,-0.06723123750005044,-1.0,-0.028190293222298823,-1.0,-1.0,1.0,6J=F,fx
2021-04-30 00:00:00+00:00,0.009150000289082527,-0.003918935798151391,0.054246439249963675,2021-04,0.013064707122143027,1.0,-0.04178447992770229,-1.0,-0.019292552184260958,-1.0,-0.3333333333333333,1.0,6J=F,fx
2021-05-28 00:00:00+00:00,0.009109999984502792,0.00010980793426740298,0.053734472028129594,2021-05,-0.004371617848740628,-1.0,-0.028681139452615856,-1.0,-0.01800152051434467,-1.0,-1.0,1.0,6J=F,fx
2021-06-30 00:00:00+00:00,0.00900300033390522,-0.005413132409644916,0.05117964666175911,2021-06,-0.011745296463182342,-1.0,-0.003210753187552595,-1.0,-0.028173513925203064,-1.0,-1.0,1.0,6J=F,fx
2021-07-30 00:00:00+00:00,0.009112000465393066,-0.0026268883722803116,0.057068774087524296,2021-07,0.012107089575166707,1.0,-0.004152986064361208,-1.0,-0.0364808236370211,-1.0,-0.3333333333333333,1.0,6J=F,fx
2021-08-31 00:00:00+00:00,0.009092000313103199,-0.0009888331339226175,0.05348521697507069,2021-08,-0.0021949244148775637,-1.0,-0.001975814646565599,-1.0,-0.037679922536990484,-1.0,-1.0,1.0,6J=F,fx
2021-09-30 00:00:00+00:00,0.008977999910712242,0.005150009457115745,0.053757937613021896,2021-09,-0.0125385392064562,-1.0,-0.002776899063174132,-1.0,-0.05315335490245765,-1.0,-1.0,1.0,6J=F,fx
2021-10-29 00:00:00+00:00,0.00877899955958128,-0.004196973032633888,0.055866303628208464,2021-10,-0.022165332268885618,-1.0,-0.03654531264309169,-1.0,-0.08121405867264064,-1.0,-1.0,1.0,6J=F,fx
2021-11-30 00:00:00+00:00,0.008841999806463718,0.005458202426776193,0.07160899047321076,2021-11,0.007176244451872815,1.0,-0.027496755172696674,-1.0,-0.07770943027481247,-1.0,-0.3333333333333333,1.0,6J=F,fx
2021-12-31 00:00:00+00:00,0.008693999610841274,0.00034516051946598125,0.06509090880458628,2021-12,-0.016738316994109437,-1.0,-0.03163291408948543,-1.0,-0.10213780034744502,-1.0,-1.0,1.0,6J=F,fx
2022-01-31 00:00:00+00:00,0.008697000332176685,0.0018431196226476043,0.06447584539960563,2022-01,0.00034514854724276844,1.0,-0.009340384043544203,-1.0,-0.0892239963851148,-1.0,-0.3333333333333333,1.0,6J=F,fx
2022-02-28 00:00:00+00:00,0.008706999942660332,0.006240603899134278,0.06102521410657831,2022-02,0.0011497769462707197,1.0,-0.015268023836044198,-1.0,-0.07164947557872525,-1.0,-0.3333333333333333,1.0,6J=F,fx
2022-03-31 00:00:00+00:00,0.008225999772548676,0.001217089859590903,0.07389469082526214,2022-03,-0.055242927906198114,-1.0,-0.053830211552921,-1.0,-0.08923827463622536,-1.0,-1.0,1.0,6J=F,fx
2022-04-29 00:00:00+00:00,0.007728000171482563,0.011253623316456407,0.08864324192016161,2022-04,-0.060539705183071835,-1.0,-0.11141774447323738,-1.0,-0.1554098440080539,-1.0,-1.0,1.0,6J=F,fx
2022-05-31 00:00:00+00:00,0.007776999846100807,-0.012068151230121837,0.09331877794969402,2022-05,0.006340537465185481,1.0,-0.10681062394441376,-1.0,-0.14632273772443238,-1.0,-0.3333333333333333,1.0,6J=F,fx
2022-06-30 00:00:00+00:00,0.0073830001056194305,0.006955831404192425,0.11069142694052016,2022-06,-0.05066217671058826,-1.0,-0.10247990399202955,-1.0,-0.1799400386763158,-1.0,-1.0,1.0,6J=F,fx
2022-07-29 00:00:00+00:00,0.0075079998932778835,0.007379540994062239,0.1067727767519867,2022-07,0.016930757939893848,1.0,-0.02846794427056465,-1.0,-0.17603166046875207,-1.0,-0.3333333333333333,1.0,6J=F,fx
2022-08-31 00:00:00+00:00,0.007218000013381243,-0.0005538674098162222,0.11201049279807944,2022-08,-0.03862545072174084,-1.0,-0.07187859634584315,-1.0,-0.20611529203548162,-1.0,-1.0,1.0,6J=F,fx
2022-09-30 00:00:00+00:00,0.006916999816894531,-0.0025955497015704987,0.11206010308611421,2022-09,-0.041701329444263746,-1.0,-0.06311801192718558,-1.0,-0.22956116220925737,-1.0,-1.0,1.0,6J=F,fx
2022-10-31 00:00:00+00:00,0.006738999858498573,-0.007511068542460975,0.11170311094681713,2022-10,-0.02573369424720806,-1.0,-0.10242408706849038,-1.0,-0.23237268520605847,-1.0,-1.0,1.0,6J=F,fx
2022-11-30 00:00:00+00:00,0.0072650001384317875,0.004840945113348649,0.13836748911676333,2022-11,0.07805316678703789,1.0,0.006511516342949886,1.0,-0.1783532800893194,-1.0,0.3333333333333333,1.0,6J=F,fx
2022-12-30 00:00:00+00:00,0.0076489998027682304,0.014590782302943639,0.16164670407787732,2022-12,0.05285611245966648,1.0,0.10582622600130986,1.0,-0.12019782089361342,-1.0,0.3333333333333333,1.0,6J=F,fx
2023-01-31 00:00:00+00:00,0.0076950001530349255,0.0026058830342574613,0.15474511234378824,2023-01,0.006013903968208556,1.0,0.14186085689417793,1.0,-0.11521215831562226,-1.0,0.3333333333333333,1.0,6J=F,fx
2023-02-28 00:00:00+00:00,0.007360000163316727,0.0008158887123996816,0.14608025304076852,2023-02,-0.04353476063104089,-1.0,0.013076396844425409,1.0,-0.15470308811464673,-1.0,-0.3333333333333333,1.0,6J=F,fx
2023-03-31 00:00:00+00:00,0.0075530000030994415,-0.001982013955563855,0.13818914029981258,2023-03,0.026222803736425604,1.0,-0.012550634350133705,-1.0,-0.08181373547992665,-1.0,-0.3333333333333333,1.0,6J=F,fx
2023-04-28 00:00:00+00:00,0.007356000132858753,-0.016708967916926665,0.1252125541093473,2023-04,-0.026082334193015755,-1.0,-0.044054582642531814,-1.0,-0.04813664989249655,-1.0,-1.0,1.0,6J=F,fx
2023-05-31 00:00:00+00:00,0.007199999876320362,0.004044064766596245,0.1200118663591929,2023-05,-0.02120721230571332,-1.0,-0.021739168946466658,-1.0,-0.07419313118152349,-1.0,-1.0,1.0,6J=F,fx
2023-06-30 00:00:00+00:00,0.006945000030100346,0.0039028581290674325,0.10971843921023483,2023-06,-0.03541664591671312,-1.0,-0.0804978118296833,-1.0,-0.059325486828275875,-1.0,-1.0,1.0,6J=F,fx
2023-07-31 00:00:00+00:00,0.007044000085443258,-0.009143310948097283,0.11089521002268012,2023-07,0.01425486751819105,1.0,-0.04241436130782705,-1.0,-0.06180072115478541,-1.0,-0.3333333333333333,1.0,6J=F,fx
2023-08-31 00:00:00+00:00,0.006891999859362841,0.004371868602628615,0.101796941629934,2023-08,-0.02157868032888488,-1.0,-0.04277778086781414,-1.0,-0.04516488686811304,-1.0,-1.0,1.0,6J=F,fx
2023-09-29 00:00:00+00:00,0.006709999870508909,-0.0011908396840739632,0.09357350970097182,2023-09,-0.02640742782469485,-1.0,-0.033837315849232774,-1.0,-0.02992626165466017,-1.0,-1.0,1.0,6J=F,fx
2023-10-31 00:00:00+00:00,0.006610000040382147,-0.017538639574149695,0.08344167908188478,2023-10,-0.014903104628402608,-1.0,-0.06161272569516174,-1.0,-0.01914227939235591,-1.0,-1.0,1.0,6J=F,fx
2023-11-30 00:00:00+00:00,0.006763999816030264,-0.00704644219268491,0.0901830636380888,2023-11,0.0232979991992881,1.0,-0.018572264356431667,-1.0,-0.06896081388233377,-1.0,-0.3333333333333333,1.0,6J=F,fx
2023-12-29 00:00:00+00:00,0.007104999851435423,0.0029644166146161055,0.10583191171748207,2023-12,0.05041396284444155,1.0,0.05886736043953977,1.0,-0.07112040336776182,-1.0,0.3333333333333333,1.0,6J=F,fx
2024-01-31 00:00:00+00:00,0.006852000020444393,0.008240135411779592,0.10117182724019938,2024-01,-0.03560870320636478,-1.0,0.036611191918881625,1.0,-0.10955167197209881,-1.0,-0.3333333333333333,1.0,6J=F,fx
2024-02-29 00:00:00+00:00,0.006686000153422356,0.004356314746730927,0.0957932491523422,2024-02,-0.024226483731281667,-1.0,-0.011531588517056712,-1.0,-0.09157608626881308,-1.0,-1.0,1.0,6J=F,fx
2024-03-28 00:00:00+00:00,0.00662099989131093,-0.0007546439451699971,0.08823509292282661,2024-03,-0.009721845740334523,-1.0,-0.06812103733214159,-1.0,-0.12339469236145328,-1.0,-1.0,1.0,6J=F,fx
2024-04-30 00:00:00+00:00,0.006353999953716993,-0.01197323740029932,0.08622973811677388,2024-04,-0.04032622594426172,-1.0,-0.07267951915375237,-1.0,-0.1362153563138061,-1.0,-1.0,1.0,6J=F,fx
2024-05-31 00:00:00+00:00,0.006374000106006861,-0.00297198682804245,0.09347978419710216,2024-05,0.0031476475347103072,1.0,-0.0466646784708481,-1.0,-0.11472219229198621,-1.0,-0.3333333333333333,1.0,6J=F,fx
2024-06-28 00:00:00+00:00,0.006233000196516514,-0.0003207722792405443,0.0893142148498934,2024-06,-0.022121102470247567,-1.0,-0.05860137459050674,-1.0,-0.10251977400978418,-1.0,-1.0,1.0,6J=F,fx
2024-07-31 00:00:00+00:00,0.0066639999859035015,0.01818185052165444,0.09427508246802845,2024-07,0.0691480468150576,1.0,0.04878817035640082,1.0,-0.053946634714704844,-1.0,0.3333333333333333,1.0,6J=F,fx
2024-08-30 00:00:00+00:00,0.00686000008136034,-0.008956949675079873,0.11792034023676123,2024-08,0.029411779092353152,1.0,0.07624724933648386,1.0,-0.004643032306367312,-1.0,0.3333333333333333,1.0,6J=F,fx
2024-09-30 00:00:00+00:00,0.00697400001809001,-0.010499446168320548,0.11716296250940682,2024-09,0.016618066381576924,1.0,0.1188833303723662,1.0,0.03934428504855969,1.0,1.0,1.0,6J=F,fx
2024-10-31 00:00:00+00:00,0.00658900011330843,0.0071843664223332215,0.11349403227833813,2024-10,-0.05520503352207062,-1.0,-0.01125448270614049,-1.0,-0.0031769934864482874,-1.0,-1.0,1.0,6J=F,fx
2024-11-29 00:00:00+00:00,0.006697000004351139,0.008888252231007199,0.11586936554555456,2024-11,0.0163909378032292,1.0,-0.02376094388863015,-1.0,-0.009905353858872035,-1.0,-0.3333333333333333,1.0,6J=F,fx
2024-12-31 00:00:00+00:00,0.00636299978941679,-0.0012556994355492623,0.11448834105371114,2024-12,-0.04987310955910773,-1.0,-0.08761115960543919,-1.0,-0.10443350844950783,-1.0,-1.0,1.0,6J=F,fx
2025-01-31 00:00:00+00:00,0.0064570000395178795,-0.006768169511312094,0.10474070205580316,2025-01,0.01477294565645515,1.0,-0.02003339983618113,-1.0,-0.05764739926268936,-1.0,-0.3333333333333333,1.0,6J=F,fx
2025-02-28 00:00:00+00:00,0.006653999909758568,-0.004637248111024284,0.1043505405209818,2025-02,0.03050950426436705,1.0,-0.006420799546757228,-1.0,-0.004786156585325219,-1.0,-0.3333333333333333,1.0,6J=F,fx
2025-03-31 00:00:00+00:00,0.0066720000468194485,-0.0011976138902577427,0.0964992343464091,2025-03,0.002705160400510609,1.0,0.048562041117241606,1.0,0.007702787546552958,1.0,1.0,1.0,6J=F,fx
2025-04-30 00:00:00+00:00,0.007019000127911568,-0.003549113746229793,0.11438301856627085,2025-04,0.05200840507450755,1.0,0.08703733699150651,1.0,0.10465851102273915,1.0,1.0,1.0,6J=F,fx
2025-05-30 00:00:00+00:00,0.006961999926716089,0.0007186725822225792,0.12642995418298247,2025-05,-0.00812084344731856,-1.0,0.04628795027571564,1.0,0.09224973500629496,1.0,0.3333333333333333,1.0,6J=F,fx
2025-06-30 00:00:00+00:00,0.006945000030100346,0.0033227307152521313,0.11758917951907993,2025-06,-0.0024418122370998274,-1.0,0.04091726339406088,1.0,0.11423067722374736,1.0,0.3333333333333333,1.0,6J=F,fx
2025-07-31 00:00:00+00:00,0.006645000074058771,-0.009687004128840382,0.10923128862189059,2025-07,-0.043196537759732756,-1.0,-0.05328395028311195,-1.0,-0.0028511272336316784,-1.0,-1.0,1.0,6J=F,fx
2025-08-29 00:00:00+00:00,0.006814000196754932,-0.001172617340743587,0.10628882756641839,2025-08,0.025432674313415893,1.0,-0.021258220557173524,-1.0,-0.0067055224577031725,-1.0,-0.3333333333333333,1.0,6J=F,fx
2025-09-30 00:00:00+00:00,0.006771999876946211,0.005045976967804178,0.09951684401159754,2025-09,-0.00616382720809483,-1.0,-0.02491002914389262,-1.0,-0.02896474628904877,-1.0,-1.0,1.0,6J=F,fx
2025-10-31 00:00:00+00:00,0.006498999893665314,-0.0001538831422307485,0.0983151712643071,2025-10,-0.040313052014408046,-1.0,-0.021971433975361943,-1.0,-0.013659161951042331,-1.0,-1.0,1.0,6J=F,fx
2025-11-28 00:00:00+00:00,0.006411000154912472,0.0010931115358423504,0.09123626510000657,2025-11,-0.013540504722675428,-1.0,-0.05914294543671772,-1.0,-0.04270566660487518,-1.0,-1.0,1.0,6J=F,fx
2025-12-31 00:00:00+00:00,0.006388000212609768,-0.0015629275961454026,0.0866826601379293,2025-12,-0.003587574753851741,-1.0,-0.05670402706941646,-1.0,0.003929030963439439,1.0,-0.3333333333333333,1.0,6J=F,fx
2026-01-30 00:00:00+00:00,0.006477999966591597,-0.00978294432607163,0.0887801525013658,2026-01,0.014088877737381988,1.0,-0.0032312551803833633,-1.0,0.0032522730285262647,1.0,0.3333333333333333,1.0,6J=F,fx
2026-02-27 00:00:00+00:00,0.006417999975383282,0.0007796359128604546,0.08895867649033469,2026-02,-0.00926211662824139,-1.0,0.0010918453130042138,1.0,-0.03546737865583305,-1.0,-0.3333333333333333,1.0,6J=F,fx
2026-03-31 00:00:00+00:00,0.006300999782979488,0.00462372272601641,0.08844515783296665,2026-03,-0.018230008235050832,-1.0,-0.013619352964100218,-1.0,-0.05560555474168749,-1.0,-1.0,1.0,6J=F,fx
2026-04-30 00:00:00+00:00,0.006401000078767538,0.02481588449214489,0.07962880105502357,2026-04,0.015870544236197937,1.0,-0.011886367431485523,-1.0,-0.08804673570050348,-1.0,-0.3333333333333333,1.0,6J=F,fx
2026-05-29 00:00:00+00:00,0.0062870001420378685,0.0,0.08432365013431901,2026-05,-0.017809707128080388,-1.0,-0.020411317209079627,-1.0,-0.09695486811023446,-1.0,-1.0,1.0,6J=F,fx
2026-06-30 00:00:00+00:00,0.006155999843031168,-0.004044646228497539,0.07296994376403827,2026-06,-0.020836694138237744,-1.0,-0.02301221154458699,-1.0,-0.1136069378905068,-1.0,-1.0,1.0,6J=F,fx
2026-07-31 00:00:00+00:00,0.006300999782979488,0.0,0.08722975874493313,2026-07,0.02355424685601082,1.0,-0.015622604992578615,-1.0,-0.05176829002940353,-1.0,-0.3333333333333333,1.0,6J=F,fx
2020-01-31 00:00:00+00:00,1.0410000085830688,0.006283234126698289,,2020-01,,,,,,,,1.0,6S=F,fx
2020-02-28 00:00:00+00:00,1.0367000102996826,0.004554326459970115,,2020-02,-0.004130641928849821,-1.0,,,,,,1.0,6S=F,fx
2020-03-31 00:00:00+00:00,1.041700005531311,-0.004110897005453529,0.08645281473483352,2020-03,0.00482299139765896,1.0,,,,,,1.0,6S=F,fx
2020-04-30 00:00:00+00:00,1.0367000102996826,0.010035113547896879,0.08001942372351459,2020-04,-0.004799841801938154,-1.0,-0.004130641928849821,-1.0,,,,1.0,6S=F,fx
2020-05-29 00:00:00+00:00,1.0399999618530273,0.001540743251054355,0.07827396103685887,2020-05,0.003183130626564612,1.0,0.003183130626564612,1.0,,,,1.0,6S=F,fx
2020-06-30 00:00:00+00:00,1.0579999685287476,0.004271392521713713,0.0771074945284777,2020-06,0.017307699361496676,1.0,0.01564746367561254,1.0,,,,1.0,6S=F,fx
2020-07-31 00:00:00+00:00,1.0956000089645386,-0.004633425755639298,0.07251168299131959,2020-07,0.0355387916391694,1.0,0.056814891559448855,1.0,,,,1.0,6S=F,fx
2020-08-31 00:00:00+00:00,1.1074999570846558,0.001809112873676133,0.07168772441307572,2020-08,0.010861580889693467,1.0,0.06490384394953219,1.0,,,,1.0,6S=F,fx
2020-09-30 00:00:00+00:00,1.0877000093460083,-0.0020185406044399556,0.06924237271295058,2020-09,-0.017878057341661813,-1.0,0.02807187306306025,1.0,,,,1.0,6S=F,fx
2020-10-30 00:00:00+00:00,1.0916999578475952,-0.0011894752490225757,0.06568775019429789,2020-10,0.003677437222779689,1.0,-0.0035597399461774204,-1.0,,,,1.0,6S=F,fx
2020-11-30 00:00:00+00:00,1.103700041770935,-0.001537836548680671,0.06781980373368794,2020-11,0.010992108076104845,1.0,-0.0034310749083218406,-1.0,,,,1.0,6S=F,fx
2020-12-31 00:00:00+00:00,1.132200002670288,-0.0032573447151843515,0.06390932789057349,2020-12,0.02582219789864615,1.0,0.040912009691933315,1.0,,,,1.0,6S=F,fx
2021-01-29 00:00:00+00:00,1.1240999698638916,-0.0033691235998140057,0.060093542296058296,2021-01,-0.007154241995488975,-1.0,0.02967849525264854,1.0,0.07982705148478542,1.0,0.3333333333333333,1.0,6S=F,fx
2021-02-26 00:00:00+00:00,1.1003999710083008,-0.00470335421688306,0.06402498002913398,2021-02,-0.021083533040624935,-1.0,-0.00299000692012219,-1.0,0.06144493110422955,1.0,-0.3333333333333333,1.0,6S=F,fx
2021-03-31 00:00:00+00:00,1.059499979019165,-0.003761229464141147,0.07089625826713507,2021-03,-0.037168296134776235,-1.0,-0.06421129083170851,-1.0,0.017087427659919552,1.0,-0.3333333333333333,1.0,6S=F,fx
2021-04-30 00:00:00+00:00,1.0959999561309814,-0.005264121400026522,0.06653404016375575,2021-04,0.03445019144370942,1.0,-0.024997788885549488,-1.0,0.0572006802760201,1.0,0.3333333333333333,1.0,6S=F,fx
2021-05-28 00:00:00+00:00,1.1121000051498413,-0.0028692315955370917,0.06670822555767743,2021-05,0.014689826335116951,1.0,0.01063252858033037,1.0,0.069326967251373,1.0,1.0,1.0,6S=F,fx
2021-06-30 00:00:00+00:00,1.0819000005722046,-0.005606671161850096,0.06702479414118416,2021-06,-0.02715583530059207,-1.0,0.02114206889723258,1.0,0.022589823019269373,1.0,0.3333333333333333,1.0,6S=F,fx
2021-07-30 00:00:00+00:00,1.104599952697754,-0.0008141385346757124,0.06544121234731158,2021-07,0.020981562171682677,1.0,0.007846712510036546,1.0,0.008214625465110537,1.0,1.0,1.0,6S=F,fx
2021-08-31 00:00:00+00:00,1.093400001525879,0.0019243020472581307,0.0667919053117125,2021-08,-0.010139373213371439,-1.0,-0.01681503779998883,-1.0,-0.01273133734099019,-1.0,-1.0,1.0,6S=F,fx
2021-09-30 00:00:00+00:00,1.0742000341415405,0.0020522456938980582,0.06537652501985644,2021-09,-0.017559875029764194,-1.0,-0.007117077758195478,-1.0,-0.012411487623857576,-1.0,-1.0,1.0,6S=F,fx
2021-10-29 00:00:00+00:00,1.0936000347137451,-0.004007299342980941,0.061565646443030496,2021-10,0.018059951550558617,1.0,-0.009958282142909614,-1.0,0.0017404753499268288,1.0,0.3333333333333333,1.0,6S=F,fx
2021-11-30 00:00:00+00:00,1.0888999700546265,0.006656192000909833,0.0666612336745654,2021-11,-0.004297791249018079,-1.0,-0.00411563148433558,-1.0,-0.013409505441860148,-1.0,-1.0,1.0,6S=F,fx
2021-12-31 00:00:00+00:00,1.0992000102996826,0.002645265320861956,0.06471266159302547,2021-12,0.009459124371671512,1.0,0.02327311056000947,1.0,-0.029146787045376432,-1.0,0.3333333333333333,1.0,6S=F,fx
2022-01-31 00:00:00+00:00,1.0819000005722046,0.006137842880534539,0.0708760749017284,2022-01,-0.015738727770536864,-1.0,-0.010698640974900031,-1.0,-0.03754111771464297,-1.0,-1.0,1.0,6S=F,fx
2022-02-28 00:00:00+00:00,1.0911999940872192,0.010463901741257109,0.06705799703545119,2022-02,0.008595982540064773,1.0,0.002112245473270935,1.0,-0.008360575393919323,-1.0,0.3333333333333333,1.0,6S=F,fx
2022-03-31 00:00:00+00:00,1.0871000289916992,-0.00018386276930226764,0.06820807156971842,2022-03,-0.003757299411415005,-1.0,-0.011007988714159977,-1.0,0.02605007127804293,1.0,-0.3333333333333333,1.0,6S=F,fx
2022-04-29 00:00:00+00:00,1.0319000482559204,0.0007758835372335682,0.06688564038886469,2022-04,-0.05077727832182799,-1.0,-0.04621494804495774,-1.0,-0.05848531974521409,-1.0,-1.0,1.0,6S=F,fx
2022-05-31 00:00:00+00:00,1.0436500310897827,-0.0011007005827425864,0.08263368194310623,2022-05,0.011386745115209207,1.0,-0.0435758460915423,-1.0,-0.06155019669371897,-1.0,-0.3333333333333333,1.0,6S=F,fx
2022-06-30 00:00:00+00:00,1.0543500185012817,0.0013772075769060699,0.1036414637533126,2022-06,0.010252466912041402,1.0,-0.030126032211399756,-1.0,-0.025464444085730675,-1.0,-0.3333333333333333,1.0,6S=F,fx
2022-07-29 00:00:00+00:00,1.0542999505996704,0.003426288673245015,0.09492731599451701,2022-07,-4.748698319601008e-05,-1.0,0.02170743414695009,1.0,-0.04553684976650263,-1.0,-0.3333333333333333,1.0,6S=F,fx
2022-08-31 00:00:00+00:00,1.0256999731063843,-0.0028193704553340915,0.09026282967915468,2022-08,-0.027126983622657752,-1.0,-0.017199307668927077,-1.0,-0.06191698218860142,-1.0,-1.0,1.0,6S=F,fx
2022-09-30 00:00:00+00:00,1.021399974822998,-0.008349511461799852,0.1021978929010489,2022-09,-0.004192257381428477,-1.0,-0.0312515228340593,-1.0,-0.049152911599689375,-1.0,-1.0,1.0,6S=F,fx
2022-10-31 00:00:00+00:00,1.0040500164031982,-0.004856512871578622,0.10278686505279637,2022-10,-0.01698644884224365,-1.0,-0.047661895618880346,-1.0,-0.0818855298719765,-1.0,-1.0,1.0,6S=F,fx
2022-11-30 00:00:00+00:00,1.0602500438690186,0.009137241985043065,0.12098527027841703,2022-11,0.05597333454278042,1.0,0.03368438302479193,1.0,-0.02631088894618172,-1.0,0.3333333333333333,1.0,6S=F,fx
2022-12-30 00:00:00+00:00,1.0901999473571777,-0.0029267003514134027,0.11359990092079685,2022-12,0.028247962507850888,1.0,0.06735850228124618,1.0,-0.008187830111147099,-1.0,0.3333333333333333,1.0,6S=F,fx
2023-01-31 00:00:00+00:00,1.0967999696731567,0.01045641522105245,0.10728222741920589,2023-01,0.006053955819736112,1.0,0.09237582964463864,1.0,0.013772039091479504,1.0,1.0,1.0,6S=F,fx
2023-02-28 00:00:00+00:00,1.0647499561309814,-0.004953081638950918,0.10160318026078834,2023-02,-0.02922138441681954,-1.0,0.004244199081135713,1.0,-0.02423940441675232,-1.0,-0.3333333333333333,1.0,6S=F,fx
2023-03-31 00:00:00+00:00,1.1030499935150146,-0.0004983976526269362,0.1050124680703166,2023-03,0.03597092177698258,1.0,0.01178687101296183,1.0,0.014672030262117941,1.0,1.0,1.0,6S=F,fx
2023-04-28 00:00:00+00:00,1.1250499486923218,0.00017772500547375003,0.09848906664950006,2023-04,0.01994465827174463,1.0,0.025756728483119273,1.0,0.09027027432922385,1.0,1.0,1.0,6S=F,fx
2023-05-31 00:00:00+00:00,1.09975004196167,-0.005471143493892883,0.08892693309449531,2023-05,-0.022487807550285788,-1.0,0.032871648060798675,1.0,0.053753661860487245,1.0,0.3333333333333333,1.0,6S=F,fx
2023-06-30 00:00:00+00:00,1.1263500452041626,0.0051760372899369855,0.08675885602757347,2023-06,0.024187317324439572,1.0,0.021123296157139038,1.0,0.06828854312083776,1.0,1.0,1.0,6S=F,fx
2023-07-31 00:00:00+00:00,1.153149962425232,-0.0029829120296046563,0.0906080589189329,2023-07,0.02379359537044423,1.0,0.02497668104920292,1.0,0.0937589077656098,1.0,1.0,1.0,6S=F,fx
2023-08-31 00:00:00+00:00,1.1339499950408936,-0.006004561887051341,0.07957270005461496,2023-08,-0.016650017786028704,-1.0,0.031097932961402508,1.0,0.10553770573539989,1.0,0.3333333333333333,1.0,6S=F,fx
2023-09-29 00:00:00+00:00,1.1016000509262085,0.0008632154439531803,0.07651439111753405,2023-09,-0.02852854557622575,-1.0,-0.021973625679988285,-1.0,0.07851975531633304,1.0,-0.3333333333333333,1.0,6S=F,fx
2023-10-31 00:00:00+00:00,1.105299949645996,-0.00847730681866421,0.0710426044486233,2023-10,0.0033586588133114326,1.0,-0.041495047772104776,-1.0,0.10084152341882802,1.0,0.3333333333333333,1.0,6S=F,fx
2023-11-30 00:00:00+00:00,1.1444000005722046,-0.002962160864206087,0.07082219762939061,2023-11,0.03537505899528126,1.0,0.009215578797135748,1.0,0.07936802944719501,1.0,1.0,1.0,6S=F,fx
2023-12-29 00:00:00+00:00,1.1979999542236328,0.002510377941314479,0.08048124602747295,2023-12,0.04683672983627063,1.0,0.08750898587592904,1.0,0.09888095035023614,1.0,1.0,1.0,6S=F,fx
2024-01-31 00:00:00+00:00,1.1683499813079834,0.001671832675283813,0.07810366602394951,2024-01,-0.024749560975454443,-1.0,0.057043367895005304,1.0,0.06523524217104826,1.0,0.3333333333333333,1.0,6S=F,fx
2024-02-29 00:00:00+00:00,1.132349967956543,-0.006405492340699759,0.07601184967591319,2024-02,-0.030812696475706614,-1.0,-0.010529563622541538,-1.0,0.06348909566636851,1.0,-0.3333333333333333,1.0,6S=F,fx
2024-03-28 00:00:00+00:00,1.1181999444961548,0.003815189485996573,0.07400955359288719,2024-03,-0.012496157425538224,-1.0,-0.06661102902895577,-1.0,0.013734600489740956,1.0,-0.3333333333333333,1.0,6S=F,fx
2024-04-30 00:00:00+00:00,1.0937999486923218,-0.01000145228488869,0.06883151659143426,2024-04,-0.021820780732400458,-1.0,-0.06380796320311644,-1.0,-0.02777654453148748,-1.0,-1.0,1.0,6S=F,fx
2024-05-31 00:00:00+00:00,1.1095499992370605,0.0006312819108060808,0.06843314470128928,2024-05,0.0143993886300402,1.0,-0.02013509017943249,-1.0,0.0089110769733729,1.0,0.3333333333333333,1.0,6S=F,fx
2024-06-28 00:00:00+00:00,1.1232999563217163,-8.903026201212416e-05,0.07832413187987831,2024-06,0.012392372668298401,1.0,0.004560912250679339,1.0,-0.002707940480344617,-1.0,0.3333333333333333,1.0,6S=F,fx
2024-07-31 00:00:00+00:00,1.1432499885559082,0.004745741687408822,0.07492846853583413,2024-07,0.017760200311516927,1.0,0.04520940042345556,1.0,-0.008585157344585759,-1.0,0.3333333333333333,1.0,6S=F,fx
2024-08-30 00:00:00+00:00,1.1780500411987305,-0.005067288488704413,0.08303537710353498,2024-08,0.030439582760704686,1.0,0.06173677798095745,1.0,0.03889064451757118,1.0,1.0,1.0,6S=F,fx
2024-09-30 00:00:00+00:00,1.1910500526428223,-0.007251422661957663,0.08043285512898049,2024-09,0.011035194592297293,1.0,0.06031345050787329,1.0,0.08120007042610933,1.0,1.0,1.0,6S=F,fx
2024-10-31 00:00:00+00:00,1.1627000570297241,0.0015936674746424018,0.073387511861482,2024-10,-0.023802522446636276,-1.0,0.017012961879303568,1.0,0.05193170179923734,1.0,0.3333333333333333,1.0,6S=F,fx
2024-11-29 00:00:00+00:00,1.1368999481201172,0.0005719947509095213,0.07886790521526992,2024-11,-0.02218982338017328,-1.0,-0.034930683451053435,-1.0,-0.006553698399455965,-1.0,-1.0,1.0,6S=F,fx
2024-12-31 00:00:00+00:00,1.1102999448776245,-0.004527783294004828,0.08041178960977584,2024-12,-0.02339696055618279,-1.0,-0.06779740917354504,-1.0,-0.0732053528356289,-1.0,-1.0,1.0,6S=F,fx
2025-01-31 00:00:00+00:00,1.1035000085830688,-0.0022603418913966777,0.07647953439701397,2025-01,-0.006124413791000594,-1.0,-0.05091601061574713,-1.0,-0.05550560513752412,-1.0,-1.0,1.0,6S=F,fx
2025-02-28 00:00:00+00:00,1.1086499691009521,-0.004445084832780499,0.07644984875290531,2025-02,0.00466693292054976,1.0,-0.02484825429526749,-1.0,-0.020929924074939654,-1.0,-0.3333333333333333,1.0,6S=F,fx
2025-03-31 00:00:00+00:00,1.1406999826431274,-0.0032766541025309737,0.078027935192575,2025-03,0.028909046529957516,1.0,0.02738002276389695,1.0,0.0201216591520319,1.0,1.0,1.0,6S=F,fx
2025-04-30 00:00:00+00:00,1.2216999530792236,0.0013112923660234532,0.12277140351621815,2025-04,0.07100900470640004,1.0,0.10711367791281434,1.0,0.11693180689925153,1.0,1.0,1.0,6S=F,fx
2025-05-30 00:00:00+00:00,1.2182999849319458,-8.208847160851018e-05,0.11980142919779983,2025-05,-0.0027829813193561703,-1.0,0.09890408955670038,1.0,0.09801269502921284,1.0,0.3333333333333333,1.0,6S=F,fx
2025-06-30 00:00:00+00:00,1.2726500034332275,0.007999688793458137,0.1098092481470123,2025-06,0.04461135941351735,1.0,0.11567460576650257,1.0,0.13295651466110892,1.0,1.0,1.0,6S=F,fx
2025-07-31 00:00:00+00:00,1.2377500534057617,0.0010514752373049774,0.10091392349883659,2025-07,-0.027423054204468,-1.0,0.013137514072980583,1.0,0.08265914349076087,1.0,0.3333333333333333,1.0,6S=F,fx
2025-08-29 00:00:00+00:00,1.2523000240325928,0.0015195752930539097,0.09198483387494262,2025-08,0.011755176731195194,1.0,0.027907772733450464,1.0,0.06302786828843776,1.0,1.0,1.0,6S=F,fx
2025-09-30 00:00:00+00:00,1.267300009727478,0.0013036587780288489,0.0953238049386808,2025-09,0.011977948899643875,1.0,-0.004203821703780974,-1.0,0.0640191039121023,1.0,0.3333333333333333,1.0,6S=F,fx
2025-10-31 00:00:00+00:00,1.2489999532699585,-0.0032719529022956495,0.08682105604969363,2025-10,-0.014440192785491135,-1.0,0.009088991620918918,1.0,0.07422369657459149,1.0,0.3333333333333333,1.0,6S=F,fx
2025-11-28 00:00:00+00:00,1.2472000122070312,0.0009229260592436006,0.08032690163194489,2025-11,-0.0014411057888472634,-1.0,-0.004072515952797562,-1.0,0.09701826820319326,1.0,-0.3333333333333333,1.0,6S=F,fx
2025-12-31 00:00:00+00:00,1.2707500457763672,-0.0016105617485028256,0.07437132026313935,2025-12,0.018882323074758567,1.0,0.0027223514735323917,1.0,0.14451059070927652,1.0,1.0,1.0,6S=F,fx
2026-01-30 00:00:00+00:00,1.3014999628067017,-0.007208572192932583,0.08416745221157604,2026-01,0.02419824192219311,1.0,0.04203363610966915,1.0,0.179429046382946,1.0,1.0,1.0,6S=F,fx
2026-02-27 00:00:00+00:00,1.3038500547409058,0.007495313471658438,0.08092038161407818,2026-02,0.0018056796015084586,1.0,0.04542177836706984,1.0,0.17607007719329948,1.0,1.0,1.0,6S=F,fx
2026-03-31 00:00:00+00:00,1.2597999572753906,-0.0008327679436531676,0.08713167749790199,2026-03,-0.03378463444116553,-1.0,-0.008617027823348722,-1.0,0.10440955241911665,1.0,-0.3333333333333333,1.0,6S=F,fx
2026-04-30 00:00:00+00:00,1.2858500480651855,0.013038733393064827,0.08020276423123802,2026-04,0.02067795814673179,1.0,-0.012024521850747427,-1.0,0.05250887897987999,1.0,0.3333333333333333,1.0,6S=F,fx
2026-05-29 00:00:00+00:00,1.2824000120162964,0.003835599616178742,0.07526910245531487,2026-05,-0.0026830780572589807,-1.0,-0.016451310982129597,-1.0,0.05261432149482559,1.0,-0.3333333333333333,1.0,6S=F,fx
2026-06-30 00:00:00+00:00,1.2475500106811523,-0.0010409395164027169,0.07576835903076369,2026-06,-0.02717560902104954,-1.0,-0.00972372361460594,-1.0,-0.019722620268230018,-1.0,-1.0,1.0,6S=F,fx
2026-07-31 00:00:00+00:00,1.2430000305175781,-0.0053214668108517715,0.07538963834685959,2026-07,-0.0036471324793544424,-1.0,-0.03332427261801152,-1.0,0.004241548685351093,1.0,-0.3333333333333333,1.0,6S=F,fx
2020-01-31 00:00:00+00:00,1582.9000244140625,-0.00037889206563779254,,2020-01,,,,,,,,1.0,GC=F,commodity
2020-02-28 00:00:00+00:00,1564.0999755859375,-0.046280502691501524,,2020-02,-0.011876965404106432,-1.0,,,,,,1.0,GC=F,commodity
2020-03-31 00:00:00+00:00,1583.4000244140625,-0.023797765466052723,0.29605452270446486,2020-03,0.012339395901399985,1.0,,,,,,1.0,GC=F,commodity
2020-04-30 00:00:00+00:00,1684.199951171875,-0.011271617334156159,0.28664768536867025,2020-04,0.06366043021573997,1.0,0.0639964149317076,1.0,,,,1.0,GC=F,commodity
2020-05-29 00:00:00+00:00,1736.9000244140625,0.013774572411924924,0.2585407833690943,2020-05,0.03129086496263023,1.0,0.11047890257999105,1.0,,,,1.0,GC=F,commodity
2020-06-30 00:00:00+00:00,1793.0,0.010254648789249421,0.2304621226500485,2020-06,0.03229890885911102,1.0,0.1323733562928926,1.0,,,,1.0,GC=F,commodity
2020-07-31 00:00:00+00:00,1962.800048828125,0.010554496980200723,0.20633481845819485,2020-07,0.09470164463364483,1.0,0.1654198466532424,1.0,,,,1.0,GC=F,commodity
2020-08-31 00:00:00+00:00,1967.5999755859375,0.0015270284217046015,0.22305501501111819,2020-08,0.002445448664359917,1.0,0.1328228153198978,1.0,,,,1.0,GC=F,commodity
2020-09-30 00:00:00+00:00,1887.5,-0.003589742201786761,0.2063476284304434,2020-09,-0.040709481896636146,-1.0,0.05270496374790845,1.0,,,,1.0,GC=F,commodity
2020-10-30 00:00:00+00:00,1877.4000244140625,0.006325069137299355,0.18676224732014415,2020-10,-0.005350980442880848,-1.0,-0.04350928382391772,-1.0,,,,1.0,GC=F,commodity
2020-11-30 00:00:00+00:00,1775.699951171875,-0.0034794731226440723,0.2029943220151275,2020-11,-0.05417069986132983,-1.0,-0.09752999938766316,-1.0,,,,1.0,GC=F,commodity
2020-12-31 00:00:00+00:00,1893.0999755859375,0.0011105106218600724,0.18575277798315076,2020-12,0.06611478720635455,1.0,0.0029668744826159,1.0,,,,1.0,GC=F,commodity
2021-01-29 00:00:00+00:00,1847.300048828125,0.005114546106532281,0.1922048934457826,2021-01,-0.02419308401482434,-1.0,-0.01603279812214331,-1.0,0.16703520142526673,1.0,-0.3333333333333333,1.0,GC=F,commodity
2021-02-26 00:00:00+00:00,1728.0999755859375,-0.026093354480996478,0.18584241351198608,2021-02,-0.06452664434118571,-1.0,-0.026806316886208048,-1.0,0.10485263254259869,1.0,-0.3333333333333333,1.0,GC=F,commodity
2021-03-31 00:00:00+00:00,1713.800048828125,0.017756413077116395,0.17579149338378672,2021-03,-0.008274941820402448,-1.0,-0.0947123390576966,-1.0,0.08235444133096892,1.0,-0.3333333333333333,1.0,GC=F,commodity
2021-04-30 00:00:00+00:00,1767.300048828125,-0.00045242167799219857,0.1618357281319462,2021-04,0.031217177311076982,1.0,-0.04330644610265111,-1.0,0.04934099279508253,1.0,0.3333333333333333,1.0,GC=F,commodity
2021-05-28 00:00:00+00:00,1902.5,0.0035870913136444305,0.15119282463607364,2021-05,0.07650084730180629,1.0,0.10092010119665074,1.0,0.09534226107331767,1.0,1.0,1.0,GC=F,commodity
2021-06-30 00:00:00+00:00,1770.800048828125,0.0045382345010247516,0.16268046771211034,2021-06,-0.06922467867115634,-1.0,0.033259422555727,1.0,-0.012381456314486838,-1.0,-0.3333333333333333,1.0,GC=F,commodity
2021-07-30 00:00:00+00:00,1812.5999755859375,-0.010157260857305284,0.14507586931017574,2021-07,0.023605108202631175,1.0,0.025632278337710757,1.0,-0.0765233694241364,-1.0,0.3333333333333333,1.0,GC=F,commodity
2021-08-31 00:00:00+00:00,1815.0,0.0033167495854062867,0.1474018831865859,2021-08,0.001324078366097714,1.0,-0.04599211563731931,-1.0,-0.07755640245954687,-1.0,-0.3333333333333333,1.0,GC=F,commodity
2021-09-30 00:00:00+00:00,1755.300048828125,0.019634068445033348,0.145404378102993,2021-09,-0.032892535080922825,-1.0,-0.008753105699459196,-1.0,-0.07003970923013247,-1.0,-1.0,1.0,GC=F,commodity
2021-10-29 00:00:00+00:00,1783.0,-0.01032414289408956,0.139842621635756,2021-10,0.01578074995803025,1.0,-0.016330120260742653,-1.0,-0.05028231766616964,-1.0,-0.3333333333333333,1.0,GC=F,commodity
2021-11-30 00:00:00+00:00,1773.5999755859375,-0.004881374069370614,0.14359981460908403,2021-11,-0.005272027153147785,-1.0,-0.02280993080664595,-1.0,-0.0011826184849257348,-1.0,-1.0,1.0,GC=F,commodity
2021-12-31 00:00:00+00:00,1827.5,0.008164643474810607,0.13369359141271955,2021-12,0.03039018107578384,1.0,0.04113254096932151,1.0,-0.034652145386898314,-1.0,0.3333333333333333,1.0,GC=F,commodity
2022-01-31 00:00:00+00:00,1795.0,0.005658566557111833,0.14055162102695068,2022-01,-0.017783857729138153,-1.0,0.006730229949523325,1.0,-0.028311615571765203,-1.0,-0.3333333333333333,1.0,GC=F,commodity
2022-02-28 00:00:00+00:00,1899.4000244140625,0.006838072840743337,0.13886586186251879,2022-02,0.0581615734897285,1.0,0.07092921208829228,1.0,0.09912623762988204,1.0,1.0,1.0,GC=F,commodity
2022-03-31 00:00:00+00:00,1949.199951171875,0.008119964402314439,0.16341023826054915,2022-03,0.02621876704101611,1.0,0.0665936805318057,1.0,0.1373555231864496,1.0,1.0,1.0,GC=F,commodity
2022-04-29 00:00:00+00:00,1909.300048828125,0.010907025037761198,0.15602933540608513,2022-04,-0.020469886796252945,-1.0,0.06367690742513932,1.0,0.08034855207193514,1.0,0.3333333333333333,1.0,GC=F,commodity
2022-05-31 00:00:00+00:00,1842.699951171875,-0.004645436952099624,0.1525741211936698,2022-05,-0.03488194414341905,-1.0,-0.029851570239754377,-1.0,-0.031432351552233895,-1.0,-1.0,1.0,GC=F,commodity
2022-06-30 00:00:00+00:00,1804.0999755859375,-0.00529303404332937,0.14689755766291857,2022-06,-0.020947509962970123,-1.0,-0.07444078556368838,-1.0,0.018805017980347172,1.0,-0.3333333333333333,1.0,GC=F,commodity
2022-07-29 00:00:00+00:00,1762.9000244140625,0.007198751776515966,0.14559294528217628,2022-07,-0.022836844814264845,-1.0,-0.07667732711991426,-1.0,-0.027419150304141993,-1.0,-1.0,1.0,GC=F,commodity
2022-08-31 00:00:00+00:00,1712.800048828125,-0.006035226693615781,0.13588844148664703,2022-08,-0.028419067951734434,-1.0,-0.07049433211366807,-1.0,-0.0563085130423554,-1.0,-1.0,1.0,GC=F,commodity
2022-09-30 00:00:00+00:00,1662.4000244140625,0.0023515371806226426,0.14041229739274735,2022-09,-0.02942551551685535,-1.0,-0.07854329199569643,-1.0,-0.052925438289644244,-1.0,-1.0,1.0,GC=F,commodity
2022-10-31 00:00:00+00:00,1635.9000244140625,-0.0022566182160088655,0.14514195028758525,2022-10,-0.015940808235575088,-1.0,-0.07204038699937687,-1.0,-0.08250138843855159,-1.0,-1.0,1.0,GC=F,commodity
2022-11-30 00:00:00+00:00,1746.0,-0.0013726975409227293,0.15018102186234006,2022-11,0.06730238641898212,1.0,0.01938343660988906,1.0,-0.015561556137718924,-1.0,0.3333333333333333,1.0,GC=F,commodity
2022-12-30 00:00:00+00:00,1819.699951171875,0.00010989347176426634,0.15997508941679897,2022-12,0.042210739502792194,1.0,0.09462218746853979,1.0,-0.004268152573529416,-1.0,0.3333333333333333,1.0,GC=F,commodity
2023-01-31 00:00:00+00:00,1929.5,0.0034323030329923565,0.14772640803220136,2023-01,0.060339644872449805,1.0,0.17947305532384084,1.0,0.07493036211699167,1.0,1.0,1.0,GC=F,commodity
2023-02-28 00:00:00+00:00,1828.9000244140625,0.006549270453529266,0.14108108004271258,2023-02,-0.05213784689605472,-1.0,0.047479968163838704,1.0,-0.037116983833749395,-1.0,-0.3333333333333333,1.0,GC=F,commodity
2023-03-31 00:00:00+00:00,1969.0,-0.005706230646619459,0.16547070010909848,2023-03,0.0766034084508378,1.0,0.08204652021448733,1.0,0.010158038848821604,1.0,1.0,1.0,GC=F,commodity
2023-04-28 00:00:00+00:00,1990.0999755859375,0.00010048302398191211,0.16053743289624425,2023-04,0.010716087143695985,1.0,0.03140708763199673,1.0,0.042319135123578544,1.0,1.0,1.0,GC=F,commodity
2023-05-31 00:00:00+00:00,1963.9000244140625,0.0030132913248530624,0.1509694208863885,2023-05,-0.013165143205512098,-1.0,0.0738148604067359,1.0,0.0657730919052284,1.0,0.3333333333333333,1.0,GC=F,commodity
2023-06-30 00:00:00+00:00,1921.0999755859375,0.0062329901102071705,0.13809255887008243,2023-06,-0.02179339492645227,-1.0,-0.024327081977685405,-1.0,0.06485228179330838,1.0,-0.3333333333333333,1.0,GC=F,commodity
2023-07-31 00:00:00+00:00,1970.5,0.005151997276145792,0.12818940045513816,2023-07,0.025714447473768498,1.0,-0.0098487391720945,-1.0,0.1177604927737963,1.0,0.3333333333333333,1.0,GC=F,commodity
2023-08-31 00:00:00+00:00,1938.199951171875,-0.003137426067507776,0.11670809061165684,2023-08,-0.0163918035159224,-1.0,-0.013086243150210897,-1.0,0.13159732363270638,1.0,-0.3333333333333333,1.0,GC=F,commodity
2023-09-29 00:00:00+00:00,1848.0999755859375,-0.006611507561121943,0.11316157383596755,2023-09,-0.046486419283759295,-1.0,-0.037999063519708276,-1.0,0.11170593626364256,1.0,-0.3333333333333333,1.0,GC=F,commodity
2023-10-31 00:00:00+00:00,1985.199951171875,-0.0055104700275854235,0.12306935420554324,2023-10,0.07418428515614806,1.0,0.0074600107444176,1.0,0.2135215609419181,1.0,1.0,1.0,GC=F,commodity
2023-11-30 00:00:00+00:00,2038.0999755859375,-0.004396463341964529,0.12196871595567622,2023-11,0.026647202153533778,1.0,0.051542682350012914,1.0,0.1672966641385667,1.0,1.0,1.0,GC=F,commodity
2023-12-29 00:00:00+00:00,2062.39990234375,-0.005545108511265995,0.13307940370433496,2023-12,0.011922833545408684,1.0,0.11595689063838055,1.0,0.1333736097621907,1.0,1.0,1.0,GC=F,commodity
2024-01-31 00:00:00+00:00,2048.39990234375,0.008318928055008667,0.12589361367229612,2024-01,-0.006788208234537851,-1.0,0.0318355595034987,1.0,0.06162213130020722,1.0,0.3333333333333333,1.0,GC=F,commodity
2024-02-29 00:00:00+00:00,2045.699951171875,0.0062469017077595446,0.11647950174706619,2024-02,-0.0013180781588525425,-1.0,0.0037289513159199927,1.0,0.11854115799865572,1.0,0.3333333333333333,1.0,GC=F,commodity
2024-03-28 00:00:00+00:00,2217.39990234375,0.012234001411838502,0.12097299124413946,2024-03,0.08393212849886278,1.0,0.07515516259666954,1.0,0.12615535924009658,1.0,1.0,1.0,GC=F,commodity
2024-04-30 00:00:00+00:00,2291.39990234375,-0.02302379220960915,0.13152984058230185,2024-04,0.033372419617130555,1.0,0.11862917964503072,1.0,0.15139939221852505,1.0,1.0,1.0,GC=F,commodity
2024-05-31 00:00:00+00:00,2322.89990234375,-0.008536429567474357,0.14423280424513563,2024-05,0.013747054788550983,1.0,0.13550371891688306,1.0,0.18279946711482764,1.0,1.0,1.0,GC=F,commodity
2024-06-28 00:00:00+00:00,2327.699951171875,0.0013766191318025367,0.1550020044488839,2024-06,0.0020664036462707536,1.0,0.04974296639570519,1.0,0.21164956574523108,1.0,1.0,1.0,GC=F,commodity
2024-07-31 00:00:00+00:00,2426.5,0.008939708939708968,0.16295487622899665,2024-07,0.04244535416963191,1.0,0.05895963315616082,1.0,0.23141334686627757,1.0,1.0,1.0,GC=F,commodity
2024-08-30 00:00:00+00:00,2493.800048828125,-0.012630123514453473,0.15429574016363856,2024-08,0.027735441511693715,1.0,0.07357189447205226,1.0,0.2866577812677804,1.0,1.0,1.0,GC=F,commodity
2024-09-30 00:00:00+00:00,2636.10009765625,-0.0031009911963315595,0.1453005985143918,2024-09,0.05706153101368083,1.0,0.13249136613553292,1.0,0.42638392537204495,1.0,1.0,1.0,GC=F,commodity
2024-10-31 00:00:00+00:00,2738.300048828125,-0.018002492799668257,0.13599211180898255,2024-10,0.038769374221692354,1.0,0.12849785651272416,1.0,0.37935730212550656,1.0,1.0,1.0,GC=F,commodity
2024-11-29 00:00:00+00:00,2657.0,0.00647755531983174,0.1664003033391712,2024-11,-0.02968997092298853,-1.0,0.06544227603514763,1.0,0.30366519396877667,1.0,0.3333333333333333,1.0,GC=F,commodity
2024-12-31 00:00:00+00:00,2629.199951171875,0.008863762959987476,0.16094783367578863,2024-12,-0.010462946491578862,-1.0,-0.00261755860124957,-1.0,0.27482548277082586,1.0,-0.3333333333333333,1.0,GC=F,commodity
2025-01-31 00:00:00+00:00,2812.5,-0.0037194473963868546,0.15643783700857225,2025-01,0.06971704405609214,1.0,0.02709708572792424,1.0,0.3730229125582254,1.0,1.0,1.0,GC=F,commodity
2025-02-28 00:00:00+00:00,2836.800048828125,-0.016093196146486743,0.15210302271821843,2025-02,0.008640017361111196,1.0,0.06767032323226374,1.0,0.38671365133634095,1.0,1.0,1.0,GC=F,commodity
2025-03-31 00:00:00+00:00,3122.800048828125,0.011760910036651584,0.14680836404753234,2025-03,0.10081782116372495,1.0,0.1877377555237838,1.0,0.4083161298633522,1.0,1.0,1.0,GC=F,commodity
2025-04-30 00:00:00+00:00,3305.0,-0.004158144095784855,0.20980894543221587,2025-04,0.058345058384461135,1.0,0.17511111111111122,1.0,0.4423497167035282,1.0,1.0,1.0,GC=F,commodity
2025-05-30 00:00:00+00:00,3288.89990234375,-0.008501460457109866,0.23118668014478966,2025-05,-0.004871436507186133,-1.0,0.15936965797162417,1.0,0.4158595034703516,1.0,0.3333333333333333,1.0,GC=F,commodity
2025-06-30 00:00:00+00:00,3294.39990234375,0.006323105807074736,0.2153204881918633,2025-06,0.0016722916973181956,1.0,0.0549506375152069,1.0,0.4153026470122114,1.0,1.0,1.0,GC=F,commodity
2025-07-31 00:00:00+00:00,3293.199951171875,-0.0007889124393861691,0.19128721405501659,2025-07,-0.0003642396817160609,-1.0,-0.0035703627316565623,-1.0,0.3571811049544096,1.0,-0.3333333333333333,1.0,GC=F,commodity
2025-08-29 00:00:00+00:00,3473.699951171875,0.012209307578411543,0.17632513482690518,2025-08,0.054809912145106665,1.0,0.05618901587623015,1.0,0.39293443065101386,1.0,1.0,1.0,GC=F,commodity
2025-09-30 00:00:00+00:00,3840.800048828125,0.005208235492420998,0.17223606131702113,2025-09,0.10567985226599852,1.0,0.16585726162013503,1.0,0.4570008370482481,1.0,1.0,1.0,GC=F,commodity
2025-10-31 00:00:00+00:00,3982.199951171875,-0.004773472977074977,0.2346309939306448,2025-10,0.03681522092952827,1.0,0.2092189998225955,1.0,0.45425989853671656,1.0,1.0,1.0,GC=F,commodity
2025-11-28 00:00:00+00:00,4218.2998046875,0.012748393086785548,0.22152098203081616,2025-11,0.05928879925935049,1.0,0.2143535319636427,1.0,0.5876175403415507,1.0,1.0,1.0,GC=F,commodity
2025-12-31 00:00:00+00:00,4325.60009765625,-0.010182833117224455,0.21970085292672417,2025-12,0.025436857961000037,1.0,0.1262237145034517,1.0,0.6452153423052756,1.0,1.0,1.0,GC=F,commodity
2026-01-30 00:00:00+00:00,4713.89990234375,-0.11366200569716556,0.24097600729731494,2026-01,0.08976784629210033,1.0,0.18374264480530456,1.0,0.6760532986111112,1.0,1.0,1.0,GC=F,commodity
2026-02-27 00:00:00+00:00,5230.5,0.010431758910460776,0.33635142155630465,2026-02,0.10959080768757867,1.0,0.23995454144527928,1.0,0.8438028447442767,1.0,1.0,1.0,GC=F,commodity
2026-03-31 00:00:00+00:00,4647.60009765625,0.026867012297006276,0.3498412621953645,2026-03,-0.1114424820464105,-1.0,0.07444053836009257,1.0,0.48827975694451764,1.0,0.3333333333333333,1.0,GC=F,commodity
2026-04-30 00:00:00+00:00,4614.7001953125,0.01529085563088639,0.3194731284359266,2026-04,-0.00707890129366795,-1.0,-0.02104408432218252,-1.0,0.39627842520801826,1.0,-0.3333333333333333,1.0,GC=F,commodity
2026-05-29 00:00:00+00:00,4560.5,0.013602159884686937,0.28858910249825814,2026-05,-0.011745117346421585,-1.0,-0.12809482841028585,-1.0,0.3866338701126406,1.0,-0.3333333333333333,1.0,GC=F,commodity
2026-06-30 00:00:00+00:00,4022.89990234375,0.00014913196637333925,0.29400958652881926,2026-06,-0.11788183261840812,-1.0,-0.13441349991096085,-1.0,0.2211328380266524,1.0,-0.3333333333333333,1.0,GC=F,commodity
2026-07-31 00:00:00+00:00,4049.10009765625,-0.012438720710539086,0.27025557731430433,2026-07,0.006512763416568257,1.0,-0.12256486309354897,-1.0,0.22953363223978873,1.0,0.3333333333333333,1.0,GC=F,commodity
2020-01-31 00:00:00+00:00,17.972000122070312,0.0011141075165814751,,2020-01,,,,,,,,1.0,SI=F,commodity
2020-02-28 00:00:00+00:00,16.386999130249023,-0.07197880551029079,,2020-02,-0.08819279885686437,-1.0,,,,,,1.0,SI=F,commodity
2020-03-31 00:00:00+00:00,14.097999572753906,0.0017052162541497662,0.44457565805094595,2020-03,-0.13968387618144296,-1.0,,,,,,1.0,SI=F,commodity
2020-04-30 00:00:00+00:00,14.89799976348877,-0.01728232760952597,0.4439240357183027,2020-04,0.056745652928019696,1.0,-0.17104386477310063,-1.0,,,,1.0,SI=F,commodity
2020-05-29 00:00:00+00:00,18.440000534057617,0.03045543796326089,0.4206421510541616,2020-05,0.23775008905889483,1.0,0.1252823282341502,1.0,,,,1.0,SI=F,commodity
2020-06-30 00:00:00+00:00,18.541000366210938,0.03120138143812401,0.3791576218184616,2020-06,0.005477214166386801,1.0,0.31515115109264635,1.0,,,,1.0,SI=F,commodity
2020-07-31 00:00:00+00:00,24.18899917602539,0.036375279258229254,0.425748204542131,2020-07,0.30462211845415577,1.0,0.6236407276167713,1.0,,,,1.0,SI=F,commodity
2020-08-31 00:00:00+00:00,28.437000274658203,0.029952902789744273,0.5213890593809094,2020-08,0.17561706739992622,1.0,0.5421366296674832,1.0,,,,1.0,SI=F,commodity
2020-09-30 00:00:00+00:00,23.433000564575195,-0.038843257948727006,0.5139846707476061,2020-09,-0.17596791721180072,-1.0,0.2638476943929857,1.0,,,,1.0,SI=F,commodity
2020-10-30 00:00:00+00:00,23.617000579833984,0.011911387358885639,0.4743892543561125,2020-10,0.007852174746112217,1.0,-0.02364705509429821,-1.0,,,,1.0,SI=F,commodity
2020-11-30 00:00:00+00:00,22.534000396728516,-0.0008424200840525531,0.45947092654948,2020-11,-0.045856804696453146,-1.0,-0.2075816654680761,-1.0,,,,1.0,SI=F,commodity
2020-12-31 00:00:00+00:00,26.332000732421875,-0.005889464369025044,0.42948556846827834,2020-12,0.16854532124019816,1.0,0.12371442401743638,1.0,,,,1.0,SI=F,commodity
2021-01-29 00:00:00+00:00,26.899999618530273,0.0382492263934231,0.42950526117276905,2021-01,0.021570669539327403,1.0,0.13900999102737743,1.0,0.49677272623073443,1.0,1.0,1.0,SI=F,commodity
2021-02-26 00:00:00+00:00,26.402000427246094,-0.04468642551177737,0.4618969192213746,2021-02,-0.018512981351164415,-1.0,0.17165172461251643,1.0,0.6111552955727091,1.0,0.3333333333333333,1.0,SI=F,commodity
2021-03-31 00:00:00+00:00,24.517000198364258,0.016417225806875102,0.41244216260214267,2021-03,-0.07139611386933287,-1.0,-0.0689275589994518,-1.0,0.7390410654960107,1.0,-0.3333333333333333,1.0,SI=F,commodity
2021-04-30 00:00:00+00:00,25.85300064086914,-0.007676615340125981,0.3650270333228909,2021-04,0.05449281852165666,1.0,-0.03892189563229209,-1.0,0.7353336723919346,1.0,0.3333333333333333,1.0,SI=F,commodity
2021-05-28 00:00:00+00:00,27.993000030517578,0.002650503357894074,0.3393963336295393,2021-05,0.08277566768266986,1.0,0.060260570317604456,1.0,0.5180585260188102,1.0,1.0,1.0,SI=F,commodity
2021-06-30 00:00:00+00:00,26.165000915527344,0.011325030065880703,0.3221168461354238,2021-06,-0.06530200810907638,-1.0,0.06721869330788022,1.0,0.4111968285816099,1.0,0.3333333333333333,1.0,SI=F,commodity
2021-07-30 00:00:00+00:00,25.527999877929688,-0.009160070703083445,0.298524630559356,2021-07,-0.024345538517433596,-1.0,-0.01257110412265583,-1.0,0.055355771115632946,1.0,-0.3333333333333333,1.0,SI=F,commodity
2021-08-31 00:00:00+00:00,23.959999084472656,0.0,0.2876166394421787,2021-08,-0.061422782864107184,-1.0,-0.1440717658574715,-1.0,-0.15743577546662868,-1.0,-1.0,1.0,SI=F,commodity
2021-09-30 00:00:00+00:00,22.020999908447266,0.02618949085461031,0.29189995273432073,2021-09,-0.08092651294306452,-1.0,-0.1583795475665688,-1.0,-0.060256929207031185,-1.0,-1.0,1.0,SI=F,commodity
2021-10-29 00:00:00+00:00,23.94499969482422,-0.007131935185737293,0.27447040997365363,2021-10,0.0873711363869043,1.0,-0.06201034905496283,-1.0,0.013888262985872313,1.0,0.3333333333333333,1.0,SI=F,commodity
2021-11-30 00:00:00+00:00,22.764999389648438,-0.0014913108928941154,0.26850666536763257,2021-11,-0.04927961245415435,-1.0,-0.0498747804877272,-1.0,0.010251131128650393,1.0,-0.3333333333333333,1.0,SI=F,commodity
2021-12-31 00:00:00+00:00,23.327999114990234,0.013027585489440163,0.25571486894278944,2021-12,0.02473093522672354,1.0,0.05935240052571822,1.0,-0.11408178390838697,-1.0,0.3333333333333333,1.0,SI=F,commodity
2022-01-31 00:00:00+00:00,22.395000457763672,0.004170048058309339,0.2803138199826697,2022-01,-0.03999479992379762,-1.0,-0.06473164572207468,-1.0,-0.16747209013576703,-1.0,-1.0,1.0,SI=F,commodity
2022-02-28 00:00:00+00:00,24.361000061035156,0.015168576254085409,0.26498940371370877,2022-02,0.08778743304691172,1.0,0.07010765272027375,1.0,-0.07730476225978256,-1.0,0.3333333333333333,1.0,SI=F,commodity
2022-03-31 00:00:00+00:00,25.121000289916992,0.0007170317726299391,0.30214498636386344,2022-03,0.031197415006678497,1.0,0.0768604785214777,1.0,0.024635970415052277,1.0,1.0,1.0,SI=F,commodity
2022-04-29 00:00:00+00:00,23.040000915527344,-0.0038479309815057094,0.28697599658851347,2022-04,-0.0828390330947496,-1.0,0.02880109151951671,1.0,-0.10880747517156397,-1.0,-0.3333333333333333,1.0,SI=F,commodity
2022-05-31 00:00:00+00:00,21.650999069213867,-0.018540362947875644,0.2729768352364547,2022-05,-0.060286536072895136,-1.0,-0.1112434212483695,-1.0,-0.22655667325366158,-1.0,-1.0,1.0,SI=F,commodity
2022-06-30 00:00:00+00:00,20.281999588012695,-0.018676199595717424,0.2620188805634581,2022-06,-0.06323031453766903,-1.0,-0.19262770773688354,-1.0,-0.2248423895152032,-1.0,-1.0,1.0,SI=F,commodity
2022-07-29 00:00:00+00:00,20.1560001373291,0.0165935582081409,0.2993790657513857,2022-07,-0.006212378130510565,-1.0,-0.1251736399131229,-1.0,-0.21043559097024933,-1.0,-1.0,1.0,SI=F,commodity
2022-08-31 00:00:00+00:00,17.761999130249023,-0.021862506625145217,0.2859307811792908,2022-08,-0.11877361533880748,-1.0,-0.17962219325456974,-1.0,-0.2586811431992192,-1.0,-1.0,1.0,SI=F,commodity
2022-09-30 00:00:00+00:00,18.959999084472656,0.018752298226476283,0.29870609327512604,2022-09,0.06744736025706799,1.0,-0.06518097477535612,-1.0,-0.13900371630265562,-1.0,-0.3333333333333333,1.0,SI=F,commodity
2022-10-31 00:00:00+00:00,19.125,-0.0011489716335300049,0.3364527053154107,2022-10,0.008702580353100897,1.0,-0.051151028492983586,-1.0,-0.20129462335579296,-1.0,-0.3333333333333333,1.0,SI=F,commodity
2022-11-30 00:00:00+00:00,21.549999237060547,0.016317617257097128,0.33627061632885485,2022-11,0.12679734572865597,1.0,0.21326428849782375,1.0,-0.053371411603919006,-1.0,0.3333333333333333,1.0,SI=F,commodity
2022-12-30 00:00:00+00:00,23.86199951171875,-0.00897082860747389,0.3444517606074542,2022-12,0.1072853993740357,1.0,0.25854433881595495,1.0,0.022890964377025202,1.0,1.0,1.0,SI=F,commodity
2023-01-31 00:00:00+00:00,23.74799919128418,0.004356047008943431,0.31224675107919364,2023-01,-0.004777483981532438,-1.0,0.24172544791028394,1.0,0.06041521347910783,1.0,0.3333333333333333,1.0,SI=F,commodity
2023-02-28 00:00:00+00:00,20.961000442504883,0.014078392120795424,0.29385349702020075,2023-02,-0.11735720244601322,-1.0,-0.027331731573462692,-1.0,-0.13956732523343707,-1.0,-1.0,1.0,SI=F,commodity
2023-03-31 00:00:00+00:00,24.076000213623047,0.0072797164784002,0.30839160578168184,2023-03,0.14860930801764316,1.0,0.008968263610901417,1.0,-0.04159866503060328,-1.0,0.3333333333333333,1.0,SI=F,commodity
2023-04-28 00:00:00+00:00,24.999000549316406,0.000640465428799919,0.28781883475859815,2023-04,0.038336946648268144,1.0,0.05267817924178475,1.0,0.08502602239346424,1.0,1.0,1.0,SI=F,commodity
2023-05-31 00:00:00+00:00,23.474000930786133,0.015091932142103026,0.27467929295218424,2023-05,-0.06100242349776552,-1.0,0.11988933902149856,1.0,0.08419943374181016,1.0,0.3333333333333333,1.0,SI=F,commodity
2023-06-30 00:00:00+00:00,22.809999465942383,0.009694120070684376,0.2664571060709153,2023-06,-0.028286676259474453,-1.0,-0.052583516217295734,-1.0,0.12464253669661929,1.0,-0.3333333333333333,1.0,SI=F,commodity
2023-07-31 00:00:00+00:00,24.854000091552734,0.01986045283757809,0.26303535199722233,2023-07,0.08960984977935871,1.0,-0.005800250193107703,-1.0,0.2330819568473257,1.0,0.3333333333333333,1.0,SI=F,commodity
2023-08-31 00:00:00+00:00,24.472000122070312,-0.010592671552072441,0.25596641586465546,2023-08,-0.015369758110375775,-1.0,0.04251508697758055,1.0,0.3777728476742255,1.0,0.3333333333333333,1.0,SI=F,commodity
2023-09-29 00:00:00+00:00,22.236000061035156,-0.012391709357165492,0.24052441908544545,2023-09,-0.09136973070781407,-1.0,-0.025164376078318895,-1.0,0.17278486997635945,1.0,-0.3333333333333333,1.0,SI=F,commodity
2023-10-31 00:00:00+00:00,22.840999603271484,-0.018941671357483814,0.25068170999834105,2023-10,0.027208110297521015,1.0,-0.08099301846246554,-1.0,0.19430063285079657,1.0,0.3333333333333333,1.0,SI=F,commodity
2023-11-30 00:00:00+00:00,25.292999267578125,0.008814564438401451,0.2532892721599204,2023-11,0.10735080368179006,1.0,0.0335485101917512,1.0,0.17368910269289306,1.0,1.0,1.0,SI=F,commodity
2023-12-29 00:00:00+00:00,23.85300064086914,-0.011643330084871284,0.2698244979251929,2023-12,-0.05693269554452762,-1.0,0.07271993953028932,1.0,-0.0003771214078346352,-1.0,-0.3333333333333333,1.0,SI=F,commodity
2024-01-31 00:00:00+00:00,23.051000595092773,-0.0024234974254054853,0.2547779911276645,2024-01,-0.033622606138794975,-1.0,0.00919403684027964,1.0,-0.029349781873296288,-1.0,-0.3333333333333333,1.0,SI=F,commodity
2024-02-29 00:00:00+00:00,22.666000366210938,0.01142349489254424,0.24510202772752634,2024-02,-0.01670210485196022,-1.0,-0.10386268838961343,-1.0,0.08134153369171448,1.0,-0.3333333333333333,1.0,SI=F,commodity
2024-03-28 00:00:00+00:00,24.797000885009766,0.006984807513086944,0.2338761550776408,2024-03,0.09401749247192237,1.0,0.03957574388034013,1.0,0.029946862642855177,1.0,1.0,1.0,SI=F,commodity
2024-04-30 00:00:00+00:00,26.391000747680664,-0.03587471130734532,0.2513390478606894,2024-04,0.06428196176072642,1.0,0.1448961028311686,1.0,0.0556822340004437,1.0,1.0,1.0,SI=F,commodity
2024-05-31 00:00:00+00:00,30.297000885009766,-0.03475849325537028,0.30423138256542126,2024-05,0.14800500271564632,1.0,0.33667168426303595,1.0,0.290661995555912,1.0,1.0,1.0,SI=F,commodity
2024-06-28 00:00:00+00:00,29.23699951171875,0.011031200367249472,0.35187191691479125,2024-06,-0.034987006711132196,-1.0,0.17905385604083457,1.0,0.2817623935227409,1.0,0.3333333333333333,1.0,SI=F,commodity
2024-07-31 00:00:00+00:00,28.777999877929688,0.014560201309504306,0.3428173469854108,2024-07,-0.015699272888966775,-1.0,0.09044746552321636,1.0,0.15788202188470346,1.0,0.3333333333333333,1.0,SI=F,commodity
2024-08-30 00:00:00+00:00,28.731000900268555,-0.02794594608547285,0.32780006715254895,2024-08,-0.0016331565035963003,-1.0,-0.05168828395539404,-1.0,0.1740356634910778,1.0,-0.3333333333333333,1.0,SI=F,commodity
2024-09-30 00:00:00+00:00,31.163999557495117,-0.011263033483806084,0.3322708830682403,2024-09,0.08468200135707149,1.0,0.06590963771791936,1.0,0.4015110393934913,1.0,1.0,1.0,SI=F,commodity
2024-10-31 00:00:00+00:00,32.65299987792969,-0.037182329788516766,0.3260979868167045,2024-10,0.04777950011478738,1.0,0.13465147044398318,1.0,0.4295784092239485,1.0,1.0,1.0,SI=F,commodity
2024-11-29 00:00:00+00:00,30.684999465942383,0.019062781167803244,0.3159410584125564,2024-11,-0.06027012584891123,-1.0,0.06801011118465983,1.0,0.21318152668734713,1.0,0.3333333333333333,1.0,SI=F,commodity
2024-12-31 00:00:00+00:00,28.940000534057617,-0.005703303823144101,0.30965748793519254,2024-12,-0.056868142814262,-1.0,-0.07136436449161143,-1.0,0.21326456867118582,1.0,-0.3333333333333333,1.0,SI=F,commodity
2025-01-31 00:00:00+00:00,32.12799835205078,-0.0072920551417322566,0.30637874926048325,2025-01,0.11015887212031727,1.0,-0.016078201936776892,-1.0,0.3937789042828088,1.0,0.3333333333333333,1.0,SI=F,commodity
2025-02-28 00:00:00+00:00,31.2189998626709,-0.018301333968456457,0.279733614096013,2025-02,-0.028293032121680883,-1.0,0.017402652958205422,1.0,0.3773493054915078,1.0,0.3333333333333333,1.0,SI=F,commodity
2025-03-31 00:00:00+00:00,34.457000732421875,-0.005397767845001122,0.2687367612151252,2025-03,0.10371891745394168,1.0,0.19063580153952153,1.0,0.3895632335623198,1.0,1.0,1.0,SI=F,commodity
2025-04-30 00:00:00+00:00,32.53099822998047,-0.022359226499803597,0.32777731741572785,2025-04,-0.05589582556525763,-1.0,0.012543572541112269,1.0,0.23265496981350386,1.0,0.3333333333333333,1.0,SI=F,commodity
2025-05-30 00:00:00+00:00,32.891998291015625,-0.01174781852343032,0.2986058692168643,2025-05,0.01109710985451584,1.0,0.05358911033998748,1.0,0.08565195663607095,1.0,1.0,1.0,SI=F,commodity
2025-06-30 00:00:00+00:00,35.85200119018555,-0.005133545106888682,0.2909283597007293,2025-06,0.08999158010957453,1.0,0.04048525490064092,1.0,0.2262544648542124,1.0,1.0,1.0,SI=F,commodity
2025-07-31 00:00:00+00:00,36.551998138427734,-0.026992591774202768,0.2694345718183683,2025-07,0.019524626938643763,1.0,0.12360518051184566,1.0,0.2701368508400075,1.0,1.0,1.0,SI=F,commodity
2025-08-29 00:00:00+00:00,40.20000076293945,0.025771935994458817,0.252124830815652,2025-08,0.09980309723961467,1.0,0.22218177221296997,1.0,0.3991855314223911,1.0,1.0,1.0,SI=F,commodity
2025-09-30 00:00:00+00:00,46.25299835205078,-0.007701904304227791,0.2558191775512783,2025-09,0.15057207647348125,1.0,0.2901092495978299,1.0,0.4841804328330084,1.0,1.0,1.0,SI=F,commodity
2025-10-31 00:00:00+00:00,47.99399948120117,-0.008961797101403657,0.35481564513360525,2025-10,0.03764082743131403,1.0,0.313033539218319,1.0,0.46981899551717876,1.0,1.0,1.0,SI=F,commodity
2025-11-28 00:00:00+00:00,56.44599914550781,0.06670947832162555,0.35658788724733115,2025-11,0.17610534141079892,1.0,0.4041293053294073,1.0,0.8395307195021413,1.0,1.0,1.0,SI=F,commodity
2025-12-31 00:00:00+00:00,70.13400268554688,-0.09357145568755909,0.5112913578826402,2025-12,0.2424973203991625,1.0,0.5163125674951459,1.0,1.423427829692356,1.0,1.0,1.0,SI=F,commodity
2026-01-30 00:00:00+00:00,78.29000091552734,-0.31346844308759625,0.6804922499052141,2026-01,0.11629164054059116,1.0,0.6312456090722935,1.0,1.4368153925322265,1.0,1.0,1.0,SI=F,commodity
2026-02-27 00:00:00+00:00,92.68199920654297,0.06533481270984609,0.9025983571634955,2026-02,0.1838293284291077,1.0,0.6419586969773561,1.0,1.9687690065101813,1.0,1.0,1.0,SI=F,commodity
2026-03-31 00:00:00+00:00,74.69000244140625,0.06208414053821709,0.8264964290938498,2026-03,-0.1941261185469395,-1.0,0.06496135371435563,1.0,1.1676292438049503,1.0,0.3333333333333333,1.0,SI=F,commodity
2026-04-30 00:00:00+00:00,73.53399658203125,0.02745597019921342,0.737988653652617,2026-04,-0.015477384142300377,-1.0,-0.06074855381120359,-1.0,1.2604285322625772,1.0,-0.3333333333333333,1.0,SI=F,commodity
2026-05-29 00:00:00+00:00,75.61599731445312,-0.0003833608288743573,0.6924915023414615,2026-05,0.028313444518132336,1.0,-0.1841350212359797,-1.0,1.2989177077486187,1.0,0.3333333333333333,1.0,SI=F,commodity
2026-06-30 00:00:00+00:00,59.47700119018555,0.022380781610660705,0.6527616713662644,2026-06,-0.21343362115760645,-1.0,-0.20368189521958024,-1.0,0.6589590320126208,1.0,-0.3333333333333333,1.0,SI=F,commodity
2026-07-31 00:00:00+00:00,57.590999603271484,-0.020811001479504543,0.581466379921661,2026-07,-0.031709762583411405,-1.0,-0.21681123996809382,-1.0,0.5755910083264393,1.0,-0.3333333333333333,1.0,SI=F,commodity
2020-01-31 00:00:00+00:00,58.15999984741211,-0.0022302464586272386,,2020-01,,,,,,,,1.0,BZ=F,commodity
2020-02-28 00:00:00+00:00,50.52000045776367,-0.03181295204491308,,2020-02,-0.1313617505105339,-1.0,,,,,,1.0,BZ=F,commodity
2020-03-31 00:00:00+00:00,22.739999771118164,-0.0008787547259464512,0.8225430376527019,2020-03,-0.549881243763457,-1.0,,,,,,1.0,BZ=F,commodity
2020-04-30 00:00:00+00:00,25.270000457763672,0.12111798719385525,1.0389680174691707,2020-04,0.11125772700573355,1.0,-0.5655089318421296,-1.0,,,,1.0,BZ=F,commodity
2020-05-29 00:00:00+00:00,35.33000183105469,0.0011334914845453348,0.9861429453150754,2020-05,0.3981005615771682,1.0,-0.3006729708842403,-1.0,,,,1.0,BZ=F,commodity
2020-06-30 00:00:00+00:00,41.150001525878906,-0.013425978683423656,0.8720726028872138,2020-06,0.16473250476054324,1.0,0.8095867168012505,1.0,,,,1.0,BZ=F,commodity
2020-07-31 00:00:00+00:00,43.29999923706055,0.008383805818932721,0.7377561581183808,2020-07,0.05224781607430873,1.0,0.7134942007394203,1.0,,,,1.0,BZ=F,commodity
2020-08-31 00:00:00+00:00,45.279998779296875,0.005105428327002448,0.6285997143981733,2020-08,0.04572747291278567,1.0,0.2816302415103824,1.0,,,,1.0,BZ=F,commodity
2020-09-30 00:00:00+00:00,40.95000076293945,-0.001949744546368093,0.5697972170844838,2020-09,-0.09562716725021647,-1.0,-0.004860285674927023,-1.0,,,,1.0,BZ=F,commodity
2020-10-30 00:00:00+00:00,37.459999084472656,-0.005046545383953105,0.529238358111105,2020-10,-0.08522592462624123,-1.0,-0.13487298511519197,-1.0,,,,1.0,BZ=F,commodity
2020-11-30 00:00:00+00:00,47.59000015258789,-0.012245748211929919,0.502964504431878,2020-11,0.2704218183580833,1.0,0.05101593276427385,1.0,,,,1.0,BZ=F,commodity
2020-12-31 00:00:00+00:00,51.79999923706055,0.008959857481602773,0.4342207829200935,2020-12,0.0884639434959893,1.0,0.2649572227588468,1.0,,,,1.0,BZ=F,commodity
2021-01-29 00:00:00+00:00,55.880001068115234,0.006302940689940195,0.39367178886535414,2021-01,0.0787645152731129,1.0,0.4917245711113152,1.0,-0.039202179939454185,-1.0,0.3333333333333333,1.0,BZ=F,commodity
2021-02-26 00:00:00+00:00,66.12999725341797,-0.011214115293069482,0.36140974520573027,2021-02,0.18342870417644486,1.0,0.38957758019300814,1.0,0.30898647375715593,1.0,1.0,1.0,BZ=F,commodity
2021-03-31 00:00:00+00:00,63.540000915527344,-0.009354513249620111,0.41179599846410714,2021-03,-0.039165226757313376,-1.0,0.22664096238185572,1.0,1.7941953190443227,1.0,0.3333333333333333,1.0,BZ=F,commodity
2021-04-30 00:00:00+00:00,67.25,-0.019107316295835397,0.37381180570652683,2021-04,0.058388401495380604,1.0,0.20347170212157373,1.0,1.6612583609724019,1.0,1.0,1.0,BZ=F,commodity
2021-05-28 00:00:00+00:00,69.62999725341797,0.0024474254417794494,0.3486861061762266,2021-05,0.035390293731122124,1.0,0.05292605693884411,1.0,0.970846126371099,1.0,1.0,1.0,BZ=F,commodity
2021-06-30 00:00:00+00:00,75.12999725341797,0.004949105224920647,0.30303317181453365,2021-06,0.07898894466393247,1.0,0.18240472412486808,1.0,0.8257592823215163,1.0,1.0,1.0,BZ=F,commodity
2021-07-30 00:00:00+00:00,76.33000183105469,0.003681772098106384,0.3155255584445239,2021-07,0.015972376168057467,1.0,0.13501861458817377,1.0,0.7628176253112657,1.0,1.0,1.0,BZ=F,commodity
2021-08-31 00:00:00+00:00,72.98999786376953,-0.00572137007747664,0.32965786711622264,2021-08,-0.04375742024319307,-1.0,0.048255073142152494,1.0,0.6119699609431604,1.0,0.3333333333333333,1.0,BZ=F,commodity
2021-09-30 00:00:00+00:00,78.5199966430664,-0.0015259759348094093,0.3029021109043459,2021-09,0.07576378875388112,1.0,0.045121782424851764,1.0,0.917460199759716,1.0,1.0,1.0,BZ=F,commodity
2021-10-29 00:00:00+00:00,84.37999725341797,0.0007115460010780339,0.27358752409952153,2021-10,0.07463067830975278,1.0,0.10546305815871415,1.0,1.2525360201728852,1.0,1.0,1.0,BZ=F,commodity
2021-11-30 00:00:00+00:00,70.56999969482422,-0.039079556797017356,0.3591741794632224,2021-11,-0.16366435183824746,-1.0,-0.03315520262738003,-1.0,0.4828745423104752,1.0,-0.3333333333333333,1.0,BZ=F,commodity
2021-12-31 00:00:00+00:00,77.77999877929688,-0.019415039352651875,0.35042115761843257,2021-12,0.10216804755068543,1.0,-0.00942432368067192,-1.0,0.5015444000942924,1.0,0.3333333333333333,1.0,BZ=F,commodity
2022-01-31 00:00:00+00:00,91.20999908447266,0.013106745764470018,0.3238104408551194,2022-01,0.1726665018764506,1.0,0.08094337583991829,1.0,0.6322476260029366,1.0,1.0,1.0,BZ=F,commodity
2022-02-28 00:00:00+00:00,100.98999786376953,0.03124678391767577,0.32146430185825575,2022-02,0.10722507266159798,1.0,0.43106133343481345,1.0,0.5271435363404586,1.0,1.0,1.0,BZ=F,commodity
2022-03-31 00:00:00+00:00,107.91000366210938,-0.048832026753251045,0.5383503589013929,2022-03,0.06852169466994718,1.0,0.38737471529547474,1.0,0.6983003164505666,1.0,1.0,1.0,BZ=F,commodity
2022-04-29 00:00:00+00:00,109.33999633789062,0.01626545273320823,0.5322120476593025,2022-04,0.013251715570864686,1.0,0.1987720363490757,1.0,0.6258735514927973,1.0,1.0,1.0,BZ=F,commodity
2022-05-31 00:00:00+00:00,122.83999633789062,0.02855225675292128,0.5033134414912689,2022-05,0.12346808534985954,1.0,0.21635804472038567,1.0,0.7641821224093286,1.0,1.0,1.0,BZ=F,commodity
2022-06-30 00:00:00+00:00,114.80999755859375,-0.012472084560411711,0.4687195769441569,2022-06,-0.06536957846538116,-1.0,0.06394211530276483,1.0,0.5281512279487084,1.0,0.3333333333333333,1.0,BZ=F,commodity
2022-07-29 00:00:00+00:00,110.01000213623047,0.026787406784877454,0.4727657203431864,2022-07,-0.04180816587783298,-1.0,0.006127728377357311,1.0,0.4412419690454292,1.0,0.3333333333333333,1.0,BZ=F,commodity
2022-08-31 00:00:00+00:00,96.48999786376953,-0.028395929555434685,0.47751913734154944,2022-08,-0.12289795482158516,-1.0,-0.21450666932324958,-1.0,0.3219619220137673,1.0,-0.3333333333333333,1.0,BZ=F,commodity
2022-09-30 00:00:00+00:00,87.95999908447266,-0.005989363680546256,0.4584844783462576,2022-09,-0.08840293261629095,-1.0,-0.23386463761936838,-1.0,0.12022418294690329,1.0,-0.3333333333333333,1.0,BZ=F,commodity
2022-10-31 00:00:00+00:00,94.83000183105469,-0.009815128380082028,0.41792254628850406,2022-10,0.07810371553078799,1.0,-0.13798745578040883,-1.0,0.12384457119917025,1.0,0.3333333333333333,1.0,BZ=F,commodity
2022-11-30 00:00:00+00:00,85.43000030517578,0.028905233784940476,0.3934999932245255,2022-11,-0.09912476372852519,-1.0,-0.11462325425904696,-1.0,0.21057107375106643,1.0,-0.3333333333333333,1.0,BZ=F,commodity
2022-12-30 00:00:00+00:00,85.91000366210938,0.044371522381365214,0.3846465199634007,2022-12,0.005618674414361591,1.0,-0.02330599640405362,-1.0,0.10452564940096787,1.0,0.3333333333333333,1.0,BZ=F,commodity
2023-01-31 00:00:00+00:00,84.48999786376953,-0.004829253883869455,0.3751212359512574,2023-01,-0.016528992408437526,-1.0,-0.1090372642373928,-1.0,-0.07367614612603501,-1.0,-1.0,1.0,BZ=F,commodity
2023-02-28 00:00:00+00:00,83.88999938964844,0.017465160639244193,0.3501659096752659,2023-02,-0.007101414241819759,-1.0,-0.018026465059418295,-1.0,-0.16932368388786523,-1.0,-1.0,1.0,BZ=F,commodity
2023-03-31 00:00:00+00:00,79.7699966430664,0.006307556719743257,0.34746374332518787,2023-03,-0.049111965389886714,-1.0,-0.07147022182878826,-1.0,-0.26077292247302386,-1.0,-1.0,1.0,BZ=F,commodity
2023-04-28 00:00:00+00:00,79.54000091552734,0.01492915819753926,0.3450161054705914,2023-04,-0.002883236018777713,-1.0,-0.05858678036923959,-1.0,-0.27254432431361264,-1.0,-1.0,1.0,BZ=F,commodity
2023-05-31 00:00:00+00:00,72.66000366210938,-0.011966239359022968,0.34975353820459615,2023-05,-0.08649732429252333,-1.0,-0.1338657266568628,-1.0,-0.40849881286021317,-1.0,-1.0,1.0,BZ=F,commodity
2023-06-30 00:00:00+00:00,74.9000015258789,0.007533026843893564,0.34505173714493315,2023-06,0.030828485423510132,1.0,-0.06105046160373384,-1.0,-0.34761777616401934,-1.0,-0.3333333333333333,1.0,BZ=F,commodity
2023-07-31 00:00:00+00:00,85.55999755859375,0.006706667950949541,0.31801542239734265,2023-07,0.14232304159608966,1.0,0.07568514676608729,1.0,-0.22225255979323721,-1.0,0.3333333333333333,1.0,BZ=F,commodity
2023-08-31 00:00:00+00:00,86.86000061035156,0.011646866909984954,0.2816499071674971,2023-08,0.015194051996875402,1.0,0.19543072161510477,1.0,-0.09980306214758328,-1.0,0.3333333333333333,1.0,BZ=F,commodity
2023-09-29 00:00:00+00:00,95.30999755859375,-0.000733903300901062,0.25790768004600306,2023-09,0.09728294829455897,1.0,0.2724966036971699,1.0,0.08356069293568891,1.0,1.0,1.0,BZ=F,commodity
2023-10-31 00:00:00+00:00,87.41000366210938,-0.0004573274731671795,0.3184313006878062,2023-10,-0.08288735808253167,-1.0,0.021622325342502302,1.0,-0.07824526020957467,-1.0,-0.3333333333333333,1.0,BZ=F,commodity
2023-11-30 00:00:00+00:00,82.83000183105469,-0.003249057136270439,0.3269506777992703,2023-11,-0.052396769696510526,-1.0,-0.04639648573542143,-1.0,-0.030434255704475,-1.0,-1.0,1.0,BZ=F,commodity
2023-12-29 00:00:00+00:00,77.04000091552734,-0.01722156505462813,0.3275799150614219,2023-12,-0.06990221885225834,-1.0,-0.19169024353226483,-1.0,-0.10324761225093682,-1.0,-1.0,1.0,BZ=F,commodity
2024-01-31 00:00:00+00:00,81.70999908447266,-0.013997871650332727,0.3084134183355115,2024-01,0.06061783636355167,1.0,-0.06520997985162613,-1.0,-0.032903288549957166,-1.0,-0.3333333333333333,1.0,BZ=F,commodity
2024-02-29 00:00:00+00:00,83.62000274658203,-0.0007169880302932974,0.2912519220387447,2024-02,0.02337539693440438,1.0,0.009537617989417324,1.0,-0.0032184604247323945,-1.0,0.3333333333333333,1.0,BZ=F,commodity
2024-03-28 00:00:00+00:00,87.4800033569336,0.016145976050311317,0.2629425508810033,2024-03,0.04616121123613981,1.0,0.13551404877128026,1.0,0.09665296525416545,1.0,1.0,1.0,BZ=F,commodity
2024-04-30 00:00:00+00:00,87.86000061035156,-0.00610860753627096,0.2406070444057277,2024-04,0.004343818459488613,1.0,0.07526620480708823,1.0,0.10460145334496773,1.0,1.0,1.0,BZ=F,commodity
2024-05-31 00:00:00+00:00,81.62000274658203,-0.002931808721965523,0.23675578760653673,2024-05,-0.07102205577533705,-1.0,-0.02391772224716593,-1.0,0.12331404669533619,1.0,-0.3333333333333333,1.0,BZ=F,commodity
2024-06-28 00:00:00+00:00,86.41000366210938,0.00023155773356031695,0.23289891603468107,2024-06,0.05868660566454009,1.0,-0.01223136321175522,-1.0,0.1536715874732475,1.0,0.3333333333333333,1.0,BZ=F,commodity
2024-07-31 00:00:00+00:00,80.72000122070312,0.026580237063334122,0.2207517526266859,2024-07,-0.0658488855486683,-1.0,-0.08126564238615785,-1.0,-0.05656844876107048,-1.0,-1.0,1.0,BZ=F,commodity
2024-08-30 00:00:00+00:00,78.80000305175781,-0.014260687450992071,0.25223648323564396,2024-08,-0.023785903616325377,-1.0,-0.0345503504034409,-1.0,-0.09279297147084287,-1.0,-1.0,1.0,BZ=F,commodity
2024-09-30 00:00:00+00:00,71.7699966430664,-0.0029175702149638605,0.27886148733258914,2024-09,-0.08921327584307226,-1.0,-0.16942490913772046,-1.0,-0.24698354336915862,-1.0,-1.0,1.0,BZ=F,commodity
2024-10-31 00:00:00+00:00,73.16000366210938,0.00840800254572538,0.33136007575364634,2024-10,0.01936752241965234,1.0,-0.09365705456226825,-1.0,-0.16302481870478525,-1.0,-0.3333333333333333,1.0,BZ=F,commodity
2024-11-29 00:00:00+00:00,72.94000244140625,0.0015103749496907515,0.3122218520281,2024-11,-0.003007124243995407,-1.0,-0.07436548709906221,-1.0,-0.11940117313797372,-1.0,-1.0,1.0,BZ=F,commodity
2024-12-31 00:00:00+00:00,74.63999938964844,0.003360666783857935,0.27919071116939814,2024-12,0.023306784910074763,1.0,0.03998889342095713,1.0,-0.031152667411186274,-1.0,0.3333333333333333,1.0,BZ=F,commodity
2025-01-31 00:00:00+00:00,76.76000213623047,-0.0014309952702122875,0.2642464014081357,2025-01,0.028403038101793454,1.0,0.04920719373864091,1.0,-0.06058006368504332,-1.0,0.3333333333333333,1.0,BZ=F,commodity
2025-02-28 00:00:00+00:00,73.18000030517578,-0.01161535115771728,0.2541844932438484,2025-02,-0.046638896970078836,-1.0,0.0032903462535844863,1.0,-0.12485053932664436,-1.0,-0.3333333333333333,1.0,BZ=F,commodity
2025-03-31 00:00:00+00:00,74.73999786376953,0.015075385736212699,0.23671550675972672,2025-03,0.021317266358133802,1.0,0.0013397437692765912,1.0,-0.1456333448134728,-1.0,0.3333333333333333,1.0,BZ=F,commodity
2025-04-30 00:00:00+00:00,63.119998931884766,-0.017587565262493943,0.30776217626688723,2025-04,-0.15547229413981023,-1.0,-0.17769675383981864,-1.0,-0.2815843558684423,-1.0,-1.0,1.0,BZ=F,commodity
2025-05-30 00:00:00+00:00,63.900001525878906,-0.0038971160413635575,0.29332674855478824,2025-05,0.012357455754013369,1.0,-0.12681058678050494,-1.0,-0.21710365871612491,-1.0,-0.3333333333333333,1.0,BZ=F,commodity
2025-06-30 00:00:00+00:00,67.61000061035156,-0.0023608682402260772,0.362755253146129,2025-06,0.05805945220470998,1.0,-0.09539734355376883,-1.0,-0.21756743727580208,-1.0,-0.3333333333333333,1.0,BZ=F,commodity
2025-07-31 00:00:00+00:00,72.52999877929688,-0.009694143981179404,0.3297453290955276,2025-07,0.0727702725119046,1.0,0.14908111544119018,1.0,-0.10146187212030999,-1.0,0.3333333333333333,1.0,BZ=F,commodity
2025-08-29 00:00:00+00:00,68.12000274658203,-0.007286505100364549,0.30437113096115087,2025-08,-0.060802372906886726,-1.0,0.06604070610223789,1.0,-0.13553299354773995,-1.0,-0.3333333333333333,1.0,BZ=F,commodity
2025-09-30 00:00:00+00:00,67.0199966430664,-0.013976821547376339,0.2859301430813625,2025-09,-0.016148063111621314,-1.0,-0.008726578345790159,-1.0,-0.06618364528597054,-1.0,-1.0,1.0,BZ=F,commodity
2025-10-31 00:00:00+00:00,65.06999969482422,0.0010769183819110406,0.28781992063976775,2025-10,-0.029095748223137652,-1.0,-0.10285398056013828,-1.0,-0.11057960035990388,-1.0,-1.0,1.0,BZ=F,commodity
2025-11-28 00:00:00+00:00,63.20000076293945,0.0011088182106744338,0.2722748765108819,2025-11,-0.028738265570231847,-1.0,-0.07222551064693616,-1.0,-0.13353443038737323,-1.0,-1.0,1.0,BZ=F,commodity
2025-12-31 00:00:00+00:00,60.849998474121094,-0.017280357339559127,0.25699936656074757,2025-12,-0.03718358007040412,-1.0,-0.09206204831380926,-1.0,-0.1847534971636111,-1.0,-1.0,1.0,BZ=F,commodity
2026-01-30 00:00:00+00:00,70.69000244140625,-0.00028279795397134766,0.2821109313097696,2026-01,0.16170919004164008,1.0,0.08636856881726795,1.0,-0.07907763843012194,-1.0,0.3333333333333333,1.0,BZ=F,commodity
2026-02-27 00:00:00+00:00,72.4800033569336,0.024452344267612558,0.2990855612260807,2026-02,0.025321839775165556,1.0,0.14683548230961319,1.0,-0.009565413300397063,-1.0,0.3333333333333333,1.0,BZ=F,commodity
2026-03-31 00:00:00+00:00,118.3499984741211,0.049388187223909696,0.5510564818946319,2026-03,0.6328641417315757,1.0,0.9449466136708973,1.0,0.5834894548678018,1.0,1.0,1.0,BZ=F,commodity
2026-04-30 00:00:00+00:00,114.01000213623047,-0.03405910941830437,0.6771601759479875,2026-04,-0.036670860953493145,-1.0,0.6128164973644108,1.0,0.8062421429896265,1.0,0.3333333333333333,1.0,BZ=F,commodity
2026-05-29 00:00:00+00:00,92.05000305175781,-0.017714182573179582,0.651290427830535,2026-05,-0.19261467128324994,-1.0,0.27000550204792595,1.0,0.44053209473678057,1.0,0.3333333333333333,1.0,BZ=F,commodity
2026-06-30 00:00:00+00:00,72.91999816894531,-0.0031442700223625053,0.5989545562092101,2026-06,-0.20782188211396468,-1.0,-0.3838614354955796,-1.0,0.07853864089125229,1.0,-0.3333333333333333,1.0,BZ=F,commodity
2026-07-31 00:00:00+00:00,90.12000274658203,0.01224310886476876,0.6323687492760064,2026-07,0.23587500013078366,1.0,-0.2095430132621372,-1.0,0.24252039519275548,1.0,0.3333333333333333,1.0,BZ=F,commodity
2020-01-31 00:00:00+00:00,1.840999960899353,0.006560942995668784,,2020-01,,,,,,,,1.0,NG=F,commodity
2020-02-28 00:00:00+00:00,1.684000015258789,-0.038812762552170255,,2020-02,-0.0852797115562498,-1.0,,,,,,1.0,NG=F,commodity
2020-03-31 00:00:00+00:00,1.6399999856948853,-0.02958584013766763,0.3969720384105811,2020-03,-0.026128283352267134,-1.0,,,,,,1.0,NG=F,commodity
2020-04-30 00:00:00+00:00,1.9490000009536743,0.04280366223191945,0.5356381355952774,2020-04,0.18841464509395256,1.0,0.05866379269316324,1.0,,,,1.0,NG=F,commodity
2020-05-29 00:00:00+00:00,1.8489999771118164,0.012041573570433117,0.6065148451338285,2020-05,-0.051308375470973,-1.0,0.09798097408429718,1.0,,,,1.0,NG=F,commodity
2020-06-30 00:00:00+00:00,1.7510000467300415,0.02457580779639912,0.6268650501360589,2020-06,-0.05300158550291234,-1.0,0.0676829646362005,1.0,,,,1.0,NG=F,commodity
2020-07-31 00:00:00+00:00,1.7990000247955322,-0.01640239007782429,0.5931394205177738,2020-07,0.02741289365190469,1.0,-0.07696253262429187,-1.0,,,,1.0,NG=F,commodity
2020-08-31 00:00:00+00:00,2.630000114440918,-0.010161817745556356,0.6351536136184521,2020-08,0.46192333418107334,1.0,0.422390560841998,1.0,,,,1.0,NG=F,commodity
2020-09-30 00:00:00+00:00,2.5269999504089355,-0.013276125289563123,0.8502673514689222,2020-09,-0.03916355876428468,-1.0,0.4431752615472848,1.0,,,,1.0,NG=F,commodity
2020-10-30 00:00:00+00:00,3.3540000915527344,0.01605573202012689,0.7957653530927299,2020-10,0.32726559452839266,1.0,0.8643691191354697,1.0,,,,1.0,NG=F,commodity
2020-11-30 00:00:00+00:00,2.881999969482422,0.013717916011916964,0.7352804940239226,2020-11,-0.1407275221187606,-1.0,0.09581743120763075,1.0,,,,1.0,NG=F,commodity
2020-12-31 00:00:00+00:00,2.5390000343322754,0.04830722804038823,0.716944095007015,2020-12,-0.11901455197161082,-1.0,0.004748747193840552,1.0,,,,1.0,NG=F,commodity
2021-01-29 00:00:00+00:00,2.563999891281128,-0.03753759075165031,0.6679866935277549,2021-01,0.009846339744310928,1.0,-0.2355397074261485,-1.0,0.3927213176194637,1.0,0.3333333333333333,1.0,NG=F,commodity
2021-02-26 00:00:00+00:00,2.7709999084472656,-0.0021606201184074525,0.6545682414712924,2021-02,0.08073323944749,1.0,-0.03851494178020087,-1.0,0.6454868665909315,1.0,0.3333333333333333,1.0,NG=F,commodity
2021-03-31 00:00:00+00:00,2.6080000400543213,-0.005718592077794793,0.5678221357156226,2021-03,-0.058823483860842685,-1.0,0.02717605545058288,1.0,0.5902439407335021,1.0,0.3333333333333333,1.0,NG=F,commodity
2021-04-30 00:00:00+00:00,2.930999994277954,0.006870484656400722,0.504684853397178,2021-04,0.1238496737971313,1.0,0.14313577166863722,1.0,0.5038481235729979,1.0,1.0,1.0,NG=F,commodity
2021-05-28 00:00:00+00:00,2.9860000610351562,0.009465894818071252,0.45004400179719356,2021-05,0.018764949459084246,1.0,0.077589375565287,1.0,0.6149270405613321,1.0,1.0,1.0,NG=F,commodity
2021-06-30 00:00:00+00:00,3.6500000953674316,0.0055096364451752144,0.41861570246819907,2021-06,0.22237107192224448,1.0,0.39953989237339393,1.0,1.0845231284737746,1.0,1.0,1.0,NG=F,commodity
2021-07-30 00:00:00+00:00,3.9140000343322754,-0.035723079670219926,0.38207341955616536,2021-07,0.07232874851151694,1.0,0.33538043056069045,1.0,1.1756531297308492,1.0,1.0,1.0,NG=F,commodity
2021-08-31 00:00:00+00:00,4.376999855041504,0.016724745545615205,0.39293531987532093,2021-08,0.11829325923555234,1.0,0.4658405109088075,1.0,0.6642584275978105,1.0,1.0,1.0,NG=F,commodity
2021-09-30 00:00:00+00:00,5.867000102996826,0.07120683761993418,0.5026947136786778,2021-09,0.34041587783904403,1.0,0.607397246494104,1.0,1.3217254523678919,1.0,1.0,1.0,NG=F,commodity
2021-10-29 00:00:00+00:00,5.426000118255615,-0.06157038094109446,0.6284038736947989,2021-10,-0.0751661798192148,-1.0,0.38630558780291,1.0,0.6177698181706515,1.0,0.3333333333333333,1.0,NG=F,commodity
2021-11-30 00:00:00+00:00,4.566999912261963,-0.05912652943501773,0.7028190327075737,2021-11,-0.15831186643427664,-1.0,0.043408741949491736,1.0,0.5846634145114686,1.0,0.3333333333333333,1.0,NG=F,commodity
2021-12-31 00:00:00+00:00,3.7300000190734863,0.0474585524276816,0.7336443736704729,2021-12,-0.18327127419932965,-1.0,-0.3642406760538105,-1.0,0.4690823035197118,1.0,-0.3333333333333333,1.0,NG=F,commodity
2022-01-31 00:00:00+00:00,4.874000072479248,0.05065749872953074,1.320643208597488,2022-01,0.3067024256181976,1.0,-0.10173240577698839,-1.0,0.9009361463131365,1.0,0.3333333333333333,1.0,NG=F,commodity
2022-02-28 00:00:00+00:00,4.4019999504089355,-0.015212492835441349,1.2306499409293543,2022-02,-0.09684040111846393,-1.0,-0.03612874206763572,-1.0,0.58859620925632,1.0,-0.3333333333333333,1.0,NG=F,commodity
2022-03-31 00:00:00+00:00,5.642000198364258,0.006601280850109248,1.0644283389756,2022-03,0.2816902003463515,1.0,0.5126005816390593,1.0,1.1633436011169471,1.0,1.0,1.0,NG=F,commodity
2022-04-29 00:00:00+00:00,7.24399995803833,0.05168408043013373,0.9767003523361263,2022-04,0.28394181200818247,1.0,0.48625355976934537,1.0,1.4715114200547363,1.0,1.0,1.0,NG=F,commodity
2022-05-31 00:00:00+00:00,8.145000457763672,-0.06668955688950717,0.920910267863071,2022-05,0.12437886595037084,1.0,0.8502954451435241,1.0,1.7277295014321083,1.0,1.0,1.0,NG=F,commodity
2022-06-30 00:00:00+00:00,5.423999786376953,-0.16528167661165893,0.91349293534825,2022-06,-0.33407004523776407,-1.0,-0.038638852237280696,-1.0,0.48602729990639615,1.0,-0.3333333333333333,1.0,NG=F,commodity
2022-07-29 00:00:00+00:00,8.229000091552734,0.01167940362407971,0.9639040467122044,2022-07,0.5171460943307717,1.0,0.1359746188873725,1.0,1.1024527387252805,1.0,1.0,1.0,NG=F,commodity
2022-08-31 00:00:00+00:00,9.126999855041504,0.009400579503237028,0.866257162299051,2022-08,0.10912623082974426,1.0,0.12056468288369548,1.0,1.0852182219126347,1.0,1.0,1.0,NG=F,commodity
2022-09-30 00:00:00+00:00,6.765999794006348,-0.015711416545555523,0.8288445828395041,2022-09,-0.25868303917316315,-1.0,0.247418890207185,1.0,0.1532298747617744,1.0,0.3333333333333333,1.0,NG=F,commodity
2022-10-31 00:00:00+00:00,6.355000019073486,0.11805066889749938,0.8256075221255792,2022-10,-0.06074486956043734,-1.0,-0.22773120082997134,-1.0,0.17121265767987714,1.0,-0.3333333333333333,1.0,NG=F,commodity
2022-11-30 00:00:00+00:00,6.929999828338623,-0.04215622661331275,0.8924549562788288,2022-11,0.09047990677252082,1.0,-0.2407143707238385,-1.0,0.51740748006853,1.0,0.3333333333333333,1.0,NG=F,commodity
2022-12-30 00:00:00+00:00,4.474999904632568,-0.01842511742598718,0.9331657881148862,2022-12,-0.35425685202283896,-1.0,-0.3386047826077764,-1.0,0.19973187178270746,1.0,-0.3333333333333333,1.0,NG=F,commodity
2023-01-31 00:00:00+00:00,2.684000015258789,0.002614855944237382,0.9687090259846823,2023-01,-0.4002234474954327,-1.0,-0.5776553883236499,-1.0,-0.44932294309681364,-1.0,-1.0,1.0,NG=F,commodity
2023-02-28 00:00:00+00:00,2.746999979019165,0.005858671819045647,0.9515561351767218,2023-02,0.023472415574595784,1.0,-0.6036074968160969,-1.0,-0.37596546797689645,-1.0,-0.3333333333333333,1.0,NG=F,commodity
2023-03-31 00:00:00+00:00,2.2160000801086426,0.053231931407975,0.9245937176153008,2023-03,-0.19330174844053682,-1.0,-0.5048044408191796,-1.0,-0.6072314778097472,-1.0,-1.0,1.0,NG=F,commodity
2023-04-28 00:00:00+00:00,2.4100000858306885,0.023354592913693795,0.9087271580941942,2023-04,0.08754512577117546,1.0,-0.10208641127808704,-1.0,-0.6673108641923136,-1.0,-0.3333333333333333,1.0,NG=F,commodity
2023-05-31 00:00:00+00:00,2.2660000324249268,-0.026213954813171347,0.8446682789465377,2023-05,-0.0597510573764678,-1.0,-0.17510009110592806,-1.0,-0.7217925223975874,-1.0,-1.0,1.0,NG=F,commodity
2023-06-30 00:00:00+00:00,2.7980000972747803,0.03591267047789204,0.7786026952992562,2023-06,0.23477495906323598,1.0,0.26263537731352615,1.0,-0.4841445045218652,-1.0,0.3333333333333333,1.0,NG=F,commodity
2023-07-31 00:00:00+00:00,2.634000062942505,-0.0015162806991032562,0.7187594839165204,2023-07,-0.058613305443416364,-1.0,0.09294604528389772,1.0,-0.6799125004693621,-1.0,-0.3333333333333333,1.0,NG=F,commodity
2023-08-31 00:00:00+00:00,2.7679998874664307,-0.010014347750380903,0.6804322078209021,2023-08,0.0508731288237827,1.0,0.22153567866647217,1.0,-0.69672401321038,-1.0,0.3333333333333333,1.0,NG=F,commodity
2023-09-29 00:00:00+00:00,2.928999900817871,-0.0054329483149796465,0.6439920127770536,2023-09,0.05816474707258923,1.0,0.0468190846993477,1.0,-0.5671002083960272,-1.0,0.3333333333333333,1.0,NG=F,commodity
2023-10-31 00:00:00+00:00,3.575000047683716,0.06652746113304153,0.6092676136144057,2023-10,0.2205531474021083,1.0,0.3572513144475773,1.0,-0.43745082030622473,-1.0,0.3333333333333333,1.0,NG=F,commodity
2023-11-30 00:00:00+00:00,2.802000045776367,-0.0007132150899579193,0.5826789153633742,2023-11,-0.2162237738732855,-1.0,0.012283294686495472,1.0,-0.5956709790499215,-1.0,-0.3333333333333333,1.0,NG=F,commodity
2023-12-29 00:00:00+00:00,2.5139999389648438,-0.016816575732866768,0.5540128461624443,2023-12,-0.1027837623506268,-1.0,-0.14168657422526576,-1.0,-0.4382122921695878,-1.0,-1.0,1.0,NG=F,commodity
2024-01-31 00:00:00+00:00,2.0999999046325684,0.01107366537531873,0.7419114523237373,2024-01,-0.16467782195044234,-1.0,-0.41258744709858597,-1.0,-0.2175857329754567,-1.0,-1.0,1.0,NG=F,commodity
2024-02-29 00:00:00+00:00,1.8600000143051147,-0.013262586888394656,0.8011892635396615,2024-02,-0.1142856672507544,-1.0,-0.33618844257022373,-1.0,-0.322897696209943,-1.0,-1.0,1.0,NG=F,commodity
2024-03-28 00:00:00+00:00,1.7630000114440918,0.026193222154136775,0.7454874409212238,2024-03,-0.052150538771507216,-1.0,-0.298727106505015,-1.0,-0.20442240626739594,-1.0,-1.0,1.0,NG=F,commodity
2024-04-30 00:00:00+00:00,1.9910000562667847,-0.019211781119526705,0.858865948660571,2024-04,0.12932503876499446,1.0,-0.05190469205514325,-1.0,-0.17385892723712548,-1.0,-0.3333333333333333,1.0,NG=F,commodity
2024-05-31 00:00:00+00:00,2.5869998931884766,0.00583198535375784,0.8013081926204166,2024-05,0.29934697141054767,1.0,0.3908601469312165,1.0,0.14165924808925823,1.0,1.0,1.0,NG=F,commodity
2024-06-28 00:00:00+00:00,2.6010000705718994,-0.03128486927291474,0.7648841859398181,2024-06,0.005411742544050746,1.0,0.4753261790630352,1.0,-0.07040744097713103,-1.0,0.3333333333333333,1.0,NG=F,commodity
2024-07-31 00:00:00+00:00,2.0360000133514404,-0.04233298082670467,0.7502128188145533,2024-07,-0.21722416066533534,-1.0,0.022601685491176138,1.0,-0.22703114476125874,-1.0,-0.3333333333333333,1.0,NG=F,commodity
2024-08-30 00:00:00+00:00,2.127000093460083,-0.004679452536519246,0.7095235153716641,2024-08,0.04469552038894542,1.0,-0.17781206753798662,-1.0,-0.23157507950372758,-1.0,-0.3333333333333333,1.0,NG=F,commodity
2024-09-30 00:00:00+00:00,2.9230000972747803,0.007236439429602948,0.7063417679455536,2024-09,0.37423599851366696,1.0,0.12379854593086592,1.0,-0.0020484137064721297,-1.0,0.3333333333333333,1.0,NG=F,commodity
2024-10-31 00:00:00+00:00,2.7070000171661377,-0.04850615467708952,0.7961848105561267,2024-10,-0.07389670643871249,-1.0,0.32956777967313,1.0,-0.24279720809513428,-1.0,-0.3333333333333333,1.0,NG=F,commodity
2024-11-29 00:00:00+00:00,3.36299991607666,0.0496254432211809,0.7879735036835752,2024-11,0.24233464896585621,1.0,0.5811000321142077,1.0,0.2002140832031476,1.0,1.0,1.0,NG=F,commodity
2024-12-31 00:00:00+00:00,3.632999897003174,-0.07698175898026627,0.7952296469726349,2024-12,0.0802854557431869,1.0,0.2429010523777786,1.0,0.4451073926831859,1.0,1.0,1.0,NG=F,commodity
2025-01-31 00:00:00+00:00,3.0439999103546143,-0.0009845818997180622,0.8545125357371821,2025-01,-0.16212496651442787,-1.0,0.12449201738139237,1.0,0.44952383266284723,1.0,0.3333333333333333,1.0,NG=F,commodity
2025-02-28 00:00:00+00:00,3.8340001106262207,-0.025419396096771574,0.8171344130407391,2025-02,0.25952701167444325,1.0,0.14005358498463427,1.0,1.0612903662038846,1.0,1.0,1.0,NG=F,commodity
2025-03-31 00:00:00+00:00,4.11899995803833,0.013284108255288585,0.7523657571660461,2025-03,0.07433485633508741,1.0,0.1337737613028982,1.0,1.3363584408966704,1.0,1.0,1.0,NG=F,commodity
2025-04-30 00:00:00+00:00,3.3259999752044678,-0.017720007156782347,0.7568535437190912,2025-04,-0.1925224547007589,-1.0,0.09264128553045903,1.0,0.6705172683123217,1.0,0.3333333333333333,1.0,NG=F,commodity
2025-05-30 00:00:00+00:00,3.447000026702881,-0.02129473199877152,0.7572070187102691,2025-05,0.03638005183417792,1.0,-0.10093898611289553,-1.0,0.3324314530428736,1.0,0.3333333333333333,1.0,NG=F,commodity
2025-06-30 00:00:00+00:00,3.4560000896453857,-0.07568868311391364,0.7602205120709826,2025-06,0.0026109842972974473,1.0,-0.16096136808622286,-1.0,0.3287197215975053,1.0,0.3333333333333333,1.0,NG=F,commodity
2025-07-31 00:00:00+00:00,3.1059999465942383,0.020032797626243548,0.6892071131847363,2025-07,-0.10127318691333143,-1.0,-0.06614552923942962,-1.0,0.5255402388143804,1.0,-0.3333333333333333,1.0,NG=F,commodity
2025-08-29 00:00:00+00:00,2.996999979019165,0.01800270828604167,0.6286752944972079,2025-08,-0.03509335783942713,-1.0,-0.13054831569413972,-1.0,0.4090267265309875,1.0,-0.3333333333333333,1.0,NG=F,commodity
2025-09-30 00:00:00+00:00,3.302999973297119,0.01101928796841456,0.6391835047287115,2025-09,0.1021021009076215,1.0,-0.04427086585057516,-1.0,0.13000337440174103,1.0,0.3333333333333333,1.0,NG=F,commodity
2025-10-31 00:00:00+00:00,4.124000072479248,0.04246713322216378,0.7211681310158626,2025-10,0.24856194544942434,1.0,0.32775278280389464,1.0,0.5234577193673302,1.0,1.0,1.0,NG=F,commodity
2025-11-28 00:00:00+00:00,4.849999904632568,0.06406314420222836,0.6577056629688944,2025-11,0.1760426332186913,1.0,0.6182849311263054,1.0,0.44216474149980667,1.0,1.0,1.0,NG=F,commodity
2025-12-31 00:00:00+00:00,3.686000108718872,-0.0720039736431014,0.7551152409515841,2025-12,-0.23999996263956214,-1.0,0.11595523418652487,1.0,0.014588553046593233,1.0,0.3333333333333333,1.0,NG=F,commodity
2026-01-30 00:00:00+00:00,4.354000091552734,0.11128129418814248,1.511354947115481,2026-01,0.18122625152771255,1.0,0.05577109966809868,1.0,0.4303548685208438,1.0,1.0,1.0,NG=F,commodity
2026-02-27 00:00:00+00:00,2.8589999675750732,0.011319443208684055,1.4072918473440021,2026-02,-0.3433624466104479,-1.0,-0.4105154590118144,-1.0,-0.2543036293475477,-1.0,-1.0,1.0,NG=F,commodity
2026-03-31 00:00:00+00:00,2.884000062942505,-0.0010391482139335828,1.2157451977308207,2026-03,0.008744349650565475,1.0,-0.21758003855705665,-1.0,-0.29983003342490755,-1.0,-0.3333333333333333,1.0,NG=F,commodity
2026-04-30 00:00:00+00:00,2.7669999599456787,0.04533429625493701,1.03731475942562,2026-04,-0.0405686894741093,-1.0,-0.364492443324937,-1.0,-0.1680697592983067,-1.0,-1.0,1.0,NG=F,commodity
2026-05-29 00:00:00+00:00,3.2899999618530273,0.0015220322349167592,0.9241986997559984,2026-05,0.18901337530833073,1.0,0.15075201090104118,1.0,-0.04554687079594455,-1.0,0.3333333333333333,1.0,NG=F,commodity
2026-06-30 00:00:00+00:00,3.2750000953674316,0.02955048766380597,0.8057831753775992,2026-06,-0.004559229987694979,-1.0,0.13557559774322425,1.0,-0.05237268217100255,-1.0,-0.3333333333333333,1.0,NG=F,commodity
2026-07-31 00:00:00+00:00,2.746999979019165,-0.00398836780086953,0.7016880357641357,2026-07,-0.16122140487725045,-1.0,-0.007228038025308248,-1.0,-0.11558273462583946,-1.0,-1.0,1.0,NG=F,commodity
2020-01-31 00:00:00+00:00,2.5199999809265137,-0.0013869565242038417,,2020-01,,,,,,,,1.0,HG=F,commodity
2020-02-28 00:00:00+00:00,2.5460000038146973,-0.00991641396214027,,2020-02,0.010317469478164254,1.0,,,,,,1.0,HG=F,commodity
2020-03-31 00:00:00+00:00,2.240000009536743,0.03607773857435159,0.2512499517205579,2020-03,-0.12018852860152052,-1.0,,,,,,1.0,HG=F,commodity
2020-04-30 00:00:00+00:00,2.3540000915527344,-0.008633373078129947,0.25346609868524045,2020-04,0.05089289354046378,1.0,-0.06587297247230417,-1.0,,,,1.0,HG=F,commodity
2020-05-29 00:00:00+00:00,2.426500082015991,0.005594684876457201,0.23906565927423074,2020-05,0.03079863536259886,1.0,-0.0469363399920103,-1.0,,,,1.0,HG=F,commodity
2020-06-30 00:00:00+00:00,2.7135000228881836,0.012688904118096866,0.22426680302274127,2020-06,0.11827732584857209,1.0,0.21138393363193142,1.0,,,,1.0,HG=F,commodity
2020-07-31 00:00:00+00:00,2.8589999675750732,-0.01566536062482493,0.2068169750638886,2020-07,0.05362076412736605,1.0,0.21452840118168104,1.0,,,,1.0,HG=F,commodity
2020-08-31 00:00:00+00:00,3.0409998893737793,0.015358933413151199,0.22505811047758553,2020-08,0.06365859526506878,1.0,0.2532453272563864,1.0,,,,1.0,HG=F,commodity
2020-09-30 00:00:00+00:00,3.0285000801086426,0.01508298181210277,0.2224201030654944,2020-09,-0.004110427398835159,-1.0,0.11608625559736696,1.0,,,,1.0,HG=F,commodity
2020-10-30 00:00:00+00:00,3.0434999465942383,-0.0027850914333674703,0.2376437295788382,2020-10,0.004952902786470315,1.0,0.06453304690858497,1.0,,,,1.0,HG=F,commodity
2020-11-30 00:00:00+00:00,3.4205000400543213,0.006177422422610546,0.22418568435455827,2020-11,0.1238705766635404,1.0,0.12479452959095338,1.0,,,,1.0,HG=F,commodity
2020-12-31 00:00:00+00:00,3.5139999389648438,-0.00818516624598542,0.2024180008120145,2020-12,0.027335155040383308,1.0,0.16031033383323678,1.0,,,,1.0,HG=F,commodity
2021-01-29 00:00:00+00:00,3.573499917984009,-0.002651416927027306,0.20001145088620687,2021-01,0.016932265239791855,1.0,0.17414160692950076,1.0,0.4180555337425682,1.0,1.0,1.0,HG=F,commodity
2021-02-26 00:00:00+00:00,4.0945000648498535,-0.04020153245141933,0.21781758388057437,2021-02,0.14579548309036117,1.0,0.19704722026105537,1.0,0.6082089782855551,1.0,1.0,1.0,HG=F,commodity
2021-03-31 00:00:00+00:00,4.002999782562256,0.00502127599970148,0.24120564340569203,2021-03,-0.022347119511146762,-1.0,0.13915761300253804,1.0,0.7870534667498152,1.0,0.3333333333333333,1.0,HG=F,commodity
2021-04-30 00:00:00+00:00,4.479000091552734,-0.003115944551469574,0.28624210443360465,2021-04,0.11891090053614706,1.0,0.2533930864281546,1.0,0.9027187414416444,1.0,1.0,1.0,HG=F,commodity
2021-05-28 00:00:00+00:00,4.682499885559082,0.003428649671583628,0.2731901913577147,2021-05,0.04543420179654434,1.0,0.14360723199323977,1.0,0.9297340726519798,1.0,1.0,1.0,HG=F,commodity
2021-06-30 00:00:00+00:00,4.296500205993652,0.004676716911946377,0.27291183197960794,2021-06,-0.08243453048570482,-1.0,0.07332011975367414,1.0,0.5833794618584753,1.0,0.3333333333333333,1.0,HG=F,commodity
2021-07-30 00:00:00+00:00,4.480500221252441,-0.008738884920520662,0.26615366272823504,2021-07,0.04282555718305514,1.0,0.0003349251326285607,1.0,0.5671564435352832,1.0,1.0,1.0,HG=F,commodity
2021-08-31 00:00:00+00:00,4.360000133514404,-0.00022928858215021108,0.2542785839407743,2021-08,-0.02689433808449926,-1.0,-0.06887341375902067,-1.0,0.4337389977387476,1.0,-0.3333333333333333,1.0,HG=F,commodity
2021-09-30 00:00:00+00:00,4.090000152587891,-0.026190395636349395,0.2615011756703967,2021-09,-0.06192659923358268,-1.0,-0.04806238647857908,-1.0,0.35050356427303386,1.0,-0.3333333333333333,1.0,HG=F,commodity
2021-10-29 00:00:00+00:00,4.375500202178955,-0.01397178542446087,0.27774586500148474,2021-10,0.0698044104987181,1.0,-0.023434887599254606,-1.0,0.43765410841398644,1.0,0.3333333333333333,1.0,HG=F,commodity
2021-11-30 00:00:00+00:00,4.2779998779296875,-0.01360387749869496,0.2655499611642205,2021-11,-0.02228324071399046,-1.0,-0.018807397493958322,-1.0,0.2506942925987361,1.0,-0.3333333333333333,1.0,HG=F,commodity
2021-12-31 00:00:00+00:00,4.454999923706055,0.0160793469206999,0.24437847855913372,2021-12,0.04137448593430659,1.0,0.0892419944990015,1.0,0.2677859991706235,1.0,1.0,1.0,HG=F,commodity
2022-01-31 00:00:00+00:00,4.317999839782715,0.0034859090352497013,0.2578701961962275,2022-01,-0.03075198344995056,-1.0,-0.01314143749041663,-1.0,0.2083391461832511,1.0,-0.3333333333333333,1.0,HG=F,commodity
2022-02-28 00:00:00+00:00,4.444499969482422,-0.006149407834801113,0.24471233186721994,2022-02,0.029296001480646705,1.0,0.03892007861237046,1.0,0.08548049800688018,1.0,1.0,1.0,HG=F,commodity
2022-03-31 00:00:00+00:00,4.743000030517578,0.0007384712960030182,0.25735945672293264,2022-03,0.06716167467313938,1.0,0.0646464897292165,1.0,0.18486142596831723,1.0,1.0,1.0,HG=F,commodity
2022-04-29 00:00:00+00:00,4.394999980926514,-0.004191651054800349,0.24893519592796287,2022-04,-0.07337129398101416,-1.0,0.017832363131276452,1.0,-0.018754210517798908,-1.0,-0.3333333333333333,1.0,HG=F,commodity
2022-05-31 00:00:00+00:00,4.295000076293945,-0.0020910373446373365,0.24227986466811963,2022-05,-0.022753106954846336,-1.0,-0.033637055735177834,-1.0,-0.08275489989016194,-1.0,-1.0,1.0,HG=F,commodity
2022-06-30 00:00:00+00:00,3.7144999504089355,-0.017068031942663486,0.2630725384754175,2022-06,-0.13515718639658547,-1.0,-0.21684589363083095,-1.0,-0.1354591476040945,-1.0,-1.0,1.0,HG=F,commodity
2022-07-29 00:00:00+00:00,3.5840001106262207,0.03136696661439986,0.3021676622788863,2022-07,-0.03513254584061787,-1.0,-0.18452784387255572,-1.0,-0.20008929056042335,-1.0,-1.0,1.0,HG=F,commodity
2022-08-31 00:00:00+00:00,3.5185000896453857,-0.0074753134212237615,0.27919632689912266,2022-08,-0.018275674932775154,-1.0,-0.18079161184057146,-1.0,-0.19300459130736825,-1.0,-1.0,1.0,HG=F,commodity
2022-09-30 00:00:00+00:00,3.441999912261963,0.0005813532000693566,0.270315081026797,2022-09,-0.02174226955643843,-1.0,-0.07336116349038391,-1.0,-0.15843526067252456,-1.0,-1.0,1.0,HG=F,commodity
2022-10-31 00:00:00+00:00,3.4135000705718994,-0.015147146082898355,0.2848750215935053,2022-10,-0.008280023944374326,-1.0,-0.047572554350320706,-1.0,-0.21986060728050916,-1.0,-1.0,1.0,HG=F,commodity
2022-11-30 00:00:00+00:00,3.7295000553131104,0.027410451166753447,0.31083675311674597,2022-11,0.09257359842042368,1.0,0.05996872539201514,1.0,-0.12821408094149367,-1.0,0.3333333333333333,1.0,HG=F,commodity
2022-12-30 00:00:00+00:00,3.805500030517578,-0.004056547569278646,0.2841752787875166,2022-12,0.020378059814263105,1.0,0.10560724216193695,1.0,-0.1457912243123377,-1.0,0.3333333333333333,1.0,HG=F,commodity
2023-01-31 00:00:00+00:00,4.228499889373779,0.0059474477441578966,0.2599188243536868,2023-01,0.11115486939009944,1.0,0.2387578151317673,1.0,-0.020727177797542296,-1.0,0.3333333333333333,1.0,HG=F,commodity
2023-02-28 00:00:00+00:00,4.097499847412109,0.022075337181810095,0.2678375113250275,2023-02,-0.030980263778857653,-1.0,0.09867268712725719,1.0,-0.07807405207626128,-1.0,-0.3333333333333333,1.0,HG=F,commodity
2023-03-31 00:00:00+00:00,4.104499816894531,0.0034225496596100857,0.25667397033433303,2023-03,0.001708351371103367,1.0,0.07857043331472169,1.0,-0.1346194833469927,-1.0,0.3333333333333333,1.0,HG=F,commodity
2023-04-28 00:00:00+00:00,3.869999885559082,0.0014231698065900744,0.23739792261573284,2023-04,-0.05713240146100729,-1.0,-0.08478184065124561,-1.0,-0.11945394713215807,-1.0,-1.0,1.0,HG=F,commodity
2023-05-31 00:00:00+00:00,3.63100004196167,-0.00738106901729052,0.2408624749830422,2023-05,-0.061757067355283635,-1.0,-0.11384986524040275,-1.0,-0.15459837544525157,-1.0,-1.0,1.0,HG=F,commodity
2023-06-30 00:00:00+00:00,3.740999937057495,0.017267145440130527,0.2227916120804602,2023-06,0.030294655418510397,1.0,-0.08856130979488275,-1.0,0.007134200296770032,1.0,0.3333333333333333,1.0,HG=F,commodity
2023-07-31 00:00:00+00:00,3.994499921798706,0.01978551580066301,0.2147198219114344,2023-07,0.06776262737406058,1.0,0.03217055295122773,1.0,0.11453677413552321,1.0,1.0,1.0,HG=F,commodity
2023-08-31 00:00:00+00:00,3.7725000381469727,-0.0033025224307154932,0.20268513784612693,2023-08,-0.055576389535080484,-1.0,0.03896997922061618,1.0,0.07218983715506644,1.0,0.3333333333333333,1.0,HG=F,commodity
2023-09-29 00:00:00+00:00,3.7260000705718994,0.008526215008709315,0.19416351492746484,2023-09,-0.012326035017858783,-1.0,-0.004009587473394638,-1.0,0.08251021660349234,1.0,-0.3333333333333333,1.0,HG=F,commodity
2023-10-31 00:00:00+00:00,3.6414999961853027,-0.0021920529489821705,0.18488354490648387,2023-10,-0.022678495111683405,-1.0,-0.08837149393520305,-1.0,0.06679359042028787,1.0,-0.3333333333333333,1.0,HG=F,commodity
2023-11-30 00:00:00+00:00,3.8289999961853027,0.0113576288119972,0.17625327708356725,2023-11,0.05148977075282657,1.0,0.01497679455719303,1.0,0.02667916326491082,1.0,1.0,1.0,HG=F,commodity
2023-12-29 00:00:00+00:00,3.880500078201294,-0.008305654925399919,0.18189342682918921,2023-12,0.013450008374849443,1.0,0.04146537968413955,1.0,0.019708329281898695,1.0,1.0,1.0,HG=F,commodity
2024-01-31 00:00:00+00:00,3.9024999141693115,-0.0010239822901964013,0.17141663509631375,2024-01,0.005669330118456051,1.0,0.07167373836535007,1.0,-0.07709589304322928,-1.0,0.3333333333333333,1.0,HG=F,commodity
2024-02-29 00:00:00+00:00,3.8345000743865967,0.0018288619962290031,0.16622029606179212,2024-02,-0.01742468706682576,-1.0,0.0014364267972770683,1.0,-0.06418542594739018,-1.0,-0.3333333333333333,1.0,HG=F,commodity
2024-03-28 00:00:00+00:00,4.003499984741211,0.002755145347547394,0.16646228372566804,2024-03,0.044073518601156714,1.0,0.03169692154649573,1.0,-0.024607098710930586,-1.0,0.3333333333333333,1.0,HG=F,commodity
2024-04-30 00:00:00+00:00,4.564499855041504,-0.020283336869440727,0.18459452259991005,2024-04,0.1401273566725283,1.0,0.16963483803512291,1.0,0.17945736176219307,1.0,1.0,1.0,HG=F,commodity
2024-05-31 00:00:00+00:00,4.610000133514404,-0.013270504865637411,0.23464044078669966,2024-05,0.009968294428281066,1.0,0.20224280716746734,1.0,0.269622715571169,1.0,1.0,1.0,HG=F,commodity
2024-06-28 00:00:00+00:00,4.390500068664551,0.014323732842509207,0.24998719948764725,2024-06,-0.04761389555156459,-1.0,0.09666543909038028,1.0,0.17361671813283253,1.0,0.3333333333333333,1.0,HG=F,commodity
2024-07-31 00:00:00+00:00,4.159999847412109,0.02387389623587377,0.2438997781075635,2024-07,-0.052499764866773435,-1.0,-0.08861869218434149,-1.0,0.04143195114618492,1.0,-0.3333333333333333,1.0,HG=F,commodity
2024-08-30 00:00:00+00:00,4.144999980926514,-0.000602786545500833,0.23546581141015813,2024-08,-0.003605737268218112,-1.0,-0.10086770913678922,-1.0,0.09874087183906588,1.0,-0.3333333333333333,1.0,HG=F,commodity
2024-09-30 00:00:00+00:00,4.495999813079834,-0.009909728559837294,0.23772858130821475,2024-09,0.08468029765222407,1.0,0.024029095265991618,1.0,0.206655858272635,1.0,1.0,1.0,HG=F,commodity
2024-10-31 00:00:00+00:00,4.313499927520752,-0.0032351102014506194,0.21978631256642026,2024-10,-0.040591613244322367,-1.0,0.036899059071873186,1.0,0.18453931952201308,1.0,0.3333333333333333,1.0,HG=F,commodity
2024-11-29 00:00:00+00:00,4.08050012588501,0.003319452646739496,0.2431583578034537,2024-11,-0.05401641487210185,-1.0,-0.015560881866900855,-1.0,0.06568297987732241,1.0,-0.3333333333333333,1.0,HG=F,commodity
2024-12-31 00:00:00+00:00,3.9860000610351562,-0.014707636514165179,0.21727630465680134,2024-12,-0.023158941780294096,-1.0,-0.1134341132668597,-1.0,0.02718721317041295,1.0,-0.3333333333333333,1.0,HG=F,commodity
2025-01-31 00:00:00+00:00,4.26200008392334,-0.006063438022513634,0.20589888231208833,2025-01,0.06924235290064362,1.0,-0.011939224403096804,-1.0,0.09212048114306026,1.0,0.3333333333333333,1.0,HG=F,commodity
2025-02-28 00:00:00+00:00,4.514500141143799,-0.014301262806409532,0.21892018039107478,2025-02,0.05924449841587576,1.0,0.10635951522355613,1.0,0.1773373460857166,1.0,1.0,1.0,HG=F,commodity
2025-03-31 00:00:00+00:00,5.019999980926514,-0.01809294989875665,0.23660323782789328,2025-03,0.11197249395912978,1.0,0.2594079036774599,1.0,0.25390283503423317,1.0,1.0,1.0,HG=F,commodity
2025-04-30 00:00:00+00:00,4.559999942779541,-0.05453037817547057,0.31199330698398264,2025-04,-0.09163347408261802,-1.0,0.06992019075276046,1.0,-0.00098585001749818,-1.0,-0.3333333333333333,1.0,HG=F,commodity
2025-05-30 00:00:00+00:00,4.652500152587891,-0.00021487643785078614,0.3071208827981565,2025-05,0.02028513398444609,1.0,0.03056817081173646,1.0,0.009219092807506435,1.0,1.0,1.0,HG=F,commodity
2025-06-30 00:00:00+00:00,5.03000020980835,-0.007595902502630647,0.285192832915143,2025-06,0.0811391821256533,1.0,0.001992077474070042,1.0,0.14565542219392658,1.0,1.0,1.0,HG=F,commodity
2025-07-31 00:00:00+00:00,4.33050012588501,-0.22253141967258838,0.35585607644122735,2025-07,-0.13906561724576783,-1.0,-0.050328907845257564,-1.0,0.04098564536702254,1.0,-0.3333333333333333,1.0,HG=F,commodity
2025-08-29 00:00:00+00:00,4.518499851226807,0.012322130179588164,0.4922267857833211,2025-08,0.043412936122101176,1.0,-0.028801783335041464,-1.0,0.09010853365958438,1.0,0.3333333333333333,1.0,HG=F,commodity
2025-09-30 00:00:00+00:00,4.804999828338623,-0.00743653195089633,0.4290331920407199,2025-09,0.06340599458778984,1.0,-0.04473168431106278,-1.0,0.06872776425831728,1.0,0.3333333333333333,1.0,HG=F,commodity
2025-10-31 00:00:00+00:00,5.065499782562256,-0.002461655362990589,0.39715665274686823,2025-10,0.054214352451642744,1.0,0.16972627532877316,1.0,0.17433635508920187,1.0,1.0,1.0,HG=F,commodity
2025-11-28 00:00:00+00:00,5.185500144958496,0.015868416293379983,0.3536640193030048,2025-11,0.023689737942411027,1.0,0.14761542894609003,1.0,0.2708001433608156,1.0,1.0,1.0,HG=F,commodity
2025-12-31 00:00:00+00:00,5.630000114440918,-0.017023107474725352,0.35733043687260974,2025-12,0.08571978730240293,1.0,0.17169621552047953,1.0,0.41244355951635847,1.0,1.0,1.0,HG=F,commodity
2026-01-30 00:00:00+00:00,5.896999835968018,-0.04509757653524116,0.35796050630922016,2026-01,0.04742446111897003,1.0,0.16414965730887232,1.0,0.3836226466095223,1.0,1.0,1.0,HG=F,commodity
2026-02-27 00:00:00+00:00,6.004499912261963,0.009668721254565193,0.3576851991239421,2026-02,0.01822962172022824,1.0,0.1579403614711541,1.0,0.33004756330357665,1.0,1.0,1.0,HG=F,commodity
2026-03-31 00:00:00+00:00,5.587500095367432,0.020361626484978634,0.32672949629677395,2026-03,-0.06944788458452034,-1.0,-0.007548848705077993,-1.0,0.11304783199146096,1.0,-0.3333333333333333,1.0,HG=F,commodity
2026-04-30 00:00:00+00:00,5.926000118255615,0.008080315324946907,0.29955821632794005,2026-04,0.06058165854329611,1.0,0.004917802797061999,1.0,0.2995614457493678,1.0,1.0,1.0,HG=F,commodity
2026-05-29 00:00:00+00:00,6.359499931335449,-0.005706688185472042,0.3021726924177557,2026-05,0.07315217759520398,1.0,0.059122328963404636,1.0,0.36689945680024594,1.0,1.0,1.0,HG=F,commodity
2026-06-30 00:00:00+00:00,6.192500114440918,0.01558019998460991,0.3004111100389293,2026-06,-0.02625989758591951,-1.0,0.10827740648722117,1.0,0.23111329147973558,1.0,0.3333333333333333,1.0,HG=F,commodity
2026-07-31 00:00:00+00:00,6.435999870300293,-0.0013189695433906135,0.28187491022625494,2026-07,0.03932172004188317,1.0,0.08606138067287139,1.0,0.48620244387707734,1.0,1.0,1.0,HG=F,commodity
2020-01-31 00:00:00+00:00,381.25,0.004611330698287119,,2020-01,,,,,,,,1.0,ZC=F,commodity
2020-02-28 00:00:00+00:00,366.5,0.005486968449931462,,2020-02,-0.03868852459016392,-1.0,,,,,,1.0,ZC=F,commodity
2020-03-31 00:00:00+00:00,340.75,-0.00146520146520146,0.2247030745924681,2020-03,-0.07025920873124147,-1.0,,,,,,1.0,ZC=F,commodity
2020-04-30 00:00:00+00:00,311.5,0.02298850574712641,0.22714842405635913,2020-04,-0.0858400586940572,-1.0,-0.18295081967213112,-1.0,,,,1.0,ZC=F,commodity
2020-05-29 00:00:00+00:00,325.75,-0.005343511450381699,0.20886015666701724,2020-05,0.045746388443017594,1.0,-0.1111869031377899,-1.0,,,,1.0,ZC=F,commodity
2020-06-30 00:00:00+00:00,338.5,0.037547892720306564,0.19962369623706278,2020-06,0.03914044512663084,1.0,-0.006603081438004366,-1.0,,,,1.0,ZC=F,commodity
2020-07-31 00:00:00+00:00,316.0,0.0007917656373712667,0.21887022291061245,2020-07,-0.06646971935007384,-1.0,0.014446227929374,1.0,,,,1.0,ZC=F,commodity
2020-08-31 00:00:00+00:00,348.5,0.007225433526011571,0.22018302551978444,2020-08,0.10284810126582289,1.0,0.0698388334612432,1.0,,,,1.0,ZC=F,commodity
2020-09-30 00:00:00+00:00,379.0,0.03906785469499652,0.21613613175978139,2020-09,0.08751793400286934,1.0,0.11964549483013287,1.0,,,,1.0,ZC=F,commodity
2020-10-30 00:00:00+00:00,398.5,0.0,0.22196209352669224,2020-10,0.05145118733509224,1.0,0.26107594936708867,1.0,,,,1.0,ZC=F,commodity
2020-11-30 00:00:00+00:00,419.75,-0.013513513513513487,0.21761747328979525,2020-11,0.05332496863237135,1.0,0.20444763271162114,1.0,,,,1.0,ZC=F,commodity
2020-12-31 00:00:00+00:00,484.0,0.02002107481559534,0.20708627354431572,2020-12,0.1530673019654556,1.0,0.2770448548812665,1.0,,,,1.0,ZC=F,commodity
2021-01-29 00:00:00+00:00,547.0,0.023386342376052305,0.248811086363593,2021-01,0.1301652892561984,1.0,0.37264742785445426,1.0,0.4347540983606557,1.0,1.0,1.0,ZC=F,commodity
2021-02-26 00:00:00+00:00,555.5,0.0013519603424965165,0.24958764223849372,2021-02,0.015539305301645268,1.0,0.32340678975580706,1.0,0.5156889495225103,1.0,1.0,1.0,ZC=F,commodity
2021-03-31 00:00:00+00:00,564.25,0.046360686138154916,0.24255622967942456,2021-03,0.015751575157515685,1.0,0.16580578512396693,1.0,0.6559060895084372,1.0,1.0,1.0,ZC=F,commodity
2021-04-30 00:00:00+00:00,740.0,0.054131054131054235,0.2834529308766865,2021-04,0.3114754098360655,1.0,0.3528336380255941,1.0,1.375601926163724,1.0,1.0,1.0,ZC=F,commodity
2021-05-28 00:00:00+00:00,656.75,-0.01166290443942819,0.35992370189093753,2021-05,-0.11250000000000004,-1.0,0.1822682268226823,1.0,1.0161166538756716,1.0,0.3333333333333333,1.0,ZC=F,commodity
2021-06-30 00:00:00+00:00,720.0,0.036717062634989306,0.3887171116724818,2021-06,0.09630757518081468,1.0,0.2760301284891449,1.0,1.1270310192023634,1.0,1.0,1.0,ZC=F,commodity
2021-07-30 00:00:00+00:00,547.0,-0.01971326164874554,0.5056752589798281,2021-07,-0.2402777777777778,-1.0,-0.2608108108108108,-1.0,0.731012658227848,1.0,-0.3333333333333333,1.0,ZC=F,commodity
2021-08-31 00:00:00+00:00,534.0,-0.011568718186025007,0.44038630469572604,2021-08,-0.02376599634369292,-1.0,-0.1869052150742292,-1.0,0.5322812051649928,1.0,-0.3333333333333333,1.0,ZC=F,commodity
2021-09-30 00:00:00+00:00,536.75,-0.004174397031539878,0.4053727817595355,2021-09,0.005149812734082326,1.0,-0.25451388888888893,-1.0,0.4162269129287599,1.0,0.3333333333333333,1.0,ZC=F,commodity
2021-10-29 00:00:00+00:00,568.25,0.009773434029320294,0.3569266251216195,2021-10,0.05868653935724266,1.0,0.03884826325411339,1.0,0.4259723964868256,1.0,1.0,1.0,ZC=F,commodity
2021-11-30 00:00:00+00:00,567.0,-0.02409638554216864,0.3138030252794031,2021-11,-0.002199736031676225,-1.0,0.061797752808988804,1.0,0.35080405002977955,1.0,0.3333333333333333,1.0,ZC=F,commodity
2021-12-31 00:00:00+00:00,593.25,-0.004614093959731558,0.2762865463670892,2021-12,0.04629629629629628,1.0,0.10526315789473695,1.0,0.22572314049586772,1.0,1.0,1.0,ZC=F,commodity
2022-01-31 00:00:00+00:00,626.0,-0.01572327044025157,0.2559144018172339,2022-01,0.05520438263801086,1.0,0.10162780466344046,1.0,0.1444241316270567,1.0,1.0,1.0,ZC=F,commodity
2022-02-28 00:00:00+00:00,697.5,0.057619408642911374,0.27538070675562965,2022-02,0.1142172523961662,1.0,0.23015873015873023,1.0,0.25562556255625557,1.0,1.0,1.0,ZC=F,commodity
2022-03-31 00:00:00+00:00,748.75,0.014566395663956566,0.33108651087155694,2022-03,0.07347670250896066,1.0,0.26211546565528865,1.0,0.3269827204253435,1.0,1.0,1.0,ZC=F,commodity
2022-04-29 00:00:00+00:00,818.25,0.0027573529411764053,0.30335928061551776,2022-04,0.09282136894824711,1.0,0.3071086261980831,1.0,0.10574324324324325,1.0,1.0,1.0,ZC=F,commodity
2022-05-31 00:00:00+00:00,753.5,-0.03055644901897714,0.27939518099856714,2022-05,-0.07913229453101134,-1.0,0.08028673835125444,1.0,0.14731633041492187,1.0,0.3333333333333333,1.0,ZC=F,commodity
2022-06-30 00:00:00+00:00,743.75,-0.03440441415124962,0.27433788164595124,2022-06,-0.01293961512939612,-1.0,-0.006677796327211993,-1.0,0.03298611111111116,1.0,-0.3333333333333333,1.0,ZC=F,commodity
2022-07-29 00:00:00+00:00,616.25,0.00203252032520318,0.41260976645397934,2022-07,-0.17142857142857137,-1.0,-0.24686831652917818,-1.0,0.126599634369287,1.0,-0.3333333333333333,1.0,ZC=F,commodity
2022-08-31 00:00:00+00:00,673.75,-0.008826774549466676,0.37241609801552245,2022-08,0.09330628803245444,1.0,-0.1058394160583942,-1.0,0.26170411985018727,1.0,0.3333333333333333,1.0,ZC=F,commodity
2022-09-30 00:00:00+00:00,677.5,0.011949215832711024,0.3438593092922391,2022-09,0.005565862708719838,1.0,-0.08907563025210086,-1.0,0.2622263623660923,1.0,0.3333333333333333,1.0,ZC=F,commodity
2022-10-31 00:00:00+00:00,691.5,0.015791406536907804,0.2973593716846094,2022-10,0.020664206642066363,1.0,0.1221095334685598,1.0,0.21689397272327327,1.0,1.0,1.0,ZC=F,commodity
2022-11-30 00:00:00+00:00,662.0,-0.005632745024408581,0.26200265937274014,2022-11,-0.04266088214027475,-1.0,-0.017439703153988906,-1.0,0.16754850088183426,1.0,-0.3333333333333333,1.0,ZC=F,commodity
2022-12-30 00:00:00+00:00,678.5,-0.0014716703458425018,0.239531835543725,2022-12,0.024924471299093698,1.0,0.0014760147601475815,1.0,0.14369995785924994,1.0,1.0,1.0,ZC=F,commodity
2023-01-31 00:00:00+00:00,679.75,-0.005850091407678226,0.22159326965229836,2023-01,0.0018422991893882745,1.0,-0.016992046276211092,-1.0,0.08586261980830678,1.0,0.3333333333333333,1.0,ZC=F,commodity
2023-02-28 00:00:00+00:00,629.5,-0.020614546868922612,0.2046635524410235,2023-02,-0.07392423685178373,-1.0,-0.04909365558912382,-1.0,-0.09749103942652326,-1.0,-1.0,1.0,ZC=F,commodity
2023-03-31 00:00:00+00:00,660.5,0.016936104695919996,0.19065247779962416,2023-03,0.04924543288324057,1.0,-0.026529108327192352,-1.0,-0.1178631051752922,-1.0,-0.3333333333333333,1.0,ZC=F,commodity
2023-04-28 00:00:00+00:00,636.0,0.014354066985645897,0.19167129467019153,2023-04,-0.03709311127933379,-1.0,-0.06436189775652812,-1.0,-0.22273143904674608,-1.0,-1.0,1.0,ZC=F,commodity
2023-05-31 00:00:00+00:00,594.0,0.0,0.24253164786018652,2023-05,-0.06603773584905659,-1.0,-0.05639396346306591,-1.0,-0.21167883211678828,-1.0,-1.0,1.0,ZC=F,commodity
2023-06-30 00:00:00+00:00,554.5,-0.04561101549053359,0.29015147756348286,2023-06,-0.0664983164983165,-1.0,-0.1604844814534444,-1.0,-0.254453781512605,-1.0,-1.0,1.0,ZC=F,commodity
2023-07-31 00:00:00+00:00,504.0,-0.03262955854126681,0.49086343227064183,2023-07,-0.09107303877367001,-1.0,-0.2075471698113207,-1.0,-0.1821501014198783,-1.0,-1.0,1.0,ZC=F,commodity
2023-08-31 00:00:00+00:00,461.0,-0.0016242555495398214,0.42753000235677274,2023-08,-0.08531746031746035,-1.0,-0.22390572390572394,-1.0,-0.31576994434137295,-1.0,-1.0,1.0,ZC=F,commodity
2023-09-29 00:00:00+00:00,476.75,-0.024053224155578312,0.3737517053194258,2023-09,0.03416485900216926,1.0,-0.1402164111812444,-1.0,-0.296309963099631,-1.0,-0.3333333333333333,1.0,ZC=F,commodity
2023-10-31 00:00:00+00:00,478.75,0.001045478306325176,0.33156279116670123,2023-10,0.004195070791819688,1.0,-0.05009920634920639,-1.0,-0.3076644974692697,-1.0,-0.3333333333333333,1.0,ZC=F,commodity
2023-11-30 00:00:00+00:00,461.75,0.026681489716509077,0.2986495648973614,2023-11,-0.035509138381201066,-1.0,0.0016268980477223138,1.0,-0.3024924471299094,-1.0,-0.3333333333333333,1.0,ZC=F,commodity
2023-12-29 00:00:00+00:00,471.25,-0.00632577754348973,0.28902295874522227,2023-12,0.02057390362750411,1.0,-0.011536444677503921,-1.0,-0.30545320560058953,-1.0,-0.3333333333333333,1.0,ZC=F,commodity
2024-01-31 00:00:00+00:00,448.25,0.001116694584031297,0.25829949902081073,2024-01,-0.04880636604774535,-1.0,-0.06370757180156661,-1.0,-0.34056638470025746,-1.0,-1.0,1.0,ZC=F,commodity
2024-02-29 00:00:00+00:00,415.75,0.006049606775559546,0.23632385423637753,2024-02,-0.07250418293363081,-1.0,-0.09962100703844068,-1.0,-0.3395552025416998,-1.0,-1.0,1.0,ZC=F,commodity
2024-03-28 00:00:00+00:00,442.0,0.03573520796719398,0.2218010018006501,2024-03,0.06313890559230306,1.0,-0.06206896551724139,-1.0,-0.33080999242997733,-1.0,-0.3333333333333333,1.0,ZC=F,commodity
2024-04-30 00:00:00+00:00,439.5,0.0005691519635742104,0.21386563992928775,2024-04,-0.005656108597285048,-1.0,-0.019520356943669825,-1.0,-0.3089622641509434,-1.0,-1.0,1.0,ZC=F,commodity
2024-05-31 00:00:00+00:00,446.25,-0.005571030640668551,0.213381398790056,2024-05,0.015358361774743923,1.0,0.07336139506915207,1.0,-0.2487373737373737,-1.0,0.3333333333333333,1.0,ZC=F,commodity
2024-06-28 00:00:00+00:00,397.25,-0.039879154078549806,0.2136797811034433,2024-06,-0.1098039215686275,-1.0,-0.10124434389140269,-1.0,-0.2835888187556357,-1.0,-1.0,1.0,ZC=F,commodity
2024-07-31 00:00:00+00:00,382.75,-0.015434083601286175,0.23510807995597044,2024-07,-0.036500943989930756,-1.0,-0.12912400455062567,-1.0,-0.24057539682539686,-1.0,-1.0,1.0,ZC=F,commodity
2024-08-30 00:00:00+00:00,378.0,0.0168123739071957,0.22413048588863876,2024-08,-0.01241018941868055,-1.0,-0.15294117647058825,-1.0,-0.18004338394793928,-1.0,-1.0,1.0,ZC=F,commodity
2024-09-30 00:00:00+00:00,424.75,0.01614832535885169,0.23793202937198824,2024-09,0.12367724867724861,1.0,0.06922592825676532,1.0,-0.1090718405873099,-1.0,0.3333333333333333,1.0,ZC=F,commodity
2024-10-31 00:00:00+00:00,410.75,-0.0018226002430133947,0.21752111408445915,2024-10,-0.03296056503825784,-1.0,0.07315480078380143,1.0,-0.14203655352480415,-1.0,-0.3333333333333333,1.0,ZC=F,commodity
2024-11-29 00:00:00+00:00,423.0,0.01743836440168378,0.198956740393428,2024-11,0.029823493609251406,1.0,0.11904761904761907,1.0,-0.08391987005955603,-1.0,0.3333333333333333,1.0,ZC=F,commodity
2024-12-31 00:00:00+00:00,458.5,0.013819789939192972,0.19507187919476673,2024-12,0.08392434988179676,1.0,0.07945850500294283,1.0,-0.02705570291777193,-1.0,0.3333333333333333,1.0,ZC=F,commodity
2025-01-31 00:00:00+00:00,482.0,-0.01682814890362061,0.20267632485781806,2025-01,0.05125408942202836,1.0,0.17346317711503345,1.0,0.07529280535415506,1.0,1.0,1.0,ZC=F,commodity
2025-02-28 00:00:00+00:00,453.5,-0.024206562668101173,0.20227852305367208,2025-02,-0.0591286307053942,-1.0,0.07210401891252949,1.0,0.09079975947083585,1.0,0.3333333333333333,1.0,ZC=F,commodity
2025-03-31 00:00:00+00:00,457.25,0.008825151682294585,0.21489777579779942,2025-03,0.008269018743109147,1.0,-0.0027262813522355156,-1.0,0.034502262443439013,1.0,0.3333333333333333,1.0,ZC=F,commodity
2025-04-30 00:00:00+00:00,467.25,0.014657980456026065,0.2072230577263964,2025-04,0.021869874248223065,1.0,-0.030601659751037347,-1.0,0.06313993174061427,1.0,0.3333333333333333,1.0,ZC=F,commodity
2025-05-30 00:00:00+00:00,444.0,-0.006711409395973145,0.2051081347082111,2025-05,-0.049759229534510396,-1.0,-0.02094818081587657,-1.0,-0.005042016806722671,-1.0,-1.0,1.0,ZC=F,commodity
2025-06-30 00:00:00+00:00,420.5,0.007185628742514938,0.20170303630570277,2025-06,-0.05292792792792789,-1.0,-0.08037178786221977,-1.0,0.05852737570799249,1.0,-0.3333333333333333,1.0,ZC=F,commodity
2025-07-31 00:00:00+00:00,394.0,0.00574345883854499,0.20959155910876287,2025-07,-0.06302021403091562,-1.0,-0.15676832530765117,-1.0,0.02939255388634887,1.0,-0.3333333333333333,1.0,ZC=F,commodity
2025-08-29 00:00:00+00:00,398.0,0.03242542153048,0.20520188283578814,2025-08,0.010152284263959421,1.0,-0.10360360360360366,-1.0,0.05291005291005302,1.0,0.3333333333333333,1.0,ZC=F,commodity
2025-09-30 00:00:00+00:00,415.5,-0.014234875444839812,0.22315179532925622,2025-09,0.04396984924623126,1.0,-0.01189060642092743,-1.0,-0.021777516185991774,-1.0,-0.3333333333333333,1.0,ZC=F,commodity
2025-10-31 00:00:00+00:00,431.5,0.0029052876234747504,0.20023776327899306,2025-10,0.038507821901323736,1.0,0.09517766497461921,1.0,0.05051734631771154,1.0,1.0,1.0,ZC=F,commodity
2025-11-28 00:00:00+00:00,435.5,0.008685581933989495,0.19342880476825441,2025-11,0.009269988412514474,1.0,0.0942211055276383,1.0,0.029550827423167947,1.0,1.0,1.0,ZC=F,commodity
2025-12-31 00:00:00+00:00,440.25,-0.0005675368898978572,0.1822083047163573,2025-12,0.010907003444316832,1.0,0.05956678700361007,1.0,-0.03980370774263908,-1.0,0.3333333333333333,1.0,ZC=F,commodity
2026-01-30 00:00:00+00:00,428.25,-0.00580383052814859,0.19275785878391194,2026-01,-0.027257240204429323,-1.0,-0.007531865585168052,-1.0,-0.11151452282157681,-1.0,-1.0,1.0,ZC=F,commodity
2026-02-27 00:00:00+00:00,438.75,0.012694748990190519,0.172713480014618,2026-02,0.024518388791593626,1.0,0.00746268656716409,1.0,-0.03252480705622929,-1.0,0.3333333333333333,1.0,ZC=F,commodity
2026-03-31 00:00:00+00:00,457.75,0.004388370817334009,0.17907357638197724,2026-03,0.0433048433048433,1.0,0.03975014196479276,1.0,0.0010934937124111865,1.0,1.0,1.0,ZC=F,commodity
2026-04-30 00:00:00+00:00,464.75,-0.0037513397642015,0.16308520373205948,2026-04,0.015292190060076427,1.0,0.08523058960887342,1.0,-0.005350454788657033,-1.0,0.3333333333333333,1.0,ZC=F,commodity
2026-05-29 00:00:00+00:00,446.75,-0.01974766867800326,0.19870263910107444,2026-05,-0.038730500268961854,-1.0,0.018233618233618243,1.0,0.006193693693693714,1.0,0.3333333333333333,1.0,ZC=F,commodity
2026-06-30 00:00:00+00:00,412.75,0.02674129353233834,0.20115942722417673,2026-06,-0.07610520425293787,-1.0,-0.09830693610049157,-1.0,-0.01843043995243754,-1.0,-1.0,1.0,ZC=F,commodity
2026-07-31 00:00:00+00:00,440.75,-0.011217049915872135,0.22833806421878566,2026-07,0.06783767413688668,1.0,-0.05164066702528236,-1.0,0.11865482233502544,1.0,0.3333333333333333,1.0,ZC=F,commodity
2020-01-31 00:00:00+00:00,553.75,-0.012042818911686015,,2020-01,,,,,,,,1.0,ZW=F,commodity
2020-02-28 00:00:00+00:00,529.0,-0.0004723665564477786,,2020-02,-0.04469525959367948,-1.0,,,,,,1.0,ZW=F,commodity
2020-03-31 00:00:00+00:00,568.75,-0.0013169446883231073,0.23793200538853965,2020-03,0.07514177693761814,1.0,,,,,,1.0,ZW=F,commodity
2020-04-30 00:00:00+00:00,529.75,0.019730510105871124,0.2441347187446736,2020-04,-0.06857142857142862,-1.0,-0.04334085778781038,-1.0,,,,1.0,ZW=F,commodity
2020-05-29 00:00:00+00:00,520.75,0.012147716229348848,0.23409785762302446,2020-05,-0.01698914582350164,-1.0,-0.015595463137996202,-1.0,,,,1.0,ZW=F,commodity
2020-06-30 00:00:00+00:00,490.0,0.009268795056642576,0.22916795420917255,2020-06,-0.05904944791166589,-1.0,-0.1384615384615384,-1.0,,,,1.0,ZW=F,commodity
2020-07-31 00:00:00+00:00,531.25,0.003305004721435356,0.26472683190924684,2020-07,0.08418367346938771,1.0,0.002831524303916977,1.0,,,,1.0,ZW=F,commodity
2020-08-31 00:00:00+00:00,544.25,0.009272137227630983,0.25603744876699086,2020-08,0.024470588235294022,1.0,0.04512722035525685,1.0,,,,1.0,ZW=F,commodity
2020-09-30 00:00:00+00:00,578.0,0.05186533212010924,0.26010134450760586,2020-09,0.06201194304088187,1.0,0.1795918367346938,1.0,,,,1.0,ZW=F,commodity
2020-10-30 00:00:00+00:00,598.5,-0.008695652173912993,0.26462675203754416,2020-10,0.035467128027681705,1.0,0.12658823529411767,1.0,,,,1.0,ZW=F,commodity
2020-11-30 00:00:00+00:00,580.25,-0.027242246437552353,0.2545782925139297,2020-11,-0.03049289891395157,-1.0,0.06614607257694072,1.0,,,,1.0,ZW=F,commodity
2020-12-31 00:00:00+00:00,640.5,-0.0003901677721420693,0.26752708015825477,2020-12,0.10383455407152087,1.0,0.1081314878892734,1.0,,,,1.0,ZW=F,commodity
2021-01-29 00:00:00+00:00,663.0,0.02472952086553315,0.27594579830432087,2021-01,0.03512880562060894,1.0,0.10776942355889729,1.0,0.19729119638826176,1.0,1.0,1.0,ZW=F,commodity
2021-02-26 00:00:00+00:00,655.0,-0.024934871604019304,0.27892237627189254,2021-02,-0.012066365007541435,-1.0,0.12882378285221896,1.0,0.23818525519848777,1.0,0.3333333333333333,1.0,ZW=F,commodity
2021-03-31 00:00:00+00:00,618.0,0.02700457000415457,0.2670951265060197,2021-03,-0.056488549618320616,-1.0,-0.03512880562060894,-1.0,0.08659340659340664,1.0,-0.3333333333333333,1.0,ZW=F,commodity
2021-04-30 00:00:00+00:00,742.5,0.006779661016949046,0.28619745657920753,2021-04,0.20145631067961167,1.0,0.11990950226244346,1.0,0.4016045304388862,1.0,1.0,1.0,ZW=F,commodity
2021-05-28 00:00:00+00:00,663.5,-0.018853974121996298,0.30710830435848596,2021-05,-0.10639730639730638,-1.0,0.012977099236641143,1.0,0.2741238598175708,1.0,0.3333333333333333,1.0,ZW=F,commodity
2021-06-30 00:00:00+00:00,671.5,0.04962876123485738,0.304310356738786,2021-06,0.012057272042200529,1.0,0.08656957928802589,1.0,0.370408163265306,1.0,1.0,1.0,ZW=F,commodity
2021-07-30 00:00:00+00:00,703.75,-0.002126905352711761,0.3280893428426793,2021-07,0.04802680565897255,1.0,-0.05218855218855223,-1.0,0.3247058823529412,1.0,0.3333333333333333,1.0,ZW=F,commodity
2021-08-31 00:00:00+00:00,706.75,-0.002821869488536133,0.30975622427331795,2021-08,0.004262877442273494,1.0,0.0651846269781462,1.0,0.2985760220486908,1.0,1.0,1.0,ZW=F,commodity
2021-09-30 00:00:00+00:00,725.5,0.02147131291798665,0.29168648146722903,2021-09,0.026529890343119922,1.0,0.08041697691734928,1.0,0.2551903114186851,1.0,1.0,1.0,ZW=F,commodity
2021-10-29 00:00:00+00:00,772.75,0.0003236245954691963,0.27456719676489366,2021-10,0.06512749827705022,1.0,0.09804618117229125,1.0,0.29114452798663315,1.0,1.0,1.0,ZW=F,commodity
2021-11-30 00:00:00+00:00,773.75,-0.04179566563467496,0.27038598940469183,2021-11,0.0012940795858944476,1.0,0.0948001414927484,1.0,0.33347694959069374,1.0,1.0,1.0,ZW=F,commodity
2021-12-31 00:00:00+00:00,770.75,-0.011542160949022162,0.2783842584979221,2021-12,-0.0038772213247172393,-1.0,0.062370778773259916,1.0,0.2033567525370803,1.0,0.3333333333333333,1.0,ZW=F,commodity
2022-01-31 00:00:00+00:00,761.25,-0.031796502384737635,0.2889934547288437,2022-01,-0.012325656827765208,-1.0,-0.014881915237787147,-1.0,0.1481900452488687,1.0,-0.3333333333333333,1.0,ZW=F,commodity
2022-02-28 00:00:00+00:00,928.0,0.10083036773428233,0.3774365055342759,2022-02,0.21904761904761916,1.0,0.19935379644588047,1.0,0.416793893129771,1.0,1.0,1.0,ZW=F,commodity
2022-03-31 00:00:00+00:00,1006.0,-0.02068629836943292,0.6795880478347586,2022-03,0.08405172413793105,1.0,0.3052221861822899,1.0,0.6278317152103561,1.0,1.0,1.0,ZW=F,commodity
2022-04-29 00:00:00+00:00,1043.75,-0.028165735567970196,0.5972306972217334,2022-04,0.0375248508946322,1.0,0.37110016420361247,1.0,0.4057239057239057,1.0,1.0,1.0,ZW=F,commodity
2022-05-31 00:00:00+00:00,1087.5,-0.06047516198704106,0.5560852552321286,2022-05,0.041916167664670656,1.0,0.171875,1.0,0.639035418236624,1.0,1.0,1.0,ZW=F,commodity
2022-06-30 00:00:00+00:00,868.75,-0.05106499180775537,0.5280999204038049,2022-06,-0.20114942528735635,-1.0,-0.13643141153081506,-1.0,0.2937453462397617,1.0,-0.3333333333333333,1.0,ZW=F,commodity
2022-07-29 00:00:00+00:00,807.75,-0.011321909424724552,0.5409771279401305,2022-07,-0.07021582733812948,-1.0,-0.22610778443113777,-1.0,0.14777975133214927,1.0,-0.3333333333333333,1.0,ZW=F,commodity
2022-08-31 00:00:00+00:00,809.0,0.013466958972752963,0.4933069846716718,2022-08,0.0015475085112968134,1.0,-0.25609195402298846,-1.0,0.144676335337814,1.0,0.3333333333333333,1.0,ZW=F,commodity
2022-09-30 00:00:00+00:00,921.5,0.028172942817294322,0.4854992493572933,2022-09,0.1390605686032138,1.0,0.06071942446043166,1.0,0.27015851137146796,1.0,1.0,1.0,ZW=F,commodity
2022-10-31 00:00:00+00:00,882.25,0.06391317455532097,0.4476631835254179,2022-10,-0.042593597395550686,-1.0,0.09223150727328999,1.0,0.14170171465545134,1.0,0.3333333333333333,1.0,ZW=F,commodity
2022-11-30 00:00:00+00:00,771.5,0.01814582645991414,0.42297192920467547,2022-11,-0.12553131198639844,-1.0,-0.04635352286773797,-1.0,-0.0029079159935380128,-1.0,-1.0,1.0,ZW=F,commodity
2022-12-30 00:00:00+00:00,792.0,0.023255813953488413,0.3897422868821661,2022-12,0.02657161373946848,1.0,-0.1405317417254477,-1.0,0.02757054816736937,1.0,0.3333333333333333,1.0,ZW=F,commodity
2023-01-31 00:00:00+00:00,761.25,0.011627906976744207,0.3548759308499002,2023-01,-0.03882575757575757,-1.0,-0.137149334088977,-1.0,0.0,0.0,-0.6666666666666666,1.0,ZW=F,commodity
2023-02-28 00:00:00+00:00,691.5,-0.006465517241379337,0.33545749085932747,2023-02,-0.09162561576354677,-1.0,-0.10369410239792609,-1.0,-0.2548491379310345,-1.0,-1.0,1.0,ZW=F,commodity
2023-03-31 00:00:00+00:00,692.25,0.0,0.32126979622772384,2023-03,0.0010845986984815426,1.0,-0.12594696969696972,-1.0,-0.3118787276341949,-1.0,-0.3333333333333333,1.0,ZW=F,commodity
2023-04-28 00:00:00+00:00,619.75,0.008133387555917082,0.3025549710367476,2023-04,-0.10473094980137232,-1.0,-0.1858784893267652,-1.0,-0.40622754491017965,-1.0,-1.0,1.0,ZW=F,commodity
2023-05-31 00:00:00+00:00,594.25,0.0054991539763113995,0.33742257030295103,2023-05,-0.041145623235175455,-1.0,-0.14063629790310916,-1.0,-0.4535632183908046,-1.0,-1.0,1.0,ZW=F,commodity
2023-06-30 00:00:00+00:00,636.25,-0.025650842266462526,0.36462701152658855,2023-06,0.0706773243584351,1.0,-0.08089563019140489,-1.0,-0.26762589928057556,-1.0,-0.3333333333333333,1.0,ZW=F,commodity
2023-07-31 00:00:00+00:00,665.75,-0.054668086616968425,0.4431420938043192,2023-07,0.04636542239685659,1.0,0.07422347720855194,1.0,-0.1757969668833178,-1.0,0.3333333333333333,1.0,ZW=F,commodity
2023-08-31 00:00:00+00:00,573.0,-0.006501950585175553,0.41966177895358603,2023-08,-0.13931656027037176,-1.0,-0.035759360538493934,-1.0,-0.29171817058096416,-1.0,-1.0,1.0,ZW=F,commodity
2023-09-29 00:00:00+00:00,541.5,-0.06436285097192229,0.39096311908172665,2023-09,-0.054973821989528826,-1.0,-0.1489194499017682,-1.0,-0.41237113402061853,-1.0,-1.0,1.0,ZW=F,commodity
2023-10-31 00:00:00+00:00,556.25,-0.017226148409894004,0.3793762702049644,2023-10,0.027239150507848642,1.0,-0.16447615471273003,-1.0,-0.3695097761405497,-1.0,-0.3333333333333333,1.0,ZW=F,commodity
2023-11-30 00:00:00+00:00,570.25,0.025629496402877594,0.3496405207861422,2023-11,0.02516853932584273,1.0,-0.004799301919720778,-1.0,-0.2608554763447829,-1.0,-0.3333333333333333,1.0,ZW=F,commodity
2023-12-29 00:00:00+00:00,628.0,-0.005542359461599422,0.3702353939595443,2023-12,0.10127137220517324,1.0,0.159741458910434,1.0,-0.20707070707070707,-1.0,0.3333333333333333,1.0,ZW=F,commodity
2024-01-31 00:00:00+00:00,595.25,-0.016928158546655636,0.3423096069525838,2024-01,-0.052149681528662395,-1.0,0.07011235955056172,1.0,-0.21806239737274224,-1.0,-0.3333333333333333,1.0,ZW=F,commodity
2024-02-29 00:00:00+00:00,577.5,0.01138353765323985,0.3249105499879575,2024-02,-0.02981940361192781,-1.0,0.012713722051731713,1.0,-0.16485900216919736,-1.0,-0.3333333333333333,1.0,ZW=F,commodity
2024-03-28 00:00:00+00:00,560.25,0.023287671232876672,0.318465814323399,2024-03,-0.029870129870129825,-1.0,-0.10788216560509556,-1.0,-0.19068255687974,-1.0,-1.0,1.0,ZW=F,commodity
2024-04-30 00:00:00+00:00,585.0,-0.008894536213468918,0.3052327077295363,2024-04,0.04417670682730934,1.0,-0.017219655606887874,-1.0,-0.056070996369503856,-1.0,-0.3333333333333333,1.0,ZW=F,commodity
2024-05-31 00:00:00+00:00,678.5,-0.0036710719530103075,0.3234341631069256,2024-05,0.15982905982905993,1.0,0.17489177489177488,1.0,0.14177534707614647,1.0,1.0,1.0,ZW=F,commodity
2024-06-28 00:00:00+00:00,553.5,-0.011165698972755655,0.32266689769681867,2024-06,-0.18422991893883567,-1.0,-0.012048192771084376,-1.0,-0.1300589390962672,-1.0,-1.0,1.0,ZW=F,commodity
2024-07-31 00:00:00+00:00,527.25,0.006202290076335881,0.3115743970123083,2024-07,-0.04742547425474253,-1.0,-0.0987179487179487,-1.0,-0.20803604956815624,-1.0,-1.0,1.0,ZW=F,commodity
2024-08-30 00:00:00+00:00,532.75,0.014761904761904754,0.2835567077279005,2024-08,0.010431484115694722,1.0,-0.21481208548268238,-1.0,-0.07024432809773129,-1.0,-0.3333333333333333,1.0,ZW=F,commodity
2024-09-30 00:00:00+00:00,584.0,0.006896551724137945,0.26977074430834197,2024-09,0.09619896762083524,1.0,0.05510388437217695,1.0,0.07848568790397037,1.0,1.0,1.0,ZW=F,commodity
2024-10-31 00:00:00+00:00,570.5,-0.004797208896641925,0.2613478385517036,2024-10,-0.023116438356164393,-1.0,0.08202939781887153,1.0,0.025617977528089808,1.0,0.3333333333333333,1.0,ZW=F,commodity
2024-11-29 00:00:00+00:00,532.25,-0.010227801022780092,0.24179186612967568,2024-11,-0.06704645048203328,-1.0,-0.0009385265133740051,-1.0,-0.06663743971942127,-1.0,-1.0,1.0,ZW=F,commodity
2024-12-31 00:00:00+00:00,551.5,0.005927952576379347,0.23612545827176035,2024-12,0.03616721465476758,1.0,-0.05565068493150682,-1.0,-0.12181528662420382,-1.0,-0.3333333333333333,1.0,ZW=F,commodity
2025-01-31 00:00:00+00:00,559.5,-0.012356575463371544,0.24783966797748386,2025-01,0.014505893019038929,1.0,-0.019281332164767795,-1.0,-0.06005879882402354,-1.0,-0.3333333333333333,1.0,ZW=F,commodity
2025-02-28 00:00:00+00:00,537.0,-0.017832647462277085,0.2554761007435124,2025-02,-0.04021447721179627,-1.0,0.008924377642085535,1.0,-0.07012987012987015,-1.0,-0.3333333333333333,1.0,ZW=F,commodity
2025-03-31 00:00:00+00:00,537.0,0.016564126833885418,0.2527536135137972,2025-03,0.0,0.0,-0.026291931097008114,-1.0,-0.04149933065595712,-1.0,-0.6666666666666666,1.0,ZW=F,commodity
2025-04-30 00:00:00+00:00,513.0,0.01433514582303519,0.24451686120036928,2025-04,-0.04469273743016755,-1.0,-0.08310991957104563,-1.0,-0.12307692307692308,-1.0,-1.0,1.0,ZW=F,commodity
2025-05-30 00:00:00+00:00,534.0,0.0,0.25476958011773093,2025-05,0.040935672514619936,1.0,-0.005586592178770999,-1.0,-0.212969786293294,-1.0,-0.3333333333333333,1.0,ZW=F,commodity
2025-06-30 00:00:00+00:00,528.75,0.0076226774654597484,0.27344168875418473,2025-06,-0.0098314606741573,-1.0,-0.015363128491620137,-1.0,-0.04471544715447151,-1.0,-1.0,1.0,ZW=F,commodity
2025-07-31 00:00:00+00:00,523.25,-0.0009546539379474694,0.25875603294744837,2025-07,-0.010401891252955098,-1.0,0.019980506822611988,1.0,-0.007586533902323334,-1.0,-0.3333333333333333,1.0,ZW=F,commodity
2025-08-29 00:00:00+00:00,518.0,0.015188633023027975,0.234550861251588,2025-08,-0.010033444816053505,-1.0,-0.029962546816479363,-1.0,-0.027686532144533094,-1.0,-1.0,1.0,ZW=F,commodity
2025-09-30 00:00:00+00:00,508.0,-0.022136669874879722,0.23683007022225244,2025-09,-0.019305019305019266,-1.0,-0.03924349881796685,-1.0,-0.13013698630136983,-1.0,-1.0,1.0,ZW=F,commodity
2025-10-31 00:00:00+00:00,534.0,0.01859799713876975,0.2182473197712044,2025-10,0.051181102362204633,1.0,0.020544672718585844,1.0,-0.06397896581945661,-1.0,0.3333333333333333,1.0,ZW=F,commodity
2025-11-28 00:00:00+00:00,531.0,0.003780718336483968,0.22583520408884356,2025-11,-0.005617977528089901,-1.0,0.025096525096525157,1.0,-0.002348520432127743,-1.0,-0.3333333333333333,1.0,ZW=F,commodity
2025-12-31 00:00:00+00:00,507.0,-0.007342143906020504,0.20637856359178655,2025-12,-0.04519774011299438,-1.0,-0.0019685039370078705,-1.0,-0.08068902991840432,-1.0,-1.0,1.0,ZW=F,commodity
2026-01-30 00:00:00+00:00,538.0,-0.006463527239150557,0.20372544338044962,2026-01,0.06114398422090739,1.0,0.0074906367041198685,1.0,-0.03842716711349414,-1.0,0.3333333333333333,1.0,ZW=F,commodity
2026-02-27 00:00:00+00:00,591.25,0.03410581547879321,0.21129245288920614,2026-02,0.09897769516728627,1.0,0.11346516007532959,1.0,0.10102420856610794,1.0,1.0,1.0,ZW=F,commodity
2026-03-31 00:00:00+00:00,616.25,0.015238879736408473,0.2608055379906083,2026-03,0.04228329809725162,1.0,0.21548323471400388,1.0,0.1475791433891993,1.0,1.0,1.0,ZW=F,commodity
2026-04-30 00:00:00+00:00,623.75,-0.028804982483456643,0.2668592033776974,2026-04,0.012170385395537497,1.0,0.15938661710037172,1.0,0.21588693957115002,1.0,1.0,1.0,ZW=F,commodity
2026-05-29 00:00:00+00:00,610.5,-0.02163461538461542,0.30150842113122267,2026-05,-0.021242484969939857,-1.0,0.032558139534883734,1.0,0.1432584269662922,1.0,0.3333333333333333,1.0,ZW=F,commodity
2026-06-30 00:00:00+00:00,580.75,0.019754170324846276,0.27898735664797447,2026-06,-0.04873054873054872,-1.0,-0.057606490872210925,-1.0,0.09834515366430252,1.0,-0.3333333333333333,1.0,ZW=F,commodity
2026-07-31 00:00:00+00:00,639.25,-0.03654860587792008,0.3115870082221065,2026-07,0.10073181231166606,1.0,0.024849699398797664,1.0,0.22169135212613478,1.0,1.0,1.0,ZW=F,commodity
2020-01-31 00:00:00+00:00,872.5,-0.004279600570613384,,2020-01,,,,,,,,1.0,ZS=F,commodity
2020-02-28 00:00:00+00:00,883.5,-0.003102961918194591,,2020-02,0.012607449856733455,1.0,,,,,,1.0,ZS=F,commodity
2020-03-31 00:00:00+00:00,886.0,0.004250495891187311,0.1919501763786784,2020-03,0.0028296547821164975,1.0,,,,,,1.0,ZS=F,commodity
2020-04-30 00:00:00+00:00,850.25,0.022242260294559557,0.1754159826556154,2020-04,-0.04034988713318288,-1.0,-0.025501432664756463,-1.0,,,,1.0,ZS=F,commodity
2020-05-29 00:00:00+00:00,840.75,-0.0073789846517119395,0.16976461612087435,2020-05,-0.011173184357541888,-1.0,-0.048387096774193505,-1.0,,,,1.0,ZS=F,commodity
2020-06-30 00:00:00+00:00,884.25,0.020484708597807266,0.147983310297706,2020-06,0.05173951828724355,1.0,-0.0019751693002257875,-1.0,,,,1.0,ZS=F,commodity
2020-07-31 00:00:00+00:00,897.5,0.006447995514437865,0.14103839142937857,2020-07,0.014984450098953994,1.0,0.055571890620405684,1.0,,,,1.0,ZS=F,commodity
2020-08-31 00:00:00+00:00,951.25,0.0007890583903209514,0.1475179421280348,2020-08,0.05988857938718661,1.0,0.13143027059173362,1.0,,,,1.0,ZS=F,commodity
2020-09-30 00:00:00+00:00,1023.5,0.030715005035246712,0.1633310174867441,2020-09,0.0759526938239159,1.0,0.15747808877579872,1.0,,,,1.0,ZS=F,commodity
2020-10-30 00:00:00+00:00,1056.5,0.0045162823864985935,0.17724157314039662,2020-10,0.032242305813385386,1.0,0.177158774373259,1.0,,,,1.0,ZS=F,commodity
2020-11-30 00:00:00+00:00,1168.5,-0.01950912523599746,0.17558403572999348,2020-11,0.10601041173686698,1.0,0.22838370565045985,1.0,,,,1.0,ZS=F,commodity
2020-12-31 00:00:00+00:00,1315.25,0.008820709491850431,0.18233171503409423,2020-12,0.1255883611467694,1.0,0.2850512945774304,1.0,,,,1.0,ZS=F,commodity
2021-01-29 00:00:00+00:00,1370.0,0.01237760945871047,0.21883609018577652,2021-01,0.04162706709751007,1.0,0.29673450070989116,1.0,0.5702005730659025,1.0,1.0,1.0,ZS=F,commodity
2021-02-26 00:00:00+00:00,1405.25,-0.0005334281650071215,0.21146218004023026,2021-02,0.025729927007299258,1.0,0.20261018399657682,1.0,0.5905489530277306,1.0,1.0,1.0,ZS=F,commodity
2021-03-31 00:00:00+00:00,1436.75,0.05121638924455829,0.19701431962980806,2021-03,0.022415940224159492,1.0,0.09237787492872074,1.0,0.6216139954853273,1.0,1.0,1.0,ZS=F,commodity
2021-04-30 00:00:00+00:00,1571.0,0.018476499189627127,0.21689923148831786,2021-04,0.09344005568122493,1.0,0.14671532846715318,1.0,0.8476918553366657,1.0,1.0,1.0,ZS=F,commodity
2021-05-28 00:00:00+00:00,1530.5,-0.0042290175666883645,0.2135938224174301,2021-05,-0.02577975811584976,-1.0,0.0891300480341577,1.0,0.8203984537615225,1.0,0.3333333333333333,1.0,ZS=F,commodity
2021-06-30 00:00:00+00:00,1450.0,0.0663724949439235,0.28551414881960335,2021-06,-0.052597190460633825,-1.0,0.009222202888463649,1.0,0.6398077466779757,1.0,0.3333333333333333,1.0,ZS=F,commodity
2021-07-30 00:00:00+00:00,1414.75,-0.0135959560746034,0.30152627397099596,2021-07,-0.024310344827586206,-1.0,-0.09945894334818584,-1.0,0.5763231197771588,1.0,-0.3333333333333333,1.0,ZS=F,commodity
2021-08-31 00:00:00+00:00,1298.75,-0.004598582103851334,0.30132886558857397,2021-08,-0.08199328503269132,-1.0,-0.1514211042143091,-1.0,0.36530880420499345,1.0,-0.3333333333333333,1.0,ZS=F,commodity
2021-09-30 00:00:00+00:00,1256.0,-0.02161635832521913,0.26326200799696087,2021-09,-0.03291626564003847,-1.0,-0.13379310344827589,-1.0,0.22716170004885194,1.0,-0.3333333333333333,1.0,ZS=F,commodity
2021-10-29 00:00:00+00:00,1235.75,0.001621073961499464,0.23974568951640982,2021-10,-0.016122611464968184,-1.0,-0.12652412086941156,-1.0,0.16966398485565537,1.0,-0.3333333333333333,1.0,ZS=F,commodity
2021-11-30 00:00:00+00:00,1217.25,-0.01953282319774463,0.22381460312073323,2021-11,-0.014970665587699772,-1.0,-0.06275264677574588,-1.0,0.041720154043645596,1.0,-0.3333333333333333,1.0,ZS=F,commodity
2021-12-31 00:00:00+00:00,1328.75,0.0007531538316700725,0.2152053513108025,2021-12,0.09159991784760724,1.0,0.057921974522292974,1.0,0.010264208325413415,1.0,1.0,1.0,ZS=F,commodity
2022-01-31 00:00:00+00:00,1490.5,0.0139455782312925,0.21855473299975037,2022-01,0.12173095014111013,1.0,0.2061501112684605,1.0,0.08795620437956209,1.0,1.0,1.0,ZS=F,commodity
2022-02-28 00:00:00+00:00,1644.25,0.033956925011790595,0.2364482116471865,2022-02,0.10315330426031544,1.0,0.35079071677962625,1.0,0.17007649884362208,1.0,1.0,1.0,ZS=F,commodity
2022-03-31 00:00:00+00:00,1618.25,-0.02749399038461542,0.23640851844086672,2022-03,-0.01581268055344387,-1.0,0.21787394167450613,1.0,0.12632677918914226,1.0,0.3333333333333333,1.0,ZS=F,commodity
2022-04-29 00:00:00+00:00,1708.25,0.001025490770583115,0.23601360632785787,2022-04,0.05561563417271742,1.0,0.1460919154646092,1.0,0.0873647358370464,1.0,1.0,1.0,ZS=F,commodity
2022-05-31 00:00:00+00:00,1683.25,-0.028286910088035744,0.24530180730739562,2022-05,-0.014634860237084713,-1.0,0.023719020830165638,1.0,0.09980398562561255,1.0,0.3333333333333333,1.0,ZS=F,commodity
2022-06-30 00:00:00+00:00,1675.0,0.0004479617739285846,0.24892561667473773,2022-06,-0.00490123273429377,-1.0,0.03506874710335239,1.0,0.15517241379310343,1.0,0.3333333333333333,1.0,ZS=F,commodity
2022-07-29 00:00:00+00:00,1637.0,0.017244057790896328,0.32409427515691086,2022-07,-0.02268656716417905,-1.0,-0.04170935167569145,-1.0,0.15709489309065217,1.0,-0.3333333333333333,1.0,ZS=F,commodity
2022-08-31 00:00:00+00:00,1507.5,-0.0036351619299405113,0.3862775847496166,2022-08,-0.07910812461820405,-1.0,-0.1044111094608644,-1.0,0.1607314725697786,1.0,-0.3333333333333333,1.0,ZS=F,commodity
2022-09-30 00:00:00+00:00,1364.75,-0.03260676944887475,0.35501066272504317,2022-09,-0.09469320066334996,-1.0,-0.1852238805970149,-1.0,0.08658439490445868,1.0,-0.3333333333333333,1.0,ZS=F,commodity
2022-10-31 00:00:00+00:00,1407.0,0.013871374527112179,0.3109687904443056,2022-10,0.03095805092507775,1.0,-0.1405009163103238,-1.0,0.13857980983208584,1.0,0.3333333333333333,1.0,ZS=F,commodity
2022-11-30 00:00:00+00:00,1469.5,0.006851661527920605,0.2796438576768847,2022-11,0.044420753375977284,1.0,-0.025207296849087846,-1.0,0.2072294105565824,1.0,0.3333333333333333,1.0,ZS=F,commodity
2022-12-30 00:00:00+00:00,1519.25,0.006959403479701809,0.25183279439134487,2022-12,0.03385505273902689,1.0,0.1132075471698113,1.0,0.14336782690498584,1.0,1.0,1.0,ZS=F,commodity
2023-01-31 00:00:00+00:00,1538.0,0.001791239211854645,0.23122991871064685,2023-01,0.012341615928912253,1.0,0.09310589907604827,1.0,0.0318685005031869,1.0,1.0,1.0,ZS=F,commodity
2023-02-28 00:00:00+00:00,1490.5,-0.018277622262473203,0.20563308575570582,2023-02,-0.030884265279583878,-1.0,0.014290575025518892,1.0,-0.09350767827276874,-1.0,-0.3333333333333333,1.0,ZS=F,commodity
2023-03-31 00:00:00+00:00,1505.5,0.02102407595795186,0.19184464689648004,2023-03,0.010063737001006379,1.0,-0.009050518347868963,-1.0,-0.06967403058859878,-1.0,-0.3333333333333333,1.0,ZS=F,commodity
2023-04-28 00:00:00+00:00,1444.25,0.01226563868932895,0.17983490446337078,2023-04,-0.04068415808701431,-1.0,-0.060955786736020756,-1.0,-0.15454412410361484,-1.0,-1.0,1.0,ZS=F,commodity
2023-05-31 00:00:00+00:00,1299.75,0.0025067489394523523,0.20010542011842575,2023-05,-0.10005193006750912,-1.0,-0.12797718886279774,-1.0,-0.2278330610426259,-1.0,-1.0,1.0,ZS=F,commodity
2023-06-30 00:00:00+00:00,1557.25,0.050067430883344644,0.22416428829561,2023-06,0.19811502211963838,1.0,0.03437396213882438,1.0,-0.07029850746268662,-1.0,0.3333333333333333,1.0,ZS=F,commodity
2023-07-31 00:00:00+00:00,1445.75,-0.027576929544308015,0.2416022936206692,2023-07,-0.07160057794188468,-1.0,0.0010386013501817448,1.0,-0.11682956627978014,-1.0,-0.3333333333333333,1.0,ZS=F,commodity
2023-08-31 00:00:00+00:00,1360.0,-0.01538461538461533,0.24004887927299873,2023-08,-0.05931177589486425,-1.0,0.04635506828236191,1.0,-0.0978441127694859,-1.0,-0.3333333333333333,1.0,ZS=F,commodity
2023-09-29 00:00:00+00:00,1275.0,-0.019607843137254943,0.21597398142963253,2023-09,-0.0625,-1.0,-0.18124899662867233,-1.0,-0.06576296024912986,-1.0,-1.0,1.0,ZS=F,commodity
2023-10-31 00:00:00+00:00,1287.0,0.003313194309101597,0.20419315711540925,2023-10,0.009411764705882453,1.0,-0.1098045996887429,-1.0,-0.08528784648187637,-1.0,-0.3333333333333333,1.0,ZS=F,commodity
2023-11-30 00:00:00+00:00,1342.75,-0.0031551596139569593,0.2039226139996499,2023-11,0.043317793317793285,1.0,-0.012683823529411775,-1.0,-0.08625382783259616,-1.0,-0.3333333333333333,1.0,ZS=F,commodity
2023-12-29 00:00:00+00:00,1293.5,-0.009002106876077387,0.19147349033558192,2023-12,-0.03667845838763728,-1.0,0.014509803921568531,1.0,-0.14859305578410398,-1.0,-0.3333333333333333,1.0,ZS=F,commodity
2024-01-31 00:00:00+00:00,1222.25,0.002871794871794897,0.1903548046930056,2024-01,-0.05508310784692694,-1.0,-0.05031080031080026,-1.0,-0.20529908972691813,-1.0,-1.0,1.0,ZS=F,commodity
2024-02-29 00:00:00+00:00,1128.25,-0.0050705467372134105,0.17796694552298079,2024-02,-0.07690734301493152,-1.0,-0.15974678830757771,-1.0,-0.24303924857430392,-1.0,-1.0,1.0,ZS=F,commodity
2024-03-28 00:00:00+00:00,1191.5,-0.0008385744234801207,0.17421064683888918,2024-03,0.05606027033015737,1.0,-0.07885581754928483,-1.0,-0.20856858186648952,-1.0,-0.3333333333333333,1.0,ZS=F,commodity
2024-04-30 00:00:00+00:00,1145.5,-0.013138057290544958,0.16052999160635542,2024-04,-0.03860679815358792,-1.0,-0.06279402740846796,-1.0,-0.20685476891119958,-1.0,-1.0,1.0,ZS=F,commodity
2024-05-31 00:00:00+00:00,1205.0,-0.003926431080801818,0.17446478947876787,2024-05,0.05194238323876044,1.0,0.06802570352315529,1.0,-0.07289863435276012,-1.0,0.3333333333333333,1.0,ZS=F,commodity
2024-06-28 00:00:00+00:00,1150.5,-0.0015187676285528529,0.17612485660470362,2024-06,-0.045228215767634805,-1.0,-0.03441040704993703,-1.0,-0.2611976240166961,-1.0,-1.0,1.0,ZS=F,commodity
2024-07-31 00:00:00+00:00,1028.5,0.0012168410805548646,0.21097330243767762,2024-07,-0.10604085180356371,-1.0,-0.10213880401571362,-1.0,-0.28860453052049106,-1.0,-1.0,1.0,ZS=F,commodity
2024-08-30 00:00:00+00:00,982.0,0.008472400513478862,0.21531724650961195,2024-08,-0.04521147301895967,-1.0,-0.18506224066390042,-1.0,-0.27794117647058825,-1.0,-1.0,1.0,ZS=F,commodity
2024-09-30 00:00:00+00:00,1057.0,-0.008210180623973717,0.21422672646622704,2024-09,0.07637474541751521,1.0,-0.08126901347240334,-1.0,-0.17098039215686278,-1.0,-0.3333333333333333,1.0,ZS=F,commodity
2024-10-31 00:00:00+00:00,982.5,0.006144393241167334,0.1970988205929049,2024-10,-0.07048249763481551,-1.0,-0.04472532814778807,-1.0,-0.23659673659673663,-1.0,-1.0,1.0,ZS=F,commodity
2024-11-29 00:00:00+00:00,989.5,0.0007585335018962525,0.1842383109044787,2024-11,0.007124681933842192,1.0,0.0076374745417515655,1.0,-0.2630795010240179,-1.0,0.3333333333333333,1.0,ZS=F,commodity
2024-12-31 00:00:00+00:00,998.25,0.016547861507128392,0.17309831571602025,2024-12,0.008842849924204144,1.0,-0.05558183538315986,-1.0,-0.22825666795516042,-1.0,-0.3333333333333333,1.0,ZS=F,commodity
2025-01-31 00:00:00+00:00,1042.0,-0.0019157088122605526,0.19372498575523142,2025-01,0.04382669671925865,1.0,0.060559796437658964,1.0,-0.14747392104724888,-1.0,0.3333333333333333,1.0,ZS=F,commodity
2025-02-28 00:00:00+00:00,1011.5,-0.010999755560987534,0.18142746357426034,2025-02,-0.02927063339731284,-1.0,0.022233451237998914,1.0,-0.10347883890981613,-1.0,-0.3333333333333333,1.0,ZS=F,commodity
2025-03-31 00:00:00+00:00,1014.75,-0.008064516129032251,0.17255785204665736,2025-03,0.0032130499258526957,1.0,0.016528925619834656,1.0,-0.14834242551405796,-1.0,0.3333333333333333,1.0,ZS=F,commodity
2025-04-30 00:00:00+00:00,1034.75,-0.006003842459173847,0.17881324467899565,2025-04,0.019709288001970915,1.0,-0.006957773512476062,-1.0,-0.09668267132256658,-1.0,-0.3333333333333333,1.0,ZS=F,commodity
2025-05-30 00:00:00+00:00,1041.75,-0.009507962918944624,0.1653716581147205,2025-05,0.006764919062575592,1.0,0.029906080079090458,1.0,-0.13547717842323648,-1.0,0.3333333333333333,1.0,ZS=F,commodity
2025-06-30 00:00:00+00:00,1024.25,-0.003405497445876926,0.16195530720991366,2025-06,-0.01679865610751141,-1.0,0.009361911800936262,1.0,-0.10973489787049107,-1.0,-0.3333333333333333,1.0,ZS=F,commodity
2025-07-31 00:00:00+00:00,961.75,-0.006199948333763916,0.16379702058004264,2025-07,-0.061020258725897,-1.0,-0.07054844165257312,-1.0,-0.06490034030140979,-1.0,-1.0,1.0,ZS=F,commodity
2025-08-29 00:00:00+00:00,1036.75,0.008266472161439387,0.16576393505993303,2025-08,0.0779828437743697,1.0,-0.004799616030717546,-1.0,0.05575356415478616,1.0,0.3333333333333333,1.0,ZS=F,commodity
2025-09-30 00:00:00+00:00,1001.75,-0.008659079663532854,0.15530073262549937,2025-09,-0.033759344104171696,-1.0,-0.021967293141322952,-1.0,-0.05227057710501415,-1.0,-1.0,1.0,ZS=F,commodity
2025-10-31 00:00:00+00:00,1099.75,0.007789232531500545,0.15222416915191225,2025-10,0.09782879960069879,1.0,0.14348843254484023,1.0,0.11933842239185743,1.0,1.0,1.0,ZS=F,commodity
2025-11-28 00:00:00+00:00,1137.75,0.005523641184268735,0.17561140937164105,2025-11,0.03455330756990227,1.0,0.09741982155775264,1.0,0.149823143001516,1.0,1.0,1.0,ZS=F,commodity
2025-12-31 00:00:00+00:00,1030.5,-0.01505376344086018,0.1592671940790356,2025-12,-0.09426499670402111,-1.0,0.028699775393062232,1.0,0.0323065364387678,1.0,0.3333333333333333,1.0,ZS=F,commodity
2026-01-30 00:00:00+00:00,1064.25,-0.007460946607600882,0.1562140226026004,2026-01,0.03275109170305668,1.0,-0.03228006365082969,-1.0,0.02135316698656431,1.0,0.3333333333333333,1.0,ZS=F,commodity
2026-02-27 00:00:00+00:00,1157.25,0.008277063820518515,0.15099377352234877,2026-02,0.0873854827343199,1.0,0.01713909030982208,1.0,0.1440929312901631,1.0,1.0,1.0,ZS=F,commodity
2026-03-31 00:00:00+00:00,1171.0,0.009700366458288423,0.16699051925332634,2026-03,0.011881615899762332,1.0,0.13634158175642885,1.0,0.1539788125153978,1.0,1.0,1.0,ZS=F,commodity
2026-04-30 00:00:00+00:00,1182.0,-0.00021146119687032172,0.15098151084091577,2026-04,0.009393680614859123,1.0,0.11064129668780831,1.0,0.14230490456632028,1.0,1.0,1.0,ZS=F,commodity
2026-05-29 00:00:00+00:00,1186.75,-0.0064880703223105796,0.16703241827079843,2026-05,0.004018612521150544,1.0,0.025491466839490107,1.0,0.13918886489080884,1.0,1.0,1.0,ZS=F,commodity
2026-06-30 00:00:00+00:00,1116.75,0.0072153325817361225,0.16138298245004504,2026-06,-0.05898462186644193,-1.0,-0.046327924850555036,-1.0,0.09030998291432746,1.0,-0.3333333333333333,1.0,ZS=F,commodity
2026-07-31 00:00:00+00:00,1172.0,-0.004459545551072419,0.18993507536091025,2026-07,0.04947391985672711,1.0,-0.008460236886632777,-1.0,0.2186119053808162,1.0,0.3333333333333333,1.0,ZS=F,commodity
