variant,signal_ts,entry_ts,exit_ts,direction,entry_price,exit_price,entry_atr,allocation,entry_bar,exit_bar,hold_bars,exit_reason,raw_price_return,trade_return,entry_equity,exit_equity
keltner_only_atr_k1,2025-06-16 02:15:00+00:00,2025-06-16 02:30:00+00:00,2025-06-16 05:45:00+00:00,1,41.9927904,43.618056433839996,0.4106800595238095,1.430953333067611,1600,1613,13,take_profit,0.03870345405386533,0.052265810149521474,1.0,1.0522658101495215
keltner_only_atr_k1,2025-06-16 09:45:00+00:00,2025-06-16 10:00:00+00:00,2025-06-17 15:15:00+00:00,1,44.5067956,39.47523133176,0.4179806547619047,1.490131164933442,1630,1747,117,stop_loss,-0.1130515958385464,-0.16972514615150303,1.0522658101495215,0.8736698417316642
keltner_only_atr_k1,2025-06-17 20:45:00+00:00,2025-06-17 21:00:00+00:00,2025-06-18 13:00:00+00:00,-1,39.8810412,38.16552749743238,0.43269345238095236,1.1064738728204424,1770,1834,64,take_profit,0.04301577017421554,0.04532228221315848,0.8736698417316642,0.9132665528597521
keltner_only_atr_k1,2025-06-18 17:00:00+00:00,2025-06-18 17:15:00+00:00,2025-06-19 13:15:00+00:00,-1,38.5335804,36.81204337739809,0.434063988095238,1.0657138410166926,1851,1931,80,take_profit,0.04467627987670486,0.042389020313215564,0.9132665528597521,0.9519790273203046
keltner_only_atr_k1,2025-06-19 17:15:00+00:00,2025-06-19 17:30:00+00:00,2025-06-20 16:15:00+00:00,-1,36.3114696,34.58407746164953,0.4353050595238093,1.001394287667721,1948,2039,91,take_profit,0.04757152925450514,0.04360050067532062,0.9519790273203046,0.9934857895438747
keltner_only_atr_k1,2025-06-20 20:15:00+00:00,2025-06-20 20:30:00+00:00,2025-06-20 22:15:00+00:00,-1,34.699114800000004,33.089672757824765,0.40566815476190465,1.0268392899720848,2056,2063,7,take_profit,0.046382798277471826,0.04722453108977853,0.9934857895438747,1.0404026900994425
keltner_only_atr_k1,2025-06-21 13:45:00+00:00,2025-06-21 14:00:00+00:00,2025-06-21 17:45:00+00:00,-1,34.0493748,32.4657368546819,0.39915476190476196,1.0240539234692356,2126,2141,15,take_profit,0.04651004474003151,0.046724908012517385,1.0404026900994425,1.0890154100903147
keltner_only_atr_k1,2025-06-21 21:45:00+00:00,2025-06-21 22:00:00+00:00,2025-06-23 18:00:00+00:00,-1,32.067168,36.94826282434286,0.40552678571428574,0.9492837799158941,2158,2334,176,stop_loss,-0.15221471457482183,-0.14271717547943852,1.0890154100903147,0.9335942067086426
keltner_only_atr_k1,2025-06-23 22:00:00+00:00,2025-06-23 22:15:00+00:00,2025-06-25 22:15:00+00:00,1,38.2883092,37.0941564,0.4529494047619047,1.1829621462504356,2351,2543,192,timeout_next_open,-0.031188444330678244,-0.040404426295595486,0.9335942067086426,0.8958728683936883
keltner_only_atr_k1,2025-06-26 16:45:00+00:00,2025-06-26 17:00:00+00:00,2025-06-28 17:00:00+00:00,-1,36.395436,36.984787999999995,0.4214122023809522,1.0367995932045386,2618,2810,192,timeout_next_open,-0.016193019366494088,-0.02194638208894384,0.8958728683936883,0.8762117001208023
keltner_only_atr_k1,2025-06-28 21:00:00+00:00,2025-06-28 21:15:00+00:00,2025-06-29 14:00:00+00:00,1,37.6090376,39.12363783496,0.3825639880952378,1.3757593928808995,2827,2894,67,take_profit,0.04027224123810069,0.05236354687036271,0.8762117001208023,0.9220932525484382
keltner_only_atr_k1,2025-06-29 21:30:00+00:00,2025-06-29 21:45:00+00:00,2025-06-30 01:30:00+00:00,1,38.7234832,40.04209090671999,0.3336577380952378,1.6241553488123182,2925,2940,15,take_profit,0.034051887840502726,0.0521379179721313,0.9220932525484382,0.9701692749124644
keltner_only_atr_k1,2025-06-30 05:30:00+00:00,2025-06-30 05:45:00+00:00,2025-07-01 23:00:00+00:00,1,40.881346,36.91917956160001,0.3289494047619045,1.739203633501318,2957,3122,165,stop_loss,-0.09691868849915042,-0.16822623154163874,0.9701692749124644,0.8069613538364564
keltner_only_atr_k1,2025-07-02 03:00:00+00:00,2025-07-02 03:15:00+00:00,2025-07-03 07:45:00+00:00,-1,37.3720452,40.771758096651425,0.2819508928571426,1.5912132621878825,3139,3253,114,stop_loss,-0.09096940984785662,-0.1355138240199878,0.8069613538364564,0.6976069349417318
keltner_only_atr_k1,2025-07-03 12:00:00+00:00,2025-07-03 12:15:00+00:00,2025-07-05 12:15:00+00:00,1,40.706275999999995,39.1133484,0.27097767857142835,2.1022395756108025,3271,3463,192,timeout_next_open,-0.03913223602178684,-0.08898410098262621,0.6976069349417318,0.6355310089966963
keltner_only_atr_k1,2025-07-05 18:15:00+00:00,2025-07-05 18:30:00+00:00,2025-07-07 18:30:00+00:00,-1,38.526583200000005,38.71548,0.26191815476190455,1.7658340653034805,3488,3680,192,timeout_next_open,-0.004903024984577176,-0.014838316085439618,0.6355310089966963,0.626100799003105
keltner_only_atr_k1,2025-07-07 22:30:00+00:00,2025-07-07 22:45:00+00:00,2025-07-08 02:30:00+00:00,-1,38.4636084,37.52406440526476,0.2386369047619046,1.9349396123818328,3697,3712,15,take_profit,0.02442682925024886,0.044026502710243554,0.626100799003105,0.6536658275273008
keltner_only_atr_k1,2025-07-08 06:30:00+00:00,2025-07-08 06:45:00+00:00,2025-07-09 19:15:00+00:00,-1,37.602952800000004,40.46900893112,0.2374895833333332,1.9007823150138177,3729,3875,146,stop_loss,-0.07621891148718496,-0.13851339136547602,0.6536658275273008,0.5631243569367741
keltner_only_atr_k1,2025-07-09 23:15:00+00:00,2025-07-09 23:30:00+00:00,2025-07-10 04:30:00+00:00,1,40.901354,41.7626125084,0.2194925595238093,2.607787713815011,3892,3912,20,take_profit,0.0210569681482915,0.04917869069755065,0.5631243569367741,0.5908180755108249
keltner_only_atr_k1,2025-07-10 08:30:00+00:00,2025-07-10 08:45:00+00:00,2025-07-10 17:00:00+00:00,1,41.94177,42.798126042,0.2183705357142856,2.6878626188285812,3929,3962,33,take_profit,0.020417737305793215,0.04880907201860252,0.5908180755108249,0.6196553575083249
keltner_only_atr_k1,2025-07-10 21:00:00+00:00,2025-07-10 21:15:00+00:00,2025-07-10 22:15:00+00:00,1,43.2202812,44.058495987520004,0.21396130952380932,2.82687557552406,3979,3983,4,take_profit,0.01939401513010064,0.049501780304324505,0.6196553575083249,0.6503294008800996
keltner_only_atr_k1,2025-07-11 02:15:00+00:00,2025-07-11 02:30:00+00:00,2025-07-11 04:45:00+00:00,1,44.014598799999995,44.870786160479994,0.21853571428571414,2.818569047229942,4000,4009,9,take_profit,0.019452349534536673,0.04924832360069997,0.6503294008800996,0.6823570336616921
keltner_only_atr_k1,2025-07-11 08:45:00+00:00,2025-07-11 09:00:00+00:00,2025-07-11 19:15:00+00:00,1,45.8613372,46.735843715120005,0.2233020833333332,2.874142463964176,4026,4067,41,take_profit,0.019068491424624412,0.04638972575110056,0.6823570336616921,0.7140113893175924
keltner_only_atr_k1,2025-07-11 23:15:00+00:00,2025-07-11 23:30:00+00:00,2025-07-12 07:15:00+00:00,1,46.168459999999996,47.091883566,0.23556696428571422,2.742744518354275,4084,4115,31,take_profit,0.020001177557146255,0.0486112620618846,0.7140113893175924,0.7487203840788803
keltner_only_atr_k1,2025-07-12 11:15:00+00:00,2025-07-12 11:30:00+00:00,2025-07-13 13:30:00+00:00,1,47.2979116,48.24599238536,0.2418467261904762,2.7368821998387904,4132,4236,104,take_profit,0.0200448762596106,0.04424562398424259,0.7487203840788803,0.7818479846621721
keltner_only_atr_k1,2025-07-13 17:30:00+00:00,2025-07-13 17:45:00+00:00,2025-07-14 00:45:00+00:00,1,48.4633776,49.50107519896,0.2643764880952381,2.565341588756114,4253,4281,28,take_profit,0.021411995002180717,0.04879409946674684,0.7818479846621721,0.8199975529936536
keltner_only_atr_k1,2025-07-14 04:45:00+00:00,2025-07-14 05:00:00+00:00,2025-07-14 20:15:00+00:00,1,49.8459304,46.54905332784,0.2731875000000001,2.553425760695492,4298,4359,61,stop_loss,-0.06614134886646639,-0.1676023450562002,0.8199975529936536,0.6825640401715715
keltner_only_atr_k1,2025-07-15 11:15:00+00:00,2025-07-15 11:30:00+00:00,2025-07-17 11:30:00+00:00,-1,46.714306799999996,46.7106768,0.2980431547619048,1.8815932895623735,4420,4612,192,timeout_next_open,7.770638694337695e-05,-0.012764729448999534,0.6825640401715715,0.6738512948671653
keltner_only_atr_k1,2025-07-17 19:45:00+00:00,2025-07-17 20:00:00+00:00,2025-07-17 20:30:00+00:00,-1,45.811668,44.49227326958095,0.334296130952381,1.6451282233904745,4646,4648,2,take_profit,0.028800408018739843,0.04497315174745231,0.6738512948671653,0.7041565114064436
keltner_only_atr_k1,2025-07-18 14:15:00+00:00,2025-07-18 14:30:00+00:00,2025-07-18 19:00:00+00:00,-1,45.151932,43.801100196609525,0.34208630952380953,1.5845124020149468,4720,4738,18,take_profit,0.029917475145703087,0.044848013803052256,0.7041565114064436,0.735736532349509
keltner_only_atr_k1,2025-07-18 23:00:00+00:00,2025-07-18 23:15:00+00:00,2025-07-20 23:15:00+00:00,-1,43.8784416,46.065418799999996,0.34475148809523803,1.5279179878535696,4755,4947,192,timeout_next_open,-0.04984172455204039,-0.07848530306284274,0.735736532349509,0.6779920276336527
keltner_only_atr_k1,2025-07-21 03:45:00+00:00,2025-07-21 04:00:00+00:00,2025-07-23 04:00:00+00:00,1,46.6556548,45.13194,0.3347931547619048,1.950213111329401,4966,5158,192,timeout_next_open,-0.032658737864289966,-0.07457408864826298,0.6779920276336527,0.6274313900620851
keltner_only_atr_k1,2025-07-23 09:45:00+00:00,2025-07-23 10:00:00+00:00,2025-07-23 17:15:00+00:00,-1,43.7854788,42.41322302009142,0.34730357142857154,1.5134770939379911,5182,5211,29,take_profit,0.031340431063382135,0.04493145665243481,0.6274313900620851,0.6556227963670366
keltner_only_atr_k1,2025-07-24 05:00:00+00:00,2025-07-24 05:15:00+00:00,2025-07-24 07:00:00+00:00,-1,42.8498532,41.48095680556571,0.34637053571428594,1.4851263227087002,5259,5266,7,take_profit,0.031946349688644626,0.044869332526325634,0.6556227963670366,0.6850401536290686
keltner_only_atr_k1,2025-07-24 16:30:00+00:00,2025-07-24 16:45:00+00:00,2025-07-26 16:45:00+00:00,-1,41.9652072,43.7795048,0.3475580357142859,1.4494960502485446,5305,5497,192,timeout_next_open,-0.04323337643379954,-0.06753615740137264,0.6850401536290686,0.6387751739873153
keltner_only_atr_k1,2025-07-26 23:45:00+00:00,2025-07-27 00:00:00+00:00,2025-07-29 00:00:00+00:00,-1,43.347654000000006,43.7584964,0.3205059523809527,1.6236203918655383,5526,5718,192,timeout_next_open,-0.009477846252071487,-0.027920915081081632,0.6387751739873153,0.6209399865985124
keltner_only_atr_k1,2025-07-29 09:15:00+00:00,2025-07-29 09:30:00+00:00,2025-07-30 19:00:00+00:00,1,45.0390084,41.36313509664,0.3049434523809526,2.06692091625106,5756,5890,134,stop_loss,-0.08161532489156664,-0.16909045089127428,0.6209399865985124,0.5159449642881481
keltner_only_atr_k1,2025-07-31 08:15:00+00:00,2025-07-31 08:30:00+00:00,2025-08-01 05:45:00+00:00,1,43.6784644,40.06441436424001,0.29983482142857143,2.038635796495094,5944,6029,85,stop_loss,-0.08274214960176107,-0.16766382656176537,0.5159449642881481,0.4294396572803238
keltner_only_atr_k1,2025-08-01 09:45:00+00:00,2025-08-01 10:00:00+00:00,2025-08-01 13:45:00+00:00,-1,39.4672068,38.25759895891048,0.30622619047619043,1.5472092679702991,6046,6061,15,take_profit,0.03064842787631783,0.044013227565863344,0.4294396572803238,0.44834068264200905
keltner_only_atr_k1,2025-08-01 17:45:00+00:00,2025-08-01 18:00:00+00:00,2025-08-01 20:15:00+00:00,-1,38.3036724,37.069797961817144,0.3121741071428571,1.4729857136728306,6078,6087,9,take_profit,0.032212954029516516,0.04496077039253832,0.44834068264200905,0.46849842513191026
keltner_only_atr_k1,2025-08-02 00:15:00+00:00,2025-08-02 00:30:00+00:00,2025-08-02 18:00:00+00:00,-1,37.743896400000004,36.47362882760762,0.3212127976190475,1.410616274814112,6104,6174,70,take_profit,0.03365491360325967,0.04243095323005974,0.46849842513191026,0.488377259897039
keltner_only_atr_k1,2025-08-03 00:15:00+00:00,2025-08-03 00:30:00+00:00,2025-08-05 00:30:00+00:00,-1,36.6173472,38.5394096,0.33868452380952363,1.2979158157436868,6200,6392,192,timeout_next_open,-0.05249048735021411,-0.07388045542602883,0.488377259897039,0.45229572551612973
keltner_only_atr_k1,2025-08-05 06:00:00+00:00,2025-08-05 06:15:00+00:00,2025-08-07 06:15:00+00:00,1,39.1496536,38.1657276,0.3319880952380951,1.6502880912253028,6415,6607,192,timeout_next_open,-0.025132431823100543,-0.04753983733554157,0.45229572551612973,0.4307936602975322
keltner_only_atr_k1,2025-08-07 10:15:00+00:00,2025-08-07 10:30:00+00:00,2025-08-07 20:15:00+00:00,1,38.6964724,39.94114431104,0.3151636904761904,1.7182626564049295,6624,6663,39,take_profit,0.0321649968031712,0.051389213847404136,0.4307936602975322,0.452931807830668
keltner_only_atr_k1,2025-08-08 00:15:00+00:00,2025-08-08 00:30:00+00:00,2025-08-09 05:30:00+00:00,1,40.736287999999995,41.9406895348,0.30529613095238084,1.867301751324583,6680,6796,116,take_profit,0.029565814509167065,0.049943695517114195,0.452931807830668,0.475552896130979
keltner_only_atr_k1,2025-08-09 09:30:00+00:00,2025-08-09 09:45:00+00:00,2025-08-09 20:45:00+00:00,1,43.05521519999999,44.16586321391999,0.28208035714285706,2.1360296268160672,6813,6857,44,take_profit,0.02579589972459373,0.050351340332879246,0.475552896130979,0.4994976218503563
keltner_only_atr_k1,2025-08-10 00:45:00+00:00,2025-08-10 01:00:00+00:00,2025-08-10 17:30:00+00:00,1,44.027604,45.1145569084,0.2762514880952381,2.230359026292683,6874,6940,66,take_profit,0.024687986845707055,0.049056115731514804,0.4994976218503563,0.5240010349954638
keltner_only_atr_k1,2025-08-10 21:45:00+00:00,2025-08-10 22:00:00+00:00,2025-08-11 02:00:00+00:00,1,45.079024399999994,46.17130444024,0.2776889880952382,2.271800564823398,6958,6974,16,take_profit,0.024230338938746154,0.05069004263916499,0.5240010349954638,0.5505626698023505
keltner_only_atr_k1,2025-08-11 06:00:00+00:00,2025-08-11 06:15:00+00:00,2025-08-11 21:45:00+00:00,1,46.5646184,43.20088470264,0.2788705357142857,2.3367258872684777,6991,7053,62,stop_loss,-0.07223797408720944,-0.1670448723930663,0.5505626698023505,0.4585939988808309
keltner_only_atr_k1,2025-08-12 02:00:00+00:00,2025-08-12 02:15:00+00:00,2025-08-12 10:00:00+00:00,-1,43.4835996,42.37651962079237,0.28100595238095244,1.85765459975852,7071,7102,31,take_profit,0.025459713303211173,0.04362343167478944,0.4585939988808309,0.4785994428574773
keltner_only_atr_k1,2025-08-12 15:45:00+00:00,2025-08-12 16:00:00+00:00,2025-08-12 21:15:00+00:00,1,44.477784,45.5684302864,0.27722023809523816,2.245290619028192,7126,7147,21,take_profit,0.024521147150676326,0.05027602346077087,0.4785994428574773,0.5026615196748917
keltner_only_atr_k1,2025-08-13 06:15:00+00:00,2025-08-13 06:30:00+00:00,2025-08-13 12:15:00+00:00,-1,43.2536916,46.658561848068565,0.28218452380952375,1.840115088489042,7184,7207,23,stop_loss,-0.07871860463509117,-0.13497669655688294,0.5026615196748917,0.4348139282629122
keltner_only_atr_k1,2025-08-13 16:15:00+00:00,2025-08-13 16:30:00+00:00,2025-08-13 17:00:00+00:00,1,46.0704208,47.22286933168,0.29283630952380946,2.2016668665453847,7224,7226,2,take_profit,0.025014933913518833,0.05062574048130064,0.4348139282629122,0.4568267053528053
keltner_only_atr_k1,2025-08-13 21:00:00+00:00,2025-08-13 21:15:00+00:00,2025-08-14 03:15:00+00:00,1,47.1818652,48.36766515392,0.3012886904761905,2.191526004366165,7243,7267,24,take_profit,0.025132536598404753,0.050005673554732954,0.4568267053528053,0.4796706324517619
keltner_only_atr_k1,2025-08-14 12:30:00+00:00,2025-08-14 12:45:00+00:00,2025-08-14 13:00:00+00:00,-1,45.471804000000006,44.18968709302858,0.32494642857142864,1.67990767708963,7305,7306,1,take_profit,0.028195866321279572,0.04469251005913577,0.4796706324517619,0.5011083170176843
keltner_only_atr_k1,2025-08-14 17:00:00+00:00,2025-08-14 17:15:00+00:00,2025-08-15 03:00:00+00:00,-1,44.7930756,48.85523488024,0.3368854166666667,1.5961866361584365,7323,7362,39,stop_loss,-0.0906872150623208,-0.13665083893082963,0.5011083170176843,0.43263144510200163
keltner_only_atr_k1,2025-08-15 07:00:00+00:00,2025-08-15 07:15:00+00:00,2025-08-17 07:15:00+00:00,1,48.4633776,47.051172,0.3546026785714287,1.9126082260074777,7379,7571,192,timeout_next_open,-0.029139644612801385,-0.06360134249091032,0.43263144510200163,0.40511550438973176
keltner_only_atr_k1,2025-08-17 11:45:00+00:00,2025-08-17 12:00:00+00:00,2025-08-18 06:15:00+00:00,1,47.6430496,43.133985530160004,0.3743169642857143,1.7812070080026714,7590,7663,73,stop_loss,-0.09464264163812042,-0.16616933674488488,0.40511550438973176,0.33779772972022054
keltner_only_atr_k1,2025-08-18 10:15:00+00:00,2025-08-18 10:30:00+00:00,2025-08-19 23:00:00+00:00,-1,43.0717644,41.58965551528381,0.3746845238095239,1.3800089599186616,7680,7826,146,take_profit,0.034410219905367745,0.0397981766418265,0.33779772972022054,0.3512414634368338
keltner_only_atr_k1,2025-08-20 03:00:00+00:00,2025-08-20 03:15:00+00:00,2025-08-22 03:15:00+00:00,-1,41.6423364,41.4575764,0.37548809523809523,1.3313551250752989,7843,8035,192,timeout_next_open,0.004436830782626244,-0.004523488008866927,0.3512414634368338,0.3496526268887604
keltner_only_atr_k1,2025-08-22 14:00:00+00:00,2025-08-22 14:15:00+00:00,2025-08-22 23:00:00+00:00,1,43.812518,45.066192642800004,0.31792708333333336,1.9285239671046164,8079,8114,35,take_profit,0.028614530732974597,0.05054067849901389,0.3496526268887604,0.36732430789068093
keltner_only_atr_k1,2025-08-23 05:45:00+00:00,2025-08-23 06:00:00+00:00,2025-08-24 18:15:00+00:00,1,44.6048348,45.82223071608,0.30893303571428565,2.0205608589471256,8142,8287,145,take_profit,0.027292913908068206,0.0471139826909428,0.36732430789068093,0.38463041897460504
keltner_only_atr_k1,2025-08-24 22:30:00+00:00,2025-08-24 22:45:00+00:00,2025-08-25 02:15:00+00:00,1,45.970380799999994,47.218634597679994,0.31678720238095237,2.0307891075295585,8305,8319,14,take_profit,0.02715343610292642,0.05025660626401596,0.38463041897460504,0.40396063849817526
keltner_only_atr_k1,2025-08-25 07:30:00+00:00,2025-08-25 07:45:00+00:00,2025-08-25 21:00:00+00:00,-1,44.412228,43.148784184057135,0.3201741071428572,1.6652189796288288,8341,8394,53,take_profit,0.02844810703806311,0.04107101618876885,0.40396063849817526,0.42055171242155925
keltner_only_atr_k1,2025-08-26 01:00:00+00:00,2025-08-26 01:15:00+00:00,2025-08-26 15:00:00+00:00,-1,42.8548512,46.917592876194284,0.33699851190476204,1.5266061475826067,8411,8466,55,stop_loss,-0.0948023750504654,-0.1360870449006435,0.42055171242155925,0.363320072650204
keltner_only_atr_k1,2025-08-26 19:00:00+00:00,2025-08-26 19:15:00+00:00,2025-08-26 21:30:00+00:00,1,48.1562548,49.51917134808,0.3456830357142859,1.9495258094094239,8483,8492,9,take_profit,0.02830196313522282,0.0514595188816267,0.363320072650204,0.3820163487888211
keltner_only_atr_k1,2025-08-27 01:30:00+00:00,2025-08-27 01:45:00+00:00,2025-08-27 02:45:00+00:00,1,48.68146479999999,50.05582731407999,0.3485982142857144,1.9543071997541166,8509,8513,4,take_profit,0.028231741171436564,0.05138891792336109,0.3820163487888211,0.4016477555821119
keltner_only_atr_k1,2025-08-27 06:45:00+00:00,2025-08-27 07:00:00+00:00,2025-08-28 19:30:00+00:00,1,50.332124799999995,46.04953690008,0.35534672619047636,1.9821992101946029,8530,8676,146,stop_loss,-0.08508657079225868,-0.16988799222419815,0.4016477555821119,0.33341262480491146
keltner_only_atr_k1,2025-08-28 23:30:00+00:00,2025-08-28 23:45:00+00:00,2025-08-29 08:30:00+00:00,-1,45.6627276,44.18065470056381,0.37493452380952386,1.4620472780961753,8693,8728,35,take_profit,0.0324569507196103,0.0451408484130309,0.33341262480491146,0.34846315356022073
keltner_only_atr_k1,2025-08-29 13:45:00+00:00,2025-08-29 14:00:00+00:00,2025-08-31 14:00:00+00:00,-1,44.5031916,44.3097168,0.38095833333333345,1.4023895876626924,8750,8942,192,timeout_next_open,0.004347436510598546,-0.0007726912358021476,0.34846315356022073,0.3481938991354648
keltner_only_atr_k1,2025-08-31 18:00:00+00:00,2025-08-31 18:15:00+00:00,2025-09-02 18:15:00+00:00,1,45.2110772,43.825462800000004,0.3715803571428573,1.7027326332988915,8959,9151,192,timeout_next_open,-0.03064767499058829,-0.05752519534599254,0.3481938991354648,0.32816397706941436
keltner_only_atr_k1,2025-09-03 00:00:00+00:00,2025-09-03 00:15:00+00:00,2025-09-03 16:30:00+00:00,1,45.028003999999996,46.2497466984,0.3100625,2.032299939528321,9175,9240,65,take_profit,0.027132952604339344,0.050183961251844655,0.32816397706941436,0.3446325453789171
keltner_only_atr_k1,2025-09-03 20:30:00+00:00,2025-09-03 20:45:00+00:00,2025-09-05 11:30:00+00:00,1,46.035406800000004,47.14702853728,0.28262202380952395,2.2795038805404313,9257,9412,155,take_profit,0.024147103600266062,0.04709460498632656,0.3446325453789171,0.36086287896896946
keltner_only_atr_k1,2025-09-05 15:30:00+00:00,2025-09-05 15:45:00+00:00,2025-09-07 15:45:00+00:00,1,46.96878,47.6469336,0.2506592261904763,2.6222852834489996,9429,9621,192,timeout_next_open,0.01443839077787401,0.027653600129009526,0.36086287896896946,0.3708420367253805
keltner_only_atr_k1,2025-09-08 02:00:00+00:00,2025-09-08 02:15:00+00:00,2025-09-08 03:00:00+00:00,1,47.630044399999996,48.55719113224,0.2366443452380953,2.81669101084735,9663,9666,3,take_profit,0.019465586142514812,0.049570048290861646,0.3708420367253805,0.38922469439413915
keltner_only_atr_k1,2025-09-08 07:00:00+00:00,2025-09-08 07:15:00+00:00,2025-09-08 08:30:00+00:00,1,49.8609364,50.791885325440006,0.23781845238095234,2.9340616466642477,9683,9688,5,take_profit,0.018670907380712753,0.048476129305167204,0.38922469439413915,0.40809280100835366
keltner_only_atr_k1,2025-09-08 12:30:00+00:00,2025-09-08 12:45:00+00:00,2025-09-08 13:15:00+00:00,1,50.910356,51.8485071076,0.23972470238095234,2.9719924268288906,9705,9707,2,take_profit,0.018427510261370017,0.04888395877350682,0.40809280100835366,0.4280419926686109
keltner_only_atr_k1,2025-09-08 17:15:00+00:00,2025-09-08 17:30:00+00:00,2025-09-09 04:15:00+00:00,1,50.9223608,51.88085015568,0.24481249999999996,2.9109134541741133,9724,9767,43,take_profit,0.018822563224130784,0.04696911955558125,0.4280419926686109,0.4481467481970722
keltner_only_atr_k1,2025-09-09 08:15:00+00:00,2025-09-09 08:30:00+00:00,2025-09-10 22:45:00+00:00,1,54.836926,55.8332980296,0.2546785714285714,3.0,9784,9937,153,take_profit,0.018169727996788287,0.032100386414369186,0.4481467481970722,0.4625324319845412
keltner_only_atr_k1,2025-09-11 03:30:00+00:00,2025-09-11 03:45:00+00:00,2025-09-11 23:45:00+00:00,1,55.8963496,57.068167960160004,0.29866369047619035,2.619119849328857,9957,10037,80,take_profit,0.02096413036889988,0.0468313181158051,0.4625324319845412,0.48419343544568627
keltner_only_atr_k1,2025-09-12 03:45:00+00:00,2025-09-12 04:00:00+00:00,2025-09-14 04:00:00+00:00,1,56.607634,54.0053892,0.3184821428571427,2.487392206335858,10054,10246,192,timeout_next_open,-0.04596985629182093,-0.12029723039307927,0.48419343544568627,0.42594630618706
keltner_only_atr_k1,2025-09-14 11:15:00+00:00,2025-09-14 11:30:00+00:00,2025-09-15 08:45:00+00:00,-1,54.0303792,52.6551947612038,0.3490595238095237,1.8582045632822897,10276,10361,85,take_profit,0.025452059733021448,0.04308617054871555,0.42594630618706,0.4442987013800311
keltner_only_atr_k1,2025-09-15 12:45:00+00:00,2025-09-15 13:00:00+00:00,2025-09-17 13:00:00+00:00,-1,53.039775600000006,55.1500512,0.35615624999999995,1.7877883653593052,10378,10570,192,timeout_next_open,-0.039786661540853085,-0.07536778070434724,0.4442987013800311,0.41081289428719464
keltner_only_atr_k1,2025-09-17 17:15:00+00:00,2025-09-17 17:30:00+00:00,2025-09-17 21:45:00+00:00,1,55.4401672,56.68528758312,0.3169508928571429,2.4478618533177454,10588,10605,17,take_profit,0.022458813636478503,0.0493169368346833,0.41081289428719464,0.43107292784562967
keltner_only_atr_k1,2025-09-18 01:45:00+00:00,2025-09-18 02:00:00+00:00,2025-09-20 02:00:00+00:00,1,58.8675376,55.851650400000004,0.3228809523809525,2.551454317528205,10622,10814,192,timeout_next_open,-0.05123175391661017,-0.13974465776882894,0.43107292784562967,0.37083278907043504
keltner_only_atr_k1,2025-09-20 10:45:00+00:00,2025-09-20 11:00:00+00:00,2025-09-20 18:30:00+00:00,-1,55.59575280000001,54.37354113921524,0.3109880952380953,2.1461143054013703,10850,10880,30,take_profit,0.02198390343200396,0.043456998968348426,0.37083278907043504,0.38694806920249875
keltner_only_atr_k1,2025-09-20 22:30:00+00:00,2025-09-20 22:45:00+00:00,2025-09-21 09:45:00+00:00,-1,54.18131880000001,52.97801343704381,0.30612202380952386,2.124760551056321,10897,10941,44,take_profit,0.022208860721865453,0.04526721413035584,0.38694806920249875,0.404464130308416
keltner_only_atr_k1,2025-09-21 13:45:00+00:00,2025-09-21 14:00:00+00:00,2025-09-21 16:30:00+00:00,-1,52.812866400000004,51.63614355132191,0.29934226190476193,2.118003638930592,10958,10968,10,take_profit,0.022280988116905043,0.04379873913874133,0.404464130308416,0.42217914924277217
keltner_only_atr_k1,2025-09-21 20:30:00+00:00,2025-09-21 20:45:00+00:00,2025-09-21 23:45:00+00:00,-1,52.0851576,50.89947948923048,0.30150744047619044,2.0738194686421902,10985,10997,12,take_profit,0.0227642223889426,0.04419058740473414,0.42217914924277217,0.4408354938378412
keltner_only_atr_k1,2025-09-22 03:45:00+00:00,2025-09-22 04:00:00+00:00,2025-09-22 06:00:00+00:00,-1,49.760088,48.544099066152384,0.30884970238095233,1.9341446515728973,11014,11022,8,take_profit,0.024437033428229005,0.04355612313528856,0.4408354938378412,0.46003657888984795
keltner_only_atr_k1,2025-09-22 10:00:00+00:00,2025-09-22 10:15:00+00:00,2025-09-22 17:00:00+00:00,-1,48.994394400000004,47.742549260140954,0.31773363095238083,1.8511354880407658,11039,11066,27,take_profit,0.02555078300669944,0.04277794650453903,0.46003657888984795,0.479715999051729
keltner_only_atr_k1,2025-09-22 21:00:00+00:00,2025-09-22 21:15:00+00:00,2025-09-23 00:30:00+00:00,-1,47.810868,46.546169499580955,0.32082738095238084,1.7889994248501833,11083,11096,13,take_profit,0.026452113365083574,0.04491368075279212,0.479715999051729,0.501261810285145
keltner_only_atr_k1,2025-09-23 04:30:00+00:00,2025-09-23 04:45:00+00:00,2025-09-23 18:45:00+00:00,-1,46.512387600000004,45.23007954075428,0.32509821428571417,1.7175486528796249,11113,11169,56,take_profit,0.027569172975453138,0.041474114003137386,0.501261810285145,0.5220511997503302
keltner_only_atr_k1,2025-09-23 22:45:00+00:00,2025-09-23 23:00:00+00:00,2025-09-24 04:00:00+00:00,-1,45.249892800000005,43.896182347596195,0.34281547619047614,1.5845725695831092,11186,11206,20,take_profit,0.02991632396538646,0.04497500929711418,0.5220511997503302,0.5455304573126709
keltner_only_atr_k1,2025-09-24 08:00:00+00:00,2025-09-24 08:15:00+00:00,2025-09-25 04:30:00+00:00,-1,44.249293200000004,42.85255832204191,0.3534672619047618,1.5028379067907218,11223,11304,81,take_profit,0.03156513419649598,0.0400332865160149,0.5455304573126709,0.5673698344134817
keltner_only_atr_k1,2025-09-25 08:30:00+00:00,2025-09-25 08:45:00+00:00,2025-09-25 12:00:00+00:00,-1,42.7518924,41.294272552198095,0.3685327380952379,1.3926252594345343,11321,11334,13,take_profit,0.03409486144295004,0.04553742880145761,0.5673698344134817,0.5932063978521803
keltner_only_atr_k1,2025-09-25 16:00:00+00:00,2025-09-25 16:15:00+00:00,2025-09-25 22:45:00+00:00,-1,42.0341796,40.536119707554285,0.3785669642857141,1.3329530772768554,11351,11377,26,take_profit,0.03563908958617379,0.041865684611136045,0.5932063978521803,0.6180413898139678
keltner_only_atr_k1,2025-09-26 11:00:00+00:00,2025-09-26 11:15:00+00:00,2025-09-27 17:45:00+00:00,-1,41.03358,45.92865840342857,0.406392857142857,1.2121276034800952,11427,11549,122,stop_loss,-0.11929445111609982,-0.1351342972428754,0.6180413898139678,0.5345228009344473
keltner_only_atr_k1,2025-09-27 21:45:00+00:00,2025-09-27 22:00:00+00:00,2025-09-29 04:00:00+00:00,1,45.83332599999999,47.53557201959999,0.43031696428571414,1.4905524374682289,11566,11686,120,take_profit,0.03713991909729608,0.05064310228819369,0.5345228009344473,0.5615926938175423
keltner_only_atr_k1,2025-09-29 08:00:00+00:00,2025-09-29 08:15:00+00:00,2025-10-01 08:15:00+00:00,1,47.5760228,45.7746828,0.43034374999999997,1.5471306368455453,11703,11895,192,timeout_next_open,-0.03786234943539657,-0.06475758737290926,0.5615926938175423,0.5252253058796653
keltner_only_atr_k1,2025-10-01 12:15:00+00:00,2025-10-01 12:30:00+00:00,2025-10-02 03:15:00+00:00,1,47.398952,49.067495719200004,0.4220446428571429,1.571682074932831,11912,11971,59,take_profit,0.0352021225954533,0.05147271352293337,0.5252253058796653,0.5522600775842044
keltner_only_atr_k1,2025-10-02 07:15:00+00:00,2025-10-02 07:30:00+00:00,2025-10-02 19:00:00+00:00,1,49.057615199999994,50.691699453919995,0.41359226190476195,1.659924672764037,11988,12034,46,take_profit,0.03330949226247748,0.051199541404844284,0.5522600775842044,0.5805355402927194
keltner_only_atr_k1,2025-10-02 23:00:00+00:00,2025-10-02 23:15:00+00:00,2025-10-04 23:15:00+00:00,1,50.538207199999995,48.8394564,0.3945119047619048,1.7927266362895682,12051,12243,192,timeout_next_open,-0.03361319868901069,-0.0674704671625368,0.5805355402927194,0.5413665361847139
keltner_only_atr_k1,2025-10-05 03:15:00+00:00,2025-10-05 03:30:00+00:00,2025-10-05 08:00:00+00:00,1,49.9609764,51.42241110944,0.3705029761904762,1.8870941528970433,12260,12278,18,take_profit,0.02925152418438315,0.05145209974773768,0.5413665361847139,0.569220981204577
keltner_only_atr_k1,2025-10-05 17:45:00+00:00,2025-10-05 18:00:00+00:00,2025-10-07 01:00:00+00:00,-1,48.4806,47.001661004285715,0.3744330357142857,1.5543500292108308,12318,12442,124,take_profit,0.030505789856443366,0.04350250029337954,0.569220981204577,0.5939835171064268
keltner_only_atr_k1,2025-10-07 05:00:00+00:00,2025-10-07 05:15:00+00:00,2025-10-07 15:00:00+00:00,-1,46.146534,44.71774132550476,0.36166815476190495,1.5317356330824832,12459,12498,39,take_profit,0.030962079936387887,0.044462017911327756,0.5939835171064268,0.6203932228830462
keltner_only_atr_k1,2025-10-07 19:00:00+00:00,2025-10-07 19:15:00+00:00,2025-10-09 14:30:00+00:00,-1,44.758089600000005,43.36810252393524,0.35183184523809535,1.5271841002237436,12515,12688,173,take_profit,0.031055549700333085,0.04050699686957082,0.6203932228830462,0.6455234892202727
keltner_only_atr_k1,2025-10-09 18:30:00+00:00,2025-10-09 18:45:00+00:00,2025-10-10 20:45:00+00:00,-1,43.0047912,41.678497599813326,0.3357395833333334,1.537691787409636,12705,12809,104,take_profit,0.030840600853485167,0.038412550587847205,0.6455234892202727,0.6703196929055901
keltner_only_atr_k1,2025-10-11 00:45:00+00:00,2025-10-11 01:00:00+00:00,2025-10-11 01:30:00+00:00,-1,38.6035524,36.97199004476952,0.4115863095238097,1.1259558184434495,12826,12828,2,take_profit,0.04226456514479948,0.04597369157894571,0.6703196929055901,0.7011367637265253
keltner_only_atr_k1,2025-10-11 05:30:00+00:00,2025-10-11 05:45:00+00:00,2025-10-11 19:00:00+00:00,-1,38.90143320000001,37.210424513756195,0.42647172619047646,1.0950409401616943,12845,12898,53,take_profit,0.043469058776061,0.043363062829443244,0.7011367637265253,0.7315402012640312
keltner_only_atr_k1,2025-10-12 15:00:00+00:00,2025-10-12 15:15:00+00:00,2025-10-13 06:45:00+00:00,1,39.6788652,41.536583203919996,0.4685848214285716,1.1850191781865986,12979,13041,62,take_profit,0.04681882898001821,0.052669592400086396,0.7315402012640312,0.7700701254888849
keltner_only_atr_k1,2025-10-13 13:45:00+00:00,2025-10-13 14:00:00+00:00,2025-10-13 23:15:00+00:00,1,41.355535599999996,43.339764185760004,0.5003928571428573,1.1565832560131322,13070,13107,37,take_profit,0.0479797578963046,0.0529686719740341,0.7700701254888849,0.810859717362909
keltner_only_atr_k1,2025-10-14 06:15:00+00:00,2025-10-14 06:30:00+00:00,2025-10-14 10:30:00+00:00,-1,39.794076000000004,37.751295480399996,0.5144687500000001,0.9285695195286399,13136,13152,16,take_profit,0.05133378444570513,0.04712176238614685,0.810859717362909,0.8490688562929821
keltner_only_atr_k1,2025-10-15 08:15:00+00:00,2025-10-15 08:30:00+00:00,2025-10-17 07:30:00+00:00,1,40.7502936,34.319828032560004,0.5347276785714287,1.0664792993763512,13240,13428,188,stop_loss,-0.15780169906407726,-0.16899592370463867,0.8490688562929821,0.7055796806349085
keltner_only_atr_k1,2025-10-17 12:45:00+00:00,2025-10-17 13:00:00+00:00,2025-10-19 13:00:00+00:00,-1,35.1049524,37.3469328,0.5750520833333335,0.7328518793587536,13450,13642,192,timeout_next_open,-0.06386507449017342,-0.049798718327657365,0.7055796806349085,0.6704427168612522
keltner_only_atr_k1,2025-10-19 17:00:00+00:00,2025-10-19 17:15:00+00:00,2025-10-21 17:15:00+00:00,1,38.2733032,37.220106,0.42706845238095265,1.2541596013798382,13659,13851,192,timeout_next_open,-0.027517802539708702,-0.038588384611744186,0.6704427168612522,0.6445714154428676
keltner_only_atr_k1,2025-10-21 21:15:00+00:00,2025-10-21 21:30:00+00:00,2025-10-23 12:45:00+00:00,-1,35.8096704,40.28463495387428,0.3715714285714287,1.1569457900807376,13868,14025,157,stop_loss,-0.12496525390734337,-0.1364625260849558,0.6445714154428676,0.5566115718493784
keltner_only_atr_k1,2025-10-23 16:45:00+00:00,2025-10-23 17:00:00+00:00,2025-10-25 12:00:00+00:00,1,39.7779048,41.24318068808,0.37044494047619053,1.5027010472445055,14042,14214,172,take_profit,0.03683642704278389,0.05074938873593604,0.5566115718493784,0.5848592688840829
keltner_only_atr_k1,2025-10-25 16:00:00+00:00,2025-10-25 16:15:00+00:00,2025-10-25 18:00:00+00:00,1,40.9453716,42.26537535136001,0.3342291666666667,1.7144105217228696,14231,14238,7,take_profit,0.03223816758229159,0.052138964561583956,0.5848592688840829,0.615353225577944
keltner_only_atr_k1,2025-10-25 22:00:00+00:00,2025-10-25 22:15:00+00:00,2025-10-26 08:00:00+00:00,1,44.051613599999996,45.37758625455999,0.33603273809523815,1.834571248903965,14255,14294,39,take_profit,0.030100433246331715,0.05107699220638828,0.615353225577944,0.6467836174849646
keltner_only_atr_k1,2025-10-26 12:00:00+00:00,2025-10-26 12:15:00+00:00,2025-10-28 12:15:00+00:00,1,48.221280799999995,48.1177452,0.346202380952381,1.9492298064028057,14311,14503,192,timeout_next_open,-0.002147093529709654,-0.017551603367869095,0.6467836174849646,0.635431527966033
keltner_only_atr_k1,2025-10-28 20:00:00+00:00,2025-10-28 20:15:00+00:00,2025-10-30 15:45:00+00:00,-1,46.261488,44.720577411866664,0.38969791666666675,1.4251038464622703,14535,14709,174,take_profit,0.03330871216536169,0.027011001383348665,0.635431527966033,0.6525951698469469
keltner_only_atr_k1,2025-10-30 19:45:00+00:00,2025-10-30 20:00:00+00:00,2025-11-01 20:00:00+00:00,-1,43.062768,43.5344068,0.43666517857142867,1.1838818970893437,14726,14918,192,timeout_next_open,-0.010952356801587904,-0.023815322424244334,0.6525951698469469,0.6370534054645374
keltner_only_atr_k1,2025-11-02 00:15:00+00:00,2025-11-02 00:30:00+00:00,2025-11-03 03:45:00+00:00,-1,42.561968400000005,40.684932294502865,0.4733258928571428,1.079484574392832,14936,15045,109,take_profit,0.04410125226955297,0.04459000536041757,0.6370534054645374,0.6654596202290733
keltner_only_atr_k1,2025-11-03 08:15:00+00:00,2025-11-03 08:30:00+00:00,2025-11-03 15:30:00+00:00,-1,40.8596496,39.02932651698285,0.46148214285714273,1.0629056998026547,15064,15092,28,take_profit,0.0447953690483226,0.044738839435144895,0.6654596202290733,0.6952315113290743
keltner_only_atr_k1,2025-11-03 19:45:00+00:00,2025-11-03 20:00:00+00:00,2025-11-04 05:45:00+00:00,-1,39.844056,37.99348541287619,0.4664404761904762,1.025468466858937,15110,15149,39,take_profit,0.0464453364668449,0.04520397138805632,0.6952315113290743,0.7266587366752689
keltner_only_atr_k1,2025-11-04 09:45:00+00:00,2025-11-04 10:00:00+00:00,2025-11-04 20:15:00+00:00,-1,37.4530128,35.59686490035809,0.4675952380952382,0.9615495697336931,15166,15207,41,take_profit,0.049559374823963775,0.04272032946854809,0.7266587366752689,0.7577018373172354
keltner_only_atr_k1,2025-11-05 03:15:00+00:00,2025-11-05 03:30:00+00:00,2025-11-07 03:30:00+00:00,1,40.3781448,39.2382984,0.4912127976190477,1.1503527651130734,15236,15428,192,timeout_next_open,-0.028229291009922886,-0.035976560591286066,0.7577018373172354,0.7304423312568631
keltner_only_atr_k1,2025-11-07 07:45:00+00:00,2025-11-07 08:00:00+00:00,2025-11-07 17:30:00+00:00,1,40.379145199999996,42.134879741919995,0.4431488095238096,1.2751517951886526,15446,15484,38,take_profit,0.04348122114085751,0.05250872949034546,0.7304423312568631,0.768796930037127
keltner_only_atr_k1,2025-11-07 21:30:00+00:00,2025-11-07 21:45:00+00:00,2025-11-09 21:45:00+00:00,1,42.6380484,41.9901972,0.44270386904761916,1.3478400387230791,15501,15693,192,timeout_next_open,-0.015194203869800083,-0.025074536714530082,0.768796930037127,0.749519703188893
keltner_only_atr_k1,2025-11-10 01:45:00+00:00,2025-11-10 02:00:00+00:00,2025-11-12 02:00:00+00:00,1,42.1598572,38.9404176,0.43810416666666674,1.3467162489894904,15710,15902,192,timeout_next_open,-0.07636267800261887,-0.10541749729574923,0.749519703188893,0.6705072119048672
keltner_only_atr_k1,2025-11-12 10:45:00+00:00,2025-11-12 11:00:00+00:00,2025-11-14 11:00:00+00:00,1,40.5502136,37.3240644,0.3520193452380951,1.6120591316257822,15938,16130,192,timeout_next_open,-0.07955936389938034,-0.1316748282451362,0.6705072119048672,0.5822182899401687
keltner_only_atr_k1,2025-11-15 02:45:00+00:00,2025-11-15 03:00:00+00:00,2025-11-16 10:15:00+00:00,1,38.700474,40.0096601604,0.33129910714285693,1.6347463314063964,16194,16319,125,take_profit,0.03382868541610118,0.05076785065936784,0.5822182899401687,0.6117762611350037
keltner_only_atr_k1,2025-11-16 15:45:00+00:00,2025-11-16 16:00:00+00:00,2025-11-18 16:00:00+00:00,-1,38.150733599999995,38.8995536,0.3169196428571426,1.4451360473306112,16342,16534,192,timeout_next_open,-0.019627931872848725,-0.042964029090153066,0.6117762611350037,0.5854918880549344
keltner_only_atr_k1,2025-11-19 04:30:00+00:00,2025-11-19 04:45:00+00:00,2025-11-21 04:00:00+00:00,-1,37.9877988,36.67577872190095,0.33167113095238093,1.3749644073347902,16585,16774,189,take_profit,0.03453793374569136,0.03943722945230199,0.5854918880549344,0.6085820659866183
keltner_only_atr_k1,2025-11-21 08:00:00+00:00,2025-11-21 08:15:00+00:00,2025-11-21 09:45:00+00:00,-1,34.418227200000004,33.12956301230857,0.3254776785714287,1.269469543390895,16791,16797,6,take_profit,0.03744132956654522,0.045849441456921936,0.6085820659866183,0.6364852137928044
keltner_only_atr_k1,2025-11-21 13:45:00+00:00,2025-11-21 14:00:00+00:00,2025-11-22 15:45:00+00:00,-1,33.218707200000004,31.895174454308574,0.3340714285714287,1.1937087876844126,16814,16917,103,take_profit,0.03984299382040457,0.03797756963835042,0.6364852137928044,0.6606573753234011
keltner_only_atr_k1,2025-11-22 19:45:00+00:00,2025-11-22 20:00:00+00:00,2025-11-24 20:00:00+00:00,-1,30.4997952,32.4719836,0.3479880952380954,1.0521739249426976,16934,17126,192,timeout_next_open,-0.06466234894587086,-0.07614448925451045,0.6606573753234011,0.6103519569071753
keltner_only_atr_k1,2025-11-25 00:00:00+00:00,2025-11-25 00:15:00+00:00,2025-11-26 05:45:00+00:00,1,33.2542964,34.725686281440005,0.37132142857142875,1.253291526401846,17143,17261,118,take_profit,0.044246609933987546,0.051412325060662845,0.6103519569071753,0.6417315701170986
keltner_only_atr_k1,2025-11-26 17:15:00+00:00,2025-11-26 17:30:00+00:00,2025-11-26 22:00:00+00:00,1,34.8309268,36.27555957928,0.3647872023809525,1.336225604457915,17308,17326,18,take_profit,0.041475576793437385,0.052757130846231126,0.6417315701170986,0.6755874865299237
keltner_only_atr_k1,2025-11-27 02:00:00+00:00,2025-11-27 02:15:00+00:00,2025-11-29 02:15:00+00:00,1,36.2584976,35.0189868,0.3629345238095239,1.3980924015547862,17343,17535,192,timeout_next_open,-0.03418538775859259,-0.05148988556383749,0.6755874865299237,0.6408015641601373
keltner_only_atr_k1,2025-11-29 07:15:00+00:00,2025-11-29 07:30:00+00:00,2025-11-30 23:45:00+00:00,1,35.912359200000004,32.026061506320005,0.3227901785714286,1.5569618698568561,17556,17717,161,stop_loss,-0.10821616235337717,-0.16756370305075752,0.6408015641601373,0.5334264811487471
keltner_only_atr_k1,2025-12-01 03:45:00+00:00,2025-12-01 04:00:00+00:00,2025-12-01 13:30:00+00:00,-1,30.7406988,29.568527434281904,0.2959985119047619,1.2467495110878737,17734,17772,38,take_profit,0.038130927775724355,0.04461213184147361,0.5334264811487471,0.5572237736534884
keltner_only_atr_k1,2025-12-01 17:30:00+00:00,2025-12-01 17:45:00+00:00,2025-12-02 14:15:00+00:00,-1,29.6821224,33.203702141817146,0.2923586309523809,1.218804448629527,17789,17871,82,stop_loss,-0.11864312444911773,-0.1332544036227108,0.5572237736534884,0.4829712520108964
keltner_only_atr_k1,2025-12-02 18:15:00+00:00,2025-12-02 18:30:00+00:00,2025-12-02 23:15:00+00:00,1,33.1652608,34.28219124568,0.28266220238095247,1.6419881968317809,17888,17907,19,take_profit,0.03367772237388844,0.051904890049913055,0.4829712520108964,0.5080398217437908
keltner_only_atr_k1,2025-12-03 03:15:00+00:00,2025-12-03 03:30:00+00:00,2025-12-04 01:15:00+00:00,1,34.6518552,35.76163410792,0.2810223214285715,1.725599580612877,17924,18011,87,take_profit,0.032026536574007336,0.049576065796050006,0.5080398217437908,0.5332264373735744
keltner_only_atr_k1,2025-12-04 18:45:00+00:00,2025-12-04 19:00:00+00:00,2025-12-05 08:45:00+00:00,-1,33.81147000000001,32.67986409990477,0.2861681547619049,1.4183968175554456,18082,18137,55,take_profit,0.033468107127410884,0.04539975949817521,0.5332264373735744,0.5574347893884035
keltner_only_atr_k1,2025-12-05 12:45:00+00:00,2025-12-05 13:00:00+00:00,2025-12-05 16:30:00+00:00,-1,31.8932376,30.77753178551619,0.28200297619047626,1.357687798803204,18154,18168,14,take_profit,0.03498251975785016,0.04527944464671729,0.5574347893884035,0.5826751270786702
keltner_only_atr_k1,2025-12-05 20:30:00+00:00,2025-12-05 20:45:00+00:00,2025-12-07 08:30:00+00:00,-1,31.0565724,29.945801883721906,0.28068601190476206,1.3282742430588315,18185,18328,143,take_profit,0.03576603695899472,0.04419477399217686,0.5826751270786702,0.6084263226307749
keltner_only_atr_k1,2025-12-07 12:30:00+00:00,2025-12-07 12:45:00+00:00,2025-12-07 14:15:00+00:00,-1,29.803074000000002,28.776711034361906,0.259467261904762,1.3789022837544873,18345,18351,6,take_profit,0.03443815781010029,0.0457617412793605,0.6084263226307749,0.6362689705945571
keltner_only_atr_k1,2025-12-07 18:30:00+00:00,2025-12-07 18:45:00+00:00,2025-12-09 04:30:00+00:00,-1,29.4002352,28.34923702741333,0.26558333333333345,1.3289388139315965,18369,18504,135,take_profit,0.035747951179202486,0.040303090462684876,0.6362689705945571,0.661912576475029
keltner_only_atr_k1,2025-12-09 08:30:00+00:00,2025-12-09 08:45:00+00:00,2025-12-11 08:45:00+00:00,-1,28.029783600000002,27.8881508,0.2573020833333335,1.3077702117323178,18521,18713,192,timeout_next_open,0.005052939473995877,-0.0045033743519721225,0.661912576475029,0.6589317363548836
keltner_only_atr_k1,2025-12-11 12:45:00+00:00,2025-12-11 13:00:00+00:00,2025-12-12 17:15:00+00:00,-1,27.0621708,30.042468696891426,0.24735714285714283,1.313388391568005,18730,18843,113,stop_loss,-0.11012782082106387,-0.136402635918081,0.6589317363548836,0.5690517106259995
keltner_only_atr_k1,2025-12-12 21:15:00+00:00,2025-12-12 21:30:00+00:00,2025-12-14 21:30:00+00:00,-1,28.3656492,29.116642,0.25185565476190475,1.3520601724107368,18860,19052,192,timeout_next_open,-0.02647543141723685,-0.04267359331694742,0.5690517106259995,0.5447682293504323
keltner_only_atr_k1,2025-12-15 14:45:00+00:00,2025-12-15 15:00:00+00:00,2025-12-15 15:45:00+00:00,-1,28.4046336,27.43273921296381,0.2457157738095237,1.3877497350427874,19122,19125,3,take_profit,0.03421605082898127,0.045266647430854734,0.5447682293504323,0.5694280607199694
keltner_only_atr_k1,2025-12-15 19:45:00+00:00,2025-12-15 20:00:00+00:00,2025-12-16 03:15:00+00:00,-1,27.512990400000003,26.536219691398095,0.246845238095238,1.3380367494574397,19142,19171,29,take_profit,0.03550216441037646,0.04580082192481538,0.5694280607199694,0.5955083339279977
keltner_only_atr_k1,2025-12-16 07:15:00+00:00,2025-12-16 07:30:00+00:00,2025-12-17 17:45:00+00:00,-1,26.342458800000003,25.37016233113905,0.24561011904761898,1.2875528142986978,19188,19325,137,take_profit,0.03690986009479702,0.03589964108451649,0.5955083339279977,0.6168868693788513
keltner_only_atr_k1,2025-12-17 21:45:00+00:00,2025-12-17 22:00:00+00:00,2025-12-18 09:15:00+00:00,-1,24.6681288,23.69800897532952,0.2448988095238095,1.209217801327079,19342,19387,45,take_profit,0.03932685095557309,0.04575119195376032,0.6168868693788513,0.6451101789535574
keltner_only_atr_k1,2025-12-18 17:00:00+00:00,2025-12-18 17:15:00+00:00,2025-12-18 18:45:00+00:00,-1,24.128344800000004,23.16370181411048,0.24347619047619046,1.1896686876589089,19419,19425,6,take_profit,0.03997965852550012,0.045804195600685826,0.6451101789535574,0.6746589317743396
keltner_only_atr_k1,2025-12-18 22:45:00+00:00,2025-12-18 23:00:00+00:00,2025-12-20 23:00:00+00:00,-1,22.901835600000002,24.665862399999998,0.24541220238095235,1.120286592649636,19442,19634,192,timeout_next_open,-0.07702556383733694,-0.08751609516699754,0.6746589317743396,0.6156154164959116
keltner_only_atr_k1,2025-12-21 03:00:00+00:00,2025-12-21 03:15:00+00:00,2025-12-23 03:15:00+00:00,-1,23.761491600000003,24.430768399999998,0.2389880952380952,1.193582465753425,19651,19843,192,timeout_next_open,-0.028166447261248395,-0.03927720205862961,0.6156154164959116,0.5914357653917942
keltner_only_atr_k1,2025-12-23 08:30:00+00:00,2025-12-23 08:45:00+00:00,2025-12-25 08:45:00+00:00,-1,24.120348,24.612841200000002,0.22115476190476188,1.3093093610378426,19865,20057,192,timeout_next_open,-0.02041816312102962,-0.03294914470249022,0.5914357653917942,0.5719484627756719
keltner_only_atr_k1,2025-12-25 16:30:00+00:00,2025-12-25 16:45:00+00:00,2025-12-26 23:30:00+00:00,1,25.0089996,25.716934900160002,0.17955654761904766,1.9491686860817816,20089,20212,123,take_profit,0.02830722185944623,0.0494870463603545,0.5719484627756719,0.6002525028687851
keltner_only_atr_k1,2025-12-27 03:30:00+00:00,2025-12-27 03:45:00+00:00,2025-12-29 03:45:00+00:00,1,25.8793476,26.1335424,0.15700148809523817,2.306767944647172,20229,20421,192,timeout_next_open,0.009822303248479214,0.013455363874227855,0.6002525028687851,0.6083291187113006
keltner_only_atr_k1,2025-12-29 16:00:00+00:00,2025-12-29 16:15:00+00:00,2025-12-31 16:15:00+00:00,1,26.308519199999996,25.9756056,0.14549255952380954,2.5305211565801713,20471,20663,192,timeout_next_open,-0.012654212784427465,-0.04227087092876958,0.6083291187113006,0.582614517052043
keltner_only_atr_k1,2025-12-31 20:30:00+00:00,2025-12-31 20:45:00+00:00,2026-01-01 15:30:00+00:00,-1,25.464810000000003,24.910996604952384,0.1409434523809524,2.168954959140148,20681,20756,75,take_profit,0.021748184849901486,0.04116414302043947,0.582614517052043,0.6065973443577576
keltner_only_atr_k1,2026-01-01 19:30:00+00:00,2026-01-01 19:45:00+00:00,2026-01-01 20:30:00+00:00,-1,24.3672492,23.79888994968,0.14446875,2.024825438027255,20773,20776,3,take_profit,0.023324719407392114,0.0435840192094048,0.6065973443577576,0.63303529466662
keltner_only_atr_k1,2026-01-02 00:30:00+00:00,2026-01-02 00:45:00+00:00,2026-01-04 00:45:00+00:00,-1,24.160332000000004,25.222084799999998,0.14539732142857145,1.9948097884491387,20793,20985,192,timeout_next_open,-0.04394611795897485,-0.09318759741278948,0.63303529466662,0.5740442564791405
keltner_only_atr_k1,2026-01-04 14:00:00+00:00,2026-01-04 14:15:00+00:00,2026-01-04 16:00:00+00:00,1,25.5412124,26.161910115039998,0.15779166666666664,2.265227356746766,21039,21046,7,take_profit,0.02430181094457362,0.05083225150572601,0.5740442564791405,0.6032242184999056
keltner_only_atr_k1,2026-01-04 20:00:00+00:00,2026-01-04 20:15:00+00:00,2026-01-04 21:15:00+00:00,1,26.010399999999997,26.632819989999998,0.15826934523809522,2.2998768299218675,21063,21067,4,take_profit,0.023929658521206987,0.05073293071175655,0.6032242184999056,0.6338275509807147
keltner_only_atr_k1,2026-01-05 01:15:00+00:00,2026-01-05 01:30:00+00:00,2026-01-06 19:15:00+00:00,1,26.932768799999998,27.562334692479997,0.16014880952380947,2.353486117821967,21084,21251,167,take_profit,0.023375461214370175,0.04121511639716924,0.6338275509807147,0.6599508272701177
keltner_only_atr_k1,2026-01-06 23:15:00+00:00,2026-01-06 23:30:00+00:00,2026-01-08 14:00:00+00:00,1,27.9631808,25.792645327680003,0.1800178571428571,2.1738287868267046,21268,21422,154,stop_loss,-0.07762119366334741,-0.16818873755877373,0.6599508272701177,0.5489545307806882
keltner_only_atr_k1,2026-01-08 18:30:00+00:00,2026-01-08 18:45:00+00:00,2026-01-09 19:15:00+00:00,-1,25.815669600000003,25.048446877363812,0.1943095238095238,1.594939835804436,21441,21539,98,take_profit,0.02971926486989862,0.042365556073678645,0.5489545307806882,0.5722112947363774
keltner_only_atr_k1,2026-01-09 23:15:00+00:00,2026-01-09 23:30:00+00:00,2026-01-10 02:30:00+00:00,-1,25.077964800000004,24.327031007348577,0.19016517857142856,1.5831289527431511,21556,21568,12,take_profit,0.02994396868486815,0.04554281420528672,0.5722112947363774,0.5982714074187229
keltner_only_atr_k1,2026-01-10 06:30:00+00:00,2026-01-10 06:45:00+00:00,2026-01-12 06:45:00+00:00,-1,24.320268,24.844934,0.19099702380952385,1.5286102064666922,21585,21777,192,timeout_next_open,-0.021573199769015616,-0.037483391257899124,0.5982714074187229,0.5758461661760329
keltner_only_atr_k1,2026-01-12 10:45:00+00:00,2026-01-12 11:00:00+00:00,2026-01-12 14:15:00+00:00,-1,23.920428,23.247235080723808,0.17062202380952388,1.6830183676673232,21794,21807,13,take_profit,0.02814301312987344,0.04421394000474699,0.5758461661760329,0.6013065940193036
keltner_only_atr_k1,2026-01-12 18:15:00+00:00,2026-01-12 18:30:00+00:00,2026-01-13 22:45:00+00:00,-1,23.718508800000002,25.75718255352,0.1690312500000001,1.6845169162506923,21824,21937,113,stop_loss,-0.08595286367750066,-0.13553056742645675,0.6013065940193036,0.5198111701345973
keltner_only_atr_k1,2026-01-14 02:45:00+00:00,2026-01-14 03:00:00+00:00,2026-01-14 08:15:00+00:00,1,25.7643016,26.35883122936,0.15126934523809527,2.3835364622785353,21954,21975,21,take_profit,0.023075712999726772,0.04988429938162753,0.5198111701345973,0.5457415861675057
keltner_only_atr_k1,2026-01-14 12:15:00+00:00,2026-01-14 12:30:00+00:00,2026-01-14 16:30:00+00:00,1,26.0224048,26.614195338080002,0.15061011904761906,2.4179517438988243,21992,22008,16,take_profit,0.02274157759931561,0.050018322953081285,0.5457415861675057,0.5730386650733588
keltner_only_atr_k1,2026-01-15 02:15:00+00:00,2026-01-15 02:30:00+00:00,2026-01-15 03:30:00+00:00,-1,25.354854,24.76080793445714,0.15098660714285717,2.0159403920641017,22048,22052,4,take_profit,0.02342928362130814,0.04422959147943528,0.5730386650733588,0.5983839311314744
keltner_only_atr_k1,2026-01-15 07:30:00+00:00,2026-01-15 07:45:00+00:00,2026-01-15 20:45:00+00:00,-1,25.01499,24.421647610285714,0.1507767857142857,1.9916859122401847,22069,22121,52,take_profit,0.023719473392325496,0.03995676068717091,0.5983839311314744,0.6222934146667433
keltner_only_atr_k1,2026-01-17 09:00:00+00:00,2026-01-17 09:15:00+00:00,2026-01-17 18:15:00+00:00,1,25.230088,25.8015727648,0.145452380952381,2.427461122933376,22267,22303,36,take_profit,0.02265092237490407,0.05004692066799521,0.6222934146667433,0.6534372838227855
keltner_only_atr_k1,2026-01-18 04:45:00+00:00,2026-01-18 05:00:00+00:00,2026-01-19 00:00:00+00:00,1,25.700276,23.919275889599998,0.14761904761904768,2.4364064516129025,22346,22422,76,stop_loss,-0.06929887096932352,-0.16738519515174222,0.6534372838227855,0.5440615565506842
keltner_only_atr_k1,2026-01-19 04:00:00+00:00,2026-01-19 04:15:00+00:00,2026-01-20 05:15:00+00:00,-1,23.970408000000003,23.35940874177143,0.15508482142857152,1.8555007340453085,22439,22539,100,take_profit,0.02548973126484011,0.04256048557973302,0.5440615565506842,0.5672170805827467
keltner_only_atr_k1,2026-01-20 09:15:00+00:00,2026-01-20 09:30:00+00:00,2026-01-20 13:00:00+00:00,-1,23.007793200000002,22.411849593470475,0.15122619047619054,1.8264296622844989,22556,22570,14,take_profit,0.02590181515233403,0.04480673789370804,0.5672170805827467,0.5926322276412521
keltner_only_atr_k1,2026-01-20 17:00:00+00:00,2026-01-20 17:15:00+00:00,2026-01-20 17:45:00+00:00,-1,21.7492968,21.142821975862855,0.15373214285714293,1.6983826228365655,22587,22589,2,take_profit,0.027884801504807544,0.044664218874209904,0.5926322276412521,0.6191016831685315
keltner_only_atr_k1,2026-01-20 21:45:00+00:00,2026-01-20 22:00:00+00:00,2026-01-21 10:45:00+00:00,-1,21.199516799999998,20.586158685291426,0.15539732142857146,1.6377116263035418,22606,22657,51,take_profit,0.028932645988826056,0.04354483373877849,0.6191016831685315,0.6460603630295031
keltner_only_atr_k1,2026-01-21 16:30:00+00:00,2026-01-21 16:45:00+00:00,2026-01-23 16:45:00+00:00,-1,20.8436592,22.4749864,0.15409375000000003,1.6238426282701275,22681,22873,192,timeout_next_open,-0.0782649142526759,-0.1274321292455901,0.6460603630295031,0.5637315153474746
keltner_only_atr_k1,2026-01-23 20:45:00+00:00,2026-01-23 21:00:00+00:00,2026-01-24 03:00:00+00:00,1,22.5630216,23.16468654136,0.152733630952381,2.0673639330845597,22890,22914,24,take_profit,0.026665973734652626,0.05113034230200464,0.5637315153474746,0.5925553006936187
keltner_only_atr_k1,2026-01-24 07:00:00+00:00,2026-01-24 07:15:00+00:00,2026-01-24 18:30:00+00:00,1,22.889152,23.5032885892,0.1558854166666667,2.054842632809889,22931,22976,45,take_profit,0.02683090178264358,0.05081855450923922,0.5925553006936187,0.622668104541656
keltner_only_atr_k1,2026-01-24 22:30:00+00:00,2026-01-24 22:45:00+00:00,2026-01-25 19:45:00+00:00,1,23.593433599999997,21.698518576559998,0.15718601190476195,2.100543146295051,22993,23077,84,stop_loss,-0.08031535619469987,-0.1665032377413197,0.622668104541656,0.5189918490972197
keltner_only_atr_k1,2026-01-26 00:15:00+00:00,2026-01-26 00:30:00+00:00,2026-01-26 17:45:00+00:00,-1,21.957213600000003,23.85344759258286,0.15722470238095235,1.6765304434243533,23096,23165,69,stop_loss,-0.08636041107615111,-0.1376008955399064,0.5189918490972197,0.44757810588353036
keltner_only_atr_k1,2026-01-26 21:45:00+00:00,2026-01-26 22:00:00+00:00,2026-01-27 00:45:00+00:00,1,24.813921599999997,25.468432531359998,0.1661755952380952,2.0896931315483127,23182,23193,11,take_profit,0.02637676308931347,0.05079674516646504,0.44757810588353036,0.47031361687018514
keltner_only_atr_k1,2026-01-27 04:45:00+00:00,2026-01-27 05:00:00+00:00,2026-01-27 07:30:00+00:00,1,26.920764,27.6015879944,0.17296726190476186,2.17810003957534,23210,23220,10,take_profit,0.025289920984411962,0.05055188009203393,0.47031361687018514,0.4940888544358575
keltner_only_atr_k1,2026-01-27 11:30:00+00:00,2026-01-27 11:45:00+00:00,2026-01-27 16:45:00+00:00,1,27.71108,28.418743667999998,0.17975892857142856,2.157333730690906,23237,23257,20,take_profit,0.025537209953563567,0.04936531703449054,0.4940888544358575,0.5184797073782919
keltner_only_atr_k1,2026-01-27 20:45:00+00:00,2026-01-27 21:00:00+00:00,2026-01-27 23:00:00+00:00,1,29.7689028,30.50688563888,0.18754761904761902,2.221291862384157,23274,23282,8,take_profit,0.024790394319806897,0.05082260537971184,0.5184797073782919,0.5448301969437672
keltner_only_atr_k1,2026-01-28 03:00:00+00:00,2026-01-28 03:15:00+00:00,2026-01-28 03:30:00+00:00,1,32.751095199999995,33.54197661191999,0.2010758928571429,2.279398059545747,23299,23300,1,take_profit,0.024148243198902186,0.05056654082643641,0.5448301969437672,0.5723803753409996
keltner_only_atr_k1,2026-01-28 07:30:00+00:00,2026-01-28 07:45:00+00:00,2026-01-28 08:00:00+00:00,1,33.4913912,34.324025143520004,0.2115922619047619,2.2150715521485336,23317,23318,1,take_profit,0.024861133374477484,0.05031628049274217,0.5723803753409996,0.6011804268551985
keltner_only_atr_k1,2026-01-28 12:00:00+00:00,2026-01-28 12:15:00+00:00,2026-01-29 04:00:00+00:00,1,33.883548,31.2184841808,0.22104761904761908,2.1451486428263675,23335,23398,63,stop_loss,-0.07865362326282943,-0.17062838737375496,0.6011804268551985,0.49860198010023027
keltner_only_atr_k1,2026-01-29 12:00:00+00:00,2026-01-29 12:15:00+00:00,2026-01-29 22:30:00+00:00,1,33.8965532,30.74790982872,0.2613616071428571,1.8149643522077037,23431,23472,41,stop_loss,-0.09288978005232695,-0.1676469452040119,0.49860198010023027,0.41501288126375513
keltner_only_atr_k1,2026-01-30 02:30:00+00:00,2026-01-30 02:45:00+00:00,2026-01-30 19:00:00+00:00,-1,28.5715668,32.159675526719994,0.2979375,1.1512347388294524,23489,23554,65,stop_loss,-0.12558319786368854,-0.13830400659982822,0.41501288126375513,0.357614936994439
keltner_only_atr_k1,2026-01-31 03:00:00+00:00,2026-01-31 03:15:00+00:00,2026-01-31 17:00:00+00:00,1,31.9587784,27.84711723864,0.3417098214285714,1.3088415139202803,23587,23642,55,stop_loss,-0.1286551416295687,-0.16789335015670015,0.357614936994439,0.2975737671563654
keltner_only_atr_k1,2026-02-01 00:00:00+00:00,2026-02-01 00:15:00+00:00,2026-02-02 16:15:00+00:00,1,31.986789599999998,33.50655423416,0.38329315476190473,1.1678684955333052,23671,23831,160,take_profit,0.047512259065848994,0.050984184495361795,0.2975737671563654,0.3127453230020454
keltner_only_atr_k1,2026-02-02 20:15:00+00:00,2026-02-02 20:30:00+00:00,2026-02-03 01:45:00+00:00,1,32.9391704,34.80662908184,0.47034672619047624,0.9800514691226394,23848,23869,21,take_profit,0.0566941625779378,0.05357201408807266,0.3127453230020454,0.3294997198518898
keltner_only_atr_k1,2026-02-03 05:45:00+00:00,2026-02-03 06:00:00+00:00,2026-02-05 06:00:00+00:00,1,37.2318868,33.510590400000005,0.4869270833333333,1.0700534388704674,23886,24078,192,timeout_next_open,-0.0999491758231279,-0.10887419613465699,0.3294997198518898,0.29362570272642063
keltner_only_atr_k1,2026-02-05 11:45:00+00:00,2026-02-05 12:00:00+00:00,2026-02-07 12:00:00+00:00,-1,32.8898388,32.748093999999995,0.5185446428571427,0.7614310656542178,24102,24294,192,timeout_next_open,0.004309683633961892,-0.012619017148445488,0.29362570272642063,0.28992043494849157
keltner_only_atr_k1,2026-02-07 16:30:00+00:00,2026-02-07 16:45:00+00:00,2026-02-09 16:45:00+00:00,-1,31.4454168,31.191471599999996,0.5420535714285715,0.6964182507000494,24313,24505,192,timeout_next_open,0.008075746033679665,0.0006251915131016972,0.28992043494849157,0.29010169074389613
keltner_only_atr_k1,2026-02-10 00:15:00+00:00,2026-02-10 00:30:00+00:00,2026-02-10 21:30:00+00:00,-1,31.0305828,29.151220768834285,0.47275446428571416,0.787969290914757,24536,24620,84,take_profit,0.06056483190401807,0.04757237391750091,0.29010169074389613,0.303902516850064
keltner_only_atr_k1,2026-02-11 01:30:00+00:00,2026-02-11 01:45:00+00:00,2026-02-13 01:45:00+00:00,-1,29.1353412,30.7683024,0.41663541666666665,0.8394965622421682,24637,24829,192,timeout_next_open,-0.05604743698694015,-0.051373134730141934,0.303902516850064,0.2882900919070964
keltner_only_atr_k1,2026-02-13 15:00:00+00:00,2026-02-13 15:15:00+00:00,2026-02-15 15:15:00+00:00,1,31.4595788,30.930622800000002,0.3049226190476192,1.4438351650496801,24883,25075,192,timeout_next_open,-0.016813829688018478,-0.028282494065415942,0.2882900919070964,0.28013652909361575
keltner_only_atr_k1,2026-02-15 19:30:00+00:00,2026-02-15 19:45:00+00:00,2026-02-17 11:15:00+00:00,-1,30.53778,29.511008254857142,0.25964285714285723,1.4119394773039886,25093,25251,158,take_profit,0.03362299895876053,0.04186902815924065,0.28013652909361575,0.2918655733186683
keltner_only_atr_k1,2026-02-17 15:15:00+00:00,2026-02-17 15:30:00+00:00,2026-02-18 22:15:00+00:00,-1,29.1743256,28.229249689763808,0.2390907738095239,1.464849498036335,25268,25391,123,take_profit,0.03239409620615841,0.04254066935518375,0.2918655733186683,0.30428173016937893
keltner_only_atr_k1,2026-02-19 11:15:00+00:00,2026-02-19 11:30:00+00:00,2026-02-21 11:30:00+00:00,-1,28.355653200000003,30.407158,0.22127827380952383,1.5383525645767624,25444,25636,192,timeout_next_open,-0.07234905807072001,-0.11079983102433977,0.30428173016937893,0.270567365882818
keltner_only_atr_k1,2026-02-22 07:45:00+00:00,2026-02-22 08:00:00+00:00,2026-02-23 00:30:00+00:00,-1,29.4202272,28.690121278975234,0.18539434523809528,1.9050419231849736,25718,25784,66,take_profit,0.02481646100356305,0.04412577081740343,0.270567365882818,0.28250635946043173
keltner_only_atr_k1,2026-02-23 04:30:00+00:00,2026-02-23 04:45:00+00:00,2026-02-23 15:00:00+00:00,-1,27.115149600000002,26.40786923841143,0.17945982142857153,1.8138433294360548,25801,25842,41,take_profit,0.026084324520509905,0.04295520085790794,0.28250635946043173,0.2946414768746909
keltner_only_atr_k1,2026-02-23 19:00:00+00:00,2026-02-23 19:15:00+00:00,2026-02-25 16:45:00+00:00,-1,26.3374608,28.527349320034286,0.18154017857142868,1.7416309848764284,25859,26041,182,stop_loss,-0.08314729110234831,-0.13917986976084595,0.2946414768746909,0.2536333144971281
keltner_only_atr_k1,2026-02-25 20:45:00+00:00,2026-02-25 21:00:00+00:00,2026-02-27 04:15:00+00:00,1,28.7975144,29.513388844240005,0.18192113095238105,2.2152676706121,26058,26183,125,take_profit,0.024858896997027147,0.04362602068532939,0.2536333144971281,0.2646983267218685
keltner_only_atr_k1,2026-02-27 08:15:00+00:00,2026-02-27 08:30:00+00:00,2026-02-27 19:00:00+00:00,1,29.429767199999997,27.074397393119998,0.19537797619047625,2.107975566286349,26200,26242,42,stop_loss,-0.08003358609238331,-0.16618534074760805,0.2646983267218685,0.2207093451002731
keltner_only_atr_k1,2026-02-27 23:00:00+00:00,2026-02-27 23:15:00+00:00,2026-02-28 06:30:00+00:00,-1,27.1161492,26.347535190632378,0.19478720238095237,1.6711775518155496,26259,26288,29,take_profit,0.028345249308763254,0.04438414306636895,0.2207093451002731,0.23050534024928823
keltner_only_atr_k1,2026-02-28 15:15:00+00:00,2026-02-28 15:30:00+00:00,2026-02-28 17:00:00+00:00,1,28.0292072,28.83675716712,0.20477232142857138,1.9155518541934646,26324,26330,6,take_profit,0.028811017070793143,0.051605971280338725,0.23050534024928823,0.24240079221815772
keltner_only_atr_k1,2026-02-28 21:00:00+00:00,2026-02-28 21:15:00+00:00,2026-02-28 23:45:00+00:00,1,30.3601392,31.19873804432,0.2127708333333333,1.9968526387936947,26347,26357,10,take_profit,0.027621706171887306,0.05148637416541901,0.24240079221815772,0.25488113010429575
keltner_only_atr_k1,2026-03-01 03:45:00+00:00,2026-03-01 04:00:00+00:00,2026-03-01 16:00:00+00:00,1,30.9043568,31.77876520728,0.22178124999999996,1.9500656615471328,26374,26422,48,take_profit,0.028294017343211575,0.05032089233270143,0.25488113010429575,0.2677069760099113
keltner_only_atr_k1,2026-03-01 20:45:00+00:00,2026-03-01 21:00:00+00:00,2026-03-02 00:15:00+00:00,1,31.4455732,32.39381287072,0.2403005952380952,1.8312980022541216,26442,26455,13,take_profit,0.030154949464238134,0.05107439772120359,0.2677069760099113,0.2813799485753822
keltner_only_atr_k1,2026-03-02 06:45:00+00:00,2026-03-02 07:00:00+00:00,2026-03-02 16:15:00+00:00,-1,30.330862800000002,33.34728566654857,0.2502574404761904,1.4549657317167444,26482,26519,37,stop_loss,-0.09945061195386007,-0.13496801042402884,0.2813799485753822,0.2434026567429473
keltner_only_atr_k1,2026-03-02 20:30:00+00:00,2026-03-02 20:45:00+00:00,2026-03-03 05:00:00+00:00,1,32.408958399999996,33.43689971664,0.26033035714285707,1.7421863703398845,26537,26570,33,take_profit,0.03171781406711305,0.0513223480720717,0.2434026567429473,0.2558946526139758
keltner_only_atr_k1,2026-03-03 13:30:00+00:00,2026-03-03 13:45:00+00:00,2026-03-05 13:45:00+00:00,-1,31.317467999999998,31.595633199999998,0.27087648809523796,1.3879388449093284,26605,26797,192,timeout_next_open,-0.008882110137383936,-0.02552017212935387,0.2558946526139758,0.24936417703228594
keltner_only_atr_k1,2026-03-05 17:45:00+00:00,2026-03-05 18:00:00+00:00,2026-03-07 18:00:00+00:00,-1,30.435820800000002,30.847334,0.2822604166666666,1.2944641842270366,26814,27006,192,timeout_next_open,-0.013520686782332314,-0.023277821666263576,0.24936417703228594,0.24355952218937382
keltner_only_atr_k1,2026-03-07 22:00:00+00:00,2026-03-07 22:15:00+00:00,2026-03-09 14:15:00+00:00,-1,29.977004400000002,33.17342918033143,0.26526339285714284,1.3566440364193273,27023,27183,160,stop_loss,-0.10662922611211378,-0.13479071512782692,0.24355952218937382,0.21072996001727629
keltner_only_atr_k1,2026-03-09 18:15:00+00:00,2026-03-09 18:30:00+00:00,2026-03-09 21:45:00+00:00,1,34.2847084,35.23226461664,0.24041369047619052,1.9957016551331408,27200,27213,13,take_profit,0.027637867167626284,0.05091232810601665,0.21072996001727629,0.22145871288344363
keltner_only_atr_k1,2026-03-10 01:45:00+00:00,2026-03-10 02:00:00+00:00,2026-03-11 12:00:00+00:00,1,34.267701599999995,35.22010791936,0.24162499999999998,1.9847118468701501,27230,27366,136,take_profit,0.027793119319096782,0.048433916232976326,0.22145871288344363,0.2321848256323031
keltner_only_atr_k1,2026-03-11 16:00:00+00:00,2026-03-11 16:15:00+00:00,2026-03-12 01:15:00+00:00,1,36.0854284,37.02734367864,0.23918303571428562,2.11132866715195,27383,27419,36,take_profit,0.026102372076591607,0.051125537416933264,0.2321848256323031,0.24405539962281156
keltner_only_atr_k1,2026-03-12 05:15:00+00:00,2026-03-12 05:30:00+00:00,2026-03-12 09:30:00+00:00,1,36.5966328,37.547238846880006,0.24140773809523805,2.1215061457472912,27436,27452,16,take_profit,0.025975232532322146,0.050926472935258316,0.24405539962281156,0.2564842803264063
keltner_only_atr_k1,2026-03-12 13:30:00+00:00,2026-03-12 13:45:00+00:00,2026-03-14 13:45:00+00:00,1,37.7981132,38.0737644,0.24669196428571422,2.1442206337429206,27469,27661,192,timeout_next_open,0.007292723807176715,0.009395276023465016,0.2564842803264063,0.25889402093575264
keltner_only_atr_k1,2026-03-14 17:45:00+00:00,2026-03-14 18:00:00+00:00,2026-03-16 07:15:00+00:00,1,38.086228399999996,39.115010658639996,0.2611086309523809,2.041273006012595,27678,27827,149,take_profit,0.027011922730579396,0.04929852398137524,0.25889402093575264,0.27165711403548853
keltner_only_atr_k1,2026-03-16 11:15:00+00:00,2026-03-16 11:30:00+00:00,2026-03-16 20:30:00+00:00,1,39.0546156,40.09689780376,0.26458184523809525,2.0656972873863184,27844,27880,36,take_profit,0.026687811101128833,0.050330813378917316,0.27165711403548853,0.28532983754506397
keltner_only_atr_k1,2026-03-17 00:30:00+00:00,2026-03-17 00:45:00+00:00,2026-03-17 06:30:00+00:00,1,40.4051556,41.43142163776,0.26071130952380944,2.1688587312640566,27897,27920,23,take_profit,0.02539938338363945,0.050610110031303,0.28532983754506397,0.29977041201843346
keltner_only_atr_k1,2026-03-17 11:00:00+00:00,2026-03-17 11:15:00+00:00,2026-03-17 21:15:00+00:00,1,41.0494132,42.08488203472,0.26307738095238087,2.1836236848654895,27939,27979,40,take_profit,0.025224936338919646,0.049501136866576534,0.29977041201843346,0.314609388212308
keltner_only_atr_k1,2026-03-18 01:30:00+00:00,2026-03-18 01:45:00+00:00,2026-03-18 13:30:00+00:00,1,41.9047552,42.954518897919996,0.26673809523809516,2.198531107738999,27997,28044,47,take_profit,0.0250511831630984,0.04662726740576573,0.314609388212308,0.32927876428484765
keltner_only_atr_k1,2026-03-18 17:30:00+00:00,2026-03-18 17:45:00+00:00,2026-03-19 07:30:00+00:00,1,43.447371999999994,40.100896651199996,0.27753571428571416,2.1907811092523493,28061,28116,55,stop_loss,-0.07702365401525324,-0.16721845459670126,0.32927876428484765,0.27421727818962394
keltner_only_atr_k1,2026-03-19 11:30:00+00:00,2026-03-19 11:45:00+00:00,2026-03-20 19:15:00+00:00,-1,39.6621288,38.53047530390095,0.2867648809523809,1.6603706786503796,28133,28259,126,take_profit,0.02853234383372405,0.03745153328193718,0.27421727818962394,0.2844871357102249
keltner_only_atr_k1,2026-03-21 18:30:00+00:00,2026-03-21 18:45:00+00:00,2026-03-23 10:30:00+00:00,1,40.4341672,36.74996133312,0.3057916666666666,1.8504493800245272,28353,28512,159,stop_loss,-0.0911161555190878,-0.1672582347394076,0.2844871357102249,0.2369043195852624
keltner_only_atr_k1,2026-03-24 11:15:00+00:00,2026-03-24 11:30:00+00:00,2026-03-24 20:15:00+00:00,1,38.7845076,39.98570334696,0.30429910714285713,1.7836595220280798,28612,28647,35,take_profit,0.0309710196490931,0.051453098942385145,0.2369043195852624,0.24909378098076135
keltner_only_atr_k1,2026-03-25 00:15:00+00:00,2026-03-25 00:30:00+00:00,2026-03-27 00:30:00+00:00,1,40.666259999999994,39.11734680000001,0.3069122023809524,1.8542762248781788,28664,28856,192,timeout_next_open,-0.038088410392300376,-0.07533754643939261,0.24909378098076135,0.23032766668835936
keltner_only_atr_k1,2026-03-27 09:00:00+00:00,2026-03-27 09:15:00+00:00,2026-03-29 09:15:00+00:00,-1,38.4676068,39.7919104,0.2555758928571429,1.8068840329088713,28891,29083,192,timeout_next_open,-0.03442646190300569,-0.06747909233856886,0.23032766668835936,0.21478536479976845
keltner_only_atr_k1,2026-03-29 13:15:00+00:00,2026-03-29 13:30:00+00:00,2026-03-29 22:30:00+00:00,-1,39.094356,38.15108056859047,0.2396324404761905,1.9584994380033902,29100,29136,36,take_profit,0.024128174189888774,0.043921606378971356,0.21478536479976845,0.22421908304846763
keltner_only_atr_k1,2026-03-30 03:30:00+00:00,2026-03-30 03:45:00+00:00,2026-03-30 17:15:00+00:00,-1,38.2786824,37.33809380867429,0.2388794642857143,1.9236814741445363,29157,29211,54,take_profit,0.024572125589299665,0.04237084422889503,0.22421908304846763,0.23371943488945995
keltner_only_atr_k1,2026-03-30 21:15:00+00:00,2026-03-30 21:30:00+00:00,2026-03-31 09:00:00+00:00,-1,37.054172400000006,36.17073014515048,0.2244761904761905,1.9816266440390327,29228,29274,46,take_profit,0.023841910306692693,0.042979776429485694,0.23371943488945995,0.2437646439482347
keltner_only_atr_k1,2026-03-31 13:00:00+00:00,2026-03-31 13:15:00+00:00,2026-04-02 02:00:00+00:00,-1,36.1765236,35.30046552134476,0.22254315476190473,1.9514956569418724,29291,29438,147,take_profit,0.024216204086985327,0.0369687164194934,0.2437646439482347,0.25277630994345573
keltner_only_atr_k1,2026-04-02 06:00:00+00:00,2026-04-02 06:15:00+00:00,2026-04-02 13:30:00+00:00,-1,35.3268636,34.47947725734476,0.21529315476190475,1.9698350394326674,29455,29484,29,take_profit,0.023987024499260712,0.044195655119271926,0.25277630994345573,0.2639479245600389
keltner_only_atr_k1,2026-04-02 17:45:00+00:00,2026-04-02 18:00:00+00:00,2026-04-04 18:00:00+00:00,-1,34.6541328,36.0884296,0.213516369047619,1.948403309102821,29502,29694,192,timeout_next_open,-0.041388910473616036,-0.08139211650192446,0.2639479245600389,0.24246464433380704
keltner_only_atr_k1,2026-04-04 22:00:00+00:00,2026-04-04 22:15:00+00:00,2026-04-06 00:00:00+00:00,1,36.3955524,37.136453779040004,0.18894047619047613,2.6957378867116133,29711,29814,103,take_profit,0.02035692083739349,0.047248580032633436,0.24246464433380704,0.25392075448669693
keltner_only_atr_k1,2026-04-06 04:00:00+00:00,2026-04-06 04:15:00+00:00,2026-04-07 21:45:00+00:00,1,37.151854799999995,37.86178140807999,0.18126934523809515,2.8682069729831805,29831,29997,166,take_profit,0.019108779680092836,0.04326839149699557,0.25392075448669693,0.26490749710103983
keltner_only_atr_k1,2026-04-08 01:45:00+00:00,2026-04-08 02:00:00+00:00,2026-04-08 05:00:00+00:00,1,38.2733032,38.95728547872,0.17489285714285702,3.0,30014,30026,12,take_profit,0.017871002017928905,0.04770141681857187,0.26490749710103983,0.27754396003862114
keltner_only_atr_k1,2026-04-08 09:00:00+00:00,2026-04-08 09:15:00+00:00,2026-04-09 19:00:00+00:00,1,39.5027948,40.18426228208,0.17438690476190458,3.0,30043,30178,135,take_profit,0.017251120725260805,0.03876764688137069,0.27754396003862114,0.28830368627545566
keltner_only_atr_k1,2026-04-10 01:30:00+00:00,2026-04-10 01:45:00+00:00,2026-04-10 02:00:00+00:00,1,40.1030348,40.83123743608,0.18613541666666653,3.0,30205,30206,1,take_profit,0.01815829250109524,0.04861402589663988,0.28830368627545566,0.3023192891461474
keltner_only_atr_k1,2026-04-10 06:00:00+00:00,2026-04-10 06:15:00+00:00,2026-04-10 12:00:00+00:00,1,40.493190799999994,41.23460702368,0.18947916666666656,2.9907140186915906,30223,30246,23,take_profit,0.018309651796568405,0.0486372288767325,0.3023192891461474,0.31702326160619965
keltner_only_atr_k1,2026-04-10 16:00:00+00:00,2026-04-10 16:15:00+00:00,2026-04-11 19:15:00+00:00,1,42.200873599999994,42.96221755056,0.19463392857142847,3.0,30263,30371,108,take_profit,0.018040952369289487,0.04502738917971927,0.31702326160619965,0.331297991385566
keltner_only_atr_k1,2026-04-12 00:45:00+00:00,2026-04-12 01:00:00+00:00,2026-04-12 14:00:00+00:00,1,42.7310856,40.17574101576,0.21160565476190468,2.8259925315930503,30394,30446,52,stop_loss,-0.05980060062504,-0.16678904918286974,0.331297991385566,0.27604111440617285
keltner_only_atr_k1,2026-04-13 01:30:00+00:00,2026-04-13 01:45:00+00:00,2026-04-13 16:15:00+00:00,1,41.9927904,42.86226958384,0.22165773809523812,2.6512225787827113,30493,30551,58,take_profit,0.020705439566121475,0.047653860164544426,0.27604111440617285,0.2891955390717496
keltner_only_atr_k1,2026-04-13 20:15:00+00:00,2026-04-13 20:30:00+00:00,2026-04-13 22:15:00+00:00,1,43.3803452,44.28380911192,0.23029613095238105,2.636092918667088,30568,30575,7,take_profit,0.020826572673746213,0.04979070796527996,0.2891955390717496,0.3035947897025328
keltner_only_atr_k1,2026-04-14 02:15:00+00:00,2026-04-14 02:30:00+00:00,2026-04-16 02:30:00+00:00,1,44.902953999999994,44.6401368,0.23586011904761917,2.664248634052163,30592,30784,192,timeout_next_open,-0.005853004682052632,-0.02461135303237072,0.3035947897025328,0.2961229111543754
keltner_only_atr_k1,2026-04-16 06:30:00+00:00,2026-04-16 06:45:00+00:00,2026-04-18 06:45:00+00:00,1,45.4801848,44.8310604,0.2426860119047619,2.6225986203513507,30801,30993,192,timeout_next_open,-0.01427268606876908,-0.04596658529014963,0.2961229111543754,0.2825111521024304
keltner_only_atr_k1,2026-04-18 19:30:00+00:00,2026-04-18 19:45:00+00:00,2026-04-19 09:15:00+00:00,-1,43.7384976,42.75704596094476,0.24963690476190475,2.1033428550990725,31045,31099,54,take_profit,0.02243907982461757,0.04257173484932619,0.2825111521024304,0.2945381419617127
keltner_only_atr_k1,2026-04-19 17:00:00+00:00,2026-04-19 17:15:00+00:00,2026-04-19 17:45:00+00:00,-1,42.9618084,41.99093139002667,0.24691666666666653,2.0887532905838686,31131,31133,2,take_profit,0.02259860667255653,0.04383738997318698,0.2945381419617127,0.3074499253528662
keltner_only_atr_k1,2026-04-19 21:45:00+00:00,2026-04-19 22:00:00+00:00,2026-04-21 15:00:00+00:00,-1,41.0505732,40.06665893166095,0.2499836309523808,1.9713450761657028,31150,31314,164,take_profit,0.023968344206678482,0.03882971150775716,0.3074499253528662,0.31938811725739946
keltner_only_atr_k1,2026-04-21 19:00:00+00:00,2026-04-21 19:15:00+00:00,2026-04-23 19:15:00+00:00,-1,39.2103096,41.0594172,0.24030208333333322,1.9588344531622532,31331,31523,192,timeout_next_open,-0.047158709504298235,-0.09536500181275764,0.31938811725739946,0.28892966887617433
keltner_only_atr_k1,2026-04-25 09:30:00+00:00,2026-04-25 09:45:00+00:00,2026-04-26 23:00:00+00:00,1,41.6676604,42.46964193584001,0.2047440476190475,2.8480144198621993,31677,31826,149,take_profit,0.019247097824575787,0.0471886141256761,0.28892966887617433,0.3025638595302315
keltner_only_atr_k1,2026-04-27 03:00:00+00:00,2026-04-27 03:15:00+00:00,2026-04-28 02:30:00+00:00,1,43.1392488,40.897722450479996,0.18543005952380934,3.0,31843,31936,93,stop_loss,-0.05196025456799336,-0.15650011529853658,0.3025638595302315,0.25521258062858004
keltner_only_atr_k1,2026-04-28 06:30:00+00:00,2026-04-28 06:45:00+00:00,2026-04-28 10:15:00+00:00,-1,40.6877184,39.99360825640762,0.1775252976190474,2.7514275799056174,31953,31967,14,take_profit,0.017059451128927927,0.04192687130886097,0.25521258062858004,0.26591284565299683
keltner_only_atr_k1,2026-04-28 14:15:00+00:00,2026-04-28 14:30:00+00:00,2026-04-30 09:45:00+00:00,-1,39.704112,39.010090749561904,0.17740476190476173,2.686737350691185,31984,32157,173,take_profit,0.017479833082228335,0.0357676446055597,0.26591284565299683,0.2754239218123663
keltner_only_atr_k1,2026-05-01 00:30:00+00:00,2026-05-01 00:45:00+00:00,2026-05-01 09:15:00+00:00,1,40.1470524,40.79006317904,0.16483333333333317,3.0,32217,32251,34,take_profit,0.01601638826764762,0.041770713110355295,0.2754239218123663,0.2869285754341196
keltner_only_atr_k1,2026-05-01 13:15:00+00:00,2026-05-01 13:30:00+00:00,2026-05-02 07:45:00+00:00,1,40.936368,41.590064602800005,0.16758482142857126,3.0,32268,32341,73,take_profit,0.015968602852114433,0.04133118686698034,0.2869285754341196,0.29878767400286366
keltner_only_atr_k1,2026-05-02 13:00:00+00:00,2026-05-02 13:15:00+00:00,2026-05-04 04:30:00+00:00,1,41.704675200000004,42.37555152992,0.17195833333333319,3.0,32363,32520,157,take_profit,0.016086357865220835,0.038456847348588674,0.29878767400286366,0.31027810597163163
keltner_only_atr_k1,2026-05-04 13:15:00+00:00,2026-05-04 13:30:00+00:00,2026-05-05 06:45:00+00:00,-1,41.0275824,43.14536936153142,0.17504464285714286,2.8137279265493493,32556,32625,69,stop_loss,-0.051618614542869645,-0.14021129451242353,0.31027810597163163,0.2667736110744862
keltner_only_atr_k1,2026-05-05 10:45:00+00:00,2026-05-05 11:00:00+00:00,2026-05-05 18:00:00+00:00,1,43.76850039999999,44.46259514984,0.1779717261904762,3.0,32642,32670,28,take_profit,0.0158583169059181,0.040727144745067,0.2667736110744862,0.27763853854688103
keltner_only_atr_k1,2026-05-05 22:00:00+00:00,2026-05-05 22:15:00+00:00,2026-05-07 14:30:00+00:00,1,44.3247228,42.14537576088001,0.18020684523809524,3.0,32687,32848,161,stop_loss,-0.04916775337667756,-0.14910339654327198,0.27763853854688103,0.23624168943823093
keltner_only_atr_k1,2026-05-07 18:45:00+00:00,2026-05-07 19:00:00+00:00,2026-05-09 19:00:00+00:00,-1,42.2640876,43.005195199999996,0.18251636904761917,2.779871211812376,32866,33058,192,timeout_next_open,-0.017535161459394377,-0.05795991120018873,0.23624168943823093,0.2225491420966085
keltner_only_atr_k1,2026-05-10 00:45:00+00:00,2026-05-10 01:00:00+00:00,2026-05-11 06:45:00+00:00,-1,42.65793,41.924663398190475,0.18750744047619064,2.7310916233482776,33082,33201,119,take_profit,0.017189455789568875,0.03761695516429975,0.2225491420966085,0.23092076319670998
keltner_only_atr_k1,2026-05-11 10:45:00+00:00,2026-05-11 11:00:00+00:00,2026-05-12 11:00:00+00:00,-1,41.473404,40.7334408616,0.18906250000000002,2.633414876033058,33218,33314,96,take_profit,0.017841871344826177,0.039681585737727954,0.23092076319670998,0.2400840652601218
keltner_only_atr_k1,2026-05-12 15:00:00+00:00,2026-05-12 15:15:00+00:00,2026-05-13 10:00:00+00:00,-1,40.3658472,39.65195163887999,0.18243750000000006,2.6561644398766693,33331,33406,75,take_profit,0.017685633044758786,0.0399753194723802,0.2400840652601218,0.24968150246912296
keltner_only_atr_k1,2026-05-13 14:00:00+00:00,2026-05-13 14:15:00+00:00,2026-05-14 03:00:00+00:00,-1,39.3572508,38.66812257889143,0.17614732142857153,2.6822775172973095,33423,33474,51,take_profit,0.017509561951125296,0.04217778349724988,0.24968150246912296,0.2602125148235337
keltner_only_atr_k1,2026-05-14 12:00:00+00:00,2026-05-14 12:15:00+00:00,2026-05-14 13:00:00+00:00,1,39.8719424,40.55442842304001,0.17467857142857143,3.0,33511,33514,3,take_profit,0.017116949462687936,0.04527385911925763,0.2602125148235337,0.2719933395607221
keltner_only_atr_k1,2026-05-14 17:00:00+00:00,2026-05-14 17:15:00+00:00,2026-05-14 19:00:00+00:00,1,43.833526400000004,44.54410638944,0.18210119047619044,3.0,33531,33538,7,take_profit,0.016210878927596317,0.04236354190114655,0.2719933395607221,0.2835159407980355
keltner_only_atr_k1,2026-05-14 23:00:00+00:00,2026-05-14 23:15:00+00:00,2026-05-15 00:30:00+00:00,1,44.312718,45.0556825628,0.19024851190476189,3.0,33555,33560,5,take_profit,0.01676639566094784,0.04401291382444383,0.2835159407980355,0.2959943034682356
keltner_only_atr_k1,2026-05-15 04:30:00+00:00,2026-05-15 04:45:00+00:00,2026-05-15 12:45:00+00:00,1,46.608636000000004,44.165444895600004,0.20212648809523806,3.0,33577,33609,32,stop_loss,-0.052419279216838754,-0.15830029655096345,0.2959943034682356,0.24913831745181803
keltner_only_atr_k1,2026-05-16 04:00:00+00:00,2026-05-16 04:15:00+00:00,2026-05-16 06:30:00+00:00,-1,42.837858,41.912354333676184,0.23556547619047616,2.183087302590019,33671,33680,9,take_profit,0.021604807278734928,0.04384477439792245,0.24913831745181803,0.26006173077437095
keltner_only_atr_k1,2026-05-16 10:30:00+00:00,2026-05-16 10:45:00+00:00,2026-05-17 15:00:00+00:00,-1,40.8346596,43.75592282812572,0.24198065476190478,2.025831364421841,33697,33810,113,stop_loss,-0.0715388166998634,-0.13815144111810196,0.26006173077437095,0.22413382788822375
keltner_only_atr_k1,2026-05-17 19:00:00+00:00,2026-05-17 19:15:00+00:00,2026-05-17 19:45:00+00:00,1,45.788308,46.83939212680001,0.26745684523809526,2.3958257618329615,33827,33829,2,take_profit,0.022955295198940462,0.05052106389833577,0.22413382788822375,0.23545730732874331
keltner_only_atr_k1,2026-05-17 23:45:00+00:00,2026-05-18 00:00:00+00:00,2026-05-18 00:45:00+00:00,1,45.719280399999995,46.80825198784,0.2769255952380953,2.310418433694799,33846,33849,3,take_profit,0.023818651087955667,0.050674734966697166,0.23545730732874331,0.24738904397359954
keltner_only_atr_k1,2026-05-18 04:45:00+00:00,2026-05-18 05:00:00+00:00,2026-05-18 21:00:00+00:00,1,45.8553348,46.977173316080005,0.28515922619047623,2.2503848413845646,33866,33930,64,take_profit,0.024464732859828642,0.047974270807330965,0.24738904397359954,0.2592573529639557
keltner_only_atr_k1,2026-05-19 01:00:00+00:00,2026-05-19 01:15:00+00:00,2026-05-20 09:30:00+00:00,1,47.81912,49.076082902,0.3191502976190477,2.0968177219085273,33947,34076,129,take_profit,0.026285780708637185,0.050155526860547806,0.2592573529639557,0.27226054209433387
keltner_only_atr_k1,2026-05-20 13:30:00+00:00,2026-05-20 13:45:00+00:00,2026-05-20 17:15:00+00:00,1,50.9073548,52.34657445808,0.36504166666666654,1.9516073507590466,34093,34107,14,take_profit,0.02827135025448224,0.05130012564943698,0.27226054209433387,0.28622754211315704
keltner_only_atr_k1,2026-05-20 21:15:00+00:00,2026-05-20 21:30:00+00:00,2026-05-20 22:15:00+00:00,1,52.3749416,53.88265372336,0.38231845238095225,1.917134774519497,34124,34127,3,take_profit,0.02878689841555837,0.05154055379335842,0.28622754211315704,0.300979868144581
keltner_only_atr_k1,2026-05-21 02:15:00+00:00,2026-05-21 02:30:00+00:00,2026-05-21 07:30:00+00:00,1,55.9663776,57.54153034896,0.39954464285714275,1.960271559140987,34144,34164,20,take_profit,0.028144625693266256,0.05115659882234436,0.300979868144581,0.3163769745128554
keltner_only_atr_k1,2026-05-21 11:30:00+00:00,2026-05-21 11:45:00+00:00,2026-05-21 13:15:00+00:00,1,57.2258812,58.89734854752001,0.4237589285714285,1.8898528054613266,34181,34187,6,take_profit,0.029208241314421235,0.05181941169818116,0.3163769745128554,0.332771443206962
keltner_only_atr_k1,2026-05-21 17:15:00+00:00,2026-05-21 17:30:00+00:00,2026-05-22 12:30:00+00:00,1,59.829922399999994,61.56795203104,0.44066666666666654,1.9000393343419066,34204,34280,76,take_profit,0.029049505018913457,0.04853767533289077,0.332771443206962,0.34892339547739903
keltner_only_atr_k1,2026-05-22 18:30:00+00:00,2026-05-22 18:45:00+00:00,2026-05-22 20:00:00+00:00,-1,56.564365200000005,54.69594316274667,0.4725729166666665,1.436908413604603,34305,34310,5,take_profit,0.03303178654347083,0.04444532474616825,0.34892339547739903,0.3644314091009277
keltner_only_atr_k1,2026-05-23 00:00:00+00:00,2026-05-23 00:15:00+00:00,2026-05-24 01:00:00+00:00,-1,54.509187600000004,60.38018716075428,0.48723809523809514,1.343023064894449,34327,34426,99,stop_loss,-0.1077066054228677,-0.13446736605593224,0.3644314091009277,0.31542727741107407
keltner_only_atr_k1,2026-05-24 05:00:00+00:00,2026-05-24 05:15:00+00:00,2026-05-24 08:15:00+00:00,1,60.2200784,62.324924168639996,0.5324464285714283,1.5827770734815716,34443,34455,12,take_profit,0.03495255776086803,0.05243090199153033,0.31542727741107407,0.33196541407846936
keltner_only_atr_k1,2026-05-24 12:15:00+00:00,2026-05-24 12:30:00+00:00,2026-05-26 12:30:00+00:00,1,63.151250399999995,60.84065400000001,0.552083333333333,1.600780075471699,34472,34664,192,timeout_next_open,-0.036588292161511826,-0.06346233679671343,0.33196541407846936,0.3108981131653611
keltner_only_atr_k1,2026-05-26 16:30:00+00:00,2026-05-26 16:45:00+00:00,2026-05-28 16:45:00+00:00,1,63.133243199999995,59.15133,0.5915178571428569,1.4936353811320762,34681,34873,192,timeout_next_open,-0.06307157684558795,-0.09757521193700225,0.3108981131653611,0.2805621638824369
keltner_only_atr_k1,2026-05-28 20:45:00+00:00,2026-05-28 21:00:00+00:00,2026-05-29 08:00:00+00:00,1,60.72428,63.07756863800001,0.5946324404761905,1.4291181276949296,34890,34934,44,take_profit,0.03875366884547682,0.05199143213621071,0.2805621638824369,0.29514899258591903
keltner_only_atr_k1,2026-05-29 13:45:00+00:00,2026-05-29 14:00:00+00:00,2026-05-29 15:00:00+00:00,1,62.8691376,65.18899799496,0.586486607142857,1.5001467881528172,34958,34962,4,take_profit,0.036899828493273334,0.05209618626131918,0.29514899258591903,0.3105251294785158
keltner_only_atr_k1,2026-05-29 19:00:00+00:00,2026-05-29 19:15:00+00:00,2026-05-30 11:30:00+00:00,1,65.31711639999999,67.67047190343999,0.5951086309523808,1.5359783953009785,34979,35044,65,take_profit,0.03602969073264228,0.0519164658473823,0.3105251294785158,0.32664649675784113
keltner_only_atr_k1,2026-05-30 15:30:00+00:00,2026-05-30 15:45:00+00:00,2026-05-31 04:45:00+00:00,1,67.386944,69.7373236224,0.5945714285714284,1.5860836136472853,35061,35113,52,take_profit,0.034878857578108935,0.05216719745098941,0.32664649675784113,0.3436867290508814
keltner_only_atr_k1,2026-05-31 20:30:00+00:00,2026-05-31 20:45:00+00:00,2026-05-31 22:15:00+00:00,1,69.6858632,71.94383010472,0.5716889880952382,1.70584359731893,35177,35183,6,take_profit,0.03240207986287813,0.05210393152232973,0.3436867290508814,0.361594158846482
keltner_only_atr_k1,2026-06-01 02:15:00+00:00,2026-06-01 02:30:00+00:00,2026-06-01 23:00:00+00:00,1,72.6160348,74.90387673608,0.579453869047619,1.7537513411900063,35200,35282,82,take_profit,0.03150601574956835,0.04895433934258486,0.361594158846482,0.37929576200294923
keltner_only_atr_k1,2026-06-02 03:00:00+00:00,2026-06-02 03:15:00+00:00,2026-06-04 03:15:00+00:00,1,75.22307719999999,73.23369480000001,0.6258869047619048,1.681936452082283,35299,35491,192,timeout_next_open,-0.02644643737068475,-0.05416534614049706,0.37929576200294923,0.3587510757644359
keltner_only_atr_k1,2026-06-04 07:15:00+00:00,2026-06-04 07:30:00+00:00,2026-06-04 09:15:00+00:00,-1,69.3942312,66.61586093771808,0.7012514880952381,1.1879675325364303,35508,35515,7,take_profit,0.04003748170758481,0.04574403633289714,0.3587510757644359,0.37516179800867017
keltner_only_atr_k1,2026-06-04 13:15:00+00:00,2026-06-04 13:30:00+00:00,2026-06-05 03:00:00+00:00,-1,65.6907132,62.80381277575619,0.728002976190476,1.0832428242623946,35532,35586,54,take_profit,0.04394685768526274,0.04209403265090872,0.37516179800867017,0.3909538709834207
keltner_only_atr_k1,2026-06-05 07:00:00+00:00,2026-06-05 07:15:00+00:00,2026-06-06 19:30:00+00:00,-1,59.00238960000001,55.924434953459055,0.7750788690476187,0.9138579676031438,35603,35748,145,take_profit,0.052166609986605605,0.0392926708443202,0.3909538709834207,0.4063154927512851
keltner_only_atr_k1,2026-06-07 00:15:00+00:00,2026-06-07 00:30:00+00:00,2026-06-09 00:30:00+00:00,-1,56.2664844,63.0191976,0.8219583333333331,0.8217788817356925,35768,35960,192,timeout_next_open,-0.12001306411814827,-0.09695997850241689,0.4063154927512851,0.36691915130892155
keltner_only_atr_k1,2026-06-09 13:45:00+00:00,2026-06-09 14:00:00+00:00,2026-06-09 23:00:00+00:00,-1,60.5697624,57.43567986686476,0.7892619047619045,0.9212759359256693,36014,36050,36,take_profit,0.05174335194577617,0.04723689212947568,0.36691915130892155,0.3842512716795398
keltner_only_atr_k1,2026-06-10 03:00:00+00:00,2026-06-10 03:15:00+00:00,2026-06-10 21:00:00+00:00,-1,56.4554088,53.40565537780571,0.7677767857142854,0.8827253084625138,36067,36138,71,take_profit,0.054020571049240074,0.0455727119516971,0.3842512716795398,0.40176264420086477
keltner_only_atr_k1,2026-06-11 02:15:00+00:00,2026-06-11 02:30:00+00:00,2026-06-12 17:45:00+00:00,-1,53.5825584,62.436380109074285,0.7357380952380952,0.8742893757483576,36160,36317,157,stop_loss,-0.16523700945706032,-0.13110199382615428,0.40176264420086477,0.3490907605012636
keltner_only_atr_k1,2026-06-13 04:45:00+00:00,2026-06-13 05:00:00+00:00,2026-06-15 02:30:00+00:00,-1,57.9308184,64.90607402021713,0.5791086309523809,1.2008938614095452,36362,36544,182,stop_loss,-0.1204066473229235,-0.1337286054993969,0.3490907605012636,0.30240733990670565
keltner_only_atr_k1,2026-06-15 06:30:00+00:00,2026-06-15 06:45:00+00:00,2026-06-15 10:00:00+00:00,1,64.79990959999999,66.85788193616,0.5211815476190476,1.739961831232833,36561,36574,13,take_profit,0.03175887665374155,0.052209601700060615,0.30240733990670565,0.3181959066744096
keltner_only_atr_k1,2026-06-15 14:00:00+00:00,2026-06-15 14:15:00+00:00,2026-06-16 03:15:00+00:00,1,67.23688399999999,69.2653929464,0.5140565476190474,1.830421194629552,36591,36643,52,take_profit,0.03016958588384333,0.05089984803315595,0.3181959066744096,0.3343920299689093
keltner_only_atr_k1,2026-06-16 07:15:00+00:00,2026-06-16 07:30:00+00:00,2026-06-16 08:45:00+00:00,1,71.9817812,74.00321568752001,0.5127619047619044,1.964541419019318,36660,36665,5,take_profit,0.028082584979433722,0.05141555767133488,0.3343920299689093,0.3515849826706105
keltner_only_atr_k1,2026-06-16 12:45:00+00:00,2026-06-16 13:00:00+00:00,2026-06-17 11:30:00+00:00,1,76.97577799999999,70.6530590388,0.5245372023809521,2.053677022545385,36682,36772,90,stop_loss,-0.08213907186751657,-0.16842632621931786,0.3515849826706105,0.29236881568551704
keltner_only_atr_k1,2026-06-17 16:00:00+00:00,2026-06-17 16:15:00+00:00,2026-06-18 04:00:00+00:00,1,75.845326,69.2627169696,0.5462410714285713,1.943116428839962,36791,36838,47,stop_loss,-0.08678991017060156,-0.1682724325220667,0.29236881568551704,0.24317120387651933
keltner_only_atr_k1,2026-06-18 14:15:00+00:00,2026-06-18 14:30:00+00:00,2026-06-18 16:00:00+00:00,-1,69.62214,67.292171106,0.5892187499999998,1.4184884645982505,36880,36886,6,take_profit,0.033465918944749484,0.0457597746518017,0.24317120387651933,0.25429866336771617
keltner_only_atr_k1,2026-06-18 21:00:00+00:00,2026-06-18 21:15:00+00:00,2026-06-20 21:15:00+00:00,-1,67.9038276,70.20307,0.5953392857142856,1.3692561864483042,36907,37099,192,timeout_next_open,-0.0338602768248073,-0.0552303976182994,0.25429866336771617,0.24025364707611513
keltner_only_atr_k1,2026-06-21 07:45:00+00:00,2026-06-21 08:00:00+00:00,2026-06-22 03:45:00+00:00,-1,68.5045872,66.0321204396419,0.6247172619047616,1.3164099187727787,37142,37221,79,take_profit,0.036091988309333245,0.04440175949552194,0.24025364707611513,0.2509213317315108
keltner_only_atr_k1,2026-06-22 13:15:00+00:00,2026-06-22 13:30:00+00:00,2026-06-24 02:45:00+00:00,1,69.1086324,61.63725334704001,0.6205595238095237,1.5584870796324366,37260,37409,149,stop_loss,-0.10811064831547723,-0.1676126656784127,0.2509213317315108,0.208863738444415
keltner_only_atr_k1,2026-06-24 13:00:00+00:00,2026-06-24 13:15:00+00:00,2026-06-25 13:45:00+00:00,-1,61.036575600000006,58.792702325478096,0.5668452380952379,1.2926491231754702,37451,37549,98,take_profit,0.03676276482525842,0.03982363776980913,0.208863738444415,0.21718145230747352
keltner_only_atr_k1,2026-06-25 20:15:00+00:00,2026-06-25 20:30:00+00:00,2026-06-27 20:30:00+00:00,1,64.105632,62.1211416,0.5258675595238094,1.7059808762730526,37576,37768,192,timeout_next_open,-0.03095656868338803,-0.05859429054795262,0.21718145230747352,0.2044558591893431
keltner_only_atr_k1,2026-06-28 00:30:00+00:00,2026-06-28 00:45:00+00:00,2026-06-30 00:45:00+00:00,-1,61.9672032,66.1004296,0.5189598214285714,1.433452011664817,37785,37977,192,timeout_next_open,-0.06670022506357043,-0.0982439778012345,0.2044558591893431,0.18436930229781293
keltner_only_atr_k1,2026-07-01 01:00:00+00:00,2026-07-01 01:15:00+00:00,2026-07-03 01:15:00+00:00,-1,63.59855040000001,66.72567959999999,0.5059925595238096,1.5088917527137549,38075,38267,192,timeout_next_open,-0.0491698188139833,-0.07974660874922368,0.18436930229781293,0.16966647568210189
keltner_only_atr_k1,2026-07-03 05:15:00+00:00,2026-07-03 05:30:00+00:00,2026-07-03 11:00:00+00:00,1,67.45997320000001,69.28204691072001,0.4624494047619046,2.041438458518629,38284,38306,22,take_profit,0.02700970107589673,0.05108821320144297,0.16966647568210189,0.17833443276488656
keltner_only_atr_k1,2026-07-03 15:00:00+00:00,2026-07-03 15:15:00+00:00,2026-07-05 15:15:00+00:00,1,70.468176,69.57216,0.4483169642857141,2.199693695667328,38323,38515,192,timeout_next_open,-0.01271518649780301,-0.035592274814688074,0.17833443276488656,0.1719871046249972
keltner_only_atr_k1,2026-07-05 20:00:00+00:00,2026-07-05 20:15:00+00:00,2026-07-06 00:00:00+00:00,1,70.3821416,72.07370534336,0.4301011904761901,2.290056437438589,38535,38550,15,take_profit,0.024033990795187865,0.05053419918349289,0.1719871046249972,0.18067833522710902
keltner_only_atr_k1,2026-07-06 04:00:00+00:00,2026-07-06 04:15:00+00:00,2026-07-08 04:15:00+00:00,1,71.4715772,68.1187416,0.4293749999999996,2.3294369723435246,38567,38759,192,timeout_next_open,-0.04691145391429796,-0.11569730996070782,0.18067833522710902,0.1597743378731535
keltner_only_atr_k1,2026-07-08 08:15:00+00:00,2026-07-08 08:30:00+00:00,2026-07-10 08:30:00+00:00,-1,67.7958708,68.9915856,0.4153526785714283,1.9594817657111543,38776,38968,192,timeout_next_open,-0.01763698564367422,-0.04331060887699811,0.1597743378731535,0.15285441401694802
keltner_only_atr_k1,2026-07-10 20:00:00+00:00,2026-07-10 20:15:00+00:00,2026-07-12 20:15:00+00:00,-1,67.02417960000001,68.0862236,0.3789791666666667,2.1231035127260736,39015,39207,192,timeout_next_open,-0.01584568444311074,-0.039255891267819365,0.15285441401694802,0.14685397776049247
keltner_only_atr_k1,2026-07-13 03:00:00+00:00,2026-07-13 03:15:00+00:00,2026-07-13 04:45:00+00:00,-1,66.58035720000001,65.2214234333562,0.3462529761904763,2.3083816023585833,39235,39241,6,take_profit,0.02041043070048021,0.04278389193890719,0.14685397776049247,0.15313696247579606
keltner_only_atr_k1,2026-07-13 08:45:00+00:00,2026-07-13 09:00:00+00:00,2026-07-13 13:00:00+00:00,-1,65.57376,64.21167844923808,0.3469389880952381,2.2689868449835506,39258,39274,16,take_profit,0.02077174697259876,0.04369724123600882,0.15313696247579606,0.15982862526725056
keltner_only_atr_k1,2026-07-13 17:00:00+00:00,2026-07-13 17:15:00+00:00,2026-07-15 09:00:00+00:00,-1,63.653528400000006,67.77627092564572,0.3413035714285715,2.2389100612148796,39291,39450,159,stop_loss,-0.06476848384174905,-0.14031023659383246,0.15982862526725056,0.13740303304153564
keltner_only_atr_k1,2026-07-15 13:00:00+00:00,2026-07-15 13:15:00+00:00,2026-07-16 16:00:00+00:00,1,68.70547119999999,64.91867191152,0.3134017857142858,3.0,39467,39574,107,stop_loss,-0.05511641536460343,-0.16548665072186886,0.13740303304153564,0.11466466530446563
keltner_only_atr_k1,2026-07-16 20:00:00+00:00,2026-07-16 20:15:00+00:00,2026-07-16 23:00:00+00:00,-1,62.4759996,61.250019573649524,0.31261755952380954,2.399135867935396,39591,39602,11,take_profit,0.019623215862087262,0.041982123826359796,0.11466466530446563,0.11947853148178582
keltner_only_atr_k1,2026-07-17 03:00:00+00:00,2026-07-17 03:15:00+00:00,2026-07-17 05:15:00+00:00,-1,60.395832000000006,59.13102257089525,0.3221130952380953,2.250886445532662,39619,39627,8,take_profit,0.02094199859859136,0.043206067778227775,0.11947853148178582,0.12464072901103099
keltner_only_atr_k1,2026-07-17 09:15:00+00:00,2026-07-17 09:30:00+00:00,2026-07-17 13:45:00+00:00,-1,60.2698824,58.978315483912375,0.3287872023809524,2.2005966009640407,39644,39661,17,take_profit,0.02142972351456962,0.04219121532769021,0.12464072901103099,0.1298994728473357
keltner_only_atr_k1,2026-07-17 19:15:00+00:00,2026-07-17 19:30:00+00:00,2026-07-18 13:15:00+00:00,-1,59.7890748,58.474770832300955,0.33442113095238096,2.1462638977266155,39684,39755,71,take_profit,0.021982343297592633,0.042738047061312345,0.1298994728473357,0.1354511226311248
keltner_only_fixed1x_k1,2025-06-16 02:15:00+00:00,2025-06-16 02:30:00+00:00,2025-06-16 05:45:00+00:00,1,41.9927904,43.618056433839996,0.4106800595238095,1.0,1600,1613,13,take_profit,0.03870345405386533,0.036337960188697505,1.0,1.0363379601886975
keltner_only_fixed1x_k1,2025-06-16 09:45:00+00:00,2025-06-16 10:00:00+00:00,2025-06-17 15:15:00+00:00,1,44.5067956,39.47523133176,0.4179806547619047,1.0,1630,1747,117,stop_loss,-0.1130515958385464,-0.11604263195177977,1.0363379601886975,0.9160785756968622
keltner_only_fixed1x_k1,2025-06-17 20:45:00+00:00,2025-06-17 21:00:00+00:00,2025-06-18 13:00:00+00:00,-1,39.8810412,38.16552749743238,0.43269345238095236,1.0,1770,1834,64,take_profit,0.04301577017421554,0.04098396406440874,0.9160785756968622,0.9536231071233973
keltner_only_fixed1x_k1,2025-06-18 17:00:00+00:00,2025-06-18 17:15:00+00:00,2025-06-19 13:15:00+00:00,-1,38.5335804,36.81204337739809,0.434063988095238,1.0,1851,1931,80,take_profit,0.04467627987670486,0.03989600957872663,0.9536231071233973,0.9916688637396873
keltner_only_fixed1x_k1,2025-06-19 17:15:00+00:00,2025-06-19 17:30:00+00:00,2025-06-20 16:15:00+00:00,-1,36.3114696,34.58407746164953,0.4353050595238093,1.0,1948,2039,91,take_profit,0.04757152925450514,0.04354170834138804,0.9916688637396873,1.0348478201758764
keltner_only_fixed1x_k1,2025-06-20 20:15:00+00:00,2025-06-20 20:30:00+00:00,2025-06-20 22:15:00+00:00,-1,34.699114800000004,33.089672757824765,0.40566815476190465,1.0,2056,2063,7,take_profit,0.046382798277471826,0.04596982874023303,1.0348478201758764,1.082419597241565
keltner_only_fixed1x_k1,2025-06-21 13:45:00+00:00,2025-06-21 14:00:00+00:00,2025-06-21 17:45:00+00:00,-1,34.0493748,32.4657368546819,0.39915476190476196,1.0,2126,2141,15,take_profit,0.04651004474003151,0.04561605615670583,1.082419597241565,1.1317953103744551
keltner_only_fixed1x_k1,2025-06-21 21:45:00+00:00,2025-06-21 22:00:00+00:00,2025-06-23 18:00:00+00:00,-1,32.067168,36.94826282434286,0.40552678571428574,1.0,2158,2334,176,stop_loss,-0.15221471457482183,-0.15017663104621848,1.1317953103744551,0.9618261036285103
keltner_only_fixed1x_k1,2025-06-23 22:00:00+00:00,2025-06-23 22:15:00+00:00,2025-06-25 22:15:00+00:00,1,38.2883092,37.0941564,0.4529494047619047,1.0,2351,2543,192,timeout_next_open,-0.031188444330678244,-0.03349777232694395,0.9618261036285103,0.9296070717910508
keltner_only_fixed1x_k1,2025-06-26 16:45:00+00:00,2025-06-26 17:00:00+00:00,2025-06-28 17:00:00+00:00,-1,36.395436,36.984787999999995,0.4214122023809522,1.0,2618,2810,192,timeout_next_open,-0.016193019366494088,-0.021105224855156757,0.9296070717910508,0.9099875055139569
keltner_only_fixed1x_k1,2025-06-28 21:00:00+00:00,2025-06-28 21:15:00+00:00,2025-06-29 14:00:00+00:00,1,37.6090376,39.12363783496,0.3825639880952378,1.0,2827,2894,67,take_profit,0.04027224123810069,0.03792334047001589,0.9099875055139569,0.9444972715090231
keltner_only_fixed1x_k1,2025-06-29 21:30:00+00:00,2025-06-29 21:45:00+00:00,2025-06-30 01:30:00+00:00,1,38.7234832,40.04209090671999,0.3336577380952378,1.0,2925,2940,15,take_profit,0.034051887840502726,0.03193321887580369,0.9444972715090231,0.9746581096077201
keltner_only_fixed1x_k1,2025-06-30 05:30:00+00:00,2025-06-30 05:45:00+00:00,2025-07-01 23:00:00+00:00,1,40.881346,36.91917956160001,0.3289494047619045,1.0,2957,3122,165,stop_loss,-0.09691868849915042,-0.09919115980082638,0.9746581096077201,0.8779806413064494
keltner_only_fixed1x_k1,2025-07-02 03:00:00+00:00,2025-07-02 03:15:00+00:00,2025-07-03 07:45:00+00:00,-1,37.3720452,40.771758096651425,0.2819508928571426,1.0,3139,3253,114,stop_loss,-0.09096940984785662,-0.0868588430579732,0.8779806413064494,0.8017202585752738
keltner_only_fixed1x_k1,2025-07-03 12:00:00+00:00,2025-07-03 12:15:00+00:00,2025-07-05 12:15:00+00:00,1,40.706275999999995,39.1133484,0.27097767857142835,1.0,3271,3463,192,timeout_next_open,-0.03913223602178684,-0.04162822067568428,0.8017202585752738,0.7683460707311357
keltner_only_fixed1x_k1,2025-07-05 18:15:00+00:00,2025-07-05 18:30:00+00:00,2025-07-07 18:30:00+00:00,-1,38.526583200000005,38.71548,0.26191815476190455,1.0,3488,3680,192,timeout_next_open,-0.004903024984577176,-0.007833480084778799,0.7683460707311357,0.7623272470878453
keltner_only_fixed1x_k1,2025-07-07 22:30:00+00:00,2025-07-07 22:45:00+00:00,2025-07-08 02:30:00+00:00,-1,38.4636084,37.52406440526476,0.2386369047619046,1.0,3697,3712,15,take_profit,0.02442682925024886,0.022682800600710484,0.7623272470878453,0.7796189640260274
keltner_only_fixed1x_k1,2025-07-08 06:30:00+00:00,2025-07-08 06:45:00+00:00,2025-07-09 19:15:00+00:00,-1,37.602952800000004,40.46900893112,0.2374895833333332,1.0,3729,3875,146,stop_loss,-0.07621891148718496,-0.07455388554172893,0.7796189640260274,0.7214953410158697
keltner_only_fixed1x_k1,2025-07-09 23:15:00+00:00,2025-07-09 23:30:00+00:00,2025-07-10 04:30:00+00:00,1,40.901354,41.7626125084,0.2194925595238093,1.0,3892,3912,20,take_profit,0.0210569681482915,0.01891397622897606,0.7214953410158697,0.7351416867451608
keltner_only_fixed1x_k1,2025-07-10 08:30:00+00:00,2025-07-10 08:45:00+00:00,2025-07-10 17:00:00+00:00,1,41.94177,42.798126042,0.2183705357142856,1.0,3929,3962,33,take_profit,0.020417737305793215,0.018419844225701754,0.7351416867451608,0.7486828820988263
keltner_only_fixed1x_k1,2025-07-10 21:00:00+00:00,2025-07-10 21:15:00+00:00,2025-07-10 22:15:00+00:00,1,43.2202812,44.058495987520004,0.21396130952380932,1.0,3979,3983,4,take_profit,0.01939401513010064,0.017356246493855476,0.7486828820988263,0.7616772067462636
keltner_only_fixed1x_k1,2025-07-11 02:15:00+00:00,2025-07-11 02:30:00+00:00,2025-07-11 04:45:00+00:00,1,44.014598799999995,44.870786160479994,0.21853571428571414,1.0,4000,4009,9,take_profit,0.019452349534536673,0.017363593564602597,0.7616772067462636,0.7749026601916276
keltner_only_fixed1x_k1,2025-07-11 08:45:00+00:00,2025-07-11 09:00:00+00:00,2025-07-11 19:15:00+00:00,1,45.8613372,46.735843715120005,0.2233020833333332,1.0,4026,4067,41,take_profit,0.019068491424624412,0.016895736275477802,0.7749026601916276,0.7879952111773916
keltner_only_fixed1x_k1,2025-07-11 23:15:00+00:00,2025-07-11 23:30:00+00:00,2025-07-12 07:15:00+00:00,1,46.168459999999996,47.091883566,0.23556696428571422,1.0,4084,4115,31,take_profit,0.020001177557146255,0.017860401528594805,0.7879952111773916,0.8020691220516297
keltner_only_fixed1x_k1,2025-07-12 11:15:00+00:00,2025-07-12 11:30:00+00:00,2025-07-13 13:30:00+00:00,1,47.2979116,48.24599238536,0.2418467261904762,1.0,4132,4236,104,take_profit,0.0200448762596106,0.0175744313138253,0.8020691220516297,0.8161650307460662
keltner_only_fixed1x_k1,2025-07-13 17:30:00+00:00,2025-07-13 17:45:00+00:00,2025-07-14 00:45:00+00:00,1,48.4633776,49.50107519896,0.2643764880952381,1.0,4253,4281,28,take_profit,0.021411995002180717,0.019268257953354517,0.8161650307460662,0.831891109090989
keltner_only_fixed1x_k1,2025-07-14 04:45:00+00:00,2025-07-14 05:00:00+00:00,2025-07-14 20:15:00+00:00,1,49.8459304,46.54905332784,0.2731875000000001,1.0,4298,4359,61,stop_loss,-0.06614134886646639,-0.06828816783783598,0.831891109090989,0.77508278941058
keltner_only_fixed1x_k1,2025-07-15 11:15:00+00:00,2025-07-15 11:30:00+00:00,2025-07-17 11:30:00+00:00,-1,46.714306799999996,46.7106768,0.2980431547619048,1.0,4420,4612,192,timeout_next_open,7.770638694337695e-05,-0.00508685128923092,0.77508278941058,0.771140058524006
keltner_only_fixed1x_k1,2025-07-17 19:45:00+00:00,2025-07-17 20:00:00+00:00,2025-07-17 20:30:00+00:00,-1,45.811668,44.49227326958095,0.334296130952381,1.0,4646,4648,2,take_profit,0.028800408018739843,0.02721995827496948,0.771140058524006,0.792130458741187
keltner_only_fixed1x_k1,2025-07-18 14:15:00+00:00,2025-07-18 14:30:00+00:00,2025-07-18 19:00:00+00:00,-1,45.151932,43.801100196609525,0.34208630952380953,1.0,4720,4738,18,take_profit,0.029917475145703087,0.028244520052580935,0.792130458741187,0.8145038033673626
keltner_only_fixed1x_k1,2025-07-18 23:00:00+00:00,2025-07-18 23:15:00+00:00,2025-07-20 23:15:00+00:00,-1,43.8784416,46.065418799999996,0.34475148809523803,1.0,4755,4947,192,timeout_next_open,-0.04984172455204039,-0.0513748808946598,0.8145038033673626,0.772658767481117
keltner_only_fixed1x_k1,2025-07-21 03:45:00+00:00,2025-07-21 04:00:00+00:00,2025-07-23 04:00:00+00:00,1,46.6556548,45.13194,0.3347931547619048,1.0,4966,5158,192,timeout_next_open,-0.032658737864289966,-0.035514270019808,0.772658767481117,0.7452183553796206
keltner_only_fixed1x_k1,2025-07-23 09:45:00+00:00,2025-07-23 10:00:00+00:00,2025-07-23 17:15:00+00:00,-1,43.7854788,42.41322302009142,0.34730357142857154,1.0,5182,5211,29,take_profit,0.031340431063382135,0.029654720905064602,0.7452183553796206,0.7673175977217345
keltner_only_fixed1x_k1,2025-07-24 05:00:00+00:00,2025-07-24 05:15:00+00:00,2025-07-24 07:00:00+00:00,-1,42.8498532,41.48095680556571,0.34637053571428594,1.0,5259,5266,7,take_profit,0.031946349688644626,0.03017571114761397,0.7673175977217345,0.7904719519090666
keltner_only_fixed1x_k1,2025-07-24 16:30:00+00:00,2025-07-24 16:45:00+00:00,2025-07-26 16:45:00+00:00,-1,41.9652072,43.7795048,0.3475580357142859,1.0,5305,5497,192,timeout_next_open,-0.04323337643379954,-0.04630526225338916,0.7904719519090666,0.7538689408719689
keltner_only_fixed1x_k1,2025-07-26 23:45:00+00:00,2025-07-27 00:00:00+00:00,2025-07-29 00:00:00+00:00,-1,43.347654000000006,43.7584964,0.3205059523809527,1.0,5526,5718,192,timeout_next_open,-0.009477846252071487,-0.01577900212455574,0.7538689408719689,0.7419736412523135
keltner_only_fixed1x_k1,2025-07-29 09:15:00+00:00,2025-07-29 09:30:00+00:00,2025-07-30 19:00:00+00:00,1,45.0390084,41.36313509664,0.3049434523809526,1.0,5756,5890,134,stop_loss,-0.08161532489156664,-0.08361460561515233,0.7419736412523135,0.6799338078621627
keltner_only_fixed1x_k1,2025-07-31 08:15:00+00:00,2025-07-31 08:30:00+00:00,2025-08-01 05:45:00+00:00,1,43.6784644,40.06441436424001,0.29983482142857143,1.0,5944,6029,85,stop_loss,-0.08274214960176107,-0.08427375699460193,0.6799338078621627,0.6226332313659725
keltner_only_fixed1x_k1,2025-08-01 09:45:00+00:00,2025-08-01 10:00:00+00:00,2025-08-01 13:45:00+00:00,-1,39.4672068,38.25759895891048,0.30622619047619043,1.0,6046,6061,15,take_profit,0.03064842787631783,0.028519527061636962,0.6226332313659725,0.6403904366573888
keltner_only_fixed1x_k1,2025-08-01 17:45:00+00:00,2025-08-01 18:00:00+00:00,2025-08-01 20:15:00+00:00,-1,38.3036724,37.069797961817144,0.3121741071428571,1.0,6078,6087,9,take_profit,0.032212954029516516,0.030479191437206676,0.6403904366573888,0.6599090193708258
keltner_only_fixed1x_k1,2025-08-02 00:15:00+00:00,2025-08-02 00:30:00+00:00,2025-08-02 18:00:00+00:00,-1,37.743896400000004,36.47362882760762,0.3212127976190475,1.0,6104,6174,70,take_profit,0.03365491360325967,0.03030899381088692,0.6599090193708258,0.6799101977546846
keltner_only_fixed1x_k1,2025-08-03 00:15:00+00:00,2025-08-03 00:30:00+00:00,2025-08-05 00:30:00+00:00,-1,36.6173472,38.5394096,0.33868452380952363,1.0,6200,6392,192,timeout_next_open,-0.05249048735021411,-0.05678065119405873,0.6799101977546846,0.6413044539726924
keltner_only_fixed1x_k1,2025-08-05 06:00:00+00:00,2025-08-05 06:15:00+00:00,2025-08-07 06:15:00+00:00,1,39.1496536,38.1657276,0.3319880952380951,1.0,6415,6607,192,timeout_next_open,-0.025132431823100543,-0.027494860359860263,0.6413044539726924,0.6236718775625568
keltner_only_fixed1x_k1,2025-08-07 10:15:00+00:00,2025-08-07 10:30:00+00:00,2025-08-07 20:15:00+00:00,1,38.6964724,39.94114431104,0.3151636904761904,1.0,6624,6663,39,take_profit,0.0321649968031712,0.029947191445349297,0.6236718775625568,0.6423490986790031
keltner_only_fixed1x_k1,2025-08-08 00:15:00+00:00,2025-08-08 00:30:00+00:00,2025-08-09 05:30:00+00:00,1,40.736287999999995,41.9406895348,0.30529613095238084,1.0,6680,6796,116,take_profit,0.029565814509167065,0.02729949053805414,0.6423490986790031,0.6598849018205182
keltner_only_fixed1x_k1,2025-08-09 09:30:00+00:00,2025-08-09 09:45:00+00:00,2025-08-09 20:45:00+00:00,1,43.05521519999999,44.16586321391999,0.28208035714285706,1.0,6813,6857,44,take_profit,0.02579589972459373,0.02359177959894776,0.6598849018205182,0.6754527609849411
keltner_only_fixed1x_k1,2025-08-10 00:45:00+00:00,2025-08-10 01:00:00+00:00,2025-08-10 17:30:00+00:00,1,44.027604,45.1145569084,0.2762514880952381,1.0,6874,6940,66,take_profit,0.024687986845707055,0.022435122971974142,0.6754527609849411,0.6906066267393977
keltner_only_fixed1x_k1,2025-08-10 21:45:00+00:00,2025-08-10 22:00:00+00:00,2025-08-11 02:00:00+00:00,1,45.079024399999994,46.17130444024,0.2776889880952382,1.0,6958,6974,16,take_profit,0.024230338938746154,0.02213179334608273,0.6906066267393977,0.7058909898858293
keltner_only_fixed1x_k1,2025-08-11 06:00:00+00:00,2025-08-11 06:15:00+00:00,2025-08-11 21:45:00+00:00,1,46.5646184,43.20088470264,0.2788705357142857,1.0,6991,7053,62,stop_loss,-0.07223797408720944,-0.07427773797478576,0.7058909898858293,0.6534590039003275
keltner_only_fixed1x_k1,2025-08-12 02:00:00+00:00,2025-08-12 02:15:00+00:00,2025-08-12 10:00:00+00:00,-1,43.4835996,42.37651962079237,0.28100595238095244,1.0,7071,7102,31,take_profit,0.025459713303211173,0.02352918362021872,0.6534590039003275,0.6688343607913835
keltner_only_fixed1x_k1,2025-08-12 15:45:00+00:00,2025-08-12 16:00:00+00:00,2025-08-12 21:15:00+00:00,1,44.477784,45.5684302864,0.27722023809523816,1.0,7126,7147,21,take_profit,0.024521147150676326,0.02242200572105335,0.6688343607913835,0.6838309686554849
keltner_only_fixed1x_k1,2025-08-13 06:15:00+00:00,2025-08-13 06:30:00+00:00,2025-08-13 12:15:00+00:00,-1,43.2536916,46.658561848068565,0.28218452380952375,1.0,7184,7207,23,stop_loss,-0.07871860463509117,-0.07550512160539158,0.6838309686554849,0.6321982282096198
keltner_only_fixed1x_k1,2025-08-13 16:15:00+00:00,2025-08-13 16:30:00+00:00,2025-08-13 17:00:00+00:00,1,46.0704208,47.22286933168,0.29283630952380946,1.0,7224,7226,2,take_profit,0.025014933913518833,0.022965929060625667,0.6321982282096198,0.6467172478709351
keltner_only_fixed1x_k1,2025-08-13 21:00:00+00:00,2025-08-13 21:15:00+00:00,2025-08-14 03:15:00+00:00,1,47.1818652,48.36766515392,0.3012886904761905,1.0,7243,7267,24,take_profit,0.025132536598404753,0.023032142492912744,0.6467172478709351,0.6616125316765228
keltner_only_fixed1x_k1,2025-08-14 12:30:00+00:00,2025-08-14 12:45:00+00:00,2025-08-14 13:00:00+00:00,-1,45.471804000000006,44.18968709302858,0.32494642857142864,1.0,7305,7306,1,take_profit,0.028195866321279572,0.02651509528771534,0.6616125316765228,0.6791552509974724
keltner_only_fixed1x_k1,2025-08-14 17:00:00+00:00,2025-08-14 17:15:00+00:00,2025-08-15 03:00:00+00:00,-1,44.7930756,48.85523488024,0.3368854166666667,1.0,7323,7362,39,stop_loss,-0.0906872150623208,-0.08727122397877718,0.6791552509974724,0.6198845409713094
keltner_only_fixed1x_k1,2025-08-15 07:00:00+00:00,2025-08-15 07:15:00+00:00,2025-08-17 07:15:00+00:00,1,48.4633776,47.051172,0.3546026785714287,1.0,7379,7571,192,timeout_next_open,-0.029139644612801385,-0.031661586381449225,0.6198845409713094,0.6002580130308213
keltner_only_fixed1x_k1,2025-08-17 11:45:00+00:00,2025-08-17 12:00:00+00:00,2025-08-18 06:15:00+00:00,1,47.6430496,43.133985530160004,0.3743169642857143,1.0,7590,7663,73,stop_loss,-0.09464264163812042,-0.09663314695452585,0.6002580130308213,0.5422531922469822
keltner_only_fixed1x_k1,2025-08-18 10:15:00+00:00,2025-08-18 10:30:00+00:00,2025-08-19 23:00:00+00:00,-1,43.0717644,41.58965551528381,0.3746845238095239,1.0,7680,7826,146,take_profit,0.034410219905367745,0.02953720246751579,0.5422531922469822,0.5582698345750381
keltner_only_fixed1x_k1,2025-08-20 03:00:00+00:00,2025-08-20 03:15:00+00:00,2025-08-22 03:15:00+00:00,-1,41.6423364,41.4575764,0.37548809523809523,1.0,7843,8035,192,timeout_next_open,0.004436830782626244,-0.002448411455648447,0.5582698345750381,0.5569029603167216
keltner_only_fixed1x_k1,2025-08-22 14:00:00+00:00,2025-08-22 14:15:00+00:00,2025-08-22 23:00:00+00:00,1,43.812518,45.066192642800004,0.31792708333333336,1.0,8079,8114,35,take_profit,0.028614530732974597,0.026455677019406876,0.5569029603167216,0.5716362051660123
keltner_only_fixed1x_k1,2025-08-23 05:45:00+00:00,2025-08-23 06:00:00+00:00,2025-08-24 18:15:00+00:00,1,44.6048348,45.82223071608,0.30893303571428565,1.0,8142,8287,145,take_profit,0.027292913908068206,0.023887435446372285,0.5716362051660123,0.5852911281157247
keltner_only_fixed1x_k1,2025-08-24 22:30:00+00:00,2025-08-24 22:45:00+00:00,2025-08-25 02:15:00+00:00,1,45.970380799999994,47.218634597679994,0.31678720238095237,1.0,8305,8319,14,take_profit,0.02715343610292642,0.02484850454676546,0.5852911281157247,0.5998347373738898
keltner_only_fixed1x_k1,2025-08-25 07:30:00+00:00,2025-08-25 07:45:00+00:00,2025-08-25 21:00:00+00:00,-1,44.412228,43.148784184057135,0.3201741071428572,1.0,8341,8394,53,take_profit,0.02844810703806311,0.025229789822835524,0.5998347373738898,0.6149684417262687
keltner_only_fixed1x_k1,2025-08-26 01:00:00+00:00,2025-08-26 01:15:00+00:00,2025-08-26 15:00:00+00:00,-1,42.8548512,46.917592876194284,0.33699851190476204,1.0,8411,8466,55,stop_loss,-0.0948023750504654,-0.09072272615072607,0.6149684417262687,0.5591768281961977
keltner_only_fixed1x_k1,2025-08-26 19:00:00+00:00,2025-08-26 19:15:00+00:00,2025-08-26 21:30:00+00:00,1,48.1562548,49.51917134808,0.3456830357142859,1.0,8483,8492,9,take_profit,0.02830196313522282,0.026195075191540296,0.5591768281961977,0.5738245072561642
keltner_only_fixed1x_k1,2025-08-27 01:30:00+00:00,2025-08-27 01:45:00+00:00,2025-08-27 02:45:00+00:00,1,48.68146479999999,50.05582731407999,0.3485982142857144,1.0,8509,8513,4,take_profit,0.028231741171436564,0.026176305920835086,0.5738245072561642,0.5888451131029739
keltner_only_fixed1x_k1,2025-08-27 06:45:00+00:00,2025-08-27 07:00:00+00:00,2025-08-28 19:30:00+00:00,1,50.332124799999995,46.04953690008,0.35534672619047636,1.0,8530,8676,146,stop_loss,-0.08508657079225868,-0.08747399397397737,0.5888451131029739,0.5373364792277984
keltner_only_fixed1x_k1,2025-08-28 23:30:00+00:00,2025-08-28 23:45:00+00:00,2025-08-29 08:30:00+00:00,-1,45.6627276,44.18065470056381,0.37493452380952386,1.0,8693,8728,35,take_profit,0.0324569507196103,0.030840496110522198,0.5373364792277984,0.5539082028254649
keltner_only_fixed1x_k1,2025-08-29 13:45:00+00:00,2025-08-29 14:00:00+00:00,2025-08-31 14:00:00+00:00,-1,44.5031916,44.3097168,0.38095833333333345,1.0,8750,8942,192,timeout_next_open,0.004347436510598546,3.781689483850492e-05,0.5539082028254649,0.5539291499137213
keltner_only_fixed1x_k1,2025-08-31 18:00:00+00:00,2025-08-31 18:15:00+00:00,2025-09-02 18:15:00+00:00,1,45.2110772,43.825462800000004,0.3715803571428573,1.0,8959,9151,192,timeout_next_open,-0.03064767499058829,-0.0331656994453019,0.5539291499137213,0.5355577022136913
keltner_only_fixed1x_k1,2025-09-03 00:00:00+00:00,2025-09-03 00:15:00+00:00,2025-09-03 16:30:00+00:00,1,45.028003999999996,46.2497466984,0.3100625,1.0,9175,9240,65,take_profit,0.027132952604339344,0.024874713265000903,0.5355577022136913,0.5488795464931195
keltner_only_fixed1x_k1,2025-09-03 20:30:00+00:00,2025-09-03 20:45:00+00:00,2025-09-05 11:30:00+00:00,1,46.035406800000004,47.14702853728,0.28262202380952395,1.0,9257,9412,155,take_profit,0.024147103600266062,0.021478855617058645,0.5488795464931195,0.5606688510234019
keltner_only_fixed1x_k1,2025-09-05 15:30:00+00:00,2025-09-05 15:45:00+00:00,2025-09-07 15:45:00+00:00,1,46.96878,47.6469336,0.2506592261904763,1.0,9429,9621,192,timeout_next_open,0.01443839077787401,0.011676924215221485,0.5606688510234019,0.5672157387066374
keltner_only_fixed1x_k1,2025-09-08 02:00:00+00:00,2025-09-08 02:15:00+00:00,2025-09-08 03:00:00+00:00,1,47.630044399999996,48.55719113224,0.2366443452380953,1.0,9663,9666,3,take_profit,0.019465586142514812,0.01742767443581572,0.5672157387066374,0.5771009899356875
keltner_only_fixed1x_k1,2025-09-08 07:00:00+00:00,2025-09-08 07:15:00+00:00,2025-09-08 08:30:00+00:00,1,49.8609364,50.791885325440006,0.23781845238095234,1.0,9683,9688,5,take_profit,0.018670907380712753,0.016436584485232997,0.5771009899356875,0.586586559113277
keltner_only_fixed1x_k1,2025-09-08 12:30:00+00:00,2025-09-08 12:45:00+00:00,2025-09-08 13:15:00+00:00,1,50.910356,51.8485071076,0.23972470238095234,1.0,9705,9707,2,take_profit,0.018427510261370017,0.016391673668357587,0.586586559113277,0.5962016945685066
keltner_only_fixed1x_k1,2025-09-08 17:15:00+00:00,2025-09-08 17:30:00+00:00,2025-09-09 04:15:00+00:00,1,50.9223608,51.88085015568,0.24481249999999996,1.0,9724,9767,43,take_profit,0.018822563224130784,0.016402592295697405,0.5962016945685066,0.6059809478905177
keltner_only_fixed1x_k1,2025-09-09 08:15:00+00:00,2025-09-09 08:30:00+00:00,2025-09-10 22:45:00+00:00,1,54.836926,55.8332980296,0.2546785714285714,1.0,9784,9937,153,take_profit,0.018169727996788287,0.01498654528406096,0.6059809478905177,0.6150625088073571
keltner_only_fixed1x_k1,2025-09-11 03:30:00+00:00,2025-09-11 03:45:00+00:00,2025-09-11 23:45:00+00:00,1,55.8963496,57.068167960160004,0.29866369047619035,1.0,9957,10037,80,take_profit,0.02096413036889988,0.01866851773832945,0.6150625088073571,0.6265448141632087
keltner_only_fixed1x_k1,2025-09-12 03:45:00+00:00,2025-09-12 04:00:00+00:00,2025-09-14 04:00:00+00:00,1,56.607634,54.0053892,0.3184821428571427,1.0,10054,10246,192,timeout_next_open,-0.04596985629182093,-0.04840049932240842,0.6265448141632087,0.5962197323098438
keltner_only_fixed1x_k1,2025-09-14 11:15:00+00:00,2025-09-14 11:30:00+00:00,2025-09-15 08:45:00+00:00,-1,54.0303792,52.6551947612038,0.3490595238095237,1.0,10276,10361,85,take_profit,0.025452059733021448,0.02342335943336793,0.5962197323098438,0.6101852014010037
keltner_only_fixed1x_k1,2025-09-15 12:45:00+00:00,2025-09-15 13:00:00+00:00,2025-09-17 13:00:00+00:00,-1,53.039775600000006,55.1500512,0.35615624999999995,1.0,10378,10570,192,timeout_next_open,-0.039786661540853085,-0.04192504535884456,0.6101852014010037,0.584603159154971
keltner_only_fixed1x_k1,2025-09-17 17:15:00+00:00,2025-09-17 17:30:00+00:00,2025-09-17 21:45:00+00:00,1,55.4401672,56.68528758312,0.3169508928571429,1.0,10588,10605,17,take_profit,0.022458813636478503,0.02036389772209546,0.584603159154971,0.5965079580960166
keltner_only_fixed1x_k1,2025-09-18 01:45:00+00:00,2025-09-18 02:00:00+00:00,2025-09-20 02:00:00+00:00,1,58.8675376,55.851650400000004,0.3228809523809525,1.0,10622,10814,192,timeout_next_open,-0.05123175391661017,-0.05564718446463823,0.5965079580960166,0.5633139697172229
keltner_only_fixed1x_k1,2025-09-20 10:45:00+00:00,2025-09-20 11:00:00+00:00,2025-09-20 18:30:00+00:00,-1,55.59575280000001,54.37354113921524,0.3109880952380953,1.0,10850,10880,30,take_profit,0.02198390343200396,0.02031626378022322,0.5633139697172229,0.5747584049170827
keltner_only_fixed1x_k1,2025-09-20 22:30:00+00:00,2025-09-20 22:45:00+00:00,2025-09-21 09:45:00+00:00,-1,54.18131880000001,52.97801343704381,0.30612202380952386,1.0,10897,10941,44,take_profit,0.022208860721865453,0.02117010751777082,0.5747584049170827,0.5869261021459198
keltner_only_fixed1x_k1,2025-09-21 13:45:00+00:00,2025-09-21 14:00:00+00:00,2025-09-21 16:30:00+00:00,-1,52.812866400000004,51.63614355132191,0.29934226190476193,1.0,10958,10968,10,take_profit,0.022280988116905043,0.020580275786534985,0.5869261021459198,0.5990052031943988
keltner_only_fixed1x_k1,2025-09-21 20:30:00+00:00,2025-09-21 20:45:00+00:00,2025-09-21 23:45:00+00:00,-1,52.0851576,50.89947948923048,0.30150744047619044,1.0,10985,10997,12,take_profit,0.0227642223889426,0.021133178916439288,0.5990052031943988,0.611664087325384
keltner_only_fixed1x_k1,2025-09-22 03:45:00+00:00,2025-09-22 04:00:00+00:00,2025-09-22 06:00:00+00:00,-1,49.760088,48.544099066152384,0.30884970238095233,1.0,11014,11022,8,take_profit,0.024437033428229005,0.022512177903779573,0.611664087325384,0.6254339780766061
keltner_only_fixed1x_k1,2025-09-22 10:00:00+00:00,2025-09-22 10:15:00+00:00,2025-09-22 17:00:00+00:00,-1,48.994394400000004,47.742549260140954,0.31773363095238083,1.0,11039,11066,27,take_profit,0.02555078300669944,0.023354359603693364,0.6254339780766061,0.6400405881089756
keltner_only_fixed1x_k1,2025-09-22 21:00:00+00:00,2025-09-22 21:15:00+00:00,2025-09-23 00:30:00+00:00,-1,47.810868,46.546169499580955,0.32082738095238084,1.0,11083,11096,13,take_profit,0.026452113365083574,0.024965867382835016,0.6400405881089756,0.656019756551336
keltner_only_fixed1x_k1,2025-09-23 04:30:00+00:00,2025-09-23 04:45:00+00:00,2025-09-23 18:45:00+00:00,-1,46.512387600000004,45.23007954075428,0.32509821428571417,1.0,11113,11169,56,take_profit,0.027569172975453138,0.024695071056882734,0.656019756551336,0.6722202110540902
keltner_only_fixed1x_k1,2025-09-23 22:45:00+00:00,2025-09-23 23:00:00+00:00,2025-09-24 04:00:00+00:00,-1,45.249892800000005,43.896182347596195,0.34281547619047614,1.0,11186,11206,20,take_profit,0.02991632396538646,0.02842747017293079,0.6722202110540902,0.6913297310534716
keltner_only_fixed1x_k1,2025-09-24 08:00:00+00:00,2025-09-24 08:15:00+00:00,2025-09-25 04:30:00+00:00,-1,44.249293200000004,42.85255832204191,0.3534672619047618,1.0,11223,11304,81,take_profit,0.03156513419649598,0.027362158721515817,0.6913297310534716,0.7102460048834596
keltner_only_fixed1x_k1,2025-09-25 08:30:00+00:00,2025-09-25 08:45:00+00:00,2025-09-25 12:00:00+00:00,-1,42.7518924,41.294272552198095,0.3685327380952379,1.0,11321,11334,13,take_profit,0.03409486144295004,0.03262704688369844,0.7102460048834596,0.7334192345837517
keltner_only_fixed1x_k1,2025-09-25 16:00:00+00:00,2025-09-25 16:15:00+00:00,2025-09-25 22:45:00+00:00,-1,42.0341796,40.536119707554285,0.3785669642857141,1.0,11351,11377,26,take_profit,0.03563908958617379,0.03178472352873185,0.7334192345837517,0.7567307621856504
keltner_only_fixed1x_k1,2025-09-26 11:00:00+00:00,2025-09-26 11:15:00+00:00,2025-09-27 17:45:00+00:00,-1,41.03358,45.92865840342857,0.406392857142857,1.0,11427,11549,122,stop_loss,-0.11929445111609982,-0.11239830194600486,0.7567307621856504,0.6716755094856772
keltner_only_fixed1x_k1,2025-09-27 21:45:00+00:00,2025-09-27 22:00:00+00:00,2025-09-29 04:00:00+00:00,1,45.83332599999999,47.53557201959999,0.43031696428571414,1.0,11566,11686,120,take_profit,0.03713991909729608,0.03454946000021297,0.6716755094856772,0.6948815356337753
keltner_only_fixed1x_k1,2025-09-29 08:00:00+00:00,2025-09-29 08:15:00+00:00,2025-10-01 08:15:00+00:00,1,47.5760228,45.7746828,0.43034374999999997,1.0,11703,11895,192,timeout_next_open,-0.03786234943539657,-0.040662381778576395,0.6948815356337753,0.6666259973409513
keltner_only_fixed1x_k1,2025-10-01 12:15:00+00:00,2025-10-01 12:30:00+00:00,2025-10-02 03:15:00+00:00,1,47.398952,49.067495719200004,0.4220446428571429,1.0,11912,11971,59,take_profit,0.0352021225954533,0.03297779138771917,0.6666259973409513,0.6886098504148914
keltner_only_fixed1x_k1,2025-10-02 07:15:00+00:00,2025-10-02 07:30:00+00:00,2025-10-02 19:00:00+00:00,1,49.057615199999994,50.691699453919995,0.41359226190476195,1.0,11988,12034,46,take_profit,0.03330949226247748,0.030896516482132874,0.6886098504148914,0.7098854960079942
keltner_only_fixed1x_k1,2025-10-02 23:00:00+00:00,2025-10-02 23:15:00+00:00,2025-10-04 23:15:00+00:00,1,50.538207199999995,48.8394564,0.3945119047619048,1.0,12051,12243,192,timeout_next_open,-0.03361319868901069,-0.036833503274652735,0.7098854960079942,0.6837379262661553
keltner_only_fixed1x_k1,2025-10-05 03:15:00+00:00,2025-10-05 03:30:00+00:00,2025-10-05 08:00:00+00:00,1,49.9609764,51.42241110944,0.3705029761904762,1.0,12260,12278,18,take_profit,0.02925152418438315,0.027091333550484764,0.6837379262661553,0.7022612984877484
keltner_only_fixed1x_k1,2025-10-05 17:45:00+00:00,2025-10-05 18:00:00+00:00,2025-10-07 01:00:00+00:00,-1,48.4806,47.001661004285715,0.3744330357142857,1.0,12318,12442,124,take_profit,0.030505789856443366,0.028355407757937323,0.7022612984877484,0.722174203958987
keltner_only_fixed1x_k1,2025-10-07 05:00:00+00:00,2025-10-07 05:15:00+00:00,2025-10-07 15:00:00+00:00,-1,46.146534,44.71774132550476,0.36166815476190495,1.0,12459,12498,39,take_profit,0.030962079936387887,0.029054980711377132,0.722174203958987,0.7431569615252694
keltner_only_fixed1x_k1,2025-10-07 19:00:00+00:00,2025-10-07 19:15:00+00:00,2025-10-09 14:30:00+00:00,-1,44.758089600000005,43.36810252393524,0.35183184523809535,1.0,12515,12688,173,take_profit,0.031055549700333085,0.027310826072884486,0.7431569615252694,0.7634531920463393
keltner_only_fixed1x_k1,2025-10-09 18:30:00+00:00,2025-10-09 18:45:00+00:00,2025-10-10 20:45:00+00:00,-1,43.0047912,41.678497599813326,0.3357395833333334,1.0,12705,12809,104,take_profit,0.030840600853485167,0.02592441375732424,0.7634531920463393,0.7832452684812985
keltner_only_fixed1x_k1,2025-10-11 00:45:00+00:00,2025-10-11 01:00:00+00:00,2025-10-11 01:30:00+00:00,-1,38.6035524,36.97199004476952,0.4115863095238097,1.0,12826,12828,2,take_profit,0.04226456514479948,0.04080293829101023,0.7832452684812985,0.8152039768378667
keltner_only_fixed1x_k1,2025-10-11 05:30:00+00:00,2025-10-11 05:45:00+00:00,2025-10-11 19:00:00+00:00,-1,38.90143320000001,37.210424513756195,0.42647172619047646,1.0,12845,12898,53,take_profit,0.043469058776061,0.039705930159800173,0.8152039768378667,0.8475724090081824
keltner_only_fixed1x_k1,2025-10-12 15:00:00+00:00,2025-10-12 15:15:00+00:00,2025-10-13 06:45:00+00:00,1,39.6788652,41.536583203919996,0.4685848214285716,1.0,12979,13041,62,take_profit,0.04681882898001821,0.04466715694244239,0.8475724090081824,0.8854310588214349
keltner_only_fixed1x_k1,2025-10-13 13:45:00+00:00,2025-10-13 14:00:00+00:00,2025-10-13 23:15:00+00:00,1,41.355535599999996,43.339764185760004,0.5003928571428573,1.0,13070,13107,37,take_profit,0.0479797578963046,0.04578026049034678,0.8854310588214349,0.9259663233405238
keltner_only_fixed1x_k1,2025-10-14 06:15:00+00:00,2025-10-14 06:30:00+00:00,2025-10-14 10:30:00+00:00,-1,39.794076000000004,37.751295480399996,0.5144687500000001,1.0,13136,13152,16,take_profit,0.05133378444570513,0.050792832174798574,0.9259663233405238,0.9729987754014742
keltner_only_fixed1x_k1,2025-10-15 08:15:00+00:00,2025-10-15 08:30:00+00:00,2025-10-17 07:30:00+00:00,1,40.7502936,34.319828032560004,0.5347276785714287,1.0,13240,13428,188,stop_loss,-0.15780169906407726,-0.1590909025155215,0.9729987754014742,0.8182035220763565
keltner_only_fixed1x_k1,2025-10-17 12:45:00+00:00,2025-10-17 13:00:00+00:00,2025-10-19 13:00:00+00:00,-1,35.1049524,37.3469328,0.5750520833333335,1.0,13450,13642,192,timeout_next_open,-0.06386507449017342,-0.06819432349025756,0.8182035220763565,0.7624066864110134
keltner_only_fixed1x_k1,2025-10-19 17:00:00+00:00,2025-10-19 17:15:00+00:00,2025-10-21 17:15:00+00:00,1,38.2733032,37.220106,0.42706845238095265,1.0,13659,13851,192,timeout_next_open,-0.027517802539708702,-0.030043957263642174,0.7624066864110134,0.7395009725069659
keltner_only_fixed1x_k1,2025-10-21 21:15:00+00:00,2025-10-21 21:30:00+00:00,2025-10-23 12:45:00+00:00,-1,35.8096704,40.28463495387428,0.3715714285714287,1.0,13868,14025,157,stop_loss,-0.12496525390734337,-0.11862717767426167,0.7395009725069659,0.6517760592510927
keltner_only_fixed1x_k1,2025-10-23 16:45:00+00:00,2025-10-23 17:00:00+00:00,2025-10-25 12:00:00+00:00,1,39.7779048,41.24318068808,0.37044494047619053,1.0,14042,14214,172,take_profit,0.03683642704278389,0.0341948131987424,0.6517760592510927,0.6740634198445963
keltner_only_fixed1x_k1,2025-10-25 16:00:00+00:00,2025-10-25 16:15:00+00:00,2025-10-25 18:00:00+00:00,1,40.9453716,42.26537535136001,0.3342291666666667,1.0,14231,14238,7,take_profit,0.03223816758229159,0.030174723485294264,0.6740634198445963,0.6944030971499587
keltner_only_fixed1x_k1,2025-10-25 22:00:00+00:00,2025-10-25 22:15:00+00:00,2025-10-26 08:00:00+00:00,1,44.051613599999996,45.37758625455999,0.33603273809523815,1.0,14255,14294,39,take_profit,0.030100433246331715,0.027887064001081097,0.6944030971499587,0.7137679607627285
keltner_only_fixed1x_k1,2025-10-26 12:00:00+00:00,2025-10-26 12:15:00+00:00,2025-10-28 12:15:00+00:00,1,48.221280799999995,48.1177452,0.346202380952381,1.0,14311,14503,192,timeout_next_open,-0.002147093529709654,-0.004718748252055982,0.7137679607627285,0.7103998694455058
keltner_only_fixed1x_k1,2025-10-28 20:00:00+00:00,2025-10-28 20:15:00+00:00,2025-10-30 15:45:00+00:00,-1,46.261488,44.720577411866664,0.38969791666666675,1.0,14535,14709,174,take_profit,0.03330871216536169,0.02110072490906334,0.7103998694455058,0.7253898216661099
keltner_only_fixed1x_k1,2025-10-30 19:45:00+00:00,2025-10-30 20:00:00+00:00,2025-11-01 20:00:00+00:00,-1,43.062768,43.5344068,0.43666517857142867,1.0,14726,14918,192,timeout_next_open,-0.010952356801587904,-0.01948794254211106,0.7253898216661099,0.7112534665008485
keltner_only_fixed1x_k1,2025-11-02 00:15:00+00:00,2025-11-02 00:30:00+00:00,2025-11-03 03:45:00+00:00,-1,42.561968400000005,40.684932294502865,0.4733258928571428,1.0,14936,15045,109,take_profit,0.04410125226955297,0.04135870002492781,0.7112534665008485,0.7406699852635471
keltner_only_fixed1x_k1,2025-11-03 08:15:00+00:00,2025-11-03 08:30:00+00:00,2025-11-03 15:30:00+00:00,-1,40.8596496,39.02932651698285,0.46148214285714273,1.0,15064,15092,28,take_profit,0.0447953690483226,0.04212034833107792,0.7406699852635471,0.7718672630412221
keltner_only_fixed1x_k1,2025-11-03 19:45:00+00:00,2025-11-03 20:00:00+00:00,2025-11-04 05:45:00+00:00,-1,39.844056,37.99348541287619,0.4664404761904762,1.0,15110,15149,39,take_profit,0.0464453364668449,0.04409000495238824,0.7718672630412221,0.8058988944912959
keltner_only_fixed1x_k1,2025-11-04 09:45:00+00:00,2025-11-04 10:00:00+00:00,2025-11-04 20:15:00+00:00,-1,37.4530128,35.59686490035809,0.4675952380952382,1.0,15166,15207,41,take_profit,0.049559374823963775,0.044354538658376574,0.8058988944912959,0.8416441681617531
keltner_only_fixed1x_k1,2025-11-05 03:15:00+00:00,2025-11-05 03:30:00+00:00,2025-11-07 03:30:00+00:00,1,40.3781448,39.2382984,0.4912127976190477,1.0,15236,15428,192,timeout_next_open,-0.028229291009922886,-0.030774699095083125,0.8416441681617531,0.8157428221414437
keltner_only_fixed1x_k1,2025-11-07 07:45:00+00:00,2025-11-07 08:00:00+00:00,2025-11-07 17:30:00+00:00,1,40.379145199999996,42.134879741919995,0.4431488095238096,1.0,15446,15484,38,take_profit,0.04348122114085751,0.04129116525306742,0.8157428221414437,0.8494257938144897
keltner_only_fixed1x_k1,2025-11-07 21:30:00+00:00,2025-11-07 21:45:00+00:00,2025-11-09 21:45:00+00:00,1,42.6380484,41.9901972,0.44270386904761916,1.0,15501,15693,192,timeout_next_open,-0.015194203869800083,-0.017752370816763507,0.8494257938144897,0.8343464721413711
keltner_only_fixed1x_k1,2025-11-10 01:45:00+00:00,2025-11-10 02:00:00+00:00,2025-11-12 02:00:00+00:00,1,42.1598572,38.9404176,0.43810416666666674,1.0,15710,15902,192,timeout_next_open,-0.07636267800261887,-0.07876195152172183,0.8343464721413711,0.7686317157502528
keltner_only_fixed1x_k1,2025-11-12 10:45:00+00:00,2025-11-12 11:00:00+00:00,2025-11-14 11:00:00+00:00,1,40.5502136,37.3240644,0.3520193452380951,1.0,15938,16130,192,timeout_next_open,-0.07955936389938034,-0.08195033359225468,0.7686317157502528,0.7056420902349325
keltner_only_fixed1x_k1,2025-11-15 02:45:00+00:00,2025-11-15 03:00:00+00:00,2025-11-16 10:15:00+00:00,1,38.700474,40.0096601604,0.33129910714285693,1.0,16194,16319,125,take_profit,0.03382868541610118,0.03134942926532802,0.7056420902349325,0.7277635670293907
keltner_only_fixed1x_k1,2025-11-16 15:45:00+00:00,2025-11-16 16:00:00+00:00,2025-11-18 16:00:00+00:00,-1,38.150733599999995,38.8995536,0.3169196428571426,1.0,16342,16534,192,timeout_next_open,-0.019627931872848725,-0.028243828751403965,0.7277635670293907,0.7072087374707017
keltner_only_fixed1x_k1,2025-11-19 04:30:00+00:00,2025-11-19 04:45:00+00:00,2025-11-21 04:00:00+00:00,-1,37.9877988,36.67577872190095,0.33167113095238093,1.0,16585,16774,189,take_profit,0.03453793374569136,0.029423954454874446,0.7072087374707017,0.7280176151521289
keltner_only_fixed1x_k1,2025-11-21 08:00:00+00:00,2025-11-21 08:15:00+00:00,2025-11-21 09:45:00+00:00,-1,34.418227200000004,33.12956301230857,0.3254776785714287,1.0,16791,16797,6,take_profit,0.03744132956654522,0.03604615368274633,0.7280176151521289,0.7542598499916491
keltner_only_fixed1x_k1,2025-11-21 13:45:00+00:00,2025-11-21 14:00:00+00:00,2025-11-22 15:45:00+00:00,-1,33.218707200000004,31.895174454308574,0.3340714285714287,1.0,16814,16917,103,take_profit,0.03984299382040457,0.0324289558462052,0.7542598499916491,0.7787197093635936
keltner_only_fixed1x_k1,2025-11-22 19:45:00+00:00,2025-11-22 20:00:00+00:00,2025-11-24 20:00:00+00:00,-1,30.4997952,32.4719836,0.3479880952380954,1.0,16934,17126,192,timeout_next_open,-0.06466234894587086,-0.07224934553074025,0.7787197093635936,0.7224577200101857
keltner_only_fixed1x_k1,2025-11-25 00:00:00+00:00,2025-11-25 00:15:00+00:00,2025-11-26 05:45:00+00:00,1,33.2542964,34.725686281440005,0.37132142857142875,1.0,17143,17261,118,take_profit,0.044246609933987546,0.041979722789174945,0.7224577200101857,0.7527862948231127
keltner_only_fixed1x_k1,2025-11-26 17:15:00+00:00,2025-11-26 17:30:00+00:00,2025-11-26 22:00:00+00:00,1,34.8309268,36.27555957928,0.3647872023809525,1.0,17308,17326,18,take_profit,0.041475576793437385,0.0393416974320715,0.7527862948231127,0.7824021854650538
keltner_only_fixed1x_k1,2025-11-27 02:00:00+00:00,2025-11-27 02:15:00+00:00,2025-11-29 02:15:00+00:00,1,36.2584976,35.0189868,0.3629345238095239,1.0,17343,17535,192,timeout_next_open,-0.03418538775859259,-0.036306283195633005,0.7824021854650538,0.7539960701466774
keltner_only_fixed1x_k1,2025-11-29 07:15:00+00:00,2025-11-29 07:30:00+00:00,2025-11-30 23:45:00+00:00,1,35.912359200000004,32.026061506320005,0.3227901785714286,1.0,17556,17717,161,stop_loss,-0.10821616235337717,-0.11036633290420927,0.7539960701466774,0.6707802888604036
keltner_only_fixed1x_k1,2025-12-01 03:45:00+00:00,2025-12-01 04:00:00+00:00,2025-12-01 13:30:00+00:00,-1,30.7406988,29.568527434281904,0.2959985119047619,1.0,17734,17772,38,take_profit,0.038130927775724355,0.03585008231749964,0.6707802888604036,0.6948278174330054
keltner_only_fixed1x_k1,2025-12-01 17:30:00+00:00,2025-12-01 17:45:00+00:00,2025-12-02 14:15:00+00:00,-1,29.6821224,33.203702141817146,0.2923586309523809,1.0,17789,17871,82,stop_loss,-0.11864312444911773,-0.11040616036308104,0.6948278174330054,0.6181145459967674
keltner_only_fixed1x_k1,2025-12-02 18:15:00+00:00,2025-12-02 18:30:00+00:00,2025-12-02 23:15:00+00:00,1,33.1652608,34.28219124568,0.28266220238095247,1.0,17888,17907,19,take_profit,0.03367772237388844,0.031559820036832775,0.6181145459967674,0.637622129830574
keltner_only_fixed1x_k1,2025-12-03 03:15:00+00:00,2025-12-03 03:30:00+00:00,2025-12-04 01:15:00+00:00,1,34.6518552,35.76163410792,0.2810223214285715,1.0,17924,18011,87,take_profit,0.032026536574007336,0.029654565093794938,0.637622129830574,0.6565305367848789
keltner_only_fixed1x_k1,2025-12-04 18:45:00+00:00,2025-12-04 19:00:00+00:00,2025-12-05 08:45:00+00:00,-1,33.81147000000001,32.67986409990477,0.2861681547619049,1.0,18082,18137,55,take_profit,0.033468107127410884,0.03195313793975907,0.6565305367848789,0.6775087475884303
keltner_only_fixed1x_k1,2025-12-05 12:45:00+00:00,2025-12-05 13:00:00+00:00,2025-12-05 16:30:00+00:00,-1,31.8932376,30.77753178551619,0.28200297619047626,1.0,18154,18168,14,take_profit,0.03498251975785016,0.03331137689278507,0.6775087475884303,0.7000774968275072
keltner_only_fixed1x_k1,2025-12-05 20:30:00+00:00,2025-12-05 20:45:00+00:00,2025-12-07 08:30:00+00:00,-1,31.0565724,29.945801883721906,0.28068601190476206,1.0,18185,18328,143,take_profit,0.03576603695899472,0.03336513740467639,0.7000774968275072,0.7234356787030789
keltner_only_fixed1x_k1,2025-12-07 12:30:00+00:00,2025-12-07 12:45:00+00:00,2025-12-07 14:15:00+00:00,-1,29.803074000000002,28.776711034361906,0.259467261904762,1.0,18345,18351,6,take_profit,0.03443815781010029,0.03307874812592826,0.7234356787030789,0.747366025304208
keltner_only_fixed1x_k1,2025-12-07 18:30:00+00:00,2025-12-07 18:45:00+00:00,2025-12-09 04:30:00+00:00,-1,29.4002352,28.34923702741333,0.26558333333333345,1.0,18369,18504,135,take_profit,0.035747951179202486,0.03090721216613246,0.747366025304208,0.7704650256140444
keltner_only_fixed1x_k1,2025-12-09 08:30:00+00:00,2025-12-09 08:45:00+00:00,2025-12-11 08:45:00+00:00,-1,28.029783600000002,27.8881508,0.2573020833333335,1.0,18521,18713,192,timeout_next_open,0.005052939473995877,-0.002501286114108936,0.7704650256140444,0.7685378721440694
keltner_only_fixed1x_k1,2025-12-11 12:45:00+00:00,2025-12-11 13:00:00+00:00,2025-12-12 17:15:00+00:00,-1,27.0621708,30.042468696891426,0.24735714285714283,1.0,18730,18843,113,stop_loss,-0.11012782082106387,-0.10497598294401422,0.7685378721440694,0.6878598535860446
keltner_only_fixed1x_k1,2025-12-12 21:15:00+00:00,2025-12-12 21:30:00+00:00,2025-12-14 21:30:00+00:00,-1,28.3656492,29.116642,0.25185565476190475,1.0,18860,19052,192,timeout_next_open,-0.02647543141723685,-0.031057269996329184,0.6878598535860446,0.6664968043935874
keltner_only_fixed1x_k1,2025-12-15 14:45:00+00:00,2025-12-15 15:00:00+00:00,2025-12-15 15:45:00+00:00,-1,28.4046336,27.43273921296381,0.2457157738095237,1.0,19122,19125,3,take_profit,0.03421605082898127,0.03256536368293128,0.6664968043935874,0.6882015152221761
keltner_only_fixed1x_k1,2025-12-15 19:45:00+00:00,2025-12-15 20:00:00+00:00,2025-12-16 03:15:00+00:00,-1,27.512990400000003,26.536219691398095,0.246845238095238,1.0,19142,19171,29,take_profit,0.03550216441037646,0.034136105912509596,0.6882015152221761,0.7116940350349499
keltner_only_fixed1x_k1,2025-12-16 07:15:00+00:00,2025-12-16 07:30:00+00:00,2025-12-17 17:45:00+00:00,-1,26.342458800000003,25.37016233113905,0.24561011904761898,1.0,19188,19325,137,take_profit,0.03690986009479702,0.0288857276630059,0.7116940350349499,0.7322518351103553
keltner_only_fixed1x_k1,2025-12-17 21:45:00+00:00,2025-12-17 22:00:00+00:00,2025-12-18 09:15:00+00:00,-1,24.6681288,23.69800897532952,0.2448988095238095,1.0,19342,19387,45,take_profit,0.03932685095557309,0.037813296183607736,0.7322518351103553,0.7599406906323735
keltner_only_fixed1x_k1,2025-12-18 17:00:00+00:00,2025-12-18 17:15:00+00:00,2025-12-18 18:45:00+00:00,-1,24.128344800000004,23.16370181411048,0.24347619047619046,1.0,19419,19425,6,take_profit,0.03997965852550012,0.03846538715794412,0.7599406906323735,0.7891721035146231
keltner_only_fixed1x_k1,2025-12-18 22:45:00+00:00,2025-12-18 23:00:00+00:00,2025-12-20 23:00:00+00:00,-1,22.901835600000002,24.665862399999998,0.24541220238095235,1.0,19442,19634,192,timeout_next_open,-0.07702556383733694,-0.07817693607112675,0.7891721035146231,0.7274770464290438
keltner_only_fixed1x_k1,2025-12-21 03:00:00+00:00,2025-12-21 03:15:00+00:00,2025-12-23 03:15:00+00:00,-1,23.761491600000003,24.430768399999998,0.2389880952380952,1.0,19651,19843,192,timeout_next_open,-0.028166447261248395,-0.032647057422625636,0.7274770464290438,0.7037270615206327
keltner_only_fixed1x_k1,2025-12-23 08:30:00+00:00,2025-12-23 08:45:00+00:00,2025-12-25 08:45:00+00:00,-1,24.120348,24.612841200000002,0.22115476190476188,1.0,19865,20057,192,timeout_next_open,-0.02041816312102962,-0.024763530009169976,0.7037270615206327,0.6863002953144015
keltner_only_fixed1x_k1,2025-12-25 16:30:00+00:00,2025-12-25 16:45:00+00:00,2025-12-26 23:30:00+00:00,1,25.0089996,25.716934900160002,0.17955654761904766,1.0,20089,20212,123,take_profit,0.02830722185944623,0.025931487388516805,0.6863002953144015,0.7040970827670823
keltner_only_fixed1x_k1,2025-12-27 03:30:00+00:00,2025-12-27 03:45:00+00:00,2025-12-29 03:45:00+00:00,1,25.8793476,26.1335424,0.15700148809523817,1.0,20229,20421,192,timeout_next_open,0.009822303248479214,0.007413605262208245,0.7040970827670823,0.7093169806049897
keltner_only_fixed1x_k1,2025-12-29 16:00:00+00:00,2025-12-29 16:15:00+00:00,2025-12-31 16:15:00+00:00,1,26.308519199999996,25.9756056,0.14549255952380954,1.0,20471,20663,192,timeout_next_open,-0.012654212784427465,-0.015005378818762183,0.7093169806049897,0.6986734106084312
keltner_only_fixed1x_k1,2025-12-31 20:30:00+00:00,2025-12-31 20:45:00+00:00,2026-01-01 15:30:00+00:00,-1,25.464810000000003,24.910996604952384,0.1409434523809524,1.0,20681,20756,75,take_profit,0.021748184849901486,0.019373028245909918,0.6986734106084312,0.7122088303268146
keltner_only_fixed1x_k1,2026-01-01 19:30:00+00:00,2026-01-01 19:45:00+00:00,2026-01-01 20:30:00+00:00,-1,24.3672492,23.79888994968,0.14446875,1.0,20773,20776,3,take_profit,0.023324719407392114,0.02147113904321274,0.7122088303268146,0.7275007651505655
keltner_only_fixed1x_k1,2026-01-02 00:30:00+00:00,2026-01-02 00:45:00+00:00,2026-01-04 00:45:00+00:00,-1,24.160332000000004,25.222084799999998,0.14539732142857145,1.0,20793,20985,192,timeout_next_open,-0.04394611795897485,-0.04642463610361125,0.7275007651505655,0.6937268068633518
keltner_only_fixed1x_k1,2026-01-04 14:00:00+00:00,2026-01-04 14:15:00+00:00,2026-01-04 16:00:00+00:00,1,25.5412124,26.161910115039998,0.15779166666666664,1.0,21039,21046,7,take_profit,0.02430181094457362,0.022203118912914155,0.6937268068633518,0.709129705649215
keltner_only_fixed1x_k1,2026-01-04 20:00:00+00:00,2026-01-04 20:15:00+00:00,2026-01-04 21:15:00+00:00,1,26.010399999999997,26.632819989999998,0.15826934523809522,1.0,21063,21067,4,take_profit,0.023929658521206987,0.02188282313382306,0.709129705649215,0.7246474655768768
keltner_only_fixed1x_k1,2026-01-05 01:15:00+00:00,2026-01-05 01:30:00+00:00,2026-01-06 19:15:00+00:00,1,26.932768799999998,27.562334692479997,0.16014880952380947,1.0,21084,21251,167,take_profit,0.023375461214370175,0.021093276648600945,0.7246474655768768,0.7399326550409974
keltner_only_fixed1x_k1,2026-01-06 23:15:00+00:00,2026-01-06 23:30:00+00:00,2026-01-08 14:00:00+00:00,1,27.9631808,25.792645327680003,0.1800178571428571,1.0,21268,21422,154,stop_loss,-0.07762119366334741,-0.07988402663120542,0.7399326550409974,0.6808238551204038
keltner_only_fixed1x_k1,2026-01-08 18:30:00+00:00,2026-01-08 18:45:00+00:00,2026-01-09 19:15:00+00:00,-1,25.815669600000003,25.048446877363812,0.1943095238095238,1.0,21441,21539,98,take_profit,0.02971926486989862,0.02687131278461785,0.6808238551204038,0.6991184858825735
keltner_only_fixed1x_k1,2026-01-09 23:15:00+00:00,2026-01-09 23:30:00+00:00,2026-01-10 02:30:00+00:00,-1,25.077964800000004,24.327031007348577,0.19016517857142856,1.0,21556,21568,12,take_profit,0.02994396868486815,0.0285890744051287,0.6991184858825735,0.7191056362934714
keltner_only_fixed1x_k1,2026-01-10 06:30:00+00:00,2026-01-10 06:45:00+00:00,2026-01-12 06:45:00+00:00,-1,24.320268,24.844934,0.19099702380952385,1.0,21585,21777,192,timeout_next_open,-0.021573199769015616,-0.024359457623922,0.7191056362934714,0.7015886130190571
keltner_only_fixed1x_k1,2026-01-12 10:45:00+00:00,2026-01-12 11:00:00+00:00,2026-01-12 14:15:00+00:00,-1,23.920428,23.247235080723808,0.17062202380952388,1.0,21794,21807,13,take_profit,0.02814301312987344,0.026266804204518435,0.7015886130190571,0.7200171037493484
keltner_only_fixed1x_k1,2026-01-12 18:15:00+00:00,2026-01-12 18:30:00+00:00,2026-01-13 22:45:00+00:00,-1,23.718508800000002,25.75718255352,0.1690312500000001,1.0,21824,21937,113,stop_loss,-0.08595286367750066,-0.08227700956197581,0.7200171037493484,0.6607762496193771
keltner_only_fixed1x_k1,2026-01-14 02:45:00+00:00,2026-01-14 03:00:00+00:00,2026-01-14 08:15:00+00:00,1,25.7643016,26.35883122936,0.15126934523809527,1.0,21954,21975,21,take_profit,0.023075712999726772,0.020928484143552195,0.6607762496193771,0.6746052948819721
keltner_only_fixed1x_k1,2026-01-14 12:15:00+00:00,2026-01-14 12:30:00+00:00,2026-01-14 16:30:00+00:00,1,26.0224048,26.614195338080002,0.15061011904761906,1.0,21992,22008,16,take_profit,0.02274157759931561,0.020646082329835114,0.6746052948819721,0.6885332513402479
keltner_only_fixed1x_k1,2026-01-15 02:15:00+00:00,2026-01-15 02:30:00+00:00,2026-01-15 03:30:00+00:00,-1,25.354854,24.76080793445714,0.15098660714285717,1.0,22048,22052,4,take_profit,0.02342928362130814,0.021782569756502612,0.6885332513402479,0.7035312749172384
keltner_only_fixed1x_k1,2026-01-15 07:30:00+00:00,2026-01-15 07:45:00+00:00,2026-01-15 20:45:00+00:00,-1,25.01499,24.421647610285714,0.1507767857142857,1.0,22069,22121,52,take_profit,0.023719473392325496,0.020722292705773526,0.7035312749172384,0.7181100559237394
keltner_only_fixed1x_k1,2026-01-17 09:00:00+00:00,2026-01-17 09:15:00+00:00,2026-01-17 18:15:00+00:00,1,25.230088,25.8015727648,0.145452380952381,1.0,22267,22303,36,take_profit,0.02265092237490407,0.020504585068275016,0.7181100559237394,0.7328346046538116
keltner_only_fixed1x_k1,2026-01-18 04:45:00+00:00,2026-01-18 05:00:00+00:00,2026-01-19 00:00:00+00:00,1,25.700276,23.919275889599998,0.14761904761904768,1.0,22346,22422,76,stop_loss,-0.06929887096932352,-0.07139152947076843,0.7328346046538116,0.68051642137847
keltner_only_fixed1x_k1,2026-01-19 04:00:00+00:00,2026-01-19 04:15:00+00:00,2026-01-20 05:15:00+00:00,-1,23.970408000000003,23.35940874177143,0.15508482142857152,1.0,22439,22539,100,take_profit,0.02548973126484011,0.0232250257447586,0.68051642137847,0.696321432784716
keltner_only_fixed1x_k1,2026-01-20 09:15:00+00:00,2026-01-20 09:30:00+00:00,2026-01-20 13:00:00+00:00,-1,23.007793200000002,22.411849593470475,0.15122619047619054,1.0,22556,22570,14,take_profit,0.02590181515233403,0.02437702740802461,0.696321432784716,0.713295679436504
keltner_only_fixed1x_k1,2026-01-20 17:00:00+00:00,2026-01-20 17:15:00+00:00,2026-01-20 17:45:00+00:00,-1,21.7492968,21.142821975862855,0.15373214285714293,1.0,22587,22589,2,take_profit,0.027884801504807544,0.02620595276037374,0.713295679436504,0.7319882723159957
keltner_only_fixed1x_k1,2026-01-20 21:45:00+00:00,2026-01-20 22:00:00+00:00,2026-01-21 10:45:00+00:00,-1,21.199516799999998,20.586158685291426,0.15539732142857146,1.0,22606,22657,51,take_profit,0.028932645988826056,0.026711835925253613,0.7319882723159957,0.7515410229453104
keltner_only_fixed1x_k1,2026-01-21 16:30:00+00:00,2026-01-21 16:45:00+00:00,2026-01-23 16:45:00+00:00,-1,20.8436592,22.4749864,0.15409375000000003,1.0,22681,22873,192,timeout_next_open,-0.0782649142526759,-0.0790728860188955,0.7515410229453104,0.6921145052994317
keltner_only_fixed1x_k1,2026-01-23 20:45:00+00:00,2026-01-23 21:00:00+00:00,2026-01-24 03:00:00+00:00,1,22.5630216,23.16468654136,0.152733630952381,1.0,22890,22914,24,take_profit,0.026665973734652626,0.02456243776973399,0.6921145052994317,0.7091145247653793
keltner_only_fixed1x_k1,2026-01-24 07:00:00+00:00,2026-01-24 07:15:00+00:00,2026-01-24 18:30:00+00:00,1,22.889152,23.5032885892,0.1558854166666667,1.0,22931,22976,45,take_profit,0.02683090178264358,0.024738505495870866,0.7091145247653793,0.7266569583334895
keltner_only_fixed1x_k1,2026-01-24 22:30:00+00:00,2026-01-24 22:45:00+00:00,2026-01-25 19:45:00+00:00,1,23.593433599999997,21.698518576559998,0.15718601190476195,1.0,22993,23077,84,stop_loss,-0.08031535619469987,-0.08231101441244237,0.7266569583334895,0.6668450869632001
keltner_only_fixed1x_k1,2026-01-26 00:15:00+00:00,2026-01-26 00:30:00+00:00,2026-01-26 17:45:00+00:00,-1,21.957213600000003,23.85344759258286,0.15722470238095235,1.0,23096,23165,69,stop_loss,-0.08636041107615111,-0.08365768483092773,0.6668450869632001,0.6110583708469801
keltner_only_fixed1x_k1,2026-01-26 21:45:00+00:00,2026-01-26 22:00:00+00:00,2026-01-27 00:45:00+00:00,1,24.813921599999997,25.468432531359998,0.1661755952380952,1.0,23182,23193,11,take_profit,0.02637676308931347,0.02427381968810094,0.6110583708469801,0.6258910915598244
keltner_only_fixed1x_k1,2026-01-27 04:45:00+00:00,2026-01-27 05:00:00+00:00,2026-01-27 07:30:00+00:00,1,26.920764,27.6015879944,0.17296726190476186,1.0,23210,23220,10,take_profit,0.025289920984411962,0.023240366432363713,0.6258910915598244,0.6404370298744269
keltner_only_fixed1x_k1,2026-01-27 11:30:00+00:00,2026-01-27 11:45:00+00:00,2026-01-27 16:45:00+00:00,1,27.71108,28.418743667999998,0.17975892857142856,1.0,23237,23257,20,take_profit,0.025537209953563567,0.023384814913476992,0.6404370298744269,0.6554135312817773
keltner_only_fixed1x_k1,2026-01-27 20:45:00+00:00,2026-01-27 21:00:00+00:00,2026-01-27 23:00:00+00:00,1,29.7689028,30.50688563888,0.18754761904761902,1.0,23274,23282,8,take_profit,0.024790394319806897,0.022741838321561625,0.6554135312817773,0.6703188398439512
keltner_only_fixed1x_k1,2026-01-28 03:00:00+00:00,2026-01-28 03:15:00+00:00,2026-01-28 03:30:00+00:00,1,32.751095199999995,33.54197661191999,0.2010758928571429,1.0,23299,23300,1,take_profit,0.024148243198902186,0.02210097086074736,0.6703188398439512,0.6851335369907524
keltner_only_fixed1x_k1,2026-01-28 07:30:00+00:00,2026-01-28 07:45:00+00:00,2026-01-28 08:00:00+00:00,1,33.4913912,34.324025143520004,0.2115922619047619,1.0,23317,23318,1,take_profit,0.024861133374477484,0.022761295347063504,0.6851335369907524,0.7007280637783772
keltner_only_fixed1x_k1,2026-01-28 12:00:00+00:00,2026-01-28 12:15:00+00:00,2026-01-29 04:00:00+00:00,1,33.883548,31.2184841808,0.22104761904761908,1.0,23335,23398,63,stop_loss,-0.07865362326282943,-0.08032930189112486,0.7007280637783772,0.6444390675995405
keltner_only_fixed1x_k1,2026-01-29 12:00:00+00:00,2026-01-29 12:15:00+00:00,2026-01-29 22:30:00+00:00,1,33.8965532,30.74790982872,0.2613616071428571,1.0,23431,23472,41,stop_loss,-0.09288978005232695,-0.09457816113264927,0.6444390675995405,0.5834892056239369
keltner_only_fixed1x_k1,2026-01-30 02:30:00+00:00,2026-01-30 02:45:00+00:00,2026-01-30 19:00:00+00:00,-1,28.5715668,32.159675526719994,0.2979375,1.0,23489,23554,65,stop_loss,-0.12558319786368854,-0.12074176285823024,0.5834892056239369,0.5130376903281544
keltner_only_fixed1x_k1,2026-01-31 03:00:00+00:00,2026-01-31 03:15:00+00:00,2026-01-31 17:00:00+00:00,1,31.9587784,27.84711723864,0.3417098214285714,1.0,23587,23642,55,stop_loss,-0.1286551416295687,-0.13055201739974143,0.5130376903281544,0.44605958485371
keltner_only_fixed1x_k1,2026-02-01 00:00:00+00:00,2026-02-01 00:15:00+00:00,2026-02-02 16:15:00+00:00,1,31.986789599999998,33.50655423416,0.38329315476190473,1.0,23671,23831,160,take_profit,0.047512259065848994,0.04532216758989516,0.44605958485371,0.4662759721135289
keltner_only_fixed1x_k1,2026-02-02 20:15:00+00:00,2026-02-02 20:30:00+00:00,2026-02-03 01:45:00+00:00,1,32.9391704,34.80662908184,0.47034672619047624,1.0,23848,23869,21,take_profit,0.0566941625779378,0.05467548835935121,0.4662759721135289,0.4917698385990673
keltner_only_fixed1x_k1,2026-02-03 05:45:00+00:00,2026-02-03 06:00:00+00:00,2026-02-05 06:00:00+00:00,1,37.2318868,33.510590400000005,0.4869270833333333,1.0,23886,24078,192,timeout_next_open,-0.0999491758231279,-0.10144038835201574,0.4917698385990673,0.4418845151917698
keltner_only_fixed1x_k1,2026-02-05 11:45:00+00:00,2026-02-05 12:00:00+00:00,2026-02-07 12:00:00+00:00,-1,32.8898388,32.748093999999995,0.5185446428571427,1.0,24102,24294,192,timeout_next_open,0.004309683633961892,-0.019050712530281122,0.4418845151917698,0.43346630032126876
keltner_only_fixed1x_k1,2026-02-07 16:30:00+00:00,2026-02-07 16:45:00+00:00,2026-02-09 16:45:00+00:00,-1,31.4454168,31.191471599999996,0.5420535714285715,1.0,24313,24505,192,timeout_next_open,0.008075746033679665,-0.0001266295326195488,0.43346630032126876,0.4334114106862528
keltner_only_fixed1x_k1,2026-02-10 00:15:00+00:00,2026-02-10 00:30:00+00:00,2026-02-10 21:30:00+00:00,-1,31.0305828,29.151220768834285,0.47275446428571416,1.0,24536,24620,84,take_profit,0.06056483190401807,0.06056158850148652,0.4334114106862528,0.45965949419208235
keltner_only_fixed1x_k1,2026-02-11 01:30:00+00:00,2026-02-11 01:45:00+00:00,2026-02-13 01:45:00+00:00,-1,29.1353412,30.7683024,0.41663541666666665,1.0,24637,24829,192,timeout_next_open,-0.05604743698694015,-0.061424494548256825,0.45965949419208235,0.4314251420970263
keltner_only_fixed1x_k1,2026-02-13 15:00:00+00:00,2026-02-13 15:15:00+00:00,2026-02-15 15:15:00+00:00,1,31.4595788,30.930622800000002,0.3049226190476192,1.0,24883,25075,192,timeout_next_open,-0.016813829688018478,-0.01882430071718666,0.4314251420970263,0.4233038654852369
keltner_only_fixed1x_k1,2026-02-15 19:30:00+00:00,2026-02-15 19:45:00+00:00,2026-02-17 11:15:00+00:00,-1,30.53778,29.511008254857142,0.25964285714285723,1.0,25093,25251,158,take_profit,0.03362299895876053,0.030012108216295852,0.4233038654852369,0.4360081069045562
keltner_only_fixed1x_k1,2026-02-17 15:15:00+00:00,2026-02-17 15:30:00+00:00,2026-02-18 22:15:00+00:00,-1,29.1743256,28.229249689763808,0.2390907738095239,1.0,25268,25391,123,take_profit,0.03239409620615841,0.029364317468430157,0.4360081069045562,0.44881118737451087
keltner_only_fixed1x_k1,2026-02-19 11:15:00+00:00,2026-02-19 11:30:00+00:00,2026-02-21 11:30:00+00:00,-1,28.355653200000003,30.407158,0.22127827380952383,1.0,25444,25636,192,timeout_next_open,-0.07234905807072001,-0.07255861211729764,0.44881118737451087,0.41624607051589996
keltner_only_fixed1x_k1,2026-02-22 07:45:00+00:00,2026-02-22 08:00:00+00:00,2026-02-23 00:30:00+00:00,-1,29.4202272,28.690121278975234,0.18539434523809528,1.0,25718,25784,66,take_profit,0.02481646100356305,0.023112265520963904,0.41624607051589996,0.4258664602197213
keltner_only_fixed1x_k1,2026-02-23 04:30:00+00:00,2026-02-23 04:45:00+00:00,2026-02-23 15:00:00+00:00,-1,27.115149600000002,26.40786923841143,0.17945982142857153,1.0,25801,25842,41,take_profit,0.026084324520509905,0.02384956496475943,0.4258664602197213,0.43602319002904366
keltner_only_fixed1x_k1,2026-02-23 19:00:00+00:00,2026-02-23 19:15:00+00:00,2026-02-25 16:45:00+00:00,-1,26.3374608,28.527349320034286,0.18154017857142868,1.0,25859,26041,182,stop_loss,-0.08314729110234831,-0.081353858632639,0.43602319002904366,0.4005510210668686
keltner_only_fixed1x_k1,2026-02-25 20:45:00+00:00,2026-02-25 21:00:00+00:00,2026-02-27 04:15:00+00:00,1,28.7975144,29.513388844240005,0.18192113095238105,1.0,26058,26183,125,take_profit,0.024858896997027147,0.022420659959252465,0.4005510210668686,0.40953163930654024
keltner_only_fixed1x_k1,2026-02-27 08:15:00+00:00,2026-02-27 08:30:00+00:00,2026-02-27 19:00:00+00:00,1,29.429767199999997,27.074397393119998,0.19537797619047625,1.0,26200,26242,42,stop_loss,-0.08003358609238331,-0.0819644093985703,0.40953163930654024,0.37596462036075134
keltner_only_fixed1x_k1,2026-02-27 23:00:00+00:00,2026-02-27 23:15:00+00:00,2026-02-28 06:30:00+00:00,-1,27.1161492,26.347535190632378,0.19478720238095237,1.0,26259,26288,29,take_profit,0.028345249308763254,0.026495149246870797,0.37596462036075134,0.3859258590887526
keltner_only_fixed1x_k1,2026-02-28 15:15:00+00:00,2026-02-28 15:30:00+00:00,2026-02-28 17:00:00+00:00,1,28.0292072,28.83675716712,0.20477232142857138,1.0,26324,26330,6,take_profit,0.028811017070793143,0.026703086126476316,0.3859258590887526,0.3962312705424339
keltner_only_fixed1x_k1,2026-02-28 21:00:00+00:00,2026-02-28 21:15:00+00:00,2026-02-28 23:45:00+00:00,1,30.3601392,31.19873804432,0.2127708333333333,1.0,26347,26357,10,take_profit,0.027621706171887306,0.025567490381249947,0.3962312705424339,0.406361909740778
keltner_only_fixed1x_k1,2026-03-01 03:45:00+00:00,2026-03-01 04:00:00+00:00,2026-03-01 16:00:00+00:00,1,30.9043568,31.77876520728,0.22178124999999996,1.0,26374,26422,48,take_profit,0.028294017343211575,0.026084529530562506,0.406361909740778,0.41696166897550707
keltner_only_fixed1x_k1,2026-03-01 20:45:00+00:00,2026-03-01 21:00:00+00:00,2026-03-02 00:15:00+00:00,1,31.4455732,32.39381287072,0.2403005952380952,1.0,26442,26455,13,take_profit,0.030154949464238134,0.02804426493677359,0.41696166897550707,0.4286550524887355
keltner_only_fixed1x_k1,2026-03-02 06:45:00+00:00,2026-03-02 07:00:00+00:00,2026-03-02 16:15:00+00:00,-1,30.330862800000002,33.34728566654857,0.2502574404761904,1.0,26482,26519,37,stop_loss,-0.09945061195386007,-0.09433424834105042,0.4286550524887355,0.3882182003146171
keltner_only_fixed1x_k1,2026-03-02 20:30:00+00:00,2026-03-02 20:45:00+00:00,2026-03-03 05:00:00+00:00,1,32.408958399999996,33.43689971664,0.26033035714285707,1.0,26537,26570,33,take_profit,0.03171781406711305,0.029576745943797222,0.3882182003146171,0.3997004313960807
keltner_only_fixed1x_k1,2026-03-03 13:30:00+00:00,2026-03-03 13:45:00+00:00,2026-03-05 13:45:00+00:00,-1,31.317467999999998,31.595633199999998,0.27087648809523796,1.0,26605,26797,192,timeout_next_open,-0.008882110137383936,-0.017217717619316675,0.3997004313960807,0.3928185022359839
keltner_only_fixed1x_k1,2026-03-05 17:45:00+00:00,2026-03-05 18:00:00+00:00,2026-03-07 18:00:00+00:00,-1,30.435820800000002,30.847334,0.2822604166666666,1.0,26814,27006,192,timeout_next_open,-0.013520686782332314,-0.01760687425497165,0.3928185022359839,0.38590219626208866
keltner_only_fixed1x_k1,2026-03-07 22:00:00+00:00,2026-03-07 22:15:00+00:00,2026-03-09 14:15:00+00:00,-1,29.977004400000002,33.17342918033143,0.26526339285714284,1.0,27023,27183,160,stop_loss,-0.10662922611211378,-0.10070134022234845,0.38590219626208866,0.3470413279037486
keltner_only_fixed1x_k1,2026-03-09 18:15:00+00:00,2026-03-09 18:30:00+00:00,2026-03-09 21:45:00+00:00,1,34.2847084,35.23226461664,0.24041369047619052,1.0,27200,27213,13,take_profit,0.027637867167626284,0.025532339890204536,0.3470413279037486,0.355902105043735
keltner_only_fixed1x_k1,2026-03-10 01:45:00+00:00,2026-03-10 02:00:00+00:00,2026-03-11 12:00:00+00:00,1,34.267701599999995,35.22010791936,0.24162499999999998,1.0,27230,27366,136,take_profit,0.027793119319096782,0.02563854212879635,0.355902105043735,0.36502691615762606
keltner_only_fixed1x_k1,2026-03-11 16:00:00+00:00,2026-03-11 16:15:00+00:00,2026-03-12 01:15:00+00:00,1,36.0854284,37.02734367864,0.23918303571428562,1.0,27383,27419,36,take_profit,0.026102372076591607,0.024380247494256713,0.36502691615762606,0.37392636271561425
keltner_only_fixed1x_k1,2026-03-12 05:15:00+00:00,2026-03-12 05:30:00+00:00,2026-03-12 09:30:00+00:00,1,36.5966328,37.547238846880006,0.24140773809523805,1.0,27436,27452,16,take_profit,0.025975232532322146,0.023984996036227946,0.37392636271561425,0.38289498504318936
keltner_only_fixed1x_k1,2026-03-12 13:30:00+00:00,2026-03-12 13:45:00+00:00,2026-03-14 13:45:00+00:00,1,37.7981132,38.0737644,0.24669196428571422,1.0,27469,27661,192,timeout_next_open,0.007292723807176715,0.006098067316223643,0.38289498504318936,0.3852299044370272
keltner_only_fixed1x_k1,2026-03-14 17:45:00+00:00,2026-03-14 18:00:00+00:00,2026-03-16 07:15:00+00:00,1,38.086228399999996,39.115010658639996,0.2611086309523809,1.0,27678,27827,149,take_profit,0.027011922730579396,0.02490740156152982,0.3852299044370272,0.39482498036034996
keltner_only_fixed1x_k1,2026-03-16 11:15:00+00:00,2026-03-16 11:30:00+00:00,2026-03-16 20:30:00+00:00,1,39.0546156,40.09689780376,0.26458184523809525,1.0,27844,27880,36,take_profit,0.026687811101128833,0.024486087815986046,0.39482498036034996,0.40449269950139843
keltner_only_fixed1x_k1,2026-03-17 00:30:00+00:00,2026-03-17 00:45:00+00:00,2026-03-17 06:30:00+00:00,1,40.4051556,41.43142163776,0.26071130952380944,1.0,27897,27920,23,take_profit,0.02539938338363945,0.023339703992030225,0.40449269950139843,0.41393343937469834
keltner_only_fixed1x_k1,2026-03-17 11:00:00+00:00,2026-03-17 11:15:00+00:00,2026-03-17 21:15:00+00:00,1,41.0494132,42.08488203472,0.26307738095238087,1.0,27939,27979,40,take_profit,0.025224936338919646,0.023053164924756064,0.41393343937469834,0.4234759152204748
keltner_only_fixed1x_k1,2026-03-18 01:30:00+00:00,2026-03-18 01:45:00+00:00,2026-03-18 13:30:00+00:00,1,41.9047552,42.954518897919996,0.26673809523809516,1.0,27997,28044,47,take_profit,0.0250511831630984,0.022848663204466657,0.4234759152204748,0.4331517737825507
keltner_only_fixed1x_k1,2026-03-18 17:30:00+00:00,2026-03-18 17:45:00+00:00,2026-03-19 07:30:00+00:00,1,43.447371999999994,40.100896651199996,0.27753571428571416,1.0,28061,28116,55,stop_loss,-0.07702365401525324,-0.07876062355615732,0.4331517737825507,0.39903646998498143
keltner_only_fixed1x_k1,2026-03-19 11:30:00+00:00,2026-03-19 11:45:00+00:00,2026-03-20 19:15:00+00:00,-1,39.6621288,38.53047530390095,0.2867648809523809,1.0,28133,28259,126,take_profit,0.02853234383372405,0.023681727471910108,0.39903646998498143,0.4084863429185188
keltner_only_fixed1x_k1,2026-03-21 18:30:00+00:00,2026-03-21 18:45:00+00:00,2026-03-23 10:30:00+00:00,1,40.4341672,36.74996133312,0.3057916666666666,1.0,28353,28512,159,stop_loss,-0.0911161555190878,-0.09320443839329917,0.4084863429185188,0.37041360273546564
keltner_only_fixed1x_k1,2026-03-24 11:15:00+00:00,2026-03-24 11:30:00+00:00,2026-03-24 20:15:00+00:00,1,38.7845076,39.98570334696,0.30429910714285713,1.0,28612,28647,35,take_profit,0.0309710196490931,0.028951086701602957,0.37041360273546564,0.38113747906371326
keltner_only_fixed1x_k1,2026-03-25 00:15:00+00:00,2026-03-25 00:30:00+00:00,2026-03-27 00:30:00+00:00,1,40.666259999999994,39.11734680000001,0.3069122023809524,1.0,28664,28856,192,timeout_next_open,-0.038088410392300376,-0.04040506296000812,0.38113747906371326,0.36573759522572513
keltner_only_fixed1x_k1,2026-03-27 09:00:00+00:00,2026-03-27 09:15:00+00:00,2026-03-29 09:15:00+00:00,-1,38.4676068,39.7919104,0.2555758928571429,1.0,28891,29083,192,timeout_next_open,-0.03442646190300569,-0.037070957250644576,0.36573759522572513,0.35217935246815874
keltner_only_fixed1x_k1,2026-03-29 13:15:00+00:00,2026-03-29 13:30:00+00:00,2026-03-29 22:30:00+00:00,-1,39.094356,38.15108056859047,0.2396324404761905,1.0,29100,29136,36,take_profit,0.024128174189888774,0.02230095486370587,0.35217935246815874,0.3600332883114803
keltner_only_fixed1x_k1,2026-03-30 03:30:00+00:00,2026-03-30 03:45:00+00:00,2026-03-30 17:15:00+00:00,-1,38.2786824,37.33809380867429,0.2388794642857143,1.0,29157,29211,54,take_profit,0.024572125589299665,0.02217525487511307,0.3600332883114803,0.36801711824331246
keltner_only_fixed1x_k1,2026-03-30 21:15:00+00:00,2026-03-30 21:30:00+00:00,2026-03-31 09:00:00+00:00,-1,37.054172400000006,36.17073014515048,0.2244761904761905,1.0,29228,29274,46,take_profit,0.023841910306692693,0.021805045534331935,0.36801711824331246,0.3760417482640215
keltner_only_fixed1x_k1,2026-03-31 13:00:00+00:00,2026-03-31 13:15:00+00:00,2026-04-02 02:00:00+00:00,-1,36.1765236,35.30046552134476,0.22254315476190473,1.0,29291,29438,147,take_profit,0.024216204086985327,0.02020698073780136,0.3760417482640215,0.3836404166278017
keltner_only_fixed1x_k1,2026-04-02 06:00:00+00:00,2026-04-02 06:15:00+00:00,2026-04-02 13:30:00+00:00,-1,35.3268636,34.47947725734476,0.21529315476190475,1.0,29455,29484,29,take_profit,0.023987024499260712,0.022336118042985742,0.3836404166278017,0.3922094542596605
keltner_only_fixed1x_k1,2026-04-02 17:45:00+00:00,2026-04-02 18:00:00+00:00,2026-04-04 18:00:00+00:00,-1,34.6541328,36.0884296,0.213516369047619,1.0,29502,29694,192,timeout_next_open,-0.041388910473616036,-0.04218014697907846,0.3922094542596605,0.37566600183240384
keltner_only_fixed1x_k1,2026-04-04 22:00:00+00:00,2026-04-04 22:15:00+00:00,2026-04-06 00:00:00+00:00,1,36.3955524,37.136453779040004,0.18894047619047613,1.0,29711,29814,103,take_profit,0.02035692083739349,0.01800510302160685,0.37566600183240384,0.3824299068971114
keltner_only_fixed1x_k1,2026-04-06 04:00:00+00:00,2026-04-06 04:15:00+00:00,2026-04-07 21:45:00+00:00,1,37.151854799999995,37.86178140807999,0.18126934523809515,1.0,29831,29997,166,take_profit,0.019108779680092836,0.01692088637566047,0.3824299068971114,0.38890095989837187
keltner_only_fixed1x_k1,2026-04-08 01:45:00+00:00,2026-04-08 02:00:00+00:00,2026-04-08 05:00:00+00:00,1,38.2733032,38.95728547872,0.17489285714285702,1.0,30014,30026,12,take_profit,0.017871002017928905,0.01578548607100072,0.38890095989837187,0.3950399505838464
keltner_only_fixed1x_k1,2026-04-08 09:00:00+00:00,2026-04-08 09:15:00+00:00,2026-04-09 19:00:00+00:00,1,39.5027948,40.18426228208,0.17438690476190458,1.0,30043,30178,135,take_profit,0.017251120725260805,0.015258942120393915,0.3950399505838464,0.40106784232504855
keltner_only_fixed1x_k1,2026-04-10 01:30:00+00:00,2026-04-10 01:45:00+00:00,2026-04-10 02:00:00+00:00,1,40.1030348,40.83123743608,0.18613541666666653,1.0,30205,30206,1,take_profit,0.01815829250109524,0.016122994074385666,0.40106784232504855,0.40753425677028193
keltner_only_fixed1x_k1,2026-04-10 06:00:00+00:00,2026-04-10 06:15:00+00:00,2026-04-10 12:00:00+00:00,1,40.493190799999994,41.23460702368,0.18947916666666656,1.0,30223,30246,23,take_profit,0.018309651796568405,0.016275544457505342,0.40753425677028193,0.414167098684303
keltner_only_fixed1x_k1,2026-04-10 16:00:00+00:00,2026-04-10 16:15:00+00:00,2026-04-11 19:15:00+00:00,1,42.200873599999994,42.96221755056,0.19463392857142847,1.0,30263,30371,108,take_profit,0.018040952369289487,0.015777023788465572,0.414167098684303,0.420701422852645
keltner_only_fixed1x_k1,2026-04-12 00:45:00+00:00,2026-04-12 01:00:00+00:00,2026-04-12 14:00:00+00:00,1,42.7310856,40.17574101576,0.21160565476190468,1.0,30394,30446,52,stop_loss,-0.05980060062504,-0.06172160801051785,0.420701422852645,0.3947350545418669
keltner_only_fixed1x_k1,2026-04-13 01:30:00+00:00,2026-04-13 01:45:00+00:00,2026-04-13 16:15:00+00:00,1,41.9927904,42.86226958384,0.22165773809523812,1.0,30493,30551,58,take_profit,0.020705439566121475,0.018618577033675088,0.3947350545418669,0.40208445956274663
keltner_only_fixed1x_k1,2026-04-13 20:15:00+00:00,2026-04-13 20:30:00+00:00,2026-04-13 22:15:00+00:00,1,43.3803452,44.28380911192,0.23029613095238105,1.0,30568,30575,7,take_profit,0.020826572673746213,0.01878594035497172,0.40208445956274663,0.40963799423775343
keltner_only_fixed1x_k1,2026-04-14 02:15:00+00:00,2026-04-14 02:30:00+00:00,2026-04-16 02:30:00+00:00,1,44.902953999999994,44.6401368,0.23586011904761917,1.0,30592,30784,192,timeout_next_open,-0.005853004682052632,-0.007274860495775415,0.40963799423775343,0.4066579349759045
keltner_only_fixed1x_k1,2026-04-16 06:30:00+00:00,2026-04-16 06:45:00+00:00,2026-04-18 06:45:00+00:00,1,45.4801848,44.8310604,0.2426860119047619,1.0,30801,30993,192,timeout_next_open,-0.01427268606876908,-0.01558729065459663,0.4066579349759045,0.40031923954643706
keltner_only_fixed1x_k1,2026-04-18 19:30:00+00:00,2026-04-18 19:45:00+00:00,2026-04-19 09:15:00+00:00,-1,43.7384976,42.75704596094476,0.24963690476190475,1.0,31045,31099,54,take_profit,0.02243907982461757,0.02035526325875825,0.40031923954643706,0.40846784305495065
keltner_only_fixed1x_k1,2026-04-19 17:00:00+00:00,2026-04-19 17:15:00+00:00,2026-04-19 17:45:00+00:00,-1,42.9618084,41.99093139002667,0.24691666666666653,1.0,31131,31133,2,take_profit,0.02259860667255653,0.020865905597044376,0.40846784305495065,0.4169908945075636
keltner_only_fixed1x_k1,2026-04-19 21:45:00+00:00,2026-04-19 22:00:00+00:00,2026-04-21 15:00:00+00:00,-1,41.0505732,40.06665893166095,0.2499836309523808,1.0,31150,31314,164,take_profit,0.023968344206678482,0.0206183331717682,0.4169908945075636,0.4255885517001142
keltner_only_fixed1x_k1,2026-04-21 19:00:00+00:00,2026-04-21 19:15:00+00:00,2026-04-23 19:15:00+00:00,-1,39.2103096,41.0594172,0.24030208333333322,1.0,31331,31523,192,timeout_next_open,-0.047158709504298235,-0.04886291947600496,0.4255885517001142,0.40479305256848197
keltner_only_fixed1x_k1,2026-04-25 09:30:00+00:00,2026-04-25 09:45:00+00:00,2026-04-26 23:00:00+00:00,1,41.6676604,42.46964193584001,0.2047440476190475,1.0,31677,31826,149,take_profit,0.019247097824575787,0.016943832283853988,0.40479305256848197,0.4116517981608716
keltner_only_fixed1x_k1,2026-04-27 03:00:00+00:00,2026-04-27 03:15:00+00:00,2026-04-28 02:30:00+00:00,1,43.1392488,40.897722450479996,0.18543005952380934,1.0,31843,31936,93,stop_loss,-0.05196025456799336,-0.05409888846665367,0.4116517981608716,0.3893818934450692
keltner_only_fixed1x_k1,2026-04-28 06:30:00+00:00,2026-04-28 06:45:00+00:00,2026-04-28 10:15:00+00:00,-1,40.6877184,39.99360825640762,0.1775252976190474,1.0,31953,31967,14,take_profit,0.017059451128927927,0.015174623269701426,0.3893818934450692,0.39529061698614115
keltner_only_fixed1x_k1,2026-04-28 14:15:00+00:00,2026-04-28 14:30:00+00:00,2026-04-30 09:45:00+00:00,-1,39.704112,39.010090749561904,0.17740476190476173,1.0,31984,32157,173,take_profit,0.017479833082228335,0.014454099788315355,0.39529061698614115,0.4010041870094436
keltner_only_fixed1x_k1,2026-05-01 00:30:00+00:00,2026-05-01 00:45:00+00:00,2026-05-01 09:15:00+00:00,1,40.1470524,40.79006317904,0.16483333333333317,1.0,32217,32251,34,take_profit,0.01601638826764762,0.014053154888220565,0.4010041870094436,0.4066395609603123
keltner_only_fixed1x_k1,2026-05-01 13:15:00+00:00,2026-05-01 13:30:00+00:00,2026-05-02 07:45:00+00:00,1,40.936368,41.590064602800005,0.16758482142857126,1.0,32268,32341,73,take_profit,0.015968602852114433,0.013884123531250792,0.4066395609603123,0.4122853948573788
keltner_only_fixed1x_k1,2026-05-02 13:00:00+00:00,2026-05-02 13:15:00+00:00,2026-05-04 04:30:00+00:00,1,41.704675200000004,42.37555152992,0.17195833333333319,1.0,32363,32520,157,take_profit,0.016086357865220835,0.013548287701231398,0.4122853948573788,0.4178711560019223
keltner_only_fixed1x_k1,2026-05-04 13:15:00+00:00,2026-05-04 13:30:00+00:00,2026-05-05 06:45:00+00:00,-1,41.0275824,43.14536936153142,0.17504464285714286,1.0,32556,32625,69,stop_loss,-0.051618614542869645,-0.05159337916305273,0.4178711560019223,0.396311771009012
keltner_only_fixed1x_k1,2026-05-05 10:45:00+00:00,2026-05-05 11:00:00+00:00,2026-05-05 18:00:00+00:00,1,43.76850039999999,44.46259514984,0.1779717261904762,1.0,32642,32670,28,take_profit,0.0158583169059181,0.013726235903379402,0.396311771009012,0.40175163986916773
keltner_only_fixed1x_k1,2026-05-05 22:00:00+00:00,2026-05-05 22:15:00+00:00,2026-05-07 14:30:00+00:00,1,44.3247228,42.14537576088001,0.18020684523809524,1.0,32687,32848,161,stop_loss,-0.04916775337667756,-0.051233282456191076,0.40175163986916773,0.3811685846265127
keltner_only_fixed1x_k1,2026-05-07 18:45:00+00:00,2026-05-07 19:00:00+00:00,2026-05-09 19:00:00+00:00,-1,42.2640876,43.005195199999996,0.18251636904761917,1.0,32866,33058,192,timeout_next_open,-0.017535161459394377,-0.020024673830534856,0.3811685846265127,0.37353580804492015
keltner_only_fixed1x_k1,2026-05-10 00:45:00+00:00,2026-05-10 01:00:00+00:00,2026-05-11 06:45:00+00:00,-1,42.65793,41.924663398190475,0.18750744047619064,1.0,33082,33201,119,take_profit,0.017189455789568875,0.014401270604059047,0.37353580804492015,0.37891519829688086
keltner_only_fixed1x_k1,2026-05-11 10:45:00+00:00,2026-05-11 11:00:00+00:00,2026-05-12 11:00:00+00:00,-1,41.473404,40.7334408616,0.18906250000000002,1.0,33218,33314,96,take_profit,0.017841871344826177,0.015355206920618647,0.37891519829688086,0.3847335195720967
keltner_only_fixed1x_k1,2026-05-12 15:00:00+00:00,2026-05-12 15:15:00+00:00,2026-05-13 10:00:00+00:00,-1,40.3658472,39.65195163887999,0.18243750000000006,1.0,33331,33406,75,take_profit,0.017685633044758786,0.015407575513270322,0.3847335195720967,0.3906613303273901
keltner_only_fixed1x_k1,2026-05-13 14:00:00+00:00,2026-05-13 14:15:00+00:00,2026-05-14 03:00:00+00:00,-1,39.3572508,38.66812257889143,0.17614732142857153,1.0,33423,33474,51,take_profit,0.017509561951125296,0.01570137769329638,0.3906613303273901,0.39679525142502603
keltner_only_fixed1x_k1,2026-05-14 12:00:00+00:00,2026-05-14 12:15:00+00:00,2026-05-14 13:00:00+00:00,1,39.8719424,40.55442842304001,0.17467857142857143,1.0,33511,33514,3,take_profit,0.017116949462687936,0.015083732680712059,0.39679525142502603,0.4027804049264971
keltner_only_fixed1x_k1,2026-05-14 17:00:00+00:00,2026-05-14 17:15:00+00:00,2026-05-14 19:00:00+00:00,1,43.833526400000004,44.54410638944,0.18210119047619044,1.0,33531,33538,7,take_profit,0.016210878927596317,0.014179473380619756,0.4027804049264971,0.4084916189563876
keltner_only_fixed1x_k1,2026-05-14 23:00:00+00:00,2026-05-14 23:15:00+00:00,2026-05-15 00:30:00+00:00,1,44.312718,45.0556825628,0.19024851190476189,1.0,33555,33560,5,take_profit,0.01676639566094784,0.014683142942039762,0.4084916189563876,0.4144895597881495
keltner_only_fixed1x_k1,2026-05-15 04:30:00+00:00,2026-05-15 04:45:00+00:00,2026-05-15 12:45:00+00:00,1,46.608636000000004,44.165444895600004,0.20212648809523806,1.0,33577,33609,32,stop_loss,-0.052419279216838754,-0.0544080593641596,0.4144895597881495,0.3919379872133715
keltner_only_fixed1x_k1,2026-05-16 04:00:00+00:00,2026-05-16 04:15:00+00:00,2026-05-16 06:30:00+00:00,-1,42.837858,41.912354333676184,0.23556547619047616,1.0,33671,33680,9,take_profit,0.021604807278734928,0.019920747276718,0.3919379872133715,0.3997456848047946
keltner_only_fixed1x_k1,2026-05-16 10:30:00+00:00,2026-05-16 10:45:00+00:00,2026-05-17 15:00:00+00:00,-1,40.8346596,43.75592282812572,0.24198065476190478,1.0,33697,33810,113,stop_loss,-0.0715388166998634,-0.07012064293980169,0.3997456848047946,0.3717152603738711
keltner_only_fixed1x_k1,2026-05-17 19:00:00+00:00,2026-05-17 19:15:00+00:00,2026-05-17 19:45:00+00:00,1,45.788308,46.83939212680001,0.26745684523809526,1.0,33827,33829,2,take_profit,0.022955295198940462,0.020910407563837774,0.3717152603738711,0.3794879779659868
keltner_only_fixed1x_k1,2026-05-17 23:45:00+00:00,2026-05-18 00:00:00+00:00,2026-05-18 00:45:00+00:00,1,45.719280399999995,46.80825198784,0.2769255952380953,1.0,33846,33849,3,take_profit,0.023818651087955667,0.021772037604430583,0.3794879779659868,0.38775020449269165
keltner_only_fixed1x_k1,2026-05-18 04:45:00+00:00,2026-05-18 05:00:00+00:00,2026-05-18 21:00:00+00:00,1,45.8553348,46.977173316080005,0.28515922619047623,1.0,33866,33930,64,take_profit,0.024464732859828642,0.022589043321557423,0.38775020449269165,0.3965091106599198
keltner_only_fixed1x_k1,2026-05-19 01:00:00+00:00,2026-05-19 01:15:00+00:00,2026-05-20 09:30:00+00:00,1,47.81912,49.076082902,0.3191502976190477,1.0,33947,34076,129,take_profit,0.026285780708637185,0.02536697151376388,0.3965091106599198,0.40656734597497785
keltner_only_fixed1x_k1,2026-05-20 13:30:00+00:00,2026-05-20 13:45:00+00:00,2026-05-20 17:15:00+00:00,1,50.9073548,52.34657445808,0.36504166666666654,1.0,34093,34107,14,take_profit,0.02827135025448224,0.02616452503353206,0.40656734597497785,0.4172049874765569
keltner_only_fixed1x_k1,2026-05-20 21:15:00+00:00,2026-05-20 21:30:00+00:00,2026-05-20 22:15:00+00:00,1,52.3749416,53.88265372336,0.38231845238095225,1.0,34124,34127,3,take_profit,0.02878689841555837,0.026730353405625573,0.4172049874765569,0.42835702423439487
keltner_only_fixed1x_k1,2026-05-21 02:15:00+00:00,2026-05-21 02:30:00+00:00,2026-05-21 07:30:00+00:00,1,55.9663776,57.54153034896,0.39954464285714275,1.0,34144,34164,20,take_profit,0.028144625693266256,0.026038060118276363,0.42835702423439487,0.43951061018349596
keltner_only_fixed1x_k1,2026-05-21 11:30:00+00:00,2026-05-21 11:45:00+00:00,2026-05-21 13:15:00+00:00,1,57.2258812,58.89734854752001,0.4237589285714285,1.0,34181,34187,6,take_profit,0.029208241314421235,0.0272292051071803,0.43951061018349596,0.45147813473496434
keltner_only_fixed1x_k1,2026-05-21 17:15:00+00:00,2026-05-21 17:30:00+00:00,2026-05-22 12:30:00+00:00,1,59.829922399999994,61.56795203104,0.44066666666666654,1.0,34204,34280,76,take_profit,0.029049505018913457,0.02673571262314467,0.45147813473496434,0.46354872440087175
keltner_only_fixed1x_k1,2026-05-22 18:30:00+00:00,2026-05-22 18:45:00+00:00,2026-05-22 20:00:00+00:00,-1,56.564365200000005,54.69594316274667,0.4725729166666665,1.0,34305,34310,5,take_profit,0.03303178654347083,0.030966292212462276,0.46354872440087175,0.4779031096553833
keltner_only_fixed1x_k1,2026-05-23 00:00:00+00:00,2026-05-23 00:15:00+00:00,2026-05-24 01:00:00+00:00,-1,54.509187600000004,60.38018716075428,0.48723809523809514,1.0,34327,34426,99,stop_loss,-0.1077066054228677,-0.10147968886767322,0.4779031096553833,0.4294056507786615
keltner_only_fixed1x_k1,2026-05-24 05:00:00+00:00,2026-05-24 05:15:00+00:00,2026-05-24 08:15:00+00:00,1,60.2200784,62.324924168639996,0.5324464285714283,1.0,34443,34455,12,take_profit,0.03495255776086803,0.03297616167445394,0.4294056507786615,0.4435658009426628
keltner_only_fixed1x_k1,2026-05-24 12:15:00+00:00,2026-05-24 12:30:00+00:00,2026-05-26 12:30:00+00:00,1,63.151250399999995,60.84065400000001,0.552083333333333,1.0,34472,34664,192,timeout_next_open,-0.036588292161511826,-0.038512156112021634,0.4435658009426628,0.42648312557080503
keltner_only_fixed1x_k1,2026-05-26 16:30:00+00:00,2026-05-26 16:45:00+00:00,2026-05-28 16:45:00+00:00,1,63.133243199999995,59.15133,0.5915178571428569,1.0,34681,34873,192,timeout_next_open,-0.06307157684558795,-0.06458267411705987,0.42648312557080503,0.3989397048556406
keltner_only_fixed1x_k1,2026-05-28 20:45:00+00:00,2026-05-28 21:00:00+00:00,2026-05-29 08:00:00+00:00,1,60.72428,63.07756863800001,0.5946324404761905,1.0,34890,34934,44,take_profit,0.03875366884547682,0.03657036321810292,0.3989397048556406,0.4135290747643342
keltner_only_fixed1x_k1,2026-05-29 13:45:00+00:00,2026-05-29 14:00:00+00:00,2026-05-29 15:00:00+00:00,1,62.8691376,65.18899799496,0.586486607142857,1.0,34958,34962,4,take_profit,0.036899828493273334,0.03482706573611516,0.4135290747643342,0.4279310790349466
keltner_only_fixed1x_k1,2026-05-29 19:00:00+00:00,2026-05-29 19:15:00+00:00,2026-05-30 11:30:00+00:00,1,65.31711639999999,67.67047190343999,0.5951086309523808,1.0,34979,35044,65,take_profit,0.03602969073264228,0.03392642273442603,0.4279310790349466,0.44244924972348526
keltner_only_fixed1x_k1,2026-05-30 15:30:00+00:00,2026-05-30 15:45:00+00:00,2026-05-31 04:45:00+00:00,1,67.386944,69.7373236224,0.5945714285714284,1.0,35061,35113,52,take_profit,0.034878857578108935,0.03291502758142273,0.44244924972348526,0.45701247898151354
keltner_only_fixed1x_k1,2026-05-31 20:30:00+00:00,2026-05-31 20:45:00+00:00,2026-05-31 22:15:00+00:00,1,69.6858632,71.94383010472,0.5716889880952382,1.0,35177,35183,6,take_profit,0.03240207986287813,0.030338308105232414,0.45701247898151354,0.47087746437679073
keltner_only_fixed1x_k1,2026-06-01 02:15:00+00:00,2026-06-01 02:30:00+00:00,2026-06-01 23:00:00+00:00,1,72.6160348,74.90387673608,0.579453869047619,1.0,35200,35282,82,take_profit,0.03150601574956835,0.029186699950093598,0.47087746437679073,0.48462082364281706
keltner_only_fixed1x_k1,2026-06-02 03:00:00+00:00,2026-06-02 03:15:00+00:00,2026-06-04 03:15:00+00:00,1,75.22307719999999,73.23369480000001,0.6258869047619048,1.0,35299,35491,192,timeout_next_open,-0.02644643737068475,-0.029113471428027005,0.48462082364281706,0.470511829140265
keltner_only_fixed1x_k1,2026-06-04 07:15:00+00:00,2026-06-04 07:30:00+00:00,2026-06-04 09:15:00+00:00,-1,69.3942312,66.61586093771808,0.7012514880952381,1.0,35508,35515,7,take_profit,0.04003748170758481,0.03848116417527758,0.470511829140265,0.48861767208382173
keltner_only_fixed1x_k1,2026-06-04 13:15:00+00:00,2026-06-04 13:30:00+00:00,2026-06-05 03:00:00+00:00,-1,65.6907132,62.80381277575619,0.728002976190476,1.0,35532,35586,54,take_profit,0.04394685768526274,0.03900495023193562,0.48861767208382173,0.5076761800658954
keltner_only_fixed1x_k1,2026-06-05 07:00:00+00:00,2026-06-05 07:15:00+00:00,2026-06-06 19:30:00+00:00,-1,59.00238960000001,55.924434953459055,0.7750788690476187,1.0,35603,35748,145,take_profit,0.052166609986605605,0.04260902755922169,0.5076761800658954,0.5293077684134836
keltner_only_fixed1x_k1,2026-06-07 00:15:00+00:00,2026-06-07 00:30:00+00:00,2026-06-09 00:30:00+00:00,-1,56.2664844,63.0191976,0.8219583333333331,1.0,35768,35960,192,timeout_next_open,-0.12001306411814827,-0.11744325773295505,0.5293077684134836,0.46714413974764357
keltner_only_fixed1x_k1,2026-06-09 13:45:00+00:00,2026-06-09 14:00:00+00:00,2026-06-09 23:00:00+00:00,-1,60.5697624,57.43567986686476,0.7892619047619045,1.0,36014,36050,36,take_profit,0.05174335194577617,0.05132971473375236,0.46714413974764357,0.49112251518043426
keltner_only_fixed1x_k1,2026-06-10 03:00:00+00:00,2026-06-10 03:15:00+00:00,2026-06-10 21:00:00+00:00,-1,56.4554088,53.40565537780571,0.7677767857142854,1.0,36067,36138,71,take_profit,0.054020571049240074,0.05157094524532546,0.49112251518043426,0.516450167519551
keltner_only_fixed1x_k1,2026-06-11 02:15:00+00:00,2026-06-11 02:30:00+00:00,2026-06-12 17:45:00+00:00,-1,53.5825584,62.436380109074285,0.7357380952380952,1.0,36160,36317,157,stop_loss,-0.16523700945706032,-0.14880056117470042,0.516450167519551,0.43960209277387374
keltner_only_fixed1x_k1,2026-06-13 04:45:00+00:00,2026-06-13 05:00:00+00:00,2026-06-15 02:30:00+00:00,-1,57.9308184,64.90607402021713,0.5791086309523809,1.0,36362,36544,182,stop_loss,-0.1204066473229235,-0.11232217736041006,0.43960209277387374,0.39022502854131924
keltner_only_fixed1x_k1,2026-06-15 06:30:00+00:00,2026-06-15 06:45:00+00:00,2026-06-15 10:00:00+00:00,1,64.79990959999999,66.85788193616,0.5211815476190476,1.0,36561,36574,13,take_profit,0.03175887665374155,0.029770569987293882,0.39022502854131924,0.40184225006430235
keltner_only_fixed1x_k1,2026-06-15 14:00:00+00:00,2026-06-15 14:15:00+00:00,2026-06-16 03:15:00+00:00,1,67.23688399999999,69.2653929464,0.5140565476190474,1.0,36591,36643,52,take_profit,0.03016958588384333,0.02808190644503772,0.40184225006430235,0.41312674653627157
keltner_only_fixed1x_k1,2026-06-16 07:15:00+00:00,2026-06-16 07:30:00+00:00,2026-06-16 08:45:00+00:00,1,71.9817812,74.00321568752001,0.5127619047619044,1.0,36660,36665,5,take_profit,0.028082584979433722,0.025976146519665733,0.41312674653627157,0.42385818743549053
keltner_only_fixed1x_k1,2026-06-16 12:45:00+00:00,2026-06-16 13:00:00+00:00,2026-06-17 11:30:00+00:00,1,76.97577799999999,70.6530590388,0.5245372023809521,1.0,36682,36772,90,stop_loss,-0.08213907186751657,-0.08420285949438011,0.42385818743549053,0.3881681160333173
keltner_only_fixed1x_k1,2026-06-17 16:00:00+00:00,2026-06-17 16:15:00+00:00,2026-06-18 04:00:00+00:00,1,75.845326,69.2627169696,0.5462410714285713,1.0,36791,36838,47,stop_loss,-0.08678991017060156,-0.08873162300271287,0.3881681160333173,0.35372532909977566
keltner_only_fixed1x_k1,2026-06-18 14:15:00+00:00,2026-06-18 14:30:00+00:00,2026-06-18 16:00:00+00:00,-1,69.62214,67.292171106,0.5892187499999998,1.0,36880,36886,6,take_profit,0.033465918944749484,0.032142238452185,0.35372532909977566,0.36509485297427824
keltner_only_fixed1x_k1,2026-06-18 21:00:00+00:00,2026-06-18 21:15:00+00:00,2026-06-20 21:15:00+00:00,-1,67.9038276,70.20307,0.5953392857142856,1.0,36907,37099,192,timeout_next_open,-0.0338602768248073,-0.0396492094222477,0.36509485297427824,0.35061913068971634
keltner_only_fixed1x_k1,2026-06-21 07:45:00+00:00,2026-06-21 08:00:00+00:00,2026-06-22 03:45:00+00:00,-1,68.5045872,66.0321204396419,0.6247172619047616,1.0,37142,37221,79,take_profit,0.036091988309333245,0.03381068929867803,0.35061913068971634,0.36247380517963895
keltner_only_fixed1x_k1,2026-06-22 13:15:00+00:00,2026-06-22 13:30:00+00:00,2026-06-24 02:45:00+00:00,1,69.1086324,61.63725334704001,0.6205595238095237,1.0,37260,37409,149,stop_loss,-0.10811064831547723,-0.110103351294639,0.36247380517963895,0.3225642244728406
keltner_only_fixed1x_k1,2026-06-24 13:00:00+00:00,2026-06-24 13:15:00+00:00,2026-06-25 13:45:00+00:00,-1,61.036575600000006,58.792702325478096,0.5668452380952379,1.0,37451,37549,98,take_profit,0.03676276482525842,0.03137377724697932,0.3225642244728406,0.3326842825992961
keltner_only_fixed1x_k1,2026-06-25 20:15:00+00:00,2026-06-25 20:30:00+00:00,2026-06-27 20:30:00+00:00,1,64.105632,62.1211416,0.5258675595238094,1.0,37576,37768,192,timeout_next_open,-0.03095656868338803,-0.03255947280854532,0.3326842825992961,0.32185225774617393
keltner_only_fixed1x_k1,2026-06-28 00:30:00+00:00,2026-06-28 00:45:00+00:00,2026-06-30 00:45:00+00:00,-1,61.9672032,66.1004296,0.5189598214285714,1.0,37785,37977,192,timeout_next_open,-0.06670022506357043,-0.06857267098390452,0.32185225774617393,0.2997819887703187
keltner_only_fixed1x_k1,2026-07-01 01:00:00+00:00,2026-07-01 01:15:00+00:00,2026-07-03 01:15:00+00:00,-1,63.59855040000001,66.72567959999999,0.5059925595238096,1.0,38075,38267,192,timeout_next_open,-0.0491698188139833,-0.05258272463593361,0.2997819887703187,0.2840186350039965
keltner_only_fixed1x_k1,2026-07-03 05:15:00+00:00,2026-07-03 05:30:00+00:00,2026-07-03 11:00:00+00:00,1,67.45997320000001,69.28204691072001,0.4624494047619046,1.0,38284,38306,22,take_profit,0.02700970107589673,0.024905460848011707,0.2840186350039965,0.2910922499981943
keltner_only_fixed1x_k1,2026-07-03 15:00:00+00:00,2026-07-03 15:15:00+00:00,2026-07-05 15:15:00+00:00,1,70.468176,69.57216,0.4483169642857141,1.0,38323,38515,192,timeout_next_open,-0.01271518649780301,-0.015264292758357723,0.2910922499981943,0.2866489326745328
keltner_only_fixed1x_k1,2026-07-05 20:00:00+00:00,2026-07-05 20:15:00+00:00,2026-07-06 00:00:00+00:00,1,70.3821416,72.07370534336,0.4301011904761901,1.0,38535,38550,15,take_profit,0.024033990795187865,0.021935847500245576,0.2866489326745328,0.2929368199477895
keltner_only_fixed1x_k1,2026-07-06 04:00:00+00:00,2026-07-06 04:15:00+00:00,2026-07-08 04:15:00+00:00,1,71.4715772,68.1187416,0.4293749999999996,1.0,38567,38759,192,timeout_next_open,-0.04691145391429796,-0.04916582047959572,0.2929368199477895,0.2785343408463728
keltner_only_fixed1x_k1,2026-07-08 08:15:00+00:00,2026-07-08 08:30:00+00:00,2026-07-10 08:30:00+00:00,-1,67.7958708,68.9915856,0.4153526785714283,1.0,38776,38968,192,timeout_next_open,-0.01763698564367422,-0.02133617785004882,0.2785343408463728,0.2725914826127285
keltner_only_fixed1x_k1,2026-07-10 20:00:00+00:00,2026-07-10 20:15:00+00:00,2026-07-12 20:15:00+00:00,-1,67.02417960000001,68.0862236,0.3789791666666667,1.0,39015,39207,192,timeout_next_open,-0.01584568444311074,-0.018121285731565573,0.2725914826127285,0.2676517744683121
keltner_only_fixed1x_k1,2026-07-13 03:00:00+00:00,2026-07-13 03:15:00+00:00,2026-07-13 04:45:00+00:00,-1,66.58035720000001,65.2214234333562,0.3462529761904763,1.0,39235,39241,6,take_profit,0.02041043070048021,0.01852228978948478,0.2676517744683121,0.27260929819768404
keltner_only_fixed1x_k1,2026-07-13 08:45:00+00:00,2026-07-13 09:00:00+00:00,2026-07-13 13:00:00+00:00,-1,65.57376,64.21167844923808,0.3469389880952381,1.0,39258,39274,16,take_profit,0.02077174697259876,0.019103923834860925,0.27260929819768404,0.27781720546712746
keltner_only_fixed1x_k1,2026-07-13 17:00:00+00:00,2026-07-13 17:15:00+00:00,2026-07-15 09:00:00+00:00,-1,63.653528400000006,67.77627092564572,0.3413035714285715,1.0,39291,39450,159,stop_loss,-0.06476848384174905,-0.06416877577908453,0.27781720546712746,0.2599900155019355
keltner_only_fixed1x_k1,2026-07-15 13:00:00+00:00,2026-07-15 13:15:00+00:00,2026-07-16 16:00:00+00:00,1,68.70547119999999,64.91867191152,0.3134017857142858,1.0,39467,39574,107,stop_loss,-0.05511641536460343,-0.05733523631401283,0.2599900155019355,0.24508342652384818
keltner_only_fixed1x_k1,2026-07-16 20:00:00+00:00,2026-07-16 20:15:00+00:00,2026-07-16 23:00:00+00:00,-1,62.4759996,61.250019573649524,0.31261755952380954,1.0,39591,39602,11,take_profit,0.019623215862087262,0.017570053570203914,0.24508342652384818,0.24938955545704133
keltner_only_fixed1x_k1,2026-07-17 03:00:00+00:00,2026-07-17 03:15:00+00:00,2026-07-17 05:15:00+00:00,-1,60.395832000000006,59.13102257089525,0.3221130952380953,1.0,39619,39627,8,take_profit,0.02094199859859136,0.019105283849183197,0.24938955545704133,0.25415421370306973
keltner_only_fixed1x_k1,2026-07-17 09:15:00+00:00,2026-07-17 09:30:00+00:00,2026-07-17 13:45:00+00:00,-1,60.2698824,58.978315483912375,0.3287872023809524,1.0,39644,39661,17,take_profit,0.02142972351456962,0.01926091661903362,0.25415421370306973,0.2590494568215806
keltner_only_fixed1x_k1,2026-07-17 19:15:00+00:00,2026-07-17 19:30:00+00:00,2026-07-18 13:15:00+00:00,-1,59.7890748,58.474770832300955,0.33442113095238096,1.0,39684,39755,71,take_profit,0.021982343297592633,0.02005385592941522,0.2590494568215806,0.26424439730727384
keltner_only_atr_k2,2025-06-16 02:00:00+00:00,2025-06-16 02:30:00+00:00,2025-06-16 05:45:00+00:00,1,41.9927904,43.618056433839996,0.4106800595238095,1.430953333067611,1600,1613,13,take_profit,0.03870345405386533,0.052265810149521474,1.0,1.0522658101495215
keltner_only_atr_k2,2025-06-16 09:30:00+00:00,2025-06-16 10:00:00+00:00,2025-06-17 15:15:00+00:00,1,44.5067956,39.47523133176,0.4179806547619047,1.490131164933442,1630,1747,117,stop_loss,-0.1130515958385464,-0.16972514615150303,1.0522658101495215,0.8736698417316642
keltner_only_atr_k2,2025-06-17 20:45:00+00:00,2025-06-17 21:15:00+00:00,2025-06-18 13:15:00+00:00,-1,39.602152800000006,37.88691460159619,0.4325967261904762,1.098981964534494,1771,1835,64,take_profit,0.04331174133553206,0.045356961401689766,0.8736698417316642,0.9132968510209076
keltner_only_atr_k2,2025-06-18 17:00:00+00:00,2025-06-18 17:30:00+00:00,2025-06-19 13:15:00+00:00,-1,38.4766032,36.75623433889904,0.43376636904761895,1.064868170886923,1852,1931,79,take_profit,0.0447120774190628,0.04236345443224687,0.9132968510209076,0.9519872605522465
keltner_only_atr_k2,2025-06-19 17:00:00+00:00,2025-06-19 17:30:00+00:00,2025-06-20 16:15:00+00:00,-1,36.3114696,34.58407746164953,0.4353050595238093,1.001394287667721,1948,2039,91,take_profit,0.04757152925450514,0.043600500675321285,0.9519872605522465,0.9934943817488519
keltner_only_atr_k2,2025-06-20 20:00:00+00:00,2025-06-20 20:30:00+00:00,2025-06-20 22:15:00+00:00,-1,34.699114800000004,33.089672757824765,0.40566815476190465,1.0268392899720848,2056,2063,7,take_profit,0.046382798277471826,0.04722453108977853,0.9934943817488519,1.040411688067271
keltner_only_atr_k2,2025-06-21 13:45:00+00:00,2025-06-21 14:15:00+00:00,2025-06-21 16:45:00+00:00,-1,34.206312,32.62191507241904,0.39936011904761914,1.0282448857920032,2127,2137,10,take_profit,0.04631884687191512,0.047111092725624415,1.040411688067271,1.0894266195766316
keltner_only_atr_k2,2025-06-21 20:30:00+00:00,2025-06-21 21:00:00+00:00,2025-06-23 18:00:00+00:00,-1,32.477004,37.31865763731429,0.4022276785714286,0.9693017680551393,2154,2334,180,stop_loss,-0.1490794420973771,-0.14406359439212968,1.0894266195766316,0.9324799049339547
keltner_only_atr_k2,2025-06-23 22:00:00+00:00,2025-06-23 22:30:00+00:00,2025-06-25 22:30:00+00:00,1,38.2993136,37.0211856,0.45363095238095236,1.1815243143944365,2352,2544,192,timeout_next_open,-0.033372086334205076,-0.04290617225868054,0.9324799049339547,0.8924707615051004
keltner_only_atr_k2,2025-06-26 16:45:00+00:00,2025-06-26 17:15:00+00:00,2025-06-28 17:15:00+00:00,-1,36.3424572,37.0938316,0.42138541666666657,1.035356191135392,2619,2811,192,timeout_next_open,-0.020674837583629424,-0.026372678478814637,0.8924707615051004,0.8689339170601835
keltner_only_atr_k2,2025-06-28 21:00:00+00:00,2025-06-28 21:30:00+00:00,2025-06-29 14:00:00+00:00,1,37.75109439999999,39.26185361223999,0.3816175595238092,1.3843807414397526,2828,2894,66,take_profit,0.04001895140396239,0.05233215505672084,0.8689339170601835,0.9144071015418208
keltner_only_atr_k2,2025-06-29 21:30:00+00:00,2025-06-29 22:00:00+00:00,2025-06-30 01:30:00+00:00,1,38.605436000000005,39.922883075600005,0.3333556547619045,1.6206714728924418,2926,2940,14,take_profit,0.03412594733031904,0.052179442568715206,0.9144071015418208,0.9621203543811475
keltner_only_atr_k2,2025-06-30 05:15:00+00:00,2025-06-30 05:45:00+00:00,2025-07-01 23:00:00+00:00,1,40.881346,36.91917956160001,0.3289494047619045,1.739203633501318,2957,3122,165,stop_loss,-0.09691868849915042,-0.16822623154163918,0.9621203543811475,0.8002664728741007
keltner_only_atr_k2,2025-07-02 02:45:00+00:00,2025-07-02 03:15:00+00:00,2025-07-03 07:45:00+00:00,-1,37.3720452,40.771758096651425,0.2819508928571426,1.5912132621878825,3139,3253,114,stop_loss,-0.09096940984785662,-0.1355138240199888,0.8002664728741007,0.6918193028999426
keltner_only_atr_k2,2025-07-03 11:30:00+00:00,2025-07-03 12:00:00+00:00,2025-07-05 12:00:00+00:00,1,40.3751436,39.1763232,0.27069642857142834,2.087304967346133,3270,3462,192,timeout_next_open,-0.029692040525646668,-0.06950474096618608,0.6918193028999426,0.6437345814564747
keltner_only_atr_k2,2025-07-05 18:15:00+00:00,2025-07-05 18:45:00+00:00,2025-07-07 18:45:00+00:00,-1,38.4905976,38.8725428,0.26186011904761886,1.7645756890379056,3489,3681,192,timeout_next_open,-0.009923077941507374,-0.023483692527932143,0.6437345814564747,0.6286173164759538
keltner_only_atr_k2,2025-07-07 22:30:00+00:00,2025-07-07 23:00:00+00:00,2025-07-08 02:30:00+00:00,-1,38.5035924,37.56432045362667,0.2385729166666665,1.9374705497096465,3698,3712,14,take_profit,0.02439439771270102,0.04405424962185034,0.6286173164759538,0.6563105806526031
keltner_only_atr_k2,2025-07-08 06:15:00+00:00,2025-07-08 06:45:00+00:00,2025-07-09 19:15:00+00:00,-1,37.602952800000004,40.46900893112,0.2374895833333332,1.9007823150138177,3729,3875,146,stop_loss,-0.07621891148718496,-0.13851339136547647,0.6563105806526031,0.5654027763373659
keltner_only_atr_k2,2025-07-09 23:00:00+00:00,2025-07-09 23:30:00+00:00,2025-07-10 04:30:00+00:00,1,40.901354,41.7626125084,0.2194925595238093,2.607787713815011,3892,3912,20,take_profit,0.0210569681482915,0.04917869069755043,0.5654027763373659,0.5932085445943975
keltner_only_atr_k2,2025-07-10 08:15:00+00:00,2025-07-10 08:45:00+00:00,2025-07-10 17:00:00+00:00,1,41.94177,42.798126042,0.2183705357142856,2.6878626188285812,3929,3962,33,take_profit,0.020417737305793215,0.048809072018602295,0.5932085445943975,0.6221625031695557
keltner_only_atr_k2,2025-07-10 20:45:00+00:00,2025-07-10 21:15:00+00:00,2025-07-10 22:15:00+00:00,1,43.2202812,44.058495987520004,0.21396130952380932,2.82687557552406,3979,3983,4,take_profit,0.01939401513010064,0.04950178030432428,0.6221625031695557,0.6529606547150435
keltner_only_atr_k2,2025-07-11 02:00:00+00:00,2025-07-11 02:30:00+00:00,2025-07-11 04:45:00+00:00,1,44.014598799999995,44.870786160479994,0.21853571428571414,2.818569047229942,4000,4009,9,take_profit,0.019452349534536673,0.049248323600700195,0.6529606547150435,0.685117872336975
keltner_only_atr_k2,2025-07-11 08:30:00+00:00,2025-07-11 09:00:00+00:00,2025-07-11 19:15:00+00:00,1,45.8613372,46.735843715120005,0.2233020833333332,2.874142463964176,4026,4067,41,take_profit,0.019068491424624412,0.0463897257510999,0.685117872336975,0.7169003025418643
keltner_only_atr_k2,2025-07-11 23:15:00+00:00,2025-07-11 23:45:00+00:00,2025-07-12 09:45:00+00:00,1,46.2875076,47.21144284696,0.23570684523809513,2.748184930079865,4085,4125,40,take_profit,0.019960790607788104,0.047989891424061515,0.7169003025418643,0.7513042702227253
keltner_only_atr_k2,2025-07-12 22:15:00+00:00,2025-07-12 22:45:00+00:00,2025-07-13 13:15:00+00:00,1,47.188868,48.1852469028,0.2539151785714286,2.6007897744255146,4177,4235,58,take_profit,0.021114702365820692,0.04845179701815505,0.7513042702227253,0.7877063122224298
keltner_only_atr_k2,2025-07-13 17:30:00+00:00,2025-07-13 18:00:00+00:00,2025-07-14 02:00:00+00:00,1,48.50839559999999,49.54623584176,0.26441666666666674,2.5673343838638503,4254,4286,32,take_profit,0.021395064275430364,0.048607320609230786,0.7877063122224298,0.8259946054865402
keltner_only_atr_k2,2025-07-14 05:45:00+00:00,2025-07-14 06:15:00+00:00,2025-07-16 06:15:00+00:00,1,49.2116768,47.166126000000006,0.27459375,2.5080250369864574,4303,4495,192,timeout_next_open,-0.04156637068704783,-0.11530854046742645,0.8259946054865402,0.7307503730939195
keltner_only_atr_k2,2025-07-16 23:00:00+00:00,2025-07-16 23:30:00+00:00,2025-07-17 03:30:00+00:00,-1,46.886238000000006,45.622330826152385,0.32053720238095246,1.7559896193610982,4564,4580,16,take_profit,0.026956890289376978,0.04452627395392117,0.7307503730939195,0.7632879643982295
keltner_only_atr_k2,2025-07-17 08:15:00+00:00,2025-07-17 08:45:00+00:00,2025-07-17 20:30:00+00:00,-1,46.085558400000004,44.791086718598095,0.3280952380952381,1.6862420899854862,4601,4648,47,take_profit,0.028088445195055045,0.04279091469319707,0.7632879643982295,0.7959497545691382
keltner_only_atr_k2,2025-07-18 00:15:00+00:00,2025-07-18 00:45:00+00:00,2025-07-18 15:15:00+00:00,-1,45.828661200000006,44.48144666448,0.34125000000000005,1.6122021978021976,4665,4723,58,take_profit,0.02939676831580673,0.0437436940261946,0.7959497545691382,0.8307675370932353
keltner_only_atr_k2,2025-07-18 19:00:00+00:00,2025-07-18 19:30:00+00:00,2025-07-20 19:30:00+00:00,-1,43.8014724,46.9107568,0.3430714285714285,1.532707058088695,4740,4932,192,timeout_next_open,-0.0709858420193199,-0.10684070827648018,0.8307675370932353,0.742007745017087
keltner_only_atr_k2,2025-07-21 03:00:00+00:00,2025-07-21 03:30:00+00:00,2025-07-23 03:30:00+00:00,1,46.5756228,45.5757624,0.33506398809523813,1.945294102494637,4964,5156,192,timeout_next_open,-0.021467461729786974,-0.05345846674771593,0.742007745017087,0.7023411486535434
keltner_only_atr_k2,2025-07-23 09:45:00+00:00,2025-07-23 10:15:00+00:00,2025-07-24 06:00:00+00:00,-1,43.624543200000005,42.25231832204191,0.34727976190476206,1.508017619937267,5183,5262,79,take_profit,0.03145534089989266,0.04244829249132742,0.7023411486535434,0.7321543311602838
keltner_only_atr_k2,2025-07-24 09:45:00+00:00,2025-07-24 10:15:00+00:00,2025-07-26 10:15:00+00:00,-1,42.1651272,44.61683959999999,0.347543154761905,1.4564637313797095,5279,5471,192,timeout_next_open,-0.058145499914440846,-0.08840114627126139,0.7321543311602838,0.667431049038246
keltner_only_atr_k2,2025-07-26 23:45:00+00:00,2025-07-27 00:15:00+00:00,2025-07-29 00:15:00+00:00,-1,43.44161640000001,44.0236024,0.320199404761905,1.628697593575431,5527,5719,192,timeout_next_open,-0.013396969271152415,-0.03414782280366169,0.667431049038246,0.6446397318420259
keltner_only_atr_k2,2025-07-29 09:15:00+00:00,2025-07-29 09:45:00+00:00,2025-07-30 19:00:00+00:00,1,45.0590164,41.38447384344,0.3048318452380955,2.0685962108305205,5757,5890,133,stop_loss,-0.08154955101416728,-0.16909254788873218,0.6446397318420259,0.5356359571145487
keltner_only_atr_k2,2025-07-30 22:45:00+00:00,2025-07-30 23:15:00+00:00,2025-07-31 23:45:00+00:00,-1,41.998194000000005,40.78139884664762,0.30827529761904765,1.6354862160348713,5907,6005,98,take_profit,0.028972558995093545,0.039665907269132994,0.5356359571145487,0.5568824433194677
keltner_only_atr_k2,2025-08-01 03:30:00+00:00,2025-08-01 04:00:00+00:00,2025-08-01 06:30:00+00:00,-1,41.1555312,39.953684855337144,0.3044553571428571,1.6227797882635855,6022,6032,10,take_profit,0.029202547254762568,0.04508613262611716,0.5568824433194677,0.5819901190161254
keltner_only_atr_k2,2025-08-01 10:15:00+00:00,2025-08-01 10:45:00+00:00,2025-08-01 13:45:00+00:00,-1,39.6481344,38.439045537093335,0.30611458333333325,1.554868751488754,6049,6061,12,take_profit,0.030495479325924335,0.04454067824168528,0.5819901190161254,0.6079123536470628
keltner_only_atr_k2,2025-08-01 17:30:00+00:00,2025-08-01 18:00:00+00:00,2025-08-01 20:15:00+00:00,-1,38.3036724,37.069797961817144,0.3121741071428571,1.4729857136728306,6078,6087,9,take_profit,0.032212954029516516,0.04496077039253832,0.6079123536470628,0.6352445613981759
keltner_only_atr_k2,2025-08-02 00:00:00+00:00,2025-08-02 00:30:00+00:00,2025-08-02 18:00:00+00:00,-1,37.743896400000004,36.47362882760762,0.3212127976190475,1.410616274814112,6104,6174,70,take_profit,0.03365491360325967,0.042430953230059076,0.6352445613981759,0.6621985936725113
keltner_only_atr_k2,2025-08-03 00:15:00+00:00,2025-08-03 00:45:00+00:00,2025-08-05 00:45:00+00:00,-1,36.8372592,38.7374888,0.33883928571428557,1.3051143083003958,6201,6393,192,timeout_next_open,-0.05158444578308918,-0.07323631309867606,0.6621985936725113,0.6137016101328083
keltner_only_atr_k2,2025-08-05 06:00:00+00:00,2025-08-05 06:30:00+00:00,2025-08-07 06:30:00+00:00,1,39.130646,38.0757636,0.3321949404761903,1.6484597845319966,6416,6608,192,timeout_next_open,-0.026957960264698877,-0.05042341986118182,0.6137016101328083,0.5827566761755985
keltner_only_atr_k2,2025-08-07 10:15:00+00:00,2025-08-07 10:45:00+00:00,2025-08-07 21:15:00+00:00,1,39.025603999999994,40.27158415839999,0.3155238095238095,1.7308994868699066,6625,6667,42,take_profit,0.03192724854175211,0.05133985485104575,0.5827566761755985,0.6126753193439315
keltner_only_atr_k2,2025-08-08 01:00:00+00:00,2025-08-08 01:30:00+00:00,2025-08-09 07:00:00+00:00,1,40.8353276,42.03620281896,0.30442410714285706,1.8772035019284077,6684,6802,118,take_profit,0.029407752785115315,0.049923385317957925,0.6126753193439315,0.6432621453863415
keltner_only_atr_k2,2025-08-09 10:45:00+00:00,2025-08-09 11:15:00+00:00,2025-08-09 20:45:00+00:00,1,43.3163196,44.42928482216,0.2826860119047619,2.14437918563946,6819,6857,38,take_profit,0.0256939008770265,0.05039752290351829,0.6432621453863415,0.675680964091416
keltner_only_atr_k2,2025-08-10 00:45:00+00:00,2025-08-10 01:15:00+00:00,2025-08-10 15:15:00+00:00,1,43.7584964,44.84626500144,0.27642857142857147,2.2153064599483203,6875,6931,56,take_profit,0.02485845472149273,0.04953939503332783,0.675680964091416,0.7091537902880404
keltner_only_atr_k2,2025-08-10 19:00:00+00:00,2025-08-10 19:30:00+00:00,2025-08-11 05:00:00+00:00,1,45.4191604,46.50748448584,0.276733630952381,2.2968440728093995,6948,6986,38,take_profit,0.023961783446794005,0.04986196330494996,0.7091537902880404,0.7445135905569489
keltner_only_atr_k2,2025-08-11 08:45:00+00:00,2025-08-11 09:15:00+00:00,2025-08-11 22:15:00+00:00,1,46.095430799999995,42.72112122768,0.2797678571428572,2.305761664645433,7003,7055,52,stop_loss,-0.07320269089056863,-0.16668135922345784,0.7445135905569489,0.6204170533225797
keltner_only_atr_k2,2025-08-12 02:00:00+00:00,2025-08-12 02:30:00+00:00,2025-08-12 10:00:00+00:00,-1,43.616546400000004,42.50951959951238,0.28100595238095244,1.8633341947510005,7072,7102,30,take_profit,0.025380890782485843,0.0437430863131234,0.6204170533225797,0.647556010036203
keltner_only_atr_k2,2025-08-12 15:45:00+00:00,2025-08-12 16:15:00+00:00,2025-08-12 21:00:00+00:00,1,44.2757032,45.36631131872001,0.27719047619047626,2.235329324858271,7127,7146,19,take_profit,0.024632203215239068,0.05037890353478258,0.647556010036203,0.6801791717991856
keltner_only_atr_k2,2025-08-13 06:15:00+00:00,2025-08-13 06:45:00+00:00,2025-08-13 11:30:00+00:00,-1,43.18272,46.59061665228571,0.28243898809523804,1.8354406503722365,7185,7204,19,stop_loss,-0.07891806380621014,-0.13492370272633736,0.6801791717991856,0.588406879422706
keltner_only_atr_k2,2025-08-13 16:15:00+00:00,2025-08-13 16:45:00+00:00,2025-08-13 17:00:00+00:00,1,45.898352,47.0526008092,0.2932693452380952,2.190205046758374,7225,7226,1,take_profit,0.02514793579516761,0.05085748534463841,0.588406879422706,0.6183317736696307
keltner_only_atr_k2,2025-08-13 20:45:00+00:00,2025-08-13 21:15:00+00:00,2025-08-14 03:15:00+00:00,1,47.1818652,48.36766515392,0.3012886904761905,2.191526004366165,7243,7267,24,take_profit,0.025132536598404753,0.05000567355473362,0.6183317736696307,0.6492518704922736
keltner_only_atr_k2,2025-08-14 12:30:00+00:00,2025-08-14 13:00:00+00:00,2025-08-14 13:00:00+00:00,-1,44.9800008,43.695305266986665,0.3255416666666667,1.6587001151926275,7306,7306,0,take_profit,0.02856148310725093,0.04390325509641069,0.6492518704922736,0.6777561409843177
keltner_only_atr_k2,2025-08-14 16:45:00+00:00,2025-08-14 17:15:00+00:00,2025-08-15 03:00:00+00:00,-1,44.7930756,48.85523488024,0.3368854166666667,1.5961866361584365,7323,7362,39,stop_loss,-0.0906872150623208,-0.13665083893082952,0.6777561409843177,0.5851401957282891
keltner_only_atr_k2,2025-08-15 06:45:00+00:00,2025-08-15 07:15:00+00:00,2025-08-17 07:15:00+00:00,1,48.4633776,47.051172,0.3546026785714287,1.9126082260074777,7379,7571,192,timeout_next_open,-0.029139644612801385,-0.06360134249090965,0.5851401957282891,0.5479244937345763
keltner_only_atr_k2,2025-08-17 11:45:00+00:00,2025-08-17 12:15:00+00:00,2025-08-18 06:15:00+00:00,1,47.5730216,43.06652024136,0.3741056547619048,1.7795935226472654,7591,7663,72,stop_loss,-0.09472808762351126,-0.1661788932605177,0.5479244937345763,0.45687100777543493
keltner_only_atr_k2,2025-08-18 10:00:00+00:00,2025-08-18 10:30:00+00:00,2025-08-19 23:00:00+00:00,-1,43.0717644,41.58965551528381,0.3746845238095239,1.3800089599186616,7680,7826,146,take_profit,0.034410219905367745,0.03979817664182561,0.45687100777543493,0.4750536408454106
keltner_only_atr_k2,2025-08-20 03:00:00+00:00,2025-08-20 03:30:00+00:00,2025-08-21 23:15:00+00:00,-1,42.0421764,40.55596968246476,0.3756056547619048,1.343717789126292,7844,8019,175,take_profit,0.035350375380072796,0.03901020354124429,0.4750536408454106,0.4935855800677992
keltner_only_atr_k2,2025-08-22 14:00:00+00:00,2025-08-22 14:30:00+00:00,2025-08-22 17:15:00+00:00,1,43.244290799999995,44.50307768368,0.31914880952380953,1.8962251524702984,8080,8091,11,take_profit,0.029108741533113713,0.05130740912746523,0.4935855800677992,0.518910177363755
keltner_only_atr_k2,2025-08-22 21:00:00+00:00,2025-08-22 21:30:00+00:00,2025-08-24 18:15:00+00:00,1,44.621841599999996,45.85216601336,0.3121681547619047,2.000383416675804,8108,8287,179,take_profit,0.02757224644354439,0.04548576931803017,0.518910177363755,0.5425132059881009
keltner_only_atr_k2,2025-08-24 22:00:00+00:00,2025-08-24 22:30:00+00:00,2025-08-25 02:00:00+00:00,1,45.3351268,46.57976719928,0.31581994047619044,2.008859855534771,8304,8318,14,take_profit,0.027454216788029395,0.05031724306866514,0.5425132059881009,0.569810974841765
keltner_only_atr_k2,2025-08-25 07:30:00+00:00,2025-08-25 08:00:00+00:00,2025-08-25 21:00:00+00:00,-1,44.2692852,43.00425383312762,0.32055654761904767,1.6578790979230686,8342,8394,52,take_profit,0.028575825454538406,0.04095677772699724,0.569810974841765,0.5931485962847628
keltner_only_atr_k2,2025-08-26 00:45:00+00:00,2025-08-26 01:15:00+00:00,2025-08-26 15:00:00+00:00,-1,42.8548512,46.917592876194284,0.33699851190476204,1.5266061475826067,8411,8466,55,stop_loss,-0.0948023750504654,-0.1360870449006445,0.5931485962847628,0.512428756629404
keltner_only_atr_k2,2025-08-26 18:45:00+00:00,2025-08-26 19:15:00+00:00,2025-08-26 21:30:00+00:00,1,48.1562548,49.51917134808,0.3456830357142859,1.9495258094094239,8483,8492,9,take_profit,0.02830196313522282,0.051459518881626254,0.512428756629404,0.5387980939066631
keltner_only_atr_k2,2025-08-27 01:15:00+00:00,2025-08-27 01:45:00+00:00,2025-08-27 02:45:00+00:00,1,48.68146479999999,50.05582731407999,0.3485982142857144,1.9543071997541166,8509,8513,4,take_profit,0.028231741171436564,0.051388917923360866,0.5387980939066631,0.5664863449316959
keltner_only_atr_k2,2025-08-27 06:30:00+00:00,2025-08-27 07:00:00+00:00,2025-08-28 19:30:00+00:00,1,50.332124799999995,46.04953690008,0.35534672619047636,1.9821992101946029,8530,8676,146,stop_loss,-0.08508657079225868,-0.16988799222419726,0.5664863449316959,0.47024711716882606
keltner_only_atr_k2,2025-08-28 23:15:00+00:00,2025-08-28 23:45:00+00:00,2025-08-29 08:30:00+00:00,-1,45.6627276,44.18065470056381,0.37493452380952386,1.4620472780961753,8693,8728,35,take_profit,0.0324569507196103,0.04514084841303134,0.47024711716882606,0.491474471001609
keltner_only_atr_k2,2025-08-29 12:15:00+00:00,2025-08-29 12:45:00+00:00,2025-08-29 19:00:00+00:00,-1,45.03198,43.52853326104761,0.3802127976190477,1.4218353600544806,8745,8770,25,take_profit,0.033386201072046706,0.045089250481263,0.491474471001609,0.5136346865297468
keltner_only_atr_k2,2025-08-30 01:00:00+00:00,2025-08-30 01:30:00+00:00,2025-09-01 01:30:00+00:00,-1,43.920424800000006,44.806915599999996,0.3787767857142858,1.3919966056148785,8796,8988,192,timeout_next_open,-0.020184021535237795,-0.03228632560891498,0.5136346865297468,0.4970513097964144
keltner_only_atr_k2,2025-09-01 08:00:00+00:00,2025-09-01 08:30:00+00:00,2025-09-03 08:30:00+00:00,1,45.078024,44.4981936,0.3532827380952382,1.7856519211814357,9016,9208,192,timeout_next_open,-0.012862817589342379,-0.029289154292745367,0.4970513097964144,0.482493097292376
keltner_only_atr_k2,2025-09-03 12:15:00+00:00,2025-09-03 12:45:00+00:00,2025-09-05 11:30:00+00:00,1,45.4721816,46.62738032736,0.29346428571428573,2.168427406596081,9225,9412,187,take_profit,0.02540451517197506,0.04737379824137822,0.482493097292376,0.5053506279363627
keltner_only_atr_k2,2025-09-05 15:15:00+00:00,2025-09-05 15:45:00+00:00,2025-09-07 15:45:00+00:00,1,46.96878,47.6469336,0.2506592261904763,2.6222852834489996,9429,9621,192,timeout_next_open,0.01443839077787401,0.027653600129009304,0.5053506279363627,0.5193253921262586
keltner_only_atr_k2,2025-09-08 02:00:00+00:00,2025-09-08 02:30:00+00:00,2025-09-08 03:00:00+00:00,1,47.789108,48.7162922568,0.23666964285714287,2.8257954502584224,9664,9666,2,take_profit,0.019401581146900826,0.049507320921064135,0.5193253921262586,0.5450358009767108
keltner_only_atr_k2,2025-09-08 06:45:00+00:00,2025-09-08 07:15:00+00:00,2025-09-08 08:30:00+00:00,1,49.8609364,50.791885325440006,0.23781845238095234,2.9340616466642477,9683,9688,5,take_profit,0.018670907380712753,0.04847612930516698,0.5450358009767108,0.571457026940803
keltner_only_atr_k2,2025-09-08 12:15:00+00:00,2025-09-08 12:45:00+00:00,2025-09-08 13:15:00+00:00,1,50.910356,51.8485071076,0.23972470238095234,2.9719924268288906,9705,9707,2,take_profit,0.018427510261370017,0.04888395877350704,0.571457026940803,0.5993921086866082
keltner_only_atr_k2,2025-09-08 17:00:00+00:00,2025-09-08 17:30:00+00:00,2025-09-09 04:15:00+00:00,1,50.9223608,51.88085015568,0.24481249999999996,2.9109134541741133,9724,9767,43,take_profit,0.018822563224130784,0.04696911955558125,0.5993921086866082,0.6275450283001814
keltner_only_atr_k2,2025-09-09 08:00:00+00:00,2025-09-09 08:30:00+00:00,2025-09-10 22:45:00+00:00,1,54.836926,55.8332980296,0.2546785714285714,3.0,9784,9937,153,take_profit,0.018169727996788287,0.032100386414368964,0.6275450283001814,0.6476894662010334
keltner_only_atr_k2,2025-09-11 03:30:00+00:00,2025-09-11 04:00:00+00:00,2025-09-12 00:15:00+00:00,1,56.0914276,57.263965228960004,0.2988630952380951,2.626506960903425,9958,10039,81,take_profit,0.02090404325811801,0.04674559783160137,0.6476894662010334,0.6779660975078314
keltner_only_atr_k2,2025-09-12 04:00:00+00:00,2025-09-12 04:30:00+00:00,2025-09-14 04:30:00+00:00,1,56.621639599999995,54.1393356,0.3183988095238094,2.4886588024153604,10056,10248,192,timeout_next_open,-0.04384019992243371,-0.11561563801248242,0.6779660975078314,0.5995826145936306
keltner_only_atr_k2,2025-09-14 11:15:00+00:00,2025-09-14 11:45:00+00:00,2025-09-15 08:45:00+00:00,-1,53.821462800000006,52.44525989702477,0.34929315476190465,1.849781454894026,10277,10361,84,take_profit,0.025569778883364647,0.04289986582895566,0.5995826145936306,0.6253046283130718
keltner_only_atr_k2,2025-09-15 12:45:00+00:00,2025-09-15 13:15:00+00:00,2025-09-17 13:15:00+00:00,-1,52.8668448,55.3461296,0.35525148809523804,1.7864977945704126,10379,10571,192,timeout_next_open,-0.046896780191429066,-0.08651617931783961,0.6253046283130718,0.571205660961663
keltner_only_atr_k2,2025-09-17 17:15:00+00:00,2025-09-17 17:45:00+00:00,2025-09-17 21:45:00+00:00,1,55.502191999999994,56.7472518732,0.31694196428571436,2.4506694837664615,10589,10605,16,take_profit,0.022432625241179727,0.04928464793957099,0.571205660961663,0.5993573308632485
keltner_only_atr_k2,2025-09-18 01:30:00+00:00,2025-09-18 02:00:00+00:00,2025-09-20 02:00:00+00:00,1,58.8675376,55.851650400000004,0.3228809523809525,2.551454317528205,10622,10814,192,timeout_next_open,-0.05123175391661017,-0.1397446577688286,0.5993573308632485,0.5156003457805253
keltner_only_atr_k2,2025-09-20 10:45:00+00:00,2025-09-20 11:15:00+00:00,2025-09-20 18:00:00+00:00,-1,55.796672400000006,54.57420168562667,0.31107291666666675,2.15328292535914,10851,10878,27,take_profit,0.02190938387166863,0.043580481879867294,0.5156003457805253,0.5380704573070668
keltner_only_atr_k2,2025-09-20 21:45:00+00:00,2025-09-20 22:15:00+00:00,2025-09-21 08:30:00+00:00,-1,54.433218000000004,53.22984070862857,0.3061651785714286,2.134338081976057,10895,10936,41,take_profit,0.022107406756136094,0.04522987714172433,0.5380704573070668,0.5624073179846568
keltner_only_atr_k2,2025-09-21 12:15:00+00:00,2025-09-21 12:45:00+00:00,2025-09-21 16:30:00+00:00,-1,52.698912,51.515771974323805,0.30093452380952385,2.1022513202919475,10953,10968,15,take_profit,0.022450938373759888,0.04377835137916741,0.5624073179846568,0.5870285831696043
keltner_only_atr_k2,2025-09-21 20:15:00+00:00,2025-09-21 20:45:00+00:00,2025-09-21 23:45:00+00:00,-1,52.0851576,50.89947948923048,0.30150744047619044,2.0738194686421902,10985,10997,12,take_profit,0.0227642223889426,0.044190587404733916,0.5870285831696043,0.6129697210832378
keltner_only_atr_k2,2025-09-22 03:30:00+00:00,2025-09-22 04:00:00+00:00,2025-09-22 06:00:00+00:00,-1,49.760088,48.544099066152384,0.30884970238095233,1.9341446515728973,11014,11022,8,take_profit,0.024437033428229005,0.04355612313528878,0.6129697210832378,0.6396683057329429
keltner_only_atr_k2,2025-09-22 09:45:00+00:00,2025-09-22 10:15:00+00:00,2025-09-22 17:00:00+00:00,-1,48.994394400000004,47.742549260140954,0.31773363095238083,1.8511354880407658,11039,11066,27,take_profit,0.02555078300669944,0.042777946504539255,0.6396683057329429,0.6670320022962359
keltner_only_atr_k2,2025-09-22 20:45:00+00:00,2025-09-22 21:15:00+00:00,2025-09-23 00:30:00+00:00,-1,47.810868,46.546169499580955,0.32082738095238084,1.7889994248501833,11083,11096,13,take_profit,0.026452113365083574,0.04491368075279256,0.6670320022962359,0.6969908646992651
keltner_only_atr_k2,2025-09-23 04:15:00+00:00,2025-09-23 04:45:00+00:00,2025-09-23 18:45:00+00:00,-1,46.512387600000004,45.23007954075428,0.32509821428571417,1.7175486528796249,11113,11169,56,take_profit,0.027569172975453138,0.041474114003137386,0.6969908646992651,0.7258979432809477
keltner_only_atr_k2,2025-09-23 22:30:00+00:00,2025-09-23 23:00:00+00:00,2025-09-24 04:00:00+00:00,-1,45.249892800000005,43.896182347596195,0.34281547619047614,1.5845725695831092,11186,11206,20,take_profit,0.02991632396538646,0.044975009297113955,0.7258979432809477,0.7585452100287643
keltner_only_atr_k2,2025-09-24 07:45:00+00:00,2025-09-24 08:15:00+00:00,2025-09-25 04:30:00+00:00,-1,44.249293200000004,42.85255832204191,0.3534672619047618,1.5028379067907218,11223,11304,81,take_profit,0.03156513419649598,0.04003328651601534,0.7585452100287643,0.7889122677571968
keltner_only_atr_k2,2025-09-25 08:15:00+00:00,2025-09-25 08:45:00+00:00,2025-09-25 12:00:00+00:00,-1,42.7518924,41.294272552198095,0.3685327380952379,1.3926252594345343,11321,11334,13,take_profit,0.03409486144295004,0.04553742880145739,0.7889122677571968,0.8248373039807864
keltner_only_atr_k2,2025-09-25 15:45:00+00:00,2025-09-25 16:15:00+00:00,2025-09-25 22:45:00+00:00,-1,42.0341796,40.536119707554285,0.3785669642857141,1.3329530772768554,11351,11377,26,take_profit,0.03563908958617379,0.04186568461113582,0.8248373039807864,0.8593696824047455
keltner_only_atr_k2,2025-09-26 11:00:00+00:00,2025-09-26 11:30:00+00:00,2025-09-27 13:30:00+00:00,-1,40.8126684,45.707926403074275,0.4064151785714284,1.2055356832936064,11428,11532,104,stop_loss,-0.11994457101154099,-0.13441583292464576,0.8593696824047455,0.7438567907541234
keltner_only_atr_k2,2025-09-27 17:15:00+00:00,2025-09-27 17:45:00+00:00,2025-09-28 21:00:00+00:00,1,45.376143199999994,47.073032642719994,0.4289315476190474,1.4804506768618044,11549,11658,109,take_profit,0.03739607033680192,0.0509777030700056,0.7438567907541234,0.7817769013597943
keltner_only_atr_k2,2025-09-29 00:45:00+00:00,2025-09-29 01:15:00+00:00,2025-10-01 01:15:00+00:00,1,47.071821199999995,45.12994080000001,0.4389568452380952,1.5006987751670458,11675,11867,192,timeout_next_open,-0.04125356424492854,-0.06808434407689656,0.7817769013597943,0.728550133816244
keltner_only_atr_k2,2025-10-01 08:30:00+00:00,2025-10-01 09:00:00+00:00,2025-10-02 01:30:00+00:00,1,46.7947104,48.46955886584,0.42356101190476186,1.5460913105648328,11898,11964,66,take_profit,0.035791405727772174,0.05143280391279914,0.728550133816244,0.7660215099894584
keltner_only_atr_k2,2025-10-02 05:15:00+00:00,2025-10-02 05:45:00+00:00,2025-10-02 19:30:00+00:00,1,49.215678399999994,50.85486997864,0.4148854166666667,1.6600824524843705,11981,12036,55,take_profit,0.03330628840097427,0.051175484300165275,0.7660215099894584,0.8052230317475128
keltner_only_atr_k2,2025-10-02 23:15:00+00:00,2025-10-02 23:45:00+00:00,2025-10-04 23:45:00+00:00,1,50.6422488,49.2612876,0.39327678571428576,1.8020590732626511,12053,12245,192,timeout_next_open,-0.027268954928399536,-0.056811523359970195,0.8052230317475128,0.7594770846694029
keltner_only_atr_k2,2025-10-05 03:30:00+00:00,2025-10-05 04:00:00+00:00,2025-10-05 08:00:00+00:00,1,49.9859864,51.448892655440005,0.37087351190476187,1.8861524955161362,12262,12278,16,take_profit,0.029266327640980583,0.05160055984623546,0.7594770846694029,0.7986665274287309
keltner_only_atr_k2,2025-10-05 17:45:00+00:00,2025-10-05 18:15:00+00:00,2025-10-07 01:15:00+00:00,-1,48.223702800000005,46.74344627397714,0.3747366071428571,1.5448610809973673,12319,12443,124,take_profit,0.030695621449103316,0.043509014022281134,0.7986665274287309,0.8334157205697542
keltner_only_atr_k2,2025-10-07 05:00:00+00:00,2025-10-07 05:30:00+00:00,2025-10-07 15:00:00+00:00,-1,46.100552400000005,44.67255713524572,0.3614642857142859,1.5310724236735493,12460,12498,38,take_profit,0.030975664941366055,0.04443536524072855,0.8334157205697542,0.8704488525106362
keltner_only_atr_k2,2025-10-07 18:45:00+00:00,2025-10-07 19:15:00+00:00,2025-10-09 14:30:00+00:00,-1,44.758089600000005,43.36810252393524,0.35183184523809535,1.5271841002237436,12515,12688,173,take_profit,0.031055549700333085,0.040506996869570155,0.8704488525106362,0.9057081214544055
keltner_only_atr_k2,2025-10-09 18:15:00+00:00,2025-10-09 18:45:00+00:00,2025-10-10 20:45:00+00:00,-1,43.0047912,41.678497599813326,0.3357395833333334,1.537691787409636,12705,12809,104,take_profit,0.030840600853485167,0.038412550587846095,0.9057081214544055,0.940498680487596
keltner_only_atr_k2,2025-10-11 00:30:00+00:00,2025-10-11 01:00:00+00:00,2025-10-11 01:30:00+00:00,-1,38.6035524,36.97199004476952,0.4115863095238097,1.1259558184434495,12826,12828,2,take_profit,0.04226456514479948,0.04597369157894593,0.940498680487596,0.9837368767547383
keltner_only_atr_k2,2025-10-11 05:15:00+00:00,2025-10-11 05:45:00+00:00,2025-10-11 19:00:00+00:00,-1,38.90143320000001,37.210424513756195,0.42647172619047646,1.0950409401616943,12845,12898,53,take_profit,0.043469058776061,0.04336306282944369,0.9837368767547383,1.0263947207490947
keltner_only_atr_k2,2025-10-12 15:00:00+00:00,2025-10-12 15:30:00+00:00,2025-10-13 06:45:00+00:00,1,39.920961999999996,41.7821055652,0.46946577380952403,1.1900122035875373,12980,13041,61,take_profit,0.046620709320582154,0.05261300105993172,1.0263947207490947,1.080396427279775
keltner_only_atr_k2,2025-10-13 10:30:00+00:00,2025-10-13 11:00:00+00:00,2025-10-13 20:45:00+00:00,1,40.956376,42.9192787996,0.49501934523809543,1.1578537394822828,13058,13097,39,take_profit,0.047926672018051564,0.05276991282422139,1.080396427279775,1.1374088525629291
keltner_only_atr_k2,2025-10-14 00:30:00+00:00,2025-10-14 01:00:00+00:00,2025-10-16 01:00:00+00:00,1,42.7851072,37.2360996,0.5091369047619049,1.1760137487578182,13114,13306,192,timeout_next_open,-0.12969483923602265,-0.15394460880417582,1.1374088525629291,0.9623108917047225
keltner_only_atr_k2,2025-10-16 04:45:00+00:00,2025-10-16 05:15:00+00:00,2025-10-17 06:45:00+00:00,-1,37.386039600000004,35.208141034887625,0.5479940476190477,0.8190088960820308,13323,13425,102,take_profit,0.0582543267062815,0.043724982757585185,0.9623108917047225,1.004387918851948
keltner_only_atr_k2,2025-10-17 10:30:00+00:00,2025-10-17 11:00:00+00:00,2025-10-19 11:00:00+00:00,-1,34.399234799999995,37.2088776,0.5722767857142859,0.7216018722209219,13442,13634,192,timeout_next_open,-0.0816774796397508,-0.06044024777517676,1.004387918851948,0.9436824641741421
keltner_only_atr_k2,2025-10-19 14:45:00+00:00,2025-10-19 15:15:00+00:00,2025-10-21 15:15:00+00:00,1,38.1382492,37.9708056,0.43150148809523836,1.2368949232504156,13651,13843,192,timeout_next_open,-0.004390437513843715,-0.009583862789930842,0.9436824641741421,0.9346383409202333
keltner_only_atr_k2,2025-10-21 21:15:00+00:00,2025-10-21 21:45:00+00:00,2025-10-22 05:15:00+00:00,-1,36.102553199999996,34.62920886889904,0.3717976190476192,1.1656986968076584,13869,13899,30,take_profit,0.04080997604072378,0.04585695374607335,0.9346383409202333,0.9774980080891192
keltner_only_atr_k2,2025-10-22 09:30:00+00:00,2025-10-22 10:00:00+00:00,2025-10-23 10:00:00+00:00,-1,35.0039928,39.45517927569143,0.36961755952380965,1.1368940386419357,13918,14014,96,stop_loss,-0.1271622497788718,-0.1339989569156559,0.9774980080891192,0.846514294618046
keltner_only_atr_k2,2025-10-23 13:45:00+00:00,2025-10-23 14:15:00+00:00,2025-10-25 11:45:00+00:00,1,39.656856399999995,41.13557415744,0.3737946428571429,1.4847029260718976,14031,14213,182,take_profit,0.03728782086317861,0.0506393292415952,0.846514294618046,0.8893812106909259
keltner_only_atr_k2,2025-10-25 15:30:00+00:00,2025-10-25 16:00:00+00:00,2025-10-25 18:00:00+00:00,1,40.9043552,42.224898957920004,0.33436011904761914,1.71202235969558,14230,14238,8,take_profit,0.03228369574494616,0.052154730972755026,0.8893812106909259,0.9357666484667343
keltner_only_atr_k2,2025-10-25 21:45:00+00:00,2025-10-25 22:15:00+00:00,2025-10-26 08:00:00+00:00,1,44.051613599999996,45.37758625455999,0.33603273809523815,1.834571248903965,14255,14294,39,take_profit,0.030100433246331715,0.05107699220638828,0.9357666484667343,0.9835627942774677
keltner_only_atr_k2,2025-10-26 11:45:00+00:00,2025-10-26 12:15:00+00:00,2025-10-28 12:15:00+00:00,1,48.221280799999995,48.1177452,0.346202380952381,1.9492298064028057,14311,14503,192,timeout_next_open,-0.002147093529709654,-0.017551603367868984,0.9835627942774677,0.9662996902249167
keltner_only_atr_k2,2025-10-28 20:00:00+00:00,2025-10-28 20:30:00+00:00,2025-10-30 13:30:00+00:00,-1,46.515386400000004,44.972403883131435,0.39024107142857156,1.4309308806369685,14536,14700,164,take_profit,0.033171443607927786,0.027735457658724316,0.9662996902249167,0.9931004543687884
keltner_only_atr_k2,2025-10-30 17:15:00+00:00,2025-10-30 17:45:00+00:00,2025-11-01 17:45:00+00:00,-1,44.032379999999996,44.154654799999996,0.430232142857143,1.228639023782841,14717,14909,192,timeout_next_open,-0.002776929159859165,-0.015286444280623535,0.9931004543687884,0.977919479608018
keltner_only_atr_k2,2025-11-02 00:15:00+00:00,2025-11-02 00:45:00+00:00,2025-11-03 03:45:00+00:00,-1,42.421024800000005,40.544301512300954,0.473233630952381,1.0761196303295777,14937,15045,108,take_profit,0.04424040429355802,0.044594392594503596,0.977919479608018,1.0215292048074704
keltner_only_atr_k2,2025-11-03 08:15:00+00:00,2025-11-03 08:45:00+00:00,2025-11-03 15:30:00+00:00,-1,40.838657999999995,39.01168500605714,0.4606428571428571,1.0642952395720269,15065,15092,27,take_profit,0.04473636214840493,0.044710904145800034,1.0215292048074704,1.0672026991657526
keltner_only_atr_k2,2025-11-03 19:45:00+00:00,2025-11-03 20:15:00+00:00,2025-11-04 05:45:00+00:00,-1,39.7680864,37.91797371551238,0.46631845238095226,1.023781061123415,15111,15149,38,take_profit,0.046522547398398784,0.04521025685303859,1.0672026991657526,1.1154512073092924
keltner_only_atr_k2,2025-11-04 09:30:00+00:00,2025-11-04 10:00:00+00:00,2025-11-04 20:15:00+00:00,-1,37.4530128,35.59686490035809,0.4675952380952382,0.9615495697336931,15166,15207,41,take_profit,0.049559374823963775,0.04272032946854831,1.1154512073092924,1.1631036503916354
keltner_only_atr_k2,2025-11-05 03:15:00+00:00,2025-11-05 03:45:00+00:00,2025-11-05 15:30:00+00:00,1,40.184067199999994,42.13371292312,0.4916264880952382,1.1438602549239798,15237,15284,47,take_profit,0.04851787932307672,0.052880289047853024,1.1631036503916354,1.2246089076169582
keltner_only_atr_k2,2025-11-06 15:30:00+00:00,2025-11-06 16:00:00+00:00,2025-11-08 16:00:00+00:00,-1,38.929422,40.2580968,0.4528392857142857,1.032021767419851,15382,15574,192,timeout_next_open,-0.03413035004732401,-0.0446013490595949,1.2246089076169582,1.169989698266845
keltner_only_atr_k2,2025-11-08 20:15:00+00:00,2025-11-08 20:45:00+00:00,2025-11-10 20:45:00+00:00,-1,39.749094,42.285907599999994,0.44405059523809537,1.074607274750169,15593,15785,192,timeout_next_open,-0.06382066469238246,-0.07022583004344485,1.169989698266845,1.0878262005637762
keltner_only_atr_k2,2025-11-11 00:30:00+00:00,2025-11-11 01:00:00+00:00,2025-11-11 18:30:00+00:00,-1,40.946614800000006,39.30286537449143,0.4148660714285713,1.184854664801464,15802,15872,70,take_profit,0.04014371965881225,0.045465528609869965,1.0878262005637762,1.1372847938080748
keltner_only_atr_k2,2025-11-11 22:15:00+00:00,2025-11-11 22:45:00+00:00,2025-11-12 16:00:00+00:00,-1,39.0113892,37.537165919965716,0.3723080357142856,1.2578938810748592,15889,15958,69,take_profit,0.037789561209327194,0.044164150188863216,1.1372847938080748,1.1875120102493248
keltner_only_atr_k2,2025-11-12 19:45:00+00:00,2025-11-12 20:15:00+00:00,2025-11-13 18:00:00+00:00,-1,38.588558400000004,37.19956918288381,0.3509657738095237,1.3199235782216592,15975,16062,87,take_profit,0.03599484600378822,0.04366651757775708,1.1875120102493248,1.2393665243186747
keltner_only_atr_k2,2025-11-14 04:30:00+00:00,2025-11-14 05:00:00+00:00,2025-11-16 05:00:00+00:00,-1,37.107151200000004,38.7695016,0.3409211309523807,1.3066482525021943,16106,16298,192,timeout_next_open,-0.044798653257973386,-0.06592157233235396,1.2393665243186747,1.157665534339503
keltner_only_atr_k2,2025-11-16 09:45:00+00:00,2025-11-16 10:15:00+00:00,2025-11-18 05:00:00+00:00,1,39.7638992,41.01972284032,0.3180595238095235,1.7495844593330105,16319,16490,171,take_profit,0.031582004420733556,0.047400433008159215,1.157665534339503,1.2125393819458175
keltner_only_atr_k2,2025-11-18 08:45:00+00:00,2025-11-18 09:15:00+00:00,2025-11-20 09:15:00+00:00,1,40.98738839999999,39.274284,0.32313392857142853,1.7750967920201157,16507,16699,192,timeout_next_open,-0.04179589056227817,-0.08062919733374063,1.2125393819458175,1.1147733048439763
keltner_only_atr_k2,2025-11-20 16:00:00+00:00,2025-11-20 16:30:00+00:00,2025-11-21 06:15:00+00:00,-1,37.8568512,36.56865138333714,0.32570535714285725,1.3953224594972446,16728,16783,55,take_profit,0.03402818184368328,0.04387744781104019,1.1147733048439763,1.1636867123484087
keltner_only_atr_k2,2025-11-21 10:00:00+00:00,2025-11-21 10:30:00+00:00,2025-11-22 17:45:00+00:00,-1,32.56197,31.255502916571427,0.3297410714285715,1.1854756166905849,16800,16925,125,take_profit,0.040122482866625564,0.0345436458383126,1.1636867123484087,1.2038846940065224
keltner_only_atr_k2,2025-11-22 21:30:00+00:00,2025-11-22 22:00:00+00:00,2025-11-24 22:00:00+00:00,-1,29.9969964,32.4339684,0.3520193452380954,1.0229778700270966,16942,17134,192,timeout_next_open,-0.08124053380224416,-0.08769288686716392,1.2038846940065224,1.0983125697338982
keltner_only_atr_k2,2025-11-25 09:45:00+00:00,2025-11-25 10:15:00+00:00,2025-11-26 02:30:00+00:00,1,33.0342084,34.49110881664,0.36767559523809534,1.2573420863047293,17183,17248,65,take_profit,0.04410277973060195,0.052582129203278205,1.0983125697338982,1.1560641831812306
keltner_only_atr_k2,2025-11-26 06:15:00+00:00,2025-11-26 06:45:00+00:00,2025-11-27 01:45:00+00:00,1,34.908958,36.3505369668,0.36403125000000014,1.3420001716885566,17265,17341,76,take_profit,0.0412953880433784,0.0520416714400731,1.1560641831812306,1.2162276955659848
keltner_only_atr_k2,2025-11-27 17:15:00+00:00,2025-11-27 17:45:00+00:00,2025-11-29 17:45:00+00:00,1,35.4501744,34.641138000000005,0.35835863095238096,1.3843785447040697,17405,17597,192,timeout_next_open,-0.022821788995204373,-0.0363120786298613,1.2162276955659848,1.1720639398527777
keltner_only_atr_k2,2025-11-30 00:45:00+00:00,2025-11-30 01:15:00+00:00,2025-11-30 11:15:00+00:00,-1,34.2742848,33.03701217820571,0.3126205357142858,1.3161515415482596,17627,17667,40,take_profit,0.03609915214902715,0.0459264635413672,1.1720639398527777,1.2258926916545774
keltner_only_atr_k2,2025-11-30 15:00:00+00:00,2025-11-30 15:30:00+00:00,2025-11-30 23:45:00+00:00,-1,33.1357404,31.938987077112383,0.3023809523809524,1.3155193700787402,17684,17717,33,take_profit,0.03611669177875443,0.045911930311812954,1.2258926916545774,1.2821757914835832
keltner_only_atr_k2,2025-12-01 03:30:00+00:00,2025-12-01 04:00:00+00:00,2025-12-01 13:30:00+00:00,-1,30.7406988,29.568527434281904,0.2959985119047619,1.2467495110878737,17734,17772,38,take_profit,0.038130927775724355,0.04461213184147428,1.2821757914835832,1.3393763869371953
keltner_only_atr_k2,2025-12-01 17:15:00+00:00,2025-12-01 17:45:00+00:00,2025-12-02 14:15:00+00:00,-1,29.6821224,33.203702141817146,0.2923586309523809,1.218804448629527,17789,17871,82,stop_loss,-0.11864312444911773,-0.13325440362271201,1.3393763869371953,1.1608985852695366
keltner_only_atr_k2,2025-12-02 18:00:00+00:00,2025-12-02 18:30:00+00:00,2025-12-02 23:15:00+00:00,1,33.1652608,34.28219124568,0.28266220238095247,1.6419881968317809,17888,17907,19,take_profit,0.03367772237388844,0.05190489004991239,1.1608985852695366,1.2211548986970509
keltner_only_atr_k2,2025-12-03 03:00:00+00:00,2025-12-03 03:30:00+00:00,2025-12-04 01:15:00+00:00,1,34.6518552,35.76163410792,0.2810223214285715,1.725599580612877,17924,18011,87,take_profit,0.032026536574007336,0.04957606579605023,1.2211548986970509,1.2816949543020248
keltner_only_atr_k2,2025-12-04 18:45:00+00:00,2025-12-04 19:15:00+00:00,2025-12-05 09:15:00+00:00,-1,33.481602,32.3482920955619,0.28656101190476196,1.4026332379562647,18083,18139,56,take_profit,0.03384873592482518,0.04552087404205274,1.2816949543020248,1.3400388288771419
keltner_only_atr_k2,2025-12-05 13:00:00+00:00,2025-12-05 13:30:00+00:00,2025-12-05 19:00:00+00:00,-1,31.6703268,30.554103078339047,0.2821101190476191,1.347686503708236,18156,18178,22,take_profit,0.035245096418170085,0.04521818291479418,1.3400388288771419,1.400632949754235
keltner_only_atr_k2,2025-12-05 22:45:00+00:00,2025-12-05 23:15:00+00:00,2025-12-07 09:00:00+00:00,-1,30.8506548,29.745131428586667,0.27935416666666674,1.3257579237825337,18195,18330,135,take_profit,0.03583468093563236,0.04433509367327737,1.400632949754235,1.4627301427834676
keltner_only_atr_k2,2025-12-07 12:45:00+00:00,2025-12-07 13:15:00+00:00,2025-12-07 14:15:00+00:00,-1,29.675125200000004,28.648562185794287,0.2595044642857144,1.3727856319565102,18347,18351,4,take_profit,0.034593384435180674,0.045777726932773266,1.4627301427834676,1.5296906038361457
keltner_only_atr_k2,2025-12-07 18:00:00+00:00,2025-12-07 18:30:00+00:00,2025-12-07 22:00:00+00:00,-1,29.6451372,28.596392612022857,0.26504464285714296,1.3427322890348654,18368,18382,14,take_profit,0.03537661441408824,0.04552685121070721,1.5296906038361457,1.599332600355411
keltner_only_atr_k2,2025-12-08 08:45:00+00:00,2025-12-08 09:15:00+00:00,2025-12-10 09:15:00+00:00,1,30.520203199999997,29.175325200000003,0.2637380952380954,1.6194550871174496,18427,18619,192,timeout_next_open,-0.04406517188588033,-0.07715614477110022,1.599332600355411,1.4759342627052487
keltner_only_atr_k2,2025-12-10 20:00:00+00:00,2025-12-10 20:30:00+00:00,2025-12-12 20:30:00+00:00,1,29.7448932,28.543578,0.24526934523809524,1.6971627644535587,18664,18856,192,timeout_next_open,-0.04038727562148381,-0.07619396535579526,1.4759342627052487,1.3634769786252539
keltner_only_atr_k2,2025-12-13 04:45:00+00:00,2025-12-13 05:15:00+00:00,2025-12-15 05:15:00+00:00,-1,28.212710400000002,28.9945932,0.2514672619047619,1.346847289124543,18891,19083,192,timeout_next_open,-0.02771384914510011,-0.044754518695459544,1.3634769786252539,1.3024552226945412
keltner_only_atr_k2,2025-12-15 14:45:00+00:00,2025-12-15 15:15:00+00:00,2025-12-15 15:45:00+00:00,-1,28.468608000000003,27.498215983676193,0.2453467261904761,1.3929674355412962,19123,19125,2,take_profit,0.03408638793733121,0.04538558000216386,1.3024552226945412,1.3615679084033805
keltner_only_atr_k2,2025-12-15 19:30:00+00:00,2025-12-15 20:00:00+00:00,2025-12-16 03:15:00+00:00,-1,27.512990400000003,26.536219691398095,0.246845238095238,1.3380367494574397,19142,19171,29,take_profit,0.03550216441037646,0.04580082192481605,1.3615679084033805,1.423928837714708
keltner_only_atr_k2,2025-12-16 07:00:00+00:00,2025-12-16 07:30:00+00:00,2025-12-17 17:45:00+00:00,-1,26.342458800000003,25.37016233113905,0.24561011904761898,1.2875528142986978,19188,19325,137,take_profit,0.03690986009479702,0.0358996410845176,1.423928837714708,1.4750473719185602
keltner_only_atr_k2,2025-12-17 21:30:00+00:00,2025-12-17 22:00:00+00:00,2025-12-18 09:15:00+00:00,-1,24.6681288,23.69800897532952,0.2448988095238095,1.209217801327079,19342,19387,45,take_profit,0.03932685095557309,0.04575119195376032,1.4750473719185602,1.5425325473720959
keltner_only_atr_k2,2025-12-18 17:00:00+00:00,2025-12-18 17:30:00+00:00,2025-12-18 19:45:00+00:00,-1,23.66553,22.699141740571427,0.24386607142857142,1.1649837073920843,19420,19429,9,take_profit,0.04083526797957082,0.0457801042395114,1.5425325473720959,1.6131498481836295
keltner_only_atr_k2,2025-12-18 23:30:00+00:00,2025-12-19 00:00:00+00:00,2025-12-20 08:30:00+00:00,-1,22.4500164,25.404531292274285,0.2453630952380952,1.0984047936731278,19446,19576,130,stop_loss,-0.13160413068893284,-0.13323203938348183,1.6131498481836295,1.3982266040789704
keltner_only_atr_k2,2025-12-20 18:30:00+00:00,2025-12-20 19:00:00+00:00,2025-12-22 19:00:00+00:00,1,25.0830292,24.9470172,0.23942857142857146,1.4660823389021478,19618,19810,192,timeout_next_open,-0.005422471062625722,-0.012984788005804049,1.3982266040789704,1.3800709280409296
keltner_only_atr_k2,2025-12-23 04:00:00+00:00,2025-12-23 04:30:00+00:00,2025-12-25 04:30:00+00:00,-1,24.2383008,25.0440136,0.22238988095238094,1.3084048552654473,19848,20040,192,timeout_next_open,-0.03324130708040385,-0.0486559073571341,1.3800709280409296,1.312922324819896
keltner_only_atr_k2,2025-12-25 16:30:00+00:00,2025-12-25 17:00:00+00:00,2025-12-26 23:15:00+00:00,1,24.8879512,25.59540536952,0.1794241071428572,1.9411661317210316,20090,20211,121,take_profit,0.02842556881580527,0.04958894236602229,1.312922324819896,1.3780287543164538
keltner_only_atr_k2,2025-12-27 03:00:00+00:00,2025-12-27 03:30:00+00:00,2025-12-29 03:30:00+00:00,1,25.9243656,25.9376208,0.15700297619047626,2.3107587435785635,20228,20420,192,timeout_next_open,0.0005113027722460917,-0.007919489394528134,1.3780287543164538,1.3671154702112898
keltner_only_atr_k2,2025-12-29 16:00:00+00:00,2025-12-29 16:30:00+00:00,2025-12-31 16:30:00+00:00,1,26.1234452,25.853654400000003,0.14555059523809527,2.5117176566813204,20472,20664,192,timeout_next_open,-0.01032753520580798,-0.036164158964893334,1.3671154702112898,1.3176748890232037
keltner_only_atr_k2,2025-12-31 20:30:00+00:00,2025-12-31 21:00:00+00:00,2026-01-01 15:30:00+00:00,-1,25.397836800000004,24.843287999005714,0.14112053571428576,2.1605360159438165,20682,20756,74,take_profit,0.02183448950244027,0.0409804056899461,1.3176748890232037,1.3716737405428294
keltner_only_atr_k2,2026-01-01 19:15:00+00:00,2026-01-01 19:45:00+00:00,2026-01-01 20:30:00+00:00,-1,24.3672492,23.79888994968,0.14446875,2.024825438027255,20773,20776,3,take_profit,0.023324719407392114,0.0435840192094048,1.3716737405428294,1.4314567951996844
keltner_only_atr_k2,2026-01-02 00:15:00+00:00,2026-01-02 00:45:00+00:00,2026-01-04 00:45:00+00:00,-1,24.160332000000004,25.222084799999998,0.14539732142857145,1.9948097884491387,20793,20985,192,timeout_next_open,-0.04394611795897485,-0.09318759741278837,1.4314567951996844,1.298062775654816
keltner_only_atr_k2,2026-01-04 14:00:00+00:00,2026-01-04 14:30:00+00:00,2026-01-04 16:00:00+00:00,1,25.570223999999996,26.190898210399997,0.15778869047619043,2.2678431446517164,21040,21046,6,take_profit,0.02427331924820053,0.05082810521953007,1.298062775654816,1.3640408469973542
keltner_only_atr_k2,2026-01-04 19:45:00+00:00,2026-01-04 20:15:00+00:00,2026-01-04 21:15:00+00:00,1,26.010399999999997,26.632819989999998,0.15826934523809522,2.2998768299218675,21063,21067,4,take_profit,0.023929658521206987,0.05073293071175633,1.3640408469973542,1.4332426367760764
keltner_only_atr_k2,2026-01-05 01:00:00+00:00,2026-01-05 01:30:00+00:00,2026-01-06 19:15:00+00:00,1,26.932768799999998,27.562334692479997,0.16014880952380947,2.353486117821967,21084,21251,167,take_profit,0.023375461214370175,0.041215116397169016,1.4332426367760764,1.492313898876188
keltner_only_atr_k2,2026-01-06 23:00:00+00:00,2026-01-06 23:30:00+00:00,2026-01-08 14:00:00+00:00,1,27.9631808,25.792645327680003,0.1800178571428571,2.1738287868267046,21268,21422,154,stop_loss,-0.07762119366334741,-0.16818873755877317,1.492313898876188,1.2413235081827911
keltner_only_atr_k2,2026-01-08 18:30:00+00:00,2026-01-08 19:00:00+00:00,2026-01-09 19:15:00+00:00,-1,25.959612,25.192113387657145,0.19439285714285712,1.6031453242697045,21442,21539,97,take_profit,0.02956510337453644,0.042548600359876065,1.2413235081827911,1.29414008604978
keltner_only_atr_k2,2026-01-09 23:00:00+00:00,2026-01-09 23:30:00+00:00,2026-01-10 02:30:00+00:00,-1,25.077964800000004,24.327031007348577,0.19016517857142856,1.5831289527431511,21556,21568,12,take_profit,0.02994396868486815,0.04554281420528672,1.29414008604978,1.3530788675443588
keltner_only_atr_k2,2026-01-10 06:15:00+00:00,2026-01-10 06:45:00+00:00,2026-01-12 06:45:00+00:00,-1,24.320268,24.844934,0.19099702380952385,1.5286102064666922,21585,21777,192,timeout_next_open,-0.021573199769015616,-0.03748339125789735,1.3530788675443588,1.3023608829494009
keltner_only_atr_k2,2026-01-12 10:30:00+00:00,2026-01-12 11:00:00+00:00,2026-01-12 14:15:00+00:00,-1,23.920428,23.247235080723808,0.17062202380952388,1.6830183676673232,21794,21807,13,take_profit,0.02814301312987344,0.044213940004746766,1.3023608829494009,1.3599433888926546
keltner_only_atr_k2,2026-01-12 18:00:00+00:00,2026-01-12 18:30:00+00:00,2026-01-13 22:45:00+00:00,-1,23.718508800000002,25.75718255352,0.1690312500000001,1.6845169162506923,21824,21937,113,stop_loss,-0.08595286367750066,-0.1355305674264573,1.3599433888926546,1.1756294897281738
keltner_only_atr_k2,2026-01-14 02:30:00+00:00,2026-01-14 03:00:00+00:00,2026-01-14 08:15:00+00:00,1,25.7643016,26.35883122936,0.15126934523809527,2.3835364622785353,21954,21975,21,take_profit,0.023075712999726772,0.049884299381627306,1.1756294897281738,1.2342749431556437
keltner_only_atr_k2,2026-01-14 12:00:00+00:00,2026-01-14 12:30:00+00:00,2026-01-14 16:30:00+00:00,1,26.0224048,26.614195338080002,0.15061011904761906,2.4179517438988243,21992,22008,16,take_profit,0.02274157759931561,0.05001832295308151,1.2342749431556437,1.296011305875299
keltner_only_atr_k2,2026-01-15 02:15:00+00:00,2026-01-15 02:45:00+00:00,2026-01-15 15:30:00+00:00,-1,25.2508956,24.656539986811428,0.15105357142857143,2.006784726326989,22049,22100,51,take_profit,0.023538001289291732,0.04153861870594033,1.296011305875299,1.3498458253486407
keltner_only_atr_k2,2026-01-15 19:15:00+00:00,2026-01-15 19:45:00+00:00,2026-01-17 19:45:00+00:00,-1,24.69012,25.7082792,0.15264732142857143,1.9417307636065861,22117,22309,192,timeout_next_open,-0.041237515249014534,-0.08283615782578435,1.3498458253486407,1.2380297835195846
keltner_only_atr_k2,2026-01-18 04:45:00+00:00,2026-01-18 05:15:00+00:00,2026-01-19 00:00:00+00:00,1,25.6232452,23.840062501920002,0.14780357142857148,2.4260712818654095,22347,22422,75,stop_loss,-0.06959238317244831,-0.16758064391144045,1.2380297835195846,1.0305599552158313
keltner_only_atr_k2,2026-01-19 03:45:00+00:00,2026-01-19 04:15:00+00:00,2026-01-20 05:15:00+00:00,-1,23.970408000000003,23.35940874177143,0.15508482142857152,1.8555007340453085,22439,22539,100,take_profit,0.02548973126484011,0.0425604855797328,1.0305599552158313,1.074421087328845
keltner_only_atr_k2,2026-01-20 09:00:00+00:00,2026-01-20 09:30:00+00:00,2026-01-20 13:00:00+00:00,-1,23.007793200000002,22.411849593470475,0.15122619047619054,1.8264296622844989,22556,22570,14,take_profit,0.02590181515233403,0.04480673789370759,1.074421087328845,1.1225623913762608
keltner_only_atr_k2,2026-01-20 16:45:00+00:00,2026-01-20 17:15:00+00:00,2026-01-20 17:45:00+00:00,-1,21.7492968,21.142821975862855,0.15373214285714293,1.6983826228365655,22587,22589,2,take_profit,0.027884801504807544,0.044664218874209904,1.1225623913762608,1.1727007637246465
keltner_only_atr_k2,2026-01-20 21:30:00+00:00,2026-01-20 22:00:00+00:00,2026-01-21 10:45:00+00:00,-1,21.199516799999998,20.586158685291426,0.15539732142857146,1.6377116263035418,22606,22657,51,take_profit,0.028932645988826056,0.04354483373877871,1.1727007637246465,1.223765823506375
keltner_only_atr_k2,2026-01-21 16:30:00+00:00,2026-01-21 17:00:00+00:00,2026-01-23 17:00:00+00:00,-1,20.851656000000002,22.405958799999997,0.15415029761904764,1.6238697158964754,22682,22874,192,timeout_next_open,-0.07454097650565483,-0.12252568557763177,1.223765823506375,1.0738230769947814
keltner_only_atr_k2,2026-01-23 20:45:00+00:00,2026-01-23 21:15:00+00:00,2026-01-24 03:00:00+00:00,1,22.6360508,23.237995929680004,0.15281101190476196,2.0730050540953746,22891,22914,23,take_profit,0.02659232102801279,0.05108230073213971,1.0738230769947814,1.1286764303469405
keltner_only_atr_k2,2026-01-24 06:45:00+00:00,2026-01-24 07:15:00+00:00,2026-01-24 18:30:00+00:00,1,22.889152,23.5032885892,0.1558854166666667,2.054842632809889,22931,22976,45,take_profit,0.02683090178264358,0.050818554509239666,1.1286764303469405,1.1860341350458206
keltner_only_atr_k2,2026-01-24 22:15:00+00:00,2026-01-24 22:45:00+00:00,2026-01-25 19:45:00+00:00,1,23.593433599999997,21.698518576559998,0.15718601190476195,2.100543146295051,22993,23077,84,stop_loss,-0.08031535619469987,-0.16650323774132025,1.1860341350458206,0.9885556114889652
keltner_only_atr_k2,2026-01-26 00:15:00+00:00,2026-01-26 00:45:00+00:00,2026-01-26 17:00:00+00:00,-1,21.928225200000004,23.820178032937147,0.1568690476190476,1.6781130758139184,23097,23162,65,stop_loss,-0.0862793416102432,-0.13769749665198128,0.9885556114889652,0.8524339784856662
keltner_only_atr_k2,2026-01-26 20:45:00+00:00,2026-01-26 21:15:00+00:00,2026-01-26 21:45:00+00:00,1,24.2106804,24.86174362784,0.16525297619047613,2.0502747230977048,23179,23181,2,take_profit,0.026891570872167536,0.05132062441483143,0.8524339784856662,0.8961814225339695
keltner_only_atr_k2,2026-01-27 01:30:00+00:00,2026-01-27 02:00:00+00:00,2026-01-27 03:15:00+00:00,1,25.545213999999998,26.2113205144,0.16914880952380948,2.1134644754900243,23198,23203,5,take_profit,0.026075589517472908,0.05116359521011238,0.8961814225339695,0.9420332860713202
keltner_only_atr_k2,2026-01-27 07:00:00+00:00,2026-01-27 07:30:00+00:00,2026-01-27 12:30:00+00:00,1,27.468983199999997,28.157281256719997,0.174891369047619,2.198004407497852,23220,23240,20,take_profit,0.025057281942638454,0.0494458636917412,0.9420332860713202,0.9886129355274856
keltner_only_atr_k2,2026-01-27 16:15:00+00:00,2026-01-27 16:45:00+00:00,2026-01-27 16:45:00+00:00,1,28.131248,28.8487277008,0.18225595238095235,2.1600391913517756,23257,23257,0,take_profit,0.025504723459122802,0.05053804835388154,0.9886129355274856,1.0385755038664464
keltner_only_atr_k2,2026-01-27 20:30:00+00:00,2026-01-27 21:00:00+00:00,2026-01-27 23:00:00+00:00,1,29.7689028,30.50688563888,0.18754761904761902,2.221291862384157,23274,23282,8,take_profit,0.024790394319806897,0.05082260537971228,1.0385755038664464,1.0913586168564866
keltner_only_atr_k2,2026-01-28 02:45:00+00:00,2026-01-28 03:15:00+00:00,2026-01-28 03:30:00+00:00,1,32.751095199999995,33.54197661191999,0.2010758928571429,2.279398059545747,23299,23300,1,take_profit,0.024148243198902186,0.05056654082643619,1.0913586168564866,1.1465448469120432
keltner_only_atr_k2,2026-01-28 07:15:00+00:00,2026-01-28 07:45:00+00:00,2026-01-28 08:00:00+00:00,1,33.4913912,34.324025143520004,0.2115922619047619,2.2150715521485336,23317,23318,1,take_profit,0.024861133374477484,0.05031628049274217,1.1465448469120432,1.2042347190267777
keltner_only_atr_k2,2026-01-28 11:45:00+00:00,2026-01-28 12:15:00+00:00,2026-01-29 04:00:00+00:00,1,33.883548,31.2184841808,0.22104761904761908,2.1451486428263675,23335,23398,63,stop_loss,-0.07865362326282943,-0.1706283873737543,1.2042347190267777,0.9987580908997525
keltner_only_atr_k2,2026-01-29 12:00:00+00:00,2026-01-29 12:30:00+00:00,2026-01-29 22:45:00+00:00,1,33.7324876,30.57128990496,0.2624136904761905,1.7989381542684102,23432,23473,41,stop_loss,-0.0937137436327109,-0.1676363532399211,0.9987580908997525,0.8313299267724524
keltner_only_atr_k2,2026-01-30 02:30:00+00:00,2026-01-30 03:00:00+00:00,2026-01-30 19:00:00+00:00,-1,28.6545336,32.25232222772571,0.2987410714285715,1.1514720702949877,23490,23554,64,stop_loss,-0.12555739618549278,-0.13840056146591828,0.8313299267724524,0.7162733981437243
keltner_only_atr_k2,2026-01-31 03:00:00+00:00,2026-01-31 03:30:00+00:00,2026-01-31 17:00:00+00:00,1,31.93777,27.822404442000003,0.34201934523809524,1.3067974260019057,23588,23642,54,stop_loss,-0.12885575786913106,-0.16790708005406774,0.7162733981437243,0.5960060233410068
keltner_only_atr_k2,2026-02-01 00:00:00+00:00,2026-02-01 00:30:00+00:00,2026-02-02 22:30:00+00:00,1,32.2639004,33.78635068984,0.3839925595238095,1.1758404917009955,23672,23856,184,take_profit,0.04718742219524086,0.05066413394778002,0.5960060233410068,0.6262021523412393
keltner_only_atr_k2,2026-02-03 02:15:00+00:00,2026-02-03 02:45:00+00:00,2026-02-03 03:30:00+00:00,1,36.1414508,38.04394141968,0.4794285714285715,1.0549600715137069,23873,23876,3,take_profit,0.052640128649179774,0.05333103412104312,0.6262021523412393,0.6595981606944206
keltner_only_atr_k2,2026-02-03 07:15:00+00:00,2026-02-03 07:45:00+00:00,2026-02-05 07:45:00+00:00,1,37.1088376,34.426224,0.4884925595238096,1.0630990992088756,23893,24085,192,timeout_next_open,-0.07229042388544138,-0.07897052397371951,0.6595981606944206,0.6075093483322805
keltner_only_atr_k2,2026-02-05 11:45:00+00:00,2026-02-05 12:15:00+00:00,2026-02-07 12:15:00+00:00,-1,32.1281436,33.0101988,0.5188720238095238,0.7433278001158649,24103,24295,192,timeout_next_open,-0.027454284660256345,-0.034670239103508416,0.6075093483322805,0.5864468539679838
keltner_only_atr_k2,2026-02-07 16:30:00+00:00,2026-02-07 17:00:00+00:00,2026-02-09 17:00:00+00:00,-1,31.511390400000003,31.5486144,0.5421056547619048,0.6978123114508846,24314,24506,192,timeout_next_open,-0.0011812871322871565,-0.005913000881198172,0.5864468539679838,0.5829791932036952
keltner_only_atr_k2,2026-02-10 00:15:00+00:00,2026-02-10 00:45:00+00:00,2026-02-10 21:15:00+00:00,-1,31.067568,29.18846490815238,0.47269345238095234,0.7890102943491264,24537,24619,82,take_profit,0.06048439619887924,0.04757746003303276,0.5829791932036952,0.6107158624684337
keltner_only_atr_k2,2026-02-11 01:00:00+00:00,2026-02-11 01:30:00+00:00,2026-02-13 01:30:00+00:00,-1,29.0503752,30.6032364,0.41720089285714285,0.8359138390420854,24636,24828,192,timeout_next_open,-0.053454084131760116,-0.04918451265470747,0.6107158624684337,0.5806781004024244
keltner_only_atr_k2,2026-02-13 15:00:00+00:00,2026-02-13 15:30:00+00:00,2026-02-15 15:30:00+00:00,1,31.8937524,30.8766444,0.3049330357142858,1.4637115291706313,24884,25076,192,timeout_next_open,-0.031890509064088635,-0.05038990908434282,0.5806781004024244,0.5514177837158774
keltner_only_atr_k2,2026-02-15 19:30:00+00:00,2026-02-15 20:00:00+00:00,2026-02-17 11:15:00+00:00,-1,30.549775200000003,29.524693450556192,0.2592217261904763,1.4147888195548712,25094,25251,157,take_profit,0.033554477659259785,0.04200380598906084,0.5514177837158774,0.574579429321997
keltner_only_atr_k2,2026-02-17 15:00:00+00:00,2026-02-17 15:30:00+00:00,2026-02-18 22:15:00+00:00,-1,29.1743256,28.229249689763808,0.2390907738095239,1.464849498036335,25268,25391,123,take_profit,0.03239409620615841,0.0425406693551853,0.574579429321997,0.5990224228430752
keltner_only_atr_k2,2026-02-19 11:15:00+00:00,2026-02-19 11:45:00+00:00,2026-02-21 11:45:00+00:00,-1,28.422626400000002,30.2300872,0.22093601190476195,1.5443747583670664,25445,25637,192,timeout_next_open,-0.06359232164413897,-0.09994419577226155,0.5990224228430752,0.5391536085424724
keltner_only_atr_k2,2026-02-22 07:45:00+00:00,2026-02-22 08:15:00+00:00,2026-02-22 19:30:00+00:00,-1,29.4422184,28.712532154026665,0.18529166666666672,1.9075223746345846,25719,25764,45,take_profit,0.024783670715972206,0.04441543205462262,0.5391536085424724,0.5631003490096952
keltner_only_atr_k2,2026-02-22 23:15:00+00:00,2026-02-22 23:45:00+00:00,2026-02-23 01:00:00+00:00,-1,28.887440400000003,28.193254859493337,0.1763645833333334,1.966313153387277,25781,25786,5,take_profit,0.024030704378594447,0.04420717420987175,0.5631003490096952,0.5879934242360063
keltner_only_atr_k2,2026-02-23 04:45:00+00:00,2026-02-23 05:15:00+00:00,2026-02-23 14:30:00+00:00,-1,27.289080000000002,26.583292398666668,0.17910416666666676,1.8291031755263456,25803,25840,37,take_profit,0.02586337103828107,0.04305425375155991,0.5879934242360063,0.613309042327312
keltner_only_atr_k2,2026-02-23 18:15:00+00:00,2026-02-23 18:45:00+00:00,2026-02-25 14:45:00+00:00,-1,26.294478,28.48152676977143,0.18130505952380963,1.7410435253658567,25857,26033,176,stop_loss,-0.08317521153192042,-0.13921319118435693,0.613309042327312,0.5279283333627051
keltner_only_atr_k2,2026-02-25 18:30:00+00:00,2026-02-25 19:00:00+00:00,2026-02-27 04:15:00+00:00,1,28.7905116,29.50684699536,0.18203571428571433,2.213334902884049,26050,26183,133,take_profit,0.024880954020976898,0.043371752174214295,0.5279283333627051,0.5508255102030583
keltner_only_atr_k2,2026-02-27 08:00:00+00:00,2026-02-27 08:30:00+00:00,2026-02-27 19:00:00+00:00,1,29.429767199999997,27.074397393119998,0.19537797619047625,2.107975566286349,26200,26242,42,stop_loss,-0.08003358609238331,-0.1661853407476087,0.5508255102030583,0.4592863850974876
keltner_only_atr_k2,2026-02-27 22:45:00+00:00,2026-02-27 23:15:00+00:00,2026-02-28 06:30:00+00:00,-1,27.1161492,26.347535190632378,0.19478720238095237,1.6711775518155496,26259,26288,29,take_profit,0.028345249308763254,0.04438414306636895,0.4592863850974876,0.4796714177220899
keltner_only_atr_k2,2026-02-28 15:15:00+00:00,2026-02-28 15:45:00+00:00,2026-02-28 17:00:00+00:00,1,28.1672624,28.97512604504,0.2048645833333333,1.9241197945797532,26325,26330,5,take_profit,0.028680942917619134,0.051496162119569755,0.4796714177220899,0.5043726548132305
keltner_only_atr_k2,2026-02-28 20:45:00+00:00,2026-02-28 21:15:00+00:00,2026-02-28 23:45:00+00:00,1,30.3601392,31.19873804432,0.2127708333333333,1.9968526387936947,26347,26357,10,take_profit,0.027621706171887306,0.051486374165419235,0.5043726548132305,0.5303409740377503
keltner_only_atr_k2,2026-03-01 03:30:00+00:00,2026-03-01 04:00:00+00:00,2026-03-01 16:00:00+00:00,1,30.9043568,31.77876520728,0.22178124999999996,1.9500656615471328,26374,26422,48,take_profit,0.028294017343211575,0.05032089233270054,0.5303409740377503,0.5570282050919234
keltner_only_atr_k2,2026-03-01 19:45:00+00:00,2026-03-01 20:15:00+00:00,2026-03-01 23:00:00+00:00,1,31.328526399999998,32.27352848944,0.23947916666666663,1.8307396259243152,26439,26450,11,take_profit,0.03016426873624023,0.05130222030184961,0.5570282050919234,0.5856049887838931
keltner_only_atr_k2,2026-03-02 03:30:00+00:00,2026-03-02 04:00:00+00:00,2026-03-02 16:15:00+00:00,1,32.0398108,33.01744377568,0.24771130952380943,1.810082877773907,26470,26519,49,take_profit,0.03051306956157185,0.04983741015860432,0.5856049887838931,0.6147900248008409
keltner_only_atr_k2,2026-03-02 20:30:00+00:00,2026-03-02 21:00:00+00:00,2026-03-04 21:00:00+00:00,1,32.58803,31.707312,0.26055357142857133,1.7503118360633276,26538,26730,192,timeout_next_open,-0.02702581285214234,-0.05528929932537374,0.6147900248008409,0.5807987150973732
keltner_only_atr_k2,2026-03-05 15:15:00+00:00,2026-03-05 15:45:00+00:00,2026-03-06 14:00:00+00:00,-1,31.102554,29.981309585885715,0.28330803571428564,1.3179294369770413,26805,26894,89,take_profit,0.036049914554100226,0.044543326534544514,0.5807987150973732,0.6066694219147994
keltner_only_atr_k2,2026-03-06 17:45:00+00:00,2026-03-06 18:15:00+00:00,2026-03-08 18:15:00+00:00,-1,29.8040736,30.2140808,0.2787678571428571,1.2834765229645761,26911,27103,192,timeout_next_open,-0.013756750352408309,-0.022994687426242777,0.6066694219147994,0.5927192481868092
keltner_only_atr_k2,2026-03-08 23:00:00+00:00,2026-03-08 23:30:00+00:00,2026-03-09 13:00:00+00:00,1,31.023404399999997,31.99009133824,0.2448720238095238,1.7729832638525955,27124,27178,54,take_profit,0.03115992448075766,0.050704409655018656,0.5927192481868092,0.6227727277572879
keltner_only_atr_k2,2026-03-09 16:45:00+00:00,2026-03-09 17:15:00+00:00,2026-03-09 21:45:00+00:00,1,34.115640799999994,35.060854893679995,0.2398110119047619,1.9908510297667432,27195,27213,18,take_profit,0.02770618025970073,0.050418123502513845,0.6227727277572879,0.6541717600593522
keltner_only_atr_k2,2026-03-10 01:30:00+00:00,2026-03-10 02:00:00+00:00,2026-03-11 12:00:00+00:00,1,34.267701599999995,35.22010791936,0.24162499999999998,1.9847118468701501,27230,27366,136,take_profit,0.027793119319096782,0.04843391623297699,0.6541717600593522,0.6858558602880459
keltner_only_atr_k2,2026-03-11 15:45:00+00:00,2026-03-11 16:15:00+00:00,2026-03-12 01:15:00+00:00,1,36.0854284,37.02734367864,0.23918303571428562,2.11132866715195,27383,27419,36,take_profit,0.026102372076591607,0.051125537416933264,0.6858558602880459,0.7209206097358254
keltner_only_atr_k2,2026-03-12 05:00:00+00:00,2026-03-12 05:30:00+00:00,2026-03-12 09:30:00+00:00,1,36.5966328,37.547238846880006,0.24140773809523805,2.1215061457472912,27436,27452,16,take_profit,0.025975232532322146,0.05092647293525765,0.7209206097358254,0.7576345536560064
keltner_only_atr_k2,2026-03-12 13:15:00+00:00,2026-03-12 13:45:00+00:00,2026-03-14 13:45:00+00:00,1,37.7981132,38.0737644,0.24669196428571422,2.1442206337429206,27469,27661,192,timeout_next_open,0.007292723807176715,0.009395276023463905,0.7576345536560064,0.7647527394125184
keltner_only_atr_k2,2026-03-14 17:30:00+00:00,2026-03-14 18:00:00+00:00,2026-03-16 07:15:00+00:00,1,38.086228399999996,39.115010658639996,0.2611086309523809,2.041273006012595,27678,27827,149,take_profit,0.027011922730579396,0.04929852398137413,0.7647527394125184,0.8024539206762681
keltner_only_atr_k2,2026-03-16 11:00:00+00:00,2026-03-16 11:30:00+00:00,2026-03-16 20:30:00+00:00,1,39.0546156,40.09689780376,0.26458184523809525,2.0656972873863184,27844,27880,36,take_profit,0.026687811101128833,0.05033081337891754,0.8024539206762681,0.842842079203006
keltner_only_atr_k2,2026-03-17 00:15:00+00:00,2026-03-17 00:45:00+00:00,2026-03-17 06:30:00+00:00,1,40.4051556,41.43142163776,0.26071130952380944,2.1688587312640566,27897,27920,23,take_profit,0.02539938338363945,0.050610110031303,0.842842079203006,0.8854984095704824
keltner_only_atr_k2,2026-03-17 11:00:00+00:00,2026-03-17 11:30:00+00:00,2026-03-18 13:30:00+00:00,1,41.3995532,42.43639922872,0.26345684523809515,2.1990774218692644,27940,28044,104,take_profit,0.02504486035660891,0.04565584819958168,0.8854984095704824,0.9259265905388033
keltner_only_atr_k2,2026-03-18 17:15:00+00:00,2026-03-18 17:45:00+00:00,2026-03-19 07:30:00+00:00,1,43.447371999999994,40.100896651199996,0.27753571428571416,2.1907811092523493,28061,28116,55,stop_loss,-0.07702365401525324,-0.16721845459670137,0.9259265905388033,0.7710945769989119
keltner_only_atr_k2,2026-03-19 11:15:00+00:00,2026-03-19 11:45:00+00:00,2026-03-20 19:15:00+00:00,-1,39.6621288,38.53047530390095,0.2867648809523809,1.6603706786503796,28133,28259,126,take_profit,0.02853234383372405,0.0374515332819374,0.7710945769989119,0.7999732512129081
keltner_only_atr_k2,2026-03-21 18:30:00+00:00,2026-03-21 19:00:00+00:00,2026-03-23 19:00:00+00:00,1,40.2831068,37.7239044,0.30579166666666663,1.8435361765908165,28354,28546,192,timeout_next_open,-0.0635304127039178,-0.12250354801791508,0.7999732512129081,0.7019736896198999
keltner_only_atr_k2,2026-03-24 11:15:00+00:00,2026-03-24 11:45:00+00:00,2026-03-24 20:00:00+00:00,1,38.7514944,39.952405852240005,0.3042247023809524,1.7825771403694985,28613,28646,33,take_profit,0.03099006814663663,0.0514460359793969,0.7019736896198999,0.7380874533126753
keltner_only_atr_k2,2026-03-24 23:45:00+00:00,2026-03-25 00:15:00+00:00,2026-03-27 00:15:00+00:00,1,40.5822264,39.2922768,0.3074598214285715,1.8471486692512087,28663,28855,192,timeout_next_open,-0.03178607273256939,-0.06380649446032449,0.7380874533126753,0.6909926803116451
keltner_only_atr_k2,2026-03-27 04:00:00+00:00,2026-03-27 04:30:00+00:00,2026-03-29 04:30:00+00:00,-1,38.814468,39.9649796,0.25913392857142864,1.79814354132929,28872,29064,192,timeout_next_open,-0.02964130797825182,-0.059710283061343516,0.6909926803116451,0.6497333117769203
keltner_only_atr_k2,2026-03-29 13:00:00+00:00,2026-03-29 13:30:00+00:00,2026-03-29 22:30:00+00:00,-1,39.094356,38.15108056859047,0.2396324404761905,1.9584994380033902,29100,29136,36,take_profit,0.024128174189888774,0.043921606378971356,0.6497333117769203,0.6782706425480917
keltner_only_atr_k2,2026-03-30 02:15:00+00:00,2026-03-30 02:45:00+00:00,2026-03-30 17:15:00+00:00,-1,38.3536524,37.41357613238857,0.23875892857142858,1.9284221233312142,29153,29211,58,take_profit,0.02451073649537039,0.04235066720934788,0.6782706425480917,0.7069958568085165
keltner_only_atr_k2,2026-03-30 21:00:00+00:00,2026-03-30 21:30:00+00:00,2026-03-31 09:00:00+00:00,-1,37.054172400000006,36.17073014515048,0.2244761904761905,1.9816266440390327,29228,29274,46,take_profit,0.023841910306692693,0.042979776429485694,0.7069958568085165,0.7373823806707193
keltner_only_atr_k2,2026-03-31 12:45:00+00:00,2026-03-31 13:15:00+00:00,2026-04-02 02:00:00+00:00,-1,36.1765236,35.30046552134476,0.22254315476190473,1.9514956569418724,29291,29438,147,take_profit,0.024216204086985327,0.03696871641949295,0.7373823806707193,0.7646424607944656
keltner_only_atr_k2,2026-04-02 05:45:00+00:00,2026-04-02 06:15:00+00:00,2026-04-02 13:30:00+00:00,-1,35.3268636,34.47947725734476,0.21529315476190475,1.9698350394326674,29455,29484,29,take_profit,0.023987024499260712,0.04419565511927215,0.7646424607944656,0.7984363352812894
keltner_only_atr_k2,2026-04-02 17:45:00+00:00,2026-04-02 18:15:00+00:00,2026-04-04 18:15:00+00:00,-1,34.666128,36.0884296,0.21312648809523807,1.9526432576228347,29503,29695,192,timeout_next_open,-0.041028568290061074,-0.08094140088488477,0.7984363352812894,0.7338097797862283
keltner_only_atr_k2,2026-04-04 22:00:00+00:00,2026-04-04 22:30:00+00:00,2026-04-06 02:00:00+00:00,1,36.4835876,37.22487621496,0.1890461309523809,2.700748211179245,29712,29822,110,take_profit,0.02031841339419138,0.0470331804392734,0.7338097797862283,0.7683231875670175
keltner_only_atr_k2,2026-04-06 05:45:00+00:00,2026-04-06 06:15:00+00:00,2026-04-07 21:45:00+00:00,1,37.0618188,37.76893732248,0.1805580357142856,2.8725279268141937,29839,29997,158,take_profit,0.019079433912725374,0.0434483410444777,0.7683231875670175,0.8017055554528094
keltner_only_atr_k2,2026-04-08 01:30:00+00:00,2026-04-08 02:00:00+00:00,2026-04-08 05:00:00+00:00,1,38.2733032,38.95728547872,0.17489285714285702,3.0,30014,30026,12,take_profit,0.017871002017928905,0.04770141681857187,0.8017055554528094,0.8399480463192285
keltner_only_atr_k2,2026-04-08 08:45:00+00:00,2026-04-08 09:15:00+00:00,2026-04-09 19:00:00+00:00,1,39.5027948,40.18426228208,0.17438690476190458,3.0,30043,30178,135,take_profit,0.017251120725260805,0.0387676468813718,0.8399480463192285,0.8725108555776304
keltner_only_atr_k2,2026-04-10 01:30:00+00:00,2026-04-10 02:00:00+00:00,2026-04-10 12:30:00+00:00,1,40.5742232,41.30553961072,0.1869613095238094,3.0,30206,30248,42,take_profit,0.018024162954769718,0.04718824819031431,0.8725108555776304,0.9136831143793712
keltner_only_atr_k2,2026-04-10 16:15:00+00:00,2026-04-10 16:45:00+00:00,2026-04-11 18:30:00+00:00,1,41.9327664,42.69452699344,0.1947113095238094,3.0,30265,30368,103,take_profit,0.01816623749965607,0.04573476284703948,0.9136831143793712,0.9554701949328562
keltner_only_atr_k2,2026-04-11 22:15:00+00:00,2026-04-11 22:45:00+00:00,2026-04-12 12:15:00+00:00,1,42.812118,40.271324452799995,0.21038988095238087,2.8477130044843064,30385,30439,54,stop_loss,-0.05934753209827193,-0.16721999102844165,0.9554701949328562,0.7956964775082406
keltner_only_atr_k2,2026-04-13 01:30:00+00:00,2026-04-13 02:00:00+00:00,2026-04-13 14:00:00+00:00,1,41.9027544,42.77248379824,0.2217113095238095,2.644898905966844,30494,30542,48,take_profit,0.0207559004340776,0.04823537120140564,0.7956964775082406,0.8340771924645015
keltner_only_atr_k2,2026-04-13 17:45:00+00:00,2026-04-13 18:15:00+00:00,2026-04-13 22:45:00+00:00,1,43.5214016,44.41547948936,0.2279627976190477,2.6717341880397663,30559,30577,18,take_profit,0.020543407530331237,0.049604709660581836,0.8340771924645015,0.8754513494312163
keltner_only_atr_k2,2026-04-14 02:30:00+00:00,2026-04-14 03:00:00+00:00,2026-04-16 03:00:00+00:00,1,44.69887239999999,44.6401368,0.2362857142857144,2.64736275695284,30594,30786,192,timeout_next_open,-0.00131402867334951,-0.012627109015938442,0.8754513494312163,0.8643969298037979
keltner_only_atr_k2,2026-04-16 06:45:00+00:00,2026-04-16 07:15:00+00:00,2026-04-18 07:15:00+00:00,1,45.3491324,44.7081096,0.24284523809523814,2.613326927790578,30803,30995,192,timeout_next_open,-0.014135282552836692,-0.04542655332964396,0.8643969298037979,0.8251303565740852
keltner_only_atr_k2,2026-04-18 19:30:00+00:00,2026-04-18 20:00:00+00:00,2026-04-19 07:15:00+00:00,-1,43.963407600000004,42.98092642970666,0.24991666666666665,2.111791930643548,31046,31091,45,take_profit,0.02234770287218002,0.042884453264260936,0.8251303565740852,0.8605156207875095
keltner_only_atr_k2,2026-04-19 11:00:00+00:00,2026-04-19 11:30:00+00:00,2026-04-19 17:30:00+00:00,-1,43.0947552,42.12343116874667,0.24704166666666663,2.0941568561308825,31108,31132,24,take_profit,0.022539263229260253,0.04314263449000855,0.8605156207875095,0.8976405316880878
keltner_only_atr_k2,2026-04-19 21:15:00+00:00,2026-04-19 21:45:00+00:00,2026-04-21 13:45:00+00:00,-1,41.144535600000005,40.16050409281143,0.2500223214285713,1.9755516114632636,31149,31309,160,take_profit,0.023916456774604522,0.03920171449902021,0.8976405316880878,0.932829579534073
keltner_only_atr_k2,2026-04-21 17:30:00+00:00,2026-04-21 18:00:00+00:00,2026-04-23 18:00:00+00:00,-1,39.499194,41.191469999999995,0.2408467261904761,1.9688040086747534,31326,31518,192,timeout_next_open,-0.04284330460008867,-0.08841051728823335,0.932829579534073,0.8503576338657004
keltner_only_atr_k2,2026-04-25 09:30:00+00:00,2026-04-25 10:00:00+00:00,2026-04-26 23:00:00+00:00,1,41.6006336,42.402814496560005,0.20478720238095224,2.842833894068322,31678,31826,148,take_profit,0.019282900935432057,0.04725802015127867,0.8503576338657004,0.8905438520627192
keltner_only_atr_k2,2026-04-27 02:45:00+00:00,2026-04-27 03:15:00+00:00,2026-04-28 02:30:00+00:00,1,43.1392488,40.897722450479996,0.18543005952380934,3.0,31843,31936,93,stop_loss,-0.05196025456799336,-0.1565001152985369,0.8905438520627192,0.7511736365365005
keltner_only_atr_k2,2026-04-28 06:30:00+00:00,2026-04-28 07:00:00+00:00,2026-04-28 10:45:00+00:00,-1,40.496794799999996,39.8004645726819,0.1780610119047617,2.7302776435979537,31954,31969,15,take_profit,0.01719469974740062,0.04197844178811816,0.7511736365365005,0.782706735310617
keltner_only_atr_k2,2026-04-28 14:30:00+00:00,2026-04-28 15:00:00+00:00,2026-04-30 09:15:00+00:00,-1,39.854051999999996,39.16063856365714,0.17726785714285698,2.6989664551223957,31986,32155,169,take_profit,0.01739881897938156,0.03589182702342697,0.782706735310617,0.8107995100644569
keltner_only_atr_k2,2026-04-30 13:00:00+00:00,2026-04-30 13:30:00+00:00,2026-05-01 15:15:00+00:00,-1,39.1153476,41.12234353189714,0.1658794642857141,2.830802486745435,32172,32275,103,stop_loss,-0.05130967906564465,-0.14025348747067778,0.8107995100644569,0.6970820511383999
keltner_only_atr_k2,2026-05-01 19:00:00+00:00,2026-05-01 19:30:00+00:00,2026-05-02 07:45:00+00:00,1,40.946372,41.6055445512,0.16895535714285698,3.0,32292,32341,49,take_profit,0.016098436051916964,0.042059516673389474,0.6970820511383999,0.726400985290976
keltner_only_atr_k2,2026-05-02 13:00:00+00:00,2026-05-02 13:30:00+00:00,2026-05-04 04:30:00+00:00,1,41.730685599999994,42.40062927576,0.17172767857142843,3.0,32364,32520,156,take_profit,0.016053982006948075,0.03834338487786226,0.726400985290976,0.7542536578456462
keltner_only_atr_k2,2026-05-04 13:15:00+00:00,2026-05-04 13:45:00+00:00,2026-05-05 06:45:00+00:00,-1,41.02558320000001,43.140779040422856,0.17482886904761905,2.8170633527684386,32557,32625,68,stop_loss,-0.05155797128126749,-0.1402182632602439,0.7542536578456462,0.6484935198848435
keltner_only_atr_k2,2026-05-05 10:30:00+00:00,2026-05-05 11:00:00+00:00,2026-05-05 18:00:00+00:00,1,43.76850039999999,44.46259514984,0.1779717261904762,3.0,32642,32670,28,take_profit,0.0158583169059181,0.04072714474506722,0.6484935198848435,0.6749048093354316
keltner_only_atr_k2,2026-05-05 21:45:00+00:00,2026-05-05 22:15:00+00:00,2026-05-07 14:30:00+00:00,1,44.3247228,42.14537576088001,0.18020684523809524,3.0,32687,32848,161,stop_loss,-0.04916775337667756,-0.14910339654327254,0.6749048093354316,0.574274209920129
keltner_only_atr_k2,2026-05-07 18:45:00+00:00,2026-05-07 19:15:00+00:00,2026-05-09 19:15:00+00:00,-1,42.205111200000005,42.981185599999996,0.18255208333333345,2.7754490156918674,32867,33059,192,timeout_next_open,-0.018388161479361065,-0.060040685699228824,0.574274209920129,0.5397943925771416
keltner_only_atr_k2,2026-05-10 00:45:00+00:00,2026-05-10 01:15:00+00:00,2026-05-11 07:00:00+00:00,-1,42.5869584,41.853776550026666,0.1874791666666668,2.7269589954439364,33083,33202,119,take_profit,0.017216112103778047,0.03762680464890589,0.5397943925771416,0.5601051307372165
keltner_only_atr_k2,2026-05-11 10:45:00+00:00,2026-05-11 11:15:00+00:00,2026-05-12 11:15:00+00:00,-1,41.453412,40.71339322670476,0.18907440476190476,2.6319797257945194,33219,33315,96,take_profit,0.01785181816385195,0.039650952790436955,0.5601051307372165,0.5823138328337594
keltner_only_atr_k2,2026-05-12 15:00:00+00:00,2026-05-12 15:30:00+00:00,2026-05-13 10:00:00+00:00,-1,40.1469348,39.433166045348564,0.18238392857142866,2.642535467763253,33332,33406,74,take_profit,0.017778910350372046,0.039625045005050596,0.5823138328337594,0.6053880446668606
keltner_only_atr_k2,2026-05-13 13:45:00+00:00,2026-05-13 14:15:00+00:00,2026-05-14 03:00:00+00:00,-1,39.3572508,38.66812257889143,0.17614732142857153,2.6822775172973095,33423,33474,51,take_profit,0.017509561951125296,0.042177783497248766,0.6053880446668606,0.6309219705466422
keltner_only_atr_k2,2026-05-14 12:00:00+00:00,2026-05-14 12:30:00+00:00,2026-05-14 13:15:00+00:00,1,40.1950716,40.880462871359995,0.1754375,3.0,33512,33515,3,take_profit,0.017051624591707393,0.044869447517965844,0.6309219705466422,0.6592310907920164
keltner_only_atr_k2,2026-05-14 17:00:00+00:00,2026-05-14 17:30:00+00:00,2026-05-14 18:00:00+00:00,1,43.484386799999996,44.19642139528,0.1824300595238095,3.0,33532,33534,2,take_profit,0.01637448858494661,0.043284355439773936,0.6592310907920164,0.6877654836428079
keltner_only_atr_k2,2026-05-14 21:45:00+00:00,2026-05-14 22:15:00+00:00,2026-05-15 00:15:00+00:00,1,44.0686204,44.80787460184,0.18929613095238093,3.0,33551,33559,8,take_profit,0.016775070222983413,0.04397486195319367,0.6877654836428079,0.7180098758421718
keltner_only_atr_k2,2026-05-15 04:00:00+00:00,2026-05-15 04:30:00+00:00,2026-05-15 12:45:00+00:00,1,46.5616172,44.123228703120006,0.20172767857142854,3.0,33576,33609,33,stop_loss,-0.05236906799018992,-0.1582384367605787,0.7180098758421718,0.6043931155102493
keltner_only_atr_k2,2026-05-16 04:00:00+00:00,2026-05-16 04:30:00+00:00,2026-05-16 06:30:00+00:00,-1,42.797874,41.8726163496,0.23549999999999996,2.1816560509554144,33672,33680,8,take_profit,0.02161924329231868,0.04381610883475173,0.6043931155102493,0.630875270038421
keltner_only_atr_k2,2026-05-16 10:15:00+00:00,2026-05-16 10:45:00+00:00,2026-05-17 15:00:00+00:00,-1,40.8346596,43.75592282812572,0.24198065476190478,2.025831364421841,33697,33810,113,stop_loss,-0.0715388166998634,-0.1381514411181014,0.630875270038421,0.5437189423168418
keltner_only_atr_k2,2026-05-17 18:45:00+00:00,2026-05-17 19:15:00+00:00,2026-05-17 19:45:00+00:00,1,45.788308,46.83939212680001,0.26745684523809526,2.3958257618329615,33827,33829,2,take_profit,0.022955295198940462,0.05052106389833577,0.5437189423168418,0.5711882017443666
keltner_only_atr_k2,2026-05-17 23:30:00+00:00,2026-05-18 00:00:00+00:00,2026-05-18 00:45:00+00:00,1,45.719280399999995,46.80825198784,0.2769255952380953,2.310418433694799,33846,33849,3,take_profit,0.023818651087955667,0.050674734966696944,0.5711882017443666,0.6001330124838665
keltner_only_atr_k2,2026-05-18 04:30:00+00:00,2026-05-18 05:00:00+00:00,2026-05-18 21:00:00+00:00,1,45.8553348,46.977173316080005,0.28515922619047623,2.2503848413845646,33866,33930,64,take_profit,0.024464732859828642,0.047974270807332076,0.6001330124838665,0.6289239561451876
keltner_only_atr_k2,2026-05-19 00:45:00+00:00,2026-05-19 01:15:00+00:00,2026-05-20 09:30:00+00:00,1,47.81912,49.076082902,0.3191502976190477,2.0968177219085273,33947,34076,129,take_profit,0.026285780708637185,0.05015552686054936,0.6289239561451876,0.6604679685208705
keltner_only_atr_k2,2026-05-20 13:15:00+00:00,2026-05-20 13:45:00+00:00,2026-05-20 17:15:00+00:00,1,50.9073548,52.34657445808,0.36504166666666654,1.9516073507590466,34093,34107,14,take_profit,0.02827135025448224,0.05130012564943742,0.6604679685208705,0.6943500582934199
keltner_only_atr_k2,2026-05-20 21:00:00+00:00,2026-05-20 21:30:00+00:00,2026-05-20 22:15:00+00:00,1,52.3749416,53.88265372336,0.38231845238095225,1.917134774519497,34124,34127,3,take_profit,0.02878689841555837,0.05154055379335842,0.6943500582934199,0.7301372448243135
keltner_only_atr_k2,2026-05-21 02:00:00+00:00,2026-05-21 02:30:00+00:00,2026-05-21 07:30:00+00:00,1,55.9663776,57.54153034896,0.39954464285714275,1.960271559140987,34144,34164,20,take_profit,0.028144625693266256,0.05115659882234391,0.7301372448243135,0.7674885829430425
keltner_only_atr_k2,2026-05-21 11:15:00+00:00,2026-05-21 11:45:00+00:00,2026-05-21 13:15:00+00:00,1,57.2258812,58.89734854752001,0.4237589285714285,1.8898528054613266,34181,34187,6,take_profit,0.029208241314421235,0.05181941169818072,0.7674885829430425,0.8072593897962214
keltner_only_atr_k2,2026-05-21 17:00:00+00:00,2026-05-21 17:30:00+00:00,2026-05-22 12:30:00+00:00,1,59.829922399999994,61.56795203104,0.44066666666666654,1.9000393343419066,34204,34280,76,take_profit,0.029049505018913457,0.04853767533289011,0.8072593897962214,0.8464418839675774
keltner_only_atr_k2,2026-05-22 18:30:00+00:00,2026-05-22 19:00:00+00:00,2026-05-22 20:00:00+00:00,-1,56.860246800000006,54.986637422529526,0.4738988095238094,1.4403834453306543,34306,34310,4,take_profit,0.03295112988272286,0.04480607844584794,0.8464418839675774,0.88436762542048
keltner_only_atr_k2,2026-05-22 23:45:00+00:00,2026-05-23 00:15:00+00:00,2026-05-24 01:00:00+00:00,-1,54.509187600000004,60.38018716075428,0.48723809523809514,1.343023064894449,34327,34426,99,stop_loss,-0.1077066054228677,-0.1344673660559329,0.88436762542048,0.7654490402050481
keltner_only_atr_k2,2026-05-24 04:45:00+00:00,2026-05-24 05:15:00+00:00,2026-05-24 08:15:00+00:00,1,60.2200784,62.324924168639996,0.5324464285714283,1.5827770734815716,34443,34455,12,take_profit,0.03495255776086803,0.05243090199153011,0.7654490402050481,0.8055822238115498
keltner_only_atr_k2,2026-05-24 12:00:00+00:00,2026-05-24 12:30:00+00:00,2026-05-26 12:30:00+00:00,1,63.151250399999995,60.84065400000001,0.552083333333333,1.600780075471699,34472,34664,192,timeout_next_open,-0.036588292161511826,-0.0634623367967121,0.8055822238115498,0.7544580934065769
keltner_only_atr_k2,2026-05-26 16:15:00+00:00,2026-05-26 16:45:00+00:00,2026-05-28 16:45:00+00:00,1,63.133243199999995,59.15133,0.5915178571428569,1.4936353811320762,34681,34873,192,timeout_next_open,-0.06307157684558795,-0.09757521193700147,0.7544580934065769,0.6808416850448441
keltner_only_atr_k2,2026-05-28 20:30:00+00:00,2026-05-28 21:00:00+00:00,2026-05-29 08:00:00+00:00,1,60.72428,63.07756863800001,0.5946324404761905,1.4291181276949296,34890,34934,44,take_profit,0.03875366884547682,0.05199143213621005,0.6808416850448441,0.716239619308356
keltner_only_atr_k2,2026-05-29 13:45:00+00:00,2026-05-29 14:15:00+00:00,2026-05-29 15:15:00+00:00,1,63.291306399999996,65.61570437744,0.5876636904761904,1.5071953812261023,34959,34963,4,take_profit,0.03672539104738726,0.052097630187194266,0.716239619308356,0.7535540061204995
keltner_only_atr_k2,2026-05-29 19:00:00+00:00,2026-05-29 19:30:00+00:00,2026-05-30 12:45:00+00:00,1,65.8993492,68.25119256032,0.5947886904761903,1.5505035902106095,34980,35049,69,take_profit,0.035688415574216314,0.05209649444817077,0.7535540061204995,0.7928115282167529
keltner_only_atr_k2,2026-05-30 17:45:00+00:00,2026-05-30 18:15:00+00:00,2026-05-31 05:15:00+00:00,1,67.6850632,70.03261037472001,0.5938928571428571,1.5949206807384693,35071,35115,44,take_profit,0.03468338601950216,0.05226307043941669,0.7928115282167529,0.8342462929611266
keltner_only_atr_k2,2026-05-31 20:30:00+00:00,2026-05-31 21:00:00+00:00,2026-05-31 22:15:00+00:00,1,70.1820616,72.44147817535999,0.5721011904761903,1.7167522395513617,35178,35183,5,take_profit,0.03219364783322343,0.052083380669544654,0.8342462929611266,0.8776966602095775
keltner_only_atr_k2,2026-06-01 02:00:00+00:00,2026-06-01 02:30:00+00:00,2026-06-01 23:00:00+00:00,1,72.6160348,74.90387673608,0.579453869047619,1.7537513411900063,35200,35282,82,take_profit,0.03150601574956835,0.048954339342585085,0.8776966602095775,0.9206637203533308
keltner_only_atr_k2,2026-06-02 02:45:00+00:00,2026-06-02 03:15:00+00:00,2026-06-04 03:15:00+00:00,1,75.22307719999999,73.23369480000001,0.6258869047619048,1.681936452082283,35299,35491,192,timeout_next_open,-0.02644643737068475,-0.05416534614049673,0.9206637203533308,0.8707956512613951
keltner_only_atr_k2,2026-06-04 07:00:00+00:00,2026-06-04 07:30:00+00:00,2026-06-04 09:15:00+00:00,-1,69.3942312,66.61586093771808,0.7012514880952381,1.1879675325364303,35508,35515,7,take_profit,0.04003748170758481,0.0457440363328967,0.8707956512613951,0.9106293591712249
keltner_only_atr_k2,2026-06-04 13:00:00+00:00,2026-06-04 13:30:00+00:00,2026-06-05 03:00:00+00:00,-1,65.6907132,62.80381277575619,0.728002976190476,1.0832428242623946,35532,35586,54,take_profit,0.04394685768526274,0.04209403265090916,0.9106293591712249,0.948961421149055
keltner_only_atr_k2,2026-06-05 06:45:00+00:00,2026-06-05 07:15:00+00:00,2026-06-06 19:30:00+00:00,-1,59.00238960000001,55.924434953459055,0.7750788690476187,0.9138579676031438,35603,35748,145,take_profit,0.052166609986605605,0.03929267084431909,0.948961421149055,0.986248649914222
keltner_only_atr_k2,2026-06-06 23:15:00+00:00,2026-06-06 23:45:00+00:00,2026-06-08 23:45:00+00:00,-1,56.706308400000005,63.43836519999999,0.822552083333333,0.8276047362755655,35765,35957,192,timeout_next_open,-0.11871795202242419,-0.09667093556340878,0.986248649914222,0.8909070702288654
keltner_only_atr_k2,2026-06-09 13:45:00+00:00,2026-06-09 14:15:00+00:00,2026-06-10 00:30:00+00:00,-1,59.985996,56.852835184114284,0.788973214285714,0.9127306060091669,36015,36056,41,take_profit,0.05223153777234468,0.04708027192136188,0.8909070702288654,0.9328512173519041
keltner_only_atr_k2,2026-06-10 04:15:00+00:00,2026-06-10 04:45:00+00:00,2026-06-12 04:45:00+00:00,-1,55.501790400000004,59.0526116,0.7613377976190474,0.8751542378215041,36073,36265,192,timeout_next_open,-0.063976696506713,-0.06018297354429958,0.9328512173519041,0.8767094572172468
keltner_only_atr_k2,2026-06-12 09:30:00+00:00,2026-06-12 10:00:00+00:00,2026-06-12 17:00:00+00:00,1,59.2116752,61.689810829920006,0.6257053571428571,1.3243166141069367,36286,36314,28,take_profit,0.04185214523233083,0.05291491956194827,0.8767094572172468,0.9231004676250967
keltner_only_atr_k2,2026-06-12 21:00:00+00:00,2026-06-12 21:30:00+00:00,2026-06-14 21:30:00+00:00,1,61.0574132,61.7712816,0.5940089285714285,1.43846659351561,36332,36524,192,timeout_next_open,0.01169175637463793,0.012060029043396314,0.9231004676250967,0.9342330860746281
keltner_only_atr_k2,2026-06-15 01:15:00+00:00,2026-06-15 01:45:00+00:00,2026-06-15 08:30:00+00:00,1,63.821518399999995,65.90737704264001,0.5280580357142856,1.6913746967071064,36541,36568,27,take_profit,0.032682685948757006,0.052195743208103274,0.9342330860746281,0.9829960763318932
keltner_only_atr_k2,2026-06-15 12:15:00+00:00,2026-06-15 12:45:00+00:00,2026-06-16 04:45:00+00:00,1,67.96917679999999,70.01029242927999,0.517282738095238,1.8388164343208275,36585,36649,64,take_profit,0.030030018390335922,0.0504893123603829,0.9829960763318932,1.032626872278845
keltner_only_atr_k2,2026-06-16 08:30:00+00:00,2026-06-16 09:00:00+00:00,2026-06-16 10:45:00+00:00,1,73.7704964,75.79580285144,0.5139092261904759,2.0088644986057513,36666,36673,7,take_profit,0.02745415240882121,0.05125458545779504,1.032626872278845,1.0855537345500765
keltner_only_atr_k2,2026-06-16 14:30:00+00:00,2026-06-16 15:00:00+00:00,2026-06-17 16:00:00+00:00,1,73.4883836,75.57541514656,0.5293184523809521,1.9429248978077167,36690,36790,100,take_profit,0.028399475458867007,0.04766668716968936,1.0855537345500765,1.137298484820763
keltner_only_atr_k2,2026-06-17 22:00:00+00:00,2026-06-17 22:30:00+00:00,2026-06-18 04:15:00+00:00,-1,71.37144,69.142085776,0.5642499999999998,1.5184758529020832,36816,36839,23,take_profit,0.031235942892563262,0.04369239369072164,1.137298484820763,1.186989777963413
keltner_only_atr_k2,2026-06-18 14:15:00+00:00,2026-06-18 14:45:00+00:00,2026-06-18 16:15:00+00:00,-1,69.27128040000001,66.94073050977904,0.5893288690476188,1.4110762999679323,36881,36887,6,take_profit,0.03364381135679084,0.045781182498978445,1.186989777963413,1.241331573612778
keltner_only_atr_k2,2026-06-18 21:00:00+00:00,2026-06-18 21:30:00+00:00,2026-06-19 04:45:00+00:00,-1,68.13373560000001,65.77609504185905,0.5959851190476189,1.3724033937408555,36908,36937,29,take_profit,0.03460313070139309,0.045214495256574505,1.241331573612778,1.297457754159729
keltner_only_atr_k2,2026-06-19 16:00:00+00:00,2026-06-19 16:30:00+00:00,2026-06-21 16:30:00+00:00,1,70.76829599999999,68.57156040000001,0.6062321428571428,1.633631623906448,36984,37176,192,timeout_next_open,-0.031041239144715016,-0.05520937395375314,1.297457754159729,1.2258259238211278
keltner_only_atr_k2,2026-06-21 21:30:00+00:00,2026-06-21 22:00:00+00:00,2026-06-23 06:00:00+00:00,-1,67.4300172,64.96816669497522,0.6219568452380951,1.3015115215752895,37198,37326,128,take_profit,0.03650971195399266,0.04112847745272519,1.2258259238211278,1.2762422776899711
keltner_only_atr_k2,2026-06-23 09:45:00+00:00,2026-06-23 10:15:00+00:00,2026-06-24 13:30:00+00:00,-1,62.727898800000006,60.29506670713905,0.6142351190476192,1.2259735346419034,37343,37452,109,take_profit,0.03878389264428794,0.043922526111321414,1.2762422776899711,1.3322980624561813
keltner_only_atr_k2,2026-06-24 17:15:00+00:00,2026-06-24 17:45:00+00:00,2026-06-26 17:45:00+00:00,-1,59.2852764,64.84592799999999,0.5586622023809522,1.2739505142226997,37469,37661,192,timeout_next_open,-0.09379481614426588,-0.12374063125111001,1.3322980624561813,1.1674386591932226
keltner_only_atr_k2,2026-06-27 19:45:00+00:00,2026-06-27 20:15:00+00:00,2026-06-29 20:15:00+00:00,-1,62.0981508,66.8837428,0.5169955357142857,1.4419389501498183,37767,37959,192,timeout_next_open,-0.07706496793137996,-0.111226344135961,1.1674386591932226,1.0375887251281724
keltner_only_atr_k2,2026-06-30 00:00:00+00:00,2026-06-30 00:30:00+00:00,2026-07-02 00:30:00+00:00,1,66.146448,62.1831168,0.5159464285714286,1.794139757034576,37976,38168,192,timeout_next_open,-0.05991752119478899,-0.11113311270051518,1.0375887251281724,0.9222782604017193
keltner_only_atr_k2,2026-07-02 11:30:00+00:00,2026-07-02 12:00:00+00:00,2026-07-02 18:15:00+00:00,1,65.1150356,67.08373303576,0.49888541666666664,1.8265637149479048,38214,38239,25,take_profit,0.03023414511901157,0.05135848876628191,0.9222782604017193,0.969645078077947
keltner_only_atr_k2,2026-07-02 23:15:00+00:00,2026-07-02 23:45:00+00:00,2026-07-03 10:30:00+00:00,1,66.6326424,68.49185969304,0.4716562499999999,1.9770415424368915,38261,38304,43,take_profit,0.027902499827021865,0.05074501792313191,0.969645078077947,1.018849734944089
keltner_only_atr_k2,2026-07-03 14:15:00+00:00,2026-07-03 14:45:00+00:00,2026-07-04 03:30:00+00:00,1,69.9159552,71.68101536792,0.4484360119047618,2.181876508632848,38321,38372,51,take_profit,0.02524545596024419,0.04996782722111304,1.018849734944089,1.0697594424640522
keltner_only_atr_k2,2026-07-04 07:15:00+00:00,2026-07-04 07:45:00+00:00,2026-07-06 07:45:00+00:00,1,71.4665752,71.11154400000001,0.4400372023809521,2.272835102551531,38389,38581,192,timeout_next_open,-0.004967793671467047,-0.019476960136566857,1.0697594424640522,1.0489237804474638
keltner_only_atr_k2,2026-07-06 12:00:00+00:00,2026-07-06 12:30:00+00:00,2026-07-08 01:30:00+00:00,-1,69.76508280000002,68.08083400692955,0.4278675595238092,1.9574187884963863,38600,38748,148,take_profit,0.024141715676003872,0.03650212866734348,1.0489237804474638,1.0872117312435934
keltner_only_atr_k2,2026-07-08 05:15:00+00:00,2026-07-08 05:45:00+00:00,2026-07-08 15:15:00+00:00,-1,68.2057068,66.5653282374819,0.41674851190476164,1.96472447197872,38765,38803,38,take_profit,0.02405045911082171,0.04319512347467169,1.0872117312435934,1.134173976217772
keltner_only_atr_k2,2026-07-08 19:00:00+00:00,2026-07-08 19:30:00+00:00,2026-07-10 19:30:00+00:00,-1,67.1661228,67.2208776,0.4099553571428571,1.9668385494936298,38820,39012,192,timeout_next_open,-0.0008152145414592749,-0.010880409871820484,1.134173976217772,1.1218336984905704
keltner_only_atr_k2,2026-07-11 01:45:00+00:00,2026-07-11 02:15:00+00:00,2026-07-13 02:15:00+00:00,-1,66.9072264,67.01079359999999,0.37307738095238097,2.152926017518388,39039,39231,192,timeout_next_open,-0.0015479224827048554,-0.010940321731581215,1.1218336984905704,1.1095604768997538
keltner_only_atr_k2,2026-07-13 06:00:00+00:00,2026-07-13 06:30:00+00:00,2026-07-13 13:30:00+00:00,-1,65.1869148,63.81840814687238,0.34850595238095244,2.245459495465336,39248,39276,28,take_profit,0.020993579115169525,0.04330266787893566,1.1095604768997538,1.1576074057225372
keltner_only_atr_k2,2026-07-13 17:15:00+00:00,2026-07-13 17:45:00+00:00,2026-07-15 09:00:00+00:00,-1,63.7434924,67.86523478267429,0.3412172619047619,2.242641523257944,39293,39450,157,stop_loss,-0.06466138310730973,-0.14037717904137692,1.1576074057225372,0.9951057436698008
keltner_only_atr_k2,2026-07-15 12:45:00+00:00,2026-07-15 13:15:00+00:00,2026-07-16 16:00:00+00:00,1,68.70547119999999,64.91867191152,0.3134017857142858,3.0,39467,39574,107,stop_loss,-0.05511641536460343,-0.16548665072186874,0.9951057436698008,0.830429027035791
keltner_only_atr_k2,2026-07-16 19:45:00+00:00,2026-07-16 20:15:00+00:00,2026-07-16 23:00:00+00:00,-1,62.4759996,61.250019573649524,0.31261755952380954,2.399135867935396,39591,39602,11,take_profit,0.019623215862087262,0.04198212382636046,0.830429027035791,0.8652922012778116
keltner_only_atr_k2,2026-07-17 02:45:00+00:00,2026-07-17 03:15:00+00:00,2026-07-17 05:15:00+00:00,-1,60.395832000000006,59.13102257089525,0.3221130952380953,2.250886445532662,39619,39627,8,take_profit,0.02094199859859136,0.043206067778227775,0.8652922012778116,0.9026780747741927
keltner_only_atr_k2,2026-07-17 09:00:00+00:00,2026-07-17 09:30:00+00:00,2026-07-17 13:45:00+00:00,-1,60.2698824,58.978315483912375,0.3287872023809524,2.2005966009640407,39644,39661,17,take_profit,0.02142972351456962,0.04219121532769021,0.9026780747741927,0.9407631597985755
keltner_only_atr_k2,2026-07-17 19:15:00+00:00,2026-07-17 19:45:00+00:00,2026-07-18 05:45:00+00:00,-1,60.1589268,58.8443241659581,0.33453273809523815,2.1588201026662985,39685,39725,40,take_profit,0.021852162330161518,0.04375877417727625,0.9407631597985755,0.9819298024625022
