ts,gross_return,net_sleeve_return_before_rebalance,rebalance_turnover,rebalance_cost,net_return,gross_equity,net_equity_before_rebalance,net_equity,n_active,portfolio_scale
2024-08-18 00:00:00+00:00,0.0,0.0,0.0,0.0,0.0,1.0,1.0,1.0,0,0.0
2024-08-19 00:00:00+00:00,0.0,0.0,0.0,0.0,0.0,1.0,1.0,1.0,0,0.0
2024-08-20 00:00:00+00:00,0.0,0.0,0.0,0.0,0.0,1.0,1.0,1.0,0,0.0
2024-08-21 00:00:00+00:00,0.0,0.0,0.0,0.0,0.0,1.0,1.0,1.0,0,0.0
2024-08-22 00:00:00+00:00,0.0,0.0,0.0,0.0,0.0,1.0,1.0,1.0,0,0.0
2024-08-23 00:00:00+00:00,0.0,0.0,0.0,0.0,0.0,1.0,1.0,1.0,0,0.0
2024-08-24 00:00:00+00:00,0.0,0.0,0.0,0.0,0.0,1.0,1.0,1.0,0,0.0
2024-08-25 00:00:00+00:00,0.0,0.0,0.0,0.0,0.0,1.0,1.0,1.0,0,0.0
2024-08-26 00:00:00+00:00,0.0,0.0,0.0,0.0,0.0,1.0,1.0,1.0,0,0.0
2024-08-27 00:00:00+00:00,0.0,0.0,0.0,0.0,0.0,1.0,1.0,1.0,0,0.0
2024-08-28 00:00:00+00:00,0.0,0.0,0.0,0.0,0.0,1.0,1.0,1.0,0,0.0
2024-08-29 00:00:00+00:00,0.0,0.0,0.0,0.0,0.0,1.0,1.0,1.0,0,0.0
2024-08-30 00:00:00+00:00,0.0,0.0,0.0,0.0,0.0,1.0,1.0,1.0,0,0.0
2024-08-31 00:00:00+00:00,0.0,0.0,0.0,0.0,0.0,1.0,1.0,1.0,0,0.0
2024-09-01 00:00:00+00:00,0.0,0.0,0.0,0.0,0.0,1.0,1.0,1.0,0,0.0
2024-09-02 00:00:00+00:00,0.0,0.0,0.0,0.0,0.0,1.0,1.0,1.0,0,0.0
2024-09-03 00:00:00+00:00,0.0,0.0,0.0,0.0,0.0,1.0,1.0,1.0,0,0.0
2024-09-04 00:00:00+00:00,0.0,0.0,0.0,0.0,0.0,1.0,1.0,1.0,0,0.0
2024-09-05 00:00:00+00:00,0.0,0.0,0.0,0.0,0.0,1.0,1.0,1.0,0,0.0
2024-09-06 00:00:00+00:00,0.0,0.0,0.0,0.0,0.0,1.0,1.0,1.0,0,0.0
2024-09-07 00:00:00+00:00,0.0,0.0,0.0,0.0,0.0,1.0,1.0,1.0,0,0.0
2024-09-08 00:00:00+00:00,-0.0,-0.0,0.0,0.0,-0.0,1.0,1.0,1.0,8,0.0
2024-09-09 00:00:00+00:00,-0.06407534851342449,-0.06612186263689299,2.3374815498928325,0.0032724741698499653,-0.06939433680674295,0.9359246514865756,0.933878137363107,0.9306056631932571,8,3.0
2024-09-10 00:00:00+00:00,-0.004500812845818206,-0.00455758075059599,0.9744603740069877,0.0013642445236097828,-0.005921825274205773,0.9317122297924469,0.9296219123408584,0.9250947790566402,9,1.871498578561572
2024-09-11 00:00:00+00:00,-0.01501224803800191,-0.015022457117173257,1.6763542719227609,0.0023468959806918653,-0.017369353097865123,0.9177251346987628,0.9156567070275333,0.9090264811902139,11,1.931539875890107
2024-09-12 00:00:00+00:00,0.011781505291098908,0.011552935705719835,0.41245329498367106,0.0005774346129771395,0.010975501092742696,0.9285373182289909,0.9262352300923336,0.919003502327849,11,1.9225349204617508
2024-09-13 00:00:00+00:00,0.009016341697287659,0.008402372140020705,0.24504598823394053,0.00034306438352751673,0.00805930775649319,0.9369093279688266,0.9340178031847669,0.9264100343824042,11,1.859829688046951
2024-09-14 00:00:00+00:00,-0.0033047841696019846,-0.0033530181551596934,0.1896569984915928,0.0002655197978882299,-0.0036185379530479234,0.9338130448534028,0.930886024533446,0.9230577845129071,11,1.850619778073492
2024-09-15 00:00:00+00:00,-0.016567029970565368,-0.01672287374041854,0.015775006777983824,2.2085009489177354e-05,-0.01674495874990772,0.9183425361524116,0.9153189350784531,0.9076012199874574,11,1.904420211155164
2024-09-16 00:00:00+00:00,-0.005295138712870406,-0.005585340820552316,0.09591129643215762,0.00013427581500502066,-0.005719616635557336,0.9134797850375554,0.9102065668665349,0.902410088951165,11,1.8666555102946807
2024-09-17 00:00:00+00:00,-0.0010367037555376935,-0.0013057249033897795,0.019295611430559162,2.7013856002782827e-05,-0.0013327387593925623,0.9125327771137993,0.9090180874849484,0.901207412048753,11,1.9164642802260277
2024-09-18 00:00:00+00:00,0.003324542580279023,0.002393579182086533,0.005169183766322749,7.2368572728518485e-06,0.0023863423248136812,0.9155665311872144,0.9111938942552925,0.9033580014395607,11,1.9666607028651057
2024-09-19 00:00:00+00:00,0.02418403418251864,0.023573933950489866,1.820356641644168,0.002548499298301835,0.021025434652188032,0.937708623473816,0.9326743189345564,0.9223514960663594,15,2.002904680633921
2024-09-20 00:00:00+00:00,0.01572324995794691,0.015393181486938875,0.5565868199815247,0.0007792215479741346,0.01461395993896474,0.9524524505484172,0.9470311439941231,0.9358307038795173,17,1.7757733664554993
2024-09-21 00:00:00+00:00,0.03560446820387712,0.03530257760643464,0.40879055850506263,0.0005723067819070877,0.03473027082452755,0.9863640135396733,0.9804637844506863,0.9683323576711612,18,1.709495863004934
2024-09-22 00:00:00+00:00,-0.0258774494301842,-0.02610588836720631,0.3892805330927048,0.0005449927463297867,-0.0266508811135361,0.9608394286595469,0.954867906345728,0.942525447128477,18,1.3872714462463462
2024-09-23 00:00:00+00:00,0.02057691651108683,0.0204321054548343,0.33097209548408923,0.00046336093367772493,0.019968744521156576,0.9806105413636347,0.9743778681036207,0.9613464969868744,18,1.2355872925074138
2024-09-24 00:00:00+00:00,0.01652620453632527,0.01631915527055063,0.09786043621414175,0.00013700461069979846,0.01618215065985083,0.9968163117406867,0.9902788918253917,0.9769031508374357,18,1.1587182570010628
2024-09-25 00:00:00+00:00,-0.011925243097254406,-0.012255104043103036,0.0655090414873051,9.171265808222715e-05,-0.012346816701185263,0.9849290348998705,0.9781429209743828,0.9648415066992355,18,1.1267142334324844
2024-09-26 00:00:00+00:00,0.04470269109032801,0.044605020729261986,0.041198227971526405,5.767751916013697e-05,0.04454734321010185,1.0289580132928944,1.021773006240626,1.007822632441518,18,1.1113301881235065
2024-09-27 00:00:00+00:00,0.013715712526315867,0.013390329574179103,0.23649795143257568,0.00033109713200560597,0.013059232442173496,1.0430709056048688,1.0354548835441877,1.020984022459055,18,0.8414024709407968
2024-09-28 00:00:00+00:00,0.0012772976339168757,0.001091753083118469,0.02084333082385412,2.9180663153395768e-05,0.001062572419965073,1.0444032176046054,1.0365853446057272,1.022068891922545,18,0.8382892954674377
2024-09-29 00:00:00+00:00,0.00118201270792046,0.0010027642874631643,0.045779225895907424,6.409091625427039e-05,0.0009386733712088939,1.0456377154800072,1.0376247953702056,1.0230282807749336,18,0.857445837748984
2024-09-30 00:00:00+00:00,-0.006856570297812219,-0.007215484501481873,0.41150143072891887,0.0005761020030204864,-0.00779158650450236,1.0384682269777747,1.0301378297408585,1.0150572674287233,19,0.8767806302877149
2024-10-01 00:00:00+00:00,-0.004581511523038446,-0.005191092767054483,0.22493050538952938,0.00031490270754534115,-0.005505995474599824,1.0337104728295667,1.0247902887038216,1.009468366707801,19,0.8801639926237106
2024-10-02 00:00:00+00:00,0.0021226748007763287,0.0020926129319049215,0.03186697290632448,4.461376206885427e-05,0.002047999169836067,1.0359047040015406,1.0269347781144538,1.0115357570847945,19,0.8906736737591697
2024-10-03 00:00:00+00:00,0.0009791506001567553,0.0009156678759817823,0.005205746701451328,7.2880453820318595e-06,0.0009083798305997505,1.036919010714169,1.0278751093015017,1.0124546157644607,19,0.9105010154137548
2024-10-04 00:00:00+00:00,-0.004225685523204866,-0.004292980032919592,0.016537884650459536,2.315303851064335e-05,-0.004316133071430235,1.0325373170618581,1.0234624619809354,1.0080847269140376,19,0.9304696321670823
2024-10-05 00:00:00+00:00,-0.003252619220625904,-0.0034042346226206372,0.012807773217155698,1.7930882504017976e-05,-0.0034221655051246552,1.0291788663383692,1.0199783556329074,1.0046348941353493,19,0.9440081159345001
2024-10-06 00:00:00+00:00,0.013840680326702324,0.013736592800792346,0.3351471023296921,0.0004692059432615689,0.013267386857530778,1.0434234020263564,1.0339893829698585,1.0179637739264176,20,0.9599120699553134
2024-10-07 00:00:00+00:00,0.00623639771069218,0.0061656052195672665,0.2513752124334877,0.00035192529740688276,0.005813679922160384,1.0499306053420363,1.0403645533064747,1.0238818894803803,20,0.9527279315600545
2024-10-08 00:00:00+00:00,-0.0051824574460979725,-0.005430737723713306,0.047263154892582246,6.616841684961515e-05,-0.005496906140562921,1.0444893846584953,1.0347146062804191,1.0182537068348843,20,0.9696247366420192
2024-10-09 00:00:00+00:00,0.001803187773844865,0.0017767008546568008,0.009432557808695483,1.3205580932173677e-05,0.001763495273724627,1.0463727951468222,1.0365529846057233,1.0200493924343401,20,0.9797065272240708
2024-10-10 00:00:00+00:00,-0.0032608454380240776,-0.0032536131925329204,0.3241240987079808,0.00045377373819117315,-0.0037073869307240937,1.0429607351912953,1.0331804421402508,1.0162676746481358,21,1.0003213917551292
2024-10-11 00:00:00+00:00,-0.007227592544559918,-0.007176270594338963,0.012904418122822697,1.8066185371951777e-05,-0.007194336779710915,1.0354226399573578,1.0257660597146736,1.0089563027383834,21,1.016308622445904
2024-10-12 00:00:00+00:00,0.006625579403939333,0.006041246833407728,0.19863677451685804,0.00027809148432360125,0.005763155349084127,1.0422829148750319,1.031962965674742,1.0147710746515024,21,1.0226368432693955
2024-10-13 00:00:00+00:00,-0.001197185104684145,-0.0014080113206517842,0.015473287526556571,2.16626025371792e-05,-0.0014296739231889634,1.0410351092944767,1.0305099501365784,1.0133202829080667,21,1.0393966659065579
2024-10-14 00:00:00+00:00,0.005261512448960048,0.004571907482129145,0.017454207561251038,2.4435890585751452e-05,0.004547471591543393,1.0465125284818342,1.0352213462880164,1.017928328107726,21,1.05903842786671
2024-10-15 00:00:00+00:00,-0.003537344173985562,-0.004248682574106378,0.03284738188074145,4.5986334633038025e-05,-0.004294668908739416,1.042810653486206,1.0308230193936996,1.0135566629656767,21,1.0786603483020387
2024-10-16 00:00:00+00:00,0.0033052839125411147,0.0031598374012183784,0.03420572118964061,4.788800966549686e-05,0.0031119493915528814,1.0462574387630006,1.0340802525244166,1.016710800006297,21,1.0937643555816956
2024-10-17 00:00:00+00:00,-0.005027654418807204,-0.0053230177458820785,0.023118959846246165,3.236654378474463e-05,-0.005355384289666823,1.0409972179277938,1.028575824989563,1.0112659229608085,21,1.115160013306834
2024-10-18 00:00:00+00:00,0.011528402154425898,0.011399206311433364,0.010163026862109993,1.4228237606953991e-05,0.011384978073826409,1.052998252497704,1.0403007730255718,1.0227791633205252,21,1.128163901866715
2024-10-19 00:00:00+00:00,0.0039059947647423184,0.0037652096653737416,0.009454364394393969,1.3236110152151557e-05,0.00375197355522159,1.0571112581592428,1.0442177235510635,1.0266166036941355,21,1.1297875787619225
2024-10-20 00:00:00+00:00,0.011167700931256944,0.010850038231677215,0.010929805430429967,1.5301727602601953e-05,0.010834736504074613,1.06891676054143,1.0555475257737874,1.0377397240858695,21,1.1512647660031088
2024-10-21 00:00:00+00:00,-0.016214360588132776,-0.016846842851153843,0.0150330207313593,2.104622902390302e-05,-0.016867889080177747,1.0515849587473125,1.0377648824851522,1.0202352455258947,21,1.1569736428136814
2024-10-22 00:00:00+00:00,0.0006753164795801822,0.00015154659633856706,0.03527751092202856,4.938851529083999e-05,0.00010215808104772708,1.052295111399633,1.0379221522208926,1.020339470800795,21,1.1111689987826068
2024-10-23 00:00:00+00:00,-0.01334823245010677,-0.014248713168041582,0.019503083120447275,2.7304316368626183e-05,-0.014276017484410208,1.0382488316465597,1.0231330971831407,1.005773086675609,21,1.132672094655159
2024-10-24 00:00:00+00:00,-0.0006455107896613331,-0.0008271508841603981,0.012748873845921282,1.7848423384289795e-05,-0.0008449993075446879,1.0375786308233785,1.022286811737192,1.004923209113821,21,1.1086066096275173
2024-10-25 00:00:00+00:00,-0.009379397876441667,-0.010022024822213088,0.008512793051518953,1.1917910272126535e-05,-0.010033942732485215,1.0278467680167924,1.0120414279345407,0.9948398671830275,21,1.129698469222962
2024-10-26 00:00:00+00:00,-0.005848720835225135,-0.006064731158418807,0.0258911167601683,3.624756346423562e-05,-0.006100978721883043,1.0218351792092737,1.0059036687529355,0.9887703703216629,21,1.1293429563510282
2024-10-27 00:00:00+00:00,-0.002096261739146792,-0.0022719068190625346,0.004501750887174534,6.3024512420443474e-06,-0.002278209270304579,1.0196931452193831,1.0036183493485757,0.9865177444977937,21,1.1432355903318705
2024-10-28 00:00:00+00:00,-0.0019603235934188604,-0.0021177709292581792,0.006374790826463878,8.92470715704943e-06,-0.0021266956364152287,1.0176942166887621,1.0014929155842553,0.9844197215153241,21,1.1641631833647152
2024-10-29 00:00:00+00:00,-0.007705631719239508,-0.007989243912413095,0.010523111583859285,1.4732356217403e-05,-0.008003976268630498,1.0098522398521586,0.993491744405099,0.9765404494259436,21,1.1856142588376806
2024-10-30 00:00:00+00:00,0.00027819469021110165,0.00021116515186081315,0.008803674239088052,1.2325143934723272e-05,0.0001988400079260899,1.0101331753831833,0.9937015352401788,0.9767346247366476,21,1.1956758229231748
2024-10-31 00:00:00+00:00,-0.0006891209163311929,-0.0008461264606822554,0.005383717480628922,7.5372044728804905e-06,-0.0008536636651551359,1.0094370714837466,0.9928607380771914,0.975900821877011,21,1.2183451801987413
2024-11-01 00:00:00+00:00,4.081637778055841e-05,-0.0007810797973701463,0.011085411635903961,1.5519576290265547e-05,-0.0007965993736604119,1.009478273048602,0.9920852346130773,0.9751234198935491,21,1.2414314943365345
2024-11-02 00:00:00+00:00,0.007009394048157313,0.007119124061371944,0.022964001422200793,3.214960199108111e-05,0.007086974459380863,1.016554104047453,0.9991480124777431,0.9820340946650788,21,1.2649008556507542
2024-11-03 00:00:00+00:00,0.015409463438479272,0.015400023710116957,0.00882535879915066,1.2355502318810925e-05,0.015387668207798147,1.0322186573470085,1.0145349155598167,0.9971453094825307,21,1.276276671414276
2024-11-04 00:00:00+00:00,0.007225422862297746,0.007230998202609311,0.028215509461777658,3.950171324648872e-05,0.007191496489362822,1.0396768736326938,1.021871015710714,1.004316276475059,21,1.249622040294551
2024-11-05 00:00:00+00:00,-0.01790937938257885,-0.0180309905515801,0.009344842054233186,1.308277887592646e-05,-0.018044073330456028,1.0210569060675123,1.0034456690815006,0.9861943199353725,21,1.263008499974021
2024-11-06 00:00:00+00:00,-0.01427937621177681,-0.015005023041027223,0.03312645317955924,4.637703445138294e-05,-0.015051400075478606,1.0064768503721415,0.9883889436965136,0.9713507146738608,21,1.217074805944993
2024-11-07 00:00:00+00:00,0.00983039296469981,0.009286761900415092,0.01922948405426643,2.6921277675973e-05,0.009259840622739119,1.0163709133211731,0.9975678764816259,0.9803452674805245,21,1.19556634382218
2024-11-08 00:00:00+00:00,0.008612506745297689,0.008533421247953341,0.03182812481908992,4.455937474672589e-05,0.008488861873206615,1.0251244146678762,1.00608054339507,0.9886672830442185,21,1.1983261888805532
2024-11-09 00:00:00+00:00,0.014378863898426885,0.014332160498414027,0.008915286646911345,1.2481401305675883e-05,0.014319679097108351,1.03986453910534,1.0204998512173398,1.0028246812712216,21,1.2051480184238559
2024-11-10 00:00:00+00:00,0.014107144980773142,0.013990860283565588,0.022800350862887276,3.1920491208042184e-05,0.013958939792357546,1.0545340589188639,1.0347775220551212,1.0168230506193767,21,1.1877542893392523
2024-11-11 00:00:00+00:00,0.017445705328561552,0.017345056259170277,0.022789918957800203,3.1905886540920286e-05,0.017313150372629357,1.0729311493696942,1.0527257963908923,1.0344274609971058,21,1.1749557652898792
2024-11-12 00:00:00+00:00,-0.010113861748050866,-0.01048313049816599,0.035372513733912876,4.9521519227478025e-05,-0.010532652017393467,1.0620796720597918,1.0416899344885409,1.0235321965131874,21,1.1469539186143722
2024-11-13 00:00:00+00:00,-0.002774065842152444,-0.002835016574654851,0.017652684392826305,2.4713758149956825e-05,-0.002859730332804808,1.0591333931198863,1.0387367262586147,1.0206051704442163,21,1.1406667212336357
2024-11-14 00:00:00+00:00,-0.005893230095999618,-0.005971660978549002,0.002147291745400192,3.006208443560269e-06,-0.005974667186992562,1.052891676331874,1.0325337426834305,1.0145073942214882,21,1.1585835537385247
2024-11-15 00:00:00+00:00,0.008272914233684597,0.00825654333468672,0.002335796828752082,3.2701155602529147e-06,0.008253273219126465,1.0616021588675282,1.0410589022744223,1.0228804009288222,21,1.1703621994550704
2024-11-16 00:00:00+00:00,-0.002976658116401619,-0.0030281545214614334,0.0080798431287725,1.1311780380281499e-05,-0.003039466301841715,1.0584421321849458,1.0379064150523925,1.0197713904193846,21,1.1809805121215664
2024-11-17 00:00:00+00:00,-0.0023047471295712745,-0.0025148521701550785,0.008700185137149114,1.218025919200876e-05,-0.002527032429347087,1.0560026907189752,1.03529623385208,1.0171943950452744,21,1.1992747330914075
2024-11-18 00:00:00+00:00,0.00728273635167206,0.007123134294105682,0.02307121678310869,3.2299703496352166e-05,0.00709083459060933,1.063693279902138,1.0426707879599901,1.0244071522470355,21,1.218798002101665
2024-11-19 00:00:00+00:00,-0.003399484275935566,-0.003501545368991975,0.02299322192530032,3.219051069542045e-05,-0.0035337358796873955,1.0600772713226922,1.0390198288910257,1.0207871679377318,21,1.233014052164445
2024-11-20 00:00:00+00:00,-0.0025327715319618397,-0.002795264419119197,0.003693001004747367,5.1702014066463135e-06,-0.002800434620525843,1.0573923377882064,1.0361154937325674,1.0179285202124506,21,1.2511939325825068
2024-11-21 00:00:00+00:00,0.012148278062267745,0.012043321789008798,0.004897793784601253,6.856911298441754e-06,0.012036464877710356,1.0702378339285687,1.0485937660341664,1.0301807810940073,21,1.2710854330339085
2024-11-22 00:00:00+00:00,0.03518283876219177,0.03406774035556619,0.013154807599270762,1.8416730638979068e-05,0.03404932362492721,1.1078918390768748,1.0843169861938837,1.0652577399016576,21,1.26811114138029
2024-11-23 00:00:00+00:00,0.021379190070234533,0.02077976518206782,0.15610264371031599,0.00021854370119444238,0.02056122148087338,1.131577669281761,1.10684883854992,1.0871607402259904,21,1.1093331815912228
2024-11-24 00:00:00+00:00,0.005004830518007898,0.0045962378412448554,0.06148193319449725,8.607470647229614e-05,0.00451016313477256,1.1372410237344786,1.1119361790662012,1.0920640125181298,21,1.0696802016645943
2024-11-25 00:00:00+00:00,-0.026006702453482217,-0.026728558240550336,0.027596905973862093,3.863566836340693e-05,-0.026767193908913745,1.1076651348123225,1.0822157281442553,1.0628325233341105,21,1.0883487531468337
2024-11-26 00:00:00+00:00,-0.0033595928510566898,-0.003718677073521475,0.03556673509641552,4.979342913498172e-05,-0.0037684705026564567,1.1039438309440424,1.078191317327401,1.0588272703206618,21,0.9779049043502553
2024-11-27 00:00:00+00:00,0.01936126700417411,0.019367569609817368,0.008466115733857846,1.1852562027400984e-05,0.019355717047789968,1.1253175822125607,1.09907326271844,1.0793216313674725,21,0.9911194050565002
2024-11-28 00:00:00+00:00,-0.0011891865361875142,-0.0015925386583131938,0.03649818898679394,5.1097464581511515e-05,-0.0016436361228947052,1.1239793696948586,1.0973229460592426,1.0775476193459352,21,0.959541795661479
2024-11-29 00:00:00+00:00,-0.0005122578663758772,-0.0007604679336331429,0.010660421485926086,1.492459008029652e-05,-0.0007753925237134394,1.1234036024210883,1.0964884671459247,1.0767120969779493,21,0.9748623249044079
2024-11-30 00:00:00+00:00,0.007015838127714806,0.006786034950870647,0.03352840014942537,4.693976020919551e-05,0.0067390951906614515,1.1312852202477663,1.1039292762072035,1.0839681622924204,21,0.9913227906978657
2024-12-01 00:00:00+00:00,0.0134854790025637,0.01340345006698425,0.011421292248203388,1.5989809147484742e-05,0.013387460257836766,1.1465411433313284,1.1187257371383288,1.0984797429858706,21,1.0050529817746305
2024-12-02 00:00:00+00:00,0.017279209577639346,0.01695042095905048,0.03558066627848675,4.981293278988145e-05,0.0169006080262606,1.1663524680363366,1.1376886093205476,1.1170447185468622,21,1.0020768107856854
2024-12-03 00:00:00+00:00,0.008221687415313044,0.007837851417100392,0.027551754932958694,3.857245690614217e-05,0.00779927896019425,1.1759418534446104,1.1466056435993297,1.1257568619178207,21,0.9865892696417737
2024-12-04 00:00:00+00:00,0.010182017979153217,0.009780436918024724,0.11033848066424883,0.00015447387292994835,0.009625963045094776,1.1879153145388222,1.1578199477664042,1.1365933558684034,21,1.0002272162286123
2024-12-05 00:00:00+00:00,-0.0009922041794437992,-0.0016908758334119986,0.008848133560004641,1.2387386984006497e-05,-0.001703263220396005,1.1867366599989115,1.1558622179972837,1.1346574382088062,21,1.0107564475893824
2024-12-06 00:00:00+00:00,0.01689358252277415,0.01675557657070928,0.01668482561442286,2.3358755860192005e-05,0.016732217814849088,1.2067848936974044,1.175229355896127,1.1536427736101544,21,1.024694004776745
2024-12-07 00:00:00+00:00,0.010733906778060217,0.010017530512332411,0.009764190049045905,1.3669866068664266e-05,0.010003860646263747,1.2197384102475237,1.1870022518278054,1.1651836551529198,21,1.013290199064013
2024-12-08 00:00:00+00:00,0.005245642950958184,0.004972444183634915,0.10250933793225753,0.00014351307310516055,0.0048289311105297545,1.2261367224412516,1.192904554270868,1.1708102467547685,21,1.0246429885037338
2024-12-09 00:00:00+00:00,-0.06634042812355208,-0.06779258592052656,0.008417623702659222,1.178467318372291e-05,-0.06780437059371028,1.14479428733649,1.1120344697804727,1.0914241948888947,21,1.0427415945793865
2024-12-10 00:00:00+00:00,-0.0005468337564590225,-0.0007560307488110946,0.016127305210191168,2.2578227294267636e-05,-0.0007786089761053622,1.144168275175973,1.1111937375275809,1.0905744022140156,21,0.650371194111139
2024-12-11 00:00:00+00:00,-0.012886777734863153,-0.012839490855194594,0.003582191883485776,5.0150686368800865e-06,-0.012844505923831474,1.1294236329224985,1.0969265756962459,1.0765665128443986,21,0.6616634126867362
2024-12-12 00:00:00+00:00,0.0007316481542084009,0.0004556951138889146,0.008777093661290898,1.2287931125807257e-05,0.0004434071827631074,1.1302499736388456,1.0974264397770856,1.077043870168916,21,0.6538794452267229
2024-12-13 00:00:00+00:00,-0.0006486069414976494,-0.0008112679691149925,0.008015996508164007,1.122239511142961e-05,-0.0008224903642264222,1.129516885660316,1.0965361328580345,1.076158011963853,21,0.6655233415324849
2024-12-14 00:00:00+00:00,0.0076649811017166815,0.007586674011020058,0.020717161305672357,2.90040258279413e-05,0.007557669985192117,1.138174611242972,1.1048551950393328,1.084291259070196,21,0.677202218703288
2024-12-15 00:00:00+00:00,0.003062632872178491,0.003071230977137184,0.012835642992785416,1.796990018989958e-05,0.0030532610769472843,1.1416604222216438,1.1082484605395886,1.0876018833675893,21,0.6835647085861375
2024-12-16 00:00:00+00:00,-0.00043275726426372725,-0.0004404885073191018,0.024055620540359878,3.367786875650383e-05,-0.00047416637607560565,1.141166360380605,1.1077602898294667,1.08708617912394,21,0.6950540201670672
2024-12-17 00:00:00+00:00,0.003273380748498205,0.0032017342462885676,0.0210923109542363,2.952923533593082e-05,0.003172205010952637,1.1449018323755087,1.1113070438860924,1.090534639348694,21,0.707244391312381
2024-12-18 00:00:00+00:00,0.008109103107034858,0.007839204472438665,0.026573625231553374,3.720307532417472e-05,0.007802001397114491,1.1541859593816748,1.1200188070347767,1.0990429921284943,21,0.7190826959104344
2024-12-19 00:00:00+00:00,0.019779506282064818,0.019231367089195893,0.01566239280670387,2.192734992938542e-05,0.019209439739266507,1.1770151878159358,1.1415582998596658,1.1201549922566498,21,0.7261009490175676
2024-12-20 00:00:00+00:00,-0.009294015029189959,-0.00944009224200982,0.09024249984182167,0.00012633949977855033,-0.00956643174178837,1.1660759909707898,1.1307818842093587,1.109439105983003,21,0.7026914686858761
2024-12-21 00:00:00+00:00,0.014822025744994015,0.014718147202916927,0.003896870375098834,5.455618525138368e-06,0.014712691584391788,1.1833595993295782,1.1474248984355437,1.1257619413809945,21,0.7014915529045109
2024-12-22 00:00:00+00:00,0.0014834306285060144,0.001390291813477995,0.0187312034371144,2.6223684811960156e-05,0.0013640681286660348,1.1851150312037604,1.1490201538784195,1.1272975573656974,21,0.6940247357723821
2024-12-23 00:00:00+00:00,-0.018380788610497897,-0.018357241133972385,0.008395727989061828,1.1754019184686559e-05,-0.018368995153157073,1.1633316823360804,1.1279273138458792,1.1065902339982812,21,0.7063057106560663
2024-12-24 00:00:00+00:00,-0.01279733428686913,-0.012774297558261215,0.02659298001654176,3.723017202315846e-05,-0.012811527730284374,1.1484441379107198,1.1135188347147216,1.0924131225293503,21,0.6764952646820616
2024-12-25 00:00:00+00:00,0.0035427901213211806,0.0036004656193258508,0.02093671169664259,2.9311396375299626e-05,0.0035711542229505512,1.1525128344573992,1.1175280209955836,1.0963142982650778,21,0.6685242571805832
2024-12-26 00:00:00+00:00,0.01679380715075174,0.016803665794654817,0.012279682791684034,1.7191555908357648e-05,0.01678647423874646,1.1718679127380431,1.1363065883765553,1.1147175499904738,21,0.679304057499644
2024-12-27 00:00:00+00:00,0.00033432721034377125,0.00022165296089913606,0.014679376391549679,2.055112694816955e-05,0.0002011018339509665,1.1722597000682002,1.1365584540963583,1.1149417217341142,21,0.6640447616644833
2024-12-28 00:00:00+00:00,-0.008202871854638432,-0.008122809066166314,0.008076402135924775,1.1306962990294685e-05,-0.008134116029156608,1.162643803968184,1.1273264067811963,1.1058726564037813,21,0.6756882022756378
2024-12-29 00:00:00+00:00,0.009243501136393887,0.009304524036506544,0.0022614378934880316,3.1660130508832444e-06,0.00930135802345566,1.173390703291385,1.1378156424300807,1.1161587739093428,21,0.6783978191236659
2024-12-30 00:00:00+00:00,0.0014138630512745094,0.0014832392601642657,0.004520946002931993,6.3293244041047895e-06,0.001476909935760161,1.1750497170514778,1.139503295261762,1.1178072398924153,21,0.6825719327284138
2024-12-31 00:00:00+00:00,-0.002581460847490086,-0.0026009861467736492,0.0076820515652386324,1.0754872191334085e-05,-0.002611741018964983,1.172016372213055,1.1365394629765833,1.1148878168726921,21,0.6946072229681972
2025-01-01 00:00:00+00:00,-0.010421959801951444,-0.010491178255356833,0.0070403402272016455,9.856476318082304e-06,-0.010501034731674916,1.1598016646946214,1.1246158248762483,1.1031803411857908,21,0.705283025336224
2025-01-02 00:00:00+00:00,-0.006318937530750242,-0.006536790480777171,0.006907937996384967,9.671113194938954e-06,-0.00654646159397211,1.152472950427356,1.117264446857666,1.095958413450993,21,0.7029710051008341
2025-01-03 00:00:00+00:00,0.0038480349784905197,0.0035656092472115997,0.0033851373563314816,4.7391922988640745e-06,0.0035608700549127357,1.1569077066523648,1.1212481753009624,1.0998609789468803,21,0.7095639892593862
2025-01-04 00:00:00+00:00,-0.0011254641031945628,-0.0011731648048337506,0.002822689084751081,3.951764718651513e-06,-0.0011771165695524022,1.1556056485578183,1.1199327664042154,1.0985663143643578,21,0.7209202272719594
2025-01-05 00:00:00+00:00,-0.003939177235329891,-0.004097635107198981,0.0032709005056898027,4.579260707965724e-06,-0.004102214367906947,1.1510535130940007,1.115343690582895,1.0940597598454738,21,0.7332948562817925
2025-01-06 00:00:00+00:00,0.0012276828620260776,0.0011627176328889326,0.003722237043997434,5.211131861596407e-06,0.0011575065010273361,1.1524666417653011,1.1166405203586673,1.0953261411300075,21,0.7437545753730571
2025-01-07 00:00:00+00:00,-0.003105382540687028,-0.0033089284188413414,0.003012881509247542,4.218034112946559e-06,-0.003313146452954288,1.148887791977239,1.1129456368072228,1.0916971652106944,21,0.7567691124597562
2025-01-08 00:00:00+00:00,-0.0011522923487480166,-0.0014543007463180817,0.01094995247695562,1.532993346773787e-05,-0.0014696306797858196,1.1475639373649735,1.1113270791370027,1.0900927735636656,21,0.7684632817872667
2025-01-09 00:00:00+00:00,0.003714438628641807,0.003675185763803943,0.0035476971999098723,4.966776079873821e-06,0.003670218987724069,1.1518264931827584,1.1154114125971768,1.0940936527595797,21,0.7816430082866341
2025-01-10 00:00:00+00:00,-0.004003687191337797,-0.004031363600307878,0.00583312352149146,8.166372930088045e-06,-0.004039529973237966,1.147214940205359,1.1109147836290645,1.089674028655728,21,0.7938495868738557
2025-01-11 00:00:00+00:00,-0.0002082245189000767,-0.00020762044522406158,0.0025523039182200405,3.5732254855080567e-06,-0.00021119367070956963,1.1469760619263598,1.1106841350070815,1.0894438963977393,21,0.8054247204608697
2025-01-12 00:00:00+00:00,-0.0025497328728939788,-0.002675172907980183,0.0030741296665402,4.30378153315628e-06,-0.0026794766895133393,1.1440515793568438,1.1077128628997872,1.0865247568728091,21,0.8195791158735063
2025-01-13 00:00:00+00:00,0.0025808466148451174,0.002340755563335807,0.0025528057591970507,3.573928062875871e-06,0.0023371816352729313,1.1470042010026351,1.1103057479461986,1.0890641625808415,21,0.832947494940219
2025-01-14 00:00:00+00:00,-0.004512990598098127,-0.004573915995029072,0.005789163799039952,8.104829318655933e-06,-0.004582020824347727,1.141827781827531,1.1052273027262947,1.084074047908845,21,0.8468846445225215
2025-01-15 00:00:00+00:00,-0.011648825903233006,-0.011904195377711485,0.004301942848985357,6.0227199885795e-06,-0.011910218097700064,1.1285268287855474,1.0920704609778598,1.0711624895641942,21,0.8587670016681375
2025-01-16 00:00:00+00:00,-0.002728037685947642,-0.003119365058296375,0.010783511597764708,1.5096916236870592e-05,-0.0031344619745332456,1.1254481650670174,1.088663894540688,1.067804971472109,21,0.8549298276992019
2025-01-17 00:00:00+00:00,0.00744219111465494,0.007405065799404384,0.0041955347162414384,5.873748602738014e-06,0.007399192050801646,1.1338239654010838,1.0967255223131975,1.0757058655288319,21,0.8689667134912397
2025-01-18 00:00:00+00:00,0.005005009531215947,0.004973681654302609,0.0069929101479057724,9.790074207068082e-06,0.004963891580095541,1.1394987651546373,1.1021802859233323,1.08104555281739,21,0.8754877287795284
2025-01-19 00:00:00+00:00,-0.00883777594893261,-0.009032287959174214,0.022362551649742827,3.1307572309639956e-05,-0.009063595531483854,1.1294281303741152,1.0922250761979477,1.0712473931755437,21,0.8869968435982699
2025-01-20 00:00:00+00:00,-0.012224252029973941,-0.012842067439723572,0.00019039167548045785,2.66548345672641e-07,-0.012842333988069245,1.1156217162586797,1.0781986481100565,1.0574900763685349,21,0.8913340338139578
2025-01-21 00:00:00+00:00,-0.00603374299908968,-0.006144563485860381,0.008680579709518108,1.2152811593325351e-05,-0.006156716297453706,1.1088903415385716,1.0715735880663755,1.050979409980961,21,0.8854784599374208
2025-01-22 00:00:00+00:00,0.011466777845639648,0.011443002595032586,0.005854297929114641,8.196017100760497e-06,0.011434806577931826,1.1216057407401698,1.0838356074153872,1.0629971562514822,21,0.897001034185205
2025-01-23 00:00:00+00:00,0.004026222332963405,0.004043934151023387,0.010573672167262491,1.4803141034167487e-05,0.0040291310099892196,1.126121574822318,1.0882185672423095,1.0672801110572654,21,0.8910378102986298
2025-01-24 00:00:00+00:00,0.0055688372369924535,0.0055922647616597765,0.00728863186144503,1.0204084606023042e-05,0.005582060677053753,1.132392762581569,1.0943041735888825,1.0732377333965997,21,0.9036066313033277
2025-01-25 00:00:00+00:00,-0.0031003378928594763,-0.00305863179725448,0.005962086081669159,8.346920514336823e-06,-0.0030669787177688168,1.1288819623901376,1.0909571000476752,1.0699461361091658,21,0.9142077700133346
2025-01-26 00:00:00+00:00,0.0008485757233361826,0.0008010424522000181,0.01350931137637907,1.8913035926930698e-05,0.0007821294162730874,1.129839904217934,1.0918310029983425,1.0707829724560445,21,0.9290742438575035
2025-01-27 00:00:00+00:00,-0.007097921546314634,-0.007282505231189682,0.00813253818007409,1.1385553452103725e-05,-0.0072938907846417855,1.1218203892178993,1.0838797380074319,1.0629727984008959,21,0.9451840346875197
2025-01-28 00:00:00+00:00,0.01034247036512679,0.010357812434244607,0.0034459506975233548,4.824330976532697e-06,0.010352988103268073,1.1334227833483803,1.0951063610349911,1.0739777431368378,21,0.9544101393307689
2025-01-29 00:00:00+00:00,-0.0032192343905599677,-0.003210809893919774,0.007069088236218525,9.896723530705934e-06,-0.00322070661745048,1.129774029745181,1.0915901826960857,1.0705187759125225,21,0.9533362644007364
2025-01-30 00:00:00+00:00,-0.005818022246022162,-0.00587016098591933,0.003546132425310544,4.964585395434762e-06,-0.005875125571314765,1.1232009793071456,1.0851823725930105,1.0642293436775863,21,0.968639610619763
2025-01-31 00:00:00+00:00,-0.0008607804420575272,-0.0009707749266883149,0.005084659643009949,7.118523500213929e-06,-0.000977893450188529,1.1222341498716581,1.084128904754813,1.0631886407729056,21,0.9807764974717187
2025-02-01 00:00:00+00:00,0.01169295171796241,0.011399918231361165,0.003637381752455149,5.092334453437209e-06,0.011394825896907728,1.135356379602356,1.096487885621273,1.0753034902300829,21,0.9979375157686426
2025-02-02 00:00:00+00:00,0.06355936291970762,0.06290520317021864,0.015627086818349203,2.1877921545688884e-05,0.06288332524867295,1.2075189077767075,1.1654626788399627,1.1429221493472543,21,0.9933577231252717
2025-02-03 00:00:00+00:00,-0.015085112174684983,-0.015231939597475394,0.2634277611863797,0.0003687988656609316,-0.015600738463136326,1.1893033495998426,1.1477104217127605,1.1250917198115622,21,0.6724784668010804
2025-02-04 00:00:00+00:00,0.025934562266653874,0.025856959013175484,0.017067036608772478,2.389385125228147e-05,0.025833065161923203,1.2201474113739796,1.1773867230459816,1.1541562875225946,21,0.6561107197118944
2025-02-05 00:00:00+00:00,0.005530519226772226,0.005524610078492236,0.040895661638849654,5.7253926294389515e-05,0.005467356152197847,1.2268954600920798,1.1838913256024044,1.1604664710017791,21,0.609679058230868
2025-02-06 00:00:00+00:00,0.008474784086712407,0.008462394745729193,0.006895787135506391,9.654101989708948e-06,0.008452740643739484,1.2372931342133278,1.1939098813356965,1.1702755931069129,21,0.6188114588978095
2025-02-07 00:00:00+00:00,-0.00012843561493303433,-0.00015791480353670104,0.0048136153463278555,6.739061484858997e-06,-0.00016465386502156003,1.2371342217087826,1.1937213452913449,1.1700829027073674,21,0.625145340012969
2025-02-08 00:00:00+00:00,-0.0066199308311665735,-0.006639596360099988,0.007332645188880143,1.02657032644322e-05,-0.006649862063364421,1.2289444787322015,1.1857955173921748,1.1623020128016623,21,0.6356510870026625
2025-02-09 00:00:00+00:00,0.00166549676908759,0.0016605452610652454,0.008084037756421008,1.131765285898941e-05,0.001649227608206256,1.230991281790918,1.1877645845191727,1.1642189133702485,21,0.6394152390855492
2025-02-10 00:00:00+00:00,-0.007181510457051618,-0.007209802581601647,0.007938752825318807,1.111425395544633e-05,-0.007220916835557093,1.2221509050281973,1.1792010363513714,1.1558121854184193,21,0.6506186425964551
2025-02-11 00:00:00+00:00,-0.0019618746963302627,-0.002091298050102095,0.0024812080567742124,3.4736912794838973e-06,-0.002094771741381579,1.2197531980925254,1.1767349755233714,1.1533910227140602,21,0.6539108109055277
2025-02-12 00:00:00+00:00,-0.009481580549586094,-0.009593805684328034,0.005163298417333127,7.228617784266377e-06,-0.0096010343021123,1.2081880098941957,1.1654456088262477,1.1423172759412341,21,0.6641100037001413
2025-02-13 00:00:00+00:00,0.002093375069150877,0.002102033991394406,0.00439009441578159,6.146132182094226e-06,0.002095887859212312,1.2107172005529554,1.1678954151111218,1.1447114448512479,21,0.6634547417624711
2025-02-14 00:00:00+00:00,-0.005210241665956296,-0.0053079887347396455,0.0027905806603978275,3.906812924556958e-06,-0.005311895547664203,1.2044090713489444,1.161696239404358,1.1386308572239823,21,0.6749200648956081
2025-02-15 00:00:00+00:00,0.0007876784267733838,0.0007674234418789059,0.00127938390783423,1.7911374709679218e-06,0.000765632304407938,1.205357758391456,1.1625877523308195,1.1395026297910686,21,0.6825152210366496
2025-02-16 00:00:00+00:00,0.00234823743115106,0.0023441998032586865,0.0031834313385132075,4.4568038739184906e-06,0.002339742999384768,1.2081882245976392,1.1653130903111044,1.1421687730919028,21,0.694468477548554
2025-02-17 00:00:00+00:00,-0.00044252592175036157,-0.0006096945845562198,0.003281142608192865,4.593599651470011e-06,-0.0006142881842076897,1.2076535699899011,1.1646026052306293,1.1414671523102213,21,0.7063498354078255
2025-02-18 00:00:00+00:00,-0.0024097445808024267,-0.0025229415803076126,0.004307751910422097,6.030852674590936e-06,-0.0025289724329822035,1.2047434333441311,1.1616643808933584,1.1385804133488742,21,0.7184834077370722
2025-02-19 00:00:00+00:00,0.0024675357831521103,0.0023964968287695882,0.006436385644249799,9.010939901949717e-06,0.0023874858888676387,1.2077161808754253,1.164448305898264,1.1412987580190859,21,0.729793886588354
2025-02-20 00:00:00+00:00,-0.00037654494006204706,-0.0005337150805352609,0.005773657926893844,8.083121097651382e-06,-0.0005417982016329123,1.2072614214584856,1.1638268222769024,1.1406804044044652,21,0.74222998216263
2025-02-21 00:00:00+00:00,-0.012047161611816223,-0.012299503393746098,0.007995594739572783,1.1193832635401896e-05,-0.0123106972263815,1.1927173480064643,1.1495123303265748,1.1266378333137754,21,0.7550244018418081
2025-02-22 00:00:00+00:00,0.00027108816910572145,7.975162286930721e-05,0.008318646482391088,1.1646105075347523e-05,6.810551779395969e-05,1.193040679568596,1.1496040058004267,1.1267145635667797,21,0.7483817963654271
2025-02-23 00:00:00+00:00,0.004693141103560043,0.004567670429670459,0.009102118155642814,1.274296541789994e-05,0.004554927464252559,1.1986397878200985,1.154855018023552,1.1318466666767433,21,0.7614782051688922
2025-02-24 00:00:00+00:00,-0.0065561556936132425,-0.006963149809559689,0.008418062422970843,1.178528739215918e-05,-0.006974935096951848,1.1907813187505905,1.1468135895247322,1.1239521096369718,21,0.77256280555428
2025-02-25 00:00:00+00:00,-0.0034912487468614847,-0.004058029755627109,0.017974970548003715,2.51649587672052e-05,-0.004083194714394314,1.1866240049637164,1.1421597858542833,1.1193627943236697,21,0.7793625795850853
2025-02-26 00:00:00+00:00,0.0002342331718686847,0.0001966452031604837,0.009254074652464386,1.295570451345014e-05,0.00018368949864703356,1.1869019516682147,1.1423843860974146,1.1195684095141631,21,0.7907555014213975
2025-02-27 00:00:00+00:00,-0.0033786141254116306,-0.0033634226626731356,0.018637124181421168,2.6091973853989635e-05,-0.003389514636527125,1.1828918679688298,1.1385420645637305,1.1157736160035214,21,0.8045927819852118
2025-02-28 00:00:00+00:00,-0.002050206444371428,-0.0021187048467499045,0.006782221044756006,9.495109462658408e-06,-0.002128199956212563,1.1804666954381255,1.1361298299733107,1.1133990266427995,21,0.817173185252307
2025-03-01 00:00:00+00:00,-0.00511242713118516,-0.005223476487385986,0.008534671462875766,1.1948540048026072e-05,-0.005235425027434012,1.174431645476907,1.1301952825198274,1.1075699095131932,21,0.83092416444185
2025-03-02 00:00:00+00:00,-0.022812298639432297,-0.02316191064646896,0.005539874955229777,7.755824937321688e-06,-0.02316966647140628,1.1476401600486879,1.1040178003730423,1.0819078841160068,21,0.8420339728722297
2025-03-03 00:00:00+00:00,-0.014469129839956817,-0.014778822924799052,0.002063909454412649,2.8894732361777087e-06,-0.01478171239803523,1.1310348055633945,1.087701716795503,1.0659154329318372,21,0.7937172957737302
2025-03-04 00:00:00+00:00,-0.0010524682478043974,-0.001594824715458114,0.0075803388828302384,1.0612474435962333e-05,-0.0016054371898940765,1.1298444273433774,1.0859670232145113,1.0642041726545264,21,0.7844954094399877
2025-03-05 00:00:00+00:00,-0.01921201192565867,-0.019137132834640698,0.013852695352842746,1.9393773493979843e-05,-0.019156526608134678,1.1081378427311175,1.065184728037216,1.043817717104582,21,0.7982214798633309
2025-03-06 00:00:00+00:00,0.0028216811967798927,0.0028814289092977665,0.02274252849882556,3.1839539898355784e-05,0.002849589369399411,1.1112646544453921,1.0682539821063248,1.0467921689748338,21,0.7749958573201567
2025-03-07 00:00:00+00:00,0.011487240325335598,0.011513968618036814,0.00852802561380989,1.1939235859333846e-05,0.01150202938217748,1.1240300185960574,1.0805538249323898,1.0588324032594156,21,0.785528137942686
2025-03-08 00:00:00+00:00,0.0022358049471240876,0.0022010475513894504,0.015145668677978855,2.1203936149170397e-05,0.00217984361524028,1.1265431304723506,1.0829321752829018,1.0611404923132701,21,0.7773869189995513
2025-03-09 00:00:00+00:00,0.03653439072481828,0.03659086577623087,0.01095047804983736,1.5330669269772303e-05,0.0365755351069611,1.1677006973693873,1.1225576011534402,1.099952273643292,21,0.7893314246119817
2025-03-10 00:00:00+00:00,0.017608420018939298,0.01752693429293207,0.0977495899158457,0.000136849425882184,0.017390084867049883,1.1882620617050756,1.142232594468888,1.1190805370316534,21,0.6657223247942231
2025-03-11 00:00:00+00:00,-0.01154499348101392,-0.011564715893419446,0.017231247190113444,2.4123746066158823e-05,-0.011588839639485605,1.1745435839489544,1.1290229990296519,1.1061116921443241,21,0.6465300733967487
2025-03-12 00:00:00+00:00,-0.003736711916864601,-0.0038060062971001013,0.008465438662214792,1.1851614127100709e-05,-0.003817857911227202,1.1701546529419355,1.1247259303857742,1.10188871486977,21,0.6430837506504935
2025-03-13 00:00:00+00:00,0.004260652831302916,0.004349331978890436,0.004950307110851499,6.930429955192099e-06,0.0043424015489352446,1.1751402756770548,1.1296177368422884,1.1066735581319749,21,0.6527342739849341
2025-03-14 00:00:00+00:00,-0.007061463949956241,-0.006979108398152158,0.004028782988904866,5.640296184466812e-06,-0.006984748694336625,1.1668420649842197,1.1217340122083908,1.0989437214417557,21,0.6621703651423196
2025-03-15 00:00:00+00:00,-0.0036984856977303766,-0.0037913746656174866,0.004507310661176548,6.310234925647167e-06,-0.003797684900543134,1.1625265162953655,1.1174810982929424,1.0947702794642897,21,0.6684024376048908
2025-03-16 00:00:00+00:00,0.0075719995957323925,0.007431684392214242,0.0043828347155787165,6.135968601810203e-06,0.007425548423612432,1.1713291666067822,1.1257858651297203,1.1028995491871836,21,0.6786297384828547
2025-03-17 00:00:00+00:00,-0.008126013452221715,-0.008297549004474913,0.003487828288182747,4.882959603455846e-06,-0.008302431964078368,1.161810930041956,1.1164446017452614,1.0937428007168444,21,0.6841801770742727
2025-03-18 00:00:00+00:00,0.0004270153595587711,0.00013248103948339252,0.0032551245011139263,4.557174301559497e-06,0.00012792386518183302,1.162307041153987,1.1165925094866263,1.093882716523427,21,0.6886211311053275
2025-03-19 00:00:00+00:00,0.0002525039800804502,-1.4654892623968168e-05,0.005619890583165227,7.867846816431318e-06,-2.2522739440399487e-05,1.1626005283079541,1.116576145943295,1.0938580792880246,21,0.7006497446149988
2025-03-20 00:00:00+00:00,-0.007581695881556215,-0.007894616859149804,0.009584401987190787,1.3418162782067102e-05,-0.00790803502193187,1.1537860446705865,1.1077612050770065,1.0852078112879917,21,0.7128989198581122
2025-03-21 00:00:00+00:00,-0.0031126580903446483,-0.0031312382065527868,0.007272126424437048,1.0180976994211868e-05,-0.0031414191835469987,1.1501947032041158,1.1042925408679323,1.0817987186514766,21,0.7187300392927457
2025-03-22 00:00:00+00:00,0.00036155692290016137,0.0001735713610393152,0.007523245390450961,1.0532543546631346e-05,0.00016303881749268385,1.1506105640617421,1.1044842144272362,1.0819750938353305,21,0.7305024378999253
2025-03-23 00:00:00+00:00,0.006564918898636968,0.0064917358761631,0.007773976243831429,1.0883566741364e-05,0.006480852309421736,1.1581642290987224,1.1116542342266893,1.08898721462095,21,0.743208013370254
2025-03-24 00:00:00+00:00,0.010215476175674544,0.01018286367753563,0.005493435572172835,7.69080980104197e-06,0.010175172867734589,1.169995428188599,1.1229740577503748,1.100067847780471,21,0.7502828982654237
2025-03-25 00:00:00+00:00,0.002747150196747187,0.0024354566143490017,0.009536322309928975,1.3350851233900565e-05,0.002422105763115101,1.1732095813593404,1.1257090123470652,1.1027323284543977,21,0.7503515307578459
2025-03-26 00:00:00+00:00,-0.005195130640383233,-0.005416417167219336,0.010698863398032159,1.4978408757245023e-05,-0.005431395575976581,1.1671146043156293,1.1196117027272952,1.0967429529641441,21,0.7627652746947964
2025-03-27 00:00:00+00:00,0.002716892700130738,0.00253903647655446,0.008813085336561586,1.233831947118622e-05,0.002526698157083274,1.1702855294643102,1.1224544376800971,1.0995140913621928,21,0.7724006718395081
2025-03-28 00:00:00+00:00,-0.014856845227078629,-0.01544837374785873,0.010878072126435372,1.522930097700952e-05,-0.015463603048835739,1.1528987784815692,1.1051143420118725,1.0825116419067664,21,0.7850480854132764
2025-03-29 00:00:00+00:00,0.007203547680504136,0.006823935108869218,0.011596463780234177,1.623504929232785e-05,0.00680770005957689,1.161203739803156,1.1126555705696424,1.0898810564758679,21,0.7702353039114136
2025-03-30 00:00:00+00:00,0.0035589333769008025,0.0035293809938645505,0.0071991468611225795,1.007880560557161e-05,0.003519302188258979,1.1653363865501236,1.1165825559931284,1.0937166772628653,21,0.7771009658879521
2025-03-31 00:00:00+00:00,0.005671743076067407,0.005643132183257869,0.005273718339524697,7.383205675334576e-06,0.005635748977582534,1.1719458751318286,1.1228835789501177,1.0998805899085142,21,0.7888883569457902
2025-04-01 00:00:00+00:00,-0.007322385249648535,-0.007277476378262834,0.006137207811026994,8.592090935437792e-06,-0.007286068469198272,1.1633644359423767,1.114711820228769,1.0918667846224985,21,0.7984623795676596
2025-04-02 00:00:00+00:00,0.010362560748599797,0.010438767148601456,0.004265237001829913,5.9713318025618775e-06,0.010432795816798894,1.17541987058259,1.1263480373579307,1.1032580078456098,21,0.8056047609485646
2025-04-03 00:00:00+00:00,-0.0035902731336952083,-0.0036772359962955192,0.010684126531872767,1.4957777144621873e-05,-0.0036921937734401412,1.1711997922004258,1.1222061898106013,1.0991845654985444,21,0.8053997504125034
2025-04-04 00:00:00+00:00,-0.0018530706101384507,-0.0017237852499174542,0.0052215263958544055,7.3101369541961674e-06,-0.0017310953868716504,1.169029476286899,1.1202717473332398,1.0972817721678894,21,0.817577082040087
2025-04-05 00:00:00+00:00,0.0005919011406288579,0.0008299074956181151,0.0069021696220566905,9.663037470879366e-06,0.0008202444581472357,1.1697214261673419,1.1212014692534809,1.0981818114605362,21,0.8314672483951803
2025-04-06 00:00:00+00:00,0.0378422481827973,0.03786976334095257,0.006921390835501421,9.68994716970199e-06,0.03786007339378287,1.213986314681102,1.1636611035516384,1.1397590554421495,21,0.8459079390119225
2025-04-07 00:00:00+00:00,-0.004070699334573799,-0.004244841465287411,0.09771707728491777,0.00013680390819888487,-0.004381645373486296,1.209044541397748,1.1587215466477403,1.1347650354499823,21,0.7138553811952765
2025-04-08 00:00:00+00:00,0.0074171059283711805,0.007366604173650132,0.006832231128382906,9.565123579736068e-06,0.007357039050070396,1.218012152833414,1.1672573896293739,1.1431135461284423,21,0.7230879611955385
2025-04-09 00:00:00+00:00,-0.028740660222577125,-0.02892522593290238,0.0052339244476545185,7.327494226716326e-06,-0.028932553427129096,1.183005679401859,1.1334942059124944,1.110040352381806,21,0.7309423936674448
2025-04-10 00:00:00+00:00,0.006073412229673278,0.005894751188972674,0.03801296354354629,5.3218148960964804e-05,0.005841533040011709,1.1901905605629113,1.1401758722304907,1.1165246897759906,21,0.6557655830727762
2025-04-11 00:00:00+00:00,-0.004647305210247271,-0.004757589350378228,0.0037493912231389807,5.249147712394573e-06,-0.004762838498090623,1.1846593817696203,1.1347513836432088,1.1112068629994567,21,0.6637328199690333
2025-04-12 00:00:00+00:00,-0.004307869037952442,-0.004338498293542529,0.00982500217460457,1.3755003044446398e-05,-0.004352253296586976,1.1795560242983751,1.1298282667016777,1.1063706092667773,21,0.6726050581492252
2025-04-13 00:00:00+00:00,0.0009257773031927293,0.0009027188439044067,0.0077488936873954875,1.0848451162353682e-05,0.000891870392742053,1.180648030493515,1.130848183968405,1.1073573484565824,21,0.6821996813527359
2025-04-14 00:00:00+00:00,0.0010541645114575237,0.0008018077988252248,0.005591670546527008,7.82833876513781e-06,0.000793979460060087,1.1818926277477835,1.1317549068615982,1.1082365674462034,21,0.6940364039664858
2025-04-15 00:00:00+00:00,0.00021497195859717906,0.0002266739220282463,0.009788497488993079,1.370389648459031e-05,0.000212970025543656,1.1821467015208218,1.1320114461851112,1.1084725886162807,21,0.7061033668901873
2025-04-16 00:00:00+00:00,-0.000812720750535558,-0.0008308204157772613,0.004407985474771878,6.1711796646806285e-06,-0.0008369915954419419,1.1811859463663188,1.131070947964727,1.107544806375831,21,0.7184454030811209
2025-04-17 00:00:00+00:00,0.0025027534689982815,0.0024629523465733182,0.004241408196015376,5.937971474421526e-06,0.002457014375098897,1.1841421635911191,1.1338567218101576,1.1102660598861624,21,0.7309154101564673
2025-04-18 00:00:00+00:00,3.410292560293173e-05,-5.340009071679166e-05,0.0033857615106068946,4.740066114849652e-06,-5.814015683164131e-05,1.1841825463032274,1.133796173758353,1.110201508843316,21,0.7429978652967458
2025-04-19 00:00:00+00:00,0.002392309132228641,0.002459709263628985,0.007039805767377297,9.855728074328215e-06,0.0024498535355546567,1.1870154770229744,1.1365849827100136,1.1129213399349338,21,0.7559848808439479
2025-04-20 00:00:00+00:00,0.0017330316757453662,0.0017338746677552446,0.0036586223452534823,5.122071283354875e-06,0.0017287525964718897,1.1890726124442552,1.1385556786192856,1.1148453055910155,21,0.7685304912891981
2025-04-21 00:00:00+00:00,-0.0013852754363476143,-0.0015160638118288914,0.003918486882176109,5.485881635046552e-06,-0.001521549693463938,1.1874254193622025,1.1368295555571786,1.1131490130580337,21,0.7816730734737404
2025-04-22 00:00:00+00:00,0.004290983326197886,0.00415673800614096,0.004975449507384582,6.965629310338415e-06,0.004149772376830622,1.1925206420377892,1.1415550581772673,1.1177683280837183,21,0.794947729413796
2025-04-23 00:00:00+00:00,0.0004616274072237073,0.0003320232070290448,0.007718733312089301,1.0806226636925021e-05,0.0003212169803921198,1.193071142249834,1.1419340809486835,1.1181273742508433,21,0.8068418893262512
2025-04-24 00:00:00+00:00,0.0011020901231662233,0.0010165825753071951,0.0034254685868531504,4.7956560215944106e-06,0.0010117869192856007,1.194386014171942,1.1430949512375255,1.1192586809022054,21,0.820947915900115
2025-04-25 00:00:00+00:00,0.001504821858448746,0.001488722288875292,0.003726602537424,5.2172435523936e-06,0.0014835050453228984,1.1961833523534935,1.1447967021697336,1.1209191068023452,21,0.8352395468049036
2025-04-26 00:00:00+00:00,0.0009348420147794791,0.0009802149319854834,0.0034581521185396355,4.84141296595549e-06,0.000975373519019528,1.1973015948086532,1.1459188489912882,1.1220124216160832,21,0.8496727522769578
2025-04-27 00:00:00+00:00,-0.002938444374961412,-0.0030926285753027543,0.003095618013584482,4.333865219018275e-06,-0.0030969624405217727,1.1937833906722555,1.1423749476139196,1.1185375912885391,21,0.8644831900641765
2025-04-28 00:00:00+00:00,0.012499476043848445,0.01336943473385943,0.005949927064703309,8.329897890584633e-06,0.013361104835968845,1.2087050575655074,1.1576478549176399,1.1334824893087172,21,0.8778663022177343
2025-04-29 00:00:00+00:00,-0.0028255277458610812,-0.00288890916570588,0.048426017818938336,6.779642494651367e-05,-0.0029567055906523933,1.2052898278887934,1.1543035154189085,1.1301311152956715,21,0.8700967261706976
2025-04-30 00:00:00+00:00,0.0002032016682181138,0.00012244912611593506,0.004519054320781823,6.3266760490945515e-06,0.00011612245006684051,1.2055347447925067,1.1544448588756442,1.1302623488896764,21,0.8834480886468434
2025-05-01 00:00:00+00:00,-0.00011442562930183337,-0.00022507409209078887,0.00483861978516225,6.77406769922715e-06,-0.000231848159790016,1.2053968007206886,1.1541850232471638,1.1300002996440064,21,0.8988537097178134
2025-05-02 00:00:00+00:00,0.004318304926806053,0.004126056371496451,0.005747080009098054,8.045912012737275e-06,0.004118010459483714,1.210602071663997,1.1589472557162186,1.1346536526971602,21,0.914459456804553
2025-05-03 00:00:00+00:00,-0.0026904601609797248,-0.003151844252820669,0.005999462396619956,8.399247355267938e-06,-0.0031602435001759368,1.2073449950193853,1.155294434468967,1.1310678708662731,21,0.9286432588549194
2025-05-04 00:00:00+00:00,0.002816837738711993,0.0025364564722005064,0.011302608764868806,1.582365227081633e-05,0.00252063281992969,1.2107458899650008,1.1582247885145731,1.1339188776631466,21,0.9426084635841707
2025-05-05 00:00:00+00:00,0.0011327238756257802,0.0006743070763513077,0.01076674496588726,1.5073442952242165e-05,0.0006592336333990656,1.21211733074188,1.159005787685474,1.1346663951248481,21,0.9585351492029399
2025-05-06 00:00:00+00:00,-0.00038932070667733267,-0.0005065022680709708,0.009356421495172376,1.3098990093241326e-05,-0.0005196012581642122,1.2116454283660998,1.158418748625304,1.1340768210383447,21,0.9752920035405883
2025-05-07 00:00:00+00:00,0.002686054121018412,0.002369413076863922,0.00632992010243837,8.861888143413718e-06,0.002360551188720508,1.2148999735621757,1.161163521156781,1.1367538674263473,21,0.9921073069714437
2025-05-08 00:00:00+00:00,0.016206078339308427,0.0156710274842906,0.0131593093442091,1.842303308189274e-05,0.01565260445120871,1.234588737708148,1.1793601466105845,1.1545470260715536,21,1.0089989628881209
2025-05-09 00:00:00+00:00,0.026150977648511462,0.025210465815756762,0.035484760685727444,4.967866496001842e-05,0.025160787150796744,1.2668744401930576,1.2090923652711767,1.1835963380501253,21,0.9923156673340076
2025-05-10 00:00:00+00:00,0.06948296923829861,0.06938485032661215,0.06250185584941106,8.750259818917548e-05,0.06929734772842297,1.3549006379497786,1.2929850580665667,1.2656164250580728,21,0.9287949988235101
2025-05-11 00:00:00+00:00,-0.017402228366252378,-0.017543513165293085,0.31329671803756515,0.0004386154052525912,-0.017982128570545677,1.3313223476345954,1.2703015576778487,1.2428579477816841,21,0.6050563706745961
2025-05-12 00:00:00+00:00,0.004630011031165503,0.004515472734170271,0.023935866362824382,3.3510212907954134e-05,0.004481962521262317,1.3374863847901808,1.2760375697257171,1.2484283905228948,21,0.5790581101120243
2025-05-13 00:00:00+00:00,0.0065822356149120905,0.006498671682206947,0.013544620281955154,1.8962468394737214e-05,0.00647970921381221,1.3462900353066067,1.2843301189455256,1.2565178434677509,21,0.5885793805449979
2025-05-14 00:00:00+00:00,-0.011781300270551038,-0.011904293767504704,0.008558615437719054,1.1982061612806675e-05,-0.011916275829117511,1.330428988149409,1.2690410759151438,1.2415448302607812,21,0.597038789585038
2025-05-15 00:00:00+00:00,-0.01552886125288531,-0.01573760965073216,0.008333527287257544,1.1666938202160561e-05,-0.01574927658893432,1.3097689409856201,1.2490694028316462,1.2219913973314427,21,0.5890310313150839
2025-05-16 00:00:00+00:00,-0.0033932101034177976,-0.0034679856915571764,0.012239188418922898,1.7134863786492056e-05,-0.0034851205553436686,1.305324619781925,1.2447376480148642,1.2177326099941497,21,0.5722311066414922
2025-05-17 00:00:00+00:00,-0.005195283748909122,-0.005503825950807428,0.005063306761380847,7.088629465933186e-06,-0.005510914580273361,1.2985430879977211,1.237886828645773,1.2110217895988586,21,0.5802897052693358
2025-05-18 00:00:00+00:00,0.002333872941126188,0.0022627453467116043,0.002990178520479971,4.186249928671959e-06,0.002258559096782932,1.3015737225736854,1.2406878513070467,1.2137569538781596,21,0.5865277920979817
2025-05-19 00:00:00+00:00,-0.003343731188387362,-0.0034504391736259587,0.003575328982389464,5.005460575345249e-06,-0.003455444634201304,1.2972216099235303,1.236406933342655,1.2095628839246568,21,0.5965742654166902
2025-05-20 00:00:00+00:00,0.0018771379527387775,0.001680794987386095,0.003017505694423356,4.224507972192698e-06,0.0016765704794139023,1.2996566738406305,1.2384850799185867,1.2115908013488397,21,0.6052373643751141
2025-05-21 00:00:00+00:00,0.002009435259233838,0.00204049321322214,0.0042886041347740475,6.004045788683667e-06,0.0020344891674334564,1.3022682497859446,1.2410122003188373,1.214055769709546,21,0.615725952467439
2025-05-22 00:00:00+00:00,-0.0021194432328174085,-0.002153334907248195,0.015083781859329883,2.1117294603061836e-05,-0.002174452201851257,1.2995081661566228,1.2383398854275698,1.2114158634679308,21,0.6263262683971546
2025-05-23 00:00:00+00:00,0.0008364330908093615,0.0006779899084041647,0.003822817889152043,5.35194504481286e-06,0.0006726379633593518,1.300595117788573,1.239179467373064,1.212230707767115,21,0.6363890215381595
2025-05-24 00:00:00+00:00,0.00037212434762053396,4.108929690203649e-05,0.005274118369558944,7.383765717382521e-06,3.370553118465397e-05,1.3010791008982985,1.2392303843861139,1.2122715666470387,21,0.6475134270432642
2025-05-25 00:00:00+00:00,-2.0731779582988965e-05,-0.0001460770938030201,0.005754679381806779,8.05655113452949e-06,-0.0001541336449375496,1.3010521272131588,1.2390493612130105,1.2120847148118172,21,0.658782186562647
2025-05-26 00:00:00+00:00,0.00029476844768447006,0.00019257659570103306,0.007043137232166007,9.86039212503241e-06,0.00018271620357600065,1.3014356363290538,1.2392879731208983,1.21230618232932,21,0.6702178454626733
2025-05-27 00:00:00+00:00,-0.0022282032105548216,-0.002339129969448026,0.010126151431655673,1.4176612004317942e-05,-0.0023533065814523436,1.298535773265855,1.2363891174821946,1.209453254211709,21,0.681905204881231
2025-05-28 00:00:00+00:00,0.001401171890447809,0.001400845156558171,0.009040430160259034,1.2656602224362647e-05,0.0013881885543338083,1.300355245090096,1.2381211071890408,1.2111322033762075,21,0.6928129725977784
2025-05-29 00:00:00+00:00,0.0033718080614440794,0.003294940710999832,0.007634060333986881,1.0687684467581634e-05,0.0032842530265322504,1.3047397933882317,1.2422006428302663,1.2151098679806764,21,0.7048536630178069
2025-05-30 00:00:00+00:00,0.016180179065827603,0.01579132277154594,0.010225207201329491,1.4315290081861288e-05,0.01577700748146408,1.3258507168795641,1.261816634128221,1.2342806654586083,21,0.7163801214535475
2025-05-31 00:00:00+00:00,-0.001123727785262621,-0.0013708695125926218,0.020709487373183982,2.8993282322457576e-05,-0.0013998627949150795,1.3243608215898963,1.2600868481740126,1.2325528418765497,21,0.7041352302312118
2025-06-01 00:00:00+00:00,-0.003907847620302661,-0.003957612113491724,0.0061300260084145505,8.58203641178037e-06,-0.003966194149903505,1.3191854213048242,1.2550999131996274,1.227664298005652,21,0.7156734336602878
2025-06-02 00:00:00+00:00,-0.0014416464564875444,-0.0014875331843637537,0.005447574296495953,7.626604015094334e-06,-0.0014951597883788481,1.3172836223167501,1.253232910429051,1.2258287437136455,21,0.7251758466191767
2025-06-03 00:00:00+00:00,0.0006354305633582086,0.0006310124531414916,0.006840221514497272,9.57631012029618e-06,0.0006214361430211954,1.3181206645909815,1.2540237160022183,1.2265905180001435,21,0.7371269794609883
2025-06-04 00:00:00+00:00,0.005179595236102509,0.005225955219800999,0.008150704327655328,1.1410986058717459e-05,0.005214544233742281,1.3249479961059052,1.2605771877866143,1.2329866285129443,21,0.7500011768817955
2025-06-05 00:00:00+00:00,0.019267740955576904,0.019048775517309154,0.005242533875006162,7.339547425008626e-06,0.019041435969884144,1.3504767508744844,1.2845896396590024,1.2564644644514966,21,0.7609074334467266
2025-06-06 00:00:00+00:00,-0.014179487387837846,-0.01450645250926426,0.022073145957345178,3.090240434028325e-05,-0.014537354913604543,1.3313276828178915,1.2659548010573962,1.2381987945954331,21,0.7375589095534337
2025-06-07 00:00:00+00:00,-0.011410890795834143,-0.011482057735276855,0.015123971468964218,2.1173560056549906e-05,-0.011503231295333404,1.3161360480157855,1.2514190349414043,1.2239555074715989,21,0.7212183305292615
2025-06-08 00:00:00+00:00,-0.0005728042600563856,-0.0008658097194923364,0.005408876642704105,7.572427299785747e-06,-0.0008733821467921222,1.3153821596806683,1.2503355441777944,1.2228865265829052,21,0.7161464267669772
2025-06-09 00:00:00+00:00,-0.006226701613613504,-0.006693316581765164,0.007241453920513487,1.0138035488718882e-05,-0.006703454617253883,1.3071916674644664,1.2419666525471786,1.2146889622499055,21,0.7283984245277203
2025-06-10 00:00:00+00:00,0.00039728833317122806,0.00020971655582022116,0.008378826070466309,1.1730356498652833e-05,0.00019798619932156832,1.3077109994631688,1.2422271135159944,1.2149294539008992,21,0.7349505139030282
2025-06-11 00:00:00+00:00,-0.0015032706761691067,-0.0015348499028154205,0.0025497479306198466,3.5696471028677853e-06,-0.0015384195499182883,1.3057451558647721,1.2403204813515396,1.2130603826772466,21,0.7477947157020108
2025-06-12 00:00:00+00:00,-0.004108919146193494,-0.004169828193123468,0.001552049783780516,2.1728696972927224e-06,-0.004172001062820761,1.30037995459379,1.2351485580398915,1.2079994934714513,21,0.7604305312149369
2025-06-13 00:00:00+00:00,6.090211733320924e-05,-8.690476518148998e-05,0.0018304360991099056,2.562610538753868e-06,-8.946737572024385e-05,1.3004591504863625,1.235041217744491,1.207891416926899,21,0.7712794841464433
2025-06-14 00:00:00+00:00,6.216282180544117e-05,7.15983865110651e-05,0.0004505487814283615,6.307682939997061e-07,7.096761821706539e-05,1.3005399906967994,1.2351296447029563,1.2079771381038233,21,0.7847541416023919
2025-06-15 00:00:00+00:00,-0.00023591770756055627,-0.00022583255578383858,0.0005552384632779017,7.773338485890624e-07,-0.00022660988963242763,1.3002331702836034,1.2348507122185688,1.2077033985378791,21,0.7984709891974436
2025-06-16 00:00:00+00:00,-0.000706134840767819,-0.0006949072530260824,0.00046287283729920525,6.480219722188874e-07,-0.0006955552749983013,1.2993150303409442,1.2339926055022437,1.2068633740683927,21,0.8124099846812092
2025-06-17 00:00:00+00:00,0.0001862372345803697,0.00019635481672085095,7.941076255588847e-05,1.1117506757824386e-07,0.00019624364165327272,1.2995570111790438,1.2342349058941318,1.207100213331898,21,0.826519372481617
2025-06-18 00:00:00+00:00,0.00019778186093682626,0.000153822007300326,0.0005785775859683887,8.100086203557441e-07,0.00015301199867997025,1.2998140399831084,1.2344247583848365,1.2072849141481468,21,0.8409662284431924
2025-06-19 00:00:00+00:00,0.0006595605543418995,0.0006753248965368214,0.001227329188077185,1.718260863308059e-06,0.0006736066356735134,1.3006713460518609,1.2352583961570751,1.2080981492774656,21,0.8556663137073139
2025-06-20 00:00:00+00:00,0.0030443718848867083,0.003069724285999776,0.027758913857863526,3.8862479401008937e-05,0.003030861806598767,1.304631073329259,1.2390502988552436,1.2117597278167334,22,0.8705816693869004
2025-06-21 00:00:00+00:00,0.0031626386152781723,0.0031313879023318527,0.0039116273635463675,5.476278308964915e-06,0.003125911624022888,1.3087571499404618,1.2429302459714595,1.2155475816354386,22,0.8846039594810089
2025-06-22 00:00:00+00:00,0.0019701099541020576,0.001996767658153998,0.004281954221476172,5.994735910066641e-06,0.0019907729222439314,1.3113355454290618,1.2454120888879567,1.2179674608466575,22,0.8988865857095383
2025-06-23 00:00:00+00:00,-0.007026790111100539,-0.007017697665596681,0.0005370502685604177,7.518703759845847e-07,-0.007018449535972665,1.3021210657861062,1.2366721633790618,1.2094192176862486,22,0.9142085340060562
2025-06-24 00:00:00+00:00,-0.001557722211256959,-0.0015925057412054951,0.007296598155899579,1.021523741825941e-05,-0.0016027209786237545,1.3000927228801857,1.2347027558588917,1.2074808561341122,22,0.9221647708540575
2025-06-25 00:00:00+00:00,0.0008908322719505723,0.0009115848218401685,0.0011245646169890794,1.5743904637847112e-06,0.0009100104313763838,1.3012508874342554,1.235828292150617,1.2085796763088814,22,0.9378267741031586
2025-06-26 00:00:00+00:00,0.004712242963597865,0.004479056118375668,0.001580720168559542,2.213008235983359e-06,0.004476843110139685,1.3073826977724432,1.2413636364238358,1.2139902979058197,22,0.9541221013367569
2025-06-27 00:00:00+00:00,-0.0077505994449063274,-0.008389462349350021,0.003549705086088102,4.969587120523343e-06,-0.008394431936470544,1.297249698160808,1.2309492629342058,1.2037995389785137,22,0.9679165669525598
2025-06-28 00:00:00+00:00,-0.014402548816553869,-0.014340063127385144,0.00933266633279535,1.306573286591349e-05,-0.014353128860251058,1.2785659960557871,1.213297372797121,1.1865212490736443,22,0.9733134128401467
2025-06-29 00:00:00+00:00,-0.015145079432180814,-0.015429040703129566,0.005326504989690627,7.457106985566878e-06,-0.015436497810115133,1.2592020124862369,1.194577358247234,1.168205516410664,22,0.9596411568469384
2025-06-30 00:00:00+00:00,0.008210021086670486,0.008033126056475898,0.010683770612434803,1.4957278857408725e-05,0.00801816877761849,1.2695400875611267,1.204173548750246,1.1775723854081894,22,0.94367115060775
2025-07-01 00:00:00+00:00,0.013089189678783749,0.013105906938892069,0.009826517658614562,1.3757124722060386e-05,0.013092149814170008,1.286157338572034,1.2199553352184422,1.192989339494983,22,0.9480590313313846
2025-07-02 00:00:00+00:00,-0.03589208828026835,-0.036981796387137215,0.01882646157506777,2.6357046205094877e-05,-0.03700815343334231,1.2399944658336914,1.1748391954099922,1.148839006974611,22,0.9368906873576425
2025-07-03 00:00:00+00:00,0.0021105220566504782,0.0011842741216392665,0.020966889695680762,2.9353645573953065e-05,0.0011549204760653135,1.2426115015039578,1.1762305270662037,1.1501658246674684,22,0.7977716633435981
2025-07-04 00:00:00+00:00,-0.019007882112738825,-0.0191327136726866,0.011158125796921787,1.56213761156905e-05,-0.01914833504880229,1.2189920885714371,1.1537260451787728,1.1281420640950537,22,0.8109621548794421
2025-07-05 00:00:00+00:00,0.0036694451412126695,0.003724758600415827,0.021769055793706398,3.0476678111188957e-05,0.0036942819223046383,1.2234651131680223,1.1580233961880761,1.1323097389282315,22,0.7860349978661977
2025-07-06 00:00:00+00:00,0.008992164411508123,0.008970236631907798,0.007567468039801666,1.0594455255722332e-05,0.008959642176652075,1.2344667126173734,1.1684111400771686,1.1424548290221668,22,0.7960309383637167
2025-07-07 00:00:00+00:00,-0.0058789312897213715,-0.006080667049129321,0.006346643600865613,8.885301041211858e-06,-0.006089552350170533,1.2272093676344475,1.1613064209578656,1.1354977905331312,22,0.7960821751184551
2025-07-08 00:00:00+00:00,0.009593885505366644,0.009564157830392843,0.007607606302496482,1.0650648823495075e-05,0.009553507181569347,1.2389830737986458,1.1724133388573554,1.1463457768296454,22,0.8069750759955077
2025-07-09 00:00:00+00:00,0.018373313553292518,0.018173816523765617,0.006968646147241523,9.756104606138133e-06,0.018164060419159477,1.2617472983007703,1.1937205637677646,1.1671680707812275,22,0.8059166537594915
2025-07-10 00:00:00+00:00,0.03487291568534351,0.034767944339014194,0.02376096419739275,3.326534987634985e-05,0.034734678989137846,1.305748105450623,1.2352237738851788,1.2077092790461847,22,0.7760344524835995
2025-07-11 00:00:00+00:00,0.00708724236983429,0.006937157069853708,0.0948037277393345,0.0001327252188350683,0.00680443185101864,1.3150022587479036,1.2437927152210377,1.2159270545312972,22,0.669691990248291
2025-07-12 00:00:00+00:00,-0.0027172449387796393,-0.0028531724504710925,0.011034042751742818,1.5447659852439944e-05,-0.0028686201103235325,1.3114290755158369,1.2402439601118724,1.2124390217299823,22,0.6772812911070394
2025-07-13 00:00:00+00:00,0.0134895704691701,0.013395395513079915,0.0069216588772790175,9.690322428190625e-06,0.013385705190651723,1.3291196904453264,1.2568575184902795,1.228668373036502,22,0.6875486818744104
2025-07-14 00:00:00+00:00,0.006718356855855883,0.006585089414984426,0.011786403056279737,1.6500964278791633e-05,0.0065685884507056345,1.338049190829883,1.2651340376314333,1.2367389899213768,22,0.68273464914851
2025-07-15 00:00:00+00:00,0.006614712561751041,0.006486067702692867,0.010095867161242921,1.413421402574009e-05,0.006471933488667128,1.3469000016207062,1.273339782652492,1.2447430824069894,22,0.6915653490800181
2025-07-16 00:00:00+00:00,0.010258271738195044,0.010118010615828532,0.009325911863169011,1.3056276608436616e-05,0.010104954339220096,1.3607168678415067,1.2862234480909267,1.2573211544187721,22,0.7008510994161228
2025-07-17 00:00:00+00:00,0.016722676314054292,0.016613344127455455,0.016658785696762803,2.3322299975467922e-05,0.016590021827479987,1.383471695577494,1.3075919208588636,1.2781801398147319,22,0.7051419876324483
2025-07-18 00:00:00+00:00,0.0003247390632947512,3.2588614710708795e-05,0.019278691668884275,2.6990168336437984e-05,5.598446374270811e-06,1.3839209628800107,1.3076345334681714,1.2781872956377014,22,0.6942364002208747
2025-07-19 00:00:00+00:00,0.008778003761738927,0.008684591812468716,0.012254788753147186,1.715670425440606e-05,0.00866743510821431,1.3960690262981206,1.3189908056312305,1.289265901078785,22,0.705741966700578
2025-07-20 00:00:00+00:00,0.012631544820453717,0.01260720226365872,0.017355239936694335,2.4297335911372067e-05,0.012582904927747347,1.4137035347762525,1.3356195895017295,1.305488611338646,22,0.7135861745357964
2025-07-21 00:00:00+00:00,0.008162977175657294,0.00811199327589203,0.01354145223319425,1.895803312647195e-05,0.008093035242765558,1.425243564463777,1.3464541266309171,1.3160539766792385,22,0.7148472695724706
2025-07-22 00:00:00+00:00,0.006495161333184002,0.006307254826523876,0.014494018447663447,2.0291625826728825e-05,0.006286963200697148,1.4345007513540518,1.354946555919803,1.3243279596007522,22,0.7243030931889942
2025-07-23 00:00:00+00:00,-0.035658041153722245,-0.036245565828082846,0.012763520504006448,1.7868928705609027e-05,-0.036263434756788455,1.3833492645272234,1.3058357513336778,1.2763032790411795,22,0.7358211141030917
2025-07-24 00:00:00+00:00,-0.0017208844657636297,-0.001900484782538705,0.03456595041871713,4.839233058620398e-05,-0.001948877113124909,1.3809686802671728,1.3033540303597733,1.2738159207912498,22,0.6122253039196244
2025-07-25 00:00:00+00:00,-0.0015098921438765431,-0.0016041171304092448,0.004907467366152994,6.870454312614191e-06,-0.001610987584721859,1.3788835665058978,1.3012632978326852,1.2717638191576341,22,0.6216885411946705
2025-07-26 00:00:00+00:00,0.00036731027114742356,0.0002919492120393996,0.0037974004680813127,5.316360655313837e-06,0.0002866328513840858,1.379390044602592,1.3016432006271434,1.2721283484474066,22,0.6315608211600489
2025-07-27 00:00:00+00:00,0.007788254498140887,0.0077254376050557025,0.004806638756198765,6.729294258678271e-06,0.007718708310797024,1.390133085322159,1.3116989639576335,1.2819475361029682,22,0.6424598059659473
2025-07-28 00:00:00+00:00,-0.004193492846022419,-0.00440828668872444,0.02480724251992579,3.473013952789611e-05,-0.004443016828252337,1.3843035721738415,1.3059166188752056,1.2762518216271261,22,0.649659715512108
2025-07-29 00:00:00+00:00,-0.0017439642576518423,-0.0018898615992443907,0.006056180953130983,8.478653334383377e-06,-0.0018983402525787742,1.3818893962222305,1.3034486172053783,1.2738290614217045,22,0.6571677319006096
2025-07-30 00:00:00+00:00,-0.00041615238151369497,-0.0006506352936665311,0.0067016695687820965,9.382337396294935e-06,-0.0006600176310628261,1.381314319659004,1.3026005475315436,1.272988311782206,22,0.6674467588395047
2025-07-31 00:00:00+00:00,0.002628846685060068,0.0026343450749394784,0.007414384409376626,1.0380138173127276e-05,0.002623964936766351,1.3849455832292659,1.306032046868547,1.276328588477236,22,0.678661958568116
2025-08-01 00:00:00+00:00,0.004020820613871433,0.003932455029706764,0.004567042504888364,6.393859506843709e-06,0.00392606117019992,1.3905142009794043,1.3111679591602134,1.2813395325888726,22,0.6903457254860286
2025-08-02 00:00:00+00:00,0.002905076418284847,0.0029220201278125565,0.0029765696367194568,4.167197491407239e-06,0.0029178529303211494,1.3945537509939596,1.3149992183278225,1.2850782928987732,22,0.70171325922108
2025-08-03 00:00:00+00:00,-0.006284362997505361,-0.006287792956896178,0.0026748788695549718,3.7448304173769604e-06,-0.006291537787313555,1.385789869003181,1.3067307755044968,1.276993174259344,22,0.7137608253082867
2025-08-04 00:00:00+00:00,-0.0025837780367830555,-0.0028799575928095274,0.003151578080371545,4.412209312520163e-06,-0.0028843698021220475,1.382209295576054,1.3029674462858247,1.2733098537099945,22,0.7191842376947294
2025-08-05 00:00:00+00:00,0.004338179040707349,0.004318359555868771,0.013246874674717246,1.8545624544604143e-05,0.004299813931324167,1.388205566971993,1.308594128208479,1.278784849157869,22,0.7296961066778084
2025-08-06 00:00:00+00:00,-0.0036610572002637063,-0.003963913240871408,0.004268675273718867,5.976145383206413e-06,-0.003969889386254615,1.3831232669855842,1.3034069746167467,1.273708214757894,22,0.7413269563577387
2025-08-07 00:00:00+00:00,-0.015102333165415921,-0.015237081131068015,0.00908976164074049,1.2725666297036687e-05,-0.015249806797365052,1.3622348785987295,1.2835468567977113,1.2542844105666193,22,0.750942105720449
2025-08-08 00:00:00+00:00,-0.000147837323844584,-0.0005179406740703176,0.0027405151510550355,3.83672121147705e-06,-0.0005217773952817947,1.3620334894398296,1.2828820556735008,1.2536299533139312,22,0.7334377156321096
2025-08-09 00:00:00+00:00,2.8255810208420836e-06,-5.009046247468641e-06,0.00232855309763675,3.2599743366914497e-06,-8.26902058416009e-06,1.3620373379758073,1.282875629657954,1.2536195870220423,22,0.746108485994257
2025-08-10 00:00:00+00:00,0.0015492083344886948,0.0015245193148246798,0.002437708782985451,3.4127922961796313e-06,0.0015211065225285002,1.3641474175716843,1.2848313983338855,1.255526475952631,22,0.7591092898627951
2025-08-11 00:00:00+00:00,-0.0002602355003779642,-0.0003385250880363414,0.003449976160007827,4.829966624010958e-06,-0.00034335505466035236,1.3637924179858831,1.2843964506716528,1.2550953845908528,22,0.7722668912968926
2025-08-12 00:00:00+00:00,-0.003113625775624085,-0.0034626763036078308,0.014108161278670116,1.975142579013816e-05,-0.003482427729397969,1.3595460787606415,1.279949001517474,1.2507246056205141,22,0.7856536302001418
2025-08-13 00:00:00+00:00,0.009317856171150865,0.008877933821374593,0.012107961654195438,1.6951146315873613e-05,0.008860982675058719,1.3722141335805853,1.2913123040476806,1.2618072546821872,22,0.797318379100455
2025-08-14 00:00:00+00:00,-0.0204317343931048,-0.02081201300416004,0.024469023055520997,3.42566322777294e-05,-0.02084626963643777,1.3441774188728024,1.2644374955834083,1.235503280421869,22,0.8023103700446667
2025-08-15 00:00:00+00:00,-0.0009362156272318192,-0.0011542098165604774,0.012905941965437366,1.806831875161231e-05,-0.0011722781353120898,1.3429189789674816,1.2629780694135788,1.2340549269401242,22,0.76221074994226
2025-08-16 00:00:00+00:00,-0.0018895565242602447,-0.0018373910645124053,0.004214238648093893,5.89993410733145e-06,-0.0018432909986197366,1.3403814576492206,1.2606574847941632,1.2317802046014932,22,0.7753664612123025
2025-08-17 00:00:00+00:00,0.004759391100644821,0.0046542703547884845,0.005352792980754015,7.49391017305562e-06,0.004646776444615429,1.3467608572302254,1.266524925553183,1.2375040118411789,22,0.7885103794251906
2025-08-18 00:00:00+00:00,-0.006084163498688642,-0.006418863417181534,0.014362260018569654,2.0107164025997516e-05,-0.006438970581207531,1.3385669439812027,1.258395275041601,1.2295357599148071,22,0.7994540335945785
2025-08-19 00:00:00+00:00,-0.0018848681505758036,-0.0019060584664701017,0.0033811960387098473,4.733674454193786e-06,-0.0019107921409242954,1.336043921781079,1.255996700073442,1.2271863726477765,22,0.8080586770144832
2025-08-20 00:00:00+00:00,-0.00173031040001547,-0.002007213371504005,0.006079789743403018,8.511705640764225e-06,-0.002015725077144769,1.3337321510883435,1.2534756467024897,1.2247127023021,22,0.8217821362682032
2025-08-21 00:00:00+00:00,-0.0009788476451166358,-0.001062007565901708,0.005644377625356321,7.90212867549885e-06,-0.001069909694577207,1.3324266305130343,1.2521444460820181,1.2234023703088353,22,0.8357209550533885
2025-08-22 00:00:00+00:00,-3.572367914478705e-05,-0.0002691575247994415,0.0051749151843803395,7.244881258132475e-06,-0.000276402406057574,1.332379031331602,1.2518074219822195,1.2230642189501053,22,0.8502465069529422
2025-08-23 00:00:00+00:00,-0.0036895450910876962,-0.0043230205869661175,0.01633707920951656,2.2871910893323187e-05,-0.004345892497859441,1.3274631588170844,1.2463958327260733,1.2177489133365698,22,0.8651083676562907
2025-08-24 00:00:00+00:00,-0.006031510531352105,-0.006181502210985696,0.005898858233959772,8.25840152754368e-06,-0.00618976061251324,1.3194565507946974,1.2386912341303138,1.2102113390768683,22,0.8780013344224604
2025-08-25 00:00:00+00:00,-0.0246719166555489,-0.025558581603333207,0.005682062852546289,7.954887993564804e-06,-0.025566536491326772,1.2869030287428727,1.2070320431414605,1.179270426714142,22,0.8887547931002271
2025-08-26 00:00:00+00:00,-0.020604446375566538,-0.021411484730404495,0.017745004884510862,2.4843006838315205e-05,-0.02143632773724281,1.260387104296586,1.1811876949806281,1.1539911993562595,22,0.8268484110860642
2025-08-27 00:00:00+00:00,0.004965386960339111,0.004846645797435366,0.031080679930457822,4.351295190264095e-05,0.004803132845532725,1.26664541398924,1.1869124933584885,1.1595339723893432,22,0.7926135361820814
2025-08-28 00:00:00+00:00,-0.00787073988299678,-0.007784985133877888,0.013160227666015108,1.842431873242115e-05,-0.007803409452610309,1.25667597741174,1.1776723972424787,1.1504856540285775,22,0.8005572569009605
2025-08-29 00:00:00+00:00,0.020997855298950655,0.021075179321852218,0.012129016043801361,1.6980622461321907e-05,0.021058198699390896,1.2830634777430991,1.2024920541967596,1.1747128095319102,22,0.8099494499331463
2025-08-30 00:00:00+00:00,-0.004141125466890521,-0.004069758893934185,0.047587071830250724,6.662190056235101e-05,-0.004136380794496536,1.2777501508997802,1.1975982014643072,1.1698537500275132,22,0.7623487982629659
2025-08-31 00:00:00+00:00,0.007605570725137623,0.007708221324694501,0.013169334281318393,1.843706799384575e-05,0.007689784256700655,1.2874681700415038,1.20682955345925,1.1788496729771172,22,0.7746325375508979
2025-09-01 00:00:00+00:00,0.00010567426166408628,3.412736397761272e-06,0.004301253717493528,6.021755204490939e-06,-2.609018806729667e-06,1.287604222289789,1.206833672050393,1.17884659733615,22,0.7783083929964096
2025-09-02 00:00:00+00:00,-0.013383547117021074,-0.013360917081804816,0.01277610200246218,1.788654280344705e-05,-0.013378803624608263,1.2703715105126983,1.1907092674265976,1.163075040206852,22,0.791794179443598
2025-09-03 00:00:00+00:00,-0.0030932192865404575,-0.003230850784478405,0.008175192825537216,1.1445269955752103e-05,-0.0032422960544341572,1.266441972855309,1.1868622634558466,1.1593040065929785,22,0.7867089923257764
2025-09-04 00:00:00+00:00,0.010872044188130372,0.010888720217091802,0.010117971245454407,1.416515974363617e-05,0.010874555057348165,1.2802107859458949,1.1997856745788416,1.171910921840878,22,0.8000213055925075
2025-09-05 00:00:00+00:00,-0.004597038469997707,-0.004667442958360362,0.007167171834774475,1.0034040568684265e-05,-0.004677476998929047,1.2743256077131957,1.1941857433804868,1.1664293354591737,22,0.7950705288324997
2025-09-06 00:00:00+00:00,0.004274352482702471,0.00419718982012296,0.008919698967459498,1.2487578554443297e-05,0.004184702241568516,1.2797725245382958,1.1991979676259392,1.1713104949139008,22,0.8072791468716326
2025-09-07 00:00:00+00:00,-0.00940401067200306,-0.00957760767680769,0.01984668306610109,2.7785356292541527e-05,-0.009605393033100231,1.2677375300598015,1.1877125199651928,1.1600595972464576,22,0.8176732375996155
2025-09-08 00:00:00+00:00,-0.00416617563615268,-0.004609221458452251,0.00495101419542357,6.931419873592997e-06,-0.0046161528783258444,1.26245591284903,1.1822380899316969,1.1547045847975987,22,0.822450501780793
2025-09-09 00:00:00+00:00,-0.0021344059363695455,-0.0022202684281532052,0.0032834209140650238,4.5967892796910336e-06,-0.0022248652174328963,1.25976131945424,1.1796132040260614,1.1521355227304722,22,0.8353808327969142
2025-09-10 00:00:00+00:00,0.002388952326555139,0.002390345618266216,0.0032144219155729563,4.500190681802139e-06,0.0023858454275844138,1.2627708291892545,1.182432887279554,1.1548843399993363,22,0.8499000914066578
2025-09-11 00:00:00+00:00,0.0010464310950968948,0.0009820818967947174,0.005453352799247638,7.634693918946694e-06,0.0009744472028757707,1.2640922318508994,1.1835941332123259,1.1560097138140937,22,0.8627075175572263
2025-09-12 00:00:00+00:00,0.0029905596018479316,0.0028925481200035236,0.00139334363787752,1.950681093028528e-06,0.002890597438910495,1.2678725750124826,1.1870177361971963,1.1593512725322002,22,0.8770170301446839
2025-09-13 00:00:00+00:00,0.00033533762772498246,0.00030521910319938954,0.003216560256267792,4.503184358774909e-06,0.0003007159188406146,1.268297740394045,1.1873800366861202,1.1596999079153787,22,0.8898574493327432
2025-09-14 00:00:00+00:00,-0.0019437384788611731,-0.0019813042633490966,0.003056217652339776,4.278704713275686e-06,-0.001985582968062372,1.2658325012733884,1.1850274755572185,1.1573972275301583,22,0.9050918841186129
2025-09-15 00:00:00+00:00,-0.002047751027953495,-0.0021410746244392652,0.0025900853227592245,3.6261194518629142e-06,-0.002144700743891128,1.2632403914676889,1.1824902433000397,1.1549149568352968,22,0.9208140863087401
2025-09-16 00:00:00+00:00,0.001808830828450784,0.0017810473357590146,0.00244279165710376,3.419908319945264e-06,0.0017776274274390693,1.2655253796315198,1.1845963143974303,1.1569679653389267,22,0.9367804825857119
2025-09-17 00:00:00+00:00,0.0020280068831200143,0.0019999741884466557,0.0012303520857200913,1.7224929200081277e-06,0.0019982516955266475,1.2680918738121756,1.1869654764499542,1.159279878537335,22,0.9517635264879898
2025-09-18 00:00:00+00:00,0.009014459272176487,0.008354591139767378,0.002136296750584632,2.9908154508184847e-06,0.008351600324316559,1.2795230363620336,1.1968820877027126,1.168961720746901,22,0.9668593675748679
2025-09-19 00:00:00+00:00,-0.018492203407303634,-0.018842656466282776,0.016097322972720974,2.2536252161809363e-05,-0.018865192718444584,1.2558618361092961,1.174329649693483,1.1469090326045261,22,0.9701844464594157
2025-09-20 00:00:00+00:00,-0.0010093328107604097,-0.0012804242213213166,0.027480792776134525,3.8473109886588336e-05,-0.001318897331207905,1.2545942535523291,1.1728260095661995,1.1453963773422857,22,0.9397666837137434
2025-09-21 00:00:00+00:00,-0.005211259044163739,-0.005347691433056469,0.011768697386621521,1.647617634127013e-05,-0.005364167609397739,1.2480562379017486,1.1665540979623765,1.1392522791950248,22,0.9561930346607387
2025-09-22 00:00:00+00:00,-0.0025593363815519456,-0.0032359555741420317,0.007638499569381653,1.0693899397134314e-05,-0.003246649473539166,1.2448620421658638,1.1627791807265369,1.135553526382548,22,0.9704684636046759
2025-09-23 00:00:00+00:00,-0.0048365317359365285,-0.004996529706672875,0.008612580965328569,1.2057613351459996e-05,-0.005008587320024335,1.238841227392066,1.156969320007736,1.1298660073890996,22,0.9869710704718734
2025-09-24 00:00:00+00:00,0.002343862492561132,0.0021958588271523147,0.0021343739953270935,2.9881235934579307e-06,0.002192870703558857,1.2417449008791885,1.1595098613018193,1.13234365745565,22,1.0023987357785185
2025-09-25 00:00:00+00:00,-0.0039674669405016785,-0.004062736110678262,0.006417851926410881,8.984992696975232e-06,-0.004071721103375237,1.236818319036414,1.1547990787176208,1.1277330698893147,22,1.0174241352486235
2025-09-26 00:00:00+00:00,-0.0013825573096694502,-0.0014496619199772561,0.003986046847295074,5.580465586213104e-06,-0.0014552423855634692,1.2351083468286972,1.1531250104679789,1.1260919449264102,22,1.0342448795692638
2025-09-27 00:00:00+00:00,-0.0005770953114748968,-0.0005718292018048447,0.0014447958034056532,2.0227141247679147e-06,-0.0005738519159296127,1.234395571592579,1.1524656199136618,1.1254457349063012,22,1.0523085407058448
2025-09-28 00:00:00+00:00,0.0004868660394636678,0.0004987416075133566,0.002593717975990825,3.6312051663871554e-06,0.0004951104023469694,1.2349965568756518,1.1530404024695413,1.1260029547969304,22,1.0704610071230631
2025-09-29 00:00:00+00:00,0.0037797319853918303,0.003740146619038112,0.006049785412083005,8.469699576916207e-06,0.003731676919461196,1.2396645128635235,1.157352942632452,1.1302048340345914,22,1.0882980421118738
2025-09-30 00:00:00+00:00,0.0006183562438213486,0.0005788065251474938,0.00937176203203232,1.3120466844845249e-05,0.0005656860583026485,1.2404310671552965,1.1580228260675465,1.130844175152231,22,1.1021616980825013
2025-10-01 00:00:00+00:00,0.0018198232360410623,0.0014193142247017386,0.0008145095475150799,1.1403133665211117e-06,0.0014181739113352176,1.242688432434013,1.1596664243371133,1.1324479088592172,22,1.1206313739058043
2025-10-02 00:00:00+00:00,0.00424511267451201,0.0037440685812805984,0.012709506801383295,1.7793309521936612e-05,0.003726275271758662,1.2479637848490082,1.16400829496124,1.136667721498554,22,1.1386933001418167
2025-10-03 00:00:00+00:00,-0.0012288507840729594,-0.0012667200778330783,0.0034599384285428497,4.84391379995999e-06,-0.0012715639916330383,1.2464302235735019,1.1625338222832484,1.135222375753445,22,1.1537485544652004
2025-10-04 00:00:00+00:00,-0.0010864300697650674,-0.0010937989024133391,0.002779256315103954,3.890958841145536e-06,-0.0010976898612544846,1.2450760642987477,1.1612622440644167,1.1339762536613112,22,1.173915719291485
2025-10-05 00:00:00+00:00,0.001263820182478393,0.001237869154440914,0.0031453581344238948,4.403501388193453e-06,0.0012334656530527206,1.2466496165575291,1.162699734776561,1.13537497442158,22,1.194428928447563
2025-10-06 00:00:00+00:00,0.004258597157887632,0.004233973265870093,0.0026403768987658463,3.696527658272185e-06,0.0042302767382118205,1.2519585950714829,1.1676225743698392,1.1401779247650234,22,1.2140758984198436
2025-10-07 00:00:00+00:00,-0.01905575729906453,-0.019524282817562175,0.0035537830267960875,4.975296237514523e-06,-0.01952925811379969,1.2281015759353229,1.1448255810036725,1.1179110957766307,22,1.2295086022378918
2025-10-08 00:00:00+00:00,0.006811476600663596,0.006715270088636764,0.029138465130009776,4.079385118201369e-05,0.006674476237454751,1.2364667610830442,1.1525133939844927,1.1253725668209786,22,1.1885276068465052
2025-10-09 00:00:00+00:00,-0.005197546592967402,-0.005960223340430104,0.005022324935514606,7.031254909720448e-06,-0.005967254595339824,1.2300401674816595,1.145644156753508,1.1186571822001468,22,1.1962026459696409
2025-10-10 00:00:00+00:00,9.381929199949796e-06,-0.0011401808026906945,0.013319421597875417,1.8647190237025585e-05,-0.0011588279929277202,1.230051707631424,1.144337915279263,1.1173608509429236,22,1.2130468357833075
2025-10-11 00:00:00+00:00,-0.0014350168524396303,-0.001982250101090298,0.042232465936839714,5.91254523115756e-05,-0.0020413755534018736,1.2282865627016006,1.1420695513310193,1.1150798978174803,22,1.234220650674368
2025-10-12 00:00:00+00:00,-0.0311259467274779,-0.03155158558701225,0.0045472788637996205,6.366190409319468e-06,-0.03155795177742157,1.1900549805848737,1.106035446135878,1.079890260174184,22,1.2557564206022562
2025-10-13 00:00:00+00:00,7.12711698322915e-05,-2.135408202261541e-05,0.019656692364322995,2.7519369310052193e-05,-4.88734513326676e-05,1.1901397971955048,1.1060118277642412,1.0798374822101087,22,1.1275771573476934
2025-10-14 00:00:00+00:00,0.001357099130891653,0.0013248447478837416,0.005912835896910915,8.277970255675281e-06,0.0013165667776280665,1.1917549348799183,1.107477121725352,1.081259160364424,22,1.1463115270543283
2025-10-15 00:00:00+00:00,0.009389620867247369,0.009033434025569814,0.002819001598704598,3.946602238186437e-06,0.009029487423331628,1.2029450618851116,1.1174814432392859,1.0910223763542966,22,1.1639326542696793
2025-10-16 00:00:00+00:00,0.012321988159482124,0.012304889927703943,0.03100974483081759,4.341364276314463e-05,0.012261476284940799,1.2177677366941673,1.131231929394597,1.1043999213483047,22,1.1612881470265137
2025-10-17 00:00:00+00:00,0.0073912082292929655,0.007368852774703557,0.021086082503208623,2.9520515504492072e-05,0.007339332259199065,1.2267685116109888,1.1395678109363496,1.112505479318113,22,1.1459669368696344
2025-10-18 00:00:00+00:00,-0.007027121549581265,-0.007037290309490302,0.006942762383890751,9.719867337447052e-06,-0.007047010176827749,1.2181478601666995,1.1315483414234402,1.1046656418835816,22,1.1523087261058937
2025-10-19 00:00:00+00:00,-0.006695770712641586,-0.006655624882663548,0.010562628813526816,1.4787680338937543e-05,-0.0066704125630024855,1.2099914214009282,1.1240171801263257,1.0972970663080441,22,1.1658231067756302
2025-10-20 00:00:00+00:00,-0.005241660795206001,-0.00541064932560421,0.006613555671335616,9.258977939869862e-06,-0.00541990830354408,1.2036490568048352,1.1179355173287076,1.0913498168269067,22,1.180761864815184
2025-10-21 00:00:00+00:00,0.0070504149756529496,0.007099425787946219,0.004373694530882887,6.123172343236042e-06,0.007093302615602983,1.2121352821403626,1.125872217569692,1.0990910913371428,22,1.1984388879826613
2025-10-22 00:00:00+00:00,0.00884827462451486,0.00826316949128603,0.015063475441597099,2.108886561823594e-05,0.008242080625667794,1.2228605879988044,1.1351754905290004,1.1081498887268968,22,1.2050056198521863
2025-10-23 00:00:00+00:00,-0.024401572373845215,-0.02481664319864425,0.006623786055943135,9.27330047832039e-06,-0.02482591649912257,1.1930208668576285,1.107004245412696,1.0806390521208509,22,1.208625853322687
2025-10-24 00:00:00+00:00,-0.01409730778057997,-0.014296954580946084,0.051666122436581224,7.233257141121371e-05,-0.014369287152357297,1.1762024845088823,1.0911774559951162,1.065111039272875,22,1.1323576824116302
2025-10-25 00:00:00+00:00,0.0044378232562078046,0.00422242587309541,0.010126858309413317,1.4177601633178643e-05,0.0042082482714622315,1.1814222632486453,1.0957848719174483,1.0695932909628105,22,1.1242687415985617
2025-10-26 00:00:00+00:00,-0.013734047288848203,-0.014733251927344199,0.026085512393735032,3.6519717351229044e-05,-0.014769771644695428,1.1651965540170903,1.079640397341316,1.0537956423025916,22,1.1367314595782176
2025-10-27 00:00:00+00:00,-0.0019640083293121125,-0.002083480118666216,0.012060321372984288,1.6884449922178e-05,-0.002100364568588394,1.162908098279715,1.0773909880381465,1.0515822872729663,22,1.1276749127620849
2025-10-28 00:00:00+00:00,-0.0009195186683267504,-0.0009613436377591223,0.002196825385827557,3.0755555401585797e-06,-0.0009644191932992809,1.1618387825737986,1.0763552450664169,1.0505681211317868,22,1.1473749116520342
2025-10-29 00:00:00+00:00,-0.0012424306304830452,-0.001319868844878269,0.0043372650569926535,6.072171079789715e-06,-0.0013259410159580586,1.160395278482646,1.0749345973124325,1.0491751297699201,22,1.1670663434271782
2025-10-30 00:00:00+00:00,-0.0029446930687697134,-0.0030179536031694413,0.0018857056259736459,2.639987876363104e-06,-0.0030205935910458045,1.156978270549065,1.071690494571302,1.0460059980970524,22,1.1872638327757379
2025-10-31 00:00:00+00:00,-0.00264193470851136,-0.002693907677699009,0.0018158039851381286,2.54212557919338e-06,-0.0026964498032782023,1.153921609499108,1.0688034593198592,1.0431854954292559,22,1.2079349360963625
2025-11-01 00:00:00+00:00,-0.0004029929426154563,-0.00041484087109019816,0.0009206062509596359,1.2888487513434903e-06,-0.0004161297198415416,1.1534565872341485,1.0683600759617706,1.0427513949413,22,1.2290354240909451
2025-11-02 00:00:00+00:00,-0.006483325593548051,-0.006880526156062373,0.0020660221680328036,2.892431035245925e-06,-0.0068834185870976184,1.1459783526210867,1.0610091965150228,1.035573700607639,22,1.2496770561166828
2025-11-03 00:00:00+00:00,-0.0010495619856397778,-0.0012782002665709408,0.014210562113444687,1.9894786958822563e-05,-0.0012980950535297635,1.1447755773058095,1.059653014277203,1.034229427509315,22,1.2675897014358937
2025-11-04 00:00:00+00:00,0.0031875427967502884,0.0028358954620365416,0.015821297149427753,2.2149816009198855e-05,0.0028137456460273426,1.1484245984511463,1.0626580794517249,1.0371394860579626,22,1.2893703242992747
2025-11-05 00:00:00+00:00,-0.004218318228683922,-0.004404171526891883,0.010730119412234514,1.502216717712832e-05,-0.004419193694069011,1.1435801780332309,1.057977950995382,1.0325561657813054,22,1.30574113352661
2025-11-06 00:00:00+00:00,0.00627925695065098,0.00612660055059041,0.007541178684319208,1.055765015804689e-05,0.006116042900432364,1.1507610118147726,1.0644597592924627,1.0388713235883298,22,1.3277877908378015
2025-11-07 00:00:00+00:00,-0.01385846122272607,-0.014168840274398211,0.006653051830817346,9.314272563144283e-06,-0.014178154546961355,1.1348132349559126,1.0493775989845233,1.024142045408088,22,1.335055096028053
2025-11-08 00:00:00+00:00,0.005272655534075313,0.005078933106738465,0.0011040895183957386,1.545725325754034e-06,0.005077387381412711,1.140796714239345,1.0547073176134756,1.0293420113062173,22,1.32912256466891
2025-11-09 00:00:00+00:00,0.010295985444421814,0.009737735173160691,0.00393307957906143,5.506311410686002e-06,0.009732228861750005,1.1525423406041975,1.0649777781575902,1.0393598033372635,22,1.339607666819975
2025-11-10 00:00:00+00:00,0.012683824384282548,0.012586393089558941,0.03501463728961352,4.902049220545893e-05,0.012537372597353482,1.167160985247871,1.0783820071051267,1.0523906444544149,22,1.3320855397380194
2025-11-11 00:00:00+00:00,0.0006811473016172521,0.0005626969921205804,0.04023461791469928,5.6328465080578995e-05,0.0005063685270400014,1.1679559938035255,1.0789888094168818,1.0529235419549179,22,1.3118060555189999
2025-11-12 00:00:00+00:00,0.0005263849085524168,0.0004875273714650125,0.005869944361040899,8.217922105457259e-06,0.00047930944935955524,1.1685707882125171,1.079514845994977,1.0534282181580301,22,1.3338360917264662
2025-11-13 00:00:00+00:00,-0.0014249603491440065,-0.001505094958290262,0.0035635118266461006,4.988916557304541e-06,-0.0015100838748475665,1.1669056211741464,1.0778900736428705,1.0518374531924803,22,1.3563404528038912
2025-11-14 00:00:00+00:00,0.006500373020866017,0.006517780047056001,0.0029318077118225226,4.104530796551532e-06,0.00651367551625945,1.1744909429919237,1.0849155240577797,1.058688781058425,22,1.3800470592833938
2025-11-15 00:00:00+00:00,-0.0014853194052773468,-0.0014418116868452542,0.018538033254909537,2.595324655687335e-05,-0.0014677649334021276,1.1727464488029753,1.0833512801759535,1.057134874790201,22,1.390307865721244
2025-11-16 00:00:00+00:00,0.0014779672297964013,0.001335629950371542,0.006003640197420328,8.40509627638846e-06,0.0013272248540951534,1.1744797296231662,1.0847982365925297,1.0585379304701534,22,1.4145946229510675
2025-11-17 00:00:00+00:00,0.0005561169658929198,0.000495891749475995,0.0050905813970521345,7.126813955872989e-06,0.000488764935520122,1.175132877726907,1.085336179087902,1.0590553066934851,22,1.4378494138048028
2025-11-18 00:00:00+00:00,-0.007477798096846333,-0.007599128534235604,0.004817777912837922,6.744889077973091e-06,-0.007605873423313577,1.1663454713302992,1.077088569960157,1.051000266082486,22,1.4623630800240874
2025-11-19 00:00:00+00:00,-0.006534565000522492,-0.006800311816671964,0.0028732220855327353,4.02251091974583e-06,-0.00680433432759171,1.1587239110348262,1.0697640318302546,1.0438489088936729,22,1.4780944390333388
2025-11-20 00:00:00+00:00,0.012060115905988515,0.011879082639737146,0.00502672512468463,7.037415174558482e-06,0.011872045224562587,1.1726982557049466,1.0824718471693846,1.0562415303476689,22,1.4968870614588412
2025-11-21 00:00:00+00:00,0.018781933152616673,0.01865075285159811,0.013458257948541396,1.8841561127957953e-05,0.018631911290470152,1.1947237959517871,1.1026607620597535,1.0759213288424172,22,1.4814184387402205
2025-11-22 00:00:00+00:00,0.004545939479321314,0.004474624013850736,0.05133667847185766,7.187134986060073e-05,0.004402752663990135,1.2001549380226888,1.107594754384797,1.080658344339222,22,1.422314980303779
2025-11-23 00:00:00+00:00,-0.008813354751031644,-0.008894781680245495,0.00921094379373092,1.2895321311223289e-05,-0.008907677001556718,1.1895775467976926,1.097742940854359,1.071032188858811,22,1.44179489599941
2025-11-24 00:00:00+00:00,-0.0049413510568852605,-0.004959789298974174,0.004045092377510207,5.66312932851429e-06,-0.004965452428302688,1.1836994265295768,1.092298367163285,1.0657140294758516,22,1.4498641792338984
2025-11-25 00:00:00+00:00,-0.0035526667776557648,-0.0038503135966478238,0.006029175355932269,8.440845498305177e-06,-0.003858754442146129,1.179494136902215,1.0880926759086,1.0616017007305543,22,1.4706372138331378
2025-11-26 00:00:00+00:00,-0.0007628955517989474,-0.0007798003140957874,0.007123651698176142,9.973112377446598e-06,-0.000789773426473234,1.1785943060717992,1.0872441808981612,1.0607632759178185,22,1.493977145800692
2025-11-27 00:00:00+00:00,-0.000311767683971603,-0.0003827764937192665,0.009104841687684771,1.274677836275868e-05,-0.0003955232720820252,1.1782268584546531,1.0868280093827802,1.060343719356023,22,1.5200912584112851
2025-11-28 00:00:00+00:00,-4.694269018562265e-05,-0.00010638256127093194,0.004242549337188272,5.939569072063581e-06,-0.00011232213034299552,1.1781715493162683,1.0867123898354811,1.060224619290569,22,1.5466156495479513
2025-11-29 00:00:00+00:00,-0.0009890622064313676,-0.0009622359187864904,0.005927022149522922,8.29783100933209e-06,-0.0009705337497958225,1.177006264364147,1.085666716140591,1.0591956355151833,22,1.5735242757869112
2025-11-30 00:00:00+00:00,5.583440652180663e-05,0.00010029935743468463,0.004248733772228008,5.948227281119212e-06,9.435113015356542e-05,1.1770719818103903,1.0857756078146081,1.059295571820448,22,1.6010228806346392
2025-12-01 00:00:00+00:00,0.0010628889650452882,0.0007762215209453253,0.007039571524067388,9.855400133694343e-06,0.000766366120811631,1.1783230786309205,1.0866184102083112,1.060107380058617,22,1.6287871171637955
2025-12-02 00:00:00+00:00,-0.019968177569267494,-0.020854356120232526,0.007168613540460878,1.003605895664523e-05,-0.020864392179189173,1.1547941141628524,1.0639576829150261,1.0379888839290212,22,1.6565999677779648
2025-12-03 00:00:00+00:00,0.02582893409546617,0.024476681473637782,0.0030257944562077713,4.2361122386908796e-06,0.02447244536139909,1.184621215231397,1.089999836221167,1.063391010176714,22,1.587305902275744
2025-12-04 00:00:00+00:00,-0.013613929147546354,-0.013885325778319869,0.1188576023133286,0.00016640064323866004,-0.01405172642155853,1.1684938659405566,1.0748648333969206,1.048448530622566,22,1.4672258193115215
2025-12-05 00:00:00+00:00,-0.021159156769359734,-0.02193546074391095,0.02691926058588301,3.7686964820236215e-05,-0.021973147708731187,1.143769521047085,1.0512871780389321,1.0254108161941942,22,1.452119456732696
2025-12-06 00:00:00+00:00,-0.001315374327720786,-0.0021950852593952174,0.08542899129164519,0.00011960058780830326,-0.002314685847203521,1.1422650359822701,1.0489795130510275,1.02303731229038,22,1.383978843919768
2025-12-07 00:00:00+00:00,0.0006696074186115631,0.0003811629539724604,0.02222368574911184,3.1113160048756575e-05,0.0003500497939237038,1.1430299051243846,1.0493793451808786,1.0233954262907234,22,1.4080799295721866
2025-12-08 00:00:00+00:00,-0.011795824864318134,-0.011712671108202913,0.02811558727672095,3.9361822187409326e-05,-0.011752032930390323,1.1295469245488592,1.0370883100430337,1.011368449540144,22,1.4317978995218126
2025-12-09 00:00:00+00:00,-0.012031253241202404,-0.01233947951587305,0.02540946864066849,3.557325609693589e-05,-0.012375052771969985,1.1159570594517905,1.0242911800851064,0.9988527116051793,22,1.4336645302946445
2025-12-10 00:00:00+00:00,-0.0039098372629185925,-0.004345788838843131,0.048521309165677595,6.792983283194863e-05,-0.00441371867167508,1.1115938489569288,1.019839826906967,0.9944440567417142,22,1.4342747045206696
2025-12-11 00:00:00+00:00,-0.0022794733151159413,-0.0026781172080453195,0.02158501043741842,3.0219014612385788e-05,-0.002708336222657705,1.1090600004409845,1.0171085763170775,0.9917507678814339,22,1.458351401777995
2025-12-12 00:00:00+00:00,0.008970386135933565,0.008775183893526677,0.02213237093691568,3.098531931168195e-05,0.008744198574214995,1.1190086968928588,1.0260338911139428,1.0004228335319194,22,1.4838220104377164
2025-12-13 00:00:00+00:00,-0.002874928649469336,-0.002879457541513527,0.023320138516473975,3.2648193923063564e-05,-0.0029121057354365904,1.115791626731156,1.0230794700883263,0.9975094964605294,22,1.4806361344949082
2025-12-14 00:00:00+00:00,0.012071462300146133,0.011888521184902405,0.01449246315915892,2.0289448422822487e-05,0.011868231736479582,1.1292608632880599,1.0352423720423103,1.009348170323862,22,1.5063514261465505
2025-12-15 00:00:00+00:00,0.013476519709272161,0.013244876969443087,0.024695017446992016,3.457302442578882e-05,0.013210303945017298,1.144479369569071,1.0489540298935651,1.0226819664401874,22,1.487282980495258
2025-12-16 00:00:00+00:00,-0.004377145840878257,-0.004521505116809689,0.019960693683678452,2.794497115714983e-05,-0.004549450087966839,1.1394698164565906,1.0442111788801032,1.018029325878004,22,1.4630660438858791
2025-12-17 00:00:00+00:00,0.0216205496942794,0.021665553576154118,0.00781225888253503,1.0937162435549043e-05,0.021654616413718568,1.1641057802484218,1.066834592120949,1.0400743604278087,22,1.4858723341409117
2025-12-18 00:00:00+00:00,0.014489202063478288,0.014435067286074544,0.052781134019248444,7.389358762694783e-05,0.014361173698447596,1.1809727441217044,1.0822344212413266,1.0550110489772142,22,1.4002625812193068
2025-12-19 00:00:00+00:00,-0.025259426891970964,-0.025346545866437847,0.020182973043563257,2.825616226098856e-05,-0.025374802028698837,1.1511420494301519,1.0548035168450955,1.0282403524713275,22,1.3774834705710626
2025-12-20 00:00:00+00:00,0.0035631059990131764,0.003481453975382588,0.06050848284067173,8.471187597694042e-05,0.0033967420994056472,1.1552436905721928,1.0584757667420635,1.0317330197648746,22,1.277002199015467
2025-12-21 00:00:00+00:00,0.0016207560953992964,0.0015697165252332754,0.011104367976664128,1.554611516732978e-05,0.0015541704100659455,1.1571160588253593,1.0601372736446775,1.033336508695281,22,1.2957056271577794
2025-12-22 00:00:00+00:00,-0.002733490647243343,-0.002889453554140534,0.006771341812893107,9.47987853805035e-06,-0.002898933432678584,1.153953092900785,1.057074056231468,1.030340934943017,22,1.3173838801741942
2025-12-23 00:00:00+00:00,0.002972001617099901,0.0028311202800454715,0.007828180562868582,1.0959452788016014e-05,0.0028201608272574556,1.1573826433589438,1.0600667600295748,1.0332466620864633,22,1.3392265055785615
2025-12-24 00:00:00+00:00,4.251912875742444e-05,-0.00035414491073551134,0.00488665931760391,6.841323044645474e-06,-0.0003609862337801568,1.1574318542605784,1.0596913427814705,1.0328736742653508,22,1.360084554498509
2025-12-25 00:00:00+00:00,0.009403922456642403,0.009448822472493918,0.009644904685060553,1.3502866559084774e-05,0.009435319605934833,1.1683162536668927,1.0697041781550514,1.0426191674946008,22,1.3838534503603552
2025-12-26 00:00:00+00:00,-0.006935322979004043,-0.007017184839571318,0.009458461474371311,1.3241846064119835e-05,-0.0070304266856354375,1.1602136031060928,1.0621978662132756,1.0352891098764918,22,1.3864701843791822
2025-12-27 00:00:00+00:00,-0.006555867261266533,-0.006794816259356977,0.006000069533038846,8.400097346254385e-06,-0.006803216356703232,1.1526073967294135,1.0549804268812755,1.0282458140702633,22,1.4003583330561842
2025-12-28 00:00:00+00:00,-0.002000477055365529,-0.002526833248805375,0.007921251005702373,1.1089751407983322e-05,-0.0025379230002133585,1.1503016320784116,1.052314667261793,1.0256362053688612,22,1.4157285541589777
2025-12-29 00:00:00+00:00,-0.003654286871195345,-0.004041089270990235,0.01183912671295204,1.6574777398132854e-05,-0.004057664048388368,1.1460980999263928,1.0480621697502157,1.0214745182116105,22,1.439657132298328
2025-12-30 00:00:00+00:00,-0.007063190945455502,-0.007703552271977293,0.012961337592916702,1.8145872630083383e-05,-0.007721698144607376,1.1380029902043889,1.039988368041263,1.0135870003195722,22,1.4622542636807279
2025-12-31 00:00:00+00:00,0.005184030692404374,0.005091873385547129,0.01847793759613024,2.5869112634582334e-05,0.0050660042729125465,1.1439024326336564,1.0452838571337708,1.0187218363941597,22,1.476832551070117
2026-01-01 00:00:00+00:00,-0.012666388526843809,-0.01279329962226098,0.016057957502682685,2.248114050375576e-05,-0.012815780762764736,1.1294133199851168,1.0319112275591458,1.0056661206806912,22,1.4936793210912498
2026-01-02 00:00:00+00:00,0.010078551711546539,0.008874975100515804,0.02755494330881218,3.857692063233705e-05,0.008836398179883468,1.1407961705342962,1.041069414009676,1.0145525869590446,22,1.4867729410134123
2026-01-03 00:00:00+00:00,0.009059121465395547,0.008612302590009273,0.04482703365316226,6.275784711442717e-05,0.008549544742894846,1.1511307816104244,1.050035418820331,1.0232265496952708,22,1.488684257742176
2026-01-04 00:00:00+00:00,0.01742302042952156,0.01731537094062522,0.03299811443045062,4.619736020263087e-05,0.01726917358042259,1.171186956735474,1.0682171715979998,1.0408968265940555,22,1.4933369629097872
2026-01-05 00:00:00+00:00,0.014836853400380235,0.014827608630469684,0.052518633343875756,7.352608668142606e-05,0.014754082543788257,1.1885636859169957,1.0840562777508023,1.0562543042931913,22,1.4476496758695343
2026-01-06 00:00:00+00:00,-0.003266386044668984,-0.0033634008642680507,0.03872123505599249,5.420972907838948e-05,-0.0034176105933464403,1.184681378080116,1.0804101619293,1.0526444383935711,22,1.4242637237985123
2026-01-07 00:00:00+00:00,-0.013650995995961307,-0.013737462593315977,0.008921409451930255,1.2489973232702356e-05,-0.013749952566548679,1.1685092973314544,1.0655680677443577,1.0381706272962183,22,1.4457555957251382
2026-01-08 00:00:00+00:00,-0.00947589031187813,-0.009840364213604376,0.02052447472054121,2.8734264608757695e-05,-0.009869098478213134,1.1574366314015316,1.0550824898633666,1.0279248191382437,22,1.4267950325789764
2026-01-09 00:00:00+00:00,0.0010466357297648683,0.0010362506401043609,0.005169340227771012,7.237076318879416e-06,0.0010290135637854815,1.1586480459348953,1.0561758197688502,1.0289825677196887,22,1.4304642529676537
2026-01-10 00:00:00+00:00,0.0017311723405465506,0.0016511741435176115,0.005547019020610951,7.765826628855331e-06,0.0016434083168887562,1.1606538653844463,1.0579197499734612,1.0306736062294128,22,1.4549664882283508
2026-01-11 00:00:00+00:00,-0.003629846522879822,-0.0040392794079962555,0.005319378234174069,7.447129527843696e-06,-0.0040467265375240995,1.1564408699869135,1.0536465165120807,1.0265027519955585,22,1.4794176110519792
2026-01-12 00:00:00+00:00,-0.003216051372829882,-0.003474340378410084,0.0036865701776085252,5.161198248651935e-06,-0.003479501576658736,1.1527216967393956,1.0499857898751916,1.0229310340515454,22,1.5020173391104346
2026-01-13 00:00:00+00:00,0.012113484760053942,0.012018364556834896,0.005800804524674519,8.121126334544326e-06,0.012010243430500351,1.1666851734454318,1.0626049018774077,1.035216684783118,22,1.5260894048304006
2026-01-14 00:00:00+00:00,0.002976763936607659,0.0023037321517893274,0.03703886347848935,5.185440886988509e-05,0.0022518777429194423,1.170158119795119,1.0650528589545116,1.03754786619468,22,1.5152095596389215
2026-01-15 00:00:00+00:00,-0.009315446490998922,-0.009539023910251467,0.013945766939131216,1.9524073714783702e-05,-0.009558547983966251,1.1592575744441596,1.0548932942672629,1.0276304151299964,22,1.5402320059768997
2026-01-16 00:00:00+00:00,-0.0005190165286440672,-0.0013472556970367665,0.014798784077478887,2.0718297708470442e-05,-0.001367973994745237,1.1586559006020671,1.0534720832667954,1.0262246434458895,22,1.5453710435210264
2026-01-17 00:00:00+00:00,0.0029936609097958354,0.0030148852663169617,0.018615072653446876,2.6061101714825625e-05,0.002988824164602136,1.1621245234796038,1.0566481807291128,1.0292918484585307,22,1.5721553788970768
2026-01-18 00:00:00+00:00,0.015369738242314903,0.015174041404718883,0.03121025479560602,4.369435671384843e-05,0.015130347048005035,1.1799860732104601,1.0726818039737172,1.044865391339391,22,1.5966440039541223
2026-01-19 00:00:00+00:00,0.004142500733386303,0.0033803774361933804,0.05108863035416368,7.152408249582915e-05,0.0033088533536975513,1.1848741663841202,1.076307873340085,1.048322697693687,22,1.5662012034679815
2026-01-20 00:00:00+00:00,0.030963777160480863,0.03093437157071143,0.0400020574250095,5.60028803950133e-05,0.03087836869031642,1.2215623460352487,1.1096027810184694,1.0806931924594998,22,1.5910460486744409
2026-01-21 00:00:00+00:00,-0.014336454101424981,-0.014554205762207315,0.10035227772104109,0.00014049318880945751,-0.014694698951016773,1.2040494735292853,1.093453393829209,1.0648127313378941,22,1.4217706628465758
2026-01-22 00:00:00+00:00,0.0017608294320982706,0.001777396984635393,0.021404070949320494,2.9965699329048692e-05,0.0017474312853063443,1.2061695992799781,1.0953968945942403,1.0666734184176263,22,1.392860678855554
2026-01-23 00:00:00+00:00,0.0008126710861411678,0.0008392657387933274,0.012891998789630751,1.8048798305483053e-05,0.0008212169404878443,1.2071498184382954,1.0963162236782538,1.0675493886987988,22,1.4169311257472093
2026-01-24 00:00:00+00:00,0.0006760342858808334,0.0005676833153641311,0.01659477067264943,2.3232678941709203e-05,0.000544450636422422,1.2079658931037547,1.096938584106799,1.0681306166428883,22,1.4416952321007765
2026-01-25 00:00:00+00:00,0.021618467208144455,0.021627177463981115,0.011744165756177316,1.6441832058648243e-05,0.021610735631922468,1.2340802641523752,1.120662269532365,1.09121370501952,22,1.4668892288550428
2026-01-26 00:00:00+00:00,-0.01654153861793504,-0.016710774669969668,0.045148643126250325,6.320810037675046e-05,-0.01677398277034642,1.2136666778052672,1.1019351348650728,1.0729097051327567,22,1.3991171338859643
2026-01-27 00:00:00+00:00,0.0007818905101303538,0.0006390002302444774,0.022991512709288862,3.2188117793004406e-05,0.000606812112451473,1.2146156322631045,1.102639271669966,1.073560759737398,22,1.3551205804861555
2026-01-28 00:00:00+00:00,0.001384254225065623,0.000505848588273151,0.021963849674731972,3.074938954462476e-05,0.0004750991987285263,1.2162969690838956,1.1031970401889148,1.0740708075941356,22,1.3788052426207047
2026-01-29 00:00:00+00:00,-0.0009705194919126933,-0.0017822514787681292,0.018166937743639838,2.5433712841095774e-05,-0.0018076851916092249,1.2151165291674453,1.1012308656326655,1.072129225700508,22,1.4028926834213213
2026-01-30 00:00:00+00:00,0.02158093001540949,0.020437507277655507,0.024723077129747403,3.4612307981646364e-05,0.02040289496967386,1.2413398739439752,1.123737279463412,1.0940037656863932,22,1.4259597505651613
2026-01-31 00:00:00+00:00,0.07975438328444452,0.07973341185505835,0.053525958374388324,7.493634172414365e-05,0.0796584755133342,1.340342170036767,1.213336686783751,1.1811504378668183,22,1.3688581348323892
2026-02-01 00:00:00+00:00,0.013031193777166898,0.01283581497388151,0.5080306008964166,0.0007112428412549833,0.012124572132626526,1.3578084285822247,1.2289108519963294,1.195471381550218,22,0.8114877587365614
2026-02-02 00:00:00+00:00,-0.010349566276028375,-0.010577014437754908,0.00784929739590454,1.0989016354266356e-05,-0.010588003454109174,1.343755700260463,1.2159126441720505,1.1828137264330756,22,0.811692314010989
2026-02-03 00:00:00+00:00,0.013535139900727166,0.013481242701656388,0.011173894115549227,1.5643451761768916e-05,0.013465599249894619,1.3619436216558878,1.2323046576321466,1.198741022060498,22,0.8037335383740405
2026-02-04 00:00:00+00:00,0.012042825348976997,0.012081610157788665,0.008551174244435654,1.1971643942209916e-05,0.012069638513846456,1.3783452708266428,1.2471928821012854,1.2132093928684868,22,0.8019081619959103
2026-02-05 00:00:00+00:00,0.07395205315589107,0.07402024646787163,0.011735874516291305,1.6430224322807827e-05,0.07400381624354882,1.4802767335619857,1.3395104066273977,1.3029915178432738,22,0.8046016432123309
2026-02-06 00:00:00+00:00,-0.026511727591863033,-0.02675660093474825,0.28063865064829085,0.0003928941109076072,-0.027149495045655857,1.4410320400412175,1.303669661229326,1.2676159560850562,22,0.5079306721384979
2026-02-07 00:00:00+00:00,0.0006056219993090106,0.0005937600636801065,0.03812786407862319,5.3379009710072466e-05,0.000540381053970034,1.4419047607463755,1.3044437282103951,1.2683009517314348,22,0.4554750676114295
2026-02-08 00:00:00+00:00,0.0023420227853723744,0.0022651494920646396,0.005666019442666943,7.932427219733719e-06,0.002257217064844906,1.4452817345503803,1.307398488258778,1.271163782283042,22,0.46326637874215587
2026-02-09 00:00:00+00:00,0.0001767886252613088,0.00016675152928971267,0.005418057166136723,7.5852800325914116e-06,0.00015916624925712126,1.4455372439213467,1.3076164989560863,1.2713661086544594,22,0.4713621404150059
2026-02-10 00:00:00+00:00,0.0045734837434934445,0.004567786928772285,0.005212619466740646,7.297667253436905e-06,0.004560489261518847,1.4521483850070354,1.313589412507865,1.2771641601404369,22,0.47930511433156653
2026-02-11 00:00:00+00:00,0.0028043375350624944,0.0027653866068734463,0.004979148552611378,6.970807973655929e-06,0.0027584157988997902,1.4562206992295912,1.3172219950761452,1.2806871099375567,22,0.487218615002905
2026-02-12 00:00:00+00:00,-0.002167032330260414,-0.002180633242825306,0.005391714060717114,7.54839968500396e-06,-0.0021881816425103097,1.4530650218943664,1.3143496170055013,1.2778847339137918,22,0.4957127107008667
2026-02-13 00:00:00+00:00,-0.0072121577744238856,-0.00730247677350052,0.0038186947481399346,5.3461726473959084e-06,-0.007307822946147916,1.4425852876999676,1.3047516094550593,1.2685461785327643,22,0.5027914882617265
2026-02-14 00:00:00+00:00,0.0036153091441095443,0.0033800143809503106,0.00135350720214698,1.894910083005772e-06,0.003378119470867305,1.4478006794817473,1.3091616886585855,1.27283147907816,22,0.5044752581399901
2026-02-15 00:00:00+00:00,-0.002344012429375184,-0.002376286762224343,0.005973466430986649,8.362853003381309e-06,-0.0023846496152277246,1.4444070166937841,1.3060507450682148,1.2697962219813266,22,0.5131036185558576
2026-02-16 00:00:00+00:00,0.0020473605360104793,0.002121359617615073,0.0016457704947543967,2.3040786926561552e-06,0.002119055538922417,1.4473642386176997,1.3088213483773585,1.2724869906988188,22,0.520544151103577
2026-02-17 00:00:00+00:00,-0.0008869567390328611,-0.0008759372736285306,0.0028927623156576356,4.04986724192069e-06,-0.0008799871408704512,1.4460804891524226,1.307674902973794,1.2713672185100788,22,0.5296352197244023
2026-02-18 00:00:00+00:00,-0.0016889036474153876,-0.0017296150820322563,0.0017592708920596348,2.4629792488834885e-06,-0.0017320780612811398,1.4436381985398368,1.3054131287392154,1.2691651112430655,22,0.5382576753935723
2026-02-19 00:00:00+00:00,-0.0008736135647422549,-0.0008758929589844801,0.0019628053656037432,2.7479275118452406e-06,-0.0008786408864963253,1.4423770166270122,1.304269726571187,1.2680499708846127,22,0.5465948791515213
2026-02-20 00:00:00+00:00,1.1175148004760597e-05,-5.8985273764500895e-05,0.002038876944831878,2.854427722764629e-06,-6.183970148726552e-05,1.4423931354036517,1.3041927938643023,1.2679715550529422,22,0.5555671767522146
2026-02-21 00:00:00+00:00,0.0010723212838004816,0.0009270151571964154,0.002559816769687258,3.583743477562161e-06,0.0009234314137188532,1.4439398442623526,1.305401800352121,1.26914243981858,22,0.5650212774505691
2026-02-22 00:00:00+00:00,-0.0026960599589719004,-0.002715459172344688,0.0044832677746336445,6.2765748844871025e-06,-0.002721735747229175,1.4400468958650727,1.3018570350597596,1.2656881694718,22,0.5748557239093407
2026-02-23 00:00:00+00:00,0.0019604133619658365,0.0015677973890991573,0.006834798912890747,9.568718478047045e-06,0.0015582286706211103,1.4428699830415839,1.3038980831203064,1.267660401065537,22,0.5831803411789637
2026-02-24 00:00:00+00:00,-0.00038834698888176795,-0.000541679864181815,0.003192245770661942,4.4691440789267186e-06,-0.0005461490082607417,1.4423096488283218,1.303191787783735,1.2669680695946837,22,0.5933735037381034
2026-02-25 00:00:00+00:00,-0.009966438478056677,-0.01021557585570373,0.003931390350759472,5.50394649106326e-06,-0.010221079802194792,1.4279349584469667,1.2898789332211,1.2540182878485238,22,0.6033426278493979
2026-02-26 00:00:00+00:00,-0.009004149611939523,-0.00969800951182296,0.0013657206032528773,1.912008844554028e-06,-0.009699921520667513,1.4150776184449916,1.2773696750576218,1.2418544088709111,22,0.6010505849005817
2026-02-27 00:00:00+00:00,-0.012889419784490111,-0.01303198038872456,0.007539513681322149,1.0555319153851008e-05,-0.013042535707878411,1.3968380889932175,1.2607230185031193,1.225657478399226,22,0.6006499684090182
2026-02-28 00:00:00+00:00,-0.0112976030205664,-0.011834975676146229,0.01142715631139321,1.5998018835950494e-05,-0.011850973694982178,1.3810571667797655,1.2458023922447772,1.2111322438636585,22,0.5937033473454805
2026-03-01 00:00:00+00:00,0.002027923814172281,0.001953045126365819,0.003263690426088005,4.569166596523207e-06,0.0019484759597692956,1.3838578454970114,1.2482355005353658,1.2134921059249282,22,0.5906407144697501
2026-03-02 00:00:00+00:00,-0.0013794893212528813,-0.0014872939285324688,0.004453501037718435,6.234901452805809e-06,-0.0014935288299852746,1.3819488283770163,1.2463790074540408,1.2116797204797698,22,0.6005321950581083
2026-03-03 00:00:00+00:00,-0.0020415554166380847,-0.0022801773672199888,0.004867557012271397,6.814579817179956e-06,-0.0022869919470371687,1.3791275032609265,1.243537042250266,1.2089086187166442,22,0.6108463371882695
2026-03-04 00:00:00+00:00,0.003855539446285428,0.003616601426528246,0.006067340850373647,8.494277190523107e-06,0.003608107149337723,1.384444783751206,1.248034420091209,1.2132704905467318,22,0.621082585431173
2026-03-05 00:00:00+00:00,-0.0033523305103028305,-0.003472703797107015,0.016072126260916402,2.2500976765282963e-05,-0.003495204773872298,1.3798036672628071,1.243700366221638,1.2090298617361743,22,0.6304601764148348
2026-03-06 00:00:00+00:00,-0.006696077511887069,-0.006767706097818144,0.004619125911534384,6.466776276148138e-06,-0.006774172874094293,1.3705643949556294,1.2352833676693011,1.200839684442831,22,0.6403342405525448
2026-03-07 00:00:00+00:00,-0.00016065544749919444,-0.00021292355580458802,0.009080360109985978,1.271250415398037e-05,-0.0002256360599585684,1.3703442063194313,1.2350203467422307,1.2005687317077913,22,0.6471605859052456
2026-03-08 00:00:00+00:00,-0.0019011745842459748,-0.0021643819269299065,0.0074984636497055605,1.0497849109587785e-05,-0.002174879776039494,1.367738942742708,1.2323472910243511,1.1979576390534548,22,0.6584667633859628
2026-03-09 00:00:00+00:00,0.0012690759563390708,0.0012070939153240624,0.004829077510190061,6.760708514266086e-06,0.0012003332068097963,1.3694747073494913,1.2338348499409129,1.199395587387962,22,0.6696662020595141
2026-03-10 00:00:00+00:00,-0.005139867591612598,-0.005416316161358122,0.009801966530641967,1.3722753142898753e-05,-0.005430038914501021,1.3624357886836524,1.2271520103027311,1.1928828226745647,22,0.6810507844471355
2026-03-11 00:00:00+00:00,0.0032122264202418408,0.0028660768918779235,0.006585076349079361,9.219106888711106e-06,0.0028568577849892125,1.3668122409199452,1.2306691223222814,1.1962907192531025,22,0.6902877170172822
2026-03-12 00:00:00+00:00,0.005205152112046776,0.005237220834723686,0.009607406351229662,1.3450368891721526e-05,0.005223770465831964,1.3739267065425411,1.237114408290359,1.2025398673808858,22,0.7009879137463788
2026-03-13 00:00:00+00:00,0.003946858033330506,0.0038295305747945156,0.010023166915709585,1.4032433681993419e-05,0.0038154981411125223,1.3793494002014661,1.2418519757414257,1.2071281560094913,22,0.70951313271166
2026-03-14 00:00:00+00:00,0.003852664919554669,0.0038637208098162954,0.01044226727471977,1.4619174184607678e-05,0.0038491016356316876,1.3846635712474311,1.2466501450628091,1.2117745149692045,22,0.7199368985578353
2026-03-15 00:00:00+00:00,0.00817878185941327,0.008241301007590747,0.00679080582721615,9.50712815810261e-06,0.008231793879432644,1.39598843254534,1.2569241641594284,1.2217495930047806,22,0.7306131710482319
2026-03-16 00:00:00+00:00,0.016220764712609307,0.01615515093864407,0.014386730753586478,2.014142305502107e-05,0.01613500951558905,1.4186324324511823,1.2772299637498532,1.2414625343135797,22,0.7354029237534164
2026-03-17 00:00:00+00:00,-0.003881826247308527,-0.003912509474193574,0.019060094142118976,2.6684131798966567e-05,-0.0039391936059925406,1.4131255478396103,1.272232789415958,1.2365721730363324,22,0.7199024919400525
2026-03-18 00:00:00+00:00,-0.014966581356087855,-0.015455140252960794,0.015427891890657193,2.159904864692007e-05,-0.015476739301607714,1.3919758893615026,1.2525702532211187,1.2174340678866264,22,0.7299847102050114
2026-03-19 00:00:00+00:00,-0.00010965298327642719,-0.00016148197068933807,0.000248657290817092,3.4812020714392877e-07,-0.000161830090896482,1.3918232550525853,1.2523679857082017,1.21723705042076,22,0.7142132101092696
2026-03-20 00:00:00+00:00,-0.0003506006233619873,-0.00033444618160992807,0.002147830364035607,3.00696250964985e-06,-0.0003374531441195779,1.391335280951754,1.251949136017411,1.2168262899509565,22,0.7266923958648425
2026-03-21 00:00:00+00:00,-0.00011903254880739212,-0.00015293571595914452,0.001708495625307456,2.3918938754304383e-06,-0.00015532760983457495,1.3911696667670168,1.2517576682799498,1.2166372832317545,22,0.739378225069258
2026-03-22 00:00:00+00:00,-0.002874770456403906,-0.002928276242389649,0.0019101714916672438,2.6742400883341413e-06,-0.0029309504824779832,1.3871703733091496,1.2480921760386965,1.2130713795994656,22,0.7522983806182034
2026-03-23 00:00:00+00:00,0.0021084073117007417,0.0020562189752601867,0.0015956849731993197,2.2339589624790477e-06,0.0020539850162977075,1.3900950934668093,1.250658526853941,1.2155630100368626,22,0.7643957582337985
2026-03-24 00:00:00+00:00,0.0015127791411710316,0.0014617212352948015,0.0034433752260448133,4.8207253164627385e-06,0.0014569005099783388,1.3921980003284502,1.2524866409807458,1.217333964406096,22,0.7771972937580189
2026-03-25 00:00:00+00:00,0.002115015898825668,0.002188760207680047,0.004040098317752955,5.656137644854137e-06,0.002183104070035193,1.3951425212334583,1.2552280339011752,1.2199915311383833,22,0.7905132750410719
2026-03-26 00:00:00+00:00,-0.002077411625329892,-0.0021232156991664764,0.0045876675882792865,6.422734623591001e-06,-0.0021296384337900673,1.3922442359408558,1.2525629140335623,1.2173933902847727,22,0.8037472226679234
2026-03-27 00:00:00+00:00,0.015445704100342541,0.014683309297413037,0.0004402993920389238,6.164191488544933e-07,0.014682692878264183,1.4137484284446058,1.2709546827147862,1.2352680035463528,22,0.8171464139999733
2026-03-28 00:00:00+00:00,0.003144864357357173,0.003105812297933505,0.015721286272372157,2.200980078132102e-05,0.003083802497152184,1.4181944754874911,1.2749020293984779,1.2390773261003414,22,0.8046066017711517
2026-03-29 00:00:00+00:00,0.003364197822401352,0.003258672603526769,0.009229209390091093,1.2920893146127532e-05,0.0032457517103806417,1.4229655622536677,1.2790565177138595,1.2430990634508252,22,0.8178162517839985
2026-03-30 00:00:00+00:00,-0.00848309653561104,-0.008497627159835751,0.01025811126673911,1.4361355773434754e-05,-0.008511988515609185,1.4108944080222197,1.2681875723099694,1.2325178184989674,22,0.8312052302021407
2026-03-31 00:00:00+00:00,-0.010652111323733785,-0.010815429945171248,0.004812450000872562,6.737430001221586e-06,-0.01082216737517247,1.3958654037219336,1.2544715784643141,1.2191793043742891,22,0.8345612812574849
2026-04-01 00:00:00+00:00,-0.0031464570622586384,-0.003299204674598221,0.0049451239644328175,6.923173550205944e-06,-0.003306127848148427,1.3914733731644302,1.250332819968494,1.215148541724211,22,0.83268472174053
2026-04-02 00:00:00+00:00,0.0085071746478434,0.008487732063589963,0.007686330602494011,1.0760862843491616e-05,0.008476971200746471,1.4033108801677636,1.2609453099346994,1.225449320917036,22,0.8457513154656621
2026-04-03 00:00:00+00:00,-0.006106737540400445,-0.006428983977434858,0.010857987312393486,1.520118223735088e-05,-0.0064441851596722085,1.3947412289349908,1.2528387127407077,1.2175522985892522,22,0.8507223328661797
2026-04-04 00:00:00+00:00,-0.0026829589263253173,-0.0027589516888182355,0.012487529936614002,1.7482541911259603e-05,-0.002776434230729495,1.3909991955049057,1.249382191258375,1.2141718447097456,22,0.8596099726348435
2026-04-05 00:00:00+00:00,-0.005069174539045723,-0.005188999626537714,0.011767051646377168,1.6473872304928034e-05,-0.005205473498842642,1.3839479777992192,1.2428991475345323,1.2078515053490682,22,0.8735924085435786
2026-04-06 00:00:00+00:00,0.0017565432753466126,0.0015829780956586241,0.008463716150220839,1.1849202610309174e-05,0.001571128893048315,1.386378942313052,1.2448666296601922,1.2097491957476338,22,0.8852518715085544
2026-04-07 00:00:00+00:00,-0.017218811899361072,-0.017760497490545125,0.012261421699312498,1.7165990379037497e-05,-0.017777663480924164,1.3625071440841283,1.2227571790080491,1.188242681649314,22,0.9002305103431896
2026-04-08 00:00:00+00:00,-0.005165495100465593,-0.005615615052476506,0.011416165967487471,1.5982632354482458e-05,-0.005631597684830988,1.3554691201070124,1.2158906453880878,1.1815509769143202,22,0.8744170608867262
2026-04-09 00:00:00+00:00,0.002222942327690617,0.002052315025023161,0.006686104808874431,9.360546732424203e-06,0.002042954478290737,1.3584822497879758,1.218386036028403,1.1839648317739362,22,0.8864515913245167
2026-04-10 00:00:00+00:00,0.0008767785918676237,0.0008059684411935683,0.007684318876925084,1.0758046427695118e-05,0.0007952103947658732,1.359673337942022,1.2193680167226328,1.1849063329152,22,0.900642998725391
2026-04-11 00:00:00+00:00,-0.0004480810244444012,-0.00047073495715513667,0.00617163394934938,8.64028752908913e-06,-0.00047937524468422577,1.3590640941198473,1.2187940175715246,1.184338318151931,22,0.915971970816604
2026-04-12 00:00:00+00:00,-0.0017363564550078874,-0.0019242410099124135,0.00716887350969217,1.0036422913569038e-05,-0.0019342774328259826,1.3567042744072528,1.2164487641402777,1.1820474792702984,22,0.9319626505008868
2026-04-13 00:00:00+00:00,-0.003980575843630184,-0.004257446310493511,0.007556571633349329,1.057920028668906e-05,-0.0042680255107802,1.3513038101455974,1.2112697988374843,1.1770024704738193,22,0.9480778030145285
2026-04-14 00:00:00+00:00,-0.0005897889473361083,-0.000905166689622887,0.028024263006756443,3.923396820945902e-05,-0.0009444006578323461,1.3505068260938804,1.2101733977634304,1.1758909085664335,22,0.9629297026849237
2026-04-15 00:00:00+00:00,0.0007338759846028382,0.0006663228076274817,0.012133155803388682,1.6986418124744155e-05,0.0006493363895027376,1.3514979306205928,1.2109797638995443,1.1766544573234512,22,0.979759176099542
2026-04-16 00:00:00+00:00,0.00622902761671245,0.005847473106036043,0.007305760265005276,1.0228064371007386e-05,0.005837245041665036,1.3599164485543582,1.2180609355009009,1.1835228777202156,22,0.9964267754343066
2026-04-17 00:00:00+00:00,0.002822005412859325,0.002594168296693444,0.011096326567155534,1.5534857194017747e-05,0.0025786334394994263,1.3637541401332152,1.2212207905632182,1.1865747493891177,22,1.006413123661894
2026-04-18 00:00:00+00:00,-0.014838612984094465,-0.014894958744807679,0.01071771132791599,1.5004795859082388e-05,-0.014909963540666761,1.3435179202423218,1.2030307572694776,1.1688829631374502,22,1.0221744428671722
2026-04-19 00:00:00+00:00,-0.011677453143672054,-0.01176709365681224,0.018942832774371504,2.6519965884120106e-05,-0.01179361362269636,1.3278290526810084,1.188874581676662,1.1550976091000547,22,1.0082656396837102
2026-04-20 00:00:00+00:00,0.007990258404658763,0.007865752438140248,0.006618448408420831,9.265827771789163e-06,0.007856486610368458,1.3384387499291428,1.1982259748161281,1.164172617999618,22,1.0080324535619778
2026-04-21 00:00:00+00:00,0.006668478194408254,0.0065373334867514414,0.007582316661796859,1.0615243326515603e-05,0.006526718243424926,1.3473640995475962,1.2060591776059888,1.1717708446640118,22,1.0117171635805566
2026-04-22 00:00:00+00:00,0.0020221946969947503,0.0015334835565459092,0.012746928157647289,1.7845699420706203e-05,0.0015156378571252029,1.3500887320846224,1.2079086495230689,1.1735468249160603,22,1.0198306850248997
2026-04-23 00:00:00+00:00,0.0005373452374316444,0.0004459478592066801,0.01364583805949587,1.910417328329422e-05,0.0004268436859233859,1.350814195834918,1.208447313799441,1.174047745968411,22,1.036663863401773
2026-04-24 00:00:00+00:00,-0.0009379405128378018,-0.0011078404880279402,0.012444385880465359,1.7422140232651504e-05,-0.0011252626282605917,1.349547212475328,1.2071085469375653,1.1727266339160791,22,1.054500737280101
2026-04-25 00:00:00+00:00,-0.0013996984423526116,-0.0015232795236297541,0.014992885782005486,2.099004009480768e-05,-0.0015442695637245618,1.347658253344145,1.2052697832052168,1.1709156278687534,22,1.0729197926636378
2026-04-26 00:00:00+00:00,0.003350093202764325,0.0031063288474959365,0.012596610796941271,1.763525511571778e-05,0.0030886935923802187,1.3521730340983225,1.2090137475018023,1.1745322274657695,22,1.0915963343239201
2026-04-27 00:00:00+00:00,-0.01210695033733799,-0.012645900626472676,0.011021038242087503,1.5429453538922504e-05,-0.012661330080011598,1.3358023423270065,1.1937246797948553,1.1596610872442141,22,1.1078819914439708
2026-04-28 00:00:00+00:00,-0.0021344527788835625,-0.0026095735818911442,0.006637227933103243,9.29211910634454e-06,-0.002618865700997489,1.3329511353053873,1.1906095674064112,1.156624090598049,22,1.102895870796253
2026-04-29 00:00:00+00:00,0.0002557399398708702,-0.000142232574989139,0.00838265385448788,1.1735715396283032e-05,-0.00015396829038542202,1.333292024148581,1.1904402239418324,1.156446007164201,22,1.1218038466337819
2026-04-30 00:00:00+00:00,0.0011681565142880807,0.0011677880618024311,0.00715603178785177,1.0018444502992478e-05,0.0011577696172994387,1.3348495179120385,1.191830405823641,1.157784905215343,22,1.1411972125981675
2026-05-01 00:00:00+00:00,0.0065387544481072144,0.006474508753337604,0.004237767429208186,5.9328744008914605e-06,0.006468575878936712,1.3435777711348398,1.1995469222186401,1.165274124726216,22,1.160100877635549
2026-05-02 00:00:00+00:00,0.0013476057933920723,0.0012560474791197796,0.016989296994928585,2.3785015792900018e-05,0.0012322624633268795,1.345388384323094,1.2010536101063787,1.1667100482896022,22,1.1696578407911637
2026-05-03 00:00:00+00:00,0.003884406260945219,0.003754361707863772,0.007349409311059471,1.028917303548326e-05,0.0037440725348282886,1.3506144193865617,1.2055627997892535,1.1710782953375116,22,1.1892264431091049
2026-05-04 00:00:00+00:00,0.002141018338889546,0.002071943270772242,0.008771422942875976,1.2279992120026367e-05,0.0020596632786522157,1.353506109627237,1.2080606575197703,1.1734903222988449,22,1.20598809334226
2026-05-05 00:00:00+00:00,0.007609484663685756,0.007399078771071121,0.007442900878361452,1.0420061229706032e-05,0.007388658709841415,1.3638055936106506,1.216999193484991,1.182160841789613,22,1.2255835167947153
2026-05-06 00:00:00+00:00,0.004336459709102646,0.0038408031922128254,0.017831838625935015,2.496457407630902e-05,0.003815838618136516,1.369719681618392,1.2216734478722486,1.1866717767825627,22,1.234538229619396
2026-05-07 00:00:00+00:00,-0.008758392858763696,-0.008920865375646866,0.0057856159097385736,8.099862273634003e-06,-0.0089289652379205,1.3577231385403976,1.210775063510778,1.1760760257388498,22,1.2526566054938093
2026-05-08 00:00:00+00:00,0.009313986320510666,0.009264825924513652,0.006003041969720797,8.404258757609116e-06,0.009256421665756043,1.3703689532798038,1.2219926837079471,1.1869622813440752,22,1.2595005481989705
2026-05-09 00:00:00+00:00,-0.0014417162851894216,-0.001675147277778294,0.017962675666040304,2.5147745932456426e-05,-0.0017002950237107505,1.3683932700431423,1.2199456659903687,1.1849440952837735,22,1.2626096284117554
2026-05-10 00:00:00+00:00,0.017560986973863595,0.017524094676119144,0.007156960279569406,1.001974439139717e-05,0.017514074931727748,1.3924236064334925,1.241324109340905,1.2056972949584819,22,1.2842193823528403
2026-05-11 00:00:00+00:00,-0.006561221184619709,-0.006797717867894086,0.04063558686092565,5.688982160529591e-05,-0.006854607689499382,1.3832876071689966,1.2328859382629906,1.1974327130092508,22,1.2460596596910434
2026-05-12 00:00:00+00:00,-0.012941334874774052,-0.013271277683423063,0.01170186654170122,1.6382613158381707e-05,-0.013287660296581445,1.3653860190164977,1.2165239666243148,1.18152163389077,22,1.2576664359462735
2026-05-13 00:00:00+00:00,-0.0074692630351865155,-0.00789010679425268,0.011838754263804568,1.6574255969326397e-05,-0.007906681050222006,1.3551875916958973,1.206925462609881,1.1721797191776584,22,1.244803491207846
2026-05-14 00:00:00+00:00,0.0033799398461256134,0.003323314050055644,0.0029486070511613727,4.128049871625922e-06,0.003319186000184018,1.3597680442360454,1.2109364549571424,1.1760704016912524,22,1.255258287973202
2026-05-15 00:00:00+00:00,-0.007777333890466983,-0.008302062319181758,0.0049824563425120635,6.9754388795168886e-06,-0.008309037758061275,1.3491926741424343,1.2008831850435193,1.1662983883174616,22,1.2741178721478552
2026-05-16 00:00:00+00:00,-0.007803320398222526,-0.008049023144269524,0.013466976696359566,1.885376737490339e-05,-0.008067876911644428,1.3386644914271661,1.19121724849354,1.156888836478267,22,1.2839717112774047
2026-05-17 00:00:00+00:00,0.003417187525927871,0.0032774153452655593,0.00836921814948649,1.1716905409281087e-05,0.003265698439856278,1.3432389590286737,1.1951213621832977,1.1606668865466412,22,1.2955036411294336
2026-05-18 00:00:00+00:00,0.0018268848550199326,0.0018189805119900601,0.01458310288901693,2.04163440446237e-05,0.0017985641679454365,1.345692901939596,1.1972952646505721,1.1627544204197047,22,1.3143614020631575
2026-05-19 00:00:00+00:00,-0.00027839209003375495,-0.000381082377655644,0.004310722335358438,6.035011269501814e-06,-0.0003871173889251458,1.3453182716800813,1.1968389965243633,1.1623042979645106,22,1.3358196507281603
2026-05-20 00:00:00+00:00,0.011187014685542238,0.011165855276284688,0.004306497489801907,6.029096485722669e-06,0.011159826179798965,1.3603683669420947,1.2102027275485683,1.1752754118978277,22,1.3591347902294109
2026-05-21 00:00:00+00:00,0.012131839912839984,0.012109454133987426,0.03625815616765348,5.076141863471487e-05,0.01205869271535271,1.376872138192328,1.2248576219706442,1.1894476969458132,22,1.3526900925826917
2026-05-22 00:00:00+00:00,0.0017838262908861937,0.001748435770881037,0.03592155202113076,5.0290172829583064e-05,0.001698145598051454,1.3793282389116241,1.226999206851134,1.1914675523164941,22,1.343621931943042
2026-05-23 00:00:00+00:00,-0.0017685452221909753,-0.0023817218667283742,0.0064788076657624795,9.070330732067472e-06,-0.0023907921974604418,1.376888834544864,1.2240768360097183,1.1886190009888886,22,1.3664859961875657
2026-05-24 00:00:00+00:00,0.011545708068183117,0.011546520912244094,0.019573057298123826,2.7402280217373356e-05,0.011519118632026721,1.3927859910708598,1.238210664794898,1.2023108442695607,22,1.3890069983489841
2026-05-25 00:00:00+00:00,0.003097314578766507,0.0029327011963246738,0.01101785406143856,1.5424995686013985e-05,0.0029172762006386597,1.3970998874261054,1.241841966692844,1.2058183170813181,22,1.3845271979196407
2026-05-26 00:00:00+00:00,0.004664190554836022,0.00467393032991936,0.0218462326496094,3.058472570945316e-05,0.004643345604209907,1.4036162275252004,1.2476462495259362,1.2114173482634134,22,1.4073214260043403
2026-05-27 00:00:00+00:00,0.012166647256289872,0.012051935264065013,0.011759285283256163,1.646299939655863e-05,0.012035472264668454,1.4206935310487037,1.2626828013576763,1.225997328159376,22,1.4280140256167633
2026-05-28 00:00:00+00:00,0.00017929028259894774,-0.00018654756243201802,0.028790957991993407,4.030734118879077e-05,-0.0002268549036208088,1.420948247593372,1.2624472509589582,1.225719204653657,22,1.4240570994352157
2026-05-29 00:00:00+00:00,0.007999675243176433,0.00758555092196236,0.01481949099110879,2.0747287387552307e-05,0.007564803634574808,1.4323153721114794,1.2720236088673988,1.234991529747989,22,1.4485998720573774
2026-05-30 00:00:00+00:00,-0.01039833811450995,-0.01057107823613547,0.0401756594170629,5.624592318388806e-05,-0.010627324159319359,1.417421672585654,1.2585769477798503,1.2218668744273435,22,1.4639847709707428
2026-05-31 00:00:00+00:00,0.0007759669369781715,0.000603678851745278,0.010191498346303441,1.4268097684824816e-05,0.0005894107540604531,1.418521544939337,1.259336724066519,1.2225870559031613,22,1.457653213544509
2026-06-01 00:00:00+00:00,0.002739453767495269,0.002431489456376615,0.017297384490243914,2.4216338286341478e-05,0.002407273118090274,1.4224075191298942,1.2623987880331147,1.225530156857362,22,1.4831178899355406
2026-06-02 00:00:00+00:00,0.04868346045445778,0.04834742674204712,0.03727932331651132,5.219105264311585e-05,0.048295235689404,1.4916552393375777,1.3234325209567948,1.2847174246272606,22,1.5084531804008692
2026-06-03 00:00:00+00:00,0.006860454200888885,0.006648059904495413,0.26527611969253306,0.0003713865675695463,0.0062766733369258665,1.5018886717905693,1.332230779635673,1.2927811762319026,22,1.173285004611353
2026-06-04 00:00:00+00:00,0.012176203358332326,0.011936730309056457,0.01135466638772245,1.5896532942811432e-05,0.011920833776113646,1.520175973679867,1.348133259161608,1.3081922057426518,22,1.1896987364273606
2026-06-05 00:00:00+00:00,0.04185099980870413,0.04159751857402531,0.013001753113349657,1.820245435868952e-05,0.04157931611966662,1.5837968580635398,1.4042122574498443,1.3625859430105096,22,1.1926279811294747
2026-06-06 00:00:00+00:00,0.004006646606755994,0.0037800167190294156,0.1470974446817065,0.0002059364225543891,0.0035740802964750267,1.590142572370691,1.4095202032600707,1.3674559345816772,22,0.9963428996473798
2026-06-07 00:00:00+00:00,-0.020983450428163436,-0.021095644377556424,0.012421479393558553,1.7390071150981975e-05,-0.021113034448707407,1.5567758945296384,1.3797854663091151,1.338584790327765,22,1.0137059629879788
2026-06-08 00:00:00+00:00,-0.0021239232365553784,-0.0022026061965293117,0.05235160827463671,7.329225158449139e-05,-0.002275898448113803,1.5534694220331375,1.3767463422911415,1.3355383072807894,22,0.9463091815398748
2026-06-09 00:00:00+00:00,0.007625101652559459,0.007560302455712798,0.0077015405801968435,1.078215681227558e-05,0.007549520298900522,1.565314784290283,1.3871549610436587,1.345620980841565,22,0.959792841958591
2026-06-10 00:00:00+00:00,0.007573767491834661,0.007535861339044898,0.006307325186248403,8.830255260747764e-06,0.00752703108378415,1.5771701145180288,1.3976083684858518,1.3557495117913514,22,0.9721069266496405
2026-06-11 00:00:00+00:00,-0.013476798327167529,-0.01357475453973498,0.009692204623658416,1.3569086473121783e-05,-0.013588323626208102,1.5559149109570336,1.3786361779409768,1.3373271486690568,22,0.984967169199182
2026-06-12 00:00:00+00:00,0.00028504221639978394,7.226120340976007e-05,0.018946363473460934,2.6524908862845307e-05,4.573629454691476e-05,1.5563584123917822,1.3787357998502592,1.337388313057434,22,0.9631714599514145
2026-06-13 00:00:00+00:00,-0.006972952625634159,-0.00727588548857985,0.009023782681551509,1.2633295754172113e-05,-0.007288518784334022,1.5455059989136672,1.368704276051543,1.327640733215766,22,0.9794355029961271
2026-06-14 00:00:00+00:00,-0.003408426212415093,-0.0037619010468798366,0.0006840612790572249,9.576857906801148e-07,-0.0037628587326705167,1.5402382557555252,1.363555346002596,1.3226450086889359,22,0.9833742893553884
2026-06-15 00:00:00+00:00,0.0010980781327852695,0.0010500260740221286,0.000506527337554373,7.091382725761222e-07,0.0010493169357495525,1.5419295577034495,1.364987114669271,1.3240328824965377,22,0.9959553557589306
2026-06-16 00:00:00+00:00,-6.12786879198914e-05,-0.00021837121461105291,0.0003401079321318154,4.7615110498454157e-07,-0.00021884736571603746,1.5418350702832886,1.364689040775112,1.323743121388082,22,1.0133336906111523
2026-06-17 00:00:00+00:00,-0.0018142604880388925,-0.001887585117151546,0.0013945344772270402,1.9523482681178563e-06,-0.001889537465419664,1.539037779836201,1.362113074052205,1.3212418591656276,22,1.0305662944899554
2026-06-18 00:00:00+00:00,-0.0006577772552271583,-0.0007185975131672521,0.0016297611365465262,2.2816655911651366e-06,-0.0007208791787584173,1.5380254357896894,1.3611342629845384,1.3202894034192512,22,1.0467221020994018
2026-06-19 00:00:00+00:00,0.0018110201191434397,0.001533067376498086,0.0011771602412801868,1.6480243377922615e-06,0.0015314193521602936,1.540810830797659,1.363220973518154,1.3223113201620995,22,1.0642836280982808
2026-06-20 00:00:00+00:00,-0.0028520278250843477,-0.0030115567262579625,0.005486742243419912,7.681439140787876e-06,-0.0030192381653987503,1.5364163954350327,1.3591155562259793,1.3183189473577273,22,1.0828793358840951
2026-06-21 00:00:00+00:00,0.0005535520936724575,0.0004661960043868257,0.003544350622371543,4.962090871320161e-06,0.00046123391351550556,1.5372668819474784,1.3597491704677918,1.3189270007650786,22,1.098504312273751
2026-06-22 00:00:00+00:00,-0.002225424548130657,-0.0022818118704116736,0.008726526636763817,1.2217137291469345e-05,-0.002294029007703143,1.5338458104913641,1.356646478669836,1.3159013439662806,22,1.11760514128104
2026-06-23 00:00:00+00:00,-0.002182943514699319,-0.0021778064024494726,0.0016378054147233347,2.2929275806126684e-06,-0.0021800993300300853,1.5304975117268034,1.3536919652827284,1.313032548327914,22,1.1349465049130067
2026-06-24 00:00:00+00:00,0.003134597542863699,0.00289715186241403,0.0027315139522335434,3.824119533126961e-06,0.0028933277428809033,1.5352950054664212,1.3576138164810823,1.3168315818272966,22,1.1528111650673298
2026-06-25 00:00:00+00:00,-0.001226016336923969,-0.0012946463062604987,0.013038602832313718,1.8254043965239203e-05,-0.0013129003502257378,1.5334127087077216,1.3558561867682468,1.3151027131823274,22,1.172307103397281
2026-06-26 00:00:00+00:00,-0.004792852478745669,-0.004845753177956632,0.00141356369984557,1.978989179783798e-06,-0.004847732167136415,1.5260632878058515,1.3492860423423625,1.3087274474565451,22,1.1917184926782662
2026-06-27 00:00:00+00:00,0.0018083597178962661,0.0017160733752935439,0.006171447295434965,8.640026213608951e-06,0.0017074333490799348,1.5288229591824798,1.3516015161952812,1.3109620123451886,22,1.2059708403694065
2026-06-28 00:00:00+00:00,0.002686765214583258,0.0025990708561536235,0.006100021009101734,8.540029412742427e-06,0.0025905308267408812,1.5329305475284674,1.3551144243051574,1.314358099850855,22,1.2269035534373207
2026-06-29 00:00:00+00:00,-0.0024303925113661824,-0.0024501650438571135,0.005841720009610335,8.17840801345447e-06,-0.002458343451870568,1.5292049246053097,1.3517941703122984,1.3111269562226737,22,1.247772940929012
2026-06-30 00:00:00+00:00,0.0032149773616276687,0.003197880226221225,0.018275517089862085,2.5585723925806917e-05,0.0031722945022954183,1.5341212838192053,1.3561170461594612,1.3152862370577103,22,1.2672495064002776
2026-07-01 00:00:00+00:00,-0.004735733218950743,-0.004981750046002664,0.010930976326854282,1.5303366857595994e-05,-0.00499705341286026,1.5268560946935235,1.3493612100023713,1.308713681477933,22,1.2882883960492697
2026-07-02 00:00:00+00:00,-0.0036427877426711028,-0.004351564030985329,0.00785103718653865,1.099145206115411e-05,-0.004362555483046484,1.5212940820269512,1.3434893782961181,1.3030043454310634,22,1.3035582528765621
2026-07-03 00:00:00+00:00,0.011056678744829502,0.010581276591702705,0.09612413224947253,0.00013457378514926152,0.010446702806553443,1.5381145419683333,1.357705211005884,1.3166164445834292,22,1.3208908943695408
2026-07-04 00:00:00+00:00,0.0015082316650133394,0.0011712776826873223,0.06038943695171486,8.45452117324008e-05,0.0010867324709549215,1.5404343750249472,1.3592954608192036,1.3180472544255513,22,1.3232767103591325
2026-07-05 00:00:00+00:00,0.0018901073944838473,0.0018311545412518905,0.011226454194787298,1.5717035872702218e-05,0.0018154375053791882,1.543345961427899,1.3617845408751859,1.3204400868450974,22,1.3463956186883683
2026-07-06 00:00:00+00:00,-0.0022528222234401477,-0.0023352760134231973,0.005007473975050466,7.010463565070652e-06,-0.0023422864769882677,1.5398690773475376,1.3586043981014295,1.317347237886007,22,1.369766833056128
2026-07-07 00:00:00+00:00,-0.0030413747615773328,-0.003106588919731386,0.007825844792981877,1.0956182710174626e-05,-0.0031175451024415607,1.5351857583995596,1.3543837727319894,1.3132403484563204,22,1.3912504045583074
2026-07-08 00:00:00+00:00,-0.00707384288072104,-0.007236600105648818,0.008370509759314377,1.1718713663040128e-05,-0.007248318819311858,1.5243260955519207,1.344582638979148,1.303721563724325,22,1.411971554848437
2026-07-09 00:00:00+00:00,0.002914985173064207,0.0028128823456776172,0.003983151033621214,5.5764114470697e-06,0.0028073059342305475,1.5287694835193693,1.348364791746637,1.3073815090067527,22,1.4222537298330953
2026-07-10 00:00:00+00:00,0.0035812336664422513,0.0033046695000134227,0.003373073235435061,4.722302529609085e-06,0.0032999471974838137,1.5342443642619783,1.3528206917488141,1.3116957989534415,22,1.4459071552861353
2026-07-11 00:00:00+00:00,-0.0014568772202187294,-0.0017605533461810946,0.004785113911604497,6.699159476246296e-06,-0.0017672525056573408,1.532009158597436,1.3504389787531728,1.3093777012660808,22,1.4694857951956632
2026-07-12 00:00:00+00:00,-0.0004959831409957303,-0.0007647145404328596,0.008279569048498296,1.1591396667897615e-05,-0.0007763059371007572,1.5312493078829206,1.349406278430153,1.3083612235826805,22,1.4937349491976915
2026-07-13 00:00:00+00:00,-0.00703027217161286,-0.007428871065256802,0.0076729984213040545,1.0742197789825676e-05,-0.007439613263046627,1.5204842084859098,1.3393817131730474,1.2986275220708587,22,1.5193758699259643
2026-07-14 00:00:00+00:00,0.002771807959913692,0.0024411021424867447,0.008156158644384674,1.1418622102138544e-05,0.0024296835203846063,1.524698698717914,1.3426512807426818,1.3017827759603522,22,1.530428919975625
2026-07-15 00:00:00+00:00,-0.0034533266598776365,-0.003978163916961545,0.0376269257753683,5.267769608551562e-05,-0.0040308416130470604,1.5194334160533507,1.337309993864569,1.2965354957758632,22,1.5560777365480443
2026-07-16 00:00:00+00:00,-0.0074627497970597015,-0.008069625713716453,0.0108576087209135,1.52006522092789e-05,-0.008084826365925732,1.5080942646360527,1.3265184027508694,1.286053231415256,22,1.5784932622989174
2026-07-17 00:00:00+00:00,-0.004577590309632643,-0.005608438607404526,0.028887918048296803,4.0443085267615524e-05,-0.0056488816926721416,1.501190826944242,1.319078705727449,1.2787884688605125,22,1.5887570391751245
2026-07-18 00:00:00+00:00,0.0034207946989203595,0.003220584019520099,0.01840098054559483,2.5761372763832764e-05,0.003194822646756266,1.506326092567121,1.323326909527604,1.2828739712212387,22,1.60862068399857
2026-07-19 00:00:00+00:00,-0.0009880115348106378,-0.0011457395813914602,0.027592595592177294,3.862963382904821e-05,-0.0011843692152205083,1.5048378250124783,1.3218107215082378,1.2813545747827166,22,1.6336841842519931
2026-07-20 00:00:00+00:00,-0.002689518435225522,-0.0028733263820585673,0.01723829465025372,2.4133612510355208e-05,-0.0028974599945689227,1.5007905359400826,1.3180127278900402,1.277641901163426,22,1.6619551708816334
2026-07-21 00:00:00+00:00,-0.006043460209339931,-0.006950577105787277,0.0210908038626438,2.9527125407701317e-05,-0.006980104231194978,1.4917205680535748,1.3088517787984315,1.2687238275231632,22,1.6890136287720499
2026-07-22 00:00:00+00:00,0.00018408473950163375,2.831958629979469e-06,0.02314059678853588,3.239683550395023e-05,-2.9564876873970763e-05,1.4919951710457542,1.3088554854125218,1.2686863178594152,22,1.7064218359003671
2026-07-23 00:00:00+00:00,0.004846241450377233,0.004344286927763426,0.04496327215547823,6.294858101766953e-05,0.004281338346745756,1.4992257398874387,1.3145415291881308,1.2741179932420583,22,1.7361876382268755
2026-07-24 00:00:00+00:00,-0.0032157149745114313,-0.003538545383886392,0.05286250830768319,7.400751163075646e-05,-0.0036125528955171485,1.4944046572255096,1.3098899643280952,1.2695151745963413,22,1.7601119567043515
2026-07-25 00:00:00+00:00,-0.008353363957668372,-0.008565974585742861,0.009846201688300596,1.3784682363620834e-05,-0.008579759268106482,1.4819213512236702,1.2986694801835412,1.2586230400110965,22,1.7879225427778866
2026-07-26 00:00:00+00:00,0.005415773183203138,0.005165818601589567,0.008171908496841344,1.1440671895577882e-05,0.005154377929693989,1.4899471011372436,1.30537817114159,1.2651104588303341,22,1.800382658041446
2026-07-27 00:00:00+00:00,-0.017637874638147987,-0.018499624189553747,0.05145122253938206,7.203171155513488e-05,-0.01857165590110888,1.4636676009499128,1.2812291655502235,1.2416152627120431,22,1.8219540473313989
2026-07-28 00:00:00+00:00,-0.004018711413582002,-0.005013228370769783,0.05061081715902496,7.085514402263495e-05,-0.0050840835147924176,1.4577855432562852,1.2748060711480294,1.2353027870231743,22,1.7656255815301227
2026-07-29 00:00:00+00:00,0.00286564965070521,0.0027260737886447353,0.014881367337571304,2.0833914272599826e-05,0.0027052398743721354,1.4619630458891206,1.2782812865641913,1.2386445773795525,22,1.7921252843159952
2026-07-30 00:00:00+00:00,-0.003992760972884755,-0.004242104342092549,0.008765553956222957,1.227177553871214e-05,-0.004254376117631261,1.456125776895695,1.2728586839680416,1.2333749174713156,22,1.818932745624647
2026-07-31 00:00:00+00:00,0.009060378074515109,0.008917507189986443,0.01719330713429499,2.4070629988012985e-05,0.00889343655999843,1.469318826958417,1.2842094104341635,1.24434385905454,22,1.847882311611646
2026-08-01 00:00:00+00:00,0.005455459883120871,0.005294039615605165,0.01786485167819858,2.5010792349478014e-05,0.005269028823255687,1.477334636874403,1.291008065927735,1.2509003427139396,22,1.8501943266324918
2026-08-02 00:00:00+00:00,-0.006174913909215552,-0.006206717202197544,0.015073202175229276,2.1102483045320986e-05,-0.006227819685242865,1.4682122226766012,1.2829951439567655,1.2431099609353087,22,1.8712090293987793
2026-08-03 00:00:00+00:00,-0.0008469428734917719,-0.0011543109272039072,0.030530024045196696,4.274203366327537e-05,-0.0011970529608671826,1.4669687307978319,1.2815141686425466,1.2416218924758877,22,1.8948464164630956
2026-08-04 00:00:00+00:00,-0.006572272757254877,-0.0068480485437876866,0.018065875404448574,2.5292225566228003e-05,-0.006873340769353914,1.4573274121726645,1.2727382974061308,1.233087802102211,22,1.9279476101163195
2026-08-05 00:00:00+00:00,-3.468018505432627e-05,-8.286966515210014e-05,0.01110144245024576,1.5542019430344064e-05,-9.84116845824442e-05,1.4572768717883255,1.2726328260095985,1.232966451854368,22,1.9508418797116127
2026-08-06 00:00:00+00:00,0.010602550569742459,0.010419484783439714,0.01890972194122425,2.6473610717713948e-05,0.010393011172722,1.4727277235155773,1.2858930043751116,1.2457806859640816,22,1.984593177389201
2026-08-07 00:00:00+00:00,0.0005233096957842669,0.00012367781692796632,0.02039309366916711,2.8550331136833956e-05,9.512748579113236e-05,1.4734984162125433,1.2860520408146956,1.2458991939485846,22,1.9780533528299509
2026-08-08 00:00:00+00:00,-0.008947649075670321,-0.009556460082436208,0.015198054547299472,2.127727636621926e-05,-0.009577737358802428,1.4603140694707173,1.2737619358227144,1.2339662986934015,22,2.0124000167885088
2026-08-09 00:00:00+00:00,0.00421428060921686,0.0038913898517979398,0.018240906071490308,2.5537268500086432e-05,0.0038658525832978535,1.4664682427370543,1.2787186400933814,1.2387366304969076,22,2.0226824810186734
2026-08-10 00:00:00+00:00,0.001295817677752301,0.0011750022587665619,0.017201913295591703,2.4082678613828384e-05,0.0011509195801527334,1.4683685182098551,1.2802211373838182,1.240162316739599,22,2.0502488949508444
2026-08-11 00:00:00+00:00,-9.38918513979613e-05,-0.0005177068929252848,0.017010650538628165,2.381491075407943e-05,-0.0005415218036793642,1.468230650371146,1.279558358076526,1.239490741804983,22,2.084723048779693
2026-08-12 00:00:00+00:00,-0.0005427109896258166,-0.0011458542983066914,0.04470113185163045,6.258158459228264e-05,-0.001208435882898974,1.4674338254618842,1.2780921706319897,1.2379928967160647,22,2.1211360707724793
2026-08-13 00:00:00+00:00,0.0008566904880229725,0.0006485292133402514,0.014965037394634277,2.095105235248799e-05,0.0006275781609877634,1.4686909620619606,1.278921050741986,1.2387698340215016,22,2.1581737051938035
2026-08-14 00:00:00+00:00,-0.006849615508272957,-0.007163199558637241,0.014484224098555876,2.0277913737978224e-05,-0.007183477472375219,1.4586309936713606,1.269759884035779,1.2298711588253501,22,2.195136106871449
2026-08-15 00:00:00+00:00,-0.0002923252981965529,-0.0003730555134668129,0.007772977484238691,1.0882168477934168e-05,-0.0003839376819447471,1.458204598931177,1.2692861931102606,1.22939896494354,22,2.2193212030067384
2026-08-16 00:00:00+00:00,-0.00030534895744010294,-0.0005825097738779528,0.013334601441282505,1.8668442017795506e-05,-0.0006011782158957483,1.457759337677159,1.2685468214969255,1.228659877067171,22,2.257962981804026
2026-08-17 00:00:00+00:00,0.0013402545527558308,-0.00017177390447497968,0.01599577090730101,2.2394079270221415e-05,-0.0001941679837452011,1.4597131062663031,1.2683289182563877,1.2284213106561324,22,2.297362196803892
