name,signal_name,signal_kind,exit_name,exit_kind,filter_name,exposure,final_equity,total_return_pct,annual_return_pct,annual_equity_multiple,max_drawdown_pct,win_rate_pct,trades,trades_per_day,profit_factor,avg_trade_pct,median_trade_pct,worst_trade_pct,stop_trades,tp_trades,trail_trades,max_hold_trades,score,target_return_pass,target_equity_multiple_pass,target_drawdown_pass,target_win_rate_pass,frequency_preference_pass,meets_core_target,meets_full_preference,start_ts,end_ts
HYPE_15M_MII_rsi_reversal_w7_lo30_hi60_fixed_tp90p0_sl280p0_hold16_macd0p0_atr60p0to280p0_x1p5,rsi_reversal_w7_lo30_hi60,rsi_reversal,fixed_tp90p0_sl280p0_hold16,fixed,macd0p0_atr60p0to280p0,1.5,2.5754963214533837,157.54963214533836,141.9190557769408,2.419190557769408,-18.877695407964023,76.90217391304348,368,0.9408506218541106,1.4753990212022208,0.2720472776875018,1.1250000000000013,-4.425000000000004,30,274,0,64,-0.39440315521524383,False,False,True,True,True,False,False,2025-05-30 10:30:00+00:00,2026-06-25 13:45:00+00:00
HYPE_15M_MII_bb_breakout_w96_k2p5_fixed_tp120p0_sl280p0_hold64_adx34_atrR1p2_x2,bb_breakout_w96_k2p5,bb_breakout,fixed_tp120p0_sl280p0_hold64,fixed,adx34_atrR1p2,2.0,3.103610691814188,210.3610691814188,187.94886523268795,2.8794886523268794,-17.834721792043705,80.85106382978722,188,0.4806519481211217,1.6223204469492811,0.6513020752117006,2.1000000000000023,-5.900000000000027,32,152,0,4,-0.5282970650998227,False,False,True,True,False,False,False,2025-05-30 10:30:00+00:00,2026-06-25 13:45:00+00:00
HYPE_15M_MII_bb_reversion_w48_k1p5_trail_act100p0_trail50p0_sl180p0_hold64_macd0p0_atr60p0to280p0_x1p5,bb_reversion_w48_k1p5,bb_reversion,trail_act100p0_trail50p0_sl180p0_hold64,trailing,macd0p0_atr60p0to280p0,1.5,2.110870200562089,111.0870200562089,100.90400891663558,2.009040089166356,-15.928874031121543,75.15923566878982,314,0.802791019734214,1.3551189791894205,0.25802673599384246,0.8184359141539952,-2.9250000000000194,78,0,236,0,-0.6091353342863404,False,False,True,True,True,False,False,2025-05-30 10:30:00+00:00,2026-06-25 13:45:00+00:00
HYPE_15M_MII_bb_reversion_w48_k1p5_trail_act100p0_trail50p0_sl180p0_hold64_macd0p0_atr60p0to280p0_x2,bb_reversion_w48_k1p5,bb_reversion,trail_act100p0_trail50p0_sl180p0_hold64,trailing,macd0p0_atr60p0to280p0,2.0,2.632657020467036,163.2657020467036,146.92923409036038,2.469292340903604,-21.052128091095234,75.15923566878982,314,0.802791019734214,1.35511897918942,0.3440356479917898,1.0912478855386603,-3.9000000000000257,78,0,236,0,-0.6184937004197556,False,False,False,True,True,False,False,2025-05-30 10:30:00+00:00,2026-06-25 13:45:00+00:00
HYPE_15M_MII_bb_breakout_w96_k2p5_fixed_tp120p0_sl280p0_hold64_adx34_atrR1p2_x2p5,bb_breakout_w96_k2p5,bb_breakout,fixed_tp120p0_sl280p0_hold64,fixed,adx34_atrR1p2,2.5,3.9996965914294766,299.96965914294765,264.90917473912504,3.6490917473912505,-21.93229242644591,80.85106382978722,188,0.4806519481211217,1.6223204469492845,0.8141275940146255,2.6250000000000027,-7.375000000000035,32,152,0,4,-0.6419053740366221,False,False,False,True,False,False,False,2025-05-30 10:30:00+00:00,2026-06-25 13:45:00+00:00
HYPE_15M_MII_bb_reversion_w48_k1p5_fixed_tp90p0_sl280p0_hold16_macd0p0_atr60p0to280p0_x1p5,bb_reversion_w48_k1p5,bb_reversion,fixed_tp90p0_sl280p0_hold16,fixed,macd0p0_atr60p0to280p0,1.5,2.243078723961033,124.3078723961033,112.63049923153687,2.1263049923153687,-20.425493654044057,77.41935483870968,310,0.7925643825401475,1.4777629664912908,0.27595714689474327,1.1249999999999847,-4.42500000000002,26,234,0,50,-0.6481438918143322,False,False,False,True,True,False,False,2025-05-30 10:30:00+00:00,2026-06-25 13:45:00+00:00
HYPE_15M_MII_bb_breakout_w96_k2p5_fixed_tp120p0_sl280p0_hold32_adx34_atrR1p2_x2,bb_breakout_w96_k2p5,bb_breakout,fixed_tp120p0_sl280p0_hold32,fixed,adx34_atrR1p2,2.0,2.8425034490599623,184.25034490599623,165.26196433743436,2.6526196433743436,-17.834721792043705,76.59574468085107,188,0.4806519481211217,1.6010629235005143,0.5997249138391301,2.1000000000000023,-5.900000000000027,25,142,0,21,-0.6756021882136265,False,False,True,True,False,False,False,2025-05-30 10:30:00+00:00,2026-06-25 13:45:00+00:00
HYPE_15M_MII_rsi_reversal_w7_lo30_hi60_fixed_tp90p0_sl280p0_hold16_macd0p0_atr60p0to280p0_x1,rsi_reversal_w7_lo30_hi60,rsi_reversal,fixed_tp90p0_sl280p0_hold16,fixed,macd0p0_atr60p0to280p0,1.0,1.9023141822188046,90.23141822188046,82.30529940023636,1.8230529940023636,-12.792639886589042,76.90217391304348,368,0.9408506218541106,1.4753990212022268,0.18136485179166786,0.7500000000000009,-2.950000000000003,30,274,0,64,-0.6760867953945247,False,False,True,True,True,False,False,2025-05-30 10:30:00+00:00,2026-06-25 13:45:00+00:00
HYPE_15M_MII_rsi_reversal_w7_lo30_hi60_fixed_tp120p0_sl280p0_hold32_macd0p0_atr60p0to280p0_x1,rsi_reversal_w7_lo30_hi60,rsi_reversal,fixed_tp120p0_sl280p0_hold32,fixed,macd0p0_atr60p0to280p0,1.0,2.0117777455385037,101.17777455385037,92.08303856259208,1.9208303856259208,-17.352425159776452,75.1497005988024,334,0.853924205704546,1.3979075508301746,0.22091134638340923,1.0500000000000012,-2.950000000000003,52,245,0,37,-0.6771866219918878,False,False,True,True,True,False,False,2025-05-30 10:30:00+00:00,2026-06-25 13:45:00+00:00
HYPE_15M_MII_bb_reversion_w48_k1p5_fixed_tp90p0_sl180p0_hold32_macd0p0_atr60p0to280p0_x2,bb_reversion_w48_k1p5,bb_reversion,fixed_tp90p0_sl180p0_hold32,fixed,macd0p0_atr60p0to280p0,2.0,1.9958832171670013,99.58832171670014,90.66550421404371,1.9066550421404371,-19.425026100075137,76.32398753894081,321,0.8206876348238301,1.2686673266400466,0.24162236554670746,1.4999999999999796,-3.9000000000000257,73,244,0,4,-0.6949944614717796,False,False,True,True,True,False,False,2025-05-30 10:30:00+00:00,2026-06-25 13:45:00+00:00
HYPE_15M_MII_bb_breakout_w96_k2p5_fixed_tp120p0_sl280p0_hold64_adx16_atrR1p2_x1,bb_breakout_w96_k2p5,bb_breakout,fixed_tp120p0_sl280p0_hold64,fixed,adx16_atrR1p2,1.0,1.9754055008861253,97.54055008861253,88.83812128483358,1.8883812128483357,-18.12426487682949,75.8909853249476,477,1.2195264853924206,1.2446830964639095,0.15613906474239853,1.0500000000000012,-2.9500000000000135,97,360,0,20,-0.6977747133075571,False,False,True,True,True,False,False,2025-05-30 10:30:00+00:00,2026-06-25 13:45:00+00:00
HYPE_15M_MII_bb_reversion_w48_k1p5_fixed_tp90p0_sl180p0_hold64_macd0p0_atr60p0to280p0_x2,bb_reversion_w48_k1p5,bb_reversion,fixed_tp90p0_sl180p0_hold64,fixed,macd0p0_atr60p0to280p0,2.0,1.9719707483456825,97.19707483456826,88.53148965595014,1.8853148965595015,-19.425026100075172,76.63551401869158,321,0.8206876348238301,1.2615384615384533,0.2383177570093381,1.4999999999999796,-3.9000000000000257,75,246,0,0,-0.7052687703321372,False,False,True,True,True,False,False,2025-05-30 10:30:00+00:00,2026-06-25 13:45:00+00:00
HYPE_15M_MII_rsi_reversal_w7_lo30_hi60_fixed_tp90p0_sl280p0_hold64_macd0p0_atr60p0to280p0_x1,rsi_reversal_w7_lo30_hi60,rsi_reversal,fixed_tp90p0_sl280p0_hold64,fixed,macd0p0_atr60p0to280p0,1.0,1.823324217389802,82.33242173898022,75.22653676469801,1.7522653676469802,-18.499443203037902,84.0909090909091,352,0.8999440730778449,1.398519144556035,0.17971779624700895,0.7500000000000009,-2.9500000000000135,53,296,0,3,-0.7079493577602098,False,False,True,True,True,False,False,2025-05-30 10:30:00+00:00,2026-06-25 13:45:00+00:00
HYPE_15M_MII_bb_breakout_w96_k2p5_fixed_tp120p0_sl280p0_hold64_rvol0p75_atrR1p2_x1,bb_breakout_w96_k2p5,bb_breakout,fixed_tp120p0_sl280p0_hold64,fixed,rvol0p75_atrR1p2,1.0,1.9163950422401232,91.63950422401233,83.56510404231202,1.83565104042312,-18.1242648768295,75.78947368421053,475,1.2144131667953872,1.234067015548488,0.1504453284792332,1.0500000000000012,-2.9500000000000135,98,358,0,19,-0.732383598879264,False,False,True,True,True,False,False,2025-05-30 10:30:00+00:00,2026-06-25 13:45:00+00:00
HYPE_15M_MII_rsi_reversal_w7_lo30_hi60_fixed_tp90p0_sl280p0_hold32_macd0p0_atr60p0to280p0_x1,rsi_reversal_w7_lo30_hi60,rsi_reversal,fixed_tp90p0_sl280p0_hold32,fixed,macd0p0_atr60p0to280p0,1.0,1.8327933906206406,83.27933906206407,76.07618002969762,1.7607618002969763,-19.451969598697016,81.46067415730337,356,0.9101707102719113,1.4153403870854175,0.17841762928353586,0.7500000000000009,-2.950000000000003,44,288,0,24,-0.7380902179050279,False,False,True,True,True,False,False,2025-05-30 10:30:00+00:00,2026-06-25 13:45:00+00:00
HYPE_15M_MII_bb_breakout_w96_k2p5_fixed_tp120p0_sl280p0_hold64_h10p0_atrR1p2_x1,bb_breakout_w96_k2p5,bb_breakout,fixed_tp120p0_sl280p0_hold64,fixed,h10p0_atrR1p2,1.0,1.877326389241401,87.73263892414009,80.06813632473944,1.8006813632473944,-19.9202928707361,77.88461538461539,312,0.7976777011371807,1.3579178979719757,0.21488887532515222,1.0500000000000012,-2.9500000000000135,60,242,0,10,-0.7521235101232577,False,False,True,True,True,False,False,2025-05-30 10:30:00+00:00,2026-06-25 13:45:00+00:00
HYPE_15M_MII_bb_reversion_w48_k1p5_fixed_tp90p0_sl280p0_hold32_macd0p0_atr60p0to280p0_x1,bb_reversion_w48_k1p5,bb_reversion,fixed_tp90p0_sl280p0_hold32,fixed,macd0p0_atr60p0to280p0,1.0,1.7001751116189192,70.01751116189192,64.14949094721443,1.6414949094721443,-15.701817352387081,82.08469055374593,307,0.7848944046445977,1.4210325254083074,0.18118319919548026,0.7499999999999898,-2.9500000000000135,38,250,0,19,-0.7764144202284831,False,False,True,True,True,False,False,2025-05-30 10:30:00+00:00,2026-06-25 13:45:00+00:00
HYPE_15M_MII_ema_cross_f89_s377_fixed_tp120p0_sl280p0_hold64_rsi48to78_atrR1p2_x3,ema_cross_f89_s377,ema_cross,fixed_tp120p0_sl280p0_hold64,fixed,rsi48to78_atrR1p2,3.0,3.606906171717244,260.6906171717244,231.33213149712805,3.3133213149712804,-20.46826973990158,82.35294117647058,102,0.2607792484486937,2.090538916574395,1.3532329993290406,3.1500000000000035,-8.85000000000004,13,84,0,5,-0.7793551247229125,False,False,False,True,False,False,False,2025-05-30 10:30:00+00:00,2026-06-25 13:45:00+00:00
HYPE_15M_MII_bb_reversion_w48_k1p5_fixed_tp60p0_sl280p0_hold16_macd0p0_atr60p0to280p0_x2,bb_reversion_w48_k1p5,bb_reversion,fixed_tp60p0_sl280p0_hold16,fixed,macd0p0_atr60p0to280p0,2.0,1.7255722540131972,72.55722540131973,66.43814541431658,1.6643814541431659,-20.04885910718587,85.35031847133759,314,0.802791019734214,1.3362707876466815,0.19212278007993477,0.9000000000000011,-5.900000000000006,22,266,0,26,-0.7808655269849001,False,False,False,True,True,False,False,2025-05-30 10:30:00+00:00,2026-06-25 13:45:00+00:00
HYPE_15M_MII_bb_reversion_w48_k1p5_fixed_tp90p0_sl280p0_hold16_macd0p0_atr60p0to280p0_x1,bb_reversion_w48_k1p5,bb_reversion,fixed_tp90p0_sl280p0_hold16,fixed,macd0p0_atr60p0to280p0,1.0,1.7319803216079437,73.19803216079437,67.0152527369886,1.670152527369886,-13.873626332638766,77.41935483870968,310,0.7925643825401475,1.477762966491295,0.18397143126316215,0.7499999999999898,-2.9500000000000135,26,234,0,50,-0.7846125061898892,False,False,True,True,True,False,False,2025-05-30 10:30:00+00:00,2026-06-25 13:45:00+00:00
HYPE_15M_MII_bb_reversion_w48_k1p5_fixed_tp120p0_sl280p0_hold64_macd0p0_atr60p0to280p0_x1,bb_reversion_w48_k1p5,bb_reversion,fixed_tp120p0_sl280p0_hold64,fixed,macd0p0_atr60p0to280p0,1.0,1.7678818900499749,76.78818900499749,70.24593218407504,1.7024593218407504,-17.407967996351115,78.18791946308725,298,0.7618844709579482,1.3341958507438685,0.20448609424533723,1.0500000000000012,-2.9500000000000135,59,231,0,8,-0.7898806875844036,False,False,True,True,True,False,False,2025-05-30 10:30:00+00:00,2026-06-25 13:45:00+00:00
HYPE_15M_MII_bb_breakout_w96_k2p5_fixed_tp120p0_sl280p0_hold64_atr35p0to400p0_atrR1p2_x1,bb_breakout_w96_k2p5,bb_breakout,fixed_tp120p0_sl280p0_hold64,fixed,atr35p0to400p0_atrR1p2,1.0,2.0393091199112874,103.93091199112874,94.53664120720642,1.9453664120720642,-20.539599062963056,76.19047619047619,483,1.2348664411835202,1.252966565254758,0.16099916071956386,1.0500000000000012,-2.9500000000000135,99,366,0,18,-0.7914240541129623,False,False,False,True,True,False,False,2025-05-30 10:30:00+00:00,2026-06-25 13:45:00+00:00
HYPE_15M_MII_rsi_reversal_w7_lo30_hi60_fixed_tp90p0_sl280p0_hold32_adx28_rsi42to82_x1p5,rsi_reversal_w7_lo30_hi60,rsi_reversal,fixed_tp90p0_sl280p0_hold32,fixed,adx28_rsi42to82,1.5,1.943580940485998,94.35809404859981,85.99567869275081,1.8599567869275082,-20.402312666608914,78.34549878345499,411,1.0507869716903246,1.259815486008216,0.18091688596448754,1.1250000000000013,-4.42500000000002,53,320,0,38,-0.7944817388400209,False,False,False,True,True,False,False,2025-05-30 10:30:00+00:00,2026-06-25 13:45:00+00:00
HYPE_15M_MII_bb_breakout_w96_k2p5_fixed_tp120p0_sl280p0_hold64_adx34_atrR1p2_x1p5,bb_breakout_w96_k2p5,bb_breakout,fixed_tp120p0_sl280p0_hold64,fixed,adx34_atrR1p2,1.5,2.3795787585949864,137.95787585949864,124.68973705349131,2.246897370534913,-13.594858614145267,80.85106382978722,188,0.4806519481211217,1.6223204469492816,0.4884765564087754,1.5750000000000017,-4.42500000000002,32,152,0,4,-0.7972199704425562,False,False,True,True,False,False,False,2025-05-30 10:30:00+00:00,2026-06-25 13:45:00+00:00
HYPE_15M_MII_bb_reversion_w48_k1p5_trail_act100p0_trail50p0_sl180p0_hold64_macd0p0_atr60p0to280p0_x1,bb_reversion_w48_k1p5,bb_reversion,trail_act100p0_trail50p0_sl180p0_hold64,trailing,macd0p0_atr60p0to280p0,1.0,1.668809411367304,66.8809411367304,61.3198537907131,1.613198537907131,-10.720424306175513,75.15923566878982,314,0.802791019734214,1.35511897918942,0.1720178239958949,0.5456239427693301,-1.9500000000000128,78,0,236,0,-0.8160731548972924,False,False,True,True,True,False,False,2025-05-30 10:30:00+00:00,2026-06-25 13:45:00+00:00
HYPE_15M_MII_bb_breakout_w96_k2p5_fixed_tp120p0_sl280p0_hold32_adx34_atrR1p2_x2p5,bb_breakout_w96_k2p5,bb_breakout,fixed_tp120p0_sl280p0_hold32,fixed,adx34_atrR1p2,2.5,3.594280143275919,259.4280143275919,230.2489308268759,3.302489308268759,-21.93229242644591,76.59574468085107,188,0.4806519481211217,1.6010629235005163,0.7496561422989124,2.6250000000000027,-7.375000000000035,25,142,0,21,-0.8189205897934009,False,False,False,True,False,False,False,2025-05-30 10:30:00+00:00,2026-06-25 13:45:00+00:00
HYPE_15M_MII_bb_reversion_w48_k1p5_fixed_tp90p0_sl180p0_hold32_macd0p0_atr60p0to280p0_x1p5,bb_reversion_w48_k1p5,bb_reversion,fixed_tp90p0_sl180p0_hold32,fixed,macd0p0_atr60p0to280p0,1.5,1.7063205063008064,70.63205063008064,64.70348725141952,1.6470348725141952,-14.640471108900954,76.32398753894081,321,0.8206876348238301,1.268667326640046,0.1812167741600306,1.1249999999999847,-2.9250000000000194,73,244,0,4,-0.8194847241227354,False,False,True,True,True,False,False,2025-05-30 10:30:00+00:00,2026-06-25 13:45:00+00:00
HYPE_15M_MII_bb_reversion_w48_k1p5_fixed_tp90p0_sl180p0_hold64_macd0p0_atr60p0to280p0_x1p5,bb_reversion_w48_k1p5,bb_reversion,fixed_tp90p0_sl180p0_hold64,fixed,macd0p0_atr60p0to280p0,1.5,1.6914316699615015,69.14316699615016,63.36105681300077,1.6336105681300077,-14.640471108900954,76.63551401869158,321,0.8206876348238301,1.2615384615384526,0.17873831775700366,1.1249999999999847,-2.9250000000000194,75,246,0,0,-0.8258958764542765,False,False,True,True,True,False,False,2025-05-30 10:30:00+00:00,2026-06-25 13:45:00+00:00
HYPE_15M_MII_rsi_reversal_w7_lo30_hi60_fixed_tp90p0_sl280p0_hold64_macd0p0_atr90p0to350p0_x2p5,rsi_reversal_w7_lo30_hi60,rsi_reversal,fixed_tp90p0_sl280p0_hold64,fixed,macd0p0_atr90p0to350p0,2.5,2.9243816392044084,192.43816392044084,172.3904179571034,2.723904179571034,-20.672423145698215,88.0,150,0.3834988947774907,1.864406779661012,0.7649999999999968,1.875000000000002,-7.375000000000006,18,132,0,0,-0.8365038891736527,False,False,False,True,False,False,False,2025-05-30 10:30:00+00:00,2026-06-25 13:45:00+00:00
HYPE_15M_MII_bb_breakout_w96_k2p5_fixed_tp120p0_sl280p0_hold64_rvol1_atrR1p2_x1,bb_breakout_w96_k2p5,bb_breakout,fixed_tp120p0_sl280p0_hold64,fixed,rvol1_atrR1p2,1.0,1.719128658823597,71.9128658823597,65.85769546036218,1.6585769546036218,-16.2896277154022,75.27593818984548,453,1.158166662228022,1.2036119858269345,0.13324841286453804,1.0500000000000012,-2.9500000000000135,95,339,0,19,-0.8383192213439126,False,False,True,True,True,False,False,2025-05-30 10:30:00+00:00,2026-06-25 13:45:00+00:00
HYPE_15M_MII_bb_breakout_w96_k2p5_fixed_tp120p0_sl280p0_hold64_ret4860p0_atrR1p2_x1,bb_breakout_w96_k2p5,bb_breakout,fixed_tp120p0_sl280p0_hold64,fixed,ret4860p0_atrR1p2,1.0,1.938740831007522,93.8740831007522,85.56311077302519,1.8556311077302519,-20.539599062963056,75.86912065439672,489,1.2502063969746198,1.2308340190026628,0.14892784751967977,1.0500000000000012,-2.9500000000000135,101,369,0,19,-0.8508366279068093,False,False,False,True,True,False,False,2025-05-30 10:30:00+00:00,2026-06-25 13:45:00+00:00
HYPE_15M_MII_bb_reversion_w48_k1p5_fixed_tp60p0_sl280p0_hold16_macd0p0_atr60p0to280p0_x1p5,bb_reversion_w48_k1p5,bb_reversion,fixed_tp60p0_sl280p0_hold16,fixed,macd0p0_atr60p0to280p0,1.5,1.5223136323546667,52.23136323546667,48.055988376981,1.48055988376981,-15.204296188236233,85.35031847133759,314,0.802791019734214,1.3362707876466813,0.1440920850599511,0.6750000000000008,-4.425000000000004,22,266,0,26,-0.8580634727088607,False,False,True,True,True,False,False,2025-05-30 10:30:00+00:00,2026-06-25 13:45:00+00:00
HYPE_15M_MII_bb_breakout_w96_k2p5_fixed_tp120p0_sl280p0_hold64_atrR1p2_x1,bb_breakout_w96_k2p5,bb_breakout,fixed_tp120p0_sl280p0_hold64,fixed,atrR1p2,1.0,1.9270944993526968,92.70944993526969,84.52196718831848,1.8452196718831848,-20.539599062963056,75.76374745417516,491,1.255319715571653,1.2278797946242412,0.14717216095241503,1.0500000000000012,-2.9500000000000135,102,370,0,19,-0.8585580277358394,False,False,False,True,True,False,False,2025-05-30 10:30:00+00:00,2026-06-25 13:45:00+00:00
HYPE_15M_MII_bb_breakout_w96_k2p5_fixed_tp120p0_sl280p0_hold64_ret48m40p0_atrR1p2_x1,bb_breakout_w96_k2p5,bb_breakout,fixed_tp120p0_sl280p0_hold64,fixed,ret48m40p0_atrR1p2,1.0,1.9270944993526968,92.70944993526969,84.52196718831848,1.8452196718831848,-20.539599062963056,75.76374745417516,491,1.255319715571653,1.2278797946242412,0.14717216095241503,1.0500000000000012,-2.9500000000000135,102,370,0,19,-0.8585580277358394,False,False,False,True,True,False,False,2025-05-30 10:30:00+00:00,2026-06-25 13:45:00+00:00
HYPE_15M_MII_bb_breakout_w96_k2p5_fixed_tp120p0_sl280p0_hold64_ret480p0_atrR1p2_x1,bb_breakout_w96_k2p5,bb_breakout,fixed_tp120p0_sl280p0_hold64,fixed,ret480p0_atrR1p2,1.0,1.9270944993526968,92.70944993526969,84.52196718831848,1.8452196718831848,-20.539599062963056,75.76374745417516,491,1.255319715571653,1.2278797946242412,0.14717216095241503,1.0500000000000012,-2.9500000000000135,102,370,0,19,-0.8585580277358394,False,False,False,True,True,False,False,2025-05-30 10:30:00+00:00,2026-06-25 13:45:00+00:00
HYPE_15M_MII_bb_breakout_w96_k2p5_fixed_tp120p0_sl280p0_hold64_rsi52to88_atrR1p2_x1,bb_breakout_w96_k2p5,bb_breakout,fixed_tp120p0_sl280p0_hold64,fixed,rsi52to88_atrR1p2,1.0,1.9070702616058388,90.70702616058388,82.73089127304208,1.8273089127304207,-20.539599062963056,75.71428571428571,490,1.2527630562731364,1.2245685752111908,0.14532965515844037,1.0500000000000012,-2.9500000000000135,102,369,0,19,-0.8705977097489622,False,False,False,True,True,False,False,2025-05-30 10:30:00+00:00,2026-06-25 13:45:00+00:00
HYPE_15M_MII_rsi_reversal_w7_lo30_hi60_fixed_tp90p0_sl280p0_hold32_adx28_rsi42to82_x1,rsi_reversal_w7_lo30_hi60,rsi_reversal,fixed_tp90p0_sl280p0_hold32,fixed,adx28_rsi42to82,1.0,1.5853678249525327,58.53678249525327,53.774879588456834,1.5377487958845684,-13.919440263964622,78.34549878345499,411,1.0507869716903246,1.2598154860082162,0.12061125730965831,0.7500000000000009,-2.9500000000000135,53,320,0,38,-0.8716450091477908,False,False,True,True,True,False,False,2025-05-30 10:30:00+00:00,2026-06-25 13:45:00+00:00
HYPE_15M_MII_bb_breakout_w96_k2p5_fixed_tp120p0_sl280p0_hold64_macd0p0_atrR1p2_x1,bb_breakout_w96_k2p5,bb_breakout,fixed_tp120p0_sl280p0_hold64,fixed,macd0p0_atrR1p2,1.0,1.9044176623275153,90.44176623275153,82.49353538688568,1.8249353538688569,-20.539599062963056,75.7201646090535,486,1.24253641907907,1.2260407121447727,0.14611426137373618,1.0500000000000012,-2.9500000000000135,101,366,0,19,-0.872076057875372,False,False,False,True,True,False,False,2025-05-30 10:30:00+00:00,2026-06-25 13:45:00+00:00
HYPE_15M_MII_ema_pullback_f21_s96_touch60p0_fixed_tp120p0_sl280p0_hold32_macd0p0_atr60p0to280p0_x1,ema_pullback_f21_s96_touch60p0,ema_pullback,fixed_tp120p0_sl280p0_hold32,fixed,macd0p0_atr60p0to280p0,1.0,1.6821736864199253,68.21736864199252,62.5259301155946,1.625259301155946,-17.444036149740107,74.58563535911603,362,0.9255106660630109,1.258033359900227,0.15600987166528718,1.0500000000000012,-2.9500000000000135,64,260,0,38,-0.8803907047967539,False,False,True,True,True,False,False,2025-05-30 10:30:00+00:00,2026-06-25 13:45:00+00:00
HYPE_15M_MII_ema_pullback_f21_s96_touch120p0_fixed_tp120p0_sl280p0_hold32_macd0p0_atr60p0to280p0_x1,ema_pullback_f21_s96_touch120p0,ema_pullback,fixed_tp120p0_sl280p0_hold32,fixed,macd0p0_atr60p0to280p0,1.0,1.6821736864199253,68.21736864199252,62.5259301155946,1.625259301155946,-17.444036149740107,74.58563535911603,362,0.9255106660630109,1.258033359900227,0.15600987166528718,1.0500000000000012,-2.9500000000000135,64,260,0,38,-0.8803907047967539,False,False,True,True,True,False,False,2025-05-30 10:30:00+00:00,2026-06-25 13:45:00+00:00
HYPE_15M_MII_ema_pullback_f21_s96_touch200p0_fixed_tp120p0_sl280p0_hold32_macd0p0_atr60p0to280p0_x1,ema_pullback_f21_s96_touch200p0,ema_pullback,fixed_tp120p0_sl280p0_hold32,fixed,macd0p0_atr60p0to280p0,1.0,1.6821736864199253,68.21736864199252,62.5259301155946,1.625259301155946,-17.444036149740107,74.58563535911603,362,0.9255106660630109,1.258033359900227,0.15600987166528718,1.0500000000000012,-2.9500000000000135,64,260,0,38,-0.8803907047967539,False,False,True,True,True,False,False,2025-05-30 10:30:00+00:00,2026-06-25 13:45:00+00:00
HYPE_15M_MII_rsi_reversal_w7_lo30_hi60_fixed_tp120p0_sl280p0_hold64_macd0p0_atr60p0to280p0_x1,rsi_reversal_w7_lo30_hi60,rsi_reversal,fixed_tp120p0_sl280p0_hold64,fixed,macd0p0_atr60p0to280p0,1.0,1.9855367554245784,98.55367554245784,89.74236634574673,1.8974236634574673,-20.94125420189471,78.35365853658537,328,0.8385842499134464,1.3701605515766238,0.222263041364051,1.0500000000000012,-2.9500000000000135,64,257,0,7,-0.8838874312698324,False,False,False,True,True,False,False,2025-05-30 10:30:00+00:00,2026-06-25 13:45:00+00:00
HYPE_15M_MII_ema_cross_f89_s377_fixed_tp260p0_sl280p0_hold64_rvol1_atr35p0to400p0_x3,ema_cross_f89_s377,ema_cross,fixed_tp260p0_sl280p0_hold64,fixed,rvol1_atr35p0to400p0,3.0,3.7903199836833905,279.03199836833903,247.03956886741585,3.4703956886741585,-19.541936899596777,74.50980392156863,51,0.13038962422434686,2.3262101313618677,2.8862386660124253,7.350000000000007,-8.85000000000004,12,33,0,6,-0.888428705800453,False,False,True,True,False,False,False,2025-05-30 10:30:00+00:00,2026-06-25 13:45:00+00:00
HYPE_15M_MII_bb_reversion_w48_k1p5_fixed_tp90p0_sl280p0_hold64_macd0p0_atr60p0to280p0_x1,bb_reversion_w48_k1p5,bb_reversion,fixed_tp90p0_sl280p0_hold64,fixed,macd0p0_atr60p0to280p0,1.0,1.516427649012311,51.6427649012311,47.52135066481233,1.4752135066481233,-16.2742231207438,83.33333333333334,306,0.7823377453460811,1.3042906036956705,0.14550444585946776,0.7499999999999898,-2.9500000000000135,48,254,0,4,-0.8930848176229043,False,False,True,True,True,False,False,2025-05-30 10:30:00+00:00,2026-06-25 13:45:00+00:00
HYPE_15M_MII_ema_cross_f21_s89_fixed_tp90p0_sl280p0_hold64_ret480p0_atrR1p2_x1p5,ema_cross_f21_s89,ema_cross,fixed_tp90p0_sl280p0_hold64,fixed,ret480p0_atrR1p2,1.5,1.6435375180118497,64.35375180118497,59.037406828280695,1.590374068282807,-19.559942523951314,82.26950354609929,282,0.7209779221816826,1.2715249336532153,0.1976406322315661,1.1249999999999847,-4.42500000000002,45,232,0,5,-0.8934308480446445,False,False,True,True,False,False,False,2025-05-30 10:30:00+00:00,2026-06-25 13:45:00+00:00
HYPE_15M_MII_rsi_reversal_w7_lo30_hi60_fixed_tp90p0_sl280p0_hold64_adx28_rsi42to82_x1,rsi_reversal_w7_lo30_hi60,rsi_reversal,fixed_tp90p0_sl280p0_hold64,fixed,adx28_rsi42to82,1.0,1.5419090426915618,54.19090426915618,49.83490299583116,1.4983490299583115,-16.59030606948543,81.66259168704157,409,1.0456736530932913,1.2329630381912264,0.11544653364613272,0.7500000000000009,-2.9500000000000135,66,333,0,10,-0.8950783855712914,False,False,True,True,True,False,False,2025-05-30 10:30:00+00:00,2026-06-25 13:45:00+00:00
HYPE_15M_MII_ema_cross_f89_s377_fixed_tp120p0_sl280p0_hold64_rsi48to78_atrR1p2_x2p5,ema_cross_f89_s377,ema_cross,fixed_tp120p0_sl280p0_hold64,fixed,rsi48to78_atrR1p2,2.5,2.9531861361170466,195.31861361170465,174.89502775224315,2.7489502775224315,-17.21097308572078,82.35294117647058,102,0.2607792484486937,2.090538916574397,1.1276941661075335,2.6250000000000027,-7.375000000000035,13,84,0,5,-0.8962972971258886,False,False,True,True,False,False,False,2025-05-30 10:30:00+00:00,2026-06-25 13:45:00+00:00
HYPE_15M_MII_rsi_reversal_w7_lo30_hi60_fixed_tp90p0_sl280p0_hold64_macd0p0_atr90p0to350p0_x2,rsi_reversal_w7_lo30_hi60,rsi_reversal,fixed_tp90p0_sl280p0_hold64,fixed,macd0p0_atr90p0to350p0,2.0,2.388530539999513,138.8530539999513,125.47896364589147,2.2547896364589146,-16.69810827160607,88.0,150,0.3834988947774907,1.8644067796610189,0.6119999999999977,1.5000000000000018,-5.900000000000006,18,132,0,0,-0.8981970959022186,False,False,True,True,False,False,False,2025-05-30 10:30:00+00:00,2026-06-25 13:45:00+00:00
HYPE_15M_MII_ema_pullback_f21_s96_touch60p0_fixed_tp90p0_sl280p0_hold32_macd0p0_atr60p0to280p0_x1,ema_pullback_f21_s96_touch60p0,ema_pullback,fixed_tp90p0_sl280p0_hold32,fixed,macd0p0_atr60p0to280p0,1.0,1.5285188461227976,52.85188461227976,48.619474433251874,1.4861947443325187,-15.414827241634399,80.10471204188482,382,0.976643852033343,1.2512118250312945,0.11991827521082639,0.7499999999999898,-2.9500000000000135,53,304,0,25,-0.9082626871416595,False,False,True,True,True,False,False,2025-05-30 10:30:00+00:00,2026-06-25 13:45:00+00:00
HYPE_15M_MII_ema_pullback_f21_s96_touch120p0_fixed_tp90p0_sl280p0_hold32_macd0p0_atr60p0to280p0_x1,ema_pullback_f21_s96_touch120p0,ema_pullback,fixed_tp90p0_sl280p0_hold32,fixed,macd0p0_atr60p0to280p0,1.0,1.5285188461227976,52.85188461227976,48.619474433251874,1.4861947443325187,-15.414827241634399,80.10471204188482,382,0.976643852033343,1.2512118250312945,0.11991827521082639,0.7499999999999898,-2.9500000000000135,53,304,0,25,-0.9082626871416595,False,False,True,True,True,False,False,2025-05-30 10:30:00+00:00,2026-06-25 13:45:00+00:00
HYPE_15M_MII_ema_pullback_f21_s96_touch200p0_fixed_tp90p0_sl280p0_hold32_macd0p0_atr60p0to280p0_x1,ema_pullback_f21_s96_touch200p0,ema_pullback,fixed_tp90p0_sl280p0_hold32,fixed,macd0p0_atr60p0to280p0,1.0,1.5285188461227976,52.85188461227976,48.619474433251874,1.4861947443325187,-15.414827241634399,80.10471204188482,382,0.976643852033343,1.2512118250312945,0.11991827521082639,0.7499999999999898,-2.9500000000000135,53,304,0,25,-0.9082626871416595,False,False,True,True,True,False,False,2025-05-30 10:30:00+00:00,2026-06-25 13:45:00+00:00
HYPE_15M_MII_rsi_reversal_w7_lo40_hi70_fixed_tp60p0_sl280p0_hold64_macd0p0_atr90p0to350p0_x3,rsi_reversal_w7_lo40_hi70,rsi_reversal,fixed_tp60p0_sl280p0_hold64,fixed,macd0p0_atr90p0to350p0,3.0,2.1576168869584955,115.76168869584956,105.05570062946994,2.0505570062946994,-19.667291192799862,91.47727272727273,176,0.4499720365389224,1.637288135593225,0.48068181818181865,1.3500000000000016,-8.85000000000004,15,161,0,0,-0.9087749625860247,False,False,True,True,False,False,False,2025-05-30 10:30:00+00:00,2026-06-25 13:45:00+00:00
HYPE_15M_MII_rsi_reversal_w7_lo40_hi70_fixed_tp60p0_sl280p0_hold32_macd0p0_atr90p0to350p0_x3,rsi_reversal_w7_lo40_hi70,rsi_reversal,fixed_tp60p0_sl280p0_hold32,fixed,macd0p0_atr90p0to350p0,3.0,2.1576168869584955,115.76168869584956,105.05570062946994,2.0505570062946994,-19.667291192799862,91.47727272727273,176,0.4499720365389224,1.637288135593225,0.48068181818181865,1.3500000000000016,-8.85000000000004,15,161,0,0,-0.9087749625860247,False,False,True,True,False,False,False,2025-05-30 10:30:00+00:00,2026-06-25 13:45:00+00:00
HYPE_15M_MII_bb_breakout_w96_k2p5_fixed_tp90p0_sl280p0_hold32_adx34_atrR1p2_x2,bb_breakout_w96_k2p5,bb_breakout,fixed_tp90p0_sl280p0_hold32,fixed,adx34_atrR1p2,2.0,2.046629732631421,104.6629732631421,95.18868586493821,1.951886858649382,-16.864518090215142,81.73076923076923,208,0.5317851340914538,1.4473027256771547,0.3771154932270956,1.4999999999999796,-5.900000000000027,24,169,0,15,-0.9146745770387759,False,False,True,True,False,False,False,2025-05-30 10:30:00+00:00,2026-06-25 13:45:00+00:00
HYPE_15M_MII_bb_breakout_w96_k2p5_fixed_tp120p0_sl280p0_hold32_adx34_atrR1p2_x1p5,bb_breakout_w96_k2p5,bb_breakout,fixed_tp120p0_sl280p0_hold32,fixed,adx34_atrR1p2,1.5,2.2238975276782953,122.38975276782953,110.93208718566099,2.10932087185661,-13.594858614145267,76.59574468085107,188,0.4806519481211217,1.6010629235005125,0.4497936853793476,1.5750000000000017,-4.42500000000002,25,142,0,21,-0.9167150959655426,False,False,True,True,False,False,False,2025-05-30 10:30:00+00:00,2026-06-25 13:45:00+00:00
HYPE_15M_MII_ema_pullback_f21_s96_touch60p0_fixed_tp90p0_sl280p0_hold64_macd0p0_atr60p0to280p0_x1,ema_pullback_f21_s96_touch60p0,ema_pullback,fixed_tp90p0_sl280p0_hold64,fixed,macd0p0_atr60p0to280p0,1.0,1.4910534193634521,49.10534193634521,45.21497007157862,1.4521497007157862,-16.71387165052454,82.52688172043011,372,0.951077259048177,1.2342116111291979,0.11710555837179147,0.7499999999999898,-2.9500000000000135,61,306,0,5,-0.9236099184746474,False,False,True,True,True,False,False,2025-05-30 10:30:00+00:00,2026-06-25 13:45:00+00:00
HYPE_15M_MII_ema_pullback_f21_s96_touch120p0_fixed_tp90p0_sl280p0_hold64_macd0p0_atr60p0to280p0_x1,ema_pullback_f21_s96_touch120p0,ema_pullback,fixed_tp90p0_sl280p0_hold64,fixed,macd0p0_atr60p0to280p0,1.0,1.4910534193634521,49.10534193634521,45.21497007157862,1.4521497007157862,-16.71387165052454,82.52688172043011,372,0.951077259048177,1.2342116111291979,0.11710555837179147,0.7499999999999898,-2.9500000000000135,61,306,0,5,-0.9236099184746474,False,False,True,True,True,False,False,2025-05-30 10:30:00+00:00,2026-06-25 13:45:00+00:00
HYPE_15M_MII_ema_pullback_f21_s96_touch200p0_fixed_tp90p0_sl280p0_hold64_macd0p0_atr60p0to280p0_x1,ema_pullback_f21_s96_touch200p0,ema_pullback,fixed_tp90p0_sl280p0_hold64,fixed,macd0p0_atr60p0to280p0,1.0,1.4910534193634521,49.10534193634521,45.21497007157862,1.4521497007157862,-16.71387165052454,82.52688172043011,372,0.951077259048177,1.2342116111291979,0.11710555837179147,0.7499999999999898,-2.9500000000000135,61,306,0,5,-0.9236099184746474,False,False,True,True,True,False,False,2025-05-30 10:30:00+00:00,2026-06-25 13:45:00+00:00
HYPE_15M_MII_rsi_reversal_w7_lo30_hi60_fixed_tp90p0_sl280p0_hold32_macd0p0_atr90p0to350p0_x2p5,rsi_reversal_w7_lo30_hi60,rsi_reversal,fixed_tp90p0_sl280p0_hold32,fixed,macd0p0_atr90p0to350p0,2.5,2.7450171299146473,174.50171299146473,156.75686427976277,2.5675686427976276,-20.672423145698204,86.66666666666667,150,0.3834988947774907,1.8010234660671711,0.7227352429791187,1.875000000000002,-7.375000000000006,18,130,0,2,-0.9245775897539157,False,False,False,True,False,False,False,2025-05-30 10:30:00+00:00,2026-06-25 13:45:00+00:00
HYPE_15M_MII_bb_reversion_w48_k1p5_fixed_tp60p0_sl280p0_hold32_macd0p0_atr60p0to280p0_x1p5,bb_reversion_w48_k1p5,bb_reversion,fixed_tp60p0_sl280p0_hold32,fixed,macd0p0_atr60p0to280p0,1.5,1.4141330569502972,41.41330569502972,38.20724164646665,1.3820724164646665,-17.224908855166788,87.89808917197452,314,0.802791019734214,1.2605102132926407,0.12262007922502229,0.6750000000000008,-4.425000000000004,30,276,0,8,-0.9314768314554407,False,False,True,True,True,False,False,2025-05-30 10:30:00+00:00,2026-06-25 13:45:00+00:00
HYPE_15M_MII_bb_breakout_w96_k2p5_fixed_tp120p0_sl280p0_hold64_rsi42to82_atrR1p2_x1,bb_breakout_w96_k2p5,bb_breakout,fixed_tp120p0_sl280p0_hold64,fixed,rsi42to82_atrR1p2,1.0,1.8075095949961355,80.75095949961354,73.80688149200212,1.7380688149200212,-20.539599062963056,75.46777546777547,481,1.2297531225864868,1.2093291482397748,0.13671835972481444,1.0500000000000012,-2.9500000000000135,101,361,0,19,-0.9320565466778018,False,False,False,True,True,False,False,2025-05-30 10:30:00+00:00,2026-06-25 13:45:00+00:00
HYPE_15M_MII_rsi_reversal_w7_lo30_hi60_fixed_tp90p0_sl280p0_hold64_macd0p0_atr60p0to280p0_x0p5,rsi_reversal_w7_lo30_hi60,rsi_reversal,fixed_tp90p0_sl280p0_hold64,fixed,macd0p0_atr60p0to280p0,0.5,1.361205373293265,36.120537329326496,33.37074026556126,1.3337074026556126,-9.488981845968658,84.0909090909091,352,0.8999440730778449,1.398519144556035,0.08985889812350448,0.37500000000000044,-1.4750000000000068,53,296,0,3,-0.9326474021888951,False,False,True,True,True,False,False,2025-05-30 10:30:00+00:00,2026-06-25 13:45:00+00:00
HYPE_15M_MII_bb_breakout_w96_k2p5_fixed_tp90p0_sl280p0_hold32_adx34_atrR1p2_x2p5,bb_breakout_w96_k2p5,bb_breakout,fixed_tp90p0_sl280p0_hold32,fixed,adx34_atrR1p2,2.5,2.394630763328877,139.46307633288768,126.01667273500006,2.2601667273500006,-20.861210693582287,81.73076923076923,208,0.5317851340914538,1.4473027256771547,0.4713943665338694,1.8749999999999742,-7.375000000000035,24,169,0,15,-0.9494135957456016,False,False,False,True,False,False,False,2025-05-30 10:30:00+00:00,2026-06-25 13:45:00+00:00
HYPE_15M_MII_bb_reversion_w48_k1p5_fixed_tp60p0_sl280p0_hold16_macd0p0_atr60p0to280p0_x1,bb_reversion_w48_k1p5,bb_reversion,fixed_tp60p0_sl280p0_hold16,fixed,macd0p0_atr60p0to280p0,1.0,1.332982506600231,33.2982506600231,30.786688612918468,1.3078668861291847,-10.242229458429975,85.35031847133759,314,0.802791019734214,1.3362707876466815,0.09606139003996739,0.45000000000000057,-2.950000000000003,22,266,0,26,-0.9497349424162007,False,False,True,True,True,False,False,2025-05-30 10:30:00+00:00,2026-06-25 13:45:00+00:00
HYPE_15M_MII_bb_reversion_w48_k1p5_fixed_tp90p0_sl180p0_hold32_macd0p0_atr60p0to280p0_x1,bb_reversion_w48_k1p5,bb_reversion,fixed_tp90p0_sl180p0_hold32,fixed,macd0p0_atr60p0to280p0,1.0,1.443151221363882,44.3151221363882,40.85379517359993,1.4085379517359993,-9.795958243791237,76.32398753894081,321,0.8206876348238301,1.2686673266400466,0.12081118277335373,0.7499999999999898,-1.9500000000000128,73,244,0,4,-0.9513136591141262,False,False,True,True,True,False,False,2025-05-30 10:30:00+00:00,2026-06-25 13:45:00+00:00
HYPE_15M_MII_ema_cross_f89_s377_fixed_tp120p0_sl280p0_hold64_atrR1p2_x2p5,ema_cross_f89_s377,ema_cross,fixed_tp120p0_sl280p0_hold64,fixed,atrR1p2,2.5,2.8503738427531626,185.03738427531627,165.94775847360825,2.6594775847360825,-19.493181347113865,81.30841121495327,107,0.27356254494127674,1.9613117057556284,1.0461221386986768,2.6250000000000027,-7.375000000000035,14,87,0,6,-0.9524264186465938,False,False,True,True,False,False,False,2025-05-30 10:30:00+00:00,2026-06-25 13:45:00+00:00
HYPE_15M_MII_ema_cross_f89_s377_fixed_tp120p0_sl280p0_hold64_atrR1p2_churn8_x2p5,ema_cross_f89_s377,ema_cross,fixed_tp120p0_sl280p0_hold64,fixed,atrR1p2_churn8,2.5,2.8503738427531626,185.03738427531627,165.94775847360825,2.6594775847360825,-19.493181347113865,81.30841121495327,107,0.27356254494127674,1.9613117057556284,1.0461221386986768,2.6250000000000027,-7.375000000000035,14,87,0,6,-0.9524264186465938,False,False,True,True,False,False,False,2025-05-30 10:30:00+00:00,2026-06-25 13:45:00+00:00
HYPE_15M_MII_ema_cross_f89_s377_fixed_tp120p0_sl280p0_hold64_atrR1p2_churn4_x2p5,ema_cross_f89_s377,ema_cross,fixed_tp120p0_sl280p0_hold64,fixed,atrR1p2_churn4,2.5,2.8503738427531626,185.03738427531627,165.94775847360825,2.6594775847360825,-19.493181347113865,81.30841121495327,107,0.27356254494127674,1.9613117057556284,1.0461221386986768,2.6250000000000027,-7.375000000000035,14,87,0,6,-0.9524264186465938,False,False,True,True,False,False,False,2025-05-30 10:30:00+00:00,2026-06-25 13:45:00+00:00
HYPE_15M_MII_ema_cross_f89_s377_fixed_tp120p0_sl280p0_hold64_atrR1p2_age4_x2p5,ema_cross_f89_s377,ema_cross,fixed_tp120p0_sl280p0_hold64,fixed,atrR1p2_age4,2.5,2.8503738427531626,185.03738427531627,165.94775847360825,2.6594775847360825,-19.493181347113865,81.30841121495327,107,0.27356254494127674,1.9613117057556284,1.0461221386986768,2.6250000000000027,-7.375000000000035,14,87,0,6,-0.9524264186465938,False,False,True,True,False,False,False,2025-05-30 10:30:00+00:00,2026-06-25 13:45:00+00:00
HYPE_15M_MII_ema_cross_f89_s377_fixed_tp120p0_sl280p0_hold64_atrR1p2_age16_x2p5,ema_cross_f89_s377,ema_cross,fixed_tp120p0_sl280p0_hold64,fixed,atrR1p2_age16,2.5,2.8503738427531626,185.03738427531627,165.94775847360825,2.6594775847360825,-19.493181347113865,81.30841121495327,107,0.27356254494127674,1.9613117057556284,1.0461221386986768,2.6250000000000027,-7.375000000000035,14,87,0,6,-0.9524264186465938,False,False,True,True,False,False,False,2025-05-30 10:30:00+00:00,2026-06-25 13:45:00+00:00
HYPE_15M_MII_bb_breakout_w96_k2p5_fixed_tp120p0_sl280p0_hold64_atr35p0to400p0_atrR1p2_x0p5,bb_breakout_w96_k2p5,bb_breakout,fixed_tp120p0_sl280p0_hold64,fixed,atr35p0to400p0_atrR1p2,0.5,1.4515800000347185,45.158000003471855,41.62186495051543,1.4162186495051543,-10.557885839784154,76.19047619047619,483,1.2348664411835202,1.252966565254758,0.08049958035978193,0.5250000000000006,-1.4750000000000068,99,366,0,18,-0.9540618346992318,False,False,True,True,True,False,False,2025-05-30 10:30:00+00:00,2026-06-25 13:45:00+00:00
HYPE_15M_MII_rsi_reversal_w7_lo30_hi60_fixed_tp90p0_sl280p0_hold16_macd0p0_atr60p0to280p0_x0p5,rsi_reversal_w7_lo30_hi60,rsi_reversal,fixed_tp90p0_sl280p0_hold16,fixed,macd0p0_atr60p0to280p0,0.5,1.3877115566710427,38.771155667104274,35.79438621869908,1.3579438621869908,-6.4958432237873565,76.90217391304348,368,0.9408506218541106,1.4753990212022268,0.09068242589583393,0.37500000000000044,-1.4750000000000014,30,274,0,64,-0.9541706172024342,False,False,True,True,True,False,False,2025-05-30 10:30:00+00:00,2026-06-25 13:45:00+00:00
HYPE_15M_MII_bb_reversion_w48_k1p5_fixed_tp90p0_sl180p0_hold64_macd0p0_atr60p0to280p0_x1,bb_reversion_w48_k1p5,bb_reversion,fixed_tp90p0_sl180p0_hold64,fixed,macd0p0_atr60p0to280p0,1.0,1.4350047357641575,43.50047357641576,40.11116709413442,1.4011116709413443,-9.795958243791159,76.63551401869158,321,0.8206876348238301,1.2615384615384533,0.11915887850466905,0.7499999999999898,-1.9500000000000128,75,246,0,0,-0.954227302954707,False,False,True,True,True,False,False,2025-05-30 10:30:00+00:00,2026-06-25 13:45:00+00:00
HYPE_15M_MII_rsi_reversal_w7_lo30_hi60_fixed_tp120p0_sl280p0_hold64_macd0p0_atr60p0to280p0_x0p5,rsi_reversal_w7_lo30_hi60,rsi_reversal,fixed_tp120p0_sl280p0_hold64,fixed,macd0p0_atr60p0to280p0,0.5,1.4244525736847908,42.44525736847908,39.14882409621565,1.3914882409621565,-10.816700550062297,78.35365853658537,328,0.8385842499134464,1.3701605515766238,0.1111315206820255,0.5250000000000006,-1.4750000000000068,64,257,0,7,-0.9551077447105336,False,False,True,True,True,False,False,2025-05-30 10:30:00+00:00,2026-06-25 13:45:00+00:00
HYPE_15M_MII_rsi_reversal_w7_lo30_hi60_fixed_tp120p0_sl280p0_hold32_macd0p0_atr60p0to280p0_x0p5,rsi_reversal_w7_lo30_hi60,rsi_reversal,fixed_tp120p0_sl280p0_hold32,fixed,macd0p0_atr60p0to280p0,0.5,1.432275786676829,43.2275786676829,39.86233563940262,1.3986233563940262,-8.83767859477974,75.1497005988024,334,0.853924205704546,1.3979075508301746,0.11045567319170461,0.5250000000000006,-1.4750000000000014,52,245,0,37,-0.9615290083337537,False,False,True,True,True,False,False,2025-05-30 10:30:00+00:00,2026-06-25 13:45:00+00:00
HYPE_15M_MII_bb_breakout_w96_k2p5_fixed_tp120p0_sl280p0_hold64_adx16_atrR1p2_x0p5,bb_breakout_w96_k2p5,bb_breakout,fixed_tp120p0_sl280p0_hold64,fixed,adx16_atrR1p2,0.5,1.4282943224319626,42.829432243196266,39.49924085165013,1.3949924085165013,-9.290968743063921,75.8909853249476,477,1.2195264853924206,1.2446830964639095,0.07806953237119926,0.5250000000000006,-1.4750000000000068,97,360,0,20,-0.9616116199946465,False,False,True,True,True,False,False,2025-05-30 10:30:00+00:00,2026-06-25 13:45:00+00:00
HYPE_15M_MII_rsi_reversal_w7_lo30_hi60_fixed_tp90p0_sl280p0_hold32_macd0p0_atr60p0to280p0_x0p5,rsi_reversal_w7_lo30_hi60,rsi_reversal,fixed_tp90p0_sl280p0_hold32,fixed,macd0p0_atr60p0to280p0,0.5,1.3638316519747156,36.383165197471556,33.611017756815876,1.3361101775681588,-10.020461677041437,81.46067415730337,356,0.9101707102719113,1.4153403870854175,0.08920881464176793,0.37500000000000044,-1.4750000000000014,44,288,0,24,-0.9622243174867895,False,False,True,True,True,False,False,2025-05-30 10:30:00+00:00,2026-06-25 13:45:00+00:00
HYPE_15M_MII_ema_cross_f89_s377_fixed_tp120p0_sl280p0_hold64_atrR1p2_cool4_x2p5,ema_cross_f89_s377,ema_cross,fixed_tp120p0_sl280p0_hold64,fixed,atrR1p2_cool4,2.5,2.8471745472233905,184.71745472233906,165.66899999352893,2.6566899999352893,-19.328597403869217,81.55339805825243,103,0.2633359077472103,2.0217314370102737,1.081893872240373,2.6250000000000027,-7.375000000000035,13,84,0,6,-0.9649981448347273,False,False,True,True,False,False,False,2025-05-30 10:30:00+00:00,2026-06-25 13:45:00+00:00
HYPE_15M_MII_rsi_reversal_w7_lo30_hi60_fixed_tp90p0_sl280p0_hold32_macd0p0_atr90p0to350p0_x2,rsi_reversal_w7_lo30_hi60,rsi_reversal,fixed_tp90p0_sl280p0_hold32,fixed,macd0p0_atr90p0to350p0,2.0,2.270560053465068,127.05600534650681,115.0621798027183,2.150621798027183,-16.69810827160607,86.66666666666667,150,0.3834988947774907,1.8010234660671784,0.5781881943832952,1.5000000000000018,-5.900000000000006,18,130,0,2,-0.9692468853688151,False,False,True,True,False,False,False,2025-05-30 10:30:00+00:00,2026-06-25 13:45:00+00:00
HYPE_15M_MII_ema_pullback_f34_s96_touch60p0_fixed_tp90p0_sl280p0_hold64_macd0p0_atr60p0to280p0_x1,ema_pullback_f34_s96_touch60p0,ema_pullback,fixed_tp90p0_sl280p0_hold64,fixed,macd0p0_atr60p0to280p0,1.0,1.3944967154320653,39.449671543206534,36.414306090319435,1.3641430609031944,-14.190771086203057,82.40469208211144,341,0.8718208207941622,1.2111813873593884,0.10740917398494143,0.7499999999999898,-2.9500000000000135,58,280,0,3,-0.9709200466690882,False,False,True,True,True,False,False,2025-05-30 10:30:00+00:00,2026-06-25 13:45:00+00:00
HYPE_15M_MII_ema_pullback_f34_s96_touch120p0_fixed_tp90p0_sl280p0_hold64_macd0p0_atr60p0to280p0_x1,ema_pullback_f34_s96_touch120p0,ema_pullback,fixed_tp90p0_sl280p0_hold64,fixed,macd0p0_atr60p0to280p0,1.0,1.3944967154320653,39.449671543206534,36.414306090319435,1.3641430609031944,-14.190771086203057,82.40469208211144,341,0.8718208207941622,1.2111813873593884,0.10740917398494143,0.7499999999999898,-2.9500000000000135,58,280,0,3,-0.9709200466690882,False,False,True,True,True,False,False,2025-05-30 10:30:00+00:00,2026-06-25 13:45:00+00:00
HYPE_15M_MII_ema_pullback_f34_s96_touch200p0_fixed_tp90p0_sl280p0_hold64_macd0p0_atr60p0to280p0_x1,ema_pullback_f34_s96_touch200p0,ema_pullback,fixed_tp90p0_sl280p0_hold64,fixed,macd0p0_atr60p0to280p0,1.0,1.3944967154320653,39.449671543206534,36.414306090319435,1.3641430609031944,-14.190771086203057,82.40469208211144,341,0.8718208207941622,1.2111813873593884,0.10740917398494143,0.7499999999999898,-2.9500000000000135,58,280,0,3,-0.9709200466690882,False,False,True,True,True,False,False,2025-05-30 10:30:00+00:00,2026-06-25 13:45:00+00:00
HYPE_15M_MII_rsi_reversal_w7_lo40_hi80_fixed_tp90p0_sl280p0_hold64_ret4860p0_age16_x1p5,rsi_reversal_w7_lo40_hi80,rsi_reversal,fixed_tp90p0_sl280p0_hold64,fixed,ret4860p0_age16,1.5,1.7035952983128533,70.35952983128533,64.45783096383802,1.6445783096383801,-20.24143924373024,82.95454545454545,264,0.6749580548083837,1.3137809810702998,0.22289296245735324,1.1249999999999847,-4.42500000000002,41,219,0,4,-0.971777868830974,False,False,False,True,False,False,False,2025-05-30 10:30:00+00:00,2026-06-25 13:45:00+00:00
HYPE_15M_MII_ema_cross_f89_s377_fixed_tp120p0_sl280p0_hold64_atr35p0to400p0_atrR1p2_x2p5,ema_cross_f89_s377,ema_cross,fixed_tp120p0_sl280p0_hold64,fixed,atr35p0to400p0_atrR1p2,2.5,2.807402724251687,180.74027242516868,162.20189439020328,2.6220189439020327,-19.493181347113865,81.9047619047619,105,0.2684492263442435,1.9566874856052987,1.0512041954492795,2.6250000000000027,-7.375000000000035,14,86,0,5,-0.9720638502198372,False,False,True,True,False,False,False,2025-05-30 10:30:00+00:00,2026-06-25 13:45:00+00:00
HYPE_15M_MII_ema_pullback_f21_s96_touch60p0_fixed_tp120p0_sl280p0_hold32_macd0p0_rsi52to88_x1,ema_pullback_f21_s96_touch60p0,ema_pullback,fixed_tp120p0_sl280p0_hold32,fixed,macd0p0_rsi52to88,1.0,1.5331701472187549,53.31701472187549,49.041752742350965,1.4904175274235096,-14.735214777028983,72.3342939481268,347,0.8871607765852619,1.2240164241889158,0.13494964932829423,1.0500000000000012,-2.9500000000000135,54,241,0,52,-0.9759111550962015,False,False,True,True,True,False,False,2025-05-30 10:30:00+00:00,2026-06-25 13:45:00+00:00
HYPE_15M_MII_ema_pullback_f21_s96_touch120p0_fixed_tp120p0_sl280p0_hold32_macd0p0_rsi52to88_x1,ema_pullback_f21_s96_touch120p0,ema_pullback,fixed_tp120p0_sl280p0_hold32,fixed,macd0p0_rsi52to88,1.0,1.5331701472187549,53.31701472187549,49.041752742350965,1.4904175274235096,-14.735214777028983,72.3342939481268,347,0.8871607765852619,1.2240164241889158,0.13494964932829423,1.0500000000000012,-2.9500000000000135,54,241,0,52,-0.9759111550962015,False,False,True,True,True,False,False,2025-05-30 10:30:00+00:00,2026-06-25 13:45:00+00:00
HYPE_15M_MII_ema_pullback_f21_s96_touch200p0_fixed_tp120p0_sl280p0_hold32_macd0p0_rsi52to88_x1,ema_pullback_f21_s96_touch200p0,ema_pullback,fixed_tp120p0_sl280p0_hold32,fixed,macd0p0_rsi52to88,1.0,1.5331701472187549,53.31701472187549,49.041752742350965,1.4904175274235096,-14.735214777028983,72.3342939481268,347,0.8871607765852619,1.2240164241889158,0.13494964932829423,1.0500000000000012,-2.9500000000000135,54,241,0,52,-0.9759111550962015,False,False,True,True,True,False,False,2025-05-30 10:30:00+00:00,2026-06-25 13:45:00+00:00
HYPE_15M_MII_bb_reversion_w48_k1p5_fixed_tp90p0_sl280p0_hold32_macd0p0_atr60p0to280p0_x0p5,bb_reversion_w48_k1p5,bb_reversion,fixed_tp90p0_sl280p0_hold32,fixed,macd0p0_atr60p0to280p0,0.5,1.3122996735463102,31.229967354631015,28.8906972027249,1.288906972027249,-8.064871876636515,82.08469055374593,307,0.7848944046445977,1.4210325254083074,0.09059159959774013,0.3749999999999949,-1.4750000000000068,38,250,0,19,-0.9771165653273599,False,False,True,True,True,False,False,2025-05-30 10:30:00+00:00,2026-06-25 13:45:00+00:00
HYPE_15M_MII_bb_breakout_w96_k2p5_fixed_tp120p0_sl280p0_hold64_rvol0p75_atrR1p2_x0p5,bb_breakout_w96_k2p5,bb_breakout,fixed_tp120p0_sl280p0_hold64,fixed,rvol0p75_atrR1p2,0.5,1.4068567341252052,40.685673412520515,37.5430557651951,1.375430557651951,-9.218864085038469,75.78947368421053,475,1.2144131667953872,1.234067015548488,0.0752226642396166,0.5250000000000006,-1.4750000000000068,98,358,0,19,-0.9779840333026222,False,False,True,True,True,False,False,2025-05-30 10:30:00+00:00,2026-06-25 13:45:00+00:00
HYPE_15M_MII_ema_cross_f89_s377_fixed_tp260p0_sl280p0_hold64_rvol0p75_atrR1p2_x2p5,ema_cross_f89_s377,ema_cross,fixed_tp260p0_sl280p0_hold64,fixed,rvol0p75_atrR1p2,2.5,3.469215289690338,246.9215289690338,219.50572488146656,3.1950572488146656,-18.323246466271893,70.96774193548387,62,0.1585128765080295,2.191770263618468,2.189146522840853,6.125000000000005,-7.375000000000035,14,38,0,10,-0.97967499974355,False,False,True,True,False,False,False,2025-05-30 10:30:00+00:00,2026-06-25 13:45:00+00:00
HYPE_15M_MII_bb_breakout_w96_k2p5_fixed_tp120p0_sl280p0_hold64_ret4860p0_atrR1p2_x0p5,bb_breakout_w96_k2p5,bb_breakout,fixed_tp120p0_sl280p0_hold64,fixed,ret4860p0_atrR1p2,0.5,1.4157643430599778,41.57643430599778,38.356115069488126,1.3835611506948813,-10.557885839784154,75.86912065439672,489,1.2502063969746198,1.2308340190026628,0.07446392375983989,0.5250000000000006,-1.4750000000000068,101,369,0,19,-0.9838708175200334,False,False,True,True,True,False,False,2025-05-30 10:30:00+00:00,2026-06-25 13:45:00+00:00
HYPE_15M_MII_ema_pullback_f34_s96_touch60p0_fixed_tp90p0_sl280p0_hold32_macd0p0_atr60p0to280p0_x1,ema_pullback_f34_s96_touch60p0,ema_pullback,fixed_tp90p0_sl280p0_hold32,fixed,macd0p0_atr60p0to280p0,1.0,1.4242209557268806,42.42209557268806,39.12769557053135,1.3912769557053135,-15.902067049161383,80.45977011494253,348,0.8897174358837785,1.2272145747462244,0.11071964284190938,0.7499999999999898,-2.9500000000000135,51,277,0,20,-0.9850732751816992,False,False,True,True,True,False,False,2025-05-30 10:30:00+00:00,2026-06-25 13:45:00+00:00
HYPE_15M_MII_ema_pullback_f34_s96_touch120p0_fixed_tp90p0_sl280p0_hold32_macd0p0_atr60p0to280p0_x1,ema_pullback_f34_s96_touch120p0,ema_pullback,fixed_tp90p0_sl280p0_hold32,fixed,macd0p0_atr60p0to280p0,1.0,1.4242209557268806,42.42209557268806,39.12769557053135,1.3912769557053135,-15.902067049161383,80.45977011494253,348,0.8897174358837785,1.2272145747462244,0.11071964284190938,0.7499999999999898,-2.9500000000000135,51,277,0,20,-0.9850732751816992,False,False,True,True,True,False,False,2025-05-30 10:30:00+00:00,2026-06-25 13:45:00+00:00
HYPE_15M_MII_ema_pullback_f34_s96_touch200p0_fixed_tp90p0_sl280p0_hold32_macd0p0_atr60p0to280p0_x1,ema_pullback_f34_s96_touch200p0,ema_pullback,fixed_tp90p0_sl280p0_hold32,fixed,macd0p0_atr60p0to280p0,1.0,1.4242209557268806,42.42209557268806,39.12769557053135,1.3912769557053135,-15.902067049161383,80.45977011494253,348,0.8897174358837785,1.2272145747462244,0.11071964284190938,0.7499999999999898,-2.9500000000000135,51,277,0,20,-0.9850732751816992,False,False,True,True,True,False,False,2025-05-30 10:30:00+00:00,2026-06-25 13:45:00+00:00
HYPE_15M_MII_ema_cross_f89_s377_fixed_tp120p0_sl280p0_hold64_rsi48to78_x3,ema_cross_f89_s377,ema_cross,fixed_tp120p0_sl280p0_hold64,fixed,rsi48to78,3.0,2.999003211049489,199.90032110494892,178.87559268054005,2.7887559268054005,-20.46826973990158,80.35714285714286,112,0.2863458414338597,1.7503216046487367,1.0850871958175181,3.1500000000000035,-8.85000000000004,17,90,0,5,-0.9857752699590407,False,False,False,True,False,False,False,2025-05-30 10:30:00+00:00,2026-06-25 13:45:00+00:00
HYPE_15M_MII_ema_cross_f89_s377_fixed_tp120p0_sl280p0_hold64_rsi48to78_churn8_x3,ema_cross_f89_s377,ema_cross,fixed_tp120p0_sl280p0_hold64,fixed,rsi48to78_churn8,3.0,2.999003211049489,199.90032110494892,178.87559268054005,2.7887559268054005,-20.46826973990158,80.35714285714286,112,0.2863458414338597,1.7503216046487367,1.0850871958175181,3.1500000000000035,-8.85000000000004,17,90,0,5,-0.9857752699590407,False,False,False,True,False,False,False,2025-05-30 10:30:00+00:00,2026-06-25 13:45:00+00:00
HYPE_15M_MII_ema_cross_f89_s377_fixed_tp120p0_sl280p0_hold64_rsi48to78_churn4_x3,ema_cross_f89_s377,ema_cross,fixed_tp120p0_sl280p0_hold64,fixed,rsi48to78_churn4,3.0,2.999003211049489,199.90032110494892,178.87559268054005,2.7887559268054005,-20.46826973990158,80.35714285714286,112,0.2863458414338597,1.7503216046487367,1.0850871958175181,3.1500000000000035,-8.85000000000004,17,90,0,5,-0.9857752699590407,False,False,False,True,False,False,False,2025-05-30 10:30:00+00:00,2026-06-25 13:45:00+00:00
HYPE_15M_MII_bb_breakout_w96_k2p5_fixed_tp120p0_sl280p0_hold64_h10p0_atrR1p2_x0p5,bb_breakout_w96_k2p5,bb_breakout,fixed_tp120p0_sl280p0_hold64,fixed,h10p0_atrR1p2,0.5,1.3842123556176826,38.42123556176826,35.47460654278542,1.3547460654278543,-10.388244024320525,77.88461538461539,312,0.7976777011371807,1.3579178979719757,0.10744443766257611,0.5250000000000006,-1.4750000000000068,60,242,0,10,-0.9859476486735226,False,False,True,True,True,False,False,2025-05-30 10:30:00+00:00,2026-06-25 13:45:00+00:00
HYPE_15M_MII_bb_breakout_w96_k2p5_fixed_tp120p0_sl280p0_hold64_atrR1p2_x0p5,bb_breakout_w96_k2p5,bb_breakout,fixed_tp120p0_sl280p0_hold64,fixed,atrR1p2,0.5,1.4116421882646057,41.164218826460576,37.979899598442614,1.3797989959844261,-10.557885839784154,75.76374745417516,491,1.255319715571653,1.2278797946242412,0.07358608047620752,0.5250000000000006,-1.4750000000000068,102,370,0,19,-0.9880236507810151,False,False,True,True,True,False,False,2025-05-30 10:30:00+00:00,2026-06-25 13:45:00+00:00
HYPE_15M_MII_bb_breakout_w96_k2p5_fixed_tp120p0_sl280p0_hold64_ret48m40p0_atrR1p2_x0p5,bb_breakout_w96_k2p5,bb_breakout,fixed_tp120p0_sl280p0_hold64,fixed,ret48m40p0_atrR1p2,0.5,1.4116421882646057,41.164218826460576,37.979899598442614,1.3797989959844261,-10.557885839784154,75.76374745417516,491,1.255319715571653,1.2278797946242412,0.07358608047620752,0.5250000000000006,-1.4750000000000068,102,370,0,19,-0.9880236507810151,False,False,True,True,True,False,False,2025-05-30 10:30:00+00:00,2026-06-25 13:45:00+00:00
HYPE_15M_MII_bb_breakout_w96_k2p5_fixed_tp120p0_sl280p0_hold64_ret480p0_atrR1p2_x0p5,bb_breakout_w96_k2p5,bb_breakout,fixed_tp120p0_sl280p0_hold64,fixed,ret480p0_atrR1p2,0.5,1.4116421882646057,41.164218826460576,37.979899598442614,1.3797989959844261,-10.557885839784154,75.76374745417516,491,1.255319715571653,1.2278797946242412,0.07358608047620752,0.5250000000000006,-1.4750000000000068,102,370,0,19,-0.9880236507810151,False,False,True,True,True,False,False,2025-05-30 10:30:00+00:00,2026-06-25 13:45:00+00:00
HYPE_15M_MII_bb_reversion_w48_k1p5_fixed_tp60p0_sl280p0_hold32_macd0p0_atr60p0to280p0_x1,bb_reversion_w48_k1p5,bb_reversion,fixed_tp60p0_sl280p0_hold32,fixed,macd0p0_atr60p0to280p0,1.0,1.2708757007098919,27.087570070989187,25.087385293600416,1.2508738529360042,-11.63371202451855,87.89808917197452,314,0.802791019734214,1.26051021329264,0.08174671948334818,0.45000000000000057,-2.950000000000003,30,276,0,8,-0.9884264538130674,False,False,True,True,True,False,False,2025-05-30 10:30:00+00:00,2026-06-25 13:45:00+00:00
HYPE_15M_MII_ema_cross_f89_s377_fixed_tp120p0_sl280p0_hold64_rsi42to82_atrR1p2_x2p5,ema_cross_f89_s377,ema_cross,fixed_tp120p0_sl280p0_hold64,fixed,rsi42to82_atrR1p2,2.5,2.7774653766169677,177.74653766169678,159.58996571011338,2.5958996571011337,-19.493181347113865,81.13207547169812,106,0.2710058856427601,1.9387678930457934,1.0312270645354567,2.6250000000000027,-7.375000000000035,14,86,0,6,-0.988579119373726,False,False,True,True,False,False,False,2025-05-30 10:30:00+00:00,2026-06-25 13:45:00+00:00
HYPE_15M_MII_ema_cross_f21_s89_fixed_tp90p0_sl280p0_hold64_ret480p0_atrR1p2_x1,ema_cross_f21_s89,ema_cross,fixed_tp90p0_sl280p0_hold64,fixed,ret480p0_atrR1p2,1.0,1.411800678941918,41.180067894191794,37.99436586241502,1.3799436586241502,-13.275978754252094,82.26950354609929,282,0.7209779221816826,1.2715249336532162,0.1317604214877107,0.7499999999999898,-2.9500000000000135,45,232,0,5,-0.9935608316948734,False,False,True,True,False,False,False,2025-05-30 10:30:00+00:00,2026-06-25 13:45:00+00:00
HYPE_15M_MII_ema_cross_f89_s377_fixed_tp260p0_sl280p0_hold64_adx22_rvol1_x3,ema_cross_f89_s377,ema_cross,fixed_tp260p0_sl280p0_hold64,fixed,adx22_rvol1,3.0,3.5817734361973437,258.17734361973436,229.1757185768342,3.291757185768342,-19.541936899596777,73.33333333333333,45,0.11504966843324722,2.4808820813520964,3.1121966608306946,7.350000000000007,-8.85000000000004,10,31,0,4,-0.9939142932210305,False,False,True,True,False,False,False,2025-05-30 10:30:00+00:00,2026-06-25 13:45:00+00:00
HYPE_15M_MII_bb_breakout_w96_k2p5_fixed_tp120p0_sl280p0_hold64_rsi52to88_atrR1p2_x0p5,bb_breakout_w96_k2p5,bb_breakout,fixed_tp120p0_sl280p0_hold64,fixed,rsi52to88_atrR1p2,0.5,1.4042697719618062,40.42697719618062,37.30686201814555,1.3730686201814555,-10.557885839784154,75.71428571428571,490,1.2527630562731364,1.2245685752111908,0.07266482757922019,0.5250000000000006,-1.4750000000000068,102,369,0,19,-0.9940810354176816,False,False,True,True,True,False,False,2025-05-30 10:30:00+00:00,2026-06-25 13:45:00+00:00
HYPE_15M_MII_bb_breakout_w96_k2p5_fixed_tp120p0_sl280p0_hold64_macd0p0_atrR1p2_x0p5,bb_breakout_w96_k2p5,bb_breakout,fixed_tp120p0_sl280p0_hold64,fixed,macd0p0_atrR1p2,0.5,1.4030781406039872,40.30781406039872,37.198054501524645,1.3719805450152465,-10.557885839784154,75.7201646090535,486,1.24253641907907,1.2260407121447727,0.07305713068686809,0.5250000000000006,-1.4750000000000068,101,366,0,19,-0.9949238086206676,False,False,True,True,True,False,False,2025-05-30 10:30:00+00:00,2026-06-25 13:45:00+00:00
HYPE_15M_MII_rsi_reversal_w7_lo40_hi60_fixed_tp120p0_sl280p0_hold64_macd0p0_atr90p0to350p0_x1,rsi_reversal_w7_lo40_hi60,rsi_reversal,fixed_tp120p0_sl280p0_hold64,fixed,macd0p0_atr90p0to350p0,1.0,1.8988987179541634,89.88987179541634,81.99962737594362,1.8199962737594362,-20.611434838670228,80.31496062992126,254,0.6493914618232176,1.4595639763591188,0.26552694112318925,1.0500000000000012,-2.9500000000000135,49,204,0,1,-0.9953304360090822,False,False,False,True,False,False,False,2025-05-30 10:30:00+00:00,2026-06-25 13:45:00+00:00
HYPE_15M_MII_bb_breakout_w96_k2p5_fixed_tp120p0_sl280p0_hold64_adx22_atrR1p2_x0p5,bb_breakout_w96_k2p5,bb_breakout,fixed_tp120p0_sl280p0_hold64,fixed,adx22_atrR1p2,0.5,1.3915330251887668,39.15330251887668,36.143555832282814,1.3614355583228281,-11.031119105217135,76.84478371501272,393,1.0047671043170256,1.2779163020933855,0.08739587194392208,0.5250000000000006,-1.4750000000000068,79,300,0,14,-0.9971800974406745,False,False,True,True,True,False,False,2025-05-30 10:30:00+00:00,2026-06-25 13:45:00+00:00
HYPE_15M_MII_ema_cross_f89_s377_fixed_tp120p0_sl280p0_hold32_rsi48to78_atrR1p2_x3,ema_cross_f89_s377,ema_cross,fixed_tp120p0_sl280p0_hold32,fixed,rsi48to78_atrR1p2,3.0,2.843118389032875,184.31183890328748,165.31555223011262,2.6531555223011263,-17.994063367120283,77.45098039215686,102,0.2607792484486937,1.8844460828247136,1.10881470136616,3.1500000000000035,-8.85000000000004,10,76,0,16,-0.9981967101119696,False,False,True,True,False,False,False,2025-05-30 10:30:00+00:00,2026-06-25 13:45:00+00:00
HYPE_15M_MII_bb_breakout_w96_k2p5_fixed_tp90p0_sl280p0_hold64_adx22_atrR1p2_x1,bb_breakout_w96_k2p5,bb_breakout,fixed_tp90p0_sl280p0_hold64,fixed,adx22_atrR1p2,1.0,1.4196074929469222,41.96074929469222,38.706801385092106,1.387068013850921,-18.12446490390016,81.48984198645599,443,1.132600069242856,1.1705936133552681,0.08906792953773199,0.7499999999999898,-2.9500000000000135,75,361,0,7,-1.0004472509963886,False,False,True,True,True,False,False,2025-05-30 10:30:00+00:00,2026-06-25 13:45:00+00:00
HYPE_15M_MII_bb_reversion_w48_k1p5_fixed_tp120p0_sl280p0_hold64_macd0p0_atr60p0to280p0_x0p5,bb_reversion_w48_k1p5,bb_reversion,fixed_tp120p0_sl280p0_hold64,fixed,macd0p0_atr60p0to280p0,0.5,1.3429157805306233,34.29157805306233,31.69657625696731,1.3169657625696731,-8.956395975298214,78.18791946308725,298,0.7618844709579482,1.3341958507438685,0.10224304712266861,0.5250000000000006,-1.4750000000000068,59,231,0,8,-1.0006577629721547,False,False,True,True,True,False,False,2025-05-30 10:30:00+00:00,2026-06-25 13:45:00+00:00
HYPE_15M_MII_ema_cross_f89_s377_fixed_tp120p0_sl280p0_hold64_atrR1p2_cool12_x2p5,ema_cross_f89_s377,ema_cross,fixed_tp120p0_sl280p0_hold64,fixed,atrR1p2_cool12,2.5,2.774347914468589,177.4347914468589,159.31787127810705,2.5931787127810706,-19.328597403869217,81.37254901960785,102,0.2607792484486937,1.9976632056172936,1.0667653807917488,2.6250000000000027,-7.375000000000035,13,83,0,6,-1.001189314467681,False,False,True,True,False,False,False,2025-05-30 10:30:00+00:00,2026-06-25 13:45:00+00:00
HYPE_15M_MII_rsi_reversal_w7_lo40_hi60_fixed_tp120p0_sl280p0_hold64_macd0p0_atr60p0to280p0_x0p5,rsi_reversal_w7_lo40_hi60,rsi_reversal,fixed_tp120p0_sl280p0_hold64,fixed,macd0p0_atr60p0to280p0,0.5,1.4232986504043883,42.32986504043883,39.04355928675673,1.3904355928675673,-13.712440624267618,76.37362637362637,546,1.3959359769900663,1.2047483631293396,0.06814387235569834,0.5250000000000006,-1.4750000000000068,120,417,0,9,-1.0047275090053918,False,False,True,True,True,False,False,2025-05-30 10:30:00+00:00,2026-06-25 13:45:00+00:00
HYPE_15M_MII_bb_reversion_w48_k1p5_fixed_tp90p0_sl280p0_hold16_macd0p0_atr60p0to280p0_x0p5,bb_reversion_w48_k1p5,bb_reversion,fixed_tp90p0_sl280p0_hold16,fixed,macd0p0_atr60p0to280p0,0.5,1.323027743008582,32.3027743008582,29.874382212694005,1.29874382212694,-7.077955246803979,77.41935483870968,310,0.7925643825401475,1.477762966491295,0.09198571563158107,0.3749999999999949,-1.4750000000000068,26,234,0,50,-1.0053141152321392,False,False,True,True,True,False,False,2025-05-30 10:30:00+00:00,2026-06-25 13:45:00+00:00
HYPE_15M_MII_rsi_reversal_w7_lo30_hi60_fixed_tp90p0_sl280p0_hold64_atr90p0to350p0_cool24_x1,rsi_reversal_w7_lo30_hi60,rsi_reversal,fixed_tp90p0_sl280p0_hold64,fixed,atr90p0to350p0_cool24,1.0,1.3671223586245118,36.71223586245118,33.912040363099806,1.339120403630998,-15.489427265410981,82.11382113821138,369,0.9434072811526272,1.1820864749457807,0.09486499011887692,0.7499999999999898,-2.9500000000000135,65,303,0,1,-1.0078310376816073,False,False,True,True,True,False,False,2025-05-30 10:30:00+00:00,2026-06-25 13:45:00+00:00
HYPE_15M_MII_rsi_reversal_w7_lo40_hi70_fixed_tp60p0_sl280p0_hold64_macd0p0_atr90p0to350p0_x2p5,rsi_reversal_w7_lo40_hi70,rsi_reversal,fixed_tp60p0_sl280p0_hold64,fixed,macd0p0_atr90p0to350p0,2.5,1.9193199993513812,91.93199993513812,83.82672091393731,1.838267209139373,-16.53040252441982,91.47727272727273,176,0.4499720365389224,1.6372881355932172,0.40056818181818205,1.1250000000000013,-7.375000000000035,15,161,0,0,-1.0079231285018504,False,False,True,True,False,False,False,2025-05-30 10:30:00+00:00,2026-06-25 13:45:00+00:00
HYPE_15M_MII_rsi_reversal_w7_lo40_hi70_fixed_tp60p0_sl280p0_hold32_macd0p0_atr90p0to350p0_x2p5,rsi_reversal_w7_lo40_hi70,rsi_reversal,fixed_tp60p0_sl280p0_hold32,fixed,macd0p0_atr90p0to350p0,2.5,1.9193199993513812,91.93199993513812,83.82672091393731,1.838267209139373,-16.53040252441982,91.47727272727273,176,0.4499720365389224,1.6372881355932172,0.40056818181818205,1.1250000000000013,-7.375000000000035,15,161,0,0,-1.0079231285018504,False,False,True,True,False,False,False,2025-05-30 10:30:00+00:00,2026-06-25 13:45:00+00:00
HYPE_15M_MII_ema_cross_f89_s377_fixed_tp120p0_sl280p0_hold64_rsi48to78_atr35p0to400p0_x3,ema_cross_f89_s377,ema_cross,fixed_tp120p0_sl280p0_hold64,fixed,rsi48to78_atr35p0to400p0,3.0,2.945106434098164,194.5106434098164,174.19264499096278,2.7419264499096276,-20.46826973990158,80.9090909090909,110,0.28123252283682654,1.7446572534259317,1.0878128359023747,3.1500000000000035,-8.85000000000004,17,89,0,4,-1.009543549781319,False,False,False,True,False,False,False,2025-05-30 10:30:00+00:00,2026-06-25 13:45:00+00:00
HYPE_15M_MII_ema_cross_f89_s377_fixed_tp120p0_sl280p0_hold64_rsi52to88_atrR1p2_x3,ema_cross_f89_s377,ema_cross,fixed_tp120p0_sl280p0_hold64,fixed,rsi52to88_atrR1p2,3.0,3.0198356375978146,201.98356375978145,180.68416935251426,2.8068416935251426,-20.46826973990158,81.1881188118812,101,0.2582225891501771,1.876540312155912,1.1945849200202827,3.1500000000000035,-8.85000000000004,14,82,0,5,-1.0113775054275163,False,False,False,True,False,False,False,2025-05-30 10:30:00+00:00,2026-06-25 13:45:00+00:00
HYPE_15M_MII_ema_cross_f89_s377_fixed_tp260p0_sl280p0_hold64_rvol1_age16_x3,ema_cross_f89_s377,ema_cross,fixed_tp260p0_sl280p0_hold64,fixed,rvol1_age16,3.0,3.4856239449968616,248.56239449968615,220.91668781310415,3.2091668781310414,-19.541936899596777,72.54901960784314,51,0.13038962422434686,2.2342299782892026,2.7170299205673447,7.350000000000007,-8.85000000000004,12,32,0,7,-1.0124166848352385,False,False,True,True,False,False,False,2025-05-30 10:30:00+00:00,2026-06-25 13:45:00+00:00
HYPE_15M_MII_ema_cross_f21_s89_fixed_tp120p0_sl280p0_hold64_ret480p0_atrR1p2_x1,ema_cross_f21_s89,ema_cross,fixed_tp120p0_sl280p0_hold64,fixed,ret480p0_atrR1p2,1.0,1.5208541595879665,52.08541595879665,47.923433808186864,1.4792343380818687,-15.462553021899906,76.53429602888086,277,0.7081946256890995,1.2597865525635794,0.1649025054404773,1.0500000000000012,-2.9500000000000135,58,210,0,9,-1.0125425828122645,False,False,True,True,False,False,False,2025-05-30 10:30:00+00:00,2026-06-25 13:45:00+00:00
HYPE_15M_MII_ema_cross_f89_s377_fixed_tp180p0_sl280p0_hold64_adx22_macd0p0_x3,ema_cross_f89_s377,ema_cross,fixed_tp180p0_sl280p0_hold64,fixed,adx22_macd0p0,3.0,3.3419354260166148,234.19354260166148,208.54588779260473,3.0854588779260474,-20.127474684211112,76.19047619047619,63,0.1610695358065461,2.2717788561656715,2.07797351790471,4.950000000000005,-8.85000000000004,11,47,0,5,-1.0130143391105382,False,False,False,True,False,False,False,2025-05-30 10:30:00+00:00,2026-06-25 13:45:00+00:00
HYPE_15M_MII_bb_reversion_w48_k1p5_fixed_tp90p0_sl280p0_hold32_macd0p0_rsi42to82_x1p5,bb_reversion_w48_k1p5,bb_reversion,fixed_tp90p0_sl280p0_hold32,fixed,macd0p0_rsi42to82,1.5,1.8238152465287611,82.38152465287611,75.2706026454344,1.752706026454344,-20.413146242355108,79.05138339920948,253,0.646834802524701,1.4045450924499285,0.25509215207220015,1.1249999999999847,-4.42500000000002,28,199,0,26,-1.0145631759956475,False,False,False,True,False,False,False,2025-05-30 10:30:00+00:00,2026-06-25 13:45:00+00:00
HYPE_15M_MII_bb_breakout_w96_k2p5_fixed_tp120p0_sl280p0_hold64_atrR1p2_churn8_x1,bb_breakout_w96_k2p5,bb_breakout,fixed_tp120p0_sl280p0_hold64,fixed,atrR1p2_churn8,1.0,1.6749852359665482,67.49852359665482,61.8772782207901,1.618772782207901,-20.539599062963042,75.39863325740319,439,1.1223734320487895,1.199535706772962,0.13122438409086498,1.0500000000000012,-2.9500000000000135,93,329,0,17,-1.0157838721099164,False,False,False,True,True,False,False,2025-05-30 10:30:00+00:00,2026-06-25 13:45:00+00:00
HYPE_15M_MII_bb_breakout_w96_k2p5_fixed_tp90p0_sl280p0_hold64_h10p0_atrR1p2_x1,bb_breakout_w96_k2p5,bb_breakout,fixed_tp90p0_sl280p0_hold64,fixed,h10p0_atrR1p2,1.0,1.3652675179229834,36.52675179229834,33.74237177445334,1.3374237177445334,-15.848343815138321,81.5028901734104,346,0.8846041172867453,1.1950555369804619,0.09977103270281391,0.7499999999999898,-2.9500000000000135,57,282,0,7,-1.0189669999433022,False,False,True,True,True,False,False,2025-05-30 10:30:00+00:00,2026-06-25 13:45:00+00:00
HYPE_15M_MII_bb_reversion_w20_k2_fixed_tp60p0_sl280p0_hold64_ret480p0_cool24_x1p5,bb_reversion_w20_k2,bb_reversion,fixed_tp60p0_sl280p0_hold64,fixed,ret480p0_cool24,1.5,1.3039566625691745,30.39566625691745,28.125336763534747,1.2812533676353475,-18.257246033715337,88.66666666666667,300,0.7669977895549814,1.205324629155425,0.10167887699174276,0.6750000000000008,-4.42500000000002,33,265,0,2,-1.0199416646075048,False,False,True,True,True,False,False,2025-05-30 10:30:00+00:00,2026-06-25 13:45:00+00:00
HYPE_15M_MII_bb_breakout_w96_k2p5_fixed_tp120p0_sl280p0_hold64_adx22_atrR1p2_x1,bb_breakout_w96_k2p5,bb_breakout,fixed_tp120p0_sl280p0_hold64,fixed,adx22_atrR1p2,1.0,1.8858803446062202,88.58803446062203,80.8341945278104,1.808341945278104,-21.26976983783252,76.84478371501272,393,1.0047671043170256,1.2779163020933855,0.17479174388784416,1.0500000000000012,-2.9500000000000135,79,300,0,14,-1.024959261154046,False,False,False,True,True,False,False,2025-05-30 10:30:00+00:00,2026-06-25 13:45:00+00:00
HYPE_15M_MII_bb_reversion_w48_k1p5_fixed_tp60p0_sl280p0_hold32_macd0p0_rsi42to82_x1p5,bb_reversion_w48_k1p5,bb_reversion,fixed_tp60p0_sl280p0_hold32,fixed,macd0p0_rsi42to82,1.5,1.4991623195566732,49.91623195566732,45.95230568949287,1.4595230568949287,-16.868569277786506,86.66666666666667,255,0.6519481211217343,1.406936530883278,0.16920299199087738,0.6750000000000008,-4.425000000000004,19,221,0,15,-1.025034829747862,False,False,True,True,False,False,False,2025-05-30 10:30:00+00:00,2026-06-25 13:45:00+00:00
HYPE_15M_MII_bb_breakout_w96_k2p5_fixed_tp120p0_sl280p0_hold64_rsi42to82_atrR1p2_x0p5,bb_breakout_w96_k2p5,bb_breakout,fixed_tp120p0_sl280p0_hold64,fixed,rsi42to82_atrR1p2,0.5,1.3668203924036548,36.682039240365484,33.88441952440262,1.3388441952440262,-10.557885839784154,75.46777546777547,481,1.2297531225864868,1.2093291482397748,0.06835917986240722,0.5250000000000006,-1.4750000000000068,101,361,0,19,-1.0252099832979429,False,False,True,True,True,False,False,2025-05-30 10:30:00+00:00,2026-06-25 13:45:00+00:00
HYPE_15M_MII_bb_reversion_w48_k1p5_fixed_tp90p0_sl280p0_hold64_macd0p0_atr60p0to280p0_x0p5,bb_reversion_w48_k1p5,bb_reversion,fixed_tp90p0_sl280p0_hold64,fixed,macd0p0_atr60p0to280p0,0.5,1.2404196736007613,24.041967360076132,22.285863573837993,1.22285863573838,-8.35407069254238,83.33333333333334,306,0.7823377453460811,1.3042906036956705,0.07275222292973388,0.3749999999999949,-1.4750000000000068,48,254,0,4,-1.0267302481065643,False,False,True,True,True,False,False,2025-05-30 10:30:00+00:00,2026-06-25 13:45:00+00:00
HYPE_15M_MII_ema_cross_f89_s377_fixed_tp120p0_sl280p0_hold64_rsi48to78_age4_x3,ema_cross_f89_s377,ema_cross,fixed_tp120p0_sl280p0_hold64,fixed,rsi48to78_age4,3.0,2.9074194968972265,190.74194968972265,170.91476211660202,2.70914762116602,-20.46826973990158,80.18018018018019,111,0.28378918213534315,1.7308735868193061,1.0664843777618205,3.1500000000000035,-8.85000000000004,17,89,0,5,-1.0283022537765807,False,False,False,True,False,False,False,2025-05-30 10:30:00+00:00,2026-06-25 13:45:00+00:00
HYPE_15M_MII_ema_cross_f89_s377_fixed_tp120p0_sl280p0_hold64_rsi48to78_age16_x3,ema_cross_f89_s377,ema_cross,fixed_tp120p0_sl280p0_hold64,fixed,rsi48to78_age16,3.0,2.9074194968972265,190.74194968972265,170.91476211660202,2.70914762116602,-20.46826973990158,80.18018018018019,111,0.28378918213534315,1.7308735868193061,1.0664843777618205,3.1500000000000035,-8.85000000000004,17,89,0,5,-1.0283022537765807,False,False,False,True,False,False,False,2025-05-30 10:30:00+00:00,2026-06-25 13:45:00+00:00
HYPE_15M_MII_ema_cross_f89_s377_fixed_tp120p0_sl280p0_hold64_rsi48to78_atrR2p2_x3,ema_cross_f89_s377,ema_cross,fixed_tp120p0_sl280p0_hold64,fixed,rsi48to78_atrR2p2,3.0,2.9074194968972265,190.74194968972265,170.91476211660202,2.70914762116602,-20.46826973990158,80.18018018018019,111,0.28378918213534315,1.7308735868193061,1.0664843777618205,3.1500000000000035,-8.85000000000004,17,89,0,5,-1.0283022537765807,False,False,False,True,False,False,False,2025-05-30 10:30:00+00:00,2026-06-25 13:45:00+00:00
HYPE_15M_MII_ema_cross_f89_s377_fixed_tp120p0_sl280p0_hold64_rsi48to78_atrR1p6_x3,ema_cross_f89_s377,ema_cross,fixed_tp120p0_sl280p0_hold64,fixed,rsi48to78_atrR1p6,3.0,2.9074194968972265,190.74194968972265,170.91476211660202,2.70914762116602,-20.46826973990158,80.18018018018019,111,0.28378918213534315,1.7308735868193061,1.0664843777618205,3.1500000000000035,-8.85000000000004,17,89,0,5,-1.0283022537765807,False,False,False,True,False,False,False,2025-05-30 10:30:00+00:00,2026-06-25 13:45:00+00:00
HYPE_15M_MII_ema_pullback_f21_s96_touch60p0_trail_act100p0_trail50p0_sl180p0_hold64_macd0p0_rsi52to88_x1,ema_pullback_f21_s96_touch60p0,ema_pullback,trail_act100p0_trail50p0_sl180p0_hold64,trailing,macd0p0_rsi52to88,1.0,1.497578784959186,49.7578784959186,45.80833697531379,1.458083369753138,-15.682919333225186,70.53824362606233,353,0.9025007323763615,1.2204682091569456,0.1250535248142264,0.5790299240270804,-1.9500000000000128,102,0,249,2,-1.0285156072439707,False,False,True,True,True,False,False,2025-05-30 10:30:00+00:00,2026-06-25 13:45:00+00:00
HYPE_15M_MII_ema_pullback_f21_s96_touch120p0_trail_act100p0_trail50p0_sl180p0_hold64_macd0p0_rsi52to88_x1,ema_pullback_f21_s96_touch120p0,ema_pullback,trail_act100p0_trail50p0_sl180p0_hold64,trailing,macd0p0_rsi52to88,1.0,1.497578784959186,49.7578784959186,45.80833697531379,1.458083369753138,-15.682919333225186,70.53824362606233,353,0.9025007323763615,1.2204682091569456,0.1250535248142264,0.5790299240270804,-1.9500000000000128,102,0,249,2,-1.0285156072439707,False,False,True,True,True,False,False,2025-05-30 10:30:00+00:00,2026-06-25 13:45:00+00:00
HYPE_15M_MII_ema_pullback_f21_s96_touch200p0_trail_act100p0_trail50p0_sl180p0_hold64_macd0p0_rsi52to88_x1,ema_pullback_f21_s96_touch200p0,ema_pullback,trail_act100p0_trail50p0_sl180p0_hold64,trailing,macd0p0_rsi52to88,1.0,1.497578784959186,49.7578784959186,45.80833697531379,1.458083369753138,-15.682919333225186,70.53824362606233,353,0.9025007323763615,1.2204682091569456,0.1250535248142264,0.5790299240270804,-1.9500000000000128,102,0,249,2,-1.0285156072439707,False,False,True,True,True,False,False,2025-05-30 10:30:00+00:00,2026-06-25 13:45:00+00:00
HYPE_15M_MII_bb_reversion_w48_k1p5_trail_act100p0_trail50p0_sl180p0_hold64_macd0p0_atr60p0to280p0_x0p5,bb_reversion_w48_k1p5,bb_reversion,trail_act100p0_trail50p0_sl180p0_hold64,trailing,macd0p0_atr60p0to280p0,0.5,1.3009125760399793,30.091257603997935,27.84600166204074,1.2784600166204074,-5.468317107949883,75.15923566878982,314,0.802791019734214,1.35511897918942,0.08600891199794745,0.27281197138466506,-0.9750000000000064,78,0,236,0,-1.029588571133619,False,False,True,True,True,False,False,2025-05-30 10:30:00+00:00,2026-06-25 13:45:00+00:00
HYPE_15M_MII_ema_pullback_f21_s96_touch60p0_trail_act100p0_trail50p0_sl180p0_hold64_macd0p0_atr60p0to280p0_x1,ema_pullback_f21_s96_touch60p0,ema_pullback,trail_act100p0_trail50p0_sl180p0_hold64,trailing,macd0p0_atr60p0to280p0,1.0,1.5254255103088508,52.54255103088508,48.33859225898149,1.483385922589815,-18.356976747810126,71.11716621253406,367,0.9382939625555939,1.2227272415769181,0.12544338101893504,0.6189677520280714,-1.9500000000000128,106,0,261,0,-1.0297322527808621,False,False,True,True,True,False,False,2025-05-30 10:30:00+00:00,2026-06-25 13:45:00+00:00
HYPE_15M_MII_ema_pullback_f21_s96_touch120p0_trail_act100p0_trail50p0_sl180p0_hold64_macd0p0_atr60p0to280p0_x1,ema_pullback_f21_s96_touch120p0,ema_pullback,trail_act100p0_trail50p0_sl180p0_hold64,trailing,macd0p0_atr60p0to280p0,1.0,1.5254255103088508,52.54255103088508,48.33859225898149,1.483385922589815,-18.356976747810126,71.11716621253406,367,0.9382939625555939,1.2227272415769181,0.12544338101893504,0.6189677520280714,-1.9500000000000128,106,0,261,0,-1.0297322527808621,False,False,True,True,True,False,False,2025-05-30 10:30:00+00:00,2026-06-25 13:45:00+00:00
HYPE_15M_MII_ema_pullback_f21_s96_touch200p0_trail_act100p0_trail50p0_sl180p0_hold64_macd0p0_atr60p0to280p0_x1,ema_pullback_f21_s96_touch200p0,ema_pullback,trail_act100p0_trail50p0_sl180p0_hold64,trailing,macd0p0_atr60p0to280p0,1.0,1.5254255103088508,52.54255103088508,48.33859225898149,1.483385922589815,-18.356976747810126,71.11716621253406,367,0.9382939625555939,1.2227272415769181,0.12544338101893504,0.6189677520280714,-1.9500000000000128,106,0,261,0,-1.0297322527808621,False,False,True,True,True,False,False,2025-05-30 10:30:00+00:00,2026-06-25 13:45:00+00:00
HYPE_15M_MII_bb_breakout_w96_k2p5_fixed_tp120p0_sl280p0_hold64_rvol1_atrR1p2_x0p5,bb_breakout_w96_k2p5,bb_breakout,fixed_tp120p0_sl280p0_hold64,fixed,rvol1_atrR1p2,0.5,1.3316895427121154,33.16895427121154,30.66822021493383,1.3066822021493383,-8.302771258441432,75.27593818984548,453,1.158166662228022,1.2036119858269345,0.06662420643226902,0.5250000000000006,-1.4750000000000068,95,339,0,19,-1.032108856007439,False,False,True,True,True,False,False,2025-05-30 10:30:00+00:00,2026-06-25 13:45:00+00:00
HYPE_15M_MII_bb_breakout_w96_k2p5_fixed_tp120p0_sl280p0_hold64_adx16_churn4_x1,bb_breakout_w96_k2p5,bb_breakout,fixed_tp120p0_sl280p0_hold64,fixed,adx16_churn4,1.0,1.4528536401682153,45.285364016821525,41.73789929299689,1.417378992929969,-17.279314682373226,75.0,320,0.8181309755253136,1.198377908819849,0.13036171815740497,1.0500000000000012,-2.9500000000000135,67,240,0,13,-1.0322458610946001,False,False,True,True,True,False,False,2025-05-30 10:30:00+00:00,2026-06-25 13:45:00+00:00
HYPE_15M_MII_rsi_reversal_w7_lo30_hi60_fixed_tp90p0_sl280p0_hold64_adx28_rsi42to82_x0p5,rsi_reversal_w7_lo30_hi60,rsi_reversal,fixed_tp90p0_sl280p0_hold64,fixed,adx28_rsi42to82,0.5,1.2540361882214506,25.403618822145056,23.538945534340083,1.2353894553434008,-8.463978732047405,81.66259168704157,409,1.0456736530932913,1.2329630381912264,0.05772326682306636,0.37500000000000044,-1.4750000000000068,66,333,0,10,-1.0330886560914565,False,False,True,True,True,False,False,2025-05-30 10:30:00+00:00,2026-06-25 13:45:00+00:00
HYPE_15M_MII_bb_reversion_w20_k1p5_fixed_tp60p0_sl280p0_hold64_rsi48to78_age16_x3,bb_reversion_w20_k1p5,bb_reversion,fixed_tp60p0_sl280p0_hold64,fixed,rsi48to78_age16,3.0,2.0730899718124967,107.30899718124967,97.54420817126315,1.9754420817126315,-19.78276981456656,91.61290322580645,155,0.39628219127007375,1.7067047020405262,0.5121179644598352,1.3500000000000016,-8.85000000000004,12,142,0,1,-1.0339389586644794,False,False,True,True,False,False,False,2025-05-30 10:30:00+00:00,2026-06-25 13:45:00+00:00
HYPE_15M_MII_ema_cross_f21_s89_fixed_tp120p0_sl280p0_hold64_macd0p0_atrR1p2_x1,ema_cross_f21_s89,ema_cross,fixed_tp120p0_sl280p0_hold64,fixed,macd0p0_atrR1p2,1.0,1.4815770151165202,48.15770151165202,44.35295198340625,1.4435295198340625,-20.031014611854292,76.0942760942761,297,0.7593278116594316,1.2250040857328521,0.14607942783627895,1.0500000000000012,-2.9500000000000135,63,224,0,10,-1.0341261854720152,False,False,False,True,True,False,False,2025-05-30 10:30:00+00:00,2026-06-25 13:45:00+00:00
HYPE_15M_MII_rsi_reversal_w7_lo40_hi60_fixed_tp120p0_sl280p0_hold64_rvol1_macd0p0_x1,rsi_reversal_w7_lo40_hi60,rsi_reversal,fixed_tp120p0_sl280p0_hold64,fixed,rvol1_macd0p0,1.0,1.4745972598465766,47.459725984657666,43.71780750775507,1.4371780750775507,-18.629123368777243,74.46808510638297,329,0.8411409092119629,1.2020828773926149,0.13144818427245764,1.0500000000000012,-2.9500000000000135,66,245,0,18,-1.0352110542790047,False,False,True,True,True,False,False,2025-05-30 10:30:00+00:00,2026-06-25 13:45:00+00:00
HYPE_15M_MII_rsi_reversal_w7_lo40_hi80_fixed_tp90p0_sl280p0_hold64_ret4860p0_age16_x1,rsi_reversal_w7_lo40_hi80,rsi_reversal,fixed_tp90p0_sl280p0_hold64,fixed,ret4860p0_age16,1.0,1.4444220560320034,44.442205603200335,40.96961854352461,1.409696185435246,-13.822143843485291,82.95454545454545,264,0.6749580548083837,1.3137809810702987,0.1485953083049021,0.7499999999999898,-2.9500000000000135,41,219,0,4,-1.0368950732830222,False,False,True,True,False,False,False,2025-05-30 10:30:00+00:00,2026-06-25 13:45:00+00:00
HYPE_15M_MII_rsi_reversal_w14_lo30_hi60_fixed_tp90p0_sl280p0_hold64_macd0p0_atr60p0to280p0_x1,rsi_reversal_w14_lo30_hi60,rsi_reversal,fixed_tp90p0_sl280p0_hold64,fixed,macd0p0_atr60p0to280p0,1.0,1.5483558313483266,54.83558313483265,50.41982875949606,1.5041982875949607,-17.161149294895285,84.0,250,0.6391648246291513,1.4120876339813424,0.18385205221029113,0.7500000000000009,-2.9500000000000135,37,210,0,3,-1.0391843702520074,False,False,True,True,False,False,False,2025-05-30 10:30:00+00:00,2026-06-25 13:45:00+00:00
HYPE_15M_MII_rsi_reversal_w7_lo30_hi60_fixed_tp90p0_sl280p0_hold32_adx28_rsi42to82_x0p5,rsi_reversal_w7_lo30_hi60,rsi_reversal,fixed_tp90p0_sl280p0_hold32,fixed,adx28_rsi42to82,0.5,1.2702180828528509,27.021808285285086,25.02694110446373,1.2502694110446373,-7.118888503868059,78.34549878345499,411,1.0507869716903246,1.2598154860082162,0.060305628654829156,0.37500000000000044,-1.4750000000000068,53,320,0,38,-1.0393478991727503,False,False,True,True,True,False,False,2025-05-30 10:30:00+00:00,2026-06-25 13:45:00+00:00
HYPE_15M_MII_ema_pullback_f34_s96_touch60p0_fixed_tp90p0_sl280p0_hold64_macd0p0_atr60p0to280p0_x1p5,ema_pullback_f34_s96_touch60p0,ema_pullback,fixed_tp90p0_sl280p0_hold64,fixed,macd0p0_atr60p0to280p0,1.5,1.6047259155906892,60.472591559068924,55.5275740068685,1.555275740068685,-20.783866273578543,82.40469208211144,341,0.8718208207941622,1.2111813873593904,0.1611137609774122,1.1249999999999847,-4.42500000000002,58,280,0,3,-1.0433845679094855,False,False,False,True,True,False,False,2025-05-30 10:30:00+00:00,2026-06-25 13:45:00+00:00
HYPE_15M_MII_ema_pullback_f34_s96_touch120p0_fixed_tp90p0_sl280p0_hold64_macd0p0_atr60p0to280p0_x1p5,ema_pullback_f34_s96_touch120p0,ema_pullback,fixed_tp90p0_sl280p0_hold64,fixed,macd0p0_atr60p0to280p0,1.5,1.6047259155906892,60.472591559068924,55.5275740068685,1.555275740068685,-20.783866273578543,82.40469208211144,341,0.8718208207941622,1.2111813873593904,0.1611137609774122,1.1249999999999847,-4.42500000000002,58,280,0,3,-1.0433845679094855,False,False,False,True,True,False,False,2025-05-30 10:30:00+00:00,2026-06-25 13:45:00+00:00
HYPE_15M_MII_ema_pullback_f34_s96_touch200p0_fixed_tp90p0_sl280p0_hold64_macd0p0_atr60p0to280p0_x1p5,ema_pullback_f34_s96_touch200p0,ema_pullback,fixed_tp90p0_sl280p0_hold64,fixed,macd0p0_atr60p0to280p0,1.5,1.6047259155906892,60.472591559068924,55.5275740068685,1.555275740068685,-20.783866273578543,82.40469208211144,341,0.8718208207941622,1.2111813873593904,0.1611137609774122,1.1249999999999847,-4.42500000000002,58,280,0,3,-1.0433845679094855,False,False,False,True,True,False,False,2025-05-30 10:30:00+00:00,2026-06-25 13:45:00+00:00
HYPE_15M_MII_ema_pullback_f21_s96_touch60p0_fixed_tp90p0_sl280p0_hold64_macd0p0_atr60p0to280p0_x0p5,ema_pullback_f21_s96_touch60p0,ema_pullback,fixed_tp90p0_sl280p0_hold64,fixed,macd0p0_atr60p0to280p0,0.5,1.232250026870809,23.2250026870809,21.53360208396977,1.2153360208396977,-8.563280338676815,82.52688172043011,372,0.951077259048177,1.2342116111291979,0.058552779185895736,0.3749999999999949,-1.4750000000000068,61,306,0,5,-1.0438097851798618,False,False,True,True,True,False,False,2025-05-30 10:30:00+00:00,2026-06-25 13:45:00+00:00
HYPE_15M_MII_ema_pullback_f21_s96_touch120p0_fixed_tp90p0_sl280p0_hold64_macd0p0_atr60p0to280p0_x0p5,ema_pullback_f21_s96_touch120p0,ema_pullback,fixed_tp90p0_sl280p0_hold64,fixed,macd0p0_atr60p0to280p0,0.5,1.232250026870809,23.2250026870809,21.53360208396977,1.2153360208396977,-8.563280338676815,82.52688172043011,372,0.951077259048177,1.2342116111291979,0.058552779185895736,0.3749999999999949,-1.4750000000000068,61,306,0,5,-1.0438097851798618,False,False,True,True,True,False,False,2025-05-30 10:30:00+00:00,2026-06-25 13:45:00+00:00
HYPE_15M_MII_ema_pullback_f21_s96_touch200p0_fixed_tp90p0_sl280p0_hold64_macd0p0_atr60p0to280p0_x0p5,ema_pullback_f21_s96_touch200p0,ema_pullback,fixed_tp90p0_sl280p0_hold64,fixed,macd0p0_atr60p0to280p0,0.5,1.232250026870809,23.2250026870809,21.53360208396977,1.2153360208396977,-8.563280338676815,82.52688172043011,372,0.951077259048177,1.2342116111291979,0.058552779185895736,0.3749999999999949,-1.4750000000000068,61,306,0,5,-1.0438097851798618,False,False,True,True,True,False,False,2025-05-30 10:30:00+00:00,2026-06-25 13:45:00+00:00
HYPE_15M_MII_bb_reversion_w20_k2_fixed_tp60p0_sl280p0_hold32_ret480p0_cool24_x1p5,bb_reversion_w20_k2,bb_reversion,fixed_tp60p0_sl280p0_hold32,fixed,ret480p0_cool24,1.5,1.2815320440041338,28.15320440041338,26.066563106801244,1.2606656310680124,-17.20406137685253,87.04318936877077,301,0.7695544488534981,1.1930243154896074,0.09470702395850904,0.6750000000000008,-4.42500000000002,27,261,0,13,-1.043902296875252,False,False,True,True,True,False,False,2025-05-30 10:30:00+00:00,2026-06-25 13:45:00+00:00
HYPE_15M_MII_ema_pullback_f55_s96_touch60p0_fixed_tp60p0_sl280p0_hold32_short_churn8_x1p5,ema_pullback_f55_s96_touch60p0,ema_pullback,fixed_tp60p0_sl280p0_hold32,fixed,short_churn8,1.5,1.285450153450899,28.545015345089908,26.426450138220492,1.264264501382205,-16.540811720251924,85.98726114649682,314,0.802791019734214,1.189023508156747,0.09194915485463759,0.6750000000000008,-4.425000000000004,28,269,0,17,-1.0446185243433153,False,False,True,True,True,False,False,2025-05-30 10:30:00+00:00,2026-06-25 13:45:00+00:00
HYPE_15M_MII_ema_pullback_f55_s96_touch120p0_fixed_tp60p0_sl280p0_hold32_short_churn8_x1p5,ema_pullback_f55_s96_touch120p0,ema_pullback,fixed_tp60p0_sl280p0_hold32,fixed,short_churn8,1.5,1.285450153450899,28.545015345089908,26.426450138220492,1.264264501382205,-16.540811720251924,85.98726114649682,314,0.802791019734214,1.189023508156747,0.09194915485463759,0.6750000000000008,-4.425000000000004,28,269,0,17,-1.0446185243433153,False,False,True,True,True,False,False,2025-05-30 10:30:00+00:00,2026-06-25 13:45:00+00:00
HYPE_15M_MII_ema_pullback_f55_s96_touch200p0_fixed_tp60p0_sl280p0_hold32_short_churn8_x1p5,ema_pullback_f55_s96_touch200p0,ema_pullback,fixed_tp60p0_sl280p0_hold32,fixed,short_churn8,1.5,1.285450153450899,28.545015345089908,26.426450138220492,1.264264501382205,-16.540811720251924,85.98726114649682,314,0.802791019734214,1.189023508156747,0.09194915485463759,0.6750000000000008,-4.425000000000004,28,269,0,17,-1.0446185243433153,False,False,True,True,True,False,False,2025-05-30 10:30:00+00:00,2026-06-25 13:45:00+00:00
HYPE_15M_MII_bb_reversion_w20_k2_fixed_tp60p0_sl280p0_hold64_ret480p0_cool24_x1,bb_reversion_w20_k2,bb_reversion,fixed_tp60p0_sl280p0_hold64,fixed,ret480p0_cool24,1.0,1.2042887269599905,20.428872695999047,18.956411103385374,1.1895641110338537,-12.449094307419806,88.66666666666667,300,0.7669977895549814,1.2053246291554254,0.06778591799449517,0.45000000000000057,-2.9500000000000135,33,265,0,2,-1.045280918531329,False,False,True,True,True,False,False,2025-05-30 10:30:00+00:00,2026-06-25 13:45:00+00:00
HYPE_15M_MII_bb_reversion_w48_k1p5_fixed_tp60p0_sl280p0_hold16_macd0p0_atr60p0to280p0_x0p5,bb_reversion_w48_k1p5,bb_reversion,fixed_tp60p0_sl280p0_hold16,fixed,macd0p0_atr60p0to280p0,0.5,1.1586883413912985,15.86883413912985,14.744879147543855,1.1474487914754385,-5.171117454610807,85.35031847133759,314,0.802791019734214,1.3362707876466815,0.048030695019983694,0.22500000000000028,-1.4750000000000014,22,266,0,26,-1.0459220748935976,False,False,True,True,True,False,False,2025-05-30 10:30:00+00:00,2026-06-25 13:45:00+00:00
HYPE_15M_MII_bb_breakout_w96_k2p5_fixed_tp120p0_sl280p0_hold64_h115p0_atrR1p2_x1,bb_breakout_w96_k2p5,bb_breakout,fixed_tp120p0_sl280p0_hold64,fixed,h115p0_atrR1p2,1.0,1.6647654878800928,66.47654878800928,60.954778916539574,1.6095477891653958,-20.752392746893733,77.28813559322035,295,0.7542144930623984,1.2988338310731027,0.18610294654474532,1.0500000000000012,-2.9500000000000135,59,227,0,9,-1.0482130787504886,False,False,False,True,True,False,False,2025-05-30 10:30:00+00:00,2026-06-25 13:45:00+00:00
HYPE_15M_MII_ema_pullback_f21_s96_touch60p0_fixed_tp90p0_sl280p0_hold32_macd0p0_atr60p0to280p0_x0p5,ema_pullback_f21_s96_touch60p0,ema_pullback,fixed_tp90p0_sl280p0_hold32,fixed,macd0p0_atr60p0to280p0,0.5,1.2468897250543591,24.688972505435913,22.881393512491233,1.2288139351249123,-7.8706182029364635,80.10471204188482,382,0.976643852033343,1.2512118250312945,0.059959137605413194,0.3749999999999949,-1.4750000000000068,53,304,0,25,-1.0487282443173715,False,False,True,True,True,False,False,2025-05-30 10:30:00+00:00,2026-06-25 13:45:00+00:00
HYPE_15M_MII_ema_pullback_f21_s96_touch120p0_fixed_tp90p0_sl280p0_hold32_macd0p0_atr60p0to280p0_x0p5,ema_pullback_f21_s96_touch120p0,ema_pullback,fixed_tp90p0_sl280p0_hold32,fixed,macd0p0_atr60p0to280p0,0.5,1.2468897250543591,24.688972505435913,22.881393512491233,1.2288139351249123,-7.8706182029364635,80.10471204188482,382,0.976643852033343,1.2512118250312945,0.059959137605413194,0.3749999999999949,-1.4750000000000068,53,304,0,25,-1.0487282443173715,False,False,True,True,True,False,False,2025-05-30 10:30:00+00:00,2026-06-25 13:45:00+00:00
HYPE_15M_MII_ema_pullback_f21_s96_touch200p0_fixed_tp90p0_sl280p0_hold32_macd0p0_atr60p0to280p0_x0p5,ema_pullback_f21_s96_touch200p0,ema_pullback,fixed_tp90p0_sl280p0_hold32,fixed,macd0p0_atr60p0to280p0,0.5,1.2468897250543591,24.688972505435913,22.881393512491233,1.2288139351249123,-7.8706182029364635,80.10471204188482,382,0.976643852033343,1.2512118250312945,0.059959137605413194,0.3749999999999949,-1.4750000000000068,53,304,0,25,-1.0487282443173715,False,False,True,True,True,False,False,2025-05-30 10:30:00+00:00,2026-06-25 13:45:00+00:00
HYPE_15M_MII_rsi_reversal_w7_lo30_hi60_fixed_tp90p0_sl280p0_hold64_adx28_atr90p0to350p0_x1,rsi_reversal_w7_lo30_hi60,rsi_reversal,fixed_tp90p0_sl280p0_hold64,fixed,adx28_atr90p0to350p0,1.0,1.2945608145128595,29.456081451285954,27.26300430305595,1.2726300430305595,-13.825466614941305,82.08955223880598,335,0.8564808650030626,1.1652542372881283,0.08731343283581683,0.7499999999999898,-2.9500000000000135,60,275,0,0,-1.049010480321341,False,False,True,True,True,False,False,2025-05-30 10:30:00+00:00,2026-06-25 13:45:00+00:00
HYPE_15M_MII_ema_cross_f21_s89_fixed_tp120p0_sl280p0_hold64_atrR1p2_cool12_x1,ema_cross_f21_s89,ema_cross,fixed_tp120p0_sl280p0_hold64,fixed,atrR1p2_cool12,1.0,1.5018932665122584,50.18932665122584,46.20056896821001,1.4620056896821,-16.3048982047475,76.55677655677655,273,0.6979679884950332,1.2551023112172723,0.16256969967361762,1.0500000000000012,-2.9500000000000135,57,207,0,9,-1.0495194117375126,False,False,True,True,False,False,False,2025-05-30 10:30:00+00:00,2026-06-25 13:45:00+00:00
HYPE_15M_MII_bb_breakout_w96_k2p5_fixed_tp120p0_sl280p0_hold32_rvol0p75_atrR1p2_x1,bb_breakout_w96_k2p5,bb_breakout,fixed_tp120p0_sl280p0_hold32,fixed,rvol0p75_atrR1p2,1.0,1.5715444408948112,57.15444408948112,52.522435092414014,1.52522435092414,-20.204559526848264,71.84873949579831,476,1.216969826093904,1.169184324806106,0.10746708914232898,1.0500000000000012,-2.9500000000000135,82,334,0,60,-1.049806155988675,False,False,False,True,True,False,False,2025-05-30 10:30:00+00:00,2026-06-25 13:45:00+00:00
HYPE_15M_MII_bb_reversion_w48_k1p5_fixed_tp60p0_sl280p0_hold32_macd0p0_atr60p0to280p0_x0p5,bb_reversion_w48_k1p5,bb_reversion,fixed_tp60p0_sl280p0_hold32,fixed,macd0p0_atr60p0to280p0,0.5,1.1321644467258278,13.216444672582783,12.29017813490072,1.1229017813490072,-5.888161715637519,87.89808917197452,314,0.802791019734214,1.26051021329264,0.04087335974167409,0.22500000000000028,-1.4750000000000014,30,276,0,8,-1.0516943363240445,False,False,True,True,True,False,False,2025-05-30 10:30:00+00:00,2026-06-25 13:45:00+00:00
HYPE_15M_MII_rsi_reversal_w7_lo30_hi60_fixed_tp90p0_sl280p0_hold16_macd0p0_atr60p0to280p0_x2,rsi_reversal_w7_lo30_hi60,rsi_reversal,fixed_tp90p0_sl280p0_hold16,fixed,macd0p0_atr60p0to280p0,2.0,3.443043348967919,244.3043348967919,217.25431226593633,3.1725431226593632,-24.739914348874027,76.90217391304348,368,0.9408506218541106,1.4753990212022268,0.3627297035833357,1.5000000000000018,-5.900000000000006,30,274,0,64,-1.0545724487103227,False,False,False,True,True,False,False,2025-05-30 10:30:00+00:00,2026-06-25 13:45:00+00:00
HYPE_15M_MII_bb_breakout_w96_k2p5_fixed_tp120p0_sl280p0_hold64_rsi48to78_atrR1p2_x0p5,bb_breakout_w96_k2p5,bb_breakout,fixed_tp120p0_sl280p0_hold64,fixed,rsi48to78_atrR1p2,0.5,1.3419361593923267,34.19361593923267,31.60686283484424,1.3160686283484424,-11.489683726250844,75.3880266075388,451,1.1530533436309889,1.2105248411073009,0.06859407968941982,0.5250000000000006,-1.4750000000000068,94,338,0,19,-1.054760727607929,False,False,True,True,True,False,False,2025-05-30 10:30:00+00:00,2026-06-25 13:45:00+00:00
HYPE_15M_MII_ema_cross_f89_s377_fixed_tp120p0_sl280p0_hold64_rsi48to78_x2p5,ema_cross_f89_s377,ema_cross,fixed_tp120p0_sl280p0_hold64,fixed,rsi48to78,2.5,2.5393509449260745,153.93509449260745,138.74709629199717,2.3874709629199717,-17.21097308572078,80.35714285714286,112,0.2863458414338597,1.7503216046487393,0.9042393298479319,2.6250000000000027,-7.375000000000035,17,90,0,5,-1.055037812671964,False,False,True,True,False,False,False,2025-05-30 10:30:00+00:00,2026-06-25 13:45:00+00:00
HYPE_15M_MII_ema_cross_f89_s377_fixed_tp120p0_sl280p0_hold64_rsi48to78_churn8_x2p5,ema_cross_f89_s377,ema_cross,fixed_tp120p0_sl280p0_hold64,fixed,rsi48to78_churn8,2.5,2.5393509449260745,153.93509449260745,138.74709629199717,2.3874709629199717,-17.21097308572078,80.35714285714286,112,0.2863458414338597,1.7503216046487393,0.9042393298479319,2.6250000000000027,-7.375000000000035,17,90,0,5,-1.055037812671964,False,False,True,True,False,False,False,2025-05-30 10:30:00+00:00,2026-06-25 13:45:00+00:00
HYPE_15M_MII_ema_cross_f89_s377_fixed_tp120p0_sl280p0_hold64_rsi48to78_churn4_x2p5,ema_cross_f89_s377,ema_cross,fixed_tp120p0_sl280p0_hold64,fixed,rsi48to78_churn4,2.5,2.5393509449260745,153.93509449260745,138.74709629199717,2.3874709629199717,-17.21097308572078,80.35714285714286,112,0.2863458414338597,1.7503216046487393,0.9042393298479319,2.6250000000000027,-7.375000000000035,17,90,0,5,-1.055037812671964,False,False,True,True,False,False,False,2025-05-30 10:30:00+00:00,2026-06-25 13:45:00+00:00
HYPE_15M_MII_bb_breakout_w96_k2p5_fixed_tp90p0_sl280p0_hold32_adx34_atrR1p2_x1p5,bb_breakout_w96_k2p5,bb_breakout,fixed_tp90p0_sl280p0_hold32,fixed,adx34_atrR1p2,1.5,1.7335647989188547,73.35647989188547,67.1579281524028,1.671579281524028,-12.776639705928638,81.73076923076923,208,0.5317851340914538,1.447302725677149,0.2828366199203217,1.1249999999999847,-4.42500000000002,24,169,0,15,-1.056854218345363,False,False,True,True,False,False,False,2025-05-30 10:30:00+00:00,2026-06-25 13:45:00+00:00
HYPE_15M_MII_bb_breakout_w96_k2p5_fixed_tp90p0_sl280p0_hold64_rvol0p75_atrR1p2_x1,bb_breakout_w96_k2p5,bb_breakout,fixed_tp90p0_sl280p0_hold64,fixed,rvol0p75_atrR1p2,1.0,1.3678063324942846,36.78063324942846,33.97460193402524,1.3397460193402524,-19.081464760789025,80.60263653483992,531,1.3575860875123171,1.1290587179675249,0.06910052221231074,0.7499999999999898,-2.9500000000000135,92,428,0,11,-1.0583336221329875,False,False,True,True,True,False,False,2025-05-30 10:30:00+00:00,2026-06-25 13:45:00+00:00
HYPE_15M_MII_ema_cross_f21_s89_fixed_tp120p0_sl280p0_hold64_rsi52to88_atrR1p2_x1,ema_cross_f21_s89,ema_cross,fixed_tp120p0_sl280p0_hold64,fixed,rsi52to88_atrR1p2,1.0,1.4120696620183268,41.206966201832685,38.0189170932385,1.380189170932385,-17.69393220532801,75.6578947368421,304,0.7772244267490479,1.1920728519301877,0.12741970416899623,1.0500000000000012,-2.9500000000000135,66,228,0,10,-1.0601208874313786,False,False,True,True,True,False,False,2025-05-30 10:30:00+00:00,2026-06-25 13:45:00+00:00
HYPE_15M_MII_bb_breakout_w96_k2p5_fixed_tp120p0_sl280p0_hold64_h115p0_atrR1p2_x0p5,bb_breakout_w96_k2p5,bb_breakout,fixed_tp120p0_sl280p0_hold64,fixed,h115p0_atrR1p2,0.5,1.3030756967625587,30.307569676255874,28.044500969632157,1.2804450096963216,-10.856248718548155,77.28813559322035,295,0.7542144930623984,1.2988338310731027,0.09305147327237266,0.5250000000000006,-1.4750000000000068,59,227,0,9,-1.060428948947933,False,False,True,True,True,False,False,2025-05-30 10:30:00+00:00,2026-06-25 13:45:00+00:00
HYPE_15M_MII_ema_pullback_f21_s96_touch60p0_fixed_tp120p0_sl280p0_hold32_macd0p0_atr60p0to280p0_x0p5,ema_pullback_f21_s96_touch60p0,ema_pullback,fixed_tp120p0_sl280p0_hold32,fixed,macd0p0_atr60p0to280p0,0.5,1.3116310499795305,31.16310499795305,28.82937176770661,1.2882937176770661,-8.960833851960025,74.58563535911603,362,0.9255106660630109,1.258033359900227,0.07800493583264359,0.5250000000000006,-1.4750000000000068,64,260,0,38,-1.0616039698013813,False,False,True,True,True,False,False,2025-05-30 10:30:00+00:00,2026-06-25 13:45:00+00:00
HYPE_15M_MII_ema_pullback_f21_s96_touch120p0_fixed_tp120p0_sl280p0_hold32_macd0p0_atr60p0to280p0_x0p5,ema_pullback_f21_s96_touch120p0,ema_pullback,fixed_tp120p0_sl280p0_hold32,fixed,macd0p0_atr60p0to280p0,0.5,1.3116310499795305,31.16310499795305,28.82937176770661,1.2882937176770661,-8.960833851960025,74.58563535911603,362,0.9255106660630109,1.258033359900227,0.07800493583264359,0.5250000000000006,-1.4750000000000068,64,260,0,38,-1.0616039698013813,False,False,True,True,True,False,False,2025-05-30 10:30:00+00:00,2026-06-25 13:45:00+00:00
HYPE_15M_MII_ema_pullback_f21_s96_touch200p0_fixed_tp120p0_sl280p0_hold32_macd0p0_atr60p0to280p0_x0p5,ema_pullback_f21_s96_touch200p0,ema_pullback,fixed_tp120p0_sl280p0_hold32,fixed,macd0p0_atr60p0to280p0,0.5,1.3116310499795305,31.16310499795305,28.82937176770661,1.2882937176770661,-8.960833851960025,74.58563535911603,362,0.9255106660630109,1.258033359900227,0.07800493583264359,0.5250000000000006,-1.4750000000000068,64,260,0,38,-1.0616039698013813,False,False,True,True,True,False,False,2025-05-30 10:30:00+00:00,2026-06-25 13:45:00+00:00
HYPE_15M_MII_bb_breakout_w96_k2p5_fixed_tp120p0_sl280p0_hold64_adx34_atrR1p2_x1,bb_breakout_w96_k2p5,bb_breakout,fixed_tp120p0_sl280p0_hold64,fixed,adx34_atrR1p2,1.0,1.803070102946881,80.3070102946881,73.40820736956286,1.7340820736956286,-9.21053148151153,80.85106382978722,188,0.4806519481211217,1.6223204469492811,0.3256510376058503,1.0500000000000012,-2.9500000000000135,32,152,0,4,-1.063730337723372,False,False,True,True,False,False,False,2025-05-30 10:30:00+00:00,2026-06-25 13:45:00+00:00
HYPE_15M_MII_bb_reversion_w20_k2_fixed_tp90p0_sl280p0_hold32_ret480p0_cool24_x1,bb_reversion_w20_k2,bb_reversion,fixed_tp90p0_sl280p0_hold32,fixed,ret480p0_cool24,1.0,1.3333034298201691,33.330342982016916,30.816092169018173,1.3081609216901817,-16.428552801271312,79.93311036789298,299,0.7644411302564649,1.2154827109744586,0.10519558812880868,0.7499999999999898,-2.9500000000000135,41,236,0,22,-1.0655160578820586,False,False,True,True,True,False,False,2025-05-30 10:30:00+00:00,2026-06-25 13:45:00+00:00
HYPE_15M_MII_ema_pullback_f21_s96_touch60p0_fixed_tp90p0_sl280p0_hold32_adx28_cool24_x1p5,ema_pullback_f21_s96_touch60p0,ema_pullback,fixed_tp90p0_sl280p0_hold32,fixed,adx28_cool24,1.5,1.5437380396033495,54.37380396033495,50.00086675004604,1.5000086675004605,-17.58294858713503,79.37743190661479,257,0.6570614397187674,1.2688564432369211,0.1883503837529049,1.1249999999999847,-4.42500000000002,33,203,0,21,-1.065991254051895,False,False,True,True,False,False,False,2025-05-30 10:30:00+00:00,2026-06-25 13:45:00+00:00
HYPE_15M_MII_ema_pullback_f21_s96_touch120p0_fixed_tp90p0_sl280p0_hold32_adx28_cool24_x1p5,ema_pullback_f21_s96_touch120p0,ema_pullback,fixed_tp90p0_sl280p0_hold32,fixed,adx28_cool24,1.5,1.5437380396033495,54.37380396033495,50.00086675004604,1.5000086675004605,-17.58294858713503,79.37743190661479,257,0.6570614397187674,1.2688564432369211,0.1883503837529049,1.1249999999999847,-4.42500000000002,33,203,0,21,-1.065991254051895,False,False,True,True,False,False,False,2025-05-30 10:30:00+00:00,2026-06-25 13:45:00+00:00
HYPE_15M_MII_ema_pullback_f21_s96_touch200p0_fixed_tp90p0_sl280p0_hold32_adx28_cool24_x1p5,ema_pullback_f21_s96_touch200p0,ema_pullback,fixed_tp90p0_sl280p0_hold32,fixed,adx28_cool24,1.5,1.5437380396033495,54.37380396033495,50.00086675004604,1.5000086675004605,-17.58294858713503,79.37743190661479,257,0.6570614397187674,1.2688564432369211,0.1883503837529049,1.1249999999999847,-4.42500000000002,33,203,0,21,-1.065991254051895,False,False,True,True,False,False,False,2025-05-30 10:30:00+00:00,2026-06-25 13:45:00+00:00
HYPE_15M_MII_bb_reversion_w20_k2_fixed_tp60p0_sl280p0_hold32_ret480p0_cool24_x1,bb_reversion_w20_k2,bb_reversion,fixed_tp60p0_sl280p0_hold32,fixed,ret480p0_cool24,1.0,1.1897285028027151,18.972850280271516,17.612833240913982,1.1761283324091398,-11.708511869081061,87.04318936877077,301,0.7695544488534981,1.1930243154896083,0.06313801597233934,0.45000000000000057,-2.9500000000000135,27,261,0,13,-1.066812422041336,False,False,True,True,True,False,False,2025-05-30 10:30:00+00:00,2026-06-25 13:45:00+00:00
HYPE_15M_MII_bb_breakout_w96_k2p5_fixed_tp120p0_sl280p0_hold64_atrR1p2_churn8_x0p5,bb_breakout_w96_k2p5,bb_breakout,fixed_tp120p0_sl280p0_hold64,fixed,atrR1p2_churn8,0.5,1.313976824178957,31.397682417895687,29.044514560301238,1.2904451456030124,-10.557885839784198,75.39863325740319,439,1.1223734320487895,1.199535706772962,0.06561219204543249,0.5250000000000006,-1.4750000000000068,93,329,0,17,-1.0675607783034438,False,False,True,True,True,False,False,2025-05-30 10:30:00+00:00,2026-06-25 13:45:00+00:00
HYPE_15M_MII_ema_pullback_f34_s96_touch60p0_fixed_tp90p0_sl280p0_hold64_macd0p0_atr60p0to280p0_x0p5,ema_pullback_f34_s96_touch60p0,ema_pullback,fixed_tp90p0_sl280p0_hold64,fixed,macd0p0_atr60p0to280p0,0.5,1.1909593582617828,19.095935826178277,17.726455160387488,1.1772645516038749,-7.262778707993178,82.40469208211144,341,0.8718208207941622,1.2111813873593884,0.053704586992470715,0.3749999999999949,-1.4750000000000068,58,280,0,3,-1.0676608403589487,False,False,True,True,True,False,False,2025-05-30 10:30:00+00:00,2026-06-25 13:45:00+00:00
HYPE_15M_MII_ema_pullback_f34_s96_touch120p0_fixed_tp90p0_sl280p0_hold64_macd0p0_atr60p0to280p0_x0p5,ema_pullback_f34_s96_touch120p0,ema_pullback,fixed_tp90p0_sl280p0_hold64,fixed,macd0p0_atr60p0to280p0,0.5,1.1909593582617828,19.095935826178277,17.726455160387488,1.1772645516038749,-7.262778707993178,82.40469208211144,341,0.8718208207941622,1.2111813873593884,0.053704586992470715,0.3749999999999949,-1.4750000000000068,58,280,0,3,-1.0676608403589487,False,False,True,True,True,False,False,2025-05-30 10:30:00+00:00,2026-06-25 13:45:00+00:00
HYPE_15M_MII_ema_pullback_f34_s96_touch200p0_fixed_tp90p0_sl280p0_hold64_macd0p0_atr60p0to280p0_x0p5,ema_pullback_f34_s96_touch200p0,ema_pullback,fixed_tp90p0_sl280p0_hold64,fixed,macd0p0_atr60p0to280p0,0.5,1.1909593582617828,19.095935826178277,17.726455160387488,1.1772645516038749,-7.262778707993178,82.40469208211144,341,0.8718208207941622,1.2111813873593884,0.053704586992470715,0.3749999999999949,-1.4750000000000068,58,280,0,3,-1.0676608403589487,False,False,True,True,True,False,False,2025-05-30 10:30:00+00:00,2026-06-25 13:45:00+00:00
HYPE_15M_MII_bb_breakout_w96_k2p5_fixed_tp120p0_sl280p0_hold32_h10p0_atrR1p2_x0p5,bb_breakout_w96_k2p5,bb_breakout,fixed_tp120p0_sl280p0_hold32,fixed,h10p0_atrR1p2,0.5,1.3308330629314404,33.08330629314404,30.589740678677458,1.3058974067867746,-11.366951508914925,74.76038338658148,313,0.8002343604356973,1.3193068084310173,0.09432448919125028,0.5250000000000006,-1.4750000000000068,51,232,0,30,-1.0685854680694806,False,False,True,True,True,False,False,2025-05-30 10:30:00+00:00,2026-06-25 13:45:00+00:00
HYPE_15M_MII_bb_breakout_w96_k2p5_fixed_tp120p0_sl280p0_hold64_short_atrR2p2_x1,bb_breakout_w96_k2p5,bb_breakout,fixed_tp120p0_sl280p0_hold64,fixed,short_atrR2p2,1.0,1.4630830282995069,46.30830282995069,42.669598921498064,1.4266959892149806,-19.745434958308138,75.87412587412588,286,0.731204559375749,1.226227528790482,0.14668911193841055,1.0500000000000012,-2.950000000000003,60,216,0,10,-1.0688753789542482,False,False,True,True,False,False,False,2025-05-30 10:30:00+00:00,2026-06-25 13:45:00+00:00
HYPE_15M_MII_ema_pullback_f55_s96_touch60p0_fixed_tp60p0_sl280p0_hold32_short_churn8_x1,ema_pullback_f55_s96_touch60p0,ema_pullback,fixed_tp60p0_sl280p0_hold32,fixed,short_churn8,1.0,1.192312380193918,19.231238019391796,17.85134546488758,1.1785134546488758,-11.242234988927002,85.98726114649682,314,0.802791019734214,1.1890235081567486,0.061299436569758385,0.45000000000000057,-2.950000000000003,28,269,0,17,-1.0704445328728986,False,False,True,True,True,False,False,2025-05-30 10:30:00+00:00,2026-06-25 13:45:00+00:00
HYPE_15M_MII_ema_pullback_f55_s96_touch120p0_fixed_tp60p0_sl280p0_hold32_short_churn8_x1,ema_pullback_f55_s96_touch120p0,ema_pullback,fixed_tp60p0_sl280p0_hold32,fixed,short_churn8,1.0,1.192312380193918,19.231238019391796,17.85134546488758,1.1785134546488758,-11.242234988927002,85.98726114649682,314,0.802791019734214,1.1890235081567486,0.061299436569758385,0.45000000000000057,-2.950000000000003,28,269,0,17,-1.0704445328728986,False,False,True,True,True,False,False,2025-05-30 10:30:00+00:00,2026-06-25 13:45:00+00:00
HYPE_15M_MII_ema_pullback_f55_s96_touch200p0_fixed_tp60p0_sl280p0_hold32_short_churn8_x1,ema_pullback_f55_s96_touch200p0,ema_pullback,fixed_tp60p0_sl280p0_hold32,fixed,short_churn8,1.0,1.192312380193918,19.231238019391796,17.85134546488758,1.1785134546488758,-11.242234988927002,85.98726114649682,314,0.802791019734214,1.1890235081567486,0.061299436569758385,0.45000000000000057,-2.950000000000003,28,269,0,17,-1.0704445328728986,False,False,True,True,True,False,False,2025-05-30 10:30:00+00:00,2026-06-25 13:45:00+00:00
HYPE_15M_MII_bb_breakout_w96_k2p5_fixed_tp120p0_sl280p0_hold64_short_atrR1p2_x1,bb_breakout_w96_k2p5,bb_breakout,fixed_tp120p0_sl280p0_hold64,fixed,short_atrR1p2,1.0,1.6712343545074029,67.12343545074029,61.53874325048585,1.6153874325048585,-15.86143924483624,77.6824034334764,233,0.5957016165543689,1.401363796483307,0.23306045499736236,1.0500000000000012,-2.950000000000003,43,180,0,10,-1.0721243658396142,False,False,True,True,False,False,False,2025-05-30 10:30:00+00:00,2026-06-25 13:45:00+00:00
HYPE_15M_MII_rsi_reversal_w7_lo30_hi60_fixed_tp90p0_sl280p0_hold64_adx28_atr90p0to350p0_x1p5,rsi_reversal_w7_lo30_hi60,rsi_reversal,fixed_tp90p0_sl280p0_hold64,fixed,adx28_atr90p0to350p0,1.5,1.4346812485161762,43.46812485161762,40.08167246745125,1.4008167246745125,-20.335978755134732,82.08955223880598,335,0.8564808650030626,1.1652542372881276,0.13097014925372527,1.1249999999999847,-4.42500000000002,60,275,0,0,-1.0725229024309706,False,False,False,True,True,False,False,2025-05-30 10:30:00+00:00,2026-06-25 13:45:00+00:00
