candidate_id,event_id,source,signal_ts,entry_ts,exit_ts,side,score,entry_price,exit_price,reason,bars_held,net_ret_1x,mfe_1x,mae_1x
tp160_sl220_h48__all__expanding__q95,65066,vwap_revert_75,2025-09-01 15:10:00+00:00,2025-09-01 15:15:00+00:00,2025-09-01 17:10:00+00:00,1,-0.0010631230206046133,44.49769485000001,43.53023451212872,stop_market,24,-0.022562115135162934,-0.0003527115292807359,-0.022723566375435614
tp160_sl220_h48__all__expanding__q95,65140,vwap_revert_75,2025-09-01 17:25:00+00:00,2025-09-01 17:30:00+00:00,2025-09-01 21:30:00+00:00,1,-0.0010195144853183174,43.633768851000006,43.073368368,time_open,49,-0.013667271791687675,0.01320608244884136,-0.016360312335803165
tp160_sl220_h48__all__expanding__q95,65490,vwap_revert_75,2025-09-02 05:35:00+00:00,2025-09-02 05:40:00+00:00,2025-09-02 09:40:00+00:00,-1,-0.001034871370540121,44.336375968,44.779175175999995,time_open,49,-0.010820730580321592,-0.0010741525657029793,-0.017164429774955595
tp160_sl220_h48__all__expanding__q95,65855,vwap_revert_75,2025-09-02 17:30:00+00:00,2025-09-02 17:35:00+00:00,2025-09-02 18:10:00+00:00,-1,-0.0010477476392491203,44.527171025,43.80316919821981,target_limit,8,0.0154371956782615,0.016106368504689828,-0.0015337302715428141
tp160_sl220_h48__all__expanding__q95,66091,vwap_revert_75,2025-09-03 02:50:00+00:00,2025-09-03 02:55:00+00:00,2025-09-03 06:00:00+00:00,-1,-0.0010092019534591909,45.110544393,44.37705704593176,target_limit,38,0.01543719567826161,0.017635442083546393,-0.0038829326231741993
tp160_sl220_h48__all__expanding__q95,66458,vwap_revert_75,2025-09-03 14:50:00+00:00,2025-09-03 14:55:00+00:00,2025-09-03 18:55:00+00:00,-1,-0.0010558202583038302,45.954637708,45.7629154,time_open,49,0.003344397755318478,0.007608322585886396,-0.01267375680369766
tp160_sl220_h48__all__expanding__q95,66865,vwap_revert_75,2025-09-04 04:50:00+00:00,2025-09-04 04:55:00+00:00,2025-09-04 08:55:00+00:00,1,-0.0010140864389852338,45.59086656600001,45.615039192000005,time_open,49,-0.00029933483326719966,0.0072850871022418495,-0.008220316101079
tp160_sl220_h48__all__expanding__q95,67201,vwap_revert_75,2025-09-04 18:30:00+00:00,2025-09-04 18:35:00+00:00,2025-09-04 22:35:00+00:00,1,-0.0010543147639000446,45.02425924800001,45.420987976,time_open,49,0.007978467368983088,0.010988315194146558,-0.013591096812738306
tp160_sl220_h48__all__expanding__q95,67576,vwap_revert_75,2025-09-05 10:05:00+00:00,2025-09-05 10:10:00+00:00,2025-09-05 11:30:00+00:00,-1,-0.000945009216341048,46.173402721,47.17675962742066,stop_market,17,-0.02256852529166994,0.0008317065396294954,-0.03520952554707192
tp160_sl220_h48__all__expanding__q95,67957,vwap_revert_75,2025-09-05 23:20:00+00:00,2025-09-05 23:25:00+00:00,2025-09-06 03:25:00+00:00,-1,-0.001055336304654747,47.336153749,47.614426472,time_open,49,-0.006710411174258365,0.0036579598316784923,-0.012220568777792333
tp160_sl220_h48__all__expanding__q95,68154,vwap_revert_75,2025-09-06 06:25:00+00:00,2025-09-06 06:30:00+00:00,2025-09-06 10:30:00+00:00,1,-0.0010551339580332515,47.026405248,46.78834886400001,time_open,49,-0.005889408970552341,0.0023092292814494986,-0.011076867902176895
tp160_sl220_h48__all__expanding__q95,68557,vwap_revert_75,2025-09-06 19:10:00+00:00,2025-09-06 19:15:00+00:00,2025-09-06 23:15:00+00:00,1,-0.0010605810568072378,45.824116575000005,46.194192048000005,time_open,49,0.007243326556612412,0.009402983782453855,-0.008818894797190684
tp160_sl220_h48__all__expanding__q95,69193,vwap_revert_20,2025-09-07 18:35:00+00:00,2025-09-07 18:40:00+00:00,2025-09-07 22:40:00+00:00,1,-0.0010210883170219088,47.032411686,47.068422784,time_open,49,-6.39745500774357e-05,0.004498776618401257,-0.005951517208017358
tp160_sl220_h48__all__expanding__q95,69449,vwap_revert_75,2025-09-08 05:10:00+00:00,2025-09-08 05:15:00+00:00,2025-09-08 06:45:00+00:00,-1,-0.0010526967753614425,48.936434803,49.99983292706467,stop_market,19,-0.02256852529166994,0.0002336664500802721,-0.023639998456416192
tp160_sl220_h48__all__expanding__q95,69744,vwap_revert_75,2025-09-08 12:25:00+00:00,2025-09-08 12:30:00+00:00,2025-09-08 13:20:00+00:00,-1,-0.0009071527757621605,50.688552761000004,51.79002474469866,stop_market,11,-0.02256852529166972,-0.0004823029593143957,-0.023426705953387486
tp160_sl220_h48__all__expanding__q95,69840,vwap_revert_75,2025-09-08 14:25:00+00:00,2025-09-08 14:30:00+00:00,2025-09-08 17:05:00+00:00,-1,-0.001050386057138361,51.420766252,50.58467611099412,target_limit,32,0.01543719567826161,0.018334348566097614,-0.01090135350363332
tp160_sl220_h48__all__expanding__q95,70400,vwap_revert_75,2025-09-09 08:15:00+00:00,2025-09-09 08:20:00+00:00,2025-09-09 11:55:00+00:00,-1,-0.001032819068162159,54.587364842,53.699786517238806,target_limit,44,0.0154371956782615,0.01627418441192985,-0.014550444568300696
tp160_sl220_h48__all__expanding__q95,70733,vwap_revert_75,2025-09-09 18:05:00+00:00,2025-09-09 18:10:00+00:00,2025-09-09 19:20:00+00:00,1,-0.0010326278132113185,52.513286361000006,53.367584266496905,target_limit,15,0.01543215557514115,0.016009541532414184,-0.0027814216036151787
tp160_sl220_h48__all__expanding__q95,70885,vwap_revert_75,2025-09-10 00:25:00+00:00,2025-09-10 00:30:00+00:00,2025-09-10 02:05:00+00:00,1,-0.0010225779696947837,52.779571779,53.63820167532485,target_limit,20,0.01543215557514115,0.019617973130505284,-0.0042906264258838625
tp160_sl220_h48__all__expanding__q95,71016,vwap_revert_75,2025-09-10 06:20:00+00:00,2025-09-10 06:25:00+00:00,2025-09-10 10:25:00+00:00,-1,-0.0009504300656605397,54.677268272,54.417629952,time_open,49,0.0039212069890734395,0.009515257225577778,-0.021094767756126412
tp160_sl220_h48__all__expanding__q95,71231,vwap_revert_75,2025-09-10 14:20:00+00:00,2025-09-10 14:25:00+00:00,2025-09-10 18:25:00+00:00,-1,-0.0009863588364763679,55.078836926,54.822523032,time_open,49,0.0038261892184642053,0.010690801746433332,-0.007226044683123171
tp160_sl220_h48__all__expanding__q95,71474,vwap_revert_75,2025-09-11 00:20:00+00:00,2025-09-11 00:25:00+00:00,2025-09-11 04:25:00+00:00,-1,-0.0010471117698150794,55.827033249,55.866247416,time_open,49,-0.0015320364382624616,0.00893891758091836,-0.008403026893753844
tp160_sl220_h48__all__expanding__q95,71662,vwap_revert_75,2025-09-11 08:30:00+00:00,2025-09-11 08:35:00+00:00,2025-09-11 10:20:00+00:00,1,-0.0009534677647886933,55.307281104000005,54.10480081723481,stop_market,22,-0.022562115135162934,0.001604108794159842,-0.022803776799522293
tp160_sl220_h48__all__expanding__q95,71952,vwap_revert_75,2025-09-11 17:25:00+00:00,2025-09-11 17:30:00+00:00,2025-09-11 21:30:00+00:00,-1,-0.0010609762282103574,54.890039723,55.95822312799999,time_open,49,-0.02029781535239491,0.00182254783390301,-0.02063618570039806
tp160_sl220_h48__all__expanding__q95,72083,vwap_revert_75,2025-09-11 21:40:00+00:00,2025-09-11 21:45:00+00:00,2025-09-11 23:55:00+00:00,-1,-0.0010036827243345631,55.780083680000004,56.99219560814247,stop_market,27,-0.02256852529166972,-0.00035705073721747915,-0.0258702760450933
tp160_sl220_h48__all__expanding__q95,72247,vwap_revert_75,2025-09-12 02:25:00+00:00,2025-09-12 02:30:00+00:00,2025-09-12 06:30:00+00:00,-1,-0.0010431156746683362,56.831953811,57.017943288,time_open,49,-0.004103301205351327,0.007565353329745617,-0.009987553891866134
tp160_sl220_h48__all__expanding__q95,72378,vwap_revert_75,2025-09-12 08:40:00+00:00,2025-09-12 08:45:00+00:00,2025-09-12 12:45:00+00:00,1,-0.0010504968238915153,56.3604099,55.957768952,time_open,49,-0.007970398939184165,0.004197806588344122,-0.014367893755349208
tp160_sl220_h48__all__expanding__q95,72608,vwap_revert_75,2025-09-12 16:20:00+00:00,2025-09-12 16:25:00+00:00,2025-09-12 18:25:00+00:00,1,-0.0010316487316347639,55.27925106000001,56.17854629879633,target_limit,25,0.01543215557514115,0.01674677066437069,-0.004236186674365331
tp160_sl220_h48__all__expanding__q95,72675,vwap_revert_75,2025-09-12 19:25:00+00:00,2025-09-12 19:30:00+00:00,2025-09-12 21:30:00+00:00,-1,-0.0010579933682064286,56.41939696,55.50203020337532,target_limit,25,0.0154371956782615,0.017660538993467423,-0.0016660578837699596
tp160_sl220_h48__all__expanding__q95,72949,vwap_revert_20,2025-09-13 06:35:00+00:00,2025-09-13 06:40:00+00:00,2025-09-13 09:55:00+00:00,1,-0.0010626670450348285,55.187152344000005,56.08494930025433,target_limit,40,0.01543215557514115,0.01938581011267404,-0.006523915542710605
tp160_sl220_h48__all__expanding__q95,73661,bb_revert_1p2,2025-09-14 11:20:00+00:00,2025-09-14 11:25:00+00:00,2025-09-14 15:25:00+00:00,1,-0.0010627213168872415,54.233129775,54.125285304,time_open,49,-0.0028170329478655652,0.0009933084301696482,-0.013379610557168535
tp160_sl220_h48__all__expanding__q95,73905,bb_revert_1p2,2025-09-14 21:10:00+00:00,2025-09-14 21:15:00+00:00,2025-09-15 01:15:00+00:00,1,-0.0010505701285442265,54.095982774,53.335076744,time_open,49,-0.014889340994773122,0.0034941083664135064,-0.015498642267640321
tp160_sl220_h48__all__expanding__q95,74076,bb_revert_1p2,2025-09-15 04:25:00+00:00,2025-09-15 04:30:00+00:00,2025-09-15 07:30:00+00:00,-1,-0.0010192407314767447,54.333637384000006,53.45018461087094,target_limit,37,0.0154371956782615,0.019410395378951173,-0.006126824731980799
tp160_sl220_h48__all__expanding__q95,74247,vwap_revert_75,2025-09-15 12:55:00+00:00,2025-09-15 13:00:00+00:00,2025-09-15 17:00:00+00:00,1,-0.001014116641010595,53.117934453000004,52.320809048,time_open,49,-0.01582980929618338,0.002279184012833113,-0.018542897337306755
tp160_sl220_h48__all__expanding__q95,74374,vwap_revert_75,2025-09-15 17:00:00+00:00,2025-09-15 17:05:00+00:00,2025-09-15 19:40:00+00:00,1,-0.0010477997807591109,52.345106097000006,53.19666800828977,target_limit,32,0.01543215557514115,0.019273891643861063,-0.005975947144569963
tp160_sl220_h48__all__expanding__q95,74592,vwap_revert_75,2025-09-15 23:10:00+00:00,2025-09-15 23:15:00+00:00,2025-09-16 03:15:00+00:00,-1,-0.001025238660076834,53.621402433,53.2109486,time_open,49,0.0068285157355456845,0.008213183785155342,-0.00807200610922411
tp160_sl220_h48__all__expanding__q95,74838,bb_revert_1p2,2025-09-16 10:05:00+00:00,2025-09-16 10:10:00+00:00,2025-09-16 13:05:00+00:00,1,-0.0009241984242260323,53.246071797000006,54.112290820113685,target_limit,36,0.01543215557514115,0.01639422728362061,-0.01853941238509217
tp160_sl220_h48__all__expanding__q95,74953,vwap_revert_20,2025-09-16 15:10:00+00:00,2025-09-16 15:15:00+00:00,2025-09-16 19:15:00+00:00,-1,-0.001060045740986103,53.591434623000005,53.93075852,time_open,49,-0.007163629659451269,0.0012023306234155706,-0.01107989878811934
tp160_sl220_h48__all__expanding__q95,75139,vwap_revert_75,2025-09-16 22:10:00+00:00,2025-09-16 22:15:00+00:00,2025-09-17 02:15:00+00:00,-1,-0.0010633808138748341,54.33663416500001,54.235678,time_open,49,0.0010294238605585246,0.008955912939367594,-0.0055376476584507875
tp160_sl220_h48__all__expanding__q95,75435,vwap_revert_75,2025-09-17 10:05:00+00:00,2025-09-17 10:10:00+00:00,2025-09-17 14:10:00+00:00,-1,-0.0010314921767701796,55.092821904000004,55.16543248,time_open,49,-0.002147837126675255,0.006549345114845284,-0.008694834303200965
tp160_sl220_h48__all__expanding__q95,75802,vwap_revert_75,2025-09-17 23:35:00+00:00,2025-09-17 23:40:00+00:00,2025-09-17 23:50:00+00:00,-1,-0.0010648481631249705,57.65806644,56.72055919509248,target_limit,3,0.01543719567826161,0.023102863523634998,-0.006761276495783412
tp160_sl220_h48__all__expanding__q95,75934,vwap_revert_75,2025-09-18 02:45:00+00:00,2025-09-18 02:50:00+00:00,2025-09-18 06:50:00+00:00,-1,-0.001017723507544903,58.689958031,58.315600616,time_open,49,0.005551882257243056,0.010750698282434135,-0.012989929615049316
tp160_sl220_h48__all__expanding__q95,76135,vwap_revert_75,2025-09-18 11:55:00+00:00,2025-09-18 12:00:00+00:00,2025-09-18 16:00:00+00:00,1,-0.0010345453128532023,57.880038714,57.856270024000004,time_open,49,-0.0012398066948923932,0.007411212838325909,-0.010228730662268941
tp160_sl220_h48__all__expanding__q95,76588,vwap_revert_75,2025-09-19 05:00:00+00:00,2025-09-19 05:05:00+00:00,2025-09-19 09:05:00+00:00,1,-0.0009851062625390527,57.38751079800001,56.377879832000005,time_open,49,-0.018415245012661806,0.00079266727842775,-0.019940003714114543
tp160_sl220_h48__all__expanding__q95,76717,vwap_revert_75,2025-09-19 09:05:00+00:00,2025-09-19 09:10:00+00:00,2025-09-19 13:10:00+00:00,1,-0.0009970585341836382,56.451507543000005,56.225839704,time_open,49,-0.004825217029128362,0.001514440636237513,-0.014152249140745326
tp160_sl220_h48__all__expanding__q95,77261,bb_revert_1p2,2025-09-20 06:00:00+00:00,2025-09-20 06:05:00+00:00,2025-09-20 10:05:00+00:00,-1,-0.0010552716303408346,56.40740983600001,55.992214151999995,time_open,49,0.006534388117551342,0.008818164802216422,-0.004998991007139534
tp160_sl220_h48__all__expanding__q95,77456,vwap_revert_75,2025-09-20 14:00:00+00:00,2025-09-20 14:05:00+00:00,2025-09-20 18:05:00+00:00,1,-0.0010583118916621384,55.414395915,54.54439592000001,time_open,49,-0.01652270383259286,0.010477495521030056,-0.0177638699258207
tp160_sl220_h48__all__expanding__q95,77772,vwap_revert_75,2025-09-21 01:40:00+00:00,2025-09-21 01:45:00+00:00,2025-09-21 05:45:00+00:00,1,-0.0010273411808722768,53.921796072,54.341342328,time_open,49,0.0069480942476454356,0.008664472662894163,-0.0036748656216843015
tp160_sl220_h48__all__expanding__q95,77901,vwap_revert_20,2025-09-21 08:05:00+00:00,2025-09-21 08:10:00+00:00,2025-09-21 10:25:00+00:00,1,-0.0010331984592194183,53.71757718,52.54965993072726,stop_market,28,-0.022562115135163045,-0.00010382411666309821,-0.023080932649222743
tp160_sl220_h48__all__expanding__q95,77983,vwap_revert_75,2025-09-21 10:30:00+00:00,2025-09-21 10:35:00+00:00,2025-09-21 14:35:00+00:00,1,-0.001064410218971586,52.874673714000004,52.869953984000006,time_open,49,-0.0009185481919560645,0.0011598423534810998,-0.014309285379372831
tp160_sl220_h48__all__expanding__q95,78125,vwap_revert_75,2025-09-21 14:40:00+00:00,2025-09-21 14:45:00+00:00,2025-09-21 16:30:00+00:00,1,-0.0010349716183490005,52.688474136,51.54293144752212,stop_market,22,-0.022562115135163045,0.002173641690673689,-0.02257271684664576
tp160_sl220_h48__all__expanding__q95,78408,vwap_revert_75,2025-09-21 23:30:00+00:00,2025-09-21 23:35:00+00:00,2025-09-22 00:35:00+00:00,1,-0.0010349925502585024,51.20888824200001,50.095514425948984,stop_market,13,-0.022562115135163045,0.0025017484737135387,-0.022654711448624756
tp160_sl220_h48__all__expanding__q95,78665,bb_revert_1p2,2025-09-22 09:50:00+00:00,2025-09-22 09:55:00+00:00,2025-09-22 13:55:00+00:00,1,-0.0010203278200095272,48.808315188,49.45305216,time_open,49,0.012374772255090104,0.024292680610526585,-0.006362729521839376
tp160_sl220_h48__all__expanding__q95,78890,vwap_revert_75,2025-09-22 17:55:00+00:00,2025-09-22 18:00:00+00:00,2025-09-22 19:55:00+00:00,1,-0.0010457827259594053,48.085540482000006,47.040073893264136,stop_market,24,-0.022562115135162934,0.002941830674710655,-0.022657116553752812
tp160_sl220_h48__all__expanding__q95,79116,vwap_revert_75,2025-09-22 23:55:00+00:00,2025-09-23 00:00:00+00:00,2025-09-23 00:45:00+00:00,1,-0.0010554632030910325,47.328729294000006,46.29971714880588,stop_market,10,-0.022562115135163045,0.0007452282477498073,-0.023037903260795703
tp160_sl220_h48__all__expanding__q95,79198,vwap_revert_75,2025-09-23 02:05:00+00:00,2025-09-23 02:10:00+00:00,2025-09-23 05:20:00+00:00,1,-0.0010101336513968235,46.178496417000005,46.92973854069496,target_limit,39,0.01543215557514115,0.017226710367883147,-0.01933031436966283
tp160_sl220_h48__all__expanding__q95,79402,vwap_revert_75,2025-09-23 08:40:00+00:00,2025-09-23 08:45:00+00:00,2025-09-23 09:45:00+00:00,-1,-0.0010598257357254052,48.75762687,47.96483877880222,target_limit,13,0.01543719567826161,0.018533036326999652,-0.004278121083080692
tp160_sl220_h48__all__expanding__q95,79658,vwap_revert_75,2025-09-23 15:55:00+00:00,2025-09-23 16:00:00+00:00,2025-09-23 18:15:00+00:00,1,-0.0010361667219869377,47.368772214,46.33888946332748,stop_market,28,-0.022562115135162934,0.007393642892362884,-0.026144106196935427
tp160_sl220_h48__all__expanding__q95,79880,vwap_revert_75,2025-09-23 22:15:00+00:00,2025-09-23 22:20:00+00:00,2025-09-24 02:20:00+00:00,1,-0.0010554087517914126,45.143386935,45.157918544000005,time_open,49,-0.0005075571475731337,0.011753948939719594,-0.018188846844533715
tp160_sl220_h48__all__expanding__q95,80034,vwap_revert_75,2025-09-24 03:35:00+00:00,2025-09-24 03:40:00+00:00,2025-09-24 04:05:00+00:00,1,-0.0010629046734740818,44.582786055,43.61347568048711,stop_market,6,-0.022562115135163045,0.002696420651049136,-0.022548452002714506
tp160_sl220_h48__all__expanding__q95,80082,vwap_revert_75,2025-09-24 05:30:00+00:00,2025-09-24 05:35:00+00:00,2025-09-24 05:50:00+00:00,1,-0.00103676729866778,44.11027959900001,44.82787550821918,target_limit,4,0.015432155575141372,0.01649775081036875,-0.0016452043836889957
tp160_sl220_h48__all__expanding__q95,80459,vwap_revert_75,2025-09-24 19:40:00+00:00,2025-09-24 19:45:00+00:00,2025-09-24 23:45:00+00:00,-1,-0.0010555284430944503,45.92067419,45.480989848,time_open,49,0.008749514576170118,0.011578100700354699,-0.00987283712517996
tp160_sl220_h48__all__expanding__q95,80617,vwap_revert_20,2025-09-25 00:55:00+00:00,2025-09-25 01:00:00+00:00,2025-09-25 02:05:00+00:00,1,-0.0010595480218913178,45.571846179000005,44.58103184917066,stop_market,14,-0.022562115135162934,0.0038873522987012965,-0.02299101634725599
tp160_sl220_h48__all__expanding__q95,80796,vwap_revert_75,2025-09-25 05:35:00+00:00,2025-09-25 05:40:00+00:00,2025-09-25 07:55:00+00:00,1,-0.0010592682610187658,43.19429780400001,42.25517567445062,stop_market,28,-0.022562115135163045,0.004600195074396796,-0.024336749561716622
tp160_sl220_h48__all__expanding__q95,80897,vwap_revert_75,2025-09-25 08:00:00+00:00,2025-09-25 08:05:00+00:00,2025-09-25 09:05:00+00:00,1,-0.0010602817570639278,42.4454952,43.13600802370453,target_limit,13,0.01543215557514115,0.016268034964520783,-0.006716748228226225
tp160_sl220_h48__all__expanding__q95,80939,bb_revert_1p2,2025-09-25 10:40:00+00:00,2025-09-25 10:45:00+00:00,2025-09-25 11:50:00+00:00,1,-0.0010020015928083215,42.765838560000006,41.83603190906949,stop_market,14,-0.022562115135163045,0.001453530249682533,-0.025781603630465125
tp160_sl220_h48__all__expanding__q95,82119,bb_revert_1p2,2025-09-27 00:15:00+00:00,2025-09-27 00:20:00+00:00,2025-09-27 03:00:00+00:00,-1,-0.0010312686693168748,44.850823373000004,44.12155903153946,target_limit,33,0.0154371956782615,0.01789985807670369,-0.01482190243611649
tp160_sl220_h48__all__expanding__q95,82348,vwap_revert_75,2025-09-27 10:30:00+00:00,2025-09-27 10:35:00+00:00,2025-09-27 13:10:00+00:00,1,-0.0010591942140745086,43.56369374100001,44.27239766904599,target_limit,32,0.01543215557514115,0.021630540894954864,-0.005319978620993441
tp160_sl220_h48__all__expanding__q95,82582,vwap_revert_75,2025-09-27 17:50:00+00:00,2025-09-27 17:55:00+00:00,2025-09-27 21:55:00+00:00,-1,-0.0010411099494489116,45.626989652,45.807903519999996,time_open,49,-0.004796029331154899,0.009511687168276217,-0.012491073807141555
tp160_sl220_h48__all__expanding__q95,83066,vwap_revert_75,2025-09-28 08:35:00+00:00,2025-09-28 08:40:00+00:00,2025-09-28 11:25:00+00:00,1,-0.0010539695433259293,44.49268948500001,43.52533797281352,stop_market,34,-0.022562115135163045,0.0012880883503190166,-0.022501199489955784
tp160_sl220_h48__all__expanding__q95,83499,vwap_revert_75,2025-09-28 23:00:00+00:00,2025-09-28 23:05:00+00:00,2025-09-29 00:20:00+00:00,-1,-0.0010225776247541685,47.054456335,46.28936141519111,target_limit,16,0.015437195678261722,0.016458724535808544,-0.006270507631545478
tp160_sl220_h48__all__expanding__q95,83588,vwap_revert_75,2025-09-29 02:25:00+00:00,2025-09-29 02:30:00+00:00,2025-09-29 06:30:00+00:00,-1,-0.0009279943798531493,47.344145165,46.87762104,time_open,49,0.009028656076096441,0.013943543867976027,-0.00930393016415622
tp160_sl220_h48__all__expanding__q95,83707,vwap_revert_75,2025-09-29 08:50:00+00:00,2025-09-29 08:55:00+00:00,2025-09-29 10:15:00+00:00,-1,-0.0010488060644447555,47.900547504,47.1216953313076,target_limit,17,0.01543719567826161,0.0166083175549,-0.005079587029767977
tp160_sl220_h48__all__expanding__q95,83821,vwap_revert_75,2025-09-29 12:55:00+00:00,2025-09-29 13:00:00+00:00,2025-09-29 13:40:00+00:00,1,-0.0010606184244028763,46.107420234,46.857506074428855,target_limit,9,0.015432155575141372,0.023306004988923545,-0.008166563980477897
tp160_sl220_h48__all__expanding__q95,84166,vwap_revert_75,2025-09-30 01:35:00+00:00,2025-09-30 01:40:00+00:00,2025-09-30 03:55:00+00:00,1,-0.0010306935032521494,45.595871931000005,44.60453523788362,stop_market,28,-0.022562115135162934,-6.298664502668583e-05,-0.023681502936490975
tp160_sl220_h48__all__expanding__q95,84308,vwap_revert_75,2025-09-30 06:05:00+00:00,2025-09-30 06:10:00+00:00,2025-09-30 09:35:00+00:00,1,-0.0009466123034842236,44.709922326000004,43.7378477790932,stop_market,42,-0.022562115135162934,0.013555775596763908,-0.024725200659952887
tp160_sl220_h48__all__expanding__q95,84631,vwap_revert_75,2025-09-30 17:10:00+00:00,2025-09-30 17:15:00+00:00,2025-09-30 17:35:00+00:00,1,-0.001045130045238883,43.950107919000004,44.66509811945048,target_limit,5,0.01543215557514115,0.07062308212577006,-0.002692424068248115
tp160_sl220_h48__all__expanding__q95,84996,vwap_revert_75,2025-10-01 06:50:00+00:00,2025-10-01 06:55:00+00:00,2025-10-01 07:35:00+00:00,1,-0.0010607989313713608,44.772989925000005,45.501366954249654,target_limit,9,0.01543215557514115,0.01608134896074831,-0.002245897624057928
tp160_sl220_h48__all__expanding__q95,85089,vwap_revert_75,2025-10-01 10:35:00+00:00,2025-10-01 10:40:00+00:00,2025-10-01 13:20:00+00:00,-1,-0.0011523879226140255,46.721813644,47.73708762507234,stop_market,33,-0.02256852529166972,0.0008093359621723639,-0.02531066309846454
tp160_sl220_h48__all__expanding__q95,85188,vwap_revert_75,2025-10-01 13:25:00+00:00,2025-10-01 13:30:00+00:00,2025-10-01 17:30:00+00:00,-1,-0.0011228799696347829,47.568903739999996,47.42247716,time_open,49,0.0022501533787345433,0.014482228637543781,-0.011705572342503927
tp160_sl220_h48__all__expanding__q95,85751,vwap_revert_75,2025-10-02 06:15:00+00:00,2025-10-02 06:20:00+00:00,2025-10-02 10:20:00+00:00,-1,-0.0011460667482691826,49.315028136,49.468936752,time_open,49,-0.003951544016915623,0.01484391601645707,-0.0051388168635797685
tp160_sl220_h48__all__expanding__q95,85866,vwap_revert_75,2025-10-02 10:20:00+00:00,2025-10-02 10:25:00+00:00,2025-10-02 14:20:00+00:00,-1,-0.0011266608111012847,49.382955172,48.57999938268524,target_limit,48,0.01543719567826161,0.016847010655849037,-0.010682269359734169
tp160_sl220_h48__all__expanding__q95,86121,vwap_revert_75,2025-10-02 18:50:00+00:00,2025-10-02 18:55:00+00:00,2025-10-02 19:45:00+00:00,-1,-0.0011348208011695811,49.951344635000005,51.03679694457672,stop_market,11,-0.02256852529166972,-0.00023333435936834235,-0.02318993139246041
tp160_sl220_h48__all__expanding__q95,86573,vwap_revert_75,2025-10-03 13:05:00+00:00,2025-10-03 13:10:00+00:00,2025-10-03 15:35:00+00:00,1,-0.0011345604792769258,48.981500817000004,49.77834284414715,target_limit,30,0.01543215557514115,0.01705744350548799,-0.012551913275072562
tp160_sl220_h48__all__expanding__q95,86953,vwap_revert_75,2025-10-04 02:15:00+00:00,2025-10-04 02:20:00+00:00,2025-10-04 06:20:00+00:00,1,-0.0011379720045608561,48.781286217,48.979927288,time_open,49,0.003241064152163341,0.010161966226041041,-0.00445896256449209
tp160_sl220_h48__all__expanding__q95,87514,bb_revert_1p2,2025-10-05 00:00:00+00:00,2025-10-05 00:05:00+00:00,2025-10-05 02:45:00+00:00,-1,-0.001124245822507628,49.105253466,50.172320052024844,stop_market,33,-0.02256852529166972,0.004912986879643033,-0.022667810554001924
tp160_sl220_h48__all__expanding__q95,87626,vwap_revert_75,2025-10-05 04:20:00+00:00,2025-10-05 04:25:00+00:00,2025-10-05 07:20:00+00:00,-1,-0.0011460249809371562,50.097187977000004,51.1858094904003,stop_market,36,-0.02256852529166972,0.0010018122578666633,-0.02242811291432202
tp160_sl220_h48__all__expanding__q95,87736,vwap_revert_75,2025-10-05 08:00:00+00:00,2025-10-05 08:05:00+00:00,2025-10-05 09:30:00+00:00,-1,-0.0010539619678060451,51.179025918,50.34686642067512,target_limit,18,0.015437195678261722,0.017155971655396285,-0.006608098491730289
tp160_sl220_h48__all__expanding__q95,87882,vwap_revert_75,2025-10-05 12:05:00+00:00,2025-10-05 12:10:00+00:00,2025-10-05 16:10:00+00:00,1,-0.0011154365743541361,49.07860489800001,49.0629492,time_open,49,-0.0011481826672062288,0.009604900199989164,-0.01094073268299624
tp160_sl220_h48__all__expanding__q95,88191,vwap_revert_75,2025-10-05 21:35:00+00:00,2025-10-05 21:40:00+00:00,2025-10-06 00:15:00+00:00,1,-0.0011316482108467284,47.807242188000004,48.58498111273664,target_limit,32,0.01543215557514115,0.016498709733103523,-0.0019257752068905381
tp160_sl220_h48__all__expanding__q95,88912,bb_revert_1p2,2025-10-07 02:05:00+00:00,2025-10-07 02:10:00+00:00,2025-10-07 06:10:00+00:00,1,-0.0011428149038410723,46.94631940800001,46.448259104,time_open,49,-0.011434068295966127,0.0038273627041649494,-0.019251482155445157
tp160_sl220_h48__all__expanding__q95,89070,vwap_revert_75,2025-10-07 06:25:00+00:00,2025-10-07 06:30:00+00:00,2025-10-07 10:30:00+00:00,1,-0.001149815820232485,45.954256065,46.190190992,time_open,49,0.0043026741530299475,0.012485109848986875,-0.009102780740677512
tp160_sl220_h48__all__expanding__q95,89353,macd_flip,2025-10-07 15:20:00+00:00,2025-10-07 15:25:00+00:00,2025-10-07 19:25:00+00:00,1,-0.00115400918181679,45.319575783000005,44.820829576,time_open,49,-0.011829853576232018,0.00912242027550203,-0.014990609377190227
tp160_sl220_h48__all__expanding__q95,89691,vwap_revert_20,2025-10-08 00:30:00+00:00,2025-10-08 00:35:00+00:00,2025-10-08 01:25:00+00:00,1,-0.0011418756420223353,45.03026568600001,45.76282813495937,target_limit,11,0.01543215557514115,0.01969196273864493,-0.0033741305471818453
tp160_sl220_h48__all__expanding__q95,89868,vwap_revert_75,2025-10-08 09:00:00+00:00,2025-10-08 09:05:00+00:00,2025-10-08 13:05:00+00:00,-1,-0.0011020197535569591,46.373188121000005,45.95286524,time_open,49,0.008238356131299068,0.014495188884708243,-0.006707346606503754
tp160_sl220_h48__all__expanding__q95,90006,vwap_revert_75,2025-10-08 14:10:00+00:00,2025-10-08 14:15:00+00:00,2025-10-08 18:15:00+00:00,-1,-0.0011450339782814519,46.235336194999995,46.619689152,time_open,49,-0.009145739564846999,0.011513622238082943,-0.021560042429703788
tp160_sl220_h48__all__expanding__q95,90479,vwap_revert_75,2025-10-09 09:10:00+00:00,2025-10-09 09:15:00+00:00,2025-10-09 13:15:00+00:00,1,-0.0011302146921243158,44.945174481,44.579765952,time_open,49,-0.008956046178594402,0.0014645736669200993,-0.01746152985344397
tp160_sl220_h48__all__expanding__q95,90643,vwap_revert_75,2025-10-09 13:40:00+00:00,2025-10-09 13:45:00+00:00,2025-10-09 14:30:00+00:00,1,-0.0011496626058521127,44.435628324,43.46951742462023,stop_market,10,-0.022562115135163045,0.0043742303941951555,-0.02653397969966366
tp160_sl220_h48__all__expanding__q95,90765,vwap_revert_20,2025-10-09 17:15:00+00:00,2025-10-09 17:20:00+00:00,2025-10-09 19:25:00+00:00,1,-0.0011498586853862175,42.884966247,43.58262848413864,target_limit,26,0.01543215557514115,0.017046387510008643,-0.007525923687623407
tp160_sl220_h48__all__expanding__q95,91268,vwap_revert_75,2025-10-10 10:50:00+00:00,2025-10-10 10:55:00+00:00,2025-10-10 14:55:00+00:00,-1,-0.0010730189427548549,44.507192485,44.861153527999996,time_open,49,-0.008785515703807227,0.006205569697371516,-0.020721660349402052
tp160_sl220_h48__all__expanding__q95,91523,vwap_revert_75,2025-10-10 19:20:00+00:00,2025-10-10 19:25:00+00:00,2025-10-10 20:20:00+00:00,1,-0.0011113003959443595,42.381426528000006,43.070897068197056,target_limit,12,0.01543215557514115,0.01749760526607247,-0.006748250101782608
tp160_sl220_h48__all__expanding__q95,92778,vwap_revert_75,2025-10-12 10:55:00+00:00,2025-10-12 11:00:00+00:00,2025-10-12 11:40:00+00:00,1,-0.0011088455677344435,36.973630182,37.57512547989394,target_limit,9,0.01543215557514115,0.0181580714334848,-0.002460178119153459
tp160_sl220_h48__all__expanding__q95,92973,vwap_revert_75,2025-10-12 18:15:00+00:00,2025-10-12 18:20:00+00:00,2025-10-12 18:45:00+00:00,-1,-0.0011154335305737682,39.953084292,39.303456090902955,target_limit,6,0.015437195678261722,0.020075653887892786,-0.0023147826493317295
tp160_sl220_h48__all__expanding__q95,93016,vwap_revert_75,2025-10-12 19:45:00+00:00,2025-10-12 19:50:00+00:00,2025-10-12 20:50:00+00:00,-1,-0.0011459725673016884,39.945092876,40.813107413653306,stop_market,13,-0.02256852529166972,-0.0005233965549886754,-0.024895944331947653
tp160_sl220_h48__all__expanding__q95,93301,vwap_revert_75,2025-10-13 03:55:00+00:00,2025-10-13 04:00:00+00:00,2025-10-13 05:45:00+00:00,1,-0.0011380310807645204,39.155969322000004,38.30464775494719,stop_market,22,-0.022562115135163045,-0.00038229987047200265,-0.02541645130488092
tp160_sl220_h48__all__expanding__q95,93500,vwap_revert_75,2025-10-13 10:05:00+00:00,2025-10-13 10:10:00+00:00,2025-10-13 10:30:00+00:00,-1,-0.0011213557080721134,41.959928635000004,41.27766959441892,target_limit,5,0.01543719567826161,0.018730456904172077,-0.0014888138765876285
tp160_sl220_h48__all__expanding__q95,93890,vwap_revert_75,2025-10-13 22:40:00+00:00,2025-10-13 22:45:00+00:00,2025-10-13 23:45:00+00:00,-1,-0.0010964660694117473,43.106696831,42.40579159642803,target_limit,13,0.0154371956782615,0.01753084524111681,-0.012438388645688485
tp160_sl220_h48__all__expanding__q95,94264,vwap_revert_75,2025-10-14 09:55:00+00:00,2025-10-14 10:00:00+00:00,2025-10-14 10:15:00+00:00,1,-0.0011089541857194861,38.86365600600001,38.01868985893951,stop_market,4,-0.022562115135162934,0.0007807807375432851,-0.02469585621067273
tp160_sl220_h48__all__expanding__q95,94332,vwap_revert_75,2025-10-14 11:30:00+00:00,2025-10-14 11:35:00+00:00,2025-10-14 13:35:00+00:00,1,-0.0011444823577549544,38.20494997200001,37.37430528505918,stop_market,25,-0.022562115135163045,0.0028805175266723992,-0.022818825499748355
tp160_sl220_h48__all__expanding__q95,94413,vwap_revert_75,2025-10-14 13:35:00+00:00,2025-10-14 13:40:00+00:00,2025-10-14 13:45:00+00:00,1,-0.0011224340982967692,37.85957978700001,38.475487911520794,target_limit,2,0.015432155575140927,0.018368408125828628,-0.0032033818300770825
tp160_sl220_h48__all__expanding__q95,94809,vwap_revert_75,2025-10-15 01:40:00+00:00,2025-10-15 01:45:00+00:00,2025-10-15 02:10:00+00:00,1,-0.001098267717722803,38.767552998000006,39.39823223410334,target_limit,6,0.015432155575140927,0.01682971845124337,-0.003137376309312671
tp160_sl220_h48__all__expanding__q95,94873,vwap_revert_75,2025-10-15 04:45:00+00:00,2025-10-15 04:50:00+00:00,2025-10-15 06:40:00+00:00,1,-0.0011417800284646425,38.853645276,39.48572508056652,target_limit,23,0.01543215557514115,0.02564379009800266,-0.0035455200793704936
tp160_sl220_h48__all__expanding__q95,94943,vwap_revert_75,2025-10-15 07:15:00+00:00,2025-10-15 07:20:00+00:00,2025-10-15 08:10:00+00:00,-1,-0.00113113745805884,39.676381513,40.53855690114275,stop_market,11,-0.02256852529166994,0.004521115740890536,-0.022962546296486877
tp160_sl220_h48__all__expanding__q95,95263,vwap_revert_75,2025-10-15 16:45:00+00:00,2025-10-15 16:50:00+00:00,2025-10-15 20:30:00+00:00,1,-0.0011529628436711117,38.852644203000004,38.00791747244607,stop_market,45,-0.022562115135162934,0.006829800196186175,-0.028331530940989627
tp160_sl220_h48__all__expanding__q95,95491,vwap_revert_75,2025-10-15 23:35:00+00:00,2025-10-15 23:40:00+00:00,2025-10-16 02:05:00+00:00,1,-0.001137059139940099,37.425114105,38.0339542444857,target_limit,30,0.01543215557514115,0.01768560793543661,-0.009101718458869772
tp160_sl220_h48__all__expanding__q95,95770,vwap_revert_75,2025-10-16 10:40:00+00:00,2025-10-16 10:45:00+00:00,2025-10-16 12:00:00+00:00,-1,-0.0011203819614284125,38.174994232,39.004544186260254,stop_market,16,-0.02256852529166972,-1.5109367024201958e-07,-0.02268069658083839
tp160_sl220_h48__all__expanding__q95,96152,vwap_revert_75,2025-10-16 22:45:00+00:00,2025-10-16 22:50:00+00:00,2025-10-17 00:20:00+00:00,1,-0.0011349795216092442,36.491112996000005,37.08475859622825,target_limit,19,0.01543215557514115,0.018631577613829498,-0.006309603348513952
tp160_sl220_h48__all__expanding__q95,97154,vwap_revert_75,2025-10-18 10:10:00+00:00,2025-10-18 10:15:00+00:00,2025-10-18 13:00:00+00:00,-1,-0.0011125228844000071,36.10122178,35.51422400053088,target_limit,34,0.01543719567826161,0.022775455772954145,-0.004037204082344218
tp160_sl220_h48__all__expanding__q95,97278,vwap_revert_75,2025-10-18 14:10:00+00:00,2025-10-18 14:15:00+00:00,2025-10-18 15:00:00+00:00,1,-0.0011452135809376718,35.17470200100001,35.74693193228553,target_limit,10,0.01543215557514115,0.01618487056361717,-0.001486511215936696
tp160_sl220_h48__all__expanding__q95,97384,vwap_revert_75,2025-10-18 19:20:00+00:00,2025-10-18 19:25:00+00:00,2025-10-18 23:25:00+00:00,-1,-0.0011507875671872482,36.199116626,36.571342616,time_open,49,-0.011116323311987785,0.009202341301354777,-0.01817430391879983
tp160_sl220_h48__all__expanding__q95,97522,vwap_revert_75,2025-10-18 23:25:00+00:00,2025-10-18 23:30:00+00:00,2025-10-19 03:30:00+00:00,-1,-0.0011493060552655182,36.587699229,36.710305919999996,time_open,49,-0.0041817479952125786,0.011689700036153217,-0.010180259545517394
tp160_sl220_h48__all__expanding__q95,97869,vwap_revert_75,2025-10-19 11:40:00+00:00,2025-10-19 11:45:00+00:00,2025-10-19 13:40:00+00:00,-1,-0.0011459182273375237,37.224015728000005,38.03290073678046,stop_market,24,-0.02256852529166972,0.008032871310418188,-0.024081755114987904
tp160_sl220_h48__all__expanding__q95,98078,vwap_revert_75,2025-10-19 17:10:00+00:00,2025-10-19 17:15:00+00:00,2025-10-19 19:45:00+00:00,-1,-0.001097239387132963,38.216949166000006,37.59555013315746,target_limit,31,0.0154371956782615,0.016954497419078507,-0.00816124601899572
tp160_sl220_h48__all__expanding__q95,98629,vwap_revert_75,2025-10-20 08:15:00+00:00,2025-10-20 08:20:00+00:00,2025-10-20 11:10:00+00:00,-1,-0.0010734333205310667,38.60053713400001,37.97290104672148,target_limit,35,0.01543719567826161,0.017008497361600594,-0.0157632266415504
tp160_sl220_h48__all__expanding__q95,98845,vwap_revert_75,2025-10-20 15:50:00+00:00,2025-10-20 15:55:00+00:00,2025-10-20 16:00:00+00:00,-1,-0.0010915431674402454,39.19789548,38.560546479823785,target_limit,2,0.01543719567826161,0.02589158085075849,-0.0014888138765876285
tp160_sl220_h48__all__expanding__q95,99151,vwap_revert_75,2025-10-21 02:50:00+00:00,2025-10-21 02:55:00+00:00,2025-10-21 04:35:00+00:00,1,-0.001104369553286901,37.364048652,36.551686680105554,stop_market,21,-0.022562115135163156,-0.000991558820219507,-0.02709936727747521
tp160_sl220_h48__all__expanding__q95,99334,vwap_revert_75,2025-10-21 08:15:00+00:00,2025-10-21 08:20:00+00:00,2025-10-21 12:20:00+00:00,1,-0.0010825665761971923,35.780351166,36.253568416,time_open,49,0.012390811046573847,0.022460618965742807,-0.01104482992592694
tp160_sl220_h48__all__expanding__q95,99839,vwap_revert_75,2025-10-21 23:15:00+00:00,2025-10-21 23:20:00+00:00,2025-10-22 00:35:00+00:00,1,-0.001138688395823145,35.75632541400001,34.9789182520633,stop_market,16,-0.022562115135163045,0.0011095823058053789,-0.026880619516687423
tp160_sl220_h48__all__expanding__q95,99936,vwap_revert_75,2025-10-22 01:50:00+00:00,2025-10-22 01:55:00+00:00,2025-10-22 05:55:00+00:00,1,-0.0010750811412230138,34.955467014,34.66915024,time_open,49,-0.009016827294401474,0.014147514773638736,-0.014760543567275535
tp160_sl220_h48__all__expanding__q95,100102,vwap_revert_75,2025-10-22 06:40:00+00:00,2025-10-22 06:45:00+00:00,2025-10-22 10:10:00+00:00,1,-0.001125125815886212,34.80530606400001,35.37152657943772,target_limit,42,0.01543215557514115,0.019585919880908298,-0.008755517830467923
tp160_sl220_h48__all__expanding__q95,100409,wick_reject_1p0,2025-10-22 16:00:00+00:00,2025-10-22 16:05:00+00:00,2025-10-22 17:50:00+00:00,-1,-0.0010986501294148238,36.331973917,35.741224159471734,target_limit,22,0.01543719567826161,0.019596345594282805,-0.006911035098314825
tp160_sl220_h48__all__expanding__q95,100809,vwap_revert_75,2025-10-23 03:20:00+00:00,2025-10-23 03:25:00+00:00,2025-10-23 04:10:00+00:00,-1,-0.001145242404030835,38.056121919,37.43733790116837,target_limit,10,0.0154371956782615,0.019054015029260518,-0.008925199554622692
tp160_sl220_h48__all__expanding__q95,100941,vwap_revert_75,2025-10-23 07:50:00+00:00,2025-10-23 07:55:00+00:00,2025-10-23 11:55:00+00:00,-1,-0.001141524061779233,38.766359016,38.755765776,time_open,49,-0.0005559507375947739,0.004807235467305215,-0.018255928882970465
tp160_sl220_h48__all__expanding__q95,101203,vwap_revert_75,2025-10-23 14:25:00+00:00,2025-10-23 14:30:00+00:00,2025-10-23 17:15:00+00:00,-1,-0.0011513009417325156,40.010023131,39.35946911713512,target_limit,34,0.0154371956782615,0.016196519779012597,-0.02010914802537679
tp160_sl220_h48__all__expanding__q95,101533,vwap_revert_75,2025-10-23 23:30:00+00:00,2025-10-23 23:35:00+00:00,2025-10-24 03:10:00+00:00,-1,-0.0011474876330949345,40.078949094,39.42727435941615,target_limit,44,0.015437195678261722,0.019011204415887994,-0.009772464209367964
tp160_sl220_h48__all__expanding__q95,101727,vwap_revert_75,2025-10-24 06:05:00+00:00,2025-10-24 06:10:00+00:00,2025-10-24 10:10:00+00:00,-1,-0.001132458001241201,40.407596077,39.950450296,time_open,49,0.010488731062922236,0.011918454047161742,-0.012179873032316395
tp160_sl220_h48__all__expanding__q95,101885,vwap_revert_140,2025-10-24 11:55:00+00:00,2025-10-24 12:00:00+00:00,2025-10-24 12:30:00+00:00,1,-0.0011335942707489542,39.686538012,40.332167502163735,target_limit,7,0.01543215557514115,0.020900336223562688,-0.0026707918902998543
tp160_sl220_h48__all__expanding__q95,101973,wick_reject_0p6,2025-10-24 14:35:00+00:00,2025-10-24 14:40:00+00:00,2025-10-24 18:40:00+00:00,1,-0.0011459562740309041,39.423255813000004,39.002293888,time_open,49,-0.011502904995896762,0.003671543205020278,-0.01944545411396416
tp160_sl220_h48__all__expanding__q95,102125,vwap_revert_75,2025-10-24 18:50:00+00:00,2025-10-24 18:55:00+00:00,2025-10-24 21:35:00+00:00,1,-0.0011072341934236635,39.00080300700001,39.635276806497764,target_limit,33,0.01543215557514115,0.019748234231529826,-0.0017429161929882902
tp160_sl220_h48__all__expanding__q95,102586,vwap_revert_75,2025-10-25 10:10:00+00:00,2025-10-25 10:15:00+00:00,2025-10-25 12:05:00+00:00,-1,-0.001148411096343768,40.313696938999996,41.18972131371427,stop_market,23,-0.02256852529166972,-0.0001563503592723059,-0.02835313251346984
tp160_sl220_h48__all__expanding__q95,102692,vwap_revert_75,2025-10-25 13:30:00+00:00,2025-10-25 13:35:00+00:00,2025-10-25 15:00:00+00:00,-1,-0.0010628986962342133,41.47544904,40.801067529110185,target_limit,18,0.01543719567826161,0.01826258804984837,-0.0021880227018382806
tp160_sl220_h48__all__expanding__q95,102942,vwap_revert_75,2025-10-25 21:20:00+00:00,2025-10-25 21:25:00+00:00,2025-10-25 22:05:00+00:00,-1,-0.0010768884859982588,43.136664641,44.07403264588854,stop_market,9,-0.02256852529166972,-0.0002859599624276399,-0.02499549916250167
tp160_sl220_h48__all__expanding__q95,103076,vwap_revert_75,2025-10-26 00:35:00+00:00,2025-10-26 00:40:00+00:00,2025-10-26 02:25:00+00:00,-1,-0.0011472245217563608,44.544152784,43.81987483762237,target_limit,22,0.015437195678261722,0.018097836272902734,-0.003711327805184809
tp160_sl220_h48__all__expanding__q95,103427,vwap_revert_75,2025-10-26 13:30:00+00:00,2025-10-26 13:35:00+00:00,2025-10-26 14:00:00+00:00,-1,-0.0011395591045198852,48.016423036,47.2356867531134,target_limit,6,0.01543719567826161,0.016357383293860384,-0.002030295277243092
tp160_sl220_h48__all__expanding__q95,103577,vwap_revert_75,2025-10-26 18:20:00+00:00,2025-10-26 18:25:00+00:00,2025-10-26 20:15:00+00:00,-1,-0.001112365262733359,47.664800732,46.889781749013046,target_limit,23,0.01543719567826161,0.021772895639176948,-0.001992330090469189
tp160_sl220_h48__all__expanding__q95,103836,vwap_revert_75,2025-10-27 00:45:00+00:00,2025-10-27 00:50:00+00:00,2025-10-27 04:35:00+00:00,-1,-0.0011484176267075876,47.745713818999995,48.783237347463924,stop_market,46,-0.02256852529166994,0.005083468223348819,-0.024632252556527914
tp160_sl220_h48__all__expanding__q95,104553,vwap_revert_75,2025-10-28 00:40:00+00:00,2025-10-28 00:45:00+00:00,2025-10-28 01:00:00+00:00,1,-0.0011320658440545119,46.169486760000005,46.92058231257673,target_limit,4,0.01543215557514115,0.02455113365007211,-0.002937686108745911
tp160_sl220_h48__all__expanding__q95,104722,vwap_revert_75,2025-10-28 07:35:00+00:00,2025-10-28 07:40:00+00:00,2025-10-28 09:15:00+00:00,-1,-0.0011393181728881672,47.577894083,46.80428818265869,target_limit,20,0.01543719567826161,0.021751573980862138,-0.004683574866530608
tp160_sl220_h48__all__expanding__q95,104861,vwap_revert_75,2025-10-28 12:55:00+00:00,2025-10-28 13:00:00+00:00,2025-10-28 14:45:00+00:00,-1,-0.0011477350872398844,48.38802388,47.60124545062855,target_limit,22,0.01543719567826161,0.016698840233770662,-0.020605114271370364
tp160_sl220_h48__all__expanding__q95,105324,vwap_revert_75,2025-10-29 05:05:00+00:00,2025-10-29 05:10:00+00:00,2025-10-29 06:35:00+00:00,-1,-0.0011271618977259112,48.165263159,47.38210676905361,target_limit,18,0.0154371956782615,0.01622046902185381,-0.014589541633788687
tp160_sl220_h48__all__expanding__q95,105531,vwap_revert_75,2025-10-29 12:40:00+00:00,2025-10-29 12:45:00+00:00,2025-10-29 14:00:00+00:00,-1,-0.0011140355494250775,49.013352182000006,48.21640605451157,target_limit,16,0.01543719567826161,0.018920399048742764,-0.00669147781708103
tp160_sl220_h48__all__expanding__q95,106253,vwap_revert_75,2025-10-30 15:10:00+00:00,2025-10-30 15:15:00+00:00,2025-10-30 15:15:00+00:00,1,-0.0011329186345138487,46.310638053000005,45.30376105209419,stop_market,1,-0.022562115135162934,-0.0009638833511410594,-0.023252568484385408
tp160_sl220_h48__all__expanding__q95,106325,vwap_revert_75,2025-10-30 17:05:00+00:00,2025-10-30 17:10:00+00:00,2025-10-30 17:20:00+00:00,1,-0.0010622201825383148,45.509779653,44.52031476166217,stop_market,3,-0.022562115135163045,-0.001071849905051936,-0.026623965379035122
tp160_sl220_h48__all__expanding__q95,106382,vwap_revert_75,2025-10-30 19:00:00+00:00,2025-10-30 19:05:00+00:00,2025-10-30 19:35:00+00:00,1,-0.0011362474834672408,44.005166934,43.048415043513025,stop_market,7,-0.022562115135163045,0.003927563012298352,-0.02398386934401321
tp160_sl220_h48__all__expanding__q95,106802,bb_revert_1p2,2025-10-31 06:35:00+00:00,2025-10-31 06:40:00+00:00,2025-10-31 08:10:00+00:00,1,-0.001152759292689992,44.770987779,43.79758555873864,stop_market,19,-0.022562115135162934,-0.0009601704392183663,-0.02520722975898672
tp160_sl220_h48__all__expanding__q95,106860,vwap_revert_75,2025-10-31 08:15:00+00:00,2025-10-31 08:20:00+00:00,2025-10-31 09:00:00+00:00,1,-0.0011515098291899153,44.034198051000004,44.750556248554034,target_limit,9,0.01543215557514115,0.021319837547914,-0.004711277563118414
tp160_sl220_h48__all__expanding__q95,106990,vwap_revert_75,2025-10-31 12:25:00+00:00,2025-10-31 12:30:00+00:00,2025-10-31 14:35:00+00:00,1,-0.0011102646550545069,43.812960918,44.52571998031728,target_limit,26,0.01543215557514115,0.016114845178380355,-0.019449232372193107
tp160_sl220_h48__all__expanding__q95,107548,vwap_revert_140,2025-11-01 05:15:00+00:00,2025-11-01 05:20:00+00:00,2025-11-01 06:20:00+00:00,-1,-0.0009550928311574913,44.338373822,43.61744179545001,target_limit,13,0.01543719567826161,0.01807404631521181,-0.004578688136523305
tp160_sl220_h48__all__expanding__q95,107844,vwap_revert_75,2025-11-01 18:40:00+00:00,2025-11-01 18:45:00+00:00,2025-11-01 20:00:00+00:00,-1,-0.000991514648692836,44.112616319999994,43.395355059862844,target_limit,16,0.015437195678261722,0.016879894735746914,-0.0033023540080474737
tp160_sl220_h48__all__expanding__q95,108188,vwap_revert_75,2025-11-02 06:45:00+00:00,2025-11-02 06:50:00+00:00,2025-11-02 10:15:00+00:00,-1,-0.0009961475418756795,43.210585239,42.50799080218495,target_limit,42,0.01543719567826161,0.01864323833024384,-0.006302449212687537
tp160_sl220_h48__all__expanding__q95,108337,vwap_revert_75,2025-11-02 13:40:00+00:00,2025-11-02 13:45:00+00:00,2025-11-02 16:10:00+00:00,1,-0.0010020673127260722,42.113138964,41.19752318236739,stop_market,30,-0.022562115135163045,0.01094340263721394,-0.02397355500551325
tp160_sl220_h48__all__expanding__q95,108432,vwap_revert_140,2025-11-02 16:35:00+00:00,2025-11-02 16:40:00+00:00,2025-11-02 20:40:00+00:00,1,-0.0009908091844524234,41.65064323800001,41.537963128,time_open,49,-0.00353356383298597,0.009732304965464733,-0.010273890510623789
tp160_sl220_h48__all__expanding__q95,108916,vwap_revert_75,2025-11-03 09:40:00+00:00,2025-11-03 09:45:00+00:00,2025-11-03 11:15:00+00:00,1,-0.0009518490788909023,40.748676465,41.411585061436156,target_limit,19,0.01543215557514115,0.016769220359510895,-0.013830470422367307
tp160_sl220_h48__all__expanding__q95,109582,vwap_revert_140,2025-11-04 08:45:00+00:00,2025-11-04 08:50:00+00:00,2025-11-04 09:15:00+00:00,1,-0.001012357396486016,37.203876972,37.80911797624895,target_limit,6,0.015432155575141372,0.01774339347742737,-0.005598985840964203
tp160_sl220_h48__all__expanding__q95,109622,vwap_revert_140,2025-11-04 09:55:00+00:00,2025-11-04 10:00:00+00:00,2025-11-04 11:20:00+00:00,1,-0.000898334039395136,37.50820316400001,38.118395014909474,target_limit,17,0.01543215557514115,0.01732412595609656,-0.00471247220028305
tp160_sl220_h48__all__expanding__q95,109737,vwap_revert_140,2025-11-04 13:45:00+00:00,2025-11-04 13:50:00+00:00,2025-11-04 14:40:00+00:00,1,-0.0010132606301001864,37.58028042,38.19164483985537,target_limit,11,0.015432155575140927,0.027427139140011603,-0.00707454828359612
tp160_sl220_h48__all__expanding__q95,110211,vwap_revert_140,2025-11-05 04:10:00+00:00,2025-11-05 04:15:00+00:00,2025-11-05 08:15:00+00:00,-1,-0.0010006056146833224,40.180839647999996,40.227377168,time_open,49,-0.0019880046631826067,0.011070939579584937,-0.021647675839053374
tp160_sl220_h48__all__expanding__q95,110511,vwap_revert_140,2025-11-05 13:05:00+00:00,2025-11-05 13:10:00+00:00,2025-11-05 15:30:00+00:00,-1,-0.0009628094530017481,41.272666859,42.16952983419811,stop_market,29,-0.02256852529166994,0.01365714653055139,-0.02385228273488195
tp160_sl220_h48__all__expanding__q95,110635,vwap_revert_140,2025-11-05 16:00:00+00:00,2025-11-05 16:05:00+00:00,2025-11-05 20:05:00+00:00,-1,-0.0009869114235580949,41.953935073000004,41.400067496,time_open,49,0.012377954442739928,0.015777663569537248,-0.005111835167332283
tp160_sl220_h48__all__expanding__q95,111232,vwap_revert_75,2025-11-06 08:00:00+00:00,2025-11-06 08:05:00+00:00,2025-11-06 11:30:00+00:00,1,-0.0009302746961043066,39.667517625,40.31283768724745,target_limit,42,0.01543215557514115,0.01733111664559317,-0.008242668798913126
tp160_sl220_h48__all__expanding__q95,111539,vwap_revert_140,2025-11-06 18:10:00+00:00,2025-11-06 18:15:00+00:00,2025-11-06 18:50:00+00:00,1,-0.0009745897426301556,38.450212857000004,39.075729532605365,target_limit,8,0.01543215557514115,0.01726354924142237,-0.010511168668173048
tp160_sl220_h48__all__expanding__q95,111631,vwap_revert_20,2025-11-06 20:50:00+00:00,2025-11-06 20:55:00+00:00,2025-11-07 00:35:00+00:00,1,-0.0009771757876953354,38.43619783500001,39.061486511088106,target_limit,45,0.01543215557514115,0.01633361779682363,-0.0060915452715898525
tp160_sl220_h48__all__expanding__q95,111882,vwap_revert_75,2025-11-07 04:45:00+00:00,2025-11-07 04:50:00+00:00,2025-11-07 05:05:00+00:00,1,-0.0010145104560081344,38.43619783500001,39.061486511088106,target_limit,4,0.01543215557514115,0.017790577724035916,-0.002058888330198753
tp160_sl220_h48__all__expanding__q95,111928,macd_flip,2025-11-07 06:35:00+00:00,2025-11-07 06:40:00+00:00,2025-11-07 07:55:00+00:00,-1,-0.000985565253414859,39.477595040000004,40.33545075991745,stop_market,16,-0.02256852529166972,0.003966681350303647,-0.023475968846907072
tp160_sl220_h48__all__expanding__q95,112192,vwap_revert_140,2025-11-07 15:50:00+00:00,2025-11-07 15:55:00+00:00,2025-11-07 17:10:00+00:00,-1,-0.0009745170602113384,40.61637182,41.49897337799198,stop_market,16,-0.02256852529166972,0.010472915254102988,-0.029556313481233568
tp160_sl220_h48__all__expanding__q95,112290,vwap_revert_140,2025-11-07 18:45:00+00:00,2025-11-07 18:50:00+00:00,2025-11-07 19:40:00+00:00,-1,-0.0010014016979594913,42.012871766,42.92581953594656,stop_market,11,-0.02256852529166972,0.0030674353021564738,-0.023886711483804404
tp160_sl220_h48__all__expanding__q95,112387,vwap_revert_140,2025-11-07 21:15:00+00:00,2025-11-07 21:20:00+00:00,2025-11-08 00:30:00+00:00,-1,-0.001002048157600155,42.791035899,42.0952632404743,target_limit,39,0.0154371956782615,0.016522990952329786,-0.00438661705884004
tp160_sl220_h48__all__expanding__q95,112698,vwap_revert_75,2025-11-08 08:10:00+00:00,2025-11-08 08:15:00+00:00,2025-11-08 11:05:00+00:00,1,-0.0010039735803801472,40.844779473,41.509251494697374,target_limit,35,0.01543215557514115,0.01707000346178611,-0.006848273547026344
tp160_sl220_h48__all__expanding__q95,113137,vwap_revert_140,2025-11-08 20:50:00+00:00,2025-11-08 20:55:00+00:00,2025-11-08 22:25:00+00:00,1,-0.0009751686201615288,39.844707546,40.492910173572824,target_limit,19,0.01543215557514115,0.01702340149483894,-0.004749177903850447
tp160_sl220_h48__all__expanding__q95,113447,vwap_revert_75,2025-11-09 08:30:00+00:00,2025-11-09 08:35:00+00:00,2025-11-09 10:00:00+00:00,-1,-0.0010090396174051394,40.368637924,39.71225291393065,target_limit,18,0.015437195678261722,0.01904047209735127,-0.0016126724028380373
tp160_sl220_h48__all__expanding__q95,113634,vwap_revert_140,2025-11-09 16:25:00+00:00,2025-11-09 16:30:00+00:00,2025-11-09 18:50:00+00:00,-1,-0.0010092695945768532,40.912054212,41.80108100514117,stop_market,29,-0.02256852529166972,0.0033744140855069826,-0.026933637414552583
tp160_sl220_h48__all__expanding__q95,113822,vwap_revert_140,2025-11-09 23:05:00+00:00,2025-11-09 23:10:00+00:00,2025-11-10 00:00:00+00:00,-1,-0.0009744510864016999,42.24462283,41.55773472557971,target_limit,11,0.01543719567826161,0.01828925856692276,-0.0014888138765876285
tp160_sl220_h48__all__expanding__q95,113920,vwap_revert_75,2025-11-10 03:10:00+00:00,2025-11-10 03:15:00+00:00,2025-11-10 07:15:00+00:00,-1,-0.0010142837951032995,42.671164659,42.879676776,time_open,49,-0.005717836459503756,0.004269034146495487,-0.0098082493275984
tp160_sl220_h48__all__expanding__q95,114183,vwap_revert_75,2025-11-10 11:55:00+00:00,2025-11-10 12:00:00+00:00,2025-11-10 14:45:00+00:00,1,-0.0009994062805825752,42.161190468,41.24452995979332,stop_market,34,-0.022562115135162934,0.0058539507366930366,-0.02425626675044014
tp160_sl220_h48__all__expanding__q95,114298,vwap_revert_140,2025-11-10 15:50:00+00:00,2025-11-10 15:55:00+00:00,2025-11-10 19:45:00+00:00,1,-0.0010142901257863884,41.252216184000005,41.923316477377746,target_limit,47,0.01543215557514115,0.017012027011343633,-0.010698137527237266
tp160_sl220_h48__all__expanding__q95,114812,vwap_revert_140,2025-11-11 08:00:00+00:00,2025-11-11 08:05:00+00:00,2025-11-11 12:05:00+00:00,1,-0.0009477034995605416,39.881747247,40.327643688,time_open,49,0.010346505313672592,0.014850220812342885,-0.00542314917283561
tp160_sl220_h48__all__expanding__q95,115186,vwap_revert_75,2025-11-11 18:25:00+00:00,2025-11-11 18:30:00+00:00,2025-11-11 21:40:00+00:00,1,-0.000979592803232223,39.552394230000004,38.69245366871104,stop_market,39,-0.022562115135162934,0.0015070078856260771,-0.028336971742406805
tp160_sl220_h48__all__expanding__q95,115305,vwap_revert_140,2025-11-11 22:00:00+00:00,2025-11-11 22:05:00+00:00,2025-11-12 02:05:00+00:00,1,-0.0009287963186321323,38.765550852000004,39.131327944000006,time_open,49,0.008602386985233003,0.013528742310466635,-0.010386165481579572
tp160_sl220_h48__all__expanding__q95,115714,vwap_revert_140,2025-11-12 12:10:00+00:00,2025-11-12 12:15:00+00:00,2025-11-12 14:25:00+00:00,-1,-0.001007986895882325,40.310700158,39.65525720302776,target_limit,27,0.0154371956782615,0.01718402695276744,-0.009848877052843779
tp160_sl220_h48__all__expanding__q95,116860,vwap_revert_75,2025-11-14 04:25:00+00:00,2025-11-14 04:30:00+00:00,2025-11-14 04:35:00+00:00,1,-0.001013024656799888,37.614316902,36.79651364586556,stop_market,2,-0.022562115135163045,-0.00043379498403528505,-0.02764676297761816
tp160_sl220_h48__all__expanding__q95,116926,vwap_revert_140,2025-11-14 06:05:00+00:00,2025-11-14 06:10:00+00:00,2025-11-14 07:00:00+00:00,1,-0.001016877054185266,37.121788986000006,37.72569456450499,target_limit,11,0.01543215557514115,0.0185123355520167,-0.02104375831611817
tp160_sl220_h48__all__expanding__q95,117075,vwap_revert_75,2025-11-14 11:30:00+00:00,2025-11-14 11:35:00+00:00,2025-11-14 12:35:00+00:00,1,-0.0009874868431806135,37.027688124,36.22263923812411,stop_market,13,-0.022562115135163045,3.542959516167343e-05,-0.02465836026918257
tp160_sl220_h48__all__expanding__q95,117144,vwap_revert_140,2025-11-14 13:05:00+00:00,2025-11-14 13:10:00+00:00,2025-11-14 14:20:00+00:00,1,-0.0010011672359533927,36.564191325,37.15902577985396,target_limit,15,0.01543215557514115,0.01667775637589597,-0.011250162128569012
tp160_sl220_h48__all__expanding__q95,117238,vwap_revert_140,2025-11-14 16:15:00+00:00,2025-11-14 16:20:00+00:00,2025-11-14 17:25:00+00:00,-1,-0.0009872525633548982,37.825369782,37.210337742227516,target_limit,14,0.0154371956782615,0.016242267703946323,-0.012618909958300966
tp160_sl220_h48__all__expanding__q95,117392,vwap_revert_75,2025-11-14 21:55:00+00:00,2025-11-14 22:00:00+00:00,2025-11-14 23:05:00+00:00,-1,-0.0009963704565618952,37.847346175999995,37.231956804983774,target_limit,14,0.01543719567826161,0.020618253453523083,-0.019323617850982147
tp160_sl220_h48__all__expanding__q95,117567,vwap_revert_140,2025-11-15 04:15:00+00:00,2025-11-15 04:20:00+00:00,2025-11-15 08:20:00+00:00,-1,-0.0010121684179221892,38.577561813,38.97970664,time_open,49,-0.011257964609339352,0.006909763097318833,-0.01893418803637205
tp160_sl220_h48__all__expanding__q95,117734,vwap_revert_140,2025-11-15 09:10:00+00:00,2025-11-15 09:15:00+00:00,2025-11-15 11:45:00+00:00,-1,-0.0009658729824845097,39.161934108000004,38.52516983167717,target_limit,31,0.0154371956782615,0.01771960767020042,-0.010579273990693154
tp160_sl220_h48__all__expanding__q95,118317,vwap_revert_75,2025-11-16 07:50:00+00:00,2025-11-16 07:55:00+00:00,2025-11-16 10:20:00+00:00,-1,-0.0009476730360240367,39.151944838000006,40.00272411650315,stop_market,30,-0.02256852529166972,0.007022507799744004,-0.022867062223209236
tp160_sl220_h48__all__expanding__q95,118486,vwap_revert_140,2025-11-16 14:45:00+00:00,2025-11-16 14:50:00+00:00,2025-11-16 16:30:00+00:00,1,-0.0010171252080368855,38.831621670000004,37.98735200732222,stop_market,21,-0.022562115135163045,-0.0009945932809147795,-0.023478896887013892
tp160_sl220_h48__all__expanding__q95,118666,vwap_revert_75,2025-11-16 21:05:00+00:00,2025-11-16 21:10:00+00:00,2025-11-16 23:20:00+00:00,1,-0.0010145314996467957,37.912636656000004,38.52940792155042,target_limit,27,0.01543215557514115,0.019290753915007564,-0.011324919538322946
tp160_sl220_h48__all__expanding__q95,119797,vwap_revert_140,2025-11-18 10:05:00+00:00,2025-11-18 10:10:00+00:00,2025-11-18 13:20:00+00:00,-1,-0.0009358486501887504,41.045910430000006,40.37851312069214,target_limit,39,0.01543719567826161,0.017392973441715087,-0.015473154679038552
tp160_sl220_h48__all__expanding__q95,120015,vwap_revert_75,2025-11-18 16:40:00+00:00,2025-11-18 16:45:00+00:00,2025-11-18 20:45:00+00:00,1,-0.0009941599896687331,39.03483948900001,38.836250064000005,time_open,49,-0.005914704814890419,0.0011056920321692587,-0.02082820724654956
tp160_sl220_h48__all__expanding__q95,120439,vwap_revert_75,2025-11-19 05:15:00+00:00,2025-11-19 05:20:00+00:00,2025-11-19 09:20:00+00:00,1,-0.0009869448503960485,38.129869497,38.100055760000004,time_open,49,-0.0016108981894243104,0.015398177616269937,-0.0147831735619718
tp160_sl220_h48__all__expanding__q95,120936,vwap_revert_20,2025-11-19 23:50:00+00:00,2025-11-19 23:55:00+00:00,2025-11-20 03:05:00+00:00,-1,-0.000952841595782948,38.582556448000005,39.420962807465884,stop_market,39,-0.02256852529166972,0.005690562477266514,-0.023130718324401403
tp160_sl220_h48__all__expanding__q95,121056,vwap_revert_140,2025-11-20 03:05:00+00:00,2025-11-20 03:10:00+00:00,2025-11-20 07:10:00+00:00,-1,-0.0010038130370068179,39.380699121,39.16965648,time_open,49,0.0045319370036491155,0.011571636135758623,-0.011062031427694146
tp160_sl220_h48__all__expanding__q95,121537,vwap_revert_140,2025-11-20 20:55:00+00:00,2025-11-20 21:00:00+00:00,2025-11-20 21:20:00+00:00,1,-0.000997614566659447,37.65536089500001,38.26794674084071,target_limit,5,0.01543215557514115,0.016482091533543297,-0.0018051909394815196
tp160_sl220_h48__all__expanding__q95,121778,vwap_revert_140,2025-11-21 06:05:00+00:00,2025-11-21 06:10:00+00:00,2025-11-21 06:35:00+00:00,1,-0.0009664222344754937,36.761402706000005,35.96214334655548,stop_market,6,-0.022562115135162823,0.0023556580441872477,-0.03170842654613361
tp160_sl220_h48__all__expanding__q95,122614,vwap_revert_140,2025-11-22 09:45:00+00:00,2025-11-22 09:50:00+00:00,2025-11-22 12:30:00+00:00,1,-0.0010079015041684321,33.22561287,32.50322797429813,stop_market,33,-0.022562115135163045,0.004466046437746396,-0.022795373230616325
tp160_sl220_h48__all__expanding__q95,122720,vwap_revert_75,2025-11-22 12:50:00+00:00,2025-11-22 12:55:00+00:00,2025-11-22 15:45:00+00:00,1,-0.0010029386607974063,32.678025939,31.967546573215245,stop_market,35,-0.022562115135162934,0.00685396545734096,-0.025080347680820472
tp160_sl220_h48__all__expanding__q95,122901,vwap_revert_140,2025-11-22 17:35:00+00:00,2025-11-22 17:40:00+00:00,2025-11-22 18:50:00+00:00,1,-0.001013957577467106,31.452712587000004,30.76887374885427,stop_market,15,-0.022562115135162934,0.000803981943689358,-0.025808737729276846
tp160_sl220_h48__all__expanding__q95,123000,vwap_revert_20,2025-11-22 19:45:00+00:00,2025-11-22 19:50:00+00:00,2025-11-22 20:00:00+00:00,1,-0.001000082318818415,31.006234029,30.332102441938417,stop_market,3,-0.022562115135163045,0.000605232192417926,-0.029061611087798603
tp160_sl220_h48__all__expanding__q95,123128,vwap_revert_75,2025-11-22 23:25:00+00:00,2025-11-22 23:30:00+00:00,2025-11-23 00:50:00+00:00,1,-0.000967677608390966,29.765904582000005,30.25014298530261,target_limit,17,0.01543215557514115,0.016028251944625982,-0.005517969412324423
tp160_sl220_h48__all__expanding__q95,123315,vwap_revert_140,2025-11-23 05:10:00+00:00,2025-11-23 05:15:00+00:00,2025-11-23 07:05:00+00:00,-1,-0.0009757726981216135,31.44622196,30.934913434884116,target_limit,23,0.01543719567826161,0.023030491895694727,-0.013572936429794973
tp160_sl220_h48__all__expanding__q95,123476,vwap_revert_140,2025-11-23 10:50:00+00:00,2025-11-23 10:55:00+00:00,2025-11-23 13:15:00+00:00,-1,-0.001007956523578775,31.454213376,30.942774912250034,target_limit,29,0.01543719567826161,0.018064777815539168,-0.019960107151507436
tp160_sl220_h48__all__expanding__q95,123973,vwap_revert_140,2025-11-24 03:35:00+00:00,2025-11-24 03:40:00+00:00,2025-11-24 04:00:00+00:00,-1,-0.0009899266665307723,33.443077033,32.89930009169267,target_limit,5,0.01543719567826161,0.02000644355600978,-0.002116746527021555
tp160_sl220_h48__all__expanding__q95,124113,vwap_revert_140,2025-11-24 08:50:00+00:00,2025-11-24 08:55:00+00:00,2025-11-24 12:40:00+00:00,1,-0.0008956107678473705,31.337589192000003,30.656253344604664,stop_market,46,-0.022562115135163045,0.014564324179618504,-0.026153373598488253
tp160_sl220_h48__all__expanding__q95,124522,vwap_revert_140,2025-11-24 21:30:00+00:00,2025-11-24 21:35:00+00:00,2025-11-24 22:35:00+00:00,-1,-0.001011929357858838,32.750820622,33.46250224227362,stop_market,13,-0.02256852529166994,0.011505684891048862,-0.024114201147105177
tp160_sl220_h48__all__expanding__q95,124688,vwap_revert_140,2025-11-25 01:35:00+00:00,2025-11-25 01:40:00+00:00,2025-11-25 02:00:00+00:00,-1,-0.0009149750165948591,33.617889258000005,33.071269909072115,target_limit,5,0.015437195678261722,0.01787409237351245,-0.0036900228648166925
tp160_sl220_h48__all__expanding__q95,124891,vwap_revert_140,2025-11-25 07:55:00+00:00,2025-11-25 08:00:00+00:00,2025-11-25 08:30:00+00:00,1,-0.0009964310269665445,31.916209386000006,32.43542942952236,target_limit,7,0.01543215557514115,0.02606169811521708,-0.001486511215936696
tp160_sl220_h48__all__expanding__q95,125534,vwap_revert_140,2025-11-26 02:05:00+00:00,2025-11-26 02:10:00+00:00,2025-11-26 04:05:00+00:00,-1,-0.000983546754149026,34.272186442999995,33.714928368406575,target_limit,24,0.01543719567826161,0.01619932956198633,-0.01152610754538032
tp160_sl220_h48__all__expanding__q95,125673,macd_flip,2025-11-26 06:50:00+00:00,2025-11-26 06:55:00+00:00,2025-11-26 09:40:00+00:00,-1,-0.0010046595742451408,34.656773338,34.09326196664135,target_limit,34,0.0154371956782615,0.01843141402028925,-0.004518524662873406
tp160_sl220_h48__all__expanding__q95,126108,vwap_revert_140,2025-11-26 20:40:00+00:00,2025-11-26 20:45:00+00:00,2025-11-26 21:25:00+00:00,-1,-0.0009381651557246319,35.189201429,35.953869532378846,stop_market,9,-0.02256852529166972,-0.0009888991391353574,-0.023398944504462685
tp160_sl220_h48__all__expanding__q95,126173,vwap_revert_140,2025-11-26 22:40:00+00:00,2025-11-26 22:45:00+00:00,2025-11-27 02:45:00+00:00,-1,-0.0009719915303731876,36.157161691999995,36.349401224,time_open,49,-0.00614830335191032,0.013196879115253468,-0.01091986388280121
tp160_sl220_h48__all__expanding__q95,126489,vwap_revert_140,2025-11-27 10:00:00+00:00,2025-11-27 10:05:00+00:00,2025-11-27 11:10:00+00:00,1,-0.0009580712244431154,35.31785544,34.549981408051764,stop_market,14,-0.022562115135163156,-5.25354661794486e-05,-0.02484580044009567
tp160_sl220_h48__all__expanding__q95,126579,vwap_revert_140,2025-11-27 12:55:00+00:00,2025-11-27 13:00:00+00:00,2025-11-27 16:40:00+00:00,1,-0.000970142564717971,34.668159063000004,35.23214844030452,target_limit,45,0.01543215557514115,0.016263942252467745,-0.005236349785782927
tp160_sl220_h48__all__expanding__q95,127246,vwap_revert_140,2025-11-28 11:25:00+00:00,2025-11-28 11:30:00+00:00,2025-11-28 14:25:00+00:00,-1,-0.000993909483827446,36.015314058,36.79793374742064,stop_market,36,-0.02256852529166994,0.011476064246847661,-0.022452118508170985
tp160_sl220_h48__all__expanding__q95,127528,vwap_revert_140,2025-11-28 17:55:00+00:00,2025-11-28 18:00:00+00:00,2025-11-28 22:00:00+00:00,1,-0.0009995130738917812,34.722217005000005,34.457094272,time_open,49,-0.008461692318146526,0.006444951224392481,-0.0171825135743552
tp160_sl220_h48__all__expanding__q95,127690,vwap_revert_140,2025-11-28 22:15:00+00:00,2025-11-28 22:20:00+00:00,2025-11-28 22:55:00+00:00,1,-0.0009478623707560086,34.385856477,34.94525329259968,target_limit,8,0.015432155575140927,0.017860352654318623,-0.0025625350173139752
tp160_sl220_h48__all__expanding__q95,128054,vwap_revert_140,2025-11-29 12:55:00+00:00,2025-11-29 13:00:00+00:00,2025-11-29 14:20:00+00:00,-1,-0.0010134461972480838,35.966366635,35.381561569981024,target_limit,17,0.01543719567826161,0.018332867528474406,-0.005687180687792296
tp160_sl220_h48__all__expanding__q95,128714,vwap_revert_140,2025-11-30 12:40:00+00:00,2025-11-30 12:45:00+00:00,2025-11-30 13:15:00+00:00,1,-0.0010167517993852396,33.173557074,33.71323193135662,target_limit,7,0.01543215557514115,0.018069902020540818,-0.0045311048292985415
tp160_sl220_h48__all__expanding__q95,129193,vwap_revert_200,2025-12-01 05:00:00+00:00,2025-12-01 05:05:00+00:00,2025-12-01 07:35:00+00:00,1,-0.0009557428814235887,30.584782296000004,31.082342385382567,target_limit,31,0.01543215557514115,0.01776104530490774,-0.010477910838747289
tp160_sl220_h48__all__expanding__q95,129396,vwap_revert_75,2025-12-01 12:10:00+00:00,2025-12-01 12:15:00+00:00,2025-12-01 12:40:00+00:00,1,-0.0009548802607763756,30.736945392000003,30.068668626780656,stop_market,6,-0.022562115135162934,6.68448986649306e-05,-0.027513821015179643
tp160_sl220_h48__all__expanding__q95,129494,vwap_revert_75,2025-12-01 15:25:00+00:00,2025-12-01 15:30:00+00:00,2025-12-01 19:30:00+00:00,1,-0.0009705551544251886,29.554678179000003,29.479780608000002,time_open,49,-0.0033624753572379213,0.01520306931710258,-0.011806366439963927
tp160_sl220_h48__all__expanding__q95,129652,vwap_revert_75,2025-12-01 19:35:00+00:00,2025-12-01 19:40:00+00:00,2025-12-01 20:10:00+00:00,1,-0.0009065974117064647,29.504624529,29.98461236987367,target_limit,7,0.01543215557514115,0.017399830677235162,-0.004875810405347029
tp160_sl220_h48__all__expanding__q95,129814,vwap_revert_200,2025-12-02 00:10:00+00:00,2025-12-02 00:15:00+00:00,2025-12-02 00:50:00+00:00,-1,-0.0009762371144665052,31.345330333000003,30.835662283139417,target_limit,8,0.01543719567826161,0.02355471533259612,-0.00311585048644926
tp160_sl220_h48__all__expanding__q95,130014,vwap_revert_75,2025-12-02 06:00:00+00:00,2025-12-02 06:05:00+00:00,2025-12-02 07:10:00+00:00,-1,-0.0009708013527758706,31.211474115,31.88970544012198,stop_market,14,-0.02256852529166972,0.0029948638329478916,-0.02346791032914243
tp160_sl220_h48__all__expanding__q95,130081,vwap_revert_140,2025-12-02 08:00:00+00:00,2025-12-02 08:05:00+00:00,2025-12-02 08:55:00+00:00,-1,-0.0008989476419758457,31.641012725,31.12653694567835,target_limit,11,0.01543719567826161,0.017382905211672517,-0.003701132445793635
tp160_sl220_h48__all__expanding__q95,130145,vwap_revert_75,2025-12-02 10:25:00+00:00,2025-12-02 10:30:00+00:00,2025-12-02 13:20:00+00:00,-1,-0.0009538311261752197,31.517145777,32.202019406026196,stop_market,35,-0.02256852529166972,0.001242047020278303,-0.022747084049292723
tp160_sl220_h48__all__expanding__q95,130261,vwap_revert_200,2025-12-02 13:25:00+00:00,2025-12-02 13:30:00+00:00,2025-12-02 14:00:00+00:00,-1,-0.0009727184647869564,32.132484809000005,31.610017803682258,target_limit,7,0.015437195678261722,0.017909751219700842,-0.012879156147829656
tp160_sl220_h48__all__expanding__q95,130388,vwap_revert_200,2025-12-02 17:25:00+00:00,2025-12-02 17:30:00+00:00,2025-12-02 21:30:00+00:00,-1,-0.0009007249162266419,33.054494430000005,32.937302255999995,time_open,49,0.0027175708062571837,0.013689346571561178,-0.020064200086177722
tp160_sl220_h48__all__expanding__q95,130663,vwap_revert_75,2025-12-03 02:30:00+00:00,2025-12-03 02:35:00+00:00,2025-12-03 03:25:00+00:00,-1,-0.000924879067676207,33.803689680000005,34.53825034705483,stop_market,11,-0.02256852529166994,0.004073214530822988,-0.028734360404749873
tp160_sl220_h48__all__expanding__q95,131042,vwap_revert_75,2025-12-03 16:35:00+00:00,2025-12-03 16:40:00+00:00,2025-12-03 20:40:00+00:00,-1,-0.0009313382690365826,34.242218633,34.537879591999996,time_open,49,-0.009467301408452694,0.00984803691064029,-0.0173464312179097
tp160_sl220_h48__all__expanding__q95,131152,vwap_revert_140,2025-12-03 21:05:00+00:00,2025-12-03 21:10:00+00:00,2025-12-04 01:10:00+00:00,-1,-0.0009282504683531448,34.699727199,35.178710368000004,time_open,49,-0.01463870452384252,0.01370982533297016,-0.02347745936720648
tp160_sl220_h48__all__expanding__q95,131664,vwap_revert_200,2025-12-04 13:35:00+00:00,2025-12-04 13:40:00+00:00,2025-12-04 15:35:00+00:00,1,-0.0009353981795212774,34.400872572,34.96051367279675,target_limit,24,0.01543215557514115,0.016049808819367017,-0.011486257567719054
tp160_sl220_h48__all__expanding__q95,131967,vwap_revert_75,2025-12-04 22:40:00+00:00,2025-12-04 22:45:00+00:00,2025-12-05 02:45:00+00:00,1,-0.0009219170657855538,33.456860733000006,33.88894432000001,time_open,49,0.012079970395892543,0.012946201691085957,-0.006956241369653685
tp160_sl220_h48__all__expanding__q95,132301,vwap_revert_75,2025-12-05 11:10:00+00:00,2025-12-05 11:15:00+00:00,2025-12-05 13:40:00+00:00,1,-0.0009656267184734969,32.196509826,31.496499491092997,stop_market,30,-0.022562115135163045,0.0029658548245152794,-0.026333924936350797
tp160_sl220_h48__all__expanding__q95,132450,vwap_revert_200,2025-12-05 14:50:00+00:00,2025-12-05 14:55:00+00:00,2025-12-05 15:00:00+00:00,1,-0.0009527705860261373,31.269516228000004,31.778215722368746,target_limit,2,0.01543215557514115,0.0177963665297034,-0.004140853527944703
tp160_sl220_h48__all__expanding__q95,132519,vwap_revert_200,2025-12-05 16:25:00+00:00,2025-12-05 16:30:00+00:00,2025-12-05 18:50:00+00:00,1,-0.0009306784339439271,31.355608506000003,30.673880886139383,stop_market,29,-0.022562115135163045,-0.0006572510304195811,-0.02330079046582302
tp160_sl220_h48__all__expanding__q95,132631,vwap_revert_200,2025-12-05 19:20:00+00:00,2025-12-05 19:25:00+00:00,2025-12-05 23:25:00+00:00,1,-0.0009488578831745319,30.918139605000004,30.864145984000004,time_open,49,-0.0025749396810055463,0.01319162149504094,-0.004817888889881231
tp160_sl220_h48__all__expanding__q95,134226,vwap_revert_140,2025-12-08 06:00:00+00:00,2025-12-08 06:05:00+00:00,2025-12-08 10:05:00+00:00,-1,-0.000980270167686134,30.280474151,30.422966216,time_open,49,-0.005537014787869585,0.01137611482839429,-0.01895881772666043
tp160_sl220_h48__all__expanding__q95,134820,vwap_revert_200,2025-12-09 04:00:00+00:00,2025-12-09 04:05:00+00:00,2025-12-09 04:40:00+00:00,1,-0.000973611477462079,28.657716771,28.034646195246538,stop_market,8,-0.022562115135163045,0.0024176116176188867,-0.032752086459066146
tp160_sl220_h48__all__expanding__q95,134930,vwap_revert_75,2025-12-09 07:10:00+00:00,2025-12-09 07:15:00+00:00,2025-12-09 07:55:00+00:00,1,-0.0009516395529344157,27.822821889000004,28.27544978780236,target_limit,9,0.01543215557514115,0.017833493417005464,-0.0020256369760714025
tp160_sl220_h48__all__expanding__q95,134975,vwap_revert_75,2025-12-09 08:50:00+00:00,2025-12-09 08:55:00+00:00,2025-12-09 12:55:00+00:00,1,-0.0009461523596085596,27.963973182000004,28.195441632,time_open,49,0.007444625700353386,0.012195220463861345,-0.01772168627654759
tp160_sl220_h48__all__expanding__q95,135262,vwap_revert_140,2025-12-09 17:55:00+00:00,2025-12-09 18:00:00+00:00,2025-12-09 20:30:00+00:00,-1,-0.0009788569451061365,28.715155541999998,28.24825354508192,target_limit,31,0.01543719567826161,0.016407904923616545,-0.020921061045990688
tp160_sl220_h48__all__expanding__q95,135571,vwap_revert_200,2025-12-10 04:15:00+00:00,2025-12-10 04:20:00+00:00,2025-12-10 07:20:00+00:00,-1,-0.0009847636163050851,28.727142666,29.35138899174357,stop_market,37,-0.02256852529166972,0.003346753525674817,-0.022723087228874853
tp160_sl220_h48__all__expanding__q95,135759,vwap_revert_200,2025-12-10 09:45:00+00:00,2025-12-10 09:50:00+00:00,2025-12-10 12:05:00+00:00,-1,-0.0009606830781416752,29.356466676000004,28.879137103696777,target_limit,28,0.01543719567826161,0.017967648553264937,-0.0019316464607495182
tp160_sl220_h48__all__expanding__q95,135871,vwap_revert_75,2025-12-10 12:50:00+00:00,2025-12-10 12:55:00+00:00,2025-12-10 14:35:00+00:00,1,-0.0009285924770542945,28.814885232,29.28365223948847,target_limit,21,0.01543215557514115,0.01673144848984487,-0.004262854045550061
tp160_sl220_h48__all__expanding__q95,136283,vwap_revert_200,2025-12-11 02:30:00+00:00,2025-12-11 02:35:00+00:00,2025-12-11 06:35:00+00:00,1,-0.0009620514947890372,28.459504317,28.119421568,time_open,49,-0.01277407492859108,0.013053483956081857,-0.015260468612862914
tp160_sl220_h48__all__expanding__q95,136462,vwap_revert_140,2025-12-11 08:35:00+00:00,2025-12-11 08:40:00+00:00,2025-12-11 10:35:00+00:00,1,-0.00094751975102546,27.961971036,27.35402723043373,stop_market,24,-0.022562115135162934,0.004149527365242323,-0.024911183216229774
tp160_sl220_h48__all__expanding__q95,136582,vwap_revert_200,2025-12-11 12:30:00+00:00,2025-12-11 12:35:00+00:00,2025-12-11 15:15:00+00:00,1,-0.0009370481924217209,27.356321871000006,27.801360643013535,target_limit,33,0.01543215557514115,0.016072267722002875,-0.018484410355767436
tp160_sl220_h48__all__expanding__q95,136796,vwap_revert_200,2025-12-11 19:00:00+00:00,2025-12-11 19:05:00+00:00,2025-12-11 21:40:00+00:00,-1,-0.0009064005308599763,28.334564354999998,28.950279878670504,stop_market,32,-0.02256852529166972,0.007854871252351736,-0.023829019713855107
tp160_sl220_h48__all__expanding__q95,136951,vwap_revert_200,2025-12-11 22:35:00+00:00,2025-12-11 22:40:00+00:00,2025-12-12 02:40:00+00:00,-1,-0.0009667762319162887,28.909946307,29.32725556,time_open,49,-0.015270106792330367,0.003699291097406965,-0.016570128638297557
tp160_sl220_h48__all__expanding__q95,137100,vwap_revert_200,2025-12-12 02:50:00+00:00,2025-12-12 02:55:00+00:00,2025-12-12 06:55:00+00:00,-1,-0.0008928760723453484,29.314511742,29.408234176,time_open,49,-0.0040277827527974005,0.0059189709017533065,-0.017112475086806814
tp160_sl220_h48__all__expanding__q95,137665,vwap_revert_200,2025-12-12 23:55:00+00:00,2025-12-13 00:00:00+00:00,2025-12-13 04:00:00+00:00,1,-0.0009845877685184248,28.619675997,28.51252532,time_open,49,-0.004571721584323649,0.007803163216222542,-0.010606111312994286
tp160_sl220_h48__all__expanding__q95,137871,vwap_revert_140,2025-12-13 06:15:00+00:00,2025-12-13 06:20:00+00:00,2025-12-13 10:20:00+00:00,1,-0.0008777558531896253,28.077094431000003,28.182438200000004,time_open,49,0.0029210685475674156,0.009897946159740822,-0.006828944364374771
tp160_sl220_h48__all__expanding__q95,138075,vwap_revert_200,2025-12-13 13:35:00+00:00,2025-12-13 13:40:00+00:00,2025-12-13 17:40:00+00:00,-1,-0.0009546601253790505,29.082760678,28.919363272,time_open,49,0.004791366637838102,0.011923238025415839,-0.009913048518979577
tp160_sl220_h48__all__expanding__q95,139721,vwap_revert_200,2025-12-15 18:50:00+00:00,2025-12-15 18:55:00+00:00,2025-12-15 19:20:00+00:00,1,-0.0008929562974463697,27.281241396000002,27.725058742028203,target_limit,6,0.01543215557514115,0.01795221107760181,-0.0021463052384562845
tp160_sl220_h48__all__expanding__q95,139760,vwap_revert_140,2025-12-15 20:00:00+00:00,2025-12-15 20:05:00+00:00,2025-12-16 00:05:00+00:00,1,-0.0009478026403671251,27.453425952000003,27.600284552,time_open,49,0.004517831634208562,0.010147150613808886,-0.013470443588356378
tp160_sl220_h48__all__expanding__q95,139974,vwap_revert_75,2025-12-16 02:10:00+00:00,2025-12-16 02:15:00+00:00,2025-12-16 03:25:00+00:00,1,-0.000958287193769257,27.113061132000002,26.523574162575795,stop_market,15,-0.022562115135163045,0.0029852353301587087,-0.02295218036950554
tp160_sl220_h48__all__expanding__q95,140136,vwap_revert_140,2025-12-16 07:25:00+00:00,2025-12-16 07:30:00+00:00,2025-12-16 09:35:00+00:00,1,-0.0009373262092563132,26.381276769000003,26.81045328888409,target_limit,26,0.01543215557514115,0.018942344427666624,-0.010432249591924474
tp160_sl220_h48__all__expanding__q95,140294,vwap_revert_200,2025-12-16 12:45:00+00:00,2025-12-16 12:50:00+00:00,2025-12-16 14:00:00+00:00,-1,-0.0009420349390688185,27.254724268,26.811568556460553,target_limit,15,0.01543719567826161,0.017638199648360442,-0.011945716584446557
tp160_sl220_h48__all__expanding__q95,140360,vwap_revert_200,2025-12-16 14:50:00+00:00,2025-12-16 14:55:00+00:00,2025-12-16 15:15:00+00:00,-1,-0.0008854980129476778,27.406561172,26.96093662641298,target_limit,5,0.01543719567826161,0.01778994339859452,-0.0025469546560164128
tp160_sl220_h48__all__expanding__q95,140578,vwap_revert_20,2025-12-16 23:30:00+00:00,2025-12-16 23:35:00+00:00,2025-12-17 03:00:00+00:00,1,-0.0009637637323216184,26.634548238000004,27.067845034874594,target_limit,42,0.01543215557514115,0.06478246774008589,-0.01672987094451485
tp160_sl220_h48__all__expanding__q95,140975,vwap_revert_75,2025-12-17 13:45:00+00:00,2025-12-17 13:50:00+00:00,2025-12-17 14:40:00+00:00,-1,-0.0009552147271319606,27.429536493,26.983538373839995,target_limit,11,0.01543719567826161,0.01872202591287153,-0.005499089443149711
tp160_sl220_h48__all__expanding__q95,141231,vwap_revert_75,2025-12-17 22:00:00+00:00,2025-12-17 22:05:00+00:00,2025-12-18 02:05:00+00:00,1,-0.0009283256219135967,24.649420479000003,24.2814086,time_open,49,-0.01575297078725997,0.007812740310226163,-0.021649257046955986
tp160_sl220_h48__all__expanding__q95,141415,vwap_revert_75,2025-12-18 02:40:00+00:00,2025-12-18 02:45:00+00:00,2025-12-18 06:45:00+00:00,1,-0.0009813163082661746,24.353102871000004,24.175380616,time_open,49,-0.008124021839268858,0.00907059483015793,-0.011752143539023667
tp160_sl220_h48__all__expanding__q95,141563,vwap_revert_75,2025-12-18 08:15:00+00:00,2025-12-18 08:20:00+00:00,2025-12-18 09:45:00+00:00,1,-0.0009379474067387649,24.019745562,24.41050416322562,target_limit,18,0.015432155575140927,0.017288044826625715,-0.015558267268786967
tp160_sl220_h48__all__expanding__q95,141767,vwap_revert_200,2025-12-18 15:35:00+00:00,2025-12-18 15:40:00+00:00,2025-12-18 15:55:00+00:00,-1,-0.0009290302649560025,25.046096671,24.638852749455193,target_limit,4,0.01543719567826161,0.01641360234291489,-0.002167562354775902
tp160_sl220_h48__all__expanding__q95,141926,vwap_revert_200,2025-12-18 20:30:00+00:00,2025-12-18 20:35:00+00:00,2025-12-18 23:35:00+00:00,1,-0.0009675532135354984,23.015669343000003,22.51526707915301,stop_market,37,-0.022562115135163045,0.009790315182318654,-0.02316739273032832
tp160_sl220_h48__all__expanding__q95,142095,vwap_revert_200,2025-12-19 01:20:00+00:00,2025-12-19 01:25:00+00:00,2025-12-19 02:25:00+00:00,1,-0.000968443912538905,22.410020178,22.774591406100225,target_limit,13,0.01543215557514115,0.022444416292573433,-0.0071982419053028416
tp160_sl220_h48__all__expanding__q95,142268,vwap_revert_200,2025-12-19 05:50:00+00:00,2025-12-19 05:55:00+00:00,2025-12-19 07:00:00+00:00,-1,-0.0009706212740078154,23.360906822,23.86854381253617,stop_market,14,-0.02256852529166972,0.0033777294092749433,-0.03209550245456062
tp160_sl220_h48__all__expanding__q95,142373,vwap_revert_75,2025-12-19 08:35:00+00:00,2025-12-19 08:40:00+00:00,2025-12-19 11:00:00+00:00,-1,-0.0008589081246085349,23.931294139000002,24.45132575544895,stop_market,29,-0.02256852529166994,0.004901286922417314,-0.02355197506349295
tp160_sl220_h48__all__expanding__q95,142521,vwap_revert_200,2025-12-19 12:25:00+00:00,2025-12-19 12:30:00+00:00,2025-12-19 14:25:00+00:00,-1,-0.0009214657471341393,24.465720084,24.06791295575546,target_limit,24,0.0154371956782615,0.01699194148272265,-0.002837639902827386
tp160_sl220_h48__all__expanding__q95,142834,vwap_revert_200,2025-12-19 21:00:00+00:00,2025-12-19 21:05:00+00:00,2025-12-20 01:05:00+00:00,-1,-0.0009747255716592983,24.752412133,24.602503224,time_open,49,0.00522952407239901,0.01351028462208581,-0.00803363056473662
tp160_sl220_h48__all__expanding__q95,143438,vwap_revert_75,2025-12-20 19:50:00+00:00,2025-12-20 19:55:00+00:00,2025-12-20 21:55:00+00:00,-1,-0.0009488140514324587,25.128008685,24.719432892455846,target_limit,25,0.01543719567826161,0.024912785284641137,-0.006304157643649792
tp160_sl220_h48__all__expanding__q95,143667,vwap_revert_200,2025-12-21 02:40:00+00:00,2025-12-21 02:45:00+00:00,2025-12-21 06:10:00+00:00,1,-0.0009581029164229687,23.708411859,24.094105613806473,target_limit,42,0.01543215557514115,0.01900541224269925,-0.0070119762187841475
tp160_sl220_h48__all__expanding__q95,144216,vwap_revert_140,2025-12-21 19:50:00+00:00,2025-12-21 19:55:00+00:00,2025-12-21 21:00:00+00:00,-1,-0.000955351888335559,24.442744763,24.045311208328446,target_limit,14,0.01543719567826161,0.01729530652547362,-0.0027161719450403835
tp160_sl220_h48__all__expanding__q95,144460,vwap_revert_75,2025-12-22 04:50:00+00:00,2025-12-22 04:55:00+00:00,2025-12-22 08:00:00+00:00,-1,-0.0009528736920616513,24.894259767,25.43521681143479,stop_market,38,-0.02256852529166994,0.008285434832387417,-0.03270082850455404
tp160_sl220_h48__all__expanding__q95,145114,vwap_revert_140,2025-12-23 04:20:00+00:00,2025-12-23 04:25:00+00:00,2025-12-23 08:25:00+00:00,1,-0.0009753989293431997,24.336084630000002,24.229394872,time_open,49,-0.005211519655782973,0.006365665321899305,-0.013115333366363184
tp160_sl220_h48__all__expanding__q95,145801,vwap_revert_75,2025-12-24 06:15:00+00:00,2025-12-24 06:20:00+00:00,2025-12-24 10:20:00+00:00,1,-0.0009694956637285361,23.833545984,23.903308808,time_open,49,0.0020965490090304345,0.00505396956377635,-0.009710214064500582
tp160_sl220_h48__all__expanding__q95,146072,vwap_revert_140,2025-12-24 17:20:00+00:00,2025-12-24 17:25:00+00:00,2025-12-24 21:25:00+00:00,-1,-0.0009810338243837124,24.372819873,24.630495832,time_open,49,-0.011405973522000696,0.005613625083717433,-0.014823339864695988
tp160_sl220_h48__all__expanding__q95,146212,vwap_revert_200,2025-12-24 21:25:00+00:00,2025-12-24 21:30:00+00:00,2025-12-24 22:50:00+00:00,-1,-0.0009710388887272663,24.613561280000003,25.14841869241817,stop_market,17,-0.02256852529166972,-0.00034284839580922544,-0.023874847077224773
tp160_sl220_h48__all__expanding__q95,146275,vwap_revert_75,2025-12-24 23:45:00+00:00,2025-12-24 23:50:00+00:00,2025-12-25 00:25:00+00:00,-1,-0.0008630971781043186,25.150984006,24.742034639882856,target_limit,8,0.01543719567826161,0.01777202855734661,-0.00411296567853127
tp160_sl220_h48__all__expanding__q95,147761,vwap_revert_20,2025-12-27 09:05:00+00:00,2025-12-27 09:10:00+00:00,2025-12-27 13:10:00+00:00,-1,-0.0009573203791260899,26.073992554,26.012130984,time_open,49,0.0015442004001285055,0.00563751614546848,-0.011191969213309798
tp160_sl220_h48__all__expanding__q95,148944,vwap_revert_140,2025-12-29 05:00:00+00:00,2025-12-29 05:05:00+00:00,2025-12-29 09:05:00+00:00,-1,-0.0009610950240317439,26.107956072,25.980139431999998,time_open,49,0.004068404349383175,0.013748915120359473,-0.007502306452070299
tp160_sl220_h48__all__expanding__q95,149276,vwap_revert_140,2025-12-29 17:00:00+00:00,2025-12-29 17:05:00+00:00,2025-12-29 18:40:00+00:00,-1,-0.0009768046133827853,26.247805852,25.82102240835499,target_limit,20,0.0154371956782615,0.016184432877753507,-0.0022126839062251028
tp160_sl220_h48__all__expanding__q95,149474,vwap_revert_75,2025-12-30 00:50:00+00:00,2025-12-30 00:55:00+00:00,2025-12-30 04:35:00+00:00,1,-0.0009669732075750108,25.626467727,26.043364844311608,target_limit,45,0.01543215557514115,0.016058876212830864,-0.011203027852275576
tp160_sl220_h48__all__expanding__q95,149633,vwap_revert_140,2025-12-30 06:50:00+00:00,2025-12-30 06:55:00+00:00,2025-12-30 09:00:00+00:00,-1,-0.0009618741490470021,26.36168353,25.93304846081931,target_limit,26,0.01543719567826161,0.01660301890438487,-0.01317243793836244
tp160_sl220_h48__all__expanding__q95,149793,vwap_revert_140,2025-12-30 12:05:00+00:00,2025-12-30 12:10:00+00:00,2025-12-30 16:10:00+00:00,1,-0.0009852183279920122,25.772624385000004,25.690780576,time_open,49,-0.004003616023821493,0.0036618550594686994,-0.016463643316796964
tp160_sl220_h48__all__expanding__q95,151174,vwap_revert_75,2026-01-01 18:35:00+00:00,2026-01-01 18:40:00+00:00,2026-01-01 20:40:00+00:00,1,-0.0009827321444783792,24.369120039000002,23.83929130998311,stop_market,25,-0.022562115135163045,0.0056579786541055554,-0.027051652632736248
tp160_sl220_h48__all__expanding__q95,151348,vwap_revert_140,2026-01-01 22:55:00+00:00,2026-01-01 23:00:00+00:00,2026-01-02 01:05:00+00:00,1,-0.001019643093726521,24.136871103000004,24.52953512876274,target_limit,26,0.01543215557514115,0.01620462301558967,-0.00330944840660398
tp160_sl220_h48__all__expanding__q95,151580,vwap_revert_75,2026-01-02 06:35:00+00:00,2026-01-02 06:40:00+00:00,2026-01-02 07:40:00+00:00,-1,-0.0009942161337371483,24.658512995,24.257571097208206,target_limit,13,0.015437195678261722,0.01693179937835898,-0.0025026625220867663
tp160_sl220_h48__all__expanding__q95,152085,vwap_revert_75,2026-01-03 05:55:00+00:00,2026-01-03 06:00:00+00:00,2026-01-03 07:20:00+00:00,-1,-0.0010194283951534234,24.844313417,24.440350445965784,target_limit,17,0.01543719567826161,0.01655563629778367,-0.01710606976479047
tp160_sl220_h48__all__expanding__q95,152382,vwap_revert_100,2026-01-03 17:20:00+00:00,2026-01-03 17:25:00+00:00,2026-01-03 20:20:00+00:00,-1,-0.0009898346191141122,24.881273716000003,24.476709778783153,target_limit,36,0.01543719567826161,0.01697154739021489,-0.013947983111185518
tp160_sl220_h48__all__expanding__q95,152552,vwap_revert_20,2026-01-03 22:55:00+00:00,2026-01-03 23:00:00+00:00,2026-01-04 03:00:00+00:00,-1,-0.0010256951307317703,25.348771552000002,25.115367791999997,time_open,49,0.008382190568528474,0.01210202835157892,-0.009536541143430293
tp160_sl220_h48__all__expanding__q95,153232,vwap_revert_140,2026-01-04 23:25:00+00:00,2026-01-04 23:30:00+00:00,2026-01-05 01:30:00+00:00,-1,-0.0010061703204956257,26.510523653000003,27.086602422000237,stop_market,25,-0.02256852529166994,0.0011890995973004026,-0.022763384208817752
tp160_sl220_h48__all__expanding__q95,153435,vwap_revert_140,2026-01-05 05:50:00+00:00,2026-01-05 05:55:00+00:00,2026-01-05 09:40:00+00:00,1,-0.0010208869581554995,26.311201659000005,26.739238181297793,target_limit,46,0.01543215557514115,0.016221164906544905,-0.006085312957042747
tp160_sl220_h48__all__expanding__q95,153645,vwap_revert_140,2026-01-05 13:25:00+00:00,2026-01-05 13:30:00+00:00,2026-01-05 15:40:00+00:00,1,-0.0009501665974405042,25.991859372,26.414700762440198,target_limit,27,0.01543215557514115,0.018203415970682535,-0.009296648886144359
tp160_sl220_h48__all__expanding__q95,153907,vwap_revert_75,2026-01-05 20:05:00+00:00,2026-01-05 20:10:00+00:00,2026-01-05 21:25:00+00:00,-1,-0.0010106362865405678,27.201781137,26.759486268911356,target_limit,16,0.0154371956782615,0.021019988879414364,-0.010642626222401546
tp160_sl220_h48__all__expanding__q95,154011,vwap_revert_75,2026-01-06 00:40:00+00:00,2026-01-06 00:45:00+00:00,2026-01-06 04:45:00+00:00,1,-0.0010222880510495406,26.520425916000004,26.624026888000003,time_open,49,0.003075517104905773,0.010654960251958778,-0.016983999880024872
tp160_sl220_h48__all__expanding__q95,154275,vwap_revert_75,2026-01-06 12:00:00+00:00,2026-01-06 12:05:00+00:00,2026-01-06 16:05:00+00:00,-1,-0.000997754629150969,26.862145957,27.23280864,time_open,49,-0.014633744020849587,-0.0005529730582127801,-0.02192649599174047
tp160_sl220_h48__all__expanding__q95,154520,vwap_revert_140,2026-01-06 20:20:00+00:00,2026-01-06 20:25:00+00:00,2026-01-06 23:05:00+00:00,-1,-0.0010144238182473368,27.345626625,27.93985234192156,stop_market,33,-0.02256852529166972,0.0024730325593700364,-0.023942130029111622
tp160_sl220_h48__all__expanding__q95,154627,vwap_revert_140,2026-01-06 23:25:00+00:00,2026-01-06 23:30:00+00:00,2026-01-07 01:20:00+00:00,-1,-0.001026083361171449,27.922007504000003,27.46800191651464,target_limit,23,0.01543719567826161,0.016976125514331253,-0.0175335055032846
tp160_sl220_h48__all__expanding__q95,154750,vwap_revert_75,2026-01-07 02:55:00+00:00,2026-01-07 03:00:00+00:00,2026-01-07 04:50:00+00:00,-1,-0.001023305446591766,27.856078322,27.40314472824582,target_limit,23,0.01543719567826161,0.01662395964884511,-0.005150492265804566
tp160_sl220_h48__all__expanding__q95,154977,vwap_revert_140,2026-01-07 12:00:00+00:00,2026-01-07 12:05:00+00:00,2026-01-07 15:55:00+00:00,1,-0.0010168181237320405,27.059003190000006,26.47069153797164,stop_market,47,-0.022562115135162934,0.0006650950840143555,-0.02251463246654818
tp160_sl220_h48__all__expanding__q95,155105,vwap_revert_140,2026-01-07 16:00:00+00:00,2026-01-07 16:05:00+00:00,2026-01-07 18:20:00+00:00,1,-0.0010135890546301653,26.648563260000003,27.082088056391854,target_limit,28,0.01543215557514115,0.02594649224627643,-0.003963192579808498
tp160_sl220_h48__all__expanding__q95,155651,vwap_revert_75,2026-01-08 11:45:00+00:00,2026-01-08 11:50:00+00:00,2026-01-08 15:50:00+00:00,1,-0.0009940394492452737,26.111988132000004,26.114892512,time_open,49,-0.0007181409051070762,0.005898128753024867,-0.016958331973426347
tp160_sl220_h48__all__expanding__q95,156001,vwap_revert_140,2026-01-08 23:40:00+00:00,2026-01-08 23:45:00+00:00,2026-01-09 03:45:00+00:00,1,-0.0010072304000834336,25.701548202,25.72679008,time_open,49,0.0001523852104387736,0.0036749458537539414,-0.011485908838994934
tp160_sl220_h48__all__expanding__q95,156314,vwap_revert_140,2026-01-09 10:30:00+00:00,2026-01-09 10:35:00+00:00,2026-01-09 13:30:00+00:00,1,-0.0009896098088189522,25.308126513,25.719844784133823,target_limit,36,0.01543215557514115,0.017973416039561263,-0.003106544211225263
tp160_sl220_h48__all__expanding__q95,156573,vwap_revert_140,2026-01-09 20:25:00+00:00,2026-01-09 20:30:00+00:00,2026-01-10 00:30:00+00:00,1,-0.0010149530762776258,25.042842168,24.915575976,time_open,49,-0.005909154167269718,0.0075134376017604865,-0.018896675648355746
tp160_sl220_h48__all__expanding__q95,156736,vwap_revert_20,2026-01-10 01:50:00+00:00,2026-01-10 01:55:00+00:00,2026-01-10 05:55:00+00:00,1,-0.0010153674267554312,24.628397946000003,24.345425496,time_open,49,-0.012314239866209086,0.0020140186994197506,-0.016834647169757036
tp160_sl220_h48__all__expanding__q95,156928,vwap_revert_75,2026-01-10 06:20:00+00:00,2026-01-10 06:25:00+00:00,2026-01-10 10:25:00+00:00,1,-0.0009874911428836225,24.311057805000004,24.602493344000003,time_open,49,0.011153483486216932,0.013283757440351929,-0.006011201210190068
tp160_sl220_h48__all__expanding__q95,157216,vwap_revert_140,2026-01-10 16:55:00+00:00,2026-01-10 17:00:00+00:00,2026-01-10 21:00:00+00:00,1,-0.0010249409168960855,24.165902220000003,24.176380880000004,time_open,49,-0.0003958889841688743,0.004307630604986956,-0.015059354348958236
tp160_sl220_h48__all__expanding__q95,158367,vwap_revert_20,2026-01-12 12:30:00+00:00,2026-01-12 12:35:00+00:00,2026-01-12 14:15:00+00:00,1,-0.001003533749740806,24.062791701000002,23.539623103892865,stop_market,21,-0.022562115135163045,-0.0001991332119540834,-0.031241994656797792
tp160_sl220_h48__all__expanding__q95,158567,vwap_revert_140,2026-01-12 18:00:00+00:00,2026-01-12 18:05:00+00:00,2026-01-12 19:35:00+00:00,1,-0.0010211100959967336,23.502190821000003,23.884529725766775,target_limit,19,0.01543215557514115,0.016288233804056418,-0.002720438734476153
tp160_sl220_h48__all__expanding__q95,158791,vwap_revert_20,2026-01-13 01:20:00+00:00,2026-01-13 01:25:00+00:00,2026-01-13 05:25:00+00:00,-1,-0.0010113532657234998,24.1740334,24.461540447999997,time_open,49,-0.012727472230903706,0.00736465434022282,-0.013609257128726087
tp160_sl220_h48__all__expanding__q95,158910,vwap_revert_140,2026-01-13 05:25:00+00:00,2026-01-13 05:30:00+00:00,2026-01-13 09:30:00+00:00,-1,-0.001021014631535108,24.416772661000003,24.505528832,time_open,49,-0.004465879179960025,0.006543561805578024,-0.010908568206666096
tp160_sl220_h48__all__expanding__q95,159215,vwap_revert_75,2026-01-13 16:50:00+00:00,2026-01-13 16:55:00+00:00,2026-01-13 20:55:00+00:00,-1,-0.0009549609177598031,24.626547330999998,24.894426136,time_open,49,-0.011711476761139697,0.010011445278390485,-0.02191392638786628
tp160_sl220_h48__all__expanding__q95,159435,vwap_revert_140,2026-01-14 01:05:00+00:00,2026-01-14 01:10:00+00:00,2026-01-14 05:10:00+00:00,-1,-0.0009550790038392228,25.70239171,25.949147615999998,time_open,49,-0.010433807251555776,0.003361232331012598,-0.017090474785209656
tp160_sl220_h48__all__expanding__q95,159627,vwap_revert_75,2026-01-14 07:05:00+00:00,2026-01-14 07:10:00+00:00,2026-01-14 11:10:00+00:00,-1,-0.000972977683445216,26.069996846,26.009131775999997,time_open,49,0.001506324319402413,0.010663478313487018,-0.017330779736409743
tp160_sl220_h48__all__expanding__q95,159819,vwap_revert_75,2026-01-14 15:25:00+00:00,2026-01-14 15:30:00+00:00,2026-01-14 18:00:00+00:00,-1,-0.0010101414436946667,26.35169426,25.923221614111913,target_limit,31,0.0154371956782615,0.017975855947867214,-0.020614718838419158
tp160_sl220_h48__all__expanding__q95,160016,vwap_revert_140,2026-01-14 23:30:00+00:00,2026-01-14 23:35:00+00:00,2026-01-15 02:30:00+00:00,1,-0.0010088393674680543,25.828684473000003,25.26712217429546,stop_market,36,-0.022562115135162934,0.010310843638915879,-0.022780665804992065
tp160_sl220_h48__all__expanding__q95,160245,vwap_revert_140,2026-01-15 06:35:00+00:00,2026-01-15 06:40:00+00:00,2026-01-15 10:40:00+00:00,1,-0.0009835789776548231,24.997793883000003,25.235660456,time_open,49,0.00868223427992659,0.011329244425548834,-0.0053268501054130205
tp160_sl220_h48__all__expanding__q95,160558,vwap_revert_140,2026-01-15 18:40:00+00:00,2026-01-15 18:45:00+00:00,2026-01-15 20:00:00+00:00,1,-0.0010141071864422288,24.704479494000005,25.106377500211806,target_limit,16,0.01543215557514115,0.018195910831036555,-0.008975031670088856
tp160_sl220_h48__all__expanding__q95,160690,vwap_revert_140,2026-01-15 21:55:00+00:00,2026-01-15 22:00:00+00:00,2026-01-16 02:00:00+00:00,1,-0.0010214723626980771,24.479238069,24.699518952000002,time_open,49,0.008165628136895683,0.015350229853594133,-0.0034473565602524273
tp160_sl220_h48__all__expanding__q95,161004,vwap_revert_75,2026-01-16 12:00:00+00:00,2026-01-16 12:05:00+00:00,2026-01-16 15:45:00+00:00,-1,-0.0010257870830302713,25.051091306,24.643766172808892,target_limit,45,0.01543719567826161,0.018286281439973906,-0.007676169074278164
tp160_sl220_h48__all__expanding__q95,161725,vwap_revert_140,2026-01-17 18:25:00+00:00,2026-01-17 18:30:00+00:00,2026-01-17 22:30:00+00:00,-1,-0.0009898265916683552,25.757332695,25.500266152000002,time_open,49,0.009155140505487012,0.01263068264297229,-0.002109996208992119
tp160_sl220_h48__all__expanding__q95,162204,vwap_revert_75,2026-01-18 10:45:00+00:00,2026-01-18 10:50:00+00:00,2026-01-18 14:50:00+00:00,-1,-0.0010190823506967975,26.056011868,25.79818748,time_open,49,0.00906978623285467,0.015236862418211428,-0.00214125447594428
tp160_sl220_h48__all__expanding__q95,162375,vwap_revert_75,2026-01-18 17:55:00+00:00,2026-01-18 18:00:00+00:00,2026-01-18 21:30:00+00:00,1,-0.0010252854571495328,25.561397982000003,25.005646974863772,stop_market,43,-0.022562115135162934,0.007300149159736868,-0.02292508826034924
tp160_sl220_h48__all__expanding__q95,162460,vwap_revert_140,2026-01-18 21:40:00+00:00,2026-01-18 21:45:00+00:00,2026-01-18 23:55:00+00:00,1,-0.0009910721055684199,24.983778861000005,24.440586337889684,stop_market,27,-0.022562115135163045,0.007893967525779644,-0.025942379297357335
tp160_sl220_h48__all__expanding__q95,162770,vwap_revert_75,2026-01-19 05:05:00+00:00,2026-01-19 05:10:00+00:00,2026-01-19 09:10:00+00:00,1,-0.0010002830316202737,23.892609291000003,24.063351048,time_open,49,0.006313930545791152,0.01416298675789518,-0.010819941369335744
tp160_sl220_h48__all__expanding__q95,162985,vwap_revert_75,2026-01-19 13:20:00+00:00,2026-01-19 13:25:00+00:00,2026-01-19 17:25:00+00:00,1,-0.0010023201761741095,23.826538473,24.02634128,time_open,49,0.007552925464013396,0.010553842190923035,-0.016217983871847044
tp160_sl220_h48__all__expanding__q95,163281,vwap_revert_140,2026-01-20 00:25:00+00:00,2026-01-20 00:30:00+00:00,2026-01-20 04:30:00+00:00,1,-0.0010081518398026672,23.529219792000003,23.707257064,time_open,49,0.006734185578018611,0.0139307724989437,-0.002294017804253771
tp160_sl220_h48__all__expanding__q95,163469,vwap_revert_75,2026-01-20 07:45:00+00:00,2026-01-20 07:50:00+00:00,2026-01-20 11:50:00+00:00,1,-0.0009997698950504443,23.207875359000003,22.772010224,time_open,49,-0.019602449926712236,0.0024183446408518883,-0.021738257346490278
tp160_sl220_h48__all__expanding__q95,163585,vwap_revert_140,2026-01-20 12:00:00+00:00,2026-01-20 12:05:00+00:00,2026-01-20 13:05:00+00:00,1,-0.0009771884545936552,22.809448305000004,22.313529659366772,stop_market,13,-0.022562115135162823,0.003356139700372074,-0.022705788136979335
tp160_sl220_h48__all__expanding__q95,163744,vwap_revert_140,2026-01-20 16:35:00+00:00,2026-01-20 16:40:00+00:00,2026-01-20 17:20:00+00:00,1,-0.001014231850188779,21.977556642000003,21.499724825180515,stop_market,9,-0.022562115135163045,-0.000980847978287458,-0.02537451699164263
tp160_sl220_h48__all__expanding__q95,163818,vwap_revert_140,2026-01-20 18:40:00+00:00,2026-01-20 18:45:00+00:00,2026-01-20 20:20:00+00:00,1,-0.0009937770497285153,21.396934302000002,21.745024422138222,target_limit,20,0.01543215557514115,0.016874646288288497,-0.0035896162385936773
tp160_sl220_h48__all__expanding__q95,163910,vwap_revert_140,2026-01-20 22:25:00+00:00,2026-01-20 22:30:00+00:00,2026-01-20 23:45:00+00:00,1,-0.0010226313764385264,21.284814126000004,20.822043783956826,stop_market,16,-0.022562115135162934,0.00635128280659325,-0.022675326740949533
tp160_sl220_h48__all__expanding__q95,163995,vwap_revert_140,2026-01-21 00:30:00+00:00,2026-01-21 00:35:00+00:00,2026-01-21 01:10:00+00:00,1,-0.001020786985030712,21.069583431,21.412348133842197,target_limit,8,0.01543215557514115,0.017817939791236803,-0.001486511215936585
tp160_sl220_h48__all__expanding__q95,164227,vwap_revert_140,2026-01-21 09:00:00+00:00,2026-01-21 09:05:00+00:00,2026-01-21 10:55:00+00:00,1,-0.0010217852852501329,21.031542657000003,20.5742788946077,stop_market,23,-0.022562115135162934,0.006298032681683052,-0.022882944532264263
tp160_sl220_h48__all__expanding__q95,164377,vwap_revert_75,2026-01-21 13:50:00+00:00,2026-01-21 13:55:00+00:00,2026-01-21 14:10:00+00:00,1,-0.0010025169279165727,20.784277626,21.12240091009796,target_limit,4,0.01543215557514115,0.02173385008266626,-0.002881796658223094
tp160_sl220_h48__all__expanding__q95,164743,vwap_revert_140,2026-01-22 02:15:00+00:00,2026-01-22 02:20:00+00:00,2026-01-22 03:30:00+00:00,-1,-0.001019407229938844,22.121238415,21.761552033529505,target_limit,15,0.01543719567826161,0.018816234751023675,-0.0021668952623850194
tp160_sl220_h48__all__expanding__q95,164901,vwap_revert_75,2026-01-22 09:40:00+00:00,2026-01-22 09:45:00+00:00,2026-01-22 13:10:00+00:00,-1,-0.0009548711575270281,22.123236269,21.76351740287098,target_limit,42,0.01543719567826161,0.01818161972819632,-0.001895625967303764
tp160_sl220_h48__all__expanding__q95,165068,vwap_revert_140,2026-01-22 16:35:00+00:00,2026-01-22 16:40:00+00:00,2026-01-22 17:20:00+00:00,1,-0.0010161377399123118,21.245772279,21.591403261487766,target_limit,9,0.01543215557514115,0.01676699327856901,-0.002333738596689076
tp160_sl220_h48__all__expanding__q95,165446,vwap_revert_75,2026-01-23 04:45:00+00:00,2026-01-23 04:50:00+00:00,2026-01-23 06:55:00+00:00,-1,-0.0009811318832080203,21.814567826,21.459867839612432,target_limit,26,0.01543719567826161,0.016620445057264344,-0.002588996112212542
tp160_sl220_h48__all__expanding__q95,165551,vwap_revert_75,2026-01-23 09:05:00+00:00,2026-01-23 09:10:00+00:00,2026-01-23 13:10:00+00:00,1,-0.0010256444448524047,21.241767987000003,21.374641416,time_open,49,0.005423374028106111,0.008343562226480472,-0.0198465648724251
tp160_sl220_h48__all__expanding__q95,165855,vwap_revert_75,2026-01-23 18:55:00+00:00,2026-01-23 19:00:00+00:00,2026-01-23 19:30:00+00:00,-1,-0.0009932570707886868,22.806502337,22.4356737176569,target_limit,7,0.015437195678261722,0.01729780091531108,-0.0017957438870102188
tp160_sl220_h48__all__expanding__q95,166066,vwap_revert_75,2026-01-24 02:00:00+00:00,2026-01-24 02:05:00+00:00,2026-01-24 06:05:00+00:00,-1,-0.0009189315779395225,22.888414351,22.978931959999997,time_open,49,-0.00478569730818122,0.001285119648260613,-0.017916338921963884
tp160_sl220_h48__all__expanding__q95,166640,vwap_revert_140,2026-01-24 22:00:00+00:00,2026-01-24 22:05:00+00:00,2026-01-24 23:40:00+00:00,-1,-0.0009974556552093403,23.569682565,23.186444806101996,target_limit,20,0.0154371956782615,0.016278647959805492,-0.007895349033926873
tp160_sl220_h48__all__expanding__q95,166884,vwap_revert_140,2026-01-25 04:25:00+00:00,2026-01-25 04:30:00+00:00,2026-01-25 08:30:00+00:00,1,-0.0009765957355712988,22.893538437000004,22.972063024,time_open,49,0.002599244181384087,0.004300845117103602,-0.007863856526788242
tp160_sl220_h48__all__expanding__q95,167287,vwap_revert_140,2026-01-25 17:05:00+00:00,2026-01-25 17:10:00+00:00,2026-01-25 19:25:00+00:00,1,-0.0010021879564557884,22.248847425000005,21.76511725606436,stop_market,28,-0.022562115135162934,0.0024788958253190163,-0.0224763625587643
tp160_sl220_h48__all__expanding__q95,167400,vwap_revert_140,2026-01-25 20:40:00+00:00,2026-01-25 20:45:00+00:00,2026-01-25 21:00:00+00:00,1,-0.0009903861371550852,21.840409641,22.19571431729155,target_limit,4,0.01543215557514115,0.01715125151759045,-0.004371072496405019
tp160_sl220_h48__all__expanding__q95,167452,vwap_revert_140,2026-01-25 22:05:00+00:00,2026-01-25 22:10:00+00:00,2026-01-25 23:50:00+00:00,1,-0.0009709076982997851,21.889462218000002,22.245564892601962,target_limit,21,0.01543215557514115,0.0173845194646709,-0.012633427369927579
tp160_sl220_h48__all__expanding__q95,168164,vwap_revert_140,2026-01-26 23:35:00+00:00,2026-01-26 23:40:00+00:00,2026-01-27 02:00:00+00:00,-1,-0.0009992229173495777,25.031112766,25.57504365237883,stop_market,29,-0.02256852529166972,0.008553865263666194,-0.028934657232507557
tp160_sl220_h48__all__expanding__q95,168312,vwap_revert_140,2026-01-27 03:05:00+00:00,2026-01-27 03:10:00+00:00,2026-01-27 03:25:00+00:00,-1,-0.0010235871661374318,25.828256512000003,26.389509485031013,stop_market,4,-0.02256852529166972,0.001326319180084301,-0.023596384309563026
tp160_sl220_h48__all__expanding__q95,168414,vwap_revert_75,2026-01-27 05:25:00+00:00,2026-01-27 05:30:00+00:00,2026-01-27 06:40:00+00:00,-1,-0.001007918767391192,26.835174928,27.418308431539025,stop_market,15,-0.02256852529166972,0.0019815383407290055,-0.023437618070348623
tp160_sl220_h48__all__expanding__q95,168488,vwap_revert_75,2026-01-27 07:20:00+00:00,2026-01-27 07:25:00+00:00,2026-01-27 08:40:00+00:00,-1,-0.0010087810582541832,27.347624479,27.941893609672572,stop_market,16,-0.02256852529166994,0.0034600621005550503,-0.024233019702494932
tp160_sl220_h48__all__expanding__q95,168586,vwap_revert_140,2026-01-27 10:00:00+00:00,2026-01-27 10:05:00+00:00,2026-01-27 12:30:00+00:00,-1,-0.0010113352315140698,27.612340134,28.212361586681126,stop_market,30,-0.02256852529166972,0.015078045974355692,-0.02531873907694339
tp160_sl220_h48__all__expanding__q95,168851,vwap_revert_140,2026-01-27 16:30:00+00:00,2026-01-27 16:35:00+00:00,2026-01-27 16:55:00+00:00,-1,-0.0009688594501901268,27.897034329,28.50324224119976,stop_market,5,-0.02256852529166972,0.0011124597917471224,-0.03780091745194693
tp160_sl220_h48__all__expanding__q95,169006,vwap_revert_140,2026-01-27 22:00:00+00:00,2026-01-27 22:05:00+00:00,2026-01-27 22:40:00+00:00,-1,-0.0010067507542033099,29.689109367,30.334259413853907,stop_market,8,-0.02256852529166972,0.0057296891226074065,-0.024123376324828097
tp160_sl220_h48__all__expanding__q95,169323,vwap_revert_75,2026-01-28 07:20:00+00:00,2026-01-28 07:25:00+00:00,2026-01-28 08:05:00+00:00,-1,-0.0009519875134856444,33.626879601,34.35759815109061,stop_market,9,-0.02256852529166972,0.010821093283635452,-0.02566590106536816
tp160_sl220_h48__all__expanding__q95,169396,vwap_revert_140,2026-01-28 09:35:00+00:00,2026-01-28 09:40:00+00:00,2026-01-28 10:25:00+00:00,-1,-0.0010026168514149004,34.097374218,34.838316706452986,stop_market,10,-0.02256852529166972,-0.0010154970226921023,-0.022458170502956523
tp160_sl220_h48__all__expanding__q95,169444,vwap_revert_140,2026-01-28 10:45:00+00:00,2026-01-28 10:50:00+00:00,2026-01-28 11:35:00+00:00,-1,-0.0010205622350857018,34.503937506999996,33.942911212018174,target_limit,10,0.01543719567826161,0.019010511680498055,-0.003923318633703114
tp160_sl220_h48__all__expanding__q95,169680,vwap_revert_140,2026-01-28 17:05:00+00:00,2026-01-28 17:10:00+00:00,2026-01-28 19:50:00+00:00,1,-0.0010246168976622667,32.997368226000006,33.534176803711055,target_limit,33,0.01543215557514115,0.01808119271554154,-0.020366804811870046
tp160_sl220_h48__all__expanding__q95,170069,vwap_revert_140,2026-01-29 05:20:00+00:00,2026-01-29 05:25:00+00:00,2026-01-29 06:05:00+00:00,1,-0.0010243680209968623,31.712991567000003,32.228905617522074,target_limit,9,0.01543215557514115,0.03358271737782781,-0.004324464860576486
tp160_sl220_h48__all__expanding__q95,171822,vwap_revert_140,2026-01-31 11:40:00+00:00,2026-01-31 11:45:00+00:00,2026-01-31 14:10:00+00:00,1,-0.0009797598200396453,30.155321979000004,29.499690758354408,stop_market,30,-0.022562115135162934,0.011363765946144966,-0.02977339207212594
tp160_sl220_h48__all__expanding__q95,173109,vwap_revert_75,2026-02-01 20:05:00+00:00,2026-02-01 20:10:00+00:00,2026-02-01 20:35:00+00:00,1,-0.0011793787469823284,29.286390615000002,29.762828177676322,target_limit,6,0.01543215557514115,0.018015514166152213,-0.002442586697141828
tp160_sl220_h48__all__expanding__q95,173388,vwap_revert_20,2026-02-02 02:55:00+00:00,2026-02-02 03:00:00+00:00,2026-02-02 03:15:00+00:00,-1,-0.0011753012292660663,31.189497721,30.682363474504026,target_limit,4,0.01543719567826161,0.01729741613109581,-0.012838788254714755
tp160_sl220_h48__all__expanding__q95,174044,vwap_revert_75,2026-02-03 00:40:00+00:00,2026-02-03 00:45:00+00:00,2026-02-03 01:25:00+00:00,-1,-0.0011370065450436813,33.702798052999995,34.435166325628906,stop_market,9,-0.02256852529166972,0.0012995375912445706,-0.02406854149455208
tp160_sl220_h48__all__expanding__q95,174516,vwap_revert_75,2026-02-03 13:25:00+00:00,2026-02-03 13:30:00+00:00,2026-02-03 14:50:00+00:00,1,-0.0011750264927392678,35.857433787000005,35.07782834623034,stop_market,17,-0.022562115135162934,0.014963876561476797,-0.024048081148844172
tp160_sl220_h48__all__expanding__q95,174999,vwap_revert_75,2026-02-04 02:50:00+00:00,2026-02-04 02:55:00+00:00,2026-02-04 03:30:00+00:00,1,-0.0011722698441397272,32.89726092600001,33.432440935730625,target_limit,8,0.01543215557514115,0.01807868063355822,-0.006410933354436558
tp160_sl220_h48__all__expanding__q95,175185,vwap_revert_75,2026-02-04 09:35:00+00:00,2026-02-04 09:40:00+00:00,2026-02-04 11:35:00+00:00,1,-0.001087289296610481,33.070446555,33.60844398733677,target_limit,24,0.01543215557514115,0.01673861416051281,-0.017180281759277674
tp160_sl220_h48__all__expanding__q95,175254,vwap_revert_20,2026-02-04 12:35:00+00:00,2026-02-04 12:40:00+00:00,2026-02-04 13:40:00+00:00,-1,-0.00117676586531391,33.618888185,33.07225259374285,target_limit,13,0.01543719567826161,0.018349452296142377,-0.008003009075276972
tp160_sl220_h48__all__expanding__q95,175812,vwap_revert_75,2026-02-05 06:05:00+00:00,2026-02-05 06:10:00+00:00,2026-02-05 07:00:00+00:00,1,-0.0010689159535028927,33.580993785000004,34.127296914037,target_limit,11,0.01543215557514115,0.02736685581385312,-0.005625757388635925
tp160_sl220_h48__all__expanding__q95,175987,vwap_revert_75,2026-02-05 10:20:00+00:00,2026-02-05 10:25:00+00:00,2026-02-05 10:55:00+00:00,-1,-0.001171268930700778,34.713712177,34.1492749928735,target_limit,7,0.015437195678261722,0.01716071660566143,-0.006040329404353188
tp160_sl220_h48__all__expanding__q95,177489,vwap_revert_75,2026-02-07 06:30:00+00:00,2026-02-07 06:35:00+00:00,2026-02-07 07:15:00+00:00,-1,-0.0011000883540584515,33.052496576,32.515070385433475,target_limit,9,0.01543719567826161,0.021556513117298226,-0.005573225463760171
tp160_sl220_h48__all__expanding__q95,177628,vwap_revert_75,2026-02-07 10:20:00+00:00,2026-02-07 10:25:00+00:00,2026-02-07 10:30:00+00:00,-1,-0.0011795637307811951,33.231304509000005,32.69097094149587,target_limit,2,0.015437195678261722,0.021043546719949457,-0.0015189059844591551
tp160_sl220_h48__all__expanding__q95,177731,vwap_revert_75,2026-02-07 13:55:00+00:00,2026-02-07 14:00:00+00:00,2026-02-07 16:30:00+00:00,1,-0.00116796639105774,32.51284889400001,31.80596077581365,stop_market,31,-0.022562115135162934,0.004771993574165689,-0.023108732089043196
tp160_sl220_h48__all__expanding__q95,177957,vwap_revert_75,2026-02-07 19:55:00+00:00,2026-02-07 20:00:00+00:00,2026-02-08 00:00:00+00:00,1,-0.0011145380094379326,31.583853150000003,31.409289864,time_open,49,-0.006354009572734138,0.015265612074313983,-0.018805487383985367
tp160_sl220_h48__all__expanding__q95,178094,vwap_revert_75,2026-02-08 00:25:00+00:00,2026-02-08 00:30:00+00:00,2026-02-08 01:05:00+00:00,1,-0.0011447781814238314,31.285533396,31.79449346124561,target_limit,8,0.01543215557514115,0.020088089790418984,-0.006313023140432265
tp160_sl220_h48__all__expanding__q95,178265,vwap_revert_75,2026-02-08 07:30:00+00:00,2026-02-08 07:35:00+00:00,2026-02-08 08:25:00+00:00,1,-0.0011374153746391553,30.973198620000005,31.47707755314666,target_limit,11,0.01543215557514115,0.02065661308828659,-0.009170573908974704
tp160_sl220_h48__all__expanding__q95,178336,vwap_revert_75,2026-02-08 10:55:00+00:00,2026-02-08 11:00:00+00:00,2026-02-08 15:00:00+00:00,-1,-0.0011587502443076044,31.660991265,31.495682944,time_open,49,0.004394040935640968,0.012570398117634496,-0.019460455864594786
tp160_sl220_h48__all__expanding__q95,178564,vwap_revert_75,2026-02-08 18:20:00+00:00,2026-02-08 18:25:00+00:00,2026-02-08 22:25:00+00:00,-1,-0.001157691043467333,32.264343173,32.266479399999994,time_open,49,-0.0008955602265215393,0.007046266889147446,-0.022192784089717824
tp160_sl220_h48__all__expanding__q95,178820,vwap_revert_75,2026-02-09 02:45:00+00:00,2026-02-09 02:50:00+00:00,2026-02-09 05:05:00+00:00,-1,-0.0011551336489868081,33.043506233,32.506226223396816,target_limit,28,0.01543719567826161,0.016387674757686765,-0.014834855210408964
tp160_sl220_h48__all__expanding__q95,178959,vwap_revert_75,2026-02-09 07:35:00+00:00,2026-02-09 07:40:00+00:00,2026-02-09 09:55:00+00:00,1,-0.0011775460690575696,32.53687464600001,31.82946416452661,stop_market,28,-0.022562115135162934,0.0006800085822842306,-0.02681162338374911
tp160_sl220_h48__all__expanding__q95,179186,vwap_revert_75,2026-02-09 14:05:00+00:00,2026-02-09 14:10:00+00:00,2026-02-09 14:35:00+00:00,1,-0.0011781040500770947,31.329580608000004,31.839257243157007,target_limit,6,0.01543215557514115,0.018749673011901002,-0.0025398288588665144
tp160_sl220_h48__all__expanding__q95,179397,vwap_revert_20,2026-02-09 19:35:00+00:00,2026-02-09 19:40:00+00:00,2026-02-09 21:30:00+00:00,-1,-0.0011497163539651914,31.967661854000003,31.447874833010214,target_limit,23,0.015437195678261722,0.01659995830860561,-0.006462590211127509
tp160_sl220_h48__all__expanding__q95,179518,vwap_revert_75,2026-02-09 22:35:00+00:00,2026-02-09 22:40:00+00:00,2026-02-10 02:40:00+00:00,1,-0.001085385201716011,31.431690054000004,31.109210664,time_open,49,-0.011084758130315661,0.003986739045361842,-0.016916798265941405
tp160_sl220_h48__all__expanding__q95,179746,vwap_revert_75,2026-02-10 05:20:00+00:00,2026-02-10 05:25:00+00:00,2026-02-10 06:40:00+00:00,1,-0.0011627093829881712,30.662865990000004,29.996199844915694,stop_market,16,-0.022562115135163045,0.0003957232831384161,-0.02444587842673797
tp160_sl220_h48__all__expanding__q95,179929,vwap_revert_75,2026-02-10 11:35:00+00:00,2026-02-10 11:40:00+00:00,2026-02-10 15:40:00+00:00,1,-0.0011266433134998343,29.735872392000005,29.779859808,time_open,49,0.0006493350594576392,0.01100111016376304,-0.017695889358468456
tp160_sl220_h48__all__expanding__q95,180260,vwap_revert_75,2026-02-10 22:05:00+00:00,2026-02-10 22:10:00+00:00,2026-02-10 23:25:00+00:00,1,-0.0011268082128640892,29.510630967,28.869016494556632,stop_market,16,-0.022562115135163045,0.0017745819484022984,-0.026155587279205986
tp160_sl220_h48__all__expanding__q95,180450,vwap_revert_75,2026-02-11 03:20:00+00:00,2026-02-11 03:25:00+00:00,2026-02-11 05:05:00+00:00,1,-0.0011599256857873033,28.814885232,29.28365223948847,target_limit,21,0.01543215557514115,0.01933426989260756,-0.009190862568114093
tp160_sl220_h48__all__expanding__q95,180576,vwap_revert_20,2026-02-11 08:10:00+00:00,2026-02-11 08:15:00+00:00,2026-02-11 11:55:00+00:00,1,-0.0011670176956687563,28.789858407000004,29.258218272493366,target_limit,45,0.01543215557514115,0.017615286113275452,-0.015380292642202436
tp160_sl220_h48__all__expanding__q95,180735,vwap_revert_75,2026-02-11 14:00:00+00:00,2026-02-11 14:05:00+00:00,2026-02-11 14:55:00+00:00,-1,-0.0011666374587038606,29.168668399999998,28.694392385597716,target_limit,11,0.015437195678261722,0.01617037821308287,-0.0033401153916066276
tp160_sl220_h48__all__expanding__q95,180806,vwap_revert_20,2026-02-11 16:55:00+00:00,2026-02-11 17:00:00+00:00,2026-02-11 20:35:00+00:00,-1,-0.0011716747593642214,29.261568611,29.897428115138204,stop_market,44,-0.02256852529166972,0.0056240529408302375,-0.02465913700633006
tp160_sl220_h48__all__expanding__q95,181232,vwap_revert_75,2026-02-12 06:35:00+00:00,2026-02-12 06:40:00+00:00,2026-02-12 07:15:00+00:00,-1,-0.001144051929411817,30.498240236999997,30.00234568235219,target_limit,8,0.01543719567826161,0.01748429525297923,-0.0015871802077820501
tp160_sl220_h48__all__expanding__q95,181349,vwap_revert_20,2026-02-12 10:55:00+00:00,2026-02-12 11:00:00+00:00,2026-02-12 11:20:00+00:00,-1,-0.0011088851036914166,30.752966622000002,31.421234491265654,stop_market,5,-0.02256852529166972,0.0012345677887493078,-0.026527048706561876
tp160_sl220_h48__all__expanding__q95,182038,vwap_revert_75,2026-02-13 09:20:00+00:00,2026-02-13 09:25:00+00:00,2026-02-13 13:25:00+00:00,1,-0.0011574486715103202,30.403588083000002,30.663092920000004,time_open,49,0.007702474009469494,0.016130067137510196,-0.015234888508080096
tp160_sl220_h48__all__expanding__q95,182350,vwap_revert_200,2026-02-13 18:45:00+00:00,2026-02-13 18:50:00+00:00,2026-02-13 19:40:00+00:00,-1,-0.0011703096829455662,31.910723015000002,31.391861806778056,target_limit,11,0.01543719567826161,0.018762439657621144,-0.003306384728013715
tp160_sl220_h48__all__expanding__q95,182716,vwap_revert_75,2026-02-14 06:00:00+00:00,2026-02-14 06:05:00+00:00,2026-02-14 08:00:00+00:00,1,-0.0011711522316906516,31.376631039000003,31.88707310110781,target_limit,24,0.01543215557514115,0.017827566009388285,-0.004769209089777086
tp160_sl220_h48__all__expanding__q95,182854,vwap_revert_75,2026-02-14 11:55:00+00:00,2026-02-14 12:00:00+00:00,2026-02-14 12:45:00+00:00,-1,-0.001160321187851051,32.059563138,31.53828182271826,target_limit,10,0.01543719567826161,0.01792173946746567,-0.005075887084821555
tp160_sl220_h48__all__expanding__q95,182976,vwap_revert_75,2026-02-14 16:30:00+00:00,2026-02-14 16:35:00+00:00,2026-02-14 20:20:00+00:00,1,-0.001152883321129225,31.185426096000004,31.69275759326518,target_limit,46,0.01543215557514115,0.01755864750137981,-0.01588426222366114
tp160_sl220_h48__all__expanding__q95,183211,vwap_revert_75,2026-02-15 00:40:00+00:00,2026-02-15 00:45:00+00:00,2026-02-15 01:35:00+00:00,-1,-0.0011347353335230336,31.843794906,31.326021933838497,target_limit,11,0.01543719567826161,0.01855290513407626,-0.005477032001183006
tp160_sl220_h48__all__expanding__q95,183315,vwap_revert_20,2026-02-15 05:40:00+00:00,2026-02-15 05:45:00+00:00,2026-02-15 08:25:00+00:00,-1,-0.001166374997556216,31.649004141,31.134398423044264,target_limit,33,0.01543719567826161,0.017978579624970847,-0.0039217498279673505
tp160_sl220_h48__all__expanding__q95,183523,vwap_revert_75,2026-02-15 14:20:00+00:00,2026-02-15 14:25:00+00:00,2026-02-15 18:25:00+00:00,1,-0.0011044182652541873,30.813026940000004,30.887152056,time_open,49,0.0015753219893072472,0.010806243107772895,-0.006224766898648274
tp160_sl220_h48__all__expanding__q95,183677,vwap_revert_75,2026-02-15 18:35:00+00:00,2026-02-15 18:40:00+00:00,2026-02-15 22:40:00+00:00,1,-0.001153619736541431,30.819033378000004,30.601076552000002,time_open,49,-0.007898540045451994,0.0023351356000467227,-0.0164123524763692
tp160_sl220_h48__all__expanding__q95,183932,vwap_revert_75,2026-02-16 02:35:00+00:00,2026-02-16 02:40:00+00:00,2026-02-16 05:40:00+00:00,1,-0.0011257560337957365,30.246419622,29.588807773891045,stop_market,37,-0.022562115135163045,0.003556797113326793,-0.022976658086980364
tp160_sl220_h48__all__expanding__q95,184015,vwap_revert_75,2026-02-16 06:15:00+00:00,2026-02-16 06:20:00+00:00,2026-02-16 10:20:00+00:00,1,-0.0011730327975433827,29.873019393000003,29.933900464,time_open,49,0.0012078275294989177,0.006694355343499714,-0.011964193296956764
tp160_sl220_h48__all__expanding__q95,184241,vwap_revert_75,2026-02-16 14:20:00+00:00,2026-02-16 14:25:00+00:00,2026-02-16 15:30:00+00:00,-1,-0.0011524336503997178,30.30744518,29.814652910240916,target_limit,14,0.01543719567826161,0.024662097895775226,-0.008087852456453841
tp160_sl220_h48__all__expanding__q95,184307,vwap_revert_75,2026-02-16 17:10:00+00:00,2026-02-16 17:15:00+00:00,2026-02-16 20:50:00+00:00,1,-0.0011126942963995722,29.834978619000005,30.320340734209108,target_limit,44,0.01543215557514115,0.01930691448973132,-0.005843812813505559
tp160_sl220_h48__all__expanding__q95,184792,vwap_revert_75,2026-02-17 07:30:00+00:00,2026-02-17 07:35:00+00:00,2026-02-17 11:25:00+00:00,1,-0.0011299475489325531,30.172340220000002,29.516338992026085,stop_market,47,-0.022562115135162934,0.0026733020843550115,-0.02432199546993187
tp160_sl220_h48__all__expanding__q95,185019,vwap_revert_75,2026-02-17 13:05:00+00:00,2026-02-17 13:10:00+00:00,2026-02-17 16:05:00+00:00,1,-0.0011590590935874176,29.513634186,29.99376859799191,target_limit,36,0.01543215557514115,0.016987600064441555,-0.0174452371739693
tp160_sl220_h48__all__expanding__q95,185424,vwap_revert_75,2026-02-18 00:25:00+00:00,2026-02-18 00:30:00+00:00,2026-02-18 04:30:00+00:00,1,-0.0011665953257082807,29.364474309000002,29.335742592,time_open,49,-0.001807368500144402,0.002878501760683383,-0.01905876517731088
tp160_sl220_h48__all__expanding__q95,185607,vwap_revert_75,2026-02-18 06:50:00+00:00,2026-02-18 06:55:00+00:00,2026-02-18 10:40:00+00:00,-1,-0.0011752764729360224,29.446370106000003,28.967578724063348,target_limit,46,0.0154371956782615,0.017875551523165445,-0.011710786870762007
tp160_sl220_h48__all__expanding__q95,185716,vwap_revert_75,2026-02-18 11:30:00+00:00,2026-02-18 11:35:00+00:00,2026-02-18 15:35:00+00:00,1,-0.0011589165674670938,29.029114854000003,29.261723056,time_open,49,0.007180282546953058,0.018150231195471545,-0.017677153003116022
tp160_sl220_h48__all__expanding__q95,185862,vwap_revert_75,2026-02-18 17:00:00+00:00,2026-02-18 17:05:00+00:00,2026-02-18 21:05:00+00:00,1,-0.001161358267926738,28.922000043,28.710577592,time_open,49,-0.008136382367814318,0.0030426649909813808,-0.018463207131502637
tp160_sl220_h48__all__expanding__q95,186116,vwap_revert_75,2026-02-19 00:35:00+00:00,2026-02-19 00:40:00+00:00,2026-02-19 04:00:00+00:00,1,-0.0011017054786786407,28.391431353000005,28.853309517931233,target_limit,41,0.01543215557514115,0.017560532288813713,-0.0062062450797893
tp160_sl220_h48__all__expanding__q95,186243,vwap_revert_20,2026-02-19 06:25:00+00:00,2026-02-19 06:30:00+00:00,2026-02-19 10:30:00+00:00,-1,-0.0011768784154597067,28.720150177,28.623441416,time_open,49,0.0025393527432743318,0.006377061953759311,-0.017435805698614373
tp160_sl220_h48__all__expanding__q95,186426,vwap_revert_75,2026-02-19 12:45:00+00:00,2026-02-19 12:50:00+00:00,2026-02-19 16:50:00+00:00,1,-0.0011672339322640944,28.272303666000003,28.338479384,time_open,49,0.0015103621195760991,0.007523134177982893,-0.02101091950332458
tp160_sl220_h48__all__expanding__q95,186646,vwap_revert_75,2026-02-19 20:10:00+00:00,2026-02-19 20:15:00+00:00,2026-02-19 21:20:00+00:00,-1,-0.0011531676633318147,28.732137301,29.356492161121093,stop_market,14,-0.02256852529166972,0.0016753818379645624,-0.024007152600295414
tp160_sl220_h48__all__expanding__q95,186787,vwap_revert_75,2026-02-20 00:30:00+00:00,2026-02-20 00:35:00+00:00,2026-02-20 04:35:00+00:00,-1,-0.0011707227785728005,29.142696298,29.451222824,time_open,49,-0.01142046548849483,0.0008817405821768265,-0.015797716379497798
tp160_sl220_h48__all__expanding__q95,186985,vwap_revert_20,2026-02-20 10:20:00+00:00,2026-02-20 10:25:00+00:00,2026-02-20 13:30:00+00:00,-1,-0.0011729266773765161,29.432385128,28.953821138672986,target_limit,38,0.01543719567826161,0.020466745232513683,-0.010968167954982693
tp160_sl220_h48__all__expanding__q95,187189,vwap_revert_20,2026-02-20 18:40:00+00:00,2026-02-20 18:45:00+00:00,2026-02-20 22:45:00+00:00,-1,-0.0011720355541744753,29.805983826000002,30.094053071999998,time_open,49,-0.010498142777263648,6.655797747134873e-05,-0.013600475820291018
tp160_sl220_h48__all__expanding__q95,187388,vwap_revert_20,2026-02-20 23:55:00+00:00,2026-02-21 00:00:00+00:00,2026-02-21 04:00:00+00:00,-1,-0.0011249550380273668,30.331419428,30.266007664,time_open,49,0.001328139474033584,0.006904372823603455,-0.008610142323241214
tp160_sl220_h48__all__expanding__q95,187810,vwap_revert_75,2026-02-21 17:20:00+00:00,2026-02-21 17:25:00+00:00,2026-02-21 21:25:00+00:00,1,-0.0011200173492184034,29.803945356,29.70283948,time_open,49,-0.004220281439393527,0.00986629925963145,-0.009807557206247723
tp160_sl220_h48__all__expanding__q95,187985,vwap_revert_75,2026-02-21 23:20:00+00:00,2026-02-21 23:25:00+00:00,2026-02-22 03:25:00+00:00,1,-0.0011726598270542185,29.61173934,29.798864824000002,time_open,49,0.005487357670253944,0.011456964959222216,-0.001959296682512949
tp160_sl220_h48__all__expanding__q95,188302,vwap_revert_75,2026-02-22 14:05:00+00:00,2026-02-22 14:10:00+00:00,2026-02-22 18:10:00+00:00,1,-0.0011488232893544937,29.297402418,28.946639896,time_open,49,-0.01279683664742922,0.0009761132264214378,-0.016129447605970473
tp160_sl220_h48__all__expanding__q95,188477,bb_revert_1p2,2026-02-22 19:05:00+00:00,2026-02-22 19:10:00+00:00,2026-02-22 23:10:00+00:00,1,-0.0011449484629421707,28.806876648000003,28.956642536000004,time_open,49,0.004367484644420303,0.007537205600353536,-0.00481904883093233
tp160_sl220_h48__all__expanding__q95,188976,vwap_revert_20,2026-02-23 13:25:00+00:00,2026-02-23 13:30:00+00:00,2026-02-23 14:05:00+00:00,1,-0.0011596115683991683,27.418388397,26.822263060803,stop_market,8,-0.022562115135163045,0.0023200343535492163,-0.029642797749701924
tp160_sl220_h48__all__expanding__q95,189328,vwap_revert_75,2026-02-23 23:40:00+00:00,2026-02-23 23:45:00+00:00,2026-02-24 03:00:00+00:00,1,-0.0011606287506443478,26.277165177,25.70585209693738,stop_market,40,-0.022562115135163045,0.010002404035198253,-0.025385588447816923
tp160_sl220_h48__all__expanding__q95,189526,vwap_revert_20,2026-02-24 08:45:00+00:00,2026-02-24 08:50:00+00:00,2026-02-24 12:50:00+00:00,-1,-0.0011203219163123193,26.384658851,26.370036472,time_open,49,-0.000274892776098071,0.006543910685942289,-0.011380925860067241
tp160_sl220_h48__all__expanding__q95,189760,vwap_revert_75,2026-02-24 17:10:00+00:00,2026-02-24 17:15:00+00:00,2026-02-24 21:15:00+00:00,-1,-0.0011384232798879908,27.142844444,27.114839791999998,time_open,49,0.0002028560249275796,0.012262695779239885,-0.008304606539058417
tp160_sl220_h48__all__expanding__q95,189935,vwap_revert_75,2026-02-24 21:35:00+00:00,2026-02-24 21:40:00+00:00,2026-02-25 01:10:00+00:00,-1,-0.0011586691704178393,27.161824057,27.752055708828827,stop_market,43,-0.02256852529166972,0.006362755926749397,-0.02324729367381219
tp160_sl220_h48__all__expanding__q95,190244,vwap_revert_75,2026-02-25 07:05:00+00:00,2026-02-25 07:10:00+00:00,2026-02-25 11:10:00+00:00,1,-0.0011742847530305913,26.886818634000004,26.883095264,time_open,49,-0.0009677482984245351,0.007556913622464023,-0.005577735302258927
tp160_sl220_h48__all__expanding__q95,190465,vwap_revert_75,2026-02-25 12:25:00+00:00,2026-02-25 12:30:00+00:00,2026-02-25 14:05:00+00:00,-1,-0.0011778773908681381,27.225755385,27.817376276861083,stop_market,20,-0.02256852529166972,0.0019744313514847844,-0.022865631223615304
tp160_sl220_h48__all__expanding__q95,190798,bb_revert_1p2,2026-02-25 21:05:00+00:00,2026-02-25 21:10:00+00:00,2026-02-25 22:50:00+00:00,-1,-0.0011177617988366994,28.74911906,28.28166482388707,target_limit,21,0.01543719567826161,0.0188916766063858,-0.008932520222975986
tp160_sl220_h48__all__expanding__q95,191255,vwap_revert_75,2026-02-26 13:05:00+00:00,2026-02-26 13:10:00+00:00,2026-02-26 15:20:00+00:00,-1,-0.0011649448565814644,28.832030001,28.363227651558457,target_limit,27,0.01543719567826161,0.018938312736947793,-0.020599504312914588
tp160_sl220_h48__all__expanding__q95,191401,vwap_revert_75,2026-02-26 17:20:00+00:00,2026-02-26 17:25:00+00:00,2026-02-26 19:30:00+00:00,1,-0.0011228003483863284,28.276307958,28.736313269753726,target_limit,26,0.01543215557514115,0.016221779826465,-0.016481396709112875
tp160_sl220_h48__all__expanding__q95,191730,vwap_revert_75,2026-02-27 06:05:00+00:00,2026-02-27 06:10:00+00:00,2026-02-27 09:30:00+00:00,-1,-0.0011537663571335249,29.075768188999998,29.70759021429446,stop_market,41,-0.02256852529166972,0.010550647776730315,-0.030378850230563983
tp160_sl220_h48__all__expanding__q95,191992,vwap_revert_75,2026-02-27 14:15:00+00:00,2026-02-27 14:20:00+00:00,2026-02-27 16:45:00+00:00,1,-0.0011793613435535646,28.105124475000004,27.494068254848454,stop_market,30,-0.022562115135162934,0.011096749465650424,-0.025147676658969234
tp160_sl220_h48__all__expanding__q95,192310,vwap_revert_75,2026-02-27 22:05:00+00:00,2026-02-27 22:10:00+00:00,2026-02-28 00:55:00+00:00,1,-0.0011410558841577932,27.082027869000004,27.522604364747142,target_limit,34,0.01543215557514115,0.0175752027618592,-0.013450164808172864
tp160_sl220_h48__all__expanding__q95,192449,vwap_revert_75,2026-02-28 03:45:00+00:00,2026-02-28 03:50:00+00:00,2026-02-28 06:30:00+00:00,1,-0.0011659843953537494,26.921856189000003,26.336526360735153,stop_market,33,-0.022562115135163045,0.004759843084384263,-0.022733188858977918
tp160_sl220_h48__all__expanding__q95,192698,vwap_revert_75,2026-02-28 12:30:00+00:00,2026-02-28 12:35:00+00:00,2026-02-28 15:05:00+00:00,-1,-0.001172677503557272,27.434531128,28.030688756841418,stop_market,31,-0.02256852529166994,0.011865744177700144,-0.02303100817335181
tp160_sl220_h48__all__expanding__q95,193192,vwap_revert_75,2026-03-01 03:10:00+00:00,2026-03-01 03:15:00+00:00,2026-03-01 07:15:00+00:00,-1,-0.0011689157032516203,31.055641503,30.999813888,time_open,49,0.0009690870020224611,0.014542977737438512,-0.015914534239076975
tp160_sl220_h48__all__expanding__q95,193306,vwap_revert_75,2026-03-01 07:35:00+00:00,2026-03-01 07:40:00+00:00,2026-03-01 08:45:00+00:00,-1,-0.0011759577622429836,31.064631845999997,30.55952789066157,target_limit,14,0.01543719567826161,0.01679182449629335,-0.0016819595745552068
tp160_sl220_h48__all__expanding__q95,193386,vwap_revert_75,2026-03-01 10:20:00+00:00,2026-03-01 10:25:00+00:00,2026-03-01 11:00:00+00:00,1,-0.0011765527210974064,30.582780150000005,31.08030766802296,target_limit,8,0.01543215557514115,0.01671593777585323,-0.0033830032848566486
tp160_sl220_h48__all__expanding__q95,193594,bb_revert_1p2,2026-03-01 18:15:00+00:00,2026-03-01 18:20:00+00:00,2026-03-01 22:20:00+00:00,-1,-0.0011576763098238697,31.433235909,31.774609288,time_open,49,-0.01169409436596799,0.007420041311534842,-0.018127253568705162
tp160_sl220_h48__all__expanding__q95,193735,vwap_revert_75,2026-03-01 22:25:00+00:00,2026-03-01 22:30:00+00:00,2026-03-02 00:20:00+00:00,-1,-0.0012104268645804453,31.7658786,32.456157241026695,stop_market,23,-0.02256852529166994,0.012777187910048893,-0.028058203334620627
tp160_sl220_h48__all__expanding__q95,194170,vwap_revert_75,2026-03-02 10:20:00+00:00,2026-03-02 10:25:00+00:00,2026-03-02 13:15:00+00:00,1,-0.0012004745488572474,30.410595594000004,30.90532197509661,target_limit,35,0.01543215557514115,0.016520702609952087,-0.007076668089863306
tp160_sl220_h48__all__expanding__q95,194509,vwap_revert_75,2026-03-02 21:05:00+00:00,2026-03-02 21:10:00+00:00,2026-03-03 01:10:00+00:00,-1,-0.0012130465173922156,32.537050244,32.538407592,time_open,49,-0.0008710569163509037,0.008760789372803113,-0.022295862915239897
tp160_sl220_h48__all__expanding__q95,194654,vwap_revert_75,2026-03-03 01:50:00+00:00,2026-03-03 01:55:00+00:00,2026-03-03 05:55:00+00:00,-1,-0.0011714656838524983,32.829735855,32.854324168,time_open,49,-0.001578597880356357,0.006784576518792829,-0.022201743246576214
tp160_sl220_h48__all__expanding__q95,194992,vwap_revert_75,2026-03-03 13:05:00+00:00,2026-03-03 13:10:00+00:00,2026-03-03 14:45:00+00:00,1,-0.0012056344589887282,31.718998005000003,31.02936964042291,stop_market,20,-0.022562115135163045,0.0010404488500801445,-0.023082401473630734
tp160_sl220_h48__all__expanding__q95,195180,vwap_revert_75,2026-03-03 18:40:00+00:00,2026-03-03 18:45:00+00:00,2026-03-03 19:35:00+00:00,-1,-0.0011308840455862773,32.257350684,31.732853387524713,target_limit,11,0.01543719567826161,0.01730925423695595,-0.0025118365148468916
tp160_sl220_h48__all__expanding__q95,195365,vwap_revert_75,2026-03-04 00:10:00+00:00,2026-03-04 00:15:00+00:00,2026-03-04 04:15:00+00:00,1,-0.00114671044956603,31.172412147000003,30.980176608000004,time_open,49,-0.006993613837131336,0.015256690780208526,-0.015184520788836935
tp160_sl220_h48__all__expanding__q95,195475,vwap_revert_20,2026-03-04 04:20:00+00:00,2026-03-04 04:25:00+00:00,2026-03-04 06:40:00+00:00,1,-0.0010866874448173384,30.862079517000005,31.364150739688373,target_limit,28,0.01543215557514115,0.01681417749941816,-0.002782600158289587
tp160_sl220_h48__all__expanding__q95,195678,vwap_revert_75,2026-03-04 11:55:00+00:00,2026-03-04 12:00:00+00:00,2026-03-04 16:00:00+00:00,-1,-0.0012009211425373842,32.507082434000004,33.101258959999996,time_open,49,-0.019115273359551738,0.01215373403018094,-0.02194589430975681
tp160_sl220_h48__all__expanding__q95,195835,vwap_revert_75,2026-03-04 16:00:00+00:00,2026-03-04 16:05:00+00:00,2026-03-04 17:20:00+00:00,-1,-0.0011806283013471514,32.923634993,32.388304062908055,target_limit,16,0.01543719567826161,0.020855382254905463,-0.0027341198705557327
tp160_sl220_h48__all__expanding__q95,195912,vwap_revert_75,2026-03-04 18:15:00+00:00,2026-03-04 18:20:00+00:00,2026-03-04 19:15:00+00:00,1,-0.0012009018742195794,32.234550600000006,32.75894948970014,target_limit,12,0.01543215557514115,0.01875160003006182,-0.0026963931368591135
tp160_sl220_h48__all__expanding__q95,196043,vwap_revert_75,2026-03-04 22:25:00+00:00,2026-03-04 22:30:00+00:00,2026-03-04 23:40:00+00:00,1,-0.0011777266764644218,31.866155736000003,32.38456149553214,target_limit,15,0.01543215557514115,0.016438891102518394,-0.006350605940261726
tp160_sl220_h48__all__expanding__q95,196118,wick_reject_1p0,2026-03-05 02:05:00+00:00,2026-03-05 02:10:00+00:00,2026-03-05 06:10:00+00:00,1,-0.001216706492600374,31.670946501000003,31.418292240000003,time_open,49,-0.008803492103725274,0.0051799367282823194,-0.0125692238841202
tp160_sl220_h48__all__expanding__q95,196231,vwap_revert_75,2026-03-05 06:10:00+00:00,2026-03-05 06:15:00+00:00,2026-03-05 09:00:00+00:00,1,-0.0012176445063535415,31.415672886000003,31.926750089620178,target_limit,34,0.01543215557514115,0.020191422170132034,-0.0018048236721519711
tp160_sl220_h48__all__expanding__q95,196279,vwap_revert_75,2026-03-05 09:25:00+00:00,2026-03-05 09:30:00+00:00,2026-03-05 13:30:00+00:00,-1,-0.0011487142247978551,31.936695117,31.555667103999998,time_open,49,0.011106352286948796,0.016742343409082983,-0.011477323922205922
tp160_sl220_h48__all__expanding__q95,196460,vwap_revert_75,2026-03-05 17:00:00+00:00,2026-03-05 17:05:00+00:00,2026-03-05 17:45:00+00:00,1,-0.001196537429903359,31.128364935,30.451578001229297,stop_market,9,-0.022562115135163045,-0.00046147412592967285,-0.025098416355662803
tp160_sl220_h48__all__expanding__q95,196532,vwap_revert_75,2026-03-05 19:25:00+00:00,2026-03-05 19:30:00+00:00,2026-03-05 23:30:00+00:00,1,-0.0011606207900505662,30.658861698000003,30.602076816000004,time_open,49,-0.0026807069316470977,0.009528674119660963,-0.014370225030587618
tp160_sl220_h48__all__expanding__q95,196890,vwap_revert_75,2026-03-06 07:05:00+00:00,2026-03-06 07:10:00+00:00,2026-03-06 09:15:00+00:00,-1,-0.0011705874149275017,30.987714467,30.483861171014617,target_limit,26,0.015437195678261722,0.01893377672705787,-0.005167691198159755
tp160_sl220_h48__all__expanding__q95,197016,vwap_revert_75,2026-03-06 12:45:00+00:00,2026-03-06 12:50:00+00:00,2026-03-06 14:05:00+00:00,1,-0.0012067384957944883,30.375558039,29.715138488223207,stop_market,16,-0.022562115135163045,0.01584964991859117,-0.025123937039624802
tp160_sl220_h48__all__expanding__q95,197121,vwap_revert_75,2026-03-06 16:15:00+00:00,2026-03-06 16:20:00+00:00,2026-03-06 19:15:00+00:00,1,-0.0011811579250049545,29.881027977000002,30.367139233480106,target_limit,36,0.01543215557514115,0.017568740386176618,-0.015341456243887623
tp160_sl220_h48__all__expanding__q95,197515,vwap_revert_75,2026-03-07 04:50:00+00:00,2026-03-07 04:55:00+00:00,2026-03-07 08:55:00+00:00,1,-0.001177629922608866,30.594793026000005,30.383019,time_open,49,-0.00774835003028542,0.005465210170171764,-0.011684324933285766
tp160_sl220_h48__all__expanding__q95,198257,vwap_revert_75,2026-03-08 10:45:00+00:00,2026-03-08 10:50:00+00:00,2026-03-08 14:50:00+00:00,-1,-0.0012042428853751856,30.442300325,30.549932688,time_open,49,-0.004366407297604624,0.012853835643906852,-0.010062410392408754
tp160_sl220_h48__all__expanding__q95,198606,vwap_revert_75,2026-03-09 00:15:00+00:00,2026-03-09 00:20:00+00:00,2026-03-09 01:20:00+00:00,-1,-0.0011994286527681902,30.883826059,30.381661965257695,target_limit,13,0.01543719567826161,0.01751162754144564,-0.017678517802675278
tp160_sl220_h48__all__expanding__q95,198743,vwap_revert_75,2026-03-09 06:00:00+00:00,2026-03-09 06:05:00+00:00,2026-03-09 07:00:00+00:00,-1,-0.0010944142442533501,30.995705883,30.491722648380538,target_limit,12,0.0154371956782615,0.019864231688225265,-0.0025534774827196275
tp160_sl220_h48__all__expanding__q95,198791,vwap_revert_75,2026-03-09 09:05:00+00:00,2026-03-09 09:10:00+00:00,2026-03-09 12:00:00+00:00,-1,-0.0011698001223590102,30.984717686,31.658021550382575,stop_market,35,-0.02256852529166972,0.004864258810661992,-0.02311237704052528
tp160_sl220_h48__all__expanding__q95,199442,vwap_revert_20,2026-03-10 04:05:00+00:00,2026-03-10 04:10:00+00:00,2026-03-10 05:45:00+00:00,-1,-0.0011602176793752952,34.679748659,34.11586371406836,target_limit,20,0.0154371956782615,0.021129007196822203,-0.005525752015228772
tp160_sl220_h48__all__expanding__q95,199510,vwap_revert_75,2026-03-10 06:45:00+00:00,2026-03-10 06:50:00+00:00,2026-03-10 08:00:00+00:00,1,-0.0011650835053957,34.06250989800001,34.61664643902289,target_limit,15,0.015432155575140927,0.021328143585879644,-0.002778253959843783
tp160_sl220_h48__all__expanding__q95,199647,vwap_revert_75,2026-03-10 11:30:00+00:00,2026-03-10 11:35:00+00:00,2026-03-10 13:55:00+00:00,-1,-0.0011780016128330984,34.90250938,34.33500239564329,target_limit,29,0.015437195678261722,0.01912496814290654,-0.00810724917260021
tp160_sl220_h48__all__expanding__q95,199813,vwap_revert_75,2026-03-10 16:50:00+00:00,2026-03-10 16:55:00+00:00,2026-03-10 20:55:00+00:00,1,-0.0011959672605281833,34.31578136700001,34.049986824,time_open,49,-0.008571659170803117,0.0006474756544918581,-0.020311669037382366
tp160_sl220_h48__all__expanding__q95,200034,vwap_revert_20,2026-03-11 00:45:00+00:00,2026-03-11 00:50:00+00:00,2026-03-11 04:50:00+00:00,-1,-0.0011789146039289588,34.298158545,34.566871936,time_open,49,-0.008667201605687923,0.0024828897122354254,-0.016883226358157102
tp160_sl220_h48__all__expanding__q95,200178,vwap_revert_75,2026-03-11 05:25:00+00:00,2026-03-11 05:30:00+00:00,2026-03-11 09:30:00+00:00,-1,-0.001215411067779081,34.67275617,34.422909952,time_open,49,0.006379502033956823,0.012163906668744118,-0.006795574005429087
tp160_sl220_h48__all__expanding__q95,200325,vwap_revert_75,2026-03-11 11:55:00+00:00,2026-03-11 12:00:00+00:00,2026-03-11 12:20:00+00:00,-1,-0.0011633445966367387,34.819598438999996,35.57623499844237,stop_market,5,-0.02256852529166972,0.0019413905395382347,-0.025325964137067128
tp160_sl220_h48__all__expanding__q95,200485,vwap_revert_75,2026-03-11 17:05:00+00:00,2026-03-11 17:10:00+00:00,2026-03-11 20:40:00+00:00,-1,-0.0011931007087669086,36.404895588,35.812960140435735,target_limit,43,0.0154371956782615,0.01804415525412284,-0.010306309293490095
tp160_sl220_h48__all__expanding__q95,200845,vwap_revert_75,2026-03-12 03:55:00+00:00,2026-03-12 04:00:00+00:00,2026-03-12 05:00:00+00:00,1,-0.0011884439371994788,35.880458466,36.464169801547584,target_limit,13,0.01543215557514115,0.01643071351941172,-0.0015143815398608468
tp160_sl220_h48__all__expanding__q95,200957,vwap_revert_75,2026-03-12 08:35:00+00:00,2026-03-12 08:40:00+00:00,2026-03-12 10:20:00+00:00,-1,-0.0011937100361200956,36.936324752,37.73895818063531,stop_market,21,-0.02256852529166972,0.0005231909814998881,-0.027398267684608527
tp160_sl220_h48__all__expanding__q95,201147,vwap_revert_75,2026-03-12 13:10:00+00:00,2026-03-12 13:15:00+00:00,2026-03-12 14:10:00+00:00,-1,-0.0010873436673896856,37.677528586,37.064900410958046,target_limit,12,0.0154371956782615,0.01713298643053429,-0.008654888991724634
tp160_sl220_h48__all__expanding__q95,201373,vwap_revert_75,2026-03-12 20:20:00+00:00,2026-03-12 20:25:00+00:00,2026-03-13 00:15:00+00:00,1,-0.0011795675914015279,37.013673102,37.615819827086106,target_limit,47,0.015432155575140927,0.016056955394893935,-0.004296283694161144
tp160_sl220_h48__all__expanding__q95,201796,vwap_revert_75,2026-03-13 10:25:00+00:00,2026-03-13 10:30:00+00:00,2026-03-13 14:30:00+00:00,1,-0.0011957976546361465,37.246923111,37.462887592,time_open,49,0.00496645621993179,0.011358707073311436,-0.00704401725161942
tp160_sl220_h48__all__expanding__q95,202271,vwap_revert_20,2026-03-14 02:50:00+00:00,2026-03-14 02:55:00+00:00,2026-03-14 06:55:00+00:00,-1,-0.0011949525099882795,36.720556519999995,37.10420190399999,time_open,49,-0.011281355577446243,-0.0010741525657029793,-0.018917743627459696
tp160_sl220_h48__all__expanding__q95,202388,vwap_revert_100,2026-03-14 07:20:00+00:00,2026-03-14 07:25:00+00:00,2026-03-14 10:30:00+00:00,-1,-0.0012083887365094985,37.300933107,36.69442829008919,target_limit,38,0.01543719567826161,0.016968291521941126,-0.006234003480618992
tp160_sl220_h48__all__expanding__q95,203055,vwap_revert_75,2026-03-15 06:10:00+00:00,2026-03-15 06:15:00+00:00,2026-03-15 10:15:00+00:00,1,-0.0012138038037703752,37.575275055,37.146804168,time_open,49,-0.012227594918470083,0.00488951696909945,-0.013888283373769033
tp160_sl220_h48__all__expanding__q95,203182,vwap_revert_75,2026-03-15 10:15:00+00:00,2026-03-15 10:20:00+00:00,2026-03-15 14:20:00+00:00,1,-0.0011844343107486957,37.172843709000006,37.397870432,time_open,49,0.005221691793078598,0.015203472067518042,-0.0027777764302893285
tp160_sl220_h48__all__expanding__q95,203657,vwap_revert_20,2026-03-16 05:20:00+00:00,2026-03-16 05:25:00+00:00,2026-03-16 07:25:00+00:00,-1,-0.0012165239274220445,38.249913756999995,39.08109172692304,stop_market,25,-0.02256852529166972,0.00846835261009482,-0.026665341230816444
tp160_sl220_h48__all__expanding__q95,203846,vwap_revert_75,2026-03-16 11:05:00+00:00,2026-03-16 11:10:00+00:00,2026-03-16 14:30:00+00:00,-1,-0.001068261514789953,39.293792472,38.654884208214796,target_limit,41,0.0154371956782615,0.018929006980683116,-0.01115955258858105
tp160_sl220_h48__all__expanding__q95,204113,vwap_revert_75,2026-03-16 19:45:00+00:00,2026-03-16 19:50:00+00:00,2026-03-16 20:35:00+00:00,-1,-0.0012100523906434994,39.261826808,40.11499384280859,stop_market,10,-0.02256852529166972,-0.00013176136773518365,-0.04061078360844507
tp160_sl220_h48__all__expanding__q95,204450,vwap_revert_75,2026-03-17 08:00:00+00:00,2026-03-17 08:05:00+00:00,2026-03-17 08:40:00+00:00,-1,-0.0012142532777619452,41.396533807000004,40.723435440121754,target_limit,8,0.01543719567826161,0.017526438575331205,-0.0026724878582897885
tp160_sl220_h48__all__expanding__q95,204541,macd_flip,2026-03-17 12:10:00+00:00,2026-03-17 12:15:00+00:00,2026-03-17 13:50:00+00:00,-1,-0.001195074533506953,41.287650764,40.61632281101112,target_limit,20,0.015437195678261722,0.016534018074848333,-0.008948671589503536
tp160_sl220_h48__all__expanding__q95,204982,vwap_revert_75,2026-03-18 03:25:00+00:00,2026-03-18 03:30:00+00:00,2026-03-18 07:30:00+00:00,-1,-0.0011775509918459828,41.929960825,41.680993312,time_open,49,0.005110839145489242,0.01476177923426436,-0.010527696635906263
tp160_sl220_h48__all__expanding__q95,205190,vwap_revert_75,2026-03-18 11:50:00+00:00,2026-03-18 11:55:00+00:00,2026-03-18 13:00:00+00:00,1,-0.0011930281108137254,41.09504772300001,40.201567085655704,stop_market,14,-0.022562115135163045,0.004281593202811074,-0.02375196777818546
tp160_sl220_h48__all__expanding__q95,205253,vwap_revert_75,2026-03-18 13:10:00+00:00,2026-03-18 13:15:00+00:00,2026-03-18 13:30:00+00:00,1,-0.001218122554797727,40.776706509,41.44007110447067,target_limit,4,0.01543215557514115,0.03242766775948791,-0.008058890962712966
tp160_sl220_h48__all__expanding__q95,205637,vwap_revert_75,2026-03-19 01:10:00+00:00,2026-03-19 01:15:00+00:00,2026-03-19 05:15:00+00:00,1,-0.001205196716605314,41.557543449,41.244885776000004,time_open,49,-0.008349690767277936,0.005593606640519333,-0.01534681074752166
tp160_sl220_h48__all__expanding__q95,205958,vwap_revert_75,2026-03-19 11:55:00+00:00,2026-03-19 12:00:00+00:00,2026-03-19 13:20:00+00:00,1,-0.0011405930907996717,39.514353456,38.65523996991551,stop_market,17,-0.022562115135163045,-0.001071849905051936,-0.02383282142402944
tp160_sl220_h48__all__expanding__q95,206241,wick_reject_0p6,2026-03-19 19:45:00+00:00,2026-03-19 19:50:00+00:00,2026-03-19 20:50:00+00:00,-1,-0.0011650201658132582,40.250764538,39.59629612278337,target_limit,13,0.01543719567826161,0.016490731185325624,-0.0014888138765876285
tp160_sl220_h48__all__expanding__q95,206433,vwap_revert_20,2026-03-20 02:10:00+00:00,2026-03-20 02:15:00+00:00,2026-03-20 06:15:00+00:00,-1,-0.0011724227431437837,39.92211755500001,39.65952712,time_open,49,0.00575097264268133,0.01360442752696589,-0.005020690656564201
tp160_sl220_h48__all__expanding__q95,206609,vwap_revert_75,2026-03-20 10:05:00+00:00,2026-03-20 10:10:00+00:00,2026-03-20 14:10:00+00:00,1,-0.0012089280935119518,39.36519357900001,39.14533164,time_open,49,-0.006412192938896514,0.012086982883625863,-0.013197364334818011
tp160_sl220_h48__all__expanding__q95,206815,vwap_revert_75,2026-03-20 17:35:00+00:00,2026-03-20 17:40:00+00:00,2026-03-20 21:40:00+00:00,1,-0.0012058620255113433,39.14295537300001,39.659467336000006,time_open,49,0.012360733687276323,0.014128841875375331,-0.020851426122766928
tp160_sl220_h48__all__expanding__q95,206964,vwap_revert_75,2026-03-20 21:50:00+00:00,2026-03-20 21:55:00+00:00,2026-03-21 01:55:00+00:00,-1,-0.0011391993884622223,39.523545682000005,39.33461292,time_open,49,0.0039529179855770265,0.0060102320756153516,-0.016011802391289867
tp160_sl220_h48__all__expanding__q95,207357,vwap_revert_75,2026-03-21 14:30:00+00:00,2026-03-21 14:35:00+00:00,2026-03-21 18:35:00+00:00,-1,-0.001208917473474718,39.975060686,40.302357368,time_open,49,-0.009020239499748704,0.005905198940265088,-0.01222050490189354
tp160_sl220_h48__all__expanding__q95,207687,vwap_revert_75,2026-03-22 01:30:00+00:00,2026-03-22 01:35:00+00:00,2026-03-22 05:35:00+00:00,1,-0.0011985326237676992,39.259079841,38.70521548,time_open,49,-0.014931402882443946,0.005627237314137945,-0.019546027711775507
tp160_sl220_h48__all__expanding__q95,207918,vwap_revert_75,2026-03-22 09:20:00+00:00,2026-03-22 09:25:00+00:00,2026-03-22 13:25:00+00:00,1,-0.0011579131318069768,38.179923147000004,38.239092456,time_open,49,0.0007197840526743789,0.006340422741762719,-0.020606507796059673
tp160_sl220_h48__all__expanding__q95,208236,vwap_revert_75,2026-03-22 19:15:00+00:00,2026-03-22 19:20:00+00:00,2026-03-22 23:00:00+00:00,1,-0.001191492833013642,37.961689233,38.57925849686084,target_limit,45,0.01543215557514115,0.016050675807922854,-0.014130837896287123
tp160_sl220_h48__all__expanding__q95,208416,vwap_revert_20,2026-03-22 23:40:00+00:00,2026-03-22 23:45:00+00:00,2026-03-23 00:30:00+00:00,-1,-0.0011927202528482516,38.389763537,37.76555458119541,target_limit,10,0.01543719567826161,0.018800937294244258,-0.0019837374772942043
tp160_sl220_h48__all__expanding__q95,208586,vwap_revert_75,2026-03-23 07:50:00+00:00,2026-03-23 07:55:00+00:00,2026-03-23 11:05:00+00:00,1,-0.0011954962917525062,37.573272909,38.18452332909675,target_limit,39,0.01543215557514115,0.034405496005921465,-0.02227256309625937
tp160_sl220_h48__all__expanding__q95,209176,vwap_revert_75,2026-03-24 05:20:00+00:00,2026-03-24 05:25:00+00:00,2026-03-24 09:25:00+00:00,-1,-0.001210571504595551,38.054124064999996,38.207910448,time_open,49,-0.004872252423553367,0.0074400363155486815,-0.017544892291541117
tp160_sl220_h48__all__expanding__q95,209381,vwap_revert_75,2026-03-24 11:10:00+00:00,2026-03-24 11:15:00+00:00,2026-03-24 14:15:00+00:00,-1,-0.0011624362719799663,38.639495286999995,38.011225748880314,target_limit,37,0.015437195678261722,0.01799959553907493,-0.007104829261576754
tp160_sl220_h48__all__expanding__q95,209603,vwap_revert_75,2026-03-24 18:20:00+00:00,2026-03-24 18:25:00+00:00,2026-03-24 20:20:00+00:00,-1,-0.0011373511940567086,39.390688391,40.2466556127486,stop_market,24,-0.02256852529166972,-0.0007948987509229788,-0.024641493792899385
tp160_sl220_h48__all__expanding__q95,209713,vwap_revert_75,2026-03-24 21:40:00+00:00,2026-03-24 21:45:00+00:00,2026-03-25 00:35:00+00:00,-1,-0.0012126080031250642,40.008025277,40.87740734781006,stop_market,35,-0.02256852529166972,0.008948836502706059,-0.02388432062295777
tp160_sl220_h48__all__expanding__q95,209810,vwap_revert_75,2026-03-25 00:40:00+00:00,2026-03-25 00:45:00+00:00,2026-03-25 03:15:00+00:00,-1,-0.0011493314350163552,40.581409375,39.9215647487982,target_limit,31,0.01543719567826161,0.01743185823003457,-0.004716892990091829
tp160_sl220_h48__all__expanding__q95,210064,vwap_revert_75,2026-03-25 10:10:00+00:00,2026-03-25 10:15:00+00:00,2026-03-25 11:30:00+00:00,-1,-0.00120567407757488,40.627360017,41.51020035062253,stop_market,16,-0.02256852529166972,-1.575251258589816e-05,-0.023862898720388395
tp160_sl220_h48__all__expanding__q95,210126,vwap_revert_75,2026-03-25 12:10:00+00:00,2026-03-25 12:15:00+00:00,2026-03-25 14:10:00+00:00,-1,-0.0011794438906307459,41.124825662999996,40.456145209680564,target_limit,24,0.01543719567826161,0.0163848880119688,-0.002972102839314609
tp160_sl220_h48__all__expanding__q95,210223,vwap_revert_75,2026-03-25 15:40:00+00:00,2026-03-25 15:45:00+00:00,2026-03-25 19:45:00+00:00,1,-0.001210488214934114,40.402305207000005,40.417667447999996,time_open,49,-0.0004492484949510131,0.01085816244277038,-0.0042091281417882135
tp160_sl220_h48__all__expanding__q95,210713,vwap_revert_75,2026-03-26 11:10:00+00:00,2026-03-26 11:15:00+00:00,2026-03-26 13:45:00+00:00,1,-0.001196523167780601,38.99579764200001,39.63019001309873,target_limit,31,0.01543215557514115,0.020571507867709116,-0.004076533887795512
tp160_sl220_h48__all__expanding__q95,210803,vwap_revert_75,2026-03-26 14:25:00+00:00,2026-03-26 14:30:00+00:00,2026-03-26 16:25:00+00:00,-1,-0.0011463615375357642,39.459614354,38.81800986355758,target_limit,24,0.01543719567826161,0.016690846192551234,-0.008356595136911353
tp160_sl220_h48__all__expanding__q95,210892,vwap_revert_140,2026-03-26 18:10:00+00:00,2026-03-26 18:15:00+00:00,2026-03-26 22:15:00+00:00,1,-0.001218061381151148,38.723505786000004,38.967284648,time_open,49,0.005463438619533684,0.012769872044456676,-0.012100219651100879
tp160_sl220_h48__all__expanding__q95,211328,vwap_revert_75,2026-03-27 13:55:00+00:00,2026-03-27 14:00:00+00:00,2026-03-27 15:05:00+00:00,1,-0.0011968127328418686,38.098836234000004,38.71863663599403,target_limit,14,0.01543215557514115,0.016146523799879464,-0.0021426992382282
tp160_sl220_h48__all__expanding__q95,211566,vwap_revert_20,2026-03-28 01:35:00+00:00,2026-03-28 01:40:00+00:00,2026-03-28 05:40:00+00:00,1,-0.0012056717725967064,38.095833015000004,38.60518908,time_open,49,0.012535521101319952,0.014441657826024468,-0.0015652599861451105
tp160_sl220_h48__all__expanding__q95,211825,vwap_revert_75,2026-03-28 11:55:00+00:00,2026-03-28 12:00:00+00:00,2026-03-28 16:00:00+00:00,-1,-0.0011702774787063568,39.473599332,40.210381655999996,time_open,49,-0.019502254697835866,0.0014845196027638563,-0.021096856038898007
tp160_sl220_h48__all__expanding__q95,211974,vwap_revert_75,2026-03-28 16:00:00+00:00,2026-03-28 16:05:00+00:00,2026-03-28 20:05:00+00:00,-1,-0.0012115070584219584,40.132891152,39.914459799999996,time_open,49,0.004615635883789814,0.015047287515689067,-0.001887489365462806
tp160_sl220_h48__all__expanding__q95,212538,vwap_revert_75,2026-03-29 12:50:00+00:00,2026-03-29 12:55:00+00:00,2026-03-29 16:55:00+00:00,1,-0.0011857619832359046,39.25707769500001,38.899266696000005,time_open,49,-0.009940103393606002,-0.00043502206487922024,-0.013866444428894635
tp160_sl220_h48__all__expanding__q95,212727,vwap_revert_75,2026-03-29 18:50:00+00:00,2026-03-29 18:55:00+00:00,2026-03-29 22:45:00+00:00,1,-0.001211170538725936,38.737520808,37.895297068196456,stop_market,47,-0.022562115135163045,0.00504624942233356,-0.026526833357555804
tp160_sl220_h48__all__expanding__q95,212929,vwap_revert_75,2026-03-30 01:20:00+00:00,2026-03-30 01:25:00+00:00,2026-03-30 02:05:00+00:00,1,-0.0011485291593417986,37.638342654000006,38.25065164328404,target_limit,9,0.01543215557514115,0.017579343279868764,-0.001486511215936696
tp160_sl220_h48__all__expanding__q95,213005,vwap_revert_75,2026-03-30 04:30:00+00:00,2026-03-30 04:35:00+00:00,2026-03-30 08:35:00+00:00,-1,-0.0011466433288277503,38.561578981000004,38.16792100799999,time_open,49,0.009383464772781529,0.015211487612813324,-0.006571593295360071
tp160_sl220_h48__all__expanding__q95,213537,vwap_revert_75,2026-03-30 23:50:00+00:00,2026-03-30 23:55:00+00:00,2026-03-31 01:20:00+00:00,1,-0.0012094328577634485,36.837484254,37.43676469944055,target_limit,18,0.01543215557514115,0.01744190079783281,-0.00604708323658855
tp160_sl220_h48__all__expanding__q95,213867,vwap_revert_75,2026-03-31 12:10:00+00:00,2026-03-31 12:15:00+00:00,2026-03-31 13:50:00+00:00,1,-0.0012091975405514523,35.842417692000005,36.42551017171503,target_limit,20,0.015432155575141372,0.018067483995214406,-0.0019329096742519852
tp160_sl220_h48__all__expanding__q95,214106,vwap_revert_75,2026-03-31 20:35:00+00:00,2026-03-31 20:40:00+00:00,2026-03-31 22:35:00+00:00,-1,-0.0012108229658214353,36.803467461000004,36.205051324060854,target_limit,24,0.01543719567826161,0.017103482482106913,-0.0025484966372222454
tp160_sl220_h48__all__expanding__q95,214235,vwap_revert_20,2026-04-01 02:20:00+00:00,2026-04-01 02:25:00+00:00,2026-04-01 05:20:00+00:00,1,-0.0011146724616008996,36.287895177,36.878234784227956,target_limit,36,0.015432155575140927,0.018659247655376854,-0.005509891444739027
tp160_sl220_h48__all__expanding__q95,214517,vwap_revert_75,2026-04-01 14:00:00+00:00,2026-04-01 14:05:00+00:00,2026-04-01 15:45:00+00:00,1,-0.0011156761472258647,36.806450991000006,37.405226580366616,target_limit,21,0.01543215557514115,0.017892217023614432,-0.005398868863111487
tp160_sl220_h48__all__expanding__q95,214570,vwap_revert_75,2026-04-01 16:00:00+00:00,2026-04-01 16:05:00+00:00,2026-04-01 16:10:00+00:00,-1,-0.0011124215363134966,37.311921303999995,36.70523782146732,target_limit,2,0.015437195678261722,0.016641365073136183,-0.003284486617589636
tp160_sl220_h48__all__expanding__q95,214614,vwap_revert_75,2026-04-01 17:55:00+00:00,2026-04-01 18:00:00+00:00,2026-04-01 22:00:00+00:00,1,-0.001085069368619042,36.455074368,36.177548352,time_open,49,-0.008438988532694109,0.0023844590501318486,-0.01643641899827787
tp160_sl220_h48__all__expanding__q95,214910,vwap_revert_75,2026-04-02 01:30:00+00:00,2026-04-02 01:35:00+00:00,2026-04-02 05:35:00+00:00,1,-0.0011047765512027968,35.67824172,35.022243431999996,time_open,49,-0.01920820676174604,0.0010863281970050487,-0.021610821310442133
tp160_sl220_h48__all__expanding__q95,215053,vwap_revert_75,2026-04-02 07:15:00+00:00,2026-04-02 07:20:00+00:00,2026-04-02 11:20:00+00:00,1,-0.0011152381764350792,35.120644059,34.870203304,time_open,49,-0.007957235950684524,0.0059610507326772755,-0.014327961368227464
tp160_sl220_h48__all__expanding__q95,215242,vwap_revert_75,2026-04-02 13:00:00+00:00,2026-04-02 13:05:00+00:00,2026-04-02 17:05:00+00:00,1,-0.0011190709292202136,34.72722237,34.90421228,time_open,49,0.004265139505001465,0.014362727450119461,-0.00857029112148146
tp160_sl220_h48__all__expanding__q95,215391,vwap_revert_75,2026-04-02 17:20:00+00:00,2026-04-02 17:25:00+00:00,2026-04-02 21:25:00+00:00,-1,-0.0011159151905572014,35.109287269,35.111728056000004,time_open,49,-0.0008988711455325495,0.015331762928588066,-0.0058466351797586006
tp160_sl220_h48__all__expanding__q95,215582,vwap_revert_75,2026-04-03 00:50:00+00:00,2026-04-03 00:55:00+00:00,2026-04-03 04:55:00+00:00,-1,-0.0011038604914117374,35.288095202,35.537615591999995,time_open,49,-0.007903205613273272,-0.00011065482502381485,-0.009961926360795974
tp160_sl220_h48__all__expanding__q95,215892,vwap_revert_75,2026-04-03 12:25:00+00:00,2026-04-03 12:30:00+00:00,2026-04-03 16:30:00+00:00,-1,-0.0011173892334094286,35.912424577,35.901519496,time_open,49,-0.0005255390971622147,0.014435799952421724,-0.006862998501359533
tp160_sl220_h48__all__expanding__q95,216614,vwap_revert_100,2026-04-04 23:35:00+00:00,2026-04-04 23:40:00+00:00,2026-04-05 03:40:00+00:00,-1,-0.0011019260225372245,36.373928850999995,35.977499432,time_open,49,0.010073920868015214,0.01302935552937845,-0.0054751855603827485
tp160_sl220_h48__all__expanding__q95,216753,vwap_revert_75,2026-04-05 05:10:00+00:00,2026-04-05 05:15:00+00:00,2026-04-05 09:15:00+00:00,1,-0.00108755183254723,35.852428422,35.74943536000001,time_open,49,-0.003700825593621574,0.000434324219735327,-0.01194605374918069
tp160_sl220_h48__all__expanding__q95,217321,vwap_revert_75,2026-04-06 03:50:00+00:00,2026-04-06 03:55:00+00:00,2026-04-06 07:55:00+00:00,-1,-0.0010897345692530295,36.981276467,37.057214312,time_open,49,-0.002883587394218277,0.0064161243112236255,-0.009655108522189886
tp160_sl220_h48__all__expanding__q95,217466,vwap_revert_75,2026-04-06 09:20:00+00:00,2026-04-06 09:25:00+00:00,2026-04-06 13:25:00+00:00,-1,-0.0010880789347654006,37.421803274000006,37.208174448,time_open,49,0.004881717224285435,0.012206874977545024,-0.003973996092929714
tp160_sl220_h48__all__expanding__q95,218337,vwap_revert_75,2026-04-07 19:15:00+00:00,2026-04-07 19:20:00+00:00,2026-04-07 20:00:00+00:00,-1,-0.0011123671534071754,36.490803310000004,37.283755472160536,stop_market,9,-0.02256852529166972,0.0019677097648417297,-0.022891466850959677
tp160_sl220_h48__all__expanding__q95,218598,vwap_revert_75,2026-04-08 02:35:00+00:00,2026-04-08 02:40:00+00:00,2026-04-08 06:40:00+00:00,-1,-0.0010796003966092262,38.44870023,39.084678919999995,time_open,49,-0.017377148736859922,0.005193939686007343,-0.0216715507534644
tp160_sl220_h48__all__expanding__q95,218749,vwap_revert_140,2026-04-08 08:35:00+00:00,2026-04-08 08:40:00+00:00,2026-04-08 12:40:00+00:00,-1,-0.0011018640452617459,39.343738822000006,39.387598928,time_open,49,-0.0019445774095148865,0.007338876035811626,-0.009520587405525765
tp160_sl220_h48__all__expanding__q95,218880,vwap_revert_75,2026-04-08 13:10:00+00:00,2026-04-08 13:15:00+00:00,2026-04-08 14:05:00+00:00,-1,-0.0010406315211083197,39.602460915,38.95853377147335,target_limit,11,0.0154371956782615,0.016298505196062796,-0.004922943899262192
tp160_sl220_h48__all__expanding__q95,218999,vwap_revert_75,2026-04-08 16:35:00+00:00,2026-04-08 16:40:00+00:00,2026-04-08 20:40:00+00:00,1,-0.001079858742362245,38.531299770000004,38.045041239999996,time_open,49,-0.013443921669864902,0.01060696712645548,-0.020951206268449166
tp160_sl220_h48__all__expanding__q95,219234,vwap_revert_75,2026-04-09 00:40:00+00:00,2026-04-09 00:45:00+00:00,2026-04-09 04:45:00+00:00,1,-0.0011024085730974972,38.310062637,38.549174296000004,time_open,49,0.005409573694082656,0.013467411105240634,-0.004984286755217019
tp160_sl220_h48__all__expanding__q95,219453,vwap_revert_75,2026-04-09 08:50:00+00:00,2026-04-09 08:55:00+00:00,2026-04-09 12:55:00+00:00,-1,-0.0011032878377794553,38.893222745,39.039690799999995,time_open,49,-0.00459678593012979,0.0039909972495133506,-0.010436388169456927
tp160_sl220_h48__all__expanding__q95,219715,vwap_revert_75,2026-04-09 17:15:00+00:00,2026-04-09 17:20:00+00:00,2026-04-09 21:20:00+00:00,-1,-0.0010844812416467954,39.821225928,39.90846138399999,time_open,49,-0.003020908318461103,0.0051034573462767074,-0.012412636281917926
tp160_sl220_h48__all__expanding__q95,219913,vwap_revert_75,2026-04-09 22:20:00+00:00,2026-04-09 22:25:00+00:00,2026-04-09 22:55:00+00:00,-1,-0.0010965770335331965,40.221795655,39.56779826733192,target_limit,7,0.01543719567826161,0.017647040452600127,-0.0015136760187102344
tp160_sl220_h48__all__expanding__q95,220096,vwap_revert_75,2026-04-10 05:20:00+00:00,2026-04-10 05:25:00+00:00,2026-04-10 09:25:00+00:00,-1,-0.0011019649526169825,40.54644693,40.637268928000005,time_open,49,-0.003070201052513516,0.01362503922856062,-0.00578018866216136
tp160_sl220_h48__all__expanding__q95,220239,vwap_revert_75,2026-04-10 11:30:00+00:00,2026-04-10 11:35:00+00:00,2026-04-10 14:10:00+00:00,-1,-0.001107343838519986,41.000958715,41.89191742006103,stop_market,32,-0.02256852529166972,0.00041361752338242574,-0.022756609248430607
tp160_sl220_h48__all__expanding__q95,220477,vwap_revert_75,2026-04-10 17:10:00+00:00,2026-04-10 17:15:00+00:00,2026-04-10 21:05:00+00:00,-1,-0.0010713909938139972,42.016867474,41.333682620651075,target_limit,47,0.01543719567826161,0.016704421728590768,-0.005273008405091832
tp160_sl220_h48__all__expanding__q95,221729,vwap_revert_75,2026-04-12 13:25:00+00:00,2026-04-12 13:30:00+00:00,2026-04-12 16:20:00+00:00,1,-0.001120623538956734,40.428333105,41.08603028389876,target_limit,35,0.01543215557514115,0.016811647743051328,-0.0067550935106060065
tp160_sl220_h48__all__expanding__q95,221851,vwap_revert_75,2026-04-12 17:25:00+00:00,2026-04-12 17:30:00+00:00,2026-04-12 21:30:00+00:00,-1,-0.0011219865178465056,40.989970518,40.908197384,time_open,49,0.001166459300518707,0.004024655688092071,-0.008710092551819109
tp160_sl220_h48__all__expanding__q95,222325,vwap_revert_75,2026-04-13 14:15:00+00:00,2026-04-13 14:20:00+00:00,2026-04-13 17:10:00+00:00,-1,-0.001119337584083869,42.32453699,43.2442573051038,stop_market,35,-0.02256852529166972,0.009085438786745725,-0.02818727487255758
tp160_sl220_h48__all__expanding__q95,222457,vwap_revert_75,2026-04-13 18:20:00+00:00,2026-04-13 18:25:00+00:00,2026-04-13 22:25:00+00:00,-1,-0.0010850345095169483,43.420359909,44.274308495999996,time_open,49,-0.02050448626000147,0.007907808910833758,-0.02127215979542131
tp160_sl220_h48__all__expanding__q95,222693,vwap_revert_75,2026-04-13 23:55:00+00:00,2026-04-14 00:00:00+00:00,2026-04-14 04:00:00+00:00,-1,-0.0010730809615548396,44.230489706,44.61821768,time_open,49,-0.009599036734551241,0.0029276118546441854,-0.01736021852677784
tp160_sl220_h48__all__expanding__q95,222882,vwap_revert_75,2026-04-14 05:00:00+00:00,2026-04-14 05:05:00+00:00,2026-04-14 09:05:00+00:00,-1,-0.00111425423452539,44.81186522,44.945131352,time_open,49,-0.0038044585964593864,0.010396023859147063,-0.010705122949473027
tp160_sl220_h48__all__expanding__q95,223282,vwap_revert_75,2026-04-14 18:50:00+00:00,2026-04-14 18:55:00+00:00,2026-04-14 22:55:00+00:00,1,-0.001118233559621774,43.232338578000004,43.386451,time_open,49,0.002733947897662138,0.010169734889699633,-0.007870621099375879
tp160_sl220_h48__all__expanding__q95,223457,vwap_revert_75,2026-04-15 00:30:00+00:00,2026-04-15 00:35:00+00:00,2026-04-15 04:35:00+00:00,-1,-0.0011047035468223015,43.602164623,43.616482208,time_open,49,-0.0011578274579949332,0.002870605716074448,-0.02052456605028087
tp160_sl220_h48__all__expanding__q95,223661,vwap_revert_75,2026-04-15 07:15:00+00:00,2026-04-15 07:20:00+00:00,2026-04-15 11:20:00+00:00,1,-0.0011100184142914624,43.404523134,43.931594880000006,time_open,49,0.011308886755911376,0.013995704183284552,-0.007246279598328257
tp160_sl220_h48__all__expanding__q95,223784,vwap_revert_75,2026-04-15 11:50:00+00:00,2026-04-15 11:55:00+00:00,2026-04-15 15:55:00+00:00,-1,-0.0010747779467121187,44.071660313,44.561232728,time_open,49,-0.011942482830868736,0.0031689369542269308,-0.015034933894759532
tp160_sl220_h48__all__expanding__q95,224168,vwap_revert_75,2026-04-16 01:10:00+00:00,2026-04-16 01:15:00+00:00,2026-04-16 03:05:00+00:00,1,-0.0010607205980810892,44.232410505000004,44.9519932671553,target_limit,23,0.01543215557514115,0.016087513361261685,-0.004538571875952983
tp160_sl220_h48__all__expanding__q95,224674,vwap_revert_75,2026-04-16 21:30:00+00:00,2026-04-16 21:35:00+00:00,2026-04-17 00:30:00+00:00,1,-0.001077036104155346,43.421541375000004,44.12793273651377,target_limit,36,0.01543215557514115,0.017812786016051296,-0.00185499191683615
tp160_sl220_h48__all__expanding__q95,225097,vwap_revert_75,2026-04-17 15:10:00+00:00,2026-04-17 15:15:00+00:00,2026-04-17 18:05:00+00:00,-1,-0.0010954847735173351,44.970694613,44.23948119202821,target_limit,35,0.01543719567826161,0.01698205063479785,-0.01329650340794976
tp160_sl220_h48__all__expanding__q95,225207,vwap_revert_75,2026-04-17 18:55:00+00:00,2026-04-17 19:00:00+00:00,2026-04-17 23:00:00+00:00,1,-0.0011164778473149446,44.16834183300001,44.700797896000005,time_open,49,0.011220830315447716,0.015546387718068155,-0.00551654704279693
tp160_sl220_h48__all__expanding__q95,225409,vwap_revert_75,2026-04-18 02:55:00+00:00,2026-04-18 03:00:00+00:00,2026-04-18 07:00:00+00:00,-1,-0.0010974156825256298,45.098557269,44.796170688,time_open,49,0.005878474419534595,0.008815299048895997,-0.007719611866951596
tp160_sl220_h48__all__expanding__q95,225596,vwap_revert_50,2026-04-18 10:45:00+00:00,2026-04-18 10:50:00+00:00,2026-04-18 14:50:00+00:00,1,-0.0011024727321747216,44.539739916,44.405720016000004,time_open,49,-0.003837070924413923,-0.0010493980451647955,-0.013588063695060286
tp160_sl220_h48__all__expanding__q95,225975,vwap_revert_20,2026-04-19 01:20:00+00:00,2026-04-19 01:25:00+00:00,2026-04-19 05:25:00+00:00,1,-0.0011147893346787673,43.630765632000006,43.62151304,time_open,49,-0.0010413004583739202,0.00030332651303011104,-0.01161697749580916
tp160_sl220_h48__all__expanding__q95,226656,vwap_revert_20,2026-04-20 02:30:00+00:00,2026-04-20 02:35:00+00:00,2026-04-20 06:35:00+00:00,1,-0.0011213587047074402,41.11006381800001,41.213877592,time_open,49,0.0016948944873013759,0.006858081837288532,-0.010146191278124455
tp160_sl220_h48__all__expanding__q95,226864,vwap_revert_75,2026-04-20 12:50:00+00:00,2026-04-20 12:55:00+00:00,2026-04-20 15:00:00+00:00,-1,-0.0010512545112184373,41.399530588000005,40.72638349413398,target_limit,26,0.0154371956782615,0.016413968427868464,-0.009798086834858848
tp160_sl220_h48__all__expanding__q95,227519,vwap_revert_75,2026-04-21 16:45:00+00:00,2026-04-21 16:50:00+00:00,2026-04-21 18:50:00+00:00,1,-0.0011108774683630058,39.93180089700001,39.06361134880321,stop_market,25,-0.022562115135163045,0.0019332737634127906,-0.022597504986902286
tp160_sl220_h48__all__expanding__q95,227686,vwap_revert_75,2026-04-21 21:15:00+00:00,2026-04-21 21:20:00+00:00,2026-04-21 23:45:00+00:00,1,-0.0011136530775056434,39.23305194300001,39.871304020212364,target_limit,30,0.015432155575140927,0.01692318145334748,-0.0017413983456591325
tp160_sl220_h48__all__expanding__q95,227797,vwap_revert_75,2026-04-22 01:05:00+00:00,2026-04-22 01:10:00+00:00,2026-04-22 05:10:00+00:00,-1,-0.0011037844928053812,39.894147599,40.251370832,time_open,49,-0.009787312230827436,0.006997206753378449,-0.020589359842861046
tp160_sl220_h48__all__expanding__q95,227928,vwap_revert_75,2026-04-22 05:25:00+00:00,2026-04-22 05:30:00+00:00,2026-04-22 09:30:00+00:00,-1,-0.001071465885585556,40.407596077,40.530297176,time_open,49,-0.0038671667480232983,0.006523428825057964,-0.0065126217668953915
tp160_sl220_h48__all__expanding__q95,228076,vwap_revert_75,2026-04-22 10:40:00+00:00,2026-04-22 10:45:00+00:00,2026-04-22 14:45:00+00:00,-1,-0.0011080197600319744,40.796178680000004,40.89420108,time_open,49,-0.0032330537865450184,0.0013525453065792448,-0.017642287592082098
tp160_sl220_h48__all__expanding__q95,228610,vwap_revert_75,2026-04-23 02:40:00+00:00,2026-04-23 02:45:00+00:00,2026-04-23 06:45:00+00:00,1,-0.0010955483282314722,40.867804152000005,41.0358306,time_open,49,0.0032804351060527564,0.007345534075759774,-0.008655969083314246
tp160_sl220_h48__all__expanding__q95,228886,vwap_revert_75,2026-04-23 14:45:00+00:00,2026-04-23 14:50:00+00:00,2026-04-23 17:40:00+00:00,-1,-0.001119272882207942,41.391539172,40.718522016768055,target_limit,35,0.01543719567826161,0.016610621053326224,-0.01269883431269349
tp160_sl220_h48__all__expanding__q95,230705,vwap_revert_75,2026-04-26 23:45:00+00:00,2026-04-26 23:50:00+00:00,2026-04-27 03:35:00+00:00,-1,-0.001122062237477165,42.447405011,43.36979527179079,stop_market,46,-0.02256852529166972,0.003967380596207382,-0.027568146634694438
tp160_sl220_h48__all__expanding__q95,230967,vwap_revert_75,2026-04-27 08:50:00+00:00,2026-04-27 08:55:00+00:00,2026-04-27 12:55:00+00:00,1,-0.0011169420865747466,42.351394338,42.26615532,time_open,49,-0.002841149481519354,0.003249141242004594,-0.006043622097804972
tp160_sl220_h48__all__expanding__q95,231632,vwap_revert_75,2026-04-28 09:35:00+00:00,2026-04-28 09:40:00+00:00,2026-04-28 13:40:00+00:00,1,-0.0010747902078736809,40.396298769000005,40.081578744,time_open,49,-0.008616905454068163,-0.0004777360695928934,-0.019953549601455248
tp160_sl220_h48__all__expanding__q95,231812,vwap_revert_75,2026-04-28 14:25:00+00:00,2026-04-28 14:30:00+00:00,2026-04-28 18:30:00+00:00,1,-0.0011122779364533418,39.762619560000005,39.841515384000004,time_open,49,0.0011540253021569686,0.005969939672656688,-0.0084528530481698
tp160_sl220_h48__all__expanding__q95,232288,vwap_revert_75,2026-04-29 06:00:00+00:00,2026-04-29 06:05:00+00:00,2026-04-29 10:05:00+00:00,-1,-0.0011207354551445478,40.680303148,40.5642882,time_open,49,0.0020237302300781333,0.010036875745850327,-0.005839813901244565
tp160_sl220_h48__all__expanding__q95,232580,vwap_revert_75,2026-04-29 18:10:00+00:00,2026-04-29 18:15:00+00:00,2026-04-29 20:00:00+00:00,1,-0.0011038764694426611,39.38621611200001,40.02695989822244,target_limit,22,0.01543215557514115,0.016040735830104458,-0.004837937502347082
tp160_sl220_h48__all__expanding__q95,232903,vwap_revert_75,2026-04-30 04:20:00+00:00,2026-04-30 04:25:00+00:00,2026-04-30 08:25:00+00:00,1,-0.001116911895886017,39.540381354000004,39.446411104,time_open,49,-0.0032049012316972153,0.0031263898264726198,-0.008213811026693068
tp160_sl220_h48__all__expanding__q95,233432,vwap_revert_75,2026-04-30 22:20:00+00:00,2026-04-30 22:25:00+00:00,2026-05-01 01:15:00+00:00,-1,-0.0011210026183708932,39.528540317,40.38750308756815,stop_market,35,-0.02256852529166972,0.0005702289236900748,-0.02311875500629569
tp160_sl220_h48__all__expanding__q95,233612,vwap_revert_75,2026-05-01 04:25:00+00:00,2026-05-01 04:30:00+00:00,2026-05-01 08:30:00+00:00,-1,-0.0011505270714915047,40.294717326000004,40.155396175999996,time_open,49,0.0026296648172806593,0.014486199798288801,-0.0022829626415759178
tp160_sl220_h48__all__expanding__q95,233809,vwap_revert_75,2026-05-01 13:10:00+00:00,2026-05-01 13:15:00+00:00,2026-05-01 17:15:00+00:00,-1,-0.0011306683282231846,40.884084255999994,40.970181016,time_open,49,-0.002936070579141745,0.007633392350085311,-0.006967718542701965
tp160_sl220_h48__all__expanding__q95,235431,vwap_revert_75,2026-05-04 10:55:00+00:00,2026-05-04 11:00:00+00:00,2026-05-04 15:00:00+00:00,1,-0.0011467878499328643,41.43341039700001,41.64099032000001,time_open,49,0.004178564627889435,0.006965142387141965,-0.013843688554084814
tp160_sl220_h48__all__expanding__q95,235610,vwap_revert_75,2026-05-04 17:20:00+00:00,2026-05-04 17:25:00+00:00,2026-05-04 21:25:00+00:00,-1,-0.0011202512174063183,41.644267703,41.782966384,time_open,49,-0.004161262445191563,0.007906675303988586,-0.005691072906523612
tp160_sl220_h48__all__expanding__q95,235731,vwap_revert_75,2026-05-04 21:40:00+00:00,2026-05-04 21:45:00+00:00,2026-05-05 01:45:00+00:00,-1,-0.0011527668072477118,41.910981212,41.986912528,time_open,49,-0.0026418023008962415,0.003363825134202192,-0.01446870564405202
tp160_sl220_h48__all__expanding__q95,235954,vwap_revert_75,2026-05-05 06:20:00+00:00,2026-05-05 06:25:00+00:00,2026-05-05 10:25:00+00:00,-1,-0.0011472557301436869,42.74408633,43.077624504,time_open,49,-0.0086357002525919,9.559989113938627e-05,-0.013116153297600757
tp160_sl220_h48__all__expanding__q95,236123,vwap_revert_140,2026-05-05 11:35:00+00:00,2026-05-05 11:40:00+00:00,2026-05-05 15:40:00+00:00,-1,-0.0011624863612701459,43.648115265,43.999381096,time_open,49,-0.008880334337084713,0.0020874959765573298,-0.013562645628552932
tp160_sl220_h48__all__expanding__q95,236282,vwap_revert_75,2026-05-05 15:45:00+00:00,2026-05-05 15:50:00+00:00,2026-05-05 19:50:00+00:00,-1,-0.0011197501067507745,44.015720401,44.172335423999996,time_open,49,-0.004388959128074895,0.006445887933111183,-0.012530323491160693
tp160_sl220_h48__all__expanding__q95,236453,vwap_revert_75,2026-05-05 21:10:00+00:00,2026-05-05 21:15:00+00:00,2026-05-05 23:25:00+00:00,-1,-0.0011640303107259126,44.458245062,43.73536395593877,target_limit,27,0.01543719567826161,0.016942752934794303,-0.003400720203107236
tp160_sl220_h48__all__expanding__q95,236552,vwap_revert_75,2026-05-06 00:00:00+00:00,2026-05-06 00:05:00+00:00,2026-05-06 04:05:00+00:00,1,-0.0011507711771380495,43.827977013,44.152653224,time_open,49,0.006575572663278106,0.008488253676177004,-0.0057988252418369616
tp160_sl220_h48__all__expanding__q95,236802,vwap_revert_75,2026-05-06 11:05:00+00:00,2026-05-06 11:10:00+00:00,2026-05-06 14:00:00+00:00,-1,-0.0011630083391967203,44.442262230000004,43.719641001206945,target_limit,35,0.0154371956782615,0.019716868269781584,-0.00891417846068922
tp160_sl220_h48__all__expanding__q95,236937,vwap_revert_75,2026-05-06 16:30:00+00:00,2026-05-06 16:35:00+00:00,2026-05-06 20:35:00+00:00,1,-0.0011609335378469645,43.47660039,43.214405592000006,time_open,49,-0.0068575325924282084,7.819401630992928e-05,-0.013377965362818671
tp160_sl220_h48__all__expanding__q95,237247,vwap_revert_75,2026-05-07 02:00:00+00:00,2026-05-07 02:05:00+00:00,2026-05-07 06:05:00+00:00,1,-0.0011542548011923752,42.723793494,42.975342496,time_open,49,0.005056032441478943,0.005903186149315509,-0.011410723588593645
tp160_sl220_h48__all__expanding__q95,237355,vwap_revert_75,2026-05-07 06:55:00+00:00,2026-05-07 07:00:00+00:00,2026-05-07 11:00:00+00:00,-1,-0.001147419201711073,43.054752627,42.675730632,time_open,49,0.00797758341348959,0.013279663500875616,-0.011685133056568169
tp160_sl220_h48__all__expanding__q95,237520,vwap_revert_75,2026-05-07 15:25:00+00:00,2026-05-07 15:30:00+00:00,2026-05-07 19:30:00+00:00,1,-0.0011431094281501573,42.195226950000006,42.151124960000004,time_open,49,-0.0018740782919604406,0.008076104209696622,-0.008548921387426483
tp160_sl220_h48__all__expanding__q95,237768,bb_revert_1p5,2026-05-08 00:10:00+00:00,2026-05-08 00:15:00+00:00,2026-05-08 04:15:00+00:00,-1,-0.0011556893211023289,42.603237623,42.356814848,time_open,49,0.004957208420130262,0.0107794066512934,-0.004047304875899786
tp160_sl220_h48__all__expanding__q95,238168,vwap_revert_75,2026-05-08 18:10:00+00:00,2026-05-08 18:15:00+00:00,2026-05-08 22:15:00+00:00,-1,-0.0011599432891082461,43.000810568999995,43.306564048,time_open,49,-0.007942683023373621,1.8850086527910648e-05,-0.011465370000143043
tp160_sl220_h48__all__expanding__q95,238537,vwap_revert_75,2026-05-09 06:15:00+00:00,2026-05-09 06:20:00+00:00,2026-05-09 10:05:00+00:00,-1,-0.001152736231515587,44.130597005999995,43.41304338393616,target_limit,46,0.01543719567826161,0.01816420035946964,-0.003505555231523531
tp160_sl220_h48__all__expanding__q95,238783,vwap_revert_20,2026-05-09 17:20:00+00:00,2026-05-09 17:25:00+00:00,2026-05-09 21:25:00+00:00,1,-0.0011479088141209263,43.079174409000004,43.000349096,time_open,49,-0.002658341591453263,0.002874372424698235,-0.005896994996245645
tp160_sl220_h48__all__expanding__q95,239052,vwap_revert_75,2026-05-10 01:25:00+00:00,2026-05-10 01:30:00+00:00,2026-05-10 05:30:00+00:00,1,-0.0011548823127051756,42.544601427,42.907324544000005,time_open,49,0.007692856399673425,0.010704027249647474,-0.0038369856979124798
tp160_sl220_h48__all__expanding__q95,239520,vwap_revert_75,2026-05-10 19:30:00+00:00,2026-05-10 19:35:00+00:00,2026-05-10 20:40:00+00:00,-1,-0.001143185949029636,43.521251536,42.81360573478498,target_limit,14,0.015437195678261722,0.017652330962139695,-0.004177155683652304
tp160_sl220_h48__all__expanding__q95,239681,vwap_revert_75,2026-05-11 02:20:00+00:00,2026-05-11 02:25:00+00:00,2026-05-11 06:25:00+00:00,1,-0.0010797874199204413,42.482534901,42.179132352,time_open,49,-0.00796817957576349,-0.0008364590550636875,-0.012549881165382264
tp160_sl220_h48__all__expanding__q95,239968,vwap_revert_100,2026-05-11 13:10:00+00:00,2026-05-11 13:15:00+00:00,2026-05-11 17:15:00+00:00,1,-0.0011151549052681184,41.373346017,41.738015927999996,time_open,49,0.007981149133328338,0.012415094075034272,-0.013764947670925525
tp160_sl220_h48__all__expanding__q95,240129,vwap_revert_75,2026-05-11 17:35:00+00:00,2026-05-11 17:40:00+00:00,2026-05-11 21:40:00+00:00,-1,-0.0010819870013984588,41.884010183,41.961919128,time_open,49,-0.0026902058200283844,0.0037486903072078137,-0.008699202726186754
tp160_sl220_h48__all__expanding__q95,240769,vwap_revert_75,2026-05-12 16:30:00+00:00,2026-05-12 16:35:00+00:00,2026-05-12 20:35:00+00:00,1,-0.0011607799797131635,40.31921614800001,40.318641312000004,time_open,49,-0.0008435738322999993,0.0038389598506036737,-0.013986754230333813
tp160_sl220_h48__all__expanding__q95,241287,vwap_revert_75,2026-05-13 11:45:00+00:00,2026-05-13 11:50:00+00:00,2026-05-13 15:50:00+00:00,1,-0.001153956932495405,39.35518284900001,39.051306824,time_open,49,-0.008547493327126733,0.006017432364845643,-0.01269215093287192
tp160_sl220_h48__all__expanding__q95,241566,vwap_revert_75,2026-05-13 22:05:00+00:00,2026-05-13 22:10:00+00:00,2026-05-14 02:10:00+00:00,1,-0.0011486904284595814,38.76154656,38.919271976,time_open,49,0.003238110888093282,0.008086711388432422,-0.0017702976222133831
tp160_sl220_h48__all__expanding__q95,241809,vwap_revert_75,2026-05-14 06:55:00+00:00,2026-05-14 07:00:00+00:00,2026-05-14 11:00:00+00:00,-1,-0.0011469138528428574,39.045059649,39.056686312,time_open,49,-0.0011272216192832816,0.004483528788884472,-0.004510963184612097
tp160_sl220_h48__all__expanding__q95,242319,bb_revert_1p2,2026-05-14 23:35:00+00:00,2026-05-14 23:40:00+00:00,2026-05-15 01:10:00+00:00,-1,-0.0011113964283967072,44.453250427,45.41922809380279,stop_market,19,-0.02256852529166972,0.00936377931875998,-0.02463672747381264
tp160_sl220_h48__all__expanding__q95,242557,vwap_revert_75,2026-05-15 07:30:00+00:00,2026-05-15 07:35:00+00:00,2026-05-15 08:50:00+00:00,-1,-0.001105321961558387,46.257312589,45.50517904794088,target_limit,16,0.01543719567826161,0.016825719987569765,-0.012146588234997606
tp160_sl220_h48__all__expanding__q95,242660,vwap_revert_75,2026-05-15 10:40:00+00:00,2026-05-15 10:45:00+00:00,2026-05-15 12:45:00+00:00,1,-0.0011054460355557638,45.363622995,44.37733581365833,stop_market,25,-0.022562115135162934,0.012132562803915947,-0.03702159182838395
tp160_sl220_h48__all__expanding__q95,243110,vwap_revert_75,2026-05-15 22:00:00+00:00,2026-05-15 22:05:00+00:00,2026-05-16 02:05:00+00:00,1,-0.0011638636489204655,43.972131525,43.560496936,time_open,49,-0.010186701620506024,0.012004614211159614,-0.018770185526059815
tp160_sl220_h48__all__expanding__q95,243233,vwap_revert_75,2026-05-16 02:15:00+00:00,2026-05-16 02:20:00+00:00,2026-05-16 05:00:00+00:00,1,-0.0011355770618627634,43.472596098000004,42.52742326037574,stop_market,33,-0.022562115135162934,-0.00047377198163123246,-0.024765544235235817
tp160_sl220_h48__all__expanding__q95,243415,bb_revert_1p2,2026-05-16 08:55:00+00:00,2026-05-16 09:00:00+00:00,2026-05-16 10:00:00+00:00,1,-0.0011251907221549737,41.713710837,40.80677934501443,stop_market,13,-0.022562115135163045,0.0006542012794459318,-0.02694576618727819
tp160_sl220_h48__all__expanding__q95,243594,vwap_revert_75,2026-05-16 13:25:00+00:00,2026-05-16 13:30:00+00:00,2026-05-16 17:30:00+00:00,1,-0.0011477813778112435,40.89683526900001,41.039831656000004,time_open,49,0.0026657422405981183,0.009369055783405189,-0.008528620907448896
tp160_sl220_h48__all__expanding__q95,244092,vwap_revert_75,2026-05-17 05:15:00+00:00,2026-05-17 05:20:00+00:00,2026-05-17 09:20:00+00:00,-1,-0.0011346730806564337,42.49435458,42.834688656,time_open,49,-0.00884156807741237,0.0017968170302776754,-0.011137154322096403
tp160_sl220_h48__all__expanding__q95,244271,vwap_revert_75,2026-05-17 10:05:00+00:00,2026-05-17 10:10:00+00:00,2026-05-17 14:10:00+00:00,-1,-0.0011224063757199428,42.906911431000005,42.722718224,time_open,49,0.0034653138051151944,0.009320443202795348,-0.014819999481029205
tp160_sl220_h48__all__expanding__q95,244471,vwap_revert_75,2026-05-17 16:25:00+00:00,2026-05-17 16:30:00+00:00,2026-05-17 18:45:00+00:00,-1,-0.0011403786387165502,43.789962899,44.74152720046815,stop_market,28,-0.02256852529166972,0.009636064318511606,-0.025078694561861972
tp160_sl220_h48__all__expanding__q95,244880,vwap_revert_75,2026-05-18 06:20:00+00:00,2026-05-18 06:25:00+00:00,2026-05-18 10:25:00+00:00,1,-0.001115706996378439,45.208456680000005,45.369974512,time_open,49,0.0027419308263818888,0.015075571476022231,-0.009449623129891076
tp160_sl220_h48__all__expanding__q95,245060,vwap_revert_75,2026-05-18 12:40:00+00:00,2026-05-18 12:45:00+00:00,2026-05-18 14:45:00+00:00,-1,-0.0011053516063902968,45.720888790000004,44.977477379753694,target_limit,25,0.0154371956782615,0.02005404562915103,-0.012227887700265965
tp160_sl220_h48__all__expanding__q95,245508,vwap_revert_75,2026-05-19 03:50:00+00:00,2026-05-19 03:55:00+00:00,2026-05-19 07:55:00+00:00,-1,-0.001125492419308679,47.822631198,47.85236364,time_open,49,-0.0014513036827907642,0.01306141427923202,-0.012843270676587097
tp160_sl220_h48__all__expanding__q95,245658,vwap_revert_75,2026-05-19 11:10:00+00:00,2026-05-19 11:15:00+00:00,2026-05-19 11:55:00+00:00,-1,-0.0011022519061719095,48.347067873,47.56095537912822,target_limit,9,0.015437195678261722,0.016610477291188253,-0.0015094976541980703
tp160_sl220_h48__all__expanding__q95,245810,vwap_revert_75,2026-05-19 17:55:00+00:00,2026-05-19 18:00:00+00:00,2026-05-19 21:50:00+00:00,-1,-0.0011615450419466423,48.599796404,47.80957460082536,target_limit,47,0.01543719567826161,0.01618929424023763,-0.004163722201703483
tp160_sl220_h48__all__expanding__q95,245906,bb_revert_1p5,2026-05-19 21:50:00+00:00,2026-05-19 21:55:00+00:00,2026-05-20 01:55:00+00:00,1,-0.00115841917410434,47.993441766000004,47.606564816,time_open,49,-0.008887017858178104,0.007908543751677488,-0.019801513592421896
tp160_sl220_h48__all__expanding__q95,246110,vwap_revert_75,2026-05-20 04:45:00+00:00,2026-05-20 04:50:00+00:00,2026-05-20 08:50:00+00:00,-1,-0.0011165190077204125,48.072362948000006,48.609163792,time_open,49,-0.012000469651145599,0.0030862420505621824,-0.01686147198368705
tp160_sl220_h48__all__expanding__q95,246244,vwap_revert_75,2026-05-20 08:55:00+00:00,2026-05-20 09:00:00+00:00,2026-05-20 10:20:00+00:00,-1,-0.0011503237802408582,48.513888682,49.56810479772649,stop_market,17,-0.02256852529166994,0.0009046622151377415,-0.02542010513237926
tp160_sl220_h48__all__expanding__q95,246521,vwap_revert_75,2026-05-20 16:05:00+00:00,2026-05-20 16:10:00+00:00,2026-05-20 19:40:00+00:00,-1,-0.0011376741678964782,51.66450444,52.787184041066055,stop_market,43,-0.02256852529166972,0.009010140425146473,-0.02384458816532288
tp160_sl220_h48__all__expanding__q95,246708,vwap_revert_75,2026-05-20 21:25:00+00:00,2026-05-20 21:30:00+00:00,2026-05-20 22:20:00+00:00,-1,-0.0011615627228610745,52.297824158,53.43426591813557,stop_market,11,-0.02256852529166972,3.488018917363611e-05,-0.024988835527335343
tp160_sl220_h48__all__expanding__q95,247011,vwap_revert_75,2026-05-21 06:15:00+00:00,2026-05-21 06:20:00+00:00,2026-05-21 07:40:00+00:00,-1,-0.0010997390582953126,56.606196309000005,57.836259823184264,stop_market,17,-0.02256852529166972,0.009790382416348553,-0.023659531604188336
tp160_sl220_h48__all__expanding__q95,247218,vwap_revert_75,2026-05-21 12:10:00+00:00,2026-05-21 12:15:00+00:00,2026-05-21 13:10:00+00:00,1,-0.001148784828831377,57.16126830000001,58.09118061682852,target_limit,12,0.01543215557514115,0.018801746916451645,-0.005440237344158342
tp160_sl220_h48__all__expanding__q95,247804,vwap_revert_50,2026-05-22 07:20:00+00:00,2026-05-22 07:25:00+00:00,2026-05-22 08:20:00+00:00,1,-0.0011437024969454255,57.44457195900001,58.37909312321314,target_limit,12,0.01543215557514115,0.021001602063656533,-0.001486511215936585
tp160_sl220_h48__all__expanding__q95,248381,vwap_revert_20,2026-05-23 01:15:00+00:00,2026-05-23 01:20:00+00:00,2026-05-23 03:05:00+00:00,1,-0.0011051153393667212,54.62154609900001,55.51014164616487,target_limit,22,0.01543215557514115,0.017272559427190304,-0.003225751621688159
tp160_sl220_h48__all__expanding__q95,248691,vwap_revert_75,2026-05-23 12:00:00+00:00,2026-05-23 12:05:00+00:00,2026-05-23 13:00:00+00:00,1,-0.00108257634916955,55.01797100700001,55.91301568336739,target_limit,12,0.01543215557514115,0.017631129888024732,-0.010265460914727813
tp160_sl220_h48__all__expanding__q95,248948,vwap_revert_75,2026-05-23 20:20:00+00:00,2026-05-23 20:25:00+00:00,2026-05-23 20:35:00+00:00,-1,-0.0011299856722834147,58.572084645,59.8448672901761,stop_market,3,-0.02256852529166972,0.005276995805652662,-0.024161730643147875
tp160_sl220_h48__all__expanding__q95,249069,vwap_revert_75,2026-05-23 23:55:00+00:00,2026-05-24 00:00:00+00:00,2026-05-24 00:55:00+00:00,-1,-0.0011417657862222831,58.663985929,59.93876560672247,stop_market,12,-0.02256852529166994,0.0002895461113153752,-0.02306934544040297
tp160_sl220_h48__all__expanding__q95,249283,vwap_revert_75,2026-05-24 06:30:00+00:00,2026-05-24 06:35:00+00:00,2026-05-24 08:25:00+00:00,-1,-0.001106292022697209,61.065406437,62.39236944343405,stop_market,23,-0.02256852529166994,0.00048155639527813765,-0.024382299428711077
tp160_sl220_h48__all__expanding__q95,249561,vwap_revert_75,2026-05-24 13:20:00+00:00,2026-05-24 13:25:00+00:00,2026-05-24 13:55:00+00:00,-1,-0.001140715399310047,63.990264693,62.94979732291111,target_limit,7,0.01543719567826161,0.019272692477781073,-0.005645696197299503
tp160_sl220_h48__all__expanding__q95,249640,vwap_revert_75,2026-05-24 15:40:00+00:00,2026-05-24 15:45:00+00:00,2026-05-24 19:45:00+00:00,-1,-0.0011580779747856927,63.497793682,63.586208808,time_open,49,-0.0022223125699716365,0.014123225863424294,-0.020843817078035634
tp160_sl220_h48__all__expanding__q95,249959,vwap_revert_75,2026-05-25 01:00:00+00:00,2026-05-25 01:05:00+00:00,2026-05-25 01:55:00+00:00,1,-0.001137346242341075,62.20567514700001,60.853211301443565,stop_market,11,-0.022562115135162934,0.0002945849065487671,-0.02371920938586715
tp160_sl220_h48__all__expanding__q95,250010,vwap_revert_75,2026-05-25 02:40:00+00:00,2026-05-25 02:45:00+00:00,2026-05-25 04:40:00+00:00,1,-0.0010465827684906547,61.37578563000001,62.374260658804836,target_limit,24,0.01543215557514115,0.018268024734692023,-0.006537363059509264
tp160_sl220_h48__all__expanding__q95,250292,vwap_revert_20,2026-05-25 13:35:00+00:00,2026-05-25 13:40:00+00:00,2026-05-25 17:40:00+00:00,1,-0.0011362075885122354,62.714220231000006,61.918342128000006,time_open,49,-0.013514612819306665,0.012258460141388872,-0.019393135835736888
tp160_sl220_h48__all__expanding__q95,250421,bb_revert_1p2,2026-05-25 17:40:00+00:00,2026-05-25 17:45:00+00:00,2026-05-25 21:45:00+00:00,1,-0.001124256364900848,61.90335110100001,61.319183992,time_open,49,-0.010262170232040022,0.006940640391163599,-0.014975280162186981
tp160_sl220_h48__all__expanding__q95,250618,vwap_revert_75,2026-05-25 23:00:00+00:00,2026-05-25 23:05:00+00:00,2026-05-26 00:35:00+00:00,1,-0.0011567073320047719,61.36076953500001,60.02667546503779,stop_market,19,-0.022562115135163045,0.0069951936433123585,-0.025818018322417716
tp160_sl220_h48__all__expanding__q95,250945,vwap_revert_75,2026-05-26 09:35:00+00:00,2026-05-26 09:40:00+00:00,2026-05-26 10:10:00+00:00,1,-0.0011036921099017152,59.402670747,60.36904670091045,target_limit,7,0.01543215557514115,0.016503117463780193,-0.0019410362340960424
tp160_sl220_h48__all__expanding__q95,251562,vwap_revert_75,2026-05-27 05:00:00+00:00,2026-05-27 05:05:00+00:00,2026-05-27 05:50:00+00:00,-1,-0.0011488808720931602,60.696802374,62.01575554337308,stop_market,10,-0.02256852529166994,0.00019444803578405612,-0.02371403740134205
tp160_sl220_h48__all__expanding__q95,251674,bb_revert_1p2,2026-06-25 06:30:00+00:00,2026-06-25 06:35:00+00:00,2026-06-25 10:35:00+00:00,-1,-0.0012820945646848454,64.033218554,63.27829012,time_open,49,0.01096520357367975,0.013293390106295488,-0.009687683336151902
tp160_sl220_h48__all__expanding__q95,251794,vwap_revert_75,2026-06-25 12:20:00+00:00,2026-06-25 12:25:00+00:00,2026-06-25 12:30:00+00:00,1,-0.001291127756974357,62.69720199000001,63.71717411614658,target_limit,2,0.01543215557514115,0.019311834843811937,-0.0046604965563310655
