candidate_id,event_id,signal_ts,entry_ts,exit_ts,side,cfg_name,style,score,reason,bars_held,net_ret_1x
seeded_source_mean_q80_full_year_segments,18261,2025-06-26 07:55:00+00:00,2025-06-26 08:00:00+00:00,2025-06-26 12:00:00+00:00,-1,R1_relax_frequency_R03668,trend_rsi_snapback,0.0030816318680880416,time_open,49,0.00689363904009603
seeded_source_mean_q80_full_year_segments,19937,2025-06-26 17:35:00+00:00,2025-06-26 17:40:00+00:00,2025-06-26 18:40:00+00:00,1,R2_relax_winrate_payoff_R01203,macd_flip,0.0030111286018691054,time_open,13,-0.00946573190171563
seeded_source_mean_q80_full_year_segments,18262,2025-06-26 19:10:00+00:00,2025-06-26 19:15:00+00:00,2025-06-26 20:30:00+00:00,1,R1_relax_frequency_R03668,trend_rsi_snapback,0.0031999515129017904,target_limit,16,0.021431250950452164
seeded_source_mean_q80_full_year_segments,15842,2025-06-27 02:00:00+00:00,2025-06-27 02:05:00+00:00,2025-06-27 06:05:00+00:00,1,R3_live_candidate_gate_R05171,wick_reject,0.0046491664909480085,time_open,49,0.011326852106407485
seeded_source_mean_q80_full_year_segments,12436,2025-06-27 12:30:00+00:00,2025-06-27 12:35:00+00:00,2025-06-27 14:35:00+00:00,1,R2_relax_winrate_payoff_R03904,wick_reject,0.0033402195300356306,time_open,25,-0.011791525265858423
seeded_source_mean_q80_full_year_segments,4285,2025-06-27 17:40:00+00:00,2025-06-27 17:45:00+00:00,2025-06-27 18:40:00+00:00,-1,R1_relax_frequency_R03626,wick_reject,0.002978700692939169,target_limit,12,0.006935915987618829
seeded_source_mean_q80_full_year_segments,19872,2025-06-28 12:25:00+00:00,2025-06-28 12:30:00+00:00,2025-06-28 16:30:00+00:00,-1,R1_relax_frequency_R03760,wick_reject,0.005163221693839293,time_open,49,-0.01025761028539822
seeded_source_mean_q80_full_year_segments,4287,2025-06-29 07:20:00+00:00,2025-06-29 07:25:00+00:00,2025-06-29 13:25:00+00:00,-1,R1_relax_frequency_R03626,wick_reject,0.002978700692939169,time_open,73,-0.02227738395124613
seeded_source_mean_q80_full_year_segments,3481,2025-06-30 06:50:00+00:00,2025-06-30 06:55:00+00:00,2025-06-30 12:55:00+00:00,1,R2_relax_winrate_payoff_R04600,bb_revert,0.00326319501424001,time_open,73,-0.0020129209033104656
seeded_source_mean_q80_full_year_segments,20044,2025-07-01 05:30:00+00:00,2025-07-01 05:35:00+00:00,2025-07-01 08:35:00+00:00,-1,R1_relax_frequency_R04917,wick_reject,0.006021037185809723,time_open,37,-0.004435521783804757
seeded_source_mean_q80_full_year_segments,3482,2025-07-01 18:20:00+00:00,2025-07-01 18:25:00+00:00,2025-07-01 19:15:00+00:00,1,R2_relax_winrate_payoff_R04600,bb_revert,0.0029884785320634525,stop_market,11,-0.022562115135163045
seeded_source_mean_q80_full_year_segments,2079,2025-07-02 03:30:00+00:00,2025-07-02 03:35:00+00:00,2025-07-02 09:35:00+00:00,-1,R1_relax_frequency_R04051,vwap_revert,0.0026281571295386965,time_open,73,-0.02617895947363888
seeded_source_mean_q80_full_year_segments,12437,2025-07-02 16:25:00+00:00,2025-07-02 16:30:00+00:00,2025-07-02 18:30:00+00:00,1,R2_relax_winrate_payoff_R03904,wick_reject,0.0024025523961194806,time_open,25,-0.0025071356733039197
seeded_source_mean_q80_full_year_segments,22544,2025-07-03 12:50:00+00:00,2025-07-03 12:55:00+00:00,2025-07-03 13:30:00+00:00,1,R1_relax_frequency_R02394,trend_rsi_snapback,0.0032280418394048556,target_limit,8,0.004433814053737181
seeded_source_mean_q80_full_year_segments,19939,2025-07-04 03:20:00+00:00,2025-07-04 03:25:00+00:00,2025-07-04 04:25:00+00:00,1,R2_relax_winrate_payoff_R01203,macd_flip,0.0030147915076989724,time_open,13,-0.008876106118602291
seeded_source_mean_q80_full_year_segments,20405,2025-07-04 05:00:00+00:00,2025-07-04 05:05:00+00:00,2025-07-04 11:05:00+00:00,1,R1_relax_frequency_R02387,wick_reject,0.0027316104418309587,time_open,73,-0.007843880551365515
seeded_source_mean_q80_full_year_segments,16819,2025-07-04 16:00:00+00:00,2025-07-04 16:05:00+00:00,2025-07-04 16:45:00+00:00,-1,R3_live_candidate_gate_R03746,wick_reject,0.003558372010170465,stop_market,9,-0.010566718669586235
seeded_source_mean_q80_full_year_segments,17209,2025-07-04 22:50:00+00:00,2025-07-04 22:55:00+00:00,2025-07-05 10:55:00+00:00,-1,R2_relax_winrate_payoff_R06914,vwap_revert,0.010276088410100019,time_open,145,-0.01119800534140725
seeded_source_mean_q80_full_year_segments,3483,2025-07-05 16:35:00+00:00,2025-07-05 16:40:00+00:00,2025-07-05 22:40:00+00:00,1,R2_relax_winrate_payoff_R04600,bb_revert,0.0029884785320634525,time_open,73,0.004179751768262563
seeded_source_mean_q80_full_year_segments,8376,2025-07-06 13:40:00+00:00,2025-07-06 13:45:00+00:00,2025-07-07 01:45:00+00:00,1,R2_relax_winrate_payoff_R06697,wick_reject,0.0043525353189880845,time_open,145,0.003707457758798625
seeded_source_mean_q80_full_year_segments,16821,2025-07-08 02:20:00+00:00,2025-07-08 02:25:00+00:00,2025-07-08 05:25:00+00:00,-1,R3_live_candidate_gate_R03746,wick_reject,0.003558372010170465,time_open,37,0.01400088324849688
seeded_source_mean_q80_full_year_segments,22254,2025-07-08 09:55:00+00:00,2025-07-08 10:00:00+00:00,2025-07-08 18:00:00+00:00,-1,R1_relax_frequency_R02098,vwap_revert,0.0035137045879761425,time_open,97,-0.016309488840907344
seeded_source_mean_q80_full_year_segments,22547,2025-07-09 14:40:00+00:00,2025-07-09 14:45:00+00:00,2025-07-09 16:00:00+00:00,1,R1_relax_frequency_R02394,trend_rsi_snapback,0.0032280418394048556,target_limit,16,0.004433814053737181
seeded_source_mean_q80_full_year_segments,23144,2025-07-09 19:30:00+00:00,2025-07-09 19:35:00+00:00,2025-07-10 02:20:00+00:00,1,R3_live_candidate_gate_R01125,wick_reject,0.011088551476215023,target_limit,82,0.01543215557514115
seeded_source_mean_q80_full_year_segments,15552,2025-07-10 12:25:00+00:00,2025-07-10 12:30:00+00:00,2025-07-10 16:40:00+00:00,1,R2_relax_winrate_payoff_R06895,vwap_revert,0.010806819530838825,target_limit,51,0.03942853707638609
seeded_source_mean_q80_full_year_segments,12443,2025-07-11 05:00:00+00:00,2025-07-11 05:05:00+00:00,2025-07-11 07:05:00+00:00,1,R2_relax_winrate_payoff_R03904,wick_reject,0.0024025523961194806,time_open,25,0.001074492839499641
seeded_source_mean_q80_full_year_segments,3484,2025-07-11 20:45:00+00:00,2025-07-11 20:50:00+00:00,2025-07-11 22:25:00+00:00,1,R2_relax_winrate_payoff_R04600,bb_revert,0.0029884785320634525,stop_market,20,-0.022562115135163045
seeded_source_mean_q80_full_year_segments,16822,2025-07-12 12:30:00+00:00,2025-07-12 12:35:00+00:00,2025-07-12 15:35:00+00:00,-1,R3_live_candidate_gate_R03746,wick_reject,0.003558372010170465,time_open,37,0.011849640812997017
seeded_source_mean_q80_full_year_segments,20602,2025-07-13 21:45:00+00:00,2025-07-13 21:50:00+00:00,2025-07-14 00:05:00+00:00,1,R1_relax_frequency_R03257,trend_rsi_snapback,0.006027619681216734,target_limit,28,0.008433210970611412
seeded_source_mean_q80_full_year_segments,12767,2025-07-14 07:05:00+00:00,2025-07-14 07:10:00+00:00,2025-07-14 10:00:00+00:00,1,R3_live_candidate_gate_R01708,vwap_revert,0.004249717100626717,stop_market,35,-0.016563019759851697
seeded_source_mean_q80_full_year_segments,22025,2025-07-15 04:15:00+00:00,2025-07-15 04:20:00+00:00,2025-07-15 08:20:00+00:00,1,R3_live_candidate_gate_R04623,macd_flip,0.0022196895017347054,time_open,49,-0.011846482995330348
seeded_source_mean_q80_full_year_segments,8392,2025-07-16 00:40:00+00:00,2025-07-16 00:45:00+00:00,2025-07-16 01:45:00+00:00,1,R2_relax_winrate_payoff_R06697,wick_reject,0.0043525353189880845,stop_market,13,-0.016563019759851808
seeded_source_mean_q80_full_year_segments,22026,2025-07-16 15:35:00+00:00,2025-07-16 15:40:00+00:00,2025-07-16 19:40:00+00:00,1,R3_live_candidate_gate_R04623,macd_flip,0.0022196895017347054,time_open,49,0.013961223891995403
seeded_source_mean_q80_full_year_segments,16824,2025-07-17 01:05:00+00:00,2025-07-17 01:10:00+00:00,2025-07-17 04:10:00+00:00,-1,R3_live_candidate_gate_R03746,wick_reject,0.003558372010170465,time_open,37,0.011512182403810177
seeded_source_mean_q80_full_year_segments,15222,2025-07-17 06:30:00+00:00,2025-07-17 06:35:00+00:00,2025-07-17 14:35:00+00:00,-1,R2_relax_winrate_payoff_R06033,wick_reject,0.002532209511331349,time_open,97,-0.0015752515856985961
seeded_source_mean_q80_full_year_segments,16825,2025-07-17 20:15:00+00:00,2025-07-17 20:20:00+00:00,2025-07-17 21:00:00+00:00,-1,R3_live_candidate_gate_R03746,wick_reject,0.003558372010170465,stop_market,9,-0.010566718669586235
seeded_source_mean_q80_full_year_segments,3486,2025-07-18 00:10:00+00:00,2025-07-18 00:15:00+00:00,2025-07-18 05:15:00+00:00,1,R2_relax_winrate_payoff_R04600,bb_revert,0.0029884785320634525,target_limit,61,0.039028597384698646
seeded_source_mean_q80_full_year_segments,16826,2025-07-18 14:45:00+00:00,2025-07-18 14:50:00+00:00,2025-07-18 17:50:00+00:00,-1,R3_live_candidate_gate_R03746,wick_reject,0.003558372010170465,time_open,37,0.0075800589578224374
seeded_source_mean_q80_full_year_segments,15848,2025-07-18 21:45:00+00:00,2025-07-18 21:50:00+00:00,2025-07-19 01:50:00+00:00,1,R3_live_candidate_gate_R05171,wick_reject,0.003444213682560061,time_open,49,0.007736745478321627
seeded_source_mean_q80_full_year_segments,16827,2025-07-19 16:00:00+00:00,2025-07-19 16:05:00+00:00,2025-07-19 16:35:00+00:00,-1,R3_live_candidate_gate_R03746,wick_reject,0.003558372010170465,stop_market,7,-0.010566718669586235
seeded_source_mean_q80_full_year_segments,2335,2025-07-20 01:45:00+00:00,2025-07-20 01:50:00+00:00,2025-07-20 07:50:00+00:00,-1,R1_relax_frequency_R03338,vwap_revert,0.0020738026095504527,time_open,73,-0.01083842357363247
seeded_source_mean_q80_full_year_segments,20052,2025-07-20 14:10:00+00:00,2025-07-20 14:15:00+00:00,2025-07-20 15:50:00+00:00,1,R1_relax_frequency_R04917,wick_reject,0.006189577808289696,target_limit,20,0.008433210970611412
seeded_source_mean_q80_full_year_segments,12773,2025-07-21 13:15:00+00:00,2025-07-21 13:20:00+00:00,2025-07-21 16:15:00+00:00,1,R3_live_candidate_gate_R01708,vwap_revert,0.004249717100626717,stop_market,36,-0.016563019759851697
seeded_source_mean_q80_full_year_segments,22261,2025-07-22 10:35:00+00:00,2025-07-22 10:40:00+00:00,2025-07-22 13:55:00+00:00,-1,R1_relax_frequency_R02098,vwap_revert,0.0035137045879761425,target_limit,40,0.0154371956782615
seeded_source_mean_q80_full_year_segments,23148,2025-07-22 23:45:00+00:00,2025-07-22 23:50:00+00:00,2025-07-23 01:00:00+00:00,1,R3_live_candidate_gate_R01125,wick_reject,0.011088551476215023,stop_market,15,-0.022562115135163156
seeded_source_mean_q80_full_year_segments,20418,2025-07-23 10:15:00+00:00,2025-07-23 10:20:00+00:00,2025-07-23 16:20:00+00:00,1,R1_relax_frequency_R02387,wick_reject,0.0027316104418309587,time_open,73,-0.01704859233613133
seeded_source_mean_q80_full_year_segments,15850,2025-07-23 22:10:00+00:00,2025-07-23 22:15:00+00:00,2025-07-24 02:15:00+00:00,1,R3_live_candidate_gate_R05171,wick_reject,0.003444213682560061,time_open,49,0.0012271815489652024
seeded_source_mean_q80_full_year_segments,19943,2025-07-24 07:10:00+00:00,2025-07-24 07:15:00+00:00,2025-07-24 08:15:00+00:00,1,R2_relax_winrate_payoff_R01203,macd_flip,0.0030147915076989724,time_open,13,0.014265090875327943
seeded_source_mean_q80_full_year_segments,13559,2025-07-24 11:40:00+00:00,2025-07-24 11:45:00+00:00,2025-07-24 14:50:00+00:00,-1,R2_relax_winrate_payoff_R02941,bb_revert,0.002048169616162182,stop_market,38,-0.016567621980627976
seeded_source_mean_q80_full_year_segments,16828,2025-07-25 00:00:00+00:00,2025-07-25 00:05:00+00:00,2025-07-25 01:55:00+00:00,-1,R3_live_candidate_gate_R03746,wick_reject,0.003558372010170465,stop_market,23,-0.010566718669586235
seeded_source_mean_q80_full_year_segments,12450,2025-07-25 04:05:00+00:00,2025-07-25 04:10:00+00:00,2025-07-25 06:10:00+00:00,-1,R2_relax_winrate_payoff_R03904,wick_reject,0.002234011773639507,time_open,25,-0.013845451977191009
seeded_source_mean_q80_full_year_segments,12776,2025-07-25 07:20:00+00:00,2025-07-25 07:25:00+00:00,2025-07-25 10:10:00+00:00,-1,R3_live_candidate_gate_R01708,vwap_revert,0.004081176478146744,stop_market,34,-0.016567621980627976
seeded_source_mean_q80_full_year_segments,8396,2025-07-25 23:30:00+00:00,2025-07-25 23:35:00+00:00,2025-07-26 11:35:00+00:00,1,R2_relax_winrate_payoff_R06697,wick_reject,0.0043525353189880845,time_open,145,0.007027782872736324
seeded_source_mean_q80_full_year_segments,16829,2025-07-26 15:15:00+00:00,2025-07-26 15:20:00+00:00,2025-07-26 18:20:00+00:00,-1,R3_live_candidate_gate_R03746,wick_reject,0.003558372010170465,time_open,37,0.003233499503492073
seeded_source_mean_q80_full_year_segments,20422,2025-07-27 01:55:00+00:00,2025-07-27 02:00:00+00:00,2025-07-27 08:00:00+00:00,1,R1_relax_frequency_R02387,wick_reject,0.0027316104418309587,time_open,73,-0.006268450952375906
seeded_source_mean_q80_full_year_segments,12451,2025-07-27 18:15:00+00:00,2025-07-27 18:20:00+00:00,2025-07-27 20:20:00+00:00,1,R2_relax_winrate_payoff_R03904,wick_reject,0.0024025523961194806,time_open,25,-0.006547953909394065
seeded_source_mean_q80_full_year_segments,14299,2025-07-28 13:35:00+00:00,2025-07-28 13:40:00+00:00,2025-07-28 14:15:00+00:00,1,R2_relax_winrate_payoff_R04291,micro_breakout,0.0028229351370370713,stop_market,8,-0.013563472072196192
seeded_source_mean_q80_full_year_segments,14300,2025-07-28 16:45:00+00:00,2025-07-28 16:50:00+00:00,2025-07-28 17:15:00+00:00,1,R2_relax_winrate_payoff_R04291,micro_breakout,0.0028229351370370713,stop_market,6,-0.013563472072196303
seeded_source_mean_q80_full_year_segments,22556,2025-07-28 19:50:00+00:00,2025-07-28 19:55:00+00:00,2025-07-28 19:55:00+00:00,1,R1_relax_frequency_R02394,trend_rsi_snapback,0.0032280418394048556,target_limit,1,0.004433814053737181
seeded_source_mean_q80_full_year_segments,22557,2025-07-29 10:30:00+00:00,2025-07-29 10:35:00+00:00,2025-07-29 11:20:00+00:00,1,R1_relax_frequency_R02394,trend_rsi_snapback,0.0032280418394048556,target_limit,10,0.004433814053737181
seeded_source_mean_q80_full_year_segments,15224,2025-07-29 14:35:00+00:00,2025-07-29 14:40:00+00:00,2025-07-29 18:45:00+00:00,-1,R2_relax_winrate_payoff_R06033,wick_reject,0.002532209511331349,stop_market,50,-0.030569729706392115
seeded_source_mean_q80_full_year_segments,15853,2025-07-30 02:20:00+00:00,2025-07-30 02:25:00+00:00,2025-07-30 06:25:00+00:00,1,R3_live_candidate_gate_R05171,wick_reject,0.003444213682560061,time_open,49,-0.004790670131156292
seeded_source_mean_q80_full_year_segments,16831,2025-07-30 11:20:00+00:00,2025-07-30 11:25:00+00:00,2025-07-30 14:20:00+00:00,-1,R3_live_candidate_gate_R03746,wick_reject,0.003558372010170465,stop_market,36,-0.010566718669586235
seeded_source_mean_q80_full_year_segments,15225,2025-07-30 18:00:00+00:00,2025-07-30 18:05:00+00:00,2025-07-30 19:00:00+00:00,-1,R2_relax_winrate_payoff_R06033,wick_reject,0.002532209511331349,target_limit,12,0.026438851748504768
seeded_source_mean_q80_full_year_segments,2100,2025-07-31 04:15:00+00:00,2025-07-31 04:20:00+00:00,2025-07-31 10:20:00+00:00,-1,R1_relax_frequency_R04051,vwap_revert,0.0026281571295386965,time_open,73,-0.026736162114414812
seeded_source_mean_q80_full_year_segments,12455,2025-07-31 16:45:00+00:00,2025-07-31 16:50:00+00:00,2025-07-31 17:45:00+00:00,1,R2_relax_winrate_payoff_R03904,wick_reject,0.0024025523961194806,stop_market,12,-0.030560908968911286
seeded_source_mean_q80_full_year_segments,15623,2025-07-31 19:10:00+00:00,2025-07-31 19:15:00+00:00,2025-07-31 23:40:00+00:00,-1,R2_relax_winrate_payoff_R05092,macd_flip,0.003220861026150103,target_limit,54,0.032439755059546736
seeded_source_mean_q80_full_year_segments,23151,2025-08-01 07:00:00+00:00,2025-08-01 07:05:00+00:00,2025-08-01 13:45:00+00:00,-1,R3_live_candidate_gate_R01125,wick_reject,0.0020828639435152294,target_limit,81,0.01543719567826161
seeded_source_mean_q80_full_year_segments,21754,2025-08-01 18:20:00+00:00,2025-08-01 18:25:00+00:00,2025-08-01 20:25:00+00:00,1,R2_relax_winrate_payoff_R01376,vwap_revert,0.005573872402100142,time_open,25,-0.01313041093487148
seeded_source_mean_q80_full_year_segments,14040,2025-08-01 21:35:00+00:00,2025-08-01 21:40:00+00:00,2025-08-01 22:00:00+00:00,-1,R1_relax_frequency_R06637,trend_rsi_snapback,0.001425635290797307,target_limit,5,0.00693591598761894
seeded_source_mean_q80_full_year_segments,14041,2025-08-02 00:20:00+00:00,2025-08-02 00:25:00+00:00,2025-08-02 04:25:00+00:00,-1,R1_relax_frequency_R06637,trend_rsi_snapback,0.001425635290797307,time_open,49,-0.010834314478825479
seeded_source_mean_q80_full_year_segments,8055,2025-08-02 08:10:00+00:00,2025-08-02 08:15:00+00:00,2025-08-02 13:10:00+00:00,-1,R3_live_candidate_gate_R03986,vwap_revert,0.004490744656262219,target_limit,60,0.01543719567826161
seeded_source_mean_q80_full_year_segments,21755,2025-08-02 18:50:00+00:00,2025-08-02 18:55:00+00:00,2025-08-02 20:55:00+00:00,1,R2_relax_winrate_payoff_R01376,vwap_revert,0.005573872402100142,time_open,25,0.02577745874570194
seeded_source_mean_q80_full_year_segments,15554,2025-08-02 22:05:00+00:00,2025-08-02 22:10:00+00:00,2025-08-03 03:40:00+00:00,-1,R2_relax_winrate_payoff_R06895,vwap_revert,0.006742477543648311,stop_market,67,-0.013567170325106995
seeded_source_mean_q80_full_year_segments,13363,2025-08-03 12:20:00+00:00,2025-08-03 12:25:00+00:00,2025-08-03 14:10:00+00:00,1,R3_live_candidate_gate_R02498,trend_rsi_snapback,0.007593007032833475,stop_market,22,-0.010563924384540685
seeded_source_mean_q80_full_year_segments,14301,2025-08-04 17:00:00+00:00,2025-08-04 17:05:00+00:00,2025-08-04 17:35:00+00:00,1,R2_relax_winrate_payoff_R04291,micro_breakout,0.0017603240212187218,stop_market,7,-0.013563472072196192
seeded_source_mean_q80_full_year_segments,19946,2025-08-04 20:05:00+00:00,2025-08-04 20:10:00+00:00,2025-08-04 21:10:00+00:00,1,R2_relax_winrate_payoff_R01203,macd_flip,0.003221411145972671,time_open,13,0.007678504938334157
seeded_source_mean_q80_full_year_segments,8399,2025-08-05 10:30:00+00:00,2025-08-05 10:35:00+00:00,2025-08-05 11:00:00+00:00,1,R2_relax_winrate_payoff_R06697,wick_reject,0.010385541110610814,stop_market,6,-0.01656301975985192
seeded_source_mean_q80_full_year_segments,13562,2025-08-05 17:35:00+00:00,2025-08-05 17:40:00+00:00,2025-08-05 19:45:00+00:00,-1,R2_relax_winrate_payoff_R02941,bb_revert,0.001362318431133133,target_limit,26,0.021438098989303354
seeded_source_mean_q80_full_year_segments,13563,2025-08-05 23:05:00+00:00,2025-08-05 23:10:00+00:00,2025-08-06 01:00:00+00:00,-1,R2_relax_winrate_payoff_R02941,bb_revert,0.001362318431133133,target_limit,23,0.021438098989303354
seeded_source_mean_q80_full_year_segments,1872,2025-08-06 03:00:00+00:00,2025-08-06 03:05:00+00:00,2025-08-06 11:05:00+00:00,-1,R3_live_candidate_gate_R00307,macd_flip,0.003079667805162007,time_open,97,-0.004873893166900675
seeded_source_mean_q80_full_year_segments,13365,2025-08-07 07:50:00+00:00,2025-08-07 07:55:00+00:00,2025-08-07 10:55:00+00:00,1,R3_live_candidate_gate_R02498,trend_rsi_snapback,0.007593007032833475,target_limit,37,0.029430044784200624
seeded_source_mean_q80_full_year_segments,8403,2025-08-07 12:25:00+00:00,2025-08-07 12:30:00+00:00,2025-08-07 16:45:00+00:00,1,R2_relax_winrate_payoff_R06697,wick_reject,0.010385541110610814,stop_market,52,-0.016563019759851808
seeded_source_mean_q80_full_year_segments,8404,2025-08-07 21:25:00+00:00,2025-08-07 21:30:00+00:00,2025-08-08 09:30:00+00:00,1,R2_relax_winrate_payoff_R06697,wick_reject,0.010385541110610814,time_open,145,-0.00035220124166423334
seeded_source_mean_q80_full_year_segments,22561,2025-08-08 15:45:00+00:00,2025-08-08 15:50:00+00:00,2025-08-08 17:30:00+00:00,1,R1_relax_frequency_R02394,trend_rsi_snapback,0.002800511961927501,target_limit,21,0.004433814053737181
seeded_source_mean_q80_full_year_segments,8406,2025-08-09 08:10:00+00:00,2025-08-09 08:15:00+00:00,2025-08-09 20:15:00+00:00,1,R2_relax_winrate_payoff_R06697,wick_reject,0.010385541110610814,time_open,145,0.020608506040691518
seeded_source_mean_q80_full_year_segments,8302,2025-08-10 06:35:00+00:00,2025-08-10 06:40:00+00:00,2025-08-10 14:40:00+00:00,1,R1_relax_frequency_R01159,bb_revert,0.007039370869653139,time_open,97,0.014288455271915985
seeded_source_mean_q80_full_year_segments,22562,2025-08-10 21:05:00+00:00,2025-08-10 21:10:00+00:00,2025-08-11 01:10:00+00:00,1,R1_relax_frequency_R02394,trend_rsi_snapback,0.002800511961927501,target_limit,49,0.004433814053737181
seeded_source_mean_q80_full_year_segments,12788,2025-08-11 11:30:00+00:00,2025-08-11 11:35:00+00:00,2025-08-11 12:40:00+00:00,1,R3_live_candidate_gate_R01708,vwap_revert,0.0026815729871918293,stop_market,14,-0.016563019759851808
seeded_source_mean_q80_full_year_segments,22907,2025-08-13 03:20:00+00:00,2025-08-13 03:25:00+00:00,2025-08-13 04:25:00+00:00,1,R1_relax_frequency_R04223,vwap_revert,0.0017684740901895678,stop_market,13,-0.013563472072196192
seeded_source_mean_q80_full_year_segments,22029,2025-08-13 13:30:00+00:00,2025-08-13 13:35:00+00:00,2025-08-13 14:50:00+00:00,1,R3_live_candidate_gate_R04623,macd_flip,0.001853478197212438,stop_market,16,-0.022562115135162823
seeded_source_mean_q80_full_year_segments,14306,2025-08-13 17:05:00+00:00,2025-08-13 17:10:00+00:00,2025-08-13 21:40:00+00:00,1,R2_relax_winrate_payoff_R04291,micro_breakout,0.0017603240212187218,stop_market,55,-0.013563472072196303
seeded_source_mean_q80_full_year_segments,23156,2025-08-14 03:45:00+00:00,2025-08-14 03:50:00+00:00,2025-08-14 05:30:00+00:00,1,R3_live_candidate_gate_R01125,wick_reject,0.002327085730504468,stop_market,21,-0.022562115135163045
seeded_source_mean_q80_full_year_segments,4190,2025-08-14 09:35:00+00:00,2025-08-14 09:40:00+00:00,2025-08-14 12:30:00+00:00,-1,R1_relax_frequency_M00048,bb_revert,0.0014357986414515428,target_limit,35,0.011436593470900413
seeded_source_mean_q80_full_year_segments,14048,2025-08-14 17:35:00+00:00,2025-08-14 17:40:00+00:00,2025-08-14 18:20:00+00:00,-1,R1_relax_frequency_R06637,trend_rsi_snapback,0.001425635290797307,target_limit,9,0.006935915987619051
seeded_source_mean_q80_full_year_segments,1876,2025-08-14 20:55:00+00:00,2025-08-14 21:00:00+00:00,2025-08-14 21:05:00+00:00,-1,R3_live_candidate_gate_R00307,macd_flip,0.003079667805162007,target_limit,2,0.011436593470900413
seeded_source_mean_q80_full_year_segments,12792,2025-08-15 13:40:00+00:00,2025-08-15 13:45:00+00:00,2025-08-15 14:25:00+00:00,1,R3_live_candidate_gate_R01708,vwap_revert,0.0026815729871918293,stop_market,9,-0.016563019759851697
seeded_source_mean_q80_full_year_segments,1877,2025-08-16 11:55:00+00:00,2025-08-16 12:00:00+00:00,2025-08-16 20:00:00+00:00,-1,R3_live_candidate_gate_R00307,macd_flip,0.003079667805162007,time_open,97,-0.009493963882279171
seeded_source_mean_q80_full_year_segments,19875,2025-08-17 13:35:00+00:00,2025-08-17 13:40:00+00:00,2025-08-17 17:40:00+00:00,-1,R1_relax_frequency_R03760,wick_reject,0.0032073485449387517,time_open,49,0.00045741300343863094
seeded_source_mean_q80_full_year_segments,1881,2025-08-18 04:00:00+00:00,2025-08-18 04:05:00+00:00,2025-08-18 06:10:00+00:00,-1,R3_live_candidate_gate_R00307,macd_flip,0.003079667805162007,target_limit,26,0.011436593470900524
seeded_source_mean_q80_full_year_segments,13567,2025-08-18 22:15:00+00:00,2025-08-18 22:20:00+00:00,2025-08-18 23:40:00+00:00,-1,R2_relax_winrate_payoff_R02941,bb_revert,0.001362318431133133,target_limit,17,0.021438098989303354
seeded_source_mean_q80_full_year_segments,7362,2025-08-19 00:30:00+00:00,2025-08-19 00:35:00+00:00,2025-08-19 03:20:00+00:00,1,R2_relax_winrate_payoff_R06730,wick_reject,0.0012667602743288142,stop_market,34,-0.016563019759851808
seeded_source_mean_q80_full_year_segments,21854,2025-08-19 08:20:00+00:00,2025-08-19 08:25:00+00:00,2025-08-19 10:25:00+00:00,-1,R3_live_candidate_gate_R05745,bb_revert,0.0032198665119052444,time_open,25,-0.01705029318879746
seeded_source_mean_q80_full_year_segments,20063,2025-08-19 15:10:00+00:00,2025-08-19 15:15:00+00:00,2025-08-19 18:00:00+00:00,1,R1_relax_frequency_R04917,wick_reject,0.002707164894486849,target_limit,34,0.00843321097061119
seeded_source_mean_q80_full_year_segments,21963,2025-08-20 03:30:00+00:00,2025-08-20 03:35:00+00:00,2025-08-20 03:40:00+00:00,-1,R3_live_candidate_gate_M00060,vwap_revert,0.003240858275060263,target_limit,2,0.00693591598761894
seeded_source_mean_q80_full_year_segments,2368,2025-08-20 09:45:00+00:00,2025-08-20 09:50:00+00:00,2025-08-20 11:40:00+00:00,-1,R1_relax_frequency_R03338,vwap_revert,0.001240155850405827,target_limit,23,0.01543719567826161
seeded_source_mean_q80_full_year_segments,12801,2025-08-20 15:45:00+00:00,2025-08-20 15:50:00+00:00,2025-08-20 19:45:00+00:00,-1,R3_live_candidate_gate_R01708,vwap_revert,0.0024373512002025905,stop_market,48,-0.016567621980627976
seeded_source_mean_q80_full_year_segments,12802,2025-08-21 14:20:00+00:00,2025-08-21 14:25:00+00:00,2025-08-21 22:25:00+00:00,-1,R3_live_candidate_gate_R01708,vwap_revert,0.0024373512002025905,time_open,97,0.017200341751795727
seeded_source_mean_q80_full_year_segments,20760,2025-08-22 17:20:00+00:00,2025-08-22 17:25:00+00:00,2025-08-23 02:25:00+00:00,1,R2_relax_winrate_payoff_R02890,macd_flip,0.004668983595762558,stop_market,109,-0.022562115135163045
seeded_source_mean_q80_full_year_segments,15556,2025-08-23 04:00:00+00:00,2025-08-23 04:05:00+00:00,2025-08-23 08:30:00+00:00,1,R2_relax_winrate_payoff_R06895,vwap_revert,0.006986699330637549,stop_market,54,-0.013563472072196303
seeded_source_mean_q80_full_year_segments,22566,2025-08-24 01:25:00+00:00,2025-08-24 01:30:00+00:00,2025-08-24 01:45:00+00:00,1,R1_relax_frequency_R02394,trend_rsi_snapback,0.002800511961927501,target_limit,4,0.004433814053737181
seeded_source_mean_q80_full_year_segments,20066,2025-08-24 11:05:00+00:00,2025-08-24 11:10:00+00:00,2025-08-24 14:10:00+00:00,-1,R1_relax_frequency_R04917,wick_reject,0.00246294310749761,time_open,37,-0.01511542810161808
seeded_source_mean_q80_full_year_segments,15557,2025-08-25 06:15:00+00:00,2025-08-25 06:20:00+00:00,2025-08-25 06:40:00+00:00,1,R2_relax_winrate_payoff_R06895,vwap_revert,0.006986699330637549,stop_market,5,-0.013563472072196303
seeded_source_mean_q80_full_year_segments,20183,2025-08-25 15:50:00+00:00,2025-08-25 15:55:00+00:00,2025-08-25 16:15:00+00:00,1,R1_relax_frequency_R06015,bb_revert,0.0036662037773897223,target_limit,5,0.011432758658267142
seeded_source_mean_q80_full_year_segments,20440,2025-08-25 20:00:00+00:00,2025-08-25 20:05:00+00:00,2025-08-26 00:45:00+00:00,1,R1_relax_frequency_R02387,wick_reject,0.0035260327479935995,stop_market,57,-0.04055940126109664
seeded_source_mean_q80_full_year_segments,21964,2025-08-26 12:15:00+00:00,2025-08-26 12:20:00+00:00,2025-08-26 12:30:00+00:00,1,R3_live_candidate_gate_M00060,vwap_revert,0.0034850800620495016,target_limit,3,0.006933437126783659
seeded_source_mean_q80_full_year_segments,19953,2025-08-26 20:55:00+00:00,2025-08-26 21:00:00+00:00,2025-08-26 22:00:00+00:00,1,R2_relax_winrate_payoff_R01203,macd_flip,0.003221411145972671,time_open,13,0.007811106180378877
seeded_source_mean_q80_full_year_segments,21175,2025-08-27 04:05:00+00:00,2025-08-27 04:10:00+00:00,2025-08-27 07:20:00+00:00,1,R2_relax_winrate_payoff_R06239,wick_reject,0.0020686850288427617,stop_market,39,-0.022562115135163045
seeded_source_mean_q80_full_year_segments,20184,2025-08-27 08:50:00+00:00,2025-08-27 08:55:00+00:00,2025-08-27 11:10:00+00:00,1,R1_relax_frequency_R06015,bb_revert,0.0036662037773897223,target_limit,28,0.011432758658267142
seeded_source_mean_q80_full_year_segments,12811,2025-08-27 19:20:00+00:00,2025-08-27 19:25:00+00:00,2025-08-27 20:10:00+00:00,1,R3_live_candidate_gate_R01708,vwap_revert,0.0026815729871918293,stop_market,10,-0.016563019759851697
seeded_source_mean_q80_full_year_segments,2374,2025-08-28 08:20:00+00:00,2025-08-28 08:25:00+00:00,2025-08-28 13:45:00+00:00,-1,R1_relax_frequency_R03338,vwap_revert,0.001240155850405827,target_limit,65,0.01543719567826161
seeded_source_mean_q80_full_year_segments,4193,2025-08-28 18:40:00+00:00,2025-08-28 18:45:00+00:00,2025-08-28 19:40:00+00:00,-1,R1_relax_frequency_M00048,bb_revert,0.0014357986414515428,target_limit,12,0.011436593470900413
seeded_source_mean_q80_full_year_segments,1886,2025-08-29 07:05:00+00:00,2025-08-29 07:10:00+00:00,2025-08-29 08:40:00+00:00,-1,R3_live_candidate_gate_R00307,macd_flip,0.003079667805162007,target_limit,19,0.011436593470900524
seeded_source_mean_q80_full_year_segments,2376,2025-08-30 04:15:00+00:00,2025-08-30 04:20:00+00:00,2025-08-30 08:30:00+00:00,-1,R1_relax_frequency_R03338,vwap_revert,0.001240155850405827,target_limit,51,0.01543719567826161
seeded_source_mean_q80_full_year_segments,20442,2025-08-30 10:50:00+00:00,2025-08-30 10:55:00+00:00,2025-08-30 16:55:00+00:00,1,R1_relax_frequency_R02387,wick_reject,0.0035260327479935995,time_open,73,0.014986179838355658
seeded_source_mean_q80_full_year_segments,8419,2025-08-31 00:50:00+00:00,2025-08-31 00:55:00+00:00,2025-08-31 12:55:00+00:00,1,R2_relax_winrate_payoff_R06697,wick_reject,0.010385541110610814,time_open,145,-0.009379754920774403
seeded_source_mean_q80_full_year_segments,22572,2025-08-31 19:15:00+00:00,2025-08-31 19:20:00+00:00,2025-08-31 22:25:00+00:00,1,R1_relax_frequency_R02394,trend_rsi_snapback,0.002800511961927501,target_limit,38,0.004433814053737181
seeded_source_mean_q80_full_year_segments,16592,2025-09-01 04:15:00+00:00,2025-09-01 04:20:00+00:00,2025-09-01 07:20:00+00:00,-1,R3_live_candidate_gate_R05251,trend_rsi_snapback,0.0023850685903582442,time_open,37,-1.2291244618005425e-05
seeded_source_mean_q80_full_year_segments,16593,2025-09-01 18:05:00+00:00,2025-09-01 18:10:00+00:00,2025-09-01 21:00:00+00:00,-1,R3_live_candidate_gate_R05251,trend_rsi_snapback,0.0023850685903582442,target_limit,35,0.00843614181537943
seeded_source_mean_q80_full_year_segments,2124,2025-09-02 03:15:00+00:00,2025-09-02 03:20:00+00:00,2025-09-02 09:20:00+00:00,-1,R1_relax_frequency_R04051,vwap_revert,0.0030749375795098926,time_open,73,-0.022486051444156614
seeded_source_mean_q80_full_year_segments,8421,2025-09-03 09:30:00+00:00,2025-09-03 09:35:00+00:00,2025-09-03 21:35:00+00:00,1,R2_relax_winrate_payoff_R06697,wick_reject,0.007209707572439852,time_open,145,0.017298835379000038
seeded_source_mean_q80_full_year_segments,20616,2025-09-04 03:10:00+00:00,2025-09-04 03:15:00+00:00,2025-09-04 11:15:00+00:00,1,R1_relax_frequency_R03257,trend_rsi_snapback,0.0035194423023301538,time_open,97,0.0033025619470858237
seeded_source_mean_q80_full_year_segments,20446,2025-09-04 20:00:00+00:00,2025-09-04 20:05:00+00:00,2025-09-04 22:50:00+00:00,1,R1_relax_frequency_R02387,wick_reject,0.002153700489252785,target_limit,34,0.021431250950452386
seeded_source_mean_q80_full_year_segments,8425,2025-09-05 07:20:00+00:00,2025-09-05 07:25:00+00:00,2025-09-05 19:25:00+00:00,1,R2_relax_winrate_payoff_R06697,wick_reject,0.007209707572439852,time_open,145,0.01424396610667752
seeded_source_mean_q80_full_year_segments,20617,2025-09-06 06:35:00+00:00,2025-09-06 06:40:00+00:00,2025-09-06 14:40:00+00:00,1,R1_relax_frequency_R03257,trend_rsi_snapback,0.0035194423023301538,time_open,97,-0.002507024782118287
seeded_source_mean_q80_full_year_segments,20449,2025-09-06 18:20:00+00:00,2025-09-06 18:25:00+00:00,2025-09-07 00:25:00+00:00,1,R1_relax_frequency_R02387,wick_reject,0.002153700489252785,time_open,73,0.003216152398236561
seeded_source_mean_q80_full_year_segments,8433,2025-09-07 09:00:00+00:00,2025-09-07 09:05:00+00:00,2025-09-07 21:05:00+00:00,1,R2_relax_winrate_payoff_R06697,wick_reject,0.007209707572439852,time_open,145,-0.00752743353140802
seeded_source_mean_q80_full_year_segments,8434,2025-09-08 03:05:00+00:00,2025-09-08 03:10:00+00:00,2025-09-08 13:00:00+00:00,1,R2_relax_winrate_payoff_R06697,wick_reject,0.007209707572439852,target_limit,119,0.05442627551466363
seeded_source_mean_q80_full_year_segments,15561,2025-09-08 20:50:00+00:00,2025-09-08 20:55:00+00:00,2025-09-09 04:15:00+00:00,1,R2_relax_winrate_payoff_R06895,vwap_revert,0.003496425139435823,target_limit,89,0.03942853707638587
seeded_source_mean_q80_full_year_segments,22578,2025-09-09 12:45:00+00:00,2025-09-09 12:50:00+00:00,2025-09-09 13:45:00+00:00,1,R1_relax_frequency_R02394,trend_rsi_snapback,0.001971000278568057,target_limit,12,0.004433814053737181
seeded_source_mean_q80_full_year_segments,20075,2025-09-09 19:35:00+00:00,2025-09-09 19:40:00+00:00,2025-09-09 20:25:00+00:00,-1,R1_relax_frequency_R04917,wick_reject,0.0018774090571083055,target_limit,10,0.008436141815379541
seeded_source_mean_q80_full_year_segments,19956,2025-09-10 06:25:00+00:00,2025-09-10 06:30:00+00:00,2025-09-10 07:30:00+00:00,1,R2_relax_winrate_payoff_R01203,macd_flip,0.0012508868932243722,time_open,13,0.003791807848209151
seeded_source_mean_q80_full_year_segments,20186,2025-09-10 10:20:00+00:00,2025-09-10 10:25:00+00:00,2025-09-10 12:30:00+00:00,1,R1_relax_frequency_R06015,bb_revert,0.0015245010784165677,target_limit,26,0.01143275865826692
seeded_source_mean_q80_full_year_segments,22579,2025-09-10 19:30:00+00:00,2025-09-10 19:35:00+00:00,2025-09-10 20:05:00+00:00,1,R1_relax_frequency_R02394,trend_rsi_snapback,0.001971000278568057,target_limit,7,0.004433814053737181
seeded_source_mean_q80_full_year_segments,23164,2025-09-11 09:45:00+00:00,2025-09-11 09:50:00+00:00,2025-09-11 11:25:00+00:00,-1,R3_live_candidate_gate_R01125,wick_reject,0.003885650680642823,target_limit,20,0.01543719567826161
seeded_source_mean_q80_full_year_segments,8448,2025-09-11 22:30:00+00:00,2025-09-11 22:35:00+00:00,2025-09-12 10:35:00+00:00,1,R2_relax_winrate_payoff_R06697,wick_reject,0.007209707572439852,time_open,145,-0.0034553583745380247
seeded_source_mean_q80_full_year_segments,12826,2025-09-12 12:40:00+00:00,2025-09-12 12:45:00+00:00,2025-09-12 15:30:00+00:00,1,R3_live_candidate_gate_R01708,vwap_revert,0.0012602235302767038,stop_market,34,-0.016563019759851808
seeded_source_mean_q80_full_year_segments,20762,2025-09-13 11:40:00+00:00,2025-09-13 11:45:00+00:00,2025-09-13 16:55:00+00:00,1,R2_relax_winrate_payoff_R02890,macd_flip,0.0012309390308121288,stop_market,63,-0.022562115135163045
seeded_source_mean_q80_full_year_segments,20458,2025-09-13 18:15:00+00:00,2025-09-13 18:20:00+00:00,2025-09-14 00:20:00+00:00,1,R1_relax_frequency_R02387,wick_reject,0.002153700489252785,time_open,73,0.005850407841838683
seeded_source_mean_q80_full_year_segments,2125,2025-09-14 17:10:00+00:00,2025-09-14 17:15:00+00:00,2025-09-14 23:15:00+00:00,-1,R1_relax_frequency_R04051,vwap_revert,0.0030749375795098926,time_open,73,0.01177832654306457
seeded_source_mean_q80_full_year_segments,11665,2025-09-15 05:25:00+00:00,2025-09-15 05:30:00+00:00,2025-09-15 07:30:00+00:00,-1,R1_relax_frequency_R02791,vwap_revert,0.0014509549656341126,target_limit,25,0.0154371956782615
seeded_source_mean_q80_full_year_segments,2386,2025-09-16 00:40:00+00:00,2025-09-16 00:45:00+00:00,2025-09-16 06:45:00+00:00,-1,R1_relax_frequency_R03338,vwap_revert,0.0012089488920198936,time_open,73,-0.00018080655617543127
seeded_source_mean_q80_full_year_segments,19517,2025-09-16 13:00:00+00:00,2025-09-16 13:05:00+00:00,2025-09-16 13:45:00+00:00,1,R1_relax_frequency_R06545,trend_rsi_snapback,0.0038402886207932704,stop_market,9,-0.01656301975985192
seeded_source_mean_q80_full_year_segments,22583,2025-09-17 13:45:00+00:00,2025-09-17 13:50:00+00:00,2025-09-17 15:25:00+00:00,1,R1_relax_frequency_R02394,trend_rsi_snapback,0.001971000278568057,target_limit,20,0.004433814053737181
seeded_source_mean_q80_full_year_segments,20081,2025-09-18 00:10:00+00:00,2025-09-18 00:15:00+00:00,2025-09-18 00:45:00+00:00,1,R1_relax_frequency_R04917,wick_reject,0.0019778024092316914,target_limit,7,0.008433210970611412
seeded_source_mean_q80_full_year_segments,12827,2025-09-18 12:10:00+00:00,2025-09-18 12:15:00+00:00,2025-09-18 20:15:00+00:00,1,R3_live_candidate_gate_R01708,vwap_revert,0.0012602235302767038,time_open,97,0.011676924148709855
seeded_source_mean_q80_full_year_segments,13463,2025-09-19 10:00:00+00:00,2025-09-19 10:05:00+00:00,2025-09-19 14:05:00+00:00,-1,R3_live_candidate_gate_R01154,wick_reject,0.0031135530801508896,time_open,49,-0.010699011426029586
seeded_source_mean_q80_full_year_segments,1892,2025-09-20 00:25:00+00:00,2025-09-20 00:30:00+00:00,2025-09-20 08:30:00+00:00,-1,R3_live_candidate_gate_R00307,macd_flip,0.003095450374153474,time_open,97,-0.01065634775497666
seeded_source_mean_q80_full_year_segments,1895,2025-09-21 00:30:00+00:00,2025-09-21 00:35:00+00:00,2025-09-21 08:35:00+00:00,-1,R3_live_candidate_gate_R00307,macd_flip,0.003095450374153474,time_open,97,0.006625673656210688
seeded_source_mean_q80_full_year_segments,16596,2025-09-22 01:45:00+00:00,2025-09-22 01:50:00+00:00,2025-09-22 02:15:00+00:00,-1,R3_live_candidate_gate_R05251,trend_rsi_snapback,0.0023850685903582442,target_limit,6,0.008436141815379541
seeded_source_mean_q80_full_year_segments,8067,2025-09-22 14:00:00+00:00,2025-09-22 14:05:00+00:00,2025-09-22 15:05:00+00:00,-1,R3_live_candidate_gate_R03986,vwap_revert,0.0027418554617609243,target_limit,13,0.01543719567826161
seeded_source_mean_q80_full_year_segments,22126,2025-09-22 19:45:00+00:00,2025-09-22 19:50:00+00:00,2025-09-22 21:20:00+00:00,1,R3_live_candidate_gate_R04515,vwap_revert,0.0011733372429272345,time_open,19,0.010609413273150393
seeded_source_mean_q80_full_year_segments,19961,2025-09-23 03:15:00+00:00,2025-09-23 03:20:00+00:00,2025-09-23 04:20:00+00:00,1,R2_relax_winrate_payoff_R01203,macd_flip,0.0012508868932243722,time_open,13,-0.0033390924759952576
seeded_source_mean_q80_full_year_segments,8310,2025-09-23 05:45:00+00:00,2025-09-23 05:50:00+00:00,2025-09-23 13:50:00+00:00,-1,R1_relax_frequency_R01159,bb_revert,0.005372935076874977,time_open,97,0.0020148065523119584
seeded_source_mean_q80_full_year_segments,21764,2025-09-23 19:50:00+00:00,2025-09-23 19:55:00+00:00,2025-09-23 21:55:00+00:00,1,R2_relax_winrate_payoff_R01376,vwap_revert,0.005980503226110362,time_open,25,0.005266974457159512
seeded_source_mean_q80_full_year_segments,11557,2025-09-24 03:30:00+00:00,2025-09-24 03:35:00+00:00,2025-09-24 06:10:00+00:00,-1,R2_relax_winrate_payoff_R06274,wick_reject,0.009717999863044799,stop_market,32,-0.013567170325106995
seeded_source_mean_q80_full_year_segments,12666,2025-09-24 10:10:00+00:00,2025-09-24 10:15:00+00:00,2025-09-24 10:25:00+00:00,-1,R1_relax_frequency_R06679,vwap_revert,0.0030347640135480534,target_limit,3,0.006935915987619051
seeded_source_mean_q80_full_year_segments,2137,2025-09-24 13:40:00+00:00,2025-09-24 13:45:00+00:00,2025-09-24 19:45:00+00:00,-1,R1_relax_frequency_R04051,vwap_revert,0.0030749375795098926,time_open,73,-0.012894194420106288
seeded_source_mean_q80_full_year_segments,22127,2025-09-25 04:05:00+00:00,2025-09-25 04:10:00+00:00,2025-09-25 05:40:00+00:00,1,R3_live_candidate_gate_R04515,vwap_revert,0.0011733372429272345,time_open,19,-0.012829507989342803
seeded_source_mean_q80_full_year_segments,14069,2025-09-25 09:25:00+00:00,2025-09-25 09:30:00+00:00,2025-09-25 10:00:00+00:00,-1,R1_relax_frequency_R06637,trend_rsi_snapback,0.001342701970983562,target_limit,7,0.006935915987619051
seeded_source_mean_q80_full_year_segments,20467,2025-09-25 12:30:00+00:00,2025-09-25 12:35:00+00:00,2025-09-25 14:15:00+00:00,1,R1_relax_frequency_R02387,wick_reject,0.002153700489252785,target_limit,21,0.021431250950452386
seeded_source_mean_q80_full_year_segments,17241,2025-09-25 19:00:00+00:00,2025-09-25 19:05:00+00:00,2025-09-25 22:50:00+00:00,-1,R2_relax_winrate_payoff_R06914,vwap_revert,0.008770556257996179,target_limit,46,0.053442916648192944
seeded_source_mean_q80_full_year_segments,2138,2025-09-26 02:20:00+00:00,2025-09-26 02:25:00+00:00,2025-09-26 08:25:00+00:00,-1,R1_relax_frequency_R04051,vwap_revert,0.0030749375795098926,time_open,73,-0.0043187357968776435
seeded_source_mean_q80_full_year_segments,8453,2025-09-26 14:25:00+00:00,2025-09-26 14:30:00+00:00,2025-09-26 17:25:00+00:00,1,R2_relax_winrate_payoff_R06697,wick_reject,0.007209707572439852,target_limit,36,0.05442627551466363
seeded_source_mean_q80_full_year_segments,20622,2025-09-27 03:15:00+00:00,2025-09-27 03:20:00+00:00,2025-09-27 05:45:00+00:00,1,R1_relax_frequency_R03257,trend_rsi_snapback,0.0035194423023301538,target_limit,30,0.008433210970611412
seeded_source_mean_q80_full_year_segments,22128,2025-09-27 09:25:00+00:00,2025-09-27 09:30:00+00:00,2025-09-27 11:00:00+00:00,1,R3_live_candidate_gate_R04515,vwap_revert,0.0011733372429272345,time_open,19,0.00976786894287984
seeded_source_mean_q80_full_year_segments,1899,2025-09-28 03:15:00+00:00,2025-09-28 03:20:00+00:00,2025-09-28 09:10:00+00:00,-1,R3_live_candidate_gate_R00307,macd_flip,0.003095450374153474,target_limit,71,0.011436593470900524
seeded_source_mean_q80_full_year_segments,8313,2025-09-29 11:20:00+00:00,2025-09-29 11:25:00+00:00,2025-09-29 13:40:00+00:00,1,R1_relax_frequency_R01159,bb_revert,0.005473328428998363,target_limit,28,0.01543215557514115
seeded_source_mean_q80_full_year_segments,23168,2025-09-30 00:50:00+00:00,2025-09-30 00:55:00+00:00,2025-09-30 01:40:00+00:00,-1,R3_live_candidate_gate_R01125,wick_reject,0.003885650680642823,target_limit,10,0.0154371956782615
seeded_source_mean_q80_full_year_segments,19964,2025-09-30 10:05:00+00:00,2025-09-30 10:10:00+00:00,2025-09-30 11:10:00+00:00,1,R2_relax_winrate_payoff_R01203,macd_flip,0.0012508868932243722,time_open,13,0.01685544323928867
seeded_source_mean_q80_full_year_segments,20283,2025-09-30 12:00:00+00:00,2025-09-30 12:05:00+00:00,2025-09-30 15:20:00+00:00,-1,R2_relax_winrate_payoff_R00444,vwap_revert,0.001545754958802579,target_limit,40,0.03023942384549808
seeded_source_mean_q80_full_year_segments,8315,2025-09-30 18:30:00+00:00,2025-09-30 18:35:00+00:00,2025-10-01 02:35:00+00:00,-1,R1_relax_frequency_R01159,bb_revert,0.005372935076874977,time_open,97,-0.008659062599192158
seeded_source_mean_q80_full_year_segments,13939,2025-10-01 09:15:00+00:00,2025-10-01 09:20:00+00:00,2025-10-01 09:25:00+00:00,-1,R2_relax_winrate_payoff_R00348,macd_flip,0.0013100132036097836,stop_market,2,-0.013567170325106773
seeded_source_mean_q80_full_year_segments,22304,2025-10-01 20:50:00+00:00,2025-10-01 20:55:00+00:00,2025-10-02 00:05:00+00:00,1,R1_relax_frequency_R02098,vwap_revert,0.0011929902983644828,target_limit,39,0.01543215557514115
seeded_source_mean_q80_full_year_segments,20768,2025-10-02 03:55:00+00:00,2025-10-02 04:00:00+00:00,2025-10-02 16:00:00+00:00,1,R2_relax_winrate_payoff_R02890,macd_flip,0.0035847310347782483,time_open,145,-0.005279413741782826
seeded_source_mean_q80_full_year_segments,22306,2025-10-03 02:00:00+00:00,2025-10-03 02:05:00+00:00,2025-10-03 03:00:00+00:00,1,R1_relax_frequency_R02098,vwap_revert,0.0011929902983644828,target_limit,12,0.01543215557514115
seeded_source_mean_q80_full_year_segments,19884,2025-10-03 07:00:00+00:00,2025-10-03 07:05:00+00:00,2025-10-03 08:15:00+00:00,-1,R1_relax_frequency_R03760,wick_reject,0.003031224660529262,target_limit,15,0.01543719567826161
seeded_source_mean_q80_full_year_segments,19885,2025-10-04 00:40:00+00:00,2025-10-04 00:45:00+00:00,2025-10-04 04:45:00+00:00,-1,R1_relax_frequency_R03760,wick_reject,0.003031224660529262,time_open,49,-0.004486767686851883
seeded_source_mean_q80_full_year_segments,13375,2025-10-05 01:00:00+00:00,2025-10-05 01:05:00+00:00,2025-10-05 04:45:00+00:00,1,R3_live_candidate_gate_R02498,trend_rsi_snapback,0.006693238763299154,target_limit,45,0.029430044784200624
seeded_source_mean_q80_full_year_segments,22588,2025-10-05 09:45:00+00:00,2025-10-05 09:50:00+00:00,2025-10-05 15:50:00+00:00,1,R1_relax_frequency_R02394,trend_rsi_snapback,0.001946855065382566,time_open,73,-0.02853895090574892
seeded_source_mean_q80_full_year_segments,1905,2025-10-06 00:35:00+00:00,2025-10-06 00:40:00+00:00,2025-10-06 08:40:00+00:00,-1,R3_live_candidate_gate_R00307,macd_flip,0.0034185350029044188,time_open,97,-0.014193289351021468
seeded_source_mean_q80_full_year_segments,20475,2025-10-07 01:05:00+00:00,2025-10-07 01:10:00+00:00,2025-10-07 07:10:00+00:00,1,R1_relax_frequency_R02387,wick_reject,0.002583741288269622,time_open,73,-0.025289480324314554
seeded_source_mean_q80_full_year_segments,22133,2025-10-07 14:30:00+00:00,2025-10-07 14:35:00+00:00,2025-10-07 16:05:00+00:00,1,R3_live_candidate_gate_R04515,vwap_revert,0.002148821129169786,time_open,19,-0.0006221474144332757
seeded_source_mean_q80_full_year_segments,12670,2025-10-08 02:30:00+00:00,2025-10-08 02:35:00+00:00,2025-10-08 03:15:00+00:00,-1,R1_relax_frequency_R06679,vwap_revert,0.003588808559401019,target_limit,9,0.00693591598761894
seeded_source_mean_q80_full_year_segments,4893,2025-10-08 06:20:00+00:00,2025-10-08 06:25:00+00:00,2025-10-08 09:25:00+00:00,-1,R1_relax_frequency_R02700,wick_reject,0.0020900047644049997,time_open,37,-0.015044864753299908
seeded_source_mean_q80_full_year_segments,19966,2025-10-09 03:10:00+00:00,2025-10-09 03:15:00+00:00,2025-10-09 04:15:00+00:00,1,R2_relax_winrate_payoff_R01203,macd_flip,0.0018385379778582949,time_open,13,-0.0007786669701613725
seeded_source_mean_q80_full_year_segments,15251,2025-10-09 08:20:00+00:00,2025-10-09 08:25:00+00:00,2025-10-09 14:30:00+00:00,-1,R2_relax_winrate_payoff_R06033,wick_reject,0.0026587817176045867,target_limit,74,0.02643885174850488
seeded_source_mean_q80_full_year_segments,2144,2025-10-09 20:50:00+00:00,2025-10-09 20:55:00+00:00,2025-10-10 02:55:00+00:00,-1,R1_relax_frequency_R04051,vwap_revert,0.0031240110933487344,time_open,73,-0.010298942422151054
seeded_source_mean_q80_full_year_segments,11683,2025-10-10 09:45:00+00:00,2025-10-10 09:50:00+00:00,2025-10-10 12:50:00+00:00,-1,R1_relax_frequency_R02791,vwap_revert,0.0019510213635448375,time_open,37,-0.006884975323149197
seeded_source_mean_q80_full_year_segments,17253,2025-10-11 05:05:00+00:00,2025-10-11 05:10:00+00:00,2025-10-11 09:00:00+00:00,-1,R2_relax_winrate_payoff_R06914,vwap_revert,0.010994961496597766,stop_market,47,-0.030569729706392337
seeded_source_mean_q80_full_year_segments,17261,2025-10-11 12:00:00+00:00,2025-10-11 12:05:00+00:00,2025-10-11 15:35:00+00:00,-1,R2_relax_winrate_payoff_R06914,vwap_revert,0.010994961496597766,target_limit,43,0.053442916648192944
seeded_source_mean_q80_full_year_segments,19887,2025-10-11 19:25:00+00:00,2025-10-11 19:30:00+00:00,2025-10-11 19:55:00+00:00,-1,R1_relax_frequency_R03760,wick_reject,0.003031224660529262,target_limit,6,0.01543719567826161
seeded_source_mean_q80_full_year_segments,8088,2025-10-12 04:25:00+00:00,2025-10-12 04:30:00+00:00,2025-10-12 06:10:00+00:00,-1,R3_live_candidate_gate_R03986,vwap_revert,0.0036832864974534496,stop_market,21,-0.02256852529166972
seeded_source_mean_q80_full_year_segments,2151,2025-10-12 12:25:00+00:00,2025-10-12 12:30:00+00:00,2025-10-12 13:40:00+00:00,-1,R1_relax_frequency_R04051,vwap_revert,0.0031240110933487344,target_limit,15,0.021438098989303243
seeded_source_mean_q80_full_year_segments,8461,2025-10-13 08:00:00+00:00,2025-10-13 08:05:00+00:00,2025-10-13 08:55:00+00:00,1,R2_relax_winrate_payoff_R06697,wick_reject,0.004820229224529483,stop_market,11,-0.016563019759851808
seeded_source_mean_q80_full_year_segments,13376,2025-10-13 11:30:00+00:00,2025-10-13 11:35:00+00:00,2025-10-13 13:30:00+00:00,1,R3_live_candidate_gate_R02498,trend_rsi_snapback,0.006693238763299154,target_limit,24,0.029430044784200624
seeded_source_mean_q80_full_year_segments,22590,2025-10-13 23:55:00+00:00,2025-10-14 00:00:00+00:00,2025-10-14 00:15:00+00:00,1,R1_relax_frequency_R02394,trend_rsi_snapback,0.001946855065382566,target_limit,4,0.004433814053737181
seeded_source_mean_q80_full_year_segments,1910,2025-10-14 04:05:00+00:00,2025-10-14 04:10:00+00:00,2025-10-14 05:35:00+00:00,-1,R3_live_candidate_gate_R00307,macd_flip,0.0034185350029044188,target_limit,18,0.011436593470900413
seeded_source_mean_q80_full_year_segments,2153,2025-10-15 02:30:00+00:00,2025-10-15 02:35:00+00:00,2025-10-15 08:35:00+00:00,-1,R1_relax_frequency_R04051,vwap_revert,0.0031240110933487344,time_open,73,-0.03768230644401446
seeded_source_mean_q80_full_year_segments,20772,2025-10-15 22:45:00+00:00,2025-10-15 22:50:00+00:00,2025-10-16 01:55:00+00:00,-1,R2_relax_winrate_payoff_R02890,macd_flip,0.0034812396152799382,stop_market,38,-0.02256852529166972
seeded_source_mean_q80_full_year_segments,1913,2025-10-16 09:30:00+00:00,2025-10-16 09:35:00+00:00,2025-10-16 09:45:00+00:00,-1,R3_live_candidate_gate_R00307,macd_flip,0.0034185350029044188,stop_market,3,-0.030569729706392337
seeded_source_mean_q80_full_year_segments,1708,2025-10-17 04:10:00+00:00,2025-10-17 04:15:00+00:00,2025-10-17 06:15:00+00:00,-1,R1_relax_frequency_R00387,vwap_revert,0.0017449915612723517,target_limit,25,0.021438098989303465
seeded_source_mean_q80_full_year_segments,21973,2025-10-17 11:35:00+00:00,2025-10-17 11:40:00+00:00,2025-10-17 13:35:00+00:00,-1,R3_live_candidate_gate_M00060,vwap_revert,0.003984184870390882,stop_market,24,-0.02256852529166972
seeded_source_mean_q80_full_year_segments,17279,2025-10-17 21:55:00+00:00,2025-10-17 22:00:00+00:00,2025-10-18 10:00:00+00:00,-1,R2_relax_winrate_payoff_R06914,vwap_revert,0.010994961496597766,time_open,145,-0.013241691994017516
seeded_source_mean_q80_full_year_segments,8320,2025-10-19 06:35:00+00:00,2025-10-19 06:40:00+00:00,2025-10-19 08:15:00+00:00,1,R1_relax_frequency_R01159,bb_revert,0.00448712896561192,target_limit,20,0.01543215557514115
seeded_source_mean_q80_full_year_segments,8466,2025-10-19 11:30:00+00:00,2025-10-19 11:35:00+00:00,2025-10-19 23:35:00+00:00,1,R2_relax_winrate_payoff_R06697,wick_reject,0.004820229224529483,time_open,145,0.0032423790452879107
seeded_source_mean_q80_full_year_segments,13945,2025-10-20 05:55:00+00:00,2025-10-20 06:00:00+00:00,2025-10-20 08:00:00+00:00,-1,R2_relax_winrate_payoff_R00348,macd_flip,0.0013100132036097836,time_open,25,0.0028239704932607993
seeded_source_mean_q80_full_year_segments,8467,2025-10-20 13:55:00+00:00,2025-10-20 14:00:00+00:00,2025-10-20 16:00:00+00:00,1,R2_relax_winrate_payoff_R06697,wick_reject,0.004820229224529483,stop_market,25,-0.016563019759851808
seeded_source_mean_q80_full_year_segments,1914,2025-10-20 21:20:00+00:00,2025-10-20 21:25:00+00:00,2025-10-21 01:55:00+00:00,-1,R3_live_candidate_gate_R00307,macd_flip,0.0034185350029044188,target_limit,55,0.011436593470900524
seeded_source_mean_q80_full_year_segments,19526,2025-10-21 22:00:00+00:00,2025-10-21 22:05:00+00:00,2025-10-21 22:30:00+00:00,-1,R1_relax_frequency_R06545,trend_rsi_snapback,0.0030356985446385485,target_limit,6,0.01543719567826161
seeded_source_mean_q80_full_year_segments,8102,2025-10-22 11:20:00+00:00,2025-10-22 11:25:00+00:00,2025-10-22 12:25:00+00:00,-1,R3_live_candidate_gate_R03986,vwap_revert,0.0036832864974534496,stop_market,13,-0.02256852529166972
seeded_source_mean_q80_full_year_segments,20481,2025-10-22 22:00:00+00:00,2025-10-22 22:05:00+00:00,2025-10-22 22:50:00+00:00,1,R1_relax_frequency_R02387,wick_reject,0.002583741288269622,target_limit,10,0.021431250950452386
seeded_source_mean_q80_full_year_segments,15256,2025-10-23 06:35:00+00:00,2025-10-23 06:40:00+00:00,2025-10-23 12:45:00+00:00,-1,R2_relax_winrate_payoff_R06033,wick_reject,0.0026587817176045867,stop_market,74,-0.030569729706392115
seeded_source_mean_q80_full_year_segments,15569,2025-10-24 03:20:00+00:00,2025-10-24 03:25:00+00:00,2025-10-24 06:55:00+00:00,1,R2_relax_winrate_payoff_R06895,vwap_revert,0.005204337476966928,target_limit,43,0.03942853707638587
seeded_source_mean_q80_full_year_segments,22594,2025-10-25 05:55:00+00:00,2025-10-25 06:00:00+00:00,2025-10-25 06:55:00+00:00,1,R1_relax_frequency_R02394,trend_rsi_snapback,0.001946855065382566,target_limit,12,0.004433814053737403
seeded_source_mean_q80_full_year_segments,21767,2025-10-25 18:20:00+00:00,2025-10-25 18:25:00+00:00,2025-10-25 20:25:00+00:00,-1,R2_relax_winrate_payoff_R01376,vwap_revert,0.005093917444746153,time_open,25,-0.015240895797692677
seeded_source_mean_q80_full_year_segments,21769,2025-10-25 22:10:00+00:00,2025-10-25 22:15:00+00:00,2025-10-26 00:15:00+00:00,-1,R2_relax_winrate_payoff_R01376,vwap_revert,0.005093917444746153,time_open,25,-0.0022307034901046397
seeded_source_mean_q80_full_year_segments,13382,2025-10-26 05:05:00+00:00,2025-10-26 05:10:00+00:00,2025-10-26 08:05:00+00:00,1,R3_live_candidate_gate_R02498,trend_rsi_snapback,0.006693238763299154,target_limit,36,0.029430044784200624
seeded_source_mean_q80_full_year_segments,8472,2025-10-26 09:35:00+00:00,2025-10-26 09:40:00+00:00,2025-10-26 12:15:00+00:00,1,R2_relax_winrate_payoff_R06697,wick_reject,0.004820229224529483,target_limit,32,0.05442627551466363
seeded_source_mean_q80_full_year_segments,11560,2025-10-27 05:15:00+00:00,2025-10-27 05:20:00+00:00,2025-10-27 07:35:00+00:00,-1,R2_relax_winrate_payoff_R06274,wick_reject,0.00879601413790688,target_limit,28,0.02943930340402586
seeded_source_mean_q80_full_year_segments,19891,2025-10-27 13:45:00+00:00,2025-10-27 13:50:00+00:00,2025-10-27 17:50:00+00:00,-1,R1_relax_frequency_R03760,wick_reject,0.003031224660529262,time_open,49,-0.017101551445303762
seeded_source_mean_q80_full_year_segments,13947,2025-10-28 12:00:00+00:00,2025-10-28 12:05:00+00:00,2025-10-28 12:15:00+00:00,-1,R2_relax_winrate_payoff_R00348,macd_flip,0.0013100132036097836,stop_market,3,-0.013567170325106995
seeded_source_mean_q80_full_year_segments,13384,2025-10-28 14:55:00+00:00,2025-10-28 15:00:00+00:00,2025-10-28 15:35:00+00:00,1,R3_live_candidate_gate_R02498,trend_rsi_snapback,0.006693238763299154,stop_market,8,-0.010563924384540685
seeded_source_mean_q80_full_year_segments,22320,2025-10-28 18:45:00+00:00,2025-10-28 18:50:00+00:00,2025-10-28 20:10:00+00:00,1,R1_relax_frequency_R02098,vwap_revert,0.0011929902983644828,stop_market,17,-0.030560908968911286
seeded_source_mean_q80_full_year_segments,19531,2025-10-29 13:05:00+00:00,2025-10-29 13:10:00+00:00,2025-10-29 14:15:00+00:00,1,R1_relax_frequency_R06545,trend_rsi_snapback,0.0031391899641368586,stop_market,14,-0.016563019759851808
seeded_source_mean_q80_full_year_segments,20774,2025-10-29 18:35:00+00:00,2025-10-29 18:40:00+00:00,2025-10-29 18:40:00+00:00,-1,R2_relax_winrate_payoff_R02890,macd_flip,0.0034812396152799382,stop_market,1,-0.02256852529166972
seeded_source_mean_q80_full_year_segments,13385,2025-10-30 09:20:00+00:00,2025-10-30 09:25:00+00:00,2025-10-30 10:15:00+00:00,1,R3_live_candidate_gate_R02498,trend_rsi_snapback,0.006693238763299154,stop_market,11,-0.010563924384540685
seeded_source_mean_q80_full_year_segments,1916,2025-10-30 11:50:00+00:00,2025-10-30 11:55:00+00:00,2025-10-30 12:35:00+00:00,-1,R3_live_candidate_gate_R00307,macd_flip,0.0034185350029044188,target_limit,9,0.011436593470900413
seeded_source_mean_q80_full_year_segments,20193,2025-10-31 09:00:00+00:00,2025-10-31 09:05:00+00:00,2025-10-31 11:10:00+00:00,-1,R1_relax_frequency_R06015,bb_revert,0.0017599174843265376,target_limit,26,0.011436593470900413
seeded_source_mean_q80_full_year_segments,4794,2025-10-31 15:10:00+00:00,2025-10-31 15:15:00+00:00,2025-10-31 16:00:00+00:00,-1,R3_live_candidate_gate_R05277,vwap_revert,0.003226435543895343,target_limit,10,0.021438098989303465
seeded_source_mean_q80_full_year_segments,20483,2025-10-31 17:35:00+00:00,2025-10-31 17:40:00+00:00,2025-10-31 22:10:00+00:00,1,R1_relax_frequency_R02387,wick_reject,0.002583741288269622,target_limit,55,0.021431250950452386
seeded_source_mean_q80_full_year_segments,1718,2025-11-01 05:20:00+00:00,2025-11-01 05:25:00+00:00,2025-11-01 09:35:00+00:00,-1,R1_relax_frequency_R00387,vwap_revert,0.0025538244761597107,target_limit,51,0.021438098989303354
seeded_source_mean_q80_full_year_segments,2166,2025-11-01 17:00:00+00:00,2025-11-01 17:05:00+00:00,2025-11-01 23:05:00+00:00,-1,R1_relax_frequency_R04051,vwap_revert,0.0022714856436561667,time_open,73,0.009491555375088756
seeded_source_mean_q80_full_year_segments,19973,2025-11-02 11:10:00+00:00,2025-11-02 11:15:00+00:00,2025-11-02 12:15:00+00:00,1,R2_relax_winrate_payoff_R01203,macd_flip,0.002716995832808513,time_open,13,0.011960040172732172
seeded_source_mean_q80_full_year_segments,8106,2025-11-02 23:15:00+00:00,2025-11-02 23:20:00+00:00,2025-11-03 02:10:00+00:00,-1,R3_live_candidate_gate_R03986,vwap_revert,0.004065137412988864,target_limit,35,0.0154371956782615
seeded_source_mean_q80_full_year_segments,2173,2025-11-03 12:20:00+00:00,2025-11-03 12:25:00+00:00,2025-11-03 15:20:00+00:00,-1,R1_relax_frequency_R04051,vwap_revert,0.0022714856436561667,target_limit,36,0.021438098989303243
seeded_source_mean_q80_full_year_segments,8107,2025-11-04 03:45:00+00:00,2025-11-04 03:50:00+00:00,2025-11-04 05:10:00+00:00,-1,R3_live_candidate_gate_R03986,vwap_revert,0.004065137412988864,target_limit,17,0.01543719567826161
seeded_source_mean_q80_full_year_segments,8109,2025-11-04 14:55:00+00:00,2025-11-04 15:00:00+00:00,2025-11-04 15:10:00+00:00,-1,R3_live_candidate_gate_R03986,vwap_revert,0.004065137412988864,stop_market,3,-0.02256852529166994
seeded_source_mean_q80_full_year_segments,17299,2025-11-04 23:05:00+00:00,2025-11-04 23:10:00+00:00,2025-11-05 02:15:00+00:00,-1,R2_relax_winrate_payoff_R06914,vwap_revert,0.010581776216327488,stop_market,38,-0.030569729706392115
seeded_source_mean_q80_full_year_segments,8475,2025-11-05 12:30:00+00:00,2025-11-05 12:35:00+00:00,2025-11-05 14:25:00+00:00,1,R2_relax_winrate_payoff_R06697,wick_reject,0.0036909980316396,stop_market,23,-0.016563019759851697
seeded_source_mean_q80_full_year_segments,20484,2025-11-06 07:20:00+00:00,2025-11-06 07:25:00+00:00,2025-11-06 13:25:00+00:00,1,R1_relax_frequency_R02387,wick_reject,0.0018259485912039432,time_open,73,0.01043073217623078
seeded_source_mean_q80_full_year_segments,1722,2025-11-07 01:05:00+00:00,2025-11-07 01:10:00+00:00,2025-11-07 07:10:00+00:00,-1,R1_relax_frequency_R00387,vwap_revert,0.0025538244761597107,time_open,73,-0.01346390717589249
seeded_source_mean_q80_full_year_segments,1920,2025-11-07 12:30:00+00:00,2025-11-07 12:35:00+00:00,2025-11-07 13:20:00+00:00,-1,R3_live_candidate_gate_R00307,macd_flip,0.003108604824452121,stop_market,10,-0.030569729706392115
seeded_source_mean_q80_full_year_segments,15260,2025-11-08 05:20:00+00:00,2025-11-08 05:25:00+00:00,2025-11-08 07:05:00+00:00,-1,R2_relax_winrate_payoff_R06033,wick_reject,0.0024467498859384582,target_limit,21,0.02643885174850499
seeded_source_mean_q80_full_year_segments,1921,2025-11-08 19:15:00+00:00,2025-11-08 19:20:00+00:00,2025-11-09 02:55:00+00:00,-1,R3_live_candidate_gate_R00307,macd_flip,0.003108604824452121,target_limit,92,0.011436593470900524
seeded_source_mean_q80_full_year_segments,15262,2025-11-10 07:50:00+00:00,2025-11-10 07:55:00+00:00,2025-11-10 12:05:00+00:00,-1,R2_relax_winrate_payoff_R06033,wick_reject,0.0024467498859384582,target_limit,51,0.026438851748504768
seeded_source_mean_q80_full_year_segments,22137,2025-11-10 16:05:00+00:00,2025-11-10 16:10:00+00:00,2025-11-10 17:40:00+00:00,1,R3_live_candidate_gate_R04515,vwap_revert,0.0015570986326812273,time_open,19,0.004246729940620918
seeded_source_mean_q80_full_year_segments,3524,2025-11-11 00:15:00+00:00,2025-11-11 00:20:00+00:00,2025-11-11 05:35:00+00:00,1,R2_relax_winrate_payoff_R04600,bb_revert,0.002213043283482871,stop_market,64,-0.022562115135162934
seeded_source_mean_q80_full_year_segments,22138,2025-11-11 18:45:00+00:00,2025-11-11 18:50:00+00:00,2025-11-11 20:20:00+00:00,1,R3_live_candidate_gate_R04515,vwap_revert,0.0015570986326812273,time_open,19,-0.007001450518263838
seeded_source_mean_q80_full_year_segments,20311,2025-11-12 02:20:00+00:00,2025-11-12 02:25:00+00:00,2025-11-12 10:20:00+00:00,-1,R2_relax_winrate_payoff_R00444,vwap_revert,0.00200505532663962,stop_market,96,-0.02256852529166972
seeded_source_mean_q80_full_year_segments,19977,2025-11-12 16:40:00+00:00,2025-11-12 16:45:00+00:00,2025-11-12 17:45:00+00:00,1,R2_relax_winrate_payoff_R01203,macd_flip,0.002716995832808513,time_open,13,0.0007242398614617574
seeded_source_mean_q80_full_year_segments,2428,2025-11-13 01:45:00+00:00,2025-11-13 01:50:00+00:00,2025-11-13 03:10:00+00:00,-1,R1_relax_frequency_R03338,vwap_revert,0.0013477290621652445,target_limit,17,0.015437195678261722
seeded_source_mean_q80_full_year_segments,3525,2025-11-13 09:10:00+00:00,2025-11-13 09:15:00+00:00,2025-11-13 15:15:00+00:00,1,R2_relax_winrate_payoff_R04600,bb_revert,0.002213043283482871,time_open,73,0.0018632982524132724
seeded_source_mean_q80_full_year_segments,17303,2025-11-13 23:55:00+00:00,2025-11-14 00:00:00+00:00,2025-11-14 06:25:00+00:00,-1,R2_relax_winrate_payoff_R06914,vwap_revert,0.010581776216327488,target_limit,78,0.053442916648193055
seeded_source_mean_q80_full_year_segments,13282,2025-11-14 14:30:00+00:00,2025-11-14 14:35:00+00:00,2025-11-14 15:50:00+00:00,1,R2_relax_winrate_payoff_R04099,wick_reject,0.0015184522691508206,target_limit,16,0.022831039871358334
seeded_source_mean_q80_full_year_segments,15266,2025-11-15 02:45:00+00:00,2025-11-15 02:50:00+00:00,2025-11-15 10:50:00+00:00,-1,R2_relax_winrate_payoff_R06033,wick_reject,0.0024467498859384582,time_open,97,-0.019695553654199123
seeded_source_mean_q80_full_year_segments,22601,2025-11-15 17:20:00+00:00,2025-11-15 17:25:00+00:00,2025-11-15 23:25:00+00:00,1,R1_relax_frequency_R02394,trend_rsi_snapback,0.0014853604040444052,time_open,73,-0.007071978582678449
seeded_source_mean_q80_full_year_segments,17072,2025-11-16 12:25:00+00:00,2025-11-16 12:30:00+00:00,2025-11-16 16:30:00+00:00,-1,R2_relax_winrate_payoff_R02019,wick_reject,0.0014167535770869962,time_open,49,0.027598339094316082
seeded_source_mean_q80_full_year_segments,1926,2025-11-16 18:45:00+00:00,2025-11-16 18:50:00+00:00,2025-11-17 00:40:00+00:00,-1,R3_live_candidate_gate_R00307,macd_flip,0.003108604824452121,stop_market,71,-0.030569729706392115
seeded_source_mean_q80_full_year_segments,15267,2025-11-18 14:25:00+00:00,2025-11-18 14:30:00+00:00,2025-11-18 14:50:00+00:00,-1,R2_relax_winrate_payoff_R06033,wick_reject,0.0024467498859384582,target_limit,5,0.02643885174850488
seeded_source_mean_q80_full_year_segments,16617,2025-11-19 05:05:00+00:00,2025-11-19 05:10:00+00:00,2025-11-19 05:45:00+00:00,-1,R3_live_candidate_gate_R05251,trend_rsi_snapback,0.0019604674275259452,target_limit,8,0.00843614181537943
seeded_source_mean_q80_full_year_segments,4909,2025-11-19 21:05:00+00:00,2025-11-19 21:10:00+00:00,2025-11-20 00:10:00+00:00,-1,R1_relax_frequency_R02700,wick_reject,0.002248593153455957,time_open,37,-0.006563670027385236
seeded_source_mean_q80_full_year_segments,8480,2025-11-20 03:30:00+00:00,2025-11-20 03:35:00+00:00,2025-11-20 13:55:00+00:00,1,R2_relax_winrate_payoff_R06697,wick_reject,0.0036909980316396,stop_market,125,-0.016563019759851808
seeded_source_mean_q80_full_year_segments,3528,2025-11-20 16:15:00+00:00,2025-11-20 16:20:00+00:00,2025-11-20 22:20:00+00:00,1,R2_relax_winrate_payoff_R04600,bb_revert,0.002213043283482871,time_open,73,0.004929793806772778
seeded_source_mean_q80_full_year_segments,20490,2025-11-21 04:40:00+00:00,2025-11-21 04:45:00+00:00,2025-11-21 07:00:00+00:00,1,R1_relax_frequency_R02387,wick_reject,0.0018259485912039432,stop_market,28,-0.04055940126109664
seeded_source_mean_q80_full_year_segments,1930,2025-11-21 11:45:00+00:00,2025-11-21 11:50:00+00:00,2025-11-21 12:20:00+00:00,-1,R3_live_candidate_gate_R00307,macd_flip,0.003108604824452121,target_limit,7,0.011436593470900301
seeded_source_mean_q80_full_year_segments,19981,2025-11-22 05:00:00+00:00,2025-11-22 05:05:00+00:00,2025-11-22 06:05:00+00:00,1,R2_relax_winrate_payoff_R01203,macd_flip,0.002716995832808513,time_open,13,-0.00320482784115044
seeded_source_mean_q80_full_year_segments,2188,2025-11-22 07:00:00+00:00,2025-11-22 07:05:00+00:00,2025-11-22 08:30:00+00:00,-1,R1_relax_frequency_R04051,vwap_revert,0.0022714856436561667,target_limit,18,0.021438098989303465
seeded_source_mean_q80_full_year_segments,11567,2025-11-22 16:20:00+00:00,2025-11-22 16:25:00+00:00,2025-11-22 16:35:00+00:00,1,R2_relax_winrate_payoff_R06274,wick_reject,0.0067873461388062405,stop_market,3,-0.013563472072196303
seeded_source_mean_q80_full_year_segments,16618,2025-11-22 21:10:00+00:00,2025-11-22 21:15:00+00:00,2025-11-22 22:05:00+00:00,-1,R3_live_candidate_gate_R05251,trend_rsi_snapback,0.0019604674275259452,target_limit,11,0.00843614181537943
seeded_source_mean_q80_full_year_segments,17310,2025-11-23 04:10:00+00:00,2025-11-23 04:15:00+00:00,2025-11-23 16:15:00+00:00,-1,R2_relax_winrate_payoff_R06914,vwap_revert,0.010581776216327488,time_open,145,0.010285922432902814
seeded_source_mean_q80_full_year_segments,2198,2025-11-23 20:30:00+00:00,2025-11-23 20:35:00+00:00,2025-11-23 21:30:00+00:00,-1,R1_relax_frequency_R04051,vwap_revert,0.0022714856436561667,stop_market,12,-0.040571235224795166
seeded_source_mean_q80_full_year_segments,13392,2025-11-24 04:40:00+00:00,2025-11-24 04:45:00+00:00,2025-11-24 06:00:00+00:00,1,R3_live_candidate_gate_R02498,trend_rsi_snapback,0.005319480419201404,stop_market,16,-0.010563924384540574
seeded_source_mean_q80_full_year_segments,11738,2025-11-24 14:25:00+00:00,2025-11-24 14:30:00+00:00,2025-11-24 14:50:00+00:00,-1,R1_relax_frequency_R02791,vwap_revert,0.001820101870775278,target_limit,5,0.01543719567826161
seeded_source_mean_q80_full_year_segments,7382,2025-11-25 23:15:00+00:00,2025-11-25 23:20:00+00:00,2025-11-26 06:35:00+00:00,1,R2_relax_winrate_payoff_R06730,wick_reject,0.0020896639667366463,target_limit,88,0.028230225709138287
seeded_source_mean_q80_full_year_segments,8327,2025-11-26 10:10:00+00:00,2025-11-26 10:15:00+00:00,2025-11-26 16:50:00+00:00,1,R1_relax_frequency_R01159,bb_revert,0.004775613680553175,target_limit,80,0.01543215557514115
seeded_source_mean_q80_full_year_segments,21785,2025-11-26 21:50:00+00:00,2025-11-26 21:55:00+00:00,2025-11-26 23:55:00+00:00,-1,R2_relax_winrate_payoff_R01376,vwap_revert,0.004226627689634262,time_open,25,-0.004917041073122035
seeded_source_mean_q80_full_year_segments,1934,2025-11-27 12:50:00+00:00,2025-11-27 12:55:00+00:00,2025-11-27 17:15:00+00:00,-1,R3_live_candidate_gate_R00307,macd_flip,0.003108604824452121,stop_market,53,-0.030569729706392337
seeded_source_mean_q80_full_year_segments,8482,2025-11-28 10:05:00+00:00,2025-11-28 10:10:00+00:00,2025-11-28 16:20:00+00:00,1,R2_relax_winrate_payoff_R06697,wick_reject,0.0036909980316396,stop_market,75,-0.01656301975985192
seeded_source_mean_q80_full_year_segments,1935,2025-11-28 23:45:00+00:00,2025-11-28 23:50:00+00:00,2025-11-29 04:50:00+00:00,-1,R3_live_candidate_gate_R00307,macd_flip,0.003108604824452121,target_limit,61,0.011436593470900301
seeded_source_mean_q80_full_year_segments,4914,2025-11-30 03:00:00+00:00,2025-11-30 03:05:00+00:00,2025-11-30 05:00:00+00:00,-1,R1_relax_frequency_R02700,wick_reject,0.002248593153455957,target_limit,24,0.008436141815379541
seeded_source_mean_q80_full_year_segments,16620,2025-11-30 12:20:00+00:00,2025-11-30 12:25:00+00:00,2025-11-30 15:25:00+00:00,-1,R3_live_candidate_gate_R05251,trend_rsi_snapback,0.0019604674275259452,time_open,37,0.0009878837626113113
seeded_source_mean_q80_full_year_segments,21378,2025-11-30 22:30:00+00:00,2025-11-30 22:35:00+00:00,2025-12-01 00:30:00+00:00,-1,R2_relax_winrate_payoff_R03290,macd_flip,0.0014636810479121834,target_limit,24,0.05444306720003327
seeded_source_mean_q80_full_year_segments,1936,2025-12-01 09:10:00+00:00,2025-12-01 09:15:00+00:00,2025-12-01 11:10:00+00:00,-1,R3_live_candidate_gate_R00307,macd_flip,0.002099840358804476,target_limit,24,0.011436593470900524
seeded_source_mean_q80_full_year_segments,20778,2025-12-02 06:30:00+00:00,2025-12-02 06:35:00+00:00,2025-12-02 14:15:00+00:00,1,R2_relax_winrate_payoff_R02890,macd_flip,0.0032967200284602723,target_limit,93,0.05442627551466363
seeded_source_mean_q80_full_year_segments,8486,2025-12-03 00:05:00+00:00,2025-12-03 00:10:00+00:00,2025-12-03 12:10:00+00:00,1,R2_relax_winrate_payoff_R06697,wick_reject,0.0029471077747246096,time_open,145,-0.0032326588728745108
seeded_source_mean_q80_full_year_segments,8487,2025-12-04 02:00:00+00:00,2025-12-04 02:05:00+00:00,2025-12-04 03:35:00+00:00,1,R2_relax_winrate_payoff_R06697,wick_reject,0.0029471077747246096,stop_market,19,-0.016563019759851808
seeded_source_mean_q80_full_year_segments,1937,2025-12-04 14:55:00+00:00,2025-12-04 15:00:00+00:00,2025-12-04 19:05:00+00:00,-1,R3_live_candidate_gate_R00307,macd_flip,0.002099840358804476,target_limit,50,0.011436593470900413
seeded_source_mean_q80_full_year_segments,20780,2025-12-05 11:30:00+00:00,2025-12-05 11:35:00+00:00,2025-12-05 23:35:00+00:00,-1,R2_relax_winrate_payoff_R02890,macd_flip,0.003322732829668853,time_open,145,0.02313408372405636
seeded_source_mean_q80_full_year_segments,11747,2025-12-06 03:35:00+00:00,2025-12-06 03:40:00+00:00,2025-12-06 06:40:00+00:00,-1,R1_relax_frequency_R02791,vwap_revert,0.002808731245938696,time_open,37,-0.006849048174838086
seeded_source_mean_q80_full_year_segments,2456,2025-12-07 07:00:00+00:00,2025-12-07 07:05:00+00:00,2025-12-07 07:35:00+00:00,-1,R1_relax_frequency_R03338,vwap_revert,0.0022382129532856204,target_limit,7,0.01543719567826161
seeded_source_mean_q80_full_year_segments,8331,2025-12-07 11:35:00+00:00,2025-12-07 11:40:00+00:00,2025-12-07 13:40:00+00:00,-1,R1_relax_frequency_R01159,bb_revert,0.0039055526854718386,target_limit,25,0.01543719567826161
seeded_source_mean_q80_full_year_segments,8125,2025-12-07 17:30:00+00:00,2025-12-07 17:35:00+00:00,2025-12-07 21:50:00+00:00,-1,R3_live_candidate_gate_R03986,vwap_revert,0.004399442310061092,target_limit,52,0.0154371956782615
seeded_source_mean_q80_full_year_segments,2207,2025-12-08 02:10:00+00:00,2025-12-08 02:15:00+00:00,2025-12-08 08:15:00+00:00,-1,R1_relax_frequency_R04051,vwap_revert,0.004067607316923521,time_open,73,-0.0009727776132517073
seeded_source_mean_q80_full_year_segments,3530,2025-12-08 15:10:00+00:00,2025-12-08 15:15:00+00:00,2025-12-08 19:10:00+00:00,1,R2_relax_winrate_payoff_R04600,bb_revert,0.00233650634609315,stop_market,48,-0.022562115135163045
seeded_source_mean_q80_full_year_segments,3531,2025-12-09 04:45:00+00:00,2025-12-09 04:50:00+00:00,2025-12-09 10:50:00+00:00,1,R2_relax_winrate_payoff_R04600,bb_revert,0.00233650634609315,time_open,73,-0.015628500733233967
seeded_source_mean_q80_full_year_segments,11751,2025-12-09 15:30:00+00:00,2025-12-09 15:35:00+00:00,2025-12-09 18:35:00+00:00,-1,R1_relax_frequency_R02791,vwap_revert,0.002808731245938696,time_open,37,-0.02222506052739439
seeded_source_mean_q80_full_year_segments,21978,2025-12-10 12:20:00+00:00,2025-12-10 12:25:00+00:00,2025-12-10 14:30:00+00:00,1,R3_live_candidate_gate_M00060,vwap_revert,0.0022689529047263245,target_limit,26,0.006933437126783659
seeded_source_mean_q80_full_year_segments,3532,2025-12-11 00:00:00+00:00,2025-12-11 00:05:00+00:00,2025-12-11 02:15:00+00:00,1,R2_relax_winrate_payoff_R04600,bb_revert,0.00233650634609315,stop_market,27,-0.022562115135163045
seeded_source_mean_q80_full_year_segments,17082,2025-12-11 08:20:00+00:00,2025-12-11 08:25:00+00:00,2025-12-11 12:25:00+00:00,-1,R2_relax_winrate_payoff_R02019,wick_reject,0.001812677926175511,time_open,49,0.021666418426702066
seeded_source_mean_q80_full_year_segments,8131,2025-12-11 15:25:00+00:00,2025-12-11 15:30:00+00:00,2025-12-11 18:45:00+00:00,-1,R3_live_candidate_gate_R03986,vwap_revert,0.004399442310061092,stop_market,40,-0.02256852529166972
seeded_source_mean_q80_full_year_segments,17083,2025-12-11 21:55:00+00:00,2025-12-11 22:00:00+00:00,2025-12-12 01:50:00+00:00,-1,R2_relax_winrate_payoff_R02019,wick_reject,0.001812677926175511,stop_market,47,-0.013567170325106773
seeded_source_mean_q80_full_year_segments,3533,2025-12-12 15:30:00+00:00,2025-12-12 15:35:00+00:00,2025-12-12 17:15:00+00:00,1,R2_relax_winrate_payoff_R04600,bb_revert,0.00233650634609315,target_limit,21,0.039028597384698646
seeded_source_mean_q80_full_year_segments,1943,2025-12-13 04:05:00+00:00,2025-12-13 04:10:00+00:00,2025-12-13 06:20:00+00:00,-1,R3_live_candidate_gate_R00307,macd_flip,0.002099840358804476,target_limit,27,0.011436593470900413
seeded_source_mean_q80_full_year_segments,8492,2025-12-14 00:15:00+00:00,2025-12-14 00:20:00+00:00,2025-12-14 03:25:00+00:00,1,R2_relax_winrate_payoff_R06697,wick_reject,0.0029471077747246096,stop_market,38,-0.016563019759851808
seeded_source_mean_q80_full_year_segments,13399,2025-12-14 09:15:00+00:00,2025-12-14 09:20:00+00:00,2025-12-14 10:10:00+00:00,1,R3_live_candidate_gate_R02498,trend_rsi_snapback,0.0039895197256178344,stop_market,11,-0.010563924384540685
seeded_source_mean_q80_full_year_segments,16629,2025-12-14 12:10:00+00:00,2025-12-14 12:15:00+00:00,2025-12-14 15:15:00+00:00,-1,R3_live_candidate_gate_R05251,trend_rsi_snapback,0.0018227987581177047,time_open,37,0.0025442004674828362
seeded_source_mean_q80_full_year_segments,13790,2025-12-15 00:25:00+00:00,2025-12-15 00:30:00+00:00,2025-12-15 00:40:00+00:00,-1,R1_relax_frequency_R05866,trend_rsi_snapback,0.001760169423935746,target_limit,3,0.011436593470900413
seeded_source_mean_q80_full_year_segments,16630,2025-12-15 16:30:00+00:00,2025-12-15 16:35:00+00:00,2025-12-15 17:00:00+00:00,-1,R3_live_candidate_gate_R05251,trend_rsi_snapback,0.0018227987581177047,target_limit,6,0.008436141815379541
seeded_source_mean_q80_full_year_segments,3534,2025-12-16 03:30:00+00:00,2025-12-16 03:35:00+00:00,2025-12-16 09:35:00+00:00,1,R2_relax_winrate_payoff_R04600,bb_revert,0.00233650634609315,time_open,73,0.0016714594519283866
seeded_source_mean_q80_full_year_segments,8136,2025-12-16 13:40:00+00:00,2025-12-16 13:45:00+00:00,2025-12-16 16:55:00+00:00,-1,R3_live_candidate_gate_R03986,vwap_revert,0.004399442310061092,target_limit,39,0.01543719567826161
seeded_source_mean_q80_full_year_segments,8495,2025-12-17 12:00:00+00:00,2025-12-17 12:05:00+00:00,2025-12-17 12:20:00+00:00,1,R2_relax_winrate_payoff_R06697,wick_reject,0.0029471077747246096,stop_market,4,-0.016563019759851808
seeded_source_mean_q80_full_year_segments,11576,2025-12-17 18:25:00+00:00,2025-12-17 18:30:00+00:00,2025-12-17 18:40:00+00:00,1,R2_relax_winrate_payoff_R06274,wick_reject,0.005557823828491281,stop_market,3,-0.013563472072196303
seeded_source_mean_q80_full_year_segments,21980,2025-12-18 10:05:00+00:00,2025-12-18 10:10:00+00:00,2025-12-18 11:10:00+00:00,-1,R3_live_candidate_gate_M00060,vwap_revert,0.002294965705934905,target_limit,13,0.006935915987619051
seeded_source_mean_q80_full_year_segments,3535,2025-12-18 17:25:00+00:00,2025-12-18 17:30:00+00:00,2025-12-18 18:50:00+00:00,1,R2_relax_winrate_payoff_R04600,bb_revert,0.00233650634609315,stop_market,17,-0.022562115135163045
seeded_source_mean_q80_full_year_segments,22701,2025-12-19 02:30:00+00:00,2025-12-19 02:35:00+00:00,2025-12-19 03:25:00+00:00,-1,R2_relax_winrate_payoff_R03840,wick_reject,0.003467083636848469,stop_market,11,-0.013567170325106995
seeded_source_mean_q80_full_year_segments,17356,2025-12-19 09:35:00+00:00,2025-12-19 09:40:00+00:00,2025-12-19 11:10:00+00:00,-1,R2_relax_winrate_payoff_R06914,vwap_revert,0.01146437877889639,stop_market,19,-0.030569729706392115
seeded_source_mean_q80_full_year_segments,4822,2025-12-19 14:50:00+00:00,2025-12-19 14:55:00+00:00,2025-12-19 15:15:00+00:00,-1,R3_live_candidate_gate_R05277,vwap_revert,0.004364462839696207,stop_market,5,-0.030569729706392115
seeded_source_mean_q80_full_year_segments,3536,2025-12-19 21:50:00+00:00,2025-12-19 21:55:00+00:00,2025-12-20 03:55:00+00:00,1,R2_relax_winrate_payoff_R04600,bb_revert,0.00233650634609315,time_open,73,0.0006832513132823941
seeded_source_mean_q80_full_year_segments,13400,2025-12-20 10:35:00+00:00,2025-12-20 10:40:00+00:00,2025-12-20 16:40:00+00:00,1,R3_live_candidate_gate_R02498,trend_rsi_snapback,0.0039895197256178344,time_open,73,0.0006367968437635877
seeded_source_mean_q80_full_year_segments,17086,2025-12-20 18:55:00+00:00,2025-12-20 19:00:00+00:00,2025-12-20 23:00:00+00:00,-1,R2_relax_winrate_payoff_R02019,wick_reject,0.001812677926175511,time_open,49,0.015012280056509491
seeded_source_mean_q80_full_year_segments,1949,2025-12-21 01:55:00+00:00,2025-12-21 02:00:00+00:00,2025-12-21 08:20:00+00:00,-1,R3_live_candidate_gate_R00307,macd_flip,0.002099840358804476,stop_market,77,-0.030569729706392115
seeded_source_mean_q80_full_year_segments,19548,2025-12-22 00:35:00+00:00,2025-12-22 00:40:00+00:00,2025-12-22 01:45:00+00:00,1,R1_relax_frequency_R06545,trend_rsi_snapback,0.002766404199155786,target_limit,14,0.01543215557514115
seeded_source_mean_q80_full_year_segments,15285,2025-12-22 14:30:00+00:00,2025-12-22 14:35:00+00:00,2025-12-22 22:35:00+00:00,-1,R2_relax_winrate_payoff_R06033,wick_reject,0.004088027201993224,time_open,97,0.0026418004067880565
seeded_source_mean_q80_full_year_segments,19990,2025-12-23 05:45:00+00:00,2025-12-23 05:50:00+00:00,2025-12-23 06:50:00+00:00,1,R2_relax_winrate_payoff_R01203,macd_flip,0.0021321825574980046,time_open,13,0.003959885892644271
seeded_source_mean_q80_full_year_segments,11763,2025-12-23 21:10:00+00:00,2025-12-23 21:15:00+00:00,2025-12-23 22:35:00+00:00,-1,R1_relax_frequency_R02791,vwap_revert,0.002808731245938696,target_limit,17,0.015437195678261722
seeded_source_mean_q80_full_year_segments,8497,2025-12-24 22:20:00+00:00,2025-12-24 22:25:00+00:00,2025-12-25 10:25:00+00:00,1,R2_relax_winrate_payoff_R06697,wick_reject,0.0029471077747246096,time_open,145,-0.009790242510784525
seeded_source_mean_q80_full_year_segments,13305,2025-12-25 16:35:00+00:00,2025-12-25 16:40:00+00:00,2025-12-25 22:45:00+00:00,1,R2_relax_winrate_payoff_R04099,wick_reject,0.0022655956476909157,stop_market,74,-0.013563472072196192
seeded_source_mean_q80_full_year_segments,22213,2025-12-26 15:00:00+00:00,2025-12-26 15:05:00+00:00,2025-12-26 21:15:00+00:00,1,R1_relax_frequency_R06150,wick_reject,0.0019068929016319326,target_limit,75,0.015432155575140927
seeded_source_mean_q80_full_year_segments,15286,2025-12-27 12:30:00+00:00,2025-12-27 12:35:00+00:00,2025-12-27 20:35:00+00:00,-1,R2_relax_winrate_payoff_R06033,wick_reject,0.004088027201993224,time_open,97,0.011699856613601957
seeded_source_mean_q80_full_year_segments,4927,2025-12-28 19:00:00+00:00,2025-12-28 19:05:00+00:00,2025-12-28 19:45:00+00:00,-1,R1_relax_frequency_R02700,wick_reject,0.002884700407837919,target_limit,9,0.008436141815379541
seeded_source_mean_q80_full_year_segments,19991,2025-12-29 00:25:00+00:00,2025-12-29 00:30:00+00:00,2025-12-29 01:30:00+00:00,1,R2_relax_winrate_payoff_R01203,macd_flip,0.0021321825574980046,time_open,13,0.006051788381569715
seeded_source_mean_q80_full_year_segments,8506,2025-12-29 02:00:00+00:00,2025-12-29 02:05:00+00:00,2025-12-29 09:05:00+00:00,1,R2_relax_winrate_payoff_R06697,wick_reject,0.0029471077747246096,stop_market,85,-0.016563019759851808
seeded_source_mean_q80_full_year_segments,19992,2025-12-30 05:45:00+00:00,2025-12-30 05:50:00+00:00,2025-12-30 06:50:00+00:00,1,R2_relax_winrate_payoff_R01203,macd_flip,0.0021321825574980046,time_open,13,0.0060240872739378394
seeded_source_mean_q80_full_year_segments,4928,2025-12-31 11:00:00+00:00,2025-12-31 11:05:00+00:00,2025-12-31 14:05:00+00:00,-1,R1_relax_frequency_R02700,wick_reject,0.002884700407837919,time_open,37,-0.014916724183737842
seeded_source_mean_q80_full_year_segments,15287,2025-12-31 20:30:00+00:00,2025-12-31 20:35:00+00:00,2026-01-01 04:35:00+00:00,-1,R2_relax_winrate_payoff_R06033,wick_reject,0.004088027201993224,time_open,97,-0.0022673530265883675
seeded_source_mean_q80_full_year_segments,15289,2026-01-01 14:50:00+00:00,2026-01-01 14:55:00+00:00,2026-01-01 15:40:00+00:00,-1,R2_relax_winrate_payoff_R06033,wick_reject,0.0029026564646533683,target_limit,10,0.02643885174850488
seeded_source_mean_q80_full_year_segments,15290,2026-01-02 02:35:00+00:00,2026-01-02 02:40:00+00:00,2026-01-02 10:05:00+00:00,-1,R2_relax_winrate_payoff_R06033,wick_reject,0.0029026564646533683,stop_market,90,-0.030569729706392115
seeded_source_mean_q80_full_year_segments,13401,2026-01-03 07:35:00+00:00,2026-01-03 07:40:00+00:00,2026-01-03 08:05:00+00:00,1,R3_live_candidate_gate_R02498,trend_rsi_snapback,0.003252837254043527,stop_market,6,-0.010563924384540685
seeded_source_mean_q80_full_year_segments,15293,2026-01-03 15:45:00+00:00,2026-01-03 15:50:00+00:00,2026-01-03 23:50:00+00:00,-1,R2_relax_winrate_payoff_R06033,wick_reject,0.0029026564646533683,time_open,97,-0.02144344454002769
seeded_source_mean_q80_full_year_segments,13402,2026-01-04 18:40:00+00:00,2026-01-04 18:45:00+00:00,2026-01-04 21:20:00+00:00,1,R3_live_candidate_gate_R02498,trend_rsi_snapback,0.003252837254043527,target_limit,32,0.029430044784200624
seeded_source_mean_q80_full_year_segments,15583,2026-01-05 10:40:00+00:00,2026-01-05 10:45:00+00:00,2026-01-05 13:40:00+00:00,1,R2_relax_winrate_payoff_R06895,vwap_revert,0.0024424909827479315,stop_market,36,-0.013563472072196303
seeded_source_mean_q80_full_year_segments,13403,2026-01-05 22:10:00+00:00,2026-01-05 22:15:00+00:00,2026-01-06 00:35:00+00:00,1,R3_live_candidate_gate_R02498,trend_rsi_snapback,0.003252837254043527,stop_market,29,-0.010563924384540574
seeded_source_mean_q80_full_year_segments,12692,2026-01-06 02:40:00+00:00,2026-01-06 02:45:00+00:00,2026-01-06 03:45:00+00:00,1,R1_relax_frequency_R06679,vwap_revert,0.0027881882786365618,target_limit,13,0.006933437126783659
seeded_source_mean_q80_full_year_segments,13965,2026-01-06 07:00:00+00:00,2026-01-06 07:05:00+00:00,2026-01-06 09:05:00+00:00,-1,R2_relax_winrate_payoff_R00348,macd_flip,0.001967806813384154,time_open,25,0.0037096153551614236
seeded_source_mean_q80_full_year_segments,17092,2026-01-06 12:30:00+00:00,2026-01-06 12:35:00+00:00,2026-01-06 16:25:00+00:00,1,R2_relax_winrate_payoff_R02019,wick_reject,0.002178903739385712,stop_market,47,-0.013563472072196192
seeded_source_mean_q80_full_year_segments,19994,2026-01-06 21:15:00+00:00,2026-01-06 21:20:00+00:00,2026-01-06 22:20:00+00:00,1,R2_relax_winrate_payoff_R01203,macd_flip,0.0016080963175973452,time_open,13,-0.014278962262495396
seeded_source_mean_q80_full_year_segments,21982,2026-01-07 01:20:00+00:00,2026-01-07 01:25:00+00:00,2026-01-07 02:25:00+00:00,1,R3_live_candidate_gate_M00060,vwap_revert,0.0019005816459199292,target_limit,13,0.006933437126783659
seeded_source_mean_q80_full_year_segments,7396,2026-01-07 14:40:00+00:00,2026-01-07 14:45:00+00:00,2026-01-07 18:20:00+00:00,-1,R2_relax_winrate_payoff_R06730,wick_reject,0.0026009744579924667,stop_market,44,-0.016567621980627976
seeded_source_mean_q80_full_year_segments,13967,2026-01-07 21:40:00+00:00,2026-01-07 21:45:00+00:00,2026-01-07 22:30:00+00:00,-1,R2_relax_winrate_payoff_R00348,macd_flip,0.001967806813384154,stop_market,10,-0.013567170325106995
seeded_source_mean_q80_full_year_segments,17094,2026-01-08 14:25:00+00:00,2026-01-08 14:30:00+00:00,2026-01-08 18:30:00+00:00,1,R2_relax_winrate_payoff_R02019,wick_reject,0.002178903739385712,time_open,49,0.005526322463868875
seeded_source_mean_q80_full_year_segments,1954,2026-01-08 22:35:00+00:00,2026-01-08 22:40:00+00:00,2026-01-09 06:40:00+00:00,-1,R3_live_candidate_gate_R00307,macd_flip,0.001994131985579326,time_open,97,-0.01937446394070125
seeded_source_mean_q80_full_year_segments,1955,2026-01-09 23:10:00+00:00,2026-01-09 23:15:00+00:00,2026-01-10 00:15:00+00:00,-1,R3_live_candidate_gate_R00307,macd_flip,0.001994131985579326,target_limit,13,0.011436593470900413
seeded_source_mean_q80_full_year_segments,1958,2026-01-10 17:45:00+00:00,2026-01-10 17:50:00+00:00,2026-01-10 17:50:00+00:00,-1,R3_live_candidate_gate_R00307,macd_flip,0.001994131985579326,target_limit,1,0.011436593470900301
seeded_source_mean_q80_full_year_segments,4937,2026-01-11 15:25:00+00:00,2026-01-11 15:30:00+00:00,2026-01-11 18:30:00+00:00,-1,R1_relax_frequency_R02700,wick_reject,0.0024586339851532,time_open,37,-0.004587196321996756
seeded_source_mean_q80_full_year_segments,11577,2026-01-12 03:10:00+00:00,2026-01-12 03:15:00+00:00,2026-01-12 08:35:00+00:00,-1,R2_relax_winrate_payoff_R06274,wick_reject,0.004350204851419834,target_limit,65,0.02943930340402575
seeded_source_mean_q80_full_year_segments,20785,2026-01-12 14:15:00+00:00,2026-01-12 14:20:00+00:00,2026-01-12 19:30:00+00:00,-1,R2_relax_winrate_payoff_R02890,macd_flip,0.00491741799710979,stop_market,63,-0.02256852529166972
seeded_source_mean_q80_full_year_segments,17357,2026-01-12 20:35:00+00:00,2026-01-12 20:40:00+00:00,2026-01-13 08:40:00+00:00,-1,R2_relax_winrate_payoff_R06914,vwap_revert,0.007409400895190549,time_open,145,-0.018310671862826415
seeded_source_mean_q80_full_year_segments,15296,2026-01-13 15:35:00+00:00,2026-01-13 15:40:00+00:00,2026-01-13 20:05:00+00:00,-1,R2_relax_winrate_payoff_R06033,wick_reject,0.0029026564646533683,stop_market,54,-0.030569729706392115
seeded_source_mean_q80_full_year_segments,13968,2026-01-13 23:30:00+00:00,2026-01-13 23:35:00+00:00,2026-01-14 00:00:00+00:00,-1,R2_relax_winrate_payoff_R00348,macd_flip,0.001967806813384154,stop_market,6,-0.013567170325106995
seeded_source_mean_q80_full_year_segments,13969,2026-01-14 16:15:00+00:00,2026-01-14 16:20:00+00:00,2026-01-14 16:40:00+00:00,-1,R2_relax_winrate_payoff_R00348,macd_flip,0.001967806813384154,stop_market,5,-0.013567170325106995
seeded_source_mean_q80_full_year_segments,1963,2026-01-15 01:30:00+00:00,2026-01-15 01:35:00+00:00,2026-01-15 02:30:00+00:00,-1,R3_live_candidate_gate_R00307,macd_flip,0.001994131985579326,target_limit,12,0.011436593470900524
seeded_source_mean_q80_full_year_segments,11579,2026-01-15 18:40:00+00:00,2026-01-15 18:45:00+00:00,2026-01-15 20:45:00+00:00,1,R2_relax_winrate_payoff_R06274,wick_reject,0.004297820450550794,stop_market,25,-0.013563472072196192
seeded_source_mean_q80_full_year_segments,19906,2026-01-16 05:00:00+00:00,2026-01-16 05:05:00+00:00,2026-01-16 09:05:00+00:00,-1,R1_relax_frequency_R03760,wick_reject,0.0030866558537920646,time_open,49,-0.016987869421221914
seeded_source_mean_q80_full_year_segments,19554,2026-01-18 07:20:00+00:00,2026-01-18 07:25:00+00:00,2026-01-18 11:25:00+00:00,1,R1_relax_frequency_R06545,trend_rsi_snapback,0.0025940761169228397,time_open,49,2.1658110718567698e-05
seeded_source_mean_q80_full_year_segments,15299,2026-01-18 17:50:00+00:00,2026-01-18 17:55:00+00:00,2026-01-18 23:25:00+00:00,-1,R2_relax_winrate_payoff_R06033,wick_reject,0.0029026564646533683,target_limit,67,0.026438851748504768
seeded_source_mean_q80_full_year_segments,17098,2026-01-19 05:30:00+00:00,2026-01-19 05:35:00+00:00,2026-01-19 08:30:00+00:00,-1,R2_relax_winrate_payoff_R02019,wick_reject,0.0022312881402547524,stop_market,36,-0.013567170325106995
seeded_source_mean_q80_full_year_segments,17099,2026-01-19 14:35:00+00:00,2026-01-19 14:40:00+00:00,2026-01-19 18:40:00+00:00,1,R2_relax_winrate_payoff_R02019,wick_reject,0.002178903739385712,time_open,49,0.006102732517660348
seeded_source_mean_q80_full_year_segments,1965,2026-01-20 01:05:00+00:00,2026-01-20 01:10:00+00:00,2026-01-20 05:25:00+00:00,-1,R3_live_candidate_gate_R00307,macd_flip,0.001994131985579326,target_limit,52,0.011436593470900524
seeded_source_mean_q80_full_year_segments,8148,2026-01-21 04:45:00+00:00,2026-01-21 04:50:00+00:00,2026-01-21 08:05:00+00:00,-1,R3_live_candidate_gate_R03986,vwap_revert,0.0034739048767771052,target_limit,40,0.015437195678261722
seeded_source_mean_q80_full_year_segments,1968,2026-01-21 12:00:00+00:00,2026-01-21 12:05:00+00:00,2026-01-21 14:10:00+00:00,-1,R3_live_candidate_gate_R00307,macd_flip,0.001994131985579326,stop_market,26,-0.030569729706392115
seeded_source_mean_q80_full_year_segments,1969,2026-01-22 13:50:00+00:00,2026-01-22 13:55:00+00:00,2026-01-22 14:45:00+00:00,-1,R3_live_candidate_gate_R00307,macd_flip,0.001994131985579326,target_limit,11,0.011436593470900413
seeded_source_mean_q80_full_year_segments,19998,2026-01-23 10:10:00+00:00,2026-01-23 10:15:00+00:00,2026-01-23 11:15:00+00:00,1,R2_relax_winrate_payoff_R01203,macd_flip,0.0016080963175973452,time_open,13,0.00339402627435903
seeded_source_mean_q80_full_year_segments,8339,2026-01-23 13:55:00+00:00,2026-01-23 14:00:00+00:00,2026-01-23 15:55:00+00:00,-1,R1_relax_frequency_R01159,bb_revert,0.003181424284170201,stop_market,24,-0.040571235224795166
seeded_source_mean_q80_full_year_segments,21793,2026-01-23 18:10:00+00:00,2026-01-23 18:15:00+00:00,2026-01-23 20:15:00+00:00,-1,R2_relax_winrate_payoff_R01376,vwap_revert,0.0029402356867129073,time_open,25,0.00971502269755104
seeded_source_mean_q80_full_year_segments,13410,2026-01-24 23:45:00+00:00,2026-01-24 23:50:00+00:00,2026-01-25 03:15:00+00:00,1,R3_live_candidate_gate_R02498,trend_rsi_snapback,0.003252837254043527,stop_market,42,-0.010563924384540574
seeded_source_mean_q80_full_year_segments,1970,2026-01-25 08:35:00+00:00,2026-01-25 08:40:00+00:00,2026-01-25 08:55:00+00:00,-1,R3_live_candidate_gate_R00307,macd_flip,0.001994131985579326,target_limit,4,0.011436593470900413
seeded_source_mean_q80_full_year_segments,8152,2026-01-26 01:15:00+00:00,2026-01-26 01:20:00+00:00,2026-01-26 03:20:00+00:00,-1,R3_live_candidate_gate_R03986,vwap_revert,0.0034739048767771052,target_limit,25,0.015437195678261722
seeded_source_mean_q80_full_year_segments,11781,2026-01-26 09:05:00+00:00,2026-01-26 09:10:00+00:00,2026-01-26 12:10:00+00:00,-1,R1_relax_frequency_R02791,vwap_revert,0.002448493279339152,time_open,37,0.002345491711729644
seeded_source_mean_q80_full_year_segments,15676,2026-01-27 06:10:00+00:00,2026-01-27 06:15:00+00:00,2026-01-27 12:15:00+00:00,1,R2_relax_winrate_payoff_R05092,macd_flip,0.0017356481467704305,time_open,73,0.010871372318766238
seeded_source_mean_q80_full_year_segments,15302,2026-01-27 17:25:00+00:00,2026-01-27 17:30:00+00:00,2026-01-27 18:45:00+00:00,-1,R2_relax_winrate_payoff_R06033,wick_reject,0.0029026564646533683,stop_market,16,-0.030569729706392115
seeded_source_mean_q80_full_year_segments,13411,2026-01-28 05:55:00+00:00,2026-01-28 06:00:00+00:00,2026-01-28 06:55:00+00:00,1,R3_live_candidate_gate_R02498,trend_rsi_snapback,0.003252837254043527,target_limit,12,0.0294300447842004
seeded_source_mean_q80_full_year_segments,11582,2026-01-28 09:50:00+00:00,2026-01-28 09:55:00+00:00,2026-01-28 10:05:00+00:00,-1,R2_relax_winrate_payoff_R06274,wick_reject,0.004350204851419834,stop_market,3,-0.013567170325106995
seeded_source_mean_q80_full_year_segments,8340,2026-01-29 03:10:00+00:00,2026-01-29 03:15:00+00:00,2026-01-29 06:15:00+00:00,1,R1_relax_frequency_R01159,bb_revert,0.0031290398833011606,target_limit,37,0.01543215557514115
seeded_source_mean_q80_full_year_segments,15303,2026-01-29 12:15:00+00:00,2026-01-29 12:20:00+00:00,2026-01-29 15:00:00+00:00,-1,R2_relax_winrate_payoff_R06033,wick_reject,0.0029026564646533683,target_limit,33,0.02643885174850499
seeded_source_mean_q80_full_year_segments,15678,2026-01-30 00:15:00+00:00,2026-01-30 00:20:00+00:00,2026-01-30 01:40:00+00:00,-1,R2_relax_winrate_payoff_R05092,macd_flip,0.0017880325476394704,target_limit,17,0.032439755059546736
seeded_source_mean_q80_full_year_segments,2240,2026-01-30 04:35:00+00:00,2026-01-30 04:40:00+00:00,2026-01-30 06:10:00+00:00,-1,R1_relax_frequency_R04051,vwap_revert,0.0032655121957425814,target_limit,19,0.021438098989303354
seeded_source_mean_q80_full_year_segments,20353,2026-01-30 12:15:00+00:00,2026-01-30 12:20:00+00:00,2026-01-30 14:30:00+00:00,-1,R2_relax_winrate_payoff_R00444,vwap_revert,0.0035223707166250054,target_limit,27,0.03023942384549808
seeded_source_mean_q80_full_year_segments,8162,2026-01-30 23:10:00+00:00,2026-01-30 23:15:00+00:00,2026-01-31 00:25:00+00:00,-1,R3_live_candidate_gate_R03986,vwap_revert,0.0034739048767771052,stop_market,15,-0.02256852529166972
seeded_source_mean_q80_full_year_segments,17799,2026-01-31 05:10:00+00:00,2026-01-31 05:15:00+00:00,2026-01-31 06:15:00+00:00,1,R3_live_candidate_gate_R04672,vwap_revert,0.0018263924587129201,time_open,13,-0.0024704232228787513
seeded_source_mean_q80_full_year_segments,21798,2026-01-31 14:30:00+00:00,2026-01-31 14:35:00+00:00,2026-01-31 15:55:00+00:00,1,R2_relax_winrate_payoff_R01376,vwap_revert,0.002887851285843867,stop_market,17,-0.030560908968911286
seeded_source_mean_q80_full_year_segments,20002,2026-01-31 17:15:00+00:00,2026-01-31 17:20:00+00:00,2026-01-31 17:30:00+00:00,1,R2_relax_winrate_payoff_R01203,macd_flip,0.0016080963175973452,stop_market,3,-0.016563019759851697
seeded_source_mean_q80_full_year_segments,16649,2026-01-31 18:00:00+00:00,2026-01-31 18:05:00+00:00,2026-01-31 18:15:00+00:00,-1,R3_live_candidate_gate_R05251,trend_rsi_snapback,0.0019453819341392303,target_limit,3,0.008436141815379541
seeded_source_mean_q80_full_year_segments,15589,2026-02-01 07:40:00+00:00,2026-02-01 07:45:00+00:00,2026-02-01 10:55:00+00:00,1,R2_relax_winrate_payoff_R06895,vwap_revert,0.003088136673503086,stop_market,39,-0.013563472072196192
seeded_source_mean_q80_full_year_segments,8164,2026-02-01 21:40:00+00:00,2026-02-01 21:45:00+00:00,2026-02-01 22:10:00+00:00,-1,R3_live_candidate_gate_R03986,vwap_revert,0.0035219961978290265,stop_market,6,-0.02256852529166972
seeded_source_mean_q80_full_year_segments,11583,2026-02-02 05:30:00+00:00,2026-02-02 05:35:00+00:00,2026-02-02 06:35:00+00:00,-1,R2_relax_winrate_payoff_R06274,wick_reject,0.0032170641504822234,target_limit,13,0.02943930340402575
seeded_source_mean_q80_full_year_segments,11584,2026-02-03 01:05:00+00:00,2026-02-03 01:10:00+00:00,2026-02-03 01:40:00+00:00,-1,R2_relax_winrate_payoff_R06274,wick_reject,0.0032170641504822234,stop_market,7,-0.013567170325106995
seeded_source_mean_q80_full_year_segments,4243,2026-02-03 12:10:00+00:00,2026-02-03 12:15:00+00:00,2026-02-03 12:20:00+00:00,-1,R1_relax_frequency_M00048,bb_revert,0.0021809844858931594,target_limit,2,0.011436593470900301
seeded_source_mean_q80_full_year_segments,7404,2026-02-03 15:25:00+00:00,2026-02-03 15:30:00+00:00,2026-02-03 16:25:00+00:00,-1,R2_relax_winrate_payoff_R06730,wick_reject,0.0024207710804874617,target_limit,12,0.028239122741817536
seeded_source_mean_q80_full_year_segments,21985,2026-02-04 04:20:00+00:00,2026-02-04 04:25:00+00:00,2026-02-04 05:40:00+00:00,-1,R3_live_candidate_gate_M00060,vwap_revert,0.0022490071899497776,target_limit,16,0.006935915987619051
seeded_source_mean_q80_full_year_segments,4832,2026-02-04 12:25:00+00:00,2026-02-04 12:30:00+00:00,2026-02-04 13:55:00+00:00,-1,R3_live_candidate_gate_R05277,vwap_revert,0.003761424718186752,target_limit,18,0.021438098989303465
seeded_source_mean_q80_full_year_segments,11585,2026-02-05 11:45:00+00:00,2026-02-05 11:50:00+00:00,2026-02-05 11:50:00+00:00,1,R2_relax_winrate_payoff_R06274,wick_reject,0.0031652645329463464,stop_market,1,-0.013563472072196192
seeded_source_mean_q80_full_year_segments,8167,2026-02-05 17:50:00+00:00,2026-02-05 17:55:00+00:00,2026-02-05 18:15:00+00:00,-1,R3_live_candidate_gate_R03986,vwap_revert,0.0035219961978290265,target_limit,5,0.01543719567826161
seeded_source_mean_q80_full_year_segments,17373,2026-02-05 23:30:00+00:00,2026-02-05 23:35:00+00:00,2026-02-06 00:20:00+00:00,-1,R2_relax_winrate_payoff_R06914,vwap_revert,0.0069777960285149565,target_limit,10,0.053442916648192944
seeded_source_mean_q80_full_year_segments,13188,2026-02-07 01:55:00+00:00,2026-02-07 02:00:00+00:00,2026-02-07 04:15:00+00:00,-1,R2_relax_winrate_payoff_R05814,vwap_revert,0.002596859574269383,stop_market,28,-0.030569729706392115
seeded_source_mean_q80_full_year_segments,20206,2026-02-07 18:35:00+00:00,2026-02-07 18:40:00+00:00,2026-02-07 19:10:00+00:00,-1,R1_relax_frequency_R06015,bb_revert,0.0019161030138778452,target_limit,7,0.011436593470900413
seeded_source_mean_q80_full_year_segments,11791,2026-02-08 02:05:00+00:00,2026-02-08 02:10:00+00:00,2026-02-08 02:45:00+00:00,-1,R1_relax_frequency_R02791,vwap_revert,0.0028928039233822294,target_limit,8,0.0154371956782615
seeded_source_mean_q80_full_year_segments,4945,2026-02-09 13:45:00+00:00,2026-02-09 13:50:00+00:00,2026-02-09 16:05:00+00:00,-1,R1_relax_frequency_R02700,wick_reject,0.002306840028694091,target_limit,28,0.00843614181537943
seeded_source_mean_q80_full_year_segments,13192,2026-02-10 01:25:00+00:00,2026-02-10 01:30:00+00:00,2026-02-10 04:20:00+00:00,-1,R2_relax_winrate_payoff_R05814,vwap_revert,0.002596859574269383,target_limit,35,0.02643885174850488
seeded_source_mean_q80_full_year_segments,4839,2026-02-10 16:15:00+00:00,2026-02-10 16:20:00+00:00,2026-02-10 19:20:00+00:00,-1,R3_live_candidate_gate_R05277,vwap_revert,0.003761424718186752,time_open,37,0.01122060827633812
seeded_source_mean_q80_full_year_segments,8343,2026-02-11 00:45:00+00:00,2026-02-11 00:50:00+00:00,2026-02-11 04:10:00+00:00,-1,R1_relax_frequency_R01159,bb_revert,0.003091524135129994,target_limit,41,0.01543719567826161
seeded_source_mean_q80_full_year_segments,2254,2026-02-11 06:30:00+00:00,2026-02-11 06:35:00+00:00,2026-02-11 08:15:00+00:00,-1,R1_relax_frequency_R04051,vwap_revert,0.003949930020428024,target_limit,21,0.021438098989303465
seeded_source_mean_q80_full_year_segments,11799,2026-02-11 16:20:00+00:00,2026-02-11 16:25:00+00:00,2026-02-11 19:25:00+00:00,-1,R1_relax_frequency_R02791,vwap_revert,0.0028928039233822294,time_open,37,-0.00837959367863472
seeded_source_mean_q80_full_year_segments,19557,2026-02-12 12:40:00+00:00,2026-02-12 12:45:00+00:00,2026-02-12 13:00:00+00:00,1,R1_relax_frequency_R06545,trend_rsi_snapback,0.00227018945834555,stop_market,4,-0.016563019759851808
seeded_source_mean_q80_full_year_segments,19558,2026-02-13 00:35:00+00:00,2026-02-13 00:40:00+00:00,2026-02-13 02:25:00+00:00,1,R1_relax_frequency_R06545,trend_rsi_snapback,0.00227018945834555,target_limit,22,0.01543215557514115
seeded_source_mean_q80_full_year_segments,1977,2026-02-13 14:05:00+00:00,2026-02-13 14:10:00+00:00,2026-02-13 15:05:00+00:00,-1,R3_live_candidate_gate_R00307,macd_flip,0.0018438726087753828,stop_market,12,-0.030569729706392115
seeded_source_mean_q80_full_year_segments,1978,2026-02-15 03:35:00+00:00,2026-02-15 03:40:00+00:00,2026-02-15 08:30:00+00:00,-1,R3_live_candidate_gate_R00307,macd_flip,0.0018438726087753828,target_limit,59,0.011436593470900524
seeded_source_mean_q80_full_year_segments,1980,2026-02-16 03:25:00+00:00,2026-02-16 03:30:00+00:00,2026-02-16 05:10:00+00:00,-1,R3_live_candidate_gate_R00307,macd_flip,0.0018438726087753828,target_limit,21,0.011436593470900413
seeded_source_mean_q80_full_year_segments,22218,2026-02-16 21:10:00+00:00,2026-02-16 21:15:00+00:00,2026-02-16 22:10:00+00:00,1,R1_relax_frequency_R06150,wick_reject,0.001951468070509613,target_limit,12,0.01543215557514115
seeded_source_mean_q80_full_year_segments,21396,2026-02-17 08:35:00+00:00,2026-02-17 08:40:00+00:00,2026-02-17 20:40:00+00:00,-1,R2_relax_winrate_payoff_R03290,macd_flip,0.0019543224709259698,time_open,145,0.007207524301448032
seeded_source_mean_q80_full_year_segments,11804,2026-02-18 03:40:00+00:00,2026-02-18 03:45:00+00:00,2026-02-18 06:45:00+00:00,-1,R1_relax_frequency_R02791,vwap_revert,0.0028928039233822294,time_open,37,-0.004640065105148035
seeded_source_mean_q80_full_year_segments,2263,2026-02-19 03:55:00+00:00,2026-02-19 04:00:00+00:00,2026-02-19 10:00:00+00:00,-1,R1_relax_frequency_R04051,vwap_revert,0.003949930020428024,time_open,73,0.0008341812181498163
seeded_source_mean_q80_full_year_segments,1795,2026-02-19 18:30:00+00:00,2026-02-19 18:35:00+00:00,2026-02-19 21:20:00+00:00,-1,R1_relax_frequency_R00387,vwap_revert,0.003655876556488454,stop_market,34,-0.030569729706392115
seeded_source_mean_q80_full_year_segments,13416,2026-02-20 07:20:00+00:00,2026-02-20 07:25:00+00:00,2026-02-20 08:00:00+00:00,1,R3_live_candidate_gate_R02498,trend_rsi_snapback,0.0032071626310919217,stop_market,8,-0.010563924384540574
seeded_source_mean_q80_full_year_segments,13417,2026-02-20 12:30:00+00:00,2026-02-20 12:35:00+00:00,2026-02-20 13:30:00+00:00,1,R3_live_candidate_gate_R02498,trend_rsi_snapback,0.0032071626310919217,stop_market,12,-0.010563924384540574
seeded_source_mean_q80_full_year_segments,8532,2026-02-20 16:20:00+00:00,2026-02-20 16:25:00+00:00,2026-02-20 16:40:00+00:00,1,R2_relax_winrate_payoff_R06697,wick_reject,0.0024379687123068125,stop_market,4,-0.016563019759851808
seeded_source_mean_q80_full_year_segments,19559,2026-02-21 03:10:00+00:00,2026-02-21 03:15:00+00:00,2026-02-21 07:15:00+00:00,1,R1_relax_frequency_R06545,trend_rsi_snapback,0.00227018945834555,time_open,49,-0.0035463882943953494
seeded_source_mean_q80_full_year_segments,13507,2026-02-21 12:05:00+00:00,2026-02-21 12:10:00+00:00,2026-02-21 16:10:00+00:00,-1,R3_live_candidate_gate_R01154,wick_reject,0.004393500598373305,time_open,49,0.01211593465595186
seeded_source_mean_q80_full_year_segments,7405,2026-02-23 01:00:00+00:00,2026-02-23 01:05:00+00:00,2026-02-23 01:05:00+00:00,1,R2_relax_winrate_payoff_R06730,wick_reject,0.0023689714629515847,stop_market,1,-0.016563019759851808
seeded_source_mean_q80_full_year_segments,8178,2026-02-23 09:40:00+00:00,2026-02-23 09:45:00+00:00,2026-02-23 12:00:00+00:00,-1,R3_live_candidate_gate_R03986,vwap_revert,0.0035219961978290265,target_limit,28,0.01543719567826161
seeded_source_mean_q80_full_year_segments,11586,2026-02-23 17:50:00+00:00,2026-02-23 17:55:00+00:00,2026-02-24 03:00:00+00:00,1,R2_relax_winrate_payoff_R06274,wick_reject,0.0031652645329463464,stop_market,110,-0.013563472072196192
seeded_source_mean_q80_full_year_segments,20368,2026-02-24 08:55:00+00:00,2026-02-24 09:00:00+00:00,2026-02-24 14:50:00+00:00,-1,R2_relax_winrate_payoff_R00444,vwap_revert,0.004530706294559037,stop_market,71,-0.02256852529166972
seeded_source_mean_q80_full_year_segments,13418,2026-02-25 03:45:00+00:00,2026-02-25 03:50:00+00:00,2026-02-25 05:30:00+00:00,1,R3_live_candidate_gate_R02498,trend_rsi_snapback,0.0032071626310919217,stop_market,21,-0.010563924384540574
seeded_source_mean_q80_full_year_segments,8533,2026-02-25 13:10:00+00:00,2026-02-25 13:15:00+00:00,2026-02-26 01:15:00+00:00,1,R2_relax_winrate_payoff_R06697,wick_reject,0.0024379687123068125,time_open,145,0.032177450369086286
seeded_source_mean_q80_full_year_segments,8537,2026-02-26 10:15:00+00:00,2026-02-26 10:20:00+00:00,2026-02-26 11:05:00+00:00,1,R2_relax_winrate_payoff_R06697,wick_reject,0.0024379687123068125,stop_market,10,-0.016563019759851808
seeded_source_mean_q80_full_year_segments,4246,2026-02-26 18:55:00+00:00,2026-02-26 19:00:00+00:00,2026-02-27 03:00:00+00:00,-1,R1_relax_frequency_M00048,bb_revert,0.0021809844858931594,time_open,97,-0.010898631356910701
seeded_source_mean_q80_full_year_segments,4247,2026-02-27 18:30:00+00:00,2026-02-27 18:35:00+00:00,2026-02-27 19:05:00+00:00,-1,R1_relax_frequency_M00048,bb_revert,0.0021809844858931594,target_limit,7,0.011436593470900413
seeded_source_mean_q80_full_year_segments,8262,2026-02-28 01:50:00+00:00,2026-02-28 01:55:00+00:00,2026-02-28 06:15:00+00:00,-1,R2_relax_winrate_payoff_R00997,micro_breakout,0.0021826947369163355,target_limit,53,0.0192377677752547
seeded_source_mean_q80_full_year_segments,21807,2026-02-28 18:25:00+00:00,2026-02-28 18:30:00+00:00,2026-02-28 20:20:00+00:00,-1,R2_relax_winrate_payoff_R01376,vwap_revert,0.00235502170567303,stop_market,23,-0.030569729706392115
seeded_source_mean_q80_full_year_segments,8541,2026-02-28 23:55:00+00:00,2026-03-01 00:00:00+00:00,2026-03-01 00:30:00+00:00,1,R2_relax_winrate_payoff_R06697,wick_reject,0.0024379687123068125,stop_market,7,-0.016563019759851808
seeded_source_mean_q80_full_year_segments,11588,2026-03-01 15:55:00+00:00,2026-03-01 16:00:00+00:00,2026-03-01 16:00:00+00:00,-1,R2_relax_winrate_payoff_R06274,wick_reject,0.003191275966443035,stop_market,1,-0.013567170325106995
seeded_source_mean_q80_full_year_segments,21991,2026-03-02 02:10:00+00:00,2026-03-02 02:15:00+00:00,2026-03-02 04:40:00+00:00,1,R3_live_candidate_gate_M00060,vwap_revert,0.0021051137636503956,stop_market,30,-0.022562115135163045
seeded_source_mean_q80_full_year_segments,13326,2026-03-02 14:35:00+00:00,2026-03-02 14:40:00+00:00,2026-03-02 15:05:00+00:00,1,R2_relax_winrate_payoff_R04099,wick_reject,0.0023936047917030023,target_limit,6,0.022831039871358334
seeded_source_mean_q80_full_year_segments,8263,2026-03-03 02:00:00+00:00,2026-03-03 02:05:00+00:00,2026-03-03 08:05:00+00:00,1,R2_relax_winrate_payoff_R00997,micro_breakout,0.0024937077066183645,time_open,73,-0.0006058580902829096
seeded_source_mean_q80_full_year_segments,13512,2026-03-03 23:10:00+00:00,2026-03-03 23:15:00+00:00,2026-03-04 03:15:00+00:00,-1,R3_live_candidate_gate_R01154,wick_reject,0.004053016728074702,time_open,49,0.012921551543097636
seeded_source_mean_q80_full_year_segments,21992,2026-03-04 06:50:00+00:00,2026-03-04 06:55:00+00:00,2026-03-04 07:50:00+00:00,-1,R3_live_candidate_gate_M00060,vwap_revert,0.002186229777447401,stop_market,12,-0.02256852529166972
seeded_source_mean_q80_full_year_segments,20216,2026-03-04 17:45:00+00:00,2026-03-04 17:50:00+00:00,2026-03-04 19:10:00+00:00,1,R1_relax_frequency_R06015,bb_revert,0.002356596324776842,target_limit,17,0.011432758658267142
seeded_source_mean_q80_full_year_segments,3569,2026-03-05 01:50:00+00:00,2026-03-05 01:55:00+00:00,2026-03-05 07:55:00+00:00,1,R2_relax_winrate_payoff_R04600,bb_revert,0.002061042187158485,time_open,73,-0.001129014430366531
seeded_source_mean_q80_full_year_segments,20798,2026-03-05 16:05:00+00:00,2026-03-05 16:10:00+00:00,2026-03-06 04:10:00+00:00,-1,R2_relax_winrate_payoff_R02890,macd_flip,0.0031420582558384733,time_open,145,0.00860376069270838
seeded_source_mean_q80_full_year_segments,22867,2026-03-06 06:50:00+00:00,2026-03-06 06:55:00+00:00,2026-03-06 09:20:00+00:00,-1,R1_relax_frequency_R00899,trend_rsi_snapback,0.002553081209658191,target_limit,30,0.01543719567826161
seeded_source_mean_q80_full_year_segments,16662,2026-03-06 15:25:00+00:00,2026-03-06 15:30:00+00:00,2026-03-06 17:20:00+00:00,-1,R3_live_candidate_gate_R05251,trend_rsi_snapback,0.0019227679868260433,target_limit,23,0.008436141815379541
seeded_source_mean_q80_full_year_segments,13328,2026-03-07 05:10:00+00:00,2026-03-07 05:15:00+00:00,2026-03-07 11:15:00+00:00,-1,R2_relax_winrate_payoff_R04099,wick_reject,0.002474720805500008,stop_market,73,-0.013567170325106995
seeded_source_mean_q80_full_year_segments,13513,2026-03-07 18:10:00+00:00,2026-03-07 18:15:00+00:00,2026-03-07 22:15:00+00:00,-1,R3_live_candidate_gate_R01154,wick_reject,0.004053016728074702,time_open,49,0.011148939106468069
seeded_source_mean_q80_full_year_segments,17713,2026-03-08 01:45:00+00:00,2026-03-08 01:50:00+00:00,2026-03-08 09:50:00+00:00,-1,R2_relax_winrate_payoff_R00114,macd_flip,0.0019819886722042793,time_open,97,-0.010636156620925173
seeded_source_mean_q80_full_year_segments,8264,2026-03-08 13:45:00+00:00,2026-03-08 13:50:00+00:00,2026-03-08 19:50:00+00:00,1,R2_relax_winrate_payoff_R00997,micro_breakout,0.0024937077066183645,time_open,73,0.008730585503678579
seeded_source_mean_q80_full_year_segments,7411,2026-03-09 13:45:00+00:00,2026-03-09 13:50:00+00:00,2026-03-09 14:15:00+00:00,-1,R2_relax_winrate_payoff_R06730,wick_reject,0.003878935442525298,stop_market,6,-0.016567621980627976
seeded_source_mean_q80_full_year_segments,20217,2026-03-10 00:20:00+00:00,2026-03-10 00:25:00+00:00,2026-03-10 03:10:00+00:00,1,R1_relax_frequency_R06015,bb_revert,0.002356596324776842,target_limit,34,0.01143275865826692
seeded_source_mean_q80_full_year_segments,8551,2026-03-10 08:50:00+00:00,2026-03-10 08:55:00+00:00,2026-03-10 13:35:00+00:00,1,R2_relax_winrate_payoff_R06697,wick_reject,0.0019092229923351064,stop_market,57,-0.016563019759851808
seeded_source_mean_q80_full_year_segments,12701,2026-03-10 17:15:00+00:00,2026-03-10 17:20:00+00:00,2026-03-10 23:20:00+00:00,1,R1_relax_frequency_R06679,vwap_revert,0.0028867423060200954,time_open,73,0.002200500825814183
seeded_source_mean_q80_full_year_segments,17714,2026-03-11 09:55:00+00:00,2026-03-11 10:00:00+00:00,2026-03-11 12:10:00+00:00,-1,R2_relax_winrate_payoff_R00114,macd_flip,0.0019819886722042793,stop_market,27,-0.02256852529166994
seeded_source_mean_q80_full_year_segments,8554,2026-03-11 14:25:00+00:00,2026-03-11 14:30:00+00:00,2026-03-12 02:30:00+00:00,1,R2_relax_winrate_payoff_R06697,wick_reject,0.0019092229923351064,time_open,145,-0.004861828498161016
seeded_source_mean_q80_full_year_segments,7412,2026-03-12 05:55:00+00:00,2026-03-12 06:00:00+00:00,2026-03-12 10:20:00+00:00,-1,R2_relax_winrate_payoff_R06730,wick_reject,0.003878935442525298,stop_market,53,-0.016567621980627976
seeded_source_mean_q80_full_year_segments,20218,2026-03-12 14:20:00+00:00,2026-03-12 14:25:00+00:00,2026-03-12 15:25:00+00:00,1,R1_relax_frequency_R06015,bb_revert,0.002356596324776842,target_limit,13,0.011432758658267142
seeded_source_mean_q80_full_year_segments,8267,2026-03-13 22:00:00+00:00,2026-03-13 22:05:00+00:00,2026-03-14 03:05:00+00:00,-1,R2_relax_winrate_payoff_R00997,micro_breakout,0.00257482372041537,stop_market,61,-0.02256852529166972
seeded_source_mean_q80_full_year_segments,4959,2026-03-15 13:00:00+00:00,2026-03-15 13:05:00+00:00,2026-03-15 16:05:00+00:00,-1,R1_relax_frequency_R02700,wick_reject,0.002353411881912534,time_open,37,0.0034221684266897232
seeded_source_mean_q80_full_year_segments,22870,2026-03-15 21:50:00+00:00,2026-03-15 21:55:00+00:00,2026-03-16 02:40:00+00:00,-1,R1_relax_frequency_R00899,trend_rsi_snapback,0.002553081209658191,stop_market,58,-0.016567621980627976
seeded_source_mean_q80_full_year_segments,11590,2026-03-16 14:30:00+00:00,2026-03-16 14:35:00+00:00,2026-03-16 20:35:00+00:00,1,R2_relax_winrate_payoff_R06274,wick_reject,0.0031101599526460293,target_limit,73,0.029430044784200624
seeded_source_mean_q80_full_year_segments,4251,2026-03-17 01:50:00+00:00,2026-03-17 01:55:00+00:00,2026-03-17 03:10:00+00:00,-1,R1_relax_frequency_M00048,bb_revert,0.0025738113090661313,target_limit,16,0.011436593470900524
seeded_source_mean_q80_full_year_segments,21996,2026-03-17 13:50:00+00:00,2026-03-17 13:55:00+00:00,2026-03-17 15:40:00+00:00,1,R3_live_candidate_gate_M00060,vwap_revert,0.0021051137636503956,stop_market,22,-0.022562115135163045
seeded_source_mean_q80_full_year_segments,3572,2026-03-18 00:30:00+00:00,2026-03-18 00:35:00+00:00,2026-03-18 06:35:00+00:00,1,R2_relax_winrate_payoff_R04600,bb_revert,0.002061042187158485,time_open,73,0.025592900493846903
seeded_source_mean_q80_full_year_segments,8268,2026-03-18 11:30:00+00:00,2026-03-18 11:35:00+00:00,2026-03-18 13:00:00+00:00,-1,R2_relax_winrate_payoff_R00997,micro_breakout,0.00257482372041537,target_limit,18,0.0192377677752547
seeded_source_mean_q80_full_year_segments,8270,2026-03-19 04:25:00+00:00,2026-03-19 04:30:00+00:00,2026-03-19 07:15:00+00:00,-1,R2_relax_winrate_payoff_R00997,micro_breakout,0.00257482372041537,target_limit,34,0.01923776777525481
seeded_source_mean_q80_full_year_segments,17387,2026-03-19 19:20:00+00:00,2026-03-19 19:25:00+00:00,2026-03-20 07:25:00+00:00,-1,R2_relax_winrate_payoff_R06914,vwap_revert,0.0068621924724342675,time_open,145,0.014344726361125588
seeded_source_mean_q80_full_year_segments,2270,2026-03-20 20:05:00+00:00,2026-03-20 20:10:00+00:00,2026-03-21 02:10:00+00:00,-1,R1_relax_frequency_R04051,vwap_revert,0.00381745528344222,time_open,73,3.463438662736583e-05
seeded_source_mean_q80_full_year_segments,13517,2026-03-21 23:10:00+00:00,2026-03-21 23:15:00+00:00,2026-03-22 03:15:00+00:00,-1,R3_live_candidate_gate_R01154,wick_reject,0.004053016728074702,time_open,49,0.010377589500184938
seeded_source_mean_q80_full_year_segments,16665,2026-03-22 08:50:00+00:00,2026-03-22 08:55:00+00:00,2026-03-22 11:25:00+00:00,-1,R3_live_candidate_gate_R05251,trend_rsi_snapback,0.0019227679868260433,target_limit,31,0.008436141815379652
seeded_source_mean_q80_full_year_segments,22871,2026-03-22 20:45:00+00:00,2026-03-22 20:50:00+00:00,2026-03-22 21:35:00+00:00,-1,R1_relax_frequency_R00899,trend_rsi_snapback,0.002553081209658191,target_limit,10,0.01543719567826161
seeded_source_mean_q80_full_year_segments,7415,2026-03-23 11:20:00+00:00,2026-03-23 11:25:00+00:00,2026-03-23 12:00:00+00:00,-1,R2_relax_winrate_payoff_R06730,wick_reject,0.003878935442525298,target_limit,8,0.028239122741817425
seeded_source_mean_q80_full_year_segments,4253,2026-03-23 17:25:00+00:00,2026-03-23 17:30:00+00:00,2026-03-23 23:10:00+00:00,-1,R1_relax_frequency_M00048,bb_revert,0.0025738113090661313,target_limit,69,0.011436593470900301
seeded_source_mean_q80_full_year_segments,21997,2026-03-25 02:05:00+00:00,2026-03-25 02:10:00+00:00,2026-03-25 08:00:00+00:00,1,R3_live_candidate_gate_M00060,vwap_revert,0.0021051137636503956,target_limit,71,0.006933437126783659
seeded_source_mean_q80_full_year_segments,12702,2026-03-25 14:35:00+00:00,2026-03-25 14:40:00+00:00,2026-03-25 16:25:00+00:00,1,R1_relax_frequency_R06679,vwap_revert,0.0028867423060200954,target_limit,22,0.006933437126783881
seeded_source_mean_q80_full_year_segments,7416,2026-03-26 05:00:00+00:00,2026-03-26 05:05:00+00:00,2026-03-26 06:35:00+00:00,1,R2_relax_winrate_payoff_R06730,wick_reject,0.0037978194287282925,stop_market,19,-0.016563019759851808
seeded_source_mean_q80_full_year_segments,13858,2026-03-26 13:55:00+00:00,2026-03-26 14:00:00+00:00,2026-03-26 16:15:00+00:00,-1,R1_relax_frequency_R05866,trend_rsi_snapback,0.0023348242769933264,target_limit,28,0.011436593470900301
seeded_source_mean_q80_full_year_segments,8273,2026-03-27 09:05:00+00:00,2026-03-27 09:10:00+00:00,2026-03-27 15:10:00+00:00,-1,R2_relax_winrate_payoff_R00997,micro_breakout,0.00257482372041537,time_open,73,-0.004421213114639519
seeded_source_mean_q80_full_year_segments,2526,2026-03-28 04:20:00+00:00,2026-03-28 04:25:00+00:00,2026-03-28 06:35:00+00:00,-1,R1_relax_frequency_R03338,vwap_revert,0.002364393504685378,stop_market,27,-0.013567170325106995
seeded_source_mean_q80_full_year_segments,8350,2026-03-28 23:45:00+00:00,2026-03-28 23:50:00+00:00,2026-03-29 07:50:00+00:00,1,R1_relax_frequency_R01159,bb_revert,0.0037297897502973766,time_open,97,0.0032478056191903967
seeded_source_mean_q80_full_year_segments,13520,2026-03-29 23:00:00+00:00,2026-03-29 23:05:00+00:00,2026-03-30 03:05:00+00:00,-1,R3_live_candidate_gate_R01154,wick_reject,0.004053016728074702,time_open,49,-0.006636364448267911
seeded_source_mean_q80_full_year_segments,11821,2026-03-30 08:15:00+00:00,2026-03-30 08:20:00+00:00,2026-03-30 11:20:00+00:00,-1,R1_relax_frequency_R02791,vwap_revert,0.003313710752013258,time_open,37,0.008708174435333293
seeded_source_mean_q80_full_year_segments,13210,2026-03-31 14:00:00+00:00,2026-03-31 14:05:00+00:00,2026-03-31 22:05:00+00:00,-1,R2_relax_winrate_payoff_R05814,vwap_revert,0.0021422644270622485,time_open,97,0.003773089929235385
seeded_source_mean_q80_full_year_segments,19573,2026-04-01 07:55:00+00:00,2026-04-01 08:00:00+00:00,2026-04-01 09:10:00+00:00,1,R1_relax_frequency_R06545,trend_rsi_snapback,0.0025337285790206143,stop_market,15,-0.016563019759851697
seeded_source_mean_q80_full_year_segments,13424,2026-04-01 16:15:00+00:00,2026-04-01 16:20:00+00:00,2026-04-01 17:20:00+00:00,1,R3_live_candidate_gate_R02498,trend_rsi_snapback,0.003435408311975656,stop_market,13,-0.010563924384540574
seeded_source_mean_q80_full_year_segments,7417,2026-04-01 21:15:00+00:00,2026-04-01 21:20:00+00:00,2026-04-02 01:15:00+00:00,1,R2_relax_winrate_payoff_R06730,wick_reject,0.002613741433237728,stop_market,48,-0.016563019759851808
seeded_source_mean_q80_full_year_segments,19574,2026-04-04 23:05:00+00:00,2026-04-04 23:10:00+00:00,2026-04-05 03:10:00+00:00,1,R1_relax_frequency_R06545,trend_rsi_snapback,0.0025337285790206143,time_open,49,-0.00828757617468475
seeded_source_mean_q80_full_year_segments,22878,2026-04-05 15:30:00+00:00,2026-04-05 15:35:00+00:00,2026-04-05 22:45:00+00:00,-1,R1_relax_frequency_R00899,trend_rsi_snapback,0.0025238833541317823,stop_market,87,-0.016567621980627976
seeded_source_mean_q80_full_year_segments,13425,2026-04-06 17:20:00+00:00,2026-04-06 17:25:00+00:00,2026-04-06 22:20:00+00:00,1,R3_live_candidate_gate_R02498,trend_rsi_snapback,0.003435408311975656,stop_market,60,-0.010563924384540796
seeded_source_mean_q80_full_year_segments,7419,2026-04-07 10:05:00+00:00,2026-04-07 10:10:00+00:00,2026-04-07 10:40:00+00:00,1,R2_relax_winrate_payoff_R06730,wick_reject,0.002613741433237728,stop_market,7,-0.01656301975985192
seeded_source_mean_q80_full_year_segments,20804,2026-04-07 19:45:00+00:00,2026-04-07 19:50:00+00:00,2026-04-07 23:25:00+00:00,1,R2_relax_winrate_payoff_R02890,macd_flip,0.0022205976375929463,target_limit,44,0.05442627551466385
seeded_source_mean_q80_full_year_segments,8353,2026-04-08 14:45:00+00:00,2026-04-08 14:50:00+00:00,2026-04-08 21:30:00+00:00,1,R1_relax_frequency_R01159,bb_revert,0.0034800638467944265,target_limit,81,0.01543215557514115
seeded_source_mean_q80_full_year_segments,8276,2026-04-09 14:55:00+00:00,2026-04-09 15:00:00+00:00,2026-04-09 17:55:00+00:00,1,R2_relax_winrate_payoff_R00997,micro_breakout,0.0024130572691922997,target_limit,36,0.019231582646171547
seeded_source_mean_q80_full_year_segments,7420,2026-04-10 11:20:00+00:00,2026-04-10 11:25:00+00:00,2026-04-10 13:20:00+00:00,-1,R2_relax_winrate_payoff_R06730,wick_reject,0.002655302640852933,stop_market,24,-0.016567621980627976
seeded_source_mean_q80_full_year_segments,13429,2026-04-10 19:30:00+00:00,2026-04-10 19:35:00+00:00,2026-04-10 19:50:00+00:00,1,R3_live_candidate_gate_R02498,trend_rsi_snapback,0.003435408311975656,stop_market,4,-0.010563924384540574
seeded_source_mean_q80_full_year_segments,13523,2026-04-11 16:40:00+00:00,2026-04-11 16:45:00+00:00,2026-04-11 20:45:00+00:00,-1,R3_live_candidate_gate_R01154,wick_reject,0.003956915697071945,time_open,49,-0.020188665815064975
seeded_source_mean_q80_full_year_segments,3577,2026-04-12 01:50:00+00:00,2026-04-12 01:55:00+00:00,2026-04-12 04:15:00+00:00,1,R2_relax_winrate_payoff_R04600,bb_revert,0.002459626774124061,stop_market,29,-0.022562115135163045
seeded_source_mean_q80_full_year_segments,7421,2026-04-12 12:15:00+00:00,2026-04-12 12:20:00+00:00,2026-04-13 00:20:00+00:00,1,R2_relax_winrate_payoff_R06730,wick_reject,0.002613741433237728,time_open,145,0.01235946501709729
seeded_source_mean_q80_full_year_segments,17139,2026-04-13 09:55:00+00:00,2026-04-13 10:00:00+00:00,2026-04-13 13:05:00+00:00,-1,R2_relax_winrate_payoff_R02019,wick_reject,0.0018168543011003635,stop_market,38,-0.013567170325106995
seeded_source_mean_q80_full_year_segments,16670,2026-04-14 15:55:00+00:00,2026-04-14 16:00:00+00:00,2026-04-14 18:55:00+00:00,-1,R3_live_candidate_gate_R05251,trend_rsi_snapback,0.0021657832036461743,target_limit,36,0.008436141815379541
seeded_source_mean_q80_full_year_segments,8278,2026-04-15 16:15:00+00:00,2026-04-15 16:20:00+00:00,2026-04-15 22:20:00+00:00,1,R2_relax_winrate_payoff_R00997,micro_breakout,0.0024130572691922997,time_open,73,-0.004885539216969484
seeded_source_mean_q80_full_year_segments,4977,2026-04-16 23:20:00+00:00,2026-04-16 23:25:00+00:00,2026-04-17 02:25:00+00:00,-1,R1_relax_frequency_R02700,wick_reject,0.0024917908916339618,time_open,37,0.005301056306716313
seeded_source_mean_q80_full_year_segments,13526,2026-04-17 17:45:00+00:00,2026-04-17 17:50:00+00:00,2026-04-17 21:50:00+00:00,-1,R3_live_candidate_gate_R01154,wick_reject,0.003956915697071945,time_open,49,0.00035583763273837126
seeded_source_mean_q80_full_year_segments,13430,2026-04-18 04:30:00+00:00,2026-04-18 04:35:00+00:00,2026-04-18 08:00:00+00:00,1,R3_live_candidate_gate_R02498,trend_rsi_snapback,0.003435408311975656,stop_market,42,-0.010563924384540685
seeded_source_mean_q80_full_year_segments,20805,2026-04-19 13:00:00+00:00,2026-04-19 13:05:00+00:00,2026-04-19 17:20:00+00:00,1,R2_relax_winrate_payoff_R02890,macd_flip,0.0022205976375929463,stop_market,52,-0.022562115135163045
seeded_source_mean_q80_full_year_segments,22170,2026-04-19 23:55:00+00:00,2026-04-20 00:00:00+00:00,2026-04-20 01:10:00+00:00,1,R3_live_candidate_gate_R04515,vwap_revert,0.0019144335804029235,target_limit,15,0.01543215557514115
seeded_source_mean_q80_full_year_segments,19922,2026-04-20 04:45:00+00:00,2026-04-20 04:50:00+00:00,2026-04-20 08:50:00+00:00,-1,R1_relax_frequency_R03760,wick_reject,0.0029037269454423144,time_open,49,0.00501888255629235
seeded_source_mean_q80_full_year_segments,11828,2026-04-21 01:35:00+00:00,2026-04-21 01:40:00+00:00,2026-04-21 04:40:00+00:00,-1,R1_relax_frequency_R02791,vwap_revert,0.0032042237125385065,time_open,37,-0.004333559752518463
seeded_source_mean_q80_full_year_segments,22887,2026-04-22 02:20:00+00:00,2026-04-22 02:25:00+00:00,2026-04-22 10:25:00+00:00,-1,R1_relax_frequency_R00899,trend_rsi_snapback,0.0025238833541317823,time_open,97,-0.01329325896220079
seeded_source_mean_q80_full_year_segments,23201,2026-04-23 15:45:00+00:00,2026-04-23 15:50:00+00:00,2026-04-23 17:40:00+00:00,1,R3_live_candidate_gate_R01125,wick_reject,0.002035602961616476,stop_market,23,-0.022562115135163045
seeded_source_mean_q80_full_year_segments,4981,2026-04-24 08:15:00+00:00,2026-04-24 08:20:00+00:00,2026-04-24 11:20:00+00:00,-1,R1_relax_frequency_R02700,wick_reject,0.0024917908916339618,time_open,37,-0.00032106612664332414
seeded_source_mean_q80_full_year_segments,13527,2026-04-26 04:50:00+00:00,2026-04-26 04:55:00+00:00,2026-04-26 08:55:00+00:00,-1,R3_live_candidate_gate_R01154,wick_reject,0.003956915697071945,time_open,49,0.0036596229778468594
seeded_source_mean_q80_full_year_segments,23202,2026-04-26 19:25:00+00:00,2026-04-26 19:30:00+00:00,2026-04-26 22:55:00+00:00,1,R3_live_candidate_gate_R01125,wick_reject,0.002035602961616476,target_limit,42,0.01543215557514115
seeded_source_mean_q80_full_year_segments,13433,2026-04-27 05:30:00+00:00,2026-04-27 05:35:00+00:00,2026-04-27 11:05:00+00:00,1,R3_live_candidate_gate_R02498,trend_rsi_snapback,0.003435408311975656,stop_market,67,-0.010563924384540574
seeded_source_mean_q80_full_year_segments,13343,2026-04-27 13:40:00+00:00,2026-04-27 13:45:00+00:00,2026-04-27 14:30:00+00:00,-1,R2_relax_winrate_payoff_R04099,wick_reject,0.00203664623430147,stop_market,10,-0.013567170325106995
seeded_source_mean_q80_full_year_segments,4983,2026-04-28 00:45:00+00:00,2026-04-28 00:50:00+00:00,2026-04-28 02:25:00+00:00,-1,R1_relax_frequency_R02700,wick_reject,0.0024917908916339618,target_limit,20,0.008436141815379541
seeded_source_mean_q80_full_year_segments,13530,2026-04-28 06:45:00+00:00,2026-04-28 06:50:00+00:00,2026-04-28 10:50:00+00:00,-1,R3_live_candidate_gate_R01154,wick_reject,0.003956915697071945,time_open,49,0.018214720330397487
seeded_source_mean_q80_full_year_segments,22889,2026-04-29 01:50:00+00:00,2026-04-29 01:55:00+00:00,2026-04-29 05:50:00+00:00,-1,R1_relax_frequency_R00899,trend_rsi_snapback,0.0025238833541317823,stop_market,48,-0.016567621980627976
seeded_source_mean_q80_full_year_segments,13345,2026-04-29 21:35:00+00:00,2026-04-29 21:40:00+00:00,2026-04-30 04:20:00+00:00,1,R2_relax_winrate_payoff_R04099,wick_reject,0.0019950850266862654,stop_market,81,-0.013563472072196192
seeded_source_mean_q80_full_year_segments,7427,2026-04-30 10:20:00+00:00,2026-04-30 10:25:00+00:00,2026-04-30 22:25:00+00:00,1,R2_relax_winrate_payoff_R06730,wick_reject,0.002613741433237728,time_open,145,0.01215518065549053
seeded_source_mean_q80_full_year_segments,13435,2026-05-01 06:50:00+00:00,2026-05-01 06:55:00+00:00,2026-05-01 12:55:00+00:00,1,R3_live_candidate_gate_R02498,trend_rsi_snapback,0.0019842788610266756,time_open,73,0.01773695900480301
seeded_source_mean_q80_full_year_segments,13436,2026-05-02 10:45:00+00:00,2026-05-02 10:50:00+00:00,2026-05-02 14:10:00+00:00,1,R3_live_candidate_gate_R02498,trend_rsi_snapback,0.0019842788610266756,stop_market,41,-0.010563924384540685
seeded_source_mean_q80_full_year_segments,19925,2026-05-03 01:15:00+00:00,2026-05-03 01:20:00+00:00,2026-05-03 05:20:00+00:00,-1,R1_relax_frequency_R03760,wick_reject,0.0028064536896801897,time_open,49,-0.0012248405590009595
seeded_source_mean_q80_full_year_segments,21735,2026-05-03 15:00:00+00:00,2026-05-03 15:05:00+00:00,2026-05-03 16:35:00+00:00,-1,R1_relax_frequency_R00915,wick_reject,0.0016249238006046693,time_open,19,-0.0016395274325316867
seeded_source_mean_q80_full_year_segments,19581,2026-05-04 01:30:00+00:00,2026-05-04 01:35:00+00:00,2026-05-04 02:45:00+00:00,1,R1_relax_frequency_R06545,trend_rsi_snapback,0.0018859047529812382,target_limit,15,0.015432155575141372
seeded_source_mean_q80_full_year_segments,20808,2026-05-04 10:05:00+00:00,2026-05-04 10:10:00+00:00,2026-05-04 21:45:00+00:00,-1,R2_relax_winrate_payoff_R02890,macd_flip,0.0028892403130540895,stop_market,140,-0.02256852529166972
seeded_source_mean_q80_full_year_segments,19582,2026-05-05 08:20:00+00:00,2026-05-05 08:25:00+00:00,2026-05-05 10:55:00+00:00,1,R1_relax_frequency_R06545,trend_rsi_snapback,0.0018859047529812382,target_limit,31,0.01543215557514115
seeded_source_mean_q80_full_year_segments,13535,2026-05-06 09:05:00+00:00,2026-05-06 09:10:00+00:00,2026-05-06 13:10:00+00:00,-1,R3_live_candidate_gate_R01154,wick_reject,0.0035265148030582155,time_open,49,-0.008910305348503495
seeded_source_mean_q80_full_year_segments,2552,2026-05-07 07:05:00+00:00,2026-05-07 07:10:00+00:00,2026-05-07 08:15:00+00:00,-1,R1_relax_frequency_R03338,vwap_revert,0.0020229421044359592,stop_market,14,-0.013567170325106995
seeded_source_mean_q80_full_year_segments,4992,2026-05-08 00:40:00+00:00,2026-05-08 00:45:00+00:00,2026-05-08 02:15:00+00:00,-1,R1_relax_frequency_R02700,wick_reject,0.0022225539245228527,target_limit,19,0.00843614181537943
seeded_source_mean_q80_full_year_segments,8282,2026-05-08 14:35:00+00:00,2026-05-08 14:40:00+00:00,2026-05-08 20:40:00+00:00,1,R2_relax_winrate_payoff_R00997,micro_breakout,0.002182968637184702,time_open,73,0.003859754671104667
seeded_source_mean_q80_full_year_segments,2554,2026-05-10 04:15:00+00:00,2026-05-10 04:20:00+00:00,2026-05-10 10:20:00+00:00,-1,R1_relax_frequency_R03338,vwap_revert,0.0020229421044359592,time_open,73,0.002418357751134678
seeded_source_mean_q80_full_year_segments,3578,2026-05-10 20:50:00+00:00,2026-05-10 20:55:00+00:00,2026-05-11 02:55:00+00:00,1,R2_relax_winrate_payoff_R04600,bb_revert,0.002265019629873757,time_open,73,-0.0033081040736011227
seeded_source_mean_q80_full_year_segments,21932,2026-05-11 15:25:00+00:00,2026-05-11 15:30:00+00:00,2026-05-11 17:30:00+00:00,-1,R3_live_candidate_gate_R05745,bb_revert,0.0018640975681172788,time_open,25,-0.012200869194025542
seeded_source_mean_q80_full_year_segments,13537,2026-05-12 01:00:00+00:00,2026-05-12 01:05:00+00:00,2026-05-12 05:05:00+00:00,-1,R3_live_candidate_gate_R01154,wick_reject,0.0035265148030582155,time_open,49,0.006211894350294679
seeded_source_mean_q80_full_year_segments,22893,2026-05-13 01:35:00+00:00,2026-05-13 01:40:00+00:00,2026-05-13 09:40:00+00:00,-1,R1_relax_frequency_R00899,trend_rsi_snapback,0.0017892607491958596,time_open,97,0.010641347180920321
seeded_source_mean_q80_full_year_segments,13538,2026-05-13 23:00:00+00:00,2026-05-13 23:05:00+00:00,2026-05-14 03:05:00+00:00,-1,R3_live_candidate_gate_R01154,wick_reject,0.0035265148030582155,time_open,49,0.0034065017204597285
seeded_source_mean_q80_full_year_segments,2283,2026-05-14 06:15:00+00:00,2026-05-14 06:20:00+00:00,2026-05-14 12:20:00+00:00,-1,R1_relax_frequency_R04051,vwap_revert,0.0038484634824374263,time_open,73,-0.014248510470771534
seeded_source_mean_q80_full_year_segments,13350,2026-05-15 01:45:00+00:00,2026-05-15 01:50:00+00:00,2026-05-15 02:00:00+00:00,1,R2_relax_winrate_payoff_R04099,wick_reject,0.0016790768098507733,stop_market,3,-0.013563472072196192
seeded_source_mean_q80_full_year_segments,3580,2026-05-15 12:55:00+00:00,2026-05-15 13:00:00+00:00,2026-05-15 19:00:00+00:00,1,R2_relax_winrate_payoff_R04600,bb_revert,0.002265019629873757,time_open,73,0.024297987022320593
seeded_source_mean_q80_full_year_segments,16675,2026-05-16 07:20:00+00:00,2026-05-16 07:25:00+00:00,2026-05-16 09:05:00+00:00,-1,R3_live_candidate_gate_R05251,trend_rsi_snapback,0.002102635975047877,target_limit,21,0.008436141815379541
seeded_source_mean_q80_full_year_segments,20377,2026-05-16 19:15:00+00:00,2026-05-16 19:20:00+00:00,2026-05-17 03:20:00+00:00,-1,R2_relax_winrate_payoff_R00444,vwap_revert,0.003957327195951589,time_open,97,-0.00967840109018296
seeded_source_mean_q80_full_year_segments,8285,2026-05-17 14:45:00+00:00,2026-05-17 14:50:00+00:00,2026-05-17 18:05:00+00:00,1,R2_relax_winrate_payoff_R00997,micro_breakout,0.002182968637184702,target_limit,40,0.019231582646171547
seeded_source_mean_q80_full_year_segments,12707,2026-05-18 15:30:00+00:00,2026-05-18 15:35:00+00:00,2026-05-18 15:35:00+00:00,1,R1_relax_frequency_R06679,vwap_revert,0.0030437913090527713,target_limit,1,0.006933437126783659
seeded_source_mean_q80_full_year_segments,20812,2026-05-18 21:10:00+00:00,2026-05-18 21:15:00+00:00,2026-05-19 09:15:00+00:00,1,R2_relax_winrate_payoff_R02890,macd_flip,0.002840875233148495,time_open,145,0.014836083938326663
seeded_source_mean_q80_full_year_segments,4255,2026-05-19 16:00:00+00:00,2026-05-19 16:05:00+00:00,2026-05-20 00:05:00+00:00,-1,R1_relax_frequency_M00048,bb_revert,0.0026385903149999342,time_open,97,-0.0019531616184317803
seeded_source_mean_q80_full_year_segments,22081,2026-05-20 13:15:00+00:00,2026-05-20 13:20:00+00:00,2026-05-20 14:55:00+00:00,1,R3_live_candidate_gate_R04623,macd_flip,0.001730880355115892,target_limit,20,0.021431250950452386
seeded_source_mean_q80_full_year_segments,8360,2026-05-21 02:20:00+00:00,2026-05-21 02:25:00+00:00,2026-05-21 07:05:00+00:00,1,R1_relax_frequency_R01159,bb_revert,0.00396147148955249,target_limit,57,0.01543215557514115
seeded_source_mean_q80_full_year_segments,13440,2026-05-21 11:00:00+00:00,2026-05-21 11:05:00+00:00,2026-05-21 11:20:00+00:00,1,R3_live_candidate_gate_R02498,trend_rsi_snapback,0.0019842788610266756,stop_market,4,-0.010563924384540685
seeded_source_mean_q80_full_year_segments,15598,2026-05-22 00:45:00+00:00,2026-05-22 00:50:00+00:00,2026-05-22 01:35:00+00:00,1,R2_relax_winrate_payoff_R06895,vwap_revert,0.003293038922526772,stop_market,10,-0.013563472072196303
seeded_source_mean_q80_full_year_segments,13351,2026-05-22 11:10:00+00:00,2026-05-22 11:15:00+00:00,2026-05-22 11:50:00+00:00,1,R2_relax_winrate_payoff_R04099,wick_reject,0.0016790768098507733,target_limit,8,0.022831039871358334
seeded_source_mean_q80_full_year_segments,20813,2026-05-22 18:35:00+00:00,2026-05-22 18:40:00+00:00,2026-05-23 06:40:00+00:00,-1,R2_relax_winrate_payoff_R02890,macd_flip,0.0028892403130540895,time_open,145,0.025885311643180028
seeded_source_mean_q80_full_year_segments,17819,2026-05-23 08:10:00+00:00,2026-05-23 08:15:00+00:00,2026-05-23 08:40:00+00:00,-1,R3_live_candidate_gate_R04672,vwap_revert,0.0018171773282112942,stop_market,6,-0.010566718669586235
seeded_source_mean_q80_full_year_segments,11179,2026-05-23 13:05:00+00:00,2026-05-23 13:10:00+00:00,2026-05-23 15:10:00+00:00,-1,R2_relax_winrate_payoff_R00322,vwap_revert,0.0018288947635857543,time_open,25,-0.024718901105342354
seeded_source_mean_q80_full_year_segments,19588,2026-05-24 10:25:00+00:00,2026-05-24 10:30:00+00:00,2026-05-24 13:00:00+00:00,1,R1_relax_frequency_R06545,trend_rsi_snapback,0.0018859047529812382,target_limit,31,0.01543215557514115
seeded_source_mean_q80_full_year_segments,11593,2026-05-24 19:00:00+00:00,2026-05-24 19:05:00+00:00,2026-05-24 21:30:00+00:00,-1,R2_relax_winrate_payoff_R06274,wick_reject,0.0029466077481637926,target_limit,30,0.02943930340402586
seeded_source_mean_q80_full_year_segments,3582,2026-05-25 16:15:00+00:00,2026-05-25 16:20:00+00:00,2026-05-25 22:20:00+00:00,1,R2_relax_winrate_payoff_R04600,bb_revert,0.002265019629873757,time_open,73,-0.007658301955137028
seeded_source_mean_q80_full_year_segments,16678,2026-05-26 03:35:00+00:00,2026-05-26 03:40:00+00:00,2026-05-26 06:40:00+00:00,-1,R3_live_candidate_gate_R05251,trend_rsi_snapback,0.002102635975047877,time_open,37,-0.026813432392852138
seeded_source_mean_q80_full_year_segments,13442,2026-05-26 15:55:00+00:00,2026-05-26 16:00:00+00:00,2026-05-26 17:25:00+00:00,1,R3_live_candidate_gate_R02498,trend_rsi_snapback,0.0019842788610266756,stop_market,18,-0.010563924384540685
seeded_source_mean_q80_full_year_segments,3584,2026-05-26 19:15:00+00:00,2026-05-26 19:20:00+00:00,2026-05-26 21:05:00+00:00,1,R2_relax_winrate_payoff_R04600,bb_revert,0.002265019629873757,stop_market,22,-0.022562115135163045
seeded_source_mean_q80_full_year_segments,2284,2026-05-27 03:15:00+00:00,2026-05-27 03:20:00+00:00,2026-05-27 09:20:00+00:00,-1,R1_relax_frequency_R04051,vwap_revert,0.0038484634824374263,time_open,73,-0.02739001084223384
seeded_source_mean_q80_full_year_segments,21936,2026-05-27 15:35:00+00:00,2026-05-27 15:40:00+00:00,2026-05-27 16:35:00+00:00,-1,R3_live_candidate_gate_R05745,bb_revert,0.0018640975681172788,target_limit,12,0.011436593470900301
seeded_source_mean_q80_full_year_segments,21937,2026-05-28 02:55:00+00:00,2026-05-28 03:00:00+00:00,2026-05-28 03:15:00+00:00,-1,R3_live_candidate_gate_R05745,bb_revert,0.0018640975681172788,target_limit,4,0.011436593470900301
seeded_source_mean_q80_full_year_segments,13643,2026-05-28 07:25:00+00:00,2026-05-28 07:30:00+00:00,2026-05-28 08:40:00+00:00,-1,R2_relax_winrate_payoff_R02941,bb_revert,0.0026063396810377566,target_limit,15,0.021438098989303354
seeded_source_mean_q80_full_year_segments,13878,2026-05-28 14:20:00+00:00,2026-05-28 14:25:00+00:00,2026-05-28 14:30:00+00:00,-1,R1_relax_frequency_R05866,trend_rsi_snapback,0.0023561226079250254,target_limit,2,0.011436593470900413
seeded_source_mean_q80_full_year_segments,20224,2026-05-29 02:30:00+00:00,2026-05-29 02:35:00+00:00,2026-05-29 03:05:00+00:00,1,R1_relax_frequency_R06015,bb_revert,0.0031572510238944435,target_limit,7,0.011432758658267142
seeded_source_mean_q80_full_year_segments,22083,2026-05-29 09:20:00+00:00,2026-05-29 09:25:00+00:00,2026-05-29 11:00:00+00:00,1,R3_live_candidate_gate_R04623,macd_flip,0.001730880355115892,stop_market,20,-0.022562115135163045
seeded_source_mean_q80_full_year_segments,22084,2026-05-30 12:55:00+00:00,2026-05-30 13:00:00+00:00,2026-05-30 15:50:00+00:00,1,R3_live_candidate_gate_R04623,macd_flip,0.001730880355115892,stop_market,35,-0.022562115135162823
seeded_source_mean_q80_full_year_segments,4261,2026-05-30 17:35:00+00:00,2026-05-30 17:40:00+00:00,2026-05-31 00:30:00+00:00,-1,R1_relax_frequency_M00048,bb_revert,0.0026385903149999342,stop_market,83,-0.030569729706392115
seeded_source_mean_q80_full_year_segments,22085,2026-05-31 15:10:00+00:00,2026-05-31 15:15:00+00:00,2026-05-31 19:15:00+00:00,1,R3_live_candidate_gate_R04623,macd_flip,0.001730880355115892,time_open,49,-0.0007238032433453675
seeded_source_mean_q80_full_year_segments,19589,2026-05-31 23:40:00+00:00,2026-05-31 23:45:00+00:00,2026-06-01 00:40:00+00:00,1,R1_relax_frequency_R06545,trend_rsi_snapback,0.0018859047529812382,target_limit,12,0.01543215557514115
seeded_source_mean_q80_full_year_segments,22086,2026-06-01 09:05:00+00:00,2026-06-01 09:10:00+00:00,2026-06-01 09:45:00+00:00,1,R3_live_candidate_gate_R04623,macd_flip,0.0016366941349158304,stop_market,8,-0.022562115135162934
seeded_source_mean_q80_full_year_segments,12708,2026-06-01 13:55:00+00:00,2026-06-01 14:00:00+00:00,2026-06-01 17:00:00+00:00,1,R1_relax_frequency_R06679,vwap_revert,0.003063443757702351,target_limit,37,0.006933437126783659
seeded_source_mean_q80_full_year_segments,20225,2026-06-02 01:35:00+00:00,2026-06-02 01:40:00+00:00,2026-06-02 02:25:00+00:00,1,R1_relax_frequency_R06015,bb_revert,0.0033601277913368624,target_limit,10,0.011432758658267142
seeded_source_mean_q80_full_year_segments,11594,2026-06-02 19:40:00+00:00,2026-06-02 19:45:00+00:00,2026-06-02 21:20:00+00:00,1,R2_relax_winrate_payoff_R06274,wick_reject,0.0032228907420185984,stop_market,20,-0.013563472072196192
seeded_source_mean_q80_full_year_segments,11183,2026-06-03 03:30:00+00:00,2026-06-03 03:35:00+00:00,2026-06-03 04:10:00+00:00,-1,R2_relax_winrate_payoff_R00322,vwap_revert,0.0016726939553020062,stop_market,8,-0.030569729706392115
seeded_source_mean_q80_full_year_segments,22087,2026-06-03 17:30:00+00:00,2026-06-03 17:35:00+00:00,2026-06-03 21:25:00+00:00,1,R3_live_candidate_gate_R04623,macd_flip,0.0016366941349158304,target_limit,47,0.021431250950452386
seeded_source_mean_q80_full_year_segments,12710,2026-06-04 02:15:00+00:00,2026-06-04 02:20:00+00:00,2026-06-04 02:30:00+00:00,1,R1_relax_frequency_R06679,vwap_revert,0.003063443757702351,target_limit,3,0.006933437126783659
seeded_source_mean_q80_full_year_segments,21939,2026-06-04 12:30:00+00:00,2026-06-04 12:35:00+00:00,2026-06-04 13:05:00+00:00,-1,R3_live_candidate_gate_R05745,bb_revert,0.0019022484483465286,target_limit,7,0.01143659347090019
seeded_source_mean_q80_full_year_segments,17390,2026-06-04 17:10:00+00:00,2026-06-04 17:15:00+00:00,2026-06-04 21:35:00+00:00,-1,R2_relax_winrate_payoff_R06914,vwap_revert,0.006642301698684739,target_limit,53,0.053442916648192944
seeded_source_mean_q80_full_year_segments,8191,2026-06-05 01:35:00+00:00,2026-06-05 01:40:00+00:00,2026-06-05 02:40:00+00:00,-1,R3_live_candidate_gate_R03986,vwap_revert,0.003419156731771223,target_limit,13,0.01543719567826161
seeded_source_mean_q80_full_year_segments,8192,2026-06-05 13:35:00+00:00,2026-06-05 13:40:00+00:00,2026-06-05 13:55:00+00:00,-1,R3_live_candidate_gate_R03986,vwap_revert,0.003419156731771223,target_limit,4,0.01543719567826161
seeded_source_mean_q80_full_year_segments,13880,2026-06-05 20:40:00+00:00,2026-06-05 20:45:00+00:00,2026-06-06 00:15:00+00:00,-1,R1_relax_frequency_R05866,trend_rsi_snapback,0.0023871402828771204,stop_market,43,-0.030569729706392115
seeded_source_mean_q80_full_year_segments,8197,2026-06-07 01:20:00+00:00,2026-06-07 01:25:00+00:00,2026-06-07 05:00:00+00:00,-1,R3_live_candidate_gate_R03986,vwap_revert,0.003419156731771223,stop_market,44,-0.02256852529166972
seeded_source_mean_q80_full_year_segments,13883,2026-06-07 14:40:00+00:00,2026-06-07 14:45:00+00:00,2026-06-07 15:45:00+00:00,-1,R1_relax_frequency_R05866,trend_rsi_snapback,0.0023871402828771204,target_limit,13,0.011436593470900413
seeded_source_mean_q80_full_year_segments,3586,2026-06-08 08:25:00+00:00,2026-06-08 08:30:00+00:00,2026-06-08 13:20:00+00:00,1,R2_relax_winrate_payoff_R04600,bb_revert,0.002012759281348442,target_limit,59,0.039028597384698424
seeded_source_mean_q80_full_year_segments,22088,2026-06-09 04:35:00+00:00,2026-06-09 04:40:00+00:00,2026-06-09 08:40:00+00:00,1,R3_live_candidate_gate_R04623,macd_flip,0.0016366941349158304,time_open,49,0.010589516815787934
seeded_source_mean_q80_full_year_segments,3587,2026-06-09 13:25:00+00:00,2026-06-09 13:30:00+00:00,2026-06-09 14:25:00+00:00,1,R2_relax_winrate_payoff_R04600,bb_revert,0.002012759281348442,stop_market,12,-0.022562115135163045
seeded_source_mean_q80_full_year_segments,3588,2026-06-09 19:50:00+00:00,2026-06-09 19:55:00+00:00,2026-06-10 00:40:00+00:00,1,R2_relax_winrate_payoff_R04600,bb_revert,0.002012759281348442,stop_market,58,-0.022562115135163045
seeded_source_mean_q80_full_year_segments,22090,2026-06-10 12:30:00+00:00,2026-06-10 12:35:00+00:00,2026-06-10 13:35:00+00:00,1,R3_live_candidate_gate_R04623,macd_flip,0.0016366941349158304,target_limit,13,0.021431250950452386
seeded_source_mean_q80_full_year_segments,2290,2026-06-10 15:05:00+00:00,2026-06-10 15:10:00+00:00,2026-06-10 16:25:00+00:00,-1,R1_relax_frequency_R04051,vwap_revert,0.003611689599520405,target_limit,16,0.021438098989303465
seeded_source_mean_q80_full_year_segments,13649,2026-06-11 01:30:00+00:00,2026-06-11 01:35:00+00:00,2026-06-11 03:55:00+00:00,-1,R2_relax_winrate_payoff_R02941,bb_revert,0.002662593772228746,stop_market,29,-0.016567621980627976
seeded_source_mean_q80_full_year_segments,1831,2026-06-11 04:30:00+00:00,2026-06-11 04:35:00+00:00,2026-06-11 06:30:00+00:00,-1,R1_relax_frequency_R00387,vwap_revert,0.0025390452325767645,stop_market,24,-0.030569729706392115
seeded_source_mean_q80_full_year_segments,13445,2026-06-11 12:35:00+00:00,2026-06-11 12:40:00+00:00,2026-06-11 17:45:00+00:00,1,R3_live_candidate_gate_R02498,trend_rsi_snapback,0.001736554786542255,target_limit,62,0.029430044784200624
seeded_source_mean_q80_full_year_segments,20740,2026-06-11 19:15:00+00:00,2026-06-11 19:20:00+00:00,2026-06-12 03:20:00+00:00,1,R2_relax_winrate_payoff_R04114,macd_flip,0.001635096290648429,time_open,97,-0.00018102836936783
seeded_source_mean_q80_full_year_segments,21328,2026-06-12 12:35:00+00:00,2026-06-12 12:40:00+00:00,2026-06-12 18:40:00+00:00,1,R2_relax_winrate_payoff_R06239,wick_reject,0.0015982244400462706,time_open,73,0.022891821960872714
seeded_source_mean_q80_full_year_segments,20741,2026-06-13 04:55:00+00:00,2026-06-13 05:00:00+00:00,2026-06-13 06:50:00+00:00,-1,R2_relax_winrate_payoff_R04114,macd_flip,0.0016186376449874398,stop_market,23,-0.016567621980627976
seeded_source_mean_q80_full_year_segments,20814,2026-06-14 15:00:00+00:00,2026-06-14 15:05:00+00:00,2026-06-14 23:15:00+00:00,1,R2_relax_winrate_payoff_R02890,macd_flip,0.0036879007489181476,target_limit,99,0.05442627551466363
seeded_source_mean_q80_full_year_segments,21329,2026-06-15 11:20:00+00:00,2026-06-15 11:25:00+00:00,2026-06-15 17:25:00+00:00,1,R2_relax_winrate_payoff_R06239,wick_reject,0.0015982244400462706,time_open,73,-0.0006826451866845464
seeded_source_mean_q80_full_year_segments,15601,2026-06-15 23:00:00+00:00,2026-06-15 23:05:00+00:00,2026-06-16 03:40:00+00:00,1,R2_relax_winrate_payoff_R06895,vwap_revert,0.0028396329983625627,target_limit,56,0.03942853707638587
seeded_source_mean_q80_full_year_segments,15604,2026-06-16 19:55:00+00:00,2026-06-16 20:00:00+00:00,2026-06-17 04:00:00+00:00,1,R2_relax_winrate_payoff_R06895,vwap_revert,0.0028396329983625627,time_open,97,0.025714573546773804
seeded_source_mean_q80_full_year_segments,20742,2026-06-17 12:20:00+00:00,2026-06-17 12:25:00+00:00,2026-06-17 12:45:00+00:00,-1,R2_relax_winrate_payoff_R04114,macd_flip,0.0016186376449874398,stop_market,5,-0.016567621980627976
seeded_source_mean_q80_full_year_segments,13447,2026-06-17 19:10:00+00:00,2026-06-17 19:15:00+00:00,2026-06-17 19:15:00+00:00,1,R3_live_candidate_gate_R02498,trend_rsi_snapback,0.001736554786542255,stop_market,1,-0.010563924384540685
seeded_source_mean_q80_full_year_segments,19595,2026-06-18 06:05:00+00:00,2026-06-18 06:10:00+00:00,2026-06-18 06:50:00+00:00,-1,R1_relax_frequency_R06545,trend_rsi_snapback,0.002587020310868619,stop_market,9,-0.016567621980627976
seeded_source_mean_q80_full_year_segments,22091,2026-06-18 10:50:00+00:00,2026-06-18 10:55:00+00:00,2026-06-18 11:40:00+00:00,1,R3_live_candidate_gate_R04623,macd_flip,0.0016366941349158304,stop_market,10,-0.022562115135163045
seeded_source_mean_q80_full_year_segments,11600,2026-06-18 21:15:00+00:00,2026-06-18 21:20:00+00:00,2026-06-19 01:10:00+00:00,1,R2_relax_winrate_payoff_R06274,wick_reject,0.0032228907420185984,stop_market,47,-0.013563472072196303
seeded_source_mean_q80_full_year_segments,22092,2026-06-19 12:50:00+00:00,2026-06-19 12:55:00+00:00,2026-06-19 15:15:00+00:00,1,R3_live_candidate_gate_R04623,macd_flip,0.0016366941349158304,target_limit,29,0.021431250950452386
seeded_source_mean_q80_full_year_segments,19596,2026-06-19 16:55:00+00:00,2026-06-19 17:00:00+00:00,2026-06-19 18:00:00+00:00,1,R1_relax_frequency_R06545,trend_rsi_snapback,0.0026034789565296083,target_limit,13,0.01543215557514115
seeded_source_mean_q80_full_year_segments,20743,2026-06-20 06:00:00+00:00,2026-06-20 06:05:00+00:00,2026-06-20 13:20:00+00:00,1,R2_relax_winrate_payoff_R04114,macd_flip,0.001635096290648429,stop_market,88,-0.016563019759851697
seeded_source_mean_q80_full_year_segments,16692,2026-06-21 09:25:00+00:00,2026-06-21 09:30:00+00:00,2026-06-21 12:30:00+00:00,-1,R3_live_candidate_gate_R05251,trend_rsi_snapback,0.0020425428291799505,time_open,37,0.0008820409804817464
seeded_source_mean_q80_full_year_segments,11850,2026-06-21 20:05:00+00:00,2026-06-21 20:10:00+00:00,2026-06-21 21:05:00+00:00,-1,R1_relax_frequency_R02791,vwap_revert,0.002835484175214471,target_limit,12,0.01543719567826161
seeded_source_mean_q80_full_year_segments,22094,2026-06-22 13:10:00+00:00,2026-06-22 13:15:00+00:00,2026-06-22 15:50:00+00:00,1,R3_live_candidate_gate_R04623,macd_flip,0.0016366941349158304,stop_market,32,-0.022562115135163045
seeded_source_mean_q80_full_year_segments,20816,2026-06-22 18:55:00+00:00,2026-06-22 19:00:00+00:00,2026-06-23 06:05:00+00:00,-1,R2_relax_winrate_payoff_R02890,macd_flip,0.003671442103257158,target_limit,134,0.05444306720003305
seeded_source_mean_q80_full_year_segments,20744,2026-06-23 07:55:00+00:00,2026-06-23 08:00:00+00:00,2026-06-23 16:00:00+00:00,-1,R2_relax_winrate_payoff_R04114,macd_flip,0.0016186376449874398,time_open,97,0.017344172038315557
seeded_source_mean_q80_full_year_segments,11199,2026-06-24 01:35:00+00:00,2026-06-24 01:40:00+00:00,2026-06-24 03:40:00+00:00,-1,R2_relax_winrate_payoff_R00322,vwap_revert,0.0016726939553020062,time_open,25,0.026212413239242227
seeded_source_mean_q80_full_year_segments,3597,2026-06-24 15:45:00+00:00,2026-06-24 15:50:00+00:00,2026-06-24 20:25:00+00:00,1,R2_relax_winrate_payoff_R04600,bb_revert,0.002012759281348442,target_limit,56,0.039028597384698424
seeded_source_mean_q80_full_year_segments,8290,2026-06-25 04:50:00+00:00,2026-06-25 04:55:00+00:00,2026-06-25 10:55:00+00:00,1,R2_relax_winrate_payoff_R00997,micro_breakout,0.0027855300322995385,time_open,73,-0.010581256358988076
