ts,close_ts,exchange,market_type,symbol,display_symbol,timeframe,open,high,low,close,volume,quote_volume,trade_count,taker_buy_base_volume,taker_buy_quote_volume,is_closed,source
2025-06-27 00:00:00+00:00,2025-06-27 23:59:59.999000+00:00,binance,um_futures,BTCUSDT,BTC/USDT:USDT,1d,106913.8,107686.0,106313.1,107010.7,118637.45,12685404247.2056,2005062,60117.113,6428393390.6014,True,binance_fapi_klines
2025-06-28 00:00:00+00:00,2025-06-28 23:59:59.999000+00:00,binance,um_futures,BTCUSDT,BTC/USDT:USDT,1d,107010.6,107538.0,106767.0,107241.0,35670.419,3824571878.0348,747193,18591.878,1993427515.9144,True,binance_fapi_klines
2025-06-29 00:00:00+00:00,2025-06-29 23:59:59.999000+00:00,binance,um_futures,BTCUSDT,BTC/USDT:USDT,1d,107240.9,108499.0,107112.6,108309.8,79448.325,8563401844.1215,1398904,41552.003,4478823238.7637,True,binance_fapi_klines
2025-06-30 00:00:00+00:00,2025-06-30 23:59:59.999000+00:00,binance,um_futures,BTCUSDT,BTC/USDT:USDT,1d,108309.8,108783.9,106686.4,107087.4,114681.386,12341253790.3646,1865096,55900.03,6016047519.2797,True,binance_fapi_klines
2025-07-01 00:00:00+00:00,2025-07-01 23:59:59.999000+00:00,binance,um_futures,BTCUSDT,BTC/USDT:USDT,1d,107087.3,107499.9,105182.6,105637.9,120434.401,12798966761.0981,2043731,58611.964,6229056079.2177,True,binance_fapi_klines
2025-07-02 00:00:00+00:00,2025-07-02 23:59:59.999000+00:00,binance,um_futures,BTCUSDT,BTC/USDT:USDT,1d,105637.9,109690.4,105010.0,108800.0,177567.261,19179636772.5586,2621458,92413.926,9983565784.4009,True,binance_fapi_klines
2025-07-03 00:00:00+00:00,2025-07-03 23:59:59.999000+00:00,binance,um_futures,BTCUSDT,BTC/USDT:USDT,1d,108800.0,110484.0,108480.6,109545.2,141487.997,15492329480.4931,2342574,73227.889,8018864064.8137,True,binance_fapi_klines
2025-07-04 00:00:00+00:00,2025-07-04 23:59:59.999000+00:00,binance,um_futures,BTCUSDT,BTC/USDT:USDT,1d,109545.1,109732.3,107200.0,107935.4,132305.847,14316422935.2606,1957162,64249.699,6952968511.7135,True,binance_fapi_klines
2025-07-05 00:00:00+00:00,2025-07-05 23:59:59.999000+00:00,binance,um_futures,BTCUSDT,BTC/USDT:USDT,1d,107935.3,108368.1,107688.3,108153.4,36660.948,3960654262.1664,734951,18462.029,1994707258.816,True,binance_fapi_klines
2025-07-06 00:00:00+00:00,2025-07-06 23:59:59.999000+00:00,binance,um_futures,BTCUSDT,BTC/USDT:USDT,1d,108153.4,109684.7,107743.4,109145.8,72388.603,7864421489.3231,1278877,37107.026,4031820476.0809,True,binance_fapi_klines
2025-07-07 00:00:00+00:00,2025-07-07 23:59:59.999000+00:00,binance,um_futures,BTCUSDT,BTC/USDT:USDT,1d,109145.8,109667.3,107456.0,108203.9,106397.578,11536683412.6303,1788546,52139.045,5654097567.2025,True,binance_fapi_klines
2025-07-08 00:00:00+00:00,2025-07-08 23:59:59.999000+00:00,binance,um_futures,BTCUSDT,BTC/USDT:USDT,1d,108203.9,109180.0,107400.0,108873.1,95156.027,10320330229.2738,1658291,47448.078,5146117084.8251,True,binance_fapi_klines
2025-07-09 00:00:00+00:00,2025-07-09 23:59:59.999000+00:00,binance,um_futures,BTCUSDT,BTC/USDT:USDT,1d,108873.2,112036.8,108273.5,111199.9,167834.731,18458201635.8988,2548622,87925.103,9671703908.607,True,binance_fapi_klines
2025-07-10 00:00:00+00:00,2025-07-10 23:59:59.999000+00:00,binance,um_futures,BTCUSDT,BTC/USDT:USDT,1d,111199.8,117500.0,110432.2,115979.2,225570.213,25573716456.3733,3420723,119208.753,13523225525.2489,True,binance_fapi_klines
2025-07-11 00:00:00+00:00,2025-07-11 23:59:59.999000+00:00,binance,um_futures,BTCUSDT,BTC/USDT:USDT,1d,115979.2,118882.8,115186.7,117500.0,199819.357,23468288934.0047,3481508,100784.694,11836216164.3229,True,binance_fapi_klines
2025-07-12 00:00:00+00:00,2025-07-12 23:59:59.999000+00:00,binance,um_futures,BTCUSDT,BTC/USDT:USDT,1d,117500.0,118176.9,116862.4,117389.3,63722.472,7488784312.8489,1330505,31394.033,3689856558.2485,True,binance_fapi_klines
2025-07-13 00:00:00+00:00,2025-07-13 23:59:59.999000+00:00,binance,um_futures,BTCUSDT,BTC/USDT:USDT,1d,117389.4,119655.0,117164.3,119038.3,90052.381,10670541370.9112,1810973,45809.831,5428490991.0878,True,binance_fapi_klines
2025-07-14 00:00:00+00:00,2025-07-14 23:59:59.999000+00:00,binance,um_futures,BTCUSDT,BTC/USDT:USDT,1d,119038.3,123300.0,118862.6,119816.5,221556.12,26804448428.8877,4034670,113834.673,13772358450.5752,True,binance_fapi_klines
2025-07-15 00:00:00+00:00,2025-07-15 23:59:59.999000+00:00,binance,um_futures,BTCUSDT,BTC/USDT:USDT,1d,119816.5,119919.4,115678.1,117738.5,269977.446,31656599892.9497,4738657,131447.5,15412735685.0897,True,binance_fapi_klines
2025-07-16 00:00:00+00:00,2025-07-16 23:59:59.999000+00:00,binance,um_futures,BTCUSDT,BTC/USDT:USDT,1d,117738.6,120100.0,117017.1,118590.7,159165.948,18903224038.5254,3160880,79673.55,9462555225.8789,True,binance_fapi_klines
2025-07-17 00:00:00+00:00,2025-07-17 23:59:59.999000+00:00,binance,um_futures,BTCUSDT,BTC/USDT:USDT,1d,118590.7,120951.5,117412.8,119176.6,164274.401,19529125659.9034,3301670,82532.264,9814512775.7237,True,binance_fapi_klines
2025-07-18 00:00:00+00:00,2025-07-18 23:59:59.999000+00:00,binance,um_futures,BTCUSDT,BTC/USDT:USDT,1d,119176.5,120846.1,116788.9,117896.4,162246.906,19250655213.5986,3368152,78772.03,9348607437.1844,True,binance_fapi_klines
2025-07-19 00:00:00+00:00,2025-07-19 23:59:59.999000+00:00,binance,um_futures,BTCUSDT,BTC/USDT:USDT,1d,117896.5,118456.0,117245.9,117814.4,52531.193,6197160791.5471,1248912,24526.721,2893580595.8702,True,binance_fapi_klines
2025-07-20 00:00:00+00:00,2025-07-20 23:59:59.999000+00:00,binance,um_futures,BTCUSDT,BTC/USDT:USDT,1d,117814.3,118856.6,116370.1,117216.0,82380.582,9710161747.2649,1751382,39522.257,4660078822.8556,True,binance_fapi_klines
2025-07-21 00:00:00+00:00,2025-07-21 23:59:59.999000+00:00,binance,um_futures,BTCUSDT,BTC/USDT:USDT,1d,117216.1,119720.6,116454.1,117330.2,141885.848,16757943321.4359,2862908,69570.765,8219105667.0004,True,binance_fapi_klines
2025-07-22 00:00:00+00:00,2025-07-22 23:59:59.999000+00:00,binance,um_futures,BTCUSDT,BTC/USDT:USDT,1d,117330.2,120300.1,115865.0,119993.7,186832.45,22133221784.4276,3400863,94591.193,11212737632.947,True,binance_fapi_klines
2025-07-23 00:00:00+00:00,2025-07-23 23:59:59.999000+00:00,binance,um_futures,BTCUSDT,BTC/USDT:USDT,1d,119993.7,120146.5,117250.0,118713.5,136986.897,16199890830.6418,2483435,66612.552,7878868556.4179,True,binance_fapi_klines
2025-07-24 00:00:00+00:00,2025-07-24 23:59:59.999000+00:00,binance,um_futures,BTCUSDT,BTC/USDT:USDT,1d,118713.4,119469.9,117050.2,118294.3,137377.613,16275419265.9469,2566930,67494.798,7998311440.3544,True,binance_fapi_klines
2025-07-25 00:00:00+00:00,2025-07-25 23:59:59.999000+00:00,binance,um_futures,BTCUSDT,BTC/USDT:USDT,1d,118294.4,118410.8,114667.3,117583.5,260386.754,30217394710.2149,4482676,123156.442,14294237851.1494,True,binance_fapi_klines
2025-07-26 00:00:00+00:00,2025-07-26 23:59:59.999000+00:00,binance,um_futures,BTCUSDT,BTC/USDT:USDT,1d,117583.4,118300.0,117114.2,117889.2,57218.604,6739341628.4194,1160574,28458.148,3352360848.3219,True,binance_fapi_klines
2025-07-27 00:00:00+00:00,2025-07-27 23:59:59.999000+00:00,binance,um_futures,BTCUSDT,BTC/USDT:USDT,1d,117889.3,119766.0,117800.8,119423.4,75978.959,9021870261.9343,1528886,39269.357,4663033730.9,True,binance_fapi_klines
2025-07-28 00:00:00+00:00,2025-07-28 23:59:59.999000+00:00,binance,um_futures,BTCUSDT,BTC/USDT:USDT,1d,119423.5,119812.0,117388.0,118041.4,106712.329,12646588023.95,2373905,49363.385,5851265071.1647,True,binance_fapi_klines
2025-07-29 00:00:00+00:00,2025-07-29 23:59:59.999000+00:00,binance,um_futures,BTCUSDT,BTC/USDT:USDT,1d,118041.5,119258.7,116923.0,117897.0,115263.463,13605158270.3445,2551661,55053.068,6499896380.2271,True,binance_fapi_klines
2025-07-30 00:00:00+00:00,2025-07-30 23:59:59.999000+00:00,binance,um_futures,BTCUSDT,BTC/USDT:USDT,1d,117897.1,118763.5,115700.0,117771.0,124917.857,14671863277.403,2695165,60858.794,7148296382.1645,True,binance_fapi_klines
2025-07-31 00:00:00+00:00,2025-07-31 23:59:59.999000+00:00,binance,um_futures,BTCUSDT,BTC/USDT:USDT,1d,117771.1,118910.0,115373.9,115697.3,135037.467,15883505625.6346,2653586,64854.642,7632959988.1983,True,binance_fapi_klines
2025-08-01 00:00:00+00:00,2025-08-01 23:59:59.999000+00:00,binance,um_futures,BTCUSDT,BTC/USDT:USDT,1d,115697.3,116000.0,112660.0,113244.8,221282.099,25374879723.7736,4671690,106416.826,12205698734.1429,True,binance_fapi_klines
2025-08-02 00:00:00+00:00,2025-08-02 23:59:59.999000+00:00,binance,um_futures,BTCUSDT,BTC/USDT:USDT,1d,113244.8,114000.0,111910.0,112508.8,102459.448,11582327925.5756,2253136,47169.224,5332165044.5207,True,binance_fapi_klines
2025-08-03 00:00:00+00:00,2025-08-03 23:59:59.999000+00:00,binance,um_futures,BTCUSDT,BTC/USDT:USDT,1d,112508.8,114730.0,111850.0,114150.8,63183.869,7180260356.7661,1586907,31097.096,3534100091.6805,True,binance_fapi_klines
2025-08-04 00:00:00+00:00,2025-08-04 23:59:59.999000+00:00,binance,um_futures,BTCUSDT,BTC/USDT:USDT,1d,114150.9,115686.0,114053.8,115002.1,83328.591,9566449201.0507,2122581,40432.436,4642286424.5996,True,binance_fapi_klines
2025-08-05 00:00:00+00:00,2025-08-05 23:59:59.999000+00:00,binance,um_futures,BTCUSDT,BTC/USDT:USDT,1d,115002.1,115073.3,112582.4,114069.6,119316.428,13578532103.2508,2692070,56631.208,6445877392.1048,True,binance_fapi_klines
2025-08-06 00:00:00+00:00,2025-08-06 23:59:59.999000+00:00,binance,um_futures,BTCUSDT,BTC/USDT:USDT,1d,114069.6,115674.2,113304.5,114941.0,98598.67,11289146520.5982,2207330,48509.767,5554848440.6814,True,binance_fapi_klines
2025-08-07 00:00:00+00:00,2025-08-07 23:59:59.999000+00:00,binance,um_futures,BTCUSDT,BTC/USDT:USDT,1d,114941.0,117580.0,114211.4,117419.9,134409.055,15603976236.9276,2477601,70320.817,8162960433.9132,True,binance_fapi_klines
2025-08-08 00:00:00+00:00,2025-08-08 23:59:59.999000+00:00,binance,um_futures,BTCUSDT,BTC/USDT:USDT,1d,117419.9,117591.8,115850.0,116628.2,89828.611,10476168967.7768,2041990,43852.502,5114363104.0876,True,binance_fapi_klines
2025-08-09 00:00:00+00:00,2025-08-09 23:59:59.999000+00:00,binance,um_futures,BTCUSDT,BTC/USDT:USDT,1d,116628.2,117906.7,116304.0,116422.1,77924.534,9109077804.5382,1513938,40145.588,4693361379.9637,True,binance_fapi_klines
2025-08-10 00:00:00+00:00,2025-08-10 23:59:59.999000+00:00,binance,um_futures,BTCUSDT,BTC/USDT:USDT,1d,116422.1,119291.9,116413.2,119255.3,130331.779,15402998283.6403,2420657,65839.952,7779415999.3612,True,binance_fapi_klines
2025-08-11 00:00:00+00:00,2025-08-11 23:59:59.999000+00:00,binance,um_futures,BTCUSDT,BTC/USDT:USDT,1d,119255.3,122450.0,118050.0,118641.9,217088.254,26140833129.3272,4260404,108472.648,13067526473.9227,True,binance_fapi_klines
2025-08-12 00:00:00+00:00,2025-08-12 23:59:59.999000+00:00,binance,um_futures,BTCUSDT,BTC/USDT:USDT,1d,118641.8,120270.0,118154.3,120081.0,125708.555,14984075258.1463,2609039,62783.535,7485321680.1282,True,binance_fapi_klines
2025-08-13 00:00:00+00:00,2025-08-13 23:59:59.999000+00:00,binance,um_futures,BTCUSDT,BTC/USDT:USDT,1d,120080.9,123715.9,118829.0,123323.9,188073.873,22796282824.2241,3654672,93301.574,11312196562.838,True,binance_fapi_klines
2025-08-14 00:00:00+00:00,2025-08-14 23:59:59.999000+00:00,binance,um_futures,BTCUSDT,BTC/USDT:USDT,1d,123323.9,124545.6,117004.0,118242.2,259801.57,31188419054.0993,4770691,121538.327,14590183740.3054,True,binance_fapi_klines
2025-08-15 00:00:00+00:00,2025-08-15 23:59:59.999000+00:00,binance,um_futures,BTCUSDT,BTC/USDT:USDT,1d,118242.2,119184.0,116736.3,117279.2,120542.357,14214818128.9724,2714933,59281.35,6991379574.4084,True,binance_fapi_klines
2025-08-16 00:00:00+00:00,2025-08-16 23:59:59.999000+00:00,binance,um_futures,BTCUSDT,BTC/USDT:USDT,1d,117279.1,117857.1,117089.7,117329.7,46674.42,5485340879.1925,1042735,22363.887,2628326778.8838,True,binance_fapi_klines
2025-08-17 00:00:00+00:00,2025-08-17 23:59:59.999000+00:00,binance,um_futures,BTCUSDT,BTC/USDT:USDT,1d,117329.8,118558.0,117121.6,117353.8,54386.804,6411151083.0242,1143753,26068.765,3073122879.2602,True,binance_fapi_klines
2025-08-18 00:00:00+00:00,2025-08-18 23:59:59.999000+00:00,binance,um_futures,BTCUSDT,BTC/USDT:USDT,1d,117353.9,117499.4,114605.0,116183.6,147219.779,17039158070.2288,3078165,69088.986,7995299306.2184,True,binance_fapi_klines
2025-08-19 00:00:00+00:00,2025-08-19 23:59:59.999000+00:00,binance,um_futures,BTCUSDT,BTC/USDT:USDT,1d,116183.6,116687.7,112666.6,112824.2,141024.287,16131720046.5887,3133574,67997.774,7778182042.7296,True,binance_fapi_klines
2025-08-20 00:00:00+00:00,2025-08-20 23:59:59.999000+00:00,binance,um_futures,BTCUSDT,BTC/USDT:USDT,1d,112824.1,114569.0,112301.8,114220.5,130522.37,14819274146.3868,2930095,64879.793,7366865522.6261,True,binance_fapi_klines
2025-08-21 00:00:00+00:00,2025-08-21 23:59:59.999000+00:00,binance,um_futures,BTCUSDT,BTC/USDT:USDT,1d,114220.5,114777.0,111944.0,112462.2,96406.356,10907840294.1414,2397213,47004.863,5318559666.8512,True,binance_fapi_klines
2025-08-22 00:00:00+00:00,2025-08-22 23:59:59.999000+00:00,binance,um_futures,BTCUSDT,BTC/USDT:USDT,1d,112462.2,117397.4,111625.9,116897.5,199447.977,22883791440.7028,3835737,99642.896,11432576389.3177,True,binance_fapi_klines
2025-08-23 00:00:00+00:00,2025-08-23 23:59:59.999000+00:00,binance,um_futures,BTCUSDT,BTC/USDT:USDT,1d,116897.5,116988.0,114510.0,115377.1,78419.415,9054235281.6278,1536323,37863.987,4370908825.1067,True,binance_fapi_klines
2025-08-24 00:00:00+00:00,2025-08-24 23:59:59.999000+00:00,binance,um_futures,BTCUSDT,BTC/USDT:USDT,1d,115377.1,115640.0,110484.0,113446.3,133388.002,15148067971.3495,2638475,62689.861,7122684907.1293,True,binance_fapi_klines
2025-08-25 00:00:00+00:00,2025-08-25 23:59:59.999000+00:00,binance,um_futures,BTCUSDT,BTC/USDT:USDT,1d,113446.2,113621.3,109219.8,110064.0,204839.785,22818722034.3374,4182903,97227.324,10831873150.4421,True,binance_fapi_klines
2025-08-26 00:00:00+00:00,2025-08-26 23:59:59.999000+00:00,binance,um_futures,BTCUSDT,BTC/USDT:USDT,1d,110064.1,112330.0,108559.7,111709.9,145041.438,15983443440.8915,3465884,71412.185,7870638924.216,True,binance_fapi_klines
2025-08-27 00:00:00+00:00,2025-08-27 23:59:59.999000+00:00,binance,um_futures,BTCUSDT,BTC/USDT:USDT,1d,111710.0,112568.5,110306.9,111194.9,114205.122,12739237648.6494,2613099,57009.686,6360193223.3745,True,binance_fapi_klines
2025-08-28 00:00:00+00:00,2025-08-28 23:59:59.999000+00:00,binance,um_futures,BTCUSDT,BTC/USDT:USDT,1d,111194.9,113429.0,110811.0,112507.3,97630.277,10988621821.8074,2252826,48243.477,5429943327.6128,True,binance_fapi_klines
2025-08-29 00:00:00+00:00,2025-08-29 23:59:59.999000+00:00,binance,um_futures,BTCUSDT,BTC/USDT:USDT,1d,112507.3,112585.7,107411.4,108332.4,179725.172,19688668760.0572,3720115,85606.138,9377659144.8823,True,binance_fapi_klines
2025-08-30 00:00:00+00:00,2025-08-30 23:59:59.999000+00:00,binance,um_futures,BTCUSDT,BTC/USDT:USDT,1d,108332.4,108879.6,107281.0,108757.9,60656.883,6572709736.3117,1397811,29582.419,3205457675.0864,True,binance_fapi_klines
2025-08-31 00:00:00+00:00,2025-08-31 23:59:59.999000+00:00,binance,um_futures,BTCUSDT,BTC/USDT:USDT,1d,108758.0,109439.9,108021.0,108208.4,70149.546,7626942442.611,1474441,35849.92,3897678579.9297,True,binance_fapi_klines
2025-09-01 00:00:00+00:00,2025-09-01 23:59:59.999000+00:00,binance,um_futures,BTCUSDT,BTC/USDT:USDT,1d,108208.4,109874.8,107211.5,109187.9,150280.626,16311045147.8882,3269303,74557.088,8091073396.492,True,binance_fapi_klines
2025-09-02 00:00:00+00:00,2025-09-02 23:59:59.999000+00:00,binance,um_futures,BTCUSDT,BTC/USDT:USDT,1d,109187.9,111742.1,108333.0,111188.0,175961.356,19401297224.9434,3533098,86748.838,9565971726.0278,True,binance_fapi_klines
2025-09-03 00:00:00+00:00,2025-09-03 23:59:59.999000+00:00,binance,um_futures,BTCUSDT,BTC/USDT:USDT,1d,111187.9,112541.2,110486.9,111659.8,105504.421,11770759661.8071,2363045,51862.786,5786444607.3872,True,binance_fapi_klines
2025-09-04 00:00:00+00:00,2025-09-04 23:59:59.999000+00:00,binance,um_futures,BTCUSDT,BTC/USDT:USDT,1d,111659.7,112136.8,109269.1,110679.4,122300.369,13516026898.7113,2639637,62399.713,6896231004.2284,True,binance_fapi_klines
2025-09-05 00:00:00+00:00,2025-09-05 23:59:59.999000+00:00,binance,um_futures,BTCUSDT,BTC/USDT:USDT,1d,110679.5,113344.3,110153.3,110614.9,193375.404,21608268964.6591,3788859,95520.119,10674991930.1665,True,binance_fapi_klines
2025-09-06 00:00:00+00:00,2025-09-06 23:59:59.999000+00:00,binance,um_futures,BTCUSDT,BTC/USDT:USDT,1d,110614.8,111256.2,109850.0,110135.3,46282.516,5113475710.4939,1043405,21535.745,2379550741.4079,True,binance_fapi_klines
2025-09-07 00:00:00+00:00,2025-09-07 23:59:59.999000+00:00,binance,um_futures,BTCUSDT,BTC/USDT:USDT,1d,110135.2,111559.5,110120.5,111076.0,53840.584,5973071292.8472,1136788,28108.634,3118159009.9087,True,binance_fapi_klines
2025-09-08 00:00:00+00:00,2025-09-08 23:59:59.999000+00:00,binance,um_futures,BTCUSDT,BTC/USDT:USDT,1d,111075.5,112867.6,110566.5,112012.6,99117.859,11088708293.0036,2062136,49613.319,5550460075.5134,True,binance_fapi_klines
2025-09-09 00:00:00+00:00,2025-09-09 23:59:59.999000+00:00,binance,um_futures,BTCUSDT,BTC/USDT:USDT,1d,112012.7,113238.0,110714.9,111499.9,137275.133,15364017571.6421,2548235,68008.526,7611454214.7344,True,binance_fapi_klines
2025-09-10 00:00:00+00:00,2025-09-10 23:59:59.999000+00:00,binance,um_futures,BTCUSDT,BTC/USDT:USDT,1d,111499.9,114287.9,110855.8,113896.8,151901.539,17159405921.2062,2703708,76254.32,8616216430.8332,True,binance_fapi_klines
2025-09-11 00:00:00+00:00,2025-09-11 23:59:59.999000+00:00,binance,um_futures,BTCUSDT,BTC/USDT:USDT,1d,113896.8,115439.0,113340.7,115427.0,113066.078,12912039322.4644,2206093,56557.547,6460867065.0883,True,binance_fapi_klines
2025-09-12 00:00:00+00:00,2025-09-12 23:59:59.999000+00:00,binance,um_futures,BTCUSDT,BTC/USDT:USDT,1d,115427.0,116605.7,114681.5,115978.4,119013.718,13753804629.9552,2321278,60349.365,6973899045.825,True,binance_fapi_klines
2025-09-13 00:00:00+00:00,2025-09-13 23:59:59.999000+00:00,binance,um_futures,BTCUSDT,BTC/USDT:USDT,1d,115978.4,116245.4,115032.0,115862.7,52529.59,6078193412.4006,1198605,25258.142,2922871088.1256,True,binance_fapi_klines
2025-09-14 00:00:00+00:00,2025-09-14 23:59:59.999000+00:00,binance,um_futures,BTCUSDT,BTC/USDT:USDT,1d,115862.7,116118.6,115057.0,115210.0,55087.99,6368498171.5133,1196136,26632.938,3079192660.1629,True,binance_fapi_klines
2025-09-15 00:00:00+00:00,2025-09-15 23:59:59.999000+00:00,binance,um_futures,BTCUSDT,BTC/USDT:USDT,1d,115210.0,116759.9,114338.5,115300.6,117911.279,13585379833.8268,2531767,57329.104,6606034102.6262,True,binance_fapi_klines
2025-09-16 00:00:00+00:00,2025-09-16 23:59:59.999000+00:00,binance,um_futures,BTCUSDT,BTC/USDT:USDT,1d,115300.5,116910.8,114600.0,116747.3,99446.184,11513690825.0447,2144042,50112.816,5803047123.0028,True,binance_fapi_klines
2025-09-17 00:00:00+00:00,2025-09-17 23:59:59.999000+00:00,binance,um_futures,BTCUSDT,BTC/USDT:USDT,1d,116747.3,117266.4,114623.3,116402.5,158125.07,18348171466.3525,3267980,80225.096,9311626093.7627,True,binance_fapi_klines
2025-09-18 00:00:00+00:00,2025-09-18 23:59:59.999000+00:00,binance,um_futures,BTCUSDT,BTC/USDT:USDT,1d,116402.6,117875.2,116033.5,117017.1,107215.717,12568414009.019,2327863,51390.531,6024588789.0876,True,binance_fapi_klines
2025-09-19 00:00:00+00:00,2025-09-19 23:59:59.999000+00:00,binance,um_futures,BTCUSDT,BTC/USDT:USDT,1d,117017.1,117406.8,115049.9,115569.5,88151.649,10241717036.8935,1845963,41905.847,4868815014.6998,True,binance_fapi_klines
2025-09-20 00:00:00+00:00,2025-09-20 23:59:59.999000+00:00,binance,um_futures,BTCUSDT,BTC/USDT:USDT,1d,115569.6,116059.2,115343.0,115624.9,32355.678,3744545955.4796,731518,14781.099,1710724205.7591,True,binance_fapi_klines
2025-09-21 00:00:00+00:00,2025-09-21 23:59:59.999000+00:00,binance,um_futures,BTCUSDT,BTC/USDT:USDT,1d,115625.0,115778.0,115137.6,115183.9,32793.431,3786613657.9565,825048,16745.946,1933772183.0419,True,binance_fapi_klines
2025-09-22 00:00:00+00:00,2025-09-22 23:59:59.999000+00:00,binance,um_futures,BTCUSDT,BTC/USDT:USDT,1d,115183.9,115344.6,111469.2,112604.7,159461.568,18039188972.427,3419373,74182.157,8390032354.4724,True,binance_fapi_klines
2025-09-23 00:00:00+00:00,2025-09-23 23:59:59.999000+00:00,binance,um_futures,BTCUSDT,BTC/USDT:USDT,1d,112604.7,113254.8,111405.1,111947.0,102258.264,11494032424.4655,2460994,51960.799,5841363219.9106,True,binance_fapi_klines
2025-09-24 00:00:00+00:00,2025-09-24 23:59:59.999000+00:00,binance,um_futures,BTCUSDT,BTC/USDT:USDT,1d,111947.0,113895.8,110935.0,113254.0,105314.096,11879548716.1957,2384763,53413.185,6025971750.1765,True,binance_fapi_klines
2025-09-25 00:00:00+00:00,2025-09-25 23:59:59.999000+00:00,binance,um_futures,BTCUSDT,BTC/USDT:USDT,1d,113253.9,113462.1,108574.1,108934.5,178663.741,19825920968.7404,3988053,84186.24,9344320561.0055,True,binance_fapi_klines
2025-09-26 00:00:00+00:00,2025-09-26 23:59:59.999000+00:00,binance,um_futures,BTCUSDT,BTC/USDT:USDT,1d,108934.6,110250.0,108566.0,109588.5,112277.659,12272701459.1791,2904945,56155.899,6138347628.8949,True,binance_fapi_klines
2025-09-27 00:00:00+00:00,2025-09-27 23:59:59.999000+00:00,binance,um_futures,BTCUSDT,BTC/USDT:USDT,1d,109588.5,109700.0,109021.9,109577.3,35871.924,3923401762.5556,875737,17907.531,1958706422.6393,True,binance_fapi_klines
2025-09-28 00:00:00+00:00,2025-09-28 23:59:59.999000+00:00,binance,um_futures,BTCUSDT,BTC/USDT:USDT,1d,109577.2,112300.0,109136.5,112119.6,77247.963,8521046102.0886,1607459,39820.944,4392696394.1582,True,binance_fapi_klines
2025-09-29 00:00:00+00:00,2025-09-29 23:59:59.999000+00:00,binance,um_futures,BTCUSDT,BTC/USDT:USDT,1d,112119.7,114377.2,111501.0,114257.1,125405.709,14160916303.2403,2558792,63042.556,7119074227.5833,True,binance_fapi_klines
2025-09-30 00:00:00+00:00,2025-09-30 23:59:59.999000+00:00,binance,um_futures,BTCUSDT,BTC/USDT:USDT,1d,114257.1,114800.0,112615.3,113988.8,119320.015,13560972134.9725,2649460,60328.767,6856314456.8851,True,binance_fapi_klines
2025-10-01 00:00:00+00:00,2025-10-01 23:59:59.999000+00:00,binance,um_futures,BTCUSDT,BTC/USDT:USDT,1d,113988.7,118631.8,113899.4,118552.4,172989.429,20130425143.6828,3495797,91389.65,10636695052.0599,True,binance_fapi_klines
2025-10-02 00:00:00+00:00,2025-10-02 23:59:59.999000+00:00,binance,um_futures,BTCUSDT,BTC/USDT:USDT,1d,118552.0,120999.0,118226.4,120481.3,145456.938,17369682490.3087,3287990,75869.802,9060382748.5858,True,binance_fapi_klines
2025-10-03 00:00:00+00:00,2025-10-03 23:59:59.999000+00:00,binance,um_futures,BTCUSDT,BTC/USDT:USDT,1d,120481.3,123900.0,119200.0,122182.7,167880.262,20406510432.5745,3823032,86342.249,10498463327.6089,True,binance_fapi_klines
2025-10-04 00:00:00+00:00,2025-10-04 23:59:59.999000+00:00,binance,um_futures,BTCUSDT,BTC/USDT:USDT,1d,122182.6,122781.1,121432.0,122343.2,70479.21,8601963052.1653,1615003,34475.239,4208195407.6304,True,binance_fapi_klines
2025-10-05 00:00:00+00:00,2025-10-05 23:59:59.999000+00:00,binance,um_futures,BTCUSDT,BTC/USDT:USDT,1d,122343.2,125877.3,122088.1,123426.7,162571.0,20109937991.3764,3659205,83698.584,10355400613.0674,True,binance_fapi_klines
2025-10-06 00:00:00+00:00,2025-10-06 23:59:59.999000+00:00,binance,um_futures,BTCUSDT,BTC/USDT:USDT,1d,123426.7,126208.5,123018.5,124628.5,140201.329,17465215135.0039,3633703,69333.392,8639085715.0375,True,binance_fapi_klines
2025-10-07 00:00:00+00:00,2025-10-07 23:59:59.999000+00:00,binance,um_futures,BTCUSDT,BTC/USDT:USDT,1d,124628.6,125098.0,120516.0,121286.5,181899.347,22319390759.2149,4202005,86256.749,10587449140.4524,True,binance_fapi_klines
2025-10-08 00:00:00+00:00,2025-10-08 23:59:59.999000+00:00,binance,um_futures,BTCUSDT,BTC/USDT:USDT,1d,121286.6,124170.6,121005.3,123237.5,127099.786,15572092969.2554,3545539,66136.453,8102821498.209,True,binance_fapi_klines
2025-10-09 00:00:00+00:00,2025-10-09 23:59:59.999000+00:00,binance,um_futures,BTCUSDT,BTC/USDT:USDT,1d,123237.4,123740.1,119572.8,121579.3,163596.38,19890276384.5902,3938201,76306.798,9277968956.9374,True,binance_fapi_klines
2025-10-10 00:00:00+00:00,2025-10-10 23:59:59.999000+00:00,binance,um_futures,BTCUSDT,BTC/USDT:USDT,1d,121579.4,122497.0,101516.5,112714.9,391963.632,45076825982.4017,8976844,181714.84,20904806013.9756,True,binance_fapi_klines
2025-10-11 00:00:00+00:00,2025-10-11 23:59:59.999000+00:00,binance,um_futures,BTCUSDT,BTC/USDT:USDT,1d,112715.0,113300.1,109501.0,110579.1,163671.59,18268163074.1344,4650728,73785.149,8236139351.9447,True,binance_fapi_klines
2025-10-12 00:00:00+00:00,2025-10-12 23:59:59.999000+00:00,binance,um_futures,BTCUSDT,BTC/USDT:USDT,1d,110579.1,115730.3,109509.3,114894.4,217928.037,24571794294.0169,5262712,108538.204,12235618148.2385,True,binance_fapi_klines
2025-10-13 00:00:00+00:00,2025-10-13 23:59:59.999000+00:00,binance,um_futures,BTCUSDT,BTC/USDT:USDT,1d,114894.5,115912.0,113600.5,115111.9,195996.783,22509504374.6067,4656609,95694.249,10990429088.4873,True,binance_fapi_klines
2025-10-14 00:00:00+00:00,2025-10-14 23:59:59.999000+00:00,binance,um_futures,BTCUSDT,BTC/USDT:USDT,1d,115112.0,115360.2,109802.0,112983.8,259244.496,29101159307.8663,5960214,125148.573,14046611774.7067,True,binance_fapi_klines
2025-10-15 00:00:00+00:00,2025-10-15 23:59:59.999000+00:00,binance,um_futures,BTCUSDT,BTC/USDT:USDT,1d,112983.9,113576.1,110096.9,110699.0,131777.09,14722103584.389,4671881,64776.533,7236639640.3854,True,binance_fapi_klines
2025-10-16 00:00:00+00:00,2025-10-16 23:59:59.999000+00:00,binance,um_futures,BTCUSDT,BTC/USDT:USDT,1d,110699.1,111960.0,107350.0,108129.4,193544.785,21245415629.6721,6043222,93640.906,10281726978.3518,True,binance_fapi_klines
2025-10-17 00:00:00+00:00,2025-10-17 23:59:59.999000+00:00,binance,um_futures,BTCUSDT,BTC/USDT:USDT,1d,108129.4,109199.8,103470.0,106378.6,242789.692,25744733284.1127,6936137,119199.822,12639240551.2269,True,binance_fapi_klines
2025-10-18 00:00:00+00:00,2025-10-18 23:59:59.999000+00:00,binance,um_futures,BTCUSDT,BTC/USDT:USDT,1d,106378.5,107452.6,106270.0,107117.5,68509.903,7319254840.618,2088885,32310.238,3452403390.3112,True,binance_fapi_klines
2025-10-19 00:00:00+00:00,2025-10-19 23:59:59.999000+00:00,binance,um_futures,BTCUSDT,BTC/USDT:USDT,1d,107117.5,109399.9,106055.8,108586.2,113473.72,12227415542.3371,3182090,57315.999,6175714778.1457,True,binance_fapi_klines
2025-10-20 00:00:00+00:00,2025-10-20 23:59:59.999000+00:00,binance,um_futures,BTCUSDT,BTC/USDT:USDT,1d,108586.2,111650.0,107377.2,110469.9,139646.949,15403876134.7218,4408575,68490.715,7554196161.5017,True,binance_fapi_klines
2025-10-21 00:00:00+00:00,2025-10-21 23:59:59.999000+00:00,binance,um_futures,BTCUSDT,BTC/USDT:USDT,1d,110469.9,113940.0,107400.0,108253.7,241127.426,26588100130.4652,6899664,118319.639,13041681888.7929,True,binance_fapi_klines
2025-10-22 00:00:00+00:00,2025-10-22 23:59:59.999000+00:00,binance,um_futures,BTCUSDT,BTC/USDT:USDT,1d,108253.8,109160.0,106360.3,107532.0,180893.983,19528248919.2056,5662544,92821.336,10022954942.1996,True,binance_fapi_klines
2025-10-23 00:00:00+00:00,2025-10-23 23:59:59.999000+00:00,binance,um_futures,BTCUSDT,BTC/USDT:USDT,1d,107532.1,111240.0,107462.9,110025.9,129640.717,14194391374.774,4205445,63778.257,6983205780.052,True,binance_fapi_klines
2025-10-24 00:00:00+00:00,2025-10-24 23:59:59.999000+00:00,binance,um_futures,BTCUSDT,BTC/USDT:USDT,1d,110026.0,112086.0,109650.0,110965.4,110759.532,12266995720.6384,3645127,54797.291,6069600111.8771,True,binance_fapi_klines
2025-10-25 00:00:00+00:00,2025-10-25 23:59:59.999000+00:00,binance,um_futures,BTCUSDT,BTC/USDT:USDT,1d,110965.4,111903.9,110600.5,111589.4,45269.483,5042907497.6125,1390771,22111.032,2463343649.894,True,binance_fapi_klines
2025-10-26 00:00:00+00:00,2025-10-26 23:59:59.999000+00:00,binance,um_futures,BTCUSDT,BTC/USDT:USDT,1d,111589.4,115521.7,111200.0,114497.8,97335.387,11025832161.8245,2690149,50148.489,5681747977.3664,True,binance_fapi_klines
2025-10-27 00:00:00+00:00,2025-10-27 23:59:59.999000+00:00,binance,um_futures,BTCUSDT,BTC/USDT:USDT,1d,114497.9,116380.2,113792.4,114064.1,118611.612,13655124505.5205,3606096,57954.035,6673490539.723,True,binance_fapi_klines
2025-10-28 00:00:00+00:00,2025-10-28 23:59:59.999000+00:00,binance,um_futures,BTCUSDT,BTC/USDT:USDT,1d,114064.2,116074.3,112121.4,112833.5,131088.84,14968353132.7899,3953418,64663.1,7384670851.876,True,binance_fapi_klines
2025-10-29 00:00:00+00:00,2025-10-29 23:59:59.999000+00:00,binance,um_futures,BTCUSDT,BTC/USDT:USDT,1d,112833.5,113593.0,109026.4,109985.6,163920.866,18302671178.4635,4943718,78716.735,8791661211.2841,True,binance_fapi_klines
2025-10-30 00:00:00+00:00,2025-10-30 23:59:59.999000+00:00,binance,um_futures,BTCUSDT,BTC/USDT:USDT,1d,109985.6,111565.1,106200.0,108263.5,205753.644,22369109428.5478,6330320,100086.671,10882242367.716,True,binance_fapi_klines
2025-10-31 00:00:00+00:00,2025-10-31 23:59:59.999000+00:00,binance,um_futures,BTCUSDT,BTC/USDT:USDT,1d,108263.6,111233.0,108226.6,109557.3,152063.776,16683797487.54,4790937,78106.793,8570620336.7303,True,binance_fapi_klines
2025-11-01 00:00:00+00:00,2025-11-01 23:59:59.999000+00:00,binance,um_futures,BTCUSDT,BTC/USDT:USDT,1d,109557.2,110557.0,109351.5,110047.2,41614.221,4579668770.1899,1492868,21133.219,2325832045.6377,True,binance_fapi_klines
2025-11-02 00:00:00+00:00,2025-11-02 23:59:59.999000+00:00,binance,um_futures,BTCUSDT,BTC/USDT:USDT,1d,110047.3,111216.0,109368.9,110494.9,61109.173,6744087828.2275,2070247,29327.591,3237152488.591,True,binance_fapi_klines
2025-11-03 00:00:00+00:00,2025-11-03 23:59:59.999000+00:00,binance,um_futures,BTCUSDT,BTC/USDT:USDT,1d,110494.9,110711.0,105300.0,106544.0,174258.047,18689862800.3629,5811945,85160.531,9132874748.491,True,binance_fapi_klines
2025-11-04 00:00:00+00:00,2025-11-04 23:59:59.999000+00:00,binance,um_futures,BTCUSDT,BTC/USDT:USDT,1d,106544.0,107271.9,98888.8,101450.3,281742.16,28973193334.5977,8565646,135745.298,13963735714.4083,True,binance_fapi_klines
2025-11-05 00:00:00+00:00,2025-11-05 23:59:59.999000+00:00,binance,um_futures,BTCUSDT,BTC/USDT:USDT,1d,101450.2,104497.6,98909.7,103837.0,167770.094,17127717826.9393,6086022,85269.272,8705829237.4525,True,binance_fapi_klines
2025-11-06 00:00:00+00:00,2025-11-06 23:59:59.999000+00:00,binance,um_futures,BTCUSDT,BTC/USDT:USDT,1d,103837.0,104210.2,100238.4,101305.6,145029.821,14822272935.6669,5320926,72992.587,7459084026.7504,True,binance_fapi_klines
2025-11-07 00:00:00+00:00,2025-11-07 23:59:59.999000+00:00,binance,um_futures,BTCUSDT,BTC/USDT:USDT,1d,101305.6,104070.7,99200.0,103305.2,163967.458,16618226412.9992,5603055,80661.296,8177204667.1575,True,binance_fapi_klines
2025-11-08 00:00:00+00:00,2025-11-08 23:59:59.999000+00:00,binance,um_futures,BTCUSDT,BTC/USDT:USDT,1d,103305.3,103373.8,101400.1,102269.3,70691.949,7229449979.504,2559208,33026.898,3377832915.0343,True,binance_fapi_klines
2025-11-09 00:00:00+00:00,2025-11-09 23:59:59.999000+00:00,binance,um_futures,BTCUSDT,BTC/USDT:USDT,1d,102269.3,105440.0,101300.0,104670.6,92367.67,9539326599.9635,3231981,48113.344,4969753127.3583,True,binance_fapi_klines
2025-11-10 00:00:00+00:00,2025-11-10 23:59:59.999000+00:00,binance,um_futures,BTCUSDT,BTC/USDT:USDT,1d,104670.7,106666.0,104205.9,105966.3,120403.538,12736544297.3328,4212652,58544.195,6193456036.5697,True,binance_fapi_klines
2025-11-11 00:00:00+00:00,2025-11-11 23:59:59.999000+00:00,binance,um_futures,BTCUSDT,BTC/USDT:USDT,1d,105966.3,107473.7,102400.0,103005.8,132603.774,13877840027.7205,4760215,64447.961,6747067917.6145,True,binance_fapi_klines
2025-11-12 00:00:00+00:00,2025-11-12 23:59:59.999000+00:00,binance,um_futures,BTCUSDT,BTC/USDT:USDT,1d,103005.8,105297.0,100711.0,101605.8,140876.276,14516821988.2784,4703500,69539.37,7165597522.8057,True,binance_fapi_klines
2025-11-13 00:00:00+00:00,2025-11-13 23:59:59.999000+00:00,binance,um_futures,BTCUSDT,BTC/USDT:USDT,1d,101605.8,104024.6,97959.0,99654.3,236046.799,23845056328.8644,7282484,117795.946,11901855797.975,True,binance_fapi_klines
2025-11-14 00:00:00+00:00,2025-11-14 23:59:59.999000+00:00,binance,um_futures,BTCUSDT,BTC/USDT:USDT,1d,99654.3,99862.8,93955.0,94544.9,287072.783,27699919078.6639,9131756,135755.023,13096421781.0165,True,binance_fapi_klines
2025-11-15 00:00:00+00:00,2025-11-15 23:59:59.999000+00:00,binance,um_futures,BTCUSDT,BTC/USDT:USDT,1d,94544.9,96800.0,94523.9,95560.3,90220.319,8648839692.4375,3291291,47203.247,4524772600.933,True,binance_fapi_klines
2025-11-16 00:00:00+00:00,2025-11-16 23:59:59.999000+00:00,binance,um_futures,BTCUSDT,BTC/USDT:USDT,1d,95560.4,96600.0,92922.8,94221.7,135749.509,12858824611.9057,4603648,65150.48,6173742396.4806,True,binance_fapi_klines
2025-11-17 00:00:00+00:00,2025-11-17 23:59:59.999000+00:00,binance,um_futures,BTCUSDT,BTC/USDT:USDT,1d,94221.7,96012.2,91250.0,92169.7,205161.285,19251468313.7895,6449728,98027.621,9200451323.276,True,binance_fapi_klines
2025-11-18 00:00:00+00:00,2025-11-18 23:59:59.999000+00:00,binance,um_futures,BTCUSDT,BTC/USDT:USDT,1d,92169.8,93799.1,89012.0,92916.9,232691.156,21287650102.1971,7177907,113786.482,10415481419.4653,True,binance_fapi_klines
2025-11-19 00:00:00+00:00,2025-11-19 23:59:59.999000+00:00,binance,um_futures,BTCUSDT,BTC/USDT:USDT,1d,92916.8,92944.8,88564.4,91508.9,226438.45,20531646468.1953,6320482,111594.868,10117818980.8015,True,binance_fapi_klines
2025-11-20 00:00:00+00:00,2025-11-20 23:59:59.999000+00:00,binance,um_futures,BTCUSDT,BTC/USDT:USDT,1d,91509.0,93150.0,86066.6,86601.3,276513.027,24710128018.0412,7702513,133430.073,11927440607.5741,True,binance_fapi_klines
2025-11-21 00:00:00+00:00,2025-11-21 23:59:59.999000+00:00,binance,um_futures,BTCUSDT,BTC/USDT:USDT,1d,86601.4,87465.4,80600.0,85093.5,449804.324,37766204535.2064,12106325,213915.687,17962180053.0172,True,binance_fapi_klines
2025-11-22 00:00:00+00:00,2025-11-22 23:59:59.999000+00:00,binance,um_futures,BTCUSDT,BTC/USDT:USDT,1d,85093.6,85599.9,83456.0,84689.4,94197.055,7944941195.9623,3300973,46882.408,3954513677.7838,True,binance_fapi_klines
2025-11-23 00:00:00+00:00,2025-11-23 23:59:59.999000+00:00,binance,um_futures,BTCUSDT,BTC/USDT:USDT,1d,84689.4,88100.0,84622.0,86807.7,138930.073,12021965924.515,3866798,69195.248,5988281050.7283,True,binance_fapi_klines
2025-11-24 00:00:00+00:00,2025-11-24 23:59:59.999000+00:00,binance,um_futures,BTCUSDT,BTC/USDT:USDT,1d,86807.6,89177.3,85226.4,88247.1,211113.332,18390268446.5396,5760868,103430.099,9011124358.8684,True,binance_fapi_klines
2025-11-25 00:00:00+00:00,2025-11-25 23:59:59.999000+00:00,binance,um_futures,BTCUSDT,BTC/USDT:USDT,1d,88247.1,88477.6,86061.1,87324.1,149637.655,13058119938.8809,3934906,72724.94,6347967246.0369,True,binance_fapi_klines
2025-11-26 00:00:00+00:00,2025-11-26 23:59:59.999000+00:00,binance,um_futures,BTCUSDT,BTC/USDT:USDT,1d,87324.1,90655.4,86260.9,90438.1,159146.533,14035931374.2226,3774838,77838.103,6867895385.2314,True,binance_fapi_klines
2025-11-27 00:00:00+00:00,2025-11-27 23:59:59.999000+00:00,binance,um_futures,BTCUSDT,BTC/USDT:USDT,1d,90438.0,91931.9,90024.4,91292.2,113685.232,10363381065.7595,2798316,55922.73,5097906484.5603,True,binance_fapi_klines
2025-11-28 00:00:00+00:00,2025-11-28 23:59:59.999000+00:00,binance,um_futures,BTCUSDT,BTC/USDT:USDT,1d,91292.2,93080.0,90155.0,90847.8,146920.347,13439159085.5929,3370293,74510.662,6816775836.8546,True,binance_fapi_klines
2025-11-29 00:00:00+00:00,2025-11-29 23:59:59.999000+00:00,binance,um_futures,BTCUSDT,BTC/USDT:USDT,1d,90847.8,91130.0,90092.7,90765.0,54196.679,4912678291.2122,1422265,26455.92,2398702136.5294,True,binance_fapi_klines
2025-11-30 00:00:00+00:00,2025-11-30 23:59:59.999000+00:00,binance,um_futures,BTCUSDT,BTC/USDT:USDT,1d,90764.9,91934.4,90300.0,90320.6,66139.718,6030481989.374,1670692,33556.305,3060587530.4573,True,binance_fapi_klines
2025-12-01 00:00:00+00:00,2025-12-01 23:59:59.999000+00:00,binance,um_futures,BTCUSDT,BTC/USDT:USDT,1d,90320.5,90396.9,83786.0,86241.6,296847.166,25577924246.4796,6767987,147776.477,12724515613.2848,True,binance_fapi_klines
2025-12-02 00:00:00+00:00,2025-12-02 23:59:59.999000+00:00,binance,um_futures,BTCUSDT,BTC/USDT:USDT,1d,86241.5,92273.2,86140.1,91249.1,228101.165,20398018617.2761,5320367,115973.46,10368494171.1987,True,binance_fapi_klines
2025-12-03 00:00:00+00:00,2025-12-03 23:59:59.999000+00:00,binance,um_futures,BTCUSDT,BTC/USDT:USDT,1d,91249.1,94185.0,90954.8,93376.7,201298.317,18675815044.3044,5434938,101728.674,9440036623.0458,True,binance_fapi_klines
2025-12-04 00:00:00+00:00,2025-12-04 23:59:59.999000+00:00,binance,um_futures,BTCUSDT,BTC/USDT:USDT,1d,93376.8,94040.0,90822.5,92034.7,146772.427,13597441409.6919,4163902,71951.305,6667329541.1233,True,binance_fapi_klines
2025-12-05 00:00:00+00:00,2025-12-05 23:59:59.999000+00:00,binance,um_futures,BTCUSDT,BTC/USDT:USDT,1d,92034.7,92665.5,87976.3,89288.5,179125.057,16166343889.0462,4515304,88584.311,7995926556.4131,True,binance_fapi_klines
2025-12-06 00:00:00+00:00,2025-12-06 23:59:59.999000+00:00,binance,um_futures,BTCUSDT,BTC/USDT:USDT,1d,89288.6,90257.3,88870.1,89197.1,56826.867,5087173918.7945,1591701,27767.199,2486142416.4378,True,binance_fapi_klines
2025-12-07 00:00:00+00:00,2025-12-07 23:59:59.999000+00:00,binance,um_futures,BTCUSDT,BTC/USDT:USDT,1d,89197.1,91722.0,87688.0,90345.4,129592.005,11615722866.7767,3338858,66100.06,5924783029.4539,True,binance_fapi_klines
2025-12-08 00:00:00+00:00,2025-12-08 23:59:59.999000+00:00,binance,um_futures,BTCUSDT,BTC/USDT:USDT,1d,90345.4,92262.6,89553.8,90610.8,152474.739,13851183299.0389,4053719,75932.69,6898494855.9569,True,binance_fapi_klines
2025-12-09 00:00:00+00:00,2025-12-09 23:59:59.999000+00:00,binance,um_futures,BTCUSDT,BTC/USDT:USDT,1d,90610.8,94555.0,89368.9,92638.4,181930.263,16746767484.4678,4479556,91703.897,8446337566.9607,True,binance_fapi_klines
2025-12-10 00:00:00+00:00,2025-12-10 23:59:59.999000+00:00,binance,um_futures,BTCUSDT,BTC/USDT:USDT,1d,92638.3,94443.7,91520.0,91977.5,160488.78,14848606099.6705,4232140,78008.191,7219031219.0209,True,binance_fapi_klines
2025-12-11 00:00:00+00:00,2025-12-11 23:59:59.999000+00:00,binance,um_futures,BTCUSDT,BTC/USDT:USDT,1d,91977.5,93547.3,89200.0,92477.5,191148.068,17359221855.9521,4805321,94016.625,8539381998.8038,True,binance_fapi_klines
2025-12-12 00:00:00+00:00,2025-12-12 23:59:59.999000+00:00,binance,um_futures,BTCUSDT,BTC/USDT:USDT,1d,92477.6,92719.0,89429.0,90229.6,144844.11,13200125050.1882,3756406,70171.626,6394111063.2565,True,binance_fapi_klines
2025-12-13 00:00:00+00:00,2025-12-13 23:59:59.999000+00:00,binance,um_futures,BTCUSDT,BTC/USDT:USDT,1d,90229.7,90599.0,89711.9,90191.3,36237.733,3269571102.3341,932723,17479.46,1577183376.2897,True,binance_fapi_klines
2025-12-14 00:00:00+00:00,2025-12-14 23:59:59.999000+00:00,binance,um_futures,BTCUSDT,BTC/USDT:USDT,1d,90191.3,90440.0,87504.3,88118.8,92086.654,8202472245.4301,2328828,42720.264,3805644073.4884,True,binance_fapi_klines
2025-12-15 00:00:00+00:00,2025-12-15 23:59:59.999000+00:00,binance,um_futures,BTCUSDT,BTC/USDT:USDT,1d,88118.8,89972.4,85073.0,86389.9,194216.045,17011925792.4325,4934375,94430.912,8272115736.1914,True,binance_fapi_klines
2025-12-16 00:00:00+00:00,2025-12-16 23:59:59.999000+00:00,binance,um_futures,BTCUSDT,BTC/USDT:USDT,1d,86390.0,88143.9,85226.0,87826.3,142225.048,12361523043.7964,4227432,70313.06,6113438681.8917,True,binance_fapi_klines
2025-12-17 00:00:00+00:00,2025-12-17 23:59:59.999000+00:00,binance,um_futures,BTCUSDT,BTC/USDT:USDT,1d,87826.3,90363.2,85261.3,86201.6,208646.748,18228465804.6213,5781931,105691.482,9233349207.3885,True,binance_fapi_klines
2025-12-18 00:00:00+00:00,2025-12-18 23:59:59.999000+00:00,binance,um_futures,BTCUSDT,BTC/USDT:USDT,1d,86201.6,89447.9,84408.6,85469.7,229573.679,19944082984.3968,6086801,114728.003,9969623749.2985,True,binance_fapi_klines
2025-12-19 00:00:00+00:00,2025-12-19 23:59:59.999000+00:00,binance,um_futures,BTCUSDT,BTC/USDT:USDT,1d,85469.8,89374.6,85062.7,88100.0,178284.494,15617337797.6527,5034312,90542.953,7932688826.5974,True,binance_fapi_klines
2025-12-20 00:00:00+00:00,2025-12-20 23:59:59.999000+00:00,binance,um_futures,BTCUSDT,BTC/USDT:USDT,1d,88100.0,88551.8,87698.5,88320.8,35973.848,3171782778.2374,923871,18260.294,1610228535.3512,True,binance_fapi_klines
2025-12-21 00:00:00+00:00,2025-12-21 23:59:59.999000+00:00,binance,um_futures,BTCUSDT,BTC/USDT:USDT,1d,88320.7,89050.0,87548.5,88621.3,67624.388,5968133891.8196,1874966,32712.868,2887602454.755,True,binance_fapi_klines
2025-12-22 00:00:00+00:00,2025-12-22 23:59:59.999000+00:00,binance,um_futures,BTCUSDT,BTC/USDT:USDT,1d,88621.3,90599.0,87845.0,88581.5,154693.469,13801598552.2526,4180747,77898.364,6951347714.1261,True,binance_fapi_klines
2025-12-23 00:00:00+00:00,2025-12-23 23:59:59.999000+00:00,binance,um_futures,BTCUSDT,BTC/USDT:USDT,1d,88581.5,88904.9,86536.0,87463.0,133657.948,11714876769.2463,3476009,64852.617,5685542045.1042,True,binance_fapi_klines
2025-12-24 00:00:00+00:00,2025-12-24 23:59:59.999000+00:00,binance,um_futures,BTCUSDT,BTC/USDT:USDT,1d,87463.1,88033.3,86355.0,87627.3,81543.508,7107553239.5379,2265487,40807.967,3557644789.4852,True,binance_fapi_klines
2025-12-25 00:00:00+00:00,2025-12-25 23:59:59.999000+00:00,binance,um_futures,BTCUSDT,BTC/USDT:USDT,1d,87627.4,88594.0,86902.1,87182.8,57796.252,5072600548.9633,1544627,27827.13,2442856595.0364,True,binance_fapi_klines
2025-12-26 00:00:00+00:00,2025-12-26 23:59:59.999000+00:00,binance,um_futures,BTCUSDT,BTC/USDT:USDT,1d,87182.8,89557.6,86619.9,87318.2,149971.737,13204732310.098,3606967,76191.941,6707636492.3797,True,binance_fapi_klines
2025-12-27 00:00:00+00:00,2025-12-27 23:59:59.999000+00:00,binance,um_futures,BTCUSDT,BTC/USDT:USDT,1d,87318.3,87956.9,87203.0,87829.4,27294.109,2388675294.68,702865,13546.965,1185724776.1208,True,binance_fapi_klines
2025-12-28 00:00:00+00:00,2025-12-28 23:59:59.999000+00:00,binance,um_futures,BTCUSDT,BTC/USDT:USDT,1d,87829.5,88078.3,87402.6,87920.5,37359.964,3278205503.957,886145,19229.166,1687448428.5795,True,binance_fapi_klines
2025-12-29 00:00:00+00:00,2025-12-29 23:59:59.999000+00:00,binance,um_futures,BTCUSDT,BTC/USDT:USDT,1d,87920.4,90373.4,86760.0,87203.3,190004.209,16787751031.7945,3903591,95283.174,8416033696.7515,True,binance_fapi_klines
2025-12-30 00:00:00+00:00,2025-12-30 23:59:59.999000+00:00,binance,um_futures,BTCUSDT,BTC/USDT:USDT,1d,87203.2,89355.0,86789.0,88455.3,126745.26,11172280215.5508,2751660,62853.527,5540336897.8115,True,binance_fapi_klines
2025-12-31 00:00:00+00:00,2025-12-31 23:59:59.999000+00:00,binance,um_futures,BTCUSDT,BTC/USDT:USDT,1d,88455.2,89192.8,87189.2,87608.2,96768.357,8534611355.54,2111873,48482.035,4275528251.6157,True,binance_fapi_klines
2026-01-01 00:00:00+00:00,2026-01-01 23:59:59.999000+00:00,binance,um_futures,BTCUSDT,BTC/USDT:USDT,1d,87608.3,88881.4,87508.4,88800.0,47941.303,4221684071.5216,1056983,24309.438,2140634699.0434,True,binance_fapi_klines
2026-01-02 00:00:00+00:00,2026-01-02 23:59:59.999000+00:00,binance,um_futures,BTCUSDT,BTC/USDT:USDT,1d,88800.0,90945.1,88324.4,89951.4,176662.448,15818436364.5132,3761821,88056.87,7886732816.1324,True,binance_fapi_klines
2026-01-03 00:00:00+00:00,2026-01-03 23:59:59.999000+00:00,binance,um_futures,BTCUSDT,BTC/USDT:USDT,1d,89951.5,90716.9,89261.2,90595.8,56891.269,5120704164.6601,1281323,29015.764,2611863035.041,True,binance_fapi_klines
2026-01-04 00:00:00+00:00,2026-01-04 23:59:59.999000+00:00,binance,um_futures,BTCUSDT,BTC/USDT:USDT,1d,90595.8,91779.7,90595.7,91497.1,73773.029,6733223160.202,1754310,37402.277,3413859398.8546,True,binance_fapi_klines
2026-01-05 00:00:00+00:00,2026-01-05 23:59:59.999000+00:00,binance,um_futures,BTCUSDT,BTC/USDT:USDT,1d,91497.2,94760.3,91476.5,93822.4,189416.312,17646171283.7405,4067261,97059.465,9042581525.8039,True,binance_fapi_klines
2026-01-06 00:00:00+00:00,2026-01-06 23:59:59.999000+00:00,binance,um_futures,BTCUSDT,BTC/USDT:USDT,1d,93822.3,94415.4,91209.0,93708.0,187443.05,17445560806.7759,3608826,94232.226,8770892721.2898,True,binance_fapi_klines
2026-01-07 00:00:00+00:00,2026-01-07 23:59:59.999000+00:00,binance,um_futures,BTCUSDT,BTC/USDT:USDT,1d,93708.1,93708.1,90634.1,91328.0,148986.85,13680092151.8126,3128555,73299.714,6727596648.7552,True,binance_fapi_klines
2026-01-08 00:00:00+00:00,2026-01-08 23:59:59.999000+00:00,binance,um_futures,BTCUSDT,BTC/USDT:USDT,1d,91328.1,91666.0,89242.0,91059.8,168475.944,15234838673.2306,3683287,84435.026,7635322062.942,True,binance_fapi_klines
2026-01-09 00:00:00+00:00,2026-01-09 23:59:59.999000+00:00,binance,um_futures,BTCUSDT,BTC/USDT:USDT,1d,91059.8,91999.0,89632.8,90603.6,140394.677,12741216614.7338,3331017,69989.001,6352106377.4189,True,binance_fapi_klines
2026-01-10 00:00:00+00:00,2026-01-10 23:59:59.999000+00:00,binance,um_futures,BTCUSDT,BTC/USDT:USDT,1d,90603.7,90800.0,90351.6,90469.6,25270.741,2289227865.1467,599781,12020.536,1088926580.3011,True,binance_fapi_klines
2026-01-11 00:00:00+00:00,2026-01-11 23:59:59.999000+00:00,binance,um_futures,BTCUSDT,BTC/USDT:USDT,1d,90469.7,91252.5,90175.3,90964.4,43544.382,3951590389.4878,1038354,21293.365,1932532329.091,True,binance_fapi_klines
2026-01-12 00:00:00+00:00,2026-01-12 23:59:59.999000+00:00,binance,um_futures,BTCUSDT,BTC/USDT:USDT,1d,90964.4,92488.0,90066.0,91252.6,169237.383,15460787326.0671,3781380,82912.104,7572852155.4257,True,binance_fapi_klines
2026-01-13 00:00:00+00:00,2026-01-13 23:59:59.999000+00:00,binance,um_futures,BTCUSDT,BTC/USDT:USDT,1d,91252.5,96863.7,91011.0,95375.2,200545.918,18702759214.6813,4318052,105695.435,9864317696.0591,True,binance_fapi_klines
2026-01-14 00:00:00+00:00,2026-01-14 23:59:59.999000+00:00,binance,um_futures,BTCUSDT,BTC/USDT:USDT,1d,95375.2,97932.1,94413.4,96907.9,182043.491,17517864908.3997,4348837,92286.055,8882328810.851,True,binance_fapi_klines
2026-01-15 00:00:00+00:00,2026-01-15 23:59:59.999000+00:00,binance,um_futures,BTCUSDT,BTC/USDT:USDT,1d,96908.0,97155.0,95080.0,95567.3,149204.741,14354929430.5958,3798595,75974.818,7310211188.0476,True,binance_fapi_klines
2026-01-16 00:00:00+00:00,2026-01-16 23:59:59.999000+00:00,binance,um_futures,BTCUSDT,BTC/USDT:USDT,1d,95567.4,95825.0,94234.5,95503.7,101218.089,9631783779.4691,2400899,48339.645,4600540806.8206,True,binance_fapi_klines
2026-01-17 00:00:00+00:00,2026-01-17 23:59:59.999000+00:00,binance,um_futures,BTCUSDT,BTC/USDT:USDT,1d,95503.8,95621.9,94977.5,95107.9,38969.233,3713666637.4187,818622,18898.703,1801057681.6183,True,binance_fapi_klines
2026-01-18 00:00:00+00:00,2026-01-18 23:59:59.999000+00:00,binance,um_futures,BTCUSDT,BTC/USDT:USDT,1d,95107.9,95490.0,93550.3,93614.0,62580.393,5933385909.8745,1329656,30549.157,2897470488.1819,True,binance_fapi_klines
2026-01-19 00:00:00+00:00,2026-01-19 23:59:59.999000+00:00,binance,um_futures,BTCUSDT,BTC/USDT:USDT,1d,93614.0,93614.1,91800.0,92589.6,108237.056,10038160831.5419,2825417,53768.893,4986797574.4837,True,binance_fapi_klines
2026-01-20 00:00:00+00:00,2026-01-20 23:59:59.999000+00:00,binance,um_futures,BTCUSDT,BTC/USDT:USDT,1d,92589.6,92845.0,87787.2,88390.6,188076.2,17018198701.3769,4631114,89134.355,8067693049.1273,True,binance_fapi_klines
2026-01-21 00:00:00+00:00,2026-01-21 23:59:59.999000+00:00,binance,um_futures,BTCUSDT,BTC/USDT:USDT,1d,88390.7,90599.5,87205.5,89411.4,208082.615,18550738542.8682,5516402,102546.299,9143105060.37,True,binance_fapi_klines
2026-01-22 00:00:00+00:00,2026-01-22 23:59:59.999000+00:00,binance,um_futures,BTCUSDT,BTC/USDT:USDT,1d,89411.4,90327.7,88465.6,89518.5,105914.221,9479318940.2308,3188240,52482.607,4697915270.7682,True,binance_fapi_klines
2026-01-23 00:00:00+00:00,2026-01-23 23:59:59.999000+00:00,binance,um_futures,BTCUSDT,BTC/USDT:USDT,1d,89518.4,91195.0,88530.0,89558.7,124825.85,11205111434.1844,3316867,61779.895,5546065367.2153,True,binance_fapi_klines
2026-01-24 00:00:00+00:00,2026-01-24 23:59:59.999000+00:00,binance,um_futures,BTCUSDT,BTC/USDT:USDT,1d,89558.7,89893.9,89116.9,89180.7,30735.937,2749562449.6091,704903,14976.518,1340050881.4053,True,binance_fapi_klines
2026-01-25 00:00:00+00:00,2026-01-25 23:59:59.999000+00:00,binance,um_futures,BTCUSDT,BTC/USDT:USDT,1d,89180.7,89281.6,86021.7,86628.9,124879.363,10926589926.8844,2890811,59390.821,5197048472.4734,True,binance_fapi_klines
2026-01-26 00:00:00+00:00,2026-01-26 23:59:59.999000+00:00,binance,um_futures,BTCUSDT,BTC/USDT:USDT,1d,86628.9,88834.1,86463.2,88300.6,134609.491,11814857414.2917,3655855,66466.747,5834082697.1586,True,binance_fapi_klines
2026-01-27 00:00:00+00:00,2026-01-27 23:59:59.999000+00:00,binance,um_futures,BTCUSDT,BTC/USDT:USDT,1d,88300.6,89499.0,87265.4,89197.8,117926.114,10418692062.9808,3132674,59716.738,5275991529.7027,True,binance_fapi_klines
2026-01-28 00:00:00+00:00,2026-01-28 23:59:59.999000+00:00,binance,um_futures,BTCUSDT,BTC/USDT:USDT,1d,89197.8,90592.7,88786.0,89261.7,123884.859,11091286350.5205,3491891,61737.44,5528477718.5388,True,binance_fapi_klines
2026-01-29 00:00:00+00:00,2026-01-29 23:59:59.999000+00:00,binance,um_futures,BTCUSDT,BTC/USDT:USDT,1d,89261.7,89316.8,83338.3,84604.7,226761.591,19452002164.5236,5246087,107600.597,9231117126.0345,True,binance_fapi_klines
2026-01-30 00:00:00+00:00,2026-01-30 23:59:59.999000+00:00,binance,um_futures,BTCUSDT,BTC/USDT:USDT,1d,84604.7,84697.2,81000.0,84211.4,254794.516,21126748812.4862,7256441,125556.402,10413491253.0105,True,binance_fapi_klines
2026-01-31 00:00:00+00:00,2026-01-31 23:59:59.999000+00:00,binance,um_futures,BTCUSDT,BTC/USDT:USDT,1d,84211.4,84239.5,75500.0,78706.8,271548.511,21725315465.7822,7438979,125677.136,10063492728.0621,True,binance_fapi_klines
2026-02-01 00:00:00+00:00,2026-02-01 23:59:59.999000+00:00,binance,um_futures,BTCUSDT,BTC/USDT:USDT,1d,78706.7,79396.8,75644.0,76931.5,186984.08,14530348059.777,6762058,89510.966,6959321844.2493,True,binance_fapi_klines
2026-02-02 00:00:00+00:00,2026-02-02 23:59:59.999000+00:00,binance,um_futures,BTCUSDT,BTC/USDT:USDT,1d,76931.6,79311.0,74555.0,78692.5,259646.414,20033127365.0781,10356254,130227.95,10052791614.9439,True,binance_fapi_klines
2026-02-03 00:00:00+00:00,2026-02-03 23:59:59.999000+00:00,binance,um_futures,BTCUSDT,BTC/USDT:USDT,1d,78692.5,79163.0,72889.2,75732.4,307725.516,23507272161.9743,8904271,150597.328,11504740665.9995,True,binance_fapi_klines
2026-02-04 00:00:00+00:00,2026-02-04 23:59:59.999000+00:00,binance,um_futures,BTCUSDT,BTC/USDT:USDT,1d,75732.4,76952.5,71838.0,73137.4,293124.639,21772124047.9519,9146258,144596.988,10738927062.2291,True,binance_fapi_klines
2026-02-05 00:00:00+00:00,2026-02-05 23:59:59.999000+00:00,binance,um_futures,BTCUSDT,BTC/USDT:USDT,1d,73137.5,73316.3,62233.3,62868.1,670089.741,45383453171.8165,19581560,322109.264,21807977020.39,True,binance_fapi_klines
2026-02-06 00:00:00+00:00,2026-02-06 23:59:59.999000+00:00,binance,um_futures,BTCUSDT,BTC/USDT:USDT,1d,62868.1,71714.4,59800.0,70544.5,559182.769,37147154675.9662,16332904,283473.971,18863949152.1862,True,binance_fapi_klines
2026-02-07 00:00:00+00:00,2026-02-07 23:59:59.999000+00:00,binance,um_futures,BTCUSDT,BTC/USDT:USDT,1d,70544.5,71690.0,67250.0,69254.2,266663.651,18436859331.9978,8784245,131785.54,9110082591.6801,True,binance_fapi_klines
2026-02-08 00:00:00+00:00,2026-02-08 23:59:59.999000+00:00,binance,um_futures,BTCUSDT,BTC/USDT:USDT,1d,69254.3,72300.0,68843.7,70288.1,162753.587,11477495028.2572,5758737,84081.188,5930510155.4559,True,binance_fapi_klines
2026-02-09 00:00:00+00:00,2026-02-09 23:59:59.999000+00:00,binance,um_futures,BTCUSDT,BTC/USDT:USDT,1d,70288.2,71434.9,68271.7,70110.5,222442.828,15536232970.8153,8000547,111498.925,7789587450.7571,True,binance_fapi_klines
2026-02-10 00:00:00+00:00,2026-02-10 23:59:59.999000+00:00,binance,um_futures,BTCUSDT,BTC/USDT:USDT,1d,70110.6,70499.9,67883.0,68805.3,183872.609,12702030089.136,6235581,90509.52,6253576090.1996,True,binance_fapi_klines
2026-02-11 00:00:00+00:00,2026-02-11 23:59:59.999000+00:00,binance,um_futures,BTCUSDT,BTC/USDT:USDT,1d,68805.3,69262.7,65718.5,67054.4,256625.524,17245163504.0109,8361548,127263.683,8552993198.8805,True,binance_fapi_klines
2026-02-12 00:00:00+00:00,2026-02-12 23:59:59.999000+00:00,binance,um_futures,BTCUSDT,BTC/USDT:USDT,1d,67054.8,68385.0,65081.0,66243.1,199993.259,13358290840.2903,6480832,97623.786,6521965541.1917,True,binance_fapi_klines
2026-02-13 00:00:00+00:00,2026-02-13 23:59:59.999000+00:00,binance,um_futures,BTCUSDT,BTC/USDT:USDT,1d,66243.2,69473.7,65833.9,68821.5,183043.289,12411102395.2804,5506424,92834.952,6296336083.3519,True,binance_fapi_klines
2026-02-14 00:00:00+00:00,2026-02-14 23:59:59.999000+00:00,binance,um_futures,BTCUSDT,BTC/USDT:USDT,1d,68821.5,70557.7,68689.1,69795.4,114534.246,7975934194.1541,3101501,59131.453,4118198244.3135,True,binance_fapi_klines
2026-02-15 00:00:00+00:00,2026-02-15 23:59:59.999000+00:00,binance,um_futures,BTCUSDT,BTC/USDT:USDT,1d,69795.4,70938.5,68029.6,68796.9,151250.13,10503980127.9098,4131070,75420.635,5239469410.7689,True,binance_fapi_klines
2026-02-16 00:00:00+00:00,2026-02-16 23:59:59.999000+00:00,binance,um_futures,BTCUSDT,BTC/USDT:USDT,1d,68796.9,70110.9,67250.0,68862.5,149579.748,10246352235.4022,4281080,74612.753,5112811990.0118,True,binance_fapi_klines
2026-02-17 00:00:00+00:00,2026-02-17 23:59:59.999000+00:00,binance,um_futures,BTCUSDT,BTC/USDT:USDT,1d,68862.6,69228.6,66588.0,67475.9,149185.122,10110613783.2471,4735651,72488.674,4913522362.5158,True,binance_fapi_klines
2026-02-18 00:00:00+00:00,2026-02-18 23:59:59.999000+00:00,binance,um_futures,BTCUSDT,BTC/USDT:USDT,1d,67475.9,68438.0,65826.1,66422.8,163973.391,11015902259.5555,4414934,80983.885,5442262907.7837,True,binance_fapi_klines
2026-02-19 00:00:00+00:00,2026-02-19 23:59:59.999000+00:00,binance,um_futures,BTCUSDT,BTC/USDT:USDT,1d,66422.8,67299.4,65595.7,66974.0,147432.601,9812064348.1862,4243601,73067.18,4863653042.4106,True,binance_fapi_klines
2026-02-20 00:00:00+00:00,2026-02-20 23:59:59.999000+00:00,binance,um_futures,BTCUSDT,BTC/USDT:USDT,1d,66973.9,68283.7,66408.1,67979.3,225303.971,15188111219.3469,5164151,113814.422,7672390279.2523,True,binance_fapi_klines
2026-02-21 00:00:00+00:00,2026-02-21 23:59:59.999000+00:00,binance,um_futures,BTCUSDT,BTC/USDT:USDT,1d,67979.3,68687.0,67488.9,67933.1,87495.493,5962675788.0988,1846629,45144.688,3077321357.6557,True,binance_fapi_klines
2026-02-22 00:00:00+00:00,2026-02-22 23:59:59.999000+00:00,binance,um_futures,BTCUSDT,BTC/USDT:USDT,1d,67933.2,68220.0,67150.0,67613.5,84343.422,5711913292.3926,1863706,42548.861,2881219584.1734,True,binance_fapi_klines
2026-02-23 00:00:00+00:00,2026-02-23 23:59:59.999000+00:00,binance,um_futures,BTCUSDT,BTC/USDT:USDT,1d,67613.6,67655.8,63860.0,64625.8,277151.296,18105752523.7873,6630619,136928.48,8944665157.5532,True,binance_fapi_klines
2026-02-24 00:00:00+00:00,2026-02-24 23:59:59.999000+00:00,binance,um_futures,BTCUSDT,BTC/USDT:USDT,1d,64625.8,64980.0,62401.7,64031.3,223150.569,14197862756.4856,5758456,109251.438,6952752503.5222,True,binance_fapi_klines
2026-02-25 00:00:00+00:00,2026-02-25 23:59:59.999000+00:00,binance,um_futures,BTCUSDT,BTC/USDT:USDT,1d,64031.4,69999.0,63876.0,67952.5,299238.818,20064546495.4116,6996840,157407.474,10552957659.5202,True,binance_fapi_klines
2026-02-26 00:00:00+00:00,2026-02-26 23:59:59.999000+00:00,binance,um_futures,BTCUSDT,BTC/USDT:USDT,1d,67952.5,68850.0,66462.0,67448.2,177837.055,12034418012.3577,5337568,87776.569,5941265435.0613,True,binance_fapi_klines
2026-02-27 00:00:00+00:00,2026-02-27 23:59:59.999000+00:00,binance,um_futures,BTCUSDT,BTC/USDT:USDT,1d,67448.1,68188.8,64875.6,65836.0,205957.364,13676652433.9822,5402389,101504.077,6739338522.5544,True,binance_fapi_klines
2026-02-28 00:00:00+00:00,2026-02-28 23:59:59.999000+00:00,binance,um_futures,BTCUSDT,BTC/USDT:USDT,1d,65836.0,67735.0,62979.5,66937.1,257922.786,16739946355.5953,6409763,128512.265,8346357005.2828,True,binance_fapi_klines
2026-03-01 00:00:00+00:00,2026-03-01 23:59:59.999000+00:00,binance,um_futures,BTCUSDT,BTC/USDT:USDT,1d,66937.0,68189.0,65011.0,65750.0,219111.436,14595540041.5659,5961363,109014.685,7263217121.6953,True,binance_fapi_klines
2026-03-02 00:00:00+00:00,2026-03-02 23:59:59.999000+00:00,binance,um_futures,BTCUSDT,BTC/USDT:USDT,1d,65749.9,70100.0,65234.4,68801.8,277378.032,18797402666.4924,7594400,142201.207,9641711691.1948,True,binance_fapi_klines
2026-03-03 00:00:00+00:00,2026-03-03 23:59:59.999000+00:00,binance,um_futures,BTCUSDT,BTC/USDT:USDT,1d,68801.8,69221.6,66080.0,68295.3,257469.9,17427071396.1283,7256084,129683.24,8780068484.0133,True,binance_fapi_klines
2026-03-04 00:00:00+00:00,2026-03-04 23:59:59.999000+00:00,binance,um_futures,BTCUSDT,BTC/USDT:USDT,1d,68295.2,74046.5,67350.0,72641.4,357143.496,25451510255.9959,9113296,190287.738,13562199872.3034,True,binance_fapi_klines
2026-03-05 00:00:00+00:00,2026-03-05 23:59:59.999000+00:00,binance,um_futures,BTCUSDT,BTC/USDT:USDT,1d,72641.4,73539.1,70612.8,70854.8,226168.28,16281967883.7203,6208035,112195.131,8079656887.7121,True,binance_fapi_klines
2026-03-06 00:00:00+00:00,2026-03-06 23:59:59.999000+00:00,binance,um_futures,BTCUSDT,BTC/USDT:USDT,1d,70854.8,71387.5,67712.3,68083.0,213382.703,14828774016.9754,5538756,102870.052,7149555899.6631,True,binance_fapi_klines
2026-03-07 00:00:00+00:00,2026-03-07 23:59:59.999000+00:00,binance,um_futures,BTCUSDT,BTC/USDT:USDT,1d,68083.0,68524.9,66850.1,67232.1,94570.162,6406934226.6605,2310757,45855.067,3107174130.075,True,binance_fapi_klines
2026-03-08 00:00:00+00:00,2026-03-08 23:59:59.999000+00:00,binance,um_futures,BTCUSDT,BTC/USDT:USDT,1d,67232.1,68171.6,65569.2,65934.3,155747.973,10426897603.0972,3935975,76827.845,5147142558.9367,True,binance_fapi_klines
2026-03-09 00:00:00+00:00,2026-03-09 23:59:59.999000+00:00,binance,um_futures,BTCUSDT,BTC/USDT:USDT,1d,65934.3,69498.0,65770.5,68394.1,237211.547,16143343325.2073,6402136,121973.387,8301108300.6032,True,binance_fapi_klines
2026-03-10 00:00:00+00:00,2026-03-10 23:59:59.999000+00:00,binance,um_futures,BTCUSDT,BTC/USDT:USDT,1d,68394.0,71748.1,68345.0,69901.9,265674.484,18671992004.4249,6447895,135881.438,9551079577.3577,True,binance_fapi_klines
2026-03-11 00:00:00+00:00,2026-03-11 23:59:59.999000+00:00,binance,um_futures,BTCUSDT,BTC/USDT:USDT,1d,69901.8,71286.0,68932.9,70150.0,195627.956,13717861932.2764,5153969,99852.987,7003372481.1162,True,binance_fapi_klines
2026-03-12 00:00:00+00:00,2026-03-12 23:59:59.999000+00:00,binance,um_futures,BTCUSDT,BTC/USDT:USDT,1d,70150.0,70756.5,69150.0,70480.1,186490.593,13053987974.2205,5027652,93473.694,6543069845.1725,True,binance_fapi_klines
2026-03-13 00:00:00+00:00,2026-03-13 23:59:59.999000+00:00,binance,um_futures,BTCUSDT,BTC/USDT:USDT,1d,70480.1,73870.0,70342.7,70895.5,300232.121,21593507872.2023,6412789,156863.01,11283022486.7378,True,binance_fapi_klines
2026-03-14 00:00:00+00:00,2026-03-14 23:59:59.999000+00:00,binance,um_futures,BTCUSDT,BTC/USDT:USDT,1d,70895.5,71272.3,70256.0,71174.4,79283.014,5607440555.4348,1886463,39723.954,2810176879.7996,True,binance_fapi_klines
2026-03-15 00:00:00+00:00,2026-03-15 23:59:59.999000+00:00,binance,um_futures,BTCUSDT,BTC/USDT:USDT,1d,71174.4,73199.9,70815.7,72778.9,126474.242,9080449373.0048,3045577,66929.36,4806884385.1855,True,binance_fapi_klines
2026-03-16 00:00:00+00:00,2026-03-16 23:59:59.999000+00:00,binance,um_futures,BTCUSDT,BTC/USDT:USDT,1d,72778.8,74880.0,72235.6,74846.4,269076.99,19840157846.2003,6268523,142195.122,10486931743.155,True,binance_fapi_klines
2026-03-17 00:00:00+00:00,2026-03-17 23:59:59.999000+00:00,binance,um_futures,BTCUSDT,BTC/USDT:USDT,1d,74846.4,75998.9,73330.3,73872.4,218278.973,16237908572.5667,5479878,112058.066,8337836305.908,True,binance_fapi_klines
2026-03-18 00:00:00+00:00,2026-03-18 23:59:59.999000+00:00,binance,um_futures,BTCUSDT,BTC/USDT:USDT,1d,73872.3,74633.0,70456.0,71202.9,226755.469,16383639137.9523,5356124,109590.175,7920069210.9269,True,binance_fapi_klines
2026-03-19 00:00:00+00:00,2026-03-19 23:59:59.999000+00:00,binance,um_futures,BTCUSDT,BTC/USDT:USDT,1d,71202.9,71598.3,68750.0,69887.4,218646.177,15294450396.1898,5571163,104855.165,7335537800.7149,True,binance_fapi_klines
2026-03-20 00:00:00+00:00,2026-03-20 23:59:59.999000+00:00,binance,um_futures,BTCUSDT,BTC/USDT:USDT,1d,69887.4,71342.2,69350.0,70472.7,186241.517,13081138829.4624,4888724,95658.426,6719666214.1873,True,binance_fapi_klines
2026-03-21 00:00:00+00:00,2026-03-21 23:59:59.999000+00:00,binance,um_futures,BTCUSDT,BTC/USDT:USDT,1d,70472.6,71077.7,68511.3,68881.5,74084.886,5205605275.9253,1878597,34700.301,2440331893.1537,True,binance_fapi_klines
2026-03-22 00:00:00+00:00,2026-03-22 23:59:59.999000+00:00,binance,um_futures,BTCUSDT,BTC/USDT:USDT,1d,68881.5,69555.8,67300.0,67830.6,134880.564,9248443589.3247,3656404,66109.279,4533941495.7399,True,binance_fapi_klines
2026-03-23 00:00:00+00:00,2026-03-23 23:59:59.999000+00:00,binance,um_futures,BTCUSDT,BTC/USDT:USDT,1d,67830.7,71789.8,67400.1,70865.9,291099.678,20370260333.7558,7419964,149407.438,10456499392.3255,True,binance_fapi_klines
2026-03-24 00:00:00+00:00,2026-03-24 23:59:59.999000+00:00,binance,um_futures,BTCUSDT,BTC/USDT:USDT,1d,70866.0,71377.5,68884.5,70523.9,196191.95,13772645263.8223,4920785,98069.538,6886069653.5346,True,binance_fapi_klines
2026-03-25 00:00:00+00:00,2026-03-25 23:59:59.999000+00:00,binance,um_futures,BTCUSDT,BTC/USDT:USDT,1d,70524.0,71999.9,70375.0,71297.5,166515.849,11849218843.5443,4276151,85566.483,6089918411.4155,True,binance_fapi_klines
2026-03-26 00:00:00+00:00,2026-03-26 23:59:59.999000+00:00,binance,um_futures,BTCUSDT,BTC/USDT:USDT,1d,71297.5,71408.1,68115.8,68788.0,186473.614,12951042505.3498,4295874,89375.977,6207615721.3709,True,binance_fapi_klines
2026-03-27 00:00:00+00:00,2026-03-27 23:59:59.999000+00:00,binance,um_futures,BTCUSDT,BTC/USDT:USDT,1d,68788.1,69142.7,65501.0,66364.2,212351.048,14210587774.4208,4882340,99296.688,6645603566.7039,True,binance_fapi_klines
2026-03-28 00:00:00+00:00,2026-03-28 23:59:59.999000+00:00,binance,um_futures,BTCUSDT,BTC/USDT:USDT,1d,66364.1,67284.0,65888.0,66334.8,89373.492,5950578006.8388,1936311,45864.542,3054483289.8193,True,binance_fapi_klines
2026-03-29 00:00:00+00:00,2026-03-29 23:59:59.999000+00:00,binance,um_futures,BTCUSDT,BTC/USDT:USDT,1d,66334.8,67100.0,64918.2,65977.9,110278.396,7312091384.9466,2569247,52166.21,3460384461.2651,True,binance_fapi_klines
2026-03-30 00:00:00+00:00,2026-03-30 23:59:59.999000+00:00,binance,um_futures,BTCUSDT,BTC/USDT:USDT,1d,65978.0,68148.4,65754.2,66764.4,187059.065,12563731418.2445,4757179,95737.116,6430144653.7993,True,binance_fapi_klines
2026-03-31 00:00:00+00:00,2026-03-31 23:59:59.999000+00:00,binance,um_futures,BTCUSDT,BTC/USDT:USDT,1d,66764.4,68600.0,65938.0,68241.5,243333.085,16388241988.4435,5862363,124615.591,8396181305.4869,True,binance_fapi_klines
2026-04-01 00:00:00+00:00,2026-04-01 23:59:59.999000+00:00,binance,um_futures,BTCUSDT,BTC/USDT:USDT,1d,68241.4,69288.0,67534.9,68086.5,157276.22,10762216842.0174,4106767,80109.366,5482948501.1637,True,binance_fapi_klines
2026-04-02 00:00:00+00:00,2026-04-02 23:59:59.999000+00:00,binance,um_futures,BTCUSDT,BTC/USDT:USDT,1d,68086.4,68639.1,65676.1,66868.5,188358.921,12579517168.5344,4638638,90555.926,6049738477.8148,True,binance_fapi_klines
2026-04-03 00:00:00+00:00,2026-04-03 23:59:59.999000+00:00,binance,um_futures,BTCUSDT,BTC/USDT:USDT,1d,66868.6,67350.0,66240.0,66930.0,79267.833,5293680077.2063,1992751,39548.73,2641788463.641,True,binance_fapi_klines
2026-04-04 00:00:00+00:00,2026-04-04 23:59:59.999000+00:00,binance,um_futures,BTCUSDT,BTC/USDT:USDT,1d,66930.0,67554.5,66745.5,67271.0,50770.337,3410098603.0277,974725,25639.145,1722456378.5043,True,binance_fapi_klines
2026-04-05 00:00:00+00:00,2026-04-05 23:59:59.999000+00:00,binance,um_futures,BTCUSDT,BTC/USDT:USDT,1d,67271.1,69108.0,66575.5,68997.9,104918.169,7083232336.5034,2094751,56721.718,3831677470.6371,True,binance_fapi_klines
2026-04-06 00:00:00+00:00,2026-04-06 23:59:59.999000+00:00,binance,um_futures,BTCUSDT,BTC/USDT:USDT,1d,68997.9,70332.5,68227.5,68817.9,166757.236,11569303168.5605,4113878,83004.367,5761065151.3994,True,binance_fapi_klines
2026-04-07 00:00:00+00:00,2026-04-07 23:59:59.999000+00:00,binance,um_futures,BTCUSDT,BTC/USDT:USDT,1d,68817.9,72743.4,67711.0,71890.2,232828.247,16182279542.8739,5373548,123615.487,8599656840.0223,True,binance_fapi_klines
2026-04-08 00:00:00+00:00,2026-04-08 23:59:59.999000+00:00,binance,um_futures,BTCUSDT,BTC/USDT:USDT,1d,71890.2,72858.5,70671.6,71038.1,183378.492,13133483725.5291,4083755,93431.327,6693623001.9324,True,binance_fapi_klines
2026-04-09 00:00:00+00:00,2026-04-09 23:59:59.999000+00:00,binance,um_futures,BTCUSDT,BTC/USDT:USDT,1d,71038.2,73128.0,70428.0,71750.4,175806.457,12590015134.5603,4240779,90420.751,6478553823.7703,True,binance_fapi_klines
2026-04-10 00:00:00+00:00,2026-04-10 23:59:59.999000+00:00,binance,um_futures,BTCUSDT,BTC/USDT:USDT,1d,71750.4,73450.0,71382.1,72917.4,156569.666,11339768854.1431,3530906,80182.211,5808783569.3901,True,binance_fapi_klines
2026-04-11 00:00:00+00:00,2026-04-11 23:59:59.999000+00:00,binance,um_futures,BTCUSDT,BTC/USDT:USDT,1d,72917.4,73773.4,72451.9,73013.4,80169.67,5853687218.5443,1757326,41840.259,3055775778.0617,True,binance_fapi_klines
2026-04-12 00:00:00+00:00,2026-04-12 23:59:59.999000+00:00,binance,um_futures,BTCUSDT,BTC/USDT:USDT,1d,73013.4,73094.4,70458.2,70711.1,134822.989,9619397053.2532,2700369,64950.326,4634586894.2697,True,binance_fapi_klines
2026-04-13 00:00:00+00:00,2026-04-13 23:59:59.999000+00:00,binance,um_futures,BTCUSDT,BTC/USDT:USDT,1d,70711.2,74870.0,70517.3,74385.0,213029.519,15429798791.7153,4357102,112073.325,8123328701.9414,True,binance_fapi_klines
2026-04-14 00:00:00+00:00,2026-04-14 23:59:59.999000+00:00,binance,um_futures,BTCUSDT,BTC/USDT:USDT,1d,74384.9,76009.0,73766.8,74106.9,183261.49,13694374804.034,4218005,95642.599,7149178056.5491,True,binance_fapi_klines
2026-04-15 00:00:00+00:00,2026-04-15 23:59:59.999000+00:00,binance,um_futures,BTCUSDT,BTC/USDT:USDT,1d,74106.9,75425.6,73449.0,74776.2,131029.771,9730355811.3352,3436946,66693.646,4954210269.1399,True,binance_fapi_klines
2026-04-16 00:00:00+00:00,2026-04-16 23:59:59.999000+00:00,binance,um_futures,BTCUSDT,BTC/USDT:USDT,1d,74776.3,75500.0,73256.8,75106.8,158397.725,11801394012.9651,4081084,79897.602,5954451951.7258,True,binance_fapi_klines
2026-04-17 00:00:00+00:00,2026-04-17 23:59:59.999000+00:00,binance,um_futures,BTCUSDT,BTC/USDT:USDT,1d,75106.8,78300.0,74480.0,77030.6,239395.915,18324625150.3757,5543309,124203.819,9508968258.2991,True,binance_fapi_klines
2026-04-18 00:00:00+00:00,2026-04-18 23:59:59.999000+00:00,binance,um_futures,BTCUSDT,BTC/USDT:USDT,1d,77030.6,77380.0,75395.9,75653.8,105894.391,8076569348.8235,2448295,50166.281,3826394976.621,True,binance_fapi_klines
2026-04-19 00:00:00+00:00,2026-04-19 23:59:59.999000+00:00,binance,um_futures,BTCUSDT,BTC/USDT:USDT,1d,75653.8,76200.0,73700.2,73758.4,128978.211,9683836062.9599,3539624,63058.289,4736545268.8033,True,binance_fapi_klines
2026-04-20 00:00:00+00:00,2026-04-20 23:59:59.999000+00:00,binance,um_futures,BTCUSDT,BTC/USDT:USDT,1d,73758.4,76531.0,73669.0,75790.1,166149.667,12510062747.3712,4412505,86599.13,6522423958.7194,True,binance_fapi_klines
2026-04-21 00:00:00+00:00,2026-04-21 23:59:59.999000+00:00,binance,um_futures,BTCUSDT,BTC/USDT:USDT,1d,75790.1,76999.0,74777.9,76288.2,164760.987,12500416813.7038,4536844,82755.902,6280085483.8428,True,binance_fapi_klines
2026-04-22 00:00:00+00:00,2026-04-22 23:59:59.999000+00:00,binance,um_futures,BTCUSDT,BTC/USDT:USDT,1d,76288.3,79444.0,76078.6,78139.8,191087.096,14938373139.3461,4654803,101992.557,7974983102.8871,True,binance_fapi_klines
2026-04-23 00:00:00+00:00,2026-04-23 23:59:59.999000+00:00,binance,um_futures,BTCUSDT,BTC/USDT:USDT,1d,78139.7,78648.0,76504.6,78216.8,172485.012,13417395909.757,4384196,84718.875,6592277714.224,True,binance_fapi_klines
2026-04-24 00:00:00+00:00,2026-04-24 23:59:59.999000+00:00,binance,um_futures,BTCUSDT,BTC/USDT:USDT,1d,78217.4,78546.0,77206.8,77395.4,127783.005,9945529700.8213,3111521,63895.667,4973678914.4198,True,binance_fapi_klines
2026-04-25 00:00:00+00:00,2026-04-25 23:59:59.999000+00:00,binance,um_futures,BTCUSDT,BTC/USDT:USDT,1d,77395.3,77847.0,77100.0,77585.0,46592.486,3610097135.4857,1074571,23089.429,1789188982.0108,True,binance_fapi_klines
2026-04-26 00:00:00+00:00,2026-04-26 23:59:59.999000+00:00,binance,um_futures,BTCUSDT,BTC/USDT:USDT,1d,77585.0,78994.8,77280.0,78613.5,79943.305,6242573929.5112,1958460,40732.364,3181665010.4038,True,binance_fapi_klines
2026-04-27 00:00:00+00:00,2026-04-27 23:59:59.999000+00:00,binance,um_futures,BTCUSDT,BTC/USDT:USDT,1d,78614.4,79455.0,76400.0,77331.2,169100.883,13145988361.7206,3759613,79780.744,6202616215.802,True,binance_fapi_klines
2026-04-28 00:00:00+00:00,2026-04-28 23:59:59.999000+00:00,binance,um_futures,BTCUSDT,BTC/USDT:USDT,1d,77331.2,77450.0,75635.6,76298.1,103918.877,7940395434.4344,2755530,51324.109,3921079223.0633,True,binance_fapi_klines
2026-04-29 00:00:00+00:00,2026-04-29 23:59:59.999000+00:00,binance,um_futures,BTCUSDT,BTC/USDT:USDT,1d,76298.2,77873.2,74868.0,75749.9,186533.503,14249560003.828,3744656,93018.079,7107579066.8016,True,binance_fapi_klines
2026-04-30 00:00:00+00:00,2026-04-30 23:59:59.999000+00:00,binance,um_futures,BTCUSDT,BTC/USDT:USDT,1d,75749.9,76630.3,75273.5,76305.4,99754.46,7592288630.2618,2581648,51739.389,3938217113.9557,True,binance_fapi_klines
2026-05-01 00:00:00+00:00,2026-05-01 23:59:59.999000+00:00,binance,um_futures,BTCUSDT,BTC/USDT:USDT,1d,76305.4,78879.9,76265.4,78192.0,152998.306,11910926993.1926,3193414,79967.911,6224875505.9966,True,binance_fapi_klines
2026-05-02 00:00:00+00:00,2026-05-02 23:59:59.999000+00:00,binance,um_futures,BTCUSDT,BTC/USDT:USDT,1d,78191.9,79145.0,77979.3,78652.9,51441.108,4033520631.7541,1220863,27323.799,2142884125.8639,True,binance_fapi_klines
2026-05-03 00:00:00+00:00,2026-05-03 23:59:59.999000+00:00,binance,um_futures,BTCUSDT,BTC/USDT:USDT,1d,78652.8,79428.9,78027.0,78529.0,72033.621,5665696047.9264,1769810,36821.027,2896791628.4295,True,binance_fapi_klines
2026-05-04 00:00:00+00:00,2026-05-04 23:59:59.999000+00:00,binance,um_futures,BTCUSDT,BTC/USDT:USDT,1d,78529.0,80771.7,78128.3,79826.1,280916.582,22352471036.6139,5588231,139739.282,11125152316.5889,True,binance_fapi_klines
2026-05-05 00:00:00+00:00,2026-05-05 23:59:59.999000+00:00,binance,um_futures,BTCUSDT,BTC/USDT:USDT,1d,79826.1,81745.4,79761.2,80861.9,170921.528,13859497343.3122,3517847,94779.367,7686811919.4291,True,binance_fapi_klines
2026-05-06 00:00:00+00:00,2026-05-06 23:59:59.999000+00:00,binance,um_futures,BTCUSDT,BTC/USDT:USDT,1d,80861.9,82828.7,80651.2,81390.1,158200.508,12927894460.9271,3814275,81342.65,6648701776.0193,True,binance_fapi_klines
2026-05-07 00:00:00+00:00,2026-05-07 23:59:59.999000+00:00,binance,um_futures,BTCUSDT,BTC/USDT:USDT,1d,81390.0,81680.6,79461.5,79969.4,134727.652,10847675002.3061,3380745,65049.244,5238074366.8352,True,binance_fapi_klines
2026-05-08 00:00:00+00:00,2026-05-08 23:59:59.999000+00:00,binance,um_futures,BTCUSDT,BTC/USDT:USDT,1d,79969.5,80478.0,79137.4,80155.2,106762.913,8526573357.1195,2837678,54063.082,4317886683.4866,True,binance_fapi_klines
2026-05-09 00:00:00+00:00,2026-05-09 23:59:59.999000+00:00,binance,um_futures,BTCUSDT,BTC/USDT:USDT,1d,80155.2,81043.2,80080.0,80634.0,55957.334,4503617575.0946,1271383,28915.93,2327249644.9301,True,binance_fapi_klines
2026-05-10 00:00:00+00:00,2026-05-10 23:59:59.999000+00:00,binance,um_futures,BTCUSDT,BTC/USDT:USDT,1d,80634.0,82460.5,80225.1,82177.7,94950.803,7710867902.2652,2249327,49103.839,3988588385.8651,True,binance_fapi_klines
2026-05-11 00:00:00+00:00,2026-05-11 23:59:59.999000+00:00,binance,um_futures,BTCUSDT,BTC/USDT:USDT,1d,82177.7,82350.0,80394.0,81699.1,121990.421,9914471000.5156,3134296,59087.775,4802044688.7259,True,binance_fapi_klines
2026-05-12 00:00:00+00:00,2026-05-12 23:59:59.999000+00:00,binance,um_futures,BTCUSDT,BTC/USDT:USDT,1d,81699.1,81757.3,79801.0,80461.0,121313.956,9789139740.0945,2704822,60253.092,4862099743.6705,True,binance_fapi_klines
2026-05-13 00:00:00+00:00,2026-05-13 23:59:59.999000+00:00,binance,um_futures,BTCUSDT,BTC/USDT:USDT,1d,80461.0,81270.2,78713.8,79288.3,139700.645,11167790014.5136,2907428,69068.793,5522950812.3305,True,binance_fapi_klines
2026-05-14 00:00:00+00:00,2026-05-14 23:59:59.999000+00:00,binance,um_futures,BTCUSDT,BTC/USDT:USDT,1d,79288.2,81999.0,78869.4,81048.9,175883.625,14166202818.0762,3735245,91821.9,7396409670.3957,True,binance_fapi_klines
2026-05-15 00:00:00+00:00,2026-05-15 23:59:59.999000+00:00,binance,um_futures,BTCUSDT,BTC/USDT:USDT,1d,81048.8,81623.8,78610.0,79074.0,153823.505,12292172672.2623,3558190,76762.992,6134432619.498,True,binance_fapi_klines
2026-05-16 00:00:00+00:00,2026-05-16 23:59:59.999000+00:00,binance,um_futures,BTCUSDT,BTC/USDT:USDT,1d,79074.0,79199.7,77601.8,78104.2,86150.451,6745204001.3567,1893984,40355.528,3159749226.3727,True,binance_fapi_klines
2026-05-17 00:00:00+00:00,2026-05-17 23:59:59.999000+00:00,binance,um_futures,BTCUSDT,BTC/USDT:USDT,1d,78104.3,78564.3,76666.0,77430.4,86217.669,6712948169.9698,1935246,40338.72,3142948524.4189,True,binance_fapi_klines
2026-05-18 00:00:00+00:00,2026-05-18 23:59:59.999000+00:00,binance,um_futures,BTCUSDT,BTC/USDT:USDT,1d,77430.4,77757.5,76014.2,76963.2,178363.499,13699664123.4151,4327873,88084.022,6766389445.3175,True,binance_fapi_klines
2026-05-19 00:00:00+00:00,2026-05-19 23:59:59.999000+00:00,binance,um_futures,BTCUSDT,BTC/USDT:USDT,1d,76963.2,77384.6,76107.1,76799.9,99046.639,7603377917.7864,2665616,48097.27,3692720647.0602,True,binance_fapi_klines
2026-05-20 00:00:00+00:00,2026-05-20 23:59:59.999000+00:00,binance,um_futures,BTCUSDT,BTC/USDT:USDT,1d,76800.0,77825.8,76485.0,77510.3,107607.406,8314023123.8036,2742623,54228.551,4190939125.5966,True,binance_fapi_klines
2026-05-21 00:00:00+00:00,2026-05-21 23:59:59.999000+00:00,binance,um_futures,BTCUSDT,BTC/USDT:USDT,1d,77510.3,78180.0,76696.7,77586.2,117095.161,9079126567.9011,2866709,58038.228,4501124501.6308,True,binance_fapi_klines
2026-05-22 00:00:00+00:00,2026-05-22 23:59:59.999000+00:00,binance,um_futures,BTCUSDT,BTC/USDT:USDT,1d,77586.3,77862.7,75322.0,75513.1,116206.213,8909928951.1865,2569349,55486.276,4256556054.119,True,binance_fapi_klines
2026-05-23 00:00:00+00:00,2026-05-23 23:59:59.999000+00:00,binance,um_futures,BTCUSDT,BTC/USDT:USDT,1d,75513.1,77427.0,74203.6,76715.2,153827.753,11619846136.9379,3004860,79962.496,6041908572.7032,True,binance_fapi_klines
2026-05-24 00:00:00+00:00,2026-05-24 23:59:59.999000+00:00,binance,um_futures,BTCUSDT,BTC/USDT:USDT,1d,76715.3,77600.0,76056.0,77030.3,91134.277,6995184441.0506,2234138,46951.462,3605093573.361,True,binance_fapi_klines
2026-05-25 00:00:00+00:00,2026-05-25 23:59:59.999000+00:00,binance,um_futures,BTCUSDT,BTC/USDT:USDT,1d,77030.3,77887.9,76871.4,77281.5,76708.408,5935318058.4616,1931005,39621.54,3066054546.0086,True,binance_fapi_klines
2026-05-26 00:00:00+00:00,2026-05-26 23:59:59.999000+00:00,binance,um_futures,BTCUSDT,BTC/USDT:USDT,1d,77281.5,78077.1,75641.2,75905.5,164920.082,12654056290.2857,3665650,81798.307,6277167640.2896,True,binance_fapi_klines
2026-05-27 00:00:00+00:00,2026-05-27 23:59:59.999000+00:00,binance,um_futures,BTCUSDT,BTC/USDT:USDT,1d,75905.6,76155.5,74210.0,74418.1,144715.461,10884781930.5444,3448760,68881.582,5182029673.8581,True,binance_fapi_klines
2026-05-28 00:00:00+00:00,2026-05-28 23:59:59.999000+00:00,binance,um_futures,BTCUSDT,BTC/USDT:USDT,1d,74418.0,74565.3,72556.0,73591.4,179445.677,13158313710.1554,3962599,88684.97,6502127242.4595,True,binance_fapi_klines
2026-05-29 00:00:00+00:00,2026-05-29 23:59:59.999000+00:00,binance,um_futures,BTCUSDT,BTC/USDT:USDT,1d,73591.4,74293.1,72436.0,73428.2,146157.182,10744239263.3423,3330599,70734.281,5200482659.9178,True,binance_fapi_klines
2026-05-30 00:00:00+00:00,2026-05-30 23:59:59.999000+00:00,binance,um_futures,BTCUSDT,BTC/USDT:USDT,1d,73428.2,74108.8,73130.1,73856.8,52543.686,3872898602.558,1170355,28011.296,2064671058.7693,True,binance_fapi_klines
2026-05-31 00:00:00+00:00,2026-05-31 23:59:59.999000+00:00,binance,um_futures,BTCUSDT,BTC/USDT:USDT,1d,73856.9,74250.0,73340.7,73653.2,58241.459,4298158210.9843,1441196,28704.09,2118524984.5727,True,binance_fapi_klines
2026-06-01 00:00:00+00:00,2026-06-01 23:59:59.999000+00:00,binance,um_futures,BTCUSDT,BTC/USDT:USDT,1d,73653.2,74070.5,70650.9,71391.5,213471.128,15378872728.3725,4458372,104990.58,7563168002.3186,True,binance_fapi_klines
2026-06-02 00:00:00+00:00,2026-06-02 23:59:59.999000+00:00,binance,um_futures,BTCUSDT,BTC/USDT:USDT,1d,71391.5,71397.0,66150.7,66730.0,346702.152,23712505169.3278,7127356,166204.475,11371042208.1904,True,binance_fapi_klines
2026-06-03 00:00:00+00:00,2026-06-03 23:59:59.999000+00:00,binance,um_futures,BTCUSDT,BTC/USDT:USDT,1d,66730.1,67493.8,64050.8,64117.7,310901.538,20585781398.0473,6966925,149213.984,9885249714.9615,True,binance_fapi_klines
2026-06-04 00:00:00+00:00,2026-06-04 23:59:59.999000+00:00,binance,um_futures,BTCUSDT,BTC/USDT:USDT,1d,64117.7,64739.8,61344.8,63853.4,431174.611,27310650403.739,10874585,213316.447,13514269338.1017,True,binance_fapi_klines
2026-06-05 00:00:00+00:00,2026-06-05 23:59:59.999000+00:00,binance,um_futures,BTCUSDT,BTC/USDT:USDT,1d,63853.4,63955.0,59080.0,61022.0,478161.885,29361378809.9244,13001562,232607.696,14290455965.6739,True,binance_fapi_klines
2026-06-06 00:00:00+00:00,2026-06-06 23:59:59.999000+00:00,binance,um_futures,BTCUSDT,BTC/USDT:USDT,1d,61022.0,61500.0,59451.3,60849.7,174760.843,10605474090.515,5613152,85845.659,5210160125.7485,True,binance_fapi_klines
2026-06-07 00:00:00+00:00,2026-06-07 23:59:59.999000+00:00,binance,um_futures,BTCUSDT,BTC/USDT:USDT,1d,60849.7,64250.0,60708.0,63298.5,217479.033,13517713522.3448,5625457,112626.445,7001852664.3588,True,binance_fapi_klines
2026-06-08 00:00:00+00:00,2026-06-08 23:59:59.999000+00:00,binance,um_futures,BTCUSDT,BTC/USDT:USDT,1d,63299.0,64179.5,62377.0,63057.9,184441.053,11686149262.5016,5553169,93444.085,5921735024.9173,True,binance_fapi_klines
2026-06-09 00:00:00+00:00,2026-06-09 23:59:59.999000+00:00,binance,um_futures,BTCUSDT,BTC/USDT:USDT,1d,63057.9,63499.9,60755.0,61695.0,221399.474,13747227695.6087,5499289,107397.606,6669133960.6649,True,binance_fapi_klines
2026-06-10 00:00:00+00:00,2026-06-10 23:59:59.999000+00:00,binance,um_futures,BTCUSDT,BTC/USDT:USDT,1d,61694.9,62840.2,60691.9,61483.7,193054.264,11904619873.8146,5545622,96771.687,5968864811.1565,True,binance_fapi_klines
2026-06-11 00:00:00+00:00,2026-06-11 23:59:59.999000+00:00,binance,um_futures,BTCUSDT,BTC/USDT:USDT,1d,61483.6,63915.3,61483.6,63597.9,193994.574,12203645517.4952,4464945,103587.129,6518375446.1642,True,binance_fapi_klines
2026-06-12 00:00:00+00:00,2026-06-12 23:59:59.999000+00:00,binance,um_futures,BTCUSDT,BTC/USDT:USDT,1d,63598.0,64362.6,62800.0,63547.0,145723.782,9269070492.5146,3586119,74546.867,4742412883.4536,True,binance_fapi_klines
2026-06-13 00:00:00+00:00,2026-06-13 23:59:59.999000+00:00,binance,um_futures,BTCUSDT,BTC/USDT:USDT,1d,63547.0,64738.0,63360.0,64418.2,76161.387,4875081330.9115,1605728,38768.194,2482284713.5357,True,binance_fapi_klines
2026-06-14 00:00:00+00:00,2026-06-14 23:59:59.999000+00:00,binance,um_futures,BTCUSDT,BTC/USDT:USDT,1d,64418.3,65775.0,63650.0,65702.1,116733.458,7543356645.1326,2420457,60549.973,3914345727.5491,True,binance_fapi_klines
2026-06-15 00:00:00+00:00,2026-06-15 23:59:59.999000+00:00,binance,um_futures,BTCUSDT,BTC/USDT:USDT,1d,65702.1,67255.4,65314.3,66285.9,167952.941,11128369131.6187,3579313,86169.02,5709398822.9715,True,binance_fapi_klines
2026-06-16 00:00:00+00:00,2026-06-16 23:59:59.999000+00:00,binance,um_futures,BTCUSDT,BTC/USDT:USDT,1d,66285.9,66956.7,65328.8,65644.8,129106.426,8530166441.4165,3186832,64458.046,4259519998.0064,True,binance_fapi_klines
2026-06-17 00:00:00+00:00,2026-06-17 23:59:59.999000+00:00,binance,um_futures,BTCUSDT,BTC/USDT:USDT,1d,65644.8,66419.2,63881.2,64472.9,199486.299,12993715717.6897,4631138,98821.853,6437246671.4536,True,binance_fapi_klines
2026-06-18 00:00:00+00:00,2026-06-18 23:59:59.999000+00:00,binance,um_futures,BTCUSDT,BTC/USDT:USDT,1d,64472.9,64780.0,62232.1,62924.1,187698.716,11913345414.7855,4005801,92392.061,5863865588.7467,True,binance_fapi_klines
2026-06-19 00:00:00+00:00,2026-06-19 23:59:59.999000+00:00,binance,um_futures,BTCUSDT,BTC/USDT:USDT,1d,62924.0,63645.0,62237.2,63512.6,112226.881,7054926729.8511,2721632,58258.725,3663648894.0381,True,binance_fapi_klines
2026-06-20 00:00:00+00:00,2026-06-20 23:59:59.999000+00:00,binance,um_futures,BTCUSDT,BTC/USDT:USDT,1d,63512.5,64370.9,63136.2,64270.0,95676.696,6097926299.7573,2147300,48913.198,3118395430.986,True,binance_fapi_klines
2026-06-21 00:00:00+00:00,2026-06-21 23:59:59.999000+00:00,binance,um_futures,BTCUSDT,BTC/USDT:USDT,1d,64270.1,64568.0,63220.0,63287.1,84982.076,5440812226.5408,1903594,41365.039,2648469088.5503,True,binance_fapi_klines
2026-06-22 00:00:00+00:00,2026-06-22 23:59:59.999000+00:00,binance,um_futures,BTCUSDT,BTC/USDT:USDT,1d,63287.2,65597.2,63286.2,63990.2,161843.008,10442533457.2388,3838509,82589.322,5329779220.9626,True,binance_fapi_klines
2026-06-23 00:00:00+00:00,2026-06-23 23:59:59.999000+00:00,binance,um_futures,BTCUSDT,BTC/USDT:USDT,1d,63990.1,64247.2,61870.0,62696.7,172919.239,10846658707.2452,3993212,84991.721,5330726364.2983,True,binance_fapi_klines
2026-06-24 00:00:00+00:00,2026-06-24 23:59:59.999000+00:00,binance,um_futures,BTCUSDT,BTC/USDT:USDT,1d,62696.7,63209.6,59060.0,61051.2,278097.304,16952133814.0803,5937738,132535.075,8082756879.19,True,binance_fapi_klines
2026-06-25 00:00:00+00:00,2026-06-25 23:59:59.999000+00:00,binance,um_futures,BTCUSDT,BTC/USDT:USDT,1d,61051.2,61931.1,58030.0,59771.9,301830.174,18118740546.7246,6739577,149372.807,8967863004.0547,True,binance_fapi_klines
2026-06-26 00:00:00+00:00,2026-06-26 23:59:59.999000+00:00,binance,um_futures,BTCUSDT,BTC/USDT:USDT,1d,59772.0,60734.0,58288.0,60072.0,282095.151,16822758418.5105,6983368,139341.106,8312708213.9387,True,binance_fapi_klines
2025-06-27 00:00:00+00:00,2025-06-27 23:59:59.999000+00:00,binance,um_futures,ETHUSDT,ETH/USDT:USDT,1d,2414.59,2463.38,2377.0,2422.06,4375482.494,10621563197.78729,3895770,2189953.783,5317047428.5262,True,binance_fapi_klines
2025-06-28 00:00:00+00:00,2025-06-28 23:59:59.999000+00:00,binance,um_futures,ETHUSDT,ETH/USDT:USDT,1d,2422.07,2447.42,2404.75,2434.8,1533911.759,3723317923.01957,1550736,775516.127,1882778366.61757,True,binance_fapi_klines
2025-06-29 00:00:00+00:00,2025-06-29 23:59:59.999000+00:00,binance,um_futures,ETHUSDT,ETH/USDT:USDT,1d,2434.8,2524.41,2406.45,2499.25,3066795.2,7537795437.65051,2605239,1569650.553,3859243032.28087,True,binance_fapi_klines
2025-06-30 00:00:00+00:00,2025-06-30 23:59:59.999000+00:00,binance,um_futures,ETHUSDT,ETH/USDT:USDT,1d,2499.25,2523.43,2431.87,2484.3,5172486.705,12818199456.88197,4205127,2534986.833,6282717978.0753,True,binance_fapi_klines
2025-07-01 00:00:00+00:00,2025-07-01 23:59:59.999000+00:00,binance,um_futures,ETHUSDT,ETH/USDT:USDT,1d,2484.3,2499.6,2383.33,2403.65,4506176.03,10982509466.22594,3555794,2185180.831,5327648695.59392,True,binance_fapi_klines
2025-07-02 00:00:00+00:00,2025-07-02 23:59:59.999000+00:00,binance,um_futures,ETHUSDT,ETH/USDT:USDT,1d,2403.66,2618.2,2367.53,2569.37,6609066.769,16554772337.67924,4861645,3373379.31,8452615556.5655,True,binance_fapi_klines
2025-07-03 00:00:00+00:00,2025-07-03 23:59:59.999000+00:00,binance,um_futures,ETHUSDT,ETH/USDT:USDT,1d,2569.37,2635.0,2555.25,2590.17,5268757.244,13647187156.29036,4325630,2703056.509,7002399763.40586,True,binance_fapi_klines
2025-07-04 00:00:00+00:00,2025-07-04 23:59:59.999000+00:00,binance,um_futures,ETHUSDT,ETH/USDT:USDT,1d,2590.18,2601.96,2473.07,2506.86,5033671.72,12725393707.41595,4057479,2450111.773,6191557815.95106,True,binance_fapi_klines
2025-07-05 00:00:00+00:00,2025-07-05 23:59:59.999000+00:00,binance,um_futures,ETHUSDT,ETH/USDT:USDT,1d,2506.87,2528.86,2486.31,2515.25,2011813.011,5052102986.64698,1961577,983322.087,2469738327.26284,True,binance_fapi_klines
2025-07-06 00:00:00+00:00,2025-07-06 23:59:59.999000+00:00,binance,um_futures,ETHUSDT,ETH/USDT:USDT,1d,2515.25,2607.08,2502.25,2569.14,3600165.163,9172986497.63379,2976116,1836966.661,4680999555.50237,True,binance_fapi_klines
2025-07-07 00:00:00+00:00,2025-07-07 23:59:59.999000+00:00,binance,um_futures,ETHUSDT,ETH/USDT:USDT,1d,2569.14,2589.88,2505.37,2541.37,4567857.773,11644446527.06696,3841371,2263542.698,5770160028.45091,True,binance_fapi_klines
2025-07-08 00:00:00+00:00,2025-07-08 23:59:59.999000+00:00,binance,um_futures,ETHUSDT,ETH/USDT:USDT,1d,2541.36,2627.83,2522.07,2613.97,4474456.244,11532994545.81018,3704131,2272286.995,5857233183.798,True,binance_fapi_klines
2025-07-09 00:00:00+00:00,2025-07-09 23:59:59.999000+00:00,binance,um_futures,ETHUSDT,ETH/USDT:USDT,1d,2613.97,2795.73,2588.49,2767.7,7269179.795,19472870001.08627,5653754,3768214.373,10101424349.21511,True,binance_fapi_klines
2025-07-10 00:00:00+00:00,2025-07-10 23:59:59.999000+00:00,binance,um_futures,ETHUSDT,ETH/USDT:USDT,1d,2767.69,3010.44,2754.08,2950.62,8576372.082,24350173415.15155,7003532,4321398.295,12281316816.41542,True,binance_fapi_klines
2025-07-11 00:00:00+00:00,2025-07-11 23:59:59.999000+00:00,binance,um_futures,ETHUSDT,ETH/USDT:USDT,1d,2950.61,3040.95,2913.72,2956.93,8156318.681,24321474191.78244,7658556,3956820.239,11800896395.05097,True,binance_fapi_klines
2025-07-12 00:00:00+00:00,2025-07-12 23:59:59.999000+00:00,binance,um_futures,ETHUSDT,ETH/USDT:USDT,1d,2956.94,2979.0,2902.8,2941.87,3279022.65,9646182328.47869,3419956,1599523.474,4706848048.03806,True,binance_fapi_klines
2025-07-13 00:00:00+00:00,2025-07-13 23:59:59.999000+00:00,binance,um_futures,ETHUSDT,ETH/USDT:USDT,1d,2941.88,3019.52,2930.0,2970.37,3503115.926,10415925230.63532,3582692,1751254.16,5207474502.12151,True,binance_fapi_klines
2025-07-14 00:00:00+00:00,2025-07-14 23:59:59.999000+00:00,binance,um_futures,ETHUSDT,ETH/USDT:USDT,1d,2970.37,3083.0,2961.44,3012.26,6656768.639,20170004457.45065,6645231,3340936.036,10124390186.23357,True,binance_fapi_klines
2025-07-15 00:00:00+00:00,2025-07-15 23:59:59.999000+00:00,binance,um_futures,ETHUSDT,ETH/USDT:USDT,1d,3012.26,3144.48,2930.99,3137.62,8695662.537,26257227282.62108,8482122,4329322.936,13077292555.0391,True,binance_fapi_klines
2025-07-16 00:00:00+00:00,2025-07-16 23:59:59.999000+00:00,binance,um_futures,ETHUSDT,ETH/USDT:USDT,1d,3137.62,3423.47,3099.6,3370.55,9404285.667,30571821987.93077,8722872,4762095.824,15490414485.51467,True,binance_fapi_klines
2025-07-17 00:00:00+00:00,2025-07-17 23:59:59.999000+00:00,binance,um_futures,ETHUSDT,ETH/USDT:USDT,1d,3370.54,3524.0,3311.0,3476.65,8831516.299,30197089749.63605,9706393,4351549.085,14881168716.19383,True,binance_fapi_klines
2025-07-18 00:00:00+00:00,2025-07-18 23:59:59.999000+00:00,binance,um_futures,ETHUSDT,ETH/USDT:USDT,1d,3476.66,3674.43,3458.0,3546.36,9940209.861,35671704359.38496,11072600,4848998.776,17406121457.46232,True,binance_fapi_klines
2025-07-19 00:00:00+00:00,2025-07-19 23:59:59.999000+00:00,binance,um_futures,ETHUSDT,ETH/USDT:USDT,1d,3546.36,3608.0,3505.0,3591.31,3451544.417,12293248411.83796,4428185,1699122.083,6052632282.12079,True,binance_fapi_klines
2025-07-20 00:00:00+00:00,2025-07-20 23:59:59.999000+00:00,binance,um_futures,ETHUSDT,ETH/USDT:USDT,1d,3591.32,3826.0,3578.05,3755.67,7235342.352,26908744578.77599,7720041,3552660.143,13210663152.58352,True,binance_fapi_klines
2025-07-21 00:00:00+00:00,2025-07-21 23:59:59.999000+00:00,binance,um_futures,ETHUSDT,ETH/USDT:USDT,1d,3755.68,3857.82,3700.19,3760.96,6672579.311,25225480585.51872,7816769,3210353.77,12138767029.60567,True,binance_fapi_klines
2025-07-22 00:00:00+00:00,2025-07-22 23:59:59.999000+00:00,binance,um_futures,ETHUSDT,ETH/USDT:USDT,1d,3760.95,3798.58,3616.53,3746.01,7931786.206,29306295168.48628,8579050,3797162.062,14032752633.29127,True,binance_fapi_klines
2025-07-23 00:00:00+00:00,2025-07-23 23:59:59.999000+00:00,binance,um_futures,ETHUSDT,ETH/USDT:USDT,1d,3746.02,3764.08,3526.5,3627.49,6962184.377,25314488743.70884,7072827,3282221.792,11938355891.6992,True,binance_fapi_klines
2025-07-24 00:00:00+00:00,2025-07-24 23:59:59.999000+00:00,binance,um_futures,ETHUSDT,ETH/USDT:USDT,1d,3627.5,3772.63,3505.0,3706.2,7785869.615,28454660354.48651,7988402,3841955.467,14043399496.17899,True,binance_fapi_klines
2025-07-25 00:00:00+00:00,2025-07-25 23:59:59.999000+00:00,binance,um_futures,ETHUSDT,ETH/USDT:USDT,1d,3706.22,3746.42,3570.13,3724.17,7413357.205,27126573043.76688,8386075,3637522.018,13311512882.89762,True,binance_fapi_klines
2025-07-26 00:00:00+00:00,2025-07-26 23:59:59.999000+00:00,binance,um_futures,ETHUSDT,ETH/USDT:USDT,1d,3724.18,3795.2,3694.56,3740.0,3327830.068,12459303545.27103,3430625,1655933.546,6202157184.68408,True,binance_fapi_klines
2025-07-27 00:00:00+00:00,2025-07-27 23:59:59.999000+00:00,binance,um_futures,ETHUSDT,ETH/USDT:USDT,1d,3740.0,3878.53,3728.36,3871.47,4061335.758,15482491667.55545,4559036,2038998.708,7776129232.82427,True,binance_fapi_klines
2025-07-28 00:00:00+00:00,2025-07-28 23:59:59.999000+00:00,binance,um_futures,ETHUSDT,ETH/USDT:USDT,1d,3871.48,3940.81,3751.03,3796.0,6290790.926,24175996255.18144,6687629,3043266.681,11703061854.16594,True,binance_fapi_klines
2025-07-29 00:00:00+00:00,2025-07-29 23:59:59.999000+00:00,binance,um_futures,ETHUSDT,ETH/USDT:USDT,1d,3795.99,3885.43,3712.24,3791.55,6546244.159,24860205422.37114,7087846,3230256.318,12270688952.66161,True,binance_fapi_klines
2025-07-30 00:00:00+00:00,2025-07-30 23:59:59.999000+00:00,binance,um_futures,ETHUSDT,ETH/USDT:USDT,1d,3791.55,3832.61,3670.0,3808.67,5758788.738,21736673459.65851,6641102,2819159.578,10642161411.12838,True,binance_fapi_klines
2025-07-31 00:00:00+00:00,2025-07-31 23:59:59.999000+00:00,binance,um_futures,ETHUSDT,ETH/USDT:USDT,1d,3808.67,3878.0,3682.23,3696.58,5397334.756,20469554422.85698,5989796,2632017.204,9987168063.63206,True,binance_fapi_klines
2025-08-01 00:00:00+00:00,2025-08-01 23:59:59.999000+00:00,binance,um_futures,ETHUSDT,ETH/USDT:USDT,1d,3696.57,3722.9,3428.86,3486.42,9193572.267,33128314776.46401,10694477,4392233.26,15838218917.15354,True,binance_fapi_klines
2025-08-02 00:00:00+00:00,2025-08-02 23:59:59.999000+00:00,binance,um_futures,ETHUSDT,ETH/USDT:USDT,1d,3486.41,3536.48,3366.5,3392.42,5424066.49,18754639855.72633,6590236,2620359.928,9062563249.15896,True,binance_fapi_klines
2025-08-03 00:00:00+00:00,2025-08-03 23:59:59.999000+00:00,binance,um_futures,ETHUSDT,ETH/USDT:USDT,1d,3392.42,3520.97,3353.51,3495.0,3427531.227,11864698196.98683,4146890,1754747.792,6074636130.57502,True,binance_fapi_klines
2025-08-04 00:00:00+00:00,2025-08-04 23:59:59.999000+00:00,binance,um_futures,ETHUSDT,ETH/USDT:USDT,1d,3495.01,3735.0,3489.28,3719.42,5316512.393,19236902829.45886,6075647,2677248.978,9687462431.98572,True,binance_fapi_klines
2025-08-05 00:00:00+00:00,2025-08-05 23:59:59.999000+00:00,binance,um_futures,ETHUSDT,ETH/USDT:USDT,1d,3719.41,3720.1,3542.58,3610.19,5815168.146,21058063277.99194,6592665,2798340.263,10134497863.50469,True,binance_fapi_klines
2025-08-06 00:00:00+00:00,2025-08-06 23:59:59.999000+00:00,binance,um_futures,ETHUSDT,ETH/USDT:USDT,1d,3610.19,3697.39,3562.34,3681.21,4199037.186,15227765255.91895,4916416,2067907.873,7500888476.52586,True,binance_fapi_klines
2025-08-07 00:00:00+00:00,2025-08-07 23:59:59.999000+00:00,binance,um_futures,ETHUSDT,ETH/USDT:USDT,1d,3681.21,3926.38,3645.78,3908.4,5937102.226,22547412157.43496,6237352,3029290.384,11504081909.95496,True,binance_fapi_klines
2025-08-08 00:00:00+00:00,2025-08-08 23:59:59.999000+00:00,binance,um_futures,ETHUSDT,ETH/USDT:USDT,1d,3908.4,4070.0,3876.7,4009.05,6145342.857,24345087579.6172,6968705,3066357.114,12148346381.28722,True,binance_fapi_klines
2025-08-09 00:00:00+00:00,2025-08-09 23:59:59.999000+00:00,binance,um_futures,ETHUSDT,ETH/USDT:USDT,1d,4009.04,4325.24,4005.02,4259.1,6548032.73,27432612279.33882,7055176,3293060.47,13794818979.60294,True,binance_fapi_klines
2025-08-10 00:00:00+00:00,2025-08-10 23:59:59.999000+00:00,binance,um_futures,ETHUSDT,ETH/USDT:USDT,1d,4259.11,4331.99,4160.0,4248.77,4745124.651,20053465752.63617,5986405,2272308.795,9604507149.15049,True,binance_fapi_klines
2025-08-11 00:00:00+00:00,2025-08-11 23:59:59.999000+00:00,binance,um_futures,ETHUSDT,ETH/USDT:USDT,1d,4248.77,4370.0,4164.23,4221.31,7280638.345,31097460175.2005,9226033,3535293.252,15101570850.51035,True,binance_fapi_klines
2025-08-12 00:00:00+00:00,2025-08-12 23:59:59.999000+00:00,binance,um_futures,ETHUSDT,ETH/USDT:USDT,1d,4221.31,4640.0,4216.61,4589.31,8478717.163,37479934448.83552,8681417,4303736.664,19037814775.53742,True,binance_fapi_klines
2025-08-13 00:00:00+00:00,2025-08-13 23:59:59.999000+00:00,binance,um_futures,ETHUSDT,ETH/USDT:USDT,1d,4589.31,4783.62,4562.59,4748.37,7960032.485,37251303664.17844,8944863,3920628.626,18350626200.55333,True,binance_fapi_klines
2025-08-14 00:00:00+00:00,2025-08-14 23:59:59.999000+00:00,binance,um_futures,ETHUSDT,ETH/USDT:USDT,1d,4748.36,4794.0,4451.0,4545.26,10442559.67,48290670951.46872,11233029,5023044.168,23228103400.42674,True,binance_fapi_klines
2025-08-15 00:00:00+00:00,2025-08-15 23:59:59.999000+00:00,binance,um_futures,ETHUSDT,ETH/USDT:USDT,1d,4545.26,4670.23,4364.0,4437.16,7420333.141,33482732351.53149,8626932,3622196.9,16347653790.36137,True,binance_fapi_klines
2025-08-16 00:00:00+00:00,2025-08-16 23:59:59.999000+00:00,binance,um_futures,ETHUSDT,ETH/USDT:USDT,1d,4437.15,4488.33,4370.0,4420.22,3186954.848,14093829789.0426,4233693,1519989.962,6722538100.52846,True,binance_fapi_klines
2025-08-17 00:00:00+00:00,2025-08-17 23:59:59.999000+00:00,binance,um_futures,ETHUSDT,ETH/USDT:USDT,1d,4420.22,4574.95,4392.45,4470.66,4146129.176,18646228010.40326,4914999,2029408.435,9127376785.19763,True,binance_fapi_klines
2025-08-18 00:00:00+00:00,2025-08-18 23:59:59.999000+00:00,binance,um_futures,ETHUSDT,ETH/USDT:USDT,1d,4470.66,4480.0,4224.1,4311.73,8232985.759,35575776951.64949,9593567,4035017.975,17436458268.33868,True,binance_fapi_klines
2025-08-19 00:00:00+00:00,2025-08-19 23:59:59.999000+00:00,binance,um_futures,ETHUSDT,ETH/USDT:USDT,1d,4311.72,4354.22,4064.96,4073.94,7641112.186,32204790715.55084,8963447,3659115.864,15432994509.22249,True,binance_fapi_klines
2025-08-20 00:00:00+00:00,2025-08-20 23:59:59.999000+00:00,binance,um_futures,ETHUSDT,ETH/USDT:USDT,1d,4073.93,4376.13,4060.0,4334.5,7670009.51,32383014019.12521,9070241,3826427.41,16155678903.04898,True,binance_fapi_klines
2025-08-21 00:00:00+00:00,2025-08-21 23:59:59.999000+00:00,binance,um_futures,ETHUSDT,ETH/USDT:USDT,1d,4334.5,4338.94,4202.0,4223.7,4937369.302,21078545366.69103,6587893,2385344.656,10184926938.87164,True,binance_fapi_klines
2025-08-22 00:00:00+00:00,2025-08-22 23:59:59.999000+00:00,binance,um_futures,ETHUSDT,ETH/USDT:USDT,1d,4223.69,4888.49,4206.0,4830.37,11984283.633,54750305193.79994,11643825,5966269.405,27254690713.37555,True,binance_fapi_klines
2025-08-23 00:00:00+00:00,2025-08-23 23:59:59.999000+00:00,binance,um_futures,ETHUSDT,ETH/USDT:USDT,1d,4830.36,4830.37,4662.25,4777.26,3997279.661,18933270794.15555,5001086,1947766.421,9225664643.83754,True,binance_fapi_klines
2025-08-24 00:00:00+00:00,2025-08-24 23:59:59.999000+00:00,binance,um_futures,ETHUSDT,ETH/USDT:USDT,1d,4777.25,4957.67,4702.47,4778.32,6361395.851,30592940074.78536,7265862,3143816.147,15125114823.27254,True,binance_fapi_klines
2025-08-25 00:00:00+00:00,2025-08-25 23:59:59.999000+00:00,binance,um_futures,ETHUSDT,ETH/USDT:USDT,1d,4778.33,4796.8,4331.15,4374.25,9104476.925,41589800131.29473,10159027,4340822.043,19829074713.3435,True,binance_fapi_klines
2025-08-26 00:00:00+00:00,2025-08-26 23:59:59.999000+00:00,binance,um_futures,ETHUSDT,ETH/USDT:USDT,1d,4374.25,4632.92,4310.0,4598.49,6833123.715,30589096262.84132,8818702,3417921.657,15302892617.25593,True,binance_fapi_klines
2025-08-27 00:00:00+00:00,2025-08-27 23:59:59.999000+00:00,binance,um_futures,ETHUSDT,ETH/USDT:USDT,1d,4598.5,4662.5,4479.01,4504.84,5766618.714,26459757592.6853,7415091,2782602.618,12769987160.50781,True,binance_fapi_klines
2025-08-28 00:00:00+00:00,2025-08-28 23:59:59.999000+00:00,binance,um_futures,ETHUSDT,ETH/USDT:USDT,1d,4504.86,4633.12,4425.0,4509.1,4426437.919,20065358628.09292,5601270,2179199.123,9879189296.56193,True,binance_fapi_klines
2025-08-29 00:00:00+00:00,2025-08-29 23:59:59.999000+00:00,binance,um_futures,ETHUSDT,ETH/USDT:USDT,1d,4509.1,4514.66,4264.29,4358.65,6209654.111,27104770526.17302,7454969,3023585.681,13197027708.48541,True,binance_fapi_klines
2025-08-30 00:00:00+00:00,2025-08-30 23:59:59.999000+00:00,binance,um_futures,ETHUSDT,ETH/USDT:USDT,1d,4358.65,4414.45,4254.97,4372.0,2942714.992,12802321816.86978,3583349,1435369.519,6247127309.51978,True,binance_fapi_klines
2025-08-31 00:00:00+00:00,2025-08-31 23:59:59.999000+00:00,binance,um_futures,ETHUSDT,ETH/USDT:USDT,1d,4372.0,4498.0,4370.33,4389.58,3156027.534,14051520790.23488,3770253,1557353.159,6934900979.36076,True,binance_fapi_klines
2025-09-01 00:00:00+00:00,2025-09-01 23:59:59.999000+00:00,binance,um_futures,ETHUSDT,ETH/USDT:USDT,1d,4389.58,4490.0,4205.49,4313.0,5447493.883,23773811619.81524,6589665,2658868.777,11610053107.00537,True,binance_fapi_klines
2025-09-02 00:00:00+00:00,2025-09-02 23:59:59.999000+00:00,binance,um_futures,ETHUSDT,ETH/USDT:USDT,1d,4313.0,4414.73,4254.33,4324.59,5122607.494,22199377296.74414,6799107,2523277.295,10934001772.52983,True,binance_fapi_klines
2025-09-03 00:00:00+00:00,2025-09-03 23:59:59.999000+00:00,binance,um_futures,ETHUSDT,ETH/USDT:USDT,1d,4324.58,4488.36,4281.0,4448.22,3880391.161,17044372656.69283,5119195,1910250.517,8391344991.77567,True,binance_fapi_klines
2025-09-04 00:00:00+00:00,2025-09-04 23:59:59.999000+00:00,binance,um_futures,ETHUSDT,ETH/USDT:USDT,1d,4448.22,4480.99,4263.0,4295.68,4894116.686,21342682503.19518,5688361,2385345.232,10402979550.9344,True,binance_fapi_klines
2025-09-05 00:00:00+00:00,2025-09-05 23:59:59.999000+00:00,binance,um_futures,ETHUSDT,ETH/USDT:USDT,1d,4295.68,4494.45,4252.47,4305.71,6326357.485,27575467859.60816,6969862,3144665.679,13709504358.49794,True,binance_fapi_klines
2025-09-06 00:00:00+00:00,2025-09-06 23:59:59.999000+00:00,binance,um_futures,ETHUSDT,ETH/USDT:USDT,1d,4305.71,4327.0,4220.0,4271.69,2147554.767,9195378104.55838,2490116,1027661.082,4401196364.957,True,binance_fapi_klines
2025-09-07 00:00:00+00:00,2025-09-07 23:59:59.999000+00:00,binance,um_futures,ETHUSDT,ETH/USDT:USDT,1d,4271.68,4336.05,4267.44,4303.84,1711470.552,7351406415.13431,2167511,842909.915,3620996878.30009,True,binance_fapi_klines
2025-09-08 00:00:00+00:00,2025-09-08 23:59:59.999000+00:00,binance,um_futures,ETHUSDT,ETH/USDT:USDT,1d,4303.83,4382.75,4276.21,4303.98,3546410.615,15322973248.83397,4276268,1766976.332,7636008462.03931,True,binance_fapi_klines
2025-09-09 00:00:00+00:00,2025-09-09 23:59:59.999000+00:00,binance,um_futures,ETHUSDT,ETH/USDT:USDT,1d,4303.97,4380.77,4275.0,4308.4,3523559.615,15222966920.79079,4163833,1705285.733,7367839033.85386,True,binance_fapi_klines
2025-09-10 00:00:00+00:00,2025-09-10 23:59:59.999000+00:00,binance,um_futures,ETHUSDT,ETH/USDT:USDT,1d,4308.41,4453.56,4283.0,4347.83,4432223.474,19320820617.76293,4641071,2202701.077,9603634039.34492,True,binance_fapi_klines
2025-09-11 00:00:00+00:00,2025-09-11 23:59:59.999000+00:00,binance,um_futures,ETHUSDT,ETH/USDT:USDT,1d,4347.83,4483.44,4328.88,4456.86,4235830.637,18709241142.85245,4845793,2144185.223,9474069450.4494,True,binance_fapi_klines
2025-09-12 00:00:00+00:00,2025-09-12 23:59:59.999000+00:00,binance,um_futures,ETHUSDT,ETH/USDT:USDT,1d,4456.87,4750.0,4448.35,4710.83,4819201.204,22044074626.95246,5257367,2498943.807,11433035659.61851,True,binance_fapi_klines
2025-09-13 00:00:00+00:00,2025-09-13 23:59:59.999000+00:00,binance,um_futures,ETHUSDT,ETH/USDT:USDT,1d,4710.82,4768.0,4603.0,4664.74,3171687.815,14859966360.5965,3611292,1514533.803,7098240898.72099,True,binance_fapi_klines
2025-09-14 00:00:00+00:00,2025-09-14 23:59:59.999000+00:00,binance,um_futures,ETHUSDT,ETH/USDT:USDT,1d,4664.74,4691.3,4575.0,4602.0,2511259.911,11619139302.15607,2962617,1223889.018,5662945206.75829,True,binance_fapi_klines
2025-09-15 00:00:00+00:00,2025-09-15 23:59:59.999000+00:00,binance,um_futures,ETHUSDT,ETH/USDT:USDT,1d,4602.0,4668.0,4463.0,4521.54,4176404.992,18980591155.35112,4822542,2003037.077,9103609610.20994,True,binance_fapi_klines
2025-09-16 00:00:00+00:00,2025-09-16 23:59:59.999000+00:00,binance,um_futures,ETHUSDT,ETH/USDT:USDT,1d,4521.54,4536.31,4421.01,4499.41,3109858.769,13940782703.99469,3837838,1533778.727,6876185257.54886,True,binance_fapi_klines
2025-09-17 00:00:00+00:00,2025-09-17 23:59:59.999000+00:00,binance,um_futures,ETHUSDT,ETH/USDT:USDT,1d,4499.41,4615.26,4404.08,4588.3,5124507.153,23070604822.17107,5809176,2491509.715,11218670920.1431,True,binance_fapi_klines
2025-09-18 00:00:00+00:00,2025-09-18 23:59:59.999000+00:00,binance,um_futures,ETHUSDT,ETH/USDT:USDT,1d,4588.31,4642.6,4551.75,4585.31,2928393.691,13458754798.55331,3707936,1431908.227,6581842939.31912,True,binance_fapi_klines
2025-09-19 00:00:00+00:00,2025-09-19 23:59:59.999000+00:00,binance,um_futures,ETHUSDT,ETH/USDT:USDT,1d,4585.32,4619.5,4433.0,4466.49,3411338.53,15390394153.31296,3828856,1587235.426,7160962697.77853,True,binance_fapi_klines
2025-09-20 00:00:00+00:00,2025-09-20 23:59:59.999000+00:00,binance,um_futures,ETHUSDT,ETH/USDT:USDT,1d,4466.48,4506.75,4451.62,4478.27,1210096.976,5418567490.32544,1675624,608242.126,2723708343.4974,True,binance_fapi_klines
2025-09-21 00:00:00+00:00,2025-09-21 23:59:59.999000+00:00,binance,um_futures,ETHUSDT,ETH/USDT:USDT,1d,4478.26,4497.01,4440.01,4443.01,1366255.572,6106266734.79425,1854241,663045.681,2963864350.18824,True,binance_fapi_klines
2025-09-22 00:00:00+00:00,2025-09-22 23:59:59.999000+00:00,binance,um_futures,ETHUSDT,ETH/USDT:USDT,1d,4443.0,4454.01,4000.88,4196.86,6100386.078,25725810179.45994,7252729,2821549.443,11897302384.37024,True,binance_fapi_klines
2025-09-23 00:00:00+00:00,2025-09-23 23:59:59.999000+00:00,binance,um_futures,ETHUSDT,ETH/USDT:USDT,1d,4196.87,4230.06,4112.43,4162.25,3491189.582,14583116712.74314,4714029,1735353.502,7249186977.33441,True,binance_fapi_klines
2025-09-24 00:00:00+00:00,2025-09-24 23:59:59.999000+00:00,binance,um_futures,ETHUSDT,ETH/USDT:USDT,1d,4162.25,4204.99,4070.0,4150.51,3047254.366,12670384477.90497,4180129,1485681.454,6178787549.93948,True,binance_fapi_klines
2025-09-25 00:00:00+00:00,2025-09-25 23:59:59.999000+00:00,binance,um_futures,ETHUSDT,ETH/USDT:USDT,1d,4150.51,4158.95,3822.0,3873.1,8452019.741,33629986986.04217,9489735,4122867.032,16406478789.80459,True,binance_fapi_klines
2025-09-26 00:00:00+00:00,2025-09-26 23:59:59.999000+00:00,binance,um_futures,ETHUSDT,ETH/USDT:USDT,1d,3873.1,4066.39,3866.0,4030.17,4740997.735,18750388212.84918,6525096,2398852.841,9488726424.89693,True,binance_fapi_klines
2025-09-27 00:00:00+00:00,2025-09-27 23:59:59.999000+00:00,binance,um_futures,ETHUSDT,ETH/USDT:USDT,1d,4030.17,4038.62,3971.45,4017.01,1763090.139,7063334343.7382,2222512,881775.159,3533197152.40817,True,binance_fapi_klines
2025-09-28 00:00:00+00:00,2025-09-28 23:59:59.999000+00:00,binance,um_futures,ETHUSDT,ETH/USDT:USDT,1d,4017.01,4143.05,3963.1,4139.55,2514830.299,10149863141.77429,2976315,1325631.717,5353896576.725,True,binance_fapi_klines
2025-09-29 00:00:00+00:00,2025-09-29 23:59:59.999000+00:00,binance,um_futures,ETHUSDT,ETH/USDT:USDT,1d,4139.54,4234.27,4080.0,4212.98,3781396.686,15694942048.56818,4749311,1882523.934,7814893363.99008,True,binance_fapi_klines
2025-09-30 00:00:00+00:00,2025-09-30 23:59:59.999000+00:00,binance,um_futures,ETHUSDT,ETH/USDT:USDT,1d,4212.99,4246.87,4091.0,4142.75,3692892.942,15345949182.5394,4968279,1794931.381,7458935038.67879,True,binance_fapi_klines
2025-10-01 00:00:00+00:00,2025-10-01 23:59:59.999000+00:00,binance,um_futures,ETHUSDT,ETH/USDT:USDT,1d,4142.75,4356.07,4120.61,4345.85,4436505.357,18930019542.68207,5512248,2235987.426,9538353705.26361,True,binance_fapi_klines
2025-10-02 00:00:00+00:00,2025-10-02 23:59:59.999000+00:00,binance,um_futures,ETHUSDT,ETH/USDT:USDT,1d,4345.85,4516.65,4330.11,4481.7,4471666.244,19726077711.08088,5935964,2248530.893,9921712912.45965,True,binance_fapi_klines
2025-10-03 00:00:00+00:00,2025-10-03 23:59:59.999000+00:00,binance,um_futures,ETHUSDT,ETH/USDT:USDT,1d,4481.7,4590.83,4426.0,4511.11,4421328.072,19877580078.8867,6208153,2182648.246,9815662543.44157,True,binance_fapi_klines
2025-10-04 00:00:00+00:00,2025-10-04 23:59:59.999000+00:00,binance,um_futures,ETHUSDT,ETH/USDT:USDT,1d,4511.12,4515.8,4438.0,4484.79,1887541.368,8456084877.8291,2751769,893559.521,4003645832.9171,True,binance_fapi_klines
2025-10-05 00:00:00+00:00,2025-10-05 23:59:59.999000+00:00,binance,um_futures,ETHUSDT,ETH/USDT:USDT,1d,4484.79,4618.44,4465.01,4512.34,3476365.707,15788381952.9441,5233806,1721023.346,7817691438.1541,True,binance_fapi_klines
2025-10-06 00:00:00+00:00,2025-10-06 23:59:59.999000+00:00,binance,um_futures,ETHUSDT,ETH/USDT:USDT,1d,4512.35,4734.99,4486.05,4682.43,3988549.973,18419617390.68043,5919219,2022274.459,9339403963.58013,True,binance_fapi_klines
2025-10-07 00:00:00+00:00,2025-10-07 23:59:59.999000+00:00,binance,um_futures,ETHUSDT,ETH/USDT:USDT,1d,4682.42,4754.0,4422.44,4445.76,5946456.672,27299951019.86175,7609815,2863875.407,13153232028.32008,True,binance_fapi_klines
2025-10-08 00:00:00+00:00,2025-10-08 23:59:59.999000+00:00,binance,um_futures,ETHUSDT,ETH/USDT:USDT,1d,4445.77,4556.75,4408.69,4523.67,3755083.452,16827127415.92555,6009027,1869314.316,8378163316.41122,True,binance_fapi_klines
2025-10-09 00:00:00+00:00,2025-10-09 23:59:59.999000+00:00,binance,um_futures,ETHUSDT,ETH/USDT:USDT,1d,4523.66,4529.15,4262.55,4365.83,5102570.656,22281784727.32817,6884022,2440006.551,10652493197.01764,True,binance_fapi_klines
2025-10-10 00:00:00+00:00,2025-10-10 23:59:59.999000+00:00,binance,um_futures,ETHUSDT,ETH/USDT:USDT,1d,4365.83,4392.0,3400.0,3819.99,12017119.047,47929937738.04511,15891025,5666179.165,22619258551.27069,True,binance_fapi_klines
2025-10-11 00:00:00+00:00,2025-10-11 23:59:59.999000+00:00,binance,um_futures,ETHUSDT,ETH/USDT:USDT,1d,3820.0,3874.28,3640.0,3744.99,5215588.468,19726835357.37149,9393255,2613387.766,9888803995.20522,True,binance_fapi_klines
2025-10-12 00:00:00+00:00,2025-10-12 23:59:59.999000+00:00,binance,um_futures,ETHUSDT,ETH/USDT:USDT,1d,3744.99,4200.0,3692.96,4149.99,9472267.39,37481577939.66282,10027905,4803223.613,18997320974.20802,True,binance_fapi_klines
2025-10-13 00:00:00+00:00,2025-10-13 23:59:59.999000+00:00,binance,um_futures,ETHUSDT,ETH/USDT:USDT,1d,4150.0,4293.03,4034.12,4239.7,7867416.54,32696882710.92269,9278748,3944751.191,16397816816.17658,True,binance_fapi_klines
2025-10-14 00:00:00+00:00,2025-10-14 23:59:59.999000+00:00,binance,um_futures,ETHUSDT,ETH/USDT:USDT,1d,4239.7,4262.0,3885.09,4123.05,8470013.274,34258219352.17251,11845500,4149008.192,16775972713.99781,True,binance_fapi_klines
2025-10-15 00:00:00+00:00,2025-10-15 23:59:59.999000+00:00,binance,um_futures,ETHUSDT,ETH/USDT:USDT,1d,4123.06,4216.12,3925.0,3983.81,5383244.01,21819540012.2743,8388501,2676280.211,10851209454.24153,True,binance_fapi_klines
2025-10-16 00:00:00+00:00,2025-10-16 23:59:59.999000+00:00,binance,um_futures,ETHUSDT,ETH/USDT:USDT,1d,3983.8,4089.34,3822.5,3892.02,5731700.779,22709297884.67893,9444104,2785426.699,11039477031.71406,True,binance_fapi_klines
2025-10-17 00:00:00+00:00,2025-10-17 23:59:59.999000+00:00,binance,um_futures,ETHUSDT,ETH/USDT:USDT,1d,3892.02,3948.06,3671.0,3829.99,6653715.864,25226782204.14404,10588433,3261526.179,12366430756.20759,True,binance_fapi_klines
2025-10-18 00:00:00+00:00,2025-10-18 23:59:59.999000+00:00,binance,um_futures,ETHUSDT,ETH/USDT:USDT,1d,3830.0,3926.0,3817.21,3887.01,1938785.098,7509890240.83936,3494925,964052.159,3734729677.75682,True,binance_fapi_klines
2025-10-19 00:00:00+00:00,2025-10-19 23:59:59.999000+00:00,binance,um_futures,ETHUSDT,ETH/USDT:USDT,1d,3887.01,4030.0,3810.0,3980.59,3378168.171,13293751538.49362,5024361,1696525.463,6680310360.5597,True,binance_fapi_klines
2025-10-20 00:00:00+00:00,2025-10-20 23:59:59.999000+00:00,binance,um_futures,ETHUSDT,ETH/USDT:USDT,1d,3980.6,4085.0,3906.89,3977.54,3964193.706,15854456792.02957,6197163,1958810.573,7834500393.97327,True,binance_fapi_klines
2025-10-21 00:00:00+00:00,2025-10-21 23:59:59.999000+00:00,binance,um_futures,ETHUSDT,ETH/USDT:USDT,1d,3977.54,4108.41,3838.21,3871.11,6065458.751,23982223539.19465,8882649,2965777.598,11726989182.43355,True,binance_fapi_klines
2025-10-22 00:00:00+00:00,2025-10-22 23:59:59.999000+00:00,binance,um_futures,ETHUSDT,ETH/USDT:USDT,1d,3871.11,3887.45,3706.31,3803.93,5014922.865,19162417413.61478,8670010,2460698.199,9405795396.53953,True,binance_fapi_klines
2025-10-23 00:00:00+00:00,2025-10-23 23:59:59.999000+00:00,binance,um_futures,ETHUSDT,ETH/USDT:USDT,1d,3803.94,3933.4,3794.89,3855.21,3703936.916,14306558471.2592,6351393,1847168.41,7133547396.24258,True,binance_fapi_klines
2025-10-24 00:00:00+00:00,2025-10-24 23:59:59.999000+00:00,binance,um_futures,ETHUSDT,ETH/USDT:USDT,1d,3855.22,4026.48,3844.02,3933.19,3655431.455,14370925595.57035,6259143,1793297.282,7050946974.81901,True,binance_fapi_klines
2025-10-25 00:00:00+00:00,2025-10-25 23:59:59.999000+00:00,binance,um_futures,ETHUSDT,ETH/USDT:USDT,1d,3933.2,3968.93,3910.0,3952.25,1294911.079,5100565551.56726,2320554,660468.178,2602123989.38233,True,binance_fapi_klines
2025-10-26 00:00:00+00:00,2025-10-26 23:59:59.999000+00:00,binance,um_futures,ETHUSDT,ETH/USDT:USDT,1d,3952.24,4179.27,3914.3,4156.37,2929386.864,11852616616.01451,4661450,1472768.044,5961088182.98089,True,binance_fapi_klines
2025-10-27 00:00:00+00:00,2025-10-27 23:59:59.999000+00:00,binance,um_futures,ETHUSDT,ETH/USDT:USDT,1d,4156.36,4253.0,4090.61,4118.47,4177961.802,17446812942.46984,6977860,2060147.723,8604335606.69436,True,binance_fapi_klines
2025-10-28 00:00:00+00:00,2025-10-28 23:59:59.999000+00:00,binance,um_futures,ETHUSDT,ETH/USDT:USDT,1d,4118.46,4174.08,3925.01,3977.56,4291976.218,17497055109.81833,7323112,2052915.791,8372181231.32695,True,binance_fapi_klines
2025-10-29 00:00:00+00:00,2025-10-29 23:59:59.999000+00:00,binance,um_futures,ETHUSDT,ETH/USDT:USDT,1d,3977.56,4034.99,3836.0,3900.38,4458210.334,17639590435.27133,7668112,2176233.415,8612741083.83583,True,binance_fapi_klines
2025-10-30 00:00:00+00:00,2025-10-30 23:59:59.999000+00:00,binance,um_futures,ETHUSDT,ETH/USDT:USDT,1d,3900.38,3947.0,3677.7,3802.8,5769173.941,22017129749.74984,9606081,2834214.336,10817342646.85872,True,binance_fapi_klines
2025-10-31 00:00:00+00:00,2025-10-31 23:59:59.999000+00:00,binance,um_futures,ETHUSDT,ETH/USDT:USDT,1d,3802.8,3904.9,3794.13,3846.42,3815967.522,14680218606.47905,6374992,1907672.563,7339626620.1384,True,binance_fapi_klines
2025-11-01 00:00:00+00:00,2025-11-01 23:59:59.999000+00:00,binance,um_futures,ETHUSDT,ETH/USDT:USDT,1d,3846.42,3907.61,3828.8,3872.14,1270485.006,4916549621.84477,2478182,641829.937,2483659052.02197,True,binance_fapi_klines
2025-11-02 00:00:00+00:00,2025-11-02 23:59:59.999000+00:00,binance,um_futures,ETHUSDT,ETH/USDT:USDT,1d,3872.14,3917.0,3837.04,3904.8,1816853.789,7038966407.17009,3238857,908098.423,3518678439.54914,True,binance_fapi_klines
2025-11-03 00:00:00+00:00,2025-11-03 23:59:59.999000+00:00,binance,um_futures,ETHUSDT,ETH/USDT:USDT,1d,3904.79,3913.34,3556.0,3602.15,6599474.497,24340952228.33653,10070951,3101856.608,11440337089.36183,True,binance_fapi_klines
2025-11-04 00:00:00+00:00,2025-11-04 23:59:59.999000+00:00,binance,um_futures,ETHUSDT,ETH/USDT:USDT,1d,3602.15,3653.65,3055.0,3285.28,10678270.996,36171319570.78212,15897517,5181122.338,17567242223.80083,True,binance_fapi_klines
2025-11-05 00:00:00+00:00,2025-11-05 23:59:59.999000+00:00,binance,um_futures,ETHUSDT,ETH/USDT:USDT,1d,3285.28,3479.0,3165.41,3423.06,5529908.978,18458018565.74134,10505832,2805720.156,9371135878.87705,True,binance_fapi_klines
2025-11-06 00:00:00+00:00,2025-11-06 23:59:59.999000+00:00,binance,um_futures,ETHUSDT,ETH/USDT:USDT,1d,3423.06,3455.0,3245.0,3313.7,4923419.396,16485449833.07646,8995344,2397515.509,8026923804.26709,True,binance_fapi_klines
2025-11-07 00:00:00+00:00,2025-11-07 23:59:59.999000+00:00,binance,um_futures,ETHUSDT,ETH/USDT:USDT,1d,3313.7,3472.23,3192.92,3434.36,5003943.428,16601841382.86458,10160525,2528806.548,8390658919.14615,True,binance_fapi_klines
2025-11-08 00:00:00+00:00,2025-11-08 23:59:59.999000+00:00,binance,um_futures,ETHUSDT,ETH/USDT:USDT,1d,3434.37,3490.0,3353.31,3400.07,2663386.219,9099157353.14614,5444163,1312894.573,4486131384.34617,True,binance_fapi_klines
2025-11-09 00:00:00+00:00,2025-11-09 23:59:59.999000+00:00,binance,um_futures,ETHUSDT,ETH/USDT:USDT,1d,3400.08,3624.4,3356.74,3581.31,3242104.849,11301873155.95876,6039399,1677038.198,5847009990.89904,True,binance_fapi_klines
2025-11-10 00:00:00+00:00,2025-11-10 23:59:59.999000+00:00,binance,um_futures,ETHUSDT,ETH/USDT:USDT,1d,3581.31,3658.0,3505.55,3566.38,3732092.709,13360528858.35997,7309365,1872721.194,6705385107.43077,True,binance_fapi_klines
2025-11-11 00:00:00+00:00,2025-11-11 23:59:59.999000+00:00,binance,um_futures,ETHUSDT,ETH/USDT:USDT,1d,3566.38,3647.54,3403.02,3416.32,4510443.944,15900378901.78895,8880574,2240751.876,7900568447.8105,True,binance_fapi_klines
2025-11-12 00:00:00+00:00,2025-11-12 23:59:59.999000+00:00,binance,um_futures,ETHUSDT,ETH/USDT:USDT,1d,3416.33,3587.24,3370.0,3413.46,4885053.439,16907897063.88611,8920704,2475303.169,8566692945.1903,True,binance_fapi_klines
2025-11-13 00:00:00+00:00,2025-11-13 23:59:59.999000+00:00,binance,um_futures,ETHUSDT,ETH/USDT:USDT,1d,3413.45,3565.0,3152.49,3230.12,7753251.79,26083884668.87648,13807020,3803654.811,12798805629.68556,True,binance_fapi_klines
2025-11-14 00:00:00+00:00,2025-11-14 23:59:59.999000+00:00,binance,um_futures,ETHUSDT,ETH/USDT:USDT,1d,3230.13,3255.95,3068.0,3111.2,8107655.483,25699714531.16107,16788043,3952775.054,12533282601.27943,True,binance_fapi_klines
2025-11-15 00:00:00+00:00,2025-11-15 23:59:59.999000+00:00,binance,um_futures,ETHUSDT,ETH/USDT:USDT,1d,3111.2,3230.56,3109.16,3166.55,2382547.615,7562768036.56531,5233565,1199624.502,3808048408.60312,True,binance_fapi_klines
2025-11-16 00:00:00+00:00,2025-11-16 23:59:59.999000+00:00,binance,um_futures,ETHUSDT,ETH/USDT:USDT,1d,3166.56,3248.5,3001.01,3094.05,5514051.792,17212970189.19971,9769735,2685448.444,8387684167.75581,True,binance_fapi_klines
2025-11-17 00:00:00+00:00,2025-11-17 23:59:59.999000+00:00,binance,um_futures,ETHUSDT,ETH/USDT:USDT,1d,3094.04,3223.22,2958.0,3030.06,6720441.979,20848106009.10493,12972230,3291215.866,10211876610.03888,True,binance_fapi_klines
2025-11-18 00:00:00+00:00,2025-11-18 23:59:59.999000+00:00,binance,um_futures,ETHUSDT,ETH/USDT:USDT,1d,3030.06,3169.28,2943.31,3122.2,6218662.842,18980315506.87928,13026557,3112873.052,9506834150.4854,True,binance_fapi_klines
2025-11-19 00:00:00+00:00,2025-11-19 23:59:59.999000+00:00,binance,um_futures,ETHUSDT,ETH/USDT:USDT,1d,3122.2,3125.05,2873.0,3024.09,7755927.867,23272863365.89668,13129760,3756145.969,11273357564.66225,True,binance_fapi_klines
2025-11-20 00:00:00+00:00,2025-11-20 23:59:59.999000+00:00,binance,um_futures,ETHUSDT,ETH/USDT:USDT,1d,3024.08,3063.0,2788.01,2832.97,8009557.115,23455659763.16681,12951864,3868609.133,11324741263.58337,True,binance_fapi_klines
2025-11-21 00:00:00+00:00,2025-11-21 23:59:59.999000+00:00,binance,um_futures,ETHUSDT,ETH/USDT:USDT,1d,2832.96,2885.84,2620.0,2764.69,10727173.104,29404535921.142,18266473,5263936.46,14434276409.42476,True,binance_fapi_klines
2025-11-22 00:00:00+00:00,2025-11-22 23:59:59.999000+00:00,binance,um_futures,ETHUSDT,ETH/USDT:USDT,1d,2764.7,2798.0,2702.87,2769.06,2709820.893,7433402072.25529,5561881,1360831.644,3733818434.39116,True,binance_fapi_klines
2025-11-23 00:00:00+00:00,2025-11-23 23:59:59.999000+00:00,binance,um_futures,ETHUSDT,ETH/USDT:USDT,1d,2769.06,2857.0,2766.87,2800.73,3288963.717,9262309369.80448,6045121,1638877.336,4616345046.8418,True,binance_fapi_klines
2025-11-24 00:00:00+00:00,2025-11-24 23:59:59.999000+00:00,binance,um_futures,ETHUSDT,ETH/USDT:USDT,1d,2800.74,2986.98,2761.38,2952.19,6158375.151,17629818981.86079,10158684,3124442.647,8946862344.75279,True,binance_fapi_klines
2025-11-25 00:00:00+00:00,2025-11-25 23:59:59.999000+00:00,binance,um_futures,ETHUSDT,ETH/USDT:USDT,1d,2952.18,2979.31,2855.0,2958.24,4774258.874,13900856134.8333,8125337,2360308.097,6873883202.1706,True,binance_fapi_klines
2025-11-26 00:00:00+00:00,2025-11-26 23:59:59.999000+00:00,binance,um_futures,ETHUSDT,ETH/USDT:USDT,1d,2958.24,3044.46,2887.09,3025.02,4273427.784,12642800437.45882,6624304,2155302.965,6376376348.15385,True,binance_fapi_klines
2025-11-27 00:00:00+00:00,2025-11-27 23:59:59.999000+00:00,binance,um_futures,ETHUSDT,ETH/USDT:USDT,1d,3025.02,3070.0,2983.81,3013.8,2959023.537,8948067808.55838,4596719,1475739.288,4463480546.8284,True,binance_fapi_klines
2025-11-28 00:00:00+00:00,2025-11-28 23:59:59.999000+00:00,binance,um_futures,ETHUSDT,ETH/USDT:USDT,1d,3013.81,3099.0,2992.1,3029.8,3878973.607,11796891863.91637,5794744,1948605.739,5927214938.49761,True,binance_fapi_klines
2025-11-29 00:00:00+00:00,2025-11-29 23:59:59.999000+00:00,binance,um_futures,ETHUSDT,ETH/USDT:USDT,1d,3029.8,3051.46,2960.01,2987.96,2258392.443,6775926299.40963,3177060,1091553.426,3276297970.18338,True,binance_fapi_klines
2025-11-30 00:00:00+00:00,2025-11-30 23:59:59.999000+00:00,binance,um_futures,ETHUSDT,ETH/USDT:USDT,1d,2987.96,3052.21,2974.0,2990.02,1978839.3,5970408807.45167,3026503,992675.164,2995416403.81468,True,binance_fapi_klines
2025-12-01 00:00:00+00:00,2025-12-01 23:59:59.999000+00:00,binance,um_futures,ETHUSDT,ETH/USDT:USDT,1d,2990.02,2998.84,2718.07,2797.47,6741830.72,18971589442.10295,10476924,3317461.906,9327662554.94863,True,binance_fapi_klines
2025-12-02 00:00:00+00:00,2025-12-02 23:59:59.999000+00:00,binance,um_futures,ETHUSDT,ETH/USDT:USDT,1d,2797.48,3034.94,2780.6,2994.63,5080990.853,14815158458.2562,8158020,2578544.841,7514473874.82758,True,binance_fapi_klines
2025-12-03 00:00:00+00:00,2025-12-03 23:59:59.999000+00:00,binance,um_futures,ETHUSDT,ETH/USDT:USDT,1d,2994.63,3216.53,2983.76,3187.07,5461248.054,16873625293.15583,8723312,2840071.519,8782473468.66753,True,binance_fapi_klines
2025-12-04 00:00:00+00:00,2025-12-04 23:59:59.999000+00:00,binance,um_futures,ETHUSDT,ETH/USDT:USDT,1d,3187.08,3239.27,3064.81,3132.01,5001099.111,15859152719.01436,7753902,2434141.931,7721985985.18098,True,binance_fapi_klines
2025-12-05 00:00:00+00:00,2025-12-05 23:59:59.999000+00:00,binance,um_futures,ETHUSDT,ETH/USDT:USDT,1d,3132.01,3192.72,2978.0,3020.38,5378728.01,16628875832.68546,8370405,2611313.4,8075753333.68204,True,binance_fapi_klines
2025-12-06 00:00:00+00:00,2025-12-06 23:59:59.999000+00:00,binance,um_futures,ETHUSDT,ETH/USDT:USDT,1d,3020.38,3068.58,3011.0,3036.53,1618613.158,4915211200.82418,2879281,818924.98,2487211526.758,True,binance_fapi_klines
2025-12-07 00:00:00+00:00,2025-12-07 23:59:59.999000+00:00,binance,um_futures,ETHUSDT,ETH/USDT:USDT,1d,3036.53,3150.0,2903.75,3058.14,4316087.325,13102163181.41413,6493338,2120089.62,6437585537.06868,True,binance_fapi_klines
2025-12-08 00:00:00+00:00,2025-12-08 23:59:59.999000+00:00,binance,um_futures,ETHUSDT,ETH/USDT:USDT,1d,3058.14,3179.99,3038.76,3123.14,4298631.798,13429694816.30503,7567429,2142741.698,6695783349.72163,True,binance_fapi_klines
2025-12-09 00:00:00+00:00,2025-12-09 23:59:59.999000+00:00,binance,um_futures,ETHUSDT,ETH/USDT:USDT,1d,3123.15,3397.5,3089.01,3316.49,5589772.365,18099810028.77385,8904592,2802759.32,9074961271.09343,True,binance_fapi_klines
2025-12-10 00:00:00+00:00,2025-12-10 23:59:59.999000+00:00,binance,um_futures,ETHUSDT,ETH/USDT:USDT,1d,3316.5,3446.12,3286.58,3322.79,4812014.096,16131527898.00717,9399126,2376392.211,7969185345.62591,True,binance_fapi_klines
2025-12-11 00:00:00+00:00,2025-12-11 23:59:59.999000+00:00,binance,um_futures,ETHUSDT,ETH/USDT:USDT,1d,3322.8,3326.74,3142.92,3235.77,5182963.105,16622839521.25866,9099788,2480302.599,7955252964.21677,True,binance_fapi_klines
2025-12-12 00:00:00+00:00,2025-12-12 23:59:59.999000+00:00,binance,um_futures,ETHUSDT,ETH/USDT:USDT,1d,3235.78,3264.78,3041.1,3083.34,4616717.641,14523686590.13976,8017963,2235893.621,7034359465.41456,True,binance_fapi_klines
2025-12-13 00:00:00+00:00,2025-12-13 23:59:59.999000+00:00,binance,um_futures,ETHUSDT,ETH/USDT:USDT,1d,3083.34,3135.0,3075.0,3113.01,1450299.521,4503562083.13692,2455782,712686.33,2213440347.6542,True,binance_fapi_klines
2025-12-14 00:00:00+00:00,2025-12-14 23:59:59.999000+00:00,binance,um_futures,ETHUSDT,ETH/USDT:USDT,1d,3113.0,3128.65,3022.51,3062.02,2689994.308,8301728632.29391,4452073,1333821.125,4117470566.30954,True,binance_fapi_klines
2025-12-15 00:00:00+00:00,2025-12-15 23:59:59.999000+00:00,binance,um_futures,ETHUSDT,ETH/USDT:USDT,1d,3062.01,3177.0,2890.51,2963.25,6080692.972,18458624279.93705,10131146,3007279.222,9137044742.49783,True,binance_fapi_klines
2025-12-16 00:00:00+00:00,2025-12-16 23:59:59.999000+00:00,binance,um_futures,ETHUSDT,ETH/USDT:USDT,1d,2963.25,2982.1,2870.0,2960.84,4501415.709,13217875098.26135,8979194,2137006.897,6277543083.12337,True,binance_fapi_klines
2025-12-17 00:00:00+00:00,2025-12-17 23:59:59.999000+00:00,binance,um_futures,ETHUSDT,ETH/USDT:USDT,1d,2960.83,3030.0,2789.52,2832.0,5886093.565,17109213289.76786,10384645,2884597.105,8387273599.50242,True,binance_fapi_klines
2025-12-18 00:00:00+00:00,2025-12-18 23:59:59.999000+00:00,binance,um_futures,ETHUSDT,ETH/USDT:USDT,1d,2831.99,2997.05,2772.97,2827.3,6355841.595,18285465909.39752,11498172,3199267.97,9201599881.04937,True,binance_fapi_klines
2025-12-19 00:00:00+00:00,2025-12-19 23:59:59.999000+00:00,binance,um_futures,ETHUSDT,ETH/USDT:USDT,1d,2827.32,3017.99,2806.15,2978.33,5024441.542,14783267707.48895,9819037,2571762.093,7566291843.36286,True,binance_fapi_klines
2025-12-20 00:00:00+00:00,2025-12-20 23:59:59.999000+00:00,binance,um_futures,ETHUSDT,ETH/USDT:USDT,1d,2978.34,2992.97,2965.28,2976.54,1037932.071,3091907124.40667,1794190,496474.727,1479159541.75933,True,binance_fapi_klines
2025-12-21 00:00:00+00:00,2025-12-21 23:59:59.999000+00:00,binance,um_futures,ETHUSDT,ETH/USDT:USDT,1d,2976.55,3011.99,2943.0,3000.62,1880938.477,5603772651.19481,3361816,942601.732,2809294042.57813,True,binance_fapi_klines
2025-12-22 00:00:00+00:00,2025-12-22 23:59:59.999000+00:00,binance,um_futures,ETHUSDT,ETH/USDT:USDT,1d,3000.61,3077.99,2961.0,3008.49,4028005.767,12186700742.80464,7635016,2056349.644,6222531204.31329,True,binance_fapi_klines
2025-12-23 00:00:00+00:00,2025-12-23 23:59:59.999000+00:00,binance,um_futures,ETHUSDT,ETH/USDT:USDT,1d,3008.5,3035.0,2899.3,2963.29,4025936.154,11896188689.51685,6847882,2004633.796,5925617669.95075,True,binance_fapi_klines
2025-12-24 00:00:00+00:00,2025-12-24 23:59:59.999000+00:00,binance,um_futures,ETHUSDT,ETH/USDT:USDT,1d,2963.29,2976.48,2886.75,2946.23,2622651.93,7687832001.93483,4466930,1339477.715,3927472790.65745,True,binance_fapi_klines
2025-12-25 00:00:00+00:00,2025-12-25 23:59:59.999000+00:00,binance,um_futures,ETHUSDT,ETH/USDT:USDT,1d,2946.23,2969.99,2888.88,2902.32,1833895.842,5381555216.75797,2958944,912375.033,2677647300.18663,True,binance_fapi_klines
2025-12-26 00:00:00+00:00,2025-12-26 23:59:59.999000+00:00,binance,um_futures,ETHUSDT,ETH/USDT:USDT,1d,2902.32,2994.0,2892.72,2926.82,3511943.959,10338553279.60866,5553736,1766906.235,5202145877.29267,True,binance_fapi_klines
2025-12-27 00:00:00+00:00,2025-12-27 23:59:59.999000+00:00,binance,um_futures,ETHUSDT,ETH/USDT:USDT,1d,2926.83,2959.84,2914.63,2947.61,899512.695,2636507869.6153,1352404,447307.621,1311245258.39815,True,binance_fapi_klines
2025-12-28 00:00:00+00:00,2025-12-28 23:59:59.999000+00:00,binance,um_futures,ETHUSDT,ETH/USDT:USDT,1d,2947.61,2959.99,2922.84,2949.6,1156340.657,3400543807.9755,1882393,563046.755,1656078988.37126,True,binance_fapi_klines
2025-12-29 00:00:00+00:00,2025-12-29 23:59:59.999000+00:00,binance,um_futures,ETHUSDT,ETH/USDT:USDT,1d,2949.6,3056.0,2908.58,2936.45,4975460.686,14777756623.34557,7102902,2503963.457,7437437095.79113,True,binance_fapi_klines
2025-12-30 00:00:00+00:00,2025-12-30 23:59:59.999000+00:00,binance,um_futures,ETHUSDT,ETH/USDT:USDT,1d,2936.45,3008.67,2917.48,2972.22,3160478.075,9386429031.82699,4897272,1569781.659,4662351274.18345,True,binance_fapi_klines
2025-12-31 00:00:00+00:00,2025-12-31 23:59:59.999000+00:00,binance,um_futures,ETHUSDT,ETH/USDT:USDT,1d,2972.23,3027.73,2957.59,2970.4,2411514.797,7193092989.15502,3583480,1225250.687,3654995109.2056,True,binance_fapi_klines
2026-01-01 00:00:00+00:00,2026-01-01 23:59:59.999000+00:00,binance,um_futures,ETHUSDT,ETH/USDT:USDT,1d,2970.4,3008.56,2970.0,3002.49,1078103.921,3220483557.50709,1630690,550885.733,1645834079.99837,True,binance_fapi_klines
2026-01-02 00:00:00+00:00,2026-01-02 23:59:59.999000+00:00,binance,um_futures,ETHUSDT,ETH/USDT:USDT,1d,3002.5,3149.0,2990.67,3123.89,4632283.725,14228422818.66765,6758855,2432922.278,7473068821.19214,True,binance_fapi_klines
2026-01-03 00:00:00+00:00,2026-01-03 23:59:59.999000+00:00,binance,um_futures,ETHUSDT,ETH/USDT:USDT,1d,3123.88,3135.0,3074.52,3125.47,1466597.6,4554177757.17688,2161378,732141.212,2273579378.51877,True,binance_fapi_klines
2026-01-04 00:00:00+00:00,2026-01-04 23:59:59.999000+00:00,binance,um_futures,ETHUSDT,ETH/USDT:USDT,1d,3125.46,3165.99,3115.0,3143.32,1887902.79,5929565719.6933,2979127,961167.329,3019537463.90454,True,binance_fapi_klines
2026-01-05 00:00:00+00:00,2026-01-05 23:59:59.999000+00:00,binance,um_futures,ETHUSDT,ETH/USDT:USDT,1d,3143.33,3266.0,3131.47,3223.71,4530955.5,14424880063.24923,6670366,2232185.506,7108904731.95913,True,binance_fapi_klines
2026-01-06 00:00:00+00:00,2026-01-06 23:59:59.999000+00:00,binance,um_futures,ETHUSDT,ETH/USDT:USDT,1d,3223.72,3308.0,3180.71,3295.46,4587035.481,14910247560.18325,6400806,2313597.952,7521324645.53855,True,binance_fapi_klines
2026-01-07 00:00:00+00:00,2026-01-07 23:59:59.999000+00:00,binance,um_futures,ETHUSDT,ETH/USDT:USDT,1d,3295.46,3295.79,3123.01,3167.52,4540326.148,14508108836.34791,6023266,2236762.783,7143624613.66279,True,binance_fapi_klines
2026-01-08 00:00:00+00:00,2026-01-08 23:59:59.999000+00:00,binance,um_futures,ETHUSDT,ETH/USDT:USDT,1d,3167.53,3183.68,3052.43,3105.45,4244975.433,13204555285.32681,6093127,2089609.996,6502261518.04549,True,binance_fapi_klines
2026-01-09 00:00:00+00:00,2026-01-09 23:59:59.999000+00:00,binance,um_futures,ETHUSDT,ETH/USDT:USDT,1d,3105.44,3148.0,3056.79,3087.15,3688956.785,11437273391.87188,5807706,1848776.518,5732705819.72973,True,binance_fapi_klines
2026-01-10 00:00:00+00:00,2026-01-10 23:59:59.999000+00:00,binance,um_futures,ETHUSDT,ETH/USDT:USDT,1d,3087.16,3102.75,3077.08,3085.47,690476.319,2133355612.35137,1071426,343282.457,1060720669.43963,True,binance_fapi_klines
2026-01-11 00:00:00+00:00,2026-01-11 23:59:59.999000+00:00,binance,um_futures,ETHUSDT,ETH/USDT:USDT,1d,3085.47,3147.0,3083.23,3122.0,1514111.583,4715974738.78988,2132706,764318.012,2381095642.09964,True,binance_fapi_klines
2026-01-12 00:00:00+00:00,2026-01-12 23:59:59.999000+00:00,binance,um_futures,ETHUSDT,ETH/USDT:USDT,1d,3122.0,3170.88,3061.35,3093.84,3879346.739,12097803440.06908,5697955,1873635.665,5843077274.56559,True,binance_fapi_klines
2026-01-13 00:00:00+00:00,2026-01-13 23:59:59.999000+00:00,binance,um_futures,ETHUSDT,ETH/USDT:USDT,1d,3093.85,3383.63,3090.18,3324.69,4721555.817,15083497161.28831,6720342,2508370.062,8021329958.94001,True,binance_fapi_klines
2026-01-14 00:00:00+00:00,2026-01-14 23:59:59.999000+00:00,binance,um_futures,ETHUSDT,ETH/USDT:USDT,1d,3324.68,3403.77,3280.0,3353.27,4884153.834,16313326709.51153,7698663,2426903.605,8108771379.77599,True,binance_fapi_klines
2026-01-15 00:00:00+00:00,2026-01-15 23:59:59.999000+00:00,binance,um_futures,ETHUSDT,ETH/USDT:USDT,1d,3353.28,3383.07,3266.0,3317.0,4131982.824,13732434224.8674,6747187,2039698.931,6781589808.15577,True,binance_fapi_klines
2026-01-16 00:00:00+00:00,2026-01-16 23:59:59.999000+00:00,binance,um_futures,ETHUSDT,ETH/USDT:USDT,1d,3317.0,3325.34,3251.42,3294.77,2550182.156,8390347154.81726,4174866,1234592.198,4062422043.96325,True,binance_fapi_klines
2026-01-17 00:00:00+00:00,2026-01-17 23:59:59.999000+00:00,binance,um_futures,ETHUSDT,ETH/USDT:USDT,1d,3294.77,3328.36,3282.39,3308.87,1148627.857,3798184016.12259,1576756,598226.674,1978355245.1791,True,binance_fapi_klines
2026-01-18 00:00:00+00:00,2026-01-18 23:59:59.999000+00:00,binance,um_futures,ETHUSDT,ETH/USDT:USDT,1d,3308.86,3367.98,3277.42,3282.77,1816518.47,6038375566.59079,2658487,904733.798,3008560818.66779,True,binance_fapi_klines
2026-01-19 00:00:00+00:00,2026-01-19 23:59:59.999000+00:00,binance,um_futures,ETHUSDT,ETH/USDT:USDT,1d,3282.77,3283.2,3165.0,3188.01,3565887.7,11448614199.2606,5321611,1675225.09,5377676503.53394,True,binance_fapi_klines
2026-01-20 00:00:00+00:00,2026-01-20 23:59:59.999000+00:00,binance,um_futures,ETHUSDT,ETH/USDT:USDT,1d,3188.01,3199.73,2910.0,2938.24,5863217.618,17955207599.30427,8126065,2777012.404,8511074018.67183,True,binance_fapi_klines
2026-01-21 00:00:00+00:00,2026-01-21 23:59:59.999000+00:00,binance,um_futures,ETHUSDT,ETH/USDT:USDT,1d,2938.25,3069.34,2864.29,2980.66,6529694.517,19336222914.1736,9670117,3207296.315,9500387581.38072,True,binance_fapi_klines
2026-01-22 00:00:00+00:00,2026-01-22 23:59:59.999000+00:00,binance,um_futures,ETHUSDT,ETH/USDT:USDT,1d,2980.67,3037.49,2904.11,2951.21,3511036.223,10424393737.03718,6462621,1715504.129,5093717871.42792,True,binance_fapi_klines
2026-01-23 00:00:00+00:00,2026-01-23 23:59:59.999000+00:00,binance,um_futures,ETHUSDT,ETH/USDT:USDT,1d,2951.21,3020.45,2890.2,2955.08,3421101.166,10092253959.87801,6487691,1709424.251,5043879876.57048,True,binance_fapi_klines
2026-01-24 00:00:00+00:00,2026-01-24 23:59:59.999000+00:00,binance,um_futures,ETHUSDT,ETH/USDT:USDT,1d,2955.08,2968.75,2942.0,2952.09,782585.277,2314502464.82381,1450206,377606.015,1116878452.98185,True,binance_fapi_klines
2026-01-25 00:00:00+00:00,2026-01-25 23:59:59.999000+00:00,binance,um_futures,ETHUSDT,ETH/USDT:USDT,1d,2952.09,2959.27,2784.15,2815.49,3639269.207,10425054712.51541,5810665,1687751.135,4836294975.52802,True,binance_fapi_klines
2026-01-26 00:00:00+00:00,2026-01-26 23:59:59.999000+00:00,binance,um_futures,ETHUSDT,ETH/USDT:USDT,1d,2815.49,2950.0,2810.72,2928.9,5212624.57,15094744589.38012,8044766,2802617.161,8116393860.55911,True,binance_fapi_klines
2026-01-27 00:00:00+00:00,2026-01-27 23:59:59.999000+00:00,binance,um_futures,ETHUSDT,ETH/USDT:USDT,1d,2928.89,3034.99,2898.89,3024.92,3892928.818,11504547925.70945,6647131,2022330.4,5977328793.62834,True,binance_fapi_klines
2026-01-28 00:00:00+00:00,2026-01-28 23:59:59.999000+00:00,binance,um_futures,ETHUSDT,ETH/USDT:USDT,1d,3024.92,3045.0,2981.7,3009.36,2975250.747,8965143376.7394,5684336,1483072.779,4469744864.19777,True,binance_fapi_klines
2026-01-29 00:00:00+00:00,2026-01-29 23:59:59.999000+00:00,binance,um_futures,ETHUSDT,ETH/USDT:USDT,1d,3009.36,3012.04,2752.5,2821.0,5756506.007,16464783136.19275,8707224,2739649.807,7836657320.26238,True,binance_fapi_klines
2026-01-30 00:00:00+00:00,2026-01-30 23:59:59.999000+00:00,binance,um_futures,ETHUSDT,ETH/USDT:USDT,1d,2821.0,2827.27,2634.63,2705.66,7083805.908,19303148891.17319,13377207,3447110.945,9396541762.27039,True,binance_fapi_klines
2026-01-31 00:00:00+00:00,2026-01-31 23:59:59.999000+00:00,binance,um_futures,ETHUSDT,ETH/USDT:USDT,1d,2705.66,2713.43,2202.4,2450.38,9597331.925,23874988096.82025,15242773,4537687.474,11300125958.94725,True,binance_fapi_klines
2026-02-01 00:00:00+00:00,2026-02-01 23:59:59.999000+00:00,binance,um_futures,ETHUSDT,ETH/USDT:USDT,1d,2450.38,2474.98,2218.0,2269.04,7484600.303,17587227056.44762,15343395,3621938.814,8511786082.5011,True,binance_fapi_klines
2026-02-02 00:00:00+00:00,2026-02-02 23:59:59.999000+00:00,binance,um_futures,ETHUSDT,ETH/USDT:USDT,1d,2269.03,2395.4,2156.0,2345.55,9776544.584,22274496868.95568,21225095,4894431.298,11156161072.67812,True,binance_fapi_klines
2026-02-03 00:00:00+00:00,2026-02-03 23:59:59.999000+00:00,binance,um_futures,ETHUSDT,ETH/USDT:USDT,1d,2345.56,2358.6,2103.4,2232.23,10848208.477,24435647737.9596,18298062,5328592.483,12012573775.36765,True,binance_fapi_klines
2026-02-04 00:00:00+00:00,2026-02-04 23:59:59.999000+00:00,binance,um_futures,ETHUSDT,ETH/USDT:USDT,1d,2232.23,2295.0,2073.68,2147.01,10585464.616,23038086218.26108,18763359,5281668.439,11498333764.81937,True,binance_fapi_klines
2026-02-05 00:00:00+00:00,2026-02-05 23:59:59.999000+00:00,binance,um_futures,ETHUSDT,ETH/USDT:USDT,1d,2147.01,2173.0,1813.44,1824.95,16655460.741,33321590705.23254,30866560,8049874.509,16113378237.05663,True,binance_fapi_klines
2026-02-06 00:00:00+00:00,2026-02-06 23:59:59.999000+00:00,binance,um_futures,ETHUSDT,ETH/USDT:USDT,1d,1824.94,2095.1,1736.02,2062.54,12992141.928,25258713376.55576,24473508,6640521.476,12925129506.94576,True,binance_fapi_klines
2026-02-07 00:00:00+00:00,2026-02-07 23:59:59.999000+00:00,binance,um_futures,ETHUSDT,ETH/USDT:USDT,1d,2062.55,2125.0,1993.34,2085.93,9242436.501,18982825602.80097,14846160,4560350.068,9376401605.46093,True,binance_fapi_klines
2026-02-08 00:00:00+00:00,2026-02-08 23:59:59.999000+00:00,binance,um_futures,ETHUSDT,ETH/USDT:USDT,1d,2085.94,2152.0,2065.28,2088.6,4555179.279,9588863227.21854,8396008,2300498.391,4844401866.70309,True,binance_fapi_klines
2026-02-09 00:00:00+00:00,2026-02-09 23:59:59.999000+00:00,binance,um_futures,ETHUSDT,ETH/USDT:USDT,1d,2088.59,2148.0,2008.0,2103.96,6112389.381,12673818355.94872,11525138,3048461.161,6321473103.35802,True,binance_fapi_klines
2026-02-10 00:00:00+00:00,2026-02-10 23:59:59.999000+00:00,binance,um_futures,ETHUSDT,ETH/USDT:USDT,1d,2103.96,2123.7,1983.77,2021.51,5719539.726,11602593984.76758,9802708,2790541.824,5660614178.86517,True,binance_fapi_klines
2026-02-11 00:00:00+00:00,2026-02-11 23:59:59.999000+00:00,binance,um_futures,ETHUSDT,ETH/USDT:USDT,1d,2021.51,2031.0,1901.22,1940.07,7001716.607,13695963301.93003,12640258,3519180.736,6884902121.24899,True,binance_fapi_klines
2026-02-12 00:00:00+00:00,2026-02-12 23:59:59.999000+00:00,binance,um_futures,ETHUSDT,ETH/USDT:USDT,1d,1940.07,2000.9,1893.77,1947.15,5249452.151,10231781788.6413,10345221,2609494.857,5087474058.17995,True,binance_fapi_klines
2026-02-13 00:00:00+00:00,2026-02-13 23:59:59.999000+00:00,binance,um_futures,ETHUSDT,ETH/USDT:USDT,1d,1947.15,2073.0,1923.29,2047.6,4756924.94,9498998511.64008,8579905,2404757.384,4802449578.41267,True,binance_fapi_klines
2026-02-14 00:00:00+00:00,2026-02-14 23:59:59.999000+00:00,binance,um_futures,ETHUSDT,ETH/USDT:USDT,1d,2047.6,2107.02,2041.0,2085.43,2551809.818,5299908435.22112,4301549,1305650.134,2712017058.27407,True,binance_fapi_klines
2026-02-15 00:00:00+00:00,2026-02-15 23:59:59.999000+00:00,binance,um_futures,ETHUSDT,ETH/USDT:USDT,1d,2085.43,2102.73,1926.83,1965.47,5263088.682,10617145861.75579,8339584,2575462.204,5196457064.32553,True,binance_fapi_klines
2026-02-16 00:00:00+00:00,2026-02-16 23:59:59.999000+00:00,binance,um_futures,ETHUSDT,ETH/USDT:USDT,1d,1965.48,2023.3,1935.39,1997.35,4222483.641,8341029821.68136,7420307,2104499.653,4157999565.94141,True,binance_fapi_klines
2026-02-17 00:00:00+00:00,2026-02-17 23:59:59.999000+00:00,binance,um_futures,ETHUSDT,ETH/USDT:USDT,1d,1997.36,2014.91,1940.01,1990.68,4415263.662,8740794927.86932,7923955,2217249.233,4389362758.35195,True,binance_fapi_klines
2026-02-18 00:00:00+00:00,2026-02-18 23:59:59.999000+00:00,binance,um_futures,ETHUSDT,ETH/USDT:USDT,1d,1990.68,2038.27,1921.64,1954.77,4947193.478,9786269452.38242,7403537,2504585.34,4957648733.26881,True,binance_fapi_klines
2026-02-19 00:00:00+00:00,2026-02-19 23:59:59.999000+00:00,binance,um_futures,ETHUSDT,ETH/USDT:USDT,1d,1954.77,1986.91,1905.5,1948.15,4169323.203,8097564341.846,7059258,2020517.026,3924376545.08418,True,binance_fapi_klines
2026-02-20 00:00:00+00:00,2026-02-20 23:59:59.999000+00:00,binance,um_futures,ETHUSDT,ETH/USDT:USDT,1d,1948.15,1980.73,1921.53,1967.85,4614697.353,9019949198.26163,7103706,2302403.698,4501055968.76875,True,binance_fapi_klines
2026-02-21 00:00:00+00:00,2026-02-21 23:59:59.999000+00:00,binance,um_futures,ETHUSDT,ETH/USDT:USDT,1d,1967.85,1996.64,1955.07,1972.54,1952314.278,3860156024.46838,2752421,1002962.087,1983343231.87349,True,binance_fapi_klines
2026-02-22 00:00:00+00:00,2026-02-22 23:59:59.999000+00:00,binance,um_futures,ETHUSDT,ETH/USDT:USDT,1d,1972.54,1982.83,1933.0,1957.01,2181545.112,4271790660.05216,2904372,1081949.056,2118809476.19112,True,binance_fapi_klines
2026-02-23 00:00:00+00:00,2026-02-23 23:59:59.999000+00:00,binance,um_futures,ETHUSDT,ETH/USDT:USDT,1d,1957.0,1957.58,1836.06,1855.47,6596823.284,12433371157.59701,9342545,3250580.919,6126596895.0955,True,binance_fapi_klines
2026-02-24 00:00:00+00:00,2026-02-24 23:59:59.999000+00:00,binance,um_futures,ETHUSDT,ETH/USDT:USDT,1d,1855.47,1868.94,1796.0,1851.09,5451865.185,9999540421.71525,8649959,2639332.981,4842644519.51481,True,binance_fapi_klines
2026-02-25 00:00:00+00:00,2026-02-25 23:59:59.999000+00:00,binance,um_futures,ETHUSDT,ETH/USDT:USDT,1d,1851.1,2149.95,1845.7,2056.5,8508406.312,16923300053.31844,11251060,4442075.658,8837340537.73721,True,binance_fapi_klines
2026-02-26 00:00:00+00:00,2026-02-26 23:59:59.999000+00:00,binance,um_futures,ETHUSDT,ETH/USDT:USDT,1d,2056.51,2083.09,1973.49,2026.71,5317905.842,10826829011.89361,8529680,2713240.909,5523397702.27056,True,binance_fapi_klines
2026-02-27 00:00:00+00:00,2026-02-27 23:59:59.999000+00:00,binance,um_futures,ETHUSDT,ETH/USDT:USDT,1d,2026.7,2063.71,1885.0,1928.5,5765278.24,11360747390.93571,8779410,2856772.793,5628273667.20966,True,binance_fapi_klines
2026-02-28 00:00:00+00:00,2026-02-28 23:59:59.999000+00:00,binance,um_futures,ETHUSDT,ETH/USDT:USDT,1d,1928.51,1984.22,1834.06,1963.48,6413987.498,12172091189.72073,10065570,3207546.163,6090919764.31046,True,binance_fapi_klines
2026-03-01 00:00:00+00:00,2026-03-01 23:59:59.999000+00:00,binance,um_futures,ETHUSDT,ETH/USDT:USDT,1d,1963.48,2054.67,1905.91,1938.57,6813284.796,13519048482.19929,10492396,3420125.855,6792131900.58323,True,binance_fapi_klines
2026-03-02 00:00:00+00:00,2026-03-02 23:59:59.999000+00:00,binance,um_futures,ETHUSDT,ETH/USDT:USDT,1d,1938.58,2089.0,1916.0,2026.69,7122677.456,14218087624.82057,12411033,3613387.496,7215462734.41631,True,binance_fapi_klines
2026-03-03 00:00:00+00:00,2026-03-03 23:59:59.999000+00:00,binance,um_futures,ETHUSDT,ETH/USDT:USDT,1d,2026.69,2041.22,1926.32,1981.85,6737214.335,13311839797.91763,12022290,3354149.951,6629058145.81446,True,binance_fapi_klines
2026-03-04 00:00:00+00:00,2026-03-04 23:59:59.999000+00:00,binance,um_futures,ETHUSDT,ETH/USDT:USDT,1d,1981.85,2199.47,1943.4,2125.98,8276703.768,17205720013.14975,13863238,4239212.719,8817506708.3719,True,binance_fapi_klines
2026-03-05 00:00:00+00:00,2026-03-05 23:59:59.999000+00:00,binance,um_futures,ETHUSDT,ETH/USDT:USDT,1d,2125.97,2163.0,2053.3,2072.18,5635437.004,11861681490.81004,10037289,2823371.812,5944437738.57469,True,binance_fapi_klines
2026-03-06 00:00:00+00:00,2026-03-06 23:59:59.999000+00:00,binance,um_futures,ETHUSDT,ETH/USDT:USDT,1d,2072.17,2092.39,1954.25,1977.66,5122007.554,10349061522.8241,9005774,2522946.204,5097452486.50392,True,binance_fapi_klines
2026-03-07 00:00:00+00:00,2026-03-07 23:59:59.999000+00:00,binance,um_futures,ETHUSDT,ETH/USDT:USDT,1d,1977.66,1995.74,1946.87,1968.39,2177663.083,4301277162.0393,3350036,1094300.459,2162160323.22245,True,binance_fapi_klines
2026-03-08 00:00:00+00:00,2026-03-08 23:59:59.999000+00:00,binance,um_futures,ETHUSDT,ETH/USDT:USDT,1d,1968.39,1979.03,1906.63,1935.97,4103521.455,7982197268.9374,6546563,1954587.952,3804165486.62995,True,binance_fapi_klines
2026-03-09 00:00:00+00:00,2026-03-09 23:59:59.999000+00:00,binance,um_futures,ETHUSDT,ETH/USDT:USDT,1d,1935.98,2052.83,1928.2,1992.28,6267966.906,12539756488.37013,10996535,3193480.19,6388443226.79926,True,binance_fapi_klines
2026-03-10 00:00:00+00:00,2026-03-10 23:59:59.999000+00:00,binance,um_futures,ETHUSDT,ETH/USDT:USDT,1d,1992.28,2088.0,1990.23,2035.39,6003913.771,12290103291.4013,9614232,3009618.087,6160625403.76515,True,binance_fapi_klines
2026-03-11 00:00:00+00:00,2026-03-11 23:59:59.999000+00:00,binance,um_futures,ETHUSDT,ETH/USDT:USDT,1d,2035.38,2084.98,2005.9,2050.99,4590062.81,9391004123.01922,7516154,2295144.824,4696628397.81484,True,binance_fapi_klines
2026-03-12 00:00:00+00:00,2026-03-12 23:59:59.999000+00:00,binance,um_futures,ETHUSDT,ETH/USDT:USDT,1d,2050.98,2094.57,2016.17,2072.6,5389229.449,11084558370.7927,7445593,2753080.599,5664369654.42117,True,binance_fapi_klines
2026-03-13 00:00:00+00:00,2026-03-13 23:59:59.999000+00:00,binance,um_futures,ETHUSDT,ETH/USDT:USDT,1d,2072.6,2209.49,2069.1,2091.01,7769112.85,16564573013.01872,10343288,4066438.286,8673942601.30955,True,binance_fapi_klines
2026-03-14 00:00:00+00:00,2026-03-14 23:59:59.999000+00:00,binance,um_futures,ETHUSDT,ETH/USDT:USDT,1d,2091.0,2105.75,2060.09,2095.27,2147825.724,4470800618.03992,2647780,1062461.14,2211838501.01394,True,binance_fapi_klines
2026-03-15 00:00:00+00:00,2026-03-15 23:59:59.999000+00:00,binance,um_futures,ETHUSDT,ETH/USDT:USDT,1d,2095.28,2202.87,2081.59,2177.73,3897654.309,8294757906.69499,4977724,2073499.08,4415129264.33424,True,binance_fapi_klines
2026-03-16 00:00:00+00:00,2026-03-16 23:59:59.999000+00:00,binance,um_futures,ETHUSDT,ETH/USDT:USDT,1d,2177.73,2385.78,2163.32,2351.66,9230354.53,21037410008.44173,11793444,4925316.48,11226834391.4868,True,binance_fapi_klines
2026-03-17 00:00:00+00:00,2026-03-17 23:59:59.999000+00:00,binance,um_futures,ETHUSDT,ETH/USDT:USDT,1d,2351.66,2377.0,2292.57,2316.45,5494951.391,12798423454.3513,8881527,2757326.884,6423881754.65163,True,binance_fapi_klines
2026-03-18 00:00:00+00:00,2026-03-18 23:59:59.999000+00:00,binance,um_futures,ETHUSDT,ETH/USDT:USDT,1d,2316.45,2349.99,2150.7,2201.95,7125002.425,15946554139.76757,9062895,3473395.493,7772918663.95192,True,binance_fapi_klines
2026-03-19 00:00:00+00:00,2026-03-19 23:59:59.999000+00:00,binance,um_futures,ETHUSDT,ETH/USDT:USDT,1d,2201.96,2232.64,2098.02,2136.56,6232708.908,13404580257.13115,9104892,3061599.394,6586336323.04462,True,binance_fapi_klines
2026-03-20 00:00:00+00:00,2026-03-20 23:59:59.999000+00:00,binance,um_futures,ETHUSDT,ETH/USDT:USDT,1d,2136.56,2175.64,2114.2,2145.08,4465173.651,9555696884.78175,7061357,2268865.496,4856815446.48977,True,binance_fapi_klines
2026-03-21 00:00:00+00:00,2026-03-21 23:59:59.999000+00:00,binance,um_futures,ETHUSDT,ETH/USDT:USDT,1d,2145.08,2168.0,2068.78,2083.37,1888068.546,4037233128.04885,2411471,888121.985,1900816521.21902,True,binance_fapi_klines
2026-03-22 00:00:00+00:00,2026-03-22 23:59:59.999000+00:00,binance,um_futures,ETHUSDT,ETH/USDT:USDT,1d,2083.37,2126.38,2024.11,2052.85,4214366.298,8755069596.9334,6323630,2101302.282,4367009229.66785,True,binance_fapi_klines
2026-03-23 00:00:00+00:00,2026-03-23 23:59:59.999000+00:00,binance,um_futures,ETHUSDT,ETH/USDT:USDT,1d,2052.86,2199.0,2021.58,2151.01,8293509.298,17619801746.33515,12333946,4258765.728,9049710900.43723,True,binance_fapi_klines
2026-03-24 00:00:00+00:00,2026-03-24 23:59:59.999000+00:00,binance,um_futures,ETHUSDT,ETH/USDT:USDT,1d,2151.0,2174.71,2102.0,2155.29,4711394.096,10082660787.98355,7702596,2369780.263,5072610311.10331,True,binance_fapi_klines
2026-03-25 00:00:00+00:00,2026-03-25 23:59:59.999000+00:00,binance,um_futures,ETHUSDT,ETH/USDT:USDT,1d,2155.3,2200.11,2142.66,2168.0,4267494.054,9270182769.24928,6065954,2140044.957,4649320397.63302,True,binance_fapi_klines
2026-03-26 00:00:00+00:00,2026-03-26 23:59:59.999000+00:00,binance,um_futures,ETHUSDT,ETH/USDT:USDT,1d,2168.0,2171.32,2033.22,2059.17,5445914.451,11368507473.74588,6638114,2654550.338,5539904474.93557,True,binance_fapi_klines
2026-03-27 00:00:00+00:00,2026-03-27 23:59:59.999000+00:00,binance,um_futures,ETHUSDT,ETH/USDT:USDT,1d,2059.18,2076.43,1966.2,1991.58,5023322.317,10101163807.7313,6626013,2428229.644,4883007517.35101,True,binance_fapi_klines
2026-03-28 00:00:00+00:00,2026-03-28 23:59:59.999000+00:00,binance,um_futures,ETHUSDT,ETH/USDT:USDT,1d,1991.57,2049.36,1981.52,1993.48,2477055.928,4978655148.31765,2884656,1235276.161,2483428844.76272,True,binance_fapi_klines
2026-03-29 00:00:00+00:00,2026-03-29 23:59:59.999000+00:00,binance,um_futures,ETHUSDT,ETH/USDT:USDT,1d,1993.48,2019.0,1936.54,1983.44,2832513.215,5632789978.94481,3674189,1344946.191,2675431003.75247,True,binance_fapi_klines
2026-03-30 00:00:00+00:00,2026-03-30 23:59:59.999000+00:00,binance,um_futures,ETHUSDT,ETH/USDT:USDT,1d,1983.45,2086.99,1978.7,2025.69,5457974.968,11154426747.31524,7021738,2834686.654,5792424690.43356,True,binance_fapi_klines
2026-03-31 00:00:00+00:00,2026-03-31 23:59:59.999000+00:00,binance,um_futures,ETHUSDT,ETH/USDT:USDT,1d,2025.69,2124.51,2011.25,2104.49,6430786.319,13300070169.22609,8922485,3296858.567,6820374449.57124,True,binance_fapi_klines
2026-04-01 00:00:00+00:00,2026-04-01 23:59:59.999000+00:00,binance,um_futures,ETHUSDT,ETH/USDT:USDT,1d,2104.48,2167.2,2081.19,2138.8,4726113.806,10067911831.45104,6583483,2425453.274,5167276340.46841,True,binance_fapi_klines
2026-04-02 00:00:00+00:00,2026-04-02 23:59:59.999000+00:00,binance,um_futures,ETHUSDT,ETH/USDT:USDT,1d,2138.8,2158.42,2015.55,2055.96,5764960.393,11903711089.64816,7344728,2815460.645,5813269693.93574,True,binance_fapi_klines
2026-04-03 00:00:00+00:00,2026-04-03 23:59:59.999000+00:00,binance,um_futures,ETHUSDT,ETH/USDT:USDT,1d,2055.97,2084.02,2038.35,2052.92,2137709.797,4392715659.63013,3011064,1099286.347,2259310521.26145,True,binance_fapi_klines
2026-04-04 00:00:00+00:00,2026-04-04 23:59:59.999000+00:00,binance,um_futures,ETHUSDT,ETH/USDT:USDT,1d,2052.93,2083.36,2043.0,2064.43,1306192.46,2687646711.06367,1497206,673349.104,1385754496.89487,True,binance_fapi_klines
2026-04-05 00:00:00+00:00,2026-04-05 23:59:59.999000+00:00,binance,um_futures,ETHUSDT,ETH/USDT:USDT,1d,2064.43,2123.23,2020.61,2109.35,3133077.468,6446862526.47206,3563921,1579652.179,3252802372.75608,True,binance_fapi_klines
2026-04-06 00:00:00+00:00,2026-04-06 23:59:59.999000+00:00,binance,um_futures,ETHUSDT,ETH/USDT:USDT,1d,2109.36,2174.41,2086.29,2106.14,5140998.259,10984437823.35124,6599996,2638951.995,5639865278.88083,True,binance_fapi_klines
2026-04-07 00:00:00+00:00,2026-04-07 23:59:59.999000+00:00,binance,um_futures,ETHUSDT,ETH/USDT:USDT,1d,2106.14,2273.0,2058.01,2239.14,6881146.135,14671800400.10454,8873842,3543748.771,7560301741.85585,True,binance_fapi_klines
2026-04-08 00:00:00+00:00,2026-04-08 23:59:59.999000+00:00,binance,um_futures,ETHUSDT,ETH/USDT:USDT,1d,2239.14,2269.65,2177.77,2188.87,5066512.92,11286864440.33124,7009883,2527506.779,5632509226.93804,True,binance_fapi_klines
2026-04-09 00:00:00+00:00,2026-04-09 23:59:59.999000+00:00,binance,um_futures,ETHUSDT,ETH/USDT:USDT,1d,2188.87,2246.15,2156.0,2188.92,4465511.357,9800427252.77979,6117522,2253144.04,4946616281.19414,True,binance_fapi_klines
2026-04-10 00:00:00+00:00,2026-04-10 23:59:59.999000+00:00,binance,um_futures,ETHUSDT,ETH/USDT:USDT,1d,2188.92,2257.55,2173.81,2243.9,3764306.478,8354604317.01898,4944090,1897949.463,4212959023.52237,True,binance_fapi_klines
2026-04-11 00:00:00+00:00,2026-04-11 23:59:59.999000+00:00,binance,um_futures,ETHUSDT,ETH/USDT:USDT,1d,2243.91,2329.99,2227.03,2283.85,2875158.106,6526388750.82707,3763078,1522056.893,3455127051.67528,True,binance_fapi_klines
2026-04-12 00:00:00+00:00,2026-04-12 23:59:59.999000+00:00,binance,um_futures,ETHUSDT,ETH/USDT:USDT,1d,2283.86,2288.12,2173.0,2190.62,3705143.314,8189504742.41815,4762255,1829348.816,4042274811.10264,True,binance_fapi_klines
2026-04-13 00:00:00+00:00,2026-04-13 23:59:59.999000+00:00,binance,um_futures,ETHUSDT,ETH/USDT:USDT,1d,2190.61,2395.85,2174.48,2368.8,5800599.866,13062032896.14409,7781970,2960726.407,6671577345.97445,True,binance_fapi_klines
2026-04-14 00:00:00+00:00,2026-04-14 23:59:59.999000+00:00,binance,um_futures,ETHUSDT,ETH/USDT:USDT,1d,2368.8,2416.4,2301.6,2321.17,5431617.691,12817285329.6406,7470640,2813254.222,6640429477.93503,True,binance_fapi_klines
2026-04-15 00:00:00+00:00,2026-04-15 23:59:59.999000+00:00,binance,um_futures,ETHUSDT,ETH/USDT:USDT,1d,2321.16,2384.67,2306.8,2358.87,3655704.371,8551879330.17925,5662869,1846895.463,4321850253.40849,True,binance_fapi_klines
2026-04-16 00:00:00+00:00,2026-04-16 23:59:59.999000+00:00,binance,um_futures,ETHUSDT,ETH/USDT:USDT,1d,2358.86,2368.45,2282.7,2346.92,4527435.337,10552845333.85908,6394639,2234861.147,5210843536.7821,True,binance_fapi_klines
2026-04-17 00:00:00+00:00,2026-04-17 23:59:59.999000+00:00,binance,um_futures,ETHUSDT,ETH/USDT:USDT,1d,2346.93,2463.86,2314.08,2417.66,5677626.227,13620833660.11168,7817171,2930970.162,7031310855.02725,True,binance_fapi_klines
2026-04-18 00:00:00+00:00,2026-04-18 23:59:59.999000+00:00,binance,um_futures,ETHUSDT,ETH/USDT:USDT,1d,2417.65,2426.62,2337.0,2348.99,3014437.049,7149340638.99621,3917015,1446875.973,3431653764.63802,True,binance_fapi_klines
2026-04-19 00:00:00+00:00,2026-04-19 23:59:59.999000+00:00,binance,um_futures,ETHUSDT,ETH/USDT:USDT,1d,2348.99,2353.99,2250.91,2262.2,3734471.899,8623771806.92172,5426382,1785463.581,4124248348.99964,True,binance_fapi_klines
2026-04-20 00:00:00+00:00,2026-04-20 23:59:59.999000+00:00,binance,um_futures,ETHUSDT,ETH/USDT:USDT,1d,2262.21,2346.84,2258.3,2312.59,4445143.207,10248279667.76236,6466115,2234213.528,5151625676.06164,True,binance_fapi_klines
2026-04-21 00:00:00+00:00,2026-04-21 23:59:59.999000+00:00,binance,um_futures,ETHUSDT,ETH/USDT:USDT,1d,2312.59,2337.99,2280.82,2326.13,3918990.46,9057460146.11613,6083027,1961161.346,4534036217.76682,True,binance_fapi_klines
2026-04-22 00:00:00+00:00,2026-04-22 23:59:59.999000+00:00,binance,um_futures,ETHUSDT,ETH/USDT:USDT,1d,2326.12,2423.0,2311.41,2373.04,4859473.668,11597463287.75726,6857730,2552873.158,6092230311.73515,True,binance_fapi_klines
2026-04-23 00:00:00+00:00,2026-04-23 23:59:59.999000+00:00,binance,um_futures,ETHUSDT,ETH/USDT:USDT,1d,2373.05,2381.85,2283.31,2328.94,4777287.616,11131404277.77836,6304965,2303705.536,5368598268.48711,True,binance_fapi_klines
2026-04-24 00:00:00+00:00,2026-04-24 23:59:59.999000+00:00,binance,um_futures,ETHUSDT,ETH/USDT:USDT,1d,2328.94,2336.46,2298.44,2313.88,2903586.931,6725582229.39237,3875658,1448657.168,3356126750.16164,True,binance_fapi_klines
2026-04-25 00:00:00+00:00,2026-04-25 23:59:59.999000+00:00,binance,um_futures,ETHUSDT,ETH/USDT:USDT,1d,2313.87,2322.22,2298.98,2318.21,1004359.218,2322712023.97939,1203821,491537.253,1136896358.42625,True,binance_fapi_klines
2026-04-26 00:00:00+00:00,2026-04-26 23:59:59.999000+00:00,binance,um_futures,ETHUSDT,ETH/USDT:USDT,1d,2318.21,2379.99,2305.07,2368.32,2383954.122,5590952692.8336,2617145,1243349.049,2917145526.12824,True,binance_fapi_klines
2026-04-27 00:00:00+00:00,2026-04-27 23:59:59.999000+00:00,binance,um_futures,ETHUSDT,ETH/USDT:USDT,1d,2368.32,2403.99,2263.88,2302.28,4476437.779,10397268595.41896,5140350,2186818.286,5080763641.89234,True,binance_fapi_klines
2026-04-28 00:00:00+00:00,2026-04-28 23:59:59.999000+00:00,binance,um_futures,ETHUSDT,ETH/USDT:USDT,1d,2302.28,2309.73,2256.03,2288.37,2716170.942,6198676905.70273,3633620,1358551.594,3100948572.93663,True,binance_fapi_klines
2026-04-29 00:00:00+00:00,2026-04-29 23:59:59.999000+00:00,binance,um_futures,ETHUSDT,ETH/USDT:USDT,1d,2288.36,2346.48,2218.83,2251.52,5309541.884,12133049133.74266,6034726,2598188.979,5939642273.83868,True,binance_fapi_klines
2026-04-30 00:00:00+00:00,2026-04-30 23:59:59.999000+00:00,binance,um_futures,ETHUSDT,ETH/USDT:USDT,1d,2251.53,2277.92,2230.1,2256.49,2590482.178,5846314944.71813,3832071,1272013.584,2870865593.48373,True,binance_fapi_klines
2026-05-01 00:00:00+00:00,2026-05-01 23:59:59.999000+00:00,binance,um_futures,ETHUSDT,ETH/USDT:USDT,1d,2256.5,2324.64,2256.03,2294.34,3118171.392,7156215555.26558,3487627,1600347.631,3673029770.31475,True,binance_fapi_klines
2026-05-02 00:00:00+00:00,2026-05-02 23:59:59.999000+00:00,binance,um_futures,ETHUSDT,ETH/USDT:USDT,1d,2294.34,2342.0,2291.41,2315.9,1178697.038,2723435669.15341,1459981,635840.398,1469752802.61034,True,binance_fapi_klines
2026-05-03 00:00:00+00:00,2026-05-03 23:59:59.999000+00:00,binance,um_futures,ETHUSDT,ETH/USDT:USDT,1d,2315.91,2356.75,2296.01,2321.67,2083961.664,4841477912.69421,2521487,1081089.472,2512375856.496,True,binance_fapi_klines
2026-05-04 00:00:00+00:00,2026-05-04 23:59:59.999000+00:00,binance,um_futures,ETHUSDT,ETH/USDT:USDT,1d,2321.67,2398.88,2308.1,2346.11,5800734.804,13653742569.78952,6857605,2902752.644,6834102161.25212,True,binance_fapi_klines
2026-05-05 00:00:00+00:00,2026-05-05 23:59:59.999000+00:00,binance,um_futures,ETHUSDT,ETH/USDT:USDT,1d,2346.12,2398.88,2344.0,2359.47,3684222.157,8749779445.17216,4160194,1822232.952,4328532491.98432,True,binance_fapi_klines
2026-05-06 00:00:00+00:00,2026-05-06 23:59:59.999000+00:00,binance,um_futures,ETHUSDT,ETH/USDT:USDT,1d,2359.47,2422.52,2335.17,2349.7,5330786.092,12669419909.30159,5364924,2662348.273,6331241342.45978,True,binance_fapi_klines
2026-05-07 00:00:00+00:00,2026-05-07 23:59:59.999000+00:00,binance,um_futures,ETHUSDT,ETH/USDT:USDT,1d,2349.69,2351.29,2278.0,2289.91,4332681.982,10013235171.70902,4943203,2030893.082,4694230321.99099,True,binance_fapi_klines
2026-05-08 00:00:00+00:00,2026-05-08 23:59:59.999000+00:00,binance,um_futures,ETHUSDT,ETH/USDT:USDT,1d,2289.92,2320.66,2263.43,2306.17,3261671.007,7467547678.01854,3910959,1617687.262,3704263769.27816,True,binance_fapi_klines
2026-05-09 00:00:00+00:00,2026-05-09 23:59:59.999000+00:00,binance,um_futures,ETHUSDT,ETH/USDT:USDT,1d,2306.17,2337.79,2296.66,2325.22,1891169.407,4383197307.80287,1963262,952770.452,2208904342.29021,True,binance_fapi_klines
2026-05-10 00:00:00+00:00,2026-05-10 23:59:59.999000+00:00,binance,um_futures,ETHUSDT,ETH/USDT:USDT,1d,2325.23,2381.88,2310.01,2370.21,3347356.503,7848764923.30219,3545357,1740090.337,4079884467.75,True,binance_fapi_klines
2026-05-11 00:00:00+00:00,2026-05-11 23:59:59.999000+00:00,binance,um_futures,ETHUSDT,ETH/USDT:USDT,1d,2370.21,2373.91,2302.51,2338.61,3086413.725,7203349254.09189,3884586,1479558.191,3452484588.94852,True,binance_fapi_klines
2026-05-12 00:00:00+00:00,2026-05-12 23:59:59.999000+00:00,binance,um_futures,ETHUSDT,ETH/USDT:USDT,1d,2338.62,2339.8,2255.15,2273.62,3420843.736,7823498239.06062,4093648,1602992.053,3665608270.15368,True,binance_fapi_klines
2026-05-13 00:00:00+00:00,2026-05-13 23:59:59.999000+00:00,binance,um_futures,ETHUSDT,ETH/USDT:USDT,1d,2273.61,2322.68,2233.0,2257.54,3628737.695,8262514468.32443,3999930,1700469.058,3872967976.36721,True,binance_fapi_klines
2026-05-14 00:00:00+00:00,2026-05-14 23:59:59.999000+00:00,binance,um_futures,ETHUSDT,ETH/USDT:USDT,1d,2257.53,2318.6,2237.05,2282.06,4182483.27,9531103712.27378,4565736,2086405.97,4755056584.41194,True,binance_fapi_klines
2026-05-15 00:00:00+00:00,2026-05-15 23:59:59.999000+00:00,binance,um_futures,ETHUSDT,ETH/USDT:USDT,1d,2282.06,2299.36,2203.55,2223.66,4022665.004,9020114235.74348,4585770,1946093.763,4364062471.4786,True,binance_fapi_klines
2026-05-16 00:00:00+00:00,2026-05-16 23:59:59.999000+00:00,binance,um_futures,ETHUSDT,ETH/USDT:USDT,1d,2223.65,2230.79,2160.5,2179.66,2383235.147,5214879791.71328,2679053,1132799.425,2478651318.99248,True,binance_fapi_klines
2026-05-17 00:00:00+00:00,2026-05-17 23:59:59.999000+00:00,binance,um_futures,ETHUSDT,ETH/USDT:USDT,1d,2179.67,2197.63,2085.0,2129.88,2484872.269,5378648081.2906,2814955,1179579.251,2555886429.01189,True,binance_fapi_klines
2026-05-18 00:00:00+00:00,2026-05-18 23:59:59.999000+00:00,binance,um_futures,ETHUSDT,ETH/USDT:USDT,1d,2129.88,2156.52,2074.26,2128.99,5104677.882,10804751722.33636,6000802,2529089.221,5353777744.69305,True,binance_fapi_klines
2026-05-19 00:00:00+00:00,2026-05-19 23:59:59.999000+00:00,binance,um_futures,ETHUSDT,ETH/USDT:USDT,1d,2128.99,2146.99,2093.16,2111.0,3200971.162,6781252478.21783,3833758,1577106.33,3342213632.08259,True,binance_fapi_klines
2026-05-20 00:00:00+00:00,2026-05-20 23:59:59.999000+00:00,binance,um_futures,ETHUSDT,ETH/USDT:USDT,1d,2110.99,2148.6,2101.79,2128.6,2822259.671,6005578655.00268,3504229,1463362.075,3114058864.88354,True,binance_fapi_klines
2026-05-21 00:00:00+00:00,2026-05-21 23:59:59.999000+00:00,binance,um_futures,ETHUSDT,ETH/USDT:USDT,1d,2128.59,2157.0,2103.51,2132.78,3350094.53,7138635120.51499,3729884,1660957.635,3539866183.63398,True,binance_fapi_klines
2026-05-22 00:00:00+00:00,2026-05-22 23:59:59.999000+00:00,binance,um_futures,ETHUSDT,ETH/USDT:USDT,1d,2132.78,2140.75,2056.05,2064.98,3354098.521,7053054579.8852,3629595,1603443.218,3371960655.8983,True,binance_fapi_klines
2026-05-23 00:00:00+00:00,2026-05-23 23:59:59.999000+00:00,binance,um_futures,ETHUSDT,ETH/USDT:USDT,1d,2064.99,2149.86,2007.0,2116.82,4770162.117,9874199839.09287,4529657,2381957.021,4930886543.2715,True,binance_fapi_klines
2026-05-24 00:00:00+00:00,2026-05-24 23:59:59.999000+00:00,binance,um_futures,ETHUSDT,ETH/USDT:USDT,1d,2116.82,2131.1,2061.26,2098.99,2596642.56,5459614752.76659,2908226,1269939.39,2670620929.05421,True,binance_fapi_klines
2026-05-25 00:00:00+00:00,2026-05-25 23:59:59.999000+00:00,binance,um_futures,ETHUSDT,ETH/USDT:USDT,1d,2098.99,2141.6,2090.84,2111.64,2330198.394,4927473573.70826,2665889,1166122.27,2466438195.39194,True,binance_fapi_klines
2026-05-26 00:00:00+00:00,2026-05-26 23:59:59.999000+00:00,binance,um_futures,ETHUSDT,ETH/USDT:USDT,1d,2111.64,2139.66,2053.0,2072.99,4476452.166,9390528626.89166,4588185,2249002.501,4717588484.50933,True,binance_fapi_klines
2026-05-27 00:00:00+00:00,2026-05-27 23:59:59.999000+00:00,binance,um_futures,ETHUSDT,ETH/USDT:USDT,1d,2073.0,2096.61,2013.98,2023.7,3921315.339,8076868611.66935,4530512,1848947.627,3810607284.53217,True,binance_fapi_klines
2026-05-28 00:00:00+00:00,2026-05-28 23:59:59.999000+00:00,binance,um_futures,ETHUSDT,ETH/USDT:USDT,1d,2023.7,2029.5,1965.48,2008.92,5065678.305,10103114235.60453,5587885,2480697.94,4948375242.43142,True,binance_fapi_klines
2026-05-29 00:00:00+00:00,2026-05-29 23:59:59.999000+00:00,binance,um_futures,ETHUSDT,ETH/USDT:USDT,1d,2008.92,2046.0,1975.37,2013.35,4404954.103,8871285211.16649,4506102,2201947.686,4435265264.01659,True,binance_fapi_klines
2026-05-30 00:00:00+00:00,2026-05-30 23:59:59.999000+00:00,binance,um_futures,ETHUSDT,ETH/USDT:USDT,1d,2013.36,2031.51,2000.83,2021.58,1412352.897,2851791199.77103,1593833,732422.976,1479067774.53566,True,binance_fapi_klines
2026-05-31 00:00:00+00:00,2026-05-31 23:59:59.999000+00:00,binance,um_futures,ETHUSDT,ETH/USDT:USDT,1d,2021.59,2037.55,1992.84,2006.31,2117587.645,4264448024.4675,2228255,1037604.307,2090046170.21231,True,binance_fapi_klines
2026-06-01 00:00:00+00:00,2026-06-01 23:59:59.999000+00:00,binance,um_futures,ETHUSDT,ETH/USDT:USDT,1d,2006.3,2020.9,1954.42,2006.0,4936359.592,9801437747.27397,5593158,2374432.374,4715581758.21521,True,binance_fapi_klines
2026-06-02 00:00:00+00:00,2026-06-02 23:59:59.999000+00:00,binance,um_futures,ETHUSDT,ETH/USDT:USDT,1d,2006.01,2006.44,1837.01,1858.96,7992886.5,15443333958.37715,9448626,3815506.399,7377321302.30316,True,binance_fapi_klines
2026-06-03 00:00:00+00:00,2026-06-03 23:59:59.999000+00:00,binance,um_futures,ETHUSDT,ETH/USDT:USDT,1d,1858.96,1892.39,1767.71,1812.46,7604044.983,14009175500.0448,9494721,3705290.602,6828509362.60179,True,binance_fapi_klines
2026-06-04 00:00:00+00:00,2026-06-04 23:59:59.999000+00:00,binance,um_futures,ETHUSDT,ETH/USDT:USDT,1d,1812.45,1819.9,1712.52,1769.86,8403867.373,14886358168.04281,12633212,4146918.527,7347577885.9578,True,binance_fapi_klines
2026-06-05 00:00:00+00:00,2026-06-05 23:59:59.999000+00:00,binance,um_futures,ETHUSDT,ETH/USDT:USDT,1d,1769.85,1774.34,1538.13,1582.35,14318838.591,23402300661.32043,19464126,7034361.506,11489057948.62697,True,binance_fapi_klines
2026-06-06 00:00:00+00:00,2026-06-06 23:59:59.999000+00:00,binance,um_futures,ETHUSDT,ETH/USDT:USDT,1d,1582.35,1600.56,1503.6,1568.6,6539042.797,10185700196.07712,10170783,3257510.924,5073827509.19774,True,binance_fapi_klines
2026-06-07 00:00:00+00:00,2026-06-07 23:59:59.999000+00:00,binance,um_futures,ETHUSDT,ETH/USDT:USDT,1d,1568.6,1721.57,1563.0,1689.66,6185207.432,10056629504.46923,8863044,3257358.235,5294809447.06317,True,binance_fapi_klines
2026-06-08 00:00:00+00:00,2026-06-08 23:59:59.999000+00:00,binance,um_futures,ETHUSDT,ETH/USDT:USDT,1d,1689.66,1714.22,1643.65,1689.21,5741075.199,9657504877.63944,9292618,2849303.594,4794013640.67603,True,binance_fapi_klines
2026-06-09 00:00:00+00:00,2026-06-09 23:59:59.999000+00:00,binance,um_futures,ETHUSDT,ETH/USDT:USDT,1d,1689.2,1696.0,1613.1,1638.64,5821248.623,9645108935.53675,8548498,2842614.45,4711938123.73549,True,binance_fapi_klines
2026-06-10 00:00:00+00:00,2026-06-10 23:59:59.999000+00:00,binance,um_futures,ETHUSDT,ETH/USDT:USDT,1d,1638.64,1667.31,1602.05,1620.72,5574012.277,9101592782.72717,8467695,2785849.972,4550648166.52747,True,binance_fapi_klines
2026-06-11 00:00:00+00:00,2026-06-11 23:59:59.999000+00:00,binance,um_futures,ETHUSDT,ETH/USDT:USDT,1d,1620.72,1693.38,1620.72,1672.57,5159676.42,8557618159.26419,6644979,2643147.344,4384657731.60579,True,binance_fapi_klines
2026-06-12 00:00:00+00:00,2026-06-12 23:59:59.999000+00:00,binance,um_futures,ETHUSDT,ETH/USDT:USDT,1d,1672.57,1690.51,1651.17,1665.48,3688161.682,6159375748.15496,5114465,1841052.87,3075225781.81437,True,binance_fapi_klines
2026-06-13 00:00:00+00:00,2026-06-13 23:59:59.999000+00:00,binance,um_futures,ETHUSDT,ETH/USDT:USDT,1d,1665.49,1698.1,1661.2,1680.41,1848794.28,3098385514.20634,2164674,973453.707,1631653516.44571,True,binance_fapi_klines
2026-06-14 00:00:00+00:00,2026-06-14 23:59:59.999000+00:00,binance,um_futures,ETHUSDT,ETH/USDT:USDT,1d,1680.42,1732.0,1653.36,1724.74,2885468.86,4869332773.45763,3366408,1455308.874,2456906444.45329,True,binance_fapi_klines
2026-06-15 00:00:00+00:00,2026-06-15 23:59:59.999000+00:00,binance,um_futures,ETHUSDT,ETH/USDT:USDT,1d,1724.74,1848.78,1708.45,1795.16,6403694.775,11415816381.02132,6853025,3317726.227,5910857579.21308,True,binance_fapi_klines
2026-06-16 00:00:00+00:00,2026-06-16 23:59:59.999000+00:00,binance,um_futures,ETHUSDT,ETH/USDT:USDT,1d,1795.15,1839.54,1757.36,1792.32,5345782.795,9563756046.06,6593209,2666405.246,4770638535.43317,True,binance_fapi_klines
2026-06-17 00:00:00+00:00,2026-06-17 23:59:59.999000+00:00,binance,um_futures,ETHUSDT,ETH/USDT:USDT,1d,1792.33,1809.67,1724.22,1749.56,5589345.012,9864620729.3988,7558042,2761734.662,4875273392.34454,True,binance_fapi_klines
2026-06-18 00:00:00+00:00,2026-06-18 23:59:59.999000+00:00,binance,um_futures,ETHUSDT,ETH/USDT:USDT,1d,1749.57,1762.34,1670.56,1710.18,5095465.457,8756836492.50293,6382912,2491877.866,4282266872.63228,True,binance_fapi_klines
2026-06-19 00:00:00+00:00,2026-06-19 23:59:59.999000+00:00,binance,um_futures,ETHUSDT,ETH/USDT:USDT,1d,1710.18,1718.83,1678.17,1710.31,2862860.252,4861309484.30325,4161238,1473074.391,2501896218.8564,True,binance_fapi_klines
2026-06-20 00:00:00+00:00,2026-06-20 23:59:59.999000+00:00,binance,um_futures,ETHUSDT,ETH/USDT:USDT,1d,1710.3,1749.13,1703.13,1740.0,2703250.129,4667576781.81196,3266553,1407974.117,2431438521.26851,True,binance_fapi_klines
2026-06-21 00:00:00+00:00,2026-06-21 23:59:59.999000+00:00,binance,um_futures,ETHUSDT,ETH/USDT:USDT,1d,1740.0,1740.68,1700.37,1706.31,2178356.471,3755843017.43623,2862945,1094977.204,1888049107.08351,True,binance_fapi_klines
2026-06-22 00:00:00+00:00,2026-06-22 23:59:59.999000+00:00,binance,um_futures,ETHUSDT,ETH/USDT:USDT,1d,1706.3,1779.0,1706.1,1727.32,4317853.751,7533670615.73773,5411044,2196125.9,3832333195.13844,True,binance_fapi_klines
2026-06-23 00:00:00+00:00,2026-06-23 23:59:59.999000+00:00,binance,um_futures,ETHUSDT,ETH/USDT:USDT,1d,1727.32,1735.63,1633.33,1666.4,4415668.101,7386269511.65433,5330720,2164169.458,3618971530.58591,True,binance_fapi_klines
2026-06-24 00:00:00+00:00,2026-06-24 23:59:59.999000+00:00,binance,um_futures,ETHUSDT,ETH/USDT:USDT,1d,1666.4,1692.0,1551.0,1621.54,6395632.341,10385390894.52356,7848300,3143538.334,5107162781.6369,True,binance_fapi_klines
2026-06-25 00:00:00+00:00,2026-06-25 23:59:59.999000+00:00,binance,um_futures,ETHUSDT,ETH/USDT:USDT,1d,1621.55,1660.56,1530.0,1566.97,6905885.053,10998093210.55176,8456216,3471561.746,5530509219.7386,True,binance_fapi_klines
2026-06-26 00:00:00+00:00,2026-06-26 23:59:59.999000+00:00,binance,um_futures,ETHUSDT,ETH/USDT:USDT,1d,1566.98,1594.89,1510.87,1577.86,6697526.651,10420348023.48775,8791066,3300946.469,5137709005.45627,True,binance_fapi_klines
2025-06-27 00:00:00+00:00,2025-06-27 23:59:59.999000+00:00,binance,um_futures,HYPEUSDT,HYPE/USDT:USDT,1d,35.802,37.285,35.347,36.622,5586862.23,203936986.12726,853681,2776634.29,101360495.04565,True,binance_fapi_klines
2025-06-28 00:00:00+00:00,2025-06-28 23:59:59.999000+00:00,binance,um_futures,HYPEUSDT,HYPE/USDT:USDT,1d,36.623,37.907,36.219,37.798,3212373.58,118988522.6336,539096,1578302.09,58480878.14367,True,binance_fapi_klines
2025-06-29 00:00:00+00:00,2025-06-29 23:59:59.999000+00:00,binance,um_futures,HYPEUSDT,HYPE/USDT:USDT,1d,37.799,39.901,37.489,39.775,5358852.29,206621262.23037,741714,2767342.69,106735349.46861,True,binance_fapi_klines
2025-06-30 00:00:00+00:00,2025-06-30 23:59:59.999000+00:00,binance,um_futures,HYPEUSDT,HYPE/USDT:USDT,1d,39.778,41.269,39.156,39.55,8197865.1,329367290.46889,1067155,3944621.79,158557888.65741,True,binance_fapi_klines
2025-07-01 00:00:00+00:00,2025-07-01 23:59:59.999000+00:00,binance,um_futures,HYPEUSDT,HYPE/USDT:USDT,1d,39.556,39.809,36.839,36.909,8575987.39,329593835.8827,1015759,4109187.56,158056431.80306,True,binance_fapi_klines
2025-07-02 00:00:00+00:00,2025-07-02 23:59:59.999000+00:00,binance,um_futures,HYPEUSDT,HYPE/USDT:USDT,1d,36.91,40.38,36.809,39.877,7829646.81,302194164.96294,1047228,3869614.74,149401061.33879,True,binance_fapi_klines
2025-07-03 00:00:00+00:00,2025-07-03 23:59:59.999000+00:00,binance,um_futures,HYPEUSDT,HYPE/USDT:USDT,1d,39.877,41.218,39.553,40.254,5930628.57,239311559.37122,852939,2840852.29,114652804.95631,True,binance_fapi_klines
2025-07-04 00:00:00+00:00,2025-07-04 23:59:59.999000+00:00,binance,um_futures,HYPEUSDT,HYPE/USDT:USDT,1d,40.253,40.437,37.545,38.962,6128319.75,236831431.82914,795185,2998426.26,115897058.40591,True,binance_fapi_klines
2025-07-05 00:00:00+00:00,2025-07-05 23:59:59.999000+00:00,binance,um_futures,HYPEUSDT,HYPE/USDT:USDT,1d,38.961,39.624,38.274,39.143,3739084.06,146109675.498,524547,1829867.09,71511208.83144,True,binance_fapi_klines
2025-07-06 00:00:00+00:00,2025-07-06 23:59:59.999000+00:00,binance,um_futures,HYPEUSDT,HYPE/USDT:USDT,1d,39.137,40.032,38.586,39.829,3982024.06,156496738.25999,531031,1982216.56,77908523.41783,True,binance_fapi_klines
2025-07-07 00:00:00+00:00,2025-07-07 23:59:59.999000+00:00,binance,um_futures,HYPEUSDT,HYPE/USDT:USDT,1d,39.829,40.161,38.194,38.546,4577650.0,179920576.60779,609976,2222315.91,87365330.59641,True,binance_fapi_klines
2025-07-08 00:00:00+00:00,2025-07-08 23:59:59.999000+00:00,binance,um_futures,HYPEUSDT,HYPE/USDT:USDT,1d,38.547,39.079,36.952,38.806,6051103.59,229824869.7107,769386,2993846.0,113737339.11755,True,binance_fapi_klines
2025-07-09 00:00:00+00:00,2025-07-09 23:59:59.999000+00:00,binance,um_futures,HYPEUSDT,HYPE/USDT:USDT,1d,38.803,41.049,38.731,40.673,5172539.44,205406274.44987,666769,2655758.14,105509171.75801,True,binance_fapi_klines
2025-07-10 00:00:00+00:00,2025-07-10 23:59:59.999000+00:00,binance,um_futures,HYPEUSDT,HYPE/USDT:USDT,1d,40.671,44.096,40.502,43.813,5949804.44,251013702.32337,774064,3056644.85,129047702.67928,True,binance_fapi_klines
2025-07-11 00:00:00+00:00,2025-07-11 23:59:59.999000+00:00,binance,um_futures,HYPEUSDT,HYPE/USDT:USDT,1d,43.818,46.939,43.383,46.383,6914263.56,314339948.69371,928716,3438102.8,156336347.48311,True,binance_fapi_klines
2025-07-12 00:00:00+00:00,2025-07-12 23:59:59.999000+00:00,binance,um_futures,HYPEUSDT,HYPE/USDT:USDT,1d,46.382,47.412,45.088,47.09,4831768.26,223674289.74569,741317,2348913.51,108797235.10776,True,binance_fapi_klines
2025-07-13 00:00:00+00:00,2025-07-13 23:59:59.999000+00:00,binance,um_futures,HYPEUSDT,HYPE/USDT:USDT,1d,47.09,49.307,46.938,48.95,3958818.71,190616203.2944,655861,2037568.42,98121090.01389,True,binance_fapi_klines
2025-07-14 00:00:00+00:00,2025-07-14 23:59:59.999000+00:00,binance,um_futures,HYPEUSDT,HYPE/USDT:USDT,1d,48.942,49.923,46.504,47.608,5564265.67,268823526.45626,797688,2698443.35,130392797.42083,True,binance_fapi_klines
2025-07-15 00:00:00+00:00,2025-07-15 23:59:59.999000+00:00,binance,um_futures,HYPEUSDT,HYPE/USDT:USDT,1d,47.607,48.396,46.649,47.867,5544850.61,263550144.06545,786656,2726876.13,129638408.83169,True,binance_fapi_klines
2025-07-16 00:00:00+00:00,2025-07-16 23:59:59.999000+00:00,binance,um_futures,HYPEUSDT,HYPE/USDT:USDT,1d,47.865,48.586,46.454,46.987,5145272.18,245529317.04133,718692,2467340.98,117719122.92163,True,binance_fapi_klines
2025-07-17 00:00:00+00:00,2025-07-17 23:59:59.999000+00:00,binance,um_futures,HYPEUSDT,HYPE/USDT:USDT,1d,46.989,47.382,44.45,45.59,7569714.1,350046171.45726,965218,3553822.0,164367668.40574,True,binance_fapi_klines
2025-07-18 00:00:00+00:00,2025-07-18 23:59:59.999000+00:00,binance,um_futures,HYPEUSDT,HYPE/USDT:USDT,1d,45.589,47.439,43.045,44.331,8317366.71,376200778.18049,1030758,3975551.22,179882635.48813,True,binance_fapi_klines
2025-07-19 00:00:00+00:00,2025-07-19 23:59:59.999000+00:00,binance,um_futures,HYPEUSDT,HYPE/USDT:USDT,1d,44.332,45.298,43.991,44.48,3456873.91,154469709.89511,556842,1713727.22,76587574.05342,True,binance_fapi_klines
2025-07-20 00:00:00+00:00,2025-07-20 23:59:59.999000+00:00,binance,um_futures,HYPEUSDT,HYPE/USDT:USDT,1d,44.478,47.405,44.187,45.997,4561511.48,209393059.47979,695884,2206644.92,101265875.68444,True,binance_fapi_klines
2025-07-21 00:00:00+00:00,2025-07-21 23:59:59.999000+00:00,binance,um_futures,HYPEUSDT,HYPE/USDT:USDT,1d,45.991,47.823,44.064,44.329,7075047.83,325318690.0,973503,3441182.22,158236090.8092,True,binance_fapi_klines
2025-07-22 00:00:00+00:00,2025-07-22 23:59:59.999000+00:00,binance,um_futures,HYPEUSDT,HYPE/USDT:USDT,1d,44.324,46.327,43.066,46.274,8859915.15,392838355.64222,1140318,4341640.26,192631717.11139,True,binance_fapi_klines
2025-07-23 00:00:00+00:00,2025-07-23 23:59:59.999000+00:00,binance,um_futures,HYPEUSDT,HYPE/USDT:USDT,1d,46.273,46.338,42.388,43.705,8127544.16,356355488.70913,987226,3885679.68,170331753.54481,True,binance_fapi_klines
2025-07-24 00:00:00+00:00,2025-07-24 23:59:59.999000+00:00,binance,um_futures,HYPEUSDT,HYPE/USDT:USDT,1d,43.705,44.394,41.463,42.075,6568711.22,280851777.74332,784826,3132502.66,133952704.76083,True,binance_fapi_klines
2025-07-25 00:00:00+00:00,2025-07-25 23:59:59.999000+00:00,binance,um_futures,HYPEUSDT,HYPE/USDT:USDT,1d,42.076,44.192,41.122,44.128,6254485.09,265344986.73114,796060,3104769.5,131811169.4677,True,binance_fapi_klines
2025-07-26 00:00:00+00:00,2025-07-26 23:59:59.999000+00:00,binance,um_futures,HYPEUSDT,HYPE/USDT:USDT,1d,44.128,44.906,43.327,43.363,2896862.22,128033680.03398,433467,1378894.25,60962537.84596,True,binance_fapi_klines
2025-07-27 00:00:00+00:00,2025-07-27 23:59:59.999000+00:00,binance,um_futures,HYPEUSDT,HYPE/USDT:USDT,1d,43.365,44.333,42.402,43.649,3693814.44,160017500.73265,516789,1803148.49,78123583.70099,True,binance_fapi_klines
2025-07-28 00:00:00+00:00,2025-07-28 23:59:59.999000+00:00,binance,um_futures,HYPEUSDT,HYPE/USDT:USDT,1d,43.655,46.095,42.63,43.742,9012464.12,401387084.47634,1277006,4326921.87,192752533.8274,True,binance_fapi_klines
2025-07-29 00:00:00+00:00,2025-07-29 23:59:59.999000+00:00,binance,um_futures,HYPEUSDT,HYPE/USDT:USDT,1d,43.741,45.29,42.448,43.485,10500434.66,458473221.31978,1355120,5093161.05,222265535.26016,True,binance_fapi_klines
2025-07-30 00:00:00+00:00,2025-07-30 23:59:59.999000+00:00,binance,um_futures,HYPEUSDT,HYPE/USDT:USDT,1d,43.485,43.729,40.69,42.221,6860552.23,291817523.9485,1012747,3348711.26,142431571.37068,True,binance_fapi_klines
2025-07-31 00:00:00+00:00,2025-07-31 23:59:59.999000+00:00,binance,um_futures,HYPEUSDT,HYPE/USDT:USDT,1d,42.225,44.721,40.64,40.826,7623677.47,326635061.67781,1009388,3662615.37,157081771.21876,True,binance_fapi_klines
2025-08-01 00:00:00+00:00,2025-08-01 23:59:59.999000+00:00,binance,um_futures,HYPEUSDT,HYPE/USDT:USDT,1d,40.824,41.635,36.323,37.613,13887673.99,540851060.93021,1686533,6650280.92,259132526.179,True,binance_fapi_klines
2025-08-02 00:00:00+00:00,2025-08-02 23:59:59.999000+00:00,binance,um_futures,HYPEUSDT,HYPE/USDT:USDT,1d,37.615,38.729,35.493,36.896,7651094.83,285836440.5193,950222,3828042.17,143102078.60597,True,binance_fapi_klines
2025-08-03 00:00:00+00:00,2025-08-03 23:59:59.999000+00:00,binance,um_futures,HYPEUSDT,HYPE/USDT:USDT,1d,36.898,39.299,36.415,38.18,5953155.77,226615082.83011,782010,3018073.4,114934241.20508,True,binance_fapi_klines
2025-08-04 00:00:00+00:00,2025-08-04 23:59:59.999000+00:00,binance,um_futures,HYPEUSDT,HYPE/USDT:USDT,1d,38.18,39.462,37.248,38.804,7513609.92,287997703.27758,937495,3660735.11,140361011.7179,True,binance_fapi_klines
2025-08-05 00:00:00+00:00,2025-08-05 23:59:59.999000+00:00,binance,um_futures,HYPEUSDT,HYPE/USDT:USDT,1d,38.803,39.868,37.372,38.497,8261895.48,319828920.83529,1102750,3909010.35,151318499.65699,True,binance_fapi_klines
2025-08-06 00:00:00+00:00,2025-08-06 23:59:59.999000+00:00,binance,um_futures,HYPEUSDT,HYPE/USDT:USDT,1d,38.497,39.258,36.855,38.079,5733056.73,217371920.02978,745099,2758890.63,104602444.90417,True,binance_fapi_klines
2025-08-07 00:00:00+00:00,2025-08-07 23:59:59.999000+00:00,binance,um_futures,HYPEUSDT,HYPE/USDT:USDT,1d,38.077,40.983,37.577,40.897,5339771.28,209125722.28619,712086,2649714.7,103837303.08595,True,binance_fapi_klines
2025-08-08 00:00:00+00:00,2025-08-08 23:59:59.999000+00:00,binance,um_futures,HYPEUSDT,HYPE/USDT:USDT,1d,40.897,41.756,40.11,40.992,5286611.46,216373199.31398,727528,2502135.64,102465501.32614,True,binance_fapi_klines
2025-08-09 00:00:00+00:00,2025-08-09 23:59:59.999000+00:00,binance,um_futures,HYPEUSDT,HYPE/USDT:USDT,1d,40.992,44.741,40.546,43.666,6278742.61,270393763.90722,856449,3110674.58,134060034.76209,True,binance_fapi_klines
2025-08-10 00:00:00+00:00,2025-08-10 23:59:59.999000+00:00,binance,um_futures,HYPEUSDT,HYPE/USDT:USDT,1d,43.666,45.446,42.813,45.269,4541058.64,200568736.15767,714034,2176139.88,96196391.362,True,binance_fapi_klines
2025-08-11 00:00:00+00:00,2025-08-11 23:59:59.999000+00:00,binance,um_futures,HYPEUSDT,HYPE/USDT:USDT,1d,45.27,46.799,42.578,43.167,6260046.24,280777155.61013,864095,2938090.71,131830277.15876,True,binance_fapi_klines
2025-08-12 00:00:00+00:00,2025-08-12 23:59:59.999000+00:00,binance,um_futures,HYPEUSDT,HYPE/USDT:USDT,1d,43.167,45.87,42.153,44.725,7406267.58,324954324.46939,957442,3635767.1,159637009.03622,True,binance_fapi_klines
2025-08-13 00:00:00+00:00,2025-08-13 23:59:59.999000+00:00,binance,um_futures,HYPEUSDT,HYPE/USDT:USDT,1d,44.726,48.021,43.002,47.631,10505672.48,480482263.1261,1358410,5121688.6,234286263.51684,True,binance_fapi_klines
2025-08-14 00:00:00+00:00,2025-08-14 23:59:59.999000+00:00,binance,um_futures,HYPEUSDT,HYPE/USDT:USDT,1d,47.628,48.88,43.627,45.442,13352853.53,611851958.2454,1568804,6342662.66,290715888.3883,True,binance_fapi_klines
2025-08-15 00:00:00+00:00,2025-08-15 23:59:59.999000+00:00,binance,um_futures,HYPEUSDT,HYPE/USDT:USDT,1d,45.441,49.564,45.309,47.795,13665308.05,650566692.73355,1632687,6506748.67,309742924.4223,True,binance_fapi_klines
2025-08-16 00:00:00+00:00,2025-08-16 23:59:59.999000+00:00,binance,um_futures,HYPEUSDT,HYPE/USDT:USDT,1d,47.795,48.278,46.139,46.296,4118055.16,193882828.88474,616814,1996159.9,93956472.46914,True,binance_fapi_klines
2025-08-17 00:00:00+00:00,2025-08-17 23:59:59.999000+00:00,binance,um_futures,HYPEUSDT,HYPE/USDT:USDT,1d,46.296,47.786,45.788,46.04,4180938.24,195636534.47534,574594,1983738.28,92850623.00591,True,binance_fapi_klines
2025-08-18 00:00:00+00:00,2025-08-18 23:59:59.999000+00:00,binance,um_futures,HYPEUSDT,HYPE/USDT:USDT,1d,46.041,46.172,42.94,43.321,8702381.82,382443146.42137,983177,4146437.91,182259082.63739,True,binance_fapi_klines
2025-08-19 00:00:00+00:00,2025-08-19 23:59:59.999000+00:00,binance,um_futures,HYPEUSDT,HYPE/USDT:USDT,1d,43.321,44.178,40.939,41.303,9861723.55,420287830.37973,1184073,4613049.65,196623533.78875,True,binance_fapi_klines
2025-08-20 00:00:00+00:00,2025-08-20 23:59:59.999000+00:00,binance,um_futures,HYPEUSDT,HYPE/USDT:USDT,1d,41.304,43.275,40.596,42.999,8083620.37,339667034.61596,1031060,3842532.68,161469598.2224,True,binance_fapi_klines
2025-08-21 00:00:00+00:00,2025-08-21 23:59:59.999000+00:00,binance,um_futures,HYPEUSDT,HYPE/USDT:USDT,1d,42.999,43.451,40.415,40.454,6250532.56,260463509.81666,769102,3009642.93,125427941.1823,True,binance_fapi_klines
2025-08-22 00:00:00+00:00,2025-08-22 23:59:59.999000+00:00,binance,um_futures,HYPEUSDT,HYPE/USDT:USDT,1d,40.452,45.532,40.451,45.335,8652690.46,372574016.09865,1043294,4289639.72,184709509.36938,True,binance_fapi_klines
2025-08-23 00:00:00+00:00,2025-08-23 23:59:59.999000+00:00,binance,um_futures,HYPEUSDT,HYPE/USDT:USDT,1d,45.335,45.355,43.296,44.91,4615174.35,203558525.20246,630098,2171700.82,95796364.6301,True,binance_fapi_klines
2025-08-24 00:00:00+00:00,2025-08-24 23:59:59.999000+00:00,binance,um_futures,HYPEUSDT,HYPE/USDT:USDT,1d,44.91,47.0,43.42,46.061,7025440.32,316877399.77059,884715,3391833.85,153102158.21194,True,binance_fapi_klines
2025-08-25 00:00:00+00:00,2025-08-25 23:59:59.999000+00:00,binance,um_futures,HYPEUSDT,HYPE/USDT:USDT,1d,46.061,47.406,42.542,42.976,12431671.5,560753919.9358,1459139,5879713.77,265286645.41565,True,binance_fapi_klines
2025-08-26 00:00:00+00:00,2025-08-26 23:59:59.999000+00:00,binance,um_futures,HYPEUSDT,HYPE/USDT:USDT,1d,42.979,49.782,42.357,48.794,11739153.94,546470509.91164,1471626,5963136.51,278020009.29527,True,binance_fapi_klines
2025-08-27 00:00:00+00:00,2025-08-27 23:59:59.999000+00:00,binance,um_futures,HYPEUSDT,HYPE/USDT:USDT,1d,48.796,51.254,46.855,47.04,15051141.91,744795183.65625,1734184,7242917.73,358611247.32456,True,binance_fapi_klines
2025-08-28 00:00:00+00:00,2025-08-28 23:59:59.999000+00:00,binance,um_futures,HYPEUSDT,HYPE/USDT:USDT,1d,47.039,49.05,45.562,45.608,10406687.29,493588089.31267,1209460,4911661.21,233048851.11276,True,binance_fapi_klines
2025-08-29 00:00:00+00:00,2025-08-29 23:59:59.999000+00:00,binance,um_futures,HYPEUSDT,HYPE/USDT:USDT,1d,45.609,46.146,43.318,44.432,10647014.38,476006351.70263,1127549,5148012.01,230170971.54679,True,binance_fapi_klines
2025-08-30 00:00:00+00:00,2025-08-30 23:59:59.999000+00:00,binance,um_futures,HYPEUSDT,HYPE/USDT:USDT,1d,44.434,44.921,43.266,44.066,3843280.06,169044169.3892,523940,1837880.09,80865780.67379,True,binance_fapi_klines
2025-08-31 00:00:00+00:00,2025-08-31 23:59:59.999000+00:00,binance,um_futures,HYPEUSDT,HYPE/USDT:USDT,1d,44.066,45.367,44.034,44.28,3227527.99,144173682.03969,469481,1626325.1,72659050.6231,True,binance_fapi_klines
2025-09-01 00:00:00+00:00,2025-09-01 23:59:59.999000+00:00,binance,um_futures,HYPEUSDT,HYPE/USDT:USDT,1d,44.284,45.48,42.504,43.126,5882363.58,259367162.59168,698754,2762620.15,121837152.06395,True,binance_fapi_klines
2025-09-02 00:00:00+00:00,2025-09-02 23:59:59.999000+00:00,binance,um_futures,HYPEUSDT,HYPE/USDT:USDT,1d,43.129,45.079,42.959,44.901,4988492.68,220538398.44281,650242,2443161.85,108036206.57311,True,binance_fapi_klines
2025-09-03 00:00:00+00:00,2025-09-03 23:59:59.999000+00:00,binance,um_futures,HYPEUSDT,HYPE/USDT:USDT,1d,44.902,46.518,44.266,45.883,4629644.67,210878764.76202,614701,2311285.15,105316165.09814,True,binance_fapi_klines
2025-09-04 00:00:00+00:00,2025-09-04 23:59:59.999000+00:00,binance,um_futures,HYPEUSDT,HYPE/USDT:USDT,1d,45.883,46.449,44.431,45.373,4327086.91,196656916.98273,549492,1986314.17,90298872.24866,True,binance_fapi_klines
2025-09-05 00:00:00+00:00,2025-09-05 23:59:59.999000+00:00,binance,um_futures,HYPEUSDT,HYPE/USDT:USDT,1d,45.372,47.78,45.079,47.271,7702818.2,359386476.13476,825491,3847305.85,179511007.62093,True,binance_fapi_klines
2025-09-06 00:00:00+00:00,2025-09-06 23:59:59.999000+00:00,binance,um_futures,HYPEUSDT,HYPE/USDT:USDT,1d,47.271,47.895,45.439,46.015,3696494.29,172759521.86238,434333,1859854.7,86924463.89915,True,binance_fapi_klines
2025-09-07 00:00:00+00:00,2025-09-07 23:59:59.999000+00:00,binance,um_futures,HYPEUSDT,HYPE/USDT:USDT,1d,46.015,47.72,46.0,47.113,3386348.31,159317849.2685,413309,1685984.28,79309011.90383,True,binance_fapi_klines
2025-09-08 00:00:00+00:00,2025-09-08 23:59:59.999000+00:00,binance,um_futures,HYPEUSDT,HYPE/USDT:USDT,1d,47.112,51.973,46.97,50.901,9908207.84,498919856.02046,1113185,4908985.34,247086910.96792,True,binance_fapi_klines
2025-09-09 00:00:00+00:00,2025-09-09 23:59:59.999000+00:00,binance,um_futures,HYPEUSDT,HYPE/USDT:USDT,1d,50.9,55.359,50.538,53.315,13086414.13,698904050.23499,1532070,6619718.74,353714024.29167,True,binance_fapi_klines
2025-09-10 00:00:00+00:00,2025-09-10 23:59:59.999000+00:00,binance,um_futures,HYPEUSDT,HYPE/USDT:USDT,1d,53.315,56.121,52.575,55.494,10033342.74,549120377.662,1290144,4922294.3,269513377.8406,True,binance_fapi_klines
2025-09-11 00:00:00+00:00,2025-09-11 23:59:59.999000+00:00,binance,um_futures,HYPEUSDT,HYPE/USDT:USDT,1d,55.489,57.2,53.03,57.054,9717582.2,533742770.08382,1184157,4739624.42,260503920.50368,True,binance_fapi_klines
2025-09-12 00:00:00+00:00,2025-09-12 23:59:59.999000+00:00,binance,um_futures,HYPEUSDT,HYPE/USDT:USDT,1d,57.055,57.499,54.738,55.255,7775251.39,436617494.81217,928393,3609207.54,202722847.70585,True,binance_fapi_klines
2025-09-13 00:00:00+00:00,2025-09-13 23:59:59.999000+00:00,binance,um_futures,HYPEUSDT,HYPE/USDT:USDT,1d,55.255,56.87,54.165,54.456,6670290.38,369402616.21825,776213,3117791.62,172710043.93405,True,binance_fapi_klines
2025-09-14 00:00:00+00:00,2025-09-14 23:59:59.999000+00:00,binance,um_futures,HYPEUSDT,HYPE/USDT:USDT,1d,54.457,55.324,53.53,53.688,6037887.51,328369342.15356,715283,2801490.45,152406519.86954,True,binance_fapi_klines
2025-09-15 00:00:00+00:00,2025-09-15 23:59:59.999000+00:00,binance,um_futures,HYPEUSDT,HYPE/USDT:USDT,1d,53.688,54.644,52.054,54.0,6446938.51,343549566.34227,803470,3030924.26,161579711.55245,True,binance_fapi_klines
2025-09-16 00:00:00+00:00,2025-09-16 23:59:59.999000+00:00,binance,um_futures,HYPEUSDT,HYPE/USDT:USDT,1d,54.0,54.615,52.281,54.456,6333337.25,339143926.4878,809710,3031285.32,162350574.38506,True,binance_fapi_klines
2025-09-17 00:00:00+00:00,2025-09-17 23:59:59.999000+00:00,binance,um_futures,HYPEUSDT,HYPE/USDT:USDT,1d,54.456,58.041,53.85,57.766,8392470.35,465539461.3977,960934,4223815.07,234221003.03044,True,binance_fapi_klines
2025-09-18 00:00:00+00:00,2025-09-18 23:59:59.999000+00:00,binance,um_futures,HYPEUSDT,HYPE/USDT:USDT,1d,57.767,59.63,57.312,58.681,7544559.26,440713739.17263,971815,3774763.35,220602567.89005,True,binance_fapi_klines
2025-09-19 00:00:00+00:00,2025-09-19 23:59:59.999000+00:00,binance,um_futures,HYPEUSDT,HYPE/USDT:USDT,1d,58.681,59.351,55.24,56.181,7215125.72,408783168.29849,867883,3623062.21,205318073.53167,True,binance_fapi_klines
2025-09-20 00:00:00+00:00,2025-09-20 23:59:59.999000+00:00,binance,um_futures,HYPEUSDT,HYPE/USDT:USDT,1d,56.181,56.666,53.85,54.25,5081681.02,281197915.41674,604592,2467365.92,136718598.9962,True,binance_fapi_klines
2025-09-21 00:00:00+00:00,2025-09-21 23:59:59.999000+00:00,binance,um_futures,HYPEUSDT,HYPE/USDT:USDT,1d,54.249,54.389,50.635,50.89,9294341.0,487170075.52233,888922,4150478.52,217472919.2546,True,binance_fapi_klines
2025-09-22 00:00:00+00:00,2025-09-22 23:59:59.999000+00:00,binance,um_futures,HYPEUSDT,HYPE/USDT:USDT,1d,50.89,51.337,45.99,47.278,15061516.27,735346078.31854,1703873,7004736.75,342195122.79258,True,binance_fapi_klines
2025-09-23 00:00:00+00:00,2025-09-23 23:59:59.999000+00:00,binance,um_futures,HYPEUSDT,HYPE/USDT:USDT,1d,47.278,48.946,44.364,44.671,13257944.77,619349026.18268,1538560,6428819.1,300293227.91711,True,binance_fapi_klines
2025-09-24 00:00:00+00:00,2025-09-24 23:59:59.999000+00:00,binance,um_futures,HYPEUSDT,HYPE/USDT:USDT,1d,44.672,46.818,43.274,45.646,14222801.65,640924586.94773,1755357,6679418.75,300900196.77364,True,binance_fapi_klines
2025-09-25 00:00:00+00:00,2025-09-25 23:59:59.999000+00:00,binance,um_futures,HYPEUSDT,HYPE/USDT:USDT,1d,45.656,46.019,39.72,40.414,21471605.7,907977743.28047,2225848,9961138.4,421448932.92825,True,binance_fapi_klines
2025-09-26 00:00:00+00:00,2025-09-26 23:59:59.999000+00:00,binance,um_futures,HYPEUSDT,HYPE/USDT:USDT,1d,40.413,45.678,40.381,44.827,15957766.53,688015584.69148,2039197,7773602.69,335132262.93271,True,binance_fapi_klines
2025-09-27 00:00:00+00:00,2025-09-27 23:59:59.999000+00:00,binance,um_futures,HYPEUSDT,HYPE/USDT:USDT,1d,44.825,46.601,43.067,45.75,10445768.26,467935531.71372,1279898,5009836.15,224505507.43996,True,binance_fapi_klines
2025-09-28 00:00:00+00:00,2025-09-28 23:59:59.999000+00:00,binance,um_futures,HYPEUSDT,HYPE/USDT:USDT,1d,45.751,47.33,42.912,47.171,9090557.33,410963948.67786,1174275,4419846.46,200075712.75216,True,binance_fapi_klines
2025-09-29 00:00:00+00:00,2025-09-29 23:59:59.999000+00:00,binance,um_futures,HYPEUSDT,HYPE/USDT:USDT,1d,47.177,48.124,44.964,46.19,10783905.27,503443489.53284,1419924,5089060.05,237567007.9076,True,binance_fapi_klines
2025-09-30 00:00:00+00:00,2025-09-30 23:59:59.999000+00:00,binance,um_futures,HYPEUSDT,HYPE/USDT:USDT,1d,46.19,47.054,43.506,45.22,12392814.84,556379065.50235,1602737,5902548.45,265088082.77306,True,binance_fapi_klines
2025-10-01 00:00:00+00:00,2025-10-01 23:59:59.999000+00:00,binance,um_futures,HYPEUSDT,HYPE/USDT:USDT,1d,45.221,48.106,44.575,47.233,9087535.83,423344237.41364,1269701,4433443.21,206623367.89707,True,binance_fapi_klines
2025-10-02 00:00:00+00:00,2025-10-02 23:59:59.999000+00:00,binance,um_futures,HYPEUSDT,HYPE/USDT:USDT,1d,47.228,51.089,46.993,50.811,10450713.67,515119904.89312,1483142,5096678.04,251333447.7606,True,binance_fapi_klines
2025-10-03 00:00:00+00:00,2025-10-03 23:59:59.999000+00:00,binance,um_futures,HYPEUSDT,HYPE/USDT:USDT,1d,50.812,50.878,48.387,49.431,10443415.08,519813615.42549,1488794,5154712.1,256574373.74671,True,binance_fapi_klines
2025-10-04 00:00:00+00:00,2025-10-04 23:59:59.999000+00:00,binance,um_futures,HYPEUSDT,HYPE/USDT:USDT,1d,49.431,49.59,47.666,49.121,6571499.58,319009155.9682,843855,3144538.92,152745235.75585,True,binance_fapi_klines
2025-10-05 00:00:00+00:00,2025-10-05 23:59:59.999000+00:00,binance,um_futures,HYPEUSDT,HYPE/USDT:USDT,1d,49.121,51.496,47.333,48.195,10277821.04,507137274.82196,1345719,4873294.11,240590341.82247,True,binance_fapi_klines
2025-10-06 00:00:00+00:00,2025-10-06 23:59:59.999000+00:00,binance,um_futures,HYPEUSDT,HYPE/USDT:USDT,1d,48.195,49.736,47.2,47.213,9068653.86,440616320.8577,1223549,4404202.33,214088381.62086,True,binance_fapi_klines
2025-10-07 00:00:00+00:00,2025-10-07 23:59:59.999000+00:00,binance,um_futures,HYPEUSDT,HYPE/USDT:USDT,1d,47.212,47.748,44.526,45.123,12036066.25,552253051.56647,1416605,5635456.83,258590969.54879,True,binance_fapi_klines
2025-10-08 00:00:00+00:00,2025-10-08 23:59:59.999000+00:00,binance,um_futures,HYPEUSDT,HYPE/USDT:USDT,1d,45.124,47.352,44.84,46.645,8439817.95,390110992.23604,1022280,4041422.46,186829381.8985,True,binance_fapi_klines
2025-10-09 00:00:00+00:00,2025-10-09 23:59:59.999000+00:00,binance,um_futures,HYPEUSDT,HYPE/USDT:USDT,1d,46.645,46.804,42.359,43.965,11079909.67,490329391.85459,1408470,5265123.1,232895002.42225,True,binance_fapi_klines
2025-10-10 00:00:00+00:00,2025-10-10 23:59:59.999000+00:00,binance,um_futures,HYPEUSDT,HYPE/USDT:USDT,1d,43.966,46.064,21.029,37.735,23086118.61,920599823.62403,2330762,11151416.03,445233447.18366,True,binance_fapi_klines
2025-10-11 00:00:00+00:00,2025-10-11 23:59:59.999000+00:00,binance,um_futures,HYPEUSDT,HYPE/USDT:USDT,1d,37.735,40.99,35.188,36.828,19662765.77,750538564.92184,2579463,9943514.56,379874674.3524,True,binance_fapi_klines
2025-10-12 00:00:00+00:00,2025-10-12 23:59:59.999000+00:00,binance,um_futures,HYPEUSDT,HYPE/USDT:USDT,1d,36.825,40.923,35.905,39.621,17133791.99,660339518.96888,2300730,8441535.9,325527653.0411,True,binance_fapi_klines
2025-10-13 00:00:00+00:00,2025-10-13 23:59:59.999000+00:00,binance,um_futures,HYPEUSDT,HYPE/USDT:USDT,1d,39.62,43.625,38.177,42.424,18733778.47,766957939.64519,2457830,9062385.47,371143992.33515,True,binance_fapi_klines
2025-10-14 00:00:00+00:00,2025-10-14 23:59:59.999000+00:00,binance,um_futures,HYPEUSDT,HYPE/USDT:USDT,1d,42.427,43.169,37.349,39.39,17627020.57,696953962.13323,2334391,8348468.56,330238339.63714,True,binance_fapi_klines
2025-10-15 00:00:00+00:00,2025-10-15 23:59:59.999000+00:00,binance,um_futures,HYPEUSDT,HYPE/USDT:USDT,1d,39.393,41.189,36.815,37.364,12084959.72,473162379.38877,1980904,5606045.68,219742279.73463,True,binance_fapi_klines
2025-10-16 00:00:00+00:00,2025-10-16 23:59:59.999000+00:00,binance,um_futures,HYPEUSDT,HYPE/USDT:USDT,1d,37.362,39.459,36.276,36.794,13276563.59,500315920.94605,2075574,6343313.03,239144701.12233,True,binance_fapi_klines
2025-10-17 00:00:00+00:00,2025-10-17 23:59:59.999000+00:00,binance,um_futures,HYPEUSDT,HYPE/USDT:USDT,1d,36.795,37.541,33.279,35.462,19534396.43,684530652.74382,2735447,9521009.61,333731136.90196,True,binance_fapi_klines
2025-10-18 00:00:00+00:00,2025-10-18 23:59:59.999000+00:00,binance,um_futures,HYPEUSDT,HYPE/USDT:USDT,1d,35.462,36.91,34.614,36.862,8138637.5,290595909.66416,1168436,3905892.03,139527552.01653,True,binance_fapi_klines
2025-10-19 00:00:00+00:00,2025-10-19 23:59:59.999000+00:00,binance,um_futures,HYPEUSDT,HYPE/USDT:USDT,1d,36.862,38.513,35.68,37.398,8683509.65,323607119.03547,1337213,4312214.51,160732717.35939,True,binance_fapi_klines
2025-10-20 00:00:00+00:00,2025-10-20 23:59:59.999000+00:00,binance,um_futures,HYPEUSDT,HYPE/USDT:USDT,1d,37.399,39.574,36.7,37.939,11166044.52,426946822.20784,1521333,5419941.96,207196505.20605,True,binance_fapi_klines
2025-10-21 00:00:00+00:00,2025-10-21 23:59:59.999000+00:00,binance,um_futures,HYPEUSDT,HYPE/USDT:USDT,1d,37.936,38.36,35.149,35.346,15693881.72,574941475.31593,1971693,7472923.0,273745116.25213,True,binance_fapi_klines
2025-10-22 00:00:00+00:00,2025-10-22 23:59:59.999000+00:00,binance,um_futures,HYPEUSDT,HYPE/USDT:USDT,1d,35.345,36.831,34.454,36.233,15476507.2,550226192.21347,1937430,7523391.67,267494393.18672,True,binance_fapi_klines
2025-10-23 00:00:00+00:00,2025-10-23 23:59:59.999000+00:00,binance,um_futures,HYPEUSDT,HYPE/USDT:USDT,1d,36.227,40.798,36.148,40.198,17485054.93,682007054.46725,2231998,8694902.47,339256435.71086,True,binance_fapi_klines
2025-10-24 00:00:00+00:00,2025-10-24 23:59:59.999000+00:00,binance,um_futures,HYPEUSDT,HYPE/USDT:USDT,1d,40.199,40.883,38.673,39.288,9091132.46,361516163.99483,1167850,4502238.53,179070037.18193,True,binance_fapi_klines
2025-10-25 00:00:00+00:00,2025-10-25 23:59:59.999000+00:00,binance,um_futures,HYPEUSDT,HYPE/USDT:USDT,1d,39.289,44.657,38.861,44.213,8434551.47,351621014.49289,1094665,4296117.19,179207836.84081,True,binance_fapi_klines
2025-10-26 00:00:00+00:00,2025-10-26 23:59:59.999000+00:00,binance,um_futures,HYPEUSDT,HYPE/USDT:USDT,1d,44.214,48.604,43.51,47.295,14043833.94,649831241.74587,1621034,7087946.84,328074017.26655,True,binance_fapi_klines
2025-10-27 00:00:00+00:00,2025-10-27 23:59:59.999000+00:00,binance,um_futures,HYPEUSDT,HYPE/USDT:USDT,1d,47.3,49.5,45.39,46.52,16881575.02,799445347.47126,1965988,8315744.83,394168997.00559,True,binance_fapi_klines
2025-10-28 00:00:00+00:00,2025-10-28 23:59:59.999000+00:00,binance,um_futures,HYPEUSDT,HYPE/USDT:USDT,1d,46.515,49.365,45.932,47.657,12487144.34,593669084.7737,1741772,5963834.82,283711906.47778,True,binance_fapi_klines
2025-10-29 00:00:00+00:00,2025-10-29 23:59:59.999000+00:00,binance,um_futures,HYPEUSDT,HYPE/USDT:USDT,1d,47.65,49.971,45.5,47.952,16419466.39,786023920.75894,2124197,7991271.21,382660268.71823,True,binance_fapi_klines
2025-10-30 00:00:00+00:00,2025-10-30 23:59:59.999000+00:00,binance,um_futures,HYPEUSDT,HYPE/USDT:USDT,1d,47.952,50.238,42.669,45.389,22763206.73,1053094789.10095,2861383,10781458.85,499446443.38447,True,binance_fapi_klines
2025-10-31 00:00:00+00:00,2025-10-31 23:59:59.999000+00:00,binance,um_futures,HYPEUSDT,HYPE/USDT:USDT,1d,45.389,46.25,42.356,43.685,13460717.3,594012912.37204,1993471,6612155.22,291965905.37482,True,binance_fapi_klines
2025-11-01 00:00:00+00:00,2025-11-01 23:59:59.999000+00:00,binance,um_futures,HYPEUSDT,HYPE/USDT:USDT,1d,43.684,44.523,42.643,43.262,7145661.81,311581709.71035,1260875,3536616.9,154208002.256,True,binance_fapi_klines
2025-11-02 00:00:00+00:00,2025-11-02 23:59:59.999000+00:00,binance,um_futures,HYPEUSDT,HYPE/USDT:USDT,1d,43.263,43.465,41.092,42.443,9859660.59,416057901.06383,1444089,4763282.47,200982762.96469,True,binance_fapi_klines
2025-11-03 00:00:00+00:00,2025-11-03 23:59:59.999000+00:00,binance,um_futures,HYPEUSDT,HYPE/USDT:USDT,1d,42.443,42.73,38.253,40.187,17532798.91,709152610.57321,2391592,8462944.39,342444368.95853,True,binance_fapi_klines
2025-11-04 00:00:00+00:00,2025-11-04 23:59:59.999000+00:00,binance,um_futures,HYPEUSDT,HYPE/USDT:USDT,1d,40.186,40.829,35.408,39.012,26873202.74,1018430567.79962,3789226,13044327.96,494682581.47692,True,binance_fapi_klines
2025-11-05 00:00:00+00:00,2025-11-05 23:59:59.999000+00:00,binance,um_futures,HYPEUSDT,HYPE/USDT:USDT,1d,39.014,42.24,37.5,41.357,13500964.0,545964231.18117,2167126,6545132.91,264771788.97845,True,binance_fapi_klines
2025-11-06 00:00:00+00:00,2025-11-06 23:59:59.999000+00:00,binance,um_futures,HYPEUSDT,HYPE/USDT:USDT,1d,41.357,41.357,37.588,38.498,11698731.22,460400098.5842,1869983,5635596.96,221684357.19101,True,binance_fapi_klines
2025-11-07 00:00:00+00:00,2025-11-07 23:59:59.999000+00:00,binance,um_futures,HYPEUSDT,HYPE/USDT:USDT,1d,38.499,43.388,38.0,42.243,13779442.15,553982643.24045,2167000,6737118.21,271302548.4213,True,binance_fapi_klines
2025-11-08 00:00:00+00:00,2025-11-08 23:59:59.999000+00:00,binance,um_futures,HYPEUSDT,HYPE/USDT:USDT,1d,42.243,43.327,39.672,40.145,8045886.53,330099248.02445,1259955,3818277.56,156680433.14679,True,binance_fapi_klines
2025-11-09 00:00:00+00:00,2025-11-09 23:59:59.999000+00:00,binance,um_futures,HYPEUSDT,HYPE/USDT:USDT,1d,40.146,42.834,39.203,41.813,6487192.51,264274811.0315,1171553,3141003.77,127971435.91415,True,binance_fapi_klines
2025-11-10 00:00:00+00:00,2025-11-10 23:59:59.999000+00:00,binance,um_futures,HYPEUSDT,HYPE/USDT:USDT,1d,41.813,43.264,40.828,41.443,7450370.56,313573806.41526,1293963,3627493.95,152767200.53923,True,binance_fapi_klines
2025-11-11 00:00:00+00:00,2025-11-11 23:59:59.999000+00:00,binance,um_futures,HYPEUSDT,HYPE/USDT:USDT,1d,41.444,41.995,38.448,38.682,7665114.58,307812867.17039,1351329,3582802.88,144019131.41893,True,binance_fapi_klines
2025-11-12 00:00:00+00:00,2025-11-12 23:59:59.999000+00:00,binance,um_futures,HYPEUSDT,HYPE/USDT:USDT,1d,38.683,40.859,37.45,38.356,10988682.77,428501732.85603,1574832,5174511.71,201836766.62079,True,binance_fapi_klines
2025-11-13 00:00:00+00:00,2025-11-13 23:59:59.999000+00:00,binance,um_futures,HYPEUSDT,HYPE/USDT:USDT,1d,38.356,39.846,36.6,38.527,11382663.98,435792209.97815,1631648,5496060.18,210536661.71891,True,binance_fapi_klines
2025-11-14 00:00:00+00:00,2025-11-14 23:59:59.999000+00:00,binance,um_futures,HYPEUSDT,HYPE/USDT:USDT,1d,38.529,38.598,36.0,37.492,15010437.46,560716427.87787,2014156,7672671.35,286788793.53629,True,binance_fapi_klines
2025-11-15 00:00:00+00:00,2025-11-15 23:59:59.999000+00:00,binance,um_futures,HYPEUSDT,HYPE/USDT:USDT,1d,37.493,39.56,37.31,38.567,5195503.04,201112608.55996,867765,2527251.69,97821687.17064,True,binance_fapi_klines
2025-11-16 00:00:00+00:00,2025-11-16 23:59:59.999000+00:00,binance,um_futures,HYPEUSDT,HYPE/USDT:USDT,1d,38.569,40.502,37.45,38.699,9026204.07,349238721.00223,1270001,4401921.55,170537348.51183,True,binance_fapi_klines
2025-11-17 00:00:00+00:00,2025-11-17 23:59:59.999000+00:00,binance,um_futures,HYPEUSDT,HYPE/USDT:USDT,1d,38.698,39.341,37.101,39.335,10075734.63,385192875.17168,1442770,4856644.37,185679592.36882,True,binance_fapi_klines
2025-11-18 00:00:00+00:00,2025-11-18 23:59:59.999000+00:00,binance,um_futures,HYPEUSDT,HYPE/USDT:USDT,1d,39.335,41.709,38.238,38.653,16091732.8,640329423.19147,2236061,7773951.69,309460670.47064,True,binance_fapi_klines
2025-11-19 00:00:00+00:00,2025-11-19 23:59:59.999000+00:00,binance,um_futures,HYPEUSDT,HYPE/USDT:USDT,1d,38.653,39.107,37.12,38.842,9572215.75,364462799.07666,1440978,4358534.52,166003150.44544,True,binance_fapi_klines
2025-11-20 00:00:00+00:00,2025-11-20 23:59:59.999000+00:00,binance,um_futures,HYPEUSDT,HYPE/USDT:USDT,1d,38.841,39.8,37.346,37.541,9644665.98,371662602.24857,1464154,4709789.96,181462241.92412,True,binance_fapi_klines
2025-11-21 00:00:00+00:00,2025-11-21 23:59:59.999000+00:00,binance,um_futures,HYPEUSDT,HYPE/USDT:USDT,1d,37.542,38.547,31.66,33.85,30651059.8,1044529122.0951,4079703,14665318.82,499274915.648,True,binance_fapi_klines
2025-11-22 00:00:00+00:00,2025-11-22 23:59:59.999000+00:00,binance,um_futures,HYPEUSDT,HYPE/USDT:USDT,1d,33.851,34.524,29.35,29.977,16519924.74,524019885.55273,2188052,7800652.49,247879892.03518,True,binance_fapi_klines
2025-11-23 00:00:00+00:00,2025-11-23 23:59:59.999000+00:00,binance,um_futures,HYPEUSDT,HYPE/USDT:USDT,1d,29.977,32.642,29.614,31.863,15317052.57,478333183.44271,2185781,7745154.09,242046528.71984,True,binance_fapi_klines
2025-11-24 00:00:00+00:00,2025-11-24 23:59:59.999000+00:00,binance,um_futures,HYPEUSDT,HYPE/USDT:USDT,1d,31.863,34.66,30.407,33.728,17776949.85,571875245.35061,2351081,8814667.19,283810668.17875,True,binance_fapi_klines
2025-11-25 00:00:00+00:00,2025-11-25 23:59:59.999000+00:00,binance,um_futures,HYPEUSDT,HYPE/USDT:USDT,1d,33.728,34.496,31.789,33.717,15776204.27,518823269.68764,2205352,7742967.23,254852340.23721,True,binance_fapi_klines
2025-11-26 00:00:00+00:00,2025-11-26 23:59:59.999000+00:00,binance,um_futures,HYPEUSDT,HYPE/USDT:USDT,1d,33.717,36.359,33.01,36.222,11443357.5,395004514.03607,1650302,5927064.35,204801497.03255,True,binance_fapi_klines
2025-11-27 00:00:00+00:00,2025-11-27 23:59:59.999000+00:00,binance,um_futures,HYPEUSDT,HYPE/USDT:USDT,1d,36.22,36.537,34.455,34.723,7368169.92,260227043.42827,1099129,3631026.08,128272274.68155,True,binance_fapi_klines
2025-11-28 00:00:00+00:00,2025-11-28 23:59:59.999000+00:00,binance,um_futures,HYPEUSDT,HYPE/USDT:USDT,1d,34.723,36.809,33.769,34.924,11032129.96,387951888.07609,1555209,5481499.57,192746947.38696,True,binance_fapi_klines
2025-11-29 00:00:00+00:00,2025-11-29 23:59:59.999000+00:00,binance,um_futures,HYPEUSDT,HYPE/USDT:USDT,1d,34.923,36.449,34.001,34.329,11270791.25,395638943.61308,1534230,5466640.46,191784554.49772,True,binance_fapi_klines
2025-11-30 00:00:00+00:00,2025-11-30 23:59:59.999000+00:00,binance,um_futures,HYPEUSDT,HYPE/USDT:USDT,1d,34.33,34.549,31.827,31.934,8846948.99,295556365.70893,1083127,4126147.84,138037991.83417,True,binance_fapi_klines
2025-12-01 00:00:00+00:00,2025-12-01 23:59:59.999000+00:00,binance,um_futures,HYPEUSDT,HYPE/USDT:USDT,1d,31.934,32.067,29.135,31.01,17441174.92,532268506.30063,2275482,8544863.51,260750525.89942,True,binance_fapi_klines
2025-12-02 00:00:00+00:00,2025-12-02 23:59:59.999000+00:00,binance,um_futures,HYPEUSDT,HYPE/USDT:USDT,1d,31.01,34.406,30.349,33.848,15699363.52,507049693.45863,2148822,7994663.85,258266203.33405,True,binance_fapi_klines
2025-12-03 00:00:00+00:00,2025-12-03 23:59:59.999000+00:00,binance,um_futures,HYPEUSDT,HYPE/USDT:USDT,1d,33.845,35.385,33.349,34.65,10433008.97,357347077.33701,1524623,5227996.91,179220316.70412,True,binance_fapi_klines
2025-12-04 00:00:00+00:00,2025-12-04 23:59:59.999000+00:00,binance,um_futures,HYPEUSDT,HYPE/USDT:USDT,1d,34.651,36.189,33.061,33.519,9244861.07,319716553.99752,1289478,4453339.16,154231594.84015,True,binance_fapi_klines
2025-12-05 00:00:00+00:00,2025-12-05 23:59:59.999000+00:00,binance,um_futures,HYPEUSDT,HYPE/USDT:USDT,1d,33.519,33.89,30.454,30.965,12252270.55,389828740.68618,1477838,5718525.97,181846044.93246,True,binance_fapi_klines
2025-12-06 00:00:00+00:00,2025-12-06 23:59:59.999000+00:00,binance,um_futures,HYPEUSDT,HYPE/USDT:USDT,1d,30.965,31.473,30.567,30.946,5202214.63,161103721.28332,705711,2459444.92,76183970.2733,True,binance_fapi_klines
2025-12-07 00:00:00+00:00,2025-12-07 23:59:59.999000+00:00,binance,um_futures,HYPEUSDT,HYPE/USDT:USDT,1d,30.946,31.237,28.115,29.719,15048076.45,442372381.42237,1758347,7055872.02,207389871.97423,True,binance_fapi_klines
2025-12-08 00:00:00+00:00,2025-12-08 23:59:59.999000+00:00,binance,um_futures,HYPEUSDT,HYPE/USDT:USDT,1d,29.718,30.951,28.638,29.484,13328629.87,398324442.63887,1658729,6435085.46,192456428.86967,True,binance_fapi_klines
2025-12-09 00:00:00+00:00,2025-12-09 23:59:59.999000+00:00,binance,um_futures,HYPEUSDT,HYPE/USDT:USDT,1d,29.483,29.527,27.431,27.896,18545102.9,525308083.05116,2031312,8952797.5,253673238.68067,True,binance_fapi_klines
2025-12-10 00:00:00+00:00,2025-12-10 23:59:59.999000+00:00,binance,um_futures,HYPEUSDT,HYPE/USDT:USDT,1d,27.897,29.985,27.61,28.817,15444977.54,448820998.38052,1967584,7750821.44,225253110.69258,True,binance_fapi_klines
2025-12-11 00:00:00+00:00,2025-12-11 23:59:59.999000+00:00,binance,um_futures,HYPEUSDT,HYPE/USDT:USDT,1d,28.817,29.221,26.862,29.128,14902714.68,417931743.107,2009238,7218878.51,202699636.53592,True,binance_fapi_klines
2025-12-12 00:00:00+00:00,2025-12-12 23:59:59.999000+00:00,binance,um_futures,HYPEUSDT,HYPE/USDT:USDT,1d,29.128,30.284,28.304,28.588,15097721.1,442155255.57857,1872452,7419572.3,217417236.31928,True,binance_fapi_klines
2025-12-13 00:00:00+00:00,2025-12-13 23:59:59.999000+00:00,binance,um_futures,HYPEUSDT,HYPE/USDT:USDT,1d,28.589,29.724,27.897,29.576,8148446.48,233471341.48399,1005754,3966867.62,113720809.53981,True,binance_fapi_klines
2025-12-14 00:00:00+00:00,2025-12-14 23:59:59.999000+00:00,binance,um_futures,HYPEUSDT,HYPE/USDT:USDT,1d,29.575,29.896,28.234,28.806,9200978.24,268101266.33257,1201153,4568078.23,133177108.24328,True,binance_fapi_klines
2025-12-15 00:00:00+00:00,2025-12-15 23:59:59.999000+00:00,binance,um_futures,HYPEUSDT,HYPE/USDT:USDT,1d,28.806,29.564,27.095,27.583,12990782.74,365976222.98846,1675220,6177387.55,174172238.4882,True,binance_fapi_klines
2025-12-16 00:00:00+00:00,2025-12-16 23:59:59.999000+00:00,binance,um_futures,HYPEUSDT,HYPE/USDT:USDT,1d,27.584,27.648,26.034,26.79,13436885.94,360646964.80369,1699650,6125734.09,164521547.19131,True,binance_fapi_klines
2025-12-17 00:00:00+00:00,2025-12-17 23:59:59.999000+00:00,binance,um_futures,HYPEUSDT,HYPE/USDT:USDT,1d,26.792,28.36,24.187,24.473,21698969.09,571687922.41423,2240489,10426810.77,274890364.94869,True,binance_fapi_klines
2025-12-18 00:00:00+00:00,2025-12-18 23:59:59.999000+00:00,binance,um_futures,HYPEUSDT,HYPE/USDT:USDT,1d,24.472,25.288,22.4,22.458,20794151.8,498756033.82484,2399162,10003613.6,240215611.07006,True,binance_fapi_klines
2025-12-19 00:00:00+00:00,2025-12-19 23:59:59.999000+00:00,binance,um_futures,HYPEUSDT,HYPE/USDT:USDT,1d,22.459,25.126,22.185,24.862,15803911.25,377300123.96945,2045312,7955189.58,189963297.17968,True,binance_fapi_klines
2025-12-20 00:00:00+00:00,2025-12-20 23:59:59.999000+00:00,binance,um_futures,HYPEUSDT,HYPE/USDT:USDT,1d,24.861,25.55,23.8,23.992,7850159.89,194055124.89188,1001878,3622983.38,89670945.68591,True,binance_fapi_klines
2025-12-21 00:00:00+00:00,2025-12-21 23:59:59.999000+00:00,binance,um_futures,HYPEUSDT,HYPE/USDT:USDT,1d,23.992,24.841,23.552,24.825,8103845.34,195543076.376,1111302,3868693.86,93379861.85223,True,binance_fapi_klines
2025-12-22 00:00:00+00:00,2025-12-22 23:59:59.999000+00:00,binance,um_futures,HYPEUSDT,HYPE/USDT:USDT,1d,24.824,25.698,24.383,24.871,9640201.3,240109339.37807,1267589,4594030.49,114512294.94611,True,binance_fapi_klines
2025-12-23 00:00:00+00:00,2025-12-23 23:59:59.999000+00:00,binance,um_futures,HYPEUSDT,HYPE/USDT:USDT,1d,24.872,25.0,23.635,23.956,7541871.12,182910941.12825,1003090,3629158.05,88052365.89093,True,binance_fapi_klines
2025-12-24 00:00:00+00:00,2025-12-24 23:59:59.999000+00:00,binance,um_futures,HYPEUSDT,HYPE/USDT:USDT,1d,23.956,25.244,23.612,25.156,6191152.93,149812052.2297,942417,3143673.49,76150127.14347,True,binance_fapi_klines
2025-12-25 00:00:00+00:00,2025-12-25 23:59:59.999000+00:00,binance,um_futures,HYPEUSDT,HYPE/USDT:USDT,1d,25.156,25.229,24.17,24.384,5236020.87,129696762.68314,613256,2530029.5,62684415.0643,True,binance_fapi_klines
2025-12-26 00:00:00+00:00,2025-12-26 23:59:59.999000+00:00,binance,um_futures,HYPEUSDT,HYPE/USDT:USDT,1d,24.383,25.89,24.347,25.774,6427478.3,161300272.78427,775457,3313341.08,83216499.36856,True,binance_fapi_klines
2025-12-27 00:00:00+00:00,2025-12-27 23:59:59.999000+00:00,binance,um_futures,HYPEUSDT,HYPE/USDT:USDT,1d,25.773,26.45,25.383,25.961,5429653.96,140606411.4359,627949,2717450.88,70382434.29997,True,binance_fapi_klines
2025-12-28 00:00:00+00:00,2025-12-28 23:59:59.999000+00:00,binance,um_futures,HYPEUSDT,HYPE/USDT:USDT,1d,25.961,26.37,24.766,25.342,6225631.74,158799462.25323,662375,2991693.21,76347864.92501,True,binance_fapi_klines
2025-12-29 00:00:00+00:00,2025-12-29 23:59:59.999000+00:00,binance,um_futures,HYPEUSDT,HYPE/USDT:USDT,1d,25.343,26.434,25.246,25.791,9172466.33,237575193.16671,1142036,4602531.74,119257066.86457,True,binance_fapi_klines
2025-12-30 00:00:00+00:00,2025-12-30 23:59:59.999000+00:00,binance,um_futures,HYPEUSDT,HYPE/USDT:USDT,1d,25.79,26.698,25.35,25.965,7817906.58,202419658.87521,973093,3864292.45,100116095.8037,True,binance_fapi_klines
2025-12-31 00:00:00+00:00,2025-12-31 23:59:59.999000+00:00,binance,um_futures,HYPEUSDT,HYPE/USDT:USDT,1d,25.966,26.242,25.281,25.452,5148597.37,132827737.71218,657000,2470681.88,63767614.70458,True,binance_fapi_klines
2026-01-01 00:00:00+00:00,2026-01-01 23:59:59.999000+00:00,binance,um_futures,HYPEUSDT,HYPE/USDT:USDT,1d,25.452,26.105,23.72,24.243,10280342.7,254026399.51447,1078358,4961524.81,122585730.18705,True,binance_fapi_klines
2026-01-02 00:00:00+00:00,2026-01-02 23:59:59.999000+00:00,binance,um_futures,HYPEUSDT,HYPE/USDT:USDT,1d,24.244,25.041,24.063,24.598,10650178.55,261196963.61088,1317640,5082715.15,124685200.06023,True,binance_fapi_klines
2026-01-03 00:00:00+00:00,2026-01-03 23:59:59.999000+00:00,binance,um_futures,HYPEUSDT,HYPE/USDT:USDT,1d,24.598,25.444,24.262,25.376,8185617.42,202716928.26028,957544,3948560.6,97879791.90293,True,binance_fapi_klines
2026-01-04 00:00:00+00:00,2026-01-04 23:59:59.999000+00:00,binance,um_futures,HYPEUSDT,HYPE/USDT:USDT,1d,25.377,26.9,24.827,26.862,9000632.26,232103303.92885,1166054,4536158.26,117149519.44723,True,binance_fapi_klines
2026-01-05 00:00:00+00:00,2026-01-05 23:59:59.999000+00:00,binance,um_futures,HYPEUSDT,HYPE/USDT:USDT,1d,26.865,27.48,25.761,26.5,14640959.77,388415871.2166,1791941,7476567.89,198354326.65101,True,binance_fapi_klines
2026-01-06 00:00:00+00:00,2026-01-06 23:59:59.999000+00:00,binance,um_futures,HYPEUSDT,HYPE/USDT:USDT,1d,26.501,28.4,26.081,28.236,15097788.49,407748877.66371,1637393,7506434.82,202885595.524,True,binance_fapi_klines
2026-01-07 00:00:00+00:00,2026-01-07 23:59:59.999000+00:00,binance,um_futures,HYPEUSDT,HYPE/USDT:USDT,1d,28.237,28.387,26.461,26.864,11652251.8,315741457.13345,1414559,5676226.57,153806795.63695,True,binance_fapi_klines
2026-01-08 00:00:00+00:00,2026-01-08 23:59:59.999000+00:00,binance,um_futures,HYPEUSDT,HYPE/USDT:USDT,1d,26.864,27.09,25.582,25.672,8044307.77,210746542.12869,1076810,3808365.37,99827691.90297,True,binance_fapi_klines
2026-01-09 00:00:00+00:00,2026-01-09 23:59:59.999000+00:00,binance,um_futures,HYPEUSDT,HYPE/USDT:USDT,1d,25.673,26.202,24.918,25.071,8087508.54,206453195.44888,1034230,3696649.29,94407776.20172,True,binance_fapi_klines
2026-01-10 00:00:00+00:00,2026-01-10 23:59:59.999000+00:00,binance,um_futures,HYPEUSDT,HYPE/USDT:USDT,1d,25.072,25.084,23.751,24.037,6944164.02,169277856.28601,716770,3119068.84,76038573.3019,True,binance_fapi_klines
2026-01-11 00:00:00+00:00,2026-01-11 23:59:59.999000+00:00,binance,um_futures,HYPEUSDT,HYPE/USDT:USDT,1d,24.038,24.666,23.988,24.432,4141683.02,101125353.78813,539988,2064025.25,50396212.11812,True,binance_fapi_klines
2026-01-12 00:00:00+00:00,2026-01-12 23:59:59.999000+00:00,binance,um_futures,HYPEUSDT,HYPE/USDT:USDT,1d,24.432,25.41,23.108,23.75,12983413.29,312324387.4046,1356871,6585237.37,158359637.45523,True,binance_fapi_klines
2026-01-13 00:00:00+00:00,2026-01-13 23:59:59.999000+00:00,binance,um_futures,HYPEUSDT,HYPE/USDT:USDT,1d,23.75,25.842,23.729,25.749,10762186.31,265169659.18929,1113219,5366503.07,132263015.54815,True,binance_fapi_klines
2026-01-14 00:00:00+00:00,2026-01-14 23:59:59.999000+00:00,binance,um_futures,HYPEUSDT,HYPE/USDT:USDT,1d,25.75,26.884,25.603,25.965,10337863.02,269999983.08164,1211742,5041299.84,131734557.65297,True,binance_fapi_klines
2026-01-15 00:00:00+00:00,2026-01-15 23:59:59.999000+00:00,binance,um_futures,HYPEUSDT,HYPE/USDT:USDT,1d,25.966,26.095,24.338,24.722,10492355.25,262918805.68732,1152387,5023476.7,125901387.03971,True,binance_fapi_klines
2026-01-16 00:00:00+00:00,2026-01-16 23:59:59.999000+00:00,binance,um_futures,HYPEUSDT,HYPE/USDT:USDT,1d,24.722,25.233,24.475,24.994,4829224.2,120129733.26689,640947,2287718.87,56920837.95417,True,binance_fapi_klines
2026-01-17 00:00:00+00:00,2026-01-17 23:59:59.999000+00:00,binance,um_futures,HYPEUSDT,HYPE/USDT:USDT,1d,24.995,25.835,24.746,25.419,3385077.58,85722426.02467,430985,1649942.24,41789095.71974,True,binance_fapi_klines
2026-01-18 00:00:00+00:00,2026-01-18 23:59:59.999000+00:00,binance,um_futures,HYPEUSDT,HYPE/USDT:USDT,1d,25.418,26.128,24.346,24.456,6282436.74,160078344.52197,665957,3019706.39,77051576.52021,True,binance_fapi_klines
2026-01-19 00:00:00+00:00,2026-01-19 23:59:59.999000+00:00,binance,um_futures,HYPEUSDT,HYPE/USDT:USDT,1d,24.455,24.573,22.651,23.714,11439264.5,272979963.25075,1036044,5520589.72,131777696.88478,True,binance_fapi_klines
2026-01-20 00:00:00+00:00,2026-01-20 23:59:59.999000+00:00,binance,um_futures,HYPEUSDT,HYPE/USDT:USDT,1d,23.713,23.857,20.811,20.982,17828634.89,395834091.94725,1583786,8510540.76,188934769.94731,True,binance_fapi_klines
2026-01-21 00:00:00+00:00,2026-01-21 23:59:59.999000+00:00,binance,um_futures,HYPEUSDT,HYPE/USDT:USDT,1d,20.983,22.108,20.475,21.528,16715244.03,354436125.4106,1511466,8542564.49,181192333.31855,True,binance_fapi_klines
2026-01-22 00:00:00+00:00,2026-01-22 23:59:59.999000+00:00,binance,um_futures,HYPEUSDT,HYPE/USDT:USDT,1d,21.529,22.226,21.101,21.44,9349415.06,202176161.5772,917097,4374114.16,94639280.52619,True,binance_fapi_klines
2026-01-23 00:00:00+00:00,2026-01-23 23:59:59.999000+00:00,binance,um_futures,HYPEUSDT,HYPE/USDT:USDT,1d,21.44,23.103,20.829,22.634,11841514.22,260740604.54832,1228972,5752492.45,126610267.92308,True,binance_fapi_klines
2026-01-24 00:00:00+00:00,2026-01-24 23:59:59.999000+00:00,binance,um_futures,HYPEUSDT,HYPE/USDT:USDT,1d,22.634,23.746,22.561,23.204,8454085.06,196078980.13749,883648,4148160.99,96262961.50726,True,binance_fapi_klines
2026-01-25 00:00:00+00:00,2026-01-25 23:59:59.999000+00:00,binance,um_futures,HYPEUSDT,HYPE/USDT:USDT,1d,23.203,23.418,21.622,22.193,9256502.3,207324662.17575,843244,4367479.07,97894752.60447,True,binance_fapi_klines
2026-01-26 00:00:00+00:00,2026-01-26 23:59:59.999000+00:00,binance,um_futures,HYPEUSDT,HYPE/USDT:USDT,1d,22.193,25.338,21.812,24.931,13576606.6,316345629.8109,1302285,7003381.84,163464293.87602,True,binance_fapi_klines
2026-01-27 00:00:00+00:00,2026-01-27 23:59:59.999000+00:00,binance,um_futures,HYPEUSDT,HYPE/USDT:USDT,1d,24.93,30.99,24.894,30.8,37063621.92,1034409613.22356,3521338,18765995.3,524483349.73157,True,binance_fapi_klines
2026-01-28 00:00:00+00:00,2026-01-28 23:59:59.999000+00:00,binance,um_futures,HYPEUSDT,HYPE/USDT:USDT,1d,30.8,34.849,30.71,34.428,48339713.43,1608838792.24758,5198451,24545085.29,816869439.39849,True,binance_fapi_klines
2026-01-29 00:00:00+00:00,2026-01-29 23:59:59.999000+00:00,binance,um_futures,HYPEUSDT,HYPE/USDT:USDT,1d,34.428,34.566,30.377,30.79,37802949.6,1236052288.27946,3889607,18546694.25,606711258.04436,True,binance_fapi_klines
2026-01-30 00:00:00+00:00,2026-01-30 23:59:59.999000+00:00,binance,um_futures,HYPEUSDT,HYPE/USDT:USDT,1d,30.791,32.898,28.139,30.623,38048902.75,1138132387.36692,4096509,18785808.85,562339001.23137,True,binance_fapi_klines
2026-01-31 00:00:00+00:00,2026-01-31 23:59:59.999000+00:00,binance,um_futures,HYPEUSDT,HYPE/USDT:USDT,1d,30.623,32.15,27.417,31.012,31848519.53,944761558.87085,3223337,15574688.18,462719707.65197,True,binance_fapi_klines
2026-02-01 00:00:00+00:00,2026-02-01 23:59:59.999000+00:00,binance,um_futures,HYPEUSDT,HYPE/USDT:USDT,1d,31.011,32.59,28.455,30.573,30312979.53,925050034.17101,3310722,14774670.47,451332262.26659,True,binance_fapi_klines
2026-02-02 00:00:00+00:00,2026-02-02 23:59:59.999000+00:00,binance,um_futures,HYPEUSDT,HYPE/USDT:USDT,1d,30.573,33.958,29.492,33.282,35938224.4,1140265598.78167,3951816,17347033.97,550675011.02033,True,binance_fapi_klines
2026-02-03 00:00:00+00:00,2026-02-03 23:59:59.999000+00:00,binance,um_futures,HYPEUSDT,HYPE/USDT:USDT,1d,33.281,38.483,32.245,32.695,54127616.57,1903908817.82444,6071315,26558308.96,936074109.57351,True,binance_fapi_klines
2026-02-04 00:00:00+00:00,2026-02-04 23:59:59.999000+00:00,binance,um_futures,HYPEUSDT,HYPE/USDT:USDT,1d,32.695,36.267,32.375,35.48,32056695.35,1088798193.10575,3989287,15740131.99,535000453.31447,True,binance_fapi_klines
2026-02-05 00:00:00+00:00,2026-02-05 23:59:59.999000+00:00,binance,um_futures,HYPEUSDT,HYPE/USDT:USDT,1d,35.481,35.513,31.056,33.087,38186432.16,1261857079.57477,5148449,18549382.39,613301674.97837,True,binance_fapi_klines
2026-02-06 00:00:00+00:00,2026-02-06 23:59:59.999000+00:00,binance,um_futures,HYPEUSDT,HYPE/USDT:USDT,1d,33.088,36.826,31.373,32.377,39175419.96,1324458640.27381,4903000,19434870.46,657721750.41782,True,binance_fapi_klines
2026-02-07 00:00:00+00:00,2026-02-07 23:59:59.999000+00:00,binance,um_futures,HYPEUSDT,HYPE/USDT:USDT,1d,32.376,33.858,31.003,31.401,19670076.65,636873277.95548,2654288,9607280.81,311292540.68752,True,binance_fapi_klines
2026-02-08 00:00:00+00:00,2026-02-08 23:59:59.999000+00:00,binance,um_futures,HYPEUSDT,HYPE/USDT:USDT,1d,31.401,33.031,30.48,32.441,14442056.71,458161124.61214,1979227,7247842.07,230195500.19724,True,binance_fapi_klines
2026-02-09 00:00:00+00:00,2026-02-09 23:59:59.999000+00:00,binance,um_futures,HYPEUSDT,HYPE/USDT:USDT,1d,32.441,33.52,30.902,31.329,12954938.13,414855694.82773,1867886,6209964.12,198955105.33747,True,binance_fapi_klines
2026-02-10 00:00:00+00:00,2026-02-10 23:59:59.999000+00:00,binance,um_futures,HYPEUSDT,HYPE/USDT:USDT,1d,31.328,31.557,28.751,28.842,12836441.96,385298877.76384,1683826,6006830.6,180373822.80748,True,binance_fapi_klines
2026-02-11 00:00:00+00:00,2026-02-11 23:59:59.999000+00:00,binance,um_futures,HYPEUSDT,HYPE/USDT:USDT,1d,28.843,30.199,28.273,29.38,12496614.21,363615202.80927,1676708,6138940.88,178758977.63214,True,binance_fapi_klines
2026-02-12 00:00:00+00:00,2026-02-12 23:59:59.999000+00:00,binance,um_futures,HYPEUSDT,HYPE/USDT:USDT,1d,29.38,31.824,29.281,31.09,14980100.57,456955821.41593,1877659,7449269.6,227375701.12191,True,binance_fapi_klines
2026-02-13 00:00:00+00:00,2026-02-13 23:59:59.999000+00:00,binance,um_futures,HYPEUSDT,HYPE/USDT:USDT,1d,31.089,32.344,29.953,31.563,12039110.46,374503888.70453,1680437,6052101.18,188326003.25853,True,binance_fapi_klines
2026-02-14 00:00:00+00:00,2026-02-14 23:59:59.999000+00:00,binance,um_futures,HYPEUSDT,HYPE/USDT:USDT,1d,31.564,32.295,30.703,31.835,8439875.4,266264088.6983,1182973,4058140.16,128095956.02258,True,binance_fapi_klines
2026-02-15 00:00:00+00:00,2026-02-15 23:59:59.999000+00:00,binance,um_futures,HYPEUSDT,HYPE/USDT:USDT,1d,31.832,32.005,30.235,30.699,8196083.89,255052983.05454,1276285,3791760.61,118036831.67314,True,binance_fapi_klines
2026-02-16 00:00:00+00:00,2026-02-16 23:59:59.999000+00:00,binance,um_futures,HYPEUSDT,HYPE/USDT:USDT,1d,30.698,31.274,29.528,31.246,8963585.43,270378149.88473,1313467,4293229.21,129604845.65506,True,binance_fapi_klines
2026-02-17 00:00:00+00:00,2026-02-17 23:59:59.999000+00:00,binance,um_futures,HYPEUSDT,HYPE/USDT:USDT,1d,31.247,31.415,29.011,29.502,8464399.4,253729684.0489,1332506,4143301.51,124300667.36153,True,binance_fapi_klines
2026-02-18 00:00:00+00:00,2026-02-18 23:59:59.999000+00:00,binance,um_futures,HYPEUSDT,HYPE/USDT:USDT,1d,29.503,29.779,28.21,28.672,8856003.35,257095728.16311,1224433,4040587.39,117397690.88514,True,binance_fapi_klines
2026-02-19 00:00:00+00:00,2026-02-19 23:59:59.999000+00:00,binance,um_futures,HYPEUSDT,HYPE/USDT:USDT,1d,28.675,29.41,27.69,29.0,7593666.68,216584768.39182,1180675,3697794.11,105577157.47148,True,binance_fapi_klines
2026-02-20 00:00:00+00:00,2026-02-20 23:59:59.999000+00:00,binance,um_futures,HYPEUSDT,HYPE/USDT:USDT,1d,28.999,30.43,28.608,30.364,9312349.29,274674994.43707,1378001,4668500.37,137759198.17495,True,binance_fapi_klines
2026-02-21 00:00:00+00:00,2026-02-21 23:59:59.999000+00:00,binance,um_futures,HYPEUSDT,HYPE/USDT:USDT,1d,30.364,30.58,29.524,29.73,4455111.01,134028432.07386,708715,2153904.69,64824162.35835,True,binance_fapi_klines
2026-02-22 00:00:00+00:00,2026-02-22 23:59:59.999000+00:00,binance,um_futures,HYPEUSDT,HYPE/USDT:USDT,1d,29.731,29.951,28.68,29.015,3837982.18,112532678.91781,569637,1860645.6,54582140.34325,True,binance_fapi_klines
2026-02-23 00:00:00+00:00,2026-02-23 23:59:59.999000+00:00,binance,um_futures,HYPEUSDT,HYPE/USDT:USDT,1d,29.016,29.048,25.613,26.368,15885660.96,430379716.89331,1894843,7568798.9,205066131.73827,True,binance_fapi_klines
2026-02-24 00:00:00+00:00,2026-02-24 23:59:59.999000+00:00,binance,um_futures,HYPEUSDT,HYPE/USDT:USDT,1d,26.369,27.421,25.621,27.08,10147693.33,269409876.45029,1410345,5090415.41,135146035.82003,True,binance_fapi_klines
2026-02-25 00:00:00+00:00,2026-02-25 23:59:59.999000+00:00,binance,um_futures,HYPEUSDT,HYPE/USDT:USDT,1d,27.08,29.057,26.739,27.884,11402704.7,317908716.98943,1579784,5529824.79,154168906.34378,True,binance_fapi_klines
2026-02-26 00:00:00+00:00,2026-02-26 23:59:59.999000+00:00,binance,um_futures,HYPEUSDT,HYPE/USDT:USDT,1d,27.883,29.414,27.719,28.108,10357995.42,295104759.08699,1530855,5134352.47,146283317.54319,True,binance_fapi_klines
2026-02-27 00:00:00+00:00,2026-02-27 23:59:59.999000+00:00,binance,um_futures,HYPEUSDT,HYPE/USDT:USDT,1d,28.107,29.947,26.729,27.279,11145312.36,315979067.68541,1495032,5352160.38,151895456.27652,True,binance_fapi_klines
2026-02-28 00:00:00+00:00,2026-02-28 23:59:59.999000+00:00,binance,um_futures,HYPEUSDT,HYPE/USDT:USDT,1d,27.28,31.4,26.075,31.204,15657960.5,444238986.01904,2034128,7885971.77,224094315.83522,True,binance_fapi_klines
2026-03-01 00:00:00+00:00,2026-03-01 23:59:59.999000+00:00,binance,um_futures,HYPEUSDT,HYPE/USDT:USDT,1d,31.204,32.327,30.161,31.53,16601872.53,517249081.43739,2137312,8402755.56,262001917.26193,True,binance_fapi_klines
2026-03-02 00:00:00+00:00,2026-03-02 23:59:59.999000+00:00,binance,um_futures,HYPEUSDT,HYPE/USDT:USDT,1d,31.53,33.69,29.916,32.809,19889105.66,632832369.72491,2607944,10024897.12,319304326.6825,True,binance_fapi_klines
2026-03-03 00:00:00+00:00,2026-03-03 23:59:59.999000+00:00,binance,um_futures,HYPEUSDT,HYPE/USDT:USDT,1d,32.808,33.545,30.8,31.288,14710445.6,472072227.51294,2135489,7359270.28,236290037.28058,True,binance_fapi_klines
2026-03-04 00:00:00+00:00,2026-03-04 23:59:59.999000+00:00,binance,um_futures,HYPEUSDT,HYPE/USDT:USDT,1d,31.289,33.207,30.712,32.145,13301948.05,427605633.49647,1953455,6564426.18,211036543.00771,True,binance_fapi_klines
2026-03-05 00:00:00+00:00,2026-03-05 23:59:59.999000+00:00,binance,um_futures,HYPEUSDT,HYPE/USDT:USDT,1d,32.145,32.29,30.231,30.535,9378866.65,294114455.11273,1320570,4444833.85,139436932.72424,True,binance_fapi_klines
2026-03-06 00:00:00+00:00,2026-03-06 23:59:59.999000+00:00,binance,um_futures,HYPEUSDT,HYPE/USDT:USDT,1d,30.536,31.318,29.435,31.019,9500137.74,288938627.15409,1351341,4771830.12,145253590.40032,True,binance_fapi_klines
2026-03-07 00:00:00+00:00,2026-03-07 23:59:59.999000+00:00,binance,um_futures,HYPEUSDT,HYPE/USDT:USDT,1d,31.018,31.1,29.783,30.288,6455114.3,197232342.64843,831303,3095331.84,94644382.78013,True,binance_fapi_klines
2026-03-08 00:00:00+00:00,2026-03-08 23:59:59.999000+00:00,binance,um_futures,HYPEUSDT,HYPE/USDT:USDT,1d,30.288,31.278,29.667,30.685,7216909.58,219297176.09185,960769,3695152.88,112349459.1671,True,binance_fapi_klines
2026-03-09 00:00:00+00:00,2026-03-09 23:59:59.999000+00:00,binance,um_futures,HYPEUSDT,HYPE/USDT:USDT,1d,30.685,35.364,30.237,34.661,21050803.75,691372312.21976,2587666,10716385.92,352186354.61111,True,binance_fapi_klines
2026-03-10 00:00:00+00:00,2026-03-10 23:59:59.999000+00:00,binance,um_futures,HYPEUSDT,HYPE/USDT:USDT,1d,34.66,35.2,33.435,34.151,14144427.9,486304734.18457,1924442,6783227.33,233404495.1614,True,binance_fapi_klines
2026-03-11 00:00:00+00:00,2026-03-11 23:59:59.999000+00:00,binance,um_futures,HYPEUSDT,HYPE/USDT:USDT,1d,34.151,37.0,34.054,36.206,12739798.73,453946743.55416,1846394,6514702.46,232159484.49145,True,binance_fapi_klines
2026-03-12 00:00:00+00:00,2026-03-12 23:59:59.999000+00:00,binance,um_futures,HYPEUSDT,HYPE/USDT:USDT,1d,36.205,38.046,35.774,37.248,13052220.26,483600288.90939,1885836,6632521.27,245838816.19815,True,binance_fapi_klines
2026-03-13 00:00:00+00:00,2026-03-13 23:59:59.999000+00:00,binance,um_futures,HYPEUSDT,HYPE/USDT:USDT,1d,37.248,38.534,35.967,36.43,11180397.54,415300570.15879,1606907,5446897.22,202465349.078,True,binance_fapi_klines
2026-03-14 00:00:00+00:00,2026-03-14 23:59:59.999000+00:00,binance,um_futures,HYPEUSDT,HYPE/USDT:USDT,1d,36.428,38.846,36.336,37.793,8838430.44,332164615.70542,1186649,4502062.64,169328850.67657,True,binance_fapi_klines
2026-03-15 00:00:00+00:00,2026-03-15 23:59:59.999000+00:00,binance,um_futures,HYPEUSDT,HYPE/USDT:USDT,1d,37.793,38.272,36.774,37.242,6392039.19,239283365.18284,971892,3012571.93,112857218.95815,True,binance_fapi_klines
2026-03-16 00:00:00+00:00,2026-03-16 23:59:59.999000+00:00,binance,um_futures,HYPEUSDT,HYPE/USDT:USDT,1d,37.242,41.444,37.203,40.784,13254201.68,519228426.00346,1865702,6743786.99,264301889.61874,True,binance_fapi_klines
2026-03-17 00:00:00+00:00,2026-03-17 23:59:59.999000+00:00,binance,um_futures,HYPEUSDT,HYPE/USDT:USDT,1d,40.783,42.149,39.599,41.146,10602431.09,432712427.40368,1543440,5196597.85,212252595.78658,True,binance_fapi_klines
2026-03-18 00:00:00+00:00,2026-03-18 23:59:59.999000+00:00,binance,um_futures,HYPEUSDT,HYPE/USDT:USDT,1d,41.147,43.753,40.136,42.079,21121938.81,885521729.80411,2495704,10368755.79,434879573.76851,True,binance_fapi_klines
2026-03-19 00:00:00+00:00,2026-03-19 23:59:59.999000+00:00,binance,um_futures,HYPEUSDT,HYPE/USDT:USDT,1d,42.079,42.221,38.589,39.329,14798355.23,590509505.52928,2149397,7165001.41,286030162.79959,True,binance_fapi_klines
2026-03-20 00:00:00+00:00,2026-03-20 23:59:59.999000+00:00,binance,um_futures,HYPEUSDT,HYPE/USDT:USDT,1d,39.328,40.755,38.343,39.528,12270292.8,484353259.98625,1817102,5916099.84,233653735.74196,True,binance_fapi_klines
2026-03-21 00:00:00+00:00,2026-03-21 23:59:59.999000+00:00,binance,um_futures,HYPEUSDT,HYPE/USDT:USDT,1d,39.528,40.447,38.91,39.135,4567518.06,181565983.21569,744979,2278975.06,90657167.77688,True,binance_fapi_klines
2026-03-22 00:00:00+00:00,2026-03-22 23:59:59.999000+00:00,binance,um_futures,HYPEUSDT,HYPE/USDT:USDT,1d,39.134,39.509,37.409,38.342,8838626.71,339077983.75936,1252646,4311334.93,165454343.53771,True,binance_fapi_klines
2026-03-23 00:00:00+00:00,2026-03-23 23:59:59.999000+00:00,binance,um_futures,HYPEUSDT,HYPE/USDT:USDT,1d,38.342,39.587,36.752,37.341,14872372.75,565130633.67222,1900564,7234595.94,275109313.80842,True,binance_fapi_klines
2026-03-24 00:00:00+00:00,2026-03-24 23:59:59.999000+00:00,binance,um_futures,HYPEUSDT,HYPE/USDT:USDT,1d,37.342,40.485,37.219,40.321,10943245.11,424832850.38635,1515416,5614602.46,218051966.52626,True,binance_fapi_klines
2026-03-25 00:00:00+00:00,2026-03-25 23:59:59.999000+00:00,binance,um_futures,HYPEUSDT,HYPE/USDT:USDT,1d,40.32,41.58,39.66,40.308,8227325.92,333247635.83526,1094593,3996378.69,162015126.68273,True,binance_fapi_klines
2026-03-26 00:00:00+00:00,2026-03-26 23:59:59.999000+00:00,binance,um_futures,HYPEUSDT,HYPE/USDT:USDT,1d,40.307,40.36,38.271,39.149,8434008.27,329978816.60924,1078865,4089480.07,160022379.68584,True,binance_fapi_klines
2026-03-27 00:00:00+00:00,2026-03-27 23:59:59.999000+00:00,binance,um_futures,HYPEUSDT,HYPE/USDT:USDT,1d,39.149,39.43,37.881,38.658,7797241.55,300577667.87027,993104,3785461.88,145995131.10051,True,binance_fapi_klines
2026-03-28 00:00:00+00:00,2026-03-28 23:59:59.999000+00:00,binance,um_futures,HYPEUSDT,HYPE/USDT:USDT,1d,38.659,40.29,37.97,39.462,5978796.43,235564163.27267,780017,3010869.32,118614104.39543,True,binance_fapi_klines
2026-03-29 00:00:00+00:00,2026-03-29 23:59:59.999000+00:00,binance,um_futures,HYPEUSDT,HYPE/USDT:USDT,1d,39.462,40.056,37.726,37.838,5696522.39,222301283.24451,807488,2598858.67,101482052.9612,True,binance_fapi_klines
2026-03-30 00:00:00+00:00,2026-03-30 23:59:59.999000+00:00,binance,um_futures,HYPEUSDT,HYPE/USDT:USDT,1d,37.839,38.799,36.491,36.839,10464220.28,395734851.02396,1298828,5074137.36,192071313.4886,True,binance_fapi_klines
2026-03-31 00:00:00+00:00,2026-03-31 23:59:59.999000+00:00,binance,um_futures,HYPEUSDT,HYPE/USDT:USDT,1d,36.84,37.649,35.662,36.599,10663851.04,389941897.61158,1262946,5458146.38,199660759.9912,True,binance_fapi_klines
2026-04-01 00:00:00+00:00,2026-04-01 23:59:59.999000+00:00,binance,um_futures,HYPEUSDT,HYPE/USDT:USDT,1d,36.599,37.813,35.851,36.025,9844140.97,362242281.72663,1242422,4655699.07,171435712.31539,True,binance_fapi_klines
2026-04-02 00:00:00+00:00,2026-04-02 23:59:59.999000+00:00,binance,um_futures,HYPEUSDT,HYPE/USDT:USDT,1d,36.025,36.295,34.444,35.188,9567004.85,335802727.74542,1085163,4766541.22,167324496.19282,True,binance_fapi_klines
2026-04-03 00:00:00+00:00,2026-04-03 23:59:59.999000+00:00,binance,um_futures,HYPEUSDT,HYPE/USDT:USDT,1d,35.188,36.144,35.081,35.602,5171115.94,184600642.02391,643699,2547565.85,90953295.9383,True,binance_fapi_klines
2026-04-04 00:00:00+00:00,2026-04-04 23:59:59.999000+00:00,binance,um_futures,HYPEUSDT,HYPE/USDT:USDT,1d,35.602,36.56,35.5,36.361,3393469.56,121944637.46994,469977,1789902.2,64358433.51521,True,binance_fapi_klines
2026-04-05 00:00:00+00:00,2026-04-05 23:59:59.999000+00:00,binance,um_futures,HYPEUSDT,HYPE/USDT:USDT,1d,36.361,37.0,35.116,36.844,4894026.4,175614845.6555,614569,2553211.95,91659191.20123,True,binance_fapi_klines
2026-04-06 00:00:00+00:00,2026-04-06 23:59:59.999000+00:00,binance,um_futures,HYPEUSDT,HYPE/USDT:USDT,1d,36.846,37.77,35.991,36.289,7289265.19,269996864.25723,978850,3492596.36,129453185.68571,True,binance_fapi_klines
2026-04-07 00:00:00+00:00,2026-04-07 23:59:59.999000+00:00,binance,um_futures,HYPEUSDT,HYPE/USDT:USDT,1d,36.288,39.171,35.743,38.601,9174434.54,340726979.14226,1080658,4683979.87,173978554.64762,True,binance_fapi_klines
2026-04-08 00:00:00+00:00,2026-04-08 23:59:59.999000+00:00,binance,um_futures,HYPEUSDT,HYPE/USDT:USDT,1d,38.6,39.794,37.74,38.738,11202374.61,435010454.36977,1328628,5502921.12,213817315.04636,True,binance_fapi_klines
2026-04-09 00:00:00+00:00,2026-04-09 23:59:59.999000+00:00,binance,um_futures,HYPEUSDT,HYPE/USDT:USDT,1d,38.738,40.415,38.135,39.452,8112044.72,318561176.47538,1047991,4174894.29,164060422.19219,True,binance_fapi_klines
2026-04-10 00:00:00+00:00,2026-04-10 23:59:59.999000+00:00,binance,um_futures,HYPEUSDT,HYPE/USDT:USDT,1d,39.452,42.247,39.412,41.577,8620940.46,354295164.8603,1006213,4434065.86,182146892.56513,True,binance_fapi_klines
2026-04-11 00:00:00+00:00,2026-04-11 23:59:59.999000+00:00,binance,um_futures,HYPEUSDT,HYPE/USDT:USDT,1d,41.576,43.179,41.457,42.242,5642748.65,238467677.3007,699350,2843684.52,120208804.46478,True,binance_fapi_klines
2026-04-12 00:00:00+00:00,2026-04-12 23:59:59.999000+00:00,binance,um_futures,HYPEUSDT,HYPE/USDT:USDT,1d,42.241,42.81,40.172,40.823,7201448.93,295200285.03068,842205,3473027.99,142339268.04772,True,binance_fapi_klines
2026-04-13 00:00:00+00:00,2026-04-13 23:59:59.999000+00:00,binance,um_futures,HYPEUSDT,HYPE/USDT:USDT,1d,40.823,44.568,40.772,44.276,12230914.56,522398687.67424,1324465,6445421.59,275538773.3476,True,binance_fapi_klines
2026-04-14 00:00:00+00:00,2026-04-14 23:59:59.999000+00:00,binance,um_futures,HYPEUSDT,HYPE/USDT:USDT,1d,44.278,45.273,42.91,43.499,11047647.21,487882296.88722,1366127,5253089.74,232098283.19992,True,binance_fapi_klines
2026-04-15 00:00:00+00:00,2026-04-15 23:59:59.999000+00:00,binance,um_futures,HYPEUSDT,HYPE/USDT:USDT,1d,43.499,45.438,43.108,44.619,8593465.93,379826420.70845,1081828,4459092.26,197145431.88217,True,binance_fapi_klines
2026-04-16 00:00:00+00:00,2026-04-16 23:59:59.999000+00:00,binance,um_futures,HYPEUSDT,HYPE/USDT:USDT,1d,44.618,45.75,43.277,43.787,9940523.53,442428527.75628,1307079,4884126.64,217488142.20592,True,binance_fapi_klines
2026-04-17 00:00:00+00:00,2026-04-17 23:59:59.999000+00:00,binance,um_futures,HYPEUSDT,HYPE/USDT:USDT,1d,43.787,45.55,43.138,44.608,9316516.41,411652851.10752,1177959,4561156.14,201606404.49059,True,binance_fapi_klines
2026-04-18 00:00:00+00:00,2026-04-18 23:59:59.999000+00:00,binance,um_futures,HYPEUSDT,HYPE/USDT:USDT,1d,44.608,45.428,43.7,43.77,5262289.15,234223665.9863,760865,2539902.61,113105780.53405,True,binance_fapi_klines
2026-04-19 00:00:00+00:00,2026-04-19 23:59:59.999000+00:00,binance,um_futures,HYPEUSDT,HYPE/USDT:USDT,1d,43.767,43.928,40.512,40.703,8556025.86,363593625.28039,999777,3968038.77,168730575.16972,True,binance_fapi_klines
2026-04-20 00:00:00+00:00,2026-04-20 23:59:59.999000+00:00,binance,um_futures,HYPEUSDT,HYPE/USDT:USDT,1d,40.703,41.788,40.541,40.688,9330525.76,383681549.10798,1024938,4493408.17,184835685.75364,True,binance_fapi_klines
2026-04-21 00:00:00+00:00,2026-04-21 23:59:59.999000+00:00,binance,um_futures,HYPEUSDT,HYPE/USDT:USDT,1d,40.688,41.4,38.867,39.754,9964491.17,400660635.64498,1102667,4876181.09,196237506.18696,True,binance_fapi_klines
2026-04-22 00:00:00+00:00,2026-04-22 23:59:59.999000+00:00,binance,um_futures,HYPEUSDT,HYPE/USDT:USDT,1d,39.754,41.72,39.615,41.131,9675959.49,394483651.05824,1104900,4771273.86,194558346.48814,True,binance_fapi_klines
2026-04-23 00:00:00+00:00,2026-04-23 23:59:59.999000+00:00,binance,um_futures,HYPEUSDT,HYPE/USDT:USDT,1d,41.131,41.9,40.5,41.289,6077577.8,249894429.05562,843020,3049134.09,125434596.76197,True,binance_fapi_klines
2026-04-24 00:00:00+00:00,2026-04-24 23:59:59.999000+00:00,binance,um_futures,HYPEUSDT,HYPE/USDT:USDT,1d,41.289,41.496,40.642,41.146,4168690.63,171098182.93431,536415,1982172.86,81359879.6248,True,binance_fapi_klines
2026-04-25 00:00:00+00:00,2026-04-25 23:59:59.999000+00:00,binance,um_futures,HYPEUSDT,HYPE/USDT:USDT,1d,41.146,41.887,40.825,41.474,3357982.97,138879110.80919,431347,1687651.8,69823210.6815,True,binance_fapi_klines
2026-04-26 00:00:00+00:00,2026-04-26 23:59:59.999000+00:00,binance,um_futures,HYPEUSDT,HYPE/USDT:USDT,1d,41.476,42.591,40.931,42.428,3616774.64,150539525.79001,471288,1909278.28,79557324.60954,True,binance_fapi_klines
2026-04-27 00:00:00+00:00,2026-04-27 23:59:59.999000+00:00,binance,um_futures,HYPEUSDT,HYPE/USDT:USDT,1d,42.429,43.6,41.222,41.63,7621430.99,322353197.93194,879929,3854606.38,163111566.37295,True,binance_fapi_klines
2026-04-28 00:00:00+00:00,2026-04-28 23:59:59.999000+00:00,binance,um_futures,HYPEUSDT,HYPE/USDT:USDT,1d,41.633,41.822,39.443,40.164,8873805.85,356886326.37526,924909,4280488.78,172086141.20032,True,binance_fapi_klines
2026-04-29 00:00:00+00:00,2026-04-29 23:59:59.999000+00:00,binance,um_futures,HYPEUSDT,HYPE/USDT:USDT,1d,40.163,40.901,39.146,39.933,8272251.24,331163006.02411,919500,4209606.95,168581550.95098,True,binance_fapi_klines
2026-04-30 00:00:00+00:00,2026-04-30 23:59:59.999000+00:00,binance,um_futures,HYPEUSDT,HYPE/USDT:USDT,1d,39.933,40.348,38.706,39.699,6885953.63,270788056.05489,826764,3373910.77,132718755.90165,True,binance_fapi_klines
2026-05-01 00:00:00+00:00,2026-05-01 23:59:59.999000+00:00,binance,um_futures,HYPEUSDT,HYPE/USDT:USDT,1d,39.699,41.179,39.668,41.15,7034434.73,285396670.53256,846995,3529236.32,143217029.51803,True,binance_fapi_klines
2026-05-02 00:00:00+00:00,2026-05-02 23:59:59.999000+00:00,binance,um_futures,HYPEUSDT,HYPE/USDT:USDT,1d,41.15,42.456,40.994,41.254,4764615.62,198231179.01399,600379,2516091.42,104672258.67963,True,binance_fapi_klines
2026-05-03 00:00:00+00:00,2026-05-03 23:59:59.999000+00:00,binance,um_futures,HYPEUSDT,HYPE/USDT:USDT,1d,41.254,41.716,40.656,41.54,3795047.54,156031279.79214,497313,1841422.32,75730417.62445,True,binance_fapi_klines
2026-05-04 00:00:00+00:00,2026-05-04 23:59:59.999000+00:00,binance,um_futures,HYPEUSDT,HYPE/USDT:USDT,1d,41.54,42.605,40.877,41.805,8377357.56,348952416.66229,900208,4311871.34,179729144.67392,True,binance_fapi_klines
2026-05-05 00:00:00+00:00,2026-05-05 23:59:59.999000+00:00,binance,um_futures,HYPEUSDT,HYPE/USDT:USDT,1d,41.805,44.62,41.77,43.69,8529784.66,370878250.68898,968692,4449298.21,193530170.04214,True,binance_fapi_klines
2026-05-06 00:00:00+00:00,2026-05-06 23:59:59.999000+00:00,binance,um_futures,HYPEUSDT,HYPE/USDT:USDT,1d,43.69,44.82,42.913,43.103,8101339.25,354784500.08605,912331,3850327.48,168664727.20744,True,binance_fapi_klines
2026-05-07 00:00:00+00:00,2026-05-07 23:59:59.999000+00:00,binance,um_futures,HYPEUSDT,HYPE/USDT:USDT,1d,43.103,43.54,41.852,42.52,6773175.32,288795846.82551,809990,3287910.96,140235301.50345,True,binance_fapi_klines
2026-05-08 00:00:00+00:00,2026-05-08 23:59:59.999000+00:00,binance,um_futures,HYPEUSDT,HYPE/USDT:USDT,1d,42.521,43.476,42.0,43.235,5613959.8,239772460.48146,679710,2747626.44,117425034.13097,True,binance_fapi_klines
2026-05-09 00:00:00+00:00,2026-05-09 23:59:59.999000+00:00,binance,um_futures,HYPEUSDT,HYPE/USDT:USDT,1d,43.236,44.347,42.82,42.91,5382271.13,234239928.92881,708716,2685953.15,116971574.3965,True,binance_fapi_klines
2026-05-10 00:00:00+00:00,2026-05-10 23:59:59.999000+00:00,binance,um_futures,HYPEUSDT,HYPE/USDT:USDT,1d,42.91,43.696,42.131,42.996,5951280.21,255349011.28059,699451,2880074.47,123575708.44384,True,binance_fapi_klines
2026-05-11 00:00:00+00:00,2026-05-11 23:59:59.999000+00:00,binance,um_futures,HYPEUSDT,HYPE/USDT:USDT,1d,42.997,43.143,40.821,41.995,6963339.4,291360673.27423,891176,3037559.78,127118866.05818,True,binance_fapi_klines
2026-05-12 00:00:00+00:00,2026-05-12 23:59:59.999000+00:00,binance,um_futures,HYPEUSDT,HYPE/USDT:USDT,1d,41.995,42.077,39.772,40.243,6338796.1,258161036.02551,730393,2940810.78,119834227.17134,True,binance_fapi_klines
2026-05-13 00:00:00+00:00,2026-05-13 23:59:59.999000+00:00,binance,um_futures,HYPEUSDT,HYPE/USDT:USDT,1d,40.243,40.699,38.688,38.821,7588518.55,299820374.39803,811095,3592021.72,141895454.20668,True,binance_fapi_klines
2026-05-14 00:00:00+00:00,2026-05-14 23:59:59.999000+00:00,binance,um_futures,HYPEUSDT,HYPE/USDT:USDT,1d,38.822,44.768,38.155,44.125,20469583.82,857879028.4041,2066084,10180322.6,427136745.90711,True,binance_fapi_klines
2026-05-15 00:00:00+00:00,2026-05-15 23:59:59.999000+00:00,binance,um_futures,HYPEUSDT,HYPE/USDT:USDT,1d,44.125,46.993,42.62,44.168,34665549.55,1553941754.14003,3408585,17322276.08,776532881.94949,True,binance_fapi_klines
2026-05-16 00:00:00+00:00,2026-05-16 23:59:59.999000+00:00,binance,um_futures,HYPEUSDT,HYPE/USDT:USDT,1d,44.168,44.5,40.317,41.811,15279372.78,637363399.32021,1814805,7290244.77,304047811.2801,True,binance_fapi_klines
2026-05-17 00:00:00+00:00,2026-05-17 23:59:59.999000+00:00,binance,um_futures,HYPEUSDT,HYPE/USDT:USDT,1d,41.811,47.275,41.336,45.7,22337877.91,990039279.00676,2522482,11394472.47,504777128.88032,True,binance_fapi_klines
2026-05-18 00:00:00+00:00,2026-05-18 23:59:59.999000+00:00,binance,um_futures,HYPEUSDT,HYPE/USDT:USDT,1d,45.701,47.948,44.18,47.74,25638965.35,1175035013.94836,3046986,13042464.34,598072679.06271,True,binance_fapi_klines
2026-05-19 00:00:00+00:00,2026-05-19 23:59:59.999000+00:00,binance,um_futures,HYPEUSDT,HYPE/USDT:USDT,1d,47.739,48.924,46.823,48.036,16949726.35,812771265.86806,2321096,8590328.05,412072349.72834,True,binance_fapi_klines
2026-05-20 00:00:00+00:00,2026-05-20 23:59:59.999000+00:00,binance,um_futures,HYPEUSDT,HYPE/USDT:USDT,1d,48.036,54.862,47.063,54.802,26552144.39,1348948481.85419,3227284,13840712.7,703130429.63693,True,binance_fapi_klines
2026-05-21 00:00:00+00:00,2026-05-21 23:59:59.999000+00:00,binance,um_futures,HYPEUSDT,HYPE/USDT:USDT,1d,54.803,62.651,54.701,58.605,50152377.46,2937491231.28534,6260697,25322757.58,1483980764.28718,True,binance_fapi_klines
2026-05-22 00:00:00+00:00,2026-05-22 23:59:59.999000+00:00,binance,um_futures,HYPEUSDT,HYPE/USDT:USDT,1d,58.606,61.958,54.35,54.629,36205754.96,2104893138.79383,4533428,17334498.63,1008613760.71269,True,binance_fapi_klines
2026-05-23 00:00:00+00:00,2026-05-23 23:59:59.999000+00:00,binance,um_futures,HYPEUSDT,HYPE/USDT:USDT,1d,54.628,59.963,54.04,58.727,23104094.34,1307604061.41064,3363670,11926561.43,675289362.57793,True,binance_fapi_klines
2026-05-24 00:00:00+00:00,2026-05-24 23:59:59.999000+00:00,binance,um_futures,HYPEUSDT,HYPE/USDT:USDT,1d,58.727,64.795,58.647,62.792,32089550.03,1998888237.99103,4374290,15891195.97,990053608.89496,True,binance_fapi_klines
2026-05-25 00:00:00+00:00,2026-05-25 23:59:59.999000+00:00,binance,um_futures,HYPEUSDT,HYPE/USDT:USDT,1d,62.792,64.1,60.756,61.146,17720357.84,1105970749.68491,2534080,8726765.99,544882102.87571,True,binance_fapi_klines
2026-05-26 00:00:00+00:00,2026-05-26 23:59:59.999000+00:00,binance,um_futures,HYPEUSDT,HYPE/USDT:USDT,1d,61.147,64.787,58.581,59.577,30224137.58,1852247172.15875,3880559,15038931.28,922246552.94866,True,binance_fapi_klines
2026-05-27 00:00:00+00:00,2026-05-27 23:59:59.999000+00:00,binance,um_futures,HYPEUSDT,HYPE/USDT:USDT,1d,59.578,63.359,57.411,57.745,22506335.23,1367365665.10793,3185591,11222291.9,682229671.4991,True,binance_fapi_klines
2026-05-28 00:00:00+00:00,2026-05-28 23:59:59.999000+00:00,binance,um_futures,HYPEUSDT,HYPE/USDT:USDT,1d,57.747,62.143,56.307,61.552,24429820.24,1427277800.83518,3379263,12300094.15,718431832.02893,True,binance_fapi_klines
2026-05-29 00:00:00+00:00,2026-05-29 23:59:59.999000+00:00,binance,um_futures,HYPEUSDT,HYPE/USDT:USDT,1d,61.552,67.624,60.367,64.442,36248360.38,2314017579.53385,4732983,18469134.58,1179626796.14417,True,binance_fapi_klines
2026-05-30 00:00:00+00:00,2026-05-30 23:59:59.999000+00:00,binance,um_futures,HYPEUSDT,HYPE/USDT:USDT,1d,64.441,68.68,64.004,68.303,19971238.29,1333585014.27545,3141344,10076419.3,672923279.46922,True,binance_fapi_klines
2026-05-31 00:00:00+00:00,2026-05-31 23:59:59.999000+00:00,binance,um_futures,HYPEUSDT,HYPE/USDT:USDT,1d,68.304,73.214,67.427,72.093,22750268.82,1582224700.70061,3346125,11715640.48,815303298.08184,True,binance_fapi_klines
2026-06-01 00:00:00+00:00,2026-06-01 23:59:59.999000+00:00,binance,um_futures,HYPEUSDT,HYPE/USDT:USDT,1d,72.093,75.874,70.253,73.665,32325972.56,2352596831.47024,4635550,16604266.43,1208810631.23437,True,binance_fapi_klines
2026-06-02 00:00:00+00:00,2026-06-02 23:59:59.999000+00:00,binance,um_futures,HYPEUSDT,HYPE/USDT:USDT,1d,73.664,75.717,67.802,69.849,31414481.69,2260543631.90878,4645815,15055407.05,1084428286.6684,True,binance_fapi_klines
2026-06-03 00:00:00+00:00,2026-06-03 23:59:59.999000+00:00,binance,um_futures,HYPEUSDT,HYPE/USDT:USDT,1d,69.849,75.634,68.407,74.575,25471157.95,1845483996.38442,3973786,12803875.25,928359194.22188,True,binance_fapi_klines
2026-06-04 00:00:00+00:00,2026-06-04 23:59:59.999000+00:00,binance,um_futures,HYPEUSDT,HYPE/USDT:USDT,1d,74.575,75.535,63.066,64.439,42443077.04,2903482697.7065,5830090,20650828.87,1413122885.6651,True,binance_fapi_klines
2026-06-05 00:00:00+00:00,2026-06-05 23:59:59.999000+00:00,binance,um_futures,HYPEUSDT,HYPE/USDT:USDT,1d,64.439,65.983,56.661,59.776,41993336.58,2558375815.33974,5926868,20636369.19,1257832678.55877,True,binance_fapi_klines
2026-06-06 00:00:00+00:00,2026-06-06 23:59:59.999000+00:00,binance,um_futures,HYPEUSDT,HYPE/USDT:USDT,1d,59.772,61.172,55.458,56.502,17219284.13,1006702148.52082,2910561,8369345.94,489669190.00651,True,binance_fapi_klines
2026-06-07 00:00:00+00:00,2026-06-07 23:59:59.999000+00:00,binance,um_futures,HYPEUSDT,HYPE/USDT:USDT,1d,56.506,60.451,56.103,59.713,17186806.15,1006900652.26476,2818638,8612563.18,504854577.0381,True,binance_fapi_klines
2026-06-08 00:00:00+00:00,2026-06-08 23:59:59.999000+00:00,binance,um_futures,HYPEUSDT,HYPE/USDT:USDT,1d,59.714,65.799,59.28,63.817,23918067.09,1501344019.19602,3444855,12063929.43,757548676.05414,True,binance_fapi_klines
2026-06-09 00:00:00+00:00,2026-06-09 23:59:59.999000+00:00,binance,um_futures,HYPEUSDT,HYPE/USDT:USDT,1d,63.817,64.042,57.303,57.786,18967058.96,1149885049.62899,2838345,9011641.32,546619146.59138,True,binance_fapi_klines
2026-06-10 00:00:00+00:00,2026-06-10 23:59:59.999000+00:00,binance,um_futures,HYPEUSDT,HYPE/USDT:USDT,1d,57.787,58.362,52.636,53.308,22924054.58,1278701875.63928,3393679,10902440.31,608808415.7279,True,binance_fapi_klines
2026-06-11 00:00:00+00:00,2026-06-11 23:59:59.999000+00:00,binance,um_futures,HYPEUSDT,HYPE/USDT:USDT,1d,53.309,59.611,52.853,58.958,18255594.43,1032964491.99071,2520602,9284215.65,525373875.26407,True,binance_fapi_klines
2026-06-12 00:00:00+00:00,2026-06-12 23:59:59.999000+00:00,binance,um_futures,HYPEUSDT,HYPE/USDT:USDT,1d,58.958,62.47,56.76,59.298,19065836.15,1139288532.41738,2665179,9297946.85,555998083.75739,True,binance_fapi_klines
2026-06-13 00:00:00+00:00,2026-06-13 23:59:59.999000+00:00,binance,um_futures,HYPEUSDT,HYPE/USDT:USDT,1d,59.297,60.917,57.241,60.684,11304530.99,668013154.57556,1745166,5656987.99,334505359.78735,True,binance_fapi_klines
2026-06-14 00:00:00+00:00,2026-06-14 23:59:59.999000+00:00,binance,um_futures,HYPEUSDT,HYPE/USDT:USDT,1d,60.682,64.079,59.589,63.863,11450059.09,701057045.40322,1716860,5703663.83,349525641.0606,True,binance_fapi_klines
2026-06-15 00:00:00+00:00,2026-06-15 23:59:59.999000+00:00,binance,um_futures,HYPEUSDT,HYPE/USDT:USDT,1d,63.864,68.757,63.111,66.868,17796831.33,1182365023.35985,2482891,8921180.65,592986713.69591,True,binance_fapi_klines
2026-06-16 00:00:00+00:00,2026-06-16 23:59:59.999000+00:00,binance,um_futures,HYPEUSDT,HYPE/USDT:USDT,1d,66.87,76.991,66.344,73.651,25794636.61,1887500983.9997,3943991,13290717.62,972211898.21077,True,binance_fapi_klines
2026-06-17 00:00:00+00:00,2026-06-17 23:59:59.999000+00:00,binance,um_futures,HYPEUSDT,HYPE/USDT:USDT,1d,73.651,76.72,69.954,71.158,25949992.54,1898204589.59197,3957004,12870505.31,941872206.84331,True,binance_fapi_klines
2026-06-18 00:00:00+00:00,2026-06-18 23:59:59.999000+00:00,binance,um_futures,HYPEUSDT,HYPE/USDT:USDT,1d,71.159,73.736,66.526,68.349,24396776.21,1705095304.18657,3394305,11920011.73,833375740.40773,True,binance_fapi_klines
2026-06-19 00:00:00+00:00,2026-06-19 23:59:59.999000+00:00,binance,um_futures,HYPEUSDT,HYPE/USDT:USDT,1d,68.349,71.374,65.613,70.288,17143640.18,1174214611.00631,2672647,8534055.01,585218381.00119,True,binance_fapi_klines
2026-06-20 00:00:00+00:00,2026-06-20 23:59:59.999000+00:00,binance,um_futures,HYPEUSDT,HYPE/USDT:USDT,1d,70.287,71.429,68.399,70.739,11866831.86,831398285.9693,1881680,5871777.19,411518602.73737,True,binance_fapi_klines
2026-06-21 00:00:00+00:00,2026-06-21 23:59:59.999000+00:00,binance,um_futures,HYPEUSDT,HYPE/USDT:USDT,1d,70.739,70.898,66.58,66.936,10146691.08,693633791.8696,1560435,4985242.51,340966058.89248,True,binance_fapi_klines
2026-06-22 00:00:00+00:00,2026-06-22 23:59:59.999000+00:00,binance,um_futures,HYPEUSDT,HYPE/USDT:USDT,1d,66.936,69.545,65.202,66.293,15104420.84,1020283786.79808,2245124,7436801.35,502524854.21821,True,binance_fapi_klines
2026-06-23 00:00:00+00:00,2026-06-23 23:59:59.999000+00:00,binance,um_futures,HYPEUSDT,HYPE/USDT:USDT,1d,66.293,67.377,61.668,62.205,14546668.76,926207056.09048,2127650,7149508.32,455159007.69599,True,binance_fapi_klines
2026-06-24 00:00:00+00:00,2026-06-24 23:59:59.999000+00:00,binance,um_futures,HYPEUSDT,HYPE/USDT:USDT,1d,62.204,64.3,59.103,63.943,15698002.89,965081278.86712,2315179,7716048.63,474669643.59822,True,binance_fapi_klines
2026-06-25 00:00:00+00:00,2026-06-25 23:59:59.999000+00:00,binance,um_futures,HYPEUSDT,HYPE/USDT:USDT,1d,63.945,65.474,58.501,64.112,17046404.89,1066158519.56269,2726696,8489818.62,531149272.16439,True,binance_fapi_klines
2026-06-26 00:00:00+00:00,2026-06-26 23:59:59.999000+00:00,binance,um_futures,HYPEUSDT,HYPE/USDT:USDT,1d,64.114,65.495,60.993,64.388,17853716.55,1134257357.48562,2842802,8834901.35,561567411.22559,True,binance_fapi_klines
