ts,month,close,return_1m,return_3m,return_12m,forecast_1m,forecast_3m,forecast_12m,forecast_composite,sigma_ann,target_tsmom_1m,target_tsmom_3m,target_tsmom_12m,target_composite_1_3_12m,common_valid,applied_next_month_in_sample
1985-10-31 00:00:00+00:00,1985-10,326.7,,,,,,,,,,,,,False,True
1985-11-29 00:00:00+00:00,1985-11,327.3,0.0018365472910928382,,,1.0,,,,,,,,,False,True
1985-12-31 00:00:00+00:00,1985-12,331.1,0.011610143599144473,,,1.0,,,,0.08509079638275627,,,,,False,True
1986-01-31 00:00:00+00:00,1986-01,352.9,0.0658411356085773,0.08019589837771646,,1.0,1.0,,,0.11618755718234354,,,,,False,True
1986-02-28 00:00:00+00:00,1986-02,341.0,-0.03372060073675254,0.04185762297586315,,-1.0,1.0,,,0.15075837573590578,,,,,False,True
1986-03-31 00:00:00+00:00,1986-03,334.8,-0.018181818181818188,0.011174871639987982,,-1.0,1.0,,,0.1563245278683566,,,,,False,True
1986-04-30 00:00:00+00:00,1986-04,348.1,0.03972520908004773,-0.013601586851799241,,1.0,-1.0,,,0.15578857660515688,,,,,False,True
1986-05-30 00:00:00+00:00,1986-05,347.1,-0.002872737719046281,0.017888563049853534,,-1.0,1.0,,,0.13979070005954047,,,,,False,True
1986-06-30 00:00:00+00:00,1986-06,347.7,0.0017286084701813031,0.03853046594982068,,1.0,1.0,,,0.1448906103385599,,,,,False,True
1986-07-31 00:00:00+00:00,1986-07,369.7,0.0632729364394593,0.062051134731399005,,1.0,1.0,,,0.14398902641863134,,,,,False,True
1986-08-29 00:00:00+00:00,1986-08,393.3,0.06383554233162037,0.13310285220397566,,1.0,1.0,,,0.19218248625818005,,,,,False,True
1986-09-30 00:00:00+00:00,1986-09,429.8,0.09280447495550481,0.23612309462180048,,1.0,1.0,,,0.22809042058163656,,,,,False,True
1986-10-31 00:00:00+00:00,1986-10,405.5,-0.05653792461610052,0.09683527184203422,0.24119987756351402,-1.0,1.0,1.0,0.3333333333333333,0.21960835896614184,-0.45535607328780014,0.45535607328780014,0.45535607328780014,0.15178535776260005,True,True
1986-11-28 00:00:00+00:00,1986-11,394.8,-0.02638717632552401,0.0038138825324181003,0.2062328139321723,-1.0,1.0,1.0,0.3333333333333333,0.21827483634759756,-0.4581380138604358,0.4581380138604358,0.4581380138604358,0.15271267128681193,True,True
1986-12-31 00:00:00+00:00,1986-12,406.9,0.03064842958459968,-0.05328059562587262,0.22893385684083345,1.0,-1.0,1.0,0.3333333333333333,0.19405908124076088,0.5153069846596575,-0.5153069846596575,0.5153069846596575,0.1717689948865525,True,True
1987-01-30 00:00:00+00:00,1987-01,408.9,0.0049152125829441395,0.00838471023427867,0.1586851799376594,1.0,1.0,1.0,1.0,0.20403544155133332,0.4901109299427324,0.4901109299427324,0.4901109299427324,0.4901109299427324,True,True
1987-02-27 00:00:00+00:00,1987-02,407.4,-0.003668378576669129,0.03191489361702127,0.1947214076246333,-1.0,1.0,1.0,0.3333333333333333,0.19472249235260405,-0.513551356044271,0.513551356044271,0.513551356044271,0.17118378534809034,True,True
1987-03-31 00:00:00+00:00,1987-03,422.7,0.03755522827687785,0.038830179405259235,0.26254480286738335,1.0,1.0,1.0,1.0,0.17810356499842858,0.5614710744329139,0.5614710744329139,0.5614710744329139,0.5614710744329139,True,True
1987-04-30 00:00:00+00:00,1987-04,456.5,0.07996214809557611,0.11640988016629983,0.31140476874461354,1.0,1.0,1.0,1.0,0.20958715840168024,0.4771284689510744,0.4771284689510744,0.4771284689510744,0.4771284689510744,True,True
1987-05-29 00:00:00+00:00,1987-05,456.0,-0.0010952902519167917,0.11929307805596467,0.31374243733794294,-1.0,1.0,1.0,0.3333333333333333,0.20740471079337644,-0.482149125820114,0.482149125820114,0.482149125820114,0.16071637527337132,True,True
1987-06-30 00:00:00+00:00,1987-06,452.2,-0.008333333333333304,0.06978944878164173,0.3005464480874318,-1.0,1.0,1.0,0.3333333333333333,0.19984273662589724,-0.5003934678256462,0.5003934678256462,0.5003934678256462,0.16679782260854872,True,True
1987-07-31 00:00:00+00:00,1987-07,475.1,0.05064130915524112,0.04074479737130354,0.28509602380308374,1.0,1.0,1.0,1.0,0.18220048936156244,0.5488459463001657,0.5488459463001657,0.5488459463001657,0.5488459463001657,True,True
1987-08-31 00:00:00+00:00,1987-08,458.7,-0.03451904862134292,0.005921052631578938,0.16628527841342478,-1.0,1.0,1.0,0.3333333333333333,0.18375553197735114,-0.5442013033508322,0.5442013033508322,0.5442013033508322,0.18140043445027737,True,True
1987-09-30 00:00:00+00:00,1987-09,458.8,0.00021800741225197484,0.014595311808934142,0.06747324336900884,1.0,1.0,1.0,1.0,0.16758899688395096,0.5966978850601166,0.5966978850601166,0.5966978850601166,0.5966978850601166,True,True
1987-10-30 00:00:00+00:00,1987-10,471.2,0.027027027027026973,-0.008208798147758434,0.1620221948212084,1.0,-1.0,1.0,0.3333333333333333,0.1799589051389423,0.5556824205103504,-0.5556824205103504,0.5556824205103504,0.18522747350345015,True,True
1987-11-30 00:00:00+00:00,1987-11,497.2,0.055178268251273366,0.0839328537170263,0.2593718338399189,1.0,1.0,1.0,1.0,0.17414290877400695,0.5742410110409634,0.5742410110409634,0.5742410110409634,0.5742410110409634,True,True
1987-12-31 00:00:00+00:00,1987-12,488.9,-0.01669348350764277,0.06560592850915414,0.2015237159007126,-1.0,1.0,1.0,0.3333333333333333,0.16461970764486436,-0.6074606827496678,0.6074606827496678,0.6074606827496678,0.20248689424988925,True,True
1988-01-29 00:00:00+00:00,1988-01,458.5,-0.06218040499079558,-0.026952461799660377,0.12130105160185867,-1.0,-1.0,1.0,-0.3333333333333333,0.16258395646907883,-0.6150668379079494,-0.6150668379079494,0.6150668379079494,-0.20502227930264977,True,True
1988-02-29 00:00:00+00:00,1988-02,431.9,-0.058015267175572593,-0.13133547868061146,0.06013745704467355,-1.0,-1.0,1.0,-0.3333333333333333,0.17201170128034393,-0.5813557987954577,-0.5813557987954577,0.5813557987954577,-0.19378526626515255,True,True
1988-03-31 00:00:00+00:00,1988-03,457.9,0.06019912016670537,-0.06340764982614033,0.08327418973267098,1.0,-1.0,1.0,0.3333333333333333,0.15661502617557155,0.6385083375582118,-0.6385083375582118,0.6385083375582118,0.2128361125194039,True,True
1988-04-29 00:00:00+00:00,1988-04,452.6,-0.011574579602533164,-0.0128680479825517,-0.008543263964950643,-1.0,-1.0,-1.0,-1.0,0.14386767522540359,-0.6950831716945851,-0.6950831716945851,-0.6950831716945851,-0.6950831716945851,True,True
1988-05-31 00:00:00+00:00,1988-05,459.8,0.01590808661069376,0.06459828664042622,0.008333333333333304,1.0,1.0,1.0,1.0,0.13161224743379402,0.7598077074878903,0.7598077074878903,0.7598077074878903,0.7598077074878903,True,True
1988-06-30 00:00:00+00:00,1988-06,437.7,-0.04806437581557199,-0.04411443546625904,-0.03206545776205216,-1.0,-1.0,-1.0,-1.0,0.13108248001460535,-0.7628784562884217,-0.7628784562884217,-0.7628784562884217,-0.7628784562884217,True,True
1988-07-29 00:00:00+00:00,1988-07,447.3,0.02193283070596297,-0.01171011931064958,-0.058513997053252,1.0,-1.0,-1.0,-0.3333333333333333,0.1562910604828598,0.6398318604471102,-0.6398318604471102,-0.6398318604471102,-0.21327728681570338,True,True
1988-08-31 00:00:00+00:00,1988-08,439.9,-0.01654370668455185,-0.043279686820356766,-0.04098539350337915,-1.0,-1.0,-1.0,-1.0,0.13581268359957496,-0.7363082544987939,-0.7363082544987939,-0.7363082544987939,-0.7363082544987939,True,True
1988-09-30 00:00:00+00:00,1988-09,399.2,-0.09252102750625135,-0.08795978981037245,-0.12990409764603317,-1.0,-1.0,-1.0,-1.0,0.13433540369069846,-0.7444054006064235,-0.7444054006064235,-0.7444054006064235,-0.7444054006064235,True,True
1988-10-31 00:00:00+00:00,1988-10,415.1,0.039829659318637356,-0.07198748043818459,-0.11905772495755507,1.0,-1.0,-1.0,-0.3333333333333333,0.12680048685832926,0.7886405050772974,-0.7886405050772974,-0.7886405050772974,-0.2628801683590991,True,True
1988-11-30 00:00:00+00:00,1988-11,429.6,0.034931341845338526,-0.023414412366446813,-0.13596138374899436,1.0,-1.0,-1.0,-0.3333333333333333,0.12612433376164664,0.7928684102227478,-0.7928684102227478,-0.7928684102227478,-0.26428947007424924,True,True
1988-12-30 00:00:00+00:00,1988-12,412.3,-0.04027001862197399,0.03281563126252518,-0.15667825731233376,-1.0,1.0,-1.0,-0.3333333333333333,0.12815169433427795,-0.7803252272198172,0.7803252272198172,-0.7803252272198172,-0.2601084090732724,True,True
1989-01-31 00:00:00+00:00,1989-01,395.8,-0.04001940334707732,-0.04649482052517473,-0.13675027262813522,-1.0,-1.0,-1.0,-1.0,0.11512074712099184,-0.8686531533269156,-0.8686531533269156,-0.8686531533269156,-0.8686531533269156,True,True
1989-02-28 00:00:00+00:00,1989-02,390.4,-0.013643254168772212,-0.09124767225325892,-0.09608705718916422,-1.0,-1.0,-1.0,-1.0,0.11382013631329772,-0.8785791621681348,-0.8785791621681348,-0.8785791621681348,-0.8785791621681348,True,True
1989-03-31 00:00:00+00:00,1989-03,390.0,-0.0010245901639344135,-0.05408682997817127,-0.14828565188905873,-1.0,-1.0,-1.0,-1.0,0.12215269092111165,-0.8186475405980352,-0.8186475405980352,-0.8186475405980352,-0.8186475405980352,True,True
1989-04-28 00:00:00+00:00,1989-04,380.5,-0.024358974358974383,-0.03865588681152099,-0.15930181175430846,-1.0,-1.0,-1.0,-1.0,0.11282420313568381,-0.886334644701534,-0.886334644701534,-0.886334644701534,-0.886334644701534,True,True
1989-05-31 00:00:00+00:00,1989-05,366.5,-0.036793692509855425,-0.0612192622950819,-0.20291431056981302,-1.0,-1.0,-1.0,-1.0,0.10966777082082955,-0.9118449226379888,-0.9118449226379888,-0.9118449226379888,-0.9118449226379888,True,True
1989-06-30 00:00:00+00:00,1989-06,377.3,0.029467939972714907,-0.03256410256410258,-0.13799405985835045,1.0,-1.0,-1.0,-0.3333333333333333,0.15353622059900152,0.65131211130418,-0.65131211130418,-0.65131211130418,-0.2171040371013933,True,True
1989-07-31 00:00:00+00:00,1989-07,378.7,0.0037105751391464104,-0.004730617608409982,-0.15336463223787167,1.0,-1.0,-1.0,-0.3333333333333333,0.16600997495635172,0.6023734418747583,-0.6023734418747583,-0.6023734418747583,-0.20079114729158606,True,True
1989-08-31 00:00:00+00:00,1989-08,365.4,-0.03512014787430684,-0.0030013642564802323,-0.16935667197090254,-1.0,-1.0,-1.0,-1.0,0.14916430833910402,-0.6704016605142841,-0.6704016605142841,-0.6704016605142841,-0.6704016605142841,True,True
1989-09-29 00:00:00+00:00,1989-09,372.0,0.01806239737274229,-0.014047177312483505,-0.06813627254509014,1.0,-1.0,-1.0,-0.3333333333333333,0.13325940730640834,0.7504160645864668,-0.7504160645864668,-0.7504160645864668,-0.2501386881954889,True,True
1989-10-31 00:00:00+00:00,1989-10,377.6,0.01505376344086029,-0.0029046738843411246,-0.09033967718622016,1.0,-1.0,-1.0,-0.3333333333333333,0.12230100494365718,0.8176547694442002,-0.8176547694442002,-0.8176547694442002,-0.2725515898147334,True,True
1989-11-30 00:00:00+00:00,1989-11,417.5,0.10566737288135597,0.1425834701696771,-0.028165735567970307,1.0,1.0,-1.0,0.3333333333333333,0.1358478733775858,0.7361175225912626,0.7361175225912626,-0.7361175225912626,0.24537250753042086,True,True
1989-12-29 00:00:00+00:00,1989-12,405.2,-0.0294610778443114,0.08924731182795687,-0.01722047053116671,-1.0,1.0,-1.0,-0.3333333333333333,0.14950411605633152,-0.6688779054238286,0.6688779054238286,-0.6688779054238286,-0.22295930180794285,True,True
1990-01-31 00:00:00+00:00,1990-01,417.8,0.03109575518262586,0.10646186440677963,0.055583628094997506,1.0,1.0,1.0,1.0,0.1493869034837896,0.6694027231835037,0.6694027231835037,0.6694027231835037,0.6694027231835037,True,True
1990-02-28 00:00:00+00:00,1990-02,408.9,-0.02130205840114896,-0.020598802395209614,0.04738729508196715,-1.0,-1.0,1.0,-0.3333333333333333,0.14385088120795073,-0.6951643198865086,-0.6951643198865086,0.6951643198865086,-0.2317214399621695,True,True
1990-03-30 00:00:00+00:00,1990-03,375.0,-0.08290535583272185,-0.07453109575518257,-0.038461538461538436,-1.0,-1.0,-1.0,-1.0,0.1807461802721277,-0.5532620376787055,-0.5532620376787055,-0.5532620376787055,-0.5532620376787055,True,True
1990-04-30 00:00:00+00:00,1990-04,371.4,-0.009600000000000053,-0.11105792245093349,-0.023915900131406098,-1.0,-1.0,-1.0,-1.0,0.16460523980448574,-0.6075140750001499,-0.6075140750001499,-0.6075140750001499,-0.6075140750001499,True,True
1990-05-31 00:00:00+00:00,1990-05,368.6,-0.007539041464727947,-0.09855710442651,0.005729877216916757,-1.0,-1.0,1.0,-0.3333333333333333,0.16125951503955405,-0.6201184468120955,-0.6201184468120955,0.6201184468120955,-0.20670614893736514,True,True
1990-06-29 00:00:00+00:00,1990-06,359.9,-0.02360282148670656,-0.04026666666666667,-0.04611714815796453,-1.0,-1.0,-1.0,-1.0,0.14704409137192537,-0.6800681283212218,-0.6800681283212218,-0.6800681283212218,-0.6800681283212218,True,True
1990-07-31 00:00:00+00:00,1990-07,379.2,0.053626007224228944,0.02100161550888524,0.0013203063110640567,1.0,1.0,1.0,1.0,0.15260138764181494,0.6553020358813473,0.6553020358813473,0.6553020358813473,0.6553020358813473,True,True
1990-08-31 00:00:00+00:00,1990-08,389.2,0.026371308016877704,0.0558871405317416,0.06513409961685834,1.0,1.0,1.0,1.0,0.2001985242357442,0.49950418157051346,0.49950418157051346,0.49950418157051346,0.49950418157051346,True,True
1990-09-28 00:00:00+00:00,1990-09,408.1,0.04856115107913683,0.13392609058071692,0.09704301075268829,1.0,1.0,1.0,1.0,0.1983477344216206,0.5041650729795261,0.5041650729795261,0.5041650729795261,0.5041650729795261,True,True
1990-10-31 00:00:00+00:00,1990-10,381.3,-0.06567017887772608,0.005537974683544444,0.009798728813559254,-1.0,1.0,1.0,0.3333333333333333,0.2118992493387174,-0.47192238911687545,0.47192238911687545,0.47192238911687545,0.15730746303895848,True,True
1990-11-30 00:00:00+00:00,1990-11,385.7,0.011539470233411953,-0.008992805755395739,-0.07616766467065872,1.0,-1.0,-1.0,-0.3333333333333333,0.19592387839279704,0.5104023094087362,-0.5104023094087362,-0.5104023094087362,-0.17013410313624538,True,True
1990-12-31 00:00:00+00:00,1990-12,396.2,0.02722323049001818,-0.029159519725557526,-0.0222112537018756,1.0,-1.0,-1.0,-0.3333333333333333,0.19055773841002774,0.5247753296947069,-0.5247753296947069,-0.5247753296947069,-0.1749251098982356,True,True
1991-01-31 00:00:00+00:00,1991-01,368.5,-0.06991418475517408,-0.033569367951744034,-0.11799904260411687,-1.0,-1.0,-1.0,-1.0,0.2277978182035608,-0.4389857672413689,-0.4389857672413689,-0.4389857672413689,-0.4389857672413689,True,True
1991-02-28 00:00:00+00:00,1991-02,369.0,0.0013568521031208647,-0.04329789992221933,-0.09757887013939837,1.0,-1.0,-1.0,-0.3333333333333333,0.20477884887838918,0.4883316834122181,-0.4883316834122181,-0.4883316834122181,-0.1627772278040727,True,True
1991-03-28 00:00:00+00:00,1991-03,359.4,-0.026016260162601723,-0.09288238263503279,-0.04160000000000008,-1.0,-1.0,-1.0,-1.0,0.18155094453685913,-0.5508095827047468,-0.5508095827047468,-0.5508095827047468,-0.5508095827047468,True,True
1991-04-30 00:00:00+00:00,1991-04,357.7,-0.004730105731775125,-0.029308005427408412,-0.03688745288099082,-1.0,-1.0,-1.0,-1.0,0.15658840678246808,-0.638616881382027,-0.638616881382027,-0.638616881382027,-0.638616881382027,True,True
1991-05-31 00:00:00+00:00,1991-05,364.8,0.01984903550461281,-0.011382113821138184,-0.010309278350515538,1.0,-1.0,-1.0,-0.3333333333333333,0.14147218301484077,0.7068527386016922,-0.7068527386016922,-0.7068527386016922,-0.2356175795338974,True,True
1991-06-28 00:00:00+00:00,1991-06,370.0,0.014254385964912242,0.029493600445186452,0.028063350930814135,1.0,1.0,1.0,1.0,0.13004584189316765,0.7689596110435408,0.7689596110435408,0.7689596110435408,0.7689596110435408,True,True
1991-07-31 00:00:00+00:00,1991-07,370.8,0.00216216216216214,0.036622868325412394,-0.02215189873417711,1.0,1.0,-1.0,0.3333333333333333,0.1174602500099842,0.8513518402310564,0.8513518402310564,-0.8513518402310564,0.28378394674368546,True,True
1991-08-30 00:00:00+00:00,1991-08,352.9,-0.04827400215749744,-0.03262061403508776,-0.09326824254881816,-1.0,-1.0,-1.0,-1.0,0.11022698212177454,-0.9072188866562985,-0.9072188866562985,-0.9072188866562985,-0.9072188866562985,True,True
1991-09-30 00:00:00+00:00,1991-09,357.3,0.012468121280816202,-0.03432432432432431,-0.1244792942906151,1.0,-1.0,-1.0,-0.3333333333333333,0.10370780858644785,0.9642475466699586,-0.9642475466699586,-0.9642475466699586,-0.3214158488899862,True,True
1991-10-31 00:00:00+00:00,1991-10,359.5,0.006157290792051517,-0.030474649406688314,-0.05717282979281413,1.0,-1.0,-1.0,-0.3333333333333333,0.09430358878370458,1.0604050311315378,-1.0604050311315378,-1.0604050311315378,-0.3534683437105126,True,True
1991-11-29 00:00:00+00:00,1991-11,371.1,0.032267037552155875,0.05157268347973942,-0.03785325382421567,1.0,1.0,-1.0,0.3333333333333333,0.09197084380837317,1.0873011039058864,1.0873011039058864,-1.0873011039058864,0.3624337013019621,True,True
1991-12-31 00:00:00+00:00,1991-12,355.2,-0.04284559417946654,-0.005877413937867448,-0.10348308934881378,-1.0,-1.0,-1.0,-1.0,0.09875146076778746,-1.0126432482365852,-1.0126432482365852,-1.0126432482365852,-1.0126432482365852,True,True
1992-01-31 00:00:00+00:00,1992-01,358.9,0.01041666666666674,-0.0016689847009736525,-0.026051560379918626,1.0,-1.0,-1.0,-0.3333333333333333,0.09856734942330027,1.0145347377715026,-1.0145347377715026,-1.0145347377715026,-0.33817824592383416,True,True
1992-02-28 00:00:00+00:00,1992-02,354.1,-0.01337419894120917,-0.04580975478307736,-0.04037940379403793,-1.0,-1.0,-1.0,-1.0,0.09284769873739454,-1.0770326175001348,-1.0770326175001348,-1.0770326175001348,-1.0770326175001348,True,True
1992-03-31 00:00:00+00:00,1992-03,345.5,-0.024286924597571424,-0.027308558558558516,-0.03867557039510294,-1.0,-1.0,-1.0,-1.0,0.08786108501048788,-1.1381603128172515,-1.1381603128172515,-1.1381603128172515,-1.1381603128172515,True,True
1992-04-30 00:00:00+00:00,1992-04,337.9,-0.021997105643994264,-0.05851212036779052,-0.05535364830863854,-1.0,-1.0,-1.0,-1.0,0.08573538773559494,-1.1663795154037986,-1.1663795154037986,-1.1663795154037986,-1.1663795154037986,True,True
1992-05-29 00:00:00+00:00,1992-05,338.4,0.0014797277300977463,-0.04433775769556636,-0.07236842105263164,1.0,-1.0,-1.0,-0.3333333333333333,0.07758929864958848,1.2888375296653154,-1.2888375296653154,-1.2888375296653154,-0.4296125098884384,True,True
1992-06-30 00:00:00+00:00,1992-06,344.4,0.01773049645390068,-0.003183791606367614,-0.06918918918918926,1.0,-1.0,-1.0,-0.3333333333333333,0.07302988285854446,1.3693024839392858,-1.3693024839392858,-1.3693024839392858,-0.4564341613130953,True,True
1992-07-31 00:00:00+00:00,1992-07,361.4,0.04936120789779319,0.06954720331459008,-0.025350593311758485,1.0,1.0,-1.0,0.3333333333333333,0.07864097077142258,1.2716018001692713,1.2716018001692713,-1.2716018001692713,0.4238672667230904,True,True
1992-08-31 00:00:00+00:00,1992-08,345.3,-0.04454897620365239,0.02039007092198597,-0.02153584584868229,-1.0,1.0,-1.0,-0.3333333333333333,0.09820895981980882,-1.0182370344159772,1.0182370344159772,-1.0182370344159772,-0.3394123448053258,True,True
1992-09-30 00:00:00+00:00,1992-09,349.4,0.011873732985809404,0.014518002322880363,-0.02211027148054867,1.0,1.0,-1.0,0.3333333333333333,0.0989547418441956,1.010562992094408,1.010562992094408,-1.010562992094408,0.3368543306981359,True,True
1992-10-30 00:00:00+00:00,1992-10,340.1,-0.026617057813394296,-0.058937465412285395,-0.053963838664812136,-1.0,-1.0,-1.0,-1.0,0.09459633508338008,-1.0571234066505533,-1.0571234066505533,-1.0571234066505533,-1.0571234066505533,True,True
1992-11-30 00:00:00+00:00,1992-11,335.5,-0.013525433695971811,-0.028381117868520156,-0.0959310158986797,-1.0,-1.0,-1.0,-1.0,0.08763087794140739,-1.141150269735549,-1.141150269735549,-1.141150269735549,-1.141150269735549,True,True
1992-12-31 00:00:00+00:00,1992-12,333.1,-0.0071535022354694,-0.046651402404121245,-0.062218468468468346,-1.0,-1.0,-1.0,-1.0,0.08024985101452359,-1.2461082324240333,-1.2461082324240333,-1.2461082324240333,-1.2461082324240333,True,True
1993-01-29 00:00:00+00:00,1993-01,330.7,-0.007205043530471467,-0.02763892972655113,-0.07857341877960433,-1.0,-1.0,-1.0,-1.0,0.07652677409503678,-1.3067322016711744,-1.3067322016711744,-1.3067322016711744,-1.3067322016711744,True,True
1993-02-26 00:00:00+00:00,1993-02,329.1,-0.004838221953431976,-0.019076005961251807,-0.07060152499293981,-1.0,-1.0,-1.0,-1.0,0.0786411448653898,-1.2715989851263,-1.2715989851263,-1.2715989851263,-1.2715989851263,True,True
1993-03-31 00:00:00+00:00,1993-03,339.3,0.030993618960802216,0.018613029120384317,-0.017945007235889987,1.0,1.0,-1.0,0.3333333333333333,0.07661065304950826,1.30530149554236,1.30530149554236,-1.30530149554236,0.43510049851412,True,True
1993-04-30 00:00:00+00:00,1993-04,357.2,0.0527556734453285,0.08013305110371949,0.05711749038176972,1.0,1.0,1.0,1.0,0.09015526032590773,1.1091976179593284,1.1091976179593284,1.1091976179593284,1.1091976179593284,True,True
1993-05-28 00:00:00+00:00,1993-05,380.3,0.06466965285554327,0.15557581282285016,0.12381796690307345,1.0,1.0,1.0,1.0,0.11133181565786424,0.8982158371270237,0.8982158371270237,0.8982158371270237,0.8982158371270237,True,True
1993-06-30 00:00:00+00:00,1993-06,379.2,-0.002892453326321376,0.1175950486295314,0.10104529616724744,-1.0,1.0,1.0,0.3333333333333333,0.11879185573183823,-0.8418085514695627,0.8418085514695627,0.8418085514695627,0.2806028504898542,True,True
1993-07-30 00:00:00+00:00,1993-07,411.3,0.08465189873417733,0.1514557670772676,0.13807415605976758,1.0,1.0,1.0,1.0,0.12341950789155749,0.8102446826142344,0.8102446826142344,0.8102446826142344,0.8102446826142344,True,True
1993-08-31 00:00:00+00:00,1993-08,375.7,-0.08655482616095311,-0.012095713910071026,0.08803938604112349,-1.0,-1.0,1.0,-0.3333333333333333,0.1661661860825599,-0.6018071567840816,-0.6018071567840816,0.6018071567840816,-0.20060238559469387,True,True
1993-09-30 00:00:00+00:00,1993-09,357.1,-0.049507585839765667,-0.05828059071729952,0.022037779049799866,-1.0,-1.0,1.0,-0.3333333333333333,0.1887922576703731,-0.5296827382328235,-0.5296827382328235,0.5296827382328235,-0.1765609127442745,True,True
1993-10-29 00:00:00+00:00,1993-10,369.6,0.0350042005040605,-0.10138584974471188,0.08673919435460165,1.0,-1.0,1.0,0.3333333333333333,0.16825896438954846,0.594321974836852,-0.594321974836852,0.594321974836852,0.19810732494561734,True,True
1993-11-30 00:00:00+00:00,1993-11,371.9,0.006222943722943519,-0.010114453021027425,0.10849478390461997,1.0,-1.0,1.0,0.3333333333333333,0.1609994207454627,0.6211202471224929,-0.6211202471224929,0.6211202471224929,0.2070400823741643,True,True
1993-12-30 00:00:00+00:00,1993-12,391.9,0.053777897284216225,0.09745169420330435,0.17652356649654743,1.0,1.0,1.0,1.0,0.1455158299221667,0.6872104571268148,0.6872104571268148,0.6872104571268148,0.6872104571268148,True,True
1994-01-31 00:00:00+00:00,1994-01,383.6,-0.02117887216126546,0.037878787878787845,0.1599637133353493,-1.0,1.0,1.0,0.3333333333333333,0.13739786310697757,-0.727813357054471,0.727813357054471,0.727813357054471,0.24260445235149034,True,True
1994-02-28 00:00:00+00:00,1994-02,382.5,-0.0028675703858186408,0.02850228556063472,0.162260711030082,-1.0,1.0,1.0,0.3333333333333333,0.13144115153202476,-0.760796743138968,0.760796743138968,0.760796743138968,0.253598914379656,True,True
1994-03-31 00:00:00+00:00,1994-03,394.3,0.030849673202614447,0.006124011227353954,0.16209843796050682,1.0,1.0,1.0,1.0,0.12727939735233812,0.7856731103399038,0.7856731103399038,0.7856731103399038,0.7856731103399038,True,True
1994-04-29 00:00:00+00:00,1994-04,377.8,-0.041846309916307334,-0.015119916579770631,0.057670772676371884,-1.0,-1.0,1.0,-0.3333333333333333,0.12436620229861084,-0.8040769771187023,-0.8040769771187023,0.8040769771187023,-0.26802565903956743,True,True
1994-05-31 00:00:00+00:00,1994-05,390.0,0.032292218104817305,0.019607843137254832,0.025506179332106305,1.0,1.0,1.0,1.0,0.12328302555542624,0.8111416762321547,0.8111416762321547,0.8111416762321547,0.8111416762321547,True,True
1994-06-30 00:00:00+00:00,1994-06,387.3,-0.006923076923076921,-0.017752979964493987,0.02136075949367089,-1.0,-1.0,1.0,-0.3333333333333333,0.1231761998310725,-0.8118451465229726,-0.8118451465229726,0.8118451465229726,-0.27061504884099086,True,True
1994-07-29 00:00:00+00:00,1994-07,389.2,0.004905757810482747,0.030174695606140833,-0.05373206904935579,1.0,1.0,-1.0,0.3333333333333333,0.11801474205563771,0.8473517651960405,0.8473517651960405,-0.8473517651960405,0.28245058839868015,True,True
1994-08-31 00:00:00+00:00,1994-08,390.8,0.004110996916752319,0.002051282051282133,0.040191642267766836,1.0,1.0,1.0,1.0,0.10607990066284324,0.9426856489791864,0.9426856489791864,0.9426856489791864,0.9426856489791864,True,True
1994-09-30 00:00:00+00:00,1994-09,397.6,0.017400204708290623,0.026594371288406915,0.11341360963315594,1.0,1.0,1.0,1.0,0.09675390216712762,1.0335500456329425,1.0335500456329425,1.0335500456329425,1.0335500456329425,True,True
1994-10-31 00:00:00+00:00,1994-10,384.9,-0.03194164989939652,-0.011048304213771898,0.04139610389610371,-1.0,-1.0,1.0,-0.3333333333333333,0.0864381775412432,-1.1568962100373519,-1.1568962100373519,1.1568962100373519,-0.38563207001245065,True,True
1994-11-30 00:00:00+00:00,1994-11,384.5,-0.0010392309690828716,-0.01612077789150468,0.03388007528905623,-1.0,-1.0,1.0,-0.3333333333333333,0.07869520538996537,-1.270725446416476,-1.270725446416476,1.270725446416476,-0.42357514880549196,True,True
1994-12-30 00:00:00+00:00,1994-12,384.4,-0.0002600780234071065,-0.03319919517102632,-0.019137535085480994,-1.0,-1.0,-1.0,-1.0,0.07267691439993507,-1.3759527468338606,-1.3759527468338606,-1.3759527468338606,-1.3759527468338606,True,True
1995-01-31 00:00:00+00:00,1995-01,377.7,-0.017429760665972904,-0.0187061574434918,-0.015380604796663255,-1.0,-1.0,-1.0,-1.0,0.0877118998359126,-1.1400961578426123,-1.1400961578426123,-1.1400961578426123,-1.1400961578426123,True,True
1995-02-28 00:00:00+00:00,1995-02,378.3,0.001588562351072298,-0.016124837451235385,-0.01098039215686275,1.0,-1.0,-1.0,-0.3333333333333333,0.07836299124693182,1.2761125935696764,-1.2761125935696764,-1.2761125935696764,-0.4253708645232254,True,True
1995-03-31 00:00:00+00:00,1995-03,394.3,0.04229447528416608,0.02575442247658688,0.0,1.0,1.0,0.0,0.6666666666666666,0.0806097210846259,1.240545168181611,1.240545168181611,0.0,0.827030112121074,True,True
1995-04-28 00:00:00+00:00,1995-04,388.5,-0.01470961197058085,0.02859412231930114,0.02832186341979881,-1.0,1.0,1.0,0.3333333333333333,0.08406179117894669,-1.1896011088691274,1.1896011088691274,1.1896011088691274,0.39653370295637574,True,True
1995-05-31 00:00:00+00:00,1995-05,387.6,-0.0023166023166022454,0.024583663758921626,-0.006153846153846065,-1.0,1.0,-1.0,-0.3333333333333333,0.08085467754216563,-1.2367868259427552,1.2367868259427552,-1.2367868259427552,-0.4122622753142517,True,True
1995-06-30 00:00:00+00:00,1995-06,385.6,-0.00515995872033026,-0.022064417955871107,-0.004389362251484563,-1.0,-1.0,-1.0,-1.0,0.07292918274240609,-1.3711932074326272,-1.3711932074326272,-1.3711932074326272,-1.3711932074326272,True,True
1995-07-31 00:00:00+00:00,1995-07,388.4,0.007261410788381717,-0.0002574002574002865,-0.0020554984583761593,1.0,-1.0,-1.0,-0.3333333333333333,0.08031281203039396,1.2451313491819405,-1.2451313491819405,-1.2451313491819405,-0.41504378306064676,True,True
1995-08-31 00:00:00+00:00,1995-08,386.9,-0.0038619979402677584,-0.001805985552115752,-0.009979529170931478,-1.0,-1.0,-1.0,-1.0,0.07022102314847108,-1.4240749495854834,-1.4240749495854834,-1.4240749495854834,-1.4240749495854834,True,True
1995-09-29 00:00:00+00:00,1995-09,386.5,-0.0010338588782630165,0.002334024896265552,-0.02791750503018109,-1.0,1.0,-1.0,-0.3333333333333333,0.06531452219062121,-1.5310530743553297,1.5310530743553297,-1.5310530743553297,-0.5103510247851099,True,True
1995-10-31 00:00:00+00:00,1995-10,384.3,-0.005692108667529117,-0.010556127703398421,-0.001558846453624252,-1.0,-1.0,-1.0,-1.0,0.057049855997557034,-1.7528528030689887,-1.7528528030689887,-1.7528528030689887,-1.7528528030689887,True,True
1995-11-30 00:00:00+00:00,1995-11,388.6,0.011189175123601292,0.00439390023261832,0.010663198959687925,1.0,1.0,1.0,1.0,0.06381052494948583,1.5671395914570951,1.5671395914570951,1.5671395914570951,1.5671395914570951,True,True
1995-12-29 00:00:00+00:00,1995-12,388.1,-0.001286670097786935,0.00413971539456659,0.0096253902185226,-1.0,1.0,1.0,0.3333333333333333,0.057708129278491005,-1.7328581128910732,1.7328581128910732,1.7328581128910732,0.577619370963691,True,True
1996-01-31 00:00:00+00:00,1996-01,408.5,0.052563772223653604,0.06297163674212847,0.08154620068837715,1.0,1.0,1.0,1.0,0.06794902616369199,1.4716914376240788,1.4716914376240788,1.4716914376240788,1.4716914376240788,True,True
1996-02-29 00:00:00+00:00,1996-02,401.2,-0.01787025703794376,0.03242408646423045,0.0605339677504626,-1.0,1.0,1.0,0.3333333333333333,0.08280318491653742,-1.2076830148598312,1.2076830148598312,1.2076830148598312,0.402561004953277,True,True
1996-03-29 00:00:00+00:00,1996-03,398.4,-0.006979062811565351,0.026539551661942662,0.010398173979203618,-1.0,1.0,1.0,0.3333333333333333,0.07952006700270864,-1.2575442120363627,1.2575442120363627,1.2575442120363627,0.4191814040121209,True,True
1996-04-30 00:00:00+00:00,1996-04,393.5,-0.012299196787148525,-0.0367197062423501,0.01287001287001277,-1.0,-1.0,1.0,-0.3333333333333333,0.0753645070642933,-1.3268845494430186,-1.3268845494430186,1.3268845494430186,-0.4422948498143395,True,True
1996-05-31 00:00:00+00:00,1996-05,394.4,0.00228716645489202,-0.016949152542372947,0.01754385964912264,1.0,-1.0,1.0,0.3333333333333333,0.06751949331770785,1.481053768123786,-1.481053768123786,1.481053768123786,0.49368458937459536,True,True
1996-06-28 00:00:00+00:00,1996-06,381.6,-0.03245436105476662,-0.04216867469879504,-0.010373443983402453,-1.0,-1.0,-1.0,-1.0,0.061371257304007235,-1.6294272660024274,-1.6294272660024274,-1.6294272660024274,-1.6294272660024274,True,True
1996-07-31 00:00:00+00:00,1996-07,393.1,0.030136268343815553,-0.0010165184243964287,0.012100926879505813,1.0,-1.0,1.0,0.3333333333333333,0.06172588816657372,1.6200657936284306,-1.6200657936284306,1.6200657936284306,0.5400219312094768,True,True
1996-08-30 00:00:00+00:00,1996-08,391.3,-0.004578987534978429,-0.007860040567951199,0.011372447660894291,-1.0,-1.0,1.0,-0.3333333333333333,0.05625221978684532,-1.7777076243200127,-1.7777076243200127,1.7777076243200127,-0.5925692081066709,True,True
1996-09-30 00:00:00+00:00,1996-09,380.5,-0.02760030667007418,-0.002882599580712797,-0.015523932729624823,-1.0,-1.0,-1.0,-1.0,0.0516279997661286,-1.936933455740942,-1.936933455740942,-1.936933455740942,-1.936933455740942,True,True
1996-10-31 00:00:00+00:00,1996-10,379.1,-0.0036793692509854425,-0.03561434749427628,-0.013531095498308554,-1.0,-1.0,-1.0,-1.0,0.05038190613712515,-1.9848395518785769,-1.9848395518785769,-1.9848395518785769,-1.9848395518785769,True,True
1996-11-27 00:00:00+00:00,1996-11,375.0,-0.010815088367185477,-0.0416560184002045,-0.03499742665980443,-1.0,-1.0,-1.0,-1.0,0.05106562651844837,-1.9582644298679703,-1.9582644298679703,-1.9582644298679703,-1.9582644298679703,True,True
1996-12-31 00:00:00+00:00,1996-12,369.2,-0.01546666666666674,-0.029697766097240508,-0.048698788971914486,-1.0,-1.0,-1.0,-1.0,0.05095998338438138,-1.9623240307148293,-1.9623240307148293,-1.9623240307148293,-1.9623240307148293,True,True
1997-01-31 00:00:00+00:00,1997-01,346.0,-0.06283856988082337,-0.08731205486678983,-0.15299877600979195,-1.0,-1.0,-1.0,-1.0,0.07836507551776609,-1.276078652885737,-1.276078652885737,-1.276078652885737,-1.276078652885737,True,True
1997-02-28 00:00:00+00:00,1997-02,365.1,0.05520231213872839,-0.02639999999999998,-0.08998005982053825,1.0,-1.0,-1.0,-0.3333333333333333,0.08771055675284448,1.1401136157621867,-1.1401136157621867,-1.1401136157621867,-0.3800378719207289,True,True
1997-03-31 00:00:00+00:00,1997-03,354.0,-0.030402629416598215,-0.041170097508125614,-0.11144578313253006,-1.0,-1.0,-1.0,-1.0,0.09836099588580045,-1.0166631508703152,-1.0166631508703152,-1.0166631508703152,-1.0166631508703152,True,True
1997-04-30 00:00:00+00:00,1997-04,341.2,-0.0361581920903955,-0.01387283236994219,-0.13290978398983488,-1.0,-1.0,-1.0,-1.0,0.09072666378006523,-1.1022118066901998,-1.1022118066901998,-1.1022118066901998,-1.1022118066901998,True,True
1997-05-30 00:00:00+00:00,1997-05,347.5,0.018464243845252026,-0.048205970966858414,-0.11891480730223114,1.0,-1.0,-1.0,-0.3333333333333333,0.09204082248046301,1.0864744284659824,-1.0864744284659824,-1.0864744284659824,-0.36215814282199416,True,True
1997-06-30 00:00:00+00:00,1997-06,335.3,-0.03510791366906474,-0.05282485875706211,-0.12133123689727465,-1.0,-1.0,-1.0,-1.0,0.09059666978998715,-1.1037933318278783,-1.1037933318278783,-1.1037933318278783,-1.1037933318278783,True,True
1997-07-31 00:00:00+00:00,1997-07,328.6,-0.01998210557709512,-0.03692848769050405,-0.16408038667005853,-1.0,-1.0,-1.0,-1.0,0.11872172527634935,-0.842305818646329,-0.842305818646329,-0.842305818646329,-0.842305818646329,True,True
1997-08-29 00:00:00+00:00,1997-08,327.4,-0.0036518563603166188,-0.057841726618705125,-0.16330181446460523,-1.0,-1.0,-1.0,-1.0,0.11759070740129222,-0.8504073341334546,-0.8504073341334546,-0.8504073341334546,-0.8504073341334546,True,True
1997-09-30 00:00:00+00:00,1997-09,336.9,0.029016493585827696,0.004771846107962885,-0.11458607095926421,1.0,1.0,-1.0,0.3333333333333333,0.10533751436029197,0.9493294065964405,0.9493294065964405,-0.9493294065964405,0.3164431355321468,True,True
1997-10-31 00:00:00+00:00,1997-10,312.1,-0.07361234787770843,-0.05021302495435176,-0.17673437087839616,-1.0,-1.0,-1.0,-1.0,0.1494053420982886,-0.6693201099476983,-0.6693201099476983,-0.6693201099476983,-0.6693201099476983,True,True
1997-11-26 00:00:00+00:00,1997-11,298.6,-0.04325536686959308,-0.08796579108124603,-0.20373333333333332,-1.0,-1.0,-1.0,-1.0,0.14132520162599482,-0.7075878813507129,-0.7075878813507129,-0.7075878813507129,-0.7075878813507129,True,True
1997-12-31 00:00:00+00:00,1997-12,289.9,-0.029135967849966637,-0.13950727218759273,-0.21478873239436624,-1.0,-1.0,-1.0,-1.0,0.14658293536716285,-0.6822076509077861,-0.6822076509077861,-0.6822076509077861,-0.6822076509077861,True,True
1998-01-30 00:00:00+00:00,1998-01,304.6,0.050707140393239314,-0.02403075937199617,-0.11965317919075136,1.0,-1.0,-1.0,-0.3333333333333333,0.16888614967082216,0.5921148667010948,-0.5921148667010948,-0.5921148667010948,-0.19737162223369825,True,True
1998-02-27 00:00:00+00:00,1998-02,300.1,-0.014773473407747817,0.005023442732752903,-0.178033415502602,-1.0,1.0,-1.0,-0.3333333333333333,0.1591199654911539,-0.6284566471047871,0.6284566471047871,-0.6284566471047871,-0.20948554903492903,True,True
1998-03-31 00:00:00+00:00,1998-03,303.3,0.010663112295901334,0.04622283546050365,-0.14322033898305087,1.0,1.0,-1.0,0.3333333333333333,0.149306925167779,0.6697612979949064,0.6697612979949064,-0.6697612979949064,0.2232537659983021,True,True
1998-04-30 00:00:00+00:00,1998-04,307.9,0.015166501813385969,0.010833880499014903,-0.09759671746776089,1.0,1.0,-1.0,0.3333333333333333,0.1392446850067707,0.7181602658308829,0.7181602658308829,-0.7181602658308829,0.23938675527696096,True,True
1998-05-29 00:00:00+00:00,1998-05,295.1,-0.04157193894121458,-0.016661112962345848,-0.15079136690647477,-1.0,-1.0,-1.0,-1.0,0.1322183034527102,-0.7563249367797739,-0.7563249367797739,-0.7563249367797739,-0.7563249367797739,True,True
1998-06-30 00:00:00+00:00,1998-06,298.1,0.0101660454083361,-0.017144741180349476,-0.11094542201014013,1.0,-1.0,-1.0,-0.3333333333333333,0.14254044138213165,0.7015552851552741,-0.7015552851552741,-0.7015552851552741,-0.2338517617184247,True,True
1998-07-31 00:00:00+00:00,1998-07,290.5,-0.02549480040254959,-0.05651185449821361,-0.11594643944004879,-1.0,-1.0,-1.0,-1.0,0.1333962502037927,-0.7496462595254932,-0.7496462595254932,-0.7496462595254932,-0.7496462595254932,True,True
1998-08-31 00:00:00+00:00,1998-08,278.9,-0.03993115318416529,-0.05489664520501536,-0.14813683567501523,-1.0,-1.0,-1.0,-1.0,0.13121250578812493,-0.762122477574468,-0.762122477574468,-0.762122477574468,-0.762122477574468,True,True
1998-09-30 00:00:00+00:00,1998-09,299.0,0.0720688418788098,0.0030191211003018914,-0.11249628970020775,1.0,1.0,-1.0,0.3333333333333333,0.1360450507589081,0.7350506280247913,0.7350506280247913,-0.7350506280247913,0.24501687600826375,True,True
1998-10-30 00:00:00+00:00,1998-10,293.7,-0.01772575250836128,0.011015490533562877,-0.05895546299263066,-1.0,1.0,-1.0,-0.3333333333333333,0.12893944968980275,-0.7755578315292636,0.7755578315292636,-0.7755578315292636,-0.2585192771764212,True,True
1998-11-30 00:00:00+00:00,1998-11,295.1,0.004766768811712785,0.05808533524560788,-0.011721366376423292,1.0,1.0,-1.0,0.3333333333333333,0.12179198462210167,0.8210720952637547,0.8210720952637547,-0.8210720952637547,0.27369069842125154,True,True
1998-12-31 00:00:00+00:00,1998-12,289.2,-0.01999322263639458,-0.03277591973244154,-0.002414625733011322,-1.0,-1.0,-1.0,-1.0,0.11404463373960866,-0.8768496747363324,-0.8768496747363324,-0.8768496747363324,-0.8768496747363324,True,True
1999-01-29 00:00:00+00:00,1999-01,288.2,-0.003457814661134151,-0.01872659176029967,-0.05384110308601453,-1.0,-1.0,-1.0,-1.0,0.10845414322760666,-0.9220486836555021,-0.9220486836555021,-0.9220486836555021,-0.9220486836555021,True,True
1999-02-26 00:00:00+00:00,1999-02,288.3,0.000346981263011914,-0.023043036258895366,-0.03932022659113632,1.0,-1.0,-1.0,-0.3333333333333333,0.10290814591136133,0.9717403720997343,-0.9717403720997343,-0.9717403720997343,-0.32391345736657806,True,True
1999-03-31 00:00:00+00:00,1999-03,281.9,-0.022199098161637343,-0.025242047026279413,-0.07055720408836141,-1.0,-1.0,-1.0,-1.0,0.10368045751192471,-0.9645019167522346,-0.9645019167522346,-0.9645019167522346,-0.9645019167522346,True,True
1999-04-30 00:00:00+00:00,1999-04,287.8,0.02092940759134465,-0.001387925052047101,-0.06528093536862611,1.0,-1.0,-1.0,-0.3333333333333333,0.0962945424137743,1.0384804527166605,-1.0384804527166605,-1.0384804527166605,-0.34616015090555347,True,True
1999-05-28 00:00:00+00:00,1999-05,272.0,-0.054899235580264105,-0.0565383281304197,-0.07827854964418846,-1.0,-1.0,-1.0,-1.0,0.10458130134127198,-0.9561938770839906,-0.9561938770839906,-0.9561938770839906,-0.9561938770839906,True,True
1999-06-30 00:00:00+00:00,1999-06,263.6,-0.03088235294117636,-0.06491663710535633,-0.11573297551157324,-1.0,-1.0,-1.0,-1.0,0.09961415142683192,-1.0038734313111275,-1.0038734313111275,-1.0038734313111275,-1.0038734313111275,True,True
1999-07-30 00:00:00+00:00,1999-07,258.8,-0.018209408194233778,-0.10076441973592776,-0.10912220309810672,-1.0,-1.0,-1.0,-1.0,0.10294246093265065,-0.9714164504521052,-0.9714164504521052,-0.9714164504521052,-0.9714164504521052,True,True
1999-08-31 00:00:00+00:00,1999-08,257.3,-0.005795981452859311,-0.05404411764705874,-0.07744711366081025,-1.0,-1.0,-1.0,-1.0,0.09551406932565562,-1.0469661768786083,-1.0469661768786083,-1.0469661768786083,-1.0469661768786083,True,True
1999-09-30 00:00:00+00:00,1999-09,299.5,0.16401088223863192,0.13619119878603936,0.0016722408026756952,1.0,1.0,1.0,1.0,0.24227081373022613,0.412761233845329,0.412761233845329,0.412761233845329,0.412761233845329,True,True
1999-10-29 00:00:00+00:00,1999-10,300.2,0.002337228714524242,0.15996908809891797,0.02213142662580858,1.0,1.0,1.0,1.0,0.2490345949316007,0.40155063607715136,0.40155063607715136,0.40155063607715136,0.40155063607715136,True,True
1999-11-30 00:00:00+00:00,1999-11,293.0,-0.02398401065956024,0.13874854255732605,-0.007116231785835425,-1.0,1.0,-1.0,-0.3333333333333333,0.23341159569677092,-0.4284277295713781,0.4284277295713781,-0.4284277295713781,-0.14280924319045935,True,True
1999-12-30 00:00:00+00:00,1999-12,289.6,-0.011604095563139905,-0.033055091819699456,0.0013831258644538824,-1.0,-1.0,1.0,-0.3333333333333333,0.21204659207908524,-0.4715944690245427,-0.4715944690245427,0.4715944690245427,-0.1571981563415142,True,True
2000-01-31 00:00:00+00:00,2000-01,286.2,-0.01174033149171283,-0.046635576282478386,-0.006939625260235949,-1.0,-1.0,-1.0,-1.0,0.194699313792105,-0.5136124932971129,-0.5136124932971129,-0.5136124932971129,-0.5136124932971129,True,True
2000-02-29 00:00:00+00:00,2000-02,294.2,0.02795248078266943,0.004095563139931757,0.020464793617759103,1.0,1.0,1.0,1.0,0.25071704389948696,0.39885601092237766,0.39885601092237766,0.39885601092237766,0.39885601092237766,True,True
2000-03-31 00:00:00+00:00,2000-03,281.4,-0.04350781781101298,-0.028314917127072015,-0.0017736786094360024,-1.0,-1.0,-1.0,-1.0,0.22115824367056097,-0.45216492200471975,-0.45216492200471975,-0.45216492200471975,-0.45216492200471975,True,True
2000-04-28 00:00:00+00:00,2000-04,274.7,-0.023809523809523725,-0.040181691125087404,-0.045517720639332904,-1.0,-1.0,-1.0,-1.0,0.19694108496462706,-0.5077660662728714,-0.5077660662728714,-0.5077660662728714,-0.5077660662728714,True,True
2000-05-31 00:00:00+00:00,2000-05,274.8,0.0003640334910812726,-0.06594153636981637,0.010294117647058787,1.0,-1.0,1.0,0.3333333333333333,0.17532210583511845,0.5703787296169311,-0.5703787296169311,0.5703787296169311,0.1901262432056437,True,True
2000-06-30 00:00:00+00:00,2000-06,291.5,0.0607714701601163,0.03589196872778966,0.10584218512898325,1.0,1.0,1.0,1.0,0.1792664800515023,0.5578287696130952,0.5578287696130952,0.5578287696130952,0.5578287696130952,True,True
2000-07-31 00:00:00+00:00,2000-07,283.2,-0.02847341337907383,0.030942846741900176,0.09428129829984533,-1.0,1.0,1.0,0.3333333333333333,0.16847712881075752,-0.5935523753632181,0.5935523753632181,0.5935523753632181,0.19785079178773937,True,True
2000-08-31 00:00:00+00:00,2000-08,282.1,-0.003884180790960312,0.026564774381368395,0.09638554216867479,-1.0,1.0,1.0,0.3333333333333333,0.1469931254584646,-0.680303923657006,0.680303923657006,0.680303923657006,0.2267679745523353,True,True
2000-09-29 00:00:00+00:00,2000-09,276.9,-0.018433179723502446,-0.05008576329331049,-0.07545909849749588,-1.0,-1.0,-1.0,-1.0,0.1366400688281314,-0.7318497484495708,-0.7318497484495708,-0.7318497484495708,-0.7318497484495708,True,True
2000-10-31 00:00:00+00:00,2000-10,266.4,-0.037919826652221045,-0.05932203389830515,-0.11259160559626924,-1.0,-1.0,-1.0,-1.0,0.13177052555735805,-0.7588950531769054,-0.7588950531769054,-0.7588950531769054,-0.7588950531769054,True,True
2000-11-30 00:00:00+00:00,2000-11,273.3,0.025900900900901025,-0.031194611839773123,-0.06723549488054603,1.0,-1.0,-1.0,-0.3333333333333333,0.11971724318135205,0.8353015600978746,-0.8353015600978746,-0.8353015600978746,-0.27843385336595816,True,True
2000-12-29 00:00:00+00:00,2000-12,273.6,0.001097694840834329,-0.011917659804983605,-0.05524861878453036,1.0,-1.0,-1.0,-0.3333333333333333,0.11599414240670268,0.8621124991758338,-0.8621124991758338,-0.8621124991758338,-0.2873708330586112,True,True
2001-01-31 00:00:00+00:00,2001-01,268.0,-0.020467836257309968,0.006006006006006093,-0.06359189378057295,-1.0,1.0,-1.0,-0.3333333333333333,0.1102581659851084,-0.9069623016721149,0.9069623016721149,-0.9069623016721149,-0.3023207672240383,True,True
2001-02-28 00:00:00+00:00,2001-02,267.8,-0.0007462686567163423,-0.02012440541529459,-0.08973487423521409,-1.0,-1.0,-1.0,-1.0,0.11745309972827299,-0.8514036686247479,-0.8514036686247479,-0.8514036686247479,-0.8514036686247479,True,True
2001-03-30 00:00:00+00:00,2001-03,259.2,-0.03211351755041081,-0.052631578947368585,-0.0788912579957356,-1.0,-1.0,-1.0,-1.0,0.12550440315629124,-0.7967847938806539,-0.7967847938806539,-0.7967847938806539,-0.7967847938806539,True,True
2001-04-30 00:00:00+00:00,2001-04,264.4,0.020061728395061706,-0.013432835820895606,-0.03749544958136153,1.0,-1.0,-1.0,-0.3333333333333333,0.12151240109862872,0.8229612705853157,-0.8229612705853157,-0.8229612705853157,-0.27432042352843855,True,True
2001-05-31 00:00:00+00:00,2001-05,266.9,0.009455370650529593,-0.003360716952950038,-0.028748180494905462,1.0,-1.0,-1.0,-0.3333333333333333,0.16503165993899685,0.6059443384194555,-0.6059443384194555,-0.6059443384194555,-0.2019814461398185,True,True
2001-06-29 00:00:00+00:00,2001-06,271.3,0.016485575121768514,0.04668209876543217,-0.06929674099485417,1.0,1.0,-1.0,0.3333333333333333,0.16448739042583654,0.6079493372781523,0.6079493372781523,-0.6079493372781523,0.2026497790927174,True,True
2001-07-31 00:00:00+00:00,2001-07,269.2,-0.007740508661997825,0.018154311649016597,-0.04943502824858759,-1.0,1.0,-1.0,-0.3333333333333333,0.14612113429179305,-0.6843636992326342,0.6843636992326342,-0.6843636992326342,-0.2281212330775447,True,True
2001-08-31 00:00:00+00:00,2001-08,276.5,0.027117384843982295,0.03596852753840407,-0.01985111662531025,1.0,1.0,-1.0,0.3333333333333333,0.1356475942169872,0.7372043756267148,0.7372043756267148,-0.7372043756267148,0.24573479187557157,True,True
2001-09-28 00:00:00+00:00,2001-09,294.0,0.06329113924050622,0.08367121267969035,0.06175514626218859,1.0,1.0,1.0,1.0,0.15672873658042483,0.6380450846592854,0.6380450846592854,0.6380450846592854,0.6380450846592854,True,True
2001-10-31 00:00:00+00:00,2001-10,280.5,-0.04591836734693877,0.04197622585438343,0.052927927927928,-1.0,1.0,1.0,0.3333333333333333,0.1474428094897586,-0.6782290729948822,0.6782290729948822,0.6782290729948822,0.22607635766496073,True,True
2001-11-30 00:00:00+00:00,2001-11,274.9,-0.019964349376114132,-0.005786618444846403,0.0058543724844490885,-1.0,-1.0,1.0,-0.3333333333333333,0.13179930396676393,-0.7587293482613322,-0.7587293482613322,0.7587293482613322,-0.2529097827537774,True,True
2001-12-31 00:00:00+00:00,2001-12,279.0,0.014914514368861598,-0.05102040816326525,0.019736842105263053,1.0,-1.0,1.0,0.3333333333333333,0.12494314258202802,0.8003640530679603,-0.8003640530679603,0.8003640530679603,0.2667880176893201,True,True
2002-01-31 00:00:00+00:00,2002-01,282.9,0.013978494623655857,0.00855614973262031,0.055597014925373056,1.0,1.0,1.0,1.0,0.12288603211558757,0.8137621361713365,0.8137621361713365,0.8137621361713365,0.8137621361713365,True,True
2002-02-28 00:00:00+00:00,2002-02,297.1,0.05019441498762833,0.08075663877773742,0.10941000746826002,1.0,1.0,1.0,1.0,0.1386181924580223,0.7214060306715007,0.7214060306715007,0.7214060306715007,0.7214060306715007,True,True
2002-03-28 00:00:00+00:00,2002-03,303.7,0.022214742510938912,0.08853046594982072,0.17168209876543217,1.0,1.0,1.0,1.0,0.1333323775660672,0.7500053762294102,0.7500053762294102,0.7500053762294102,0.7500053762294102,True,True
2002-04-30 00:00:00+00:00,2002-04,309.2,0.018109976950938522,0.09296571226581829,0.16944024205748875,1.0,1.0,1.0,1.0,0.1261694383927032,0.7925849656931131,0.7925849656931131,0.7925849656931131,0.7925849656931131,True,True
2002-05-31 00:00:00+00:00,2002-05,327.5,0.05918499353169482,0.10232245035341636,0.22705133008617473,1.0,1.0,1.0,1.0,0.12610674183101833,0.7929790156183634,0.7929790156183634,0.7929790156183634,0.7929790156183634,True,True
2002-06-28 00:00:00+00:00,2002-06,313.9,-0.04152671755725201,0.033585775436285825,0.15702174714338368,-1.0,1.0,1.0,0.3333333333333333,0.12689731484831882,-0.788038739192635,0.788038739192635,0.788038739192635,0.26267957973087835,True,True
2002-07-31 00:00:00+00:00,2002-07,305.2,-0.027715833067855966,-0.012936610608020649,0.13372956909361067,-1.0,-1.0,1.0,-0.3333333333333333,0.1480978713502571,-0.6752291514271411,-0.6752291514271411,0.6752291514271411,-0.22507638380904701,True,True
2002-08-30 00:00:00+00:00,2002-08,313.9,0.028505897771952782,-0.04152671755725201,0.135262206148282,1.0,-1.0,1.0,0.3333333333333333,0.15676922978014446,0.6378802788037009,-0.6378802788037009,0.6378802788037009,0.21262675960123364,True,True
2002-09-30 00:00:00+00:00,2002-09,325.2,0.035998725708824564,0.035998725708824564,0.10612244897959178,1.0,1.0,1.0,1.0,0.14393515099023171,0.6947573216968147,0.6947573216968147,0.6947573216968147,0.6947573216968147,True,True
2002-10-31 00:00:00+00:00,2002-10,318.4,-0.02091020910209107,0.04325032765399728,0.13511586452762914,-1.0,1.0,1.0,0.3333333333333333,0.13497161297365912,-0.7408965322175995,0.7408965322175995,0.7408965322175995,0.2469655107391998,True,True
2002-11-27 00:00:00+00:00,2002-11,317.8,-0.0018844221105526193,0.012424338961452897,0.15605674790833035,-1.0,1.0,1.0,0.3333333333333333,0.1283347160736859,-0.779212383518915,0.779212383518915,0.779212383518915,0.25973746117297164,True,True
2002-12-31 00:00:00+00:00,2002-12,348.2,0.0956576463184391,0.07072570725707261,0.2480286738351254,1.0,1.0,1.0,1.0,0.1364113905313825,0.7330766119343548,0.7330766119343548,0.7330766119343548,0.7330766119343548,True,True
2003-01-31 00:00:00+00:00,2003-01,369.1,0.060022975301550874,0.1592336683417086,0.30470130788264416,1.0,1.0,1.0,1.0,0.14023949237897132,0.7130659010784813,0.7130659010784813,0.7130659010784813,0.7130659010784813,True,True
2003-02-28 00:00:00+00:00,2003-02,350.3,-0.05093470604172312,0.10226557583385776,0.17906428811847852,-1.0,1.0,1.0,0.3333333333333333,0.1701526859920414,-0.5877074429767,0.5877074429767,0.5877074429767,0.1959024809922333,True,True
2003-03-31 00:00:00+00:00,2003-03,335.9,-0.04110762203825302,-0.03532452613440551,0.10602568324003947,-1.0,-1.0,1.0,-0.3333333333333333,0.17359576672994534,-0.5760509134739745,-0.5760509134739745,0.5760509134739745,-0.1920169711579915,True,True
2003-04-30 00:00:00+00:00,2003-04,339.4,0.01041976778803222,-0.08046599837442436,0.09767141009055624,1.0,-1.0,1.0,0.3333333333333333,0.1628074003668811,0.6142226936530729,-0.6142226936530729,0.6142226936530729,0.20474089788435765,True,True
2003-05-30 00:00:00+00:00,2003-05,365.6,0.07719505008839134,0.04367684841564379,0.11633587786259558,1.0,1.0,1.0,1.0,0.16285876105247776,0.614028986550973,0.614028986550973,0.614028986550973,0.614028986550973,True,True
2003-06-30 00:00:00+00:00,2003-06,346.3,-0.05278993435448576,0.030961595713009826,0.10321758521822244,-1.0,1.0,1.0,0.3333333333333333,0.17370441555763314,-0.575690604519038,0.575690604519038,0.575690604519038,0.19189686817301266,True,True
2003-07-31 00:00:00+00:00,2003-07,354.0,0.022235056309558132,0.0430170889805539,0.15989515072083882,1.0,1.0,1.0,1.0,0.16736827580954117,0.5974847952296304,0.5974847952296304,0.5974847952296304,0.5974847952296304,True,True
2003-08-29 00:00:00+00:00,2003-08,376.8,0.06440677966101704,0.03063457330415753,0.20038228735266017,1.0,1.0,1.0,1.0,0.16871014162718787,0.5927325947065939,0.5927325947065939,0.5927325947065939,0.5927325947065939,True,True
2003-09-30 00:00:00+00:00,2003-09,386.1,0.02468152866242046,0.11492925209356053,0.18726937269372712,1.0,1.0,1.0,1.0,0.1595024834997887,0.6269494857121298,0.6269494857121298,0.6269494857121298,0.6269494857121298,True,True
2003-10-31 00:00:00+00:00,2003-10,384.6,-0.0038850038850039015,0.08644067796610178,0.2079145728643217,-1.0,1.0,1.0,0.3333333333333333,0.16684618215419736,-0.5993544395734578,0.5993544395734578,0.5993544395734578,0.19978481319115257,True,True
2003-11-26 00:00:00+00:00,2003-11,398.0,0.03484139365574612,0.056263269639065694,0.2523599748269352,1.0,1.0,1.0,1.0,0.16367788441371733,0.6109560882839669,0.6109560882839669,0.6109560882839669,0.6109560882839669,True,True
2003-12-31 00:00:00+00:00,2003-12,416.1,0.0454773869346734,0.07770007770007759,0.19500287191269394,1.0,1.0,1.0,1.0,0.14794586686138061,0.6759229042450778,0.6759229042450778,0.6759229042450778,0.6759229042450778,True,True
2004-01-30 00:00:00+00:00,2004-01,402.9,-0.03172314347512628,0.04758190327613088,0.09157409916011905,-1.0,1.0,1.0,0.3333333333333333,0.1729811778121044,-0.5780975783886846,0.5780975783886846,0.5780975783886846,0.19269919279622819,True,True
2004-02-27 00:00:00+00:00,2004-02,396.8,-0.015140233308513218,-0.0030150753768843908,0.1327433628318584,-1.0,-1.0,1.0,-0.3333333333333333,0.17750784494403435,-0.563355383146748,-0.563355383146748,0.563355383146748,-0.18778512771558264,True,True
2004-03-31 00:00:00+00:00,2004-03,428.3,0.07938508064516125,0.029319875030040743,0.2750818696040489,1.0,1.0,1.0,1.0,0.17103830490132496,0.5846643537404781,0.5846643537404781,0.5846643537404781,0.5846643537404781,True,True
2004-04-30 00:00:00+00:00,2004-04,387.8,-0.0945598879290217,-0.03747828245222129,0.14260459634649392,-1.0,-1.0,1.0,-0.3333333333333333,0.184572010026497,-0.5417939588220558,-0.5417939588220558,0.5417939588220558,-0.18059798627401863,True,True
2004-05-28 00:00:00+00:00,2004-05,394.9,0.018308406395048937,-0.004788306451612989,0.08014223194748338,1.0,-1.0,1.0,0.3333333333333333,0.1839670992517833,0.5435754567349935,-0.5435754567349935,0.5435754567349935,0.1811918189116645,True,True
2004-06-30 00:00:00+00:00,2004-06,393.0,-0.004811344644213622,-0.0824188652813449,0.1348541726826451,-1.0,-1.0,1.0,-0.3333333333333333,0.17811304610794906,-0.5614411868482276,-0.5614411868482276,0.5614411868482276,-0.18714706228274253,True,True
2004-07-30 00:00:00+00:00,2004-07,393.7,0.0017811704834604924,0.015214027849406841,0.11214689265536726,1.0,1.0,1.0,1.0,0.1697674237032922,0.589041158890254,0.589041158890254,0.589041158890254,0.589041158890254,True,True
2004-08-31 00:00:00+00:00,2004-08,412.4,0.047498094996190066,0.044315016459863354,0.09447983014861983,1.0,1.0,1.0,1.0,0.16436131579951402,0.6084156695482945,0.6084156695482945,0.6084156695482945,0.6084156695482945,True,True
2004-09-30 00:00:00+00:00,2004-09,420.4,0.019398642095053376,0.06972010178117038,0.08883708883708863,1.0,1.0,1.0,1.0,0.14742928725541682,0.6782912802579925,0.6782912802579925,0.6782912802579925,0.6782912802579925,True,True
2004-10-29 00:00:00+00:00,2004-10,429.4,0.021408182683158916,0.09067818135636263,0.11648465938637531,1.0,1.0,1.0,1.0,0.14124123578163503,0.708008531974361,0.708008531974361,0.708008531974361,0.708008531974361,True,True
2004-11-30 00:00:00+00:00,2004-11,453.2,0.05542617605961819,0.09893307468477208,0.1386934673366833,1.0,1.0,1.0,1.0,0.13837874814206694,0.7226543189806481,0.7226543189806481,0.7226543189806481,0.7226543189806481,True,True
2004-12-30 00:00:00+00:00,2004-12,438.4,-0.032656663724624946,0.04281636536631783,0.05359288632540249,-1.0,1.0,1.0,0.3333333333333333,0.14754696368987272,-0.6777503074220413,0.6777503074220413,0.6777503074220413,0.22591676914068043,True,True
2005-01-31 00:00:00+00:00,2005-01,424.1,-0.03261861313868608,-0.012342803912435807,0.05261851576073484,-1.0,-1.0,1.0,-0.3333333333333333,0.14057806973701661,-0.711348506826654,-0.711348506826654,0.711348506826654,-0.237116168942218,True,True
2005-02-28 00:00:00+00:00,2005-02,437.6,0.03183211506720118,-0.034421888790820754,0.10282258064516125,1.0,-1.0,1.0,0.3333333333333333,0.13284356681913523,0.752765093518971,-0.752765093518971,0.752765093518971,0.250921697839657,True,True
2005-03-31 00:00:00+00:00,2005-03,431.1,-0.014853747714808074,-0.016651459854014505,0.006537473733364552,-1.0,-1.0,1.0,-0.3333333333333333,0.13095974639549685,-0.7635934151705,-0.7635934151705,0.7635934151705,-0.2545311383901666,True,True
2005-04-29 00:00:00+00:00,2005-04,436.1,0.0115982370679657,0.02829521339306762,0.12454873646209386,1.0,1.0,1.0,1.0,0.1222169787415741,0.8182169206739143,0.8182169206739143,0.8182169206739143,0.8182169206739143,True,True
2005-05-31 00:00:00+00:00,2005-05,418.9,-0.03944049529924343,-0.04273308957952482,0.060774879716383845,-1.0,-1.0,1.0,-0.3333333333333333,0.11545968546343616,-0.8661031735762702,-0.8661031735762702,0.8661031735762702,-0.2887010578587567,True,True
2005-06-30 00:00:00+00:00,2005-06,437.1,0.04344712341847701,0.01391788448155884,0.11221374045801524,1.0,1.0,1.0,1.0,0.11213460138414505,0.8917853968858823,0.8917853968858823,0.8917853968858823,0.8917853968858823,True,True
2005-07-29 00:00:00+00:00,2005-07,435.8,-0.0029741477922672344,-0.0006879156156844868,0.10693421386842772,-1.0,-1.0,1.0,-0.3333333333333333,0.11431720750958439,-0.8747589464308422,-0.8747589464308422,0.8747589464308422,-0.29158631547694736,True,True
2005-08-31 00:00:00+00:00,2005-08,438.1,0.005277650298302072,0.045834328001909785,0.06231813773035899,1.0,1.0,1.0,1.0,0.11528910396659135,0.8673846578682592,0.8673846578682592,0.8673846578682592,0.8673846578682592,True,True
2005-09-30 00:00:00+00:00,2005-09,471.4,0.07601004336909378,0.07847174559597336,0.12131303520456704,1.0,1.0,1.0,1.0,0.12308506519301686,0.8124462528673497,0.8124462528673497,0.8124462528673497,0.8124462528673497,True,True
2005-10-31 00:00:00+00:00,2005-10,467.1,-0.009121764955451694,0.07182193666819647,0.08779692594317656,-1.0,1.0,1.0,0.3333333333333333,0.12461238900688218,-0.8024884266882737,0.8024884266882737,0.8024884266882737,0.2674961422294245,True,True
2005-11-30 00:00:00+00:00,2005-11,497.3,0.06465424962534794,0.13512896598950008,0.09730803177405134,1.0,1.0,1.0,1.0,0.1354704858661027,0.7381681652698783,0.7381681652698783,0.7381681652698783,0.7381681652698783,True,True
2005-12-30 00:00:00+00:00,2005-12,519.5,0.04464106173336013,0.10203648705982182,0.18499087591240881,1.0,1.0,1.0,1.0,0.15587997976064305,0.6415192005641268,0.6415192005641268,0.6415192005641268,0.6415192005641268,True,True
2006-01-31 00:00:00+00:00,2006-01,573.2,0.10336862367661226,0.2271462213658746,0.35156802640886586,1.0,1.0,1.0,1.0,0.17738802735138895,0.5637359042383928,0.5637359042383928,0.5637359042383928,0.5637359042383928,True,True
2006-02-28 00:00:00+00:00,2006-02,564.0,-0.01605024424284729,0.13412427106374425,0.28884826325411317,-1.0,1.0,1.0,0.3333333333333333,0.19759136057900595,-0.5060950018612554,0.5060950018612554,0.5060950018612554,0.1686983339537518,True,True
2006-03-31 00:00:00+00:00,2006-03,586.1,0.0391843971631205,0.12820019249278158,0.3595453491069358,1.0,1.0,1.0,1.0,0.19001857172112202,0.526264349290887,0.526264349290887,0.526264349290887,0.526264349290887,True,True
2006-04-28 00:00:00+00:00,2006-04,654.8,0.1172154922368196,0.14235868806699226,0.5014904838339829,1.0,1.0,1.0,1.0,0.18846960031889412,0.5305895477615389,0.5305895477615389,0.5305895477615389,0.5305895477615389,True,True
2006-05-31 00:00:00+00:00,2006-05,646.5,-0.012675626145387864,0.14627659574468077,0.5433277631893054,-1.0,1.0,1.0,0.3333333333333333,0.2425977339978676,-0.4122050043586928,0.4122050043586928,0.4122050043586928,0.13740166811956425,True,True
2006-06-30 00:00:00+00:00,2006-06,615.2,-0.048414539829853,0.04965023033612015,0.40745824754060855,-1.0,1.0,1.0,0.3333333333333333,0.26969252831615864,-0.37079262308212974,0.37079262308212974,0.37079262308212974,0.12359754102737656,True,True
2006-07-31 00:00:00+00:00,2006-07,646.7,0.05120286085825754,-0.012370189370800144,0.48393758604864634,1.0,-1.0,1.0,0.3333333333333333,0.2904870487155117,0.34424942675477055,-0.34424942675477055,0.34424942675477055,0.11474980891825684,True,True
2006-08-31 00:00:00+00:00,2006-08,633.5,-0.020411319004175144,-0.02010827532869297,0.4460168911207487,-1.0,-1.0,1.0,-0.3333333333333333,0.26003552966933946,-0.38456283311422773,-0.38456283311422773,0.38456283311422773,-0.1281876110380759,True,True
2006-09-29 00:00:00+00:00,2006-09,603.7,-0.04704025256511435,-0.01869310793237966,0.2806533729316929,-1.0,-1.0,1.0,-0.3333333333333333,0.24852817799246876,-0.4023688613813052,-0.4023688613813052,0.4023688613813052,-0.13412295379376837,True,True
2006-10-31 00:00:00+00:00,2006-10,606.3,0.004306774888189313,-0.06247100664914196,0.2980089916506099,1.0,-1.0,1.0,0.3333333333333333,0.24078520061792377,0.4153079165304652,-0.4153079165304652,0.4153079165304652,0.13843597217682171,True,True
2006-11-30 00:00:00+00:00,2006-11,651.9,0.07521029193468576,0.0290449881610102,0.3108787452242108,1.0,1.0,1.0,1.0,0.22044076152929673,0.4536366110616522,0.4536366110616522,0.4536366110616522,0.4536366110616522,True,True
2006-12-29 00:00:00+00:00,2006-12,638.0,-0.02132228869458508,0.0568162994864998,0.22810394610202112,-1.0,1.0,1.0,0.3333333333333333,0.2004084379329228,-0.49898098618716974,0.49898098618716974,0.49898098618716974,0.16632699539572324,True,True
2007-01-31 00:00:00+00:00,2007-01,657.6,0.0307210031347962,0.08461157842652156,0.14724354501046744,1.0,1.0,1.0,1.0,0.19391719266351673,0.515684033099216,0.515684033099216,0.515684033099216,0.515684033099216,True,True
2007-02-28 00:00:00+00:00,2007-02,671.8,0.02159367396593659,0.03052615431814698,0.1911347517730495,1.0,1.0,1.0,1.0,0.19151644741174226,0.5221483655918567,0.5221483655918567,0.5221483655918567,0.5221483655918567,True,True
2007-03-30 00:00:00+00:00,2007-03,668.7,-0.004614468591842669,0.04811912225705339,0.1409315816413581,-1.0,1.0,1.0,0.3333333333333333,0.18296677107412188,-0.5465473288561719,0.5465473288561719,0.5465473288561719,0.1821824429520573,True,True
2007-04-30 00:00:00+00:00,2007-04,682.8,0.02108568864961846,0.038321167883211604,0.04276114844227252,1.0,1.0,1.0,1.0,0.16624053270783637,0.6015380146534272,0.6015380146534272,0.6015380146534272,0.6015380146534272,True,True
2007-05-31 00:00:00+00:00,2007-05,666.2,-0.024311657879320325,-0.00833581423042562,0.030471771075019305,-1.0,-1.0,1.0,-0.3333333333333333,0.1588541041532181,-0.6295084444500592,-0.6295084444500592,0.6295084444500592,-0.2098361481500197,True,True
2007-06-29 00:00:00+00:00,2007-06,651.1,-0.022665866106274413,-0.026319724839240388,0.05835500650195047,-1.0,-1.0,1.0,-0.3333333333333333,0.15505803331446757,-0.6449198268701992,-0.6449198268701992,0.6449198268701992,-0.2149732756233997,True,True
2007-07-31 00:00:00+00:00,2007-07,678.6,0.042236215635079066,-0.0061511423550086874,0.049327354260089606,1.0,-1.0,1.0,0.3333333333333333,0.14903519175109312,0.6709824627663254,-0.6709824627663254,0.6709824627663254,0.22366082092210846,True,True
2007-08-31 00:00:00+00:00,2007-08,681.5,0.004273504273504258,0.02296607625337721,0.07576953433307021,1.0,1.0,1.0,1.0,0.15524298958513236,0.6441514703320105,0.6441514703320105,0.6441514703320105,0.6441514703320105,True,True
2007-09-28 00:00:00+00:00,2007-09,749.4,0.09963316214233298,0.15097527261557353,0.24134503892661896,1.0,1.0,1.0,1.0,0.1493341924773835,0.6696390045779027,0.6696390045779027,0.6696390045779027,0.6696390045779027,True,True
2007-10-31 00:00:00+00:00,2007-10,795.2,0.06111555911395783,0.1718243442381373,0.31156193303645074,1.0,1.0,1.0,1.0,0.15188387985083113,0.6583977186928096,0.6583977186928096,0.6583977186928096,0.6583977186928096,True,True
2007-11-30 00:00:00+00:00,2007-11,789.0,-0.0077967806841047205,0.15774027879677188,0.2103083294983894,-1.0,1.0,1.0,0.3333333333333333,0.18933248413237724,-0.5281713830474127,0.5281713830474127,0.5281713830474127,0.1760571276824709,True,True
2007-12-31 00:00:00+00:00,2007-12,837.9,0.06197718631178706,0.11809447558046426,0.31332288401253905,1.0,1.0,1.0,1.0,0.18185736028784136,0.5498815106615501,0.5498815106615501,0.5498815106615501,0.5498815106615501,True,True
2008-01-31 00:00:00+00:00,2008-01,927.8,0.10729203962286671,0.16675050301810845,0.4108880778588806,1.0,1.0,1.0,1.0,0.19576674278928785,0.5108119927583119,0.5108119927583119,0.5108119927583119,0.5108119927583119,True,True
2008-02-29 00:00:00+00:00,2008-02,973.9,0.04968743263634412,0.23434727503168573,0.449687406966359,1.0,1.0,1.0,1.0,0.18916762541012916,0.5286316819973436,0.5286316819973436,0.5286316819973436,0.5286316819973436,True,True
2008-03-31 00:00:00+00:00,2008-03,920.7,-0.054625731594619475,0.0988184747583245,0.37685060565275896,-1.0,1.0,1.0,0.3333333333333333,0.22567609279096626,-0.4431129534515008,0.4431129534515008,0.4431129534515008,0.14770431781716692,True,True
2008-04-30 00:00:00+00:00,2008-04,864.4,-0.06114912566525477,-0.06833369260616506,0.26596367896895146,-1.0,-1.0,1.0,-0.3333333333333333,0.23164847242332434,-0.4316885794837262,-0.4316885794837262,0.4316885794837262,-0.14389619316124205,True,True
2008-05-30 00:00:00+00:00,2008-05,889.7,0.02926885701064319,-0.08645651504261209,0.33548483938757134,1.0,-1.0,1.0,0.3333333333333333,0.22565783140129345,0.4431488124255138,-0.4431488124255138,0.4431488124255138,0.14771627080850458,True,True
2008-06-30 00:00:00+00:00,2008-06,928.0,0.04304821850061824,0.007928749864233753,0.4252802948855783,1.0,1.0,1.0,1.0,0.23123549530382967,0.4324595575977899,0.4324595575977899,0.4324595575977899,0.4324595575977899,True,True
2008-07-31 00:00:00+00:00,2008-07,922.0,-0.006465517241379337,0.06663581675150398,0.3586796345417034,-1.0,1.0,1.0,0.3333333333333333,0.22016385305819836,-0.45420716712096193,0.45420716712096193,0.45420716712096193,0.15140238904032063,True,True
2008-08-29 00:00:00+00:00,2008-08,834.8,-0.09457700650759227,-0.061706193098797435,0.22494497432134986,-1.0,-1.0,1.0,-0.3333333333333333,0.23589886358586692,-0.42391047790529146,-0.42391047790529146,0.42391047790529146,-0.14130349263509714,True,True
2008-09-30 00:00:00+00:00,2008-09,868.5,0.040368950646861634,-0.06411637931034486,0.15892714171337063,1.0,-1.0,1.0,0.3333333333333333,0.3491826310208018,0.286383087577007,-0.286383087577007,0.286383087577007,0.09546102919233565,True,True
2008-10-31 00:00:00+00:00,2008-10,723.9,-0.16649395509499143,-0.2148590021691974,-0.08966297786720334,-1.0,-1.0,-1.0,-1.0,0.3947754804886968,-0.25330853850449103,-0.25330853850449103,-0.25330853850449103,-0.25330853850449103,True,True
2008-11-28 00:00:00+00:00,2008-11,818.1,0.1301284707832575,-0.020004791566842317,0.03688212927756651,1.0,-1.0,1.0,0.3333333333333333,0.40640609471031813,0.24605930201730591,-0.24605930201730591,0.24605930201730591,0.08201976733910198,True,True
2008-12-31 00:00:00+00:00,2008-12,880.2,0.07590759075907583,0.013471502590673534,0.050483351235230955,1.0,1.0,1.0,1.0,0.38261977139510633,0.2613560706373863,0.2613560706373863,0.2613560706373863,0.2613560706373863,True,True
2009-01-30 00:00:00+00:00,2009-01,928.8,0.05521472392638027,0.2830501450476586,0.001077818495365479,1.0,1.0,1.0,1.0,0.3653562680773766,0.2737054451706344,0.2737054451706344,0.2737054451706344,0.2737054451706344,True,True
2009-02-27 00:00:00+00:00,2009-02,941.5,0.013673557278208515,0.1508373059528174,-0.03326830270048253,1.0,1.0,-1.0,0.3333333333333333,0.343392776096077,0.291211717197048,0.291211717197048,-0.291211717197048,0.097070572399016,True,True
2009-03-31 00:00:00+00:00,2009-03,920.6,-0.022198619224641503,0.0458986593955919,-0.00010861301183884287,-1.0,1.0,-1.0,-0.3333333333333333,0.31709267455785967,-0.31536521661825107,0.31536521661825107,-0.31536521661825107,-0.10512173887275035,True,True
2009-04-30 00:00:00+00:00,2009-04,888.7,-0.03465131436019986,-0.04317398794142968,0.028111985192040834,-1.0,-1.0,1.0,-0.3333333333333333,0.2897047570139135,-0.34517900579450045,-0.34517900579450045,0.34517900579450045,-0.11505966859816681,True,True
2009-05-29 00:00:00+00:00,2009-05,979.8,0.10250928322268482,0.040679766330323996,0.10127009104192419,1.0,1.0,1.0,1.0,0.25804835109582575,0.387524274328206,0.387524274328206,0.387524274328206,0.387524274328206,True,True
2009-06-30 00:00:00+00:00,2009-06,927.8,-0.053072055521535044,0.007820986313273881,-0.00021551724137935935,-1.0,1.0,-1.0,-0.3333333333333333,0.23568704256145875,-0.4242914625818837,0.4242914625818837,-0.4242914625818837,-0.14143048752729456,True,True
2009-07-31 00:00:00+00:00,2009-07,953.1,0.02726880793274411,0.07246539889726566,0.033731019522776684,1.0,1.0,1.0,1.0,0.21098636422650643,0.4739642790026186,0.4739642790026186,0.4739642790026186,0.4739642790026186,True,True
2009-08-31 00:00:00+00:00,2009-08,952.3,-0.0008393662784598188,-0.028066952439273374,0.1407522759942501,-1.0,-1.0,1.0,-0.3333333333333333,0.1915723753876193,-0.5219959286805539,-0.5219959286805539,0.5219959286805539,-0.17399864289351794,True,True
2009-09-30 00:00:00+00:00,2009-09,1007.9,0.05838496272183136,0.08633326147876708,0.16050662061024745,1.0,1.0,1.0,1.0,0.1784840113421197,0.5602742746985843,0.5602742746985843,0.5602742746985843,0.5602742746985843,True,True
2009-10-30 00:00:00+00:00,2009-10,1045.3,0.037106855838872965,0.09673696359248751,0.4439839756872497,1.0,1.0,1.0,1.0,0.17553475676531952,0.569687746419899,0.569687746419899,0.569687746419899,0.569687746419899,True,True
2009-11-30 00:00:00+00:00,2009-11,1179.6,0.128479862240505,0.2386852882495012,0.44187752108544176,1.0,1.0,1.0,1.0,0.17228960888011893,0.5804180568404513,0.5804180568404513,0.5804180568404513,0.5804180568404513,True,True
2009-12-31 00:00:00+00:00,2009-12,1097.2,-0.06985418786029152,0.08860005952971539,0.24653487843671895,-1.0,1.0,1.0,0.3333333333333333,0.1974281404125106,-0.5065134068074483,0.5065134068074483,0.5065134068074483,0.1688378022691494,True,True
2010-01-29 00:00:00+00:00,2010-01,1081.5,-0.014309150565074757,0.03463120635224337,0.1644056847545221,-1.0,1.0,1.0,0.3333333333333333,0.19230103693734843,-0.5200179967442399,0.5200179967442399,0.5200179967442399,0.17333933224807993,True,True
2010-02-26 00:00:00+00:00,2010-02,1117.7,0.03347202958853446,-0.052475415395049074,0.1871481678173128,1.0,-1.0,1.0,0.3333333333333333,0.19751968756052182,0.5062786461190564,-0.5062786461190564,0.5062786461190564,0.1687595487063521,True,True
2010-03-31 00:00:00+00:00,2010-03,1113.9,-0.0033998389549968477,0.015220561429092339,0.20997175754942443,-1.0,1.0,1.0,0.3333333333333333,0.18349548403907254,-0.5449725399166039,0.5449725399166039,0.5449725399166039,0.18165751330553462,True,True
2010-04-30 00:00:00+00:00,2010-04,1179.2,0.058622856629859,0.09033749422098936,0.3268819624170136,1.0,1.0,1.0,1.0,0.16929280732976187,0.5906925496557697,0.5906925496557697,0.5906925496557697,0.5906925496557697,True,True
2010-05-31 00:00:00+00:00,2010-05,1217.9,0.032818860244233417,0.08964838507649642,0.24300877730149018,1.0,1.0,1.0,1.0,0.17116526958612596,0.5842306692344651,0.5842306692344651,0.5842306692344651,0.5842306692344651,True,True
2010-06-30 00:00:00+00:00,2010-06,1242.6,0.02028081123244907,0.11553999461351983,0.33929726234102175,1.0,1.0,1.0,1.0,0.16475968962778886,0.606944576224388,0.606944576224388,0.606944576224388,0.606944576224388,True,True
2010-07-30 00:00:00+00:00,2010-07,1182.9,-0.04804442298406553,0.003137720488466833,0.24110796348756702,-1.0,1.0,1.0,0.3333333333333333,0.16592783321281493,-0.6026716438329095,0.6026716438329095,0.6026716438329095,0.20089054794430314,True,True
2010-08-31 00:00:00+00:00,2010-08,1249.2,0.05604869388790257,0.025699975367435623,0.3117715005775492,1.0,1.0,1.0,1.0,0.14588243795188185,0.6854834715127547,0.6854834715127547,0.6854834715127547,0.6854834715127547,True,True
2010-09-30 00:00:00+00:00,2010-09,1309.9,0.04859109830291386,0.05416063093513612,0.2996329000892948,1.0,1.0,1.0,1.0,0.13262313378101198,0.7540162651044012,0.7540162651044012,0.7540162651044012,0.7540162651044012,True,True
2010-10-29 00:00:00+00:00,2010-10,1359.1,0.03756011909306034,0.14895595570208786,0.30020089926336935,1.0,1.0,1.0,1.0,0.1461936408967487,0.6840242803079678,0.6840242803079678,0.6840242803079678,0.6840242803079678,True,True
2010-11-30 00:00:00+00:00,2010-11,1387.6,0.020969759399602772,0.11079090617995502,0.17633095964733814,1.0,1.0,1.0,1.0,0.15835939725809625,0.6314749975779377,0.6314749975779377,0.6314749975779377,0.6314749975779377,True,True
2010-12-31 00:00:00+00:00,2010-12,1421.6,0.02450273854136631,0.08527368501412314,0.29566168428727657,1.0,1.0,1.0,1.0,0.1528890926815344,0.6540688956032884,0.6540688956032884,0.6540688956032884,0.6540688956032884,True,True
2011-01-31 00:00:00+00:00,2011-01,1333.2,-0.0621834552616769,-0.01905672871753361,0.23273231622746193,-1.0,-1.0,1.0,-0.3333333333333333,0.15765700746864564,-0.63428833012632,-0.63428833012632,0.63428833012632,-0.21142944337543998,True,True
2011-02-28 00:00:00+00:00,2011-02,1412.3,0.05933093309330917,0.01780051888152201,0.26357698845844135,1.0,1.0,1.0,1.0,0.14575888262634495,0.6860645347862022,0.6860645347862022,0.6860645347862022,0.6860645347862022,True,True
2011-03-31 00:00:00+00:00,2011-03,1432.5,0.01430291014656948,0.007667416994935339,0.2860220845677348,1.0,1.0,1.0,1.0,0.1416993505320143,0.7057195366425261,0.7057195366425261,0.7057195366425261,0.7057195366425261,True,True
2011-04-29 00:00:00+00:00,2011-04,1563.7,0.091588132635253,0.17289228922892286,0.32606852103120754,1.0,1.0,1.0,1.0,0.1345627857067792,0.7431475164159154,0.7431475164159154,0.7431475164159154,0.7431475164159154,True,True
2011-05-31 00:00:00+00:00,2011-05,1535.7,-0.01790624800153484,0.08737520356864703,0.2609409639543476,-1.0,1.0,1.0,0.3333333333333333,0.14235319111795303,-0.7024781054408579,0.7024781054408579,0.7024781054408579,0.23415936848028596,True,True
2011-06-30 00:00:00+00:00,2011-06,1500.6,-0.022856026567689036,0.047539267015706654,0.20762916465475612,-1.0,1.0,1.0,0.3333333333333333,0.13238557831209216,-0.7553692877652819,0.7553692877652819,0.7553692877652819,0.2517897625884273,True,True
2011-07-29 00:00:00+00:00,2011-07,1628.15,0.08499933359989353,0.04121634584638989,0.37640544424718914,1.0,1.0,1.0,1.0,0.12808445813477884,0.7807348483667977,0.7807348483667977,0.7807348483667977,0.7807348483667977,True,True
2011-08-31 00:00:00+00:00,2011-08,1824.15,0.12038202868286096,0.1878296542293416,0.460254562920269,1.0,1.0,1.0,1.0,0.2203015009620356,0.4539233712131309,0.4539233712131309,0.4539233712131309,0.4539233712131309,True,True
2011-09-30 00:00:00+00:00,2011-09,1625.55,-0.10887262560644695,0.08326669332267089,0.2409725933277349,-1.0,1.0,1.0,0.3333333333333333,0.2540923673154881,-0.39355766982105855,0.39355766982105855,0.39355766982105855,0.13118588994035285,True,True
2011-10-31 00:00:00+00:00,2011-10,1711.65,0.05296668819784078,0.05128520099499423,0.259399602678243,1.0,1.0,1.0,1.0,0.24319852225880945,0.4111867089948063,0.4111867089948063,0.4111867089948063,0.4111867089948063,True,True
2011-11-30 00:00:00+00:00,2011-11,1753.05,0.024187187801244292,-0.038977057807746185,0.26336840588065735,1.0,-1.0,1.0,0.3333333333333333,0.23354862700832868,0.4281763557378304,-0.4281763557378304,0.4281763557378304,0.14272545191261013,True,True
2011-12-30 00:00:00+00:00,2011-12,1566.15,-0.10661418670317435,-0.036541478268893535,0.10168120427687133,-1.0,-1.0,1.0,-0.3333333333333333,0.23384281863028053,-0.427637678102512,-0.427637678102512,0.427637678102512,-0.14254589270083734,True,True
2012-01-31 00:00:00+00:00,2012-01,1739.65,0.11078121508156946,0.016358484503257165,0.3048679867986799,1.0,1.0,1.0,1.0,0.2146832783052491,0.4658024639339363,0.4658024639339363,0.4658024639339363,0.4658024639339363,True,True
2012-02-29 00:00:00+00:00,2012-02,1698.05,-0.023912856034259855,-0.031373891218162586,0.20232953338525816,-1.0,-1.0,1.0,-0.3333333333333333,0.1918111139952661,-0.5213462239861034,-0.5213462239861034,0.5213462239861034,-0.17378207466203444,True,True
2012-03-30 00:00:00+00:00,2012-03,1669.75,-0.01666617590765873,0.06614947482680456,0.1656195462478185,-1.0,1.0,1.0,0.3333333333333333,0.1995589130527149,-0.50110515471481,0.50110515471481,0.50110515471481,0.1670350515716033,True,True
2012-04-30 00:00:00+00:00,2012-04,1664.55,-0.003114238658481816,-0.043169603081079644,0.06449446824838523,-1.0,-1.0,1.0,-0.3333333333333333,0.17991485369324867,-0.5558184771697509,-0.5558184771697509,0.5558184771697509,-0.1852728257232503,True,True
2012-05-31 00:00:00+00:00,2012-05,1561.25,-0.062058814694662234,-0.08056299873384176,0.016637364068502913,-1.0,-1.0,1.0,-0.3333333333333333,0.17231623818159536,-0.5803283605496022,-0.5803283605496022,0.5803283605496022,-0.1934427868498674,True,True
2012-06-29 00:00:00+00:00,2012-06,1597.85,0.023442754203362615,-0.043060338374008134,0.06480741036918558,1.0,-1.0,1.0,0.3333333333333333,0.17906501738438863,0.5584563722200173,-0.5584563722200173,0.5584563722200173,0.1861521240733391,True,True
2012-07-31 00:00:00+00:00,2012-07,1615.55,0.011077385236411441,-0.029437385479558986,-0.0077388447010411365,1.0,-1.0,-1.0,-0.3333333333333333,0.1695869389389929,0.5896680524198502,-0.5896680524198502,-0.5896680524198502,-0.19655601747328338,True,True
2012-08-31 00:00:00+00:00,2012-08,1691.65,0.047104701185354925,0.08352281825460373,-0.07263657045747329,1.0,1.0,-1.0,0.3333333333333333,0.1497639068992298,0.6677176234944648,0.6677176234944648,-0.6677176234944648,0.22257254116482159,True,True
2012-09-28 00:00:00+00:00,2012-09,1774.35,0.048887181154493975,0.11046093187721007,0.09153824859278403,1.0,1.0,1.0,1.0,0.14775385648751538,0.6768012854436027,0.6768012854436027,0.6768012854436027,0.6768012854436027,True,True
2012-10-31 00:00:00+00:00,2012-10,1720.15,-0.0305463972722404,0.06474575222060608,0.004965968509917262,-1.0,1.0,1.0,0.3333333333333333,0.1323203370199324,-0.7557417268740501,0.7557417268740501,0.7557417268740501,0.2519139089580167,True,True
2012-11-30 00:00:00+00:00,2012-11,1716.55,-0.002092840740633206,0.014719356840954045,-0.020820855081144285,-1.0,1.0,-1.0,-0.3333333333333333,0.1310585405357927,-0.7630178055636866,0.7630178055636866,-0.7630178055636866,-0.25433926852122885,True,True
2012-12-31 00:00:00+00:00,2012-12,1675.85,-0.02371034924703619,-0.05551328655564014,0.07004437633687699,-1.0,-1.0,1.0,-0.3333333333333333,0.12244599760566549,-0.8166865553421165,-0.8166865553421165,0.8166865553421165,-0.2722288517807055,True,True
2013-01-31 00:00:00+00:00,2013-01,1664.65,-0.006683175701882482,-0.03226462808476005,-0.04311212025407407,-1.0,-1.0,-1.0,-1.0,0.11672585310533197,-0.8567082384890453,-0.8567082384890453,-0.8567082384890453,-0.8567082384890453,True,True
2013-02-28 00:00:00+00:00,2013-02,1578.7,-0.05163247529510706,-0.08030642859223436,-0.07028650510880119,-1.0,-1.0,-1.0,-1.0,0.12569863049450677,-0.7955536158714964,-0.7955536158714964,-0.7955536158714964,-0.7955536158714964,True,True
2013-03-28 00:00:00+00:00,2013-03,1597.15,0.011686830936846748,-0.04696124354805009,-0.04347956280880361,1.0,-1.0,-1.0,-0.3333333333333333,0.11314785605985164,0.8837993355093106,-0.8837993355093106,-0.8837993355093106,-0.29459977850310354,True,True
2013-04-30 00:00:00+00:00,2013-04,1476.55,-0.07550950129918921,-0.11299672603850663,-0.11294343816647145,-1.0,-1.0,-1.0,-1.0,0.23296752746611074,-0.42924437189876935,-0.42924437189876935,-0.42924437189876935,-0.42924437189876935,True,True
2013-05-31 00:00:00+00:00,2013-05,1387.35,-0.06041109342724593,-0.12120732248052202,-0.11138510808646929,-1.0,-1.0,-1.0,-1.0,0.22139158891277358,-0.4516883432251763,-0.4516883432251763,-0.4516883432251763,-0.4516883432251763,True,True
2013-06-28 00:00:00+00:00,2013-06,1233.75,-0.11071467185641681,-0.2275302883260809,-0.22786869856369496,-1.0,-1.0,-1.0,-1.0,0.2482126544326456,-0.4028803455995261,-0.4028803455995261,-0.4028803455995261,-0.4028803455995261,True,True
2013-07-31 00:00:00+00:00,2013-07,1322.55,0.0719756838905774,-0.10429717923537973,-0.18136238432731888,1.0,-1.0,-1.0,-0.3333333333333333,0.23712480294330104,0.4217188533580396,-0.4217188533580396,-0.4217188533580396,-0.1405729511193465,True,True
2013-08-30 00:00:00+00:00,2013-08,1395.0,0.05478053759782253,0.005514109633473874,-0.17536133360919814,1.0,1.0,-1.0,0.3333333333333333,0.21852702511326347,0.4576093046073802,0.4576093046073802,-0.4576093046073802,0.1525364348691267,True,True
2013-09-30 00:00:00+00:00,2013-09,1328.2,-0.04788530465949814,0.07655521783181363,-0.2514441908304449,-1.0,1.0,-1.0,-0.3333333333333333,0.22981826667801555,-0.4351264216090531,0.4351264216090531,-0.4351264216090531,-0.14504214053635103,True,True
2013-10-31 00:00:00+00:00,2013-10,1322.8,-0.0040656527631381945,0.00018902877017890063,-0.2309972967473768,-1.0,1.0,-1.0,-0.3333333333333333,0.21791970029710547,-0.4588846252250846,0.4588846252250846,-0.4588846252250846,-0.15296154174169485,True,True
2013-11-29 00:00:00+00:00,2013-11,1250.8,-0.05442999697611128,-0.10336917562724013,-0.27132911945472027,-1.0,-1.0,-1.0,-1.0,0.19972703851745077,-0.5006833363288601,-0.5006833363288601,-0.5006833363288601,-0.5006833363288601,True,True
2013-12-31 00:00:00+00:00,2013-12,1203.6,-0.037735849056603765,-0.09381117301611208,-0.2817972968941135,-1.0,-1.0,-1.0,-1.0,0.19997953910873828,-0.5000511574617906,-0.5000511574617906,-0.5000511574617906,-0.5000511574617906,True,True
2014-01-31 00:00:00+00:00,2014-01,1244.2,0.033732136922565825,-0.05941941336558809,-0.25257561649596016,1.0,-1.0,-1.0,-0.3333333333333333,0.18855492449793732,0.5303494473362002,-0.5303494473362002,-0.5303494473362002,-0.17678314911206672,True,True
2014-02-28 00:00:00+00:00,2014-02,1326.4,0.06606654878636875,0.06044131755676374,-0.159815037689238,1.0,1.0,-1.0,0.3333333333333333,0.17083005358391387,0.5853770920400652,0.5853770920400652,-0.5853770920400652,0.19512569734668836,True,True
2014-03-31 00:00:00+00:00,2014-03,1284.4,-0.031664656212303965,0.06713193752077107,-0.19581755001095702,-1.0,1.0,-1.0,-0.3333333333333333,0.16748139078229876,-0.5970812609860957,0.5970812609860957,-0.5970812609860957,-0.1990270869953652,True,True
2014-04-30 00:00:00+00:00,2014-04,1291.3,0.0053721582061661,0.037855650217006875,-0.12546137956723447,1.0,1.0,-1.0,0.3333333333333333,0.15334628929637148,0.6521188119963607,0.6521188119963607,-0.6521188119963607,0.2173729373321202,True,True
2014-05-30 00:00:00+00:00,2014-05,1249.7,-0.03221559668551066,-0.05782569360675516,-0.09921793347028496,-1.0,-1.0,-1.0,-1.0,0.14270321409244344,-0.7007550645300799,-0.7007550645300799,-0.7007550645300799,-0.7007550645300799,True,True
2014-06-30 00:00:00+00:00,2014-06,1327.9,0.06257501800432097,0.03386795390843966,0.07631205673758878,1.0,1.0,1.0,1.0,0.140305685775917,0.7127294909467216,0.7127294909467216,0.7127294909467216,0.7127294909467216,True,True
2014-07-31 00:00:00+00:00,2014-07,1283.3,-0.033586866480909805,-0.006195307054905896,-0.029677516918074964,-1.0,-1.0,-1.0,-1.0,0.13424218437620156,-0.7449223242655161,-0.7449223242655161,-0.7449223242655161,-0.7449223242655161,True,True
2014-08-29 00:00:00+00:00,2014-08,1288.2,0.0038182809943116958,0.03080739377450592,-0.07655913978494622,1.0,1.0,-1.0,0.3333333333333333,0.12332257914984826,0.8108815165022686,0.8108815165022686,-0.8108815165022686,0.27029383883408953,True,True
2014-09-30 00:00:00+00:00,2014-09,1209.3,-0.06124825337680495,-0.08931395436403355,-0.08951965065502188,-1.0,-1.0,-1.0,-1.0,0.11626010531404195,-0.8601402839768627,-0.8601402839768627,-0.8601402839768627,-0.8601402839768627,True,True
2014-10-31 00:00:00+00:00,2014-10,1172.2,-0.030678905151740654,-0.08657367723836973,-0.11384941034169938,-1.0,-1.0,-1.0,-1.0,0.1175889115443466,-0.850420321836951,-0.850420321836951,-0.850420321836951,-0.850420321836951,True,True
2014-11-28 00:00:00+00:00,2014-11,1165.8,-0.005459819143490918,-0.09501630181648824,-0.06795650783498564,-1.0,-1.0,-1.0,-1.0,0.1485119955770468,-0.6733462816350133,-0.6733462816350133,-0.6733462816350133,-0.6733462816350133,True,True
2014-12-31 00:00:00+00:00,2014-12,1184.1,0.015697375193000518,-0.020838501612503113,-0.016201395812562303,1.0,-1.0,-1.0,-0.3333333333333333,0.1744124417307904,0.5733535922531966,-0.5733535922531966,-0.5733535922531966,-0.19111786408439885,True,True
2015-01-30 00:00:00+00:00,2015-01,1284.2,0.08453677898826117,0.09554683501109018,0.03214917215881696,1.0,1.0,1.0,1.0,0.17566257898200238,0.5692732087819659,0.5692732087819659,0.5692732087819659,0.5692732087819659,True,True
2015-02-27 00:00:00+00:00,2015-02,1212.9,-0.05552094689300724,0.04040144107050958,-0.08556996381182147,-1.0,1.0,-1.0,-0.3333333333333333,0.16845911690782864,-0.5936158388786662,0.5936158388786662,-0.5936158388786662,-0.19787194629288873,True,True
2015-03-31 00:00:00+00:00,2015-03,1183.1,-0.02456921427982539,-0.000844523266615993,-0.07886951105574602,-1.0,-1.0,-1.0,-1.0,0.15723252301624924,-0.6360007337010389,-0.6360007337010389,-0.6360007337010389,-0.6360007337010389,True,True
2015-04-30 00:00:00+00:00,2015-04,1183.4,0.00025357112670110205,-0.0784924466593988,-0.08355920390304339,1.0,-1.0,-1.0,-0.3333333333333333,0.1535976867598121,0.6510514716043523,-0.6510514716043523,-0.6510514716043523,-0.21701715720145073,True,True
2015-05-29 00:00:00+00:00,2015-05,1190.7,0.006168666553996838,-0.01830324016819196,-0.04721133071937267,1.0,-1.0,-1.0,-0.3333333333333333,0.14654751601582966,0.6823725349885718,-0.6823725349885718,-0.6823725349885718,-0.22745751166285724,True,True
2015-06-30 00:00:00+00:00,2015-06,1172.2,-0.015537079029142475,-0.009213084270137673,-0.11725280518111303,-1.0,-1.0,-1.0,-1.0,0.13180953559604996,-0.7586704523902198,-0.7586704523902198,-0.7586704523902198,-0.7586704523902198,True,True
2015-07-31 00:00:00+00:00,2015-07,1094.9,-0.06594437809247566,-0.0747845191820179,-0.14680900802618235,-1.0,-1.0,-1.0,-1.0,0.1333353735940015,-0.7499885237093513,-0.7499885237093513,-0.7499885237093513,-0.7499885237093513,True,True
2015-08-31 00:00:00+00:00,2015-08,1133.9,0.035619691296008726,-0.047703031830015896,-0.11977953733892244,1.0,-1.0,-1.0,-0.3333333333333333,0.13484966658409392,0.7415665350395121,-0.7415665350395121,-0.7415665350395121,-0.24718884501317068,True,True
2015-09-30 00:00:00+00:00,2015-09,1114.3,-0.017285474909604193,-0.049394301313769096,-0.078557843380468,-1.0,-1.0,-1.0,-1.0,0.13421768866037534,-0.7450582780712323,-0.7450582780712323,-0.7450582780712323,-0.7450582780712323,True,True
2015-10-30 00:00:00+00:00,2015-10,1141.8,0.024679170779861703,0.042834962096995,-0.02593414093158175,1.0,1.0,-1.0,0.3333333333333333,0.13292375795500855,0.7523109603465136,0.7523109603465136,-0.7523109603465136,0.2507703201155045,True,True
2015-11-30 00:00:00+00:00,2015-11,1063.9,-0.06822560868803629,-0.061733838962871546,-0.08740778864299181,-1.0,-1.0,-1.0,-1.0,0.1285190465711067,-0.7780947856991163,-0.7780947856991163,-0.7780947856991163,-0.7780947856991163,True,True
2015-12-31 00:00:00+00:00,2015-12,1060.4,-0.003289782874330349,-0.04837117472852903,-0.1044675280803985,-1.0,-1.0,-1.0,-1.0,0.1390400552569329,-0.7192172055398672,-0.7192172055398672,-0.7192172055398672,-0.7192172055398672,True,True
2016-01-29 00:00:00+00:00,2016-01,1117.6,0.053941908713692754,-0.021194605009633993,-0.12973057156206214,1.0,-1.0,-1.0,-0.3333333333333333,0.138755250862505,0.7206934467589392,-0.7206934467589392,-0.7206934467589392,-0.2402311489196464,True,True
2016-02-29 00:00:00+00:00,2016-02,1239.3,0.10889405869720825,0.16486511890215239,0.021766015335147104,1.0,1.0,1.0,1.0,0.16725876716566204,0.5978759839892557,0.5978759839892557,0.5978759839892557,0.5978759839892557,True,True
2016-03-31 00:00:00+00:00,2016-03,1233.6,-0.004599370612442533,0.16333459072048262,0.04268447299467493,-1.0,1.0,1.0,0.3333333333333333,0.1736249963318808,-0.5759539358540976,0.5759539358540976,0.5759539358540976,0.1919846452846992,True,True
2016-04-29 00:00:00+00:00,2016-04,1295.2,0.049935149156939085,0.15891195418754478,0.09447355078587116,1.0,1.0,1.0,1.0,0.16533275438261252,0.6048408276594748,0.6048408276594748,0.6048408276594748,0.6048408276594748,True,True
2016-05-31 00:00:00+00:00,2016-05,1217.65,-0.05987492279184681,-0.017469539256031563,0.02263374485596703,-1.0,-1.0,1.0,-0.3333333333333333,0.15969061884795463,-0.6262108614859365,-0.6262108614859365,0.6262108614859365,-0.20873695382864552,True,True
2016-06-30 00:00:00+00:00,2016-06,1323.5,0.08692974171559964,0.07287613488975375,0.12907353693908874,1.0,1.0,1.0,1.0,0.18589197320548687,0.5379468423279309,0.5379468423279309,0.5379468423279309,0.5379468423279309,True,True
2016-07-29 00:00:00+00:00,2016-07,1358.05,0.026105024556101197,0.04852532427424339,0.24034158370627434,1.0,1.0,1.0,1.0,0.17188721901142995,0.5817768218901158,0.5817768218901158,0.5817768218901158,0.5817768218901158,True,True
2016-08-31 00:00:00+00:00,2016-08,1311.85,-0.03401936600272448,0.07736213197552644,0.1569362377634711,-1.0,1.0,1.0,0.3333333333333333,0.15340612424184052,-0.6518644577862664,0.6518644577862664,0.6518644577862664,0.21728815259542214,True,True
2016-09-30 00:00:00+00:00,2016-09,1318.75,0.005259747684567717,-0.003588968643747692,0.18347841694337252,1.0,-1.0,1.0,0.3333333333333333,0.14039460118920008,0.7122781015292527,-0.7122781015292527,0.7122781015292527,0.23742603384308425,True,True
2016-10-31 00:00:00+00:00,2016-10,1277.45,-0.0313175355450237,-0.05934980302639803,0.1188036433701174,-1.0,-1.0,1.0,-0.3333333333333333,0.1367863317744588,-0.7310671958429719,-0.7310671958429719,0.7310671958429719,-0.2436890652809906,True,True
2016-11-30 00:00:00+00:00,2016-11,1174.5,-0.08059023836549384,-0.10469947021382009,0.10395713882883717,-1.0,-1.0,1.0,-0.3333333333333333,0.14176893377572897,-0.7053731543061104,-0.7053731543061104,0.7053731543061104,-0.23512438476870343,True,True
2016-12-30 00:00:00+00:00,2016-12,1152.0,-0.019157088122605415,-0.12644549763033175,0.08638249717087887,-1.0,-1.0,1.0,-0.3333333333333333,0.13282486666083626,-0.7528710738731368,-0.7528710738731368,0.7528710738731368,-0.2509570246243789,True,True
2017-01-31 00:00:00+00:00,2017-01,1212.35,0.052387152777777724,-0.05096089866530995,0.08477988546886195,1.0,-1.0,1.0,0.3333333333333333,0.12709432296418932,0.7868172052671185,-0.7868172052671185,0.7868172052671185,0.26227240175570615,True,True
2017-02-28 00:00:00+00:00,2017-02,1248.5,0.02981812182950483,0.06300553426990207,0.007423545549907207,1.0,1.0,1.0,1.0,0.11983079132968268,0.8345100528033441,0.8345100528033441,0.8345100528033441,0.8345100528033441,True,True
2017-03-31 00:00:00+00:00,2017-03,1247.4,-0.0008810572687223406,0.08281250000000018,0.011186770428015747,-1.0,1.0,1.0,0.3333333333333333,0.11535575013919182,-0.8668835309842544,0.8668835309842544,0.8668835309842544,0.2889611769947515,True,True
2017-04-28 00:00:00+00:00,2017-04,1269.65,0.017837101170434577,0.047263578999463984,-0.019726683137739287,1.0,1.0,-1.0,0.3333333333333333,0.1099849621869613,0.9092152055297519,0.9092152055297519,-0.9092152055297519,0.3030717351765839,True,True
2017-05-31 00:00:00+00:00,2017-05,1268.71,-0.0007403615169535582,0.01618742490989189,0.04193323204533317,-1.0,1.0,1.0,0.3333333333333333,0.11166850986509834,-0.8955076065831403,0.8955076065831403,0.8955076065831403,0.2985025355277134,True,True
2017-06-30 00:00:00+00:00,2017-06,1242.48,-0.020674543433881643,-0.003944203944204028,-0.06121647147714393,-1.0,-1.0,-1.0,-1.0,0.10526047200651108,-0.9500242407597633,-0.9500242407597633,-0.9500242407597633,-0.9500242407597633,True,True
2017-07-31 00:00:00+00:00,2017-07,1266.6,0.019412787328568548,-0.0024022368369237546,-0.06733919958764412,1.0,-1.0,-1.0,-0.3333333333333333,0.1021553404764514,0.9789013431270561,-0.9789013431270561,-0.9789013431270561,-0.3263004477090187,True,True
2017-08-31 00:00:00+00:00,2017-08,1322.2,0.04389704721301135,0.042160935123077836,0.007889621526851576,1.0,1.0,1.0,1.0,0.09935886179812657,1.0064527530838274,1.0064527530838274,1.0064527530838274,1.0064527530838274,True,True
2017-09-29 00:00:00+00:00,2017-09,1284.8,-0.02828618968386032,0.03406091043719006,-0.025744075829383872,-1.0,1.0,-1.0,-0.3333333333333333,0.10575333317664787,-0.9455966729007242,0.9455966729007242,-0.9455966729007242,-0.31519889096690806,True,True
2017-10-31 00:00:00+00:00,2017-10,1270.5,-0.011130136986301387,0.00307910942681211,-0.005440526047986283,-1.0,1.0,-1.0,-0.3333333333333333,0.09955606143264088,-1.0044591817009503,1.0044591817009503,-1.0044591817009503,-0.3348197272336501,True,True
2017-11-30 00:00:00+00:00,2017-11,1273.2,0.0021251475796930652,-0.037059446377250005,0.08403575989782897,1.0,-1.0,1.0,0.3333333333333333,0.10519635003181052,0.9506033238773096,-0.9506033238773096,0.9506033238773096,0.31686777462576987,True,True
2017-12-29 00:00:00+00:00,2017-12,1309.3,0.02835375431982401,0.019069115815691262,0.13654513888888875,1.0,1.0,1.0,1.0,0.09951939351907378,1.0048292746160488,1.0048292746160488,1.0048292746160488,1.0048292746160488,True,True
2018-01-31 00:00:00+00:00,2018-01,1339.0,0.022683876880776,0.05391578118850848,0.1044665319420961,1.0,1.0,1.0,1.0,0.09907574142661887,1.0093288080419331,1.0093288080419331,1.0093288080419331,1.0093288080419331,True,True
2018-02-28 00:00:00+00:00,2018-02,1317.9,-0.015758028379387556,0.03510838831291241,0.055586704044853885,-1.0,1.0,1.0,0.3333333333333333,0.10828150323333878,-0.923518763721882,0.923518763721882,0.923518763721882,0.307839587907294,True,True
2018-03-29 00:00:00+00:00,2018-03,1322.8,0.003718036269823033,0.010310853127625474,0.06044572711239371,1.0,1.0,1.0,1.0,0.11308299313074567,0.8843062712744152,0.8843062712744152,0.8843062712744152,0.8843062712744152,True,True
2018-04-30 00:00:00+00:00,2018-04,1319.2,-0.002721499848805542,-0.014787154592979856,0.03902650336706959,-1.0,-1.0,1.0,-0.3333333333333333,0.11408267558444816,-0.87655728170555,-0.87655728170555,0.87655728170555,-0.29218576056851664,True,True
2018-05-31 00:00:00+00:00,2018-05,1300.1,-0.01447847180109163,-0.013506335837317085,0.02474166673235012,-1.0,-1.0,1.0,-0.3333333333333333,0.10871287113924337,-0.9198542817613233,-0.9198542817613233,0.9198542817613233,-0.3066180939204411,True,True
2018-06-29 00:00:00+00:00,2018-06,1254.5,-0.035074225059610775,-0.051632899909283325,0.0096741999871226,-1.0,-1.0,1.0,-0.3333333333333333,0.104182504020465,-0.9598540651351266,-0.9598540651351266,0.9598540651351266,-0.3199513550450422,True,True
2018-07-31 00:00:00+00:00,2018-07,1223.7,-0.024551614188919824,-0.07239235900545782,-0.03387020369493121,-1.0,-1.0,-1.0,-1.0,0.0979119418303318,-1.0213258784437809,-1.0213258784437809,-1.0213258784437809,-1.0213258784437809,True,True
2018-08-31 00:00:00+00:00,2018-08,1206.7,-0.013892293862874938,-0.07184062764402732,-0.0873544093178037,-1.0,-1.0,-1.0,-1.0,0.1001861042983561,-0.9981424140637122,-0.9981424140637122,-0.9981424140637122,-0.9981424140637122,True,True
2018-09-28 00:00:00+00:00,2018-09,1196.2,-0.008701417087925711,-0.046472698286169734,-0.06896014943960138,-1.0,-1.0,-1.0,-1.0,0.09392950906607044,-1.0646281556700095,-1.0646281556700095,-1.0646281556700095,-1.0646281556700095,True,True
2018-10-31 00:00:00+00:00,2018-10,1215.0,0.015716435378699156,-0.007109585682765429,-0.04368358913813464,1.0,-1.0,-1.0,-0.3333333333333333,0.10583617301093715,0.9448565377516623,-0.9448565377516623,-0.9448565377516623,-0.31495217925055413,True,True
2018-11-30 00:00:00+00:00,2018-11,1226.0,0.009053497942386857,0.015994033313996736,-0.03707194470625197,1.0,1.0,-1.0,0.3333333333333333,0.10629021068741117,0.9408204137828832,0.9408204137828832,-0.9408204137828832,0.31360680459429435,True,True
2018-12-31 00:00:00+00:00,2018-12,1281.3,0.04510603588907003,0.07114194950677133,-0.021385473153593515,1.0,1.0,-1.0,0.3333333333333333,0.1022730946334716,0.9777742656402648,0.9777742656402648,-0.9777742656402648,0.32592475521342157,True,True
2019-01-31 00:00:00+00:00,2019-01,1325.2,0.03426207757746047,0.09069958847736626,-0.010306198655713139,1.0,1.0,-1.0,0.3333333333333333,0.09619022122320456,1.0396067160294293,1.0396067160294293,-1.0396067160294293,0.3465355720098097,True,True
2019-02-28 00:00:00+00:00,2019-02,1316.1,-0.006866888016903161,0.07349102773246319,-0.001365809241976046,-1.0,1.0,-1.0,-0.3333333333333333,0.0986039750096316,-1.0141578976935974,1.0141578976935974,-1.0141578976935974,-0.3380526325645325,True,True
2019-03-29 00:00:00+00:00,2019-03,1298.5,-0.013372844008813889,0.013423866385702032,-0.01837012397943749,-1.0,1.0,-1.0,-0.3333333333333333,0.10599089127292212,-0.9434773007286464,0.9434773007286464,-0.9434773007286464,-0.3144924335762154,True,True
2019-04-30 00:00:00+00:00,2019-04,1285.7,-0.009857527916827036,-0.029806821611832124,-0.02539417828987267,-1.0,-1.0,-1.0,-1.0,0.10010833915154901,-0.998917780951445,-0.998917780951445,-0.998917780951445,-0.998917780951445,True,True
2019-05-31 00:00:00+00:00,2019-05,1305.8,0.015633507038967043,-0.007826153027885363,0.004384278132451458,1.0,-1.0,1.0,0.3333333333333333,0.09556250245846508,1.0464355518888135,-1.0464355518888135,1.0464355518888135,0.3488118506296045,True,True
2019-06-28 00:00:00+00:00,2019-06,1413.7,0.0826313371113494,0.0887177512514441,0.12690314866480668,1.0,1.0,1.0,1.0,0.12112567422823155,0.8255887997087603,0.8255887997087603,0.8255887997087603,0.8255887997087603,True,True
2019-07-31 00:00:00+00:00,2019-07,1426.1,0.008771309330126487,0.10920121334681476,0.1654000163438749,1.0,1.0,1.0,1.0,0.11687767849594878,0.855595365059088,0.855595365059088,0.855595365059088,0.855595365059088,True,True
2019-08-30 00:00:00+00:00,2019-08,1529.4,0.07243531309164863,0.17123602389339876,0.26742355183558475,1.0,1.0,1.0,1.0,0.12637530952735782,0.7912938086877797,0.7912938086877797,0.7912938086877797,0.7912938086877797,True,True
2019-09-30 00:00:00+00:00,2019-09,1472.9,-0.03694259186609128,0.041875928414798036,0.2313158334726635,-1.0,1.0,1.0,0.3333333333333333,0.13104174054180187,-0.7631156270249657,0.7631156270249657,0.7631156270249657,0.25437187567498853,True,True
2019-10-31 00:00:00+00:00,2019-10,1514.8,0.028447280874465353,0.06219760185120271,0.24674897119341566,1.0,1.0,1.0,1.0,0.12617338754376806,0.7925601582608788,0.7925601582608788,0.7925601582608788,0.7925601582608788,True,True
2019-11-29 00:00:00+00:00,2019-11,1472.7,-0.027792447847900692,-0.037073362102785445,0.2012234910277324,-1.0,-1.0,1.0,-0.3333333333333333,0.12209262263049313,-0.8190503066073429,-0.8190503066073429,0.8190503066073429,-0.27301676886911425,True,True
2019-12-31 00:00:00+00:00,2019-12,1523.1,0.03422285597881425,0.03408242243193693,0.18871458674783415,1.0,1.0,1.0,1.0,0.11250621270884327,0.8888398035297099,0.8888398035297099,0.8888398035297099,0.8888398035297099,True,True
2020-01-31 00:00:00+00:00,2020-01,1582.9,0.03926203138336293,0.04495642989173487,0.1944612134017507,1.0,1.0,1.0,1.0,0.10776712931480213,0.9279267308669482,0.9279267308669482,0.9279267308669482,0.9279267308669482,True,True
2020-02-28 00:00:00+00:00,2020-02,1566.7,-0.01023437993556131,0.06382834250016978,0.19041106298913468,-1.0,1.0,1.0,0.3333333333333333,0.11792975846399707,-0.8479623913630683,0.8479623913630683,0.8479623913630683,0.2826541304543561,True,True
2020-03-31 00:00:00+00:00,2020-03,1596.6,0.019084700325525006,0.04825684459326385,0.22957258375048117,1.0,1.0,1.0,1.0,0.26095685817819286,0.3832051040855021,0.3832051040855021,0.3832051040855021,0.3832051040855021,True,True
2020-04-30 00:00:00+00:00,2020-04,1694.2,0.0611299010397095,0.07031398066839345,0.3177257525083612,1.0,1.0,1.0,1.0,0.2623148757224172,0.38122123163850025,0.38122123163850025,0.38122123163850025,0.38122123163850025,True,True
2020-05-29 00:00:00+00:00,2020-05,1736.9,0.025203635934364366,0.10863598646837302,0.33014244141522453,1.0,1.0,1.0,1.0,0.23926297024705184,0.41795017380560245,0.41795017380560245,0.41795017380560245,0.41795017380560245,True,True
2020-06-30 00:00:00+00:00,2020-06,1800.5,0.03661696125280667,0.12770888137291747,0.273608262007498,1.0,1.0,1.0,1.0,0.21720435817206146,0.4603959185790536,0.4603959185790536,0.4603959185790536,0.4603959185790536,True,True
2020-07-31 00:00:00+00:00,2020-07,1962.8,0.09014162732574293,0.1585409042615984,0.37634107005118866,1.0,1.0,1.0,1.0,0.19609247729572862,0.5099634691706669,0.5099634691706669,0.5099634691706669,0.5099634691706669,True,True
2020-08-31 00:00:00+00:00,2020-08,1978.6,0.008049724882820408,0.1391559675283549,0.29370995161501234,1.0,1.0,1.0,1.0,0.21370993775151384,0.46792395829656097,0.46792395829656097,0.46792395829656097,0.46792395829656097,True,True
2020-09-30 00:00:00+00:00,2020-09,1895.5,-0.04199939351056303,0.05276312135517913,0.28691696652861687,-1.0,1.0,1.0,0.3333333333333333,0.19944804061116542,-0.5013837172507266,0.5013837172507266,0.5013837172507266,0.1671279057502422,True,True
2020-10-30 00:00:00+00:00,2020-10,1879.9,-0.008230018464784994,-0.042235581821887025,0.24102191708476384,-1.0,-1.0,1.0,-0.3333333333333333,0.181764257847035,-0.5501631684055053,-0.5501631684055053,0.5501631684055053,-0.18338772280183507,True,True
2020-11-30 00:00:00+00:00,2020-11,1780.9,-0.05266237565827969,-0.09991913474173653,0.2092754804101311,-1.0,-1.0,1.0,-0.3333333333333333,0.19961099851042907,-0.5009743989371173,-0.5009743989371173,0.5009743989371173,-0.16699146631237238,True,True
2020-12-31 00:00:00+00:00,2020-12,1895.1,0.06412488067830857,-0.00021102611448176045,0.2442387236557022,1.0,-1.0,1.0,0.3333333333333333,0.18287711890277358,0.5468152637135808,-0.5468152637135808,0.5468152637135808,0.18227175457119357,True,True
2021-01-29 00:00:00+00:00,2021-01,1850.3,-0.023639913461031004,-0.015745518378637247,0.1689304441215489,-1.0,-1.0,1.0,-0.3333333333333333,0.19003542589892455,-0.5262176750833167,-0.5262176750833167,0.5262176750833167,-0.17540589169443893,True,True
2021-02-26 00:00:00+00:00,2021-02,1728.8,-0.06566502729287138,-0.029254871132573523,0.10346588370460208,-1.0,-1.0,1.0,-0.3333333333333333,0.1844215942655877,-0.542235850406915,-0.542235850406915,0.542235850406915,-0.18074528346897167,True,True
2021-03-31 00:00:00+00:00,2021-03,1715.6,-0.007635354002776484,-0.09471795683605089,0.07453338343980964,-1.0,-1.0,1.0,-0.3333333333333333,0.1745745266767542,-0.572821258081725,-0.572821258081725,0.572821258081725,-0.19094041936057501,True,True
2021-04-30 00:00:00+00:00,2021-04,1767.7,0.030368384238750323,-0.04464140950116191,0.04338330775587296,1.0,-1.0,1.0,0.3333333333333333,0.1607402617256915,0.6221216696203548,-0.6221216696203548,0.6221216696203548,0.20737388987345157,True,True
2021-05-28 00:00:00+00:00,2021-05,1902.5,0.07625728347570293,0.10047431744562707,0.09534227646957216,1.0,1.0,1.0,1.0,0.15033430942632242,0.6651841511202682,0.6651841511202682,0.6651841511202682,0.6651841511202682,True,True
2021-06-30 00:00:00+00:00,2021-06,1771.6,-0.06880420499342976,0.03264164140825376,-0.016051096917522933,-1.0,1.0,-1.0,-0.3333333333333333,0.1626952406634221,-0.614646129734528,0.614646129734528,-0.614646129734528,-0.20488204324484266,True,True
2021-07-30 00:00:00+00:00,2021-07,1812.6,0.02314292165274323,0.02540023759687715,-0.076523334012635,1.0,1.0,-1.0,0.3333333333333333,0.14505104684228026,0.6894124666934253,0.6894124666934253,-0.6894124666934253,0.22980415556447506,True,True
2021-08-31 00:00:00+00:00,2021-08,1818.1,0.00303431534811871,-0.044362680683311506,-0.08111796219549172,1.0,-1.0,-1.0,-0.3333333333333333,0.1477337349218381,0.6768934668368554,-0.6768934668368554,-0.6768934668368554,-0.2256311556122851,True,True
2021-09-30 00:00:00+00:00,2021-09,1757.0,-0.033606512293053115,-0.008241137954391409,-0.07306779213927728,-1.0,-1.0,-1.0,-1.0,0.14581589276480972,-0.6857963017878486,-0.6857963017878486,-0.6857963017878486,-0.6857963017878486,True,True
2021-10-29 00:00:00+00:00,2021-10,1783.9,0.015310187820148036,-0.01583360918018306,-0.05106654609287731,1.0,-1.0,-1.0,-0.3333333333333333,0.14026592544402888,0.7129315240564508,-0.7129315240564508,-0.7129315240564508,-0.23764384135215025,True,True
2021-11-30 00:00:00+00:00,2021-11,1776.5,-0.004148214586019439,-0.022881029646333984,-0.002470660901791266,-1.0,-1.0,-1.0,-1.0,0.14290950416406858,-0.6997435236021396,-0.6997435236021396,-0.6997435236021396,-0.6997435236021396,True,False
