month,strategy,label,cost_bps_one_way,observations,start_ts,end_ts,gross_return,net_return,max_drawdown,turnover,average_abs_position
1986-11,tsmom_1m,1M,0.0,19,1986-11-03T00:00:00+00:00,1986-11-28T00:00:00+00:00,0.011029026046750712,0.011029026046750712,-0.01824966611192147,0.45535607328780014,0.45535607328780014
1986-12,tsmom_1m,1M,0.0,21,1986-12-01T00:00:00+00:00,1986-12-31T00:00:00+00:00,-0.014449436231711577,-0.014449436231711577,-0.01935692445622572,0.002781940572635644,0.45813801386043584
1987-01,tsmom_1m,1M,0.0,21,1987-01-02T00:00:00+00:00,1987-01-30T00:00:00+00:00,0.0029483653319979375,0.0029483653319979375,-0.021972099746676355,0.9734449985200933,0.5153069846596575
1987-02,tsmom_1m,1M,0.0,19,1987-02-02T00:00:00+00:00,1987-02-27T00:00:00+00:00,-0.001576416082511245,-0.001576416082511245,-0.02047557710023673,0.025196054716925098,0.49011092994273237
1987-03,tsmom_1m,1M,0.0,22,1987-03-02T00:00:00+00:00,1987-03-31T00:00:00+00:00,-0.019313638444908188,-0.019313638444908188,-0.02775494537509282,1.0036622859870035,0.513551356044271
1987-04,tsmom_1m,1M,0.0,21,1987-04-01T00:00:00+00:00,1987-04-30T00:00:00+00:00,0.04488069376668724,0.04488069376668724,-0.02352027057237771,1.075022430477185,0.5614710744329139
1987-05,tsmom_1m,1M,0.0,20,1987-05-01T00:00:00+00:00,1987-05-29T00:00:00+00:00,-0.00014448059576932515,-0.00014448059576932515,-0.0300900489809951,0.08434260548183947,0.4771284689510743
1987-06,tsmom_1m,1M,0.0,22,1987-06-01T00:00:00+00:00,1987-06-30T00:00:00+00:00,0.0029949023126936147,0.0029949023126936147,-0.017851909519010722,0.9592775947711885,0.4821491258201138
1987-07,tsmom_1m,1M,0.0,22,1987-07-01T00:00:00+00:00,1987-07-31T00:00:00+00:00,-0.02493466973916203,-0.02493466973916203,-0.031594981927718924,0.01824434200553221,0.5003934678256461
1987-08,tsmom_1m,1M,0.0,21,1987-08-03T00:00:00+00:00,1987-08-31T00:00:00+00:00,-0.018708201655259216,-0.018708201655259216,-0.034098498987496395,1.049239414125812,0.5488459463001656
1987-09,tsmom_1m,1M,0.0,21,1987-09-01T00:00:00+00:00,1987-09-30T00:00:00+00:00,-0.0007114016248680466,-0.0007114016248680466,-0.012464420517542818,1.093047249650998,0.544201303350832
1987-10,tsmom_1m,1M,0.0,22,1987-10-01T00:00:00+00:00,1987-10-30T00:00:00+00:00,0.016459195179727715,0.016459195179727715,-0.02365708541836531,1.1408991884109487,0.5966978850601166
1987-11,tsmom_1m,1M,0.0,20,1987-11-02T00:00:00+00:00,1987-11-30T00:00:00+00:00,0.030534329386194825,0.030534329386194825,-0.015689631745076094,0.04101546454976612,0.5556824205103505
1987-12,tsmom_1m,1M,0.0,22,1987-12-01T00:00:00+00:00,1987-12-31T00:00:00+00:00,-0.009413833732099919,-0.009413833732099919,-0.020991208588680976,0.01855859053061293,0.5742410110409631
1988-01,tsmom_1m,1M,0.0,20,1988-01-04T00:00:00+00:00,1988-01-29T00:00:00+00:00,0.038404043153540623,0.038404043153540623,-0.009759532060291898,1.181701693790631,0.6074606827496678
1988-02,tsmom_1m,1M,0.0,20,1988-02-01T00:00:00+00:00,1988-02-29T00:00:00+00:00,0.03619879113850222,0.03619879113850222,-0.009435404030619376,0.007606155158281558,0.6150668379079495
1988-03,tsmom_1m,1M,0.0,23,1988-03-01T00:00:00+00:00,1988-03-31T00:00:00+00:00,-0.03400613432096211,-0.03400613432096211,-0.04173439363727949,0.033711039112491625,0.581355798795458
1988-04,tsmom_1m,1M,0.0,20,1988-04-04T00:00:00+00:00,1988-04-29T00:00:00+00:00,-0.00731186723005095,-0.00731186723005095,-0.016096599489988317,1.2198641363536695,0.6385083375582119
1988-05,tsmom_1m,1M,0.0,21,1988-05-02T00:00:00+00:00,1988-05-31T00:00:00+00:00,-0.011384996543362558,-0.011384996543362558,-0.02689717821775872,1.333591509252797,0.6950831716945849
1988-06,tsmom_1m,1M,0.0,22,1988-06-01T00:00:00+00:00,1988-06-30T00:00:00+00:00,-0.03660730474158935,-0.03660730474158935,-0.05486137272156988,1.4548908791824755,0.7598077074878904
1988-07,tsmom_1m,1M,0.0,20,1988-07-01T00:00:00+00:00,1988-07-29T00:00:00+00:00,-0.018509266977870475,-0.018509266977870475,-0.03620360062635497,1.5226861637763118,0.7628784562884215
1988-08,tsmom_1m,1M,0.0,23,1988-08-01T00:00:00+00:00,1988-08-31T00:00:00+00:00,-0.010562618973745441,-0.010562618973745441,-0.011330238679845728,1.402710316735532,0.6398318604471102
1988-09,tsmom_1m,1M,0.0,21,1988-09-01T00:00:00+00:00,1988-09-30T00:00:00+00:00,0.07312961064940704,0.07312961064940704,-0.007519913439982262,1.376140114945904,0.7363082544987941
1988-10,tsmom_1m,1M,0.0,21,1988-10-03T00:00:00+00:00,1988-10-31T00:00:00+00:00,-0.02923177303857849,-0.02923177303857849,-0.024281215182519356,0.008097146107629571,0.7444054006064234
1988-11,tsmom_1m,1M,0.0,20,1988-11-01T00:00:00+00:00,1988-11-30T00:00:00+00:00,0.027558739217810713,0.027558739217810713,-0.01688613810358952,1.533045905683721,0.7886405050772975
1988-12,tsmom_1m,1M,0.0,21,1988-12-01T00:00:00+00:00,1988-12-30T00:00:00+00:00,-0.03194697091687382,-0.03194697091687382,-0.047785338674589006,0.00422790514545035,0.7928684102227479
1989-01,tsmom_1m,1M,0.0,21,1989-01-03T00:00:00+00:00,1989-01-31T00:00:00+00:00,0.032008692069834144,0.032008692069834144,-0.01156418161867756,1.573193637442565,0.7803252272198173
1989-02,tsmom_1m,1M,0.0,19,1989-02-01T00:00:00+00:00,1989-02-28T00:00:00+00:00,0.011335114748714403,0.011335114748714403,-0.021638839415374034,0.08832792610709839,0.8686531533269156
1989-03,tsmom_1m,1M,0.0,22,1989-03-01T00:00:00+00:00,1989-03-31T00:00:00+00:00,-0.0005025625440749915,-0.0005025625440749915,-0.030495792639758323,0.009926008841219192,0.8785791621681347
1989-04,tsmom_1m,1M,0.0,20,1989-04-03T00:00:00+00:00,1989-04-28T00:00:00+00:00,0.019874752105637716,0.019874752105637716,-0.012965228183865696,0.05993162157009957,0.8186475405980354
1989-05,tsmom_1m,1M,0.0,22,1989-05-01T00:00:00+00:00,1989-05-31T00:00:00+00:00,0.033121574333961235,0.033121574333961235,-0.01453905739906114,0.06768710410349876,0.8863346447015341
1989-06,tsmom_1m,1M,0.0,22,1989-06-01T00:00:00+00:00,1989-06-30T00:00:00+00:00,-0.029972795636012073,-0.029972795636012073,-0.04819041106492272,0.025510277936454773,0.911844922637989
1989-07,tsmom_1m,1M,0.0,20,1989-07-03T00:00:00+00:00,1989-07-31T00:00:00+00:00,0.0027396744307213172,0.0027396744307213172,-0.032561161269708316,1.5631570339421688,0.6513121113041798
1989-08,tsmom_1m,1M,0.0,23,1989-08-01T00:00:00+00:00,1989-08-31T00:00:00+00:00,-0.021192440316097683,-0.021192440316097683,-0.025383589416938634,0.04893866942942171,0.6023734418747585
1989-09,tsmom_1m,1M,0.0,20,1989-09-01T00:00:00+00:00,1989-09-29T00:00:00+00:00,-0.012182612803571136,-0.012182612803571136,-0.018172394539670345,1.2727751023890423,0.670401660514284
1989-10,tsmom_1m,1M,0.0,22,1989-10-02T00:00:00+00:00,1989-10-31T00:00:00+00:00,0.011347805958747736,0.011347805958747736,-0.01393478215750843,1.420817725100751,0.7504160645864669
1989-11,tsmom_1m,1M,0.0,21,1989-11-01T00:00:00+00:00,1989-11-30T00:00:00+00:00,0.0857683580133608,0.0857683580133608,-0.010140245173169249,0.06723870485773342,0.8176547694442002
1989-12,tsmom_1m,1M,0.0,20,1989-12-01T00:00:00+00:00,1989-12-29T00:00:00+00:00,-0.02151130966850101,-0.02151130966850101,-0.0373875399886634,0.08153724685293762,0.7361175225912626
1990-01,tsmom_1m,1M,0.0,22,1990-01-02T00:00:00+00:00,1990-01-31T00:00:00+00:00,-0.02143403808975375,-0.02143403808975375,-0.046555437620378615,1.4049954280150914,0.6688779054238286
1990-02,tsmom_1m,1M,0.0,19,1990-02-01T00:00:00+00:00,1990-02-28T00:00:00+00:00,-0.014194053507591287,-0.014194053507591287,-0.029252298077370176,1.3382806286073323,0.6694027231835037
1990-03,tsmom_1m,1M,0.0,22,1990-03-01T00:00:00+00:00,1990-03-30T00:00:00+00:00,0.059040110413699276,0.059040110413699276,-0.01835117566966915,1.3645670430700123,0.6951643198865086
1990-04,tsmom_1m,1M,0.0,20,1990-04-02T00:00:00+00:00,1990-04-30T00:00:00+00:00,0.004881664437319078,0.004881664437319078,-0.015687713740510034,0.1419022822078031,0.5532620376787054
1990-05,tsmom_1m,1M,0.0,22,1990-05-01T00:00:00+00:00,1990-05-31T00:00:00+00:00,0.0036987591628330208,0.0036987591628330208,-0.01116386259599833,0.054252037321444346,0.60751407500015
1990-06,tsmom_1m,1M,0.0,21,1990-06-01T00:00:00+00:00,1990-06-29T00:00:00+00:00,0.014305658837693747,0.014305658837693747,-0.01775294501391722,0.012604371811945625,0.6201184468120957
1990-07,tsmom_1m,1M,0.0,21,1990-07-02T00:00:00+00:00,1990-07-31T00:00:00+00:00,-0.03597889178088687,-0.03597889178088687,-0.04369440146530801,0.059949681509126274,0.6800681283212219
1990-08,tsmom_1m,1M,0.0,22,1990-08-01T00:00:00+00:00,1990-08-31T00:00:00+00:00,0.01798226920872481,0.01798226920872481,-0.052913000584239867,1.335370164202569,0.6553020358813471
1990-09,tsmom_1m,1M,0.0,19,1990-09-04T00:00:00+00:00,1990-09-28T00:00:00+00:00,0.02430637428234994,0.02430637428234994,-0.014375976299665139,0.15579785431083382,0.4995041815705134
1990-10,tsmom_1m,1M,0.0,23,1990-10-01T00:00:00+00:00,1990-10-31T00:00:00+00:00,-0.03300303031186658,-0.03300303031186658,-0.04382308966332704,0.004660891409012602,0.5041650729795263
1990-11,tsmom_1m,1M,0.0,21,1990-11-01T00:00:00+00:00,1990-11-30T00:00:00+00:00,-0.0061358776677287175,-0.0061358776677287175,-0.017239781284089206,0.9760874620964015,0.47192238911687534
1990-12,tsmom_1m,1M,0.0,19,1990-12-03T00:00:00+00:00,1990-12-31T00:00:00+00:00,0.014061369542903934,0.014061369542903934,-0.011303205795100357,0.9823246985256117,0.5104023094087362
1991-01,tsmom_1m,1M,0.0,22,1991-01-02T00:00:00+00:00,1991-01-31T00:00:00+00:00,-0.03635210437526848,-0.03635210437526848,-0.04694904789629961,0.01437302028597065,0.524775329694707
1991-02,tsmom_1m,1M,0.0,19,1991-02-01T00:00:00+00:00,1991-02-28T00:00:00+00:00,-0.0010071131008566603,-0.0010071131008566603,-0.012949854247498283,0.9637610969360757,0.4389857672413689
1991-03,tsmom_1m,1M,0.0,20,1991-03-01T00:00:00+00:00,1991-03-28T00:00:00+00:00,-0.012716191178424374,-0.012716191178424374,-0.016936355397761282,0.9273174506535871,0.4883316834122181
1991-04,tsmom_1m,1M,0.0,22,1991-04-01T00:00:00+00:00,1991-04-30T00:00:00+00:00,0.0023726508575028227,0.0023726508575028227,-0.01014665050763841,1.0391412661169648,0.550809582704747
1991-05,tsmom_1m,1M,0.0,22,1991-05-01T00:00:00+00:00,1991-05-31T00:00:00+00:00,-0.01284557770123329,-0.01284557770123329,-0.019621429937323076,0.08780729867728021,0.6386168813820272
1991-06,tsmom_1m,1M,0.0,20,1991-06-03T00:00:00+00:00,1991-06-28T00:00:00+00:00,0.010132200991982199,0.010132200991982199,-0.021468981738024695,1.345469619983719,0.7068527386016921
1991-07,tsmom_1m,1M,0.0,21,1991-07-01T00:00:00+00:00,1991-07-31T00:00:00+00:00,0.0017040012353257694,0.0017040012353257694,-0.015306096532423652,0.06210687244184865,0.768959611043541
1991-08,tsmom_1m,1M,0.0,22,1991-08-01T00:00:00+00:00,1991-08-30T00:00:00+00:00,-0.04119735233242594,-0.04119735233242594,-0.040095388257920916,0.08239222918751554,0.8513518402310564
1991-09,tsmom_1m,1M,0.0,20,1991-09-03T00:00:00+00:00,1991-09-30T00:00:00+00:00,-0.01178093034354688,-0.01178093034354688,-0.023499488364346677,1.758570726887355,0.9072188866562986
1991-10,tsmom_1m,1M,0.0,23,1991-10-01T00:00:00+00:00,1991-10-31T00:00:00+00:00,0.005941550914136062,0.005941550914136062,-0.017128831269953904,1.871466433326257,0.9642475466699587
1991-11,tsmom_1m,1M,0.0,20,1991-11-01T00:00:00+00:00,1991-11-29T00:00:00+00:00,0.034230486766926305,0.034230486766926305,-0.010067343330387613,0.09615748446157923,1.0604050311315378
1991-12,tsmom_1m,1M,0.0,21,1991-12-02T00:00:00+00:00,1991-12-31T00:00:00+00:00,-0.04654809711763708,-0.04654809711763708,-0.05255410134111582,0.02689607277434858,1.0873011039058864
1992-01,tsmom_1m,1M,0.0,22,1992-01-02T00:00:00+00:00,1992-01-31T00:00:00+00:00,-0.011364350589096128,-0.011364350589096128,-0.025107760114583266,2.0999443521424714,1.0126432482365855
1992-02,tsmom_1m,1M,0.0,19,1992-02-03T00:00:00+00:00,1992-02-28T00:00:00+00:00,-0.013569678081270298,-0.013569678081270298,-0.025387916706308467,2.0271779860080876,1.0145347377715026
1992-03,tsmom_1m,1M,0.0,22,1992-03-02T00:00:00+00:00,1992-03-31T00:00:00+00:00,0.026247570006474596,0.026247570006474596,-0.021916999320728214,2.0915673552716374,1.0770326175001346
1992-04,tsmom_1m,1M,0.0,21,1992-04-01T00:00:00+00:00,1992-04-30T00:00:00+00:00,0.024975473404579063,0.024975473404579063,-0.015830003329284525,0.061127695317116704,1.1381603128172517
1992-05,tsmom_1m,1M,0.0,20,1992-05-01T00:00:00+00:00,1992-05-29T00:00:00+00:00,-0.0019695910190583588,-0.0019695910190583588,-0.0145170509153697,0.028219202586547087,1.1663795154037984
1992-06,tsmom_1m,1M,0.0,22,1992-06-01T00:00:00+00:00,1992-06-30T00:00:00+00:00,0.02284895214015803,0.02284895214015803,-0.009343187580848955,2.455217045069114,1.2888375296653154
1992-07,tsmom_1m,1M,0.0,22,1992-07-01T00:00:00+00:00,1992-07-31T00:00:00+00:00,0.0680191198524367,0.0680191198524367,-0.009433056516528593,0.08046495427397038,1.369302483939286
1992-08,tsmom_1m,1M,0.0,21,1992-08-03T00:00:00+00:00,1992-08-31T00:00:00+00:00,-0.056569572215081965,-0.056569572215081965,-0.06849939665525895,0.09770068377001451,1.2716018001692713
1992-09,tsmom_1m,1M,0.0,21,1992-09-01T00:00:00+00:00,1992-09-30T00:00:00+00:00,-0.012751065902464331,-0.012751065902464331,-0.03487855252617256,2.2898388345852485,1.0182370344159775
1992-10,tsmom_1m,1M,0.0,22,1992-10-01T00:00:00+00:00,1992-10-30T00:00:00+00:00,-0.026897539774503043,-0.026897539774503043,-0.040737690999841925,2.0288000265103854,1.0105629920944077
1992-11,tsmom_1m,1M,0.0,20,1992-11-02T00:00:00+00:00,1992-11-30T00:00:00+00:00,0.014096435421451892,0.014096435421451892,-0.017151590515568138,2.067686398744961,1.0571234066505535
1992-12,tsmom_1m,1M,0.0,22,1992-12-01T00:00:00+00:00,1992-12-31T00:00:00+00:00,0.00784802374389848,0.00784802374389848,-0.015940118048267338,0.08402686308499563,1.1411502697355485
1993-01,tsmom_1m,1M,0.0,20,1993-01-04T00:00:00+00:00,1993-01-29T00:00:00+00:00,0.0085289600545837,0.0085289600545837,-0.015532559419862202,0.10495796268848445,1.2461082324240338
1993-02,tsmom_1m,1M,0.0,19,1993-02-01T00:00:00+00:00,1993-02-26T00:00:00+00:00,0.005543194613909064,0.005543194613909064,-0.018988040779776894,0.060623969247141085,1.3067322016711744
1993-03,tsmom_1m,1M,0.0,23,1993-03-01T00:00:00+00:00,1993-03-31T00:00:00+00:00,-0.03865323392157671,-0.03865323392157671,-0.046686463749034735,0.035133216544874335,1.2715989851262999
1993-04,tsmom_1m,1M,0.0,21,1993-04-01T00:00:00+00:00,1993-04-30T00:00:00+00:00,0.06919136793251801,0.06919136793251801,-0.015615931870785249,2.57690048066866,1.3053014955423599
1993-05,tsmom_1m,1M,0.0,20,1993-05-03T00:00:00+00:00,1993-05-28T00:00:00+00:00,0.07186315977315738,0.07186315977315738,-0.010860098402882934,0.19610387758303172,1.1091976179593284
1993-06,tsmom_1m,1M,0.0,22,1993-06-01T00:00:00+00:00,1993-06-30T00:00:00+00:00,-0.0025254664857808917,-0.0025254664857808917,-0.028275368220239128,0.21098178083230468,0.8982158371270235
1993-07,tsmom_1m,1M,0.0,21,1993-07-01T00:00:00+00:00,1993-07-30T00:00:00+00:00,-0.06763408851893571,-0.06763408851893571,-0.05171052158280687,1.7400243885965865,0.8418085514695626
1993-08,tsmom_1m,1M,0.0,22,1993-08-02T00:00:00+00:00,1993-08-31T00:00:00+00:00,-0.0703631480919934,-0.0703631480919934,-0.0784402282069534,1.6520532340837972,0.8102446826142343
1993-09,tsmom_1m,1M,0.0,21,1993-09-01T00:00:00+00:00,1993-09-30T00:00:00+00:00,0.028691037748268533,0.028691037748268533,-0.03419721103342488,1.4120518393983161,0.6018071567840816
1993-10,tsmom_1m,1M,0.0,21,1993-10-01T00:00:00+00:00,1993-10-29T00:00:00+00:00,-0.018405697896181517,-0.018405697896181517,-0.02785752437740663,0.07212441855125806,0.5296827382328235
1993-11,tsmom_1m,1M,0.0,20,1993-11-01T00:00:00+00:00,1993-11-30T00:00:00+00:00,0.0038885510035786552,0.0038885510035786552,-0.01206824685190866,1.1240047130696755,0.594321974836852
1993-12,tsmom_1m,1M,0.0,21,1993-12-01T00:00:00+00:00,1993-12-30T00:00:00+00:00,0.03317159497962474,0.03317159497962474,-0.006045542692327932,0.02679827228564091,0.6211202471224928
1994-01,tsmom_1m,1M,0.0,21,1994-01-03T00:00:00+00:00,1994-01-31T00:00:00+00:00,-0.014473098611332613,-0.014473098611332613,-0.028077447707245184,0.06609021000432191,0.6872104571268148
1994-02,tsmom_1m,1M,0.0,19,1994-02-01T00:00:00+00:00,1994-02-28T00:00:00+00:00,0.0015092040375703775,0.0015092040375703775,-0.009512100017888825,1.4150238141812859,0.727813357054471
1994-03,tsmom_1m,1M,0.0,23,1994-03-01T00:00:00+00:00,1994-03-31T00:00:00+00:00,-0.023784596489625276,-0.023784596489625276,-0.03461856574683608,0.03298338608449691,0.7607967431389681
1994-04,tsmom_1m,1M,0.0,19,1994-04-04T00:00:00+00:00,1994-04-29T00:00:00+00:00,-0.03295662009145828,-0.03295662009145828,-0.03366196674324562,1.5464698534788717,0.7856731103399038
1994-05,tsmom_1m,1M,0.0,21,1994-05-02T00:00:00+00:00,1994-05-31T00:00:00+00:00,-0.026138987482931753,-0.026138987482931753,-0.032518603978411775,1.5897500874586061,0.8040769771187022
1994-06,tsmom_1m,1M,0.0,22,1994-06-01T00:00:00+00:00,1994-06-30T00:00:00+00:00,-0.005525017445689895,-0.005525017445689895,-0.020481171912361762,1.615218653350857,0.8111416762321546
1994-07,tsmom_1m,1M,0.0,20,1994-07-01T00:00:00+00:00,1994-07-29T00:00:00+00:00,-0.004559013900149567,-0.004559013900149567,-0.02125496410531258,1.6229868227551272,0.8118451465229727
1994-08,tsmom_1m,1M,0.0,23,1994-08-01T00:00:00+00:00,1994-08-31T00:00:00+00:00,0.0035134853355336393,0.0035134853355336393,-0.017202184787336816,1.659196911719013,0.8473517651960407
1994-09,tsmom_1m,1M,0.0,21,1994-09-01T00:00:00+00:00,1994-09-30T00:00:00+00:00,0.016405247826077884,0.016405247826077884,-0.00929056583554111,0.09533388378314589,0.9426856489791863
1994-10,tsmom_1m,1M,0.0,21,1994-10-03T00:00:00+00:00,1994-10-31T00:00:00+00:00,-0.03300111354279445,-0.03300111354279445,-0.034506976759437036,0.09086439665375612,1.0335500456329425
1994-11,tsmom_1m,1M,0.0,20,1994-11-01T00:00:00+00:00,1994-11-30T00:00:00+00:00,0.0009977265385512357,0.0009977265385512357,-0.012307931520363247,2.1904462556702944,1.156896210037352
1994-12,tsmom_1m,1M,0.0,21,1994-12-01T00:00:00+00:00,1994-12-30T00:00:00+00:00,-2.519319191540692e-05,-2.519319191540692e-05,-0.020913783670167052,0.11382923637912401,1.2707254464164763
1995-01,tsmom_1m,1M,0.0,21,1995-01-03T00:00:00+00:00,1995-01-31T00:00:00+00:00,0.02255454264601564,0.02255454264601564,-0.047312736324766846,0.1052273004173847,1.3759527468338606
1995-02,tsmom_1m,1M,0.0,19,1995-02-01T00:00:00+00:00,1995-02-28T00:00:00+00:00,-0.001955693937460312,-0.001955693937460312,-0.012598638648941174,0.23585658899124828,1.1400961578426125
1995-03,tsmom_1m,1M,0.0,23,1995-03-01T00:00:00+00:00,1995-03-31T00:00:00+00:00,0.05411892707728305,0.05411892707728305,-0.014900121097725871,2.416208751412289,1.2761125935696769
1995-04,tsmom_1m,1M,0.0,19,1995-04-03T00:00:00+00:00,1995-04-28T00:00:00+00:00,-0.018282606528970957,-0.018282606528970957,-0.0304993741968268,0.035567425388065343,1.240545168181611
1995-05,tsmom_1m,1M,0.0,22,1995-05-01T00:00:00+00:00,1995-05-31T00:00:00+00:00,0.002165246075424454,0.002165246075424454,-0.019958116017808836,2.4301462770507385,1.1896011088691272
1995-06,tsmom_1m,1M,0.0,22,1995-06-01T00:00:00+00:00,1995-06-30T00:00:00+00:00,0.005981682379257558,0.005981682379257558,-0.02274856240618439,0.04718571707362784,1.236786825942755
1995-07,tsmom_1m,1M,0.0,19,1995-07-05T00:00:00+00:00,1995-07-31T00:00:00+00:00,-0.010847503939795278,-0.010847503939795278,-0.031316892788636475,0.13440638148987194,1.371193207432627
1995-08,tsmom_1m,1M,0.0,23,1995-08-01T00:00:00+00:00,1995-08-31T00:00:00+00:00,-0.004829627467880848,-0.004829627467880848,-0.016234848920828826,2.6163245566145674,1.24513134918194
1995-09,tsmom_1m,1M,0.0,20,1995-09-01T00:00:00+00:00,1995-09-29T00:00:00+00:00,0.001120250601780448,0.001120250601780448,-0.020605460689794852,2.669206298767424,1.4240749495854836
1995-10,tsmom_1m,1M,0.0,22,1995-10-02T00:00:00+00:00,1995-10-31T00:00:00+00:00,0.008606082236001455,0.008606082236001455,-0.011877237350863101,0.10697812476984625,1.53105307435533
1995-11,tsmom_1m,1M,0.0,20,1995-11-01T00:00:00+00:00,1995-11-30T00:00:00+00:00,-0.02041707984805241,-0.02041707984805241,-0.03212948865489418,0.22179972871365905,1.7528528030689887
1995-12,tsmom_1m,1M,0.0,20,1995-12-01T00:00:00+00:00,1995-12-29T00:00:00+00:00,-0.0020669329999557506,-0.0020669329999557506,-0.016384553433156923,3.319992394526084,1.5671395914570954
1996-01,tsmom_1m,1M,0.0,21,1996-01-02T00:00:00+00:00,1996-01-31T00:00:00+00:00,-0.08640563134701607,-0.08640563134701607,-0.07174630328446796,3.2999977043481685,1.7328581128910732
1996-02,tsmom_1m,1M,0.0,20,1996-02-01T00:00:00+00:00,1996-02-29T00:00:00+00:00,-0.026530780459306236,-0.026530780459306236,-0.06334907503737841,3.204549550515152,1.4716914376240786
1996-03,tsmom_1m,1M,0.0,21,1996-03-01T00:00:00+00:00,1996-03-29T00:00:00+00:00,0.007918849985399934,0.007918849985399934,-0.02681975984248386,2.67937445248391,1.2076830148598314
1996-04,tsmom_1m,1M,0.0,21,1996-04-01T00:00:00+00:00,1996-04-30T00:00:00+00:00,0.015195677837007704,0.015195677837007704,-0.012941661596826193,0.04986119717653148,1.2575442120363622
1996-05,tsmom_1m,1M,0.0,22,1996-05-01T00:00:00+00:00,1996-05-31T00:00:00+00:00,-0.003289846773303129,-0.003289846773303129,-0.011814820500453682,0.0693403374066559,1.3268845494430186
1996-06,tsmom_1m,1M,0.0,20,1996-06-03T00:00:00+00:00,1996-06-28T00:00:00+00:00,-0.047747925291797055,-0.047747925291797055,-0.044878582137759526,2.807938317566805,1.481053768123786
1996-07,tsmom_1m,1M,0.0,21,1996-07-01T00:00:00+00:00,1996-07-31T00:00:00+00:00,-0.04790511730337044,-0.04790511730337044,-0.0458383994771856,3.1104810341262135,1.6294272660024274
1996-08,tsmom_1m,1M,0.0,22,1996-08-01T00:00:00+00:00,1996-08-30T00:00:00+00:00,-0.007464309228349619,-0.007464309228349619,-0.015169948762818186,3.2494930596308578,1.6200657936284302
1996-09,tsmom_1m,1M,0.0,20,1996-09-03T00:00:00+00:00,1996-09-30T00:00:00+00:00,0.050661034295929275,0.050661034295929275,-0.00831342513405231,3.3977734179484433,1.7777076243200127
1996-10,tsmom_1m,1M,0.0,23,1996-10-01T00:00:00+00:00,1996-10-31T00:00:00+00:00,0.0066002841982237825,0.0066002841982237825,-0.02568623026837913,0.15922583142092916,1.936933455740942
1996-11,tsmom_1m,1M,0.0,19,1996-11-01T00:00:00+00:00,1996-11-27T00:00:00+00:00,0.021211164065359167,0.021211164065359167,-0.028371293593367874,0.04790609613763497,1.984839551878577
1996-12,tsmom_1m,1M,0.0,21,1996-12-02T00:00:00+00:00,1996-12-31T00:00:00+00:00,0.030257233163412334,0.030257233163412334,-0.01370183065736763,0.026575122010606522,1.9582644298679694
1997-01,tsmom_1m,1M,0.0,22,1997-01-02T00:00:00+00:00,1997-01-31T00:00:00+00:00,0.13184494042684936,0.13184494042684936,-0.03090230900927471,0.004059600846858968,1.96232403071483
1997-02,tsmom_1m,1M,0.0,19,1997-02-03T00:00:00+00:00,1997-02-28T00:00:00+00:00,-0.06759545367420661,-0.06759545367420661,-0.08149551881953121,0.6862453778290922,1.276078652885737
1997-03,tsmom_1m,1M,0.0,20,1997-03-03T00:00:00+00:00,1997-03-31T00:00:00+00:00,-0.0346742891952424,-0.0346742891952424,-0.04849316878703991,2.416192268647924,1.1401136157621865
1997-04,tsmom_1m,1M,0.0,22,1997-04-01T00:00:00+00:00,1997-04-30T00:00:00+00:00,0.03771309456554084,0.03771309456554084,-0.0047512410841253905,2.156776766632502,1.016663150870315
1997-05,tsmom_1m,1M,0.0,21,1997-05-01T00:00:00+00:00,1997-05-30T00:00:00+00:00,-0.020831162000682135,-0.020831162000682135,-0.02855312174264668,0.08554865581988458,1.1022118066901998
1997-06,tsmom_1m,1M,0.0,19,1997-06-02T00:00:00+00:00,1997-06-30T00:00:00+00:00,-0.0381094455483868,-0.0381094455483868,-0.035092619087380594,2.188686235156182,1.0864744284659826
1997-07,tsmom_1m,1M,0.0,22,1997-07-01T00:00:00+00:00,1997-07-31T00:00:00+00:00,0.01963119966467808,0.01963119966467808,-0.04988893632253988,2.1902677602938607,1.1037933318278779
1997-08,tsmom_1m,1M,0.0,21,1997-08-01T00:00:00+00:00,1997-08-29T00:00:00+00:00,0.002244430187298363,0.002244430187298363,-0.02565341065491966,0.2614875131815493,0.8423058186463291
1997-09,tsmom_1m,1M,0.0,21,1997-09-02T00:00:00+00:00,1997-09-30T00:00:00+00:00,-0.02460336250041728,-0.02460336250041728,-0.037661596230621486,0.008101515487125566,0.8504073341334545
1997-10,tsmom_1m,1M,0.0,23,1997-10-01T00:00:00+00:00,1997-10-31T00:00:00+00:00,-0.06992524384420196,-0.06992524384420196,-0.07984911249326676,1.799736740729895,0.9493294065964405
1997-11,tsmom_1m,1M,0.0,18,1997-11-03T00:00:00+00:00,1997-11-26T00:00:00+00:00,0.0295517475628555,0.0295517475628555,-0.007244504566058074,1.6186495165441388,0.6693201099476983
1997-12,tsmom_1m,1M,0.0,22,1997-12-01T00:00:00+00:00,1997-12-31T00:00:00+00:00,0.01984245476770674,0.01984245476770674,-0.03173766336299477,0.03826777140301463,0.707587881350713
1998-01,tsmom_1m,1M,0.0,20,1998-01-02T00:00:00+00:00,1998-01-30T00:00:00+00:00,-0.03513794326434061,-0.03513794326434061,-0.06686705385645009,0.02538023044292681,0.6822076509077861
1998-02,tsmom_1m,1M,0.0,19,1998-02-02T00:00:00+00:00,1998-02-27T00:00:00+00:00,-0.008585420143748967,-0.008585420143748967,-0.023930095770485438,1.2743225176088808,0.5921148667010949
1998-03,tsmom_1m,1M,0.0,22,1998-03-02T00:00:00+00:00,1998-03-31T00:00:00+00:00,-0.007192671343762447,-0.007192671343762447,-0.028203298723270986,1.220571513805882,0.6284566471047872
1998-04,tsmom_1m,1M,0.0,21,1998-04-01T00:00:00+00:00,1998-04-30T00:00:00+00:00,0.010265128848766958,0.010265128848766958,-0.016787145286814353,1.2982179450996933,0.6697612979949064
1998-05,tsmom_1m,1M,0.0,19,1998-05-01T00:00:00+00:00,1998-05-29T00:00:00+00:00,-0.029951825123101905,-0.029951825123101905,-0.0242786327971366,0.048398967835976525,0.718160265830883
1998-06,tsmom_1m,1M,0.0,22,1998-06-01T00:00:00+00:00,1998-06-30T00:00:00+00:00,-0.009256034830093518,-0.009256034830093518,-0.03646912193983398,1.4744852026106567,0.7563249367797737
1998-07,tsmom_1m,1M,0.0,22,1998-07-01T00:00:00+00:00,1998-07-31T00:00:00+00:00,-0.017855683946640055,-0.017855683946640055,-0.01700708546573848,1.457880221935048,0.7015552851552742
1998-08,tsmom_1m,1M,0.0,21,1998-08-03T00:00:00+00:00,1998-08-31T00:00:00+00:00,0.030186561344736296,0.030186561344736296,-0.01197767556032403,1.4512015446807673,0.7496462595254931
1998-09,tsmom_1m,1M,0.0,21,1998-09-01T00:00:00+00:00,1998-09-30T00:00:00+00:00,-0.052857283992150284,-0.052857283992150284,-0.04423862551931279,0.012476218048974808,0.762122477574468
1998-10,tsmom_1m,1M,0.0,22,1998-10-01T00:00:00+00:00,1998-10-30T00:00:00+00:00,-0.012954869949725722,-0.012954869949725722,-0.022609798936495062,1.4971731055992592,0.735050628024791
1998-11,tsmom_1m,1M,0.0,19,1998-11-02T00:00:00+00:00,1998-11-30T00:00:00+00:00,-0.004315347888615539,-0.004315347888615539,-0.02488896502722371,1.5106084595540548,0.7755578315292637
1998-12,tsmom_1m,1M,0.0,22,1998-12-01T00:00:00+00:00,1998-12-31T00:00:00+00:00,-0.016399134586737363,-0.016399134586737363,-0.027147493076909446,1.5966299267930184,0.8210720952637548
1999-01,tsmom_1m,1M,0.0,19,1999-01-04T00:00:00+00:00,1999-01-29T00:00:00+00:00,0.0024920992694461575,0.0024920992694461575,-0.017521347119233366,1.697921770000087,0.8768496747363322
1999-02,tsmom_1m,1M,0.0,19,1999-02-01T00:00:00+00:00,1999-02-26T00:00:00+00:00,-0.000805675546695972,-0.000805675546695972,-0.010256065005036619,0.045199008919169725,0.9220486836555019
1999-03,tsmom_1m,1M,0.0,23,1999-03-01T00:00:00+00:00,1999-03-31T00:00:00+00:00,-0.021565011358928965,-0.021565011358928965,-0.04671754892707203,1.8937890557552364,0.9717403720997343
1999-04,tsmom_1m,1M,0.0,21,1999-04-01T00:00:00+00:00,1999-04-30T00:00:00+00:00,-0.020202247771490822,-0.020202247771490822,-0.025532817739191915,1.936242288851969,0.9645019167522344
1999-05,tsmom_1m,1M,0.0,19,1999-05-03T00:00:00+00:00,1999-05-28T00:00:00+00:00,-0.0569741492511755,-0.0569741492511755,-0.07101551819374263,2.002982369468895,1.0384804527166607
1999-06,tsmom_1m,1M,0.0,22,1999-06-01T00:00:00+00:00,1999-06-30T00:00:00+00:00,0.029745911431670713,0.029745911431670713,-0.013586320983666633,1.994674329800651,0.9561938770839905
1999-07,tsmom_1m,1M,0.0,21,1999-07-01T00:00:00+00:00,1999-07-30T00:00:00+00:00,0.017549652610804545,0.017549652610804545,-0.022682152492913055,0.04767955422713688,1.0038734313111275
1999-08,tsmom_1m,1M,0.0,22,1999-08-02T00:00:00+00:00,1999-08-31T00:00:00+00:00,0.005173884328397271,0.005173884328397271,-0.022946423016167894,0.032456980859022266,0.9714164504521048
1999-09,tsmom_1m,1M,0.0,21,1999-09-01T00:00:00+00:00,1999-09-30T00:00:00+00:00,-0.1589062198861888,-0.1589062198861888,-0.19394365666530633,0.07554972642650304,1.0469661768786085
1999-10,tsmom_1m,1M,0.0,21,1999-10-01T00:00:00+00:00,1999-10-29T00:00:00+00:00,0.001669197625542962,0.001669197625542962,-0.0463139548519752,1.4597274107239373,0.4127612338453289
1999-11,tsmom_1m,1M,0.0,20,1999-11-01T00:00:00+00:00,1999-11-30T00:00:00+00:00,-0.009365703283042204,-0.009365703283042204,-0.011719825960866737,0.011210597768177621,0.40155063607715136
1999-12,tsmom_1m,1M,0.0,21,1999-12-01T00:00:00+00:00,1999-12-30T00:00:00+00:00,0.004379686352222523,0.004379686352222523,-0.021457115959985007,0.8299783656485294,0.4284277295713782
2000-01,tsmom_1m,1M,0.0,18,2000-01-04T00:00:00+00:00,2000-01-31T00:00:00+00:00,0.0051731796477128,0.0051731796477128,-0.013046031594871388,0.043166739453164626,0.4715944690245428
2000-02,tsmom_1m,1M,0.0,20,2000-02-01T00:00:00+00:00,2000-02-29T00:00:00+00:00,-0.01807035635515053,-0.01807035635515053,-0.05830646379845372,0.042018024272570176,0.513612493297113
2000-03,tsmom_1m,1M,0.0,23,2000-03-01T00:00:00+00:00,2000-03-31T00:00:00+00:00,-0.017378790121999832,-0.017378790121999832,-0.020540197515424352,0.9124685042194906,0.39885601092237777
2000-04,tsmom_1m,1M,0.0,19,2000-04-03T00:00:00+00:00,2000-04-28T00:00:00+00:00,0.010617593644943968,0.010617593644943968,-0.009997940500817704,0.8510209329270975,0.45216492200471975
2000-05,tsmom_1m,1M,0.0,22,2000-05-01T00:00:00+00:00,2000-05-31T00:00:00+00:00,-0.0005290502157124788,-0.0005290502157124788,-0.01168927419101462,0.0556011442681516,0.5077660662728715
2000-06,tsmom_1m,1M,0.0,22,2000-06-01T00:00:00+00:00,2000-06-30T00:00:00+00:00,0.03461498057200485,0.03461498057200485,-0.018319545754719613,1.0781447958898025,0.5703787296169309
2000-07,tsmom_1m,1M,0.0,19,2000-07-05T00:00:00+00:00,2000-07-31T00:00:00+00:00,-0.015818209303024133,-0.015818209303024133,-0.011741903090433325,0.012549960003835903,0.5578287696130954
2000-08,tsmom_1m,1M,0.0,23,2000-08-01T00:00:00+00:00,2000-08-31T00:00:00+00:00,0.0019240419032884315,0.0019240419032884315,-0.01365622774697095,1.1513811449763134,0.5935523753632183
2000-09,tsmom_1m,1M,0.0,20,2000-09-01T00:00:00+00:00,2000-09-29T00:00:00+00:00,0.012324866070426488,0.012324866070426488,-0.02229571710322842,0.08675154829378784,0.6803039236570059
2000-10,tsmom_1m,1M,0.0,22,2000-10-02T00:00:00+00:00,2000-10-31T00:00:00+00:00,0.027904331553642248,0.027904331553642248,-0.018006765355782606,0.051545824792564865,0.7318497484495708
2000-11,tsmom_1m,1M,0.0,20,2000-11-01T00:00:00+00:00,2000-11-30T00:00:00+00:00,-0.01964791564210655,-0.01964791564210655,-0.02267740319178646,0.027045304727334574,0.7588950531769054
2000-12,tsmom_1m,1M,0.0,20,2000-12-01T00:00:00+00:00,2000-12-29T00:00:00+00:00,0.0009669851081006708,0.0009669851081006708,-0.018398978935084576,1.59419661327478,0.8353015600978747
2001-01,tsmom_1m,1M,0.0,21,2001-01-02T00:00:00+00:00,2001-01-31T00:00:00+00:00,-0.017627465681457566,-0.017627465681457566,-0.019818866877128194,0.026810939077959173,0.8621124991758335
2001-02,tsmom_1m,1M,0.0,19,2001-02-01T00:00:00+00:00,2001-02-28T00:00:00+00:00,-0.0004725120871895694,-0.0004725120871895694,-0.03950865999382436,1.7690748008479487,0.9069623016721148
2001-03,tsmom_1m,1M,0.0,22,2001-03-01T00:00:00+00:00,2001-03-30T00:00:00+00:00,0.026676274662005506,0.026676274662005506,-0.03625207595131463,0.05555863304736697,0.8514036686247479
2001-04,tsmom_1m,1M,0.0,20,2001-04-02T00:00:00+00:00,2001-04-30T00:00:00+00:00,-0.016370438023954437,-0.016370438023954437,-0.028751679853631917,0.05461887474409399,0.796784793880654
2001-05,tsmom_1m,1M,0.0,22,2001-05-01T00:00:00+00:00,2001-05-31T00:00:00+00:00,0.008098716901036918,0.008098716901036918,-0.06006513367936939,1.6197460644659696,0.8229612705853158
2001-06,tsmom_1m,1M,0.0,21,2001-06-01T00:00:00+00:00,2001-06-29T00:00:00+00:00,0.010228066140892,0.010228066140892,-0.015349832622520765,0.21701693216586015,0.6059443384194554
2001-07,tsmom_1m,1M,0.0,21,2001-07-02T00:00:00+00:00,2001-07-31T00:00:00+00:00,-0.004637015636665409,-0.004637015636665409,-0.00969337197149478,0.0020049988586967604,0.6079493372781521
2001-08,tsmom_1m,1M,0.0,23,2001-08-01T00:00:00+00:00,2001-08-31T00:00:00+00:00,-0.018753307635587357,-0.018753307635587357,-0.029956759534960575,1.2923130365107864,0.6843636992326341
2001-09,tsmom_1m,1M,0.0,16,2001-09-04T00:00:00+00:00,2001-09-28T00:00:00+00:00,0.04656140560528388,0.04656140560528388,-0.006305203349527111,1.421568074859349,0.7372043756267148
2001-10,tsmom_1m,1M,0.0,23,2001-10-01T00:00:00+00:00,2001-10-31T00:00:00+00:00,-0.029386044395175004,-0.029386044395175004,-0.03789762925308271,0.09915929096742937,0.6380450846592856
2001-11,tsmom_1m,1M,0.0,20,2001-11-01T00:00:00+00:00,2001-11-30T00:00:00+00:00,0.013485676594167773,0.013485676594167773,-0.0064478013451079175,1.3162741576541677,0.6782290729948823
2001-12,tsmom_1m,1M,0.0,19,2001-12-03T00:00:00+00:00,2001-12-31T00:00:00+00:00,-0.011746336047999018,-0.011746336047999018,-0.02190196646507503,0.08050027526644998,0.7587293482613321
2002-01,tsmom_1m,1M,0.0,21,2002-01-02T00:00:00+00:00,2002-01-31T00:00:00+00:00,0.011259261874847049,0.011259261874847049,-0.025923159127021034,1.5590934013292925,0.8003640530679603
2002-02,tsmom_1m,1M,0.0,19,2002-02-01T00:00:00+00:00,2002-02-28T00:00:00+00:00,0.04084342065412905,0.04084342065412905,-0.03162404982547984,0.013398083103376202,0.8137621361713364
2002-03,tsmom_1m,1M,0.0,20,2002-03-01T00:00:00+00:00,2002-03-28T00:00:00+00:00,0.01608452880734701,0.01608452880734701,-0.02010327167870174,0.09235610549983586,0.7214060306715007
2002-04,tsmom_1m,1M,0.0,22,2002-04-01T00:00:00+00:00,2002-04-30T00:00:00+00:00,0.013651716533647162,0.013651716533647162,-0.018360341112858558,0.02859934555790955,0.7500053762294102
2002-05,tsmom_1m,1M,0.0,22,2002-05-01T00:00:00+00:00,2002-05-31T00:00:00+00:00,0.046738547865611935,0.046738547865611935,-0.012424605648846843,0.04257958946370288,0.7925849656931131
2002-06,tsmom_1m,1M,0.0,20,2002-06-03T00:00:00+00:00,2002-06-28T00:00:00+00:00,-0.03293891264008053,-0.03293891264008053,-0.03597305868500322,0.0003940499252502727,0.7929790156183636
2002-07,tsmom_1m,1M,0.0,22,2002-07-01T00:00:00+00:00,2002-07-31T00:00:00+00:00,0.02048719048762493,0.02048719048762493,-0.03144489691018859,1.5810177548109983,0.7880387391926349
2002-08,tsmom_1m,1M,0.0,22,2002-08-01T00:00:00+00:00,2002-08-30T00:00:00+00:00,-0.020277790796587203,-0.020277790796587203,-0.022461407165716984,0.11280958776549388,0.675229151427141
2002-09,tsmom_1m,1M,0.0,20,2002-09-03T00:00:00+00:00,2002-09-30T00:00:00+00:00,0.022934851005619317,0.022934851005619317,-0.011914168218996046,1.313109430230842,0.6378802788037009
2002-10,tsmom_1m,1M,0.0,23,2002-10-01T00:00:00+00:00,2002-10-31T00:00:00+00:00,-0.014463514609172945,-0.014463514609172945,-0.02607497627028288,0.056877042893113794,0.6947573216968145
2002-11,tsmom_1m,1M,0.0,19,2002-11-01T00:00:00+00:00,2002-11-27T00:00:00+00:00,0.0008466703541476495,0.0008466703541476495,-0.01567797144183558,1.4356538539144141,0.7408965322175994
2002-12,tsmom_1m,1M,0.0,21,2002-12-02T00:00:00+00:00,2002-12-31T00:00:00+00:00,-0.07002546848955515,-0.07002546848955515,-0.07128499824207368,0.03831585130131543,0.7792123835189151
2003-01,tsmom_1m,1M,0.0,21,2003-01-02T00:00:00+00:00,2003-01-31T00:00:00+00:00,0.04383470761544106,0.04383470761544106,-0.009160855133516499,1.51228899545327,0.7330766119343547
2003-02,tsmom_1m,1M,0.0,19,2003-02-03T00:00:00+00:00,2003-02-28T00:00:00+00:00,-0.03617366513409637,-0.03617366513409637,-0.06753060524339694,0.02001071085587347,0.7130659010784813
2003-03,tsmom_1m,1M,0.0,21,2003-03-03T00:00:00+00:00,2003-03-31T00:00:00+00:00,0.023652331793512893,0.023652331793512893,-0.017414590278525988,1.3007733440551812,0.5877074429767001
2003-04,tsmom_1m,1M,0.0,21,2003-04-01T00:00:00+00:00,2003-04-30T00:00:00+00:00,-0.00670556035372305,-0.00670556035372305,-0.030006151985397245,0.011656529502725443,0.5760509134739744
2003-05,tsmom_1m,1M,0.0,21,2003-05-01T00:00:00+00:00,2003-05-30T00:00:00+00:00,0.046993001450418515,0.046993001450418515,-0.010871323691135637,1.1902736071270474,0.6142226936530728
2003-06,tsmom_1m,1M,0.0,21,2003-06-02T00:00:00+00:00,2003-06-30T00:00:00+00:00,-0.032399505443021615,-0.032399505443021615,-0.042307260792616264,0.00019370710209987152,0.6140289865509732
2003-07,tsmom_1m,1M,0.0,22,2003-07-01T00:00:00+00:00,2003-07-31T00:00:00+00:00,-0.013467818290283762,-0.013467818290283762,-0.03667660937677708,1.189719591070011,0.5756906045190378
2003-08,tsmom_1m,1M,0.0,21,2003-08-01T00:00:00+00:00,2003-08-29T00:00:00+00:00,0.038320991853987296,0.038320991853987296,-0.012410717960115503,1.1731753997486685,0.5974847952296306
2003-09,tsmom_1m,1M,0.0,21,2003-09-02T00:00:00+00:00,2003-09-30T00:00:00+00:00,0.014726863234493459,0.014726863234493459,-0.012735596284942807,0.004752200523036487,0.5927325947065937
2003-10,tsmom_1m,1M,0.0,23,2003-10-01T00:00:00+00:00,2003-10-31T00:00:00+00:00,-0.0020729362508138394,-0.0020729362508138394,-0.024725920096376086,0.03421689100553593,0.6269494857121298
2003-11,tsmom_1m,1M,0.0,18,2003-11-03T00:00:00+00:00,2003-11-26T00:00:00+00:00,-0.021221936850758127,-0.021221936850758127,-0.03252961374540597,1.2263039252855876,0.5993544395734579
2003-12,tsmom_1m,1M,0.0,21,2003-12-01T00:00:00+00:00,2003-12-31T00:00:00+00:00,0.027627900497936064,0.027627900497936064,-0.005233851001637424,1.2103105278574247,0.6109560882839669
2004-01,tsmom_1m,1M,0.0,19,2004-01-05T00:00:00+00:00,2004-01-30T00:00:00+00:00,-0.02114270137562746,-0.02114270137562746,-0.04351653613831452,0.06496681596111098,0.6759229042450777
2004-02,tsmom_1m,1M,0.0,19,2004-02-02T00:00:00+00:00,2004-02-27T00:00:00+00:00,0.007701713900289731,0.007701713900289731,-0.025085926243263112,1.2540204826337624,0.5780975783886845
2004-03,tsmom_1m,1M,0.0,23,2004-03-01T00:00:00+00:00,2004-03-31T00:00:00+00:00,-0.04312244748299554,-0.04312244748299554,-0.04859229348625549,0.01474219524193654,0.5633553831467479
2004-04,tsmom_1m,1M,0.0,21,2004-04-01T00:00:00+00:00,2004-04-30T00:00:00+00:00,-0.05600216751151754,-0.05600216751151754,-0.05878216899686839,1.148019736887226,0.5846643537404782
2004-05,tsmom_1m,1M,0.0,20,2004-05-03T00:00:00+00:00,2004-05-28T00:00:00+00:00,-0.010851701887328535,-0.010851701887328535,-0.029974776638751588,1.126458312562534,0.5417939588220559
2004-06,tsmom_1m,1M,0.0,21,2004-06-01T00:00:00+00:00,2004-06-30T00:00:00+00:00,-0.0023570380856643425,-0.0023570380856643425,-0.015151324429093616,1.0853694155570492,0.5435754567349935
2004-07,tsmom_1m,1M,0.0,21,2004-07-01T00:00:00+00:00,2004-07-30T00:00:00+00:00,-0.001874607069873635,-0.001874607069873635,-0.02168921364570331,1.1050166435832212,0.5614411868482276
2004-08,tsmom_1m,1M,0.0,22,2004-08-02T00:00:00+00:00,2004-08-31T00:00:00+00:00,0.0279435288884764,0.0279435288884764,-0.014915239580748918,1.1504823457384816,0.5890411588902539
2004-09,tsmom_1m,1M,0.0,21,2004-09-01T00:00:00+00:00,2004-09-30T00:00:00+00:00,0.01186909340946829,0.01186909340946829,-0.016942841050425983,0.019374510658040522,0.6084156695482946
2004-10,tsmom_1m,1M,0.0,21,2004-10-01T00:00:00+00:00,2004-10-29T00:00:00+00:00,0.014612702566030755,0.014612702566030755,-0.015847354772623334,0.06987561070969794,0.6782912802579925
2004-11,tsmom_1m,1M,0.0,20,2004-11-01T00:00:00+00:00,2004-11-30T00:00:00+00:00,0.03907310569182432,0.03907310569182432,-0.012235551463358862,0.02971725171636852,0.708008531974361
2004-12,tsmom_1m,1M,0.0,21,2004-12-01T00:00:00+00:00,2004-12-30T00:00:00+00:00,-0.02347292962371561,-0.02347292962371561,-0.03564769009695434,0.014645787006287159,0.7226543189806482
2005-01,tsmom_1m,1M,0.0,20,2005-01-03T00:00:00+00:00,2005-01-31T00:00:00+00:00,0.021987259672856307,0.021987259672856307,-0.01397984196895119,1.4004046264026895,0.6777503074220413
2005-02,tsmom_1m,1M,0.0,19,2005-02-01T00:00:00+00:00,2005-02-28T00:00:00+00:00,-0.0225316069446303,-0.0225316069446303,-0.03855438120811128,0.033598199404612616,0.7113485068266541
2005-03,tsmom_1m,1M,0.0,22,2005-03-01T00:00:00+00:00,2005-03-31T00:00:00+00:00,-0.011073585456677248,-0.011073585456677248,-0.0372161109266681,1.464113600345625,0.7527650935189709
2005-04,tsmom_1m,1M,0.0,21,2005-04-01T00:00:00+00:00,2005-04-29T00:00:00+00:00,-0.00932428853832501,-0.00932428853832501,-0.023599759268057352,1.5163585086894709,0.7635934151705002
2005-05,tsmom_1m,1M,0.0,21,2005-05-02T00:00:00+00:00,2005-05-31T00:00:00+00:00,-0.03232963488393792,-0.03232963488393792,-0.026266199518055755,1.5818103358444142,0.8182169206739142
2005-06,tsmom_1m,1M,0.0,22,2005-06-01T00:00:00+00:00,2005-06-30T00:00:00+00:00,-0.036883062143291956,-0.036883062143291956,-0.05064871971219542,1.6843200942501846,0.8661031735762702
2005-07,tsmom_1m,1M,0.0,20,2005-07-01T00:00:00+00:00,2005-07-29T00:00:00+00:00,-0.002596116915023594,-0.002596116915023594,-0.01789014151147561,1.7578885704621525,0.8917853968858823
2005-08,tsmom_1m,1M,0.0,23,2005-08-01T00:00:00+00:00,2005-08-31T00:00:00+00:00,-0.005620170249442391,-0.005620170249442391,-0.027387426654586378,1.7665443433167245,0.8747589464308421
2005-09,tsmom_1m,1M,0.0,21,2005-09-01T00:00:00+00:00,2005-09-30T00:00:00+00:00,0.06570846759889815,0.06570846759889815,-0.016358849418531718,1.7421436042991014,0.8673846578682594
2005-10,tsmom_1m,1M,0.0,21,2005-10-03T00:00:00+00:00,2005-10-31T00:00:00+00:00,-0.007300237486510985,-0.007300237486510985,-0.025865264775712604,0.05493840500090952,0.8124462528673497
2005-11,tsmom_1m,1M,0.0,20,2005-11-01T00:00:00+00:00,2005-11-30T00:00:00+00:00,-0.050346680845599234,-0.050346680845599234,-0.07539100573060076,1.6149346795556234,0.8024884266882738
2005-12,tsmom_1m,1M,0.0,21,2005-12-01T00:00:00+00:00,2005-12-30T00:00:00+00:00,0.03307261427063368,0.03307261427063368,-0.05049137577041196,1.540656591958152,0.7381681652698782
2006-01,tsmom_1m,1M,0.0,20,2006-01-03T00:00:00+00:00,2006-01-31T00:00:00+00:00,0.06563244089741205,0.06563244089741205,-0.014760329065723332,0.09664896470575146,0.6415192005641266
2006-02,tsmom_1m,1M,0.0,19,2006-02-01T00:00:00+00:00,2006-02-28T00:00:00+00:00,-0.008493966948053822,-0.008493966948053822,-0.032645501825427914,0.077783296325734,0.5637359042383927
2006-03,tsmom_1m,1M,0.0,23,2006-03-01T00:00:00+00:00,2006-03-31T00:00:00+00:00,-0.02021536012865055,-0.02021536012865055,-0.044245005766729406,1.0698309060996483,0.5060950018612557
2006-04,tsmom_1m,1M,0.0,19,2006-04-03T00:00:00+00:00,2006-04-28T00:00:00+00:00,0.06048606541954693,0.06048606541954693,-0.006995759667737689,1.0323593511521425,0.526264349290887
2006-05,tsmom_1m,1M,0.0,22,2006-05-01T00:00:00+00:00,2006-05-31T00:00:00+00:00,-0.005567525452797928,-0.005567525452797928,-0.059933494771579054,0.004325198470651936,0.5305895477615388
2006-06,tsmom_1m,1M,0.0,22,2006-06-01T00:00:00+00:00,2006-06-30T00:00:00+00:00,0.01739887518396932,0.01739887518396932,-0.0348041138433397,0.9427945521202317,0.4122050043586929
2006-07,tsmom_1m,1M,0.0,19,2006-07-05T00:00:00+00:00,2006-07-31T00:00:00+00:00,-0.0200669977335709,-0.0200669977335709,-0.024310943612754432,0.04141238127656305,0.37079262308212974
2006-08,tsmom_1m,1M,0.0,23,2006-08-01T00:00:00+00:00,2006-08-31T00:00:00+00:00,-0.006734821830211124,-0.006734821830211124,-0.023572037946489988,0.7150420498369003,0.3442494267547706
2006-09,tsmom_1m,1M,0.0,20,2006-09-01T00:00:00+00:00,2006-09-29T00:00:00+00:00,0.01765361870669313,0.01765361870669313,-0.017752990838501126,0.7288122598689983,0.3845628331142278
2006-10,tsmom_1m,1M,0.0,22,2006-10-02T00:00:00+00:00,2006-10-31T00:00:00+00:00,-0.00296506141217745,-0.00296506141217745,-0.027813654925165743,0.017806028267077445,0.4023688613813052
2006-11,tsmom_1m,1M,0.0,21,2006-11-01T00:00:00+00:00,2006-11-30T00:00:00+00:00,0.03088816501286984,0.03088816501286984,-0.00983845894964519,0.8176767779117704,0.4153079165304653
2006-12,tsmom_1m,1M,0.0,20,2006-12-01T00:00:00+00:00,2006-12-29T00:00:00+00:00,-0.009575078017494465,-0.009575078017494465,-0.023228897070312615,0.03832869453118698,0.4536366110616522
2007-01,tsmom_1m,1M,0.0,21,2007-01-02T00:00:00+00:00,2007-01-31T00:00:00+00:00,-0.016046434760858985,-0.016046434760858985,-0.03994245872375746,0.952617597248822,0.4989809861871699
2007-02,tsmom_1m,1M,0.0,19,2007-02-01T00:00:00+00:00,2007-02-28T00:00:00+00:00,0.011435930112531967,0.011435930112531967,-0.013038295898906926,1.0146650192863857,0.515684033099216
2007-03,tsmom_1m,1M,0.0,22,2007-03-01T00:00:00+00:00,2007-03-30T00:00:00+00:00,-0.0021553619134335733,-0.0021553619134335733,-0.020260539867290372,0.006464332492640779,0.5221483655918567
2007-04,tsmom_1m,1M,0.0,20,2007-04-02T00:00:00+00:00,2007-04-30T00:00:00+00:00,-0.011749646271295378,-0.011749646271295378,-0.020577597692369998,1.0686956944480286,0.5465473288561717
2007-05,tsmom_1m,1M,0.0,22,2007-05-01T00:00:00+00:00,2007-05-31T00:00:00+00:00,-0.014472712610648086,-0.014472712610648086,-0.03227296490205067,1.148085343509599,0.601538014653427
2007-06,tsmom_1m,1M,0.0,21,2007-06-01T00:00:00+00:00,2007-06-29T00:00:00+00:00,0.013649758373012633,0.013649758373012633,-0.013690947752733162,1.2310464591034864,0.629508444450059
2007-07,tsmom_1m,1M,0.0,21,2007-07-02T00:00:00+00:00,2007-07-31T00:00:00+00:00,-0.02733998923841674,-0.02733998923841674,-0.033028609985934265,0.015411382420140063,0.6449198268701991
2007-08,tsmom_1m,1M,0.0,23,2007-08-01T00:00:00+00:00,2007-08-31T00:00:00+00:00,0.0031254082551119833,0.0031254082551119833,-0.027408021320833087,1.3159022896365247,0.6709824627663253
2007-09,tsmom_1m,1M,0.0,19,2007-09-04T00:00:00+00:00,2007-09-28T00:00:00+00:00,0.06325848245511767,0.06325848245511767,-0.004094637220585673,0.02683099243431497,0.6441514703320105
2007-10,tsmom_1m,1M,0.0,23,2007-10-01T00:00:00+00:00,2007-10-31T00:00:00+00:00,0.040779553415122516,0.040779553415122516,-0.016173001980434587,0.02548753424589223,0.6696390045779027
2007-11,tsmom_1m,1M,0.0,21,2007-11-01T00:00:00+00:00,2007-11-30T00:00:00+00:00,-0.0045251477016724495,-0.0045251477016724495,-0.04638487093374266,0.0112412858850931,0.6583977186928095
2007-12,tsmom_1m,1M,0.0,20,2007-12-03T00:00:00+00:00,2007-12-31T00:00:00+00:00,-0.03204558189763285,-0.03204558189763285,-0.031536942040963245,1.1865691017402225,0.5281713830474127
2008-01,tsmom_1m,1M,0.0,22,2008-01-02T00:00:00+00:00,2008-01-31T00:00:00+00:00,0.05820133213575973,0.05820133213575973,-0.02295689035033055,1.0780528937089628,0.54988151066155
2008-02,tsmom_1m,1M,0.0,21,2008-02-01T00:00:00+00:00,2008-02-29T00:00:00+00:00,0.02540742182840816,0.02540742182840816,-0.012446203672030975,0.039069517903238205,0.5108119927583118
2008-03,tsmom_1m,1M,0.0,20,2008-03-03T00:00:00+00:00,2008-03-31T00:00:00+00:00,-0.028366825022189013,-0.028366825022189013,-0.04770448237557412,0.017819689239031655,0.5286316819973434
2008-04,tsmom_1m,1M,0.0,22,2008-04-01T00:00:00+00:00,2008-04-30T00:00:00+00:00,0.026632029316370653,0.026632029316370653,-0.029256394733810365,0.9717446354488444,0.4431129534515007
2008-05,tsmom_1m,1M,0.0,21,2008-05-01T00:00:00+00:00,2008-05-30T00:00:00+00:00,-0.013459015761661752,-0.013459015761661752,-0.03771808800273091,0.011424373967774626,0.4316885794837262
2008-06,tsmom_1m,1M,0.0,21,2008-06-02T00:00:00+00:00,2008-06-30T00:00:00+00:00,0.019448007241211984,0.019448007241211984,-0.017226404829406183,0.87483739190924,0.4431488124255138
2008-07,tsmom_1m,1M,0.0,22,2008-07-01T00:00:00+00:00,2008-07-31T00:00:00+00:00,-0.0024018216693247885,-0.0024018216693247885,-0.026482684943706536,0.01068925482772387,0.4324595575977899
2008-08,tsmom_1m,1M,0.0,21,2008-08-01T00:00:00+00:00,2008-08-29T00:00:00+00:00,0.04402478157617562,0.04402478157617562,-0.02676552508599417,0.8866667247187519,0.45420716712096204
2008-09,tsmom_1m,1M,0.0,21,2008-09-02T00:00:00+00:00,2008-09-30T00:00:00+00:00,-0.0239968503587058,-0.0239968503587058,-0.08805904565326095,0.03029668921567047,0.42391047790529146
2008-10,tsmom_1m,1M,0.0,23,2008-10-01T00:00:00+00:00,2008-10-31T00:00:00+00:00,-0.048866755043275534,-0.048866755043275534,-0.06556744696237538,0.7102935654822984,0.2863830875770069
2008-11,tsmom_1m,1M,0.0,19,2008-11-03T00:00:00+00:00,2008-11-28T00:00:00+00:00,-0.03262676775285234,-0.03262676775285234,-0.037175770005657416,0.539691626081498,0.2533085385044911
2008-12,tsmom_1m,1M,0.0,22,2008-12-01T00:00:00+00:00,2008-12-31T00:00:00+00:00,0.019080973079674823,0.019080973079674823,-0.008357606324795874,0.49936784052179695,0.24605930201730597
2009-01,tsmom_1m,1M,0.0,20,2009-01-02T00:00:00+00:00,2009-01-30T00:00:00+00:00,0.014949430632668514,0.014949430632668514,-0.019990377938406634,0.015296768620080392,0.2613560706373864
2009-02,tsmom_1m,1M,0.0,19,2009-02-02T00:00:00+00:00,2009-02-27T00:00:00+00:00,0.004248663738616987,0.004248663738616987,-0.0146241433634271,0.012349374533248081,0.2737054451706344
2009-03,tsmom_1m,1M,0.0,22,2009-03-02T00:00:00+00:00,2009-03-31T00:00:00+00:00,-0.005959439311514658,-0.005959439311514658,-0.013350595451479652,0.01750627202641364,0.291211717197048
2009-04,tsmom_1m,1M,0.0,21,2009-04-01T00:00:00+00:00,2009-04-30T00:00:00+00:00,0.01037072410903317,0.01037072410903317,-0.016300060514747527,0.6065769338152991,0.3153652166182511
2009-05,tsmom_1m,1M,0.0,20,2009-05-01T00:00:00+00:00,2009-05-29T00:00:00+00:00,-0.03358698846903063,-0.03358698846903063,-0.03482410212671894,0.029813789176249383,0.3451790057945005
2009-06,tsmom_1m,1M,0.0,22,2009-06-01T00:00:00+00:00,2009-06-30T00:00:00+00:00,-0.02061340851373572,-0.02061340851373572,-0.02387433762773572,0.7327032801227065,0.387524274328206
2009-07,tsmom_1m,1M,0.0,22,2009-07-01T00:00:00+00:00,2009-07-31T00:00:00+00:00,-0.011945159835228036,-0.011945159835228036,-0.020710048476269338,0.8118157369100898,0.42429146258188377
2009-08,tsmom_1m,1M,0.0,21,2009-08-03T00:00:00+00:00,2009-08-31T00:00:00+00:00,-0.0002520170022760615,-0.0002520170022760615,-0.015808266786477843,0.8982557415845023,0.47396427900261867
2009-09,tsmom_1m,1M,0.0,21,2009-09-01T00:00:00+00:00,2009-09-30T00:00:00+00:00,-0.029929650326291135,-0.029929650326291135,-0.03247186542669811,0.9959602076831725,0.5219959286805538
2009-10,tsmom_1m,1M,0.0,22,2009-10-01T00:00:00+00:00,2009-10-30T00:00:00+00:00,0.020910614848308917,0.020910614848308917,-0.018871454020156442,1.0822702033791383,0.560274274698584
2009-11,tsmom_1m,1M,0.0,21,2009-11-02T00:00:00+00:00,2009-11-30T00:00:00+00:00,0.07158056804943946,0.07158056804943946,-0.007037589204721639,0.009413471721314792,0.5696877464198989
2009-12,tsmom_1m,1M,0.0,22,2009-12-01T00:00:00+00:00,2009-12-31T00:00:00+00:00,-0.04051298167907347,-0.04051298167907347,-0.06412034490265683,0.01073031042055228,0.5804180568404511
2010-01,tsmom_1m,1M,0.0,20,2010-01-04T00:00:00+00:00,2010-01-29T00:00:00+00:00,0.006322368043801152,0.006322368043801152,-0.015052185222910297,1.0869314636478995,0.5065134068074483
2010-02,tsmom_1m,1M,0.0,20,2010-02-01T00:00:00+00:00,2010-02-26T00:00:00+00:00,-0.01844426852513803,-0.01844426852513803,-0.027006012182633654,0.0135045899367916,0.52001799674424
2010-03,tsmom_1m,1M,0.0,23,2010-03-01T00:00:00+00:00,2010-03-31T00:00:00+00:00,-0.0014752220877807254,-0.0014752220877807254,-0.02359966424607529,1.0262966428632962,0.5062786461190566
2010-04,tsmom_1m,1M,0.0,21,2010-04-01T00:00:00+00:00,2010-04-30T00:00:00+00:00,-0.031141946937239817,-0.031141946937239817,-0.024988365906470134,1.0512511860356604,0.5449725399166038
2010-05,tsmom_1m,1M,0.0,21,2010-05-03T00:00:00+00:00,2010-05-31T00:00:00+00:00,0.019568553309156522,0.019568553309156522,-0.028454872288022348,1.1356650895723734,0.5906925496557699
2010-06,tsmom_1m,1M,0.0,22,2010-06-01T00:00:00+00:00,2010-06-30T00:00:00+00:00,0.012035901248778291,0.012035901248778291,-0.011798886060710556,0.006461880421304578,0.5842306692344651
2010-07,tsmom_1m,1M,0.0,22,2010-07-01T00:00:00+00:00,2010-07-30T00:00:00+00:00,-0.0291169882391783,-0.0291169882391783,-0.025130714117882258,0.022713906989922927,0.6069445762243879
2010-08,tsmom_1m,1M,0.0,22,2010-08-02T00:00:00+00:00,2010-08-31T00:00:00+00:00,-0.032613575550427654,-0.032613575550427654,-0.03226844319968958,1.2096162200572975,0.6026716438329095
2010-09,tsmom_1m,1M,0.0,22,2010-09-01T00:00:00+00:00,2010-09-30T00:00:00+00:00,0.03313855068707339,0.03313855068707339,-0.0061110921209975855,1.2881551153456643,0.6854834715127545
2010-10,tsmom_1m,1M,0.0,21,2010-10-01T00:00:00+00:00,2010-10-29T00:00:00+00:00,0.02844331960008506,0.02844331960008506,-0.030936376967208634,0.06853279359164655,0.7540162651044011
2010-11,tsmom_1m,1M,0.0,22,2010-11-01T00:00:00+00:00,2010-11-30T00:00:00+00:00,0.014639758320976082,0.014639758320976082,-0.035489476981010126,0.06999198479643343,0.6840242803079678
2010-12,tsmom_1m,1M,0.0,22,2010-12-01T00:00:00+00:00,2010-12-31T00:00:00+00:00,0.015606697258273794,0.015606697258273794,-0.024122895658409305,0.05254928273003012,0.6314749975779376
2011-01,tsmom_1m,1M,0.0,21,2011-01-03T00:00:00+00:00,2011-01-31T00:00:00+00:00,-0.04088468730464734,-0.04088468730464734,-0.04600912824714354,0.022593898025350723,0.6540688956032883
2011-02,tsmom_1m,1M,0.0,20,2011-02-01T00:00:00+00:00,2011-02-28T00:00:00+00:00,-0.03636808751895804,-0.03636808751895804,-0.035182445470758106,1.2883572257296083,0.6342883301263201
2011-03,tsmom_1m,1M,0.0,23,2011-03-01T00:00:00+00:00,2011-03-31T00:00:00+00:00,0.009976664717356032,0.009976664717356032,-0.018704834665564052,1.3203528649125222,0.6860645347862024
2011-04,tsmom_1m,1M,0.0,20,2011-04-01T00:00:00+00:00,2011-04-29T00:00:00+00:00,0.06394196898819549,0.06394196898819549,-0.010292164895542744,0.01965500185632385,0.7057195366425261
2011-05,tsmom_1m,1M,0.0,22,2011-05-02T00:00:00+00:00,2011-05-31T00:00:00+00:00,-0.013141791143479575,-0.013141791143479575,-0.03429297059402836,0.0374279797733893,0.7431475164159153
2011-06,tsmom_1m,1M,0.0,22,2011-06-01T00:00:00+00:00,2011-06-30T00:00:00+00:00,0.01577179398893902,0.01577179398893902,-0.014853069667838836,1.4456256218567733,0.7024781054408576
2011-07,tsmom_1m,1M,0.0,21,2011-07-01T00:00:00+00:00,2011-07-29T00:00:00+00:00,-0.06047856695177933,-0.06047856695177933,-0.06663342330658206,0.052891182324424024,0.7553692877652819
2011-08,tsmom_1m,1M,0.0,23,2011-08-01T00:00:00+00:00,2011-08-31T00:00:00+00:00,0.0937603213574747,0.0937603213574747,-0.06067629155703824,1.5361041361320797,0.7807348483667979
2011-09,tsmom_1m,1M,0.0,22,2011-09-01T00:00:00+00:00,2011-09-30T00:00:00+00:00,-0.04994036259926493,-0.04994036259926493,-0.07145683413081316,0.3268114771536668,0.4539233712131309
2011-10,tsmom_1m,1M,0.0,21,2011-10-03T00:00:00+00:00,2011-10-31T00:00:00+00:00,-0.021225566157462517,-0.021225566157462517,-0.029343034178029304,0.8474810410341895,0.39355766982105855
2011-11,tsmom_1m,1M,0.0,22,2011-11-01T00:00:00+00:00,2011-11-30T00:00:00+00:00,0.010349417439453168,0.010349417439453168,-0.027483990692799165,0.8047443788158648,0.41118670899480636
2011-12,tsmom_1m,1M,0.0,21,2011-12-01T00:00:00+00:00,2011-12-30T00:00:00+00:00,-0.04660245256321116,-0.04660245256321116,-0.051096225853865085,0.01698964674302411,0.4281763557378305
2012-01,tsmom_1m,1M,0.0,21,2012-01-03T00:00:00+00:00,2012-01-31T00:00:00+00:00,-0.044510812335596284,-0.044510812335596284,-0.03427963235295406,0.8558140338403424,0.427637678102512
2012-02,tsmom_1m,1M,0.0,21,2012-02-01T00:00:00+00:00,2012-02-29T00:00:00+00:00,-0.010755221244580282,-0.010755221244580282,-0.022677517082192233,0.8934401420364484,0.4658024639339364
2012-03,tsmom_1m,1M,0.0,22,2012-03-01T00:00:00+00:00,2012-03-30T00:00:00+00:00,0.007951061038466989,0.007951061038466989,-0.015309902797666863,0.9871486879200397,0.5213462239861035
2012-04,tsmom_1m,1M,0.0,20,2012-04-02T00:00:00+00:00,2012-04-30T00:00:00+00:00,0.0011412267871058202,0.0011412267871058202,-0.01647984617859699,0.020241069271293433,0.5011051547148101
2012-05,tsmom_1m,1M,0.0,23,2012-05-01T00:00:00+00:00,2012-05-31T00:00:00+00:00,0.03527746736412363,0.03527746736412363,-0.018609858430891135,0.05471332245494087,0.555818477169751
2012-06,tsmom_1m,1M,0.0,21,2012-06-01T00:00:00+00:00,2012-06-29T00:00:00+00:00,-0.015234716842024376,-0.015234716842024376,-0.016971179470483433,0.024509883379851383,0.5803283605496022
2012-07,tsmom_1m,1M,0.0,22,2012-07-02T00:00:00+00:00,2012-07-31T00:00:00+00:00,0.006316236650171669,0.006316236650171669,-0.017551661311274946,1.1387847327696194,0.5584563722200175
2012-08,tsmom_1m,1M,0.0,23,2012-08-01T00:00:00+00:00,2012-08-31T00:00:00+00:00,0.02766876937801066,0.02766876937801066,-0.007616345462527874,0.031211680199832892,0.58966805241985
2012-09,tsmom_1m,1M,0.0,20,2012-09-03T00:00:00+00:00,2012-09-28T00:00:00+00:00,0.032520164995404555,0.032520164995404555,-0.006484866638991171,0.07804957107461463,0.6677176234944648
2012-10,tsmom_1m,1M,0.0,23,2012-10-01T00:00:00+00:00,2012-10-31T00:00:00+00:00,-0.02069685189573056,-0.02069685189573056,-0.03416447886721019,0.0090836619491379,0.6768012854436026
2012-11,tsmom_1m,1M,0.0,22,2012-11-01T00:00:00+00:00,2012-11-30T00:00:00+00:00,0.0005789043557182794,0.0005789043557182794,-0.03262374519693345,1.4325430123176528,0.7557417268740498
2012-12,tsmom_1m,1M,0.0,20,2012-12-03T00:00:00+00:00,2012-12-31T00:00:00+00:00,0.01789960407658131,0.01789960407658131,-0.012721437869039232,0.007276078689636534,0.7630178055636866
2013-01,tsmom_1m,1M,0.0,22,2013-01-02T00:00:00+00:00,2013-01-31T00:00:00+00:00,0.004836872380065804,0.004836872380065804,-0.021714031409831525,0.05366874977842995,0.8166865553421164
2013-02,tsmom_1m,1M,0.0,20,2013-02-01T00:00:00+00:00,2013-02-28T00:00:00+00:00,0.04508214384046161,0.04508214384046161,-0.027048687383449788,0.04002168314692878,0.8567082384890453
2013-03,tsmom_1m,1M,0.0,20,2013-03-01T00:00:00+00:00,2013-03-28T00:00:00+00:00,-0.009437150178030707,-0.009437150178030707,-0.02038501207789245,0.06115462261754889,0.7955536158714963
2013-04,tsmom_1m,1M,0.0,22,2013-04-01T00:00:00+00:00,2013-04-30T00:00:00+00:00,-0.06636709541785835,-0.06636709541785835,-0.13749317495146163,1.679352951380807,0.8837993355093103
2013-05,tsmom_1m,1M,0.0,23,2013-05-01T00:00:00+00:00,2013-05-31T00:00:00+00:00,0.025940867325058292,0.025940867325058292,-0.017544544168869525,1.3130437074080799,0.42924437189876946
2013-06,tsmom_1m,1M,0.0,20,2013-06-03T00:00:00+00:00,2013-06-28T00:00:00+00:00,0.05182167329577059,0.05182167329577059,-0.012723085129389577,0.022443971326406964,0.4516883432251764
2013-07,tsmom_1m,1M,0.0,23,2013-07-01T00:00:00+00:00,2013-07-31T00:00:00+00:00,-0.02854517453070249,-0.02854517453070249,-0.03917243393198733,0.04880799762565019,0.4028803455995261
2013-08,tsmom_1m,1M,0.0,22,2013-08-01T00:00:00+00:00,2013-08-30T00:00:00+00:00,0.023066526035344204,0.023066526035344204,-0.009497661368798593,0.8245991989575657,0.42171885335803966
2013-09,tsmom_1m,1M,0.0,21,2013-09-02T00:00:00+00:00,2013-09-30T00:00:00+00:00,-0.021554194449254882,-0.021554194449254882,-0.03351753019723602,0.035890451249340594,0.4576093046073803
2013-10,tsmom_1m,1M,0.0,23,2013-10-01T00:00:00+00:00,2013-10-31T00:00:00+00:00,0.0006486582831317644,0.0006486582831317644,-0.026770019292028047,0.8927357262164333,0.43512642160905324
2013-11,tsmom_1m,1M,0.0,21,2013-11-01T00:00:00+00:00,2013-11-29T00:00:00+00:00,0.02544785634330382,0.02544785634330382,-0.00875303022653251,0.02375820361603148,0.4588846252250847
2013-12,tsmom_1m,1M,0.0,21,2013-12-02T00:00:00+00:00,2013-12-31T00:00:00+00:00,0.018120302502533603,0.018120302502533603,-0.017377418761238217,0.04179871110377548,0.5006833363288601
2014-01,tsmom_1m,1M,0.0,22,2014-01-02T00:00:00+00:00,2014-01-31T00:00:00+00:00,-0.01722943715317271,-0.01722943715317271,-0.019396020044020856,0.000632178867069455,0.5000511574617905
2014-02,tsmom_1m,1M,0.0,20,2014-02-03T00:00:00+00:00,2014-02-28T00:00:00+00:00,0.03464413744221817,0.03464413744221817,-0.007154804823816585,1.0304006047979908,0.5303494473362
2014-03,tsmom_1m,1M,0.0,21,2014-03-03T00:00:00+00:00,2014-03-31T00:00:00+00:00,-0.01839772712272869,-0.01839772712272869,-0.042306163526430685,0.05502764470386501,0.5853770920400653
2014-04,tsmom_1m,1M,0.0,21,2014-04-01T00:00:00+00:00,2014-04-30T00:00:00+00:00,-0.0036734615983413654,-0.0036734615983413654,-0.02186663953954504,1.1824583530261608,0.5970812609860958
2014-05,tsmom_1m,1M,0.0,22,2014-05-01T00:00:00+00:00,2014-05-30T00:00:00+00:00,-0.021000544477570715,-0.021000544477570715,-0.0299675622662251,1.2492000729824564,0.6521188119963609
2014-06,tsmom_1m,1M,0.0,21,2014-06-02T00:00:00+00:00,2014-06-30T00:00:00+00:00,-0.0424901822121887,-0.0424901822121887,-0.04580750826718882,1.3528738765264405,0.7007550645300799
2014-07,tsmom_1m,1M,0.0,23,2014-07-01T00:00:00+00:00,2014-07-31T00:00:00+00:00,-0.023918110364747447,-0.023918110364747447,-0.03001264542099147,1.4134845554768014,0.7127294909467214
2014-08,tsmom_1m,1M,0.0,21,2014-08-01T00:00:00+00:00,2014-08-29T00:00:00+00:00,-0.0032362156396331665,-0.0032362156396331665,-0.014511497223129055,1.4576518152122375,0.7449223242655162
2014-09,tsmom_1m,1M,0.0,22,2014-09-01T00:00:00+00:00,2014-09-30T00:00:00+00:00,-0.04989333438699084,-0.04989333438699084,-0.04971388179065994,1.5558038407677848,0.8108815165022684
2014-10,tsmom_1m,1M,0.0,23,2014-10-01T00:00:00+00:00,2014-10-31T00:00:00+00:00,0.025641550775275856,0.025641550775275856,-0.04053737285722947,1.6710218004791313,0.8601402839768625
2014-11,tsmom_1m,1M,0.0,20,2014-11-03T00:00:00+00:00,2014-11-28T00:00:00+00:00,0.0018790852556764825,0.0018790852556764825,-0.04527102315230158,0.009719962139911664,0.8504203218369509
2014-12,tsmom_1m,1M,0.0,22,2014-12-01T00:00:00+00:00,2014-12-31T00:00:00+00:00,-0.012837620709300612,-0.012837620709300612,-0.02199932638330593,0.17707404020193773,0.6733462816350131
2015-01,tsmom_1m,1M,0.0,21,2015-01-02T00:00:00+00:00,2015-01-30T00:00:00+00:00,0.04799223022504573,0.04799223022504573,-0.019300423209535955,1.2466998738882098,0.5733535922531966
2015-02,tsmom_1m,1M,0.0,20,2015-02-02T00:00:00+00:00,2015-02-27T00:00:00+00:00,-0.03181778630353593,-0.03181778630353593,-0.0332639051941539,0.004080383471230742,0.5692732087819656
2015-03,tsmom_1m,1M,0.0,22,2015-03-02T00:00:00+00:00,2015-03-31T00:00:00+00:00,0.014181166782307075,0.014181166782307075,-0.027747129538335802,1.1628890476606322,0.5936158388786661
2015-04,tsmom_1m,1M,0.0,21,2015-04-01T00:00:00+00:00,2015-04-30T00:00:00+00:00,-0.0011995565851091738,-0.0011995565851091738,-0.017584947541267604,0.04238489482237273,0.6360007337010389
2015-05,tsmom_1m,1M,0.0,21,2015-05-01T00:00:00+00:00,2015-05-29T00:00:00+00:00,0.0041375763967159696,0.0041375763967159696,-0.019871671969557747,1.2870522053053912,0.6510514716043524
2015-06,tsmom_1m,1M,0.0,22,2015-06-01T00:00:00+00:00,2015-06-30T00:00:00+00:00,-0.010551078657864088,-0.010551078657864088,-0.016677367705638546,0.03132106338421947,0.6823725349885718
2015-07,tsmom_1m,1M,0.0,23,2015-07-01T00:00:00+00:00,2015-07-31T00:00:00+00:00,0.05194948314534775,0.05194948314534775,-0.006267701552700511,1.4410429873787916,0.7586704523902198
2015-08,tsmom_1m,1M,0.0,21,2015-08-03T00:00:00+00:00,2015-08-31T00:00:00+00:00,-0.026870735838978588,-0.026870735838978588,-0.05042069244704994,0.008681928680868478,0.7499885237093513
2015-09,tsmom_1m,1M,0.0,22,2015-09-01T00:00:00+00:00,2015-09-30T00:00:00+00:00,-0.012698295310681784,-0.012698295310681784,-0.025218400849810307,1.4915550587488635,0.7415665350395121
2015-10,tsmom_1m,1M,0.0,22,2015-10-01T00:00:00+00:00,2015-10-30T00:00:00+00:00,-0.01892384076132858,-0.01892384076132858,-0.045788173543291344,1.4866248131107445,0.7450582780712321
2015-11,tsmom_1m,1M,0.0,21,2015-11-02T00:00:00+00:00,2015-11-30T00:00:00+00:00,-0.051667250552696276,-0.051667250552696276,-0.05173121122256852,1.497369238417746,0.7523109603465135
2015-12,tsmom_1m,1M,0.0,22,2015-12-01T00:00:00+00:00,2015-12-31T00:00:00+00:00,0.0010018799061606298,0.0010018799061606298,-0.02420695411952456,1.5304057460456297,0.7780947856991163
2016-01,tsmom_1m,1M,0.0,20,2016-01-04T00:00:00+00:00,2016-01-29T00:00:00+00:00,-0.03800090014568236,-0.03800090014568236,-0.03340049525506883,0.05887758015924904,0.7192172055398671
2016-02,tsmom_1m,1M,0.0,21,2016-02-01T00:00:00+00:00,2016-02-29T00:00:00+00:00,0.07779182463892464,0.07779182463892464,-0.026774794091525833,1.4399106522988063,0.7206934467589393
2016-03,tsmom_1m,1M,0.0,22,2016-03-01T00:00:00+00:00,2016-03-31T00:00:00+00:00,-0.0024086360875663626,-0.0024086360875663626,-0.02655187685605942,0.12281746276968353,0.5978759839892559
2016-04,tsmom_1m,1M,0.0,21,2016-04-01T00:00:00+00:00,2016-04-29T00:00:00+00:00,-0.02860513909441531,-0.02860513909441531,-0.03588891666885474,1.1738299198433533,0.5759539358540978
2016-05,tsmom_1m,1M,0.0,22,2016-05-02T00:00:00+00:00,2016-05-31T00:00:00+00:00,-0.03647444485695572,-0.03647444485695572,-0.04051947279014512,1.1807947635135725,0.6048408276594747
2016-06,tsmom_1m,1M,0.0,22,2016-06-01T00:00:00+00:00,2016-06-30T00:00:00+00:00,-0.053020107803601224,-0.053020107803601224,-0.05700546992780808,1.2310516891454113,0.6262108614859367
2016-07,tsmom_1m,1M,0.0,21,2016-07-01T00:00:00+00:00,2016-07-29T00:00:00+00:00,0.014159284151262774,0.014159284151262774,-0.020578949640722932,1.1641577038138675,0.5379468423279311
2016-08,tsmom_1m,1M,0.0,23,2016-08-01T00:00:00+00:00,2016-08-31T00:00:00+00:00,-0.01983090065580073,-0.01983090065580073,-0.02494542515034337,0.04382997956218493,0.581776821890116
2016-09,tsmom_1m,1M,0.0,22,2016-09-01T00:00:00+00:00,2016-09-30T00:00:00+00:00,-0.003944397397785404,-0.003944397397785404,-0.018176264168790257,1.2336412796763823,0.6518644577862667
2016-10,tsmom_1m,1M,0.0,21,2016-10-03T00:00:00+00:00,2016-10-31T00:00:00+00:00,-0.022255311210718887,-0.022255311210718887,-0.03393094252881701,1.3641425593155192,0.7122781015292526
2016-11,tsmom_1m,1M,0.0,22,2016-11-01T00:00:00+00:00,2016-11-30T00:00:00+00:00,0.06190411526167483,0.06190411526167483,-0.008986355646980582,1.4433452973722245,0.7310671958429719
2016-12,tsmom_1m,1M,0.0,21,2016-12-01T00:00:00+00:00,2016-12-30T00:00:00+00:00,0.013192303062436794,0.013192303062436794,-0.01795801738890279,0.0256940415368615,0.7053731543061105
2017-01,tsmom_1m,1M,0.0,21,2017-01-03T00:00:00+00:00,2017-01-31T00:00:00+00:00,-0.038460266936813925,-0.038460266936813925,-0.0370677260540454,0.047497919567026425,0.752871073873137
2017-02,tsmom_1m,1M,0.0,20,2017-02-01T00:00:00+00:00,2017-02-28T00:00:00+00:00,0.02344432059496926,0.02344432059496926,-0.01053781483117866,1.5396882791402553,0.7868172052671184
2017-03,tsmom_1m,1M,0.0,23,2017-03-01T00:00:00+00:00,2017-03-31T00:00:00+00:00,-0.0006646102720984093,-0.0006646102720984093,-0.034471442969281285,0.0476928475362256,0.8345100528033443
2017-04,tsmom_1m,1M,0.0,19,2017-04-03T00:00:00+00:00,2017-04-28T00:00:00+00:00,-0.01572526296795984,-0.01572526296795984,-0.025421690139504793,1.7013935837875986,0.8668835309842543
2017-05,tsmom_1m,1M,0.0,23,2017-05-01T00:00:00+00:00,2017-05-31T00:00:00+00:00,-0.0006223489467354071,-0.0006223489467354071,-0.0278628474363235,1.7760987365140064,0.9092152055297518
2017-06,tsmom_1m,1M,0.0,22,2017-06-01T00:00:00+00:00,2017-06-30T00:00:00+00:00,0.0182812711764182,0.0182812711764182,-0.021635395639438615,1.8047228121128922,0.8955076065831405
2017-07,tsmom_1m,1M,0.0,21,2017-07-03T00:00:00+00:00,2017-07-31T00:00:00+00:00,-0.018793967175935955,-0.018793967175935955,-0.04261115675574678,0.054516634176623,0.9500242407597634
2017-08,tsmom_1m,1M,0.0,23,2017-08-01T00:00:00+00:00,2017-08-31T00:00:00+00:00,0.04296000282285051,0.04296000282285051,-0.011000380051598202,1.9289255838868193,0.9789013431270561
2017-09,tsmom_1m,1M,0.0,20,2017-09-01T00:00:00+00:00,2017-09-29T00:00:00+00:00,-0.028469604168381513,-0.028469604168381513,-0.04945333672350338,0.0275514099567713,1.0064527530838274
2017-10,tsmom_1m,1M,0.0,22,2017-10-02T00:00:00+00:00,2017-10-31T00:00:00+00:00,0.0100512402838151,0.0100512402838151,-0.02295365378587788,1.9520494259845518,0.9455966729007241
2017-11,tsmom_1m,1M,0.0,21,2017-11-01T00:00:00+00:00,2017-11-30T00:00:00+00:00,-0.0032802852447381126,-0.0032802852447381126,-0.02165668227801909,0.05886250880022603,1.0044591817009507
2017-12,tsmom_1m,1M,0.0,20,2017-12-01T00:00:00+00:00,2017-12-29T00:00:00+00:00,0.026948984548870403,0.026948984548870403,-0.027592909357729067,1.95506250557826,0.9506033238773096
2018-01,tsmom_1m,1M,0.0,21,2018-01-02T00:00:00+00:00,2018-01-31T00:00:00+00:00,0.022792950322506833,0.022792950322506833,-0.020274377005637167,0.05422595073873915,1.004829274616049
2018-02,tsmom_1m,1M,0.0,19,2018-02-01T00:00:00+00:00,2018-02-28T00:00:00+00:00,-0.01590963905149201,-0.01590963905149201,-0.029802213360106244,0.004499533425884383,1.009328808041933
2018-03,tsmom_1m,1M,0.0,21,2018-03-01T00:00:00+00:00,2018-03-29T00:00:00+00:00,-0.004524952316241504,-0.004524952316241504,-0.034749409435417045,1.9328475717638152,0.9235187637218822
2018-04,tsmom_1m,1M,0.0,21,2018-04-02T00:00:00+00:00,2018-04-30T00:00:00+00:00,-0.0023470598950342536,-0.0023470598950342536,-0.027398122940369918,1.8078250349962972,0.8843062712744152
2018-05,tsmom_1m,1M,0.0,22,2018-05-01T00:00:00+00:00,2018-05-31T00:00:00+00:00,0.012211944091267801,0.012211944091267801,-0.011146344507090511,1.7608635529799652,0.8765572817055503
2018-06,tsmom_1m,1M,0.0,21,2018-06-01T00:00:00+00:00,2018-06-29T00:00:00+00:00,0.03274501801881757,0.03274501801881757,-0.009547840656169537,0.043297000055773305,0.9198542817613234
2018-07,tsmom_1m,1M,0.0,21,2018-07-02T00:00:00+00:00,2018-07-31T00:00:00+00:00,0.02360382955768192,0.02360382955768192,-0.013758370760046823,0.03999978337380328,0.9598540651351264
2018-08,tsmom_1m,1M,0.0,23,2018-08-01T00:00:00+00:00,2018-08-31T00:00:00+00:00,0.013371135804828516,0.013371135804828516,-0.027302449153827735,0.061471813308654255,1.0213258784437813
2018-09,tsmom_1m,1M,0.0,19,2018-09-04T00:00:00+00:00,2018-09-28T00:00:00+00:00,0.008305442981644484,0.008305442981644484,-0.010214731283522238,0.023183464380068686,0.9981424140637121
2018-10,tsmom_1m,1M,0.0,23,2018-10-01T00:00:00+00:00,2018-10-31T00:00:00+00:00,-0.01816411351655256,-0.01816411351655256,-0.04251496886598416,0.06648574160629728,1.06462815567001
2018-11,tsmom_1m,1M,0.0,21,2018-11-01T00:00:00+00:00,2018-11-30T00:00:00+00:00,0.008577120678777694,0.008577120678777694,-0.02839488232213716,2.0094846934216717,0.9448565377516622
2018-12,tsmom_1m,1M,0.0,20,2018-12-03T00:00:00+00:00,2018-12-31T00:00:00+00:00,0.042399484361574924,0.042399484361574924,-0.008413318470077646,0.004036123968779171,0.9408204137828833
2019-01,tsmom_1m,1M,0.0,21,2019-01-02T00:00:00+00:00,2019-01-31T00:00:00+00:00,0.03349519936586387,0.03349519936586387,-0.01132663156644842,0.03695385185738165,0.9777742656402646
2019-02,tsmom_1m,1M,0.0,19,2019-02-01T00:00:00+00:00,2019-02-28T00:00:00+00:00,-0.007151962264574263,-0.007151962264574263,-0.024521007762015268,0.06183245038916452,1.0396067160294293
2019-03,tsmom_1m,1M,0.0,21,2019-03-01T00:00:00+00:00,2019-03-29T00:00:00+00:00,0.012501436024883184,0.012501436024883184,-0.03442254756450602,2.0537646137230268,1.0141578976935972
2019-04,tsmom_1m,1M,0.0,21,2019-04-01T00:00:00+00:00,2019-04-30T00:00:00+00:00,0.008847109674927855,0.008847109674927855,-0.01421407606537195,0.07068059696495099,0.9434773007286462
2019-05,tsmom_1m,1M,0.0,22,2019-05-01T00:00:00+00:00,2019-05-31T00:00:00+00:00,-0.01618656549028008,-0.01618656549028008,-0.026569441863659726,0.05544048022279857,0.9989177809514449
2019-06,tsmom_1m,1M,0.0,20,2019-06-03T00:00:00+00:00,2019-06-28T00:00:00+00:00,0.08657772760425364,0.08657772760425364,-0.013060038089095949,2.0453533328402584,1.0464355518888133
2019-07,tsmom_1m,1M,0.0,22,2019-07-01T00:00:00+00:00,2019-07-31T00:00:00+00:00,0.007315146933306149,0.007315146933306149,-0.012143725687596696,0.22084675218005323,0.8255887997087605
2019-08,tsmom_1m,1M,0.0,22,2019-08-01T00:00:00+00:00,2019-08-30T00:00:00+00:00,0.061784070775513955,0.061784070775513955,-0.012690669325885029,0.03000656535032764,0.855595365059088
2019-09,tsmom_1m,1M,0.0,20,2019-09-03T00:00:00+00:00,2019-09-30T00:00:00+00:00,-0.029174945521709073,-0.029174945521709073,-0.0444924614063521,0.0643015563713083,0.7912938086877797
2019-10,tsmom_1m,1M,0.0,23,2019-10-01T00:00:00+00:00,2019-10-31T00:00:00+00:00,-0.02182175554995125,-0.02182175554995125,-0.01604723243840267,1.5544094357127454,0.7631156270249658
2019-11,tsmom_1m,1M,0.0,20,2019-11-01T00:00:00+00:00,2019-11-29T00:00:00+00:00,-0.022011932774550935,-0.022011932774550935,-0.03032072402025543,1.5556757852858445,0.7925601582608787
2019-12,tsmom_1m,1M,0.0,21,2019-12-02T00:00:00+00:00,2019-12-31T00:00:00+00:00,-0.027591402356378802,-0.027591402356378802,-0.03161558896236483,1.6116104648682217,0.819050306607343
2020-01,tsmom_1m,1M,0.0,21,2020-01-02T00:00:00+00:00,2020-01-31T00:00:00+00:00,0.034862467881925596,0.034862467881925596,-0.016778280757553277,1.7078901101370527,0.8888398035297099
2020-02,tsmom_1m,1M,0.0,19,2020-02-03T00:00:00+00:00,2020-02-28T00:00:00+00:00,-0.009376939101024329,-0.009376939101024329,-0.06089245812629751,0.039086927337238286,0.9279267308669481
2020-03,tsmom_1m,1M,0.0,22,2020-03-02T00:00:00+00:00,2020-03-31T00:00:00+00:00,-0.027549348328038903,-0.027549348328038903,-0.09890451512698017,1.7758891222300166,0.8479623913630685
2020-04,tsmom_1m,1M,0.0,21,2020-04-01T00:00:00+00:00,2020-04-30T00:00:00+00:00,0.02364918134133065,0.02364918134133065,-0.01771924313950879,1.2311674954485703,0.3832051040855021
2020-05,tsmom_1m,1M,0.0,20,2020-05-01T00:00:00+00:00,2020-05-29T00:00:00+00:00,0.009804110260774657,0.009804110260774657,-0.01100234652203358,0.0019838724470018776,0.3812212316385003
2020-06,tsmom_1m,1M,0.0,22,2020-06-01T00:00:00+00:00,2020-06-30T00:00:00+00:00,0.01541666714501222,0.01541666714501222,-0.016107239074060087,0.03672894216710221,0.4179501738056024
2020-07,tsmom_1m,1M,0.0,22,2020-07-01T00:00:00+00:00,2020-07-31T00:00:00+00:00,0.04073873805779571,0.04073873805779571,-0.005125721814051021,0.042445744773451144,0.4603959185790535
2020-08,tsmom_1m,1M,0.0,21,2020-08-03T00:00:00+00:00,2020-08-31T00:00:00+00:00,0.004755572121130092,0.004755572121130092,-0.03361882628422608,0.04956755059161333,0.509963469170667
2020-09,tsmom_1m,1M,0.0,21,2020-09-01T00:00:00+00:00,2020-09-30T00:00:00+00:00,-0.019621238555765808,-0.019621238555765808,-0.026811962980388238,0.042039510874105956,0.46792395829656097
2020-10,tsmom_1m,1M,0.0,22,2020-10-01T00:00:00+00:00,2020-10-30T00:00:00+00:00,0.003562043623296818,0.003562043623296818,-0.01037002000001197,0.9693076755472876,0.5013837172507267
2020-11,tsmom_1m,1M,0.0,20,2020-11-02T00:00:00+00:00,2020-11-30T00:00:00+00:00,0.02815866000377243,0.02815866000377243,-0.017162834106479785,0.048779451154778664,0.5501631684055054
2020-12,tsmom_1m,1M,0.0,22,2020-12-01T00:00:00+00:00,2020-12-31T00:00:00+00:00,-0.031290954942658655,-0.031290954942658655,-0.0208239999723826,0.049188769468388016,0.5009743989371173
2021-01,tsmom_1m,1M,0.0,19,2021-01-04T00:00:00+00:00,2021-01-29T00:00:00+00:00,-0.012555431535618777,-0.012555431535618777,-0.03504533887304728,1.0477896626506982,0.5468152637135809
2021-02,tsmom_1m,1M,0.0,19,2021-02-01T00:00:00+00:00,2021-02-26T00:00:00+00:00,0.03520437427650691,0.03520437427650691,-0.014922237274313188,1.0730329387968975,0.5262176750833166
2021-03,tsmom_1m,1M,0.0,23,2021-03-01T00:00:00+00:00,2021-03-31T00:00:00+00:00,0.003404493637433781,0.003404493637433781,-0.020253777968283315,0.016018175323598283,0.5422358504069148
2021-04,tsmom_1m,1M,0.0,21,2021-04-01T00:00:00+00:00,2021-04-30T00:00:00+00:00,-0.01742514105731341,-0.01742514105731341,-0.021211120797672955,0.030585407674809995,0.5728212580817248
2021-05,tsmom_1m,1M,0.0,20,2021-05-03T00:00:00+00:00,2021-05-28T00:00:00+00:00,0.04692715946828696,0.04692715946828696,-0.005485836800983246,1.1949429277020798,0.6221216696203549
2021-06,tsmom_1m,1M,0.0,22,2021-06-01T00:00:00+00:00,2021-06-30T00:00:00+00:00,-0.04597450847863638,-0.04597450847863638,-0.05129839150252613,0.04306248149991343,0.6651841511202682
2021-07,tsmom_1m,1M,0.0,21,2021-07-01T00:00:00+00:00,2021-07-30T00:00:00+00:00,-0.014308967798214556,-0.014308967798214556,-0.01865412846478076,1.2798302808547963,0.6146461297345279
2021-08,tsmom_1m,1M,0.0,22,2021-08-02T00:00:00+00:00,2021-08-31T00:00:00+00:00,0.002311479255878046,0.002311479255878046,-0.03639287754947074,1.3040585964279532,0.6894124666934255
2021-09,tsmom_1m,1M,0.0,21,2021-09-01T00:00:00+00:00,2021-09-30T00:00:00+00:00,-0.02265405531269038,-0.02265405531269038,-0.04115239004043936,0.012518999856569901,0.6768934668368554
2021-10,tsmom_1m,1M,0.0,21,2021-10-01T00:00:00+00:00,2021-10-29T00:00:00+00:00,-0.010985710982404528,-0.010985710982404528,-0.01997051891828394,1.362689768624704,0.6857963017878485
2021-11,tsmom_1m,1M,0.0,22,2021-11-01T00:00:00+00:00,2021-11-30T00:00:00+00:00,-0.0027664497148471856,-0.0027664497148471856,-0.03589723955386237,1.3987278258442992,0.7129315240564508
1986-11,tsmom_1m,1M,2.0,19,1986-11-03T00:00:00+00:00,1986-11-28T00:00:00+00:00,0.011029026046750712,0.01093681579358452,-0.01824966611192136,0.45535607328780014,0.45535607328780014
1986-12,tsmom_1m,1M,2.0,21,1986-12-01T00:00:00+00:00,1986-12-31T00:00:00+00:00,-0.014449436231711577,-0.014449986303796236,-0.019356924456225277,0.002781940572635644,0.45813801386043584
1987-01,tsmom_1m,1M,2.0,21,1987-01-02T00:00:00+00:00,1987-01-30T00:00:00+00:00,0.0029483653319979375,0.00275238254713428,-0.021972099746676466,0.9734449985200933,0.5153069846596575
1987-02,tsmom_1m,1M,2.0,19,1987-02-02T00:00:00+00:00,1987-02-27T00:00:00+00:00,-0.001576416082511245,-0.0015814721967934986,-0.02047557710023684,0.025196054716925098,0.49011092994273237
1987-03,tsmom_1m,1M,2.0,22,1987-03-02T00:00:00+00:00,1987-03-31T00:00:00+00:00,-0.019313638444908188,-0.01951004837298842,-0.027754945375092377,1.0036622859870035,0.513551356044271
1987-04,tsmom_1m,1M,2.0,21,1987-04-01T00:00:00+00:00,1987-04-30T00:00:00+00:00,0.04488069376668724,0.044655980032783926,-0.0235202705723776,1.075022430477185,0.5614710744329139
1987-05,tsmom_1m,1M,2.0,20,1987-05-01T00:00:00+00:00,1987-05-29T00:00:00+00:00,-0.00014448059576932515,-0.00016129396029507248,-0.0300900489809951,0.08434260548183947,0.4771284689510743
1987-06,tsmom_1m,1M,2.0,22,1987-06-01T00:00:00+00:00,1987-06-30T00:00:00+00:00,0.0029949023126936147,0.002803363305215134,-0.017851909519011167,0.9592775947711885,0.4821491258201138
1987-07,tsmom_1m,1M,2.0,22,1987-07-01T00:00:00+00:00,1987-07-31T00:00:00+00:00,-0.02493466973916203,-0.02493821663449347,-0.031594981927719146,0.01824434200553221,0.5003934678256461
1987-08,tsmom_1m,1M,2.0,21,1987-08-03T00:00:00+00:00,1987-08-31T00:00:00+00:00,-0.018708201655259216,-0.018911030735198398,-0.034098498987496284,1.049239414125812,0.5488459463001656
1987-09,tsmom_1m,1M,2.0,21,1987-09-01T00:00:00+00:00,1987-09-30T00:00:00+00:00,-0.0007114016248680466,-0.000930923361353031,-0.012464420517542818,1.093047249650998,0.544201303350832
1987-10,tsmom_1m,1M,2.0,22,1987-10-01T00:00:00+00:00,1987-10-30T00:00:00+00:00,0.016459195179727715,0.016227530850020155,-0.02365708541836531,1.1408991884109487,0.5966978850601166
1987-11,tsmom_1m,1M,2.0,20,1987-11-02T00:00:00+00:00,1987-11-30T00:00:00+00:00,0.030534329386194825,0.030525888757500175,-0.015689631745076094,0.04101546454976612,0.5556824205103505
1987-12,tsmom_1m,1M,2.0,22,1987-12-01T00:00:00+00:00,1987-12-31T00:00:00+00:00,-0.009413833732099919,-0.009417514760111101,-0.020991208588680754,0.01855859053061293,0.5742410110409631
1988-01,tsmom_1m,1M,2.0,20,1988-01-04T00:00:00+00:00,1988-01-29T00:00:00+00:00,0.038404043153540623,0.038161161357670226,-0.009759532060291454,1.181701693790631,0.6074606827496678
1988-02,tsmom_1m,1M,2.0,20,1988-02-01T00:00:00+00:00,1988-02-29T00:00:00+00:00,0.03619879113850222,0.03619721505217455,-0.009435404030619154,0.007606155158281558,0.6150668379079495
1988-03,tsmom_1m,1M,2.0,23,1988-03-01T00:00:00+00:00,1988-03-31T00:00:00+00:00,-0.03400613432096211,-0.0340126516386533,-0.04173439363727949,0.033711039112491625,0.581355798795458
1988-04,tsmom_1m,1M,2.0,20,1988-04-04T00:00:00+00:00,1988-04-29T00:00:00+00:00,-0.00731186723005095,-0.007553517019435074,-0.016096599489988428,1.2198641363536695,0.6385083375582119
1988-05,tsmom_1m,1M,2.0,21,1988-05-02T00:00:00+00:00,1988-05-31T00:00:00+00:00,-0.011384996543362558,-0.011646509509671499,-0.026897178217758833,1.333591509252797,0.6950831716945849
1988-06,tsmom_1m,1M,2.0,22,1988-06-01T00:00:00+00:00,1988-06-30T00:00:00+00:00,-0.03660730474158935,-0.03688643174013373,-0.05486137272157021,1.4548908791824755,0.7598077074878904
1988-07,tsmom_1m,1M,2.0,20,1988-07-01T00:00:00+00:00,1988-07-29T00:00:00+00:00,-0.018509266977870475,-0.01880916056477644,-0.03620360062635508,1.5226861637763118,0.7628784562884215
1988-08,tsmom_1m,1M,2.0,23,1988-08-01T00:00:00+00:00,1988-08-31T00:00:00+00:00,-0.010562618973745441,-0.010840874421119806,-0.011330238679845506,1.402710316735532,0.6398318604471102
1988-09,tsmom_1m,1M,2.0,21,1988-09-01T00:00:00+00:00,1988-09-30T00:00:00+00:00,0.07312961064940704,0.07283484736093104,-0.007519913439981929,1.376140114945904,0.7363082544987941
1988-10,tsmom_1m,1M,2.0,21,1988-10-03T00:00:00+00:00,1988-10-31T00:00:00+00:00,-0.02923177303857849,-0.029233353973122322,-0.024281215182519467,0.008097146107629571,0.7444054006064234
1988-11,tsmom_1m,1M,2.0,20,1988-11-01T00:00:00+00:00,1988-11-30T00:00:00+00:00,0.027558739217810713,0.027243020463421752,-0.016886138103589632,1.533045905683721,0.7886405050772975
1988-12,tsmom_1m,1M,2.0,21,1988-12-01T00:00:00+00:00,1988-12-30T00:00:00+00:00,-0.03194697091687382,-0.03194779099768941,-0.04778533867458923,0.00422790514545035,0.7928684102227479
1989-01,tsmom_1m,1M,2.0,21,1989-01-03T00:00:00+00:00,1989-01-31T00:00:00+00:00,0.032008692069834144,0.03168330475193981,-0.01156418161867745,1.573193637442565,0.7803252272198173
1989-02,tsmom_1m,1M,2.0,19,1989-02-01T00:00:00+00:00,1989-02-28T00:00:00+00:00,0.011335114748714403,0.011317193859268437,-0.0216388394153737,0.08832792610709839,0.8686531533269156
1989-03,tsmom_1m,1M,2.0,22,1989-03-01T00:00:00+00:00,1989-03-31T00:00:00+00:00,-0.0005025625440749915,-0.0005045321210636056,-0.0304957926397581,0.009926008841219192,0.8785791621681347
1989-04,tsmom_1m,1M,2.0,20,1989-04-03T00:00:00+00:00,1989-04-28T00:00:00+00:00,0.019874752105637716,0.019862499264216682,-0.012965228183865696,0.05993162157009957,0.8186475405980354
1989-05,tsmom_1m,1M,2.0,22,1989-05-01T00:00:00+00:00,1989-05-31T00:00:00+00:00,0.033121574333961235,0.03310758201372299,-0.014539057399061028,0.06768710410349876,0.8863346447015341
1989-06,tsmom_1m,1M,2.0,22,1989-06-01T00:00:00+00:00,1989-06-30T00:00:00+00:00,-0.029972795636012073,-0.029977754639053056,-0.04819041106492272,0.025510277936454773,0.911844922637989
1989-07,tsmom_1m,1M,2.0,20,1989-07-03T00:00:00+00:00,1989-07-31T00:00:00+00:00,0.0027396744307213172,0.0024282295101631934,-0.032561161269708205,1.5631570339421688,0.6513121113041798
1989-08,tsmom_1m,1M,2.0,23,1989-08-01T00:00:00+00:00,1989-08-31T00:00:00+00:00,-0.021192440316097683,-0.021202019100382552,-0.025383589416938634,0.04893866942942171,0.6023734418747585
1989-09,tsmom_1m,1M,2.0,20,1989-09-01T00:00:00+00:00,1989-09-29T00:00:00+00:00,-0.012182612803571136,-0.012434390034877896,-0.018172394539670345,1.2727751023890423,0.670401660514284
1989-10,tsmom_1m,1M,2.0,22,1989-10-02T00:00:00+00:00,1989-10-31T00:00:00+00:00,0.011347805958747736,0.011060475742574072,-0.01393478215750854,1.420817725100751,0.7504160645864669
1989-11,tsmom_1m,1M,2.0,21,1989-11-01T00:00:00+00:00,1989-11-30T00:00:00+00:00,0.0857683580133608,0.08575373471603287,-0.010140245173169138,0.06723870485773342,0.8176547694442002
1989-12,tsmom_1m,1M,2.0,20,1989-12-01T00:00:00+00:00,1989-12-29T00:00:00+00:00,-0.02151130966850101,-0.021527215842168324,-0.03738753998866373,0.08153724685293762,0.7361175225912626
1990-01,tsmom_1m,1M,2.0,22,1990-01-02T00:00:00+00:00,1990-01-31T00:00:00+00:00,-0.02143403808975375,-0.021707614264600328,-0.04655543762037839,1.4049954280150914,0.6688779054238286
1990-02,tsmom_1m,1M,2.0,19,1990-02-01T00:00:00+00:00,1990-02-28T00:00:00+00:00,-0.014194053507591287,-0.01445560567184756,-0.029252298077370287,1.3382806286073323,0.6694027231835037
1990-03,tsmom_1m,1M,2.0,22,1990-03-01T00:00:00+00:00,1990-03-30T00:00:00+00:00,0.059040110413699276,0.05875103502206436,-0.01835117566966915,1.3645670430700123,0.6951643198865086
1990-04,tsmom_1m,1M,2.0,20,1990-04-02T00:00:00+00:00,1990-04-30T00:00:00+00:00,0.004881664437319078,0.004853166459478642,-0.015687713740509812,0.1419022822078031,0.5532620376787054
1990-05,tsmom_1m,1M,2.0,22,1990-05-01T00:00:00+00:00,1990-05-31T00:00:00+00:00,0.0036987591628330208,0.0036878454146447304,-0.01116386259599833,0.054252037321444346,0.60751407500015
1990-06,tsmom_1m,1M,2.0,21,1990-06-01T00:00:00+00:00,1990-06-29T00:00:00+00:00,0.014305658837693747,0.014303123652561478,-0.01775294501391733,0.012604371811945625,0.6201184468120957
1990-07,tsmom_1m,1M,2.0,21,1990-07-02T00:00:00+00:00,1990-07-31T00:00:00+00:00,-0.03597889178088687,-0.03599047002302125,-0.0436944014653079,0.059949681509126274,0.6800681283212219
1990-08,tsmom_1m,1M,2.0,22,1990-08-01T00:00:00+00:00,1990-08-31T00:00:00+00:00,0.01798226920872481,0.017711887781257207,-0.05291300058424009,1.335370164202569,0.6553020358813471
1990-09,tsmom_1m,1M,2.0,19,1990-09-04T00:00:00+00:00,1990-09-28T00:00:00+00:00,0.02430637428234994,0.024274510497992452,-0.01437597629966525,0.15579785431083382,0.4995041815705134
1990-10,tsmom_1m,1M,2.0,23,1990-10-01T00:00:00+00:00,1990-10-31T00:00:00+00:00,-0.03300303031186658,-0.033003950482223154,-0.043823089663327264,0.004660891409012602,0.5041650729795263
1990-11,tsmom_1m,1M,2.0,21,1990-11-01T00:00:00+00:00,1990-11-30T00:00:00+00:00,-0.0061358776677287175,-0.0063303305316680936,-0.017239781284089317,0.9760874620964015,0.47192238911687534
1990-12,tsmom_1m,1M,2.0,19,1990-12-03T00:00:00+00:00,1990-12-31T00:00:00+00:00,0.014061369542903934,0.01386022556488209,-0.011303205795100357,0.9823246985256117,0.5104023094087362
1991-01,tsmom_1m,1M,2.0,22,1991-01-02T00:00:00+00:00,1991-01-31T00:00:00+00:00,-0.03635210437526848,-0.03635489332091035,-0.04694904789629961,0.01437302028597065,0.524775329694707
1991-02,tsmom_1m,1M,2.0,19,1991-02-01T00:00:00+00:00,1991-02-28T00:00:00+00:00,-0.0010071131008566603,-0.0011997170859182615,-0.012949854247498171,0.9637610969360757,0.4389857672413689
1991-03,tsmom_1m,1M,2.0,20,1991-03-01T00:00:00+00:00,1991-03-28T00:00:00+00:00,-0.012716191178424374,-0.012899393258631986,-0.016936355397761393,0.9273174506535871,0.4883316834122181
1991-04,tsmom_1m,1M,2.0,22,1991-04-01T00:00:00+00:00,1991-04-30T00:00:00+00:00,0.0023726508575028227,0.0021633672682896954,-0.0101466505076383,1.0391412661169648,0.550809582704747
1991-05,tsmom_1m,1M,2.0,22,1991-05-01T00:00:00+00:00,1991-05-31T00:00:00+00:00,-0.01284557770123329,-0.012862913573873258,-0.019621429937323187,0.08780729867728021,0.6386168813820272
1991-06,tsmom_1m,1M,2.0,20,1991-06-03T00:00:00+00:00,1991-06-28T00:00:00+00:00,0.010132200991982199,0.009861220655983605,-0.021468981738025028,1.345469619983719,0.7068527386016921
1991-07,tsmom_1m,1M,2.0,21,1991-07-01T00:00:00+00:00,1991-07-31T00:00:00+00:00,0.0017040012353257694,0.0016915561083679087,-0.015306096532423319,0.06210687244184865,0.768959611043541
1991-08,tsmom_1m,1M,2.0,22,1991-08-01T00:00:00+00:00,1991-08-30T00:00:00+00:00,-0.04119735233242594,-0.0412131700685795,-0.040095388257920694,0.08239222918751554,0.8513518402310564
1991-09,tsmom_1m,1M,2.0,20,1991-09-03T00:00:00+00:00,1991-09-30T00:00:00+00:00,-0.01178093034354688,-0.012128500969076694,-0.023499488364346566,1.758570726887355,0.9072188866562986
1991-10,tsmom_1m,1M,2.0,23,1991-10-01T00:00:00+00:00,1991-10-31T00:00:00+00:00,0.005941550914136062,0.005565033744850956,-0.01712883126995368,1.871466433326257,0.9642475466699587
1991-11,tsmom_1m,1M,2.0,20,1991-11-01T00:00:00+00:00,1991-11-29T00:00:00+00:00,0.034230486766926305,0.0342104432501511,-0.010067343330387724,0.09615748446157923,1.0604050311315378
1991-12,tsmom_1m,1M,2.0,21,1991-12-02T00:00:00+00:00,1991-12-31T00:00:00+00:00,-0.04654809711763708,-0.0465532440361921,-0.052554101341116266,0.02689607277434858,1.0873011039058864
1992-01,tsmom_1m,1M,2.0,22,1992-01-02T00:00:00+00:00,1992-01-31T00:00:00+00:00,-0.011364350589096128,-0.01177721249445074,-0.02510776011458349,2.0999443521424714,1.0126432482365855
1992-02,tsmom_1m,1M,2.0,19,1992-02-03T00:00:00+00:00,1992-02-28T00:00:00+00:00,-0.013569678081270298,-0.013970178112568843,-0.025387916706308356,2.0271779860080876,1.0145347377715026
1992-03,tsmom_1m,1M,2.0,22,1992-03-02T00:00:00+00:00,1992-03-31T00:00:00+00:00,0.026247570006474596,0.025820355890404212,-0.021916999320728325,2.0915673552716374,1.0770326175001346
1992-04,tsmom_1m,1M,2.0,21,1992-04-01T00:00:00+00:00,1992-04-30T00:00:00+00:00,0.024975473404579063,0.02496297956882687,-0.015830003329284525,0.061127695317116704,1.1381603128172517
1992-05,tsmom_1m,1M,2.0,20,1992-05-01T00:00:00+00:00,1992-05-29T00:00:00+00:00,-0.0019695910190583588,-0.001975251096336783,-0.0145170509153697,0.028219202586547087,1.1663795154037984
1992-06,tsmom_1m,1M,2.0,22,1992-06-01T00:00:00+00:00,1992-06-30T00:00:00+00:00,0.02284895214015803,0.022348973976916042,-0.009343187580848844,2.455217045069114,1.2888375296653154
1992-07,tsmom_1m,1M,2.0,22,1992-07-01T00:00:00+00:00,1992-07-31T00:00:00+00:00,0.0680191198524367,0.06800201384478943,-0.009433056516528482,0.08046495427397038,1.369302483939286
1992-08,tsmom_1m,1M,2.0,21,1992-08-03T00:00:00+00:00,1992-08-31T00:00:00+00:00,-0.056569572215081965,-0.056588330381687646,-0.06849939665525884,0.09770068377001451,1.2716018001692713
1992-09,tsmom_1m,1M,2.0,21,1992-09-01T00:00:00+00:00,1992-09-30T00:00:00+00:00,-0.012751065902464331,-0.0132006750176632,-0.03487855252617267,2.2898388345852485,1.0182370344159775
1992-10,tsmom_1m,1M,2.0,22,1992-10-01T00:00:00+00:00,1992-10-30T00:00:00+00:00,-0.026897539774503043,-0.027292728733182448,-0.04073769099984226,2.0288000265103854,1.0105629920944077
1992-11,tsmom_1m,1M,2.0,20,1992-11-02T00:00:00+00:00,1992-11-30T00:00:00+00:00,0.014096435421451892,0.013676415972737166,-0.017151590515568027,2.067686398744961,1.0571234066505535
1992-12,tsmom_1m,1M,2.0,22,1992-12-01T00:00:00+00:00,1992-12-31T00:00:00+00:00,0.00784802374389848,0.007831051845979653,-0.015940118048267227,0.08402686308499563,1.1411502697355485
1993-01,tsmom_1m,1M,2.0,20,1993-01-04T00:00:00+00:00,1993-01-29T00:00:00+00:00,0.0085289600545837,0.008508155225128267,-0.015532559419862091,0.10495796268848445,1.2461082324240338
1993-02,tsmom_1m,1M,2.0,19,1993-02-01T00:00:00+00:00,1993-02-26T00:00:00+00:00,0.005543194613909064,0.005531002609968194,-0.018988040779776894,0.060623969247141085,1.3067322016711744
1993-03,tsmom_1m,1M,2.0,23,1993-03-01T00:00:00+00:00,1993-03-31T00:00:00+00:00,-0.03865323392157671,-0.03865999418655264,-0.046686463749034846,0.035133216544874335,1.2715989851262999
1993-04,tsmom_1m,1M,2.0,21,1993-04-01T00:00:00+00:00,1993-04-30T00:00:00+00:00,0.06919136793251801,0.06864222928623165,-0.015615931870785249,2.57690048066866,1.3053014955423599
1993-05,tsmom_1m,1M,2.0,20,1993-05-03T00:00:00+00:00,1993-05-28T00:00:00+00:00,0.07186315977315738,0.07182087096535295,-0.010860098402883045,0.19610387758303172,1.1091976179593284
1993-06,tsmom_1m,1M,2.0,22,1993-06-01T00:00:00+00:00,1993-06-30T00:00:00+00:00,-0.0025254664857808917,-0.002568470399974321,-0.02827536822023924,0.21098178083230468,0.8982158371270235
1993-07,tsmom_1m,1M,2.0,21,1993-07-01T00:00:00+00:00,1993-07-30T00:00:00+00:00,-0.06763408851893571,-0.06796517131685853,-0.05171052158280687,1.7400243885965865,0.8418085514695626
1993-08,tsmom_1m,1M,2.0,22,1993-08-02T00:00:00+00:00,1993-08-31T00:00:00+00:00,-0.0703631480919934,-0.07067097705747138,-0.07844022820695307,1.6520532340837972,0.8102446826142343
1993-09,tsmom_1m,1M,2.0,21,1993-09-01T00:00:00+00:00,1993-09-30T00:00:00+00:00,0.028691037748268533,0.028401960197558918,-0.03419721103342532,1.4120518393983161,0.6018071567840816
1993-10,tsmom_1m,1M,2.0,21,1993-10-01T00:00:00+00:00,1993-10-29T00:00:00+00:00,-0.018405697896181517,-0.018419853080592352,-0.027857524377406517,0.07212441855125806,0.5296827382328235
1993-11,tsmom_1m,1M,2.0,20,1993-11-01T00:00:00+00:00,1993-11-30T00:00:00+00:00,0.0038885510035786552,0.0036601210214621815,-0.01206824685190866,1.1240047130696755,0.594321974836852
1993-12,tsmom_1m,1M,2.0,21,1993-12-01T00:00:00+00:00,1993-12-30T00:00:00+00:00,0.03317159497962474,0.03316610066503678,-0.006045542692328154,0.02679827228564091,0.6211202471224928
1994-01,tsmom_1m,1M,2.0,21,1994-01-03T00:00:00+00:00,1994-01-31T00:00:00+00:00,-0.014473098611332613,-0.014486061699857,-0.028077447707244962,0.06609021000432191,0.6872104571268148
1994-02,tsmom_1m,1M,2.0,19,1994-02-01T00:00:00+00:00,1994-02-28T00:00:00+00:00,0.0015092040375703775,0.0012244213504761792,-0.009512100017888825,1.4150238141812859,0.727813357054471
1994-03,tsmom_1m,1M,2.0,23,1994-03-01T00:00:00+00:00,1994-03-31T00:00:00+00:00,-0.023784596489625276,-0.02379099680362018,-0.034618565746836194,0.03298338608449691,0.7607967431389681
1994-04,tsmom_1m,1M,2.0,19,1994-04-04T00:00:00+00:00,1994-04-29T00:00:00+00:00,-0.03295662009145828,-0.03325909593414278,-0.03366196674324606,1.5464698534788717,0.7856731103399038
1994-05,tsmom_1m,1M,2.0,21,1994-05-02T00:00:00+00:00,1994-05-31T00:00:00+00:00,-0.026138987482931753,-0.02644836322941979,-0.032518603978411664,1.5897500874586061,0.8040769771187022
1994-06,tsmom_1m,1M,2.0,22,1994-06-01T00:00:00+00:00,1994-06-30T00:00:00+00:00,-0.005525017445689895,-0.005848767757370643,-0.02048117191236154,1.615218653350857,0.8111416762321546
1994-07,tsmom_1m,1M,2.0,20,1994-07-01T00:00:00+00:00,1994-07-29T00:00:00+00:00,-0.004559013900149567,-0.004882674177374868,-0.02125496410531269,1.6229868227551272,0.8118451465229727
1994-08,tsmom_1m,1M,2.0,23,1994-08-01T00:00:00+00:00,1994-08-31T00:00:00+00:00,0.0035134853355336393,0.003180624978624369,-0.017202184787336816,1.659196911719013,0.8473517651960407
1994-09,tsmom_1m,1M,2.0,21,1994-09-01T00:00:00+00:00,1994-09-30T00:00:00+00:00,0.016405247826077884,0.01638589159961601,-0.009290565835540665,0.09533388378314589,0.9426856489791863
1994-10,tsmom_1m,1M,2.0,21,1994-10-03T00:00:00+00:00,1994-10-31T00:00:00+00:00,-0.03300111354279445,-0.033018659331000566,-0.03450697675943715,0.09086439665375612,1.0335500456329425
1994-11,tsmom_1m,1M,2.0,20,1994-11-01T00:00:00+00:00,1994-11-30T00:00:00+00:00,0.0009977265385512357,0.0005581431875192333,-0.012307931520363247,2.1904462556702944,1.156896210037352
1994-12,tsmom_1m,1M,2.0,21,1994-12-01T00:00:00+00:00,1994-12-30T00:00:00+00:00,-2.519319191540692e-05,-4.7794140235923877e-05,-0.020913783670166608,0.11382923637912401,1.2707254464164763
1995-01,tsmom_1m,1M,2.0,21,1995-01-03T00:00:00+00:00,1995-01-31T00:00:00+00:00,0.02255454264601564,0.022533288787493166,-0.04731273632476707,0.1052273004173847,1.3759527468338606
1995-02,tsmom_1m,1M,2.0,19,1995-02-01T00:00:00+00:00,1995-02-28T00:00:00+00:00,-0.001955693937460312,-0.002002915542100858,-0.012598638648941174,0.23585658899124828,1.1400961578426125
1995-03,tsmom_1m,1M,2.0,23,1995-03-01T00:00:00+00:00,1995-03-31T00:00:00+00:00,0.05411892707728305,0.05360589856322995,-0.014900121097725871,2.416208751412289,1.2761125935696769
1995-04,tsmom_1m,1M,2.0,19,1995-04-03T00:00:00+00:00,1995-04-28T00:00:00+00:00,-0.018282606528970957,-0.01828957680309007,-0.03049937419682691,0.035567425388065343,1.240545168181611
1995-05,tsmom_1m,1M,2.0,22,1995-05-01T00:00:00+00:00,1995-05-31T00:00:00+00:00,0.002165246075424454,0.0016762177980276238,-0.019958116017808947,2.4301462770507385,1.1896011088691272
1995-06,tsmom_1m,1M,2.0,22,1995-06-01T00:00:00+00:00,1995-06-30T00:00:00+00:00,0.005981682379257558,0.005972167533306205,-0.022748562406184503,0.04718571707362784,1.236786825942755
1995-07,tsmom_1m,1M,2.0,19,1995-07-05T00:00:00+00:00,1995-07-31T00:00:00+00:00,-0.010847503939795278,-0.010874055853910991,-0.031316892788636475,0.13440638148987194,1.371193207432627
1995-08,tsmom_1m,1M,2.0,23,1995-08-01T00:00:00+00:00,1995-08-31T00:00:00+00:00,-0.004829627467880848,-0.005349531850796896,-0.016234848920828604,2.6163245566145674,1.24513134918194
1995-09,tsmom_1m,1M,2.0,20,1995-09-01T00:00:00+00:00,1995-09-29T00:00:00+00:00,0.001120250601780448,0.0005901042240692433,-0.02060546068979463,2.669206298767424,1.4240749495854836
1995-10,tsmom_1m,1M,2.0,22,1995-10-02T00:00:00+00:00,1995-10-31T00:00:00+00:00,0.008606082236001455,0.008584646830066323,-0.01187723735086299,0.10697812476984625,1.53105307435533
1995-11,tsmom_1m,1M,2.0,20,1995-11-01T00:00:00+00:00,1995-11-30T00:00:00+00:00,-0.02041707984805241,-0.020460435217907524,-0.03212948865489429,0.22179972871365905,1.7528528030689887
1995-12,tsmom_1m,1M,2.0,20,1995-12-01T00:00:00+00:00,1995-12-29T00:00:00+00:00,-0.0020669329999557506,-0.002732781304804033,-0.016384553433156923,3.319992394526084,1.5671395914570954
1996-01,tsmom_1m,1M,2.0,21,1996-01-02T00:00:00+00:00,1996-01-31T00:00:00+00:00,-0.08640563134701607,-0.08701901036224835,-0.07174630328446774,3.2999977043481685,1.7328581128910732
1996-02,tsmom_1m,1M,2.0,20,1996-02-01T00:00:00+00:00,1996-02-29T00:00:00+00:00,-0.026530780459306236,-0.027143213278115086,-0.0633490750373783,3.204549550515152,1.4716914376240786
1996-03,tsmom_1m,1M,2.0,21,1996-03-01T00:00:00+00:00,1996-03-29T00:00:00+00:00,0.007918849985399934,0.00738035255461833,-0.02681975984248397,2.67937445248391,1.2076830148598314
1996-04,tsmom_1m,1M,2.0,21,1996-04-01T00:00:00+00:00,1996-04-30T00:00:00+00:00,0.015195677837007704,0.015185576382207966,-0.012941661596826415,0.04986119717653148,1.2575442120363622
1996-05,tsmom_1m,1M,2.0,22,1996-05-01T00:00:00+00:00,1996-05-31T00:00:00+00:00,-0.003289846773303129,-0.003303734779593448,-0.01181482050045346,0.0693403374066559,1.3268845494430186
1996-06,tsmom_1m,1M,2.0,20,1996-06-03T00:00:00+00:00,1996-06-28T00:00:00+00:00,-0.047747925291797055,-0.04828430969722575,-0.044878582137759415,2.807938317566805,1.481053768123786
1996-07,tsmom_1m,1M,2.0,21,1996-07-01T00:00:00+00:00,1996-07-31T00:00:00+00:00,-0.04790511730337044,-0.048500207046837995,-0.0458383994771856,3.1104810341262135,1.6294272660024274
1996-08,tsmom_1m,1M,2.0,22,1996-08-01T00:00:00+00:00,1996-08-30T00:00:00+00:00,-0.007464309228349619,-0.008112026203638711,-0.015169948762818075,3.2494930596308578,1.6200657936284302
1996-09,tsmom_1m,1M,2.0,20,1996-09-03T00:00:00+00:00,1996-09-30T00:00:00+00:00,0.050661034295929275,0.04994963821327203,-0.0083134251340522,3.3977734179484433,1.7777076243200127
1996-10,tsmom_1m,1M,2.0,23,1996-10-01T00:00:00+00:00,1996-10-31T00:00:00+00:00,0.0066002841982237825,0.006568147047785411,-0.02568623026837913,0.15922583142092916,1.936933455740942
1996-11,tsmom_1m,1M,2.0,19,1996-11-01T00:00:00+00:00,1996-11-27T00:00:00+00:00,0.021211164065359167,0.02120137449182824,-0.028371293593367874,0.04790609613763497,1.984839551878577
1996-12,tsmom_1m,1M,2.0,21,1996-12-02T00:00:00+00:00,1996-12-31T00:00:00+00:00,0.030257233163412334,0.0302518721032925,-0.01370183065736752,0.026575122010606522,1.9582644298679694
1997-01,tsmom_1m,1M,2.0,22,1997-01-02T00:00:00+00:00,1997-01-31T00:00:00+00:00,0.13184494042684936,0.13184403398539457,-0.030902309009274487,0.004059600846858968,1.96232403071483
1997-02,tsmom_1m,1M,2.0,19,1997-02-03T00:00:00+00:00,1997-02-28T00:00:00+00:00,-0.06759545367420661,-0.0677246162437416,-0.08149551881953132,0.6862453778290922,1.276078652885737
1997-03,tsmom_1m,1M,2.0,20,1997-03-03T00:00:00+00:00,1997-03-31T00:00:00+00:00,-0.0346742891952424,-0.03514267313479058,-0.04849316878704002,2.416192268647924,1.1401136157621865
1997-04,tsmom_1m,1M,2.0,22,1997-04-01T00:00:00+00:00,1997-04-30T00:00:00+00:00,0.03771309456554084,0.03726456977478221,-0.0047512410841256125,2.156776766632502,1.016663150870315
1997-05,tsmom_1m,1M,2.0,21,1997-05-01T00:00:00+00:00,1997-05-30T00:00:00+00:00,-0.020831162000682135,-0.020847942419981114,-0.02855312174264657,0.08554865581988458,1.1022118066901998
1997-06,tsmom_1m,1M,2.0,19,1997-06-02T00:00:00+00:00,1997-06-30T00:00:00+00:00,-0.0381094455483868,-0.03853182144894762,-0.035092619087380594,2.188686235156182,1.0864744284659826
1997-07,tsmom_1m,1M,2.0,22,1997-07-01T00:00:00+00:00,1997-07-31T00:00:00+00:00,0.01963119966467808,0.019184840474966602,-0.049888936322539656,2.1902677602938607,1.1037933318278779
1997-08,tsmom_1m,1M,2.0,21,1997-08-01T00:00:00+00:00,1997-08-29T00:00:00+00:00,0.002244430187298363,0.002191974968769328,-0.02565341065491966,0.2614875131815493,0.8423058186463291
1997-09,tsmom_1m,1M,2.0,21,1997-09-02T00:00:00+00:00,1997-09-30T00:00:00+00:00,-0.02460336250041728,-0.024604936397602528,-0.037661596230621375,0.008101515487125566,0.8504073341334545
1997-10,tsmom_1m,1M,2.0,23,1997-10-01T00:00:00+00:00,1997-10-31T00:00:00+00:00,-0.06992524384420196,-0.07026077817118781,-0.07984911249326687,1.799736740729895,0.9493294065964405
1997-11,tsmom_1m,1M,2.0,18,1997-11-03T00:00:00+00:00,1997-11-26T00:00:00+00:00,0.0295517475628555,0.029216798736857674,-0.007244504566058185,1.6186495165441388,0.6693201099476983
1997-12,tsmom_1m,1M,2.0,22,1997-12-01T00:00:00+00:00,1997-12-31T00:00:00+00:00,0.01984245476770674,0.01983470262153597,-0.03173766336299477,0.03826777140301463,0.707587881350713
1998-01,tsmom_1m,1M,2.0,20,1998-01-02T00:00:00+00:00,1998-01-30T00:00:00+00:00,-0.03513794326434061,-0.035142835192640276,-0.06686705385644998,0.02538023044292681,0.6822076509077861
1998-02,tsmom_1m,1M,2.0,19,1998-02-02T00:00:00+00:00,1998-02-27T00:00:00+00:00,-0.008585420143748967,-0.00883790020905828,-0.023930095770485438,1.2743225176088808,0.5921148667010949
1998-03,tsmom_1m,1M,2.0,22,1998-03-02T00:00:00+00:00,1998-03-31T00:00:00+00:00,-0.007192671343762447,-0.007435232997489383,-0.028203298723270875,1.220571513805882,0.6284566471047872
1998-04,tsmom_1m,1M,2.0,21,1998-04-01T00:00:00+00:00,1998-04-30T00:00:00+00:00,0.010265128848766958,0.010002006530172247,-0.016787145286814575,1.2982179450996933,0.6697612979949064
1998-05,tsmom_1m,1M,2.0,19,1998-05-01T00:00:00+00:00,1998-05-29T00:00:00+00:00,-0.029951825123101905,-0.029961310119140494,-0.024278632797136712,0.048398967835976525,0.718160265830883
1998-06,tsmom_1m,1M,2.0,22,1998-06-01T00:00:00+00:00,1998-06-30T00:00:00+00:00,-0.009256034830093518,-0.009544871072605376,-0.03646912193983387,1.4744852026106567,0.7563249367797737
1998-07,tsmom_1m,1M,2.0,22,1998-07-01T00:00:00+00:00,1998-07-31T00:00:00+00:00,-0.017855683946640055,-0.01814252624413948,-0.01700708546573848,1.457880221935048,0.7015552851552742
1998-08,tsmom_1m,1M,2.0,21,1998-08-03T00:00:00+00:00,1998-08-31T00:00:00+00:00,0.030186561344736296,0.02988955243008662,-0.01197767556032403,1.4512015446807673,0.7496462595254931
1998-09,tsmom_1m,1M,2.0,21,1998-09-01T00:00:00+00:00,1998-09-30T00:00:00+00:00,-0.052857283992150284,-0.05285966884961257,-0.0442386255193129,0.012476218048974808,0.762122477574468
1998-10,tsmom_1m,1M,2.0,22,1998-10-01T00:00:00+00:00,1998-10-30T00:00:00+00:00,-0.012954869949725722,-0.013248190063318788,-0.02260979893649495,1.4971731055992592,0.735050628024791
1998-11,tsmom_1m,1M,2.0,19,1998-11-02T00:00:00+00:00,1998-11-30T00:00:00+00:00,-0.004315347888615539,-0.0046139579543010845,-0.02488896502722371,1.5106084595540548,0.7755578315292637
1998-12,tsmom_1m,1M,2.0,22,1998-12-01T00:00:00+00:00,1998-12-31T00:00:00+00:00,-0.016399134586737363,-0.016712526329354382,-0.027147493076909224,1.5966299267930184,0.8210720952637548
1999-01,tsmom_1m,1M,2.0,19,1999-01-04T00:00:00+00:00,1999-01-29T00:00:00+00:00,0.0024920992694461575,0.002152595071587937,-0.017521347119233588,1.697921770000087,0.8768496747363322
1999-02,tsmom_1m,1M,2.0,19,1999-02-01T00:00:00+00:00,1999-02-26T00:00:00+00:00,-0.000805675546695972,-0.0008147867699711542,-0.010256065005036619,0.045199008919169725,0.9220486836555019
1999-03,tsmom_1m,1M,2.0,23,1999-03-01T00:00:00+00:00,1999-03-31T00:00:00+00:00,-0.021565011358928965,-0.021936352235727097,-0.046717548927071695,1.8937890557552364,0.9717403720997343
1999-04,tsmom_1m,1M,2.0,21,1999-04-01T00:00:00+00:00,1999-04-30T00:00:00+00:00,-0.020202247771490822,-0.02058180280217281,-0.025532817739192026,1.936242288851969,0.9645019167522344
1999-05,tsmom_1m,1M,2.0,19,1999-05-03T00:00:00+00:00,1999-05-28T00:00:00+00:00,-0.0569741492511755,-0.05735219490528021,-0.07101551819374263,2.002982369468895,1.0384804527166607
1999-06,tsmom_1m,1M,2.0,22,1999-06-01T00:00:00+00:00,1999-06-30T00:00:00+00:00,0.029745911431670713,0.02933868877979906,-0.013586320983666633,1.994674329800651,0.9561938770839905
1999-07,tsmom_1m,1M,2.0,21,1999-07-01T00:00:00+00:00,1999-07-30T00:00:00+00:00,0.017549652610804545,0.017539919695182427,-0.022682152492913388,0.04767955422713688,1.0038734313111275
1999-08,tsmom_1m,1M,2.0,22,1999-08-02T00:00:00+00:00,1999-08-31T00:00:00+00:00,0.005173884328397271,0.005167383746693455,-0.022946423016167894,0.032456980859022266,0.9714164504521048
1999-09,tsmom_1m,1M,2.0,21,1999-09-01T00:00:00+00:00,1999-09-30T00:00:00+00:00,-0.1589062198861888,-0.1589188414589402,-0.1939436566653061,0.07554972642650304,1.0469661768786085
1999-10,tsmom_1m,1M,2.0,21,1999-10-01T00:00:00+00:00,1999-10-29T00:00:00+00:00,0.001669197625542962,0.001379083816525517,-0.04631395485197509,1.4597274107239373,0.4127612338453289
1999-11,tsmom_1m,1M,2.0,20,1999-11-01T00:00:00+00:00,1999-11-30T00:00:00+00:00,-0.009365703283042204,-0.009367950555552174,-0.011719825960866848,0.011210597768177621,0.40155063607715136
1999-12,tsmom_1m,1M,2.0,21,1999-12-01T00:00:00+00:00,1999-12-30T00:00:00+00:00,0.004379686352222523,0.004213231401536621,-0.021457115959984896,0.8299783656485294,0.4284277295713782
2000-01,tsmom_1m,1M,2.0,18,2000-01-04T00:00:00+00:00,2000-01-31T00:00:00+00:00,0.0051731796477128,0.005164584220763935,-0.01304603159487161,0.043166739453164626,0.4715944690245428
2000-02,tsmom_1m,1M,2.0,20,2000-02-01T00:00:00+00:00,2000-02-29T00:00:00+00:00,-0.01807035635515053,-0.018078596274030634,-0.05830646379845372,0.042018024272570176,0.513612493297113
2000-03,tsmom_1m,1M,2.0,23,2000-03-01T00:00:00+00:00,2000-03-31T00:00:00+00:00,-0.017378790121999832,-0.0175583313717651,-0.02054019751542424,0.9124685042194906,0.39885601092237777
2000-04,tsmom_1m,1M,2.0,19,2000-04-03T00:00:00+00:00,2000-04-28T00:00:00+00:00,0.010617593644943968,0.010445858250858198,-0.009997940500817704,0.8510209329270975,0.45216492200471975
2000-05,tsmom_1m,1M,2.0,22,2000-05-01T00:00:00+00:00,2000-05-31T00:00:00+00:00,-0.0005290502157124788,-0.00054016661620504,-0.01168927419101462,0.0556011442681516,0.5077660662728715
2000-06,tsmom_1m,1M,2.0,22,2000-06-01T00:00:00+00:00,2000-06-30T00:00:00+00:00,0.03461498057200485,0.03439216510793375,-0.018319545754719613,1.0781447958898025,0.5703787296169309
2000-07,tsmom_1m,1M,2.0,19,2000-07-05T00:00:00+00:00,2000-07-31T00:00:00+00:00,-0.015818209303024133,-0.015820709252409637,-0.011741903090433325,0.012549960003835903,0.5578287696130954
2000-08,tsmom_1m,1M,2.0,23,2000-08-01T00:00:00+00:00,2000-08-31T00:00:00+00:00,0.0019240419032884315,0.0016933226131787826,-0.013656227746971283,1.1513811449763134,0.5935523753632183
2000-09,tsmom_1m,1M,2.0,20,2000-09-01T00:00:00+00:00,2000-09-29T00:00:00+00:00,0.012324866070426488,0.012307352602471289,-0.022295717103228307,0.08675154829378784,0.6803039236570059
2000-10,tsmom_1m,1M,2.0,22,2000-10-02T00:00:00+00:00,2000-10-31T00:00:00+00:00,0.027904331553642248,0.027893751496251173,-0.018006765355782717,0.051545824792564865,0.7318497484495708
2000-11,tsmom_1m,1M,2.0,20,2000-11-01T00:00:00+00:00,2000-11-30T00:00:00+00:00,-0.01964791564210655,-0.019653203363121152,-0.02267740319178624,0.027045304727334574,0.7588950531769054
2000-12,tsmom_1m,1M,2.0,20,2000-12-01T00:00:00+00:00,2000-12-29T00:00:00+00:00,0.0009669851081006708,0.0006464660047686976,-0.018398978935084465,1.59419661327478,0.8353015600978747
2001-01,tsmom_1m,1M,2.0,21,2001-01-02T00:00:00+00:00,2001-01-31T00:00:00+00:00,-0.017627465681457566,-0.01763279378731597,-0.019818866877128305,0.026810939077959173,0.8621124991758335
2001-02,tsmom_1m,1M,2.0,19,2001-02-01T00:00:00+00:00,2001-02-28T00:00:00+00:00,-0.0004725120871895694,-0.0008294210522166168,-0.03950865999382447,1.7690748008479487,0.9069623016721148
2001-03,tsmom_1m,1M,2.0,22,2001-03-01T00:00:00+00:00,2001-03-30T00:00:00+00:00,0.026676274662005506,0.026664924253219535,-0.036252075951314744,0.05555863304736697,0.8514036686247479
2001-04,tsmom_1m,1M,2.0,20,2001-04-02T00:00:00+00:00,2001-04-30T00:00:00+00:00,-0.016370438023954437,-0.016381097774505138,-0.028751679853631917,0.05461887474409399,0.796784793880654
2001-05,tsmom_1m,1M,2.0,22,2001-05-01T00:00:00+00:00,2001-05-31T00:00:00+00:00,0.008098716901036918,0.007772550200747519,-0.06006513367936961,1.6197460644659696,0.8229612705853158
2001-06,tsmom_1m,1M,2.0,21,2001-06-01T00:00:00+00:00,2001-06-29T00:00:00+00:00,0.010228066140892,0.010184328050425906,-0.015349832622520765,0.21701693216586015,0.6059443384194554
2001-07,tsmom_1m,1M,2.0,21,2001-07-02T00:00:00+00:00,2001-07-31T00:00:00+00:00,-0.004637015636665409,-0.004637415853197213,-0.00969337197149478,0.0020049988586967604,0.6079493372781521
2001-08,tsmom_1m,1M,2.0,23,2001-08-01T00:00:00+00:00,2001-08-31T00:00:00+00:00,-0.018753307635587357,-0.01900763442221054,-0.029956759534960686,1.2923130365107864,0.6843636992326341
2001-09,tsmom_1m,1M,2.0,16,2001-09-04T00:00:00+00:00,2001-09-28T00:00:00+00:00,0.04656140560528388,0.04626161591054068,-0.006305203349527333,1.421568074859349,0.7372043756267148
2001-10,tsmom_1m,1M,2.0,23,2001-10-01T00:00:00+00:00,2001-10-31T00:00:00+00:00,-0.029386044395175004,-0.02940532695143605,-0.03789762925308271,0.09915929096742937,0.6380450846592856
2001-11,tsmom_1m,1M,2.0,20,2001-11-01T00:00:00+00:00,2001-11-30T00:00:00+00:00,0.013485676594167773,0.013218742507585146,-0.0064478013451078064,1.3162741576541677,0.6782290729948823
2001-12,tsmom_1m,1M,2.0,19,2001-12-03T00:00:00+00:00,2001-12-31T00:00:00+00:00,-0.011746336047999018,-0.011762379829845626,-0.02190196646507525,0.08050027526644998,0.7587293482613321
2002-01,tsmom_1m,1M,2.0,21,2002-01-02T00:00:00+00:00,2002-01-31T00:00:00+00:00,0.011259261874847049,0.010944113159092606,-0.025923159127021256,1.5590934013292925,0.8003640530679603
2002-02,tsmom_1m,1M,2.0,19,2002-02-01T00:00:00+00:00,2002-02-28T00:00:00+00:00,0.04084342065412905,0.040840662534362915,-0.03162404982547995,0.013398083103376202,0.8137621361713364
2002-03,tsmom_1m,1M,2.0,20,2002-03-01T00:00:00+00:00,2002-03-28T00:00:00+00:00,0.01608452880734701,0.01606581954314712,-0.02010327167870174,0.09235610549983586,0.7214060306715007
2002-04,tsmom_1m,1M,2.0,22,2002-04-01T00:00:00+00:00,2002-04-30T00:00:00+00:00,0.013651716533647162,0.013645925728874131,-0.018360341112858447,0.02859934555790955,0.7500053762294102
2002-05,tsmom_1m,1M,2.0,22,2002-05-01T00:00:00+00:00,2002-05-31T00:00:00+00:00,0.046738547865611935,0.04672963849363421,-0.012424605648846843,0.04257958946370288,0.7925849656931131
2002-06,tsmom_1m,1M,2.0,20,2002-06-03T00:00:00+00:00,2002-06-28T00:00:00+00:00,-0.03293891264008053,-0.03293898881726087,-0.03597305868500322,0.0003940499252502727,0.7929790156183636
2002-07,tsmom_1m,1M,2.0,22,2002-07-01T00:00:00+00:00,2002-07-31T00:00:00+00:00,0.02048719048762493,0.020164103262752642,-0.03144489691018859,1.5810177548109983,0.7880387391926349
2002-08,tsmom_1m,1M,2.0,22,2002-08-01T00:00:00+00:00,2002-08-30T00:00:00+00:00,-0.020277790796587203,-0.020299934400975772,-0.022461407165717096,0.11280958776549388,0.675229151427141
2002-09,tsmom_1m,1M,2.0,20,2002-09-03T00:00:00+00:00,2002-09-30T00:00:00+00:00,0.022934851005619317,0.022666805095289844,-0.011914168218995935,1.313109430230842,0.6378802788037009
2002-10,tsmom_1m,1M,2.0,23,2002-10-01T00:00:00+00:00,2002-10-31T00:00:00+00:00,-0.014463514609172945,-0.014474797805630435,-0.026074976270282657,0.056877042893113794,0.6947573216968145
2002-11,tsmom_1m,1M,2.0,19,2002-11-01T00:00:00+00:00,2002-11-27T00:00:00+00:00,0.0008466703541476495,0.0005587605199672829,-0.01567797144183558,1.4356538539144141,0.7408965322175994
2002-12,tsmom_1m,1M,2.0,21,2002-12-02T00:00:00+00:00,2002-12-31T00:00:00+00:00,-0.07002546848955515,-0.07003260729525151,-0.07128499824207357,0.03831585130131543,0.7792123835189151
2003-01,tsmom_1m,1M,2.0,21,2003-01-02T00:00:00+00:00,2003-01-31T00:00:00+00:00,0.04383470761544106,0.04351785764068161,-0.009160855133516499,1.51228899545327,0.7330766119343547
2003-02,tsmom_1m,1M,2.0,19,2003-02-03T00:00:00+00:00,2003-02-28T00:00:00+00:00,-0.03617366513409637,-0.0361775039634884,-0.06753060524339682,0.02001071085587347,0.7130659010784813
2003-03,tsmom_1m,1M,2.0,21,2003-03-03T00:00:00+00:00,2003-03-31T00:00:00+00:00,0.023652331793512893,0.023386469903581952,-0.01741459027852621,1.3007733440551812,0.5877074429767001
2003-04,tsmom_1m,1M,2.0,21,2003-04-01T00:00:00+00:00,2003-04-30T00:00:00+00:00,-0.00670556035372305,-0.006707873250363483,-0.030006151985397134,0.011656529502725443,0.5760509134739744
2003-05,tsmom_1m,1M,2.0,21,2003-05-01T00:00:00+00:00,2003-05-30T00:00:00+00:00,0.046993001450418515,0.04674510569699608,-0.010871323691135526,1.1902736071270474,0.6142226936530728
2003-06,tsmom_1m,1M,2.0,21,2003-06-02T00:00:00+00:00,2003-06-30T00:00:00+00:00,-0.032399505443021615,-0.03239954283503854,-0.042307260792616486,0.00019370710209987152,0.6140289865509732
2003-07,tsmom_1m,1M,2.0,22,2003-07-01T00:00:00+00:00,2003-07-31T00:00:00+00:00,-0.013467818290283762,-0.013704683962189268,-0.03667660937677697,1.189719591070011,0.5756906045190378
2003-08,tsmom_1m,1M,2.0,21,2003-08-01T00:00:00+00:00,2003-08-29T00:00:00+00:00,0.038320991853987296,0.03807445254419384,-0.01241071796011528,1.1731753997486685,0.5974847952296306
2003-09,tsmom_1m,1M,2.0,21,2003-09-02T00:00:00+00:00,2003-09-30T00:00:00+00:00,0.014726863234493459,0.014725894989596089,-0.012735596284942918,0.004752200523036487,0.5927325947065937
2003-10,tsmom_1m,1M,2.0,23,2003-10-01T00:00:00+00:00,2003-10-31T00:00:00+00:00,-0.0020729362508138394,-0.0020797776631278353,-0.024725920096376197,0.03421689100553593,0.6269494857121298
2003-11,tsmom_1m,1M,2.0,18,2003-11-03T00:00:00+00:00,2003-11-26T00:00:00+00:00,-0.021221936850758127,-0.02145921939721096,-0.03252961374540653,1.2263039252855876,0.5993544395734579
2003-12,tsmom_1m,1M,2.0,21,2003-12-01T00:00:00+00:00,2003-12-31T00:00:00+00:00,0.027627900497936064,0.027381345893972675,-0.005233851001637313,1.2103105278574247,0.6109560882839669
2004-01,tsmom_1m,1M,2.0,19,2004-01-05T00:00:00+00:00,2004-01-30T00:00:00+00:00,-0.02114270137562746,-0.02115524278270653,-0.04351653613831452,0.06496681596111098,0.6759229042450777
2004-02,tsmom_1m,1M,2.0,19,2004-02-02T00:00:00+00:00,2004-02-27T00:00:00+00:00,0.007701713900289731,0.00745027696198064,-0.025085926243263,1.2540204826337624,0.5780975783886845
2004-03,tsmom_1m,1M,2.0,23,2004-03-01T00:00:00+00:00,2004-03-31T00:00:00+00:00,-0.04312244748299554,-0.04312528003836513,-0.04859229348625527,0.01474219524193654,0.5633553831467479
2004-04,tsmom_1m,1M,2.0,21,2004-04-01T00:00:00+00:00,2004-04-30T00:00:00+00:00,-0.05600216751151754,-0.05621876530336645,-0.05878216899686817,1.148019736887226,0.5846643537404782
2004-05,tsmom_1m,1M,2.0,20,2004-05-03T00:00:00+00:00,2004-05-28T00:00:00+00:00,-0.010851701887328535,-0.011074331027832285,-0.029974776638751588,1.126458312562534,0.5417939588220559
2004-06,tsmom_1m,1M,2.0,21,2004-06-01T00:00:00+00:00,2004-06-30T00:00:00+00:00,-0.0023570380856643425,-0.0025735109256292965,-0.015151324429093616,1.0853694155570492,0.5435754567349935
2004-07,tsmom_1m,1M,2.0,21,2004-07-01T00:00:00+00:00,2004-07-30T00:00:00+00:00,-0.001874607069873635,-0.002096272790452103,-0.02168921364570331,1.1050166435832212,0.5614411868482276
2004-08,tsmom_1m,1M,2.0,22,2004-08-02T00:00:00+00:00,2004-08-31T00:00:00+00:00,0.0279435288884764,0.027707250170778908,-0.014915239580748807,1.1504823457384816,0.5890411588902539
2004-09,tsmom_1m,1M,2.0,21,2004-09-01T00:00:00+00:00,2004-09-30T00:00:00+00:00,0.01186909340946829,0.011865163238642173,-0.016942841050425983,0.019374510658040522,0.6084156695482946
2004-10,tsmom_1m,1M,2.0,21,2004-10-01T00:00:00+00:00,2004-10-29T00:00:00+00:00,0.014612702566030755,0.014598541508029417,-0.015847354772623334,0.06987561070969794,0.6782912802579925
2004-11,tsmom_1m,1M,2.0,20,2004-11-01T00:00:00+00:00,2004-11-30T00:00:00+00:00,0.03907310569182432,0.039066917769002174,-0.012235551463358862,0.02971725171636852,0.708008531974361
2004-12,tsmom_1m,1M,2.0,21,2004-12-01T00:00:00+00:00,2004-12-30T00:00:00+00:00,-0.02347292962371561,-0.02347577776308729,-0.03564769009695423,0.014645787006287159,0.7226543189806482
2005-01,tsmom_1m,1M,2.0,20,2005-01-03T00:00:00+00:00,2005-01-31T00:00:00+00:00,0.021987259672856307,0.021704819324515956,-0.01397984196895119,1.4004046264026895,0.6777503074220413
2005-02,tsmom_1m,1M,2.0,19,2005-02-01T00:00:00+00:00,2005-02-28T00:00:00+00:00,-0.0225316069446303,-0.02253816198639713,-0.038554381208111166,0.033598199404612616,0.7113485068266541
2005-03,tsmom_1m,1M,2.0,22,2005-03-01T00:00:00+00:00,2005-03-31T00:00:00+00:00,-0.011073585456677248,-0.01136502050135213,-0.03721611092666821,1.464113600345625,0.7527650935189709
2005-04,tsmom_1m,1M,2.0,21,2005-04-01T00:00:00+00:00,2005-04-29T00:00:00+00:00,-0.00932428853832501,-0.009623249734516115,-0.02359975926805724,1.5163585086894709,0.7635934151705002
2005-05,tsmom_1m,1M,2.0,21,2005-05-02T00:00:00+00:00,2005-05-31T00:00:00+00:00,-0.03232963488393792,-0.032639019725119955,-0.026266199518055977,1.5818103358444142,0.8182169206739142
2005-06,tsmom_1m,1M,2.0,22,2005-06-01T00:00:00+00:00,2005-06-30T00:00:00+00:00,-0.036883062143291956,-0.03720669861808257,-0.050648719712195533,1.6843200942501846,0.8661031735762702
2005-07,tsmom_1m,1M,2.0,20,2005-07-01T00:00:00+00:00,2005-07-29T00:00:00+00:00,-0.002596116915023594,-0.002952822314898129,-0.01789014151147572,1.7578885704621525,0.8917853968858823
2005-08,tsmom_1m,1M,2.0,23,2005-08-01T00:00:00+00:00,2005-08-31T00:00:00+00:00,-0.005620170249442391,-0.005972838458383811,-0.027387426654586156,1.7665443433167245,0.8747589464308421
2005-09,tsmom_1m,1M,2.0,21,2005-09-01T00:00:00+00:00,2005-09-30T00:00:00+00:00,0.06570846759889815,0.06534321860836911,-0.01635884941853183,1.7421436042991014,0.8673846578682594
2005-10,tsmom_1m,1M,2.0,21,2005-10-03T00:00:00+00:00,2005-10-31T00:00:00+00:00,-0.007300237486510985,-0.007311197846578188,-0.025865264775712826,0.05493840500090952,0.8124462528673497
2005-11,tsmom_1m,1M,2.0,20,2005-11-01T00:00:00+00:00,2005-11-30T00:00:00+00:00,-0.050346680845599234,-0.050650019038869676,-0.07539100573060076,1.6149346795556234,0.8024884266882738
2005-12,tsmom_1m,1M,2.0,21,2005-12-01T00:00:00+00:00,2005-12-30T00:00:00+00:00,0.03307261427063368,0.03275913155784438,-0.050491375770412183,1.540656591958152,0.7381681652698782
2006-01,tsmom_1m,1M,2.0,20,2006-01-03T00:00:00+00:00,2006-01-31T00:00:00+00:00,0.06563244089741205,0.0656122096941214,-0.014760329065723221,0.09664896470575146,0.6415192005641266
2006-02,tsmom_1m,1M,2.0,19,2006-02-01T00:00:00+00:00,2006-02-28T00:00:00+00:00,-0.008493966948053822,-0.008509377828780584,-0.032645501825427914,0.077783296325734,0.5637359042383927
2006-03,tsmom_1m,1M,2.0,23,2006-03-01T00:00:00+00:00,2006-03-31T00:00:00+00:00,-0.02021536012865055,-0.020425208039931197,-0.044245005766729184,1.0698309060996483,0.5060950018612557
2006-04,tsmom_1m,1M,2.0,19,2006-04-03T00:00:00+00:00,2006-04-28T00:00:00+00:00,0.06048606541954693,0.060268647130452324,-0.006995759667737689,1.0323593511521425,0.526264349290887
2006-05,tsmom_1m,1M,2.0,22,2006-05-01T00:00:00+00:00,2006-05-31T00:00:00+00:00,-0.005567525452797928,-0.005568384076138577,-0.059933494771579277,0.004325198470651936,0.5305895477615388
2006-06,tsmom_1m,1M,2.0,22,2006-06-01T00:00:00+00:00,2006-06-30T00:00:00+00:00,0.01739887518396932,0.01720855242052699,-0.03480411384333981,0.9427945521202317,0.4122050043586929
2006-07,tsmom_1m,1M,2.0,19,2006-07-05T00:00:00+00:00,2006-07-31T00:00:00+00:00,-0.0200669977335709,-0.020075183571389932,-0.024310943612754432,0.04141238127656305,0.37079262308212974
2006-08,tsmom_1m,1M,2.0,23,2006-08-01T00:00:00+00:00,2006-08-31T00:00:00+00:00,-0.006734821830211124,-0.006876002843843154,-0.02357203794649021,0.7150420498369003,0.3442494267547706
2006-09,tsmom_1m,1M,2.0,20,2006-09-01T00:00:00+00:00,2006-09-29T00:00:00+00:00,0.01765361870669313,0.01750537301173738,-0.01775299083850157,0.7288122598689983,0.3845628331142278
2006-10,tsmom_1m,1M,2.0,22,2006-10-02T00:00:00+00:00,2006-10-31T00:00:00+00:00,-0.00296506141217745,-0.002968609930043775,-0.02781365492516541,0.017806028267077445,0.4023688613813052
2006-11,tsmom_1m,1M,2.0,21,2006-11-01T00:00:00+00:00,2006-11-30T00:00:00+00:00,0.03088816501286984,0.030720986883845613,-0.00983845894964508,0.8176767779117704,0.4153079165304653
2006-12,tsmom_1m,1M,2.0,20,2006-12-01T00:00:00+00:00,2006-12-29T00:00:00+00:00,-0.009575078017494465,-0.009582677760141767,-0.023228897070312726,0.03832869453118698,0.4536366110616522
2007-01,tsmom_1m,1M,2.0,21,2007-01-02T00:00:00+00:00,2007-01-31T00:00:00+00:00,-0.016046434760858985,-0.016234459865261175,-0.0399424587237569,0.952617597248822,0.4989809861871699
2007-02,tsmom_1m,1M,2.0,19,2007-02-01T00:00:00+00:00,2007-02-28T00:00:00+00:00,0.011435930112531967,0.011231462056917607,-0.013038295898906926,1.0146650192863857,0.515684033099216
2007-03,tsmom_1m,1M,2.0,22,2007-03-01T00:00:00+00:00,2007-03-30T00:00:00+00:00,-0.0021553619134335733,-0.002156659456231891,-0.020260539867290372,0.006464332492640779,0.5221483655918567
2007-04,tsmom_1m,1M,2.0,20,2007-04-02T00:00:00+00:00,2007-04-30T00:00:00+00:00,-0.011749646271295378,-0.01196127187630247,-0.020577597692369887,1.0686956944480286,0.5465473288561717
2007-05,tsmom_1m,1M,2.0,22,2007-05-01T00:00:00+00:00,2007-05-31T00:00:00+00:00,-0.014472712610648086,-0.014700229176423996,-0.03227296490205078,1.148085343509599,0.601538014653427
2007-06,tsmom_1m,1M,2.0,21,2007-06-01T00:00:00+00:00,2007-06-29T00:00:00+00:00,0.013649758373012633,0.013397807640624704,-0.013690947752733051,1.2310464591034864,0.629508444450059
2007-07,tsmom_1m,1M,2.0,21,2007-07-02T00:00:00+00:00,2007-07-31T00:00:00+00:00,-0.02733998923841674,-0.027343010889960495,-0.033028609985934154,0.015411382420140063,0.6449198268701991
2007-08,tsmom_1m,1M,2.0,23,2007-08-01T00:00:00+00:00,2007-08-31T00:00:00+00:00,0.0031254082551119833,0.00286056727306927,-0.027408021320833087,1.3159022896365247,0.6709824627663253
2007-09,tsmom_1m,1M,2.0,19,2007-09-04T00:00:00+00:00,2007-09-28T00:00:00+00:00,0.06325848245511767,0.0632528265166139,-0.004094637220585451,0.02683099243431497,0.6441514703320105
2007-10,tsmom_1m,1M,2.0,23,2007-10-01T00:00:00+00:00,2007-10-31T00:00:00+00:00,0.040779553415122516,0.04077426787076721,-0.016173001980434587,0.02548753424589223,0.6696390045779027
2007-11,tsmom_1m,1M,2.0,21,2007-11-01T00:00:00+00:00,2007-11-30T00:00:00+00:00,-0.0045251477016724495,-0.004527389869313114,-0.04638487093374244,0.0112412858850931,0.6583977186928095
2007-12,tsmom_1m,1M,2.0,20,2007-12-03T00:00:00+00:00,2007-12-31T00:00:00+00:00,-0.03204558189763285,-0.03227603134095636,-0.031536942040963356,1.1865691017402225,0.5281713830474127
2008-01,tsmom_1m,1M,2.0,22,2008-01-02T00:00:00+00:00,2008-01-31T00:00:00+00:00,0.05820133213575973,0.05797636174527976,-0.022956890350330328,1.0780528937089628,0.54988151066155
2008-02,tsmom_1m,1M,2.0,21,2008-02-01T00:00:00+00:00,2008-02-29T00:00:00+00:00,0.02540742182840816,0.025399342223928256,-0.012446203672031086,0.039069517903238205,0.5108119927583118
2008-03,tsmom_1m,1M,2.0,20,2008-03-03T00:00:00+00:00,2008-03-31T00:00:00+00:00,-0.028366825022189013,-0.028370270283650245,-0.04770448237557412,0.017819689239031655,0.5286316819973434
2008-04,tsmom_1m,1M,2.0,22,2008-04-01T00:00:00+00:00,2008-04-30T00:00:00+00:00,0.026632029316370653,0.026435642438968676,-0.029256394733810143,0.9717446354488444,0.4431129534515007
2008-05,tsmom_1m,1M,2.0,21,2008-05-01T00:00:00+00:00,2008-05-30T00:00:00+00:00,-0.013459015761661752,-0.013461253900532766,-0.03771808800273113,0.011424373967774626,0.4316885794837262
2008-06,tsmom_1m,1M,2.0,21,2008-06-02T00:00:00+00:00,2008-06-30T00:00:00+00:00,0.019448007241211984,0.01927007127004754,-0.017226404829406294,0.87483739190924,0.4431488124255138
2008-07,tsmom_1m,1M,2.0,22,2008-07-01T00:00:00+00:00,2008-07-31T00:00:00+00:00,-0.0024018216693247885,-0.002403941837637702,-0.026482684943706314,0.01068925482772387,0.4324595575977899
2008-08,tsmom_1m,1M,2.0,21,2008-08-01T00:00:00+00:00,2008-08-29T00:00:00+00:00,0.04402478157617562,0.04384005976929828,-0.026765525085993946,0.8866667247187519,0.45420716712096204
2008-09,tsmom_1m,1M,2.0,21,2008-09-02T00:00:00+00:00,2008-09-30T00:00:00+00:00,-0.0239968503587058,-0.024002685181658934,-0.08805904565326128,0.03029668921567047,0.42391047790529146
2008-10,tsmom_1m,1M,2.0,23,2008-10-01T00:00:00+00:00,2008-10-31T00:00:00+00:00,-0.048866755043275534,-0.04900151631374905,-0.0655674469623756,0.7102935654822984,0.2863830875770069
2008-11,tsmom_1m,1M,2.0,19,2008-11-03T00:00:00+00:00,2008-11-28T00:00:00+00:00,-0.03262676775285234,-0.03273112597182071,-0.037175770005657416,0.539691626081498,0.2533085385044911
2008-12,tsmom_1m,1M,2.0,22,2008-12-01T00:00:00+00:00,2008-12-31T00:00:00+00:00,0.019080973079674823,0.018977687163298507,-0.008357606324795652,0.49936784052179695,0.24605930201730597
2009-01,tsmom_1m,1M,2.0,20,2009-01-02T00:00:00+00:00,2009-01-30T00:00:00+00:00,0.014949430632668514,0.014946322035835458,-0.019990377938406634,0.015296768620080392,0.2613560706373864
2009-02,tsmom_1m,1M,2.0,19,2009-02-02T00:00:00+00:00,2009-02-27T00:00:00+00:00,0.004248663738616987,0.004246164849822209,-0.014624143363427211,0.012349374533248081,0.2737054451706344
2009-03,tsmom_1m,1M,2.0,22,2009-03-02T00:00:00+00:00,2009-03-31T00:00:00+00:00,-0.005959439311514658,-0.005962936357938098,-0.013350595451479763,0.01750627202641364,0.291211717197048
2009-04,tsmom_1m,1M,2.0,21,2009-04-01T00:00:00+00:00,2009-04-30T00:00:00+00:00,0.01037072410903317,0.010247868617831779,-0.016300060514747194,0.6065769338152991,0.3153652166182511
2009-05,tsmom_1m,1M,2.0,20,2009-05-01T00:00:00+00:00,2009-05-29T00:00:00+00:00,-0.03358698846903063,-0.03359274357917763,-0.03482410212671849,0.029813789176249383,0.3451790057945005
2009-06,tsmom_1m,1M,2.0,22,2009-06-01T00:00:00+00:00,2009-06-30T00:00:00+00:00,-0.02061340851373572,-0.020757201453291074,-0.023874337627735498,0.7327032801227065,0.387524274328206
2009-07,tsmom_1m,1M,2.0,22,2009-07-01T00:00:00+00:00,2009-07-31T00:00:00+00:00,-0.011945159835228036,-0.012106520684706523,-0.020710048476269227,0.8118157369100898,0.42429146258188377
2009-08,tsmom_1m,1M,2.0,21,2009-08-03T00:00:00+00:00,2009-08-31T00:00:00+00:00,-0.0002520170022760615,-0.0004312040706359044,-0.01580826678647762,0.8982557415845023,0.47396427900261867
2009-09,tsmom_1m,1M,2.0,21,2009-09-01T00:00:00+00:00,2009-09-30T00:00:00+00:00,-0.029929650326291135,-0.030123432966096098,-0.03247186542669822,0.9959602076831725,0.5219959286805538
2009-10,tsmom_1m,1M,2.0,22,2009-10-01T00:00:00+00:00,2009-10-30T00:00:00+00:00,0.020910614848308917,0.020688486280266538,-0.018871454020156442,1.0822702033791383,0.560274274698584
2009-11,tsmom_1m,1M,2.0,21,2009-11-02T00:00:00+00:00,2009-11-30T00:00:00+00:00,0.07158056804943946,0.07157856608395519,-0.007037589204721639,0.009413471721314792,0.5696877464198989
2009-12,tsmom_1m,1M,2.0,22,2009-12-01T00:00:00+00:00,2009-12-31T00:00:00+00:00,-0.04051298167907347,-0.04051502132790341,-0.06412034490265683,0.01073031042055228,0.5804180568404511
2010-01,tsmom_1m,1M,2.0,20,2010-01-04T00:00:00+00:00,2010-01-29T00:00:00+00:00,0.006322368043801152,0.006101135807649927,-0.015052185222910408,1.0869314636478995,0.5065134068074483
2010-02,tsmom_1m,1M,2.0,20,2010-02-01T00:00:00+00:00,2010-02-26T00:00:00+00:00,-0.01844426852513803,-0.018446952405137607,-0.027006012182633654,0.0135045899367916,0.52001799674424
2010-03,tsmom_1m,1M,2.0,23,2010-03-01T00:00:00+00:00,2010-03-31T00:00:00+00:00,-0.0014752220877807254,-0.0016802157552155972,-0.02359966424607496,1.0262966428632962,0.5062786461190566
2010-04,tsmom_1m,1M,2.0,21,2010-04-01T00:00:00+00:00,2010-04-30T00:00:00+00:00,-0.031141946937239817,-0.031346943364587654,-0.024988365906470023,1.0512511860356604,0.5449725399166038
2010-05,tsmom_1m,1M,2.0,21,2010-05-03T00:00:00+00:00,2010-05-31T00:00:00+00:00,0.019568553309156522,0.019337357806135103,-0.028454872288022237,1.1356650895723734,0.5906925496557699
2010-06,tsmom_1m,1M,2.0,22,2010-06-01T00:00:00+00:00,2010-06-30T00:00:00+00:00,0.012035901248778291,0.012034598815859443,-0.011798886060710556,0.006461880421304578,0.5842306692344651
2010-07,tsmom_1m,1M,2.0,22,2010-07-01T00:00:00+00:00,2010-07-30T00:00:00+00:00,-0.0291169882391783,-0.029121492921289738,-0.025130714117882258,0.022713906989922927,0.6069445762243879
2010-08,tsmom_1m,1M,2.0,22,2010-08-02T00:00:00+00:00,2010-08-31T00:00:00+00:00,-0.032613575550427654,-0.03284769230798079,-0.032268443199689356,1.2096162200572975,0.6026716438329095
2010-09,tsmom_1m,1M,2.0,22,2010-09-01T00:00:00+00:00,2010-09-30T00:00:00+00:00,0.03313855068707339,0.03287189928351353,-0.0061110921209975855,1.2881551153456643,0.6854834715127545
2010-10,tsmom_1m,1M,2.0,21,2010-10-01T00:00:00+00:00,2010-10-29T00:00:00+00:00,0.02844331960008506,0.028429302255462252,-0.0309363769672083,0.06853279359164655,0.7540162651044011
2010-11,tsmom_1m,1M,2.0,22,2010-11-01T00:00:00+00:00,2010-11-30T00:00:00+00:00,0.014639758320976082,0.014625502614944885,-0.035489476981009904,0.06999198479643343,0.6840242803079678
2010-12,tsmom_1m,1M,2.0,22,2010-12-01T00:00:00+00:00,2010-12-31T00:00:00+00:00,0.015606697258273794,0.015596021920124992,-0.024122895658409305,0.05254928273003012,0.6314749975779376
2011-01,tsmom_1m,1M,2.0,21,2011-01-03T00:00:00+00:00,2011-01-31T00:00:00+00:00,-0.04088468730464734,-0.04088903574030689,-0.04600912824714343,0.022593898025350723,0.6540688956032883
2011-02,tsmom_1m,1M,2.0,20,2011-02-01T00:00:00+00:00,2011-02-28T00:00:00+00:00,-0.03636808751895804,-0.03661752722054379,-0.03518244547075777,1.2883572257296083,0.6342883301263201
2011-03,tsmom_1m,1M,2.0,23,2011-03-01T00:00:00+00:00,2011-03-31T00:00:00+00:00,0.009976664717356032,0.009712729027549827,-0.01870483466556383,1.3203528649125222,0.6860645347862024
2011-04,tsmom_1m,1M,2.0,20,2011-04-01T00:00:00+00:00,2011-04-29T00:00:00+00:00,0.06394196898819549,0.06393778085473811,-0.010292164895542855,0.01965500185632385,0.7057195366425261
2011-05,tsmom_1m,1M,2.0,22,2011-05-02T00:00:00+00:00,2011-05-31T00:00:00+00:00,-0.013141791143479575,-0.013149241390208122,-0.03429297059402825,0.0374279797733893,0.7431475164159153
2011-06,tsmom_1m,1M,2.0,22,2011-06-01T00:00:00+00:00,2011-06-30T00:00:00+00:00,0.01577179398893902,0.015477300578660813,-0.014853069667839058,1.4456256218567733,0.7024781054408576
2011-07,tsmom_1m,1M,2.0,21,2011-07-01T00:00:00+00:00,2011-07-29T00:00:00+00:00,-0.06047856695177933,-0.06048844032413603,-0.06663342330658195,0.052891182324424024,0.7553692877652819
2011-08,tsmom_1m,1M,2.0,23,2011-08-01T00:00:00+00:00,2011-08-31T00:00:00+00:00,0.0937603213574747,0.09342316368350434,-0.06067629155703835,1.5361041361320797,0.7807348483667979
2011-09,tsmom_1m,1M,2.0,22,2011-09-01T00:00:00+00:00,2011-09-30T00:00:00+00:00,-0.04994036259926493,-0.050002440596142894,-0.07145683413081316,0.3268114771536668,0.4539233712131309
2011-10,tsmom_1m,1M,2.0,21,2011-10-03T00:00:00+00:00,2011-10-31T00:00:00+00:00,-0.021225566157462517,-0.021392972439784552,-0.029343034178029193,0.8474810410341895,0.39355766982105855
2011-11,tsmom_1m,1M,2.0,22,2011-11-01T00:00:00+00:00,2011-11-30T00:00:00+00:00,0.010349417439453168,0.010186982335502304,-0.027483990692799387,0.8047443788158648,0.41118670899480636
2011-12,tsmom_1m,1M,2.0,21,2011-12-01T00:00:00+00:00,2011-12-30T00:00:00+00:00,-0.04660245256321116,-0.046605695229557376,-0.051096225853865085,0.01698964674302411,0.4281763557378305
2012-01,tsmom_1m,1M,2.0,21,2012-01-03T00:00:00+00:00,2012-01-31T00:00:00+00:00,-0.044510812335596284,-0.044676107744275884,-0.03427963235295406,0.8558140338403424,0.427637678102512
2012-02,tsmom_1m,1M,2.0,21,2012-02-01T00:00:00+00:00,2012-02-29T00:00:00+00:00,-0.010755221244580282,-0.010931699199760558,-0.022677517082192233,0.8934401420364484,0.4658024639339364
2012-03,tsmom_1m,1M,2.0,22,2012-03-01T00:00:00+00:00,2012-03-30T00:00:00+00:00,0.007951061038466989,0.00775077632757748,-0.015309902797666641,0.9871486879200397,0.5213462239861035
2012-04,tsmom_1m,1M,2.0,20,2012-04-02T00:00:00+00:00,2012-04-30T00:00:00+00:00,0.0011412267871058202,0.0011371639551607249,-0.016479846178597102,0.020241069271293433,0.5011051547148101
2012-05,tsmom_1m,1M,2.0,23,2012-05-01T00:00:00+00:00,2012-05-31T00:00:00+00:00,0.03527746736412363,0.03526614509729309,-0.018609858430891135,0.05471332245494087,0.555818477169751
2012-06,tsmom_1m,1M,2.0,21,2012-06-01T00:00:00+00:00,2012-06-29T00:00:00+00:00,-0.015234716842024376,-0.015239662528129583,-0.016971179470483433,0.024509883379851383,0.5803283605496022
2012-07,tsmom_1m,1M,2.0,22,2012-07-02T00:00:00+00:00,2012-07-31T00:00:00+00:00,0.006316236650171669,0.0060869289350131695,-0.017551661311274946,1.1387847327696194,0.5584563722200175
2012-08,tsmom_1m,1M,2.0,23,2012-08-01T00:00:00+00:00,2012-08-31T00:00:00+00:00,0.02766876937801066,0.027662320192344936,-0.007616345462527874,0.031211680199832892,0.58966805241985
2012-09,tsmom_1m,1M,2.0,20,2012-09-03T00:00:00+00:00,2012-09-28T00:00:00+00:00,0.032520164995404555,0.03250405380351418,-0.006484866638991171,0.07804957107461463,0.6677176234944648
2012-10,tsmom_1m,1M,2.0,23,2012-10-01T00:00:00+00:00,2012-10-31T00:00:00+00:00,-0.02069685189573056,-0.020698628926225315,-0.03416447886720997,0.0090836619491379,0.6768012854436026
2012-11,tsmom_1m,1M,2.0,22,2012-11-01T00:00:00+00:00,2012-11-30T00:00:00+00:00,0.0005789043557182794,0.00029268259398884666,-0.03262374519693345,1.4325430123176528,0.7557417268740498
2012-12,tsmom_1m,1M,2.0,20,2012-12-03T00:00:00+00:00,2012-12-31T00:00:00+00:00,0.01789960407658131,0.01789812189067952,-0.012721437869038899,0.007276078689636534,0.7630178055636866
2013-01,tsmom_1m,1M,2.0,22,2013-01-02T00:00:00+00:00,2013-01-31T00:00:00+00:00,0.004836872380065804,0.0048260312389605264,-0.021714031409831525,0.05366874977842995,0.8166865553421164
2013-02,tsmom_1m,1M,2.0,20,2013-02-01T00:00:00+00:00,2013-02-28T00:00:00+00:00,0.04508214384046161,0.045073763556048974,-0.027048687383449788,0.04002168314692878,0.8567082384890453
2013-03,tsmom_1m,1M,2.0,20,2013-03-01T00:00:00+00:00,2013-03-28T00:00:00+00:00,-0.009437150178030707,-0.009449246171789882,-0.02038501207789234,0.06115462261754889,0.7955536158714963
2013-04,tsmom_1m,1M,2.0,22,2013-04-01T00:00:00+00:00,2013-04-30T00:00:00+00:00,-0.06636709541785835,-0.06668022474198043,-0.13749317495146152,1.679352951380807,0.8837993355093103
2013-05,tsmom_1m,1M,2.0,23,2013-05-01T00:00:00+00:00,2013-05-31T00:00:00+00:00,0.025940867325058292,0.025672926242949812,-0.017544544168869414,1.3130437074080799,0.42924437189876946
2013-06,tsmom_1m,1M,2.0,20,2013-06-03T00:00:00+00:00,2013-06-28T00:00:00+00:00,0.05182167329577059,0.051816915638528416,-0.012723085129389466,0.022443971326406964,0.4516883432251764
2013-07,tsmom_1m,1M,2.0,23,2013-07-01T00:00:00+00:00,2013-07-31T00:00:00+00:00,-0.02854517453070249,-0.028554715746855197,-0.03917243393198733,0.04880799762565019,0.4028803455995261
2013-08,tsmom_1m,1M,2.0,22,2013-08-01T00:00:00+00:00,2013-08-30T00:00:00+00:00,0.023066526035344204,0.022897034623307277,-0.009497661368798593,0.8245991989575657,0.42171885335803966
2013-09,tsmom_1m,1M,2.0,21,2013-09-02T00:00:00+00:00,2013-09-30T00:00:00+00:00,-0.021554194449254882,-0.02156122497095636,-0.03351753019723591,0.035890451249340594,0.4576093046073803
2013-10,tsmom_1m,1M,2.0,23,2013-10-01T00:00:00+00:00,2013-10-31T00:00:00+00:00,0.0006486582831317644,0.00047234049084332597,-0.026770019292028158,0.8927357262164333,0.43512642160905324
2013-11,tsmom_1m,1M,2.0,21,2013-11-01T00:00:00+00:00,2013-11-29T00:00:00+00:00,0.02544785634330382,0.025442995418803127,-0.008753030226532621,0.02375820361603148,0.4588846252250847
2013-12,tsmom_1m,1M,2.0,21,2013-12-02T00:00:00+00:00,2013-12-31T00:00:00+00:00,0.018120302502533603,0.018111899587398783,-0.017377418761238328,0.04179871110377548,0.5006833363288601
2014-01,tsmom_1m,1M,2.0,22,2014-01-02T00:00:00+00:00,2014-01-31T00:00:00+00:00,-0.01722943715317271,-0.01722956237821882,-0.019396020044020412,0.000632178867069455,0.5000511574617905
2014-02,tsmom_1m,1M,2.0,20,2014-02-03T00:00:00+00:00,2014-02-28T00:00:00+00:00,0.03464413744221817,0.034432065895939834,-0.007154804823816807,1.0304006047979908,0.5303494473362
2014-03,tsmom_1m,1M,2.0,21,2014-03-03T00:00:00+00:00,2014-03-31T00:00:00+00:00,-0.01839772712272869,-0.01840841694974238,-0.042306163526430796,0.05502764470386501,0.5853770920400653
2014-04,tsmom_1m,1M,2.0,21,2014-04-01T00:00:00+00:00,2014-04-30T00:00:00+00:00,-0.0036734615983413654,-0.003908505420156638,-0.02186663953954493,1.1824583530261608,0.5970812609860958
2014-05,tsmom_1m,1M,2.0,22,2014-05-01T00:00:00+00:00,2014-05-30T00:00:00+00:00,-0.021000544477570715,-0.02124595568683163,-0.02996756226622499,1.2492000729824564,0.6521188119963609
2014-06,tsmom_1m,1M,2.0,21,2014-06-02T00:00:00+00:00,2014-06-30T00:00:00+00:00,-0.0424901822121887,-0.04274836263123727,-0.045807508267188934,1.3528738765264405,0.7007550645300799
2014-07,tsmom_1m,1M,2.0,23,2014-07-01T00:00:00+00:00,2014-07-31T00:00:00+00:00,-0.023918110364747447,-0.02419414941166309,-0.03001264542099147,1.4134845554768014,0.7127294909467214
2014-08,tsmom_1m,1M,2.0,21,2014-08-01T00:00:00+00:00,2014-08-29T00:00:00+00:00,-0.0032362156396331665,-0.003528755382378179,-0.014511497223129055,1.4576518152122375,0.7449223242655162
2014-09,tsmom_1m,1M,2.0,22,2014-09-01T00:00:00+00:00,2014-09-30T00:00:00+00:00,-0.04989333438699084,-0.05018902614549814,-0.04971388179065961,1.5558038407677848,0.8108815165022684
2014-10,tsmom_1m,1M,2.0,23,2014-10-01T00:00:00+00:00,2014-10-31T00:00:00+00:00,0.025641550775275856,0.025297774372241122,-0.0405373728572298,1.6710218004791313,0.8601402839768625
2014-11,tsmom_1m,1M,2.0,20,2014-11-03T00:00:00+00:00,2014-11-28T00:00:00+00:00,0.0018790852556764825,0.0018771468916716216,-0.04527102315230136,0.009719962139911664,0.8504203218369509
2014-12,tsmom_1m,1M,2.0,22,2014-12-01T00:00:00+00:00,2014-12-31T00:00:00+00:00,-0.012837620709300612,-0.012873528686044189,-0.02199932638330593,0.17707404020193773,0.6733462816350131
2015-01,tsmom_1m,1M,2.0,21,2015-01-02T00:00:00+00:00,2015-01-30T00:00:00+00:00,0.04799223022504573,0.04773147940518885,-0.019300423209536288,1.2466998738882098,0.5733535922531966
2015-02,tsmom_1m,1M,2.0,20,2015-02-02T00:00:00+00:00,2015-02-27T00:00:00+00:00,-0.03181778630353593,-0.03181857979123082,-0.033263905194153676,0.004080383471230742,0.5692732087819656
2015-03,tsmom_1m,1M,2.0,22,2015-03-02T00:00:00+00:00,2015-03-31T00:00:00+00:00,0.014181166782307075,0.013946061682312605,-0.02774712953833569,1.1628890476606322,0.5936158388786661
2015-04,tsmom_1m,1M,2.0,21,2015-04-01T00:00:00+00:00,2015-04-30T00:00:00+00:00,-0.0011995565851091738,-0.0012081196030400143,-0.017584947541267604,0.04238489482237273,0.6360007337010389
2015-05,tsmom_1m,1M,2.0,21,2015-05-01T00:00:00+00:00,2015-05-29T00:00:00+00:00,0.0041375763967159696,0.0038782448676359937,-0.01987167196955797,1.2870522053053912,0.6510514716043524
2015-06,tsmom_1m,1M,2.0,22,2015-06-01T00:00:00+00:00,2015-06-30T00:00:00+00:00,-0.010551078657864088,-0.010557281041733368,-0.016677367705638435,0.03132106338421947,0.6823725349885718
2015-07,tsmom_1m,1M,2.0,23,2015-07-01T00:00:00+00:00,2015-07-31T00:00:00+00:00,0.05194948314534775,0.05164716319632756,-0.006267701552700511,1.4410429873787916,0.7586704523902198
2015-08,tsmom_1m,1M,2.0,21,2015-08-03T00:00:00+00:00,2015-08-31T00:00:00+00:00,-0.026870735838978588,-0.02687241498502757,-0.050420692447050164,0.008681928680868478,0.7499885237093513
2015-09,tsmom_1m,1M,2.0,22,2015-09-01T00:00:00+00:00,2015-09-30T00:00:00+00:00,-0.012698295310681784,-0.012991781809870817,-0.025218400849810307,1.4915550587488635,0.7415665350395121
2015-10,tsmom_1m,1M,2.0,22,2015-10-01T00:00:00+00:00,2015-10-30T00:00:00+00:00,-0.01892384076132858,-0.0192152469278285,-0.045788173543291344,1.4866248131107445,0.7450582780712321
2015-11,tsmom_1m,1M,2.0,21,2015-11-02T00:00:00+00:00,2015-11-30T00:00:00+00:00,-0.051667250552696276,-0.051952850912939885,-0.05173121122256863,1.497369238417746,0.7523109603465135
2015-12,tsmom_1m,1M,2.0,22,2015-12-01T00:00:00+00:00,2015-12-31T00:00:00+00:00,0.0010018799061606298,0.0006944804106241431,-0.02420695411952467,1.5304057460456297,0.7780947856991163
2016-01,tsmom_1m,1M,2.0,20,2016-01-04T00:00:00+00:00,2016-01-29T00:00:00+00:00,-0.03800090014568236,-0.038012333646536556,-0.03340049525506883,0.05887758015924904,0.7192172055398671
2016-02,tsmom_1m,1M,2.0,21,2016-02-01T00:00:00+00:00,2016-02-29T00:00:00+00:00,0.07779182463892464,0.07748362604115999,-0.026774794091525833,1.4399106522988063,0.7206934467589393
2016-03,tsmom_1m,1M,2.0,22,2016-03-01T00:00:00+00:00,2016-03-31T00:00:00+00:00,-0.0024086360875663626,-0.0024332186876013795,-0.026551876856059087,0.12281746276968353,0.5978759839892559
2016-04,tsmom_1m,1M,2.0,21,2016-04-01T00:00:00+00:00,2016-04-29T00:00:00+00:00,-0.02860513909441531,-0.028832203635720366,-0.035888916668855186,1.1738299198433533,0.5759539358540978
2016-05,tsmom_1m,1M,2.0,22,2016-05-02T00:00:00+00:00,2016-05-31T00:00:00+00:00,-0.03647444485695572,-0.03670218679489179,-0.04051947279014534,1.1807947635135725,0.6048408276594747
2016-06,tsmom_1m,1M,2.0,22,2016-06-01T00:00:00+00:00,2016-06-30T00:00:00+00:00,-0.053020107803601224,-0.05325294672122505,-0.05700546992780808,1.2310516891454113,0.6262108614859367
2016-07,tsmom_1m,1M,2.0,21,2016-07-01T00:00:00+00:00,2016-07-29T00:00:00+00:00,0.014159284151262774,0.013925116574654561,-0.02057894964072271,1.1641577038138675,0.5379468423279311
2016-08,tsmom_1m,1M,2.0,23,2016-08-01T00:00:00+00:00,2016-08-31T00:00:00+00:00,-0.01983090065580073,-0.019839486377533744,-0.024945425150343037,0.04382997956218493,0.581776821890116
2016-09,tsmom_1m,1M,2.0,22,2016-09-01T00:00:00+00:00,2016-09-30T00:00:00+00:00,-0.003944397397785404,-0.0041907952497728385,-0.018176264168790257,1.2336412796763823,0.6518644577862667
2016-10,tsmom_1m,1M,2.0,21,2016-10-03T00:00:00+00:00,2016-10-31T00:00:00+00:00,-0.022255311210718887,-0.02252275397732273,-0.03393094252881723,1.3641425593155192,0.7122781015292526
2016-11,tsmom_1m,1M,2.0,22,2016-11-01T00:00:00+00:00,2016-11-30T00:00:00+00:00,0.06190411526167483,0.06159538554512367,-0.008986355646980582,1.4433452973722245,0.7310671958429719
2016-12,tsmom_1m,1M,2.0,21,2016-12-01T00:00:00+00:00,2016-12-30T00:00:00+00:00,0.013192303062436794,0.013187101147608793,-0.017958017388902903,0.0256940415368615,0.7053731543061105
2017-01,tsmom_1m,1M,2.0,21,2017-01-03T00:00:00+00:00,2017-01-31T00:00:00+00:00,-0.038460266936813925,-0.038469443142927995,-0.037067726054045846,0.047497919567026425,0.752871073873137
2017-02,tsmom_1m,1M,2.0,20,2017-02-01T00:00:00+00:00,2017-02-28T00:00:00+00:00,0.02344432059496926,0.02312898959721621,-0.010537814831178549,1.5396882791402553,0.7868172052671184
2017-03,tsmom_1m,1M,2.0,23,2017-03-01T00:00:00+00:00,2017-03-31T00:00:00+00:00,-0.0006646102720984093,-0.0006741320008808449,-0.034471442969281174,0.0476928475362256,0.8345100528033443
2017-04,tsmom_1m,1M,2.0,19,2017-04-03T00:00:00+00:00,2017-04-28T00:00:00+00:00,-0.01572526296795984,-0.0160619690720587,-0.025421690139504682,1.7013935837875986,0.8668835309842543
2017-05,tsmom_1m,1M,2.0,23,2017-05-01T00:00:00+00:00,2017-05-31T00:00:00+00:00,-0.0006223489467354071,-0.000980362639478205,-0.027862847436323168,1.7760987365140064,0.9092152055297518
2017-06,tsmom_1m,1M,2.0,22,2017-06-01T00:00:00+00:00,2017-06-30T00:00:00+00:00,0.0182812711764182,0.01791449180798388,-0.021635395639438726,1.8047228121128922,0.8955076065831405
2017-07,tsmom_1m,1M,2.0,21,2017-07-03T00:00:00+00:00,2017-07-31T00:00:00+00:00,-0.018793967175935955,-0.018804492318431065,-0.04261115675574689,0.054516634176623,0.9500242407597634
2017-08,tsmom_1m,1M,2.0,23,2017-08-01T00:00:00+00:00,2017-08-31T00:00:00+00:00,0.04296000282285051,0.0425595015588649,-0.011000380051598313,1.9289255838868193,0.9789013431270561
2017-09,tsmom_1m,1M,2.0,20,2017-09-01T00:00:00+00:00,2017-09-29T00:00:00+00:00,-0.028469604168381513,-0.02847492436718968,-0.04945333672350327,0.0275514099567713,1.0064527530838274
2017-10,tsmom_1m,1M,2.0,22,2017-10-02T00:00:00+00:00,2017-10-31T00:00:00+00:00,0.0100512402838151,0.009659501130945713,-0.022953653785878103,1.9520494259845518,0.9455966729007241
2017-11,tsmom_1m,1M,2.0,21,2017-11-01T00:00:00+00:00,2017-11-30T00:00:00+00:00,-0.0032802852447381126,-0.003292082552724507,-0.02165668227801898,0.05886250880022603,1.0044591817009507
2017-12,tsmom_1m,1M,2.0,20,2017-12-01T00:00:00+00:00,2017-12-29T00:00:00+00:00,0.026948984548870403,0.026549106588302784,-0.027592909357728956,1.95506250557826,0.9506033238773096
2018-01,tsmom_1m,1M,2.0,21,2018-01-02T00:00:00+00:00,2018-01-31T00:00:00+00:00,0.022792950322506833,0.022781915525731167,-0.020274377005637056,0.05422595073873915,1.004829274616049
2018-02,tsmom_1m,1M,2.0,19,2018-02-01T00:00:00+00:00,2018-02-28T00:00:00+00:00,-0.01590963905149201,-0.01591051873937388,-0.029802213360106355,0.004499533425884383,1.009328808041933
2018-03,tsmom_1m,1M,2.0,21,2018-03-01T00:00:00+00:00,2018-03-29T00:00:00+00:00,-0.004524952316241504,-0.004906378112321863,-0.03474940943541671,1.9328475717638152,0.9235187637218822
2018-04,tsmom_1m,1M,2.0,21,2018-04-02T00:00:00+00:00,2018-04-30T00:00:00+00:00,-0.0023470598950342536,-0.0027020568903691755,-0.02739812294037025,1.8078250349962972,0.8843062712744152
2018-05,tsmom_1m,1M,2.0,22,2018-05-01T00:00:00+00:00,2018-05-31T00:00:00+00:00,0.012211944091267801,0.011858383763722502,-0.011146344507090844,1.7608635529799652,0.8765572817055503
2018-06,tsmom_1m,1M,2.0,21,2018-06-01T00:00:00+00:00,2018-06-29T00:00:00+00:00,0.03274501801881757,0.03273610847637198,-0.009547840656169315,0.043297000055773305,0.9198542817613234
2018-07,tsmom_1m,1M,2.0,21,2018-07-02T00:00:00+00:00,2018-07-31T00:00:00+00:00,0.02360382955768192,0.023595720191673886,-0.013758370760046934,0.03999978337380328,0.9598540651351264
2018-08,tsmom_1m,1M,2.0,23,2018-08-01T00:00:00+00:00,2018-08-31T00:00:00+00:00,0.013371135804828516,0.013358737072389104,-0.027302449153827735,0.061471813308654255,1.0213258784437813
2018-09,tsmom_1m,1M,2.0,19,2018-09-04T00:00:00+00:00,2018-09-28T00:00:00+00:00,0.008305442981644484,0.008300796985888814,-0.01021473128352235,0.023183464380068686,0.9981424140637121
2018-10,tsmom_1m,1M,2.0,23,2018-10-01T00:00:00+00:00,2018-10-31T00:00:00+00:00,-0.01816411351655256,-0.0181771170542967,-0.04251496886598427,0.06648574160629728,1.06462815567001
2018-11,tsmom_1m,1M,2.0,21,2018-11-01T00:00:00+00:00,2018-11-30T00:00:00+00:00,0.008577120678777694,0.008179081738264316,-0.02839488232213694,2.0094846934216717,0.9448565377516622
2018-12,tsmom_1m,1M,2.0,20,2018-12-03T00:00:00+00:00,2018-12-31T00:00:00+00:00,0.042399484361574924,0.04239865160196743,-0.008413318470077535,0.004036123968779171,0.9408204137828833
2019-01,tsmom_1m,1M,2.0,21,2019-01-02T00:00:00+00:00,2019-01-31T00:00:00+00:00,0.03349519936586387,0.03348757732626173,-0.011326631566448864,0.03695385185738165,0.9777742656402646
2019-02,tsmom_1m,1M,2.0,19,2019-02-01T00:00:00+00:00,2019-02-28T00:00:00+00:00,-0.007151962264574263,-0.00716427024200228,-0.024521007762015268,0.06183245038916452,1.0396067160294293
2019-03,tsmom_1m,1M,2.0,21,2019-03-01T00:00:00+00:00,2019-03-29T00:00:00+00:00,0.012501436024883184,0.012090894489022341,-0.03442254756450647,2.0537646137230268,1.0141578976935972
2019-04,tsmom_1m,1M,2.0,21,2019-04-01T00:00:00+00:00,2019-04-30T00:00:00+00:00,0.008847109674927855,0.00883289290971101,-0.014214076065371728,0.07068059696495099,0.9434773007286462
2019-05,tsmom_1m,1M,2.0,22,2019-05-01T00:00:00+00:00,2019-05-31T00:00:00+00:00,-0.01618656549028008,-0.016197461409841685,-0.026569441863659726,0.05544048022279857,0.9989177809514449
2019-06,tsmom_1m,1M,2.0,20,2019-06-03T00:00:00+00:00,2019-06-28T00:00:00+00:00,0.08657772760425364,0.08614097557715472,-0.013060038089095949,2.0453533328402584,1.0464355518888133
2019-07,tsmom_1m,1M,2.0,22,2019-07-01T00:00:00+00:00,2019-07-31T00:00:00+00:00,0.007315146933306149,0.0072700113225310226,-0.012143725687596807,0.22084675218005323,0.8255887997087605
2019-08,tsmom_1m,1M,2.0,22,2019-08-01T00:00:00+00:00,2019-08-30T00:00:00+00:00,0.061784070775513955,0.06177772267091508,-0.012690669325884918,0.03000656535032764,0.855595365059088
2019-09,tsmom_1m,1M,2.0,20,2019-09-03T00:00:00+00:00,2019-09-30T00:00:00+00:00,-0.029174945521709073,-0.029187261768597983,-0.04449246140635188,0.0643015563713083,0.7912938086877797
2019-10,tsmom_1m,1M,2.0,23,2019-10-01T00:00:00+00:00,2019-10-31T00:00:00+00:00,-0.02182175554995125,-0.022128411411387994,-0.01604723243840256,1.5544094357127454,0.7631156270249658
2019-11,tsmom_1m,1M,2.0,20,2019-11-01T00:00:00+00:00,2019-11-29T00:00:00+00:00,-0.022011932774550935,-0.022316761510682848,-0.03032072402025554,1.5556757852858445,0.7925601582608787
2019-12,tsmom_1m,1M,2.0,21,2019-12-02T00:00:00+00:00,2019-12-31T00:00:00+00:00,-0.027591402356378802,-0.027904222213027796,-0.03161558896236483,1.6116104648682217,0.819050306607343
2020-01,tsmom_1m,1M,2.0,21,2020-01-02T00:00:00+00:00,2020-01-31T00:00:00+00:00,0.034862467881925596,0.03451001003123366,-0.016778280757553055,1.7078901101370527,0.8888398035297099
2020-02,tsmom_1m,1M,2.0,19,2020-02-03T00:00:00+00:00,2020-02-28T00:00:00+00:00,-0.009376939101024329,-0.00938468545387583,-0.06089245812629773,0.039086927337238286,0.9279267308669481
2020-03,tsmom_1m,1M,2.0,22,2020-03-02T00:00:00+00:00,2020-03-31T00:00:00+00:00,-0.027549348328038903,-0.027900075398775148,-0.09890451512697995,1.7758891222300166,0.8479623913630685
2020-04,tsmom_1m,1M,2.0,21,2020-04-01T00:00:00+00:00,2020-04-30T00:00:00+00:00,0.02364918134133065,0.02339680964434354,-0.01771924313950901,1.2311674954485703,0.3832051040855021
2020-05,tsmom_1m,1M,2.0,20,2020-05-01T00:00:00+00:00,2020-05-29T00:00:00+00:00,0.009804110260774657,0.009803710199397742,-0.011002346522033468,0.0019838724470018776,0.3812212316385003
2020-06,tsmom_1m,1M,2.0,22,2020-06-01T00:00:00+00:00,2020-06-30T00:00:00+00:00,0.01541666714501222,0.015409232082925772,-0.016107239074060087,0.03672894216710221,0.4179501738056024
2020-07,tsmom_1m,1M,2.0,22,2020-07-01T00:00:00+00:00,2020-07-31T00:00:00+00:00,0.04073873805779571,0.04072985628678727,-0.005125721814051021,0.042445744773451144,0.4603959185790535
2020-08,tsmom_1m,1M,2.0,21,2020-08-03T00:00:00+00:00,2020-08-31T00:00:00+00:00,0.004755572121130092,0.004745642167928832,-0.033618826284225745,0.04956755059161333,0.509963469170667
2020-09,tsmom_1m,1M,2.0,21,2020-09-01T00:00:00+00:00,2020-09-30T00:00:00+00:00,-0.019621238555765808,-0.01962948089971106,-0.02681196298038857,0.042039510874105956,0.46792395829656097
2020-10,tsmom_1m,1M,2.0,22,2020-10-01T00:00:00+00:00,2020-10-30T00:00:00+00:00,0.003562043623296818,0.0033664152242913747,-0.01037002000001197,0.9693076755472876,0.5013837172507267
2020-11,tsmom_1m,1M,2.0,20,2020-11-02T00:00:00+00:00,2020-11-30T00:00:00+00:00,0.02815866000377243,0.028148592276404427,-0.017162834106479785,0.048779451154778664,0.5501631684055054
2020-12,tsmom_1m,1M,2.0,22,2020-12-01T00:00:00+00:00,2020-12-31T00:00:00+00:00,-0.031290954942658655,-0.03130058783516565,-0.020823999972382712,0.049188769468388016,0.5009743989371173
2021-01,tsmom_1m,1M,2.0,19,2021-01-04T00:00:00+00:00,2021-01-29T00:00:00+00:00,-0.012555431535618777,-0.012759328490632549,-0.035045338873047394,1.0477896626506982,0.5468152637135809
2021-02,tsmom_1m,1M,2.0,19,2021-02-01T00:00:00+00:00,2021-02-26T00:00:00+00:00,0.03520437427650691,0.03498134998837932,-0.014922237274313077,1.0730329387968975,0.5262176750833166
2021-03,tsmom_1m,1M,2.0,23,2021-03-01T00:00:00+00:00,2021-03-31T00:00:00+00:00,0.003404493637433781,0.003401284932768478,-0.020253777968283204,0.016018175323598283,0.5422358504069148
2021-04,tsmom_1m,1M,2.0,21,2021-04-01T00:00:00+00:00,2021-04-30T00:00:00+00:00,-0.01742514105731341,-0.017431177345661575,-0.021211120797672733,0.030585407674809995,0.5728212580817248
2021-05,tsmom_1m,1M,2.0,20,2021-05-03T00:00:00+00:00,2021-05-28T00:00:00+00:00,0.04692715946828696,0.046679060135762285,-0.005485836800983246,1.1949429277020798,0.6221216696203549
2021-06,tsmom_1m,1M,2.0,22,2021-06-01T00:00:00+00:00,2021-06-30T00:00:00+00:00,-0.04597450847863638,-0.04598271784390995,-0.05129839150252602,0.04306248149991343,0.6651841511202682
2021-07,tsmom_1m,1M,2.0,21,2021-07-01T00:00:00+00:00,2021-07-30T00:00:00+00:00,-0.014308967798214556,-0.014561727249984724,-0.01865412846478065,1.2798302808547963,0.6146461297345279
2021-08,tsmom_1m,1M,2.0,22,2021-08-02T00:00:00+00:00,2021-08-31T00:00:00+00:00,0.002311479255878046,0.0020510157081761182,-0.03639287754947107,1.3040585964279532,0.6894124666934255
2021-09,tsmom_1m,1M,2.0,21,2021-09-01T00:00:00+00:00,2021-09-30T00:00:00+00:00,-0.02265405531269038,-0.022656504306176828,-0.041152390040439024,0.012518999856569901,0.6768934668368554
2021-10,tsmom_1m,1M,2.0,21,2021-10-01T00:00:00+00:00,2021-10-29T00:00:00+00:00,-0.010985710982404528,-0.01125540228608446,-0.01997051891828394,1.362689768624704,0.6857963017878485
2021-11,tsmom_1m,1M,2.0,22,2021-11-01T00:00:00+00:00,2021-11-30T00:00:00+00:00,-0.0027664497148471856,-0.0030441009222605953,-0.03589723955386204,1.3987278258442992,0.7129315240564508
1986-11,tsmom_3m,3M,0.0,19,1986-11-03T00:00:00+00:00,1986-11-28T00:00:00+00:00,-0.01165220940734768,-0.01165220940734768,-0.03703639570676842,0.45535607328780014,0.45535607328780014
1986-12,tsmom_3m,3M,0.0,21,1986-12-01T00:00:00+00:00,1986-12-31T00:00:00+00:00,0.014195938540361608,0.014195938540361608,-0.008176004029805117,0.002781940572635644,0.45813801386043584
1987-01,tsmom_3m,3M,0.0,21,1987-01-02T00:00:00+00:00,1987-01-30T00:00:00+00:00,-0.0038147019046133046,-0.0038147019046133046,-0.02626671475525655,0.9734449985200933,0.5153069846596575
1987-02,tsmom_3m,3M,0.0,19,1987-02-02T00:00:00+00:00,1987-02-27T00:00:00+00:00,-0.001576416082511245,-0.001576416082511245,-0.02047557710023673,1.0054179146023898,0.49011092994273237
1987-03,tsmom_3m,3M,0.0,22,1987-03-02T00:00:00+00:00,1987-03-31T00:00:00+00:00,0.019298366226032426,0.019298366226032426,-0.008976061507313449,0.023440426101538625,0.513551356044271
1987-04,tsmom_3m,3M,0.0,21,1987-04-01T00:00:00+00:00,1987-04-30T00:00:00+00:00,0.04488069376668724,0.04488069376668724,-0.02352027057237771,0.04791971838864284,0.5614710744329139
1987-05,tsmom_3m,3M,0.0,20,1987-05-01T00:00:00+00:00,1987-05-29T00:00:00+00:00,-0.00014448059576932515,-0.00014448059576932515,-0.0300900489809951,0.08434260548183947,0.4771284689510743
1987-06,tsmom_3m,3M,0.0,22,1987-06-01T00:00:00+00:00,1987-06-30T00:00:00+00:00,-0.0036634133957932358,-0.0036634133957932358,-0.02862729168425293,0.005020656869039575,0.4821491258201138
1987-07,tsmom_3m,3M,0.0,22,1987-07-01T00:00:00+00:00,1987-07-31T00:00:00+00:00,0.025207650990483277,0.025207650990483277,-0.006702679301133996,0.01824434200553221,0.5003934678256461
1987-08,tsmom_3m,3M,0.0,21,1987-08-03T00:00:00+00:00,1987-08-31T00:00:00+00:00,-0.018708201655259216,-0.018708201655259216,-0.034098498987496395,0.0484524784745195,0.5488459463001656
1987-09,tsmom_3m,3M,0.0,21,1987-09-01T00:00:00+00:00,1987-09-30T00:00:00+00:00,0.0002928455376056682,0.0002928455376056682,-0.0168042279607028,0.004644642949333533,0.544201303350832
1987-10,tsmom_3m,3M,0.0,22,1987-10-01T00:00:00+00:00,1987-10-30T00:00:00+00:00,0.016459195179727715,0.016459195179727715,-0.02365708541836531,0.052496581709284396,0.5966978850601166
1987-11,tsmom_3m,3M,0.0,20,1987-11-02T00:00:00+00:00,1987-11-30T00:00:00+00:00,-0.030201425059737774,-0.030201425059737774,-0.0438299609037619,1.1523803055704671,0.5556824205103505
1987-12,tsmom_3m,3M,0.0,22,1987-12-01T00:00:00+00:00,1987-12-31T00:00:00+00:00,-0.009413833732099919,-0.009413833732099919,-0.020991208588680976,1.1299234315513138,0.5742410110409631
1988-01,tsmom_3m,3M,0.0,20,1988-01-04T00:00:00+00:00,1988-01-29T00:00:00+00:00,-0.03793395530124899,-0.03793395530124899,-0.037165791337671505,0.033219671708704435,0.6074606827496678
1988-02,tsmom_3m,3M,0.0,20,1988-02-01T00:00:00+00:00,1988-02-29T00:00:00+00:00,0.03619879113850222,0.03619879113850222,-0.009435404030619376,1.2225275206576172,0.6150668379079495
1988-03,tsmom_3m,3M,0.0,23,1988-03-01T00:00:00+00:00,1988-03-31T00:00:00+00:00,-0.03400613432096211,-0.03400613432096211,-0.04173439363727949,0.033711039112491625,0.581355798795458
1988-04,tsmom_3m,3M,0.0,20,1988-04-04T00:00:00+00:00,1988-04-29T00:00:00+00:00,0.0070280281680334955,0.0070280281680334955,-0.016969483400903984,0.05715253876275406,0.6385083375582119
1988-05,tsmom_3m,3M,0.0,21,1988-05-02T00:00:00+00:00,1988-05-31T00:00:00+00:00,-0.011384996543362558,-0.011384996543362558,-0.02689717821775872,0.05657483413637332,0.6950831716945849
1988-06,tsmom_3m,3M,0.0,22,1988-06-01T00:00:00+00:00,1988-06-30T00:00:00+00:00,-0.03660730474158935,-0.03660730474158935,-0.05486137272156988,1.4548908791824755,0.7598077074878904
1988-07,tsmom_3m,3M,0.0,20,1988-07-01T00:00:00+00:00,1988-07-29T00:00:00+00:00,-0.018509266977870475,-0.018509266977870475,-0.03620360062635497,1.5226861637763118,0.7628784562884215
1988-08,tsmom_3m,3M,0.0,23,1988-08-01T00:00:00+00:00,1988-08-31T00:00:00+00:00,0.010478704021564589,0.010478704021564589,-0.00964700316844569,0.1230465958413115,0.6398318604471102
1988-09,tsmom_3m,3M,0.0,21,1988-09-01T00:00:00+00:00,1988-09-30T00:00:00+00:00,0.07312961064940704,0.07312961064940704,-0.007519913439982262,0.09647639405168373,0.7363082544987941
1988-10,tsmom_3m,3M,0.0,21,1988-10-03T00:00:00+00:00,1988-10-31T00:00:00+00:00,-0.02923177303857849,-0.02923177303857849,-0.024281215182519356,0.008097146107629571,0.7444054006064234
1988-11,tsmom_3m,3M,0.0,20,1988-11-01T00:00:00+00:00,1988-11-30T00:00:00+00:00,-0.027612227204691475,-0.027612227204691475,-0.029640152014819177,0.044235104470873976,0.7886405050772975
1988-12,tsmom_3m,3M,0.0,21,1988-12-01T00:00:00+00:00,1988-12-30T00:00:00+00:00,0.0320511423699712,0.0320511423699712,-0.014984214005609564,0.00422790514545035,0.7928684102227479
1989-01,tsmom_3m,3M,0.0,21,1989-01-03T00:00:00+00:00,1989-01-31T00:00:00+00:00,-0.031324231957125526,-0.031324231957125526,-0.03333670571466618,1.573193637442565,0.7803252272198173
1989-02,tsmom_3m,3M,0.0,19,1989-02-01T00:00:00+00:00,1989-02-28T00:00:00+00:00,0.011335114748714403,0.011335114748714403,-0.021638839415374034,1.6489783805467328,0.8686531533269156
1989-03,tsmom_3m,3M,0.0,22,1989-03-01T00:00:00+00:00,1989-03-31T00:00:00+00:00,-0.0005025625440749915,-0.0005025625440749915,-0.030495792639758323,0.009926008841219192,0.8785791621681347
1989-04,tsmom_3m,3M,0.0,20,1989-04-03T00:00:00+00:00,1989-04-28T00:00:00+00:00,0.019874752105637716,0.019874752105637716,-0.012965228183865696,0.05993162157009957,0.8186475405980354
1989-05,tsmom_3m,3M,0.0,22,1989-05-01T00:00:00+00:00,1989-05-31T00:00:00+00:00,0.033121574333961235,0.033121574333961235,-0.01453905739906114,0.06768710410349876,0.8863346447015341
1989-06,tsmom_3m,3M,0.0,22,1989-06-01T00:00:00+00:00,1989-06-30T00:00:00+00:00,-0.029972795636012073,-0.029972795636012073,-0.04819041106492272,0.025510277936454773,0.911844922637989
1989-07,tsmom_3m,3M,0.0,20,1989-07-03T00:00:00+00:00,1989-07-31T00:00:00+00:00,-0.0039404379566858605,-0.0039404379566858605,-0.023101233905316487,0.2605328113338088,0.6513121113041798
1989-08,tsmom_3m,3M,0.0,23,1989-08-01T00:00:00+00:00,1989-08-31T00:00:00+00:00,0.02129479861972894,0.02129479861972894,-0.009839686638945966,0.04893866942942171,0.6023734418747585
1989-09,tsmom_3m,3M,0.0,20,1989-09-01T00:00:00+00:00,1989-09-29T00:00:00+00:00,-0.012182612803571136,-0.012182612803571136,-0.018172394539670345,0.0680282186395258,0.670401660514284
1989-10,tsmom_3m,3M,0.0,22,1989-10-02T00:00:00+00:00,1989-10-31T00:00:00+00:00,-0.011648285333563102,-0.011648285333563102,-0.032019066515392436,0.08001440407218274,0.7504160645864669
1989-11,tsmom_3m,3M,0.0,21,1989-11-01T00:00:00+00:00,1989-11-30T00:00:00+00:00,-0.08029071324389092,-0.08029071324389092,-0.08501111879397916,0.06723870485773342,0.8176547694442002
1989-12,tsmom_3m,3M,0.0,20,1989-12-01T00:00:00+00:00,1989-12-29T00:00:00+00:00,-0.02151130966850101,-0.02151130966850101,-0.0373875399886634,1.5537722920354629,0.7361175225912626
1990-01,tsmom_3m,3M,0.0,22,1990-01-02T00:00:00+00:00,1990-01-31T00:00:00+00:00,0.020932164675346865,0.020932164675346865,-0.012251971846561127,0.06723961716743398,0.6688779054238286
1990-02,tsmom_3m,3M,0.0,19,1990-02-01T00:00:00+00:00,1990-02-28T00:00:00+00:00,-0.014194053507591287,-0.014194053507591287,-0.029252298077370176,0.0005248177596750558,0.6694027231835037
1990-03,tsmom_3m,3M,0.0,22,1990-03-01T00:00:00+00:00,1990-03-30T00:00:00+00:00,0.059040110413699276,0.059040110413699276,-0.01835117566966915,1.3645670430700123,0.6951643198865086
1990-04,tsmom_3m,3M,0.0,20,1990-04-02T00:00:00+00:00,1990-04-30T00:00:00+00:00,0.004881664437319078,0.004881664437319078,-0.015687713740510034,0.1419022822078031,0.5532620376787054
1990-05,tsmom_3m,3M,0.0,22,1990-05-01T00:00:00+00:00,1990-05-31T00:00:00+00:00,0.0036987591628330208,0.0036987591628330208,-0.01116386259599833,0.054252037321444346,0.60751407500015
1990-06,tsmom_3m,3M,0.0,21,1990-06-01T00:00:00+00:00,1990-06-29T00:00:00+00:00,0.014305658837693747,0.014305658837693747,-0.01775294501391722,0.012604371811945625,0.6201184468120957
1990-07,tsmom_3m,3M,0.0,21,1990-07-02T00:00:00+00:00,1990-07-31T00:00:00+00:00,-0.03597889178088687,-0.03597889178088687,-0.04369440146530801,0.059949681509126274,0.6800681283212219
1990-08,tsmom_3m,3M,0.0,22,1990-08-01T00:00:00+00:00,1990-08-31T00:00:00+00:00,0.01798226920872481,0.01798226920872481,-0.052913000584239867,1.335370164202569,0.6553020358813471
1990-09,tsmom_3m,3M,0.0,19,1990-09-04T00:00:00+00:00,1990-09-28T00:00:00+00:00,0.02430637428234994,0.02430637428234994,-0.014375976299665139,0.15579785431083382,0.4995041815705134
1990-10,tsmom_3m,3M,0.0,23,1990-10-01T00:00:00+00:00,1990-10-31T00:00:00+00:00,-0.03300303031186658,-0.03300303031186658,-0.04382308966332704,0.004660891409012602,0.5041650729795263
1990-11,tsmom_3m,3M,0.0,21,1990-11-01T00:00:00+00:00,1990-11-30T00:00:00+00:00,0.0056966570075449585,0.0056966570075449585,-0.012625516322622543,0.03224268386265061,0.47192238911687534
1990-12,tsmom_3m,3M,0.0,19,1990-12-03T00:00:00+00:00,1990-12-31T00:00:00+00:00,-0.014394344285073468,-0.014394344285073468,-0.03206871464194394,0.9823246985256117,0.5104023094087362
1991-01,tsmom_3m,3M,0.0,22,1991-01-02T00:00:00+00:00,1991-01-31T00:00:00+00:00,0.035543443767209526,0.035543443767209526,-0.02315438408624837,0.01437302028597065,0.524775329694707
1991-02,tsmom_3m,3M,0.0,19,1991-02-01T00:00:00+00:00,1991-02-28T00:00:00+00:00,-0.0010071131008566603,-0.0010071131008566603,-0.012949854247498283,0.08578956245333796,0.4389857672413689
1991-03,tsmom_3m,3M,0.0,20,1991-03-01T00:00:00+00:00,1991-03-28T00:00:00+00:00,0.012735991536627855,0.012735991536627855,-0.006493980188157833,0.04934591617084921,0.4883316834122181
1991-04,tsmom_3m,3M,0.0,22,1991-04-01T00:00:00+00:00,1991-04-30T00:00:00+00:00,0.0023726508575028227,0.0023726508575028227,-0.01014665050763841,0.06247789929252867,0.550809582704747
1991-05,tsmom_3m,3M,0.0,22,1991-05-01T00:00:00+00:00,1991-05-31T00:00:00+00:00,-0.01284557770123329,-0.01284557770123329,-0.019621429937323076,0.08780729867728021,0.6386168813820272
1991-06,tsmom_3m,3M,0.0,20,1991-06-03T00:00:00+00:00,1991-06-28T00:00:00+00:00,-0.010399584997063727,-0.010399584997063727,-0.020797747772407282,0.06823585721966519,0.7068527386016921
1991-07,tsmom_3m,3M,0.0,21,1991-07-01T00:00:00+00:00,1991-07-31T00:00:00+00:00,0.0017040012353257694,0.0017040012353257694,-0.015306096532423652,1.4758123496452331,0.768959611043541
1991-08,tsmom_3m,3M,0.0,22,1991-08-01T00:00:00+00:00,1991-08-30T00:00:00+00:00,-0.04119735233242594,-0.04119735233242594,-0.040095388257920916,0.08239222918751554,0.8513518402310564
1991-09,tsmom_3m,3M,0.0,20,1991-09-03T00:00:00+00:00,1991-09-30T00:00:00+00:00,-0.01178093034354688,-0.01178093034354688,-0.023499488364346677,1.758570726887355,0.9072188866562986
1991-10,tsmom_3m,3M,0.0,23,1991-10-01T00:00:00+00:00,1991-10-31T00:00:00+00:00,-0.006175997166583014,-0.006175997166583014,-0.02313219762232277,0.05702866001366014,0.9642475466699587
1991-11,tsmom_3m,3M,0.0,20,1991-11-01T00:00:00+00:00,1991-11-29T00:00:00+00:00,-0.03371407493557177,-0.03371407493557177,-0.04752508646663123,0.09615748446157923,1.0604050311315378
1991-12,tsmom_3m,3M,0.0,21,1991-12-02T00:00:00+00:00,1991-12-31T00:00:00+00:00,-0.04654809711763708,-0.04654809711763708,-0.05255410134111582,2.1477061350374242,1.0873011039058864
1992-01,tsmom_3m,3M,0.0,22,1992-01-02T00:00:00+00:00,1992-01-31T00:00:00+00:00,-0.011364350589096128,-0.011364350589096128,-0.025107760114583266,2.0999443521424714,1.0126432482365855
1992-02,tsmom_3m,3M,0.0,19,1992-02-03T00:00:00+00:00,1992-02-28T00:00:00+00:00,0.013408774761112241,0.013408774761112241,-0.012718365303141077,0.0018914895349173566,1.0145347377715026
1992-03,tsmom_3m,3M,0.0,22,1992-03-02T00:00:00+00:00,1992-03-31T00:00:00+00:00,0.026247570006474596,0.026247570006474596,-0.021916999320728214,0.06249787972863219,1.0770326175001346
1992-04,tsmom_3m,3M,0.0,21,1992-04-01T00:00:00+00:00,1992-04-30T00:00:00+00:00,0.024975473404579063,0.024975473404579063,-0.015830003329284525,0.061127695317116704,1.1381603128172517
1992-05,tsmom_3m,3M,0.0,20,1992-05-01T00:00:00+00:00,1992-05-29T00:00:00+00:00,-0.0019695910190583588,-0.0019695910190583588,-0.0145170509153697,0.028219202586547087,1.1663795154037984
1992-06,tsmom_3m,3M,0.0,22,1992-06-01T00:00:00+00:00,1992-06-30T00:00:00+00:00,-0.022862093136264305,-0.022862093136264305,-0.0241570449103915,0.12245801426151681,1.2888375296653154
1992-07,tsmom_3m,3M,0.0,22,1992-07-01T00:00:00+00:00,1992-07-31T00:00:00+00:00,-0.0648790080878987,-0.0648790080878987,-0.06563027524711962,0.08046495427397038,1.369302483939286
1992-08,tsmom_3m,3M,0.0,21,1992-08-03T00:00:00+00:00,1992-08-31T00:00:00+00:00,-0.056569572215081965,-0.056569572215081965,-0.06849939665525895,2.640904284108557,1.2716018001692713
1992-09,tsmom_3m,3M,0.0,21,1992-09-01T00:00:00+00:00,1992-09-30T00:00:00+00:00,0.012084199922697492,0.012084199922697492,-0.010384702361419418,0.25336476575329403,1.0182370344159775
1992-10,tsmom_3m,3M,0.0,22,1992-10-01T00:00:00+00:00,1992-10-30T00:00:00+00:00,-0.026897539774503043,-0.026897539774503043,-0.040737690999841925,0.007674042321569319,1.0105629920944077
1992-11,tsmom_3m,3M,0.0,20,1992-11-02T00:00:00+00:00,1992-11-30T00:00:00+00:00,0.014096435421451892,0.014096435421451892,-0.017151590515568138,2.067686398744961,1.0571234066505535
1992-12,tsmom_3m,3M,0.0,22,1992-12-01T00:00:00+00:00,1992-12-31T00:00:00+00:00,0.00784802374389848,0.00784802374389848,-0.015940118048267338,0.08402686308499563,1.1411502697355485
1993-01,tsmom_3m,3M,0.0,20,1993-01-04T00:00:00+00:00,1993-01-29T00:00:00+00:00,0.0085289600545837,0.0085289600545837,-0.015532559419862202,0.10495796268848445,1.2461082324240338
1993-02,tsmom_3m,3M,0.0,19,1993-02-01T00:00:00+00:00,1993-02-26T00:00:00+00:00,0.005543194613909064,0.005543194613909064,-0.018988040779776894,0.060623969247141085,1.3067322016711744
1993-03,tsmom_3m,3M,0.0,23,1993-03-01T00:00:00+00:00,1993-03-31T00:00:00+00:00,-0.03865323392157671,-0.03865323392157671,-0.046686463749034735,0.035133216544874335,1.2715989851262999
1993-04,tsmom_3m,3M,0.0,21,1993-04-01T00:00:00+00:00,1993-04-30T00:00:00+00:00,0.06919136793251801,0.06919136793251801,-0.015615931870785249,2.57690048066866,1.3053014955423599
1993-05,tsmom_3m,3M,0.0,20,1993-05-03T00:00:00+00:00,1993-05-28T00:00:00+00:00,0.07186315977315738,0.07186315977315738,-0.010860098402882934,0.19610387758303172,1.1091976179593284
1993-06,tsmom_3m,3M,0.0,22,1993-06-01T00:00:00+00:00,1993-06-30T00:00:00+00:00,-0.0025254664857808917,-0.0025254664857808917,-0.028275368220239128,0.21098178083230468,0.8982158371270235
1993-07,tsmom_3m,3M,0.0,21,1993-07-01T00:00:00+00:00,1993-07-30T00:00:00+00:00,0.07094541136824661,0.07094541136824661,-0.017573423430133905,0.056407285657461004,0.8418085514695626
1993-08,tsmom_3m,3M,0.0,22,1993-08-02T00:00:00+00:00,1993-08-31T00:00:00+00:00,-0.0703631480919934,-0.0703631480919934,-0.0784402282069534,0.03156386885532825,0.8102446826142343
1993-09,tsmom_3m,3M,0.0,21,1993-09-01T00:00:00+00:00,1993-09-30T00:00:00+00:00,0.028691037748268533,0.028691037748268533,-0.03419721103342488,1.4120518393983161,0.6018071567840816
1993-10,tsmom_3m,3M,0.0,21,1993-10-01T00:00:00+00:00,1993-10-29T00:00:00+00:00,-0.018405697896181517,-0.018405697896181517,-0.02785752437740663,0.07212441855125806,0.5296827382328235
1993-11,tsmom_3m,3M,0.0,20,1993-11-01T00:00:00+00:00,1993-11-30T00:00:00+00:00,-0.004435765404106173,-0.004435765404106173,-0.027406903841623143,0.06463923660402848,0.594321974836852
1993-12,tsmom_3m,3M,0.0,21,1993-12-01T00:00:00+00:00,1993-12-30T00:00:00+00:00,-0.032420911327057045,-0.032420911327057045,-0.026371504734461704,0.02679827228564091,0.6211202471224928
1994-01,tsmom_3m,3M,0.0,21,1994-01-03T00:00:00+00:00,1994-01-31T00:00:00+00:00,-0.014473098611332613,-0.014473098611332613,-0.028077447707245184,1.3083307042493078,0.6872104571268148
1994-02,tsmom_3m,3M,0.0,19,1994-02-01T00:00:00+00:00,1994-02-28T00:00:00+00:00,-0.0019958408541687067,-0.0019958408541687067,-0.02152486591635272,0.0406028999276562,0.727813357054471
1994-03,tsmom_3m,3M,0.0,23,1994-03-01T00:00:00+00:00,1994-03-31T00:00:00+00:00,0.02351639273901429,0.02351639273901429,-0.01019739280023979,0.03298338608449691,0.7607967431389681
1994-04,tsmom_3m,3M,0.0,19,1994-04-04T00:00:00+00:00,1994-04-29T00:00:00+00:00,-0.03295662009145828,-0.03295662009145828,-0.03366196674324562,0.02487636720093589,0.7856731103399038
1994-05,tsmom_3m,3M,0.0,21,1994-05-02T00:00:00+00:00,1994-05-31T00:00:00+00:00,-0.026138987482931753,-0.026138987482931753,-0.032518603978411775,1.5897500874586061,0.8040769771187022
1994-06,tsmom_3m,3M,0.0,22,1994-06-01T00:00:00+00:00,1994-06-30T00:00:00+00:00,-0.005525017445689895,-0.005525017445689895,-0.020481171912361762,1.615218653350857,0.8111416762321546
1994-07,tsmom_3m,3M,0.0,20,1994-07-01T00:00:00+00:00,1994-07-29T00:00:00+00:00,-0.004559013900149567,-0.004559013900149567,-0.02125496410531258,1.6229868227551272,0.8118451465229727
1994-08,tsmom_3m,3M,0.0,23,1994-08-01T00:00:00+00:00,1994-08-31T00:00:00+00:00,0.0035134853355336393,0.0035134853355336393,-0.017202184787336816,1.659196911719013,0.8473517651960407
1994-09,tsmom_3m,3M,0.0,21,1994-09-01T00:00:00+00:00,1994-09-30T00:00:00+00:00,0.016405247826077884,0.016405247826077884,-0.00929056583554111,0.09533388378314589,0.9426856489791863
1994-10,tsmom_3m,3M,0.0,21,1994-10-03T00:00:00+00:00,1994-10-31T00:00:00+00:00,-0.03300111354279445,-0.03300111354279445,-0.034506976759437036,0.09086439665375612,1.0335500456329425
1994-11,tsmom_3m,3M,0.0,20,1994-11-01T00:00:00+00:00,1994-11-30T00:00:00+00:00,0.0009977265385512357,0.0009977265385512357,-0.012307931520363247,2.1904462556702944,1.156896210037352
1994-12,tsmom_3m,3M,0.0,21,1994-12-01T00:00:00+00:00,1994-12-30T00:00:00+00:00,-2.519319191540692e-05,-2.519319191540692e-05,-0.020913783670167052,0.11382923637912401,1.2707254464164763
1995-01,tsmom_3m,3M,0.0,21,1995-01-03T00:00:00+00:00,1995-01-31T00:00:00+00:00,0.02255454264601564,0.02255454264601564,-0.047312736324766846,0.1052273004173847,1.3759527468338606
1995-02,tsmom_3m,3M,0.0,19,1995-02-01T00:00:00+00:00,1995-02-28T00:00:00+00:00,-0.001955693937460312,-0.001955693937460312,-0.012598638648941174,0.23585658899124828,1.1400961578426125
1995-03,tsmom_3m,3M,0.0,23,1995-03-01T00:00:00+00:00,1995-03-31T00:00:00+00:00,-0.05272970203202987,-0.05272970203202987,-0.05939286167022906,0.13601643572706412,1.2761125935696769
1995-04,tsmom_3m,3M,0.0,19,1995-04-03T00:00:00+00:00,1995-04-28T00:00:00+00:00,-0.018282606528970957,-0.018282606528970957,-0.0304993741968268,2.5166577617512873,1.240545168181611
1995-05,tsmom_3m,3M,0.0,22,1995-05-01T00:00:00+00:00,1995-05-31T00:00:00+00:00,-0.002807328271665188,-0.002807328271665188,-0.030833060000654333,0.05094405931248369,1.1896011088691272
1995-06,tsmom_3m,3M,0.0,22,1995-06-01T00:00:00+00:00,1995-06-30T00:00:00+00:00,-0.006423651107318351,-0.006423651107318351,-0.026933118431299308,0.04718571707362784,1.236786825942755
1995-07,tsmom_3m,3M,0.0,19,1995-07-05T00:00:00+00:00,1995-07-31T00:00:00+00:00,-0.010847503939795278,-0.010847503939795278,-0.031316892788636475,2.6079800333753824,1.371193207432627
1995-08,tsmom_3m,3M,0.0,23,1995-08-01T00:00:00+00:00,1995-08-31T00:00:00+00:00,0.004616047565432435,0.004616047565432435,-0.006418215382534065,0.12606185825068672,1.24513134918194
1995-09,tsmom_3m,3M,0.0,20,1995-09-01T00:00:00+00:00,1995-09-29T00:00:00+00:00,0.001120250601780448,0.001120250601780448,-0.020605460689794852,0.17894360040354296,1.4240749495854836
1995-10,tsmom_3m,3M,0.0,22,1995-10-02T00:00:00+00:00,1995-10-31T00:00:00+00:00,-0.00873733237057217,-0.00873733237057217,-0.01576381456107656,2.955128023940813,1.53105307435533
1995-11,tsmom_3m,3M,0.0,20,1995-11-01T00:00:00+00:00,1995-11-30T00:00:00+00:00,-0.02041707984805241,-0.02041707984805241,-0.03212948865489418,3.2839058774243184,1.7528528030689887
1995-12,tsmom_3m,3M,0.0,20,1995-12-01T00:00:00+00:00,1995-12-29T00:00:00+00:00,-0.0020669329999557506,-0.0020669329999557506,-0.016384553433156923,3.319992394526084,1.5671395914570954
1996-01,tsmom_3m,3M,0.0,21,1996-01-02T00:00:00+00:00,1996-01-31T00:00:00+00:00,0.09237081481724663,0.09237081481724663,-0.017717573608712067,0.16571852143397803,1.7328581128910732
1996-02,tsmom_3m,3M,0.0,20,1996-02-01T00:00:00+00:00,1996-02-29T00:00:00+00:00,-0.026530780459306236,-0.026530780459306236,-0.06334907503737841,0.26116667526699433,1.4716914376240786
1996-03,tsmom_3m,3M,0.0,21,1996-03-01T00:00:00+00:00,1996-03-29T00:00:00+00:00,-0.008475966234278265,-0.008475966234278265,-0.01749611893163272,0.26400842276424763,1.2076830148598314
1996-04,tsmom_3m,3M,0.0,21,1996-04-01T00:00:00+00:00,1996-04-30T00:00:00+00:00,-0.015496448797245321,-0.015496448797245321,-0.026643374951934806,0.04986119717653148,1.2575442120363622
1996-05,tsmom_3m,3M,0.0,22,1996-05-01T00:00:00+00:00,1996-05-31T00:00:00+00:00,-0.003289846773303129,-0.003289846773303129,-0.011814820500453682,2.5844287614793813,1.3268845494430186
1996-06,tsmom_3m,3M,0.0,20,1996-06-03T00:00:00+00:00,1996-06-28T00:00:00+00:00,0.04974710205085087,0.04974710205085087,-0.00458755783119047,0.1541692186807675,1.481053768123786
1996-07,tsmom_3m,3M,0.0,21,1996-07-01T00:00:00+00:00,1996-07-31T00:00:00+00:00,-0.04790511730337044,-0.04790511730337044,-0.0458383994771856,0.1483734978786413,1.6294272660024274
1996-08,tsmom_3m,3M,0.0,22,1996-08-01T00:00:00+00:00,1996-08-30T00:00:00+00:00,0.007220256655951385,0.007220256655951385,-0.012769307912932404,0.00936147237399676,1.6200657936284302
1996-09,tsmom_3m,3M,0.0,20,1996-09-03T00:00:00+00:00,1996-09-30T00:00:00+00:00,0.050661034295929275,0.050661034295929275,-0.00831342513405231,0.1576418306915821,1.7777076243200127
1996-10,tsmom_3m,3M,0.0,23,1996-10-01T00:00:00+00:00,1996-10-31T00:00:00+00:00,0.0066002841982237825,0.0066002841982237825,-0.02568623026837913,0.15922583142092916,1.936933455740942
1996-11,tsmom_3m,3M,0.0,19,1996-11-01T00:00:00+00:00,1996-11-27T00:00:00+00:00,0.021211164065359167,0.021211164065359167,-0.028371293593367874,0.04790609613763497,1.984839551878577
1996-12,tsmom_3m,3M,0.0,21,1996-12-02T00:00:00+00:00,1996-12-31T00:00:00+00:00,0.030257233163412334,0.030257233163412334,-0.01370183065736763,0.026575122010606522,1.9582644298679694
1997-01,tsmom_3m,3M,0.0,22,1997-01-02T00:00:00+00:00,1997-01-31T00:00:00+00:00,0.13184494042684936,0.13184494042684936,-0.03090230900927471,0.004059600846858968,1.96232403071483
1997-02,tsmom_3m,3M,0.0,19,1997-02-03T00:00:00+00:00,1997-02-28T00:00:00+00:00,-0.06759545367420661,-0.06759545367420661,-0.08149551881953121,0.6862453778290922,1.276078652885737
1997-03,tsmom_3m,3M,0.0,20,1997-03-03T00:00:00+00:00,1997-03-31T00:00:00+00:00,0.034428041861009895,0.034428041861009895,-0.01864789618322049,0.13596503712355035,1.1401136157621865
1997-04,tsmom_3m,3M,0.0,22,1997-04-01T00:00:00+00:00,1997-04-30T00:00:00+00:00,0.03771309456554084,0.03771309456554084,-0.0047512410841253905,0.1234504648918715,1.016663150870315
1997-05,tsmom_3m,3M,0.0,21,1997-05-01T00:00:00+00:00,1997-05-30T00:00:00+00:00,-0.020831162000682135,-0.020831162000682135,-0.02855312174264668,0.08554865581988458,1.1022118066901998
1997-06,tsmom_3m,3M,0.0,19,1997-06-02T00:00:00+00:00,1997-06-30T00:00:00+00:00,0.03896948004074097,0.03896948004074097,-0.00788523754657977,0.01573737822421739,1.0864744284659826
1997-07,tsmom_3m,3M,0.0,22,1997-07-01T00:00:00+00:00,1997-07-31T00:00:00+00:00,0.01963119966467808,0.01963119966467808,-0.04988893632253988,0.0173189033618959,1.1037933318278779
1997-08,tsmom_3m,3M,0.0,21,1997-08-01T00:00:00+00:00,1997-08-29T00:00:00+00:00,0.002244430187298363,0.002244430187298363,-0.02565341065491966,0.2614875131815493,0.8423058186463291
1997-09,tsmom_3m,3M,0.0,21,1997-09-02T00:00:00+00:00,1997-09-30T00:00:00+00:00,-0.02460336250041728,-0.02460336250041728,-0.037661596230621486,0.008101515487125566,0.8504073341334545
1997-10,tsmom_3m,3M,0.0,23,1997-10-01T00:00:00+00:00,1997-10-31T00:00:00+00:00,-0.06992524384420196,-0.06992524384420196,-0.07984911249326676,1.799736740729895,0.9493294065964405
1997-11,tsmom_3m,3M,0.0,18,1997-11-03T00:00:00+00:00,1997-11-26T00:00:00+00:00,0.0295517475628555,0.0295517475628555,-0.007244504566058074,1.6186495165441388,0.6693201099476983
1997-12,tsmom_3m,3M,0.0,22,1997-12-01T00:00:00+00:00,1997-12-31T00:00:00+00:00,0.01984245476770674,0.01984245476770674,-0.03173766336299477,0.03826777140301463,0.707587881350713
1998-01,tsmom_3m,3M,0.0,20,1998-01-02T00:00:00+00:00,1998-01-30T00:00:00+00:00,-0.03513794326434061,-0.03513794326434061,-0.06686705385645009,0.02538023044292681,0.6822076509077861
1998-02,tsmom_3m,3M,0.0,19,1998-02-02T00:00:00+00:00,1998-02-27T00:00:00+00:00,0.008107410675439297,0.008107410675439297,-0.014821390619176644,0.09009278420669131,0.5921148667010949
1998-03,tsmom_3m,3M,0.0,22,1998-03-02T00:00:00+00:00,1998-03-31T00:00:00+00:00,0.006813708315574596,0.006813708315574596,-0.018678666318093562,1.220571513805882,0.6284566471047872
1998-04,tsmom_3m,3M,0.0,21,1998-04-01T00:00:00+00:00,1998-04-30T00:00:00+00:00,0.010265128848766958,0.010265128848766958,-0.016787145286814353,0.041304650890119254,0.6697612979949064
1998-05,tsmom_3m,3M,0.0,19,1998-05-01T00:00:00+00:00,1998-05-29T00:00:00+00:00,-0.029951825123101905,-0.029951825123101905,-0.0242786327971366,0.048398967835976525,0.718160265830883
1998-06,tsmom_3m,3M,0.0,22,1998-06-01T00:00:00+00:00,1998-06-30T00:00:00+00:00,-0.009256034830093518,-0.009256034830093518,-0.03646912193983398,1.4744852026106567,0.7563249367797737
1998-07,tsmom_3m,3M,0.0,22,1998-07-01T00:00:00+00:00,1998-07-31T00:00:00+00:00,0.017693339515765016,0.017693339515765016,-0.01474668242400834,0.05476965162449976,0.7015552851552742
1998-08,tsmom_3m,3M,0.0,21,1998-08-03T00:00:00+00:00,1998-08-31T00:00:00+00:00,0.030186561344736296,0.030186561344736296,-0.01197767556032403,0.04809097437021914,0.7496462595254931
1998-09,tsmom_3m,3M,0.0,21,1998-09-01T00:00:00+00:00,1998-09-30T00:00:00+00:00,-0.052857283992150284,-0.052857283992150284,-0.04423862551931279,0.012476218048974808,0.762122477574468
1998-10,tsmom_3m,3M,0.0,22,1998-10-01T00:00:00+00:00,1998-10-30T00:00:00+00:00,-0.012954869949725722,-0.012954869949725722,-0.022609798936495062,1.4971731055992592,0.735050628024791
1998-11,tsmom_3m,3M,0.0,19,1998-11-02T00:00:00+00:00,1998-11-30T00:00:00+00:00,0.003775522257221775,0.003775522257221775,-0.01037188674729872,0.040507203504472344,0.7755578315292637
1998-12,tsmom_3m,3M,0.0,22,1998-12-01T00:00:00+00:00,1998-12-31T00:00:00+00:00,-0.016399134586737363,-0.016399134586737363,-0.027147493076909446,0.04551426373449108,0.8210720952637548
1999-01,tsmom_3m,3M,0.0,19,1999-01-04T00:00:00+00:00,1999-01-29T00:00:00+00:00,0.0024920992694461575,0.0024920992694461575,-0.017521347119233366,1.697921770000087,0.8768496747363322
1999-02,tsmom_3m,3M,0.0,19,1999-02-01T00:00:00+00:00,1999-02-26T00:00:00+00:00,-0.000805675546695972,-0.000805675546695972,-0.010256065005036619,0.045199008919169725,0.9220486836555019
1999-03,tsmom_3m,3M,0.0,23,1999-03-01T00:00:00+00:00,1999-03-31T00:00:00+00:00,0.021079631746296235,0.021079631746296235,-0.025822370701488406,0.04969168844423222,0.9717403720997343
1999-04,tsmom_3m,3M,0.0,21,1999-04-01T00:00:00+00:00,1999-04-30T00:00:00+00:00,-0.020202247771490822,-0.020202247771490822,-0.025532817739191915,0.007238455347499673,0.9645019167522344
1999-05,tsmom_3m,3M,0.0,19,1999-05-03T00:00:00+00:00,1999-05-28T00:00:00+00:00,0.05901341270267291,0.05901341270267291,-0.011143118175426903,0.07397853596442583,1.0384804527166607
1999-06,tsmom_3m,3M,0.0,22,1999-06-01T00:00:00+00:00,1999-06-30T00:00:00+00:00,0.029745911431670713,0.029745911431670713,-0.013586320983666633,0.08228657563266983,0.9561938770839905
1999-07,tsmom_3m,3M,0.0,21,1999-07-01T00:00:00+00:00,1999-07-30T00:00:00+00:00,0.017549652610804545,0.017549652610804545,-0.022682152492913055,0.04767955422713688,1.0038734313111275
1999-08,tsmom_3m,3M,0.0,22,1999-08-02T00:00:00+00:00,1999-08-31T00:00:00+00:00,0.005173884328397271,0.005173884328397271,-0.022946423016167894,0.032456980859022266,0.9714164504521048
1999-09,tsmom_3m,3M,0.0,21,1999-09-01T00:00:00+00:00,1999-09-30T00:00:00+00:00,-0.1589062198861888,-0.1589062198861888,-0.19394365666530633,0.07554972642650304,1.0469661768786085
1999-10,tsmom_3m,3M,0.0,21,1999-10-01T00:00:00+00:00,1999-10-29T00:00:00+00:00,0.001669197625542962,0.001669197625542962,-0.0463139548519752,1.4597274107239373,0.4127612338453289
1999-11,tsmom_3m,3M,0.0,20,1999-11-01T00:00:00+00:00,1999-11-30T00:00:00+00:00,-0.009365703283042204,-0.009365703283042204,-0.011719825960866737,0.011210597768177621,0.40155063607715136
1999-12,tsmom_3m,3M,0.0,21,1999-12-01T00:00:00+00:00,1999-12-30T00:00:00+00:00,-0.004737296378691913,-0.004737296378691913,-0.020291147687231392,0.026877093494226734,0.4284277295713782
2000-01,tsmom_3m,3M,0.0,18,2000-01-04T00:00:00+00:00,2000-01-31T00:00:00+00:00,0.0051731796477128,0.0051731796477128,-0.013046031594871388,0.9000221985959208,0.4715944690245428
2000-02,tsmom_3m,3M,0.0,20,2000-02-01T00:00:00+00:00,2000-02-29T00:00:00+00:00,-0.01807035635515053,-0.01807035635515053,-0.05830646379845372,0.042018024272570176,0.513612493297113
2000-03,tsmom_3m,3M,0.0,23,2000-03-01T00:00:00+00:00,2000-03-31T00:00:00+00:00,-0.017378790121999832,-0.017378790121999832,-0.020540197515424352,0.9124685042194906,0.39885601092237777
2000-04,tsmom_3m,3M,0.0,19,2000-04-03T00:00:00+00:00,2000-04-28T00:00:00+00:00,0.010617593644943968,0.010617593644943968,-0.009997940500817704,0.8510209329270975,0.45216492200471975
2000-05,tsmom_3m,3M,0.0,22,2000-05-01T00:00:00+00:00,2000-05-31T00:00:00+00:00,-0.0005290502157124788,-0.0005290502157124788,-0.01168927419101462,0.0556011442681516,0.5077660662728715
2000-06,tsmom_3m,3M,0.0,22,2000-06-01T00:00:00+00:00,2000-06-30T00:00:00+00:00,-0.0344473723718427,-0.0344473723718427,-0.03843249213267874,0.0626126633440598,0.5703787296169309
2000-07,tsmom_3m,3M,0.0,19,2000-07-05T00:00:00+00:00,2000-07-31T00:00:00+00:00,-0.015818209303024133,-0.015818209303024133,-0.011741903090433325,1.1282074992300264,0.5578287696130954
2000-08,tsmom_3m,3M,0.0,23,2000-08-01T00:00:00+00:00,2000-08-31T00:00:00+00:00,-0.002208778220254559,-0.002208778220254559,-0.01573974671866396,0.0357236057501229,0.5935523753632183
2000-09,tsmom_3m,3M,0.0,20,2000-09-01T00:00:00+00:00,2000-09-29T00:00:00+00:00,-0.012500977411254,-0.012500977411254,-0.020420781105599306,0.08675154829378784,0.6803039236570059
2000-10,tsmom_3m,3M,0.0,22,2000-10-02T00:00:00+00:00,2000-10-31T00:00:00+00:00,0.027904331553642248,0.027904331553642248,-0.018006765355782606,1.4121536721065768,0.7318497484495708
2000-11,tsmom_3m,3M,0.0,20,2000-11-01T00:00:00+00:00,2000-11-30T00:00:00+00:00,-0.01964791564210655,-0.01964791564210655,-0.02267740319178646,0.027045304727334574,0.7588950531769054
2000-12,tsmom_3m,3M,0.0,20,2000-12-01T00:00:00+00:00,2000-12-29T00:00:00+00:00,-0.00147547138727544,-0.00147547138727544,-0.01734924143215455,0.07640650692096917,0.8353015600978747
2001-01,tsmom_3m,3M,0.0,21,2001-01-02T00:00:00+00:00,2001-01-31T00:00:00+00:00,0.017385861092755306,0.017385861092755306,-0.013845661397243081,0.026810939077959173,0.8621124991758335
2001-02,tsmom_3m,3M,0.0,19,2001-02-01T00:00:00+00:00,2001-02-28T00:00:00+00:00,-0.0006209173019035008,-0.0006209173019035008,-0.04632578510174101,1.7690748008479487,0.9069623016721148
2001-03,tsmom_3m,3M,0.0,22,2001-03-01T00:00:00+00:00,2001-03-30T00:00:00+00:00,0.026676274662005506,0.026676274662005506,-0.03625207595131463,1.7583659702968628,0.8514036686247479
2001-04,tsmom_3m,3M,0.0,20,2001-04-02T00:00:00+00:00,2001-04-30T00:00:00+00:00,-0.016370438023954437,-0.016370438023954437,-0.028751679853631917,0.05461887474409399,0.796784793880654
2001-05,tsmom_3m,3M,0.0,22,2001-05-01T00:00:00+00:00,2001-05-31T00:00:00+00:00,-0.011075283723589457,-0.011075283723589457,-0.06847581375583389,0.026176476704661722,0.8229612705853158
2001-06,tsmom_3m,3M,0.0,21,2001-06-01T00:00:00+00:00,2001-06-29T00:00:00+00:00,-0.010943724443550185,-0.010943724443550185,-0.024020132282256856,0.21701693216586015,0.6059443384194554
2001-07,tsmom_3m,3M,0.0,21,2001-07-02T00:00:00+00:00,2001-07-31T00:00:00+00:00,-0.004637015636665409,-0.004637015636665409,-0.00969337197149478,1.2138936756976078,0.6079493372781521
2001-08,tsmom_3m,3M,0.0,23,2001-08-01T00:00:00+00:00,2001-08-31T00:00:00+00:00,0.018597149940020374,0.018597149940020374,-0.01849415027381429,0.07641436195448192,0.6843636992326341
2001-09,tsmom_3m,3M,0.0,16,2001-09-04T00:00:00+00:00,2001-09-28T00:00:00+00:00,0.04656140560528388,0.04656140560528388,-0.006305203349527111,0.05284067639408063,0.7372043756267148
2001-10,tsmom_3m,3M,0.0,23,2001-10-01T00:00:00+00:00,2001-10-31T00:00:00+00:00,-0.029386044395175004,-0.029386044395175004,-0.03789762925308271,0.09915929096742937,0.6380450846592856
2001-11,tsmom_3m,3M,0.0,20,2001-11-01T00:00:00+00:00,2001-11-30T00:00:00+00:00,-0.013530547143851712,-0.013530547143851712,-0.02128245596543532,0.040183988335596776,0.6782290729948823
2001-12,tsmom_3m,3M,0.0,19,2001-12-03T00:00:00+00:00,2001-12-31T00:00:00+00:00,-0.011746336047999018,-0.011746336047999018,-0.02190196646507503,1.4369584212562145,0.7587293482613321
2002-01,tsmom_3m,3M,0.0,21,2002-01-02T00:00:00+00:00,2002-01-31T00:00:00+00:00,-0.011820622778461742,-0.011820622778461742,-0.025984559365107796,0.04163470480662812,0.8003640530679603
2002-02,tsmom_3m,3M,0.0,19,2002-02-01T00:00:00+00:00,2002-02-28T00:00:00+00:00,0.04084342065412905,0.04084342065412905,-0.03162404982547984,1.6141261892392968,0.8137621361713364
2002-03,tsmom_3m,3M,0.0,20,2002-03-01T00:00:00+00:00,2002-03-28T00:00:00+00:00,0.01608452880734701,0.01608452880734701,-0.02010327167870174,0.09235610549983586,0.7214060306715007
2002-04,tsmom_3m,3M,0.0,22,2002-04-01T00:00:00+00:00,2002-04-30T00:00:00+00:00,0.013651716533647162,0.013651716533647162,-0.018360341112858558,0.02859934555790955,0.7500053762294102
2002-05,tsmom_3m,3M,0.0,22,2002-05-01T00:00:00+00:00,2002-05-31T00:00:00+00:00,0.046738547865611935,0.046738547865611935,-0.012424605648846843,0.04257958946370288,0.7925849656931131
2002-06,tsmom_3m,3M,0.0,20,2002-06-03T00:00:00+00:00,2002-06-28T00:00:00+00:00,-0.03293891264008053,-0.03293891264008053,-0.03597305868500322,0.0003940499252502727,0.7929790156183636
2002-07,tsmom_3m,3M,0.0,22,2002-07-01T00:00:00+00:00,2002-07-31T00:00:00+00:00,-0.021686252377883353,-0.021686252377883353,-0.047375373430133316,0.004940276425728363,0.7880387391926349
2002-08,tsmom_3m,3M,0.0,22,2002-08-01T00:00:00+00:00,2002-08-30T00:00:00+00:00,-0.020277790796587203,-0.020277790796587203,-0.022461407165716984,1.4632678906197762,0.675229151427141
2002-09,tsmom_3m,3M,0.0,20,2002-09-03T00:00:00+00:00,2002-09-30T00:00:00+00:00,-0.022823465535045884,-0.022823465535045884,-0.02429300148125091,0.03734887262344022,0.6378802788037009
2002-10,tsmom_3m,3M,0.0,23,2002-10-01T00:00:00+00:00,2002-10-31T00:00:00+00:00,-0.014463514609172945,-0.014463514609172945,-0.02607497627028288,1.3326376005005156,0.6947573216968145
2002-11,tsmom_3m,3M,0.0,19,2002-11-01T00:00:00+00:00,2002-11-27T00:00:00+00:00,-0.0013142739499814038,-0.0013142739499814038,-0.016204659024273815,0.046139210520784846,0.7408965322175994
2002-12,tsmom_3m,3M,0.0,21,2002-12-02T00:00:00+00:00,2002-12-31T00:00:00+00:00,0.07396687755950104,0.07396687755950104,-0.012478093645141297,0.03831585130131543,0.7792123835189151
2003-01,tsmom_3m,3M,0.0,21,2003-01-02T00:00:00+00:00,2003-01-31T00:00:00+00:00,0.04383470761544106,0.04383470761544106,-0.009160855133516499,0.04613577158456017,0.7330766119343547
2003-02,tsmom_3m,3M,0.0,19,2003-02-03T00:00:00+00:00,2003-02-28T00:00:00+00:00,-0.03617366513409637,-0.03617366513409637,-0.06753060524339694,0.02001071085587347,0.7130659010784813
2003-03,tsmom_3m,3M,0.0,21,2003-03-03T00:00:00+00:00,2003-03-31T00:00:00+00:00,-0.024036711406860256,-0.024036711406860256,-0.05140554019352683,0.12535845810178137,0.5877074429767001
2003-04,tsmom_3m,3M,0.0,21,2003-04-01T00:00:00+00:00,2003-04-30T00:00:00+00:00,-0.00670556035372305,-0.00670556035372305,-0.030006151985397245,1.1637583564506744,0.5760509134739744
2003-05,tsmom_3m,3M,0.0,21,2003-05-01T00:00:00+00:00,2003-05-30T00:00:00+00:00,-0.04565002882077218,-0.04565002882077218,-0.052565592398140404,0.03817178017909839,0.6142226936530728
2003-06,tsmom_3m,3M,0.0,21,2003-06-02T00:00:00+00:00,2003-06-30T00:00:00+00:00,-0.032399505443021615,-0.032399505443021615,-0.042307260792616264,1.228251680204046,0.6140289865509732
2003-07,tsmom_3m,3M,0.0,22,2003-07-01T00:00:00+00:00,2003-07-31T00:00:00+00:00,0.012985192982425176,0.012985192982425176,-0.017264995758949242,0.03833838203193507,0.5756906045190378
2003-08,tsmom_3m,3M,0.0,21,2003-08-01T00:00:00+00:00,2003-08-29T00:00:00+00:00,0.038320991853987296,0.038320991853987296,-0.012410717960115503,0.02179419071059241,0.5974847952296306
2003-09,tsmom_3m,3M,0.0,21,2003-09-02T00:00:00+00:00,2003-09-30T00:00:00+00:00,0.014726863234493459,0.014726863234493459,-0.012735596284942807,0.004752200523036487,0.5927325947065937
2003-10,tsmom_3m,3M,0.0,23,2003-10-01T00:00:00+00:00,2003-10-31T00:00:00+00:00,-0.0020729362508138394,-0.0020729362508138394,-0.024725920096376086,0.03421689100553593,0.6269494857121298
2003-11,tsmom_3m,3M,0.0,18,2003-11-03T00:00:00+00:00,2003-11-26T00:00:00+00:00,0.020974925642396558,0.020974925642396558,-0.009788451902581596,0.02759504613867203,0.5993544395734579
2003-12,tsmom_3m,3M,0.0,21,2003-12-01T00:00:00+00:00,2003-12-31T00:00:00+00:00,0.027627900497936064,0.027627900497936064,-0.005233851001637424,0.01160164871050906,0.6109560882839669
2004-01,tsmom_3m,3M,0.0,19,2004-01-05T00:00:00+00:00,2004-01-30T00:00:00+00:00,-0.02114270137562746,-0.02114270137562746,-0.04351653613831452,0.06496681596111098,0.6759229042450777
2004-02,tsmom_3m,3M,0.0,19,2004-02-02T00:00:00+00:00,2004-02-27T00:00:00+00:00,-0.008473771109202777,-0.008473771109202777,-0.029262213240610624,0.09782532585639325,0.5780975783886845
2004-03,tsmom_3m,3M,0.0,23,2004-03-01T00:00:00+00:00,2004-03-31T00:00:00+00:00,-0.04312244748299554,-0.04312244748299554,-0.04859229348625549,1.1414529615354327,0.5633553831467479
2004-04,tsmom_3m,3M,0.0,21,2004-04-01T00:00:00+00:00,2004-04-30T00:00:00+00:00,-0.05600216751151754,-0.05600216751151754,-0.05878216899686839,1.148019736887226,0.5846643537404782
2004-05,tsmom_3m,3M,0.0,20,2004-05-03T00:00:00+00:00,2004-05-28T00:00:00+00:00,-0.010851701887328535,-0.010851701887328535,-0.029974776638751588,1.126458312562534,0.5417939588220559
2004-06,tsmom_3m,3M,0.0,21,2004-06-01T00:00:00+00:00,2004-06-30T00:00:00+00:00,0.001738042053998523,0.001738042053998523,-0.026705844595724115,0.0017814979129376907,0.5435754567349935
2004-07,tsmom_3m,3M,0.0,21,2004-07-01T00:00:00+00:00,2004-07-30T00:00:00+00:00,-0.001874607069873635,-0.001874607069873635,-0.02168921364570331,0.017865730113234113,0.5614411868482276
2004-08,tsmom_3m,3M,0.0,22,2004-08-02T00:00:00+00:00,2004-08-31T00:00:00+00:00,0.0279435288884764,0.0279435288884764,-0.014915239580748918,1.1504823457384816,0.5890411588902539
2004-09,tsmom_3m,3M,0.0,21,2004-09-01T00:00:00+00:00,2004-09-30T00:00:00+00:00,0.01186909340946829,0.01186909340946829,-0.016942841050425983,0.019374510658040522,0.6084156695482946
2004-10,tsmom_3m,3M,0.0,21,2004-10-01T00:00:00+00:00,2004-10-29T00:00:00+00:00,0.014612702566030755,0.014612702566030755,-0.015847354772623334,0.06987561070969794,0.6782912802579925
2004-11,tsmom_3m,3M,0.0,20,2004-11-01T00:00:00+00:00,2004-11-30T00:00:00+00:00,0.03907310569182432,0.03907310569182432,-0.012235551463358862,0.02971725171636852,0.708008531974361
2004-12,tsmom_3m,3M,0.0,21,2004-12-01T00:00:00+00:00,2004-12-30T00:00:00+00:00,-0.02347292962371561,-0.02347292962371561,-0.03564769009695434,0.014645787006287159,0.7226543189806482
2005-01,tsmom_3m,3M,0.0,20,2005-01-03T00:00:00+00:00,2005-01-31T00:00:00+00:00,-0.022087752441868447,-0.022087752441868447,-0.016125927430774567,0.04490401155860679,0.6777503074220413
2005-02,tsmom_3m,3M,0.0,19,2005-02-01T00:00:00+00:00,2005-02-28T00:00:00+00:00,-0.0225316069446303,-0.0225316069446303,-0.03855438120811128,1.3890988142486953,0.7113485068266541
2005-03,tsmom_3m,3M,0.0,22,2005-03-01T00:00:00+00:00,2005-03-31T00:00:00+00:00,0.01040470629512713,0.01040470629512713,-0.027287237530050135,0.04141658669231707,0.7527650935189709
2005-04,tsmom_3m,3M,0.0,21,2005-04-01T00:00:00+00:00,2005-04-29T00:00:00+00:00,-0.00932428853832501,-0.00932428853832501,-0.023599759268057352,0.010828321651528916,0.7635934151705002
2005-05,tsmom_3m,3M,0.0,21,2005-05-02T00:00:00+00:00,2005-05-31T00:00:00+00:00,-0.03232963488393792,-0.03232963488393792,-0.026266199518055755,1.5818103358444142,0.8182169206739142
2005-06,tsmom_3m,3M,0.0,22,2005-06-01T00:00:00+00:00,2005-06-30T00:00:00+00:00,-0.036883062143291956,-0.036883062143291956,-0.05064871971219542,1.6843200942501846,0.8661031735762702
2005-07,tsmom_3m,3M,0.0,20,2005-07-01T00:00:00+00:00,2005-07-29T00:00:00+00:00,-0.002596116915023594,-0.002596116915023594,-0.01789014151147561,1.7578885704621525,0.8917853968858823
2005-08,tsmom_3m,3M,0.0,23,2005-08-01T00:00:00+00:00,2005-08-31T00:00:00+00:00,-0.005620170249442391,-0.005620170249442391,-0.027387426654586378,1.7665443433167245,0.8747589464308421
2005-09,tsmom_3m,3M,0.0,21,2005-09-01T00:00:00+00:00,2005-09-30T00:00:00+00:00,0.06570846759889815,0.06570846759889815,-0.016358849418531718,1.7421436042991014,0.8673846578682594
2005-10,tsmom_3m,3M,0.0,21,2005-10-03T00:00:00+00:00,2005-10-31T00:00:00+00:00,-0.007300237486510985,-0.007300237486510985,-0.025865264775712604,0.05493840500090952,0.8124462528673497
2005-11,tsmom_3m,3M,0.0,20,2005-11-01T00:00:00+00:00,2005-11-30T00:00:00+00:00,0.05171901459656025,0.05171901459656025,-0.011422165541093876,0.009957826179076035,0.8024884266882738
2005-12,tsmom_3m,3M,0.0,21,2005-12-01T00:00:00+00:00,2005-12-30T00:00:00+00:00,0.03307261427063368,0.03307261427063368,-0.05049137577041196,0.06432026141839542,0.7381681652698782
2006-01,tsmom_3m,3M,0.0,20,2006-01-03T00:00:00+00:00,2006-01-31T00:00:00+00:00,0.06563244089741205,0.06563244089741205,-0.014760329065723332,0.09664896470575146,0.6415192005641266
2006-02,tsmom_3m,3M,0.0,19,2006-02-01T00:00:00+00:00,2006-02-28T00:00:00+00:00,-0.008493966948053822,-0.008493966948053822,-0.032645501825427914,0.077783296325734,0.5637359042383927
2006-03,tsmom_3m,3M,0.0,23,2006-03-01T00:00:00+00:00,2006-03-31T00:00:00+00:00,0.019966614072467692,0.019966614072467692,-0.026642576421448294,0.05764090237713737,0.5060950018612557
2006-04,tsmom_3m,3M,0.0,19,2006-04-03T00:00:00+00:00,2006-04-28T00:00:00+00:00,0.06048606541954693,0.06048606541954693,-0.006995759667737689,0.0201693474296315,0.526264349290887
2006-05,tsmom_3m,3M,0.0,22,2006-05-01T00:00:00+00:00,2006-05-31T00:00:00+00:00,-0.005567525452797928,-0.005567525452797928,-0.059933494771579054,0.004325198470651936,0.5305895477615388
2006-06,tsmom_3m,3M,0.0,22,2006-06-01T00:00:00+00:00,2006-06-30T00:00:00+00:00,-0.018917632986609645,-0.018917632986609645,-0.05362651618731629,0.1183845434028461,0.4122050043586929
2006-07,tsmom_3m,3M,0.0,19,2006-07-05T00:00:00+00:00,2006-07-31T00:00:00+00:00,0.019507252418340837,0.019507252418340837,-0.031300930852895426,0.04141238127656305,0.37079262308212974
2006-08,tsmom_3m,3M,0.0,23,2006-08-01T00:00:00+00:00,2006-08-31T00:00:00+00:00,0.006420419022738821,0.006420419022738821,-0.00822554239915918,0.7150420498369003,0.3442494267547706
2006-09,tsmom_3m,3M,0.0,20,2006-09-01T00:00:00+00:00,2006-09-29T00:00:00+00:00,0.01765361870669313,0.01765361870669313,-0.017752990838501126,0.04031340635945718,0.3845628331142278
2006-10,tsmom_3m,3M,0.0,22,2006-10-02T00:00:00+00:00,2006-10-31T00:00:00+00:00,-0.00296506141217745,-0.00296506141217745,-0.027813654925165743,0.017806028267077445,0.4023688613813052
2006-11,tsmom_3m,3M,0.0,21,2006-11-01T00:00:00+00:00,2006-11-30T00:00:00+00:00,-0.03038797054448028,-0.03038797054448028,-0.022290635679851123,0.01293905514916005,0.4153079165304653
2006-12,tsmom_3m,3M,0.0,20,2006-12-01T00:00:00+00:00,2006-12-29T00:00:00+00:00,-0.009575078017494465,-0.009575078017494465,-0.023228897070312615,0.8689445275921175,0.4536366110616522
2007-01,tsmom_3m,3M,0.0,21,2007-01-02T00:00:00+00:00,2007-01-31T00:00:00+00:00,0.015580094181897541,0.015580094181897541,-0.027507639017877228,0.04534437512551753,0.4989809861871699
2007-02,tsmom_3m,3M,0.0,19,2007-02-01T00:00:00+00:00,2007-02-28T00:00:00+00:00,0.011435930112531967,0.011435930112531967,-0.013038295898906926,0.016703046912046215,0.515684033099216
2007-03,tsmom_3m,3M,0.0,22,2007-03-01T00:00:00+00:00,2007-03-30T00:00:00+00:00,-0.0021553619134335733,-0.0021553619134335733,-0.020260539867290372,0.006464332492640779,0.5221483655918567
2007-04,tsmom_3m,3M,0.0,20,2007-04-02T00:00:00+00:00,2007-04-30T00:00:00+00:00,0.011592526944363746,0.011592526944363746,-0.01341037916159371,0.02439896326431512,0.5465473288561717
2007-05,tsmom_3m,3M,0.0,22,2007-05-01T00:00:00+00:00,2007-05-31T00:00:00+00:00,-0.014472712610648086,-0.014472712610648086,-0.03227296490205067,0.0549906857972553,0.601538014653427
2007-06,tsmom_3m,3M,0.0,21,2007-06-01T00:00:00+00:00,2007-06-29T00:00:00+00:00,0.013649758373012633,0.013649758373012633,-0.013690947752733162,1.2310464591034864,0.629508444450059
2007-07,tsmom_3m,3M,0.0,21,2007-07-02T00:00:00+00:00,2007-07-31T00:00:00+00:00,-0.02733998923841674,-0.02733998923841674,-0.033028609985934265,0.015411382420140063,0.6449198268701991
2007-08,tsmom_3m,3M,0.0,23,2007-08-01T00:00:00+00:00,2007-08-31T00:00:00+00:00,-0.004153286558723157,-0.004153286558723157,-0.023761106372171326,0.02606263589612623,0.6709824627663253
2007-09,tsmom_3m,3M,0.0,19,2007-09-04T00:00:00+00:00,2007-09-28T00:00:00+00:00,0.06325848245511767,0.06325848245511767,-0.004094637220585673,1.3151339330983358,0.6441514703320105
2007-10,tsmom_3m,3M,0.0,23,2007-10-01T00:00:00+00:00,2007-10-31T00:00:00+00:00,0.040779553415122516,0.040779553415122516,-0.016173001980434587,0.02548753424589223,0.6696390045779027
2007-11,tsmom_3m,3M,0.0,21,2007-11-01T00:00:00+00:00,2007-11-30T00:00:00+00:00,-0.0045251477016724495,-0.0045251477016724495,-0.04638487093374266,0.0112412858850931,0.6583977186928095
2007-12,tsmom_3m,3M,0.0,20,2007-12-03T00:00:00+00:00,2007-12-31T00:00:00+00:00,0.03252695397401184,0.03252695397401184,-0.013519790245754337,0.13022633564539687,0.5281713830474127
2008-01,tsmom_3m,3M,0.0,22,2008-01-02T00:00:00+00:00,2008-01-31T00:00:00+00:00,0.05820133213575973,0.05820133213575973,-0.02295689035033055,0.021710127614137376,0.54988151066155
2008-02,tsmom_3m,3M,0.0,21,2008-02-01T00:00:00+00:00,2008-02-29T00:00:00+00:00,0.02540742182840816,0.02540742182840816,-0.012446203672030975,0.039069517903238205,0.5108119927583118
2008-03,tsmom_3m,3M,0.0,20,2008-03-03T00:00:00+00:00,2008-03-31T00:00:00+00:00,-0.028366825022189013,-0.028366825022189013,-0.04770448237557412,0.017819689239031655,0.5286316819973434
2008-04,tsmom_3m,3M,0.0,22,2008-04-01T00:00:00+00:00,2008-04-30T00:00:00+00:00,-0.026937667843567326,-0.026937667843567326,-0.039788326874927504,0.08551872854584275,0.4431129534515007
2008-05,tsmom_3m,3M,0.0,21,2008-05-01T00:00:00+00:00,2008-05-30T00:00:00+00:00,-0.013459015761661752,-0.013459015761661752,-0.03771808800273091,0.874801532935227,0.4316885794837262
2008-06,tsmom_3m,3M,0.0,21,2008-06-02T00:00:00+00:00,2008-06-30T00:00:00+00:00,-0.019994851437778127,-0.019994851437778127,-0.029794613484875332,0.011460232941787607,0.4431488124255138
2008-07,tsmom_3m,3M,0.0,22,2008-07-01T00:00:00+00:00,2008-07-31T00:00:00+00:00,-0.0024018216693247885,-0.0024018216693247885,-0.026482684943706536,0.8756083700233037,0.4324595575977899
2008-08,tsmom_3m,3M,0.0,21,2008-08-01T00:00:00+00:00,2008-08-29T00:00:00+00:00,-0.04338401208392817,-0.04338401208392817,-0.06374859529546006,0.021747609523172007,0.45420716712096204
2008-09,tsmom_3m,3M,0.0,21,2008-09-02T00:00:00+00:00,2008-09-30T00:00:00+00:00,-0.0239968503587058,-0.0239968503587058,-0.08805904565326095,0.8781176450262533,0.42391047790529146
2008-10,tsmom_3m,3M,0.0,23,2008-10-01T00:00:00+00:00,2008-10-31T00:00:00+00:00,0.04970488658223493,0.04970488658223493,-0.02448645204495392,0.13752739032828448,0.2863830875770069
2008-11,tsmom_3m,3M,0.0,19,2008-11-03T00:00:00+00:00,2008-11-28T00:00:00+00:00,-0.03262676775285234,-0.03262676775285234,-0.037175770005657416,0.033074549072515946,0.2533085385044911
2008-12,tsmom_3m,3M,0.0,22,2008-12-01T00:00:00+00:00,2008-12-31T00:00:00+00:00,-0.01929468409141455,-0.01929468409141455,-0.0371944140252336,0.007249236487185118,0.24605930201730597
2009-01,tsmom_3m,3M,0.0,20,2009-01-02T00:00:00+00:00,2009-01-30T00:00:00+00:00,0.014949430632668514,0.014949430632668514,-0.019990377938406634,0.5074153726546922,0.2613560706373864
2009-02,tsmom_3m,3M,0.0,19,2009-02-02T00:00:00+00:00,2009-02-27T00:00:00+00:00,0.004248663738616987,0.004248663738616987,-0.0146241433634271,0.012349374533248081,0.2737054451706344
2009-03,tsmom_3m,3M,0.0,22,2009-03-02T00:00:00+00:00,2009-03-31T00:00:00+00:00,-0.005959439311514658,-0.005959439311514658,-0.013350595451479652,0.01750627202641364,0.291211717197048
2009-04,tsmom_3m,3M,0.0,21,2009-04-01T00:00:00+00:00,2009-04-30T00:00:00+00:00,-0.01064482930190902,-0.01064482930190902,-0.020599329099307506,0.02415349942120304,0.3153652166182511
2009-05,tsmom_3m,3M,0.0,20,2009-05-01T00:00:00+00:00,2009-05-29T00:00:00+00:00,-0.03358698846903063,-0.03358698846903063,-0.03482410212671894,0.6605442224127516,0.3451790057945005
2009-06,tsmom_3m,3M,0.0,22,2009-06-01T00:00:00+00:00,2009-06-30T00:00:00+00:00,-0.02061340851373572,-0.02061340851373572,-0.02387433762773572,0.7327032801227065,0.387524274328206
2009-07,tsmom_3m,3M,0.0,22,2009-07-01T00:00:00+00:00,2009-07-31T00:00:00+00:00,0.011726132813431933,0.011726132813431933,-0.014618970754136096,0.036767188253677696,0.42429146258188377
2009-08,tsmom_3m,3M,0.0,21,2009-08-03T00:00:00+00:00,2009-08-31T00:00:00+00:00,-0.0002520170022760615,-0.0002520170022760615,-0.015808266786477843,0.0496728164207349,0.47396427900261867
2009-09,tsmom_3m,3M,0.0,21,2009-09-01T00:00:00+00:00,2009-09-30T00:00:00+00:00,-0.029929650326291135,-0.029929650326291135,-0.03247186542669811,0.9959602076831725,0.5219959286805538
2009-10,tsmom_3m,3M,0.0,22,2009-10-01T00:00:00+00:00,2009-10-30T00:00:00+00:00,0.020910614848308917,0.020910614848308917,-0.018871454020156442,1.0822702033791383,0.560274274698584
2009-11,tsmom_3m,3M,0.0,21,2009-11-02T00:00:00+00:00,2009-11-30T00:00:00+00:00,0.07158056804943946,0.07158056804943946,-0.007037589204721639,0.009413471721314792,0.5696877464198989
2009-12,tsmom_3m,3M,0.0,22,2009-12-01T00:00:00+00:00,2009-12-31T00:00:00+00:00,-0.04051298167907347,-0.04051298167907347,-0.06412034490265683,0.01073031042055228,0.5804180568404511
2010-01,tsmom_3m,3M,0.0,20,2010-01-04T00:00:00+00:00,2010-01-29T00:00:00+00:00,-0.006948379023632323,-0.006948379023632323,-0.031032683684435458,0.07390465003300306,0.5065134068074483
2010-02,tsmom_3m,3M,0.0,20,2010-02-01T00:00:00+00:00,2010-02-26T00:00:00+00:00,0.017752654062346718,0.017752654062346718,-0.02445755205247424,0.0135045899367916,0.52001799674424
2010-03,tsmom_3m,3M,0.0,23,2010-03-01T00:00:00+00:00,2010-03-31T00:00:00+00:00,0.0009685994110157914,0.0009685994110157914,-0.012346788055112246,1.0262966428632962,0.5062786461190566
2010-04,tsmom_3m,3M,0.0,21,2010-04-01T00:00:00+00:00,2010-04-30T00:00:00+00:00,0.03171252680751668,0.03171252680751668,-0.012865330818811027,1.0512511860356604,0.5449725399166038
2010-05,tsmom_3m,3M,0.0,21,2010-05-03T00:00:00+00:00,2010-05-31T00:00:00+00:00,0.019568553309156522,0.019568553309156522,-0.028454872288022348,0.04572000973916579,0.5906925496557699
2010-06,tsmom_3m,3M,0.0,22,2010-06-01T00:00:00+00:00,2010-06-30T00:00:00+00:00,0.012035901248778291,0.012035901248778291,-0.011798886060710556,0.006461880421304578,0.5842306692344651
2010-07,tsmom_3m,3M,0.0,22,2010-07-01T00:00:00+00:00,2010-07-30T00:00:00+00:00,-0.0291169882391783,-0.0291169882391783,-0.025130714117882258,0.022713906989922927,0.6069445762243879
2010-08,tsmom_3m,3M,0.0,22,2010-08-02T00:00:00+00:00,2010-08-31T00:00:00+00:00,0.03348642450115924,0.03348642450115924,-0.003695477627336907,0.004272932391478523,0.6026716438329095
2010-09,tsmom_3m,3M,0.0,22,2010-09-01T00:00:00+00:00,2010-09-30T00:00:00+00:00,0.03313855068707339,0.03313855068707339,-0.0061110921209975855,0.08281182767984518,0.6854834715127545
2010-10,tsmom_3m,3M,0.0,21,2010-10-01T00:00:00+00:00,2010-10-29T00:00:00+00:00,0.02844331960008506,0.02844331960008506,-0.030936376967208634,0.06853279359164655,0.7540162651044011
2010-11,tsmom_3m,3M,0.0,22,2010-11-01T00:00:00+00:00,2010-11-30T00:00:00+00:00,0.014639758320976082,0.014639758320976082,-0.035489476981010126,0.06999198479643343,0.6840242803079678
2010-12,tsmom_3m,3M,0.0,22,2010-12-01T00:00:00+00:00,2010-12-31T00:00:00+00:00,0.015606697258273794,0.015606697258273794,-0.024122895658409305,0.05254928273003012,0.6314749975779376
2011-01,tsmom_3m,3M,0.0,21,2011-01-03T00:00:00+00:00,2011-01-31T00:00:00+00:00,-0.04088468730464734,-0.04088468730464734,-0.04600912824714354,0.022593898025350723,0.6540688956032883
2011-02,tsmom_3m,3M,0.0,20,2011-02-01T00:00:00+00:00,2011-02-28T00:00:00+00:00,-0.03636808751895804,-0.03636808751895804,-0.035182445470758106,1.2883572257296083,0.6342883301263201
2011-03,tsmom_3m,3M,0.0,23,2011-03-01T00:00:00+00:00,2011-03-31T00:00:00+00:00,0.009976664717356032,0.009976664717356032,-0.018704834665564052,1.3203528649125222,0.6860645347862024
2011-04,tsmom_3m,3M,0.0,20,2011-04-01T00:00:00+00:00,2011-04-29T00:00:00+00:00,0.06394196898819549,0.06394196898819549,-0.010292164895542744,0.01965500185632385,0.7057195366425261
2011-05,tsmom_3m,3M,0.0,22,2011-05-02T00:00:00+00:00,2011-05-31T00:00:00+00:00,-0.013141791143479575,-0.013141791143479575,-0.03429297059402836,0.0374279797733893,0.7431475164159153
2011-06,tsmom_3m,3M,0.0,22,2011-06-01T00:00:00+00:00,2011-06-30T00:00:00+00:00,-0.016008105408676032,-0.016008105408676032,-0.023149990274201948,0.040669410975057496,0.7024781054408576
2011-07,tsmom_3m,3M,0.0,21,2011-07-01T00:00:00+00:00,2011-07-29T00:00:00+00:00,0.06367323494862265,0.06367323494862265,-0.007855934675809029,0.052891182324424024,0.7553692877652819
2011-08,tsmom_3m,3M,0.0,23,2011-08-01T00:00:00+00:00,2011-08-31T00:00:00+00:00,0.0937603213574747,0.0937603213574747,-0.06067629155703824,0.025365560601515846,0.7807348483667979
2011-09,tsmom_3m,3M,0.0,22,2011-09-01T00:00:00+00:00,2011-09-30T00:00:00+00:00,-0.04994036259926493,-0.04994036259926493,-0.07145683413081316,0.3268114771536668,0.4539233712131309
2011-10,tsmom_3m,3M,0.0,21,2011-10-03T00:00:00+00:00,2011-10-31T00:00:00+00:00,0.021024537544981126,0.021024537544981126,-0.014458178886245232,0.06036570139207237,0.39355766982105855
2011-11,tsmom_3m,3M,0.0,22,2011-11-01T00:00:00+00:00,2011-11-30T00:00:00+00:00,0.010349417439453168,0.010349417439453168,-0.027483990692799165,0.01762903917374775,0.41118670899480636
2011-12,tsmom_3m,3M,0.0,21,2011-12-01T00:00:00+00:00,2011-12-30T00:00:00+00:00,0.04803558131661556,0.04803558131661556,-0.011840254894804891,0.8393630647326367,0.4281763557378305
2012-01,tsmom_3m,3M,0.0,21,2012-01-03T00:00:00+00:00,2012-01-31T00:00:00+00:00,-0.044510812335596284,-0.044510812335596284,-0.03427963235295406,0.0005386776353183964,0.427637678102512
2012-02,tsmom_3m,3M,0.0,21,2012-02-01T00:00:00+00:00,2012-02-29T00:00:00+00:00,-0.010755221244580282,-0.010755221244580282,-0.022677517082192233,0.8934401420364484,0.4658024639339364
2012-03,tsmom_3m,3M,0.0,22,2012-03-01T00:00:00+00:00,2012-03-30T00:00:00+00:00,0.007951061038466989,0.007951061038466989,-0.015309902797666863,0.9871486879200397,0.5213462239861035
2012-04,tsmom_3m,3M,0.0,20,2012-04-02T00:00:00+00:00,2012-04-30T00:00:00+00:00,-0.0014209643241557268,-0.0014209643241557268,-0.016824428850287565,1.0224513787009135,0.5011051547148101
2012-05,tsmom_3m,3M,0.0,23,2012-05-01T00:00:00+00:00,2012-05-31T00:00:00+00:00,0.03527746736412363,0.03527746736412363,-0.018609858430891135,1.056923631884561,0.555818477169751
2012-06,tsmom_3m,3M,0.0,21,2012-06-01T00:00:00+00:00,2012-06-29T00:00:00+00:00,-0.015234716842024376,-0.015234716842024376,-0.016971179470483433,0.024509883379851383,0.5803283605496022
2012-07,tsmom_3m,3M,0.0,22,2012-07-02T00:00:00+00:00,2012-07-31T00:00:00+00:00,-0.006639566901435301,-0.006639566901435301,-0.01994837977023256,0.021871988329584924,0.5584563722200175
2012-08,tsmom_3m,3M,0.0,23,2012-08-01T00:00:00+00:00,2012-08-31T00:00:00+00:00,-0.027350983496037262,-0.027350983496037262,-0.03658753804378134,0.031211680199832892,0.58966805241985
2012-09,tsmom_3m,3M,0.0,20,2012-09-03T00:00:00+00:00,2012-09-28T00:00:00+00:00,0.032520164995404555,0.032520164995404555,-0.006484866638991171,1.257385675914315,0.6677176234944648
2012-10,tsmom_3m,3M,0.0,23,2012-10-01T00:00:00+00:00,2012-10-31T00:00:00+00:00,-0.02069685189573056,-0.02069685189573056,-0.03416447886721019,0.0090836619491379,0.6768012854436026
2012-11,tsmom_3m,3M,0.0,22,2012-11-01T00:00:00+00:00,2012-11-30T00:00:00+00:00,-0.0014421552294122675,-0.0014421552294122675,-0.016994337862187736,0.07894044143044732,0.7557417268740498
2012-12,tsmom_3m,3M,0.0,20,2012-12-03T00:00:00+00:00,2012-12-31T00:00:00+00:00,-0.018067242051520438,-0.018067242051520438,-0.031050830433584364,0.007276078689636534,0.7630178055636866
2013-01,tsmom_3m,3M,0.0,22,2013-01-02T00:00:00+00:00,2013-01-31T00:00:00+00:00,0.004836872380065804,0.004836872380065804,-0.021714031409831525,1.579704360905803,0.8166865553421164
2013-02,tsmom_3m,3M,0.0,20,2013-02-01T00:00:00+00:00,2013-02-28T00:00:00+00:00,0.04508214384046161,0.04508214384046161,-0.027048687383449788,0.04002168314692878,0.8567082384890453
2013-03,tsmom_3m,3M,0.0,20,2013-03-01T00:00:00+00:00,2013-03-28T00:00:00+00:00,-0.009437150178030707,-0.009437150178030707,-0.02038501207789245,0.06115462261754889,0.7955536158714963
2013-04,tsmom_3m,3M,0.0,22,2013-04-01T00:00:00+00:00,2013-04-30T00:00:00+00:00,0.06033048909455885,0.06033048909455885,-0.0760395227001458,0.08824571963781414,0.8837993355093103
2013-05,tsmom_3m,3M,0.0,23,2013-05-01T00:00:00+00:00,2013-05-31T00:00:00+00:00,0.025940867325058292,0.025940867325058292,-0.017544544168869525,0.4545549636105412,0.42924437189876946
2013-06,tsmom_3m,3M,0.0,20,2013-06-03T00:00:00+00:00,2013-06-28T00:00:00+00:00,0.05182167329577059,0.05182167329577059,-0.012723085129389577,0.022443971326406964,0.4516883432251764
2013-07,tsmom_3m,3M,0.0,23,2013-07-01T00:00:00+00:00,2013-07-31T00:00:00+00:00,-0.02854517453070249,-0.02854517453070249,-0.03917243393198733,0.04880799762565019,0.4028803455995261
2013-08,tsmom_3m,3M,0.0,22,2013-08-01T00:00:00+00:00,2013-08-30T00:00:00+00:00,-0.02299623858916544,-0.02299623858916544,-0.04230799986395539,0.01883850775851348,0.42171885335803966
2013-09,tsmom_3m,3M,0.0,21,2013-09-02T00:00:00+00:00,2013-09-30T00:00:00+00:00,-0.021554194449254882,-0.021554194449254882,-0.03351753019723602,0.8793281579654197,0.4576093046073803
2013-10,tsmom_3m,3M,0.0,23,2013-10-01T00:00:00+00:00,2013-10-31T00:00:00+00:00,-0.0013296588587345948,-0.0013296588587345948,-0.016710301989666276,0.02248288299832707,0.43512642160905324
2013-11,tsmom_3m,3M,0.0,21,2013-11-01T00:00:00+00:00,2013-11-29T00:00:00+00:00,-0.02515397140078779,-0.02515397140078779,-0.028189538497858657,0.02375820361603148,0.4588846252250847
2013-12,tsmom_3m,3M,0.0,21,2013-12-02T00:00:00+00:00,2013-12-31T00:00:00+00:00,0.018120302502533603,0.018120302502533603,-0.017377418761238217,0.9595679615539447,0.5006833363288601
2014-01,tsmom_3m,3M,0.0,22,2014-01-02T00:00:00+00:00,2014-01-31T00:00:00+00:00,-0.01722943715317271,-0.01722943715317271,-0.019396020044020856,0.000632178867069455,0.5000511574617905
2014-02,tsmom_3m,3M,0.0,20,2014-02-03T00:00:00+00:00,2014-02-28T00:00:00+00:00,-0.03376542934643234,-0.03376542934643234,-0.0354584525153574,0.030298289874409523,0.5303494473362
2014-03,tsmom_3m,3M,0.0,21,2014-03-03T00:00:00+00:00,2014-03-31T00:00:00+00:00,-0.01839772712272869,-0.01839772712272869,-0.042306163526430685,1.1157265393762654,0.5853770920400653
2014-04,tsmom_3m,3M,0.0,21,2014-04-01T00:00:00+00:00,2014-04-30T00:00:00+00:00,0.003326172474128253,0.003326172474128253,-0.019610489164984646,0.011704168946030546,0.5970812609860958
2014-05,tsmom_3m,3M,0.0,22,2014-05-01T00:00:00+00:00,2014-05-30T00:00:00+00:00,-0.021000544477570715,-0.021000544477570715,-0.0299675622662251,0.05503755101026497,0.6521188119963609
2014-06,tsmom_3m,3M,0.0,21,2014-06-02T00:00:00+00:00,2014-06-30T00:00:00+00:00,-0.0424901822121887,-0.0424901822121887,-0.04580750826718882,1.3528738765264405,0.7007550645300799
2014-07,tsmom_3m,3M,0.0,23,2014-07-01T00:00:00+00:00,2014-07-31T00:00:00+00:00,-0.023918110364747447,-0.023918110364747447,-0.03001264542099147,1.4134845554768014,0.7127294909467214
2014-08,tsmom_3m,3M,0.0,21,2014-08-01T00:00:00+00:00,2014-08-29T00:00:00+00:00,-0.0032362156396331665,-0.0032362156396331665,-0.014511497223129055,1.4576518152122375,0.7449223242655162
2014-09,tsmom_3m,3M,0.0,22,2014-09-01T00:00:00+00:00,2014-09-30T00:00:00+00:00,-0.04989333438699084,-0.04989333438699084,-0.04971388179065994,1.5558038407677848,0.8108815165022684
2014-10,tsmom_3m,3M,0.0,23,2014-10-01T00:00:00+00:00,2014-10-31T00:00:00+00:00,0.025641550775275856,0.025641550775275856,-0.04053737285722947,1.6710218004791313,0.8601402839768625
2014-11,tsmom_3m,3M,0.0,20,2014-11-03T00:00:00+00:00,2014-11-28T00:00:00+00:00,0.0018790852556764825,0.0018790852556764825,-0.04527102315230158,0.009719962139911664,0.8504203218369509
2014-12,tsmom_3m,3M,0.0,22,2014-12-01T00:00:00+00:00,2014-12-31T00:00:00+00:00,-0.012837620709300612,-0.012837620709300612,-0.02199932638330593,0.17707404020193773,0.6733462816350131
2015-01,tsmom_3m,3M,0.0,21,2015-01-02T00:00:00+00:00,2015-01-30T00:00:00+00:00,-0.046693985112306824,-0.046693985112306824,-0.051839561753687646,0.09999268938181671,0.5733535922531966
2015-02,tsmom_3m,3M,0.0,20,2015-02-02T00:00:00+00:00,2015-02-27T00:00:00+00:00,-0.03181778630353593,-0.03181778630353593,-0.0332639051941539,1.1426268010351626,0.5692732087819656
2015-03,tsmom_3m,3M,0.0,22,2015-03-02T00:00:00+00:00,2015-03-31T00:00:00+00:00,-0.014484841652939173,-0.014484841652939173,-0.028532245249771826,0.024342630096700346,0.5936158388786661
2015-04,tsmom_3m,3M,0.0,21,2015-04-01T00:00:00+00:00,2015-04-30T00:00:00+00:00,-0.0011995565851091738,-0.0011995565851091738,-0.017584947541267604,1.229616572579705,0.6360007337010389
2015-05,tsmom_3m,3M,0.0,21,2015-05-01T00:00:00+00:00,2015-05-29T00:00:00+00:00,-0.004585899354301093,-0.004585899354301093,-0.02593918081424751,0.01505073790331335,0.6510514716043524
2015-06,tsmom_3m,3M,0.0,22,2015-06-01T00:00:00+00:00,2015-06-30T00:00:00+00:00,0.010323991524310516,0.010323991524310516,-0.017405305479666344,0.03132106338421947,0.6823725349885718
2015-07,tsmom_3m,3M,0.0,23,2015-07-01T00:00:00+00:00,2015-07-31T00:00:00+00:00,0.05194948314534775,0.05194948314534775,-0.006267701552700511,0.07629791740164804,0.7586704523902198
2015-08,tsmom_3m,3M,0.0,21,2015-08-03T00:00:00+00:00,2015-08-31T00:00:00+00:00,-0.026870735838978588,-0.026870735838978588,-0.05042069244704994,0.008681928680868478,0.7499885237093513
2015-09,tsmom_3m,3M,0.0,22,2015-09-01T00:00:00+00:00,2015-09-30T00:00:00+00:00,0.011981948696453415,0.011981948696453415,-0.03222744209389683,0.008421988669839231,0.7415665350395121
2015-10,tsmom_3m,3M,0.0,22,2015-10-01T00:00:00+00:00,2015-10-30T00:00:00+00:00,-0.01892384076132858,-0.01892384076132858,-0.045788173543291344,0.0034917430317201736,0.7450582780712321
2015-11,tsmom_3m,3M,0.0,21,2015-11-02T00:00:00+00:00,2015-11-30T00:00:00+00:00,-0.051667250552696276,-0.051667250552696276,-0.05173121122256852,1.497369238417746,0.7523109603465135
2015-12,tsmom_3m,3M,0.0,22,2015-12-01T00:00:00+00:00,2015-12-31T00:00:00+00:00,0.0010018799061606298,0.0010018799061606298,-0.02420695411952456,1.5304057460456297,0.7780947856991163
2016-01,tsmom_3m,3M,0.0,20,2016-01-04T00:00:00+00:00,2016-01-29T00:00:00+00:00,-0.03800090014568236,-0.03800090014568236,-0.03340049525506883,0.05887758015924904,0.7192172055398671
2016-02,tsmom_3m,3M,0.0,21,2016-02-01T00:00:00+00:00,2016-02-29T00:00:00+00:00,-0.0742323375349605,-0.0742323375349605,-0.07083584956258426,0.001476241219071972,0.7206934467589393
2016-03,tsmom_3m,3M,0.0,22,2016-03-01T00:00:00+00:00,2016-03-31T00:00:00+00:00,-0.0024086360875663626,-0.0024086360875663626,-0.02655187685605942,1.318569430748195,0.5978759839892559
2016-04,tsmom_3m,3M,0.0,21,2016-04-01T00:00:00+00:00,2016-04-29T00:00:00+00:00,0.028725966936906655,0.028725966936906655,-0.013909881471955932,0.02192204813515808,0.5759539358540978
2016-05,tsmom_3m,3M,0.0,22,2016-05-02T00:00:00+00:00,2016-05-31T00:00:00+00:00,-0.03647444485695572,-0.03647444485695572,-0.04051947279014512,0.02888689180537718,0.6048408276594747
2016-06,tsmom_3m,3M,0.0,22,2016-06-01T00:00:00+00:00,2016-06-30T00:00:00+00:00,-0.053020107803601224,-0.053020107803601224,-0.05700546992780808,1.2310516891454113,0.6262108614859367
2016-07,tsmom_3m,3M,0.0,21,2016-07-01T00:00:00+00:00,2016-07-29T00:00:00+00:00,0.014159284151262774,0.014159284151262774,-0.020578949640722932,1.1641577038138675,0.5379468423279311
2016-08,tsmom_3m,3M,0.0,23,2016-08-01T00:00:00+00:00,2016-08-31T00:00:00+00:00,-0.01983090065580073,-0.01983090065580073,-0.02494542515034337,0.04382997956218493,0.581776821890116
2016-09,tsmom_3m,3M,0.0,22,2016-09-01T00:00:00+00:00,2016-09-30T00:00:00+00:00,0.0035372977814813744,0.0035372977814813744,-0.01981651699847986,0.07008763589615064,0.6518644577862667
2016-10,tsmom_3m,3M,0.0,21,2016-10-03T00:00:00+00:00,2016-10-31T00:00:00+00:00,0.021990215461846097,0.021990215461846097,-0.014578655256919926,1.3641425593155192,0.7122781015292526
2016-11,tsmom_3m,3M,0.0,22,2016-11-01T00:00:00+00:00,2016-11-30T00:00:00+00:00,0.06190411526167483,0.06190411526167483,-0.008986355646980582,0.018789094313719112,0.7310671958429719
2016-12,tsmom_3m,3M,0.0,21,2016-12-01T00:00:00+00:00,2016-12-30T00:00:00+00:00,0.013192303062436794,0.013192303062436794,-0.01795801738890279,0.0256940415368615,0.7053731543061105
2017-01,tsmom_3m,3M,0.0,21,2017-01-03T00:00:00+00:00,2017-01-31T00:00:00+00:00,-0.038460266936813925,-0.038460266936813925,-0.0370677260540454,0.047497919567026425,0.752871073873137
2017-02,tsmom_3m,3M,0.0,20,2017-02-01T00:00:00+00:00,2017-02-28T00:00:00+00:00,-0.023307458454660646,-0.023307458454660646,-0.02966131071525857,0.03394613139398173,0.7868172052671184
2017-03,tsmom_3m,3M,0.0,23,2017-03-01T00:00:00+00:00,2017-03-31T00:00:00+00:00,-0.0006646102720984093,-0.0006646102720984093,-0.034471442969281285,1.6213272580704627,0.8345100528033443
2017-04,tsmom_3m,3M,0.0,19,2017-04-03T00:00:00+00:00,2017-04-28T00:00:00+00:00,0.015482133706090861,0.015482133706090861,-0.017363620500208343,0.0323734781809103,0.8668835309842543
2017-05,tsmom_3m,3M,0.0,23,2017-05-01T00:00:00+00:00,2017-05-31T00:00:00+00:00,-0.0006223489467354071,-0.0006223489467354071,-0.0278628474363235,0.042331674545497466,0.9092152055297518
2017-06,tsmom_3m,3M,0.0,22,2017-06-01T00:00:00+00:00,2017-06-30T00:00:00+00:00,-0.018502304106710388,-0.018502304106710388,-0.03754712670206983,0.013707598946611554,0.8955076065831405
2017-07,tsmom_3m,3M,0.0,21,2017-07-03T00:00:00+00:00,2017-07-31T00:00:00+00:00,-0.018793967175935955,-0.018793967175935955,-0.04261115675574678,1.8455318473429037,0.9500242407597634
2017-08,tsmom_3m,3M,0.0,23,2017-08-01T00:00:00+00:00,2017-08-31T00:00:00+00:00,-0.041941408272228475,-0.041941408272228475,-0.04800555543002738,0.028877102367292795,0.9789013431270561
2017-09,tsmom_3m,3M,0.0,20,2017-09-01T00:00:00+00:00,2017-09-29T00:00:00+00:00,-0.028469604168381513,-0.028469604168381513,-0.04945333672350338,1.9853540962108835,1.0064527530838274
2017-10,tsmom_3m,3M,0.0,22,2017-10-02T00:00:00+00:00,2017-10-31T00:00:00+00:00,-0.010511634854628915,-0.010511634854628915,-0.025379270573974932,0.06085608018310318,0.9455966729007241
2017-11,tsmom_3m,3M,0.0,21,2017-11-01T00:00:00+00:00,2017-11-30T00:00:00+00:00,0.0021320562588149627,0.0021320562588149627,-0.018052103439885947,0.05886250880022603,1.0044591817009507
2017-12,tsmom_3m,3M,0.0,20,2017-12-01T00:00:00+00:00,2017-12-29T00:00:00+00:00,-0.026771106684841395,-0.026771106684841395,-0.0494453996516826,1.95506250557826,0.9506033238773096
2018-01,tsmom_3m,3M,0.0,21,2018-01-02T00:00:00+00:00,2018-01-31T00:00:00+00:00,0.022792950322506833,0.022792950322506833,-0.020274377005637167,1.9554325984933585,1.004829274616049
2018-02,tsmom_3m,3M,0.0,19,2018-02-01T00:00:00+00:00,2018-02-28T00:00:00+00:00,-0.01590963905149201,-0.01590963905149201,-0.029802213360106244,0.004499533425884383,1.009328808041933
2018-03,tsmom_3m,3M,0.0,21,2018-03-01T00:00:00+00:00,2018-03-29T00:00:00+00:00,0.0034771775023727525,0.0034771775023727525,-0.02195702677854605,0.08581004432005113,0.9235187637218822
2018-04,tsmom_3m,3M,0.0,21,2018-04-02T00:00:00+00:00,2018-04-30T00:00:00+00:00,-0.0023470598950342536,-0.0023470598950342536,-0.027398122940369918,0.03921249244746683,0.8843062712744152
2018-05,tsmom_3m,3M,0.0,22,2018-05-01T00:00:00+00:00,2018-05-31T00:00:00+00:00,0.012211944091267801,0.012211944091267801,-0.011146344507090511,1.7608635529799652,0.8765572817055503
2018-06,tsmom_3m,3M,0.0,21,2018-06-01T00:00:00+00:00,2018-06-29T00:00:00+00:00,0.03274501801881757,0.03274501801881757,-0.009547840656169537,0.043297000055773305,0.9198542817613234
2018-07,tsmom_3m,3M,0.0,21,2018-07-02T00:00:00+00:00,2018-07-31T00:00:00+00:00,0.02360382955768192,0.02360382955768192,-0.013758370760046823,0.03999978337380328,0.9598540651351264
2018-08,tsmom_3m,3M,0.0,23,2018-08-01T00:00:00+00:00,2018-08-31T00:00:00+00:00,0.013371135804828516,0.013371135804828516,-0.027302449153827735,0.061471813308654255,1.0213258784437813
2018-09,tsmom_3m,3M,0.0,19,2018-09-04T00:00:00+00:00,2018-09-28T00:00:00+00:00,0.008305442981644484,0.008305442981644484,-0.010214731283522238,0.023183464380068686,0.9981424140637121
2018-10,tsmom_3m,3M,0.0,23,2018-10-01T00:00:00+00:00,2018-10-31T00:00:00+00:00,-0.01816411351655256,-0.01816411351655256,-0.04251496886598416,0.06648574160629728,1.06462815567001
2018-11,tsmom_3m,3M,0.0,21,2018-11-01T00:00:00+00:00,2018-11-30T00:00:00+00:00,-0.009352078852428614,-0.009352078852428614,-0.022563605064042425,0.11977161791834712,0.9448565377516622
2018-12,tsmom_3m,3M,0.0,20,2018-12-03T00:00:00+00:00,2018-12-31T00:00:00+00:00,0.042399484361574924,0.042399484361574924,-0.008413318470077646,1.8856769515345455,0.9408204137828833
2019-01,tsmom_3m,3M,0.0,21,2019-01-02T00:00:00+00:00,2019-01-31T00:00:00+00:00,0.03349519936586387,0.03349519936586387,-0.01132663156644842,0.03695385185738165,0.9777742656402646
2019-02,tsmom_3m,3M,0.0,19,2019-02-01T00:00:00+00:00,2019-02-28T00:00:00+00:00,-0.007151962264574263,-0.007151962264574263,-0.024521007762015268,0.06183245038916452,1.0396067160294293
2019-03,tsmom_3m,3M,0.0,21,2019-03-01T00:00:00+00:00,2019-03-29T00:00:00+00:00,-0.01356945879779603,-0.01356945879779603,-0.025714000054171682,0.025448818335831902,1.0141578976935972
2019-04,tsmom_3m,3M,0.0,21,2019-04-01T00:00:00+00:00,2019-04-30T00:00:00+00:00,-0.009287288652208181,-0.009287288652208181,-0.029241199006270424,0.07068059696495099,0.9434773007286462
2019-05,tsmom_3m,3M,0.0,22,2019-05-01T00:00:00+00:00,2019-05-31T00:00:00+00:00,-0.01618656549028008,-0.01618656549028008,-0.026569441863659726,1.9423950816800915,0.9989177809514449
2019-06,tsmom_3m,3M,0.0,20,2019-06-03T00:00:00+00:00,2019-06-28T00:00:00+00:00,-0.08174373095598231,-0.08174373095598231,-0.06862256205685191,0.04751777093736853,1.0464355518888133
2019-07,tsmom_3m,3M,0.0,22,2019-07-01T00:00:00+00:00,2019-07-31T00:00:00+00:00,0.007315146933306149,0.007315146933306149,-0.012143725687596696,1.8720243515975739,0.8255887997087605
2019-08,tsmom_3m,3M,0.0,22,2019-08-01T00:00:00+00:00,2019-08-30T00:00:00+00:00,0.061784070775513955,0.061784070775513955,-0.012690669325885029,0.03000656535032764,0.855595365059088
2019-09,tsmom_3m,3M,0.0,20,2019-09-03T00:00:00+00:00,2019-09-30T00:00:00+00:00,-0.029174945521709073,-0.029174945521709073,-0.0444924614063521,0.0643015563713083,0.7912938086877797
2019-10,tsmom_3m,3M,0.0,23,2019-10-01T00:00:00+00:00,2019-10-31T00:00:00+00:00,0.02172619583904134,0.02172619583904134,-0.01528232758452197,0.02817818166281394,0.7631156270249658
2019-11,tsmom_3m,3M,0.0,20,2019-11-01T00:00:00+00:00,2019-11-29T00:00:00+00:00,-0.022011932774550935,-0.022011932774550935,-0.03032072402025543,0.029444531235913063,0.7925601582608787
2019-12,tsmom_3m,3M,0.0,21,2019-12-02T00:00:00+00:00,2019-12-31T00:00:00+00:00,-0.027591402356378802,-0.027591402356378802,-0.03161558896236483,1.6116104648682217,0.819050306607343
2020-01,tsmom_3m,3M,0.0,21,2020-01-02T00:00:00+00:00,2020-01-31T00:00:00+00:00,0.034862467881925596,0.034862467881925596,-0.016778280757553277,1.7078901101370527,0.8888398035297099
2020-02,tsmom_3m,3M,0.0,19,2020-02-03T00:00:00+00:00,2020-02-28T00:00:00+00:00,-0.009376939101024329,-0.009376939101024329,-0.06089245812629751,0.039086927337238286,0.9279267308669481
2020-03,tsmom_3m,3M,0.0,22,2020-03-02T00:00:00+00:00,2020-03-31T00:00:00+00:00,0.017139301352351755,0.017139301352351755,-0.10070927654958495,0.07996433950387993,0.8479623913630685
2020-04,tsmom_3m,3M,0.0,21,2020-04-01T00:00:00+00:00,2020-04-30T00:00:00+00:00,0.02364918134133065,0.02364918134133065,-0.01771924313950879,0.46475728727756616,0.3832051040855021
2020-05,tsmom_3m,3M,0.0,20,2020-05-01T00:00:00+00:00,2020-05-29T00:00:00+00:00,0.009804110260774657,0.009804110260774657,-0.01100234652203358,0.0019838724470018776,0.3812212316385003
2020-06,tsmom_3m,3M,0.0,22,2020-06-01T00:00:00+00:00,2020-06-30T00:00:00+00:00,0.01541666714501222,0.01541666714501222,-0.016107239074060087,0.03672894216710221,0.4179501738056024
2020-07,tsmom_3m,3M,0.0,22,2020-07-01T00:00:00+00:00,2020-07-31T00:00:00+00:00,0.04073873805779571,0.04073873805779571,-0.005125721814051021,0.042445744773451144,0.4603959185790535
2020-08,tsmom_3m,3M,0.0,21,2020-08-03T00:00:00+00:00,2020-08-31T00:00:00+00:00,0.004755572121130092,0.004755572121130092,-0.03361882628422608,0.04956755059161333,0.509963469170667
2020-09,tsmom_3m,3M,0.0,21,2020-09-01T00:00:00+00:00,2020-09-30T00:00:00+00:00,-0.019621238555765808,-0.019621238555765808,-0.026811962980388238,0.042039510874105956,0.46792395829656097
2020-10,tsmom_3m,3M,0.0,22,2020-10-01T00:00:00+00:00,2020-10-30T00:00:00+00:00,-0.003939882143628726,-0.003939882143628726,-0.016046861791960687,0.03345975895416564,0.5013837172507267
2020-11,tsmom_3m,3M,0.0,20,2020-11-02T00:00:00+00:00,2020-11-30T00:00:00+00:00,0.02815866000377243,0.02815866000377243,-0.017162834106479785,1.051546885656232,0.5501631684055054
2020-12,tsmom_3m,3M,0.0,22,2020-12-01T00:00:00+00:00,2020-12-31T00:00:00+00:00,-0.031290954942658655,-0.031290954942658655,-0.0208239999723826,0.049188769468388016,0.5009743989371173
2021-01,tsmom_3m,3M,0.0,19,2021-01-04T00:00:00+00:00,2021-01-29T00:00:00+00:00,0.011642486242016803,0.011642486242016803,-0.01086886051237046,0.04584086477646354,0.5468152637135809
2021-02,tsmom_3m,3M,0.0,19,2021-02-01T00:00:00+00:00,2021-02-26T00:00:00+00:00,0.03520437427650691,0.03520437427650691,-0.014922237274313188,0.020597588630264063,0.5262176750833166
2021-03,tsmom_3m,3M,0.0,23,2021-03-01T00:00:00+00:00,2021-03-31T00:00:00+00:00,0.003404493637433781,0.003404493637433781,-0.020253777968283315,0.016018175323598283,0.5422358504069148
2021-04,tsmom_3m,3M,0.0,21,2021-04-01T00:00:00+00:00,2021-04-30T00:00:00+00:00,-0.01742514105731341,-0.01742514105731341,-0.021211120797672955,0.030585407674809995,0.5728212580817248
2021-05,tsmom_3m,3M,0.0,20,2021-05-03T00:00:00+00:00,2021-05-28T00:00:00+00:00,-0.04526885102906486,-0.04526885102906486,-0.04235530309437929,0.04930041153862974,0.6221216696203549
2021-06,tsmom_3m,3M,0.0,22,2021-06-01T00:00:00+00:00,2021-06-30T00:00:00+00:00,-0.04597450847863638,-0.04597450847863638,-0.05129839150252613,1.287305820740623,0.6651841511202682
2021-07,tsmom_3m,3M,0.0,21,2021-07-01T00:00:00+00:00,2021-07-30T00:00:00+00:00,0.014246123752470918,0.014246123752470918,-0.010034687258148267,0.05053802138574015,0.6146461297345279
2021-08,tsmom_3m,3M,0.0,22,2021-08-02T00:00:00+00:00,2021-08-31T00:00:00+00:00,0.002311479255878046,0.002311479255878046,-0.03639287754947074,0.07476633695889723,0.6894124666934255
2021-09,tsmom_3m,3M,0.0,21,2021-09-01T00:00:00+00:00,2021-09-30T00:00:00+00:00,0.02222373461169913,0.02222373461169913,-0.013397218189759474,1.3663059335302807,0.6768934668368554
2021-10,tsmom_3m,3M,0.0,21,2021-10-01T00:00:00+00:00,2021-10-29T00:00:00+00:00,-0.010985710982404528,-0.010985710982404528,-0.01997051891828394,0.0089028349509932,0.6857963017878485
2021-11,tsmom_3m,3M,0.0,22,2021-11-01T00:00:00+00:00,2021-11-30T00:00:00+00:00,0.001818400832477307,0.001818400832477307,-0.04131726186605944,0.02713522226860221,0.7129315240564508
1986-11,tsmom_3m,3M,2.0,19,1986-11-03T00:00:00+00:00,1986-11-28T00:00:00+00:00,-0.01165220940734768,-0.011742088232929437,-0.03703639570676842,0.45535607328780014,0.45535607328780014
1986-12,tsmom_3m,3M,2.0,21,1986-12-01T00:00:00+00:00,1986-12-31T00:00:00+00:00,0.014195938540361608,0.014195376016275407,-0.008176004029804895,0.002781940572635644,0.45813801386043584
1987-01,tsmom_3m,3M,2.0,21,1987-01-02T00:00:00+00:00,1987-01-30T00:00:00+00:00,-0.0038147019046133046,-0.004007938538533873,-0.02626671475525666,0.9734449985200933,0.5153069846596575
1987-02,tsmom_3m,3M,2.0,19,1987-02-02T00:00:00+00:00,1987-02-27T00:00:00+00:00,-0.001576416082511245,-0.001778174172607172,-0.02047557710023662,1.0054179146023898,0.49011092994273237
1987-03,tsmom_3m,3M,2.0,22,1987-03-02T00:00:00+00:00,1987-03-31T00:00:00+00:00,0.019298366226032426,0.019293576801199697,-0.00897606150731356,0.023440426101538625,0.513551356044271
1987-04,tsmom_3m,3M,2.0,21,1987-04-01T00:00:00+00:00,1987-04-30T00:00:00+00:00,0.04488069376668724,0.04487067702792702,-0.02352027057237782,0.04791971838864284,0.5614710744329139
1987-05,tsmom_3m,3M,2.0,20,1987-05-01T00:00:00+00:00,1987-05-29T00:00:00+00:00,-0.00014448059576932515,-0.00016129396029507248,-0.0300900489809951,0.08434260548183947,0.4771284689510743
1987-06,tsmom_3m,3M,2.0,22,1987-06-01T00:00:00+00:00,1987-06-30T00:00:00+00:00,-0.0036634133957932358,-0.0036644185247960426,-0.02862729168425293,0.005020656869039575,0.4821491258201138
1987-07,tsmom_3m,3M,2.0,22,1987-07-01T00:00:00+00:00,1987-07-31T00:00:00+00:00,0.025207650990483277,0.025203898515971046,-0.006702679301133996,0.01824434200553221,0.5003934678256461
1987-08,tsmom_3m,3M,2.0,21,1987-08-03T00:00:00+00:00,1987-08-31T00:00:00+00:00,-0.018708201655259216,-0.018717568031986653,-0.03409849898749662,0.0484524784745195,0.5488459463001656
1987-09,tsmom_3m,3M,2.0,21,1987-09-01T00:00:00+00:00,1987-09-30T00:00:00+00:00,0.0002928455376056682,0.00029192083495566123,-0.01680422796070291,0.004644642949333533,0.544201303350832
1987-10,tsmom_3m,3M,2.0,22,1987-10-01T00:00:00+00:00,1987-10-30T00:00:00+00:00,0.016459195179727715,0.016448535530271702,-0.023657085418365198,0.052496581709284396,0.5966978850601166
1987-11,tsmom_3m,3M,2.0,20,1987-11-02T00:00:00+00:00,1987-11-30T00:00:00+00:00,-0.030201425059737774,-0.0304252836083565,-0.04382996090376179,1.1523803055704671,0.5556824205103505
1987-12,tsmom_3m,3M,2.0,22,1987-12-01T00:00:00+00:00,1987-12-31T00:00:00+00:00,-0.009413833732099919,-0.009637949879033103,-0.020991208588680976,1.1299234315513138,0.5742410110409631
1988-01,tsmom_3m,3M,2.0,20,1988-01-04T00:00:00+00:00,1988-01-29T00:00:00+00:00,-0.03793395530124899,-0.037940414621073004,-0.03716579133767117,0.033219671708704435,0.6074606827496678
1988-02,tsmom_3m,3M,2.0,20,1988-02-01T00:00:00+00:00,1988-02-29T00:00:00+00:00,0.03619879113850222,0.03594546881328098,-0.00943540403061971,1.2225275206576172,0.6150668379079495
1988-03,tsmom_3m,3M,2.0,23,1988-03-01T00:00:00+00:00,1988-03-31T00:00:00+00:00,-0.03400613432096211,-0.0340126516386533,-0.04173439363727949,0.033711039112491625,0.581355798795458
1988-04,tsmom_3m,3M,2.0,20,1988-04-04T00:00:00+00:00,1988-04-29T00:00:00+00:00,0.0070280281680334955,0.007016491587270357,-0.016969483400904095,0.05715253876275406,0.6385083375582119
1988-05,tsmom_3m,3M,2.0,21,1988-05-02T00:00:00+00:00,1988-05-31T00:00:00+00:00,-0.011384996543362558,-0.011396090684702487,-0.02689717821775861,0.05657483413637332,0.6950831716945849
1988-06,tsmom_3m,3M,2.0,22,1988-06-01T00:00:00+00:00,1988-06-30T00:00:00+00:00,-0.03660730474158935,-0.03688643174013373,-0.05486137272157021,1.4548908791824755,0.7598077074878904
1988-07,tsmom_3m,3M,2.0,20,1988-07-01T00:00:00+00:00,1988-07-29T00:00:00+00:00,-0.018509266977870475,-0.01880916056477644,-0.03620360062635508,1.5226861637763118,0.7628784562884215
1988-08,tsmom_3m,3M,2.0,23,1988-08-01T00:00:00+00:00,1988-08-31T00:00:00+00:00,0.010478704021564589,0.010453897152306935,-0.009647003168445467,0.1230465958413115,0.6398318604471102
1988-09,tsmom_3m,3M,2.0,21,1988-09-01T00:00:00+00:00,1988-09-30T00:00:00+00:00,0.07312961064940704,0.07310894582112315,-0.00751991343998204,0.09647639405168373,0.7363082544987941
1988-10,tsmom_3m,3M,2.0,21,1988-10-03T00:00:00+00:00,1988-10-31T00:00:00+00:00,-0.02923177303857849,-0.029233353973122322,-0.024281215182519467,0.008097146107629571,0.7444054006064234
1988-11,tsmom_3m,3M,2.0,20,1988-11-01T00:00:00+00:00,1988-11-30T00:00:00+00:00,-0.027612227204691475,-0.027620811998541717,-0.029640152014819288,0.044235104470873976,0.7886405050772975
1988-12,tsmom_3m,3M,2.0,21,1988-12-01T00:00:00+00:00,1988-12-30T00:00:00+00:00,0.0320511423699712,0.03205027129475746,-0.014984214005609564,0.00422790514545035,0.7928684102227479
1989-01,tsmom_3m,3M,2.0,21,1989-01-03T00:00:00+00:00,1989-01-31T00:00:00+00:00,-0.031324231957125526,-0.03162838166594928,-0.03333670571466607,1.573193637442565,0.7803252272198173
1989-02,tsmom_3m,3M,2.0,19,1989-02-01T00:00:00+00:00,1989-02-28T00:00:00+00:00,0.011335114748714403,0.011000552843330347,-0.021638839415373923,1.6489783805467328,0.8686531533269156
1989-03,tsmom_3m,3M,2.0,22,1989-03-01T00:00:00+00:00,1989-03-31T00:00:00+00:00,-0.0005025625440749915,-0.0005045321210636056,-0.0304957926397581,0.009926008841219192,0.8785791621681347
1989-04,tsmom_3m,3M,2.0,20,1989-04-03T00:00:00+00:00,1989-04-28T00:00:00+00:00,0.019874752105637716,0.019862499264216682,-0.012965228183865696,0.05993162157009957,0.8186475405980354
1989-05,tsmom_3m,3M,2.0,22,1989-05-01T00:00:00+00:00,1989-05-31T00:00:00+00:00,0.033121574333961235,0.03310758201372299,-0.014539057399061028,0.06768710410349876,0.8863346447015341
1989-06,tsmom_3m,3M,2.0,22,1989-06-01T00:00:00+00:00,1989-06-30T00:00:00+00:00,-0.029972795636012073,-0.029977754639053056,-0.04819041106492272,0.025510277936454773,0.911844922637989
1989-07,tsmom_3m,3M,2.0,20,1989-07-03T00:00:00+00:00,1989-07-31T00:00:00+00:00,-0.0039404379566858605,-0.003992681902440065,-0.023101233905316376,0.2605328113338088,0.6513121113041798
1989-08,tsmom_3m,3M,2.0,23,1989-08-01T00:00:00+00:00,1989-08-31T00:00:00+00:00,0.02129479861972894,0.02128480086774376,-0.009839686638945855,0.04893866942942171,0.6023734418747585
1989-09,tsmom_3m,3M,2.0,20,1989-09-01T00:00:00+00:00,1989-09-29T00:00:00+00:00,-0.012182612803571136,-0.012196069977982615,-0.01817239453967001,0.0680282186395258,0.670401660514284
1989-10,tsmom_3m,3M,2.0,22,1989-10-02T00:00:00+00:00,1989-10-31T00:00:00+00:00,-0.011648285333563102,-0.011664104999473235,-0.03201906651539199,0.08001440407218274,0.7504160645864669
1989-11,tsmom_3m,3M,2.0,21,1989-11-01T00:00:00+00:00,1989-11-30T00:00:00+00:00,-0.08029071324389092,-0.08030306253734232,-0.08501111879397893,0.06723870485773342,0.8176547694442002
1989-12,tsmom_3m,3M,2.0,20,1989-12-01T00:00:00+00:00,1989-12-29T00:00:00+00:00,-0.02151130966850101,-0.021814417424397603,-0.03738753998866351,1.5537722920354629,0.7361175225912626
1990-01,tsmom_3m,3M,2.0,22,1990-01-02T00:00:00+00:00,1990-01-31T00:00:00+00:00,0.020932164675346865,0.020918364639128217,-0.012251971846561238,0.06723961716743398,0.6688779054238286
1990-02,tsmom_3m,3M,2.0,19,1990-02-01T00:00:00+00:00,1990-02-28T00:00:00+00:00,-0.014194053507591287,-0.014194156077424136,-0.029252298077369843,0.0005248177596750558,0.6694027231835037
1990-03,tsmom_3m,3M,2.0,22,1990-03-01T00:00:00+00:00,1990-03-30T00:00:00+00:00,0.059040110413699276,0.05875103502206436,-0.01835117566966915,1.3645670430700123,0.6951643198865086
1990-04,tsmom_3m,3M,2.0,20,1990-04-02T00:00:00+00:00,1990-04-30T00:00:00+00:00,0.004881664437319078,0.004853166459478642,-0.015687713740509812,0.1419022822078031,0.5532620376787054
1990-05,tsmom_3m,3M,2.0,22,1990-05-01T00:00:00+00:00,1990-05-31T00:00:00+00:00,0.0036987591628330208,0.0036878454146447304,-0.01116386259599833,0.054252037321444346,0.60751407500015
1990-06,tsmom_3m,3M,2.0,21,1990-06-01T00:00:00+00:00,1990-06-29T00:00:00+00:00,0.014305658837693747,0.014303123652561478,-0.01775294501391733,0.012604371811945625,0.6201184468120957
1990-07,tsmom_3m,3M,2.0,21,1990-07-02T00:00:00+00:00,1990-07-31T00:00:00+00:00,-0.03597889178088687,-0.03599047002302125,-0.0436944014653079,0.059949681509126274,0.6800681283212219
1990-08,tsmom_3m,3M,2.0,22,1990-08-01T00:00:00+00:00,1990-08-31T00:00:00+00:00,0.01798226920872481,0.017711887781257207,-0.05291300058424009,1.335370164202569,0.6553020358813471
1990-09,tsmom_3m,3M,2.0,19,1990-09-04T00:00:00+00:00,1990-09-28T00:00:00+00:00,0.02430637428234994,0.024274510497992452,-0.01437597629966525,0.15579785431083382,0.4995041815705134
1990-10,tsmom_3m,3M,2.0,23,1990-10-01T00:00:00+00:00,1990-10-31T00:00:00+00:00,-0.03300303031186658,-0.033003950482223154,-0.043823089663327264,0.004660891409012602,0.5041650729795263
1990-11,tsmom_3m,3M,2.0,21,1990-11-01T00:00:00+00:00,1990-11-30T00:00:00+00:00,0.0056966570075449585,0.0056901861514466745,-0.012625516322622654,0.03224268386265061,0.47192238911687534
1990-12,tsmom_3m,3M,2.0,19,1990-12-03T00:00:00+00:00,1990-12-31T00:00:00+00:00,-0.014394344285073468,-0.014586153706967808,-0.03206871464194394,0.9823246985256117,0.5104023094087362
1991-01,tsmom_3m,3M,2.0,22,1991-01-02T00:00:00+00:00,1991-01-31T00:00:00+00:00,0.035543443767209526,0.03554048696320855,-0.02315438408624848,0.01437302028597065,0.524775329694707
1991-02,tsmom_3m,3M,2.0,19,1991-02-01T00:00:00+00:00,1991-02-28T00:00:00+00:00,-0.0010071131008566603,-0.0010242578182124706,-0.012949854247498283,0.08578956245333796,0.4389857672413689
1991-03,tsmom_3m,3M,2.0,20,1991-03-01T00:00:00+00:00,1991-03-28T00:00:00+00:00,0.012735991536627855,0.012726001947616972,-0.006493980188157611,0.04934591617084921,0.4883316834122181
1991-04,tsmom_3m,3M,2.0,22,1991-04-01T00:00:00+00:00,1991-04-30T00:00:00+00:00,0.0023726508575028227,0.0023600677762256606,-0.01014665050763841,0.06247789929252867,0.550809582704747
1991-05,tsmom_3m,3M,2.0,22,1991-05-01T00:00:00+00:00,1991-05-31T00:00:00+00:00,-0.01284557770123329,-0.012862913573873258,-0.019621429937323187,0.08780729867728021,0.6386168813820272
1991-06,tsmom_3m,3M,2.0,20,1991-06-03T00:00:00+00:00,1991-06-28T00:00:00+00:00,-0.010399584997063727,-0.010413132243184742,-0.020797747772407393,0.06823585721966519,0.7068527386016921
1991-07,tsmom_3m,3M,2.0,21,1991-07-01T00:00:00+00:00,1991-07-31T00:00:00+00:00,0.0017040012353257694,0.0014082743481753646,-0.015306096532423208,1.4758123496452331,0.768959611043541
1991-08,tsmom_3m,3M,2.0,22,1991-08-01T00:00:00+00:00,1991-08-30T00:00:00+00:00,-0.04119735233242594,-0.0412131700685795,-0.040095388257920694,0.08239222918751554,0.8513518402310564
1991-09,tsmom_3m,3M,2.0,20,1991-09-03T00:00:00+00:00,1991-09-30T00:00:00+00:00,-0.01178093034354688,-0.012128500969076694,-0.023499488364346566,1.758570726887355,0.9072188866562986
1991-10,tsmom_3m,3M,2.0,23,1991-10-01T00:00:00+00:00,1991-10-31T00:00:00+00:00,-0.006175997166583014,-0.0061873324568173516,-0.02313219762232288,0.05702866001366014,0.9642475466699587
1991-11,tsmom_3m,3M,2.0,20,1991-11-01T00:00:00+00:00,1991-11-29T00:00:00+00:00,-0.03371407493557177,-0.033732516628552034,-0.047525086466630784,0.09615748446157923,1.0604050311315378
1991-12,tsmom_3m,3M,2.0,21,1991-12-02T00:00:00+00:00,1991-12-31T00:00:00+00:00,-0.04654809711763708,-0.046959089036380464,-0.05255410134111593,2.1477061350374242,1.0873011039058864
1992-01,tsmom_3m,3M,2.0,22,1992-01-02T00:00:00+00:00,1992-01-31T00:00:00+00:00,-0.011364350589096128,-0.01177721249445074,-0.02510776011458349,2.0999443521424714,1.0126432482365855
1992-02,tsmom_3m,3M,2.0,19,1992-02-03T00:00:00+00:00,1992-02-28T00:00:00+00:00,0.013408774761112241,0.01340839193178267,-0.012718365303140966,0.0018914895349173566,1.0145347377715026
1992-03,tsmom_3m,3M,2.0,22,1992-03-02T00:00:00+00:00,1992-03-31T00:00:00+00:00,0.026247570006474596,0.026234804471395146,-0.021916999320728103,0.06249787972863219,1.0770326175001346
1992-04,tsmom_3m,3M,2.0,21,1992-04-01T00:00:00+00:00,1992-04-30T00:00:00+00:00,0.024975473404579063,0.02496297956882687,-0.015830003329284525,0.061127695317116704,1.1381603128172517
1992-05,tsmom_3m,3M,2.0,20,1992-05-01T00:00:00+00:00,1992-05-29T00:00:00+00:00,-0.0019695910190583588,-0.001975251096336783,-0.0145170509153697,0.028219202586547087,1.1663795154037984
1992-06,tsmom_3m,3M,2.0,22,1992-06-01T00:00:00+00:00,1992-06-30T00:00:00+00:00,-0.022862093136264305,-0.02288613468801748,-0.024157044910391612,0.12245801426151681,1.2888375296653154
1992-07,tsmom_3m,3M,2.0,22,1992-07-01T00:00:00+00:00,1992-07-31T00:00:00+00:00,-0.0648790080878987,-0.06489412912528192,-0.06563027524711973,0.08046495427397038,1.369302483939286
1992-08,tsmom_3m,3M,2.0,21,1992-08-03T00:00:00+00:00,1992-08-31T00:00:00+00:00,-0.056569572215081965,-0.057076615980178214,-0.06849939665525884,2.640904284108557,1.2716018001692713
1992-09,tsmom_3m,3M,2.0,21,1992-09-01T00:00:00+00:00,1992-09-30T00:00:00+00:00,0.012084199922697492,0.012032625666682506,-0.010384702361419307,0.25336476575329403,1.0182370344159775
1992-10,tsmom_3m,3M,2.0,22,1992-10-01T00:00:00+00:00,1992-10-30T00:00:00+00:00,-0.026897539774503043,-0.026899034597430038,-0.04073769099984215,0.007674042321569319,1.0105629920944077
1992-11,tsmom_3m,3M,2.0,20,1992-11-02T00:00:00+00:00,1992-11-30T00:00:00+00:00,0.014096435421451892,0.013676415972737166,-0.017151590515568027,2.067686398744961,1.0571234066505535
1992-12,tsmom_3m,3M,2.0,22,1992-12-01T00:00:00+00:00,1992-12-31T00:00:00+00:00,0.00784802374389848,0.007831051845979653,-0.015940118048267227,0.08402686308499563,1.1411502697355485
1993-01,tsmom_3m,3M,2.0,20,1993-01-04T00:00:00+00:00,1993-01-29T00:00:00+00:00,0.0085289600545837,0.008508155225128267,-0.015532559419862091,0.10495796268848445,1.2461082324240338
1993-02,tsmom_3m,3M,2.0,19,1993-02-01T00:00:00+00:00,1993-02-26T00:00:00+00:00,0.005543194613909064,0.005531002609968194,-0.018988040779776894,0.060623969247141085,1.3067322016711744
1993-03,tsmom_3m,3M,2.0,23,1993-03-01T00:00:00+00:00,1993-03-31T00:00:00+00:00,-0.03865323392157671,-0.03865999418655264,-0.046686463749034846,0.035133216544874335,1.2715989851262999
1993-04,tsmom_3m,3M,2.0,21,1993-04-01T00:00:00+00:00,1993-04-30T00:00:00+00:00,0.06919136793251801,0.06864222928623165,-0.015615931870785249,2.57690048066866,1.3053014955423599
1993-05,tsmom_3m,3M,2.0,20,1993-05-03T00:00:00+00:00,1993-05-28T00:00:00+00:00,0.07186315977315738,0.07182087096535295,-0.010860098402883045,0.19610387758303172,1.1091976179593284
1993-06,tsmom_3m,3M,2.0,22,1993-06-01T00:00:00+00:00,1993-06-30T00:00:00+00:00,-0.0025254664857808917,-0.002568470399974321,-0.02827536822023924,0.21098178083230468,0.8982158371270235
1993-07,tsmom_3m,3M,2.0,21,1993-07-01T00:00:00+00:00,1993-07-30T00:00:00+00:00,0.07094541136824661,0.0709335662055075,-0.01757342343013335,0.056407285657461004,0.8418085514695626
1993-08,tsmom_3m,3M,2.0,22,1993-08-02T00:00:00+00:00,1993-08-31T00:00:00+00:00,-0.0703631480919934,-0.07036902942371781,-0.07844022820695329,0.03156386885532825,0.8102446826142343
1993-09,tsmom_3m,3M,2.0,21,1993-09-01T00:00:00+00:00,1993-09-30T00:00:00+00:00,0.028691037748268533,0.028401960197558918,-0.03419721103342532,1.4120518393983161,0.6018071567840816
1993-10,tsmom_3m,3M,2.0,21,1993-10-01T00:00:00+00:00,1993-10-29T00:00:00+00:00,-0.018405697896181517,-0.018419853080592352,-0.027857524377406517,0.07212441855125806,0.5296827382328235
1993-11,tsmom_3m,3M,2.0,20,1993-11-01T00:00:00+00:00,1993-11-30T00:00:00+00:00,-0.004435765404106173,-0.004448482536576148,-0.027406903841623143,0.06463923660402848,0.594321974836852
1993-12,tsmom_3m,3M,2.0,21,1993-12-01T00:00:00+00:00,1993-12-30T00:00:00+00:00,-0.032420911327057045,-0.03242613824583929,-0.02637150473446226,0.02679827228564091,0.6211202471224928
1994-01,tsmom_3m,3M,2.0,21,1994-01-03T00:00:00+00:00,1994-01-31T00:00:00+00:00,-0.014473098611332613,-0.01472971765880815,-0.02807744770724485,1.3083307042493078,0.6872104571268148
1994-02,tsmom_3m,3M,2.0,19,1994-02-01T00:00:00+00:00,1994-02-28T00:00:00+00:00,-0.0019958408541687067,-0.0020039069667029397,-0.021524865916352276,0.0406028999276562,0.727813357054471
1994-03,tsmom_3m,3M,2.0,23,1994-03-01T00:00:00+00:00,1994-03-31T00:00:00+00:00,0.02351639273901429,0.023509599042256912,-0.01019739280023979,0.03298338608449691,0.7607967431389681
1994-04,tsmom_3m,3M,2.0,19,1994-04-04T00:00:00+00:00,1994-04-29T00:00:00+00:00,-0.03295662009145828,-0.032961485689138925,-0.03366196674324573,0.02487636720093589,0.7856731103399038
1994-05,tsmom_3m,3M,2.0,21,1994-05-02T00:00:00+00:00,1994-05-31T00:00:00+00:00,-0.026138987482931753,-0.02644836322941979,-0.032518603978411664,1.5897500874586061,0.8040769771187022
1994-06,tsmom_3m,3M,2.0,22,1994-06-01T00:00:00+00:00,1994-06-30T00:00:00+00:00,-0.005525017445689895,-0.005848767757370643,-0.02048117191236154,1.615218653350857,0.8111416762321546
1994-07,tsmom_3m,3M,2.0,20,1994-07-01T00:00:00+00:00,1994-07-29T00:00:00+00:00,-0.004559013900149567,-0.004882674177374868,-0.02125496410531269,1.6229868227551272,0.8118451465229727
1994-08,tsmom_3m,3M,2.0,23,1994-08-01T00:00:00+00:00,1994-08-31T00:00:00+00:00,0.0035134853355336393,0.003180624978624369,-0.017202184787336816,1.659196911719013,0.8473517651960407
1994-09,tsmom_3m,3M,2.0,21,1994-09-01T00:00:00+00:00,1994-09-30T00:00:00+00:00,0.016405247826077884,0.01638589159961601,-0.009290565835540665,0.09533388378314589,0.9426856489791863
1994-10,tsmom_3m,3M,2.0,21,1994-10-03T00:00:00+00:00,1994-10-31T00:00:00+00:00,-0.03300111354279445,-0.033018659331000566,-0.03450697675943715,0.09086439665375612,1.0335500456329425
1994-11,tsmom_3m,3M,2.0,20,1994-11-01T00:00:00+00:00,1994-11-30T00:00:00+00:00,0.0009977265385512357,0.0005581431875192333,-0.012307931520363247,2.1904462556702944,1.156896210037352
1994-12,tsmom_3m,3M,2.0,21,1994-12-01T00:00:00+00:00,1994-12-30T00:00:00+00:00,-2.519319191540692e-05,-4.7794140235923877e-05,-0.020913783670166608,0.11382923637912401,1.2707254464164763
1995-01,tsmom_3m,3M,2.0,21,1995-01-03T00:00:00+00:00,1995-01-31T00:00:00+00:00,0.02255454264601564,0.022533288787493166,-0.04731273632476707,0.1052273004173847,1.3759527468338606
1995-02,tsmom_3m,3M,2.0,19,1995-02-01T00:00:00+00:00,1995-02-28T00:00:00+00:00,-0.001955693937460312,-0.002002915542100858,-0.012598638648941174,0.23585658899124828,1.1400961578426125
1995-03,tsmom_3m,3M,2.0,23,1995-03-01T00:00:00+00:00,1995-03-31T00:00:00+00:00,-0.05272970203202987,-0.052755289638104386,-0.059392861670228614,0.13601643572706412,1.2761125935696769
1995-04,tsmom_3m,3M,2.0,19,1995-04-03T00:00:00+00:00,1995-04-28T00:00:00+00:00,-0.018282606528970957,-0.01877580484938246,-0.03049937419682691,2.5166577617512873,1.240545168181611
1995-05,tsmom_3m,3M,2.0,22,1995-05-01T00:00:00+00:00,1995-05-31T00:00:00+00:00,-0.002807328271665188,-0.0028174481963383347,-0.030833060000654333,0.05094405931248369,1.1896011088691272
1995-06,tsmom_3m,3M,2.0,22,1995-06-01T00:00:00+00:00,1995-06-30T00:00:00+00:00,-0.006423651107318351,-0.006433006732912028,-0.026933118431299308,0.04718571707362784,1.236786825942755
1995-07,tsmom_3m,3M,2.0,19,1995-07-05T00:00:00+00:00,1995-07-31T00:00:00+00:00,-0.010847503939795278,-0.011362709104117186,-0.031316892788636475,2.6079800333753824,1.371193207432627
1995-08,tsmom_3m,3M,2.0,23,1995-08-01T00:00:00+00:00,1995-08-31T00:00:00+00:00,0.004616047565432435,0.004590678147680549,-0.006418215382534065,0.12606185825068672,1.24513134918194
1995-09,tsmom_3m,3M,2.0,20,1995-09-01T00:00:00+00:00,1995-09-29T00:00:00+00:00,0.001120250601780448,0.001084709586606003,-0.020605460689794852,0.17894360040354296,1.4240749495854836
1995-10,tsmom_3m,3M,2.0,22,1995-10-02T00:00:00+00:00,1995-10-31T00:00:00+00:00,-0.00873733237057217,-0.009327166079838523,-0.01576381456107656,2.955128023940813,1.53105307435533
1995-11,tsmom_3m,3M,2.0,20,1995-11-01T00:00:00+00:00,1995-11-30T00:00:00+00:00,-0.02041707984805241,-0.02105898754879354,-0.03212948865489418,3.2839058774243184,1.7528528030689887
1995-12,tsmom_3m,3M,2.0,20,1995-12-01T00:00:00+00:00,1995-12-29T00:00:00+00:00,-0.0020669329999557506,-0.002732781304804033,-0.016384553433156923,3.319992394526084,1.5671395914570954
1996-01,tsmom_3m,3M,2.0,21,1996-01-02T00:00:00+00:00,1996-01-31T00:00:00+00:00,0.09237081481724663,0.09233521364416908,-0.017717573608712178,0.16571852143397803,1.7328581128910732
1996-02,tsmom_3m,3M,2.0,20,1996-02-01T00:00:00+00:00,1996-02-29T00:00:00+00:00,-0.026530780459306236,-0.02658069294796994,-0.06334907503737841,0.26116667526699433,1.4716914376240786
1996-03,tsmom_3m,3M,2.0,21,1996-03-01T00:00:00+00:00,1996-03-29T00:00:00+00:00,-0.008475966234278265,-0.00852847844458371,-0.01749611893163272,0.26400842276424763,1.2076830148598314
1996-04,tsmom_3m,3M,2.0,21,1996-04-01T00:00:00+00:00,1996-04-30T00:00:00+00:00,-0.015496448797245321,-0.015506288243037125,-0.026643374951934806,0.04986119717653148,1.2575442120363622
1996-05,tsmom_3m,3M,2.0,22,1996-05-01T00:00:00+00:00,1996-05-31T00:00:00+00:00,-0.003289846773303129,-0.0038074756779026275,-0.011814820500453793,2.5844287614793813,1.3268845494430186
1996-06,tsmom_3m,3M,2.0,20,1996-06-03T00:00:00+00:00,1996-06-28T00:00:00+00:00,0.04974710205085087,0.04971483125955256,-0.004587557831190581,0.1541692186807675,1.481053768123786
1996-07,tsmom_3m,3M,2.0,21,1996-07-01T00:00:00+00:00,1996-07-31T00:00:00+00:00,-0.04790511730337044,-0.04793350376379946,-0.04583839947718571,0.1483734978786413,1.6294272660024274
1996-08,tsmom_3m,3M,2.0,22,1996-08-01T00:00:00+00:00,1996-08-30T00:00:00+00:00,0.007220256655951385,0.007218378583049079,-0.012769307912932737,0.00936147237399676,1.6200657936284302
1996-09,tsmom_3m,3M,2.0,20,1996-09-03T00:00:00+00:00,1996-09-30T00:00:00+00:00,0.050661034295929275,0.0506280286280929,-0.008313425134052421,0.1576418306915821,1.7777076243200127
1996-10,tsmom_3m,3M,2.0,23,1996-10-01T00:00:00+00:00,1996-10-31T00:00:00+00:00,0.0066002841982237825,0.006568147047785411,-0.02568623026837913,0.15922583142092916,1.936933455740942
1996-11,tsmom_3m,3M,2.0,19,1996-11-01T00:00:00+00:00,1996-11-27T00:00:00+00:00,0.021211164065359167,0.02120137449182824,-0.028371293593367874,0.04790609613763497,1.984839551878577
1996-12,tsmom_3m,3M,2.0,21,1996-12-02T00:00:00+00:00,1996-12-31T00:00:00+00:00,0.030257233163412334,0.0302518721032925,-0.01370183065736752,0.026575122010606522,1.9582644298679694
1997-01,tsmom_3m,3M,2.0,22,1997-01-02T00:00:00+00:00,1997-01-31T00:00:00+00:00,0.13184494042684936,0.13184403398539457,-0.030902309009274487,0.004059600846858968,1.96232403071483
1997-02,tsmom_3m,3M,2.0,19,1997-02-03T00:00:00+00:00,1997-02-28T00:00:00+00:00,-0.06759545367420661,-0.0677246162437416,-0.08149551881953132,0.6862453778290922,1.276078652885737
1997-03,tsmom_3m,3M,2.0,20,1997-03-03T00:00:00+00:00,1997-03-31T00:00:00+00:00,0.034428041861009895,0.03440002638228368,-0.018647896183220825,0.13596503712355035,1.1401136157621865
1997-04,tsmom_3m,3M,2.0,22,1997-04-01T00:00:00+00:00,1997-04-30T00:00:00+00:00,0.03771309456554084,0.03768742172132655,-0.0047512410841253905,0.1234504648918715,1.016663150870315
1997-05,tsmom_3m,3M,2.0,21,1997-05-01T00:00:00+00:00,1997-05-30T00:00:00+00:00,-0.020831162000682135,-0.020847942419981114,-0.02855312174264657,0.08554865581988458,1.1022118066901998
1997-06,tsmom_3m,3M,2.0,19,1997-06-02T00:00:00+00:00,1997-06-30T00:00:00+00:00,0.03896948004074097,0.03896622010195183,-0.007885237546579882,0.01573737822421739,1.0864744284659826
1997-07,tsmom_3m,3M,2.0,22,1997-07-01T00:00:00+00:00,1997-07-31T00:00:00+00:00,0.01963119966467808,0.01962767020959877,-0.049888936322539656,0.0173189033618959,1.1037933318278779
1997-08,tsmom_3m,3M,2.0,21,1997-08-01T00:00:00+00:00,1997-08-29T00:00:00+00:00,0.002244430187298363,0.002191974968769328,-0.02565341065491966,0.2614875131815493,0.8423058186463291
1997-09,tsmom_3m,3M,2.0,21,1997-09-02T00:00:00+00:00,1997-09-30T00:00:00+00:00,-0.02460336250041728,-0.024604936397602528,-0.037661596230621375,0.008101515487125566,0.8504073341334545
1997-10,tsmom_3m,3M,2.0,23,1997-10-01T00:00:00+00:00,1997-10-31T00:00:00+00:00,-0.06992524384420196,-0.07026077817118781,-0.07984911249326687,1.799736740729895,0.9493294065964405
1997-11,tsmom_3m,3M,2.0,18,1997-11-03T00:00:00+00:00,1997-11-26T00:00:00+00:00,0.0295517475628555,0.029216798736857674,-0.007244504566058185,1.6186495165441388,0.6693201099476983
1997-12,tsmom_3m,3M,2.0,22,1997-12-01T00:00:00+00:00,1997-12-31T00:00:00+00:00,0.01984245476770674,0.01983470262153597,-0.03173766336299477,0.03826777140301463,0.707587881350713
1998-01,tsmom_3m,3M,2.0,20,1998-01-02T00:00:00+00:00,1998-01-30T00:00:00+00:00,-0.03513794326434061,-0.035142835192640276,-0.06686705385644998,0.02538023044292681,0.6822076509077861
1998-02,tsmom_3m,3M,2.0,19,1998-02-02T00:00:00+00:00,1998-02-27T00:00:00+00:00,0.008107410675439297,0.008089231899599092,-0.014821390619176755,0.09009278420669131,0.5921148667010949
1998-03,tsmom_3m,3M,2.0,22,1998-03-02T00:00:00+00:00,1998-03-31T00:00:00+00:00,0.006813708315574596,0.006568136395664004,-0.018678666318093784,1.220571513805882,0.6284566471047872
1998-04,tsmom_3m,3M,2.0,21,1998-04-01T00:00:00+00:00,1998-04-30T00:00:00+00:00,0.010265128848766958,0.010256757237858016,-0.01678714528681413,0.041304650890119254,0.6697612979949064
1998-05,tsmom_3m,3M,2.0,19,1998-05-01T00:00:00+00:00,1998-05-29T00:00:00+00:00,-0.029951825123101905,-0.029961310119140494,-0.024278632797136712,0.048398967835976525,0.718160265830883
1998-06,tsmom_3m,3M,2.0,22,1998-06-01T00:00:00+00:00,1998-06-30T00:00:00+00:00,-0.009256034830093518,-0.009544871072605376,-0.03646912193983387,1.4744852026106567,0.7563249367797737
1998-07,tsmom_3m,3M,2.0,22,1998-07-01T00:00:00+00:00,1998-07-31T00:00:00+00:00,0.017693339515765016,0.0176822101083709,-0.01474668242400834,0.05476965162449976,0.7015552851552742
1998-08,tsmom_3m,3M,2.0,21,1998-08-03T00:00:00+00:00,1998-08-31T00:00:00+00:00,0.030186561344736296,0.03017671884687334,-0.01197767556032403,0.04809097437021914,0.7496462595254931
1998-09,tsmom_3m,3M,2.0,21,1998-09-01T00:00:00+00:00,1998-09-30T00:00:00+00:00,-0.052857283992150284,-0.05285966884961257,-0.0442386255193129,0.012476218048974808,0.762122477574468
1998-10,tsmom_3m,3M,2.0,22,1998-10-01T00:00:00+00:00,1998-10-30T00:00:00+00:00,-0.012954869949725722,-0.013248190063318788,-0.02260979893649495,1.4971731055992592,0.735050628024791
1998-11,tsmom_3m,3M,2.0,19,1998-11-02T00:00:00+00:00,1998-11-30T00:00:00+00:00,0.003775522257221775,0.0037673296548075275,-0.01037188674729872,0.040507203504472344,0.7755578315292637
1998-12,tsmom_3m,3M,2.0,22,1998-12-01T00:00:00+00:00,1998-12-31T00:00:00+00:00,-0.016399134586737363,-0.01640806827524366,-0.027147493076909557,0.04551426373449108,0.8210720952637548
1999-01,tsmom_3m,3M,2.0,19,1999-01-04T00:00:00+00:00,1999-01-29T00:00:00+00:00,0.0024920992694461575,0.002152595071587937,-0.017521347119233588,1.697921770000087,0.8768496747363322
1999-02,tsmom_3m,3M,2.0,19,1999-02-01T00:00:00+00:00,1999-02-26T00:00:00+00:00,-0.000805675546695972,-0.0008147867699711542,-0.010256065005036619,0.045199008919169725,0.9220486836555019
1999-03,tsmom_3m,3M,2.0,23,1999-03-01T00:00:00+00:00,1999-03-31T00:00:00+00:00,0.021079631746296235,0.021069504393187,-0.025822370701488295,0.04969168844423222,0.9717403720997343
1999-04,tsmom_3m,3M,2.0,21,1999-04-01T00:00:00+00:00,1999-04-30T00:00:00+00:00,-0.020202247771490822,-0.02020366670142404,-0.025532817739191915,0.007238455347499673,0.9645019167522344
1999-05,tsmom_3m,3M,2.0,19,1999-05-03T00:00:00+00:00,1999-05-28T00:00:00+00:00,0.05901341270267291,0.05899775514986305,-0.011143118175426903,0.07397853596442583,1.0384804527166607
1999-06,tsmom_3m,3M,2.0,22,1999-06-01T00:00:00+00:00,1999-06-30T00:00:00+00:00,0.029745911431670713,0.02972911221936725,-0.013586320983666744,0.08228657563266983,0.9561938770839905
1999-07,tsmom_3m,3M,2.0,21,1999-07-01T00:00:00+00:00,1999-07-30T00:00:00+00:00,0.017549652610804545,0.017539919695182427,-0.022682152492913388,0.04767955422713688,1.0038734313111275
1999-08,tsmom_3m,3M,2.0,22,1999-08-02T00:00:00+00:00,1999-08-31T00:00:00+00:00,0.005173884328397271,0.005167383746693455,-0.022946423016167894,0.032456980859022266,0.9714164504521048
1999-09,tsmom_3m,3M,2.0,21,1999-09-01T00:00:00+00:00,1999-09-30T00:00:00+00:00,-0.1589062198861888,-0.1589188414589402,-0.1939436566653061,0.07554972642650304,1.0469661768786085
1999-10,tsmom_3m,3M,2.0,21,1999-10-01T00:00:00+00:00,1999-10-29T00:00:00+00:00,0.001669197625542962,0.001379083816525517,-0.04631395485197509,1.4597274107239373,0.4127612338453289
1999-11,tsmom_3m,3M,2.0,20,1999-11-01T00:00:00+00:00,1999-11-30T00:00:00+00:00,-0.009365703283042204,-0.009367950555552174,-0.011719825960866848,0.011210597768177621,0.40155063607715136
1999-12,tsmom_3m,3M,2.0,21,1999-12-01T00:00:00+00:00,1999-12-30T00:00:00+00:00,-0.004737296378691913,-0.004742654951337633,-0.020291147687231503,0.026877093494226734,0.4284277295713782
2000-01,tsmom_3m,3M,2.0,18,2000-01-04T00:00:00+00:00,2000-01-31T00:00:00+00:00,0.0051731796477128,0.004993965855834448,-0.01304603159487161,0.9000221985959208,0.4715944690245428
2000-02,tsmom_3m,3M,2.0,20,2000-02-01T00:00:00+00:00,2000-02-29T00:00:00+00:00,-0.01807035635515053,-0.018078596274030634,-0.05830646379845372,0.042018024272570176,0.513612493297113
2000-03,tsmom_3m,3M,2.0,23,2000-03-01T00:00:00+00:00,2000-03-31T00:00:00+00:00,-0.017378790121999832,-0.0175583313717651,-0.02054019751542424,0.9124685042194906,0.39885601092237777
2000-04,tsmom_3m,3M,2.0,19,2000-04-03T00:00:00+00:00,2000-04-28T00:00:00+00:00,0.010617593644943968,0.010445858250858198,-0.009997940500817704,0.8510209329270975,0.45216492200471975
2000-05,tsmom_3m,3M,2.0,22,2000-05-01T00:00:00+00:00,2000-05-31T00:00:00+00:00,-0.0005290502157124788,-0.00054016661620504,-0.01168927419101462,0.0556011442681516,0.5077660662728715
2000-06,tsmom_3m,3M,2.0,22,2000-06-01T00:00:00+00:00,2000-06-30T00:00:00+00:00,-0.0344473723718427,-0.03445947861289578,-0.03843249213267874,0.0626126633440598,0.5703787296169309
2000-07,tsmom_3m,3M,2.0,19,2000-07-05T00:00:00+00:00,2000-07-31T00:00:00+00:00,-0.015818209303024133,-0.01604294799888928,-0.011741903090433214,1.1282074992300264,0.5578287696130954
2000-08,tsmom_3m,3M,2.0,23,2000-08-01T00:00:00+00:00,2000-08-31T00:00:00+00:00,-0.002208778220254559,-0.002215907160299846,-0.01573974671866385,0.0357236057501229,0.5935523753632183
2000-09,tsmom_3m,3M,2.0,20,2000-09-01T00:00:00+00:00,2000-09-29T00:00:00+00:00,-0.012500977411254,-0.012518160551099222,-0.020420781105599306,0.08675154829378784,0.6803039236570059
2000-10,tsmom_3m,3M,2.0,22,2000-10-02T00:00:00+00:00,2000-10-31T00:00:00+00:00,0.027904331553642248,0.027614479427783056,-0.018006765355782384,1.4121536721065768,0.7318497484495708
2000-11,tsmom_3m,3M,2.0,20,2000-11-01T00:00:00+00:00,2000-11-30T00:00:00+00:00,-0.01964791564210655,-0.019653203363121152,-0.02267740319178624,0.027045304727334574,0.7588950531769054
2000-12,tsmom_3m,3M,2.0,20,2000-12-01T00:00:00+00:00,2000-12-29T00:00:00+00:00,-0.00147547138727544,-0.0014906651291010098,-0.01734924143215477,0.07640650692096917,0.8353015600978747
2001-01,tsmom_3m,3M,2.0,21,2001-01-02T00:00:00+00:00,2001-01-31T00:00:00+00:00,0.017385861092755306,0.01738046686853112,-0.013845661397243081,0.026810939077959173,0.8621124991758335
2001-02,tsmom_3m,3M,2.0,19,2001-02-01T00:00:00+00:00,2001-02-28T00:00:00+00:00,-0.0006209173019035008,-0.0009713109182794,-0.046325785101741124,1.7690748008479487,0.9069623016721148
2001-03,tsmom_3m,3M,2.0,22,2001-03-01T00:00:00+00:00,2001-03-30T00:00:00+00:00,0.026676274662005506,0.026317047455298503,-0.03625207595131463,1.7583659702968628,0.8514036686247479
2001-04,tsmom_3m,3M,2.0,20,2001-04-02T00:00:00+00:00,2001-04-30T00:00:00+00:00,-0.016370438023954437,-0.016381097774505138,-0.028751679853631917,0.05461887474409399,0.796784793880654
2001-05,tsmom_3m,3M,2.0,22,2001-05-01T00:00:00+00:00,2001-05-31T00:00:00+00:00,-0.011075283723589457,-0.011080467490466539,-0.068475813755834,0.026176476704661722,0.8229612705853158
2001-06,tsmom_3m,3M,2.0,21,2001-06-01T00:00:00+00:00,2001-06-29T00:00:00+00:00,-0.010943724443550185,-0.010986760310268351,-0.024020132282256856,0.21701693216586015,0.6059443384194554
2001-07,tsmom_3m,3M,2.0,21,2001-07-02T00:00:00+00:00,2001-07-31T00:00:00+00:00,-0.004637015636665409,-0.004879320171970902,-0.00969337197149478,1.2138936756976078,0.6079493372781521
2001-08,tsmom_3m,3M,2.0,23,2001-08-01T00:00:00+00:00,2001-08-31T00:00:00+00:00,0.018597149940020374,0.018581626260706363,-0.01849415027381407,0.07641436195448192,0.6843636992326341
2001-09,tsmom_3m,3M,2.0,16,2001-09-04T00:00:00+00:00,2001-09-28T00:00:00+00:00,0.04656140560528388,0.04655026221333092,-0.006305203349527111,0.05284067639408063,0.7372043756267148
2001-10,tsmom_3m,3M,2.0,23,2001-10-01T00:00:00+00:00,2001-10-31T00:00:00+00:00,-0.029386044395175004,-0.02940532695143605,-0.03789762925308271,0.09915929096742937,0.6380450846592856
2001-11,tsmom_3m,3M,2.0,20,2001-11-01T00:00:00+00:00,2001-11-30T00:00:00+00:00,-0.013530547143851712,-0.013538471367207427,-0.02128245596543543,0.040183988335596776,0.6782290729948823
2001-12,tsmom_3m,3M,2.0,19,2001-12-03T00:00:00+00:00,2001-12-31T00:00:00+00:00,-0.011746336047999018,-0.012032723235577691,-0.02190196646507503,1.4369584212562145,0.7587293482613321
2002-01,tsmom_3m,3M,2.0,21,2002-01-02T00:00:00+00:00,2002-01-31T00:00:00+00:00,-0.011820622778461742,-0.011828856013512024,-0.025984559365107796,0.04163470480662812,0.8003640530679603
2002-02,tsmom_3m,3M,2.0,19,2002-02-01T00:00:00+00:00,2002-02-28T00:00:00+00:00,0.04084342065412905,0.040511137796006125,-0.03162404982547995,1.6141261892392968,0.8137621361713364
2002-03,tsmom_3m,3M,2.0,20,2002-03-01T00:00:00+00:00,2002-03-28T00:00:00+00:00,0.01608452880734701,0.01606581954314712,-0.02010327167870174,0.09235610549983586,0.7214060306715007
2002-04,tsmom_3m,3M,2.0,22,2002-04-01T00:00:00+00:00,2002-04-30T00:00:00+00:00,0.013651716533647162,0.013645925728874131,-0.018360341112858447,0.02859934555790955,0.7500053762294102
2002-05,tsmom_3m,3M,2.0,22,2002-05-01T00:00:00+00:00,2002-05-31T00:00:00+00:00,0.046738547865611935,0.04672963849363421,-0.012424605648846843,0.04257958946370288,0.7925849656931131
2002-06,tsmom_3m,3M,2.0,20,2002-06-03T00:00:00+00:00,2002-06-28T00:00:00+00:00,-0.03293891264008053,-0.03293898881726087,-0.03597305868500322,0.0003940499252502727,0.7929790156183636
2002-07,tsmom_3m,3M,2.0,22,2002-07-01T00:00:00+00:00,2002-07-31T00:00:00+00:00,-0.021686252377883353,-0.02168721779412419,-0.047375373430133316,0.004940276425728363,0.7880387391926349
2002-08,tsmom_3m,3M,2.0,22,2002-08-01T00:00:00+00:00,2002-08-30T00:00:00+00:00,-0.020277790796587203,-0.02056501838003999,-0.022461407165717207,1.4632678906197762,0.675229151427141
2002-09,tsmom_3m,3M,2.0,20,2002-09-03T00:00:00+00:00,2002-09-30T00:00:00+00:00,-0.022823465535045884,-0.022830781176259696,-0.024293001481250798,0.03734887262344022,0.6378802788037009
2002-10,tsmom_3m,3M,2.0,23,2002-10-01T00:00:00+00:00,2002-10-31T00:00:00+00:00,-0.014463514609172945,-0.014727881585518743,-0.026074976270282768,1.3326376005005156,0.6947573216968145
2002-11,tsmom_3m,3M,2.0,19,2002-11-01T00:00:00+00:00,2002-11-27T00:00:00+00:00,-0.0013142739499814038,-0.0013234725405451009,-0.016204659024273815,0.046139210520784846,0.7408965322175994
2002-12,tsmom_3m,3M,2.0,21,2002-12-02T00:00:00+00:00,2002-12-31T00:00:00+00:00,0.07396687755950104,0.07395866166961729,-0.012478093645141297,0.03831585130131543,0.7792123835189151
2003-01,tsmom_3m,3M,2.0,21,2003-01-02T00:00:00+00:00,2003-01-31T00:00:00+00:00,0.04383470761544106,0.04382504139548815,-0.009160855133516499,0.04613577158456017,0.7330766119343547
2003-02,tsmom_3m,3M,2.0,19,2003-02-03T00:00:00+00:00,2003-02-28T00:00:00+00:00,-0.03617366513409637,-0.0361775039634884,-0.06753060524339682,0.02001071085587347,0.7130659010784813
2003-03,tsmom_3m,3M,2.0,21,2003-03-03T00:00:00+00:00,2003-03-31T00:00:00+00:00,-0.024036711406860256,-0.024061221578819403,-0.05140554019352683,0.12535845810178137,0.5877074429767001
2003-04,tsmom_3m,3M,2.0,21,2003-04-01T00:00:00+00:00,2003-04-30T00:00:00+00:00,-0.00670556035372305,-0.006936474091154943,-0.030006151985397245,1.1637583564506744,0.5760509134739744
2003-05,tsmom_3m,3M,2.0,21,2003-05-01T00:00:00+00:00,2003-05-30T00:00:00+00:00,-0.04565002882077218,-0.04565735444043728,-0.05256559239814018,0.03817178017909839,0.6142226936530728
2003-06,tsmom_3m,3M,2.0,21,2003-06-02T00:00:00+00:00,2003-06-30T00:00:00+00:00,-0.032399505443021615,-0.03263659952670861,-0.042307260792616264,1.228251680204046,0.6140289865509732
2003-07,tsmom_3m,3M,2.0,22,2003-07-01T00:00:00+00:00,2003-07-31T00:00:00+00:00,0.012985192982425176,0.012977494845803905,-0.017264995758949242,0.03833838203193507,0.5756906045190378
2003-08,tsmom_3m,3M,2.0,21,2003-08-01T00:00:00+00:00,2003-08-29T00:00:00+00:00,0.038320991853987296,0.03831641186983825,-0.012410717960115392,0.02179419071059241,0.5974847952296306
2003-09,tsmom_3m,3M,2.0,21,2003-09-02T00:00:00+00:00,2003-09-30T00:00:00+00:00,0.014726863234493459,0.014725894989596089,-0.012735596284942918,0.004752200523036487,0.5927325947065937
2003-10,tsmom_3m,3M,2.0,23,2003-10-01T00:00:00+00:00,2003-10-31T00:00:00+00:00,-0.0020729362508138394,-0.0020797776631278353,-0.024725920096376197,0.03421689100553593,0.6269494857121298
2003-11,tsmom_3m,3M,2.0,18,2003-11-03T00:00:00+00:00,2003-11-26T00:00:00+00:00,0.020974925642396558,0.02096922423500014,-0.009788451902581596,0.02759504613867203,0.5993544395734579
2003-12,tsmom_3m,3M,2.0,21,2003-12-01T00:00:00+00:00,2003-12-31T00:00:00+00:00,0.027627900497936064,0.027625537104545073,-0.005233851001637202,0.01160164871050906,0.6109560882839669
2004-01,tsmom_3m,3M,2.0,19,2004-01-05T00:00:00+00:00,2004-01-30T00:00:00+00:00,-0.02114270137562746,-0.02115524278270653,-0.04351653613831452,0.06496681596111098,0.6759229042450777
2004-02,tsmom_3m,3M,2.0,19,2004-02-02T00:00:00+00:00,2004-02-27T00:00:00+00:00,-0.008473771109202777,-0.008493271110358913,-0.029262213240610846,0.09782532585639325,0.5780975783886845
2004-03,tsmom_3m,3M,2.0,23,2004-03-01T00:00:00+00:00,2004-03-31T00:00:00+00:00,-0.04312244748299554,-0.04334176547886115,-0.04859229348625527,1.1414529615354327,0.5633553831467479
2004-04,tsmom_3m,3M,2.0,21,2004-04-01T00:00:00+00:00,2004-04-30T00:00:00+00:00,-0.05600216751151754,-0.05621876530336645,-0.05878216899686817,1.148019736887226,0.5846643537404782
2004-05,tsmom_3m,3M,2.0,20,2004-05-03T00:00:00+00:00,2004-05-28T00:00:00+00:00,-0.010851701887328535,-0.011074331027832285,-0.029974776638751588,1.126458312562534,0.5417939588220559
2004-06,tsmom_3m,3M,2.0,21,2004-06-01T00:00:00+00:00,2004-06-30T00:00:00+00:00,0.001738042053998523,0.001737684987703103,-0.026705844595724115,0.0017814979129376907,0.5435754567349935
2004-07,tsmom_3m,3M,2.0,21,2004-07-01T00:00:00+00:00,2004-07-30T00:00:00+00:00,-0.001874607069873635,-0.0018781909253402507,-0.02168921364570331,0.017865730113234113,0.5614411868482276
2004-08,tsmom_3m,3M,2.0,22,2004-08-02T00:00:00+00:00,2004-08-31T00:00:00+00:00,0.0279435288884764,0.027707250170778908,-0.014915239580748807,1.1504823457384816,0.5890411588902539
2004-09,tsmom_3m,3M,2.0,21,2004-09-01T00:00:00+00:00,2004-09-30T00:00:00+00:00,0.01186909340946829,0.011865163238642173,-0.016942841050425983,0.019374510658040522,0.6084156695482946
2004-10,tsmom_3m,3M,2.0,21,2004-10-01T00:00:00+00:00,2004-10-29T00:00:00+00:00,0.014612702566030755,0.014598541508029417,-0.015847354772623334,0.06987561070969794,0.6782912802579925
2004-11,tsmom_3m,3M,2.0,20,2004-11-01T00:00:00+00:00,2004-11-30T00:00:00+00:00,0.03907310569182432,0.039066917769002174,-0.012235551463358862,0.02971725171636852,0.708008531974361
2004-12,tsmom_3m,3M,2.0,21,2004-12-01T00:00:00+00:00,2004-12-30T00:00:00+00:00,-0.02347292962371561,-0.02347577776308729,-0.03564769009695423,0.014645787006287159,0.7226543189806482
2005-01,tsmom_3m,3M,2.0,20,2005-01-03T00:00:00+00:00,2005-01-31T00:00:00+00:00,-0.022087752441868447,-0.02209665461156185,-0.016125927430774456,0.04490401155860679,0.6777503074220413
2005-02,tsmom_3m,3M,2.0,19,2005-02-01T00:00:00+00:00,2005-02-28T00:00:00+00:00,-0.0225316069446303,-0.022802621490268238,-0.038554381208111166,1.3890988142486953,0.7113485068266541
2005-03,tsmom_3m,3M,2.0,22,2005-03-01T00:00:00+00:00,2005-03-31T00:00:00+00:00,0.01040470629512713,0.010396389725499944,-0.027287237530050246,0.04141658669231707,0.7527650935189709
2005-04,tsmom_3m,3M,2.0,21,2005-04-01T00:00:00+00:00,2005-04-29T00:00:00+00:00,-0.00932428853832501,-0.009326423421319063,-0.02359975926805724,0.010828321651528916,0.7635934151705002
2005-05,tsmom_3m,3M,2.0,21,2005-05-02T00:00:00+00:00,2005-05-31T00:00:00+00:00,-0.03232963488393792,-0.032639019725119955,-0.026266199518055977,1.5818103358444142,0.8182169206739142
2005-06,tsmom_3m,3M,2.0,22,2005-06-01T00:00:00+00:00,2005-06-30T00:00:00+00:00,-0.036883062143291956,-0.03720669861808257,-0.050648719712195533,1.6843200942501846,0.8661031735762702
2005-07,tsmom_3m,3M,2.0,20,2005-07-01T00:00:00+00:00,2005-07-29T00:00:00+00:00,-0.002596116915023594,-0.002952822314898129,-0.01789014151147572,1.7578885704621525,0.8917853968858823
2005-08,tsmom_3m,3M,2.0,23,2005-08-01T00:00:00+00:00,2005-08-31T00:00:00+00:00,-0.005620170249442391,-0.005972838458383811,-0.027387426654586156,1.7665443433167245,0.8747589464308421
2005-09,tsmom_3m,3M,2.0,21,2005-09-01T00:00:00+00:00,2005-09-30T00:00:00+00:00,0.06570846759889815,0.06534321860836911,-0.01635884941853183,1.7421436042991014,0.8673846578682594
2005-10,tsmom_3m,3M,2.0,21,2005-10-03T00:00:00+00:00,2005-10-31T00:00:00+00:00,-0.007300237486510985,-0.007311197846578188,-0.025865264775712826,0.05493840500090952,0.8124462528673497
2005-11,tsmom_3m,3M,2.0,20,2005-11-01T00:00:00+00:00,2005-11-30T00:00:00+00:00,0.05171901459656025,0.051716896375039845,-0.011422165541093876,0.009957826179076035,0.8024884266882738
2005-12,tsmom_3m,3M,2.0,21,2005-12-01T00:00:00+00:00,2005-12-30T00:00:00+00:00,0.03307261427063368,0.033059526805106376,-0.050491375770412183,0.06432026141839542,0.7381681652698782
2006-01,tsmom_3m,3M,2.0,20,2006-01-03T00:00:00+00:00,2006-01-31T00:00:00+00:00,0.06563244089741205,0.0656122096941214,-0.014760329065723221,0.09664896470575146,0.6415192005641266
2006-02,tsmom_3m,3M,2.0,19,2006-02-01T00:00:00+00:00,2006-02-28T00:00:00+00:00,-0.008493966948053822,-0.008509377828780584,-0.032645501825427914,0.077783296325734,0.5637359042383927
2006-03,tsmom_3m,3M,2.0,23,2006-03-01T00:00:00+00:00,2006-03-31T00:00:00+00:00,0.019966614072467692,0.019954867308078716,-0.026642576421448183,0.05764090237713737,0.5060950018612557
2006-04,tsmom_3m,3M,2.0,19,2006-04-03T00:00:00+00:00,2006-04-28T00:00:00+00:00,0.06048606541954693,0.06048181768836147,-0.0069957596677378,0.0201693474296315,0.526264349290887
2006-05,tsmom_3m,3M,2.0,22,2006-05-01T00:00:00+00:00,2006-05-31T00:00:00+00:00,-0.005567525452797928,-0.005568384076138577,-0.059933494771579277,0.004325198470651936,0.5305895477615388
2006-06,tsmom_3m,3M,2.0,22,2006-06-01T00:00:00+00:00,2006-06-30T00:00:00+00:00,-0.018917632986609645,-0.01894104860516399,-0.05362651618731629,0.1183845434028461,0.4122050043586929
2006-07,tsmom_3m,3M,2.0,19,2006-07-05T00:00:00+00:00,2006-07-31T00:00:00+00:00,0.019507252418340837,0.01949887952934981,-0.031300930852895426,0.04141238127656305,0.37079262308212974
2006-08,tsmom_3m,3M,2.0,23,2006-08-01T00:00:00+00:00,2006-08-31T00:00:00+00:00,0.006420419022738821,0.006275605944467522,-0.00822554239915907,0.7150420498369003,0.3442494267547706
2006-09,tsmom_3m,3M,2.0,20,2006-09-01T00:00:00+00:00,2006-09-29T00:00:00+00:00,0.01765361870669313,0.017645418667710855,-0.01775299083850146,0.04031340635945718,0.3845628331142278
2006-10,tsmom_3m,3M,2.0,22,2006-10-02T00:00:00+00:00,2006-10-31T00:00:00+00:00,-0.00296506141217745,-0.002968609930043775,-0.02781365492516541,0.017806028267077445,0.4023688613813052
2006-11,tsmom_3m,3M,2.0,21,2006-11-01T00:00:00+00:00,2006-11-30T00:00:00+00:00,-0.03038797054448028,-0.030390501037464213,-0.022290635679851234,0.01293905514916005,0.4153079165304653
2006-12,tsmom_3m,3M,2.0,20,2006-12-01T00:00:00+00:00,2006-12-29T00:00:00+00:00,-0.009575078017494465,-0.00974737073096088,-0.023228897070312726,0.8689445275921175,0.4536366110616522
2007-01,tsmom_3m,3M,2.0,21,2007-01-02T00:00:00+00:00,2007-01-31T00:00:00+00:00,0.015580094181897541,0.015570911304338741,-0.02750763901787734,0.04534437512551753,0.4989809861871699
2007-02,tsmom_3m,3M,2.0,19,2007-02-01T00:00:00+00:00,2007-02-28T00:00:00+00:00,0.011435930112531967,0.011432564233685438,-0.013038295898906815,0.016703046912046215,0.515684033099216
2007-03,tsmom_3m,3M,2.0,22,2007-03-01T00:00:00+00:00,2007-03-30T00:00:00+00:00,-0.0021553619134335733,-0.002156659456231891,-0.020260539867290372,0.006464332492640779,0.5221483655918567
2007-04,tsmom_3m,3M,2.0,20,2007-04-02T00:00:00+00:00,2007-04-30T00:00:00+00:00,0.011592526944363746,0.011587599844814278,-0.013410379161593489,0.02439896326431512,0.5465473288561717
2007-05,tsmom_3m,3M,2.0,22,2007-05-01T00:00:00+00:00,2007-05-31T00:00:00+00:00,-0.014472712610648086,-0.014483610138478098,-0.03227296490205056,0.0549906857972553,0.601538014653427
2007-06,tsmom_3m,3M,2.0,21,2007-06-01T00:00:00+00:00,2007-06-29T00:00:00+00:00,0.013649758373012633,0.013397807640624704,-0.013690947752733051,1.2310464591034864,0.629508444450059
2007-07,tsmom_3m,3M,2.0,21,2007-07-02T00:00:00+00:00,2007-07-31T00:00:00+00:00,-0.02733998923841674,-0.027343010889960495,-0.033028609985934154,0.015411382420140063,0.6449198268701991
2007-08,tsmom_3m,3M,2.0,23,2007-08-01T00:00:00+00:00,2007-08-31T00:00:00+00:00,-0.004153286558723157,-0.0041584610642405595,-0.02376110637217166,0.02606263589612623,0.6709824627663253
2007-09,tsmom_3m,3M,2.0,19,2007-09-04T00:00:00+00:00,2007-09-28T00:00:00+00:00,0.06325848245511767,0.06298125392291865,-0.004094637220585673,1.3151339330983358,0.6441514703320105
2007-10,tsmom_3m,3M,2.0,23,2007-10-01T00:00:00+00:00,2007-10-31T00:00:00+00:00,0.040779553415122516,0.04077426787076721,-0.016173001980434587,0.02548753424589223,0.6696390045779027
2007-11,tsmom_3m,3M,2.0,21,2007-11-01T00:00:00+00:00,2007-11-30T00:00:00+00:00,-0.0045251477016724495,-0.004527389869313114,-0.04638487093374244,0.0112412858850931,0.6583977186928095
2007-12,tsmom_3m,3M,2.0,20,2007-12-03T00:00:00+00:00,2007-12-31T00:00:00+00:00,0.03252695397401184,0.03250014766796672,-0.013519790245754337,0.13022633564539687,0.5281713830474127
2008-01,tsmom_3m,3M,2.0,22,2008-01-02T00:00:00+00:00,2008-01-31T00:00:00+00:00,0.05820133213575973,0.05819680161975738,-0.02295689035033044,0.021710127614137376,0.54988151066155
2008-02,tsmom_3m,3M,2.0,21,2008-02-01T00:00:00+00:00,2008-02-29T00:00:00+00:00,0.02540742182840816,0.025399342223928256,-0.012446203672031086,0.039069517903238205,0.5108119927583118
2008-03,tsmom_3m,3M,2.0,20,2008-03-03T00:00:00+00:00,2008-03-31T00:00:00+00:00,-0.028366825022189013,-0.028370270283650245,-0.04770448237557412,0.017819689239031655,0.5286316819973434
2008-04,tsmom_3m,3M,2.0,22,2008-04-01T00:00:00+00:00,2008-04-30T00:00:00+00:00,-0.026937667843567326,-0.026954581101743758,-0.03978832687492784,0.08551872854584275,0.4431129534515007
2008-05,tsmom_3m,3M,2.0,21,2008-05-01T00:00:00+00:00,2008-05-30T00:00:00+00:00,-0.013459015761661752,-0.013630397346379497,-0.03771808800273113,0.874801532935227,0.4316885794837262
2008-06,tsmom_3m,3M,2.0,21,2008-06-02T00:00:00+00:00,2008-06-30T00:00:00+00:00,-0.019994851437778127,-0.019997103150835693,-0.029794613484875665,0.011460232941787607,0.4431488124255138
2008-07,tsmom_3m,3M,2.0,22,2008-07-01T00:00:00+00:00,2008-07-31T00:00:00+00:00,-0.0024018216693247885,-0.002575494872079531,-0.026482684943706536,0.8756083700233037,0.4324595575977899
2008-08,tsmom_3m,3M,2.0,21,2008-08-01T00:00:00+00:00,2008-08-29T00:00:00+00:00,-0.04338401208392817,-0.043388182356416394,-0.06374859529546018,0.021747609523172007,0.45420716712096204
2008-09,tsmom_3m,3M,2.0,21,2008-09-02T00:00:00+00:00,2008-09-30T00:00:00+00:00,-0.0239968503587058,-0.024165966559943963,-0.08805904565326117,0.8781176450262533,0.42391047790529146
2008-10,tsmom_3m,3M,2.0,23,2008-10-01T00:00:00+00:00,2008-10-31T00:00:00+00:00,0.04970488658223493,0.04967593758131339,-0.02448645204495392,0.13752739032828448,0.2863830875770069
2008-11,tsmom_3m,3M,2.0,19,2008-11-03T00:00:00+00:00,2008-11-28T00:00:00+00:00,-0.03262676775285234,-0.03263316325885535,-0.037175770005657416,0.033074549072515946,0.2533085385044911
2008-12,tsmom_3m,3M,2.0,22,2008-12-01T00:00:00+00:00,2008-12-31T00:00:00+00:00,-0.01929468409141455,-0.019296085521278372,-0.03719441402523349,0.007249236487185118,0.24605930201730597
2009-01,tsmom_3m,3M,2.0,20,2009-01-02T00:00:00+00:00,2009-01-30T00:00:00+00:00,0.014949430632668514,0.014846314094822288,-0.019990377938406634,0.5074153726546922,0.2613560706373864
2009-02,tsmom_3m,3M,2.0,19,2009-02-02T00:00:00+00:00,2009-02-27T00:00:00+00:00,0.004248663738616987,0.004246164849822209,-0.014624143363427211,0.012349374533248081,0.2737054451706344
2009-03,tsmom_3m,3M,2.0,22,2009-03-02T00:00:00+00:00,2009-03-31T00:00:00+00:00,-0.005959439311514658,-0.005962936357938098,-0.013350595451479763,0.01750627202641364,0.291211717197048
2009-04,tsmom_3m,3M,2.0,21,2009-04-01T00:00:00+00:00,2009-04-30T00:00:00+00:00,-0.01064482930190902,-0.010649597635611241,-0.020599329099307395,0.02415349942120304,0.3153652166182511
2009-05,tsmom_3m,3M,2.0,20,2009-05-01T00:00:00+00:00,2009-05-29T00:00:00+00:00,-0.03358698846903063,-0.033714496741620636,-0.03482410212671849,0.6605442224127516,0.3451790057945005
2009-06,tsmom_3m,3M,2.0,22,2009-06-01T00:00:00+00:00,2009-06-30T00:00:00+00:00,-0.02061340851373572,-0.020757201453291074,-0.023874337627735498,0.7327032801227065,0.387524274328206
2009-07,tsmom_3m,3M,2.0,22,2009-07-01T00:00:00+00:00,2009-07-31T00:00:00+00:00,0.011726132813431933,0.011718736107182437,-0.014618970754136096,0.036767188253677696,0.42429146258188377
2009-08,tsmom_3m,3M,2.0,21,2009-08-03T00:00:00+00:00,2009-08-31T00:00:00+00:00,-0.0002520170022760615,-0.0002619259023132203,-0.01580826678647773,0.0496728164207349,0.47396427900261867
2009-09,tsmom_3m,3M,2.0,21,2009-09-01T00:00:00+00:00,2009-09-30T00:00:00+00:00,-0.029929650326291135,-0.030123432966096098,-0.03247186542669822,0.9959602076831725,0.5219959286805538
2009-10,tsmom_3m,3M,2.0,22,2009-10-01T00:00:00+00:00,2009-10-30T00:00:00+00:00,0.020910614848308917,0.020688486280266538,-0.018871454020156442,1.0822702033791383,0.560274274698584
2009-11,tsmom_3m,3M,2.0,21,2009-11-02T00:00:00+00:00,2009-11-30T00:00:00+00:00,0.07158056804943946,0.07157856608395519,-0.007037589204721639,0.009413471721314792,0.5696877464198989
2009-12,tsmom_3m,3M,2.0,22,2009-12-01T00:00:00+00:00,2009-12-31T00:00:00+00:00,-0.04051298167907347,-0.04051502132790341,-0.06412034490265683,0.01073031042055228,0.5804180568404511
2010-01,tsmom_3m,3M,2.0,20,2010-01-04T00:00:00+00:00,2010-01-29T00:00:00+00:00,-0.006948379023632323,-0.006962895080634857,-0.031032683684435125,0.07390465003300306,0.5065134068074483
2010-02,tsmom_3m,3M,2.0,20,2010-02-01T00:00:00+00:00,2010-02-26T00:00:00+00:00,0.017752654062346718,0.017749938362978446,-0.02445755205247424,0.0135045899367916,0.52001799674424
2010-03,tsmom_3m,3M,2.0,23,2010-03-01T00:00:00+00:00,2010-03-31T00:00:00+00:00,0.0009685994110157914,0.0007631784877493164,-0.012346788055112246,1.0262966428632962,0.5062786461190566
2010-04,tsmom_3m,3M,2.0,21,2010-04-01T00:00:00+00:00,2010-04-30T00:00:00+00:00,0.03171252680751668,0.031496969448994605,-0.012865330818810916,1.0512511860356604,0.5449725399166038
2010-05,tsmom_3m,3M,2.0,21,2010-05-03T00:00:00+00:00,2010-05-31T00:00:00+00:00,0.019568553309156522,0.01955924575823631,-0.028454872288022237,0.04572000973916579,0.5906925496557699
2010-06,tsmom_3m,3M,2.0,22,2010-06-01T00:00:00+00:00,2010-06-30T00:00:00+00:00,0.012035901248778291,0.012034598815859443,-0.011798886060710556,0.006461880421304578,0.5842306692344651
2010-07,tsmom_3m,3M,2.0,22,2010-07-01T00:00:00+00:00,2010-07-30T00:00:00+00:00,-0.0291169882391783,-0.029121492921289738,-0.025130714117882258,0.022713906989922927,0.6069445762243879
2010-08,tsmom_3m,3M,2.0,22,2010-08-02T00:00:00+00:00,2010-08-31T00:00:00+00:00,0.03348642450115924,0.033485541612509495,-0.003695477627336685,0.004272932391478523,0.6026716438329095
2010-09,tsmom_3m,3M,2.0,22,2010-09-01T00:00:00+00:00,2010-09-30T00:00:00+00:00,0.03313855068707339,0.03312140842693756,-0.0061110921209976965,0.08281182767984518,0.6854834715127545
2010-10,tsmom_3m,3M,2.0,21,2010-10-01T00:00:00+00:00,2010-10-29T00:00:00+00:00,0.02844331960008506,0.028429302255462252,-0.0309363769672083,0.06853279359164655,0.7540162651044011
2010-11,tsmom_3m,3M,2.0,22,2010-11-01T00:00:00+00:00,2010-11-30T00:00:00+00:00,0.014639758320976082,0.014625502614944885,-0.035489476981009904,0.06999198479643343,0.6840242803079678
2010-12,tsmom_3m,3M,2.0,22,2010-12-01T00:00:00+00:00,2010-12-31T00:00:00+00:00,0.015606697258273794,0.015596021920124992,-0.024122895658409305,0.05254928273003012,0.6314749975779376
2011-01,tsmom_3m,3M,2.0,21,2011-01-03T00:00:00+00:00,2011-01-31T00:00:00+00:00,-0.04088468730464734,-0.04088903574030689,-0.04600912824714343,0.022593898025350723,0.6540688956032883
2011-02,tsmom_3m,3M,2.0,20,2011-02-01T00:00:00+00:00,2011-02-28T00:00:00+00:00,-0.03636808751895804,-0.03661752722054379,-0.03518244547075777,1.2883572257296083,0.6342883301263201
2011-03,tsmom_3m,3M,2.0,23,2011-03-01T00:00:00+00:00,2011-03-31T00:00:00+00:00,0.009976664717356032,0.009712729027549827,-0.01870483466556383,1.3203528649125222,0.6860645347862024
2011-04,tsmom_3m,3M,2.0,20,2011-04-01T00:00:00+00:00,2011-04-29T00:00:00+00:00,0.06394196898819549,0.06393778085473811,-0.010292164895542855,0.01965500185632385,0.7057195366425261
2011-05,tsmom_3m,3M,2.0,22,2011-05-02T00:00:00+00:00,2011-05-31T00:00:00+00:00,-0.013141791143479575,-0.013149241390208122,-0.03429297059402825,0.0374279797733893,0.7431475164159153
2011-06,tsmom_3m,3M,2.0,22,2011-06-01T00:00:00+00:00,2011-06-30T00:00:00+00:00,-0.016008105408676032,-0.016016087176139115,-0.023149990274201948,0.040669410975057496,0.7024781054408576
2011-07,tsmom_3m,3M,2.0,21,2011-07-01T00:00:00+00:00,2011-07-29T00:00:00+00:00,0.06367323494862265,0.06366190847195696,-0.007855934675809029,0.052891182324424024,0.7553692877652819
2011-08,tsmom_3m,3M,2.0,23,2011-08-01T00:00:00+00:00,2011-08-31T00:00:00+00:00,0.0937603213574747,0.09375475390067889,-0.06067629155703824,0.025365560601515846,0.7807348483667979
2011-09,tsmom_3m,3M,2.0,22,2011-09-01T00:00:00+00:00,2011-09-30T00:00:00+00:00,-0.04994036259926493,-0.050002440596142894,-0.07145683413081316,0.3268114771536668,0.4539233712131309
2011-10,tsmom_3m,3M,2.0,21,2011-10-03T00:00:00+00:00,2011-10-31T00:00:00+00:00,0.021024537544981126,0.02101232060311542,-0.01445817888624501,0.06036570139207237,0.39355766982105855
2011-11,tsmom_3m,3M,2.0,22,2011-11-01T00:00:00+00:00,2011-11-30T00:00:00+00:00,0.010349417439453168,0.01034585907373331,-0.027483990692799387,0.01762903917374775,0.41118670899480636
2011-12,tsmom_3m,3M,2.0,21,2011-12-01T00:00:00+00:00,2011-12-30T00:00:00+00:00,0.04803558131661556,0.04785981227592462,-0.01184025489480478,0.8393630647326367,0.4281763557378305
2012-01,tsmom_3m,3M,2.0,21,2012-01-03T00:00:00+00:00,2012-01-31T00:00:00+00:00,-0.044510812335596284,-0.044510916377989096,-0.03427963235295406,0.0005386776353183964,0.427637678102512
2012-02,tsmom_3m,3M,2.0,21,2012-02-01T00:00:00+00:00,2012-02-29T00:00:00+00:00,-0.010755221244580282,-0.010931699199760558,-0.022677517082192233,0.8934401420364484,0.4658024639339364
2012-03,tsmom_3m,3M,2.0,22,2012-03-01T00:00:00+00:00,2012-03-30T00:00:00+00:00,0.007951061038466989,0.00775077632757748,-0.015309902797666641,0.9871486879200397,0.5213462239861035
2012-04,tsmom_3m,3M,2.0,20,2012-04-02T00:00:00+00:00,2012-04-30T00:00:00+00:00,-0.0014209643241557268,-0.0016246627481696363,-0.016824428850287565,1.0224513787009135,0.5011051547148101
2012-05,tsmom_3m,3M,2.0,23,2012-05-01T00:00:00+00:00,2012-05-31T00:00:00+00:00,0.03527746736412363,0.035058749676317946,-0.018609858430891024,1.056923631884561,0.555818477169751
2012-06,tsmom_3m,3M,2.0,21,2012-06-01T00:00:00+00:00,2012-06-29T00:00:00+00:00,-0.015234716842024376,-0.015239662528129583,-0.016971179470483433,0.024509883379851383,0.5803283605496022
2012-07,tsmom_3m,3M,2.0,22,2012-07-02T00:00:00+00:00,2012-07-31T00:00:00+00:00,-0.006639566901435301,-0.0066439101298237935,-0.01994837977023245,0.021871988329584924,0.5584563722200175
2012-08,tsmom_3m,3M,2.0,23,2012-08-01T00:00:00+00:00,2012-08-31T00:00:00+00:00,-0.027350983496037262,-0.02735702313368238,-0.036587538043781676,0.031211680199832892,0.58966805241985
2012-09,tsmom_3m,3M,2.0,20,2012-09-03T00:00:00+00:00,2012-09-28T00:00:00+00:00,0.032520164995404555,0.032260612231354235,-0.00648486663899106,1.257385675914315,0.6677176234944648
2012-10,tsmom_3m,3M,2.0,23,2012-10-01T00:00:00+00:00,2012-10-31T00:00:00+00:00,-0.02069685189573056,-0.020698628926225315,-0.03416447886720997,0.0090836619491379,0.6768012854436026
2012-11,tsmom_3m,3M,2.0,22,2012-11-01T00:00:00+00:00,2012-11-30T00:00:00+00:00,-0.0014421552294122675,-0.001457945523496873,-0.016994337862187736,0.07894044143044732,0.7557417268740498
2012-12,tsmom_3m,3M,2.0,20,2012-12-03T00:00:00+00:00,2012-12-31T00:00:00+00:00,-0.018067242051520438,-0.018068670086844096,-0.031050830433584586,0.007276078689636534,0.7630178055636866
2013-01,tsmom_3m,3M,2.0,22,2013-01-02T00:00:00+00:00,2013-01-31T00:00:00+00:00,0.004836872380065804,0.004517770520003683,-0.021714031409831858,1.579704360905803,0.8166865553421164
2013-02,tsmom_3m,3M,2.0,20,2013-02-01T00:00:00+00:00,2013-02-28T00:00:00+00:00,0.04508214384046161,0.045073763556048974,-0.027048687383449788,0.04002168314692878,0.8567082384890453
2013-03,tsmom_3m,3M,2.0,20,2013-03-01T00:00:00+00:00,2013-03-28T00:00:00+00:00,-0.009437150178030707,-0.009449246171789882,-0.02038501207789234,0.06115462261754889,0.7955536158714963
2013-04,tsmom_3m,3M,2.0,22,2013-04-01T00:00:00+00:00,2013-04-30T00:00:00+00:00,0.06033048909455885,0.06031174820594276,-0.07603952270014569,0.08824571963781414,0.8837993355093103
2013-05,tsmom_3m,3M,2.0,23,2013-05-01T00:00:00+00:00,2013-05-31T00:00:00+00:00,0.025940867325058292,0.02584811036035073,-0.017544544168869414,0.4545549636105412,0.42924437189876946
2013-06,tsmom_3m,3M,2.0,20,2013-06-03T00:00:00+00:00,2013-06-28T00:00:00+00:00,0.05182167329577059,0.051816915638528416,-0.012723085129389466,0.022443971326406964,0.4516883432251764
2013-07,tsmom_3m,3M,2.0,23,2013-07-01T00:00:00+00:00,2013-07-31T00:00:00+00:00,-0.02854517453070249,-0.028554715746855197,-0.03917243393198733,0.04880799762565019,0.4028803455995261
2013-08,tsmom_3m,3M,2.0,22,2013-08-01T00:00:00+00:00,2013-08-30T00:00:00+00:00,-0.02299623858916544,-0.022999903055323956,-0.04230799986395539,0.01883850775851348,0.42171885335803966
2013-09,tsmom_3m,3M,2.0,21,2013-09-02T00:00:00+00:00,2013-09-30T00:00:00+00:00,-0.021554194449254882,-0.02172644460165518,-0.03351753019723569,0.8793281579654197,0.4576093046073803
2013-10,tsmom_3m,3M,2.0,23,2013-10-01T00:00:00+00:00,2013-10-31T00:00:00+00:00,-0.0013296588587345948,-0.0013342099901447746,-0.016710301989666276,0.02248288299832707,0.43512642160905324
2013-11,tsmom_3m,3M,2.0,21,2013-11-01T00:00:00+00:00,2013-11-29T00:00:00+00:00,-0.02515397140078779,-0.025158614633091658,-0.028189538497858435,0.02375820361603148,0.4588846252250847
2013-12,tsmom_3m,3M,2.0,21,2013-12-02T00:00:00+00:00,2013-12-31T00:00:00+00:00,0.018120302502533603,0.017927397794855304,-0.01737741876123844,0.9595679615539447,0.5006833363288601
2014-01,tsmom_3m,3M,2.0,22,2014-01-02T00:00:00+00:00,2014-01-31T00:00:00+00:00,-0.01722943715317271,-0.01722956237821882,-0.019396020044020412,0.000632178867069455,0.5000511574617905
2014-02,tsmom_3m,3M,2.0,20,2014-02-03T00:00:00+00:00,2014-02-28T00:00:00+00:00,-0.03376542934643234,-0.03377131626611063,-0.03545845251535762,0.030298289874409523,0.5303494473362
2014-03,tsmom_3m,3M,2.0,21,2014-03-03T00:00:00+00:00,2014-03-31T00:00:00+00:00,-0.01839772712272869,-0.018614471338568972,-0.04230616352643035,1.1157265393762654,0.5853770920400653
2014-04,tsmom_3m,3M,2.0,21,2014-04-01T00:00:00+00:00,2014-04-30T00:00:00+00:00,0.003326172474128253,0.0033238180534529427,-0.019610489164984313,0.011704168946030546,0.5970812609860958
2014-05,tsmom_3m,3M,2.0,22,2014-05-01T00:00:00+00:00,2014-05-30T00:00:00+00:00,-0.021000544477570715,-0.021011356862424058,-0.0299675622662251,0.05503755101026497,0.6521188119963609
2014-06,tsmom_3m,3M,2.0,21,2014-06-02T00:00:00+00:00,2014-06-30T00:00:00+00:00,-0.0424901822121887,-0.04274836263123727,-0.045807508267188934,1.3528738765264405,0.7007550645300799
2014-07,tsmom_3m,3M,2.0,23,2014-07-01T00:00:00+00:00,2014-07-31T00:00:00+00:00,-0.023918110364747447,-0.02419414941166309,-0.03001264542099147,1.4134845554768014,0.7127294909467214
2014-08,tsmom_3m,3M,2.0,21,2014-08-01T00:00:00+00:00,2014-08-29T00:00:00+00:00,-0.0032362156396331665,-0.003528755382378179,-0.014511497223129055,1.4576518152122375,0.7449223242655162
2014-09,tsmom_3m,3M,2.0,22,2014-09-01T00:00:00+00:00,2014-09-30T00:00:00+00:00,-0.04989333438699084,-0.05018902614549814,-0.04971388179065961,1.5558038407677848,0.8108815165022684
2014-10,tsmom_3m,3M,2.0,23,2014-10-01T00:00:00+00:00,2014-10-31T00:00:00+00:00,0.025641550775275856,0.025297774372241122,-0.0405373728572298,1.6710218004791313,0.8601402839768625
2014-11,tsmom_3m,3M,2.0,20,2014-11-03T00:00:00+00:00,2014-11-28T00:00:00+00:00,0.0018790852556764825,0.0018771468916716216,-0.04527102315230136,0.009719962139911664,0.8504203218369509
2014-12,tsmom_3m,3M,2.0,22,2014-12-01T00:00:00+00:00,2014-12-31T00:00:00+00:00,-0.012837620709300612,-0.012873528686044189,-0.02199932638330593,0.17707404020193773,0.6733462816350131
2015-01,tsmom_3m,3M,2.0,21,2015-01-02T00:00:00+00:00,2015-01-30T00:00:00+00:00,-0.046693985112306824,-0.04671309054337014,-0.051839561753687646,0.09999268938181671,0.5733535922531966
2015-02,tsmom_3m,3M,2.0,20,2015-02-02T00:00:00+00:00,2015-02-27T00:00:00+00:00,-0.03181778630353593,-0.032039986082809335,-0.0332639051941539,1.1426268010351626,0.5692732087819656
2015-03,tsmom_3m,3M,2.0,22,2015-03-02T00:00:00+00:00,2015-03-31T00:00:00+00:00,-0.014484841652939173,-0.01448965544405545,-0.028532245249771937,0.024342630096700346,0.5936158388786661
2015-04,tsmom_3m,3M,2.0,21,2015-04-01T00:00:00+00:00,2015-04-30T00:00:00+00:00,-0.0011995565851091738,-0.0014479759525138913,-0.017584947541267604,1.229616572579705,0.6360007337010389
2015-05,tsmom_3m,3M,2.0,21,2015-05-01T00:00:00+00:00,2015-05-29T00:00:00+00:00,-0.004585899354301093,-0.004588885839499013,-0.025939180814247398,0.01505073790331335,0.6510514716043524
2015-06,tsmom_3m,3M,2.0,22,2015-06-01T00:00:00+00:00,2015-06-30T00:00:00+00:00,0.010323991524310516,0.010317666989352103,-0.0174053054796659,0.03132106338421947,0.6823725349885718
2015-07,tsmom_3m,3M,2.0,23,2015-07-01T00:00:00+00:00,2015-07-31T00:00:00+00:00,0.05194948314534775,0.05193347641778878,-0.006267701552700622,0.07629791740164804,0.7586704523902198
2015-08,tsmom_3m,3M,2.0,21,2015-08-03T00:00:00+00:00,2015-08-31T00:00:00+00:00,-0.026870735838978588,-0.02687241498502757,-0.050420692447050164,0.008681928680868478,0.7499885237093513
2015-09,tsmom_3m,3M,2.0,22,2015-09-01T00:00:00+00:00,2015-09-30T00:00:00+00:00,0.011981948696453415,0.011980238075155247,-0.03222744209389672,0.008421988669839231,0.7415665350395121
2015-10,tsmom_3m,3M,2.0,22,2015-10-01T00:00:00+00:00,2015-10-30T00:00:00+00:00,-0.01892384076132858,-0.018924525208031118,-0.04578817354329123,0.0034917430317201736,0.7450582780712321
2015-11,tsmom_3m,3M,2.0,21,2015-11-02T00:00:00+00:00,2015-11-30T00:00:00+00:00,-0.051667250552696276,-0.051952850912939885,-0.05173121122256863,1.497369238417746,0.7523109603465135
2015-12,tsmom_3m,3M,2.0,22,2015-12-01T00:00:00+00:00,2015-12-31T00:00:00+00:00,0.0010018799061606298,0.0006944804106241431,-0.02420695411952467,1.5304057460456297,0.7780947856991163
2016-01,tsmom_3m,3M,2.0,20,2016-01-04T00:00:00+00:00,2016-01-29T00:00:00+00:00,-0.03800090014568236,-0.038012333646536556,-0.03340049525506883,0.05887758015924904,0.7192172055398671
2016-02,tsmom_3m,3M,2.0,21,2016-02-01T00:00:00+00:00,2016-02-29T00:00:00+00:00,-0.0742323375349605,-0.07423261281894755,-0.07083584956258426,0.001476241219071972,0.7206934467589393
2016-03,tsmom_3m,3M,2.0,22,2016-03-01T00:00:00+00:00,2016-03-31T00:00:00+00:00,-0.0024086360875663626,-0.0026725551118170765,-0.02655187685605953,1.318569430748195,0.5978759839892559
2016-04,tsmom_3m,3M,2.0,21,2016-04-01T00:00:00+00:00,2016-04-29T00:00:00+00:00,0.028725966936906655,0.028721436911206766,-0.01390988147195571,0.02192204813515808,0.5759539358540978
2016-05,tsmom_3m,3M,2.0,22,2016-05-02T00:00:00+00:00,2016-05-31T00:00:00+00:00,-0.03647444485695572,-0.03648001632197584,-0.04051947279014534,0.02888689180537718,0.6048408276594747
2016-06,tsmom_3m,3M,2.0,22,2016-06-01T00:00:00+00:00,2016-06-30T00:00:00+00:00,-0.053020107803601224,-0.05325294672122505,-0.05700546992780808,1.2310516891454113,0.6262108614859367
2016-07,tsmom_3m,3M,2.0,21,2016-07-01T00:00:00+00:00,2016-07-29T00:00:00+00:00,0.014159284151262774,0.013925116574654561,-0.02057894964072271,1.1641577038138675,0.5379468423279311
2016-08,tsmom_3m,3M,2.0,23,2016-08-01T00:00:00+00:00,2016-08-31T00:00:00+00:00,-0.01983090065580073,-0.019839486377533744,-0.024945425150343037,0.04382997956218493,0.581776821890116
2016-09,tsmom_3m,3M,2.0,22,2016-09-01T00:00:00+00:00,2016-09-30T00:00:00+00:00,0.0035372977814813744,0.003523267272222075,-0.01981651699847975,0.07008763589615064,0.6518644577862667
2016-10,tsmom_3m,3M,2.0,21,2016-10-03T00:00:00+00:00,2016-10-31T00:00:00+00:00,0.021990215461846097,0.021712100909417442,-0.014578655256920259,1.3641425593155192,0.7122781015292526
2016-11,tsmom_3m,3M,2.0,22,2016-11-01T00:00:00+00:00,2016-11-30T00:00:00+00:00,0.06190411526167483,0.06190009629838622,-0.008986355646980804,0.018789094313719112,0.7310671958429719
2016-12,tsmom_3m,3M,2.0,21,2016-12-01T00:00:00+00:00,2016-12-30T00:00:00+00:00,0.013192303062436794,0.013187101147608793,-0.017958017388902903,0.0256940415368615,0.7053731543061105
2017-01,tsmom_3m,3M,2.0,21,2017-01-03T00:00:00+00:00,2017-01-31T00:00:00+00:00,-0.038460266936813925,-0.038469443142927995,-0.037067726054045846,0.047497919567026425,0.752871073873137
2017-02,tsmom_3m,3M,2.0,20,2017-02-01T00:00:00+00:00,2017-02-28T00:00:00+00:00,-0.023307458454660646,-0.02331408578535321,-0.02966131071525835,0.03394613139398173,0.7868172052671184
2017-03,tsmom_3m,3M,2.0,23,2017-03-01T00:00:00+00:00,2017-03-31T00:00:00+00:00,-0.0006646102720984093,-0.0009883032201445374,-0.034471442969281174,1.6213272580704627,0.8345100528033443
2017-04,tsmom_3m,3M,2.0,19,2017-04-03T00:00:00+00:00,2017-04-28T00:00:00+00:00,0.015482133706090861,0.015475593312340719,-0.017363620500208232,0.0323734781809103,0.8668835309842543
2017-05,tsmom_3m,3M,2.0,23,2017-05-01T00:00:00+00:00,2017-05-31T00:00:00+00:00,-0.0006223489467354071,-0.0006308818727562837,-0.0278628474363235,0.042331674545497466,0.9092152055297518
2017-06,tsmom_3m,3M,2.0,22,2017-06-01T00:00:00+00:00,2017-06-30T00:00:00+00:00,-0.018502304106710388,-0.018505000516615522,-0.037547126702069944,0.013707598946611554,0.8955076065831405
2017-07,tsmom_3m,3M,2.0,21,2017-07-03T00:00:00+00:00,2017-07-31T00:00:00+00:00,-0.018793967175935955,-0.019150271008068098,-0.042611156755747004,1.8455318473429037,0.9500242407597634
2017-08,tsmom_3m,3M,2.0,23,2017-08-01T00:00:00+00:00,2017-08-31T00:00:00+00:00,-0.041941408272228475,-0.041946967241179856,-0.04800555543002738,0.028877102367292795,0.9789013431270561
2017-09,tsmom_3m,3M,2.0,20,2017-09-01T00:00:00+00:00,2017-09-29T00:00:00+00:00,-0.028469604168381513,-0.02885297759696781,-0.04945333672350327,1.9853540962108835,1.0064527530838274
2017-10,tsmom_3m,3M,2.0,22,2017-10-02T00:00:00+00:00,2017-10-31T00:00:00+00:00,-0.010511634854628915,-0.010523758436523978,-0.025379270573974932,0.06085608018310318,0.9455966729007241
2017-11,tsmom_3m,3M,2.0,21,2017-11-01T00:00:00+00:00,2017-11-30T00:00:00+00:00,0.0021320562588149627,0.0021203217432310684,-0.01805210343988617,0.05886250880022603,1.0044591817009507
2017-12,tsmom_3m,3M,2.0,20,2017-12-01T00:00:00+00:00,2017-12-29T00:00:00+00:00,-0.026771106684841395,-0.027153249124959422,-0.0494453996516826,1.95506250557826,0.9506033238773096
2018-01,tsmom_3m,3M,2.0,21,2018-01-02T00:00:00+00:00,2018-01-31T00:00:00+00:00,0.022792950322506833,0.022395026431133225,-0.020274377005637056,1.9554325984933585,1.004829274616049
2018-02,tsmom_3m,3M,2.0,19,2018-02-01T00:00:00+00:00,2018-02-28T00:00:00+00:00,-0.01590963905149201,-0.01591051873937388,-0.029802213360106355,0.004499533425884383,1.009328808041933
2018-03,tsmom_3m,3M,2.0,21,2018-03-01T00:00:00+00:00,2018-03-29T00:00:00+00:00,0.0034771775023727525,0.0034598011770592407,-0.02195702677854605,0.08581004432005113,0.9235187637218822
2018-04,tsmom_3m,3M,2.0,21,2018-04-02T00:00:00+00:00,2018-04-30T00:00:00+00:00,-0.0023470598950342536,-0.0023547599305628886,-0.027398122940369918,0.03921249244746683,0.8843062712744152
2018-05,tsmom_3m,3M,2.0,22,2018-05-01T00:00:00+00:00,2018-05-31T00:00:00+00:00,0.012211944091267801,0.011858383763722502,-0.011146344507090844,1.7608635529799652,0.8765572817055503
2018-06,tsmom_3m,3M,2.0,21,2018-06-01T00:00:00+00:00,2018-06-29T00:00:00+00:00,0.03274501801881757,0.03273610847637198,-0.009547840656169315,0.043297000055773305,0.9198542817613234
2018-07,tsmom_3m,3M,2.0,21,2018-07-02T00:00:00+00:00,2018-07-31T00:00:00+00:00,0.02360382955768192,0.023595720191673886,-0.013758370760046934,0.03999978337380328,0.9598540651351264
2018-08,tsmom_3m,3M,2.0,23,2018-08-01T00:00:00+00:00,2018-08-31T00:00:00+00:00,0.013371135804828516,0.013358737072389104,-0.027302449153827735,0.061471813308654255,1.0213258784437813
2018-09,tsmom_3m,3M,2.0,19,2018-09-04T00:00:00+00:00,2018-09-28T00:00:00+00:00,0.008305442981644484,0.008300796985888814,-0.01021473128352235,0.023183464380068686,0.9981424140637121
2018-10,tsmom_3m,3M,2.0,23,2018-10-01T00:00:00+00:00,2018-10-31T00:00:00+00:00,-0.01816411351655256,-0.0181771170542967,-0.04251496886598427,0.06648574160629728,1.06462815567001
2018-11,tsmom_3m,3M,2.0,21,2018-11-01T00:00:00+00:00,2018-11-30T00:00:00+00:00,-0.009352078852428614,-0.009376252812391517,-0.022563605064042536,0.11977161791834712,0.9448565377516622
2018-12,tsmom_3m,3M,2.0,20,2018-12-03T00:00:00+00:00,2018-12-31T00:00:00+00:00,0.042399484361574924,0.04201041910744707,-0.008413318470077646,1.8856769515345455,0.9408204137828833
2019-01,tsmom_3m,3M,2.0,21,2019-01-02T00:00:00+00:00,2019-01-31T00:00:00+00:00,0.03349519936586387,0.03348757732626173,-0.011326631566448864,0.03695385185738165,0.9777742656402646
2019-02,tsmom_3m,3M,2.0,19,2019-02-01T00:00:00+00:00,2019-02-28T00:00:00+00:00,-0.007151962264574263,-0.00716427024200228,-0.024521007762015268,0.06183245038916452,1.0396067160294293
2019-03,tsmom_3m,3M,2.0,21,2019-03-01T00:00:00+00:00,2019-03-29T00:00:00+00:00,-0.01356945879779603,-0.013574545742235378,-0.025714000054171682,0.025448818335831902,1.0141578976935972
2019-04,tsmom_3m,3M,2.0,21,2019-04-01T00:00:00+00:00,2019-04-30T00:00:00+00:00,-0.009287288652208181,-0.009301337378343266,-0.029241199006270313,0.07068059696495099,0.9434773007286462
2019-05,tsmom_3m,3M,2.0,22,2019-05-01T00:00:00+00:00,2019-05-31T00:00:00+00:00,-0.01618656549028008,-0.01656831147230864,-0.026569441863659282,1.9423950816800915,0.9989177809514449
2019-06,tsmom_3m,3M,2.0,20,2019-06-03T00:00:00+00:00,2019-06-28T00:00:00+00:00,-0.08174373095598231,-0.08175261499396014,-0.06862256205685213,0.04751777093736853,1.0464355518888133
2019-07,tsmom_3m,3M,2.0,22,2019-07-01T00:00:00+00:00,2019-07-31T00:00:00+00:00,0.007315146933306149,0.006932551483469496,-0.012143725687596807,1.8720243515975739,0.8255887997087605
2019-08,tsmom_3m,3M,2.0,22,2019-08-01T00:00:00+00:00,2019-08-30T00:00:00+00:00,0.061784070775513955,0.06177772267091508,-0.012690669325884918,0.03000656535032764,0.855595365059088
2019-09,tsmom_3m,3M,2.0,20,2019-09-03T00:00:00+00:00,2019-09-30T00:00:00+00:00,-0.029174945521709073,-0.029187261768597983,-0.04449246140635188,0.0643015563713083,0.7912938086877797
2019-10,tsmom_3m,3M,2.0,23,2019-10-01T00:00:00+00:00,2019-10-31T00:00:00+00:00,0.02172619583904134,0.021720485395305467,-0.015282327584522304,0.02817818166281394,0.7631156270249658
2019-11,tsmom_3m,3M,2.0,20,2019-11-01T00:00:00+00:00,2019-11-29T00:00:00+00:00,-0.022011932774550935,-0.022017702318133048,-0.03032072402025543,0.029444531235913063,0.7925601582608787
2019-12,tsmom_3m,3M,2.0,21,2019-12-02T00:00:00+00:00,2019-12-31T00:00:00+00:00,-0.027591402356378802,-0.027904222213027796,-0.03161558896236483,1.6116104648682217,0.819050306607343
2020-01,tsmom_3m,3M,2.0,21,2020-01-02T00:00:00+00:00,2020-01-31T00:00:00+00:00,0.034862467881925596,0.03451001003123366,-0.016778280757553055,1.7078901101370527,0.8888398035297099
2020-02,tsmom_3m,3M,2.0,19,2020-02-03T00:00:00+00:00,2020-02-28T00:00:00+00:00,-0.009376939101024329,-0.00938468545387583,-0.06089245812629773,0.039086927337238286,0.9279267308669481
2020-03,tsmom_3m,3M,2.0,22,2020-03-02T00:00:00+00:00,2020-03-31T00:00:00+00:00,0.017139301352351755,0.0171232780738948,-0.10070927654958495,0.07996433950387993,0.8479623913630685
2020-04,tsmom_3m,3M,2.0,21,2020-04-01T00:00:00+00:00,2020-04-30T00:00:00+00:00,0.02364918134133065,0.023553912756260065,-0.017719243139508678,0.46475728727756616,0.3832051040855021
2020-05,tsmom_3m,3M,2.0,20,2020-05-01T00:00:00+00:00,2020-05-29T00:00:00+00:00,0.009804110260774657,0.009803710199397742,-0.011002346522033468,0.0019838724470018776,0.3812212316385003
2020-06,tsmom_3m,3M,2.0,22,2020-06-01T00:00:00+00:00,2020-06-30T00:00:00+00:00,0.01541666714501222,0.015409232082925772,-0.016107239074060087,0.03672894216710221,0.4179501738056024
2020-07,tsmom_3m,3M,2.0,22,2020-07-01T00:00:00+00:00,2020-07-31T00:00:00+00:00,0.04073873805779571,0.04072985628678727,-0.005125721814051021,0.042445744773451144,0.4603959185790535
2020-08,tsmom_3m,3M,2.0,21,2020-08-03T00:00:00+00:00,2020-08-31T00:00:00+00:00,0.004755572121130092,0.004745642167928832,-0.033618826284225745,0.04956755059161333,0.509963469170667
2020-09,tsmom_3m,3M,2.0,21,2020-09-01T00:00:00+00:00,2020-09-30T00:00:00+00:00,-0.019621238555765808,-0.01962948089971106,-0.02681196298038857,0.042039510874105956,0.46792395829656097
2020-10,tsmom_3m,3M,2.0,22,2020-10-01T00:00:00+00:00,2020-10-30T00:00:00+00:00,-0.003939882143628726,-0.003946511257442165,-0.016046861791960687,0.03345975895416564,0.5013837172507267
2020-11,tsmom_3m,3M,2.0,20,2020-11-02T00:00:00+00:00,2020-11-30T00:00:00+00:00,0.02815866000377243,0.027941628300686583,-0.017162834106479674,1.051546885656232,0.5501631684055054
2020-12,tsmom_3m,3M,2.0,22,2020-12-01T00:00:00+00:00,2020-12-31T00:00:00+00:00,-0.031290954942658655,-0.03130058783516565,-0.020823999972382712,0.049188769468388016,0.5009743989371173
2021-01,tsmom_3m,3M,2.0,19,2021-01-04T00:00:00+00:00,2021-01-29T00:00:00+00:00,0.011642486242016803,0.011633071425554586,-0.01086886051237057,0.04584086477646354,0.5468152637135809
2021-02,tsmom_3m,3M,2.0,19,2021-02-01T00:00:00+00:00,2021-02-26T00:00:00+00:00,0.03520437427650691,0.03520009317536332,-0.0149222372743133,0.020597588630264063,0.5262176750833166
2021-03,tsmom_3m,3M,2.0,23,2021-03-01T00:00:00+00:00,2021-03-31T00:00:00+00:00,0.003404493637433781,0.003401284932768478,-0.020253777968283204,0.016018175323598283,0.5422358504069148
2021-04,tsmom_3m,3M,2.0,21,2021-04-01T00:00:00+00:00,2021-04-30T00:00:00+00:00,-0.01742514105731341,-0.017431177345661575,-0.021211120797672733,0.030585407674809995,0.5728212580817248
2021-05,tsmom_3m,3M,2.0,20,2021-05-03T00:00:00+00:00,2021-05-28T00:00:00+00:00,-0.04526885102906486,-0.045278345284367916,-0.04235530309437929,0.04930041153862974,0.6221216696203549
2021-06,tsmom_3m,3M,2.0,22,2021-06-01T00:00:00+00:00,2021-06-30T00:00:00+00:00,-0.04597450847863638,-0.04621991848134488,-0.05129839150252591,1.287305820740623,0.6651841511202682
2021-07,tsmom_3m,3M,2.0,21,2021-07-01T00:00:00+00:00,2021-07-30T00:00:00+00:00,0.014246123752470918,0.014235890615708957,-0.01003468725814849,0.05053802138574015,0.6146461297345279
2021-08,tsmom_3m,3M,2.0,22,2021-08-02T00:00:00+00:00,2021-08-31T00:00:00+00:00,0.002311479255878046,0.0022965459504065144,-0.03639287754947096,0.07476633695889723,0.6894124666934255
2021-09,tsmom_3m,3M,2.0,21,2021-09-01T00:00:00+00:00,2021-09-30T00:00:00+00:00,0.02222373461169913,0.021944618766823965,-0.013397218189759474,1.3663059335302807,0.6768934668368554
2021-10,tsmom_3m,3M,2.0,21,2021-10-01T00:00:00+00:00,2021-10-29T00:00:00+00:00,-0.010985710982404528,-0.010987472951430544,-0.019970518918284053,0.0089028349509932,0.6857963017878485
2021-11,tsmom_3m,3M,2.0,22,2021-11-01T00:00:00+00:00,2021-11-30T00:00:00+00:00,0.001818400832477307,0.0018129379390117162,-0.04131726186605944,0.02713522226860221,0.7129315240564508
1986-11,tsmom_12m,12M,0.0,19,1986-11-03T00:00:00+00:00,1986-11-28T00:00:00+00:00,-0.01165220940734768,-0.01165220940734768,-0.03703639570676842,0.45535607328780014,0.45535607328780014
1986-12,tsmom_12m,12M,0.0,21,1986-12-01T00:00:00+00:00,1986-12-31T00:00:00+00:00,0.014195938540361608,0.014195938540361608,-0.008176004029805117,0.002781940572635644,0.45813801386043584
1987-01,tsmom_12m,12M,0.0,21,1987-01-02T00:00:00+00:00,1987-01-30T00:00:00+00:00,0.0029483653319979375,0.0029483653319979375,-0.021972099746676355,0.05716897079922173,0.5153069846596575
1987-02,tsmom_12m,12M,0.0,19,1987-02-02T00:00:00+00:00,1987-02-27T00:00:00+00:00,-0.001576416082511245,-0.001576416082511245,-0.02047557710023673,0.025196054716925098,0.49011092994273237
1987-03,tsmom_12m,12M,0.0,22,1987-03-02T00:00:00+00:00,1987-03-31T00:00:00+00:00,0.019298366226032426,0.019298366226032426,-0.008976061507313449,0.023440426101538625,0.513551356044271
1987-04,tsmom_12m,12M,0.0,21,1987-04-01T00:00:00+00:00,1987-04-30T00:00:00+00:00,0.04488069376668724,0.04488069376668724,-0.02352027057237771,0.04791971838864284,0.5614710744329139
1987-05,tsmom_12m,12M,0.0,20,1987-05-01T00:00:00+00:00,1987-05-29T00:00:00+00:00,-0.00014448059576932515,-0.00014448059576932515,-0.0300900489809951,0.08434260548183947,0.4771284689510743
1987-06,tsmom_12m,12M,0.0,22,1987-06-01T00:00:00+00:00,1987-06-30T00:00:00+00:00,-0.0036634133957932358,-0.0036634133957932358,-0.02862729168425293,0.005020656869039575,0.4821491258201138
1987-07,tsmom_12m,12M,0.0,22,1987-07-01T00:00:00+00:00,1987-07-31T00:00:00+00:00,0.025207650990483277,0.025207650990483277,-0.006702679301133996,0.01824434200553221,0.5003934678256461
1987-08,tsmom_12m,12M,0.0,21,1987-08-03T00:00:00+00:00,1987-08-31T00:00:00+00:00,-0.018708201655259216,-0.018708201655259216,-0.034098498987496395,0.0484524784745195,0.5488459463001656
1987-09,tsmom_12m,12M,0.0,21,1987-09-01T00:00:00+00:00,1987-09-30T00:00:00+00:00,0.0002928455376056682,0.0002928455376056682,-0.0168042279607028,0.004644642949333533,0.544201303350832
1987-10,tsmom_12m,12M,0.0,22,1987-10-01T00:00:00+00:00,1987-10-30T00:00:00+00:00,0.016459195179727715,0.016459195179727715,-0.02365708541836531,0.052496581709284396,0.5966978850601166
1987-11,tsmom_12m,12M,0.0,20,1987-11-02T00:00:00+00:00,1987-11-30T00:00:00+00:00,0.030534329386194825,0.030534329386194825,-0.015689631745076094,0.04101546454976612,0.5556824205103505
1987-12,tsmom_12m,12M,0.0,22,1987-12-01T00:00:00+00:00,1987-12-31T00:00:00+00:00,-0.009413833732099919,-0.009413833732099919,-0.020991208588680976,0.01855859053061293,0.5742410110409631
1988-01,tsmom_12m,12M,0.0,20,1988-01-04T00:00:00+00:00,1988-01-29T00:00:00+00:00,-0.03793395530124899,-0.03793395530124899,-0.037165791337671505,0.033219671708704435,0.6074606827496678
1988-02,tsmom_12m,12M,0.0,20,1988-02-01T00:00:00+00:00,1988-02-29T00:00:00+00:00,-0.03581179723707906,-0.03581179723707906,-0.036781844440720635,0.007606155158281558,0.6150668379079495
1988-03,tsmom_12m,12M,0.0,23,1988-03-01T00:00:00+00:00,1988-03-31T00:00:00+00:00,0.03473455634446587,0.03473455634446587,-0.004437611636284866,0.033711039112491625,0.581355798795458
1988-04,tsmom_12m,12M,0.0,20,1988-04-04T00:00:00+00:00,1988-04-29T00:00:00+00:00,-0.00731186723005095,-0.00731186723005095,-0.016096599489988317,0.05715253876275406,0.6385083375582119
1988-05,tsmom_12m,12M,0.0,21,1988-05-02T00:00:00+00:00,1988-05-31T00:00:00+00:00,-0.011384996543362558,-0.011384996543362558,-0.02689717821775872,1.333591509252797,0.6950831716945849
1988-06,tsmom_12m,12M,0.0,22,1988-06-01T00:00:00+00:00,1988-06-30T00:00:00+00:00,-0.03660730474158935,-0.03660730474158935,-0.05486137272156988,1.4548908791824755,0.7598077074878904
1988-07,tsmom_12m,12M,0.0,20,1988-07-01T00:00:00+00:00,1988-07-29T00:00:00+00:00,-0.018509266977870475,-0.018509266977870475,-0.03620360062635497,1.5226861637763118,0.7628784562884215
1988-08,tsmom_12m,12M,0.0,23,1988-08-01T00:00:00+00:00,1988-08-31T00:00:00+00:00,0.010478704021564589,0.010478704021564589,-0.00964700316844569,0.1230465958413115,0.6398318604471102
1988-09,tsmom_12m,12M,0.0,21,1988-09-01T00:00:00+00:00,1988-09-30T00:00:00+00:00,0.07312961064940704,0.07312961064940704,-0.007519913439982262,0.09647639405168373,0.7363082544987941
1988-10,tsmom_12m,12M,0.0,21,1988-10-03T00:00:00+00:00,1988-10-31T00:00:00+00:00,-0.02923177303857849,-0.02923177303857849,-0.024281215182519356,0.008097146107629571,0.7444054006064234
1988-11,tsmom_12m,12M,0.0,20,1988-11-01T00:00:00+00:00,1988-11-30T00:00:00+00:00,-0.027612227204691475,-0.027612227204691475,-0.029640152014819177,0.044235104470873976,0.7886405050772975
1988-12,tsmom_12m,12M,0.0,21,1988-12-01T00:00:00+00:00,1988-12-30T00:00:00+00:00,0.0320511423699712,0.0320511423699712,-0.014984214005609564,0.00422790514545035,0.7928684102227479
1989-01,tsmom_12m,12M,0.0,21,1989-01-03T00:00:00+00:00,1989-01-31T00:00:00+00:00,0.032008692069834144,0.032008692069834144,-0.01156418161867756,0.012543183002930558,0.7803252272198173
1989-02,tsmom_12m,12M,0.0,19,1989-02-01T00:00:00+00:00,1989-02-28T00:00:00+00:00,0.011335114748714403,0.011335114748714403,-0.021638839415374034,0.08832792610709839,0.8686531533269156
1989-03,tsmom_12m,12M,0.0,22,1989-03-01T00:00:00+00:00,1989-03-31T00:00:00+00:00,-0.0005025625440749915,-0.0005025625440749915,-0.030495792639758323,0.009926008841219192,0.8785791621681347
1989-04,tsmom_12m,12M,0.0,20,1989-04-03T00:00:00+00:00,1989-04-28T00:00:00+00:00,0.019874752105637716,0.019874752105637716,-0.012965228183865696,0.05993162157009957,0.8186475405980354
1989-05,tsmom_12m,12M,0.0,22,1989-05-01T00:00:00+00:00,1989-05-31T00:00:00+00:00,0.033121574333961235,0.033121574333961235,-0.01453905739906114,0.06768710410349876,0.8863346447015341
1989-06,tsmom_12m,12M,0.0,22,1989-06-01T00:00:00+00:00,1989-06-30T00:00:00+00:00,-0.029972795636012073,-0.029972795636012073,-0.04819041106492272,0.025510277936454773,0.911844922637989
1989-07,tsmom_12m,12M,0.0,20,1989-07-03T00:00:00+00:00,1989-07-31T00:00:00+00:00,-0.0039404379566858605,-0.0039404379566858605,-0.023101233905316487,0.2605328113338088,0.6513121113041798
1989-08,tsmom_12m,12M,0.0,23,1989-08-01T00:00:00+00:00,1989-08-31T00:00:00+00:00,0.02129479861972894,0.02129479861972894,-0.009839686638945966,0.04893866942942171,0.6023734418747585
1989-09,tsmom_12m,12M,0.0,20,1989-09-01T00:00:00+00:00,1989-09-29T00:00:00+00:00,-0.012182612803571136,-0.012182612803571136,-0.018172394539670345,0.0680282186395258,0.670401660514284
1989-10,tsmom_12m,12M,0.0,22,1989-10-02T00:00:00+00:00,1989-10-31T00:00:00+00:00,-0.011648285333563102,-0.011648285333563102,-0.032019066515392436,0.08001440407218274,0.7504160645864669
1989-11,tsmom_12m,12M,0.0,21,1989-11-01T00:00:00+00:00,1989-11-30T00:00:00+00:00,-0.08029071324389092,-0.08029071324389092,-0.08501111879397916,0.06723870485773342,0.8176547694442002
1989-12,tsmom_12m,12M,0.0,20,1989-12-01T00:00:00+00:00,1989-12-29T00:00:00+00:00,0.020492315375047587,0.020492315375047587,-0.02856796260683092,0.08153724685293762,0.7361175225912626
1990-01,tsmom_12m,12M,0.0,22,1990-01-02T00:00:00+00:00,1990-01-31T00:00:00+00:00,-0.02143403808975375,-0.02143403808975375,-0.046555437620378615,0.06723961716743398,0.6688779054238286
1990-02,tsmom_12m,12M,0.0,19,1990-02-01T00:00:00+00:00,1990-02-28T00:00:00+00:00,-0.014194053507591287,-0.014194053507591287,-0.029252298077370176,1.3382806286073323,0.6694027231835037
1990-03,tsmom_12m,12M,0.0,22,1990-03-01T00:00:00+00:00,1990-03-30T00:00:00+00:00,-0.05789303057303141,-0.05789303057303141,-0.07350236698591084,0.02576159670300493,0.6951643198865086
1990-04,tsmom_12m,12M,0.0,20,1990-04-02T00:00:00+00:00,1990-04-30T00:00:00+00:00,0.004881664437319078,0.004881664437319078,-0.015687713740510034,1.2484263575652141,0.5532620376787054
1990-05,tsmom_12m,12M,0.0,22,1990-05-01T00:00:00+00:00,1990-05-31T00:00:00+00:00,0.0036987591628330208,0.0036987591628330208,-0.01116386259599833,0.054252037321444346,0.60751407500015
1990-06,tsmom_12m,12M,0.0,21,1990-06-01T00:00:00+00:00,1990-06-29T00:00:00+00:00,-0.01456213863930611,-0.01456213863930611,-0.02365303432138588,1.2276325218122452,0.6201184468120957
1990-07,tsmom_12m,12M,0.0,21,1990-07-02T00:00:00+00:00,1990-07-31T00:00:00+00:00,-0.03597889178088687,-0.03597889178088687,-0.04369440146530801,1.3001865751333173,0.6800681283212219
1990-08,tsmom_12m,12M,0.0,22,1990-08-01T00:00:00+00:00,1990-08-31T00:00:00+00:00,0.01798226920872481,0.01798226920872481,-0.052913000584239867,1.335370164202569,0.6553020358813471
1990-09,tsmom_12m,12M,0.0,19,1990-09-04T00:00:00+00:00,1990-09-28T00:00:00+00:00,0.02430637428234994,0.02430637428234994,-0.014375976299665139,0.15579785431083382,0.4995041815705134
1990-10,tsmom_12m,12M,0.0,23,1990-10-01T00:00:00+00:00,1990-10-31T00:00:00+00:00,-0.03300303031186658,-0.03300303031186658,-0.04382308966332704,0.004660891409012602,0.5041650729795263
1990-11,tsmom_12m,12M,0.0,21,1990-11-01T00:00:00+00:00,1990-11-30T00:00:00+00:00,0.0056966570075449585,0.0056966570075449585,-0.012625516322622543,0.03224268386265061,0.47192238911687534
1990-12,tsmom_12m,12M,0.0,19,1990-12-03T00:00:00+00:00,1990-12-31T00:00:00+00:00,-0.014394344285073468,-0.014394344285073468,-0.03206871464194394,0.9823246985256117,0.5104023094087362
1991-01,tsmom_12m,12M,0.0,22,1991-01-02T00:00:00+00:00,1991-01-31T00:00:00+00:00,0.035543443767209526,0.035543443767209526,-0.02315438408624837,0.01437302028597065,0.524775329694707
1991-02,tsmom_12m,12M,0.0,19,1991-02-01T00:00:00+00:00,1991-02-28T00:00:00+00:00,-0.0010071131008566603,-0.0010071131008566603,-0.012949854247498283,0.08578956245333796,0.4389857672413689
1991-03,tsmom_12m,12M,0.0,20,1991-03-01T00:00:00+00:00,1991-03-28T00:00:00+00:00,0.012735991536627855,0.012735991536627855,-0.006493980188157833,0.04934591617084921,0.4883316834122181
1991-04,tsmom_12m,12M,0.0,22,1991-04-01T00:00:00+00:00,1991-04-30T00:00:00+00:00,0.0023726508575028227,0.0023726508575028227,-0.01014665050763841,0.06247789929252867,0.550809582704747
1991-05,tsmom_12m,12M,0.0,22,1991-05-01T00:00:00+00:00,1991-05-31T00:00:00+00:00,-0.01284557770123329,-0.01284557770123329,-0.019621429937323076,0.08780729867728021,0.6386168813820272
1991-06,tsmom_12m,12M,0.0,20,1991-06-03T00:00:00+00:00,1991-06-28T00:00:00+00:00,-0.010399584997063727,-0.010399584997063727,-0.020797747772407282,0.06823585721966519,0.7068527386016921
1991-07,tsmom_12m,12M,0.0,21,1991-07-01T00:00:00+00:00,1991-07-31T00:00:00+00:00,0.0017040012353257694,0.0017040012353257694,-0.015306096532423652,1.4758123496452331,0.768959611043541
1991-08,tsmom_12m,12M,0.0,22,1991-08-01T00:00:00+00:00,1991-08-30T00:00:00+00:00,0.042342808544298505,0.042342808544298505,-0.004919481098417888,1.6203114512745973,0.8513518402310564
1991-09,tsmom_12m,12M,0.0,20,1991-09-03T00:00:00+00:00,1991-09-30T00:00:00+00:00,-0.01178093034354688,-0.01178093034354688,-0.023499488364346677,0.055867046425242095,0.9072188866562986
1991-10,tsmom_12m,12M,0.0,23,1991-10-01T00:00:00+00:00,1991-10-31T00:00:00+00:00,-0.006175997166583014,-0.006175997166583014,-0.02313219762232277,0.05702866001366014,0.9642475466699587
1991-11,tsmom_12m,12M,0.0,20,1991-11-01T00:00:00+00:00,1991-11-29T00:00:00+00:00,-0.03371407493557177,-0.03371407493557177,-0.04752508646663123,0.09615748446157923,1.0604050311315378
1991-12,tsmom_12m,12M,0.0,21,1991-12-02T00:00:00+00:00,1991-12-31T00:00:00+00:00,0.04747129908306924,0.04747129908306924,-0.01615414058318443,0.02689607277434858,1.0873011039058864
1992-01,tsmom_12m,12M,0.0,22,1992-01-02T00:00:00+00:00,1992-01-31T00:00:00+00:00,-0.011364350589096128,-0.011364350589096128,-0.025107760114583266,0.07465785566930117,1.0126432482365855
1992-02,tsmom_12m,12M,0.0,19,1992-02-03T00:00:00+00:00,1992-02-28T00:00:00+00:00,0.013408774761112241,0.013408774761112241,-0.012718365303141077,0.0018914895349173566,1.0145347377715026
1992-03,tsmom_12m,12M,0.0,22,1992-03-02T00:00:00+00:00,1992-03-31T00:00:00+00:00,0.026247570006474596,0.026247570006474596,-0.021916999320728214,0.06249787972863219,1.0770326175001346
1992-04,tsmom_12m,12M,0.0,21,1992-04-01T00:00:00+00:00,1992-04-30T00:00:00+00:00,0.024975473404579063,0.024975473404579063,-0.015830003329284525,0.061127695317116704,1.1381603128172517
1992-05,tsmom_12m,12M,0.0,20,1992-05-01T00:00:00+00:00,1992-05-29T00:00:00+00:00,-0.0019695910190583588,-0.0019695910190583588,-0.0145170509153697,0.028219202586547087,1.1663795154037984
1992-06,tsmom_12m,12M,0.0,22,1992-06-01T00:00:00+00:00,1992-06-30T00:00:00+00:00,-0.022862093136264305,-0.022862093136264305,-0.0241570449103915,0.12245801426151681,1.2888375296653154
1992-07,tsmom_12m,12M,0.0,22,1992-07-01T00:00:00+00:00,1992-07-31T00:00:00+00:00,-0.0648790080878987,-0.0648790080878987,-0.06563027524711962,0.08046495427397038,1.369302483939286
1992-08,tsmom_12m,12M,0.0,21,1992-08-03T00:00:00+00:00,1992-08-31T00:00:00+00:00,0.05720565945821732,0.05720565945821732,-0.03028739222495269,0.09770068377001451,1.2716018001692713
1992-09,tsmom_12m,12M,0.0,21,1992-09-01T00:00:00+00:00,1992-09-30T00:00:00+00:00,-0.012751065902464331,-0.012751065902464331,-0.03487855252617256,0.25336476575329403,1.0182370344159775
1992-10,tsmom_12m,12M,0.0,22,1992-10-01T00:00:00+00:00,1992-10-30T00:00:00+00:00,0.02701320133780838,0.02701320133780838,-0.008952038767688575,0.007674042321569319,1.0105629920944077
1992-11,tsmom_12m,12M,0.0,20,1992-11-02T00:00:00+00:00,1992-11-30T00:00:00+00:00,0.014096435421451892,0.014096435421451892,-0.017151590515568138,0.046560414556145346,1.0571234066505535
1992-12,tsmom_12m,12M,0.0,22,1992-12-01T00:00:00+00:00,1992-12-31T00:00:00+00:00,0.00784802374389848,0.00784802374389848,-0.015940118048267338,0.08402686308499563,1.1411502697355485
1993-01,tsmom_12m,12M,0.0,20,1993-01-04T00:00:00+00:00,1993-01-29T00:00:00+00:00,0.0085289600545837,0.0085289600545837,-0.015532559419862202,0.10495796268848445,1.2461082324240338
1993-02,tsmom_12m,12M,0.0,19,1993-02-01T00:00:00+00:00,1993-02-26T00:00:00+00:00,0.005543194613909064,0.005543194613909064,-0.018988040779776894,0.060623969247141085,1.3067322016711744
1993-03,tsmom_12m,12M,0.0,23,1993-03-01T00:00:00+00:00,1993-03-31T00:00:00+00:00,-0.03865323392157671,-0.03865323392157671,-0.046686463749034735,0.035133216544874335,1.2715989851262999
1993-04,tsmom_12m,12M,0.0,21,1993-04-01T00:00:00+00:00,1993-04-30T00:00:00+00:00,-0.06637912441812643,-0.06637912441812643,-0.07087291464226642,0.03370251041605998,1.3053014955423599
1993-05,tsmom_12m,12M,0.0,20,1993-05-03T00:00:00+00:00,1993-05-28T00:00:00+00:00,0.07186315977315738,0.07186315977315738,-0.010860098402882934,2.414499113501688,1.1091976179593284
1993-06,tsmom_12m,12M,0.0,22,1993-06-01T00:00:00+00:00,1993-06-30T00:00:00+00:00,-0.0025254664857808917,-0.0025254664857808917,-0.028275368220239128,0.21098178083230468,0.8982158371270235
1993-07,tsmom_12m,12M,0.0,21,1993-07-01T00:00:00+00:00,1993-07-30T00:00:00+00:00,0.07094541136824661,0.07094541136824661,-0.017573423430133905,0.056407285657461004,0.8418085514695626
1993-08,tsmom_12m,12M,0.0,22,1993-08-02T00:00:00+00:00,1993-08-31T00:00:00+00:00,-0.0703631480919934,-0.0703631480919934,-0.0784402282069534,0.03156386885532825,0.8102446826142343
1993-09,tsmom_12m,12M,0.0,21,1993-09-01T00:00:00+00:00,1993-09-30T00:00:00+00:00,-0.029540414738541743,-0.029540414738541743,-0.045291401658067665,0.20843752583015285,0.6018071567840816
1993-10,tsmom_12m,12M,0.0,21,1993-10-01T00:00:00+00:00,1993-10-29T00:00:00+00:00,0.018500637976501366,0.018500637976501366,-0.005963094720870199,0.07212441855125806,0.5296827382328235
1993-11,tsmom_12m,12M,0.0,20,1993-11-01T00:00:00+00:00,1993-11-30T00:00:00+00:00,0.0038885510035786552,0.0038885510035786552,-0.01206824685190866,0.06463923660402848,0.594321974836852
1993-12,tsmom_12m,12M,0.0,21,1993-12-01T00:00:00+00:00,1993-12-30T00:00:00+00:00,0.03317159497962474,0.03317159497962474,-0.006045542692327932,0.02679827228564091,0.6211202471224928
1994-01,tsmom_12m,12M,0.0,21,1994-01-03T00:00:00+00:00,1994-01-31T00:00:00+00:00,-0.014473098611332613,-0.014473098611332613,-0.028077447707245184,0.06609021000432191,0.6872104571268148
1994-02,tsmom_12m,12M,0.0,19,1994-02-01T00:00:00+00:00,1994-02-28T00:00:00+00:00,-0.0019958408541687067,-0.0019958408541687067,-0.02152486591635272,0.0406028999276562,0.727813357054471
1994-03,tsmom_12m,12M,0.0,23,1994-03-01T00:00:00+00:00,1994-03-31T00:00:00+00:00,0.02351639273901429,0.02351639273901429,-0.01019739280023979,0.03298338608449691,0.7607967431389681
1994-04,tsmom_12m,12M,0.0,19,1994-04-04T00:00:00+00:00,1994-04-29T00:00:00+00:00,-0.03295662009145828,-0.03295662009145828,-0.03366196674324562,0.02487636720093589,0.7856731103399038
1994-05,tsmom_12m,12M,0.0,21,1994-05-02T00:00:00+00:00,1994-05-31T00:00:00+00:00,0.02598645751262585,0.02598645751262585,-0.009834663766414065,0.01840386677879846,0.8040769771187022
1994-06,tsmom_12m,12M,0.0,22,1994-06-01T00:00:00+00:00,1994-06-30T00:00:00+00:00,-0.005525017445689895,-0.005525017445689895,-0.020481171912361762,0.007064699113452422,0.8111416762321546
1994-07,tsmom_12m,12M,0.0,20,1994-07-01T00:00:00+00:00,1994-07-29T00:00:00+00:00,0.004042233796248906,0.004042233796248906,-0.010099735993257308,0.0007034702908178536,0.8118451465229727
1994-08,tsmom_12m,12M,0.0,23,1994-08-01T00:00:00+00:00,1994-08-31T00:00:00+00:00,-0.0038437509904920564,-0.0038437509904920564,-0.02249910964232882,1.659196911719013,0.8473517651960407
1994-09,tsmom_12m,12M,0.0,21,1994-09-01T00:00:00+00:00,1994-09-30T00:00:00+00:00,0.016405247826077884,0.016405247826077884,-0.00929056583554111,1.7900374141752269,0.9426856489791863
1994-10,tsmom_12m,12M,0.0,21,1994-10-03T00:00:00+00:00,1994-10-31T00:00:00+00:00,-0.03300111354279445,-0.03300111354279445,-0.034506976759437036,0.09086439665375612,1.0335500456329425
1994-11,tsmom_12m,12M,0.0,20,1994-11-01T00:00:00+00:00,1994-11-30T00:00:00+00:00,-0.0012170993124781537,-0.0012170993124781537,-0.01134160232638648,0.12334616440440938,1.156896210037352
1994-12,tsmom_12m,12M,0.0,21,1994-12-01T00:00:00+00:00,1994-12-30T00:00:00+00:00,-0.0003730025677837201,-0.0003730025677837201,-0.010968856848481257,0.11382923637912401,1.2707254464164763
1995-01,tsmom_12m,12M,0.0,21,1995-01-03T00:00:00+00:00,1995-01-31T00:00:00+00:00,0.02255454264601564,0.02255454264601564,-0.047312736324766846,2.6466781932503363,1.3759527468338606
1995-02,tsmom_12m,12M,0.0,19,1995-02-01T00:00:00+00:00,1995-02-28T00:00:00+00:00,-0.001955693937460312,-0.001955693937460312,-0.012598638648941174,0.23585658899124828,1.1400961578426125
1995-03,tsmom_12m,12M,0.0,23,1995-03-01T00:00:00+00:00,1995-03-31T00:00:00+00:00,-0.05272970203202987,-0.05272970203202987,-0.05939286167022906,0.13601643572706412,1.2761125935696769
1995-04,tsmom_12m,12M,0.0,19,1995-04-03T00:00:00+00:00,1995-04-28T00:00:00+00:00,0.0,0.0,0.0,1.2761125935696764,0.0
1995-05,tsmom_12m,12M,0.0,22,1995-05-01T00:00:00+00:00,1995-05-31T00:00:00+00:00,-0.002807328271665188,-0.002807328271665188,-0.030833060000654333,1.1896011088691274,1.1896011088691272
1995-06,tsmom_12m,12M,0.0,22,1995-06-01T00:00:00+00:00,1995-06-30T00:00:00+00:00,0.005981682379257558,0.005981682379257558,-0.02274856240618439,2.4263879348118826,1.236786825942755
1995-07,tsmom_12m,12M,0.0,19,1995-07-05T00:00:00+00:00,1995-07-31T00:00:00+00:00,-0.010847503939795278,-0.010847503939795278,-0.031316892788636475,0.13440638148987194,1.371193207432627
1995-08,tsmom_12m,12M,0.0,23,1995-08-01T00:00:00+00:00,1995-08-31T00:00:00+00:00,0.004616047565432435,0.004616047565432435,-0.006418215382534065,0.12606185825068672,1.24513134918194
1995-09,tsmom_12m,12M,0.0,20,1995-09-01T00:00:00+00:00,1995-09-29T00:00:00+00:00,0.001120250601780448,0.001120250601780448,-0.020605460689794852,0.17894360040354296,1.4240749495854836
1995-10,tsmom_12m,12M,0.0,22,1995-10-02T00:00:00+00:00,1995-10-31T00:00:00+00:00,0.008606082236001455,0.008606082236001455,-0.011877237350863101,0.10697812476984625,1.53105307435533
1995-11,tsmom_12m,12M,0.0,20,1995-11-01T00:00:00+00:00,1995-11-30T00:00:00+00:00,-0.02041707984805241,-0.02041707984805241,-0.03212948865489418,0.22179972871365905,1.7528528030689887
1995-12,tsmom_12m,12M,0.0,20,1995-12-01T00:00:00+00:00,1995-12-29T00:00:00+00:00,-0.0020669329999557506,-0.0020669329999557506,-0.016384553433156923,3.319992394526084,1.5671395914570954
1996-01,tsmom_12m,12M,0.0,21,1996-01-02T00:00:00+00:00,1996-01-31T00:00:00+00:00,0.09237081481724663,0.09237081481724663,-0.017717573608712067,0.16571852143397803,1.7328581128910732
1996-02,tsmom_12m,12M,0.0,20,1996-02-01T00:00:00+00:00,1996-02-29T00:00:00+00:00,-0.026530780459306236,-0.026530780459306236,-0.06334907503737841,0.26116667526699433,1.4716914376240786
1996-03,tsmom_12m,12M,0.0,21,1996-03-01T00:00:00+00:00,1996-03-29T00:00:00+00:00,-0.008475966234278265,-0.008475966234278265,-0.01749611893163272,0.26400842276424763,1.2076830148598314
1996-04,tsmom_12m,12M,0.0,21,1996-04-01T00:00:00+00:00,1996-04-30T00:00:00+00:00,-0.015496448797245321,-0.015496448797245321,-0.026643374951934806,0.04986119717653148,1.2575442120363622
1996-05,tsmom_12m,12M,0.0,22,1996-05-01T00:00:00+00:00,1996-05-31T00:00:00+00:00,0.002998739214940871,0.002998739214940871,-0.015073504090312051,0.0693403374066559,1.3268845494430186
1996-06,tsmom_12m,12M,0.0,20,1996-06-03T00:00:00+00:00,1996-06-28T00:00:00+00:00,-0.047747925291797055,-0.047747925291797055,-0.044878582137759526,0.1541692186807675,1.481053768123786
1996-07,tsmom_12m,12M,0.0,21,1996-07-01T00:00:00+00:00,1996-07-31T00:00:00+00:00,-0.04790511730337044,-0.04790511730337044,-0.0458383994771856,3.1104810341262135,1.6294272660024274
1996-08,tsmom_12m,12M,0.0,22,1996-08-01T00:00:00+00:00,1996-08-30T00:00:00+00:00,-0.007464309228349619,-0.007464309228349619,-0.015169948762818186,3.2494930596308578,1.6200657936284302
1996-09,tsmom_12m,12M,0.0,20,1996-09-03T00:00:00+00:00,1996-09-30T00:00:00+00:00,-0.04862771551544287,-0.04862771551544287,-0.04515737354339555,0.1576418306915821,1.7777076243200127
1996-10,tsmom_12m,12M,0.0,23,1996-10-01T00:00:00+00:00,1996-10-31T00:00:00+00:00,0.0066002841982237825,0.0066002841982237825,-0.02568623026837913,3.7146410800609546,1.936933455740942
1996-11,tsmom_12m,12M,0.0,19,1996-11-01T00:00:00+00:00,1996-11-27T00:00:00+00:00,0.021211164065359167,0.021211164065359167,-0.028371293593367874,0.04790609613763497,1.984839551878577
1996-12,tsmom_12m,12M,0.0,21,1996-12-02T00:00:00+00:00,1996-12-31T00:00:00+00:00,0.030257233163412334,0.030257233163412334,-0.01370183065736763,0.026575122010606522,1.9582644298679694
1997-01,tsmom_12m,12M,0.0,22,1997-01-02T00:00:00+00:00,1997-01-31T00:00:00+00:00,0.13184494042684936,0.13184494042684936,-0.03090230900927471,0.004059600846858968,1.96232403071483
1997-02,tsmom_12m,12M,0.0,19,1997-02-03T00:00:00+00:00,1997-02-28T00:00:00+00:00,-0.06759545367420661,-0.06759545367420661,-0.08149551881953121,0.6862453778290922,1.276078652885737
1997-03,tsmom_12m,12M,0.0,20,1997-03-03T00:00:00+00:00,1997-03-31T00:00:00+00:00,0.034428041861009895,0.034428041861009895,-0.01864789618322049,0.13596503712355035,1.1401136157621865
1997-04,tsmom_12m,12M,0.0,22,1997-04-01T00:00:00+00:00,1997-04-30T00:00:00+00:00,0.03771309456554084,0.03771309456554084,-0.0047512410841253905,0.1234504648918715,1.016663150870315
1997-05,tsmom_12m,12M,0.0,21,1997-05-01T00:00:00+00:00,1997-05-30T00:00:00+00:00,-0.020831162000682135,-0.020831162000682135,-0.02855312174264668,0.08554865581988458,1.1022118066901998
1997-06,tsmom_12m,12M,0.0,19,1997-06-02T00:00:00+00:00,1997-06-30T00:00:00+00:00,0.03896948004074097,0.03896948004074097,-0.00788523754657977,0.01573737822421739,1.0864744284659826
1997-07,tsmom_12m,12M,0.0,22,1997-07-01T00:00:00+00:00,1997-07-31T00:00:00+00:00,0.01963119966467808,0.01963119966467808,-0.04988893632253988,0.0173189033618959,1.1037933318278779
1997-08,tsmom_12m,12M,0.0,21,1997-08-01T00:00:00+00:00,1997-08-29T00:00:00+00:00,0.002244430187298363,0.002244430187298363,-0.02565341065491966,0.2614875131815493,0.8423058186463291
1997-09,tsmom_12m,12M,0.0,21,1997-09-02T00:00:00+00:00,1997-09-30T00:00:00+00:00,-0.02460336250041728,-0.02460336250041728,-0.037661596230621486,0.008101515487125566,0.8504073341334545
1997-10,tsmom_12m,12M,0.0,23,1997-10-01T00:00:00+00:00,1997-10-31T00:00:00+00:00,0.07141584412040314,0.07141584412040314,-0.026159899639047857,0.0989220724629859,0.9493294065964405
1997-11,tsmom_12m,12M,0.0,18,1997-11-03T00:00:00+00:00,1997-11-26T00:00:00+00:00,0.0295517475628555,0.0295517475628555,-0.007244504566058074,0.2800092966487422,0.6693201099476983
1997-12,tsmom_12m,12M,0.0,22,1997-12-01T00:00:00+00:00,1997-12-31T00:00:00+00:00,0.01984245476770674,0.01984245476770674,-0.03173766336299477,0.03826777140301463,0.707587881350713
1998-01,tsmom_12m,12M,0.0,20,1998-01-02T00:00:00+00:00,1998-01-30T00:00:00+00:00,-0.03513794326434061,-0.03513794326434061,-0.06686705385645009,0.02538023044292681,0.6822076509077861
1998-02,tsmom_12m,12M,0.0,19,1998-02-02T00:00:00+00:00,1998-02-27T00:00:00+00:00,0.008107410675439297,0.008107410675439297,-0.014821390619176644,0.09009278420669131,0.5921148667010949
1998-03,tsmom_12m,12M,0.0,22,1998-03-02T00:00:00+00:00,1998-03-31T00:00:00+00:00,-0.007192671343762447,-0.007192671343762447,-0.028203298723270986,0.03634178040369229,0.6284566471047872
1998-04,tsmom_12m,12M,0.0,21,1998-04-01T00:00:00+00:00,1998-04-30T00:00:00+00:00,-0.01069056774259336,-0.01069056774259336,-0.03014741839230839,0.041304650890119254,0.6697612979949064
1998-05,tsmom_12m,12M,0.0,19,1998-05-01T00:00:00+00:00,1998-05-29T00:00:00+00:00,0.030439243926654314,0.030439243926654314,-0.007181730481536697,0.048398967835976525,0.718160265830883
1998-06,tsmom_12m,12M,0.0,22,1998-06-01T00:00:00+00:00,1998-06-30T00:00:00+00:00,-0.009256034830093518,-0.009256034830093518,-0.03646912193983398,0.03816467094889098,0.7563249367797737
1998-07,tsmom_12m,12M,0.0,22,1998-07-01T00:00:00+00:00,1998-07-31T00:00:00+00:00,0.017693339515765016,0.017693339515765016,-0.01474668242400834,0.05476965162449976,0.7015552851552742
1998-08,tsmom_12m,12M,0.0,21,1998-08-03T00:00:00+00:00,1998-08-31T00:00:00+00:00,0.030186561344736296,0.030186561344736296,-0.01197767556032403,0.04809097437021914,0.7496462595254931
1998-09,tsmom_12m,12M,0.0,21,1998-09-01T00:00:00+00:00,1998-09-30T00:00:00+00:00,-0.052857283992150284,-0.052857283992150284,-0.04423862551931279,0.012476218048974808,0.762122477574468
1998-10,tsmom_12m,12M,0.0,22,1998-10-01T00:00:00+00:00,1998-10-30T00:00:00+00:00,0.012526490656530331,0.012526490656530331,-0.011335008008427794,0.027071849549676785,0.735050628024791
1998-11,tsmom_12m,12M,0.0,19,1998-11-02T00:00:00+00:00,1998-11-30T00:00:00+00:00,-0.004315347888615539,-0.004315347888615539,-0.02488896502722371,0.040507203504472344,0.7755578315292637
1998-12,tsmom_12m,12M,0.0,22,1998-12-01T00:00:00+00:00,1998-12-31T00:00:00+00:00,0.01623542652459453,0.01623542652459453,-0.01087374228522997,0.04551426373449108,0.8210720952637548
1999-01,tsmom_12m,12M,0.0,19,1999-01-04T00:00:00+00:00,1999-01-29T00:00:00+00:00,0.0024920992694461575,0.0024920992694461575,-0.017521347119233366,0.055777579472577665,0.8768496747363322
1999-02,tsmom_12m,12M,0.0,19,1999-02-01T00:00:00+00:00,1999-02-26T00:00:00+00:00,-0.000805675546695972,-0.000805675546695972,-0.010256065005036619,0.045199008919169725,0.9220486836555019
1999-03,tsmom_12m,12M,0.0,23,1999-03-01T00:00:00+00:00,1999-03-31T00:00:00+00:00,0.021079631746296235,0.021079631746296235,-0.025822370701488406,0.04969168844423222,0.9717403720997343
1999-04,tsmom_12m,12M,0.0,21,1999-04-01T00:00:00+00:00,1999-04-30T00:00:00+00:00,-0.020202247771490822,-0.020202247771490822,-0.025532817739191915,0.007238455347499673,0.9645019167522344
1999-05,tsmom_12m,12M,0.0,19,1999-05-03T00:00:00+00:00,1999-05-28T00:00:00+00:00,0.05901341270267291,0.05901341270267291,-0.011143118175426903,0.07397853596442583,1.0384804527166607
1999-06,tsmom_12m,12M,0.0,22,1999-06-01T00:00:00+00:00,1999-06-30T00:00:00+00:00,0.029745911431670713,0.029745911431670713,-0.013586320983666633,0.08228657563266983,0.9561938770839905
1999-07,tsmom_12m,12M,0.0,21,1999-07-01T00:00:00+00:00,1999-07-30T00:00:00+00:00,0.017549652610804545,0.017549652610804545,-0.022682152492913055,0.04767955422713688,1.0038734313111275
1999-08,tsmom_12m,12M,0.0,22,1999-08-02T00:00:00+00:00,1999-08-31T00:00:00+00:00,0.005173884328397271,0.005173884328397271,-0.022946423016167894,0.032456980859022266,0.9714164504521048
1999-09,tsmom_12m,12M,0.0,21,1999-09-01T00:00:00+00:00,1999-09-30T00:00:00+00:00,-0.1589062198861888,-0.1589062198861888,-0.19394365666530633,0.07554972642650304,1.0469661768786085
1999-10,tsmom_12m,12M,0.0,21,1999-10-01T00:00:00+00:00,1999-10-29T00:00:00+00:00,0.001669197625542962,0.001669197625542962,-0.0463139548519752,1.4597274107239373,0.4127612338453289
1999-11,tsmom_12m,12M,0.0,20,1999-11-01T00:00:00+00:00,1999-11-30T00:00:00+00:00,-0.009365703283042204,-0.009365703283042204,-0.011719825960866737,0.011210597768177621,0.40155063607715136
1999-12,tsmom_12m,12M,0.0,21,1999-12-01T00:00:00+00:00,1999-12-30T00:00:00+00:00,0.004379686352222523,0.004379686352222523,-0.021457115959985007,0.8299783656485294,0.4284277295713782
2000-01,tsmom_12m,12M,0.0,18,2000-01-04T00:00:00+00:00,2000-01-31T00:00:00+00:00,-0.005407293436169414,-0.005407293436169414,-0.006964121358134401,0.9000221985959208,0.4715944690245428
2000-02,tsmom_12m,12M,0.0,20,2000-02-01T00:00:00+00:00,2000-02-29T00:00:00+00:00,-0.01807035635515053,-0.01807035635515053,-0.05830646379845372,0.9852069623216556,0.513612493297113
2000-03,tsmom_12m,12M,0.0,23,2000-03-01T00:00:00+00:00,2000-03-31T00:00:00+00:00,-0.017378790121999832,-0.017378790121999832,-0.020540197515424352,0.9124685042194906,0.39885601092237777
2000-04,tsmom_12m,12M,0.0,19,2000-04-03T00:00:00+00:00,2000-04-28T00:00:00+00:00,0.010617593644943968,0.010617593644943968,-0.009997940500817704,0.8510209329270975,0.45216492200471975
2000-05,tsmom_12m,12M,0.0,22,2000-05-01T00:00:00+00:00,2000-05-31T00:00:00+00:00,-0.0005290502157124788,-0.0005290502157124788,-0.01168927419101462,0.0556011442681516,0.5077660662728715
2000-06,tsmom_12m,12M,0.0,22,2000-06-01T00:00:00+00:00,2000-06-30T00:00:00+00:00,0.03461498057200485,0.03461498057200485,-0.018319545754719613,1.0781447958898025,0.5703787296169309
2000-07,tsmom_12m,12M,0.0,19,2000-07-05T00:00:00+00:00,2000-07-31T00:00:00+00:00,-0.015818209303024133,-0.015818209303024133,-0.011741903090433325,0.012549960003835903,0.5578287696130954
2000-08,tsmom_12m,12M,0.0,23,2000-08-01T00:00:00+00:00,2000-08-31T00:00:00+00:00,-0.002208778220254559,-0.002208778220254559,-0.01573974671866396,0.0357236057501229,0.5935523753632183
2000-09,tsmom_12m,12M,0.0,20,2000-09-01T00:00:00+00:00,2000-09-29T00:00:00+00:00,-0.012500977411254,-0.012500977411254,-0.020420781105599306,0.08675154829378784,0.6803039236570059
2000-10,tsmom_12m,12M,0.0,22,2000-10-02T00:00:00+00:00,2000-10-31T00:00:00+00:00,0.027904331553642248,0.027904331553642248,-0.018006765355782606,1.4121536721065768,0.7318497484495708
2000-11,tsmom_12m,12M,0.0,20,2000-11-01T00:00:00+00:00,2000-11-30T00:00:00+00:00,-0.01964791564210655,-0.01964791564210655,-0.02267740319178646,0.027045304727334574,0.7588950531769054
2000-12,tsmom_12m,12M,0.0,20,2000-12-01T00:00:00+00:00,2000-12-29T00:00:00+00:00,-0.00147547138727544,-0.00147547138727544,-0.01734924143215455,0.07640650692096917,0.8353015600978747
2001-01,tsmom_12m,12M,0.0,21,2001-01-02T00:00:00+00:00,2001-01-31T00:00:00+00:00,0.017385861092755306,0.017385861092755306,-0.013845661397243081,0.026810939077959173,0.8621124991758335
2001-02,tsmom_12m,12M,0.0,19,2001-02-01T00:00:00+00:00,2001-02-28T00:00:00+00:00,-0.0004725120871895694,-0.0004725120871895694,-0.03950865999382436,0.04484980249628112,0.9069623016721148
2001-03,tsmom_12m,12M,0.0,22,2001-03-01T00:00:00+00:00,2001-03-30T00:00:00+00:00,0.026676274662005506,0.026676274662005506,-0.03625207595131463,0.05555863304736697,0.8514036686247479
2001-04,tsmom_12m,12M,0.0,20,2001-04-02T00:00:00+00:00,2001-04-30T00:00:00+00:00,-0.016370438023954437,-0.016370438023954437,-0.028751679853631917,0.05461887474409399,0.796784793880654
2001-05,tsmom_12m,12M,0.0,22,2001-05-01T00:00:00+00:00,2001-05-31T00:00:00+00:00,-0.011075283723589457,-0.011075283723589457,-0.06847581375583389,0.026176476704661722,0.8229612705853158
2001-06,tsmom_12m,12M,0.0,21,2001-06-01T00:00:00+00:00,2001-06-29T00:00:00+00:00,-0.010943724443550185,-0.010943724443550185,-0.024020132282256856,0.21701693216586015,0.6059443384194554
2001-07,tsmom_12m,12M,0.0,21,2001-07-02T00:00:00+00:00,2001-07-31T00:00:00+00:00,0.004421341886846841,0.004421341886846841,-0.011365408414425016,0.0020049988586967604,0.6079493372781521
2001-08,tsmom_12m,12M,0.0,23,2001-08-01T00:00:00+00:00,2001-08-31T00:00:00+00:00,-0.018753307635587357,-0.018753307635587357,-0.029956759534960575,0.07641436195448192,0.6843636992326341
2001-09,tsmom_12m,12M,0.0,16,2001-09-04T00:00:00+00:00,2001-09-28T00:00:00+00:00,-0.04597603836708719,-0.04597603836708719,-0.05491816028730212,0.05284067639408063,0.7372043756267148
2001-10,tsmom_12m,12M,0.0,23,2001-10-01T00:00:00+00:00,2001-10-31T00:00:00+00:00,-0.029386044395175004,-0.029386044395175004,-0.03789762925308271,1.3752494602860001,0.6380450846592856
2001-11,tsmom_12m,12M,0.0,20,2001-11-01T00:00:00+00:00,2001-11-30T00:00:00+00:00,-0.013530547143851712,-0.013530547143851712,-0.02128245596543532,0.040183988335596776,0.6782290729948823
2001-12,tsmom_12m,12M,0.0,19,2001-12-03T00:00:00+00:00,2001-12-31T00:00:00+00:00,0.011376381121746881,0.011376381121746881,-0.013670725173389742,0.08050027526644998,0.7587293482613321
2002-01,tsmom_12m,12M,0.0,21,2002-01-02T00:00:00+00:00,2002-01-31T00:00:00+00:00,0.011259261874847049,0.011259261874847049,-0.025923159127021034,0.04163470480662812,0.8003640530679603
2002-02,tsmom_12m,12M,0.0,19,2002-02-01T00:00:00+00:00,2002-02-28T00:00:00+00:00,0.04084342065412905,0.04084342065412905,-0.03162404982547984,0.013398083103376202,0.8137621361713364
2002-03,tsmom_12m,12M,0.0,20,2002-03-01T00:00:00+00:00,2002-03-28T00:00:00+00:00,0.01608452880734701,0.01608452880734701,-0.02010327167870174,0.09235610549983586,0.7214060306715007
2002-04,tsmom_12m,12M,0.0,22,2002-04-01T00:00:00+00:00,2002-04-30T00:00:00+00:00,0.013651716533647162,0.013651716533647162,-0.018360341112858558,0.02859934555790955,0.7500053762294102
2002-05,tsmom_12m,12M,0.0,22,2002-05-01T00:00:00+00:00,2002-05-31T00:00:00+00:00,0.046738547865611935,0.046738547865611935,-0.012424605648846843,0.04257958946370288,0.7925849656931131
2002-06,tsmom_12m,12M,0.0,20,2002-06-03T00:00:00+00:00,2002-06-28T00:00:00+00:00,-0.03293891264008053,-0.03293891264008053,-0.03597305868500322,0.0003940499252502727,0.7929790156183636
2002-07,tsmom_12m,12M,0.0,22,2002-07-01T00:00:00+00:00,2002-07-31T00:00:00+00:00,-0.021686252377883353,-0.021686252377883353,-0.047375373430133316,0.004940276425728363,0.7880387391926349
2002-08,tsmom_12m,12M,0.0,22,2002-08-01T00:00:00+00:00,2002-08-30T00:00:00+00:00,0.019456716897069626,0.019456716897069626,-0.017955306832797335,0.11280958776549388,0.675229151427141
2002-09,tsmom_12m,12M,0.0,20,2002-09-03T00:00:00+00:00,2002-09-30T00:00:00+00:00,0.022934851005619317,0.022934851005619317,-0.011914168218996046,0.03734887262344022,0.6378802788037009
2002-10,tsmom_12m,12M,0.0,23,2002-10-01T00:00:00+00:00,2002-10-31T00:00:00+00:00,-0.014463514609172945,-0.014463514609172945,-0.02607497627028288,0.056877042893113794,0.6947573216968145
2002-11,tsmom_12m,12M,0.0,19,2002-11-01T00:00:00+00:00,2002-11-27T00:00:00+00:00,-0.0013142739499814038,-0.0013142739499814038,-0.016204659024273815,0.046139210520784846,0.7408965322175994
2002-12,tsmom_12m,12M,0.0,21,2002-12-02T00:00:00+00:00,2002-12-31T00:00:00+00:00,0.07396687755950104,0.07396687755950104,-0.012478093645141297,0.03831585130131543,0.7792123835189151
2003-01,tsmom_12m,12M,0.0,21,2003-01-02T00:00:00+00:00,2003-01-31T00:00:00+00:00,0.04383470761544106,0.04383470761544106,-0.009160855133516499,0.04613577158456017,0.7330766119343547
2003-02,tsmom_12m,12M,0.0,19,2003-02-03T00:00:00+00:00,2003-02-28T00:00:00+00:00,-0.03617366513409637,-0.03617366513409637,-0.06753060524339694,0.02001071085587347,0.7130659010784813
2003-03,tsmom_12m,12M,0.0,21,2003-03-03T00:00:00+00:00,2003-03-31T00:00:00+00:00,-0.024036711406860256,-0.024036711406860256,-0.05140554019352683,0.12535845810178137,0.5877074429767001
2003-04,tsmom_12m,12M,0.0,21,2003-04-01T00:00:00+00:00,2003-04-30T00:00:00+00:00,0.0061936013787156075,0.0061936013787156075,-0.022462114940144273,0.011656529502725443,0.5760509134739744
2003-05,tsmom_12m,12M,0.0,21,2003-05-01T00:00:00+00:00,2003-05-30T00:00:00+00:00,0.046993001450418515,0.046993001450418515,-0.010871323691135637,0.03817178017909839,0.6142226936530728
2003-06,tsmom_12m,12M,0.0,21,2003-06-02T00:00:00+00:00,2003-06-30T00:00:00+00:00,-0.032399505443021615,-0.032399505443021615,-0.042307260792616264,0.00019370710209987152,0.6140289865509732
2003-07,tsmom_12m,12M,0.0,22,2003-07-01T00:00:00+00:00,2003-07-31T00:00:00+00:00,0.012985192982425176,0.012985192982425176,-0.017264995758949242,0.03833838203193507,0.5756906045190378
2003-08,tsmom_12m,12M,0.0,21,2003-08-01T00:00:00+00:00,2003-08-29T00:00:00+00:00,0.038320991853987296,0.038320991853987296,-0.012410717960115503,0.02179419071059241,0.5974847952296306
2003-09,tsmom_12m,12M,0.0,21,2003-09-02T00:00:00+00:00,2003-09-30T00:00:00+00:00,0.014726863234493459,0.014726863234493459,-0.012735596284942807,0.004752200523036487,0.5927325947065937
2003-10,tsmom_12m,12M,0.0,23,2003-10-01T00:00:00+00:00,2003-10-31T00:00:00+00:00,-0.0020729362508138394,-0.0020729362508138394,-0.024725920096376086,0.03421689100553593,0.6269494857121298
2003-11,tsmom_12m,12M,0.0,18,2003-11-03T00:00:00+00:00,2003-11-26T00:00:00+00:00,0.020974925642396558,0.020974925642396558,-0.009788451902581596,0.02759504613867203,0.5993544395734579
2003-12,tsmom_12m,12M,0.0,21,2003-12-01T00:00:00+00:00,2003-12-31T00:00:00+00:00,0.027627900497936064,0.027627900497936064,-0.005233851001637424,0.01160164871050906,0.6109560882839669
2004-01,tsmom_12m,12M,0.0,19,2004-01-05T00:00:00+00:00,2004-01-30T00:00:00+00:00,-0.02114270137562746,-0.02114270137562746,-0.04351653613831452,0.06496681596111098,0.6759229042450777
2004-02,tsmom_12m,12M,0.0,19,2004-02-02T00:00:00+00:00,2004-02-27T00:00:00+00:00,-0.008473771109202777,-0.008473771109202777,-0.029262213240610624,0.09782532585639325,0.5780975783886845
2004-03,tsmom_12m,12M,0.0,23,2004-03-01T00:00:00+00:00,2004-03-31T00:00:00+00:00,0.04427813733782848,0.04427813733782848,-0.01241944086858271,0.01474219524193654,0.5633553831467479
2004-04,tsmom_12m,12M,0.0,21,2004-04-01T00:00:00+00:00,2004-04-30T00:00:00+00:00,-0.05600216751151754,-0.05600216751151754,-0.05878216899686839,0.021308970593730048,0.5846643537404782
2004-05,tsmom_12m,12M,0.0,20,2004-05-03T00:00:00+00:00,2004-05-28T00:00:00+00:00,0.010202448805224362,0.010202448805224362,-0.026456368686094134,0.04287039491842226,0.5417939588220559
2004-06,tsmom_12m,12M,0.0,21,2004-06-01T00:00:00+00:00,2004-06-30T00:00:00+00:00,-0.0023570380856643425,-0.0023570380856643425,-0.015151324429093616,0.0017814979129376907,0.5435754567349935
2004-07,tsmom_12m,12M,0.0,21,2004-07-01T00:00:00+00:00,2004-07-30T00:00:00+00:00,0.0012454563111399253,0.0012454563111399253,-0.02574141787155504,0.017865730113234113,0.5614411868482276
2004-08,tsmom_12m,12M,0.0,22,2004-08-02T00:00:00+00:00,2004-08-31T00:00:00+00:00,0.0279435288884764,0.0279435288884764,-0.014915239580748918,0.027599972042026355,0.5890411588902539
2004-09,tsmom_12m,12M,0.0,21,2004-09-01T00:00:00+00:00,2004-09-30T00:00:00+00:00,0.01186909340946829,0.01186909340946829,-0.016942841050425983,0.019374510658040522,0.6084156695482946
2004-10,tsmom_12m,12M,0.0,21,2004-10-01T00:00:00+00:00,2004-10-29T00:00:00+00:00,0.014612702566030755,0.014612702566030755,-0.015847354772623334,0.06987561070969794,0.6782912802579925
2004-11,tsmom_12m,12M,0.0,20,2004-11-01T00:00:00+00:00,2004-11-30T00:00:00+00:00,0.03907310569182432,0.03907310569182432,-0.012235551463358862,0.02971725171636852,0.708008531974361
2004-12,tsmom_12m,12M,0.0,21,2004-12-01T00:00:00+00:00,2004-12-30T00:00:00+00:00,-0.02347292962371561,-0.02347292962371561,-0.03564769009695434,0.014645787006287159,0.7226543189806482
2005-01,tsmom_12m,12M,0.0,20,2005-01-03T00:00:00+00:00,2005-01-31T00:00:00+00:00,-0.022087752441868447,-0.022087752441868447,-0.016125927430774567,0.04490401155860679,0.6777503074220413
2005-02,tsmom_12m,12M,0.0,19,2005-02-01T00:00:00+00:00,2005-02-28T00:00:00+00:00,0.022626364799707366,0.022626364799707366,-0.014658010509579156,0.033598199404612616,0.7113485068266541
2005-03,tsmom_12m,12M,0.0,22,2005-03-01T00:00:00+00:00,2005-03-31T00:00:00+00:00,-0.011073585456677248,-0.011073585456677248,-0.0372161109266681,0.04141658669231707,0.7527650935189709
2005-04,tsmom_12m,12M,0.0,21,2005-04-01T00:00:00+00:00,2005-04-29T00:00:00+00:00,0.008920378056521905,0.008920378056521905,-0.011487882762540091,0.010828321651528916,0.7635934151705002
2005-05,tsmom_12m,12M,0.0,21,2005-05-02T00:00:00+00:00,2005-05-31T00:00:00+00:00,-0.03232963488393792,-0.03232963488393792,-0.026266199518055755,0.05462350550341433,0.8182169206739142
2005-06,tsmom_12m,12M,0.0,22,2005-06-01T00:00:00+00:00,2005-06-30T00:00:00+00:00,0.03757681569358873,0.03757681569358873,-0.011925571251710565,0.04788625290235593,0.8661031735762702
2005-07,tsmom_12m,12M,0.0,20,2005-07-01T00:00:00+00:00,2005-07-29T00:00:00+00:00,-0.002596116915023594,-0.002596116915023594,-0.01789014151147561,0.025682223309612118,0.8917853968858823
2005-08,tsmom_12m,12M,0.0,23,2005-08-01T00:00:00+00:00,2005-08-31T00:00:00+00:00,0.004684094533710548,0.004684094533710548,-0.031044570122730764,0.017026450455040143,0.8747589464308421
2005-09,tsmom_12m,12M,0.0,21,2005-09-01T00:00:00+00:00,2005-09-30T00:00:00+00:00,0.06570846759889815,0.06570846759889815,-0.016358849418531718,0.007374288562582931,0.8673846578682594
2005-10,tsmom_12m,12M,0.0,21,2005-10-03T00:00:00+00:00,2005-10-31T00:00:00+00:00,-0.007300237486510985,-0.007300237486510985,-0.025865264775712604,0.05493840500090952,0.8124462528673497
2005-11,tsmom_12m,12M,0.0,20,2005-11-01T00:00:00+00:00,2005-11-30T00:00:00+00:00,0.05171901459656025,0.05171901459656025,-0.011422165541093876,0.009957826179076035,0.8024884266882738
2005-12,tsmom_12m,12M,0.0,21,2005-12-01T00:00:00+00:00,2005-12-30T00:00:00+00:00,0.03307261427063368,0.03307261427063368,-0.05049137577041196,0.06432026141839542,0.7381681652698782
2006-01,tsmom_12m,12M,0.0,20,2006-01-03T00:00:00+00:00,2006-01-31T00:00:00+00:00,0.06563244089741205,0.06563244089741205,-0.014760329065723332,0.09664896470575146,0.6415192005641266
2006-02,tsmom_12m,12M,0.0,19,2006-02-01T00:00:00+00:00,2006-02-28T00:00:00+00:00,-0.008493966948053822,-0.008493966948053822,-0.032645501825427914,0.077783296325734,0.5637359042383927
2006-03,tsmom_12m,12M,0.0,23,2006-03-01T00:00:00+00:00,2006-03-31T00:00:00+00:00,0.019966614072467692,0.019966614072467692,-0.026642576421448294,0.05764090237713737,0.5060950018612557
2006-04,tsmom_12m,12M,0.0,19,2006-04-03T00:00:00+00:00,2006-04-28T00:00:00+00:00,0.06048606541954693,0.06048606541954693,-0.006995759667737689,0.0201693474296315,0.526264349290887
2006-05,tsmom_12m,12M,0.0,22,2006-05-01T00:00:00+00:00,2006-05-31T00:00:00+00:00,-0.005567525452797928,-0.005567525452797928,-0.059933494771579054,0.004325198470651936,0.5305895477615388
2006-06,tsmom_12m,12M,0.0,22,2006-06-01T00:00:00+00:00,2006-06-30T00:00:00+00:00,-0.018917632986609645,-0.018917632986609645,-0.05362651618731629,0.1183845434028461,0.4122050043586929
2006-07,tsmom_12m,12M,0.0,19,2006-07-05T00:00:00+00:00,2006-07-31T00:00:00+00:00,0.019507252418340837,0.019507252418340837,-0.031300930852895426,0.04141238127656305,0.37079262308212974
2006-08,tsmom_12m,12M,0.0,23,2006-08-01T00:00:00+00:00,2006-08-31T00:00:00+00:00,-0.006734821830211124,-0.006734821830211124,-0.023572037946489988,0.026543196327359186,0.3442494267547706
2006-09,tsmom_12m,12M,0.0,20,2006-09-01T00:00:00+00:00,2006-09-29T00:00:00+00:00,-0.017906402870056626,-0.017906402870056626,-0.03871993367683735,0.04031340635945718,0.3845628331142278
2006-10,tsmom_12m,12M,0.0,22,2006-10-02T00:00:00+00:00,2006-10-31T00:00:00+00:00,0.00226385970888221,0.00226385970888221,-0.02451506120526359,0.017806028267077445,0.4023688613813052
2006-11,tsmom_12m,12M,0.0,21,2006-11-01T00:00:00+00:00,2006-11-30T00:00:00+00:00,0.03088816501286984,0.03088816501286984,-0.00983845894964519,0.01293905514916005,0.4153079165304653
2006-12,tsmom_12m,12M,0.0,20,2006-12-01T00:00:00+00:00,2006-12-29T00:00:00+00:00,-0.009575078017494465,-0.009575078017494465,-0.023228897070312615,0.03832869453118698,0.4536366110616522
2007-01,tsmom_12m,12M,0.0,21,2007-01-02T00:00:00+00:00,2007-01-31T00:00:00+00:00,0.015580094181897541,0.015580094181897541,-0.027507639017877228,0.04534437512551753,0.4989809861871699
2007-02,tsmom_12m,12M,0.0,19,2007-02-01T00:00:00+00:00,2007-02-28T00:00:00+00:00,0.011435930112531967,0.011435930112531967,-0.013038295898906926,0.016703046912046215,0.515684033099216
2007-03,tsmom_12m,12M,0.0,22,2007-03-01T00:00:00+00:00,2007-03-30T00:00:00+00:00,-0.0021553619134335733,-0.0021553619134335733,-0.020260539867290372,0.006464332492640779,0.5221483655918567
2007-04,tsmom_12m,12M,0.0,20,2007-04-02T00:00:00+00:00,2007-04-30T00:00:00+00:00,0.011592526944363746,0.011592526944363746,-0.01341037916159371,0.02439896326431512,0.5465473288561717
2007-05,tsmom_12m,12M,0.0,22,2007-05-01T00:00:00+00:00,2007-05-31T00:00:00+00:00,-0.014472712610648086,-0.014472712610648086,-0.03227296490205067,0.0549906857972553,0.601538014653427
2007-06,tsmom_12m,12M,0.0,21,2007-06-01T00:00:00+00:00,2007-06-29T00:00:00+00:00,-0.014131650567296039,-0.014131650567296039,-0.029897510707445174,0.027970429796632,0.629508444450059
2007-07,tsmom_12m,12M,0.0,21,2007-07-02T00:00:00+00:00,2007-07-31T00:00:00+00:00,0.027268418104080983,0.027268418104080983,-0.02355879675392969,0.015411382420140063,0.6449198268701991
2007-08,tsmom_12m,12M,0.0,23,2007-08-01T00:00:00+00:00,2007-08-31T00:00:00+00:00,0.0031254082551119833,0.0031254082551119833,-0.027408021320833087,0.02606263589612623,0.6709824627663253
2007-09,tsmom_12m,12M,0.0,19,2007-09-04T00:00:00+00:00,2007-09-28T00:00:00+00:00,0.06325848245511767,0.06325848245511767,-0.004094637220585673,0.02683099243431497,0.6441514703320105
2007-10,tsmom_12m,12M,0.0,23,2007-10-01T00:00:00+00:00,2007-10-31T00:00:00+00:00,0.040779553415122516,0.040779553415122516,-0.016173001980434587,0.02548753424589223,0.6696390045779027
2007-11,tsmom_12m,12M,0.0,21,2007-11-01T00:00:00+00:00,2007-11-30T00:00:00+00:00,-0.0045251477016724495,-0.0045251477016724495,-0.04638487093374266,0.0112412858850931,0.6583977186928095
2007-12,tsmom_12m,12M,0.0,20,2007-12-03T00:00:00+00:00,2007-12-31T00:00:00+00:00,0.03252695397401184,0.03252695397401184,-0.013519790245754337,0.13022633564539687,0.5281713830474127
2008-01,tsmom_12m,12M,0.0,22,2008-01-02T00:00:00+00:00,2008-01-31T00:00:00+00:00,0.05820133213575973,0.05820133213575973,-0.02295689035033055,0.021710127614137376,0.54988151066155
2008-02,tsmom_12m,12M,0.0,21,2008-02-01T00:00:00+00:00,2008-02-29T00:00:00+00:00,0.02540742182840816,0.02540742182840816,-0.012446203672030975,0.039069517903238205,0.5108119927583118
2008-03,tsmom_12m,12M,0.0,20,2008-03-03T00:00:00+00:00,2008-03-31T00:00:00+00:00,-0.028366825022189013,-0.028366825022189013,-0.04770448237557412,0.017819689239031655,0.5286316819973434
2008-04,tsmom_12m,12M,0.0,22,2008-04-01T00:00:00+00:00,2008-04-30T00:00:00+00:00,-0.026937667843567326,-0.026937667843567326,-0.039788326874927504,0.08551872854584275,0.4431129534515007
2008-05,tsmom_12m,12M,0.0,21,2008-05-01T00:00:00+00:00,2008-05-30T00:00:00+00:00,0.012972275571951464,0.012972275571951464,-0.022105712785481457,0.011424373967774626,0.4316885794837262
2008-06,tsmom_12m,12M,0.0,21,2008-06-02T00:00:00+00:00,2008-06-30T00:00:00+00:00,0.019448007241211984,0.019448007241211984,-0.017226404829406183,0.011460232941787607,0.4431488124255138
2008-07,tsmom_12m,12M,0.0,22,2008-07-01T00:00:00+00:00,2008-07-31T00:00:00+00:00,-0.0024018216693247885,-0.0024018216693247885,-0.026482684943706536,0.01068925482772387,0.4324595575977899
2008-08,tsmom_12m,12M,0.0,21,2008-08-01T00:00:00+00:00,2008-08-29T00:00:00+00:00,-0.04338401208392817,-0.04338401208392817,-0.06374859529546006,0.021747609523172007,0.45420716712096204
2008-09,tsmom_12m,12M,0.0,21,2008-09-02T00:00:00+00:00,2008-09-30T00:00:00+00:00,0.019921136164479325,0.019921136164479325,-0.033447623429326834,0.03029668921567047,0.42391047790529146
2008-10,tsmom_12m,12M,0.0,23,2008-10-01T00:00:00+00:00,2008-10-31T00:00:00+00:00,-0.048866755043275534,-0.048866755043275534,-0.06556744696237538,0.13752739032828448,0.2863830875770069
2008-11,tsmom_12m,12M,0.0,19,2008-11-03T00:00:00+00:00,2008-11-28T00:00:00+00:00,-0.03262676775285234,-0.03262676775285234,-0.037175770005657416,0.539691626081498,0.2533085385044911
2008-12,tsmom_12m,12M,0.0,22,2008-12-01T00:00:00+00:00,2008-12-31T00:00:00+00:00,0.019080973079674823,0.019080973079674823,-0.008357606324795874,0.49936784052179695,0.24605930201730597
2009-01,tsmom_12m,12M,0.0,20,2009-01-02T00:00:00+00:00,2009-01-30T00:00:00+00:00,0.014949430632668514,0.014949430632668514,-0.019990377938406634,0.015296768620080392,0.2613560706373864
2009-02,tsmom_12m,12M,0.0,19,2009-02-02T00:00:00+00:00,2009-02-27T00:00:00+00:00,0.004248663738616987,0.004248663738616987,-0.0146241433634271,0.012349374533248081,0.2737054451706344
2009-03,tsmom_12m,12M,0.0,22,2009-03-02T00:00:00+00:00,2009-03-31T00:00:00+00:00,0.005529023052869064,0.005529023052869064,-0.019574997108290804,0.5649171623676824,0.291211717197048
2009-04,tsmom_12m,12M,0.0,21,2009-04-01T00:00:00+00:00,2009-04-30T00:00:00+00:00,0.01037072410903317,0.01037072410903317,-0.016300060514747527,0.02415349942120304,0.3153652166182511
2009-05,tsmom_12m,12M,0.0,20,2009-05-01T00:00:00+00:00,2009-05-29T00:00:00+00:00,0.03449883535849674,0.03449883535849674,-0.0044842881362611164,0.6605442224127516,0.3451790057945005
2009-06,tsmom_12m,12M,0.0,22,2009-06-01T00:00:00+00:00,2009-06-30T00:00:00+00:00,-0.02061340851373572,-0.02061340851373572,-0.02387433762773572,0.04234526853370557,0.387524274328206
2009-07,tsmom_12m,12M,0.0,22,2009-07-01T00:00:00+00:00,2009-07-31T00:00:00+00:00,-0.011945159835228036,-0.011945159835228036,-0.020710048476269338,0.8118157369100898,0.42429146258188377
2009-08,tsmom_12m,12M,0.0,21,2009-08-03T00:00:00+00:00,2009-08-31T00:00:00+00:00,-0.0002520170022760615,-0.0002520170022760615,-0.015808266786477843,0.8982557415845023,0.47396427900261867
2009-09,tsmom_12m,12M,0.0,21,2009-09-01T00:00:00+00:00,2009-09-30T00:00:00+00:00,0.030309367054480507,0.030309367054480507,-0.015102335249986165,0.04803164967793527,0.5219959286805538
2009-10,tsmom_12m,12M,0.0,22,2009-10-01T00:00:00+00:00,2009-10-30T00:00:00+00:00,0.020910614848308917,0.020910614848308917,-0.018871454020156442,0.038278346018030374,0.560274274698584
2009-11,tsmom_12m,12M,0.0,21,2009-11-02T00:00:00+00:00,2009-11-30T00:00:00+00:00,0.07158056804943946,0.07158056804943946,-0.007037589204721639,0.009413471721314792,0.5696877464198989
2009-12,tsmom_12m,12M,0.0,22,2009-12-01T00:00:00+00:00,2009-12-31T00:00:00+00:00,-0.04051298167907347,-0.04051298167907347,-0.06412034490265683,0.01073031042055228,0.5804180568404511
2010-01,tsmom_12m,12M,0.0,20,2010-01-04T00:00:00+00:00,2010-01-29T00:00:00+00:00,-0.006948379023632323,-0.006948379023632323,-0.031032683684435458,0.07390465003300306,0.5065134068074483
2010-02,tsmom_12m,12M,0.0,20,2010-02-01T00:00:00+00:00,2010-02-26T00:00:00+00:00,0.017752654062346718,0.017752654062346718,-0.02445755205247424,0.0135045899367916,0.52001799674424
2010-03,tsmom_12m,12M,0.0,23,2010-03-01T00:00:00+00:00,2010-03-31T00:00:00+00:00,-0.0014752220877807254,-0.0014752220877807254,-0.02359966424607529,0.0137393506251835,0.5062786461190566
2010-04,tsmom_12m,12M,0.0,21,2010-04-01T00:00:00+00:00,2010-04-30T00:00:00+00:00,0.03171252680751668,0.03171252680751668,-0.012865330818811027,0.03869389379754751,0.5449725399166038
2010-05,tsmom_12m,12M,0.0,21,2010-05-03T00:00:00+00:00,2010-05-31T00:00:00+00:00,0.019568553309156522,0.019568553309156522,-0.028454872288022348,0.04572000973916579,0.5906925496557699
2010-06,tsmom_12m,12M,0.0,22,2010-06-01T00:00:00+00:00,2010-06-30T00:00:00+00:00,0.012035901248778291,0.012035901248778291,-0.011798886060710556,0.006461880421304578,0.5842306692344651
2010-07,tsmom_12m,12M,0.0,22,2010-07-01T00:00:00+00:00,2010-07-30T00:00:00+00:00,-0.0291169882391783,-0.0291169882391783,-0.025130714117882258,0.022713906989922927,0.6069445762243879
2010-08,tsmom_12m,12M,0.0,22,2010-08-02T00:00:00+00:00,2010-08-31T00:00:00+00:00,0.03348642450115924,0.03348642450115924,-0.003695477627336907,0.004272932391478523,0.6026716438329095
2010-09,tsmom_12m,12M,0.0,22,2010-09-01T00:00:00+00:00,2010-09-30T00:00:00+00:00,0.03313855068707339,0.03313855068707339,-0.0061110921209975855,0.08281182767984518,0.6854834715127545
2010-10,tsmom_12m,12M,0.0,21,2010-10-01T00:00:00+00:00,2010-10-29T00:00:00+00:00,0.02844331960008506,0.02844331960008506,-0.030936376967208634,0.06853279359164655,0.7540162651044011
2010-11,tsmom_12m,12M,0.0,22,2010-11-01T00:00:00+00:00,2010-11-30T00:00:00+00:00,0.014639758320976082,0.014639758320976082,-0.035489476981010126,0.06999198479643343,0.6840242803079678
2010-12,tsmom_12m,12M,0.0,22,2010-12-01T00:00:00+00:00,2010-12-31T00:00:00+00:00,0.015606697258273794,0.015606697258273794,-0.024122895658409305,0.05254928273003012,0.6314749975779376
2011-01,tsmom_12m,12M,0.0,21,2011-01-03T00:00:00+00:00,2011-01-31T00:00:00+00:00,-0.04088468730464734,-0.04088468730464734,-0.04600912824714354,0.022593898025350723,0.6540688956032883
2011-02,tsmom_12m,12M,0.0,20,2011-02-01T00:00:00+00:00,2011-02-28T00:00:00+00:00,0.03734757599884353,0.03734757599884353,-0.004133049534076116,0.01978056547696838,0.6342883301263201
2011-03,tsmom_12m,12M,0.0,23,2011-03-01T00:00:00+00:00,2011-03-31T00:00:00+00:00,0.009976664717356032,0.009976664717356032,-0.018704834665564052,0.0517762046598822,0.6860645347862024
2011-04,tsmom_12m,12M,0.0,20,2011-04-01T00:00:00+00:00,2011-04-29T00:00:00+00:00,0.06394196898819549,0.06394196898819549,-0.010292164895542744,0.01965500185632385,0.7057195366425261
2011-05,tsmom_12m,12M,0.0,22,2011-05-02T00:00:00+00:00,2011-05-31T00:00:00+00:00,-0.013141791143479575,-0.013141791143479575,-0.03429297059402836,0.0374279797733893,0.7431475164159153
2011-06,tsmom_12m,12M,0.0,22,2011-06-01T00:00:00+00:00,2011-06-30T00:00:00+00:00,-0.016008105408676032,-0.016008105408676032,-0.023149990274201948,0.040669410975057496,0.7024781054408576
2011-07,tsmom_12m,12M,0.0,21,2011-07-01T00:00:00+00:00,2011-07-29T00:00:00+00:00,0.06367323494862265,0.06367323494862265,-0.007855934675809029,0.052891182324424024,0.7553692877652819
2011-08,tsmom_12m,12M,0.0,23,2011-08-01T00:00:00+00:00,2011-08-31T00:00:00+00:00,0.0937603213574747,0.0937603213574747,-0.06067629155703824,0.025365560601515846,0.7807348483667979
2011-09,tsmom_12m,12M,0.0,22,2011-09-01T00:00:00+00:00,2011-09-30T00:00:00+00:00,-0.04994036259926493,-0.04994036259926493,-0.07145683413081316,0.3268114771536668,0.4539233712131309
2011-10,tsmom_12m,12M,0.0,21,2011-10-03T00:00:00+00:00,2011-10-31T00:00:00+00:00,0.021024537544981126,0.021024537544981126,-0.014458178886245232,0.06036570139207237,0.39355766982105855
2011-11,tsmom_12m,12M,0.0,22,2011-11-01T00:00:00+00:00,2011-11-30T00:00:00+00:00,0.010349417439453168,0.010349417439453168,-0.027483990692799165,0.01762903917374775,0.41118670899480636
2011-12,tsmom_12m,12M,0.0,21,2011-12-01T00:00:00+00:00,2011-12-30T00:00:00+00:00,-0.04660245256321116,-0.04660245256321116,-0.051096225853865085,0.01698964674302411,0.4281763557378305
2012-01,tsmom_12m,12M,0.0,21,2012-01-03T00:00:00+00:00,2012-01-31T00:00:00+00:00,0.046203734986337786,0.046203734986337786,-0.0027176545551386155,0.0005386776353183964,0.427637678102512
2012-02,tsmom_12m,12M,0.0,21,2012-02-01T00:00:00+00:00,2012-02-29T00:00:00+00:00,-0.010755221244580282,-0.010755221244580282,-0.022677517082192233,0.0381647858314243,0.4658024639339364
2012-03,tsmom_12m,12M,0.0,22,2012-03-01T00:00:00+00:00,2012-03-30T00:00:00+00:00,-0.008460263521189226,-0.008460263521189226,-0.02299557119586748,0.0555437600521671,0.5213462239861035
2012-04,tsmom_12m,12M,0.0,20,2012-04-02T00:00:00+00:00,2012-04-30T00:00:00+00:00,-0.0014209643241557268,-0.0014209643241557268,-0.016824428850287565,0.020241069271293433,0.5011051547148101
2012-05,tsmom_12m,12M,0.0,23,2012-05-01T00:00:00+00:00,2012-05-31T00:00:00+00:00,-0.03472371556017273,-0.03472371556017273,-0.04141327202664746,0.05471332245494087,0.555818477169751
2012-06,tsmom_12m,12M,0.0,21,2012-06-01T00:00:00+00:00,2012-06-29T00:00:00+00:00,0.014044774324700082,0.014044774324700082,-0.027500279663477567,0.024509883379851383,0.5803283605496022
2012-07,tsmom_12m,12M,0.0,22,2012-07-02T00:00:00+00:00,2012-07-31T00:00:00+00:00,0.006316236650171669,0.006316236650171669,-0.017551661311274946,0.021871988329584924,0.5584563722200175
2012-08,tsmom_12m,12M,0.0,23,2012-08-01T00:00:00+00:00,2012-08-31T00:00:00+00:00,-0.027350983496037262,-0.027350983496037262,-0.03658753804378134,1.1481244246398674,0.58966805241985
2012-09,tsmom_12m,12M,0.0,20,2012-09-03T00:00:00+00:00,2012-09-28T00:00:00+00:00,-0.03202103500233067,-0.03202103500233067,-0.03356061186333692,0.07804957107461463,0.6677176234944648
2012-10,tsmom_12m,12M,0.0,23,2012-10-01T00:00:00+00:00,2012-10-31T00:00:00+00:00,-0.02069685189573056,-0.02069685189573056,-0.03416447886721019,1.3445189089380676,0.6768012854436026
2012-11,tsmom_12m,12M,0.0,22,2012-11-01T00:00:00+00:00,2012-11-30T00:00:00+00:00,-0.0014421552294122675,-0.0014421552294122675,-0.016994337862187736,0.07894044143044732,0.7557417268740498
2012-12,tsmom_12m,12M,0.0,20,2012-12-03T00:00:00+00:00,2012-12-31T00:00:00+00:00,0.01789960407658131,0.01789960407658131,-0.012721437869039232,1.5187595324377368,0.7630178055636866
2013-01,tsmom_12m,12M,0.0,22,2013-01-02T00:00:00+00:00,2013-01-31T00:00:00+00:00,-0.0053959054825697406,-0.0053959054825697406,-0.01900812908947136,1.579704360905803,0.8166865553421164
2013-02,tsmom_12m,12M,0.0,20,2013-02-01T00:00:00+00:00,2013-02-28T00:00:00+00:00,0.04508214384046161,0.04508214384046161,-0.027048687383449788,1.6733947938311617,0.8567082384890453
2013-03,tsmom_12m,12M,0.0,20,2013-03-01T00:00:00+00:00,2013-03-28T00:00:00+00:00,-0.009437150178030707,-0.009437150178030707,-0.02038501207789245,0.06115462261754889,0.7955536158714963
2013-04,tsmom_12m,12M,0.0,22,2013-04-01T00:00:00+00:00,2013-04-30T00:00:00+00:00,0.06033048909455885,0.06033048909455885,-0.0760395227001458,0.08824571963781414,0.8837993355093103
2013-05,tsmom_12m,12M,0.0,23,2013-05-01T00:00:00+00:00,2013-05-31T00:00:00+00:00,0.025940867325058292,0.025940867325058292,-0.017544544168869525,0.4545549636105412,0.42924437189876946
2013-06,tsmom_12m,12M,0.0,20,2013-06-03T00:00:00+00:00,2013-06-28T00:00:00+00:00,0.05182167329577059,0.05182167329577059,-0.012723085129389577,0.022443971326406964,0.4516883432251764
2013-07,tsmom_12m,12M,0.0,23,2013-07-01T00:00:00+00:00,2013-07-31T00:00:00+00:00,-0.02854517453070249,-0.02854517453070249,-0.03917243393198733,0.04880799762565019,0.4028803455995261
2013-08,tsmom_12m,12M,0.0,22,2013-08-01T00:00:00+00:00,2013-08-30T00:00:00+00:00,-0.02299623858916544,-0.02299623858916544,-0.04230799986395539,0.01883850775851348,0.42171885335803966
2013-09,tsmom_12m,12M,0.0,21,2013-09-02T00:00:00+00:00,2013-09-30T00:00:00+00:00,0.02088136758293868,0.02088136758293868,-0.019352645885793995,0.035890451249340594,0.4576093046073803
2013-10,tsmom_12m,12M,0.0,23,2013-10-01T00:00:00+00:00,2013-10-31T00:00:00+00:00,0.0006486582831317644,0.0006486582831317644,-0.026770019292028047,0.02248288299832707,0.43512642160905324
2013-11,tsmom_12m,12M,0.0,21,2013-11-01T00:00:00+00:00,2013-11-29T00:00:00+00:00,0.02544785634330382,0.02544785634330382,-0.00875303022653251,0.02375820361603148,0.4588846252250847
2013-12,tsmom_12m,12M,0.0,21,2013-12-02T00:00:00+00:00,2013-12-31T00:00:00+00:00,0.018120302502533603,0.018120302502533603,-0.017377418761238217,0.04179871110377548,0.5006833363288601
2014-01,tsmom_12m,12M,0.0,22,2014-01-02T00:00:00+00:00,2014-01-31T00:00:00+00:00,-0.01722943715317271,-0.01722943715317271,-0.019396020044020856,0.000632178867069455,0.5000511574617905
2014-02,tsmom_12m,12M,0.0,20,2014-02-03T00:00:00+00:00,2014-02-28T00:00:00+00:00,-0.03376542934643234,-0.03376542934643234,-0.0354584525153574,0.030298289874409523,0.5303494473362
2014-03,tsmom_12m,12M,0.0,21,2014-03-03T00:00:00+00:00,2014-03-31T00:00:00+00:00,0.017981124233839907,0.017981124233839907,-0.021018134038099157,0.05502764470386501,0.5853770920400653
2014-04,tsmom_12m,12M,0.0,21,2014-04-01T00:00:00+00:00,2014-04-30T00:00:00+00:00,-0.0036734615983413654,-0.0036734615983413654,-0.02186663953954504,0.011704168946030546,0.5970812609860958
2014-05,tsmom_12m,12M,0.0,22,2014-05-01T00:00:00+00:00,2014-05-30T00:00:00+00:00,0.02095894959584954,0.02095894959584954,-0.012543520138185493,0.05503755101026497,0.6521188119963609
2014-06,tsmom_12m,12M,0.0,21,2014-06-02T00:00:00+00:00,2014-06-30T00:00:00+00:00,-0.0424901822121887,-0.0424901822121887,-0.04580750826718882,0.04863625253371917,0.7007550645300799
2014-07,tsmom_12m,12M,0.0,23,2014-07-01T00:00:00+00:00,2014-07-31T00:00:00+00:00,-0.023918110364747447,-0.023918110364747447,-0.03001264542099147,1.4134845554768014,0.7127294909467214
2014-08,tsmom_12m,12M,0.0,21,2014-08-01T00:00:00+00:00,2014-08-29T00:00:00+00:00,-0.0032362156396331665,-0.0032362156396331665,-0.014511497223129055,1.4576518152122375,0.7449223242655162
2014-09,tsmom_12m,12M,0.0,22,2014-09-01T00:00:00+00:00,2014-09-30T00:00:00+00:00,0.051887533340825964,0.051887533340825964,-0.005337380394946689,0.0659591922367525,0.8108815165022684
2014-10,tsmom_12m,12M,0.0,23,2014-10-01T00:00:00+00:00,2014-10-31T00:00:00+00:00,0.025641550775275856,0.025641550775275856,-0.04053737285722947,0.04925876747459412,0.8601402839768625
2014-11,tsmom_12m,12M,0.0,20,2014-11-03T00:00:00+00:00,2014-11-28T00:00:00+00:00,0.0018790852556764825,0.0018790852556764825,-0.04527102315230158,0.009719962139911664,0.8504203218369509
2014-12,tsmom_12m,12M,0.0,22,2014-12-01T00:00:00+00:00,2014-12-31T00:00:00+00:00,-0.012837620709300612,-0.012837620709300612,-0.02199932638330593,0.17707404020193773,0.6733462816350131
2015-01,tsmom_12m,12M,0.0,21,2015-01-02T00:00:00+00:00,2015-01-30T00:00:00+00:00,-0.046693985112306824,-0.046693985112306824,-0.051839561753687646,0.09999268938181671,0.5733535922531966
2015-02,tsmom_12m,12M,0.0,20,2015-02-02T00:00:00+00:00,2015-02-27T00:00:00+00:00,-0.03181778630353593,-0.03181778630353593,-0.0332639051941539,1.1426268010351626,0.5692732087819656
2015-03,tsmom_12m,12M,0.0,22,2015-03-02T00:00:00+00:00,2015-03-31T00:00:00+00:00,0.014181166782307075,0.014181166782307075,-0.027747129538335802,1.1628890476606322,0.5936158388786661
2015-04,tsmom_12m,12M,0.0,21,2015-04-01T00:00:00+00:00,2015-04-30T00:00:00+00:00,-0.0011995565851091738,-0.0011995565851091738,-0.017584947541267604,0.04238489482237273,0.6360007337010389
2015-05,tsmom_12m,12M,0.0,21,2015-05-01T00:00:00+00:00,2015-05-29T00:00:00+00:00,-0.004585899354301093,-0.004585899354301093,-0.02593918081424751,0.01505073790331335,0.6510514716043524
2015-06,tsmom_12m,12M,0.0,22,2015-06-01T00:00:00+00:00,2015-06-30T00:00:00+00:00,0.010323991524310516,0.010323991524310516,-0.017405305479666344,0.03132106338421947,0.6823725349885718
2015-07,tsmom_12m,12M,0.0,23,2015-07-01T00:00:00+00:00,2015-07-31T00:00:00+00:00,0.05194948314534775,0.05194948314534775,-0.006267701552700511,0.07629791740164804,0.7586704523902198
2015-08,tsmom_12m,12M,0.0,21,2015-08-03T00:00:00+00:00,2015-08-31T00:00:00+00:00,-0.026870735838978588,-0.026870735838978588,-0.05042069244704994,0.008681928680868478,0.7499885237093513
2015-09,tsmom_12m,12M,0.0,22,2015-09-01T00:00:00+00:00,2015-09-30T00:00:00+00:00,0.011981948696453415,0.011981948696453415,-0.03222744209389683,0.008421988669839231,0.7415665350395121
2015-10,tsmom_12m,12M,0.0,22,2015-10-01T00:00:00+00:00,2015-10-30T00:00:00+00:00,-0.01892384076132858,-0.01892384076132858,-0.045788173543291344,0.0034917430317201736,0.7450582780712321
2015-11,tsmom_12m,12M,0.0,21,2015-11-02T00:00:00+00:00,2015-11-30T00:00:00+00:00,0.05377229788630378,0.05377229788630378,-0.00850712194579517,0.007252682275281308,0.7523109603465135
2015-12,tsmom_12m,12M,0.0,22,2015-12-01T00:00:00+00:00,2015-12-31T00:00:00+00:00,0.0010018799061606298,0.0010018799061606298,-0.02420695411952456,0.025783825352602707,0.7780947856991163
2016-01,tsmom_12m,12M,0.0,20,2016-01-04T00:00:00+00:00,2016-01-29T00:00:00+00:00,-0.03800090014568236,-0.03800090014568236,-0.03340049525506883,0.05887758015924904,0.7192172055398671
2016-02,tsmom_12m,12M,0.0,21,2016-02-01T00:00:00+00:00,2016-02-29T00:00:00+00:00,-0.0742323375349605,-0.0742323375349605,-0.07083584956258426,0.001476241219071972,0.7206934467589393
2016-03,tsmom_12m,12M,0.0,22,2016-03-01T00:00:00+00:00,2016-03-31T00:00:00+00:00,-0.0024086360875663626,-0.0024086360875663626,-0.02655187685605942,1.318569430748195,0.5978759839892559
2016-04,tsmom_12m,12M,0.0,21,2016-04-01T00:00:00+00:00,2016-04-29T00:00:00+00:00,0.028725966936906655,0.028725966936906655,-0.013909881471955932,0.02192204813515808,0.5759539358540978
2016-05,tsmom_12m,12M,0.0,22,2016-05-02T00:00:00+00:00,2016-05-31T00:00:00+00:00,-0.03647444485695572,-0.03647444485695572,-0.04051947279014512,0.02888689180537718,0.6048408276594747
2016-06,tsmom_12m,12M,0.0,22,2016-06-01T00:00:00+00:00,2016-06-30T00:00:00+00:00,0.05412342592961261,0.05412342592961261,-0.021618246009865394,0.021370033826461743,0.6262108614859367
2016-07,tsmom_12m,12M,0.0,21,2016-07-01T00:00:00+00:00,2016-07-29T00:00:00+00:00,0.014159284151262774,0.014159284151262774,-0.020578949640722932,0.08826401915800564,0.5379468423279311
2016-08,tsmom_12m,12M,0.0,23,2016-08-01T00:00:00+00:00,2016-08-31T00:00:00+00:00,-0.01983090065580073,-0.01983090065580073,-0.02494542515034337,0.04382997956218493,0.581776821890116
2016-09,tsmom_12m,12M,0.0,22,2016-09-01T00:00:00+00:00,2016-09-30T00:00:00+00:00,0.0035372977814813744,0.0035372977814813744,-0.01981651699847986,0.07008763589615064,0.6518644577862667
2016-10,tsmom_12m,12M,0.0,21,2016-10-03T00:00:00+00:00,2016-10-31T00:00:00+00:00,-0.022255311210718887,-0.022255311210718887,-0.03393094252881701,0.0604136437429863,0.7122781015292526
2016-11,tsmom_12m,12M,0.0,22,2016-11-01T00:00:00+00:00,2016-11-30T00:00:00+00:00,-0.05937605747439745,-0.05937605747439745,-0.07436421167013552,0.018789094313719112,0.7310671958429719
2016-12,tsmom_12m,12M,0.0,21,2016-12-01T00:00:00+00:00,2016-12-30T00:00:00+00:00,-0.013459451471497075,-0.013459451471497075,-0.029530931160785312,0.0256940415368615,0.7053731543061105
2017-01,tsmom_12m,12M,0.0,21,2017-01-03T00:00:00+00:00,2017-01-31T00:00:00+00:00,0.039304253053402016,0.039304253053402016,-0.018490337887253405,0.047497919567026425,0.752871073873137
2017-02,tsmom_12m,12M,0.0,20,2017-02-01T00:00:00+00:00,2017-02-28T00:00:00+00:00,0.02344432059496926,0.02344432059496926,-0.01053781483117866,0.03394613139398173,0.7868172052671184
2017-03,tsmom_12m,12M,0.0,23,2017-03-01T00:00:00+00:00,2017-03-31T00:00:00+00:00,-0.0006646102720984093,-0.0006646102720984093,-0.034471442969281285,0.0476928475362256,0.8345100528033443
2017-04,tsmom_12m,12M,0.0,19,2017-04-03T00:00:00+00:00,2017-04-28T00:00:00+00:00,0.015482133706090861,0.015482133706090861,-0.017363620500208343,0.0323734781809103,0.8668835309842543
2017-05,tsmom_12m,12M,0.0,23,2017-05-01T00:00:00+00:00,2017-05-31T00:00:00+00:00,-0.000398448884806446,-0.000398448884806446,-0.03592460624983851,1.7760987365140064,0.9092152055297518
2017-06,tsmom_12m,12M,0.0,22,2017-06-01T00:00:00+00:00,2017-06-30T00:00:00+00:00,-0.018502304106710388,-0.018502304106710388,-0.03754712670206983,1.8047228121128922,0.8955076065831405
2017-07,tsmom_12m,12M,0.0,21,2017-07-03T00:00:00+00:00,2017-07-31T00:00:00+00:00,-0.018793967175935955,-0.018793967175935955,-0.04261115675574678,1.8455318473429037,0.9500242407597634
2017-08,tsmom_12m,12M,0.0,23,2017-08-01T00:00:00+00:00,2017-08-31T00:00:00+00:00,-0.041941408272228475,-0.041941408272228475,-0.04800555543002738,0.028877102367292795,0.9789013431270561
2017-09,tsmom_12m,12M,0.0,20,2017-09-01T00:00:00+00:00,2017-09-29T00:00:00+00:00,-0.028469604168381513,-0.028469604168381513,-0.04945333672350338,1.9853540962108835,1.0064527530838274
2017-10,tsmom_12m,12M,0.0,22,2017-10-02T00:00:00+00:00,2017-10-31T00:00:00+00:00,0.0100512402838151,0.0100512402838151,-0.02295365378587788,1.9520494259845518,0.9455966729007241
2017-11,tsmom_12m,12M,0.0,21,2017-11-01T00:00:00+00:00,2017-11-30T00:00:00+00:00,-0.0032802852447381126,-0.0032802852447381126,-0.02165668227801909,0.05886250880022603,1.0044591817009507
2017-12,tsmom_12m,12M,0.0,20,2017-12-01T00:00:00+00:00,2017-12-29T00:00:00+00:00,0.026948984548870403,0.026948984548870403,-0.027592909357729067,1.95506250557826,0.9506033238773096
2018-01,tsmom_12m,12M,0.0,21,2018-01-02T00:00:00+00:00,2018-01-31T00:00:00+00:00,0.022792950322506833,0.022792950322506833,-0.020274377005637167,0.05422595073873915,1.004829274616049
2018-02,tsmom_12m,12M,0.0,19,2018-02-01T00:00:00+00:00,2018-02-28T00:00:00+00:00,-0.01590963905149201,-0.01590963905149201,-0.029802213360106244,0.004499533425884383,1.009328808041933
2018-03,tsmom_12m,12M,0.0,21,2018-03-01T00:00:00+00:00,2018-03-29T00:00:00+00:00,0.0034771775023727525,0.0034771775023727525,-0.02195702677854605,0.08581004432005113,0.9235187637218822
2018-04,tsmom_12m,12M,0.0,21,2018-04-02T00:00:00+00:00,2018-04-30T00:00:00+00:00,-0.0023470598950342536,-0.0023470598950342536,-0.027398122940369918,0.03921249244746683,0.8843062712744152
2018-05,tsmom_12m,12M,0.0,22,2018-05-01T00:00:00+00:00,2018-05-31T00:00:00+00:00,-0.012660125564134317,-0.012660125564134317,-0.021818530878453646,0.007748989568865161,0.8765572817055503
2018-06,tsmom_12m,12M,0.0,21,2018-06-01T00:00:00+00:00,2018-06-29T00:00:00+00:00,-0.032283426686239514,-0.032283426686239514,-0.04033647958242759,0.043297000055773305,0.9198542817613234
2018-07,tsmom_12m,12M,0.0,21,2018-07-02T00:00:00+00:00,2018-07-31T00:00:00+00:00,-0.023567025167091527,-0.023567025167091527,-0.02919751562331696,0.03999978337380328,0.9598540651351264
2018-08,tsmom_12m,12M,0.0,23,2018-08-01T00:00:00+00:00,2018-08-31T00:00:00+00:00,0.013371135804828516,0.013371135804828516,-0.027302449153827735,1.9811799435789075,1.0213258784437813
2018-09,tsmom_12m,12M,0.0,19,2018-09-04T00:00:00+00:00,2018-09-28T00:00:00+00:00,0.008305442981644484,0.008305442981644484,-0.010214731283522238,0.023183464380068686,0.9981424140637121
2018-10,tsmom_12m,12M,0.0,23,2018-10-01T00:00:00+00:00,2018-10-31T00:00:00+00:00,-0.01816411351655256,-0.01816411351655256,-0.04251496886598416,0.06648574160629728,1.06462815567001
2018-11,tsmom_12m,12M,0.0,21,2018-11-01T00:00:00+00:00,2018-11-30T00:00:00+00:00,-0.009352078852428614,-0.009352078852428614,-0.022563605064042425,0.11977161791834712,0.9448565377516622
2018-12,tsmom_12m,12M,0.0,20,2018-12-03T00:00:00+00:00,2018-12-31T00:00:00+00:00,-0.04122250460883081,-0.04122250460883081,-0.0323170032794593,0.004036123968779171,0.9408204137828833
2019-01,tsmom_12m,12M,0.0,21,2019-01-02T00:00:00+00:00,2019-01-31T00:00:00+00:00,-0.033010600679586055,-0.033010600679586055,-0.03386184335635922,0.03695385185738165,0.9777742656402646
2019-02,tsmom_12m,12M,0.0,19,2019-02-01T00:00:00+00:00,2019-02-28T00:00:00+00:00,0.0064520390568687525,0.0064520390568687525,-0.028105068363363128,0.06183245038916452,1.0396067160294293
2019-03,tsmom_12m,12M,0.0,21,2019-03-01T00:00:00+00:00,2019-03-29T00:00:00+00:00,0.012501436024883184,0.012501436024883184,-0.03442254756450602,0.025448818335831902,1.0141578976935972
2019-04,tsmom_12m,12M,0.0,21,2019-04-01T00:00:00+00:00,2019-04-30T00:00:00+00:00,0.008847109674927855,0.008847109674927855,-0.01421407606537195,0.07068059696495099,0.9434773007286462
2019-05,tsmom_12m,12M,0.0,22,2019-05-01T00:00:00+00:00,2019-05-31T00:00:00+00:00,-0.01618656549028008,-0.01618656549028008,-0.026569441863659726,0.05544048022279857,0.9989177809514449
2019-06,tsmom_12m,12M,0.0,20,2019-06-03T00:00:00+00:00,2019-06-28T00:00:00+00:00,0.08657772760425364,0.08657772760425364,-0.013060038089095949,2.0453533328402584,1.0464355518888133
2019-07,tsmom_12m,12M,0.0,22,2019-07-01T00:00:00+00:00,2019-07-31T00:00:00+00:00,0.007315146933306149,0.007315146933306149,-0.012143725687596696,0.22084675218005323,0.8255887997087605
2019-08,tsmom_12m,12M,0.0,22,2019-08-01T00:00:00+00:00,2019-08-30T00:00:00+00:00,0.061784070775513955,0.061784070775513955,-0.012690669325885029,0.03000656535032764,0.855595365059088
2019-09,tsmom_12m,12M,0.0,20,2019-09-03T00:00:00+00:00,2019-09-30T00:00:00+00:00,-0.029174945521709073,-0.029174945521709073,-0.0444924614063521,0.0643015563713083,0.7912938086877797
2019-10,tsmom_12m,12M,0.0,23,2019-10-01T00:00:00+00:00,2019-10-31T00:00:00+00:00,0.02172619583904134,0.02172619583904134,-0.01528232758452197,0.02817818166281394,0.7631156270249658
2019-11,tsmom_12m,12M,0.0,20,2019-11-01T00:00:00+00:00,2019-11-29T00:00:00+00:00,-0.022011932774550935,-0.022011932774550935,-0.03032072402025543,0.029444531235913063,0.7925601582608787
2019-12,tsmom_12m,12M,0.0,21,2019-12-02T00:00:00+00:00,2019-12-31T00:00:00+00:00,0.027987222611495,0.027987222611495,-0.010760578200918802,0.026490148346464126,0.819050306607343
2020-01,tsmom_12m,12M,0.0,21,2020-01-02T00:00:00+00:00,2020-01-31T00:00:00+00:00,0.034862467881925596,0.034862467881925596,-0.016778280757553277,0.06978949692236702,0.8888398035297099
2020-02,tsmom_12m,12M,0.0,19,2020-02-03T00:00:00+00:00,2020-02-28T00:00:00+00:00,-0.009376939101024329,-0.009376939101024329,-0.06089245812629751,0.039086927337238286,0.9279267308669481
2020-03,tsmom_12m,12M,0.0,22,2020-03-02T00:00:00+00:00,2020-03-31T00:00:00+00:00,0.017139301352351755,0.017139301352351755,-0.10070927654958495,0.07996433950387993,0.8479623913630685
2020-04,tsmom_12m,12M,0.0,21,2020-04-01T00:00:00+00:00,2020-04-30T00:00:00+00:00,0.02364918134133065,0.02364918134133065,-0.01771924313950879,0.46475728727756616,0.3832051040855021
2020-05,tsmom_12m,12M,0.0,20,2020-05-01T00:00:00+00:00,2020-05-29T00:00:00+00:00,0.009804110260774657,0.009804110260774657,-0.01100234652203358,0.0019838724470018776,0.3812212316385003
2020-06,tsmom_12m,12M,0.0,22,2020-06-01T00:00:00+00:00,2020-06-30T00:00:00+00:00,0.01541666714501222,0.01541666714501222,-0.016107239074060087,0.03672894216710221,0.4179501738056024
2020-07,tsmom_12m,12M,0.0,22,2020-07-01T00:00:00+00:00,2020-07-31T00:00:00+00:00,0.04073873805779571,0.04073873805779571,-0.005125721814051021,0.042445744773451144,0.4603959185790535
2020-08,tsmom_12m,12M,0.0,21,2020-08-03T00:00:00+00:00,2020-08-31T00:00:00+00:00,0.004755572121130092,0.004755572121130092,-0.03361882628422608,0.04956755059161333,0.509963469170667
2020-09,tsmom_12m,12M,0.0,21,2020-09-01T00:00:00+00:00,2020-09-30T00:00:00+00:00,-0.019621238555765808,-0.019621238555765808,-0.026811962980388238,0.042039510874105956,0.46792395829656097
2020-10,tsmom_12m,12M,0.0,22,2020-10-01T00:00:00+00:00,2020-10-30T00:00:00+00:00,-0.003939882143628726,-0.003939882143628726,-0.016046861791960687,0.03345975895416564,0.5013837172507267
2020-11,tsmom_12m,12M,0.0,20,2020-11-02T00:00:00+00:00,2020-11-30T00:00:00+00:00,-0.028752413433589696,-0.028752413433589696,-0.04868028685659542,0.048779451154778664,0.5501631684055054
2020-12,tsmom_12m,12M,0.0,22,2020-12-01T00:00:00+00:00,2020-12-31T00:00:00+00:00,0.031850081577375455,0.031850081577375455,-0.011448299236060167,0.049188769468388016,0.5009743989371173
2021-01,tsmom_12m,12M,0.0,19,2021-01-04T00:00:00+00:00,2021-01-29T00:00:00+00:00,-0.012555431535618777,-0.012555431535618777,-0.03504533887304728,0.04584086477646354,0.5468152637135809
2021-02,tsmom_12m,12M,0.0,19,2021-02-01T00:00:00+00:00,2021-02-26T00:00:00+00:00,-0.03476452568389021,-0.03476452568389021,-0.03848346377444645,0.020597588630264063,0.5262176750833166
2021-03,tsmom_12m,12M,0.0,23,2021-03-01T00:00:00+00:00,2021-03-31T00:00:00+00:00,-0.003924295344920892,-0.003924295344920892,-0.017479558928209404,0.016018175323598283,0.5422358504069148
2021-04,tsmom_12m,12M,0.0,21,2021-04-01T00:00:00+00:00,2021-04-30T00:00:00+00:00,0.01740585080429402,0.01740585080429402,-0.008320828791535284,0.030585407674809995,0.5728212580817248
2021-05,tsmom_12m,12M,0.0,20,2021-05-03T00:00:00+00:00,2021-05-28T00:00:00+00:00,0.04692715946828696,0.04692715946828696,-0.005485836800983246,0.04930041153862974,0.6221216696203549
2021-06,tsmom_12m,12M,0.0,22,2021-06-01T00:00:00+00:00,2021-06-30T00:00:00+00:00,-0.04597450847863638,-0.04597450847863638,-0.05129839150252613,0.04306248149991343,0.6651841511202682
2021-07,tsmom_12m,12M,0.0,21,2021-07-01T00:00:00+00:00,2021-07-30T00:00:00+00:00,-0.014308967798214556,-0.014308967798214556,-0.01865412846478076,1.2798302808547963,0.6146461297345279
2021-08,tsmom_12m,12M,0.0,22,2021-08-02T00:00:00+00:00,2021-08-31T00:00:00+00:00,-0.003271637273971395,-0.003271637273971395,-0.03601758560085677,0.07476633695889723,0.6894124666934255
2021-09,tsmom_12m,12M,0.0,21,2021-09-01T00:00:00+00:00,2021-09-30T00:00:00+00:00,0.02222373461169913,0.02222373461169913,-0.013397218189759474,0.012518999856569901,0.6768934668368554
2021-10,tsmom_12m,12M,0.0,21,2021-10-01T00:00:00+00:00,2021-10-29T00:00:00+00:00,-0.010985710982404528,-0.010985710982404528,-0.01997051891828394,0.0089028349509932,0.6857963017878485
2021-11,tsmom_12m,12M,0.0,22,2021-11-01T00:00:00+00:00,2021-11-30T00:00:00+00:00,0.001818400832477307,0.001818400832477307,-0.04131726186605944,0.02713522226860221,0.7129315240564508
1986-11,tsmom_12m,12M,2.0,19,1986-11-03T00:00:00+00:00,1986-11-28T00:00:00+00:00,-0.01165220940734768,-0.011742088232929437,-0.03703639570676842,0.45535607328780014,0.45535607328780014
1986-12,tsmom_12m,12M,2.0,21,1986-12-01T00:00:00+00:00,1986-12-31T00:00:00+00:00,0.014195938540361608,0.014195376016275407,-0.008176004029804895,0.002781940572635644,0.45813801386043584
1987-01,tsmom_12m,12M,2.0,21,1987-01-02T00:00:00+00:00,1987-01-30T00:00:00+00:00,0.0029483653319979375,0.0029368555557680587,-0.021972099746676577,0.05716897079922173,0.5153069846596575
1987-02,tsmom_12m,12M,2.0,19,1987-02-02T00:00:00+00:00,1987-02-27T00:00:00+00:00,-0.001576416082511245,-0.0015814721967934986,-0.02047557710023684,0.025196054716925098,0.49011092994273237
1987-03,tsmom_12m,12M,2.0,22,1987-03-02T00:00:00+00:00,1987-03-31T00:00:00+00:00,0.019298366226032426,0.019293576801199697,-0.00897606150731356,0.023440426101538625,0.513551356044271
1987-04,tsmom_12m,12M,2.0,21,1987-04-01T00:00:00+00:00,1987-04-30T00:00:00+00:00,0.04488069376668724,0.04487067702792702,-0.02352027057237782,0.04791971838864284,0.5614710744329139
1987-05,tsmom_12m,12M,2.0,20,1987-05-01T00:00:00+00:00,1987-05-29T00:00:00+00:00,-0.00014448059576932515,-0.00016129396029507248,-0.0300900489809951,0.08434260548183947,0.4771284689510743
1987-06,tsmom_12m,12M,2.0,22,1987-06-01T00:00:00+00:00,1987-06-30T00:00:00+00:00,-0.0036634133957932358,-0.0036644185247960426,-0.02862729168425293,0.005020656869039575,0.4821491258201138
1987-07,tsmom_12m,12M,2.0,22,1987-07-01T00:00:00+00:00,1987-07-31T00:00:00+00:00,0.025207650990483277,0.025203898515971046,-0.006702679301133996,0.01824434200553221,0.5003934678256461
1987-08,tsmom_12m,12M,2.0,21,1987-08-03T00:00:00+00:00,1987-08-31T00:00:00+00:00,-0.018708201655259216,-0.018717568031986653,-0.03409849898749662,0.0484524784745195,0.5488459463001656
1987-09,tsmom_12m,12M,2.0,21,1987-09-01T00:00:00+00:00,1987-09-30T00:00:00+00:00,0.0002928455376056682,0.00029192083495566123,-0.01680422796070291,0.004644642949333533,0.544201303350832
1987-10,tsmom_12m,12M,2.0,22,1987-10-01T00:00:00+00:00,1987-10-30T00:00:00+00:00,0.016459195179727715,0.016448535530271702,-0.023657085418365198,0.052496581709284396,0.5966978850601166
1987-11,tsmom_12m,12M,2.0,20,1987-11-02T00:00:00+00:00,1987-11-30T00:00:00+00:00,0.030534329386194825,0.030525888757500175,-0.015689631745076094,0.04101546454976612,0.5556824205103505
1987-12,tsmom_12m,12M,2.0,22,1987-12-01T00:00:00+00:00,1987-12-31T00:00:00+00:00,-0.009413833732099919,-0.009417514760111101,-0.020991208588680754,0.01855859053061293,0.5742410110409631
1988-01,tsmom_12m,12M,2.0,20,1988-01-04T00:00:00+00:00,1988-01-29T00:00:00+00:00,-0.03793395530124899,-0.037940414621073004,-0.03716579133767117,0.033219671708704435,0.6074606827496678
1988-02,tsmom_12m,12M,2.0,20,1988-02-01T00:00:00+00:00,1988-02-29T00:00:00+00:00,-0.03581179723707906,-0.035813264186881244,-0.036781844440720524,0.007606155158281558,0.6150668379079495
1988-03,tsmom_12m,12M,2.0,23,1988-03-01T00:00:00+00:00,1988-03-31T00:00:00+00:00,0.03473455634446587,0.034727584641150555,-0.004437611636284977,0.033711039112491625,0.581355798795458
1988-04,tsmom_12m,12M,2.0,20,1988-04-04T00:00:00+00:00,1988-04-29T00:00:00+00:00,-0.00731186723005095,-0.007323188899852839,-0.016096599489988428,0.05715253876275406,0.6385083375582119
1988-05,tsmom_12m,12M,2.0,21,1988-05-02T00:00:00+00:00,1988-05-31T00:00:00+00:00,-0.011384996543362558,-0.011646509509671499,-0.026897178217758833,1.333591509252797,0.6950831716945849
1988-06,tsmom_12m,12M,2.0,22,1988-06-01T00:00:00+00:00,1988-06-30T00:00:00+00:00,-0.03660730474158935,-0.03688643174013373,-0.05486137272157021,1.4548908791824755,0.7598077074878904
1988-07,tsmom_12m,12M,2.0,20,1988-07-01T00:00:00+00:00,1988-07-29T00:00:00+00:00,-0.018509266977870475,-0.01880916056477644,-0.03620360062635508,1.5226861637763118,0.7628784562884215
1988-08,tsmom_12m,12M,2.0,23,1988-08-01T00:00:00+00:00,1988-08-31T00:00:00+00:00,0.010478704021564589,0.010453897152306935,-0.009647003168445467,0.1230465958413115,0.6398318604471102
1988-09,tsmom_12m,12M,2.0,21,1988-09-01T00:00:00+00:00,1988-09-30T00:00:00+00:00,0.07312961064940704,0.07310894582112315,-0.00751991343998204,0.09647639405168373,0.7363082544987941
1988-10,tsmom_12m,12M,2.0,21,1988-10-03T00:00:00+00:00,1988-10-31T00:00:00+00:00,-0.02923177303857849,-0.029233353973122322,-0.024281215182519467,0.008097146107629571,0.7444054006064234
1988-11,tsmom_12m,12M,2.0,20,1988-11-01T00:00:00+00:00,1988-11-30T00:00:00+00:00,-0.027612227204691475,-0.027620811998541717,-0.029640152014819288,0.044235104470873976,0.7886405050772975
1988-12,tsmom_12m,12M,2.0,21,1988-12-01T00:00:00+00:00,1988-12-30T00:00:00+00:00,0.0320511423699712,0.03205027129475746,-0.014984214005609564,0.00422790514545035,0.7928684102227479
1989-01,tsmom_12m,12M,2.0,21,1989-01-03T00:00:00+00:00,1989-01-31T00:00:00+00:00,0.032008692069834144,0.03200609773397001,-0.01156418161867745,0.012543183002930558,0.7803252272198173
1989-02,tsmom_12m,12M,2.0,19,1989-02-01T00:00:00+00:00,1989-02-28T00:00:00+00:00,0.011335114748714403,0.011317193859268437,-0.0216388394153737,0.08832792610709839,0.8686531533269156
1989-03,tsmom_12m,12M,2.0,22,1989-03-01T00:00:00+00:00,1989-03-31T00:00:00+00:00,-0.0005025625440749915,-0.0005045321210636056,-0.0304957926397581,0.009926008841219192,0.8785791621681347
1989-04,tsmom_12m,12M,2.0,20,1989-04-03T00:00:00+00:00,1989-04-28T00:00:00+00:00,0.019874752105637716,0.019862499264216682,-0.012965228183865696,0.05993162157009957,0.8186475405980354
1989-05,tsmom_12m,12M,2.0,22,1989-05-01T00:00:00+00:00,1989-05-31T00:00:00+00:00,0.033121574333961235,0.03310758201372299,-0.014539057399061028,0.06768710410349876,0.8863346447015341
1989-06,tsmom_12m,12M,2.0,22,1989-06-01T00:00:00+00:00,1989-06-30T00:00:00+00:00,-0.029972795636012073,-0.029977754639053056,-0.04819041106492272,0.025510277936454773,0.911844922637989
1989-07,tsmom_12m,12M,2.0,20,1989-07-03T00:00:00+00:00,1989-07-31T00:00:00+00:00,-0.0039404379566858605,-0.003992681902440065,-0.023101233905316376,0.2605328113338088,0.6513121113041798
1989-08,tsmom_12m,12M,2.0,23,1989-08-01T00:00:00+00:00,1989-08-31T00:00:00+00:00,0.02129479861972894,0.02128480086774376,-0.009839686638945855,0.04893866942942171,0.6023734418747585
1989-09,tsmom_12m,12M,2.0,20,1989-09-01T00:00:00+00:00,1989-09-29T00:00:00+00:00,-0.012182612803571136,-0.012196069977982615,-0.01817239453967001,0.0680282186395258,0.670401660514284
1989-10,tsmom_12m,12M,2.0,22,1989-10-02T00:00:00+00:00,1989-10-31T00:00:00+00:00,-0.011648285333563102,-0.011664104999473235,-0.03201906651539199,0.08001440407218274,0.7504160645864669
1989-11,tsmom_12m,12M,2.0,21,1989-11-01T00:00:00+00:00,1989-11-30T00:00:00+00:00,-0.08029071324389092,-0.08030306253734232,-0.08501111879397893,0.06723870485773342,0.8176547694442002
1989-12,tsmom_12m,12M,2.0,20,1989-12-01T00:00:00+00:00,1989-12-29T00:00:00+00:00,0.020492315375047587,0.02047562076492615,-0.028567962606830477,0.08153724685293762,0.7361175225912626
1990-01,tsmom_12m,12M,2.0,22,1990-01-02T00:00:00+00:00,1990-01-31T00:00:00+00:00,-0.02143403808975375,-0.02144713077097915,-0.04655543762037828,0.06723961716743398,0.6688779054238286
1990-02,tsmom_12m,12M,2.0,19,1990-02-01T00:00:00+00:00,1990-02-28T00:00:00+00:00,-0.014194053507591287,-0.01445560567184756,-0.029252298077370287,1.3382806286073323,0.6694027231835037
1990-03,tsmom_12m,12M,2.0,22,1990-03-01T00:00:00+00:00,1990-03-30T00:00:00+00:00,-0.05789303057303141,-0.05789788378390437,-0.07350236698591084,0.02576159670300493,0.6951643198865086
1990-04,tsmom_12m,12M,2.0,20,1990-04-02T00:00:00+00:00,1990-04-30T00:00:00+00:00,0.004881664437319078,0.004630945237316331,-0.015687713740510034,1.2484263575652141,0.5532620376787054
1990-05,tsmom_12m,12M,2.0,22,1990-05-01T00:00:00+00:00,1990-05-31T00:00:00+00:00,0.0036987591628330208,0.0036878454146447304,-0.01116386259599833,0.054252037321444346,0.60751407500015
1990-06,tsmom_12m,12M,2.0,21,1990-06-01T00:00:00+00:00,1990-06-29T00:00:00+00:00,-0.01456213863930611,-0.01480618366967823,-0.02365303432138588,1.2276325218122452,0.6201184468120957
1990-07,tsmom_12m,12M,2.0,21,1990-07-02T00:00:00+00:00,1990-07-31T00:00:00+00:00,-0.03597889178088687,-0.036230000287350905,-0.043694401465307675,1.3001865751333173,0.6800681283212219
1990-08,tsmom_12m,12M,2.0,22,1990-08-01T00:00:00+00:00,1990-08-31T00:00:00+00:00,0.01798226920872481,0.017711887781257207,-0.05291300058424009,1.335370164202569,0.6553020358813471
1990-09,tsmom_12m,12M,2.0,19,1990-09-04T00:00:00+00:00,1990-09-28T00:00:00+00:00,0.02430637428234994,0.024274510497992452,-0.01437597629966525,0.15579785431083382,0.4995041815705134
1990-10,tsmom_12m,12M,2.0,23,1990-10-01T00:00:00+00:00,1990-10-31T00:00:00+00:00,-0.03300303031186658,-0.033003950482223154,-0.043823089663327264,0.004660891409012602,0.5041650729795263
1990-11,tsmom_12m,12M,2.0,21,1990-11-01T00:00:00+00:00,1990-11-30T00:00:00+00:00,0.0056966570075449585,0.0056901861514466745,-0.012625516322622654,0.03224268386265061,0.47192238911687534
1990-12,tsmom_12m,12M,2.0,19,1990-12-03T00:00:00+00:00,1990-12-31T00:00:00+00:00,-0.014394344285073468,-0.014586153706967808,-0.03206871464194394,0.9823246985256117,0.5104023094087362
1991-01,tsmom_12m,12M,2.0,22,1991-01-02T00:00:00+00:00,1991-01-31T00:00:00+00:00,0.035543443767209526,0.03554048696320855,-0.02315438408624848,0.01437302028597065,0.524775329694707
1991-02,tsmom_12m,12M,2.0,19,1991-02-01T00:00:00+00:00,1991-02-28T00:00:00+00:00,-0.0010071131008566603,-0.0010242578182124706,-0.012949854247498283,0.08578956245333796,0.4389857672413689
1991-03,tsmom_12m,12M,2.0,20,1991-03-01T00:00:00+00:00,1991-03-28T00:00:00+00:00,0.012735991536627855,0.012726001947616972,-0.006493980188157611,0.04934591617084921,0.4883316834122181
1991-04,tsmom_12m,12M,2.0,22,1991-04-01T00:00:00+00:00,1991-04-30T00:00:00+00:00,0.0023726508575028227,0.0023600677762256606,-0.01014665050763841,0.06247789929252867,0.550809582704747
1991-05,tsmom_12m,12M,2.0,22,1991-05-01T00:00:00+00:00,1991-05-31T00:00:00+00:00,-0.01284557770123329,-0.012862913573873258,-0.019621429937323187,0.08780729867728021,0.6386168813820272
1991-06,tsmom_12m,12M,2.0,20,1991-06-03T00:00:00+00:00,1991-06-28T00:00:00+00:00,-0.010399584997063727,-0.010413132243184742,-0.020797747772407393,0.06823585721966519,0.7068527386016921
1991-07,tsmom_12m,12M,2.0,21,1991-07-01T00:00:00+00:00,1991-07-31T00:00:00+00:00,0.0017040012353257694,0.0014082743481753646,-0.015306096532423208,1.4758123496452331,0.768959611043541
1991-08,tsmom_12m,12M,2.0,22,1991-08-01T00:00:00+00:00,1991-08-30T00:00:00+00:00,0.042342808544298505,0.0420054118756501,-0.00491948109841811,1.6203114512745973,0.8513518402310564
1991-09,tsmom_12m,12M,2.0,20,1991-09-03T00:00:00+00:00,1991-09-30T00:00:00+00:00,-0.01178093034354688,-0.011791972119674976,-0.023499488364346344,0.055867046425242095,0.9072188866562986
1991-10,tsmom_12m,12M,2.0,23,1991-10-01T00:00:00+00:00,1991-10-31T00:00:00+00:00,-0.006175997166583014,-0.0061873324568173516,-0.02313219762232288,0.05702866001366014,0.9642475466699587
1991-11,tsmom_12m,12M,2.0,20,1991-11-01T00:00:00+00:00,1991-11-29T00:00:00+00:00,-0.03371407493557177,-0.033732516628552034,-0.047525086466630784,0.09615748446157923,1.0604050311315378
1991-12,tsmom_12m,12M,2.0,21,1991-12-02T00:00:00+00:00,1991-12-31T00:00:00+00:00,0.04747129908306924,0.04746568425156106,-0.01615414058318454,0.02689607277434858,1.0873011039058864
1992-01,tsmom_12m,12M,2.0,22,1992-01-02T00:00:00+00:00,1992-01-31T00:00:00+00:00,-0.011364350589096128,-0.011379028780215905,-0.025107760114583377,0.07465785566930117,1.0126432482365855
1992-02,tsmom_12m,12M,2.0,19,1992-02-03T00:00:00+00:00,1992-02-28T00:00:00+00:00,0.013408774761112241,0.01340839193178267,-0.012718365303140966,0.0018914895349173566,1.0145347377715026
1992-03,tsmom_12m,12M,2.0,22,1992-03-02T00:00:00+00:00,1992-03-31T00:00:00+00:00,0.026247570006474596,0.026234804471395146,-0.021916999320728103,0.06249787972863219,1.0770326175001346
1992-04,tsmom_12m,12M,2.0,21,1992-04-01T00:00:00+00:00,1992-04-30T00:00:00+00:00,0.024975473404579063,0.02496297956882687,-0.015830003329284525,0.061127695317116704,1.1381603128172517
1992-05,tsmom_12m,12M,2.0,20,1992-05-01T00:00:00+00:00,1992-05-29T00:00:00+00:00,-0.0019695910190583588,-0.001975251096336783,-0.0145170509153697,0.028219202586547087,1.1663795154037984
1992-06,tsmom_12m,12M,2.0,22,1992-06-01T00:00:00+00:00,1992-06-30T00:00:00+00:00,-0.022862093136264305,-0.02288613468801748,-0.024157044910391612,0.12245801426151681,1.2888375296653154
1992-07,tsmom_12m,12M,2.0,22,1992-07-01T00:00:00+00:00,1992-07-31T00:00:00+00:00,-0.0648790080878987,-0.06489412912528192,-0.06563027524711973,0.08046495427397038,1.369302483939286
1992-08,tsmom_12m,12M,2.0,21,1992-08-03T00:00:00+00:00,1992-08-31T00:00:00+00:00,0.05720565945821732,0.057185351639428283,-0.03028739222495269,0.09770068377001451,1.2716018001692713
1992-09,tsmom_12m,12M,2.0,21,1992-09-01T00:00:00+00:00,1992-09-30T00:00:00+00:00,-0.012751065902464331,-0.012800813992344007,-0.03487855252617267,0.25336476575329403,1.0182370344159775
1992-10,tsmom_12m,12M,2.0,22,1992-10-01T00:00:00+00:00,1992-10-30T00:00:00+00:00,0.02701320133780838,0.02701162643577204,-0.008952038767688575,0.007674042321569319,1.0105629920944077
1992-11,tsmom_12m,12M,2.0,20,1992-11-02T00:00:00+00:00,1992-11-30T00:00:00+00:00,0.014096435421451892,0.01408697737226916,-0.01715159051556825,0.046560414556145346,1.0571234066505535
1992-12,tsmom_12m,12M,2.0,22,1992-12-01T00:00:00+00:00,1992-12-31T00:00:00+00:00,0.00784802374389848,0.007831051845979653,-0.015940118048267227,0.08402686308499563,1.1411502697355485
1993-01,tsmom_12m,12M,2.0,20,1993-01-04T00:00:00+00:00,1993-01-29T00:00:00+00:00,0.0085289600545837,0.008508155225128267,-0.015532559419862091,0.10495796268848445,1.2461082324240338
1993-02,tsmom_12m,12M,2.0,19,1993-02-01T00:00:00+00:00,1993-02-26T00:00:00+00:00,0.005543194613909064,0.005531002609968194,-0.018988040779776894,0.060623969247141085,1.3067322016711744
1993-03,tsmom_12m,12M,2.0,23,1993-03-01T00:00:00+00:00,1993-03-31T00:00:00+00:00,-0.03865323392157671,-0.03865999418655264,-0.046686463749034846,0.035133216544874335,1.2715989851262999
1993-04,tsmom_12m,12M,2.0,21,1993-04-01T00:00:00+00:00,1993-04-30T00:00:00+00:00,-0.06637912441812643,-0.06638543935603369,-0.0708729146422662,0.03370251041605998,1.3053014955423599
1993-05,tsmom_12m,12M,2.0,20,1993-05-03T00:00:00+00:00,1993-05-28T00:00:00+00:00,0.07186315977315738,0.07134248527037501,-0.010860098402882934,2.414499113501688,1.1091976179593284
1993-06,tsmom_12m,12M,2.0,22,1993-06-01T00:00:00+00:00,1993-06-30T00:00:00+00:00,-0.0025254664857808917,-0.002568470399974321,-0.02827536822023924,0.21098178083230468,0.8982158371270235
1993-07,tsmom_12m,12M,2.0,21,1993-07-01T00:00:00+00:00,1993-07-30T00:00:00+00:00,0.07094541136824661,0.0709335662055075,-0.01757342343013335,0.056407285657461004,0.8418085514695626
1993-08,tsmom_12m,12M,2.0,22,1993-08-02T00:00:00+00:00,1993-08-31T00:00:00+00:00,-0.0703631480919934,-0.07036902942371781,-0.07844022820695329,0.03156386885532825,0.8102446826142343
1993-09,tsmom_12m,12M,2.0,21,1993-09-01T00:00:00+00:00,1993-09-30T00:00:00+00:00,-0.029540414738541743,-0.02958107267138932,-0.04529140165806744,0.20843752583015285,0.6018071567840816
1993-10,tsmom_12m,12M,2.0,21,1993-10-01T00:00:00+00:00,1993-10-29T00:00:00+00:00,0.018500637976501366,0.018485941863520816,-0.005963094720870532,0.07212441855125806,0.5296827382328235
1993-11,tsmom_12m,12M,2.0,20,1993-11-01T00:00:00+00:00,1993-11-30T00:00:00+00:00,0.0038885510035786552,0.0038754144575394722,-0.01206824685190877,0.06463923660402848,0.594321974836852
1993-12,tsmom_12m,12M,2.0,21,1993-12-01T00:00:00+00:00,1993-12-30T00:00:00+00:00,0.03317159497962474,0.03316610066503678,-0.006045542692328154,0.02679827228564091,0.6211202471224928
1994-01,tsmom_12m,12M,2.0,21,1994-01-03T00:00:00+00:00,1994-01-31T00:00:00+00:00,-0.014473098611332613,-0.014486061699857,-0.028077447707244962,0.06609021000432191,0.6872104571268148
1994-02,tsmom_12m,12M,2.0,19,1994-02-01T00:00:00+00:00,1994-02-28T00:00:00+00:00,-0.0019958408541687067,-0.0020039069667029397,-0.021524865916352276,0.0406028999276562,0.727813357054471
1994-03,tsmom_12m,12M,2.0,23,1994-03-01T00:00:00+00:00,1994-03-31T00:00:00+00:00,0.02351639273901429,0.023509599042256912,-0.01019739280023979,0.03298338608449691,0.7607967431389681
1994-04,tsmom_12m,12M,2.0,19,1994-04-04T00:00:00+00:00,1994-04-29T00:00:00+00:00,-0.03295662009145828,-0.032961485689138925,-0.03366196674324573,0.02487636720093589,0.7856731103399038
1994-05,tsmom_12m,12M,2.0,21,1994-05-02T00:00:00+00:00,1994-05-31T00:00:00+00:00,0.02598645751262585,0.025982677871304816,-0.009834663766414176,0.01840386677879846,0.8040769771187022
1994-06,tsmom_12m,12M,2.0,22,1994-06-01T00:00:00+00:00,1994-06-30T00:00:00+00:00,-0.005525017445689895,-0.0055264334759803635,-0.02048117191236143,0.007064699113452422,0.8111416762321546
1994-07,tsmom_12m,12M,2.0,20,1994-07-01T00:00:00+00:00,1994-07-29T00:00:00+00:00,0.004042233796248906,0.004042092769964034,-0.010099735993257308,0.0007034702908178536,0.8118451465229727
1994-08,tsmom_12m,12M,2.0,23,1994-08-01T00:00:00+00:00,1994-08-31T00:00:00+00:00,-0.0038437509904920564,-0.004174458865858988,-0.022499109642328596,1.659196911719013,0.8473517651960407
1994-09,tsmom_12m,12M,2.0,21,1994-09-01T00:00:00+00:00,1994-09-30T00:00:00+00:00,0.016405247826077884,0.016041805488585137,-0.009290565835540776,1.7900374141752269,0.9426856489791863
1994-10,tsmom_12m,12M,2.0,21,1994-10-03T00:00:00+00:00,1994-10-31T00:00:00+00:00,-0.03300111354279445,-0.033018659331000566,-0.03450697675943715,0.09086439665375612,1.0335500456329425
1994-11,tsmom_12m,12M,2.0,20,1994-11-01T00:00:00+00:00,1994-11-30T00:00:00+00:00,-0.0012170993124781537,-0.0012416794160021727,-0.01134160232638648,0.12334616440440938,1.156896210037352
1994-12,tsmom_12m,12M,2.0,21,1994-12-01T00:00:00+00:00,1994-12-30T00:00:00+00:00,-0.0003730025677837201,-0.0003959265977905302,-0.010968856848481257,0.11382923637912401,1.2707254464164763
1995-01,tsmom_12m,12M,2.0,21,1995-01-03T00:00:00+00:00,1995-01-31T00:00:00+00:00,0.02255454264601564,0.02201996536758788,-0.04731273632476696,2.6466781932503363,1.3759527468338606
1995-02,tsmom_12m,12M,2.0,19,1995-02-01T00:00:00+00:00,1995-02-28T00:00:00+00:00,-0.001955693937460312,-0.002002915542100858,-0.012598638648941174,0.23585658899124828,1.1400961578426125
1995-03,tsmom_12m,12M,2.0,23,1995-03-01T00:00:00+00:00,1995-03-31T00:00:00+00:00,-0.05272970203202987,-0.052755289638104386,-0.059392861670228614,0.13601643572706412,1.2761125935696769
1995-04,tsmom_12m,12M,2.0,19,1995-04-03T00:00:00+00:00,1995-04-28T00:00:00+00:00,0.0,-0.00025522251871390456,0.0,1.2761125935696764,0.0
1995-05,tsmom_12m,12M,2.0,22,1995-05-01T00:00:00+00:00,1995-05-31T00:00:00+00:00,-0.002807328271665188,-0.0030436399000492997,-0.030833060000654333,1.1896011088691274,1.1896011088691272
1995-06,tsmom_12m,12M,2.0,22,1995-06-01T00:00:00+00:00,1995-06-30T00:00:00+00:00,0.005981682379257558,0.005492409165890555,-0.02274856240618439,2.4263879348118826,1.236786825942755
1995-07,tsmom_12m,12M,2.0,19,1995-07-05T00:00:00+00:00,1995-07-31T00:00:00+00:00,-0.010847503939795278,-0.010874055853910991,-0.031316892788636475,0.13440638148987194,1.371193207432627
1995-08,tsmom_12m,12M,2.0,23,1995-08-01T00:00:00+00:00,1995-08-31T00:00:00+00:00,0.004616047565432435,0.004590678147680549,-0.006418215382534065,0.12606185825068672,1.24513134918194
1995-09,tsmom_12m,12M,2.0,20,1995-09-01T00:00:00+00:00,1995-09-29T00:00:00+00:00,0.001120250601780448,0.001084709586606003,-0.020605460689794852,0.17894360040354296,1.4240749495854836
1995-10,tsmom_12m,12M,2.0,22,1995-10-02T00:00:00+00:00,1995-10-31T00:00:00+00:00,0.008606082236001455,0.008584646830066323,-0.01187723735086299,0.10697812476984625,1.53105307435533
1995-11,tsmom_12m,12M,2.0,20,1995-11-01T00:00:00+00:00,1995-11-30T00:00:00+00:00,-0.02041707984805241,-0.020460435217907524,-0.03212948865489429,0.22179972871365905,1.7528528030689887
1995-12,tsmom_12m,12M,2.0,20,1995-12-01T00:00:00+00:00,1995-12-29T00:00:00+00:00,-0.0020669329999557506,-0.002732781304804033,-0.016384553433156923,3.319992394526084,1.5671395914570954
1996-01,tsmom_12m,12M,2.0,21,1996-01-02T00:00:00+00:00,1996-01-31T00:00:00+00:00,0.09237081481724663,0.09233521364416908,-0.017717573608712178,0.16571852143397803,1.7328581128910732
1996-02,tsmom_12m,12M,2.0,20,1996-02-01T00:00:00+00:00,1996-02-29T00:00:00+00:00,-0.026530780459306236,-0.02658069294796994,-0.06334907503737841,0.26116667526699433,1.4716914376240786
1996-03,tsmom_12m,12M,2.0,21,1996-03-01T00:00:00+00:00,1996-03-29T00:00:00+00:00,-0.008475966234278265,-0.00852847844458371,-0.01749611893163272,0.26400842276424763,1.2076830148598314
1996-04,tsmom_12m,12M,2.0,21,1996-04-01T00:00:00+00:00,1996-04-30T00:00:00+00:00,-0.015496448797245321,-0.015506288243037125,-0.026643374951934806,0.04986119717653148,1.2575442120363622
1996-05,tsmom_12m,12M,2.0,22,1996-05-01T00:00:00+00:00,1996-05-31T00:00:00+00:00,0.002998739214940871,0.002984894917029024,-0.015073504090312051,0.0693403374066559,1.3268845494430186
1996-06,tsmom_12m,12M,2.0,20,1996-06-03T00:00:00+00:00,1996-06-28T00:00:00+00:00,-0.047747925291797055,-0.04777737535634441,-0.044878582137759526,0.1541692186807675,1.481053768123786
1996-07,tsmom_12m,12M,2.0,21,1996-07-01T00:00:00+00:00,1996-07-31T00:00:00+00:00,-0.04790511730337044,-0.048500207046837995,-0.0458383994771856,3.1104810341262135,1.6294272660024274
1996-08,tsmom_12m,12M,2.0,22,1996-08-01T00:00:00+00:00,1996-08-30T00:00:00+00:00,-0.007464309228349619,-0.008112026203638711,-0.015169948762818075,3.2494930596308578,1.6200657936284302
1996-09,tsmom_12m,12M,2.0,20,1996-09-03T00:00:00+00:00,1996-09-30T00:00:00+00:00,-0.04862771551544287,-0.0486578201433745,-0.045157373543395773,0.1576418306915821,1.7777076243200127
1996-10,tsmom_12m,12M,2.0,23,1996-10-01T00:00:00+00:00,1996-10-31T00:00:00+00:00,0.0066002841982237825,0.005850544170810101,-0.02568623026837913,3.7146410800609546,1.936933455740942
1996-11,tsmom_12m,12M,2.0,19,1996-11-01T00:00:00+00:00,1996-11-27T00:00:00+00:00,0.021211164065359167,0.02120137449182824,-0.028371293593367874,0.04790609613763497,1.984839551878577
1996-12,tsmom_12m,12M,2.0,21,1996-12-02T00:00:00+00:00,1996-12-31T00:00:00+00:00,0.030257233163412334,0.0302518721032925,-0.01370183065736752,0.026575122010606522,1.9582644298679694
1997-01,tsmom_12m,12M,2.0,22,1997-01-02T00:00:00+00:00,1997-01-31T00:00:00+00:00,0.13184494042684936,0.13184403398539457,-0.030902309009274487,0.004059600846858968,1.96232403071483
1997-02,tsmom_12m,12M,2.0,19,1997-02-03T00:00:00+00:00,1997-02-28T00:00:00+00:00,-0.06759545367420661,-0.0677246162437416,-0.08149551881953132,0.6862453778290922,1.276078652885737
1997-03,tsmom_12m,12M,2.0,20,1997-03-03T00:00:00+00:00,1997-03-31T00:00:00+00:00,0.034428041861009895,0.03440002638228368,-0.018647896183220825,0.13596503712355035,1.1401136157621865
1997-04,tsmom_12m,12M,2.0,22,1997-04-01T00:00:00+00:00,1997-04-30T00:00:00+00:00,0.03771309456554084,0.03768742172132655,-0.0047512410841253905,0.1234504648918715,1.016663150870315
1997-05,tsmom_12m,12M,2.0,21,1997-05-01T00:00:00+00:00,1997-05-30T00:00:00+00:00,-0.020831162000682135,-0.020847942419981114,-0.02855312174264657,0.08554865581988458,1.1022118066901998
1997-06,tsmom_12m,12M,2.0,19,1997-06-02T00:00:00+00:00,1997-06-30T00:00:00+00:00,0.03896948004074097,0.03896622010195183,-0.007885237546579882,0.01573737822421739,1.0864744284659826
1997-07,tsmom_12m,12M,2.0,22,1997-07-01T00:00:00+00:00,1997-07-31T00:00:00+00:00,0.01963119966467808,0.01962767020959877,-0.049888936322539656,0.0173189033618959,1.1037933318278779
1997-08,tsmom_12m,12M,2.0,21,1997-08-01T00:00:00+00:00,1997-08-29T00:00:00+00:00,0.002244430187298363,0.002191974968769328,-0.02565341065491966,0.2614875131815493,0.8423058186463291
1997-09,tsmom_12m,12M,2.0,21,1997-09-02T00:00:00+00:00,1997-09-30T00:00:00+00:00,-0.02460336250041728,-0.024604936397602528,-0.037661596230621375,0.008101515487125566,0.8504073341334545
1997-10,tsmom_12m,12M,2.0,23,1997-10-01T00:00:00+00:00,1997-10-31T00:00:00+00:00,0.07141584412040314,0.0713946944622863,-0.026159899639047635,0.0989220724629859,0.9493294065964405
1997-11,tsmom_12m,12M,2.0,18,1997-11-03T00:00:00+00:00,1997-11-26T00:00:00+00:00,0.0295517475628555,0.029493804948210967,-0.007244504566058074,0.2800092966487422,0.6693201099476983
1997-12,tsmom_12m,12M,2.0,22,1997-12-01T00:00:00+00:00,1997-12-31T00:00:00+00:00,0.01984245476770674,0.01983470262153597,-0.03173766336299477,0.03826777140301463,0.707587881350713
1998-01,tsmom_12m,12M,2.0,20,1998-01-02T00:00:00+00:00,1998-01-30T00:00:00+00:00,-0.03513794326434061,-0.035142835192640276,-0.06686705385644998,0.02538023044292681,0.6822076509077861
1998-02,tsmom_12m,12M,2.0,19,1998-02-02T00:00:00+00:00,1998-02-27T00:00:00+00:00,0.008107410675439297,0.008089231899599092,-0.014821390619176755,0.09009278420669131,0.5921148667010949
1998-03,tsmom_12m,12M,2.0,22,1998-03-02T00:00:00+00:00,1998-03-31T00:00:00+00:00,-0.007192671343762447,-0.007199893470654528,-0.028203298723270764,0.03634178040369229,0.6284566471047872
1998-04,tsmom_12m,12M,2.0,21,1998-04-01T00:00:00+00:00,1998-04-30T00:00:00+00:00,-0.01069056774259336,-0.01069871517059151,-0.03014741839230839,0.041304650890119254,0.6697612979949064
1998-05,tsmom_12m,12M,2.0,19,1998-05-01T00:00:00+00:00,1998-05-29T00:00:00+00:00,0.030439243926654314,0.0304293685329462,-0.007181730481536697,0.048398967835976525,0.718160265830883
1998-06,tsmom_12m,12M,2.0,22,1998-06-01T00:00:00+00:00,1998-06-30T00:00:00+00:00,-0.009256034830093518,-0.009263510890303861,-0.03646912193983409,0.03816467094889098,0.7563249367797737
1998-07,tsmom_12m,12M,2.0,22,1998-07-01T00:00:00+00:00,1998-07-31T00:00:00+00:00,0.017693339515765016,0.0176822101083709,-0.01474668242400834,0.05476965162449976,0.7015552851552742
1998-08,tsmom_12m,12M,2.0,21,1998-08-03T00:00:00+00:00,1998-08-31T00:00:00+00:00,0.030186561344736296,0.03017671884687334,-0.01197767556032403,0.04809097437021914,0.7496462595254931
1998-09,tsmom_12m,12M,2.0,21,1998-09-01T00:00:00+00:00,1998-09-30T00:00:00+00:00,-0.052857283992150284,-0.05285966884961257,-0.0442386255193129,0.012476218048974808,0.762122477574468
1998-10,tsmom_12m,12M,2.0,22,1998-10-01T00:00:00+00:00,1998-10-30T00:00:00+00:00,0.012526490656530331,0.01252096636333433,-0.011335008008427794,0.027071849549676785,0.735050628024791
1998-11,tsmom_12m,12M,2.0,19,1998-11-02T00:00:00+00:00,1998-11-30T00:00:00+00:00,-0.004315347888615539,-0.004323355164506326,-0.024888965027223375,0.040507203504472344,0.7755578315292637
1998-12,tsmom_12m,12M,2.0,22,1998-12-01T00:00:00+00:00,1998-12-31T00:00:00+00:00,0.01623542652459453,0.016226155246382046,-0.01087374228522986,0.04551426373449108,0.8210720952637548
1999-01,tsmom_12m,12M,2.0,19,1999-01-04T00:00:00+00:00,1999-01-29T00:00:00+00:00,0.0024920992694461575,0.002480946386721028,-0.017521347119233477,0.055777579472577665,0.8768496747363322
1999-02,tsmom_12m,12M,2.0,19,1999-02-01T00:00:00+00:00,1999-02-26T00:00:00+00:00,-0.000805675546695972,-0.0008147867699711542,-0.010256065005036619,0.045199008919169725,0.9220486836555019
1999-03,tsmom_12m,12M,2.0,23,1999-03-01T00:00:00+00:00,1999-03-31T00:00:00+00:00,0.021079631746296235,0.021069504393187,-0.025822370701488295,0.04969168844423222,0.9717403720997343
1999-04,tsmom_12m,12M,2.0,21,1999-04-01T00:00:00+00:00,1999-04-30T00:00:00+00:00,-0.020202247771490822,-0.02020366670142404,-0.025532817739191915,0.007238455347499673,0.9645019167522344
1999-05,tsmom_12m,12M,2.0,19,1999-05-03T00:00:00+00:00,1999-05-28T00:00:00+00:00,0.05901341270267291,0.05899775514986305,-0.011143118175426903,0.07397853596442583,1.0384804527166607
1999-06,tsmom_12m,12M,2.0,22,1999-06-01T00:00:00+00:00,1999-06-30T00:00:00+00:00,0.029745911431670713,0.02972911221936725,-0.013586320983666744,0.08228657563266983,0.9561938770839905
1999-07,tsmom_12m,12M,2.0,21,1999-07-01T00:00:00+00:00,1999-07-30T00:00:00+00:00,0.017549652610804545,0.017539919695182427,-0.022682152492913388,0.04767955422713688,1.0038734313111275
1999-08,tsmom_12m,12M,2.0,22,1999-08-02T00:00:00+00:00,1999-08-31T00:00:00+00:00,0.005173884328397271,0.005167383746693455,-0.022946423016167894,0.032456980859022266,0.9714164504521048
1999-09,tsmom_12m,12M,2.0,21,1999-09-01T00:00:00+00:00,1999-09-30T00:00:00+00:00,-0.1589062198861888,-0.1589188414589402,-0.1939436566653061,0.07554972642650304,1.0469661768786085
1999-10,tsmom_12m,12M,2.0,21,1999-10-01T00:00:00+00:00,1999-10-29T00:00:00+00:00,0.001669197625542962,0.001379083816525517,-0.04631395485197509,1.4597274107239373,0.4127612338453289
1999-11,tsmom_12m,12M,2.0,20,1999-11-01T00:00:00+00:00,1999-11-30T00:00:00+00:00,-0.009365703283042204,-0.009367950555552174,-0.011719825960866848,0.011210597768177621,0.40155063607715136
1999-12,tsmom_12m,12M,2.0,21,1999-12-01T00:00:00+00:00,1999-12-30T00:00:00+00:00,0.004379686352222523,0.004213231401536621,-0.021457115959984896,0.8299783656485294,0.4284277295713782
2000-01,tsmom_12m,12M,2.0,18,2000-01-04T00:00:00+00:00,2000-01-31T00:00:00+00:00,-0.005407293436169414,-0.005588061313488657,-0.006964121358134179,0.9000221985959208,0.4715944690245428
2000-02,tsmom_12m,12M,2.0,20,2000-02-01T00:00:00+00:00,2000-02-29T00:00:00+00:00,-0.01807035635515053,-0.01826355976226335,-0.05830646379845372,0.9852069623216556,0.513612493297113
2000-03,tsmom_12m,12M,2.0,23,2000-03-01T00:00:00+00:00,2000-03-31T00:00:00+00:00,-0.017378790121999832,-0.0175583313717651,-0.02054019751542424,0.9124685042194906,0.39885601092237777
2000-04,tsmom_12m,12M,2.0,19,2000-04-03T00:00:00+00:00,2000-04-28T00:00:00+00:00,0.010617593644943968,0.010445858250858198,-0.009997940500817704,0.8510209329270975,0.45216492200471975
2000-05,tsmom_12m,12M,2.0,22,2000-05-01T00:00:00+00:00,2000-05-31T00:00:00+00:00,-0.0005290502157124788,-0.00054016661620504,-0.01168927419101462,0.0556011442681516,0.5077660662728715
2000-06,tsmom_12m,12M,2.0,22,2000-06-01T00:00:00+00:00,2000-06-30T00:00:00+00:00,0.03461498057200485,0.03439216510793375,-0.018319545754719613,1.0781447958898025,0.5703787296169309
2000-07,tsmom_12m,12M,2.0,19,2000-07-05T00:00:00+00:00,2000-07-31T00:00:00+00:00,-0.015818209303024133,-0.015820709252409637,-0.011741903090433325,0.012549960003835903,0.5578287696130954
2000-08,tsmom_12m,12M,2.0,23,2000-08-01T00:00:00+00:00,2000-08-31T00:00:00+00:00,-0.002208778220254559,-0.002215907160299846,-0.01573974671866385,0.0357236057501229,0.5935523753632183
2000-09,tsmom_12m,12M,2.0,20,2000-09-01T00:00:00+00:00,2000-09-29T00:00:00+00:00,-0.012500977411254,-0.012518160551099222,-0.020420781105599306,0.08675154829378784,0.6803039236570059
2000-10,tsmom_12m,12M,2.0,22,2000-10-02T00:00:00+00:00,2000-10-31T00:00:00+00:00,0.027904331553642248,0.027614479427783056,-0.018006765355782384,1.4121536721065768,0.7318497484495708
2000-11,tsmom_12m,12M,2.0,20,2000-11-01T00:00:00+00:00,2000-11-30T00:00:00+00:00,-0.01964791564210655,-0.019653203363121152,-0.02267740319178624,0.027045304727334574,0.7588950531769054
2000-12,tsmom_12m,12M,2.0,20,2000-12-01T00:00:00+00:00,2000-12-29T00:00:00+00:00,-0.00147547138727544,-0.0014906651291010098,-0.01734924143215477,0.07640650692096917,0.8353015600978747
2001-01,tsmom_12m,12M,2.0,21,2001-01-02T00:00:00+00:00,2001-01-31T00:00:00+00:00,0.017385861092755306,0.01738046686853112,-0.013845661397243081,0.026810939077959173,0.8621124991758335
2001-02,tsmom_12m,12M,2.0,19,2001-02-01T00:00:00+00:00,2001-02-28T00:00:00+00:00,-0.0004725120871895694,-0.00048156048728165146,-0.03950865999382436,0.04484980249628112,0.9069623016721148
2001-03,tsmom_12m,12M,2.0,22,2001-03-01T00:00:00+00:00,2001-03-30T00:00:00+00:00,0.026676274662005506,0.026664924253219535,-0.036252075951314744,0.05555863304736697,0.8514036686247479
2001-04,tsmom_12m,12M,2.0,20,2001-04-02T00:00:00+00:00,2001-04-30T00:00:00+00:00,-0.016370438023954437,-0.016381097774505138,-0.028751679853631917,0.05461887474409399,0.796784793880654
2001-05,tsmom_12m,12M,2.0,22,2001-05-01T00:00:00+00:00,2001-05-31T00:00:00+00:00,-0.011075283723589457,-0.011080467490466539,-0.068475813755834,0.026176476704661722,0.8229612705853158
2001-06,tsmom_12m,12M,2.0,21,2001-06-01T00:00:00+00:00,2001-06-29T00:00:00+00:00,-0.010943724443550185,-0.010986760310268351,-0.024020132282256856,0.21701693216586015,0.6059443384194554
2001-07,tsmom_12m,12M,2.0,21,2001-07-02T00:00:00+00:00,2001-07-31T00:00:00+00:00,0.004421341886846841,0.004420940194289402,-0.011365408414425127,0.0020049988586967604,0.6079493372781521
2001-08,tsmom_12m,12M,2.0,23,2001-08-01T00:00:00+00:00,2001-08-31T00:00:00+00:00,-0.018753307635587357,-0.01876834595724708,-0.029956759534960464,0.07641436195448192,0.6843636992326341
2001-09,tsmom_12m,12M,2.0,16,2001-09-04T00:00:00+00:00,2001-09-28T00:00:00+00:00,-0.04597603836708719,-0.04598604591144384,-0.05491816028730212,0.05284067639408063,0.7372043756267148
2001-10,tsmom_12m,12M,2.0,23,2001-10-01T00:00:00+00:00,2001-10-31T00:00:00+00:00,-0.029386044395175004,-0.02965347596746548,-0.03789762925308271,1.3752494602860001,0.6380450846592856
2001-11,tsmom_12m,12M,2.0,20,2001-11-01T00:00:00+00:00,2001-11-30T00:00:00+00:00,-0.013530547143851712,-0.013538471367207427,-0.02128245596543543,0.040183988335596776,0.6782290729948823
2001-12,tsmom_12m,12M,2.0,19,2001-12-03T00:00:00+00:00,2001-12-31T00:00:00+00:00,0.011376381121746881,0.011360231625105355,-0.013670725173389964,0.08050027526644998,0.7587293482613321
2002-01,tsmom_12m,12M,2.0,21,2002-01-02T00:00:00+00:00,2002-01-31T00:00:00+00:00,0.011259261874847049,0.01125084600717674,-0.025923159127021256,0.04163470480662812,0.8003640530679603
2002-02,tsmom_12m,12M,2.0,19,2002-02-01T00:00:00+00:00,2002-02-28T00:00:00+00:00,0.04084342065412905,0.040840662534362915,-0.03162404982547995,0.013398083103376202,0.8137621361713364
2002-03,tsmom_12m,12M,2.0,20,2002-03-01T00:00:00+00:00,2002-03-28T00:00:00+00:00,0.01608452880734701,0.01606581954314712,-0.02010327167870174,0.09235610549983586,0.7214060306715007
2002-04,tsmom_12m,12M,2.0,22,2002-04-01T00:00:00+00:00,2002-04-30T00:00:00+00:00,0.013651716533647162,0.013645925728874131,-0.018360341112858447,0.02859934555790955,0.7500053762294102
2002-05,tsmom_12m,12M,2.0,22,2002-05-01T00:00:00+00:00,2002-05-31T00:00:00+00:00,0.046738547865611935,0.04672963849363421,-0.012424605648846843,0.04257958946370288,0.7925849656931131
2002-06,tsmom_12m,12M,2.0,20,2002-06-03T00:00:00+00:00,2002-06-28T00:00:00+00:00,-0.03293891264008053,-0.03293898881726087,-0.03597305868500322,0.0003940499252502727,0.7929790156183636
2002-07,tsmom_12m,12M,2.0,22,2002-07-01T00:00:00+00:00,2002-07-31T00:00:00+00:00,-0.021686252377883353,-0.02168721779412419,-0.047375373430133316,0.004940276425728363,0.7880387391926349
2002-08,tsmom_12m,12M,2.0,22,2002-08-01T00:00:00+00:00,2002-08-30T00:00:00+00:00,0.019456716897069626,0.019433756636779043,-0.017955306832797557,0.11280958776549388,0.675229151427141
2002-09,tsmom_12m,12M,2.0,20,2002-09-03T00:00:00+00:00,2002-09-30T00:00:00+00:00,0.022934851005619317,0.022927226955153923,-0.011914168218995824,0.03734887262344022,0.6378802788037009
2002-10,tsmom_12m,12M,2.0,23,2002-10-01T00:00:00+00:00,2002-10-31T00:00:00+00:00,-0.014463514609172945,-0.014474797805630435,-0.026074976270282657,0.056877042893113794,0.6947573216968145
2002-11,tsmom_12m,12M,2.0,19,2002-11-01T00:00:00+00:00,2002-11-27T00:00:00+00:00,-0.0013142739499814038,-0.0013234725405451009,-0.016204659024273815,0.046139210520784846,0.7408965322175994
2002-12,tsmom_12m,12M,2.0,21,2002-12-02T00:00:00+00:00,2002-12-31T00:00:00+00:00,0.07396687755950104,0.07395866166961729,-0.012478093645141297,0.03831585130131543,0.7792123835189151
2003-01,tsmom_12m,12M,2.0,21,2003-01-02T00:00:00+00:00,2003-01-31T00:00:00+00:00,0.04383470761544106,0.04382504139548815,-0.009160855133516499,0.04613577158456017,0.7330766119343547
2003-02,tsmom_12m,12M,2.0,19,2003-02-03T00:00:00+00:00,2003-02-28T00:00:00+00:00,-0.03617366513409637,-0.0361775039634884,-0.06753060524339682,0.02001071085587347,0.7130659010784813
2003-03,tsmom_12m,12M,2.0,21,2003-03-03T00:00:00+00:00,2003-03-31T00:00:00+00:00,-0.024036711406860256,-0.024061221578819403,-0.05140554019352683,0.12535845810178137,0.5877074429767001
2003-04,tsmom_12m,12M,2.0,21,2003-04-01T00:00:00+00:00,2003-04-30T00:00:00+00:00,0.0061936013787156075,0.006191252814270243,-0.022462114940144495,0.011656529502725443,0.5760509134739744
2003-05,tsmom_12m,12M,2.0,21,2003-05-01T00:00:00+00:00,2003-05-30T00:00:00+00:00,0.046993001450418515,0.046985051494920826,-0.010871323691135526,0.03817178017909839,0.6142226936530728
2003-06,tsmom_12m,12M,2.0,21,2003-06-02T00:00:00+00:00,2003-06-30T00:00:00+00:00,-0.032399505443021615,-0.03239954283503854,-0.042307260792616486,0.00019370710209987152,0.6140289865509732
2003-07,tsmom_12m,12M,2.0,22,2003-07-01T00:00:00+00:00,2003-07-31T00:00:00+00:00,0.012985192982425176,0.012977494845803905,-0.017264995758949242,0.03833838203193507,0.5756906045190378
2003-08,tsmom_12m,12M,2.0,21,2003-08-01T00:00:00+00:00,2003-08-29T00:00:00+00:00,0.038320991853987296,0.03831641186983825,-0.012410717960115392,0.02179419071059241,0.5974847952296306
2003-09,tsmom_12m,12M,2.0,21,2003-09-02T00:00:00+00:00,2003-09-30T00:00:00+00:00,0.014726863234493459,0.014725894989596089,-0.012735596284942918,0.004752200523036487,0.5927325947065937
2003-10,tsmom_12m,12M,2.0,23,2003-10-01T00:00:00+00:00,2003-10-31T00:00:00+00:00,-0.0020729362508138394,-0.0020797776631278353,-0.024725920096376197,0.03421689100553593,0.6269494857121298
2003-11,tsmom_12m,12M,2.0,18,2003-11-03T00:00:00+00:00,2003-11-26T00:00:00+00:00,0.020974925642396558,0.02096922423500014,-0.009788451902581596,0.02759504613867203,0.5993544395734579
2003-12,tsmom_12m,12M,2.0,21,2003-12-01T00:00:00+00:00,2003-12-31T00:00:00+00:00,0.027627900497936064,0.027625537104545073,-0.005233851001637202,0.01160164871050906,0.6109560882839669
2004-01,tsmom_12m,12M,2.0,19,2004-01-05T00:00:00+00:00,2004-01-30T00:00:00+00:00,-0.02114270137562746,-0.02115524278270653,-0.04351653613831452,0.06496681596111098,0.6759229042450777
2004-02,tsmom_12m,12M,2.0,19,2004-02-02T00:00:00+00:00,2004-02-27T00:00:00+00:00,-0.008473771109202777,-0.008493271110358913,-0.029262213240610846,0.09782532585639325,0.5780975783886845
2004-03,tsmom_12m,12M,2.0,23,2004-03-01T00:00:00+00:00,2004-03-31T00:00:00+00:00,0.04427813733782848,0.04427507053880597,-0.01241944086858271,0.01474219524193654,0.5633553831467479
2004-04,tsmom_12m,12M,2.0,21,2004-04-01T00:00:00+00:00,2004-04-30T00:00:00+00:00,-0.05600216751151754,-0.056006187891855075,-0.05878216899686828,0.021308970593730048,0.5846643537404782
2004-05,tsmom_12m,12M,2.0,20,2004-05-03T00:00:00+00:00,2004-05-28T00:00:00+00:00,0.010202448805224362,0.010193778770627437,-0.026456368686094023,0.04287039491842226,0.5417939588220559
2004-06,tsmom_12m,12M,2.0,21,2004-06-01T00:00:00+00:00,2004-06-30T00:00:00+00:00,-0.0023570380856643425,-0.002357393398710328,-0.015151324429093838,0.0017814979129376907,0.5435754567349935
2004-07,tsmom_12m,12M,2.0,21,2004-07-01T00:00:00+00:00,2004-07-30T00:00:00+00:00,0.0012454563111399253,0.001241896008208565,-0.025741417871554928,0.017865730113234113,0.5614411868482276
2004-08,tsmom_12m,12M,2.0,22,2004-08-02T00:00:00+00:00,2004-08-31T00:00:00+00:00,0.0279435288884764,0.027937860582459173,-0.01491523958074914,0.027599972042026355,0.5890411588902539
2004-09,tsmom_12m,12M,2.0,21,2004-09-01T00:00:00+00:00,2004-09-30T00:00:00+00:00,0.01186909340946829,0.011865163238642173,-0.016942841050425983,0.019374510658040522,0.6084156695482946
2004-10,tsmom_12m,12M,2.0,21,2004-10-01T00:00:00+00:00,2004-10-29T00:00:00+00:00,0.014612702566030755,0.014598541508029417,-0.015847354772623334,0.06987561070969794,0.6782912802579925
2004-11,tsmom_12m,12M,2.0,20,2004-11-01T00:00:00+00:00,2004-11-30T00:00:00+00:00,0.03907310569182432,0.039066917769002174,-0.012235551463358862,0.02971725171636852,0.708008531974361
2004-12,tsmom_12m,12M,2.0,21,2004-12-01T00:00:00+00:00,2004-12-30T00:00:00+00:00,-0.02347292962371561,-0.02347577776308729,-0.03564769009695423,0.014645787006287159,0.7226543189806482
2005-01,tsmom_12m,12M,2.0,20,2005-01-03T00:00:00+00:00,2005-01-31T00:00:00+00:00,-0.022087752441868447,-0.02209665461156185,-0.016125927430774456,0.04490401155860679,0.6777503074220413
2005-02,tsmom_12m,12M,2.0,19,2005-02-01T00:00:00+00:00,2005-02-28T00:00:00+00:00,0.022626364799707366,0.02261947925975516,-0.014658010509579045,0.033598199404612616,0.7113485068266541
2005-03,tsmom_12m,12M,2.0,22,2005-03-01T00:00:00+00:00,2005-03-31T00:00:00+00:00,-0.011073585456677248,-0.011081829519699826,-0.03721611092666821,0.04141658669231707,0.7527650935189709
2005-04,tsmom_12m,12M,2.0,21,2005-04-01T00:00:00+00:00,2005-04-29T00:00:00+00:00,0.008920378056521905,0.008918182183105694,-0.011487882762540313,0.010828321651528916,0.7635934151705002
2005-05,tsmom_12m,12M,2.0,21,2005-05-02T00:00:00+00:00,2005-05-31T00:00:00+00:00,-0.03232963488393792,-0.032340318645570076,-0.026266199518055866,0.05462350550341433,0.8182169206739142
2005-06,tsmom_12m,12M,2.0,22,2005-06-01T00:00:00+00:00,2005-06-30T00:00:00+00:00,0.03757681569358873,0.037566853844297254,-0.011925571251710787,0.04788625290235593,0.8661031735762702
2005-07,tsmom_12m,12M,2.0,20,2005-07-01T00:00:00+00:00,2005-07-29T00:00:00+00:00,-0.002596116915023594,-0.002601328273632575,-0.01789014151147572,0.025682223309612118,0.8917853968858823
2005-08,tsmom_12m,12M,2.0,23,2005-08-01T00:00:00+00:00,2005-08-31T00:00:00+00:00,0.004684094533710548,0.004680686291180125,-0.031044570122729986,0.017026450455040143,0.8747589464308421
2005-09,tsmom_12m,12M,2.0,21,2005-09-01T00:00:00+00:00,2005-09-30T00:00:00+00:00,0.06570846759889815,0.0657069215429662,-0.016358849418531607,0.007374288562582931,0.8673846578682594
2005-10,tsmom_12m,12M,2.0,21,2005-10-03T00:00:00+00:00,2005-10-31T00:00:00+00:00,-0.007300237486510985,-0.007311197846578188,-0.025865264775712826,0.05493840500090952,0.8124462528673497
2005-11,tsmom_12m,12M,2.0,20,2005-11-01T00:00:00+00:00,2005-11-30T00:00:00+00:00,0.05171901459656025,0.051716896375039845,-0.011422165541093876,0.009957826179076035,0.8024884266882738
2005-12,tsmom_12m,12M,2.0,21,2005-12-01T00:00:00+00:00,2005-12-30T00:00:00+00:00,0.03307261427063368,0.033059526805106376,-0.050491375770412183,0.06432026141839542,0.7381681652698782
2006-01,tsmom_12m,12M,2.0,20,2006-01-03T00:00:00+00:00,2006-01-31T00:00:00+00:00,0.06563244089741205,0.0656122096941214,-0.014760329065723221,0.09664896470575146,0.6415192005641266
2006-02,tsmom_12m,12M,2.0,19,2006-02-01T00:00:00+00:00,2006-02-28T00:00:00+00:00,-0.008493966948053822,-0.008509377828780584,-0.032645501825427914,0.077783296325734,0.5637359042383927
2006-03,tsmom_12m,12M,2.0,23,2006-03-01T00:00:00+00:00,2006-03-31T00:00:00+00:00,0.019966614072467692,0.019954867308078716,-0.026642576421448183,0.05764090237713737,0.5060950018612557
2006-04,tsmom_12m,12M,2.0,19,2006-04-03T00:00:00+00:00,2006-04-28T00:00:00+00:00,0.06048606541954693,0.06048181768836147,-0.0069957596677378,0.0201693474296315,0.526264349290887
2006-05,tsmom_12m,12M,2.0,22,2006-05-01T00:00:00+00:00,2006-05-31T00:00:00+00:00,-0.005567525452797928,-0.005568384076138577,-0.059933494771579277,0.004325198470651936,0.5305895477615388
2006-06,tsmom_12m,12M,2.0,22,2006-06-01T00:00:00+00:00,2006-06-30T00:00:00+00:00,-0.018917632986609645,-0.01894104860516399,-0.05362651618731629,0.1183845434028461,0.4122050043586929
2006-07,tsmom_12m,12M,2.0,19,2006-07-05T00:00:00+00:00,2006-07-31T00:00:00+00:00,0.019507252418340837,0.01949887952934981,-0.031300930852895426,0.04141238127656305,0.37079262308212974
2006-08,tsmom_12m,12M,2.0,23,2006-08-01T00:00:00+00:00,2006-08-31T00:00:00+00:00,-0.006734821830211124,-0.006740062634389865,-0.02357203794649032,0.026543196327359186,0.3442494267547706
2006-09,tsmom_12m,12M,2.0,20,2006-09-01T00:00:00+00:00,2006-09-29T00:00:00+00:00,-0.017906402870056626,-0.017914325987396063,-0.03871993367683735,0.04031340635945718,0.3845628331142278
2006-10,tsmom_12m,12M,2.0,22,2006-10-02T00:00:00+00:00,2006-10-31T00:00:00+00:00,0.00226385970888221,0.0022602882988336237,-0.02451506120526359,0.017806028267077445,0.4023688613813052
2006-11,tsmom_12m,12M,2.0,21,2006-11-01T00:00:00+00:00,2006-11-30T00:00:00+00:00,0.03088816501286984,0.03088551955797869,-0.009838458949645412,0.01293905514916005,0.4153079165304653
2006-12,tsmom_12m,12M,2.0,20,2006-12-01T00:00:00+00:00,2006-12-29T00:00:00+00:00,-0.009575078017494465,-0.009582677760141767,-0.023228897070312726,0.03832869453118698,0.4536366110616522
2007-01,tsmom_12m,12M,2.0,21,2007-01-02T00:00:00+00:00,2007-01-31T00:00:00+00:00,0.015580094181897541,0.015570911304338741,-0.02750763901787734,0.04534437512551753,0.4989809861871699
2007-02,tsmom_12m,12M,2.0,19,2007-02-01T00:00:00+00:00,2007-02-28T00:00:00+00:00,0.011435930112531967,0.011432564233685438,-0.013038295898906815,0.016703046912046215,0.515684033099216
2007-03,tsmom_12m,12M,2.0,22,2007-03-01T00:00:00+00:00,2007-03-30T00:00:00+00:00,-0.0021553619134335733,-0.002156659456231891,-0.020260539867290372,0.006464332492640779,0.5221483655918567
2007-04,tsmom_12m,12M,2.0,20,2007-04-02T00:00:00+00:00,2007-04-30T00:00:00+00:00,0.011592526944363746,0.011587599844814278,-0.013410379161593489,0.02439896326431512,0.5465473288561717
2007-05,tsmom_12m,12M,2.0,22,2007-05-01T00:00:00+00:00,2007-05-31T00:00:00+00:00,-0.014472712610648086,-0.014483610138478098,-0.03227296490205056,0.0549906857972553,0.601538014653427
2007-06,tsmom_12m,12M,2.0,21,2007-06-01T00:00:00+00:00,2007-06-29T00:00:00+00:00,-0.014131650567296039,-0.014137113974534876,-0.029897510707444952,0.027970429796632,0.629508444450059
2007-07,tsmom_12m,12M,2.0,21,2007-07-02T00:00:00+00:00,2007-07-31T00:00:00+00:00,0.027268418104080983,0.0272652763629615,-0.02355879675392958,0.015411382420140063,0.6449198268701991
2007-08,tsmom_12m,12M,2.0,23,2007-08-01T00:00:00+00:00,2007-08-31T00:00:00+00:00,0.0031254082551119833,0.003120162839749252,-0.027408021320832865,0.02606263589612623,0.6709824627663253
2007-09,tsmom_12m,12M,2.0,19,2007-09-04T00:00:00+00:00,2007-09-28T00:00:00+00:00,0.06325848245511767,0.0632528265166139,-0.004094637220585451,0.02683099243431497,0.6441514703320105
2007-10,tsmom_12m,12M,2.0,23,2007-10-01T00:00:00+00:00,2007-10-31T00:00:00+00:00,0.040779553415122516,0.04077426787076721,-0.016173001980434587,0.02548753424589223,0.6696390045779027
2007-11,tsmom_12m,12M,2.0,21,2007-11-01T00:00:00+00:00,2007-11-30T00:00:00+00:00,-0.0045251477016724495,-0.004527389869313114,-0.04638487093374244,0.0112412858850931,0.6583977186928095
2007-12,tsmom_12m,12M,2.0,20,2007-12-03T00:00:00+00:00,2007-12-31T00:00:00+00:00,0.03252695397401184,0.03250014766796672,-0.013519790245754337,0.13022633564539687,0.5281713830474127
2008-01,tsmom_12m,12M,2.0,22,2008-01-02T00:00:00+00:00,2008-01-31T00:00:00+00:00,0.05820133213575973,0.05819680161975738,-0.02295689035033044,0.021710127614137376,0.54988151066155
2008-02,tsmom_12m,12M,2.0,21,2008-02-01T00:00:00+00:00,2008-02-29T00:00:00+00:00,0.02540742182840816,0.025399342223928256,-0.012446203672031086,0.039069517903238205,0.5108119927583118
2008-03,tsmom_12m,12M,2.0,20,2008-03-03T00:00:00+00:00,2008-03-31T00:00:00+00:00,-0.028366825022189013,-0.028370270283650245,-0.04770448237557412,0.017819689239031655,0.5286316819973434
2008-04,tsmom_12m,12M,2.0,22,2008-04-01T00:00:00+00:00,2008-04-30T00:00:00+00:00,-0.026937667843567326,-0.026954581101743758,-0.03978832687492784,0.08551872854584275,0.4431129534515007
2008-05,tsmom_12m,12M,2.0,21,2008-05-01T00:00:00+00:00,2008-05-30T00:00:00+00:00,0.012972275571951464,0.012969944409040757,-0.022105712785481235,0.011424373967774626,0.4316885794837262
2008-06,tsmom_12m,12M,2.0,21,2008-06-02T00:00:00+00:00,2008-06-30T00:00:00+00:00,0.019448007241211984,0.019445676307833004,-0.017226404829406183,0.011460232941787607,0.4431488124255138
2008-07,tsmom_12m,12M,2.0,22,2008-07-01T00:00:00+00:00,2008-07-31T00:00:00+00:00,-0.0024018216693247885,-0.002403941837637702,-0.026482684943706314,0.01068925482772387,0.4324595575977899
2008-08,tsmom_12m,12M,2.0,21,2008-08-01T00:00:00+00:00,2008-08-29T00:00:00+00:00,-0.04338401208392817,-0.043388182356416394,-0.06374859529546018,0.021747609523172007,0.45420716712096204
2008-09,tsmom_12m,12M,2.0,21,2008-09-02T00:00:00+00:00,2008-09-30T00:00:00+00:00,0.019921136164479325,0.019914871175586546,-0.033447623429326834,0.03029668921567047,0.42391047790529146
2008-10,tsmom_12m,12M,2.0,23,2008-10-01T00:00:00+00:00,2008-10-31T00:00:00+00:00,-0.048866755043275534,-0.04889284758690293,-0.06556744696237538,0.13752739032828448,0.2863830875770069
2008-11,tsmom_12m,12M,2.0,19,2008-11-03T00:00:00+00:00,2008-11-28T00:00:00+00:00,-0.03262676775285234,-0.03273112597182071,-0.037175770005657416,0.539691626081498,0.2533085385044911
2008-12,tsmom_12m,12M,2.0,22,2008-12-01T00:00:00+00:00,2008-12-31T00:00:00+00:00,0.019080973079674823,0.018977687163298507,-0.008357606324795652,0.49936784052179695,0.24605930201730597
2009-01,tsmom_12m,12M,2.0,20,2009-01-02T00:00:00+00:00,2009-01-30T00:00:00+00:00,0.014949430632668514,0.014946322035835458,-0.019990377938406634,0.015296768620080392,0.2613560706373864
2009-02,tsmom_12m,12M,2.0,19,2009-02-02T00:00:00+00:00,2009-02-27T00:00:00+00:00,0.004248663738616987,0.004246164849822209,-0.014624143363427211,0.012349374533248081,0.2737054451706344
2009-03,tsmom_12m,12M,2.0,22,2009-03-02T00:00:00+00:00,2009-03-31T00:00:00+00:00,0.005529023052869064,0.0054159535181286245,-0.019574997108290804,0.5649171623676824,0.291211717197048
2009-04,tsmom_12m,12M,2.0,21,2009-04-01T00:00:00+00:00,2009-04-30T00:00:00+00:00,0.01037072410903317,0.010365832083190751,-0.016300060514747194,0.02415349942120304,0.3153652166182511
2009-05,tsmom_12m,12M,2.0,20,2009-05-01T00:00:00+00:00,2009-05-29T00:00:00+00:00,0.03449883535849674,0.034361993515785505,-0.004484288136260894,0.6605442224127516,0.3451790057945005
2009-06,tsmom_12m,12M,2.0,22,2009-06-01T00:00:00+00:00,2009-06-30T00:00:00+00:00,-0.02061340851373572,-0.02062171876810981,-0.023874337627735498,0.04234526853370557,0.387524274328206
2009-07,tsmom_12m,12M,2.0,22,2009-07-01T00:00:00+00:00,2009-07-31T00:00:00+00:00,-0.011945159835228036,-0.012106520684706523,-0.020710048476269227,0.8118157369100898,0.42429146258188377
2009-08,tsmom_12m,12M,2.0,21,2009-08-03T00:00:00+00:00,2009-08-31T00:00:00+00:00,-0.0002520170022760615,-0.0004312040706359044,-0.01580826678647762,0.8982557415845023,0.47396427900261867
2009-09,tsmom_12m,12M,2.0,21,2009-09-01T00:00:00+00:00,2009-09-30T00:00:00+00:00,0.030309367054480507,0.03029949769379936,-0.015102335249986165,0.04803164967793527,0.5219959286805538
2009-10,tsmom_12m,12M,2.0,22,2009-10-01T00:00:00+00:00,2009-10-30T00:00:00+00:00,0.020910614848308917,0.020902758479204753,-0.018871454020156664,0.038278346018030374,0.560274274698584
2009-11,tsmom_12m,12M,2.0,21,2009-11-02T00:00:00+00:00,2009-11-30T00:00:00+00:00,0.07158056804943946,0.07157856608395519,-0.007037589204721639,0.009413471721314792,0.5696877464198989
2009-12,tsmom_12m,12M,2.0,22,2009-12-01T00:00:00+00:00,2009-12-31T00:00:00+00:00,-0.04051298167907347,-0.04051502132790341,-0.06412034490265683,0.01073031042055228,0.5804180568404511
2010-01,tsmom_12m,12M,2.0,20,2010-01-04T00:00:00+00:00,2010-01-29T00:00:00+00:00,-0.006948379023632323,-0.006962895080634857,-0.031032683684435125,0.07390465003300306,0.5065134068074483
2010-02,tsmom_12m,12M,2.0,20,2010-02-01T00:00:00+00:00,2010-02-26T00:00:00+00:00,0.017752654062346718,0.017749938362978446,-0.02445755205247424,0.0135045899367916,0.52001799674424
2010-03,tsmom_12m,12M,2.0,23,2010-03-01T00:00:00+00:00,2010-03-31T00:00:00+00:00,-0.0014752220877807254,-0.0014779664014178406,-0.023599664246075402,0.0137393506251835,0.5062786461190566
2010-04,tsmom_12m,12M,2.0,21,2010-04-01T00:00:00+00:00,2010-04-30T00:00:00+00:00,0.03171252680751668,0.031704592687061606,-0.012865330818811027,0.03869389379754751,0.5449725399166038
2010-05,tsmom_12m,12M,2.0,21,2010-05-03T00:00:00+00:00,2010-05-31T00:00:00+00:00,0.019568553309156522,0.01955924575823631,-0.028454872288022237,0.04572000973916579,0.5906925496557699
2010-06,tsmom_12m,12M,2.0,22,2010-06-01T00:00:00+00:00,2010-06-30T00:00:00+00:00,0.012035901248778291,0.012034598815859443,-0.011798886060710556,0.006461880421304578,0.5842306692344651
2010-07,tsmom_12m,12M,2.0,22,2010-07-01T00:00:00+00:00,2010-07-30T00:00:00+00:00,-0.0291169882391783,-0.029121492921289738,-0.025130714117882258,0.022713906989922927,0.6069445762243879
2010-08,tsmom_12m,12M,2.0,22,2010-08-02T00:00:00+00:00,2010-08-31T00:00:00+00:00,0.03348642450115924,0.033485541612509495,-0.003695477627336685,0.004272932391478523,0.6026716438329095
2010-09,tsmom_12m,12M,2.0,22,2010-09-01T00:00:00+00:00,2010-09-30T00:00:00+00:00,0.03313855068707339,0.03312140842693756,-0.0061110921209976965,0.08281182767984518,0.6854834715127545
2010-10,tsmom_12m,12M,2.0,21,2010-10-01T00:00:00+00:00,2010-10-29T00:00:00+00:00,0.02844331960008506,0.028429302255462252,-0.0309363769672083,0.06853279359164655,0.7540162651044011
2010-11,tsmom_12m,12M,2.0,22,2010-11-01T00:00:00+00:00,2010-11-30T00:00:00+00:00,0.014639758320976082,0.014625502614944885,-0.035489476981009904,0.06999198479643343,0.6840242803079678
2010-12,tsmom_12m,12M,2.0,22,2010-12-01T00:00:00+00:00,2010-12-31T00:00:00+00:00,0.015606697258273794,0.015596021920124992,-0.024122895658409305,0.05254928273003012,0.6314749975779376
2011-01,tsmom_12m,12M,2.0,21,2011-01-03T00:00:00+00:00,2011-01-31T00:00:00+00:00,-0.04088468730464734,-0.04088903574030689,-0.04600912824714343,0.022593898025350723,0.6540688956032883
2011-02,tsmom_12m,12M,2.0,20,2011-02-01T00:00:00+00:00,2011-02-28T00:00:00+00:00,0.03734757599884353,0.037343490793007694,-0.0041330495340762274,0.01978056547696838,0.6342883301263201
2011-03,tsmom_12m,12M,2.0,23,2011-03-01T00:00:00+00:00,2011-03-31T00:00:00+00:00,0.009976664717356032,0.009966314765721851,-0.01870483466556394,0.0517762046598822,0.6860645347862024
2011-04,tsmom_12m,12M,2.0,20,2011-04-01T00:00:00+00:00,2011-04-29T00:00:00+00:00,0.06394196898819549,0.06393778085473811,-0.010292164895542855,0.01965500185632385,0.7057195366425261
2011-05,tsmom_12m,12M,2.0,22,2011-05-02T00:00:00+00:00,2011-05-31T00:00:00+00:00,-0.013141791143479575,-0.013149241390208122,-0.03429297059402825,0.0374279797733893,0.7431475164159153
2011-06,tsmom_12m,12M,2.0,22,2011-06-01T00:00:00+00:00,2011-06-30T00:00:00+00:00,-0.016008105408676032,-0.016016087176139115,-0.023149990274201948,0.040669410975057496,0.7024781054408576
2011-07,tsmom_12m,12M,2.0,21,2011-07-01T00:00:00+00:00,2011-07-29T00:00:00+00:00,0.06367323494862265,0.06366190847195696,-0.007855934675809029,0.052891182324424024,0.7553692877652819
2011-08,tsmom_12m,12M,2.0,23,2011-08-01T00:00:00+00:00,2011-08-31T00:00:00+00:00,0.0937603213574747,0.09375475390067889,-0.06067629155703824,0.025365560601515846,0.7807348483667979
2011-09,tsmom_12m,12M,2.0,22,2011-09-01T00:00:00+00:00,2011-09-30T00:00:00+00:00,-0.04994036259926493,-0.050002440596142894,-0.07145683413081316,0.3268114771536668,0.4539233712131309
2011-10,tsmom_12m,12M,2.0,21,2011-10-03T00:00:00+00:00,2011-10-31T00:00:00+00:00,0.021024537544981126,0.02101232060311542,-0.01445817888624501,0.06036570139207237,0.39355766982105855
2011-11,tsmom_12m,12M,2.0,22,2011-11-01T00:00:00+00:00,2011-11-30T00:00:00+00:00,0.010349417439453168,0.01034585907373331,-0.027483990692799387,0.01762903917374775,0.41118670899480636
2011-12,tsmom_12m,12M,2.0,21,2011-12-01T00:00:00+00:00,2011-12-30T00:00:00+00:00,-0.04660245256321116,-0.046605695229557376,-0.051096225853865085,0.01698964674302411,0.4281763557378305
2012-01,tsmom_12m,12M,2.0,21,2012-01-03T00:00:00+00:00,2012-01-31T00:00:00+00:00,0.046203734986337786,0.04620362345463369,-0.0027176545551385045,0.0005386776353183964,0.427637678102512
2012-02,tsmom_12m,12M,2.0,21,2012-02-01T00:00:00+00:00,2012-02-29T00:00:00+00:00,-0.010755221244580282,-0.01076275979478325,-0.022677517082192233,0.0381647858314243,0.4658024639339364
2012-03,tsmom_12m,12M,2.0,22,2012-03-01T00:00:00+00:00,2012-03-30T00:00:00+00:00,-0.008460263521189226,-0.008471208060736535,-0.022995571195867703,0.0555437600521671,0.5213462239861035
2012-04,tsmom_12m,12M,2.0,20,2012-04-02T00:00:00+00:00,2012-04-30T00:00:00+00:00,-0.0014209643241557268,-0.001424996862031791,-0.016824428850287676,0.020241069271293433,0.5011051547148101
2012-05,tsmom_12m,12M,2.0,23,2012-05-01T00:00:00+00:00,2012-05-31T00:00:00+00:00,-0.03472371556017273,-0.034734284254074654,-0.04141327202664746,0.05471332245494087,0.555818477169751
2012-06,tsmom_12m,12M,2.0,21,2012-06-01T00:00:00+00:00,2012-06-29T00:00:00+00:00,0.014044774324700082,0.014039919710449933,-0.027500279663477234,0.024509883379851383,0.5803283605496022
2012-07,tsmom_12m,12M,2.0,22,2012-07-02T00:00:00+00:00,2012-07-31T00:00:00+00:00,0.006316236650171669,0.006311832467778444,-0.017551661311274946,0.021871988329584924,0.5584563722200175
2012-08,tsmom_12m,12M,2.0,23,2012-08-01T00:00:00+00:00,2012-08-31T00:00:00+00:00,-0.027350983496037262,-0.02757315210252642,-0.03658753804378123,1.1481244246398674,0.58966805241985
2012-09,tsmom_12m,12M,2.0,20,2012-09-03T00:00:00+00:00,2012-09-28T00:00:00+00:00,-0.03202103500233067,-0.03203615103744395,-0.03356061186333692,0.07804957107461463,0.6677176234944648
2012-10,tsmom_12m,12M,2.0,23,2012-10-01T00:00:00+00:00,2012-10-31T00:00:00+00:00,-0.02069685189573056,-0.020959879198570452,-0.03416447886721008,1.3445189089380676,0.6768012854436026
2012-11,tsmom_12m,12M,2.0,22,2012-11-01T00:00:00+00:00,2012-11-30T00:00:00+00:00,-0.0014421552294122675,-0.001457945523496873,-0.016994337862187736,0.07894044143044732,0.7557417268740498
2012-12,tsmom_12m,12M,2.0,20,2012-12-03T00:00:00+00:00,2012-12-31T00:00:00+00:00,0.01789960407658131,0.017590222600278205,-0.012721437869038787,1.5187595324377368,0.7630178055636866
2013-01,tsmom_12m,12M,2.0,22,2013-01-02T00:00:00+00:00,2013-01-31T00:00:00+00:00,-0.0053959054825697406,-0.005708541829051006,-0.01900812908947136,1.579704360905803,0.8166865553421164
2013-02,tsmom_12m,12M,2.0,20,2013-02-01T00:00:00+00:00,2013-02-28T00:00:00+00:00,0.04508214384046161,0.04473174567614335,-0.0270486873834499,1.6733947938311617,0.8567082384890453
2013-03,tsmom_12m,12M,2.0,20,2013-03-01T00:00:00+00:00,2013-03-28T00:00:00+00:00,-0.009437150178030707,-0.009449246171789882,-0.02038501207789234,0.06115462261754889,0.7955536158714963
2013-04,tsmom_12m,12M,2.0,22,2013-04-01T00:00:00+00:00,2013-04-30T00:00:00+00:00,0.06033048909455885,0.06031174820594276,-0.07603952270014569,0.08824571963781414,0.8837993355093103
2013-05,tsmom_12m,12M,2.0,23,2013-05-01T00:00:00+00:00,2013-05-31T00:00:00+00:00,0.025940867325058292,0.02584811036035073,-0.017544544168869414,0.4545549636105412,0.42924437189876946
2013-06,tsmom_12m,12M,2.0,20,2013-06-03T00:00:00+00:00,2013-06-28T00:00:00+00:00,0.05182167329577059,0.051816915638528416,-0.012723085129389466,0.022443971326406964,0.4516883432251764
2013-07,tsmom_12m,12M,2.0,23,2013-07-01T00:00:00+00:00,2013-07-31T00:00:00+00:00,-0.02854517453070249,-0.028554715746855197,-0.03917243393198733,0.04880799762565019,0.4028803455995261
2013-08,tsmom_12m,12M,2.0,22,2013-08-01T00:00:00+00:00,2013-08-30T00:00:00+00:00,-0.02299623858916544,-0.022999903055323956,-0.04230799986395539,0.01883850775851348,0.42171885335803966
2013-09,tsmom_12m,12M,2.0,21,2013-09-02T00:00:00+00:00,2013-09-30T00:00:00+00:00,0.02088136758293868,0.020874047048669242,-0.019352645885793995,0.035890451249340594,0.4576093046073803
2013-10,tsmom_12m,12M,2.0,23,2013-10-01T00:00:00+00:00,2013-10-31T00:00:00+00:00,0.0006486582831317644,0.0006442178511225638,-0.02677001929202838,0.02248288299832707,0.43512642160905324
2013-11,tsmom_12m,12M,2.0,21,2013-11-01T00:00:00+00:00,2013-11-29T00:00:00+00:00,0.02544785634330382,0.025442995418803127,-0.008753030226532621,0.02375820361603148,0.4588846252250847
2013-12,tsmom_12m,12M,2.0,21,2013-12-02T00:00:00+00:00,2013-12-31T00:00:00+00:00,0.018120302502533603,0.018111899587398783,-0.017377418761238328,0.04179871110377548,0.5006833363288601
2014-01,tsmom_12m,12M,2.0,22,2014-01-02T00:00:00+00:00,2014-01-31T00:00:00+00:00,-0.01722943715317271,-0.01722956237821882,-0.019396020044020412,0.000632178867069455,0.5000511574617905
2014-02,tsmom_12m,12M,2.0,20,2014-02-03T00:00:00+00:00,2014-02-28T00:00:00+00:00,-0.03376542934643234,-0.03377131626611063,-0.03545845251535762,0.030298289874409523,0.5303494473362
2014-03,tsmom_12m,12M,2.0,21,2014-03-03T00:00:00+00:00,2014-03-31T00:00:00+00:00,0.017981124233839907,0.017969800877651654,-0.021018134038098935,0.05502764470386501,0.5853770920400653
2014-04,tsmom_12m,12M,2.0,21,2014-04-01T00:00:00+00:00,2014-04-30T00:00:00+00:00,-0.0036734615983413654,-0.0036757881010826,-0.02186663953954482,0.011704168946030546,0.5970812609860958
2014-05,tsmom_12m,12M,2.0,22,2014-05-01T00:00:00+00:00,2014-05-30T00:00:00+00:00,0.02095894959584954,0.02094774871304317,-0.012543520138185493,0.05503755101026497,0.6521188119963609
2014-06,tsmom_12m,12M,2.0,21,2014-06-02T00:00:00+00:00,2014-06-30T00:00:00+00:00,-0.0424901822121887,-0.04249946388158743,-0.045807508267188934,0.04863625253371917,0.7007550645300799
2014-07,tsmom_12m,12M,2.0,23,2014-07-01T00:00:00+00:00,2014-07-31T00:00:00+00:00,-0.023918110364747447,-0.02419414941166309,-0.03001264542099147,1.4134845554768014,0.7127294909467214
2014-08,tsmom_12m,12M,2.0,21,2014-08-01T00:00:00+00:00,2014-08-29T00:00:00+00:00,-0.0032362156396331665,-0.003528755382378179,-0.014511497223129055,1.4576518152122375,0.7449223242655162
2014-09,tsmom_12m,12M,2.0,22,2014-09-01T00:00:00+00:00,2014-09-30T00:00:00+00:00,0.051887533340825964,0.05187365963034152,-0.0053373803949468,0.0659591922367525,0.8108815165022684
2014-10,tsmom_12m,12M,2.0,23,2014-10-01T00:00:00+00:00,2014-10-31T00:00:00+00:00,0.025641550775275856,0.025631416854883016,-0.04053737285722958,0.04925876747459412,0.8601402839768625
2014-11,tsmom_12m,12M,2.0,20,2014-11-03T00:00:00+00:00,2014-11-28T00:00:00+00:00,0.0018790852556764825,0.0018771468916716216,-0.04527102315230136,0.009719962139911664,0.8504203218369509
2014-12,tsmom_12m,12M,2.0,22,2014-12-01T00:00:00+00:00,2014-12-31T00:00:00+00:00,-0.012837620709300612,-0.012873528686044189,-0.02199932638330593,0.17707404020193773,0.6733462816350131
2015-01,tsmom_12m,12M,2.0,21,2015-01-02T00:00:00+00:00,2015-01-30T00:00:00+00:00,-0.046693985112306824,-0.04671309054337014,-0.051839561753687646,0.09999268938181671,0.5733535922531966
2015-02,tsmom_12m,12M,2.0,20,2015-02-02T00:00:00+00:00,2015-02-27T00:00:00+00:00,-0.03181778630353593,-0.032039986082809335,-0.0332639051941539,1.1426268010351626,0.5692732087819656
2015-03,tsmom_12m,12M,2.0,22,2015-03-02T00:00:00+00:00,2015-03-31T00:00:00+00:00,0.014181166782307075,0.013946061682312605,-0.02774712953833569,1.1628890476606322,0.5936158388786661
2015-04,tsmom_12m,12M,2.0,21,2015-04-01T00:00:00+00:00,2015-04-30T00:00:00+00:00,-0.0011995565851091738,-0.0012081196030400143,-0.017584947541267604,0.04238489482237273,0.6360007337010389
2015-05,tsmom_12m,12M,2.0,21,2015-05-01T00:00:00+00:00,2015-05-29T00:00:00+00:00,-0.004585899354301093,-0.004588885839499013,-0.025939180814247398,0.01505073790331335,0.6510514716043524
2015-06,tsmom_12m,12M,2.0,22,2015-06-01T00:00:00+00:00,2015-06-30T00:00:00+00:00,0.010323991524310516,0.010317666989352103,-0.0174053054796659,0.03132106338421947,0.6823725349885718
2015-07,tsmom_12m,12M,2.0,23,2015-07-01T00:00:00+00:00,2015-07-31T00:00:00+00:00,0.05194948314534775,0.05193347641778878,-0.006267701552700622,0.07629791740164804,0.7586704523902198
2015-08,tsmom_12m,12M,2.0,21,2015-08-03T00:00:00+00:00,2015-08-31T00:00:00+00:00,-0.026870735838978588,-0.02687241498502757,-0.050420692447050164,0.008681928680868478,0.7499885237093513
2015-09,tsmom_12m,12M,2.0,22,2015-09-01T00:00:00+00:00,2015-09-30T00:00:00+00:00,0.011981948696453415,0.011980238075155247,-0.03222744209389672,0.008421988669839231,0.7415665350395121
2015-10,tsmom_12m,12M,2.0,22,2015-10-01T00:00:00+00:00,2015-10-30T00:00:00+00:00,-0.01892384076132858,-0.018924525208031118,-0.04578817354329123,0.0034917430317201736,0.7450582780712321
2015-11,tsmom_12m,12M,2.0,21,2015-11-02T00:00:00+00:00,2015-11-30T00:00:00+00:00,0.05377229788630378,0.05377077786404527,-0.008507121945795282,0.007252682275281308,0.7523109603465135
2015-12,tsmom_12m,12M,2.0,22,2015-12-01T00:00:00+00:00,2015-12-31T00:00:00+00:00,0.0010018799061606298,0.0009967009299791663,-0.02420695411952467,0.025783825352602707,0.7780947856991163
2016-01,tsmom_12m,12M,2.0,20,2016-01-04T00:00:00+00:00,2016-01-29T00:00:00+00:00,-0.03800090014568236,-0.038012333646536556,-0.03340049525506883,0.05887758015924904,0.7192172055398671
2016-02,tsmom_12m,12M,2.0,21,2016-02-01T00:00:00+00:00,2016-02-29T00:00:00+00:00,-0.0742323375349605,-0.07423261281894755,-0.07083584956258426,0.001476241219071972,0.7206934467589393
2016-03,tsmom_12m,12M,2.0,22,2016-03-01T00:00:00+00:00,2016-03-31T00:00:00+00:00,-0.0024086360875663626,-0.0026725551118170765,-0.02655187685605953,1.318569430748195,0.5978759839892559
2016-04,tsmom_12m,12M,2.0,21,2016-04-01T00:00:00+00:00,2016-04-29T00:00:00+00:00,0.028725966936906655,0.028721436911206766,-0.01390988147195571,0.02192204813515808,0.5759539358540978
2016-05,tsmom_12m,12M,2.0,22,2016-05-02T00:00:00+00:00,2016-05-31T00:00:00+00:00,-0.03647444485695572,-0.03648001632197584,-0.04051947279014534,0.02888689180537718,0.6048408276594747
2016-06,tsmom_12m,12M,2.0,22,2016-06-01T00:00:00+00:00,2016-06-30T00:00:00+00:00,0.05412342592961261,0.05411891445054584,-0.021618246009865505,0.021370033826461743,0.6262108614859367
2016-07,tsmom_12m,12M,2.0,21,2016-07-01T00:00:00+00:00,2016-07-29T00:00:00+00:00,0.014159284151262774,0.014141530051969164,-0.020578949640722932,0.08826401915800564,0.5379468423279311
2016-08,tsmom_12m,12M,2.0,23,2016-08-01T00:00:00+00:00,2016-08-31T00:00:00+00:00,-0.01983090065580073,-0.019839486377533744,-0.024945425150343037,0.04382997956218493,0.581776821890116
2016-09,tsmom_12m,12M,2.0,22,2016-09-01T00:00:00+00:00,2016-09-30T00:00:00+00:00,0.0035372977814813744,0.003523267272222075,-0.01981651699847975,0.07008763589615064,0.6518644577862667
2016-10,tsmom_12m,12M,2.0,21,2016-10-03T00:00:00+00:00,2016-10-31T00:00:00+00:00,-0.022255311210718887,-0.022267155421511142,-0.03393094252881701,0.0604136437429863,0.7122781015292526
2016-11,tsmom_12m,12M,2.0,22,2016-11-01T00:00:00+00:00,2016-11-30T00:00:00+00:00,-0.05937605747439745,-0.059379567262106914,-0.07436421167013563,0.018789094313719112,0.7310671958429719
2016-12,tsmom_12m,12M,2.0,21,2016-12-01T00:00:00+00:00,2016-12-30T00:00:00+00:00,-0.013459451471497075,-0.013464525685417894,-0.0295309311607852,0.0256940415368615,0.7053731543061105
2017-01,tsmom_12m,12M,2.0,21,2017-01-03T00:00:00+00:00,2017-01-31T00:00:00+00:00,0.039304253053402016,0.039294425055946824,-0.018490337887253516,0.047497919567026425,0.752871073873137
2017-02,tsmom_12m,12M,2.0,20,2017-02-01T00:00:00+00:00,2017-02-28T00:00:00+00:00,0.02344432059496926,0.023437368364686018,-0.010537814831178549,0.03394613139398173,0.7868172052671184
2017-03,tsmom_12m,12M,2.0,23,2017-03-01T00:00:00+00:00,2017-03-31T00:00:00+00:00,-0.0006646102720984093,-0.0006741320008808449,-0.034471442969281174,0.0476928475362256,0.8345100528033443
2017-04,tsmom_12m,12M,2.0,19,2017-04-03T00:00:00+00:00,2017-04-28T00:00:00+00:00,0.015482133706090861,0.015475593312340719,-0.017363620500208232,0.0323734781809103,0.8668835309842543
2017-05,tsmom_12m,12M,2.0,23,2017-05-01T00:00:00+00:00,2017-05-31T00:00:00+00:00,-0.000398448884806446,-0.0007505617728105207,-0.03592460624983829,1.7760987365140064,0.9092152055297518
2017-06,tsmom_12m,12M,2.0,22,2017-06-01T00:00:00+00:00,2017-06-30T00:00:00+00:00,-0.018502304106710388,-0.018857309566488234,-0.03754712670206983,1.8047228121128922,0.8955076065831405
2017-07,tsmom_12m,12M,2.0,21,2017-07-03T00:00:00+00:00,2017-07-31T00:00:00+00:00,-0.018793967175935955,-0.019150271008068098,-0.042611156755747004,1.8455318473429037,0.9500242407597634
2017-08,tsmom_12m,12M,2.0,23,2017-08-01T00:00:00+00:00,2017-08-31T00:00:00+00:00,-0.041941408272228475,-0.041946967241179856,-0.04800555543002738,0.028877102367292795,0.9789013431270561
2017-09,tsmom_12m,12M,2.0,20,2017-09-01T00:00:00+00:00,2017-09-29T00:00:00+00:00,-0.028469604168381513,-0.02885297759696781,-0.04945333672350327,1.9853540962108835,1.0064527530838274
2017-10,tsmom_12m,12M,2.0,22,2017-10-02T00:00:00+00:00,2017-10-31T00:00:00+00:00,0.0100512402838151,0.009659501130945713,-0.022953653785878103,1.9520494259845518,0.9455966729007241
2017-11,tsmom_12m,12M,2.0,21,2017-11-01T00:00:00+00:00,2017-11-30T00:00:00+00:00,-0.0032802852447381126,-0.003292082552724507,-0.02165668227801898,0.05886250880022603,1.0044591817009507
2017-12,tsmom_12m,12M,2.0,20,2017-12-01T00:00:00+00:00,2017-12-29T00:00:00+00:00,0.026948984548870403,0.026549106588302784,-0.027592909357728956,1.95506250557826,0.9506033238773096
2018-01,tsmom_12m,12M,2.0,21,2018-01-02T00:00:00+00:00,2018-01-31T00:00:00+00:00,0.022792950322506833,0.022781915525731167,-0.020274377005637056,0.05422595073873915,1.004829274616049
2018-02,tsmom_12m,12M,2.0,19,2018-02-01T00:00:00+00:00,2018-02-28T00:00:00+00:00,-0.01590963905149201,-0.01591051873937388,-0.029802213360106355,0.004499533425884383,1.009328808041933
2018-03,tsmom_12m,12M,2.0,21,2018-03-01T00:00:00+00:00,2018-03-29T00:00:00+00:00,0.0034771775023727525,0.0034598011770592407,-0.02195702677854605,0.08581004432005113,0.9235187637218822
2018-04,tsmom_12m,12M,2.0,21,2018-04-02T00:00:00+00:00,2018-04-30T00:00:00+00:00,-0.0023470598950342536,-0.0023547599305628886,-0.027398122940369918,0.03921249244746683,0.8843062712744152
2018-05,tsmom_12m,12M,2.0,22,2018-05-01T00:00:00+00:00,2018-05-31T00:00:00+00:00,-0.012660125564134317,-0.012661668453772812,-0.021818530878453646,0.007748989568865161,0.8765572817055503
2018-06,tsmom_12m,12M,2.0,21,2018-06-01T00:00:00+00:00,2018-06-29T00:00:00+00:00,-0.032283426686239514,-0.032291838072892265,-0.040336479582427476,0.043297000055773305,0.9198542817613234
2018-07,tsmom_12m,12M,2.0,21,2018-07-02T00:00:00+00:00,2018-07-31T00:00:00+00:00,-0.023567025167091527,-0.023574913847549506,-0.02919751562331674,0.03999978337380328,0.9598540651351264
2018-08,tsmom_12m,12M,2.0,23,2018-08-01T00:00:00+00:00,2018-08-31T00:00:00+00:00,0.013371135804828516,0.012971536074295242,-0.027302449153827957,1.9811799435789075,1.0213258784437813
2018-09,tsmom_12m,12M,2.0,19,2018-09-04T00:00:00+00:00,2018-09-28T00:00:00+00:00,0.008305442981644484,0.008300796985888814,-0.01021473128352235,0.023183464380068686,0.9981424140637121
2018-10,tsmom_12m,12M,2.0,23,2018-10-01T00:00:00+00:00,2018-10-31T00:00:00+00:00,-0.01816411351655256,-0.0181771170542967,-0.04251496886598427,0.06648574160629728,1.06462815567001
2018-11,tsmom_12m,12M,2.0,21,2018-11-01T00:00:00+00:00,2018-11-30T00:00:00+00:00,-0.009352078852428614,-0.009376252812391517,-0.022563605064042536,0.11977161791834712,0.9448565377516622
2018-12,tsmom_12m,12M,2.0,20,2018-12-03T00:00:00+00:00,2018-12-31T00:00:00+00:00,-0.04122250460883081,-0.04122328672030895,-0.03231700327945941,0.004036123968779171,0.9408204137828833
2019-01,tsmom_12m,12M,2.0,21,2019-01-02T00:00:00+00:00,2019-01-31T00:00:00+00:00,-0.033010600679586055,-0.03301776277952673,-0.033861843356359334,0.03695385185738165,0.9777742656402646
2019-02,tsmom_12m,12M,2.0,19,2019-02-01T00:00:00+00:00,2019-02-28T00:00:00+00:00,0.0064520390568687525,0.006439622972641779,-0.028105068363363017,0.06183245038916452,1.0396067160294293
2019-03,tsmom_12m,12M,2.0,21,2019-03-01T00:00:00+00:00,2019-03-29T00:00:00+00:00,0.012501436024883184,0.012496348880575159,-0.034422547564506245,0.025448818335831902,1.0141578976935972
2019-04,tsmom_12m,12M,2.0,21,2019-04-01T00:00:00+00:00,2019-04-30T00:00:00+00:00,0.008847109674927855,0.00883289290971101,-0.014214076065371728,0.07068059696495099,0.9434773007286462
2019-05,tsmom_12m,12M,2.0,22,2019-05-01T00:00:00+00:00,2019-05-31T00:00:00+00:00,-0.01618656549028008,-0.016197461409841685,-0.026569441863659726,0.05544048022279857,0.9989177809514449
2019-06,tsmom_12m,12M,2.0,20,2019-06-03T00:00:00+00:00,2019-06-28T00:00:00+00:00,0.08657772760425364,0.08614097557715472,-0.013060038089095949,2.0453533328402584,1.0464355518888133
2019-07,tsmom_12m,12M,2.0,22,2019-07-01T00:00:00+00:00,2019-07-31T00:00:00+00:00,0.007315146933306149,0.0072700113225310226,-0.012143725687596807,0.22084675218005323,0.8255887997087605
2019-08,tsmom_12m,12M,2.0,22,2019-08-01T00:00:00+00:00,2019-08-30T00:00:00+00:00,0.061784070775513955,0.06177772267091508,-0.012690669325884918,0.03000656535032764,0.855595365059088
2019-09,tsmom_12m,12M,2.0,20,2019-09-03T00:00:00+00:00,2019-09-30T00:00:00+00:00,-0.029174945521709073,-0.029187261768597983,-0.04449246140635188,0.0643015563713083,0.7912938086877797
2019-10,tsmom_12m,12M,2.0,23,2019-10-01T00:00:00+00:00,2019-10-31T00:00:00+00:00,0.02172619583904134,0.021720485395305467,-0.015282327584522304,0.02817818166281394,0.7631156270249658
2019-11,tsmom_12m,12M,2.0,20,2019-11-01T00:00:00+00:00,2019-11-29T00:00:00+00:00,-0.022011932774550935,-0.022017702318133048,-0.03032072402025543,0.029444531235913063,0.7925601582608787
2019-12,tsmom_12m,12M,2.0,21,2019-12-02T00:00:00+00:00,2019-12-31T00:00:00+00:00,0.027987222611495,0.02798176568253541,-0.010760578200918802,0.026490148346464126,0.819050306607343
2020-01,tsmom_12m,12M,2.0,21,2020-01-02T00:00:00+00:00,2020-01-31T00:00:00+00:00,0.034862467881925596,0.03484806540020857,-0.016778280757553166,0.06978949692236702,0.8888398035297099
2020-02,tsmom_12m,12M,2.0,19,2020-02-03T00:00:00+00:00,2020-02-28T00:00:00+00:00,-0.009376939101024329,-0.00938468545387583,-0.06089245812629773,0.039086927337238286,0.9279267308669481
2020-03,tsmom_12m,12M,2.0,22,2020-03-02T00:00:00+00:00,2020-03-31T00:00:00+00:00,0.017139301352351755,0.0171232780738948,-0.10070927654958495,0.07996433950387993,0.8479623913630685
2020-04,tsmom_12m,12M,2.0,21,2020-04-01T00:00:00+00:00,2020-04-30T00:00:00+00:00,0.02364918134133065,0.023553912756260065,-0.017719243139508678,0.46475728727756616,0.3832051040855021
2020-05,tsmom_12m,12M,2.0,20,2020-05-01T00:00:00+00:00,2020-05-29T00:00:00+00:00,0.009804110260774657,0.009803710199397742,-0.011002346522033468,0.0019838724470018776,0.3812212316385003
2020-06,tsmom_12m,12M,2.0,22,2020-06-01T00:00:00+00:00,2020-06-30T00:00:00+00:00,0.01541666714501222,0.015409232082925772,-0.016107239074060087,0.03672894216710221,0.4179501738056024
2020-07,tsmom_12m,12M,2.0,22,2020-07-01T00:00:00+00:00,2020-07-31T00:00:00+00:00,0.04073873805779571,0.04072985628678727,-0.005125721814051021,0.042445744773451144,0.4603959185790535
2020-08,tsmom_12m,12M,2.0,21,2020-08-03T00:00:00+00:00,2020-08-31T00:00:00+00:00,0.004755572121130092,0.004745642167928832,-0.033618826284225745,0.04956755059161333,0.509963469170667
2020-09,tsmom_12m,12M,2.0,21,2020-09-01T00:00:00+00:00,2020-09-30T00:00:00+00:00,-0.019621238555765808,-0.01962948089971106,-0.02681196298038857,0.042039510874105956,0.46792395829656097
2020-10,tsmom_12m,12M,2.0,22,2020-10-01T00:00:00+00:00,2020-10-30T00:00:00+00:00,-0.003939882143628726,-0.003946511257442165,-0.016046861791960687,0.03345975895416564,0.5013837172507267
2020-11,tsmom_12m,12M,2.0,20,2020-11-02T00:00:00+00:00,2020-11-30T00:00:00+00:00,-0.028752413433589696,-0.02876185400669551,-0.04868028685659498,0.048779451154778664,0.5501631684055054
2020-12,tsmom_12m,12M,2.0,22,2020-12-01T00:00:00+00:00,2020-12-31T00:00:00+00:00,0.031850081577375455,0.031840037853152925,-0.011448299236059944,0.049188769468388016,0.5009743989371173
2021-01,tsmom_12m,12M,2.0,19,2021-01-04T00:00:00+00:00,2021-01-29T00:00:00+00:00,-0.012555431535618777,-0.012564352040445592,-0.03504533887304728,0.04584086477646354,0.5468152637135809
2021-02,tsmom_12m,12M,2.0,19,2021-02-01T00:00:00+00:00,2021-02-26T00:00:00+00:00,-0.03476452568389021,-0.034768486668305454,-0.03848346377444689,0.020597588630264063,0.5262176750833166
2021-03,tsmom_12m,12M,2.0,23,2021-03-01T00:00:00+00:00,2021-03-31T00:00:00+00:00,-0.003924295344920892,-0.00392749222361688,-0.017479558928209293,0.016018175323598283,0.5422358504069148
2021-04,tsmom_12m,12M,2.0,21,2021-04-01T00:00:00+00:00,2021-04-30T00:00:00+00:00,0.01740585080429402,0.01739965373471719,-0.008320828791535062,0.030585407674809995,0.5728212580817248
2021-05,tsmom_12m,12M,2.0,20,2021-05-03T00:00:00+00:00,2021-05-28T00:00:00+00:00,0.04692715946828696,0.046916923498925955,-0.005485836800983135,0.04930041153862974,0.6221216696203549
2021-06,tsmom_12m,12M,2.0,22,2021-06-01T00:00:00+00:00,2021-06-30T00:00:00+00:00,-0.04597450847863638,-0.04598271784390995,-0.05129839150252602,0.04306248149991343,0.6651841511202682
2021-07,tsmom_12m,12M,2.0,21,2021-07-01T00:00:00+00:00,2021-07-30T00:00:00+00:00,-0.014308967798214556,-0.014561727249984724,-0.01865412846478065,1.2798302808547963,0.6146461297345279
2021-08,tsmom_12m,12M,2.0,22,2021-08-02T00:00:00+00:00,2021-08-31T00:00:00+00:00,-0.003271637273971395,-0.0032865962394768022,-0.036017585600856994,0.07476633695889723,0.6894124666934255
2021-09,tsmom_12m,12M,2.0,21,2021-09-01T00:00:00+00:00,2021-09-30T00:00:00+00:00,0.02222373461169913,0.022221177167472295,-0.013397218189759474,0.012518999856569901,0.6768934668368554
2021-10,tsmom_12m,12M,2.0,21,2021-10-01T00:00:00+00:00,2021-10-29T00:00:00+00:00,-0.010985710982404528,-0.010987472951430544,-0.019970518918284053,0.0089028349509932,0.6857963017878485
2021-11,tsmom_12m,12M,2.0,22,2021-11-01T00:00:00+00:00,2021-11-30T00:00:00+00:00,0.001818400832477307,0.0018129379390117162,-0.04131726186605944,0.02713522226860221,0.7129315240564508
1986-11,composite_1_3_12m,Composite,0.0,19,1986-11-03T00:00:00+00:00,1986-11-28T00:00:00+00:00,-0.0038155269641682032,-0.0038155269641682032,-0.012436207233711638,0.15178535776260005,0.15178535776260008
1986-12,composite_1_3_12m,Composite,0.0,21,1986-12-01T00:00:00+00:00,1986-12-31T00:00:00+00:00,0.004760527674525505,0.004760527674525505,-0.002723943252788019,0.0009273135242118813,0.15271267128681196
1987-01,composite_1_3_12m,Composite,0.0,21,1987-01-02T00:00:00+00:00,1987-01-30T00:00:00+00:00,0.0010799392832729904,0.0010799392832729904,-0.007338108457967896,0.019056323599740577,0.17176899488655248
1987-02,composite_1_3_12m,Composite,0.0,19,1987-02-02T00:00:00+00:00,1987-02-27T00:00:00+00:00,-0.001576416082511245,-0.001576416082511245,-0.02047557710023673,0.3183419350561799,0.49011092994273237
1987-03,composite_1_3_12m,Composite,0.0,22,1987-03-02T00:00:00+00:00,1987-03-31T00:00:00+00:00,0.006434971375004039,0.006434971375004039,-0.002993332522087,0.3189271445946421,0.1711837853480903
1987-04,composite_1_3_12m,Composite,0.0,21,1987-04-01T00:00:00+00:00,1987-04-30T00:00:00+00:00,0.04488069376668724,0.04488069376668724,-0.02352027057237771,0.3902872890848236,0.5614710744329139
1987-05,composite_1_3_12m,Composite,0.0,20,1987-05-01T00:00:00+00:00,1987-05-29T00:00:00+00:00,-0.00014448059576932515,-0.00014448059576932515,-0.0300900489809951,0.08434260548183947,0.4771284689510743
1987-06,composite_1_3_12m,Composite,0.0,22,1987-06-01T00:00:00+00:00,1987-06-30T00:00:00+00:00,-0.0011472410574313585,-0.0011472410574313585,-0.009607836697970273,0.31641209367770307,0.16071637527337132
1987-07,composite_1_3_12m,Composite,0.0,22,1987-07-01T00:00:00+00:00,1987-07-31T00:00:00+00:00,0.008372543708736746,0.008372543708736746,-0.002234226433711295,0.0060814473351774034,0.16679782260854872
1987-08,composite_1_3_12m,Composite,0.0,21,1987-08-03T00:00:00+00:00,1987-08-31T00:00:00+00:00,-0.018708201655259216,-0.018708201655259216,-0.034098498987496395,0.382048123691617,0.5488459463001656
1987-09,composite_1_3_12m,Composite,0.0,21,1987-09-01T00:00:00+00:00,1987-09-30T00:00:00+00:00,0.00014399326731284745,0.00014399326731284745,-0.0056065400646923,0.36744551184988833,0.1814004344502774
1987-10,composite_1_3_12m,Composite,0.0,22,1987-10-01T00:00:00+00:00,1987-10-30T00:00:00+00:00,0.016459195179727715,0.016459195179727715,-0.02365708541836531,0.4152974506098392,0.5966978850601166
1987-11,composite_1_3_12m,Composite,0.0,20,1987-11-02T00:00:00+00:00,1987-11-30T00:00:00+00:00,0.010141876915281678,0.010141876915281678,-0.005243295238278933,0.4114704115566664,0.18522747350345012
1987-12,composite_1_3_12m,Composite,0.0,22,1987-12-01T00:00:00+00:00,1987-12-31T00:00:00+00:00,-0.009413833732099919,-0.009413833732099919,-0.020991208588680976,0.3890135375375132,0.5742410110409631
1988-01,composite_1_3_12m,Composite,0.0,20,1988-01-04T00:00:00+00:00,1988-01-29T00:00:00+00:00,-0.012698625328267377,-0.012698625328267377,-0.012460405674739938,0.3717541167910741,0.20248689424988925
1988-02,composite_1_3_12m,Composite,0.0,20,1988-02-01T00:00:00+00:00,1988-02-29T00:00:00+00:00,0.01202462798607784,0.01202462798607784,-0.0031349840500987103,0.407509173552539,0.2050222793026498
1988-03,composite_1_3_12m,Composite,0.0,23,1988-03-01T00:00:00+00:00,1988-03-31T00:00:00+00:00,-0.01141626008623442,-0.01141626008623442,-0.014063609504481711,0.011237013037497218,0.19378526626515255
1988-04,composite_1_3_12m,Composite,0.0,20,1988-04-04T00:00:00+00:00,1988-04-29T00:00:00+00:00,-0.0024061062425809743,-0.0024061062425809743,-0.0053869490855659174,0.40662137878455645,0.2128361125194039
1988-05,composite_1_3_12m,Composite,0.0,21,1988-05-02T00:00:00+00:00,1988-05-31T00:00:00+00:00,-0.011384996543362558,-0.011384996543362558,-0.02689717821775872,0.907919284213989,0.6950831716945849
1988-06,composite_1_3_12m,Composite,0.0,22,1988-06-01T00:00:00+00:00,1988-06-30T00:00:00+00:00,-0.03660730474158935,-0.03660730474158935,-0.05486137272156988,1.4548908791824755,0.7598077074878904
1988-07,composite_1_3_12m,Composite,0.0,20,1988-07-01T00:00:00+00:00,1988-07-29T00:00:00+00:00,-0.018509266977870475,-0.018509266977870475,-0.03620360062635497,1.5226861637763118,0.7628784562884215
1988-08,composite_1_3_12m,Composite,0.0,23,1988-08-01T00:00:00+00:00,1988-08-31T00:00:00+00:00,0.003502440091567305,0.003502440091567305,-0.0032156911868714833,0.5496011694727183,0.21327728681570338
1988-09,composite_1_3_12m,Composite,0.0,21,1988-09-01T00:00:00+00:00,1988-09-30T00:00:00+00:00,0.07312961064940704,0.07312961064940704,-0.007519913439982262,0.5230309676830905,0.7363082544987941
1988-10,composite_1_3_12m,Composite,0.0,21,1988-10-03T00:00:00+00:00,1988-10-31T00:00:00+00:00,-0.02923177303857849,-0.02923177303857849,-0.024281215182519356,0.008097146107629571,0.7444054006064234
1988-11,composite_1_3_12m,Composite,0.0,20,1988-11-01T00:00:00+00:00,1988-11-30T00:00:00+00:00,-0.009199730452249755,-0.009199730452249755,-0.009889464171324747,0.48152523224732435,0.2628801683590991
1988-12,composite_1_3_12m,Composite,0.0,21,1988-12-01T00:00:00+00:00,1988-12-30T00:00:00+00:00,0.010674453546127172,0.010674453546127172,-0.004994738001869892,0.0014093017151501352,0.2642894700742493
1989-01,composite_1_3_12m,Composite,0.0,21,1989-01-03T00:00:00+00:00,1989-01-31T00:00:00+00:00,0.01059340403750575,0.01059340403750575,-0.003859110219101125,0.004181061000976871,0.26010840907327226
1989-02,composite_1_3_12m,Composite,0.0,19,1989-02-01T00:00:00+00:00,1989-02-28T00:00:00+00:00,0.011335114748714403,0.011335114748714403,-0.021638839415374034,0.6085447442536432,0.8686531533269156
1989-03,composite_1_3_12m,Composite,0.0,22,1989-03-01T00:00:00+00:00,1989-03-31T00:00:00+00:00,-0.0005025625440749915,-0.0005025625440749915,-0.030495792639758323,0.009926008841219192,0.8785791621681347
1989-04,composite_1_3_12m,Composite,0.0,20,1989-04-03T00:00:00+00:00,1989-04-28T00:00:00+00:00,0.019874752105637716,0.019874752105637716,-0.012965228183865696,0.05993162157009957,0.8186475405980354
1989-05,composite_1_3_12m,Composite,0.0,22,1989-05-01T00:00:00+00:00,1989-05-31T00:00:00+00:00,0.033121574333961235,0.033121574333961235,-0.01453905739906114,0.06768710410349876,0.8863346447015341
1989-06,composite_1_3_12m,Composite,0.0,22,1989-06-01T00:00:00+00:00,1989-06-30T00:00:00+00:00,-0.029972795636012073,-0.029972795636012073,-0.04819041106492272,0.025510277936454773,0.911844922637989
1989-07,composite_1_3_12m,Composite,0.0,20,1989-07-03T00:00:00+00:00,1989-07-31T00:00:00+00:00,-0.0011804689899063137,-0.0011804689899063137,-0.007731427723216555,0.6947408855365955,0.2171040371013933
1989-08,composite_1_3_12m,Composite,0.0,23,1989-08-01T00:00:00+00:00,1989-08-31T00:00:00+00:00,0.007087443511542224,0.007087443511542224,-0.0032843982829345864,0.016312889809807246,0.20079114729158604
1989-09,composite_1_3_12m,Composite,0.0,20,1989-09-01T00:00:00+00:00,1989-09-29T00:00:00+00:00,-0.012182612803571136,-0.012182612803571136,-0.018172394539670345,0.469610513222698,0.670401660514284
1989-10,composite_1_3_12m,Composite,0.0,22,1989-10-02T00:00:00+00:00,1989-10-31T00:00:00+00:00,-0.003849857633168474,-0.003849857633168474,-0.010754221496700467,0.42026297231879517,0.25013868819548885
1989-11,composite_1_3_12m,Composite,0.0,21,1989-11-01T00:00:00+00:00,1989-11-30T00:00:00+00:00,-0.027360110433406692,-0.027360110433406692,-0.029035109031352646,0.022412901619244474,0.2725515898147333
1989-12,composite_1_3_12m,Composite,0.0,20,1989-12-01T00:00:00+00:00,1989-12-29T00:00:00+00:00,-0.0070596772458053625,-0.0070596772458053625,-0.012542033075798487,0.5179240973451542,0.24537250753042086
1990-01,composite_1_3_12m,Composite,0.0,22,1990-01-02T00:00:00+00:00,1990-01-31T00:00:00+00:00,-0.007091009315412067,-0.007091009315412067,-0.015684344664176453,0.4683318093383637,0.2229593018079428
1990-02,composite_1_3_12m,Composite,0.0,19,1990-02-01T00:00:00+00:00,1990-02-28T00:00:00+00:00,-0.014194053507591287,-0.014194053507591287,-0.029252298077370176,0.8923620249914466,0.6694027231835037
1990-03,composite_1_3_12m,Composite,0.0,22,1990-03-01T00:00:00+00:00,1990-03-30T00:00:00+00:00,0.019555048027345423,0.019555048027345423,-0.006139985493728295,0.9011241631456732,0.23172143996216946
1990-04,composite_1_3_12m,Composite,0.0,20,1990-04-02T00:00:00+00:00,1990-04-30T00:00:00+00:00,0.004881664437319078,0.004881664437319078,-0.015687713740510034,0.321540597716536,0.5532620376787054
1990-05,composite_1_3_12m,Composite,0.0,22,1990-05-01T00:00:00+00:00,1990-05-31T00:00:00+00:00,0.0036987591628330208,0.0036987591628330208,-0.01116386259599833,0.054252037321444346,0.60751407500015
1990-06,composite_1_3_12m,Composite,0.0,21,1990-06-01T00:00:00+00:00,1990-06-29T00:00:00+00:00,0.004797819048313334,0.004797819048313334,-0.005930783421590147,0.4008079260627847,0.2067061489373651
1990-07,composite_1_3_12m,Composite,0.0,21,1990-07-02T00:00:00+00:00,1990-07-31T00:00:00+00:00,-0.03597889178088687,-0.03597889178088687,-0.04369440146530801,0.4733619793838566,0.6800681283212219
1990-08,composite_1_3_12m,Composite,0.0,22,1990-08-01T00:00:00+00:00,1990-08-31T00:00:00+00:00,0.01798226920872481,0.01798226920872481,-0.052913000584239867,1.335370164202569,0.6553020358813471
1990-09,composite_1_3_12m,Composite,0.0,19,1990-09-04T00:00:00+00:00,1990-09-28T00:00:00+00:00,0.02430637428234994,0.02430637428234994,-0.014375976299665139,0.15579785431083382,0.4995041815705134
1990-10,composite_1_3_12m,Composite,0.0,23,1990-10-01T00:00:00+00:00,1990-10-31T00:00:00+00:00,-0.03300303031186658,-0.03300303031186658,-0.04382308966332704,0.004660891409012602,0.5041650729795263
1990-11,composite_1_3_12m,Composite,0.0,21,1990-11-01T00:00:00+00:00,1990-11-30T00:00:00+00:00,0.0019481365697455733,0.0019481365697455733,-0.004209462334057945,0.3468576099405676,0.1573074630389585
1990-12,composite_1_3_12m,Composite,0.0,19,1990-12-03T00:00:00+00:00,1990-12-31T00:00:00+00:00,-0.00476184087509135,-0.00476184087509135,-0.01076344993035172,0.32744156617520387,0.17013410313624538
1991-01,composite_1_3_12m,Composite,0.0,22,1991-01-02T00:00:00+00:00,1991-01-31T00:00:00+00:00,0.011940911568267598,0.011940911568267598,-0.007740876642062577,0.0047910067619902075,0.17492510989823554
1991-02,composite_1_3_12m,Composite,0.0,19,1991-02-01T00:00:00+00:00,1991-02-28T00:00:00+00:00,-0.0010071131008566603,-0.0010071131008566603,-0.012949854247498283,0.26406065734313333,0.4389857672413689
1991-03,composite_1_3_12m,Composite,0.0,20,1991-03-01T00:00:00+00:00,1991-03-28T00:00:00+00:00,0.004243247429361219,0.004243247429361219,-0.00216745874592994,0.2762085394372962,0.1627772278040727
1991-04,composite_1_3_12m,Composite,0.0,22,1991-04-01T00:00:00+00:00,1991-04-30T00:00:00+00:00,0.0023726508575028227,0.0023726508575028227,-0.01014665050763841,0.3880323549006741,0.550809582704747
1991-05,composite_1_3_12m,Composite,0.0,22,1991-05-01T00:00:00+00:00,1991-05-31T00:00:00+00:00,-0.01284557770123329,-0.01284557770123329,-0.019621429937323076,0.08780729867728021,0.6386168813820272
1991-06,composite_1_3_12m,Composite,0.0,20,1991-06-03T00:00:00+00:00,1991-06-28T00:00:00+00:00,-0.0034371191894253528,-0.0034371191894253528,-0.006957419608522808,0.4029993018481296,0.23561757953389745
1991-07,composite_1_3_12m,Composite,0.0,21,1991-07-01T00:00:00+00:00,1991-07-31T00:00:00+00:00,0.0017040012353257694,0.0017040012353257694,-0.015306096532423652,1.004577190577438,0.768959611043541
1991-08,composite_1_3_12m,Composite,0.0,22,1991-08-01T00:00:00+00:00,1991-08-30T00:00:00+00:00,-0.013859097391959008,-0.013859097391959008,-0.0134815918803739,0.48517566429985537,0.28378394674368557
1991-09,composite_1_3_12m,Composite,0.0,20,1991-09-03T00:00:00+00:00,1991-09-30T00:00:00+00:00,-0.01178093034354688,-0.01178093034354688,-0.023499488364346677,1.1910028333999838,0.9072188866562986
1991-10,composite_1_3_12m,Composite,0.0,23,1991-10-01T00:00:00+00:00,1991-10-31T00:00:00+00:00,-0.0020328224005902173,-0.0020328224005902173,-0.007748556700690856,0.5858030377663123,0.3214158488899861
1991-11,composite_1_3_12m,Composite,0.0,20,1991-11-01T00:00:00+00:00,1991-11-29T00:00:00+00:00,-0.01129632275912007,-0.01129632275912007,-0.016045476773700162,0.03205249482052641,0.35346834371051267
1991-12,composite_1_3_12m,Composite,0.0,21,1991-12-02T00:00:00+00:00,1991-12-31T00:00:00+00:00,-0.015620361188578125,-0.015620361188578125,-0.017716126140832733,0.7159020450124747,0.36243370130196223
1992-01,composite_1_3_12m,Composite,0.0,22,1992-01-02T00:00:00+00:00,1992-01-31T00:00:00+00:00,-0.011364350589096128,-0.011364350589096128,-0.025107760114583266,1.3750769495385473,1.0126432482365855
1992-02,composite_1_3_12m,Composite,0.0,19,1992-02-03T00:00:00+00:00,1992-02-28T00:00:00+00:00,0.004488139945156622,0.004488139945156622,-0.004241017274019265,0.6744650023127511,0.33817824592383416
1992-03,composite_1_3_12m,Composite,0.0,22,1992-03-02T00:00:00+00:00,1992-03-31T00:00:00+00:00,0.026247570006474596,0.026247570006474596,-0.021916999320728214,0.7388543715763006,1.0770326175001346
1992-04,composite_1_3_12m,Composite,0.0,21,1992-04-01T00:00:00+00:00,1992-04-30T00:00:00+00:00,0.024975473404579063,0.024975473404579063,-0.015830003329284525,0.061127695317116704,1.1381603128172517
1992-05,composite_1_3_12m,Composite,0.0,20,1992-05-01T00:00:00+00:00,1992-05-29T00:00:00+00:00,-0.0019695910190583588,-0.0019695910190583588,-0.0145170509153697,0.028219202586547087,1.1663795154037984
1992-06,composite_1_3_12m,Composite,0.0,22,1992-06-01T00:00:00+00:00,1992-06-30T00:00:00+00:00,-0.0076202050871007065,-0.0076202050871007065,-0.008069371411627446,0.7367670055153601,0.42961250988843835
1992-07,composite_1_3_12m,Composite,0.0,22,1992-07-01T00:00:00+00:00,1992-07-31T00:00:00+00:00,-0.021971859661112703,-0.021971859661112703,-0.022246980826982732,0.026821651424656867,0.45643416131309544
1992-08,composite_1_3_12m,Composite,0.0,21,1992-08-03T00:00:00+00:00,1992-08-31T00:00:00+00:00,-0.018935836372864,-0.018935836372864,-0.02319015934961577,0.8803014280361856,0.4238672667230905
1992-09,composite_1_3_12m,Composite,0.0,21,1992-09-01T00:00:00+00:00,1992-09-30T00:00:00+00:00,-0.004177134525624182,-0.004177134525624182,-0.011698678129196782,0.7632796115284162,0.3394123448053258
1992-10,composite_1_3_12m,Composite,0.0,22,1992-10-01T00:00:00+00:00,1992-10-30T00:00:00+00:00,-0.008979689182709083,-0.008979689182709083,-0.01371124560858461,0.6762666755034616,0.336854330698136
1992-11,composite_1_3_12m,Composite,0.0,20,1992-11-02T00:00:00+00:00,1992-11-30T00:00:00+00:00,0.014096435421451892,0.014096435421451892,-0.017151590515568138,1.3939777373486892,1.0571234066505535
1992-12,composite_1_3_12m,Composite,0.0,22,1992-12-01T00:00:00+00:00,1992-12-31T00:00:00+00:00,0.00784802374389848,0.00784802374389848,-0.015940118048267338,0.08402686308499563,1.1411502697355485
1993-01,composite_1_3_12m,Composite,0.0,20,1993-01-04T00:00:00+00:00,1993-01-29T00:00:00+00:00,0.0085289600545837,0.0085289600545837,-0.015532559419862202,0.10495796268848445,1.2461082324240338
1993-02,composite_1_3_12m,Composite,0.0,19,1993-02-01T00:00:00+00:00,1993-02-26T00:00:00+00:00,0.005543194613909064,0.005543194613909064,-0.018988040779776894,0.060623969247141085,1.3067322016711744
1993-03,composite_1_3_12m,Composite,0.0,23,1993-03-01T00:00:00+00:00,1993-03-31T00:00:00+00:00,-0.03865323392157671,-0.03865323392157671,-0.046686463749034735,0.035133216544874335,1.2715989851262999
1993-04,composite_1_3_12m,Composite,0.0,21,1993-04-01T00:00:00+00:00,1993-04-30T00:00:00+00:00,0.022750975632809256,0.022750975632809256,-0.00522309333716553,1.7066994836404201,0.4351004985141201
1993-05,composite_1_3_12m,Composite,0.0,20,1993-05-03T00:00:00+00:00,1993-05-28T00:00:00+00:00,0.07186315977315738,0.07186315977315738,-0.010860098402882934,0.6740971194452083,1.1091976179593284
1993-06,composite_1_3_12m,Composite,0.0,22,1993-06-01T00:00:00+00:00,1993-06-30T00:00:00+00:00,-0.0025254664857808917,-0.0025254664857808917,-0.028275368220239128,0.21098178083230468,0.8982158371270235
1993-07,composite_1_3_12m,Composite,0.0,21,1993-07-01T00:00:00+00:00,1993-07-30T00:00:00+00:00,0.023277504440530672,0.023277504440530672,-0.0058686523497625265,0.6176129866371695,0.2806028504898543
1993-08,composite_1_3_12m,Composite,0.0,22,1993-08-02T00:00:00+00:00,1993-08-31T00:00:00+00:00,-0.0703631480919934,-0.0703631480919934,-0.0784402282069534,0.5296418321243802,0.8102446826142343
1993-09,composite_1_3_12m,Composite,0.0,21,1993-09-01T00:00:00+00:00,1993-09-30T00:00:00+00:00,0.009662633084122518,0.009662633084122518,-0.011486808450675179,1.0108470682089283,0.20060238559469384
1993-10,composite_1_3_12m,Composite,0.0,21,1993-10-01T00:00:00+00:00,1993-10-29T00:00:00+00:00,-0.0061459726916518465,-0.0061459726916518465,-0.009348558858748302,0.024041472850419382,0.17656091274427452
1993-11,composite_1_3_12m,Composite,0.0,20,1993-11-01T00:00:00+00:00,1993-11-30T00:00:00+00:00,0.0013575370596421443,0.0013575370596421443,-0.004022748950636368,0.3746682376898918,0.19810732494561734
1993-12,composite_1_3_12m,Composite,0.0,21,1993-12-01T00:00:00+00:00,1993-12-30T00:00:00+00:00,0.010973415908678952,0.010973415908678952,-0.0020173640304991247,0.008932757428546961,0.20704008237416432
1994-01,composite_1_3_12m,Composite,0.0,21,1994-01-03T00:00:00+00:00,1994-01-31T00:00:00+00:00,-0.014473098611332613,-0.014473098611332613,-0.028077447707245184,0.48017037475265056,0.6872104571268148
1994-02,composite_1_3_12m,Composite,0.0,19,1994-02-01T00:00:00+00:00,1994-02-28T00:00:00+00:00,-0.0006111306603899802,-0.0006111306603899802,-0.007182908434133384,0.4446060047753245,0.24260445235149034
1994-03,composite_1_3_12m,Composite,0.0,23,1994-03-01T00:00:00+00:00,1994-03-31T00:00:00+00:00,0.007870188321187355,0.007870188321187355,-0.003403641077151187,0.010994462028165647,0.2535989143796559
1994-04,composite_1_3_12m,Composite,0.0,19,1994-04-04T00:00:00+00:00,1994-04-29T00:00:00+00:00,-0.03295662009145828,-0.03295662009145828,-0.03366196674324562,0.5320741959602479,0.7856731103399038
1994-05,composite_1_3_12m,Composite,0.0,21,1994-05-02T00:00:00+00:00,1994-05-31T00:00:00+00:00,-0.008697373687482357,-0.008697373687482357,-0.01087186490826264,1.0536987693794713,0.26802565903956743
1994-06,composite_1_3_12m,Composite,0.0,22,1994-06-01T00:00:00+00:00,1994-06-30T00:00:00+00:00,-0.005525017445689895,-0.005525017445689895,-0.020481171912361762,1.0791673352717222,0.8111416762321546
1994-07,composite_1_3_12m,Composite,0.0,20,1994-07-01T00:00:00+00:00,1994-07-29T00:00:00+00:00,-0.0014620476579506603,-0.0014620476579506603,-0.007094892536609776,1.0817567250731455,0.2706150488409909
1994-08,composite_1_3_12m,Composite,0.0,23,1994-08-01T00:00:00+00:00,1994-08-31T00:00:00+00:00,0.0012080684402677733,0.0012080684402677733,-0.005748137871407932,0.553065637239671,0.28245058839868004
1994-09,composite_1_3_12m,Composite,0.0,21,1994-09-01T00:00:00+00:00,1994-09-30T00:00:00+00:00,0.016405247826077884,0.016405247826077884,-0.00929056583554111,0.6602350605805063,0.9426856489791863
1994-10,composite_1_3_12m,Composite,0.0,21,1994-10-03T00:00:00+00:00,1994-10-31T00:00:00+00:00,-0.03300111354279445,-0.03300111354279445,-0.034506976759437036,0.09086439665375612,1.0335500456329425
1994-11,composite_1_3_12m,Composite,0.0,20,1994-11-01T00:00:00+00:00,1994-11-30T00:00:00+00:00,0.00035701721536507414,0.00035701721536507414,-0.004110630465435805,1.4191821156453932,0.3856320700124506
1994-12,composite_1_3_12m,Composite,0.0,21,1994-12-01T00:00:00+00:00,1994-12-30T00:00:00+00:00,3.5765969200518555e-05,3.5765969200518555e-05,-0.0069973510747664,0.03794307879304132,0.42357514880549196
1995-01,composite_1_3_12m,Composite,0.0,21,1995-01-03T00:00:00+00:00,1995-01-31T00:00:00+00:00,0.02255454264601564,0.02255454264601564,-0.047312736324766846,0.9523775980283686,1.3759527468338606
1995-02,composite_1_3_12m,Composite,0.0,19,1995-02-01T00:00:00+00:00,1995-02-28T00:00:00+00:00,-0.001955693937460312,-0.001955693937460312,-0.012598638648941174,0.23585658899124828,1.1400961578426125
1995-03,composite_1_3_12m,Composite,0.0,23,1995-03-01T00:00:00+00:00,1995-03-31T00:00:00+00:00,-0.01773380229607835,-0.01773380229607835,-0.02004776099368588,0.7147252933193868,0.4253708645232254
1995-04,composite_1_3_12m,Composite,0.0,19,1995-04-03T00:00:00+00:00,1995-04-28T00:00:00+00:00,-0.012148523367303321,-0.012148523367303321,-0.02040409220523931,1.2524009766442994,0.827030112121074
1995-05,composite_1_3_12m,Composite,0.0,22,1995-05-01T00:00:00+00:00,1995-05-31T00:00:00+00:00,-0.0008641001079864319,-0.0008641001079864319,-0.010336432490195335,0.4304964091646983,0.39653370295637574
1995-06,composite_1_3_12m,Composite,0.0,22,1995-06-01T00:00:00+00:00,1995-06-30T00:00:00+00:00,0.0020433608913468237,0.0020433608913468237,-0.007615023277987021,0.8087959782706274,0.4122622753142517
1995-07,composite_1_3_12m,Composite,0.0,19,1995-07-05T00:00:00+00:00,1995-07-31T00:00:00+00:00,-0.010847503939795278,-0.010847503939795278,-0.031316892788636475,0.9589309321183754,1.371193207432627
1995-08,composite_1_3_12m,Composite,0.0,23,1995-08-01T00:00:00+00:00,1995-08-31T00:00:00+00:00,0.0015624882342113455,0.0015624882342113455,-0.002137599936351653,0.9561494243719804,0.4150437830606467
1995-09,composite_1_3_12m,Composite,0.0,20,1995-09-01T00:00:00+00:00,1995-09-29T00:00:00+00:00,0.001120250601780448,0.001120250601780448,-0.020605460689794852,1.0090311665248366,1.4240749495854836
1995-10,composite_1_3_12m,Composite,0.0,22,1995-10-02T00:00:00+00:00,1995-10-31T00:00:00+00:00,0.0028834582704322376,0.0028834582704322376,-0.003967046289563236,0.9137239248003736,0.5103510247851096
1995-11,composite_1_3_12m,Composite,0.0,20,1995-11-01T00:00:00+00:00,1995-11-30T00:00:00+00:00,-0.02041707984805241,-0.02041707984805241,-0.03212948865489418,1.242501778283879,1.7528528030689887
1995-12,composite_1_3_12m,Composite,0.0,20,1995-12-01T00:00:00+00:00,1995-12-29T00:00:00+00:00,-0.0020669329999557506,-0.0020669329999557506,-0.016384553433156923,3.319992394526084,1.5671395914570954
1996-01,composite_1_3_12m,Composite,0.0,21,1996-01-02T00:00:00+00:00,1996-01-31T00:00:00+00:00,0.030116849032423065,0.030116849032423065,-0.005924436417063528,0.9895202204934042,0.5776193709636909
1996-02,composite_1_3_12m,Composite,0.0,20,1996-02-01T00:00:00+00:00,1996-02-29T00:00:00+00:00,-0.026530780459306236,-0.026530780459306236,-0.06334907503737841,0.8940720666603879,1.4716914376240786
1996-03,composite_1_3_12m,Composite,0.0,21,1996-03-01T00:00:00+00:00,1996-03-29T00:00:00+00:00,-0.0027638237329900006,-0.0027638237329900006,-0.005840484228557874,1.0691304326708018,0.402561004953277
1996-04,composite_1_3_12m,Composite,0.0,21,1996-04-01T00:00:00+00:00,1996-04-30T00:00:00+00:00,-0.005132977332882094,-0.005132977332882094,-0.008916523149741007,0.016620399058843882,0.4191814040121209
1996-05,composite_1_3_12m,Composite,0.0,22,1996-05-01T00:00:00+00:00,1996-05-31T00:00:00+00:00,-0.0010644157511917607,-0.0010644157511917607,-0.003945056711788908,0.8614762538264604,0.44229484981433953
1996-06,composite_1_3_12m,Composite,0.0,20,1996-06-03T00:00:00+00:00,1996-06-28T00:00:00+00:00,-0.016134863062599925,-0.016134863062599925,-0.015148644123003319,0.9359794391889349,0.49368458937459536
1996-07,composite_1_3_12m,Composite,0.0,21,1996-07-01T00:00:00+00:00,1996-07-31T00:00:00+00:00,-0.04790511730337044,-0.04790511730337044,-0.0458383994771856,2.1231118553770227,1.6294272660024274
1996-08,composite_1_3_12m,Composite,0.0,22,1996-08-01T00:00:00+00:00,1996-08-30T00:00:00+00:00,-0.0024612998775542794,-0.0024612998775542794,-0.005059702606759919,2.1694491972119043,0.5400219312094768
1996-09,composite_1_3_12m,Composite,0.0,20,1996-09-03T00:00:00+00:00,1996-09-30T00:00:00+00:00,0.016657951075950583,0.016657951075950583,-0.0027742349969650526,1.1325911393161476,0.5925692081066709
1996-10,composite_1_3_12m,Composite,0.0,23,1996-10-01T00:00:00+00:00,1996-10-31T00:00:00+00:00,0.0066002841982237825,0.0066002841982237825,-0.02568623026837913,1.344364247634271,1.936933455740942
1996-11,composite_1_3_12m,Composite,0.0,19,1996-11-01T00:00:00+00:00,1996-11-27T00:00:00+00:00,0.021211164065359167,0.021211164065359167,-0.028371293593367874,0.04790609613763497,1.984839551878577
1996-12,composite_1_3_12m,Composite,0.0,21,1996-12-02T00:00:00+00:00,1996-12-31T00:00:00+00:00,0.030257233163412334,0.030257233163412334,-0.01370183065736763,0.026575122010606522,1.9582644298679694
1997-01,composite_1_3_12m,Composite,0.0,22,1997-01-02T00:00:00+00:00,1997-01-31T00:00:00+00:00,0.13184494042684936,0.13184494042684936,-0.03090230900927471,0.004059600846858968,1.96232403071483
1997-02,composite_1_3_12m,Composite,0.0,19,1997-02-03T00:00:00+00:00,1997-02-28T00:00:00+00:00,-0.06759545367420661,-0.06759545367420661,-0.08149551881953121,0.6862453778290922,1.276078652885737
1997-03,composite_1_3_12m,Composite,0.0,20,1997-03-03T00:00:00+00:00,1997-03-31T00:00:00+00:00,0.011507623354063412,0.011507623354063412,-0.006217618175142103,0.8960407809650082,0.38003787192072896
1997-04,composite_1_3_12m,Composite,0.0,22,1997-04-01T00:00:00+00:00,1997-04-30T00:00:00+00:00,0.03771309456554084,0.03771309456554084,-0.0047512410841253905,0.6366252789495863,1.016663150870315
1997-05,composite_1_3_12m,Composite,0.0,21,1997-05-01T00:00:00+00:00,1997-05-30T00:00:00+00:00,-0.020831162000682135,-0.020831162000682135,-0.02855312174264668,0.08554865581988458,1.1022118066901998
1997-06,composite_1_3_12m,Composite,0.0,19,1997-06-02T00:00:00+00:00,1997-06-30T00:00:00+00:00,0.012894634404857719,0.012894634404857719,-0.002630708107656643,0.7400536638682056,0.36215814282199416
1997-07,composite_1_3_12m,Composite,0.0,22,1997-07-01T00:00:00+00:00,1997-07-31T00:00:00+00:00,0.01963119966467808,0.01963119966467808,-0.04988893632253988,0.7416351890058841,1.1037933318278779
1997-08,composite_1_3_12m,Composite,0.0,21,1997-08-01T00:00:00+00:00,1997-08-29T00:00:00+00:00,0.002244430187298363,0.002244430187298363,-0.02565341065491966,0.2614875131815493,0.8423058186463291
1997-09,composite_1_3_12m,Composite,0.0,21,1997-09-02T00:00:00+00:00,1997-09-30T00:00:00+00:00,-0.02460336250041728,-0.02460336250041728,-0.037661596230621486,0.008101515487125566,0.8504073341334545
1997-10,composite_1_3_12m,Composite,0.0,23,1997-10-01T00:00:00+00:00,1997-10-31T00:00:00+00:00,-0.02348252093189196,-0.02348252093189196,-0.027053349840535534,1.1668504696656015,0.3164431355321468
1997-11,composite_1_3_12m,Composite,0.0,18,1997-11-03T00:00:00+00:00,1997-11-26T00:00:00+00:00,0.0295517475628555,0.0295517475628555,-0.007244504566058074,0.9857632454798451,0.6693201099476983
1997-12,composite_1_3_12m,Composite,0.0,22,1997-12-01T00:00:00+00:00,1997-12-31T00:00:00+00:00,0.01984245476770674,0.01984245476770674,-0.03173766336299477,0.03826777140301463,0.707587881350713
1998-01,composite_1_3_12m,Composite,0.0,20,1998-01-02T00:00:00+00:00,1998-01-30T00:00:00+00:00,-0.03513794326434061,-0.03513794326434061,-0.06686705385645009,0.02538023044292681,0.6822076509077861
1998-02,composite_1_3_12m,Composite,0.0,19,1998-02-02T00:00:00+00:00,1998-02-27T00:00:00+00:00,0.0027559664030825104,0.0027559664030825104,-0.0049527100360172716,0.48483602867408787,0.19737162223369825
1998-03,composite_1_3_12m,Composite,0.0,22,1998-03-02T00:00:00+00:00,1998-03-31T00:00:00+00:00,-0.0023555298221196175,-0.0023555298221196175,-0.009458648429208738,0.012113926801230773,0.20948554903492908
1998-04,composite_1_3_12m,Composite,0.0,21,1998-04-01T00:00:00+00:00,1998-04-30T00:00:00+00:00,0.003469543001880959,0.003469543001880959,-0.0056103052443557955,0.43273931503323115,0.22325376599830207
1998-05,composite_1_3_12m,Composite,0.0,19,1998-05-01T00:00:00+00:00,1998-05-29T00:00:00+00:00,-0.010038379487872673,-0.010038379487872673,-0.008125421282663137,0.01613298927865886,0.2393867552769609
1998-06,composite_1_3_12m,Composite,0.0,22,1998-06-01T00:00:00+00:00,1998-06-30T00:00:00+00:00,-0.009256034830093518,-0.009256034830093518,-0.03646912193983398,0.9957116920567348,0.7563249367797737
1998-07,composite_1_3_12m,Composite,0.0,22,1998-07-01T00:00:00+00:00,1998-07-31T00:00:00+00:00,0.005917042090258562,0.005917042090258562,-0.004915560808002928,0.5224731750613492,0.23385176171842473
1998-08,composite_1_3_12m,Composite,0.0,21,1998-08-03T00:00:00+00:00,1998-08-31T00:00:00+00:00,0.030186561344736296,0.030186561344736296,-0.01197767556032403,0.5157944978070685,0.7496462595254931
1998-09,composite_1_3_12m,Composite,0.0,21,1998-09-01T00:00:00+00:00,1998-09-30T00:00:00+00:00,-0.052857283992150284,-0.052857283992150284,-0.04423862551931279,0.012476218048974808,0.762122477574468
1998-10,composite_1_3_12m,Composite,0.0,22,1998-10-01T00:00:00+00:00,1998-10-30T00:00:00+00:00,-0.004271646237626436,-0.004271646237626436,-0.0075619475229175,1.0071393535827318,0.24501687600826375
1998-11,composite_1_3_12m,Composite,0.0,19,1998-11-02T00:00:00+00:00,1998-11-30T00:00:00+00:00,-0.0013787084440348707,-0.0013787084440348707,-0.00832358635258057,0.5035361531846849,0.2585192771764212
1998-12,composite_1_3_12m,Composite,0.0,22,1998-12-01T00:00:00+00:00,1998-12-31T00:00:00+00:00,-0.005448859808983464,-0.005448859808983464,-0.009095735760176304,0.5322099755976728,0.2736906984212516
1999-01,composite_1_3_12m,Composite,0.0,19,1999-01-04T00:00:00+00:00,1999-01-29T00:00:00+00:00,0.0024920992694461575,0.0024920992694461575,-0.017521347119233366,1.1505403731575838,0.8768496747363322
1999-02,composite_1_3_12m,Composite,0.0,19,1999-02-01T00:00:00+00:00,1999-02-26T00:00:00+00:00,-0.000805675546695972,-0.000805675546695972,-0.010256065005036619,0.045199008919169725,0.9220486836555019
1999-03,composite_1_3_12m,Composite,0.0,23,1999-03-01T00:00:00+00:00,1999-03-31T00:00:00+00:00,0.007082015247267925,0.007082015247267925,-0.0086643518553432,0.598135226288924,0.32391345736657795
1999-04,composite_1_3_12m,Composite,0.0,21,1999-04-01T00:00:00+00:00,1999-04-30T00:00:00+00:00,-0.020202247771490822,-0.020202247771490822,-0.025532817739191915,0.6405884593856566,0.9645019167522344
1999-05,composite_1_3_12m,Composite,0.0,19,1999-05-03T00:00:00+00:00,1999-05-28T00:00:00+00:00,0.019443989401927597,0.019443989401927597,-0.0037200916531533457,0.6183417658466812,0.3461601509055534
1999-06,composite_1_3_12m,Composite,0.0,22,1999-06-01T00:00:00+00:00,1999-06-30T00:00:00+00:00,0.029745911431670713,0.029745911431670713,-0.013586320983666633,0.6100337261784372,0.9561938770839905
1999-07,composite_1_3_12m,Composite,0.0,21,1999-07-01T00:00:00+00:00,1999-07-30T00:00:00+00:00,0.017549652610804545,0.017549652610804545,-0.022682152492913055,0.04767955422713688,1.0038734313111275
1999-08,composite_1_3_12m,Composite,0.0,22,1999-08-02T00:00:00+00:00,1999-08-31T00:00:00+00:00,0.005173884328397271,0.005173884328397271,-0.022946423016167894,0.032456980859022266,0.9714164504521048
1999-09,composite_1_3_12m,Composite,0.0,21,1999-09-01T00:00:00+00:00,1999-09-30T00:00:00+00:00,-0.1589062198861888,-0.1589062198861888,-0.19394365666530633,0.07554972642650304,1.0469661768786085
1999-10,composite_1_3_12m,Composite,0.0,21,1999-10-01T00:00:00+00:00,1999-10-29T00:00:00+00:00,0.001669197625542962,0.001669197625542962,-0.0463139548519752,1.4597274107239373,0.4127612338453289
1999-11,composite_1_3_12m,Composite,0.0,20,1999-11-01T00:00:00+00:00,1999-11-30T00:00:00+00:00,-0.009365703283042204,-0.009365703283042204,-0.011719825960866737,0.011210597768177621,0.40155063607715136
1999-12,composite_1_3_12m,Composite,0.0,21,1999-12-01T00:00:00+00:00,1999-12-30T00:00:00+00:00,0.0014999106923818672,0.0014999106923818672,-0.0071798968387810636,0.5443598792676108,0.14280924319045937
2000-01,composite_1_3_12m,Composite,0.0,18,2000-01-04T00:00:00+00:00,2000-01-31T00:00:00+00:00,0.0017505535500501601,0.0017505535500501601,-0.0043590972930793725,0.014388913151054866,0.1571981563415142
2000-02,composite_1_3_12m,Composite,0.0,20,2000-02-01T00:00:00+00:00,2000-02-29T00:00:00+00:00,-0.01807035635515053,-0.01807035635515053,-0.05830646379845372,0.35641433695559865,0.513612493297113
2000-03,composite_1_3_12m,Composite,0.0,23,2000-03-01T00:00:00+00:00,2000-03-31T00:00:00+00:00,-0.017378790121999832,-0.017378790121999832,-0.020540197515424352,0.9124685042194906,0.39885601092237777
2000-04,composite_1_3_12m,Composite,0.0,19,2000-04-03T00:00:00+00:00,2000-04-28T00:00:00+00:00,0.010617593644943968,0.010617593644943968,-0.009997940500817704,0.8510209329270975,0.45216492200471975
2000-05,composite_1_3_12m,Composite,0.0,22,2000-05-01T00:00:00+00:00,2000-05-31T00:00:00+00:00,-0.0005290502157124788,-0.0005290502157124788,-0.01168927419101462,0.0556011442681516,0.5077660662728715
2000-06,composite_1_3_12m,Composite,0.0,22,2000-06-01T00:00:00+00:00,2000-06-30T00:00:00+00:00,0.011521880786231398,0.011521880786231398,-0.006134772677558797,0.697892309478515,0.19012624320564375
2000-07,composite_1_3_12m,Composite,0.0,19,2000-07-05T00:00:00+00:00,2000-07-31T00:00:00+00:00,-0.015818209303024133,-0.015818209303024133,-0.011741903090433325,0.36770252640745155,0.5578287696130954
2000-08,composite_1_3_12m,Composite,0.0,23,2000-08-01T00:00:00+00:00,2000-08-31T00:00:00+00:00,-0.0007047486401851044,-0.0007047486401851044,-0.0052530606435792215,0.3599779778253559,0.19785079178773934
2000-09,composite_1_3_12m,Composite,0.0,20,2000-09-01T00:00:00+00:00,2000-09-29T00:00:00+00:00,-0.004147986065309306,-0.004147986065309306,-0.006843532071535097,0.028917182764595928,0.2267679745523353
2000-10,composite_1_3_12m,Composite,0.0,22,2000-10-02T00:00:00+00:00,2000-10-31T00:00:00+00:00,0.027904331553642248,0.027904331553642248,-0.018006765355782606,0.9586177230019062,0.7318497484495708
2000-11,composite_1_3_12m,Composite,0.0,20,2000-11-01T00:00:00+00:00,2000-11-30T00:00:00+00:00,-0.01964791564210655,-0.01964791564210655,-0.02267740319178646,0.027045304727334574,0.7588950531769054
2000-12,composite_1_3_12m,Composite,0.0,20,2000-12-01T00:00:00+00:00,2000-12-29T00:00:00+00:00,-0.0004353007853278301,-0.0004353007853278301,-0.0058039691621822875,0.48046119981094726,0.27843385336595816
2001-01,composite_1_3_12m,Composite,0.0,21,2001-01-02T00:00:00+00:00,2001-01-31T00:00:00+00:00,0.005823171274570438,0.005823171274570438,-0.004603308920788307,0.008936979692653058,0.2873708330586113
2001-02,composite_1_3_12m,Composite,0.0,19,2001-02-01T00:00:00+00:00,2001-02-28T00:00:00+00:00,-3.583495273651316e-05,-3.583495273651316e-05,-0.013284436751381468,0.014949934165427059,0.3023207672240382
2001-03,composite_1_3_12m,Composite,0.0,22,2001-03-01T00:00:00+00:00,2001-03-30T00:00:00+00:00,0.026676274662005506,0.026676274662005506,-0.03625207595131463,0.5490829014007097,0.8514036686247479
2001-04,composite_1_3_12m,Composite,0.0,20,2001-04-02T00:00:00+00:00,2001-04-30T00:00:00+00:00,-0.016370438023954437,-0.016370438023954437,-0.028751679853631917,0.05461887474409399,0.796784793880654
2001-05,composite_1_3_12m,Composite,0.0,22,2001-05-01T00:00:00+00:00,2001-05-31T00:00:00+00:00,-0.0033594671534414866,-0.0033594671534414866,-0.023124442109092258,0.5224643703522154,0.2743204235284385
2001-06,composite_1_3_12m,Composite,0.0,21,2001-06-01T00:00:00+00:00,2001-06-29T00:00:00+00:00,-0.003569449845556405,-0.003569449845556405,-0.007996609564151269,0.07233897738862005,0.20198144613981847
2001-07,composite_1_3_12m,Composite,0.0,21,2001-07-02T00:00:00+00:00,2001-07-31T00:00:00+00:00,-0.001521831214871927,-0.001521831214871927,-0.003236224217684436,0.4046312252325359,0.2026497790927174
2001-08,composite_1_3_12m,Composite,0.0,23,2001-08-01T00:00:00+00:00,2001-08-31T00:00:00+00:00,-0.006234529764634789,-0.006234529764634789,-0.01005060578887551,0.4307710121702621,0.2281212330775447
2001-09,composite_1_3_12m,Composite,0.0,16,2001-09-04T00:00:00+00:00,2001-09-28T00:00:00+00:00,0.015457959969050084,0.015457959969050084,-0.0021017344498424073,0.4738560249531163,0.24573479187557157
2001-10,composite_1_3_12m,Composite,0.0,23,2001-10-01T00:00:00+00:00,2001-10-31T00:00:00+00:00,-0.029386044395175004,-0.029386044395175004,-0.03789762925308271,0.3923102927837139,0.6380450846592856
2001-11,composite_1_3_12m,Composite,0.0,20,2001-11-01T00:00:00+00:00,2001-11-30T00:00:00+00:00,-0.004505395813748758,-0.004505395813748758,-0.0071247288200328995,0.41196872699432474,0.22607635766496076
2001-12,composite_1_3_12m,Composite,0.0,19,2001-12-03T00:00:00+00:00,2001-12-31T00:00:00+00:00,-0.003874941765202977,-0.003874941765202977,-0.0073331570228836185,0.4789861404187381,0.25290978275377735
2002-01,composite_1_3_12m,Composite,0.0,21,2002-01-02T00:00:00+00:00,2002-01-31T00:00:00+00:00,0.0038161920584924847,0.0038161920584924847,-0.008686539836904261,0.5196978004430974,0.26678801768932014
2002-02,composite_1_3_12m,Composite,0.0,19,2002-02-01T00:00:00+00:00,2002-02-28T00:00:00+00:00,0.04084342065412905,0.04084342065412905,-0.03162404982547984,0.5469741184820165,0.8137621361713364
2002-03,composite_1_3_12m,Composite,0.0,20,2002-03-01T00:00:00+00:00,2002-03-28T00:00:00+00:00,0.01608452880734701,0.01608452880734701,-0.02010327167870174,0.09235610549983586,0.7214060306715007
2002-04,composite_1_3_12m,Composite,0.0,22,2002-04-01T00:00:00+00:00,2002-04-30T00:00:00+00:00,0.013651716533647162,0.013651716533647162,-0.018360341112858558,0.02859934555790955,0.7500053762294102
2002-05,composite_1_3_12m,Composite,0.0,22,2002-05-01T00:00:00+00:00,2002-05-31T00:00:00+00:00,0.046738547865611935,0.046738547865611935,-0.012424605648846843,0.04257958946370288,0.7925849656931131
2002-06,composite_1_3_12m,Composite,0.0,20,2002-06-03T00:00:00+00:00,2002-06-28T00:00:00+00:00,-0.03293891264008053,-0.03293891264008053,-0.03597305868500322,0.0003940499252502727,0.7929790156183636
2002-07,composite_1_3_12m,Composite,0.0,22,2002-07-01T00:00:00+00:00,2002-07-31T00:00:00+00:00,-0.007098579602312416,-0.007098579602312416,-0.01593751767009266,0.5302994358874851,0.26267957973087847
2002-08,composite_1_3_12m,Composite,0.0,22,2002-08-01T00:00:00+00:00,2002-08-30T00:00:00+00:00,-0.006670844936659259,-0.006670844936659259,-0.007472647646470043,0.48775596353992534,0.22507638380904707
2002-09,composite_1_3_12m,Composite,0.0,20,2002-09-03T00:00:00+00:00,2002-09-30T00:00:00+00:00,0.007633297086049762,0.007633297086049762,-0.003980066963074735,0.43770314341028066,0.21262675960123362
2002-10,composite_1_3_12m,Composite,0.0,23,2002-10-01T00:00:00+00:00,2002-10-31T00:00:00+00:00,-0.014463514609172945,-0.014463514609172945,-0.02607497627028288,0.48213056209558103,0.6947573216968145
2002-11,composite_1_3_12m,Composite,0.0,19,2002-11-01T00:00:00+00:00,2002-11-27T00:00:00+00:00,-0.00038608569985343344,-0.00038608569985343344,-0.00540394882523032,0.4477918109576149,0.24696551073919978
2002-12,composite_1_3_12m,Composite,0.0,21,2002-12-02T00:00:00+00:00,2002-12-31T00:00:00+00:00,0.024211973808283993,0.024211973808283993,-0.004159364548380395,0.012771950433771828,0.25973746117297153
2003-01,composite_1_3_12m,Composite,0.0,21,2003-01-02T00:00:00+00:00,2003-01-31T00:00:00+00:00,0.04383470761544106,0.04383470761544106,-0.009160855133516499,0.47333915076138317,0.7330766119343547
2003-02,composite_1_3_12m,Composite,0.0,19,2003-02-03T00:00:00+00:00,2003-02-28T00:00:00+00:00,-0.03617366513409637,-0.03617366513409637,-0.06753060524339694,0.02001071085587347,0.7130659010784813
2003-03,composite_1_3_12m,Composite,0.0,21,2003-03-03T00:00:00+00:00,2003-03-31T00:00:00+00:00,-0.007971442152463593,-0.007971442152463593,-0.017355127565911066,0.517163420086248,0.19590248099223334
2003-04,composite_1_3_12m,Composite,0.0,21,2003-04-01T00:00:00+00:00,2003-04-30T00:00:00+00:00,-0.0021787436758946566,-0.0021787436758946566,-0.010062701756704318,0.38791945215022483,0.1920169711579915
2003-05,composite_1_3_12m,Composite,0.0,21,2003-05-01T00:00:00+00:00,2003-05-30T00:00:00+00:00,0.015515046048957704,0.015515046048957704,-0.0036164065961382663,0.3967578690423491,0.20474089788435762
2003-06,composite_1_3_12m,Composite,0.0,21,2003-06-02T00:00:00+00:00,2003-06-30T00:00:00+00:00,-0.032399505443021615,-0.032399505443021615,-0.042307260792616264,0.40928808866661537,0.6140289865509732
2003-07,composite_1_3_12m,Composite,0.0,22,2003-07-01T00:00:00+00:00,2003-07-31T00:00:00+00:00,0.004383033152285387,0.004383033152285387,-0.005775678950811658,0.4221321183779604,0.1918968681730126
2003-08,composite_1_3_12m,Composite,0.0,21,2003-08-01T00:00:00+00:00,2003-08-29T00:00:00+00:00,0.038320991853987296,0.038320991853987296,-0.012410717960115503,0.4055879270566177,0.5974847952296306
2003-09,composite_1_3_12m,Composite,0.0,21,2003-09-02T00:00:00+00:00,2003-09-30T00:00:00+00:00,0.014726863234493459,0.014726863234493459,-0.012735596284942807,0.004752200523036487,0.5927325947065937
2003-10,composite_1_3_12m,Composite,0.0,23,2003-10-01T00:00:00+00:00,2003-10-31T00:00:00+00:00,-0.0020729362508138394,-0.0020729362508138394,-0.024725920096376086,0.03421689100553593,0.6269494857121298
2003-11,composite_1_3_12m,Composite,0.0,18,2003-11-03T00:00:00+00:00,2003-11-26T00:00:00+00:00,0.007020744902299869,0.007020744902299869,-0.003262817300860532,0.42716467252097723,0.19978481319115254
2003-12,composite_1_3_12m,Composite,0.0,21,2003-12-01T00:00:00+00:00,2003-12-31T00:00:00+00:00,0.027627900497936064,0.027627900497936064,-0.005233851001637424,0.41117127509281426,0.6109560882839669
2004-01,composite_1_3_12m,Composite,0.0,19,2004-01-05T00:00:00+00:00,2004-01-30T00:00:00+00:00,-0.02114270137562746,-0.02114270137562746,-0.04351653613831452,0.06496681596111098,0.6759229042450777
2004-02,composite_1_3_12m,Composite,0.0,19,2004-02-02T00:00:00+00:00,2004-02-27T00:00:00+00:00,-0.0027392239344175007,-0.0027392239344175007,-0.009788387280966093,0.4832237114488497,0.19269919279622816
2004-03,composite_1_3_12m,Composite,0.0,23,2004-03-01T00:00:00+00:00,2004-03-31T00:00:00+00:00,-0.01450304093374477,-0.01450304093374477,-0.016393703177883023,0.3804843205118108,0.1877851277155827
2004-04,composite_1_3_12m,Composite,0.0,21,2004-04-01T00:00:00+00:00,2004-04-30T00:00:00+00:00,-0.05600216751151754,-0.05600216751151754,-0.05878216899686839,0.7724494814560607,0.5846643537404782
2004-05,composite_1_3_12m,Composite,0.0,20,2004-05-03T00:00:00+00:00,2004-05-28T00:00:00+00:00,-0.003546166907812953,-0.003546166907812953,-0.010043895424467486,0.7652623400144967,0.18059798627401863
2004-06,composite_1_3_12m,Composite,0.0,21,2004-06-01T00:00:00+00:00,2004-06-30T00:00:00+00:00,-0.0007170833202831961,-0.0007170833202831961,-0.005055951439122741,0.36178980518568316,0.18119181891166447
2004-07,composite_1_3_12m,Composite,0.0,21,2004-07-01T00:00:00+00:00,2004-07-30T00:00:00+00:00,-0.0005549463851480807,-0.0005549463851480807,-0.007254599436272824,0.36833888119440705,0.18714706228274253
2004-08,composite_1_3_12m,Composite,0.0,22,2004-08-02T00:00:00+00:00,2004-08-31T00:00:00+00:00,0.0279435288884764,0.0279435288884764,-0.014915239580748918,0.7761882211729965,0.5890411588902539
2004-09,composite_1_3_12m,Composite,0.0,21,2004-09-01T00:00:00+00:00,2004-09-30T00:00:00+00:00,0.01186909340946829,0.01186909340946829,-0.016942841050425983,0.019374510658040522,0.6084156695482946
2004-10,composite_1_3_12m,Composite,0.0,21,2004-10-01T00:00:00+00:00,2004-10-29T00:00:00+00:00,0.014612702566030755,0.014612702566030755,-0.015847354772623334,0.06987561070969794,0.6782912802579925
2004-11,composite_1_3_12m,Composite,0.0,20,2004-11-01T00:00:00+00:00,2004-11-30T00:00:00+00:00,0.03907310569182432,0.03907310569182432,-0.012235551463358862,0.02971725171636852,0.708008531974361
2004-12,composite_1_3_12m,Composite,0.0,21,2004-12-01T00:00:00+00:00,2004-12-30T00:00:00+00:00,-0.02347292962371561,-0.02347292962371561,-0.03564769009695434,0.014645787006287159,0.7226543189806482
2005-01,composite_1_3_12m,Composite,0.0,20,2005-01-03T00:00:00+00:00,2005-01-31T00:00:00+00:00,-0.007352521689138358,-0.007352521689138358,-0.005393029198905164,0.4967375498399677,0.22591676914068043
2005-02,composite_1_3_12m,Composite,0.0,19,2005-02-01T00:00:00+00:00,2005-02-28T00:00:00+00:00,-0.007521624545185346,-0.007521624545185346,-0.012983755671730601,0.4630329380828984,0.23711616894221796
2005-03,composite_1_3_12m,Composite,0.0,22,2005-03-01T00:00:00+00:00,2005-03-31T00:00:00+00:00,-0.003617652866415355,-0.003617652866415355,-0.012507632358814136,0.488037866781875,0.25092169783965707
2005-04,composite_1_3_12m,Composite,0.0,21,2005-04-01T00:00:00+00:00,2005-04-29T00:00:00+00:00,-0.0030638515318746062,-0.0030638515318746062,-0.007908945124862399,0.5054528362298236,0.25453113839016667
2005-05,composite_1_3_12m,Composite,0.0,21,2005-05-02T00:00:00+00:00,2005-05-31T00:00:00+00:00,-0.03232963488393792,-0.03232963488393792,-0.026266199518055755,1.072748059064081,0.8182169206739142
2005-06,composite_1_3_12m,Composite,0.0,22,2005-06-01T00:00:00+00:00,2005-06-30T00:00:00+00:00,-0.012372084791825722,-0.012372084791825722,-0.0171092938420917,1.106917978532671,0.28870105785875666
2005-07,composite_1_3_12m,Composite,0.0,20,2005-07-01T00:00:00+00:00,2005-07-29T00:00:00+00:00,-0.002596116915023594,-0.002596116915023594,-0.01789014151147561,1.180486454744639,0.8917853968858823
2005-08,composite_1_3_12m,Composite,0.0,23,2005-08-01T00:00:00+00:00,2005-08-31T00:00:00+00:00,-0.00176981342767768,-0.00176981342767768,-0.009149836551909152,1.1833717123628298,0.29158631547694736
2005-09,composite_1_3_12m,Composite,0.0,21,2005-09-01T00:00:00+00:00,2005-09-30T00:00:00+00:00,0.06570846759889815,0.06570846759889815,-0.016358849418531718,1.1589709733452067,0.8673846578682594
2005-10,composite_1_3_12m,Composite,0.0,21,2005-10-03T00:00:00+00:00,2005-10-31T00:00:00+00:00,-0.007300237486510985,-0.007300237486510985,-0.025865264775712604,0.05493840500090952,0.8124462528673497
2005-11,composite_1_3_12m,Composite,0.0,20,2005-11-01T00:00:00+00:00,2005-11-30T00:00:00+00:00,0.017089062950541134,0.017089062950541134,-0.0038141235787264582,0.5449501106379252,0.26749614222942447
2005-12,composite_1_3_12m,Composite,0.0,21,2005-12-01T00:00:00+00:00,2005-12-30T00:00:00+00:00,0.03307261427063368,0.03307261427063368,-0.05049137577041196,0.47067202304045375,0.7381681652698782
2006-01,composite_1_3_12m,Composite,0.0,20,2006-01-03T00:00:00+00:00,2006-01-31T00:00:00+00:00,0.06563244089741205,0.06563244089741205,-0.014760329065723332,0.09664896470575146,0.6415192005641266
2006-02,composite_1_3_12m,Composite,0.0,19,2006-02-01T00:00:00+00:00,2006-02-28T00:00:00+00:00,-0.008493966948053822,-0.008493966948053822,-0.032645501825427914,0.077783296325734,0.5637359042383927
2006-03,composite_1_3_12m,Composite,0.0,23,2006-03-01T00:00:00+00:00,2006-03-31T00:00:00+00:00,0.006684621371262134,0.006684621371262134,-0.008934518167912908,0.39503757028464104,0.1686983339537518
2006-04,composite_1_3_12m,Composite,0.0,19,2006-04-03T00:00:00+00:00,2006-04-28T00:00:00+00:00,0.06048606541954693,0.06048606541954693,-0.006995759667737689,0.35756601533713517,0.526264349290887
2006-05,composite_1_3_12m,Composite,0.0,22,2006-05-01T00:00:00+00:00,2006-05-31T00:00:00+00:00,-0.005567525452797928,-0.005567525452797928,-0.059933494771579054,0.004325198470651936,0.5305895477615388
2006-06,composite_1_3_12m,Composite,0.0,22,2006-06-01T00:00:00+00:00,2006-06-30T00:00:00+00:00,-0.006139675358625807,-0.006139675358625807,-0.018080711800749105,0.39318787964197466,0.13740166811956425
2006-07,composite_1_3_12m,Composite,0.0,19,2006-07-05T00:00:00+00:00,2006-07-31T00:00:00+00:00,0.006566827443277523,0.006566827443277523,-0.010496916909134013,0.013804127092187687,0.12359754102737655
2006-08,composite_1_3_12m,Composite,0.0,23,2006-08-01T00:00:00+00:00,2006-08-31T00:00:00+00:00,-0.002210306075259516,-0.002210306075259516,-0.007889125030283384,0.008847732109119724,0.11474980891825688
2006-09,composite_1_3_12m,Composite,0.0,20,2006-09-01T00:00:00+00:00,2006-09-29T00:00:00+00:00,0.005913587986623892,0.005913587986623892,-0.005945510600472215,0.24293741995633275,0.12818761103807588
2006-10,composite_1_3_12m,Composite,0.0,22,2006-10-02T00:00:00+00:00,2006-10-31T00:00:00+00:00,-0.0009110605406743577,-0.0009110605406743577,-0.00931517923558034,0.005935342755692463,0.1341229537937684
2006-11,composite_1_3_12m,Composite,0.0,21,2006-11-01T00:00:00+00:00,2006-11-30T00:00:00+00:00,0.010240763480432458,0.010240763480432458,-0.0032868534503319724,0.27255892597059006,0.1384359721768217
2006-12,composite_1_3_12m,Composite,0.0,20,2006-12-01T00:00:00+00:00,2006-12-29T00:00:00+00:00,-0.009575078017494465,-0.009575078017494465,-0.023228897070312615,0.3152006388848305,0.4536366110616522
2007-01,composite_1_3_12m,Composite,0.0,21,2007-01-02T00:00:00+00:00,2007-01-31T00:00:00+00:00,0.005246824571482289,0.005246824571482289,-0.009217708344622877,0.28730961566592894,0.16632699539572326
2007-02,composite_1_3_12m,Composite,0.0,19,2007-02-01T00:00:00+00:00,2007-02-28T00:00:00+00:00,0.011435930112531967,0.011435930112531967,-0.013038295898906926,0.3493570377034927,0.515684033099216
2007-03,composite_1_3_12m,Composite,0.0,22,2007-03-01T00:00:00+00:00,2007-03-30T00:00:00+00:00,-0.0021553619134335733,-0.0021553619134335733,-0.020260539867290372,0.006464332492640779,0.5221483655918567
2007-04,composite_1_3_12m,Composite,0.0,20,2007-04-02T00:00:00+00:00,2007-04-30T00:00:00+00:00,0.0038820150410128207,0.0038820150410128207,-0.00448127987716973,0.3399659226397994,0.1821824429520573
2007-05,composite_1_3_12m,Composite,0.0,22,2007-05-01T00:00:00+00:00,2007-05-31T00:00:00+00:00,-0.014472712610648086,-0.014472712610648086,-0.03227296490205067,0.41935557170136983,0.601538014653427
2007-06,composite_1_3_12m,Composite,0.0,21,2007-06-01T00:00:00+00:00,2007-06-29T00:00:00+00:00,0.00460444311820174,0.00460444311820174,-0.004569072110883754,0.8113741628034469,0.20983614815001966
2007-07,composite_1_3_12m,Composite,0.0,21,2007-07-02T00:00:00+00:00,2007-07-31T00:00:00+00:00,-0.00910740928971776,-0.00910740928971776,-0.011105013812867659,0.005137127473380021,0.21497327562339968
2007-08,composite_1_3_12m,Composite,0.0,23,2007-08-01T00:00:00+00:00,2007-08-31T00:00:00+00:00,0.0011574743831399559,0.0011574743831399559,-0.009141264431042018,0.43863409654550817,0.2236608209221085
2007-09,composite_1_3_12m,Composite,0.0,19,2007-09-04T00:00:00+00:00,2007-09-28T00:00:00+00:00,0.06325848245511767,0.06325848245511767,-0.004094637220585673,0.420490649409902,0.6441514703320105
2007-10,composite_1_3_12m,Composite,0.0,23,2007-10-01T00:00:00+00:00,2007-10-31T00:00:00+00:00,0.040779553415122516,0.040779553415122516,-0.016173001980434587,0.02548753424589223,0.6696390045779027
2007-11,composite_1_3_12m,Composite,0.0,21,2007-11-01T00:00:00+00:00,2007-11-30T00:00:00+00:00,-0.0045251477016724495,-0.0045251477016724495,-0.04638487093374266,0.0112412858850931,0.6583977186928095
2007-12,composite_1_3_12m,Composite,0.0,20,2007-12-03T00:00:00+00:00,2007-12-31T00:00:00+00:00,0.010789656646863932,0.010789656646863932,-0.0045148531661625135,0.4823405910103387,0.1760571276824709
2008-01,composite_1_3_12m,Composite,0.0,22,2008-01-02T00:00:00+00:00,2008-01-31T00:00:00+00:00,0.05820133213575973,0.05820133213575973,-0.02295689035033055,0.3738243829790792,0.54988151066155
2008-02,composite_1_3_12m,Composite,0.0,21,2008-02-01T00:00:00+00:00,2008-02-29T00:00:00+00:00,0.02540742182840816,0.02540742182840816,-0.012446203672030975,0.039069517903238205,0.5108119927583118
2008-03,composite_1_3_12m,Composite,0.0,20,2008-03-03T00:00:00+00:00,2008-03-31T00:00:00+00:00,-0.028366825022189013,-0.028366825022189013,-0.04770448237557412,0.017819689239031655,0.5286316819973434
2008-04,composite_1_3_12m,Composite,0.0,22,2008-04-01T00:00:00+00:00,2008-04-30T00:00:00+00:00,-0.008947710334895609,-0.008947710334895609,-0.01338991853200433,0.38092736418017664,0.1477043178171669
2008-05,composite_1_3_12m,Composite,0.0,21,2008-05-01T00:00:00+00:00,2008-05-30T00:00:00+00:00,-0.0044334152939867755,-0.0044334152939867755,-0.012691125818385829,0.291600510978409,0.14389619316124203
2008-06,composite_1_3_12m,Composite,0.0,21,2008-06-02T00:00:00+00:00,2008-06-30T00:00:00+00:00,0.0065454418407755455,0.0065454418407755455,-0.005755025263970981,0.2916124639697466,0.14771627080850455
2008-07,composite_1_3_12m,Composite,0.0,22,2008-07-01T00:00:00+00:00,2008-07-31T00:00:00+00:00,-0.0024018216693247885,-0.0024018216693247885,-0.026482684943706536,0.28474328678928534,0.4324595575977899
2008-08,composite_1_3_12m,Composite,0.0,21,2008-08-01T00:00:00+00:00,2008-08-29T00:00:00+00:00,-0.01453583226406463,-0.01453583226406463,-0.02162067254402167,0.2810571685574693,0.15140238904032058
2008-09,composite_1_3_12m,Composite,0.0,21,2008-09-02T00:00:00+00:00,2008-09-30T00:00:00+00:00,-0.0075496945233813895,-0.0075496945233813895,-0.02986508015097422,0.2927058816754178,0.1413034926350972
2008-10,composite_1_3_12m,Composite,0.0,23,2008-10-01T00:00:00+00:00,2008-10-31T00:00:00+00:00,-0.01638598464422858,-0.01638598464422858,-0.0222285432956717,0.2367645218274328,0.09546102919233564
2008-11,composite_1_3_12m,Composite,0.0,19,2008-11-03T00:00:00+00:00,2008-11-28T00:00:00+00:00,-0.03262676775285234,-0.03262676775285234,-0.037175770005657416,0.34876956769682665,0.2533085385044911
2008-12,composite_1_3_12m,Composite,0.0,22,2008-12-01T00:00:00+00:00,2008-12-31T00:00:00+00:00,0.0063854859849650225,0.0063854859849650225,-0.002789756197949189,0.335328305843593,0.08201976733910195
2009-01,composite_1_3_12m,Composite,0.0,20,2009-01-02T00:00:00+00:00,2009-01-30T00:00:00+00:00,0.014949430632668514,0.014949430632668514,-0.019990377938406634,0.17933630329828432,0.2613560706373864
2009-02,composite_1_3_12m,Composite,0.0,19,2009-02-02T00:00:00+00:00,2009-02-27T00:00:00+00:00,0.004248663738616987,0.004248663738616987,-0.0146241433634271,0.012349374533248081,0.2737054451706344
2009-03,composite_1_3_12m,Composite,0.0,22,2009-03-02T00:00:00+00:00,2009-03-31T00:00:00+00:00,-0.001939157722941065,-0.001939157722941065,-0.004462867833168405,0.17663487277161838,0.097070572399016
2009-04,composite_1_3_12m,Composite,0.0,21,2009-04-01T00:00:00+00:00,2009-04-30T00:00:00+00:00,0.003487832925389789,0.003487832925389789,-0.005453969654454771,0.20219231127176635,0.10512173887275036
2009-05,composite_1_3_12m,Composite,0.0,20,2009-05-01T00:00:00+00:00,2009-05-29T00:00:00+00:00,-0.01129616762945096,-0.01129616762945096,-0.011718410750936492,0.009937929725416461,0.11505966859816678
2009-06,composite_1_3_12m,Composite,0.0,22,2009-06-01T00:00:00+00:00,2009-06-30T00:00:00+00:00,-0.02061340851373572,-0.02061340851373572,-0.02387433762773572,0.5025839429263729,0.387524274328206
2009-07,composite_1_3_12m,Composite,0.0,22,2009-07-01T00:00:00+00:00,2009-07-31T00:00:00+00:00,-0.003957881061920188,-0.003957881061920188,-0.006939048624821531,0.5289547618555006,0.1414304875272946
2009-08,composite_1_3_12m,Composite,0.0,21,2009-08-03T00:00:00+00:00,2009-08-31T00:00:00+00:00,-0.0002520170022760615,-0.0002520170022760615,-0.015808266786477843,0.6153947665299132,0.47396427900261867
2009-09,composite_1_3_12m,Composite,0.0,21,2009-09-01T00:00:00+00:00,2009-09-30T00:00:00+00:00,-0.010019443552392815,-0.010019443552392815,-0.010907795377224194,0.6479629218961366,0.17399864289351796
2009-10,composite_1_3_12m,Composite,0.0,22,2009-10-01T00:00:00+00:00,2009-10-30T00:00:00+00:00,0.020910614848308917,0.020910614848308917,-0.018871454020156442,0.7342729175921022,0.560274274698584
2009-11,composite_1_3_12m,Composite,0.0,21,2009-11-02T00:00:00+00:00,2009-11-30T00:00:00+00:00,0.07158056804943946,0.07158056804943946,-0.007037589204721639,0.009413471721314792,0.5696877464198989
2009-12,composite_1_3_12m,Composite,0.0,22,2009-12-01T00:00:00+00:00,2009-12-31T00:00:00+00:00,-0.04051298167907347,-0.04051298167907347,-0.06412034490265683,0.01073031042055228,0.5804180568404511
2010-01,composite_1_3_12m,Composite,0.0,20,2010-01-04T00:00:00+00:00,2010-01-29T00:00:00+00:00,-0.0022471206643798203,-0.0022471206643798203,-0.010408764531281256,0.41158025457130193,0.16883780226914938
2010-02,composite_1_3_12m,Composite,0.0,20,2010-02-01T00:00:00+00:00,2010-02-26T00:00:00+00:00,0.00599738741835365,0.00599738741835365,-0.008168341589411932,0.004501529978930524,0.17333933224807996
2010-03,composite_1_3_12m,Composite,0.0,23,2010-03-01T00:00:00+00:00,2010-03-31T00:00:00+00:00,-0.00043553754035075,-0.00043553754035075,-0.007890764302097786,0.004579783541727833,0.16875954870635207
2010-04,composite_1_3_12m,Composite,0.0,21,2010-04-01T00:00:00+00:00,2010-04-30T00:00:00+00:00,0.010507787955156944,0.010507787955156944,-0.004293253528546037,0.012897964599182521,0.1816575133055346
2010-05,composite_1_3_12m,Composite,0.0,21,2010-05-03T00:00:00+00:00,2010-05-31T00:00:00+00:00,0.019568553309156522,0.019568553309156522,-0.028454872288022348,0.4090350363502351,0.5906925496557699
2010-06,composite_1_3_12m,Composite,0.0,22,2010-06-01T00:00:00+00:00,2010-06-30T00:00:00+00:00,0.012035901248778291,0.012035901248778291,-0.011798886060710556,0.006461880421304578,0.5842306692344651
2010-07,composite_1_3_12m,Composite,0.0,22,2010-07-01T00:00:00+00:00,2010-07-30T00:00:00+00:00,-0.0291169882391783,-0.0291169882391783,-0.025130714117882258,0.022713906989922927,0.6069445762243879
2010-08,composite_1_3_12m,Composite,0.0,22,2010-08-02T00:00:00+00:00,2010-08-31T00:00:00+00:00,0.011064347746445602,0.011064347746445602,-0.00123190849876742,0.40605402828008486,0.20089054794430317
2010-09,composite_1_3_12m,Composite,0.0,22,2010-09-01T00:00:00+00:00,2010-09-30T00:00:00+00:00,0.03313855068707339,0.03313855068707339,-0.0061110921209975855,0.4845929235684515,0.6854834715127545
2010-10,composite_1_3_12m,Composite,0.0,21,2010-10-01T00:00:00+00:00,2010-10-29T00:00:00+00:00,0.02844331960008506,0.02844331960008506,-0.030936376967208634,0.06853279359164655,0.7540162651044011
2010-11,composite_1_3_12m,Composite,0.0,22,2010-11-01T00:00:00+00:00,2010-11-30T00:00:00+00:00,0.014639758320976082,0.014639758320976082,-0.035489476981010126,0.06999198479643343,0.6840242803079678
2010-12,composite_1_3_12m,Composite,0.0,22,2010-12-01T00:00:00+00:00,2010-12-31T00:00:00+00:00,0.015606697258273794,0.015606697258273794,-0.024122895658409305,0.05254928273003012,0.6314749975779376
2011-01,composite_1_3_12m,Composite,0.0,21,2011-01-03T00:00:00+00:00,2011-01-31T00:00:00+00:00,-0.04088468730464734,-0.04088468730464734,-0.04600912824714354,0.022593898025350723,0.6540688956032883
2011-02,composite_1_3_12m,Composite,0.0,20,2011-02-01T00:00:00+00:00,2011-02-28T00:00:00+00:00,-0.012230927455447405,-0.012230927455447405,-0.011829511166892903,0.8654983389787284,0.21142944337543995
2011-03,composite_1_3_12m,Composite,0.0,23,2011-03-01T00:00:00+00:00,2011-03-31T00:00:00+00:00,0.009976664717356032,0.009976664717356032,-0.018704834665564052,0.8974939781616422,0.6860645347862024
2011-04,composite_1_3_12m,Composite,0.0,20,2011-04-01T00:00:00+00:00,2011-04-29T00:00:00+00:00,0.06394196898819549,0.06394196898819549,-0.010292164895542744,0.01965500185632385,0.7057195366425261
2011-05,composite_1_3_12m,Composite,0.0,22,2011-05-02T00:00:00+00:00,2011-05-31T00:00:00+00:00,-0.013141791143479575,-0.013141791143479575,-0.03429297059402836,0.0374279797733893,0.7431475164159153
2011-06,composite_1_3_12m,Composite,0.0,22,2011-06-01T00:00:00+00:00,2011-06-30T00:00:00+00:00,-0.0053104367116041384,-0.0053104367116041384,-0.007750896124689599,0.5089881479356294,0.234159368480286
2011-07,composite_1_3_12m,Composite,0.0,21,2011-07-01T00:00:00+00:00,2011-07-29T00:00:00+00:00,0.02086343078706232,0.02086343078706232,-0.002618644891936195,0.017630394108141323,0.25178976258842733
2011-08,composite_1_3_12m,Composite,0.0,23,2011-08-01T00:00:00+00:00,2011-08-31T00:00:00+00:00,0.0937603213574747,0.0937603213574747,-0.06067629155703824,0.5289450857783704,0.7807348483667979
2011-09,composite_1_3_12m,Composite,0.0,22,2011-09-01T00:00:00+00:00,2011-09-30T00:00:00+00:00,-0.04994036259926493,-0.04994036259926493,-0.07145683413081316,0.3268114771536668,0.4539233712131309
2011-10,composite_1_3_12m,Composite,0.0,21,2011-10-03T00:00:00+00:00,2011-10-31T00:00:00+00:00,0.007031826777909034,0.007031826777909034,-0.004836257915387998,0.32273748127277807,0.13118588994035285
2011-11,composite_1_3_12m,Composite,0.0,22,2011-11-01T00:00:00+00:00,2011-11-30T00:00:00+00:00,0.010349417439453168,0.010349417439453168,-0.027483990692799165,0.28000081905445345,0.41118670899480636
2011-12,composite_1_3_12m,Composite,0.0,21,2011-12-01T00:00:00+00:00,2011-12-30T00:00:00+00:00,-0.015693156628597937,-0.015693156628597937,-0.017245355764189285,0.26846125708219615,0.1427254519126101
2012-01,composite_1_3_12m,Composite,0.0,21,2012-01-03T00:00:00+00:00,2012-01-31T00:00:00+00:00,-0.015022584010839335,-0.015022584010839335,-0.011531858052553634,0.2852713446134475,0.14254589270083734
2012-02,composite_1_3_12m,Composite,0.0,21,2012-02-01T00:00:00+00:00,2012-02-29T00:00:00+00:00,-0.010755221244580282,-0.010755221244580282,-0.022677517082192233,0.6083483566347736,0.4658024639339364
2012-03,composite_1_3_12m,Composite,0.0,22,2012-03-01T00:00:00+00:00,2012-03-30T00:00:00+00:00,0.0027074861081475277,0.0027074861081475277,-0.005111619607634843,0.6395845385959708,0.17378207466203444
2012-04,composite_1_3_12m,Composite,0.0,20,2012-04-02T00:00:00+00:00,2012-04-30T00:00:00+00:00,-0.0004425351733123861,-0.0004425351733123861,-0.005623913045281648,0.34081712623363775,0.1670350515716033
2012-05,composite_1_3_12m,Composite,0.0,23,2012-05-01T00:00:00+00:00,2012-05-31T00:00:00+00:00,0.011698875850834067,0.011698875850834067,-0.006220932286810421,0.3523078772948536,0.18527282572325027
2012-06,composite_1_3_12m,Composite,0.0,21,2012-06-01T00:00:00+00:00,2012-06-29T00:00:00+00:00,-0.00494760285767315,-0.00494760285767315,-0.005657059823494515,0.008169961126617109,0.19344278684986746
2012-07,composite_1_3_12m,Composite,0.0,22,2012-07-02T00:00:00+00:00,2012-07-31T00:00:00+00:00,0.002141634780956192,0.002141634780956192,-0.005871231469423255,0.3795949109232065,0.18615212407333906
2012-08,composite_1_3_12m,Composite,0.0,23,2012-08-01T00:00:00+00:00,2012-08-31T00:00:00+00:00,-0.009152798015549135,-0.009152798015549135,-0.01230429058105309,0.38270814154662247,0.1965560174732834
2012-09,composite_1_3_12m,Composite,0.0,20,2012-09-03T00:00:00+00:00,2012-09-28T00:00:00+00:00,0.010784954380329337,0.010784954380329337,-0.0021646352387822976,0.41912855863810494,0.2225725411648216
2012-10,composite_1_3_12m,Composite,0.0,23,2012-10-01T00:00:00+00:00,2012-10-31T00:00:00+00:00,-0.02069685189573056,-0.02069685189573056,-0.03416447886721019,0.4542287442787811,0.6768012854436026
2012-11,composite_1_3_12m,Composite,0.0,22,2012-11-01T00:00:00+00:00,2012-11-30T00:00:00+00:00,-0.00038478942906505775,-0.00038478942906505775,-0.005664779287395949,0.42488737648558605,0.25191390895801663
2012-12,composite_1_3_12m,Composite,0.0,20,2012-12-03T00:00:00+00:00,2012-12-31T00:00:00+00:00,0.005985927871780872,0.005985927871780872,-0.004245847295370919,0.5062531774792456,0.2543392685212289
2013-01,composite_1_3_12m,Composite,0.0,22,2013-01-02T00:00:00+00:00,2013-01-31T00:00:00+00:00,0.0016747383386943593,0.0016747383386943593,-0.00726808778164878,0.01788958325947665,0.27222885178070555
2013-02,composite_1_3_12m,Composite,0.0,20,2013-02-01T00:00:00+00:00,2013-02-28T00:00:00+00:00,0.04508214384046161,0.04508214384046161,-0.027048687383449788,0.5844793867083398,0.8567082384890453
2013-03,composite_1_3_12m,Composite,0.0,20,2013-03-01T00:00:00+00:00,2013-03-28T00:00:00+00:00,-0.009437150178030707,-0.009437150178030707,-0.02038501207789245,0.06115462261754889,0.7955536158714963
2013-04,composite_1_3_12m,Composite,0.0,22,2013-04-01T00:00:00+00:00,2013-04-30T00:00:00+00:00,0.020809318738219895,0.020809318738219895,-0.02587683660586526,0.5009538373683928,0.29459977850310354
2013-05,composite_1_3_12m,Composite,0.0,23,2013-05-01T00:00:00+00:00,2013-05-31T00:00:00+00:00,0.025940867325058292,0.025940867325058292,-0.017544544168869525,0.1346445933956658,0.42924437189876946
2013-06,composite_1_3_12m,Composite,0.0,20,2013-06-03T00:00:00+00:00,2013-06-28T00:00:00+00:00,0.05182167329577059,0.05182167329577059,-0.012723085129389577,0.022443971326406964,0.4516883432251764
2013-07,composite_1_3_12m,Composite,0.0,23,2013-07-01T00:00:00+00:00,2013-07-31T00:00:00+00:00,-0.02854517453070249,-0.02854517453070249,-0.03917243393198733,0.04880799762565019,0.4028803455995261
2013-08,composite_1_3_12m,Composite,0.0,22,2013-08-01T00:00:00+00:00,2013-08-30T00:00:00+00:00,-0.007674026041271653,-0.007674026041271653,-0.014266705296070437,0.2623073944801796,0.1405729511193465
2013-09,composite_1_3_12m,Composite,0.0,21,2013-09-02T00:00:00+00:00,2013-09-30T00:00:00+00:00,-0.007113142145588669,-0.007113142145588669,-0.011246204439970042,0.29310938598847325,0.15253643486912677
2013-10,composite_1_3_12m,Composite,0.0,23,2013-10-01T00:00:00+00:00,2013-10-31T00:00:00+00:00,0.00029203712294578743,0.00029203712294578743,-0.008974836165546951,0.2975785754054777,0.14504214053635106
2013-11,composite_1_3_12m,Composite,0.0,21,2013-11-01T00:00:00+00:00,2013-11-29T00:00:00+00:00,0.00845025896043805,0.00845025896043805,-0.0029219004308708163,0.007919401205343818,0.15296154174169488
2013-12,composite_1_3_12m,Composite,0.0,21,2013-12-02T00:00:00+00:00,2013-12-31T00:00:00+00:00,0.018120302502533603,0.018120302502533603,-0.017377418761238217,0.34772179458716523,0.5006833363288601
2014-01,composite_1_3_12m,Composite,0.0,22,2014-01-02T00:00:00+00:00,2014-01-31T00:00:00+00:00,-0.01722943715317271,-0.01722943715317271,-0.019396020044020856,0.000632178867069455,0.5000511574617905
2014-02,composite_1_3_12m,Composite,0.0,20,2014-02-03T00:00:00+00:00,2014-02-28T00:00:00+00:00,-0.011352174823633376,-0.011352174823633376,-0.01193628971336258,0.3232680083497239,0.1767831491120667
2014-03,composite_1_3_12m,Composite,0.0,21,2014-03-03T00:00:00+00:00,2014-03-31T00:00:00+00:00,-0.006087750071186004,-0.006087750071186004,-0.014258549206207172,0.3719088464587551,0.19512569734668836
2014-04,composite_1_3_12m,Composite,0.0,21,2014-04-01T00:00:00+00:00,2014-04-30T00:00:00+00:00,-0.00118613148796054,-0.00118613148796054,-0.00732579120426935,0.3941527843420536,0.19902708699536517
2014-05,composite_1_3_12m,Composite,0.0,22,2014-05-01T00:00:00+00:00,2014-05-30T00:00:00+00:00,-0.006996273465872838,-0.006996273465872838,-0.01004760153554507,0.4164000243274854,0.21737293733212024
2014-06,composite_1_3_12m,Composite,0.0,21,2014-06-02T00:00:00+00:00,2014-06-30T00:00:00+00:00,-0.0424901822121887,-0.0424901822121887,-0.04580750826718882,0.9181280018622,0.7007550645300799
2014-07,composite_1_3_12m,Composite,0.0,23,2014-07-01T00:00:00+00:00,2014-07-31T00:00:00+00:00,-0.023918110364747447,-0.023918110364747447,-0.03001264542099147,1.4134845554768014,0.7127294909467214
2014-08,composite_1_3_12m,Composite,0.0,21,2014-08-01T00:00:00+00:00,2014-08-29T00:00:00+00:00,-0.0032362156396331665,-0.0032362156396331665,-0.014511497223129055,1.4576518152122375,0.7449223242655162
2014-09,composite_1_3_12m,Composite,0.0,22,2014-09-01T00:00:00+00:00,2014-09-30T00:00:00+00:00,-0.016850247996687884,-0.016850247996687884,-0.016788357906066476,1.0152161630996055,0.27029383883408964
2014-10,composite_1_3_12m,Composite,0.0,23,2014-10-01T00:00:00+00:00,2014-10-31T00:00:00+00:00,0.025641550775275856,0.025641550775275856,-0.04053737285722947,1.1304341228109522,0.8601402839768625
2014-11,composite_1_3_12m,Composite,0.0,20,2014-11-03T00:00:00+00:00,2014-11-28T00:00:00+00:00,0.0018790852556764825,0.0018790852556764825,-0.04527102315230158,0.009719962139911664,0.8504203218369509
2014-12,composite_1_3_12m,Composite,0.0,22,2014-12-01T00:00:00+00:00,2014-12-31T00:00:00+00:00,-0.012837620709300612,-0.012837620709300612,-0.02199932638330593,0.17707404020193773,0.6733462816350131
2015-01,composite_1_3_12m,Composite,0.0,21,2015-01-02T00:00:00+00:00,2015-01-30T00:00:00+00:00,-0.015709664532578715,-0.015709664532578715,-0.01752244703345529,0.48222841755061446,0.19111786408439885
2015-02,composite_1_3_12m,Composite,0.0,20,2015-02-02T00:00:00+00:00,2015-02-27T00:00:00+00:00,-0.03181778630353593,-0.03181778630353593,-0.0332639051941539,0.7603910728663648,0.5692732087819656
2015-03,composite_1_3_12m,Composite,0.0,22,2015-03-02T00:00:00+00:00,2015-03-31T00:00:00+00:00,0.004761458082238823,0.004761458082238823,-0.009317206465993877,0.7671451550748546,0.1978719462928887
2015-04,composite_1_3_12m,Composite,0.0,21,2015-04-01T00:00:00+00:00,2015-04-30T00:00:00+00:00,-0.0011995565851091738,-0.0011995565851091738,-0.017584947541267604,0.4381287874081502,0.6360007337010389
2015-05,composite_1_3_12m,Composite,0.0,21,2015-05-01T00:00:00+00:00,2015-05-29T00:00:00+00:00,-0.0014791133689510128,-0.0014791133689510128,-0.0086942137164433,0.4189835764995882,0.2170171572014507
2015-06,composite_1_3_12m,Composite,0.0,22,2015-06-01T00:00:00+00:00,2015-06-30T00:00:00+00:00,0.003467040836006685,0.003467040836006685,-0.005818790629992354,0.01044035446140651,0.22745751166285724
2015-07,composite_1_3_12m,Composite,0.0,23,2015-07-01T00:00:00+00:00,2015-07-31T00:00:00+00:00,0.05194948314534775,0.05194948314534775,-0.006267701552700511,0.5312129407273626,0.7586704523902198
2015-08,composite_1_3_12m,Composite,0.0,21,2015-08-03T00:00:00+00:00,2015-08-31T00:00:00+00:00,-0.026870735838978588,-0.026870735838978588,-0.05042069244704994,0.008681928680868478,0.7499885237093513
2015-09,composite_1_3_12m,Composite,0.0,22,2015-09-01T00:00:00+00:00,2015-09-30T00:00:00+00:00,0.004075296707389153,0.004075296707389153,-0.010806448986982686,0.5027996786961806,0.24718884501317076
2015-10,composite_1_3_12m,Composite,0.0,22,2015-10-01T00:00:00+00:00,2015-10-30T00:00:00+00:00,-0.01892384076132858,-0.01892384076132858,-0.045788173543291344,0.4978694330580616,0.7450582780712321
2015-11,composite_1_3_12m,Composite,0.0,21,2015-11-02T00:00:00+00:00,2015-11-30T00:00:00+00:00,-0.01745394277316581,-0.01745394277316581,-0.017483002779204337,0.9958285981867367,0.2507703201155046
2015-12,composite_1_3_12m,Composite,0.0,22,2015-12-01T00:00:00+00:00,2015-12-31T00:00:00+00:00,0.0010018799061606298,0.0010018799061606298,-0.02420695411952456,1.0288651058146208,0.7780947856991163
2016-01,composite_1_3_12m,Composite,0.0,20,2016-01-04T00:00:00+00:00,2016-01-29T00:00:00+00:00,-0.03800090014568236,-0.03800090014568236,-0.03340049525506883,0.05887758015924904,0.7192172055398671
2016-02,composite_1_3_12m,Composite,0.0,21,2016-02-01T00:00:00+00:00,2016-02-29T00:00:00+00:00,-0.02513998881080126,-0.02513998881080126,-0.024051258608605575,0.47898605662022087,0.24023114891964634
2016-03,composite_1_3_12m,Composite,0.0,22,2016-03-01T00:00:00+00:00,2016-03-31T00:00:00+00:00,-0.0024086360875663626,-0.0024086360875663626,-0.02655187685605942,0.838107132908902,0.5978759839892559
2016-04,composite_1_3_12m,Composite,0.0,21,2016-04-01T00:00:00+00:00,2016-04-29T00:00:00+00:00,0.009563368583645149,0.009563368583645149,-0.004647965117002717,0.4058913387045565,0.19198464528469922
2016-05,composite_1_3_12m,Composite,0.0,22,2016-05-02T00:00:00+00:00,2016-05-31T00:00:00+00:00,-0.03647444485695572,-0.03647444485695572,-0.04051947279014512,0.4128561823747756,0.6048408276594747
2016-06,composite_1_3_12m,Composite,0.0,22,2016-06-01T00:00:00+00:00,2016-06-30T00:00:00+00:00,-0.01779898868790475,-0.01779898868790475,-0.019184496892526104,0.8135777814881203,0.20873695382864552
2016-07,composite_1_3_12m,Composite,0.0,21,2016-07-01T00:00:00+00:00,2016-07-29T00:00:00+00:00,0.014159284151262774,0.014159284151262774,-0.020578949640722932,0.7466837961565764,0.5379468423279311
2016-08,composite_1_3_12m,Composite,0.0,23,2016-08-01T00:00:00+00:00,2016-08-31T00:00:00+00:00,-0.01983090065580073,-0.01983090065580073,-0.02494542515034337,0.04382997956218493,0.581776821890116
2016-09,composite_1_3_12m,Composite,0.0,22,2016-09-01T00:00:00+00:00,2016-09-30T00:00:00+00:00,0.0012243263391429338,0.0012243263391429338,-0.006639468258864967,0.3644886692946937,0.21728815259542217
2016-10,composite_1_3_12m,Composite,0.0,21,2016-10-03T00:00:00+00:00,2016-10-31T00:00:00+00:00,-0.007389607482346072,-0.007389607482346072,-0.011368595430824469,0.02013788124766211,0.2374260338430842
2016-11,composite_1_3_12m,Composite,0.0,22,2016-11-01T00:00:00+00:00,2016-11-30T00:00:00+00:00,0.020351895493418315,0.020351895493418315,-0.0030005007538037587,0.48111509912407485,0.2436890652809905
2016-12,composite_1_3_12m,Composite,0.0,21,2016-12-01T00:00:00+00:00,2016-12-30T00:00:00+00:00,0.004427805336554069,0.004427805336554069,-0.006008030231032246,0.008564680512287176,0.23512438476870334
2017-01,composite_1_3_12m,Composite,0.0,21,2017-01-03T00:00:00+00:00,2017-01-31T00:00:00+00:00,-0.01291459820037466,-0.01291459820037466,-0.012466069245244848,0.015832639855675484,0.25095702462437885
2017-02,composite_1_3_12m,Composite,0.0,20,2017-02-01T00:00:00+00:00,2017-02-28T00:00:00+00:00,0.00780025929005479,0.00780025929005479,-0.0035112444410624333,0.5132294263800851,0.2622724017557062
2017-03,composite_1_3_12m,Composite,0.0,23,2017-03-01T00:00:00+00:00,2017-03-31T00:00:00+00:00,-0.0006646102720984093,-0.0006646102720984093,-0.034471442969281285,0.5722376510476379,0.8345100528033443
2017-04,composite_1_3_12m,Composite,0.0,19,2017-04-03T00:00:00+00:00,2017-04-28T00:00:00+00:00,0.005188422813441118,0.005188422813441118,-0.005805986622558712,0.5455488758085927,0.28896117699475155
2017-05,composite_1_3_12m,Composite,0.0,23,2017-05-01T00:00:00+00:00,2017-05-31T00:00:00+00:00,-9.423937379282599e-05,-9.423937379282599e-05,-0.009346077388035834,0.014110558181832433,0.30307173517658387
2017-06,composite_1_3_12m,Composite,0.0,22,2017-06-01T00:00:00+00:00,2017-06-30T00:00:00+00:00,-0.0061440642648551425,-0.0061440642648551425,-0.01263587243313058,0.004569199648870537,0.2985025355277135
2017-07,composite_1_3_12m,Composite,0.0,21,2017-07-03T00:00:00+00:00,2017-07-31T00:00:00+00:00,-0.018793967175935955,-0.018793967175935955,-0.04261115675574678,1.2485267762874768,0.9500242407597634
2017-08,composite_1_3_12m,Composite,0.0,23,2017-08-01T00:00:00+00:00,2017-08-31T00:00:00+00:00,-0.014094300053444697,-0.014094300053444697,-0.01618811912003182,0.6237237930507447,0.32630044770901884
2017-09,composite_1_3_12m,Composite,0.0,20,2017-09-01T00:00:00+00:00,2017-09-29T00:00:00+00:00,-0.028469604168381513,-0.028469604168381513,-0.04945333672350338,1.3327532007928462,1.0064527530838274
2017-10,composite_1_3_12m,Composite,0.0,22,2017-10-02T00:00:00+00:00,2017-10-31T00:00:00+00:00,0.0034022060882688,0.0034022060882688,-0.0076907395648867505,1.3216516440507355,0.315198890966908
2017-11,composite_1_3_12m,Composite,0.0,21,2017-11-01T00:00:00+00:00,2017-11-30T00:00:00+00:00,-0.0009665321657814641,-0.0009665321657814641,-0.007214062489945716,0.019620836266742048,0.33481972723365
2017-12,composite_1_3_12m,Composite,0.0,20,2017-12-01T00:00:00+00:00,2017-12-29T00:00:00+00:00,0.008964424182901887,0.008964424182901887,-0.00925945988477983,0.6516875018594199,0.31686777462576987
2018-01,composite_1_3_12m,Composite,0.0,21,2018-01-02T00:00:00+00:00,2018-01-31T00:00:00+00:00,0.022792950322506833,0.022792950322506833,-0.020274377005637167,0.6879614999902789,1.004829274616049
2018-02,composite_1_3_12m,Composite,0.0,19,2018-02-01T00:00:00+00:00,2018-02-28T00:00:00+00:00,-0.01590963905149201,-0.01590963905149201,-0.029802213360106244,0.004499533425884383,1.009328808041933
2018-03,composite_1_3_12m,Composite,0.0,21,2018-03-01T00:00:00+00:00,2018-03-29T00:00:00+00:00,0.001275700774194366,0.001275700774194366,-0.007347676289664151,0.7014892201346392,0.307839587907294
2018-04,composite_1_3_12m,Composite,0.0,21,2018-04-02T00:00:00+00:00,2018-04-30T00:00:00+00:00,-0.0023470598950342536,-0.0023470598950342536,-0.027398122940369918,0.5764666833671213,0.8843062712744152
2018-05,composite_1_3_12m,Composite,0.0,22,2018-05-01T00:00:00+00:00,2018-05-31T00:00:00+00:00,0.004120906014782655,0.004120906014782655,-0.003722274656111302,1.176492031842932,0.2921857605685166
2018-06,composite_1_3_12m,Composite,0.0,21,2018-06-01T00:00:00+00:00,2018-06-29T00:00:00+00:00,0.010863954238692353,0.010863954238692353,-0.0031871904638790527,0.014432333351924453,0.3066180939204412
2018-07,composite_1_3_12m,Composite,0.0,21,2018-07-02T00:00:00+00:00,2018-07-31T00:00:00+00:00,0.00786486452498858,0.00786486452498858,-0.004594699640338762,0.013333261124601092,0.31995135504504213
2018-08,composite_1_3_12m,Composite,0.0,23,2018-08-01T00:00:00+00:00,2018-08-31T00:00:00+00:00,0.013371135804828516,0.013371135804828516,-0.027302449153827735,0.7013745233987387,1.0213258784437813
2018-09,composite_1_3_12m,Composite,0.0,19,2018-09-04T00:00:00+00:00,2018-09-28T00:00:00+00:00,0.008305442981644484,0.008305442981644484,-0.010214731283522238,0.023183464380068686,0.9981424140637121
2018-10,composite_1_3_12m,Composite,0.0,23,2018-10-01T00:00:00+00:00,2018-10-31T00:00:00+00:00,-0.01816411351655256,-0.01816411351655256,-0.04251496886598416,0.06648574160629728,1.06462815567001
2018-11,composite_1_3_12m,Composite,0.0,21,2018-11-01T00:00:00+00:00,2018-11-30T00:00:00+00:00,-0.0030318907872073364,-0.0030318907872073364,-0.007547802189356023,0.7496759764194554,0.3149521792505541
2018-12,composite_1_3_12m,Composite,0.0,20,2018-12-03T00:00:00+00:00,2018-12-31T00:00:00+00:00,0.014001970794541796,0.014001970794541796,-0.0028081987678996168,0.6285589838448484,0.31360680459429435
2019-01,composite_1_3_12m,Composite,0.0,21,2019-01-02T00:00:00+00:00,2019-01-31T00:00:00+00:00,0.01111204699895807,0.01111204699895807,-0.003768716617242318,0.012317950619127216,0.3259247552134215
2019-02,composite_1_3_12m,Composite,0.0,19,2019-02-01T00:00:00+00:00,2019-02-28T00:00:00+00:00,-0.0023071404952242913,-0.0023071404952242913,-0.00820667198410907,0.020610816796388154,0.3465355720098097
2019-03,composite_1_3_12m,Composite,0.0,21,2019-03-01T00:00:00+00:00,2019-03-29T00:00:00+00:00,0.004287601921260098,0.004287601921260098,-0.011536529572242382,0.6845882045743422,0.3380526325645325
2019-04,composite_1_3_12m,Composite,0.0,21,2019-04-01T00:00:00+00:00,2019-04-30T00:00:00+00:00,0.0029982257978213855,0.0029982257978213855,-0.004753874293520033,0.02356019898831707,0.3144924335762154
2019-05,composite_1_3_12m,Composite,0.0,22,2019-05-01T00:00:00+00:00,2019-05-31T00:00:00+00:00,-0.01618656549028008,-0.01618656549028008,-0.026569441863659726,0.6844253473752295,0.9989177809514449
2019-06,composite_1_3_12m,Composite,0.0,20,2019-06-03T00:00:00+00:00,2019-06-28T00:00:00+00:00,0.02831491997286273,0.02831491997286273,-0.004353346029698613,1.3477296315810494,0.3488118506296045
2019-07,composite_1_3_12m,Composite,0.0,22,2019-07-01T00:00:00+00:00,2019-07-31T00:00:00+00:00,0.007315146933306149,0.007315146933306149,-0.012143725687596696,0.4767769490791558,0.8255887997087605
2019-08,composite_1_3_12m,Composite,0.0,22,2019-08-01T00:00:00+00:00,2019-08-30T00:00:00+00:00,0.061784070775513955,0.061784070775513955,-0.012690669325885029,0.03000656535032764,0.855595365059088
2019-09,composite_1_3_12m,Composite,0.0,20,2019-09-03T00:00:00+00:00,2019-09-30T00:00:00+00:00,-0.029174945521709073,-0.029174945521709073,-0.0444924614063521,0.0643015563713083,0.7912938086877797
2019-10,composite_1_3_12m,Composite,0.0,23,2019-10-01T00:00:00+00:00,2019-10-31T00:00:00+00:00,0.007253836228475308,0.007253836228475308,-0.005099650440839487,0.5369219330127911,0.2543718756749885
2019-11,composite_1_3_12m,Composite,0.0,20,2019-11-01T00:00:00+00:00,2019-11-29T00:00:00+00:00,-0.022011932774550935,-0.022011932774550935,-0.03032072402025543,0.5381882825858902,0.7925601582608787
2019-12,composite_1_3_12m,Composite,0.0,21,2019-12-02T00:00:00+00:00,2019-12-31T00:00:00+00:00,-0.009241526772567066,-0.009241526772567066,-0.01063013567265525,1.065576927129993,0.27301676886911425
2020-01,composite_1_3_12m,Composite,0.0,21,2020-01-02T00:00:00+00:00,2020-01-31T00:00:00+00:00,0.034862467881925596,0.034862467881925596,-0.016778280757553277,1.1618565723988241,0.8888398035297099
2020-02,composite_1_3_12m,Composite,0.0,19,2020-02-03T00:00:00+00:00,2020-02-28T00:00:00+00:00,-0.009376939101024329,-0.009376939101024329,-0.06089245812629751,0.039086927337238286,0.9279267308669481
2020-03,composite_1_3_12m,Composite,0.0,22,2020-03-02T00:00:00+00:00,2020-03-31T00:00:00+00:00,0.0068898528355616495,0.0068898528355616495,-0.03433647031369469,0.6452726004125922,0.282654130454356
2020-04,composite_1_3_12m,Composite,0.0,21,2020-04-01T00:00:00+00:00,2020-04-30T00:00:00+00:00,0.02364918134133065,0.02364918134133065,-0.01771924313950879,0.10055097363114601,0.3832051040855021
2020-05,composite_1_3_12m,Composite,0.0,20,2020-05-01T00:00:00+00:00,2020-05-29T00:00:00+00:00,0.009804110260774657,0.009804110260774657,-0.01100234652203358,0.0019838724470018776,0.3812212316385003
2020-06,composite_1_3_12m,Composite,0.0,22,2020-06-01T00:00:00+00:00,2020-06-30T00:00:00+00:00,0.01541666714501222,0.01541666714501222,-0.016107239074060087,0.03672894216710221,0.4179501738056024
2020-07,composite_1_3_12m,Composite,0.0,22,2020-07-01T00:00:00+00:00,2020-07-31T00:00:00+00:00,0.04073873805779571,0.04073873805779571,-0.005125721814051021,0.042445744773451144,0.4603959185790535
2020-08,composite_1_3_12m,Composite,0.0,21,2020-08-03T00:00:00+00:00,2020-08-31T00:00:00+00:00,0.004755572121130092,0.004755572121130092,-0.03361882628422608,0.04956755059161333,0.509963469170667
2020-09,composite_1_3_12m,Composite,0.0,21,2020-09-01T00:00:00+00:00,2020-09-30T00:00:00+00:00,-0.019621238555765808,-0.019621238555765808,-0.026811962980388238,0.042039510874105956,0.46792395829656097
2020-10,composite_1_3_12m,Composite,0.0,22,2020-10-01T00:00:00+00:00,2020-10-30T00:00:00+00:00,-0.00127144061898532,-0.00127144061898532,-0.005363692602768477,0.3007960525463188,0.1671279057502422
2020-11,composite_1_3_12m,Composite,0.0,20,2020-11-02T00:00:00+00:00,2020-11-30T00:00:00+00:00,0.009455046258154853,0.009455046258154853,-0.005724806213166067,0.3505156285520773,0.18338772280183507
2020-12,composite_1_3_12m,Composite,0.0,22,2020-12-01T00:00:00+00:00,2020-12-31T00:00:00+00:00,-0.01049277963287143,-0.01049277963287143,-0.006954374605193769,0.01639625648946269,0.16699146631237233
2021-01,composite_1_3_12m,Composite,0.0,19,2021-01-04T00:00:00+00:00,2021-01-29T00:00:00+00:00,-0.004084574199516133,-0.004084574199516133,-0.011738172200968178,0.349263220883566,0.18227175457119357
2021-02,composite_1_3_12m,Composite,0.0,19,2021-02-01T00:00:00+00:00,2021-02-26T00:00:00+00:00,0.011687369756562038,0.011687369756562038,-0.004989913588426487,0.3576776462656325,0.1754058916944389
2021-03,composite_1_3_12m,Composite,0.0,23,2021-03-01T00:00:00+00:00,2021-03-31T00:00:00+00:00,0.0011930111186493342,0.0011930111186493342,-0.006776972265142622,0.005339391774532742,0.1807452834689717
2021-04,composite_1_3_12m,Composite,0.0,21,2021-04-01T00:00:00+00:00,2021-04-30T00:00:00+00:00,-0.005806669515766361,-0.005806669515766361,-0.007089553842156704,0.01019513589160334,0.190940419360575
2021-05,composite_1_3_12m,Composite,0.0,20,2021-05-03T00:00:00+00:00,2021-05-28T00:00:00+00:00,0.015456164885773171,0.015456164885773171,-0.0018286122669943783,0.39831430923402655,0.20737388987345154
2021-06,composite_1_3_12m,Composite,0.0,22,2021-06-01T00:00:00+00:00,2021-06-30T00:00:00+00:00,-0.04597450847863638,-0.04597450847863638,-0.05129839150252613,0.4578102612468166,0.6651841511202682
2021-07,composite_1_3_12m,Composite,0.0,21,2021-07-01T00:00:00+00:00,2021-07-30T00:00:00+00:00,-0.004762981075318251,-0.004762981075318251,-0.006232189092610918,0.8700661943651109,0.2048820432448427
2021-08,composite_1_3_12m,Composite,0.0,22,2021-08-02T00:00:00+00:00,2021-08-31T00:00:00+00:00,0.0008780870555449294,0.0008780870555449294,-0.01222290089935607,0.4346861988093177,0.229804155564475
2021-09,composite_1_3_12m,Composite,0.0,21,2021-09-01T00:00:00+00:00,2021-09-30T00:00:00+00:00,0.007457914493389506,0.007457914493389506,-0.0044657393965863434,0.45543531117676017,0.22563115561228506
2021-10,composite_1_3_12m,Composite,0.0,21,2021-10-01T00:00:00+00:00,2021-10-29T00:00:00+00:00,-0.010985710982404528,-0.010985710982404528,-0.01997051891828394,0.4601651461755635,0.6857963017878485
2021-11,composite_1_3_12m,Composite,0.0,22,2021-11-01T00:00:00+00:00,2021-11-30T00:00:00+00:00,0.000711409199996238,0.000711409199996238,-0.013922782392011834,0.44815246043569834,0.2376438413521502
1986-11,composite_1_3_12m,Composite,2.0,19,1986-11-03T00:00:00+00:00,1986-11-28T00:00:00+00:00,-0.0038155269641682032,-0.003845753498916027,-0.012436207233711416,0.15178535776260005,0.15178535776260008
1986-12,composite_1_3_12m,Composite,2.0,21,1986-12-01T00:00:00+00:00,1986-12-31T00:00:00+00:00,0.004760527674525505,0.004760341523334155,-0.0027239432527882412,0.0009273135242118813,0.15271267128681196
1987-01,composite_1_3_12m,Composite,2.0,21,1987-01-02T00:00:00+00:00,1987-01-30T00:00:00+00:00,0.0010799392832729904,0.0010761192260748675,-0.007338108457968118,0.019056323599740577,0.17176899488655248
1987-02,composite_1_3_12m,Composite,2.0,19,1987-02-02T00:00:00+00:00,1987-02-27T00:00:00+00:00,-0.001576416082511245,-0.0016402980363552366,-0.02047557710023684,0.3183419350561799,0.49011092994273237
1987-03,composite_1_3_12m,Composite,2.0,22,1987-03-02T00:00:00+00:00,1987-03-31T00:00:00+00:00,0.006434971375004039,0.006370726898340173,-0.002993332522086889,0.3189271445946421,0.1711837853480903
1987-04,composite_1_3_12m,Composite,2.0,21,1987-04-01T00:00:00+00:00,1987-04-30T00:00:00+00:00,0.04488069376668724,0.04479911136287962,-0.02352027057237782,0.3902872890848236,0.5614710744329139
1987-05,composite_1_3_12m,Composite,2.0,20,1987-05-01T00:00:00+00:00,1987-05-29T00:00:00+00:00,-0.00014448059576932515,-0.00016129396029507248,-0.0300900489809951,0.08434260548183947,0.4771284689510743
1987-06,composite_1_3_12m,Composite,2.0,22,1987-06-01T00:00:00+00:00,1987-06-30T00:00:00+00:00,-0.0011472410574313585,-0.001210549052246268,-0.009607836697970051,0.31641209367770307,0.16071637527337132
1987-07,composite_1_3_12m,Composite,2.0,22,1987-07-01T00:00:00+00:00,1987-07-31T00:00:00+00:00,0.008372543708736746,0.008371315967817594,-0.002234226433711295,0.0060814473351774034,0.16679782260854872
1987-08,composite_1_3_12m,Composite,2.0,21,1987-08-03T00:00:00+00:00,1987-08-31T00:00:00+00:00,-0.018708201655259216,-0.01878205559972379,-0.034098498987496506,0.382048123691617,0.5488459463001656
1987-09,composite_1_3_12m,Composite,2.0,21,1987-09-01T00:00:00+00:00,1987-09-30T00:00:00+00:00,0.00014399326731284745,7.061256337670407e-05,-0.005606540064691967,0.36744551184988833,0.1814004344502774
1987-10,composite_1_3_12m,Composite,2.0,22,1987-10-01T00:00:00+00:00,1987-10-30T00:00:00+00:00,0.016459195179727715,0.01637486730352089,-0.02365708541836542,0.4152974506098392,0.5966978850601166
1987-11,composite_1_3_12m,Composite,2.0,20,1987-11-02T00:00:00+00:00,1987-11-30T00:00:00+00:00,0.010141876915281678,0.010058790675792073,-0.005243295238278822,0.4114704115566664,0.18522747350345012
1987-12,composite_1_3_12m,Composite,2.0,22,1987-12-01T00:00:00+00:00,1987-12-31T00:00:00+00:00,-0.009413833732099919,-0.00949099313308488,-0.020991208588680754,0.3890135375375132,0.5742410110409631
1988-01,composite_1_3_12m,Composite,2.0,20,1988-01-04T00:00:00+00:00,1988-01-29T00:00:00+00:00,-0.012698625328267377,-0.01277228827278687,-0.012460405674739716,0.3717541167910741,0.20248689424988925
1988-02,composite_1_3_12m,Composite,2.0,20,1988-02-01T00:00:00+00:00,1988-02-29T00:00:00+00:00,0.01202462798607784,0.01194214981020858,-0.0031349840500983772,0.407509173552539,0.2050222793026498
1988-03,composite_1_3_12m,Composite,2.0,23,1988-03-01T00:00:00+00:00,1988-03-31T00:00:00+00:00,-0.01141626008623442,-0.01141848233044851,-0.014063609504481711,0.011237013037497218,0.19378526626515255
1988-04,composite_1_3_12m,Composite,2.0,20,1988-04-04T00:00:00+00:00,1988-04-29T00:00:00+00:00,-0.0024061062425809743,-0.0024871745534212897,-0.0053869490855659174,0.40662137878455645,0.2128361125194039
1988-05,composite_1_3_12m,Composite,2.0,21,1988-05-02T00:00:00+00:00,1988-05-31T00:00:00+00:00,-0.011384996543362558,-0.011563036568015495,-0.026897178217759055,0.907919284213989,0.6950831716945849
1988-06,composite_1_3_12m,Composite,2.0,22,1988-06-01T00:00:00+00:00,1988-06-30T00:00:00+00:00,-0.03660730474158935,-0.03688643174013373,-0.05486137272157021,1.4548908791824755,0.7598077074878904
1988-07,composite_1_3_12m,Composite,2.0,20,1988-07-01T00:00:00+00:00,1988-07-29T00:00:00+00:00,-0.018509266977870475,-0.01880916056477644,-0.03620360062635508,1.5226861637763118,0.7628784562884215
1988-08,composite_1_3_12m,Composite,2.0,23,1988-08-01T00:00:00+00:00,1988-08-31T00:00:00+00:00,0.003502440091567305,0.003392224207172223,-0.0032156911868715943,0.5496011694727183,0.21327728681570338
1988-09,composite_1_3_12m,Composite,2.0,21,1988-09-01T00:00:00+00:00,1988-09-30T00:00:00+00:00,0.07312961064940704,0.07301757966772526,-0.007519913439982151,0.5230309676830905,0.7363082544987941
1988-10,composite_1_3_12m,Composite,2.0,21,1988-10-03T00:00:00+00:00,1988-10-31T00:00:00+00:00,-0.02923177303857849,-0.029233353973122322,-0.024281215182519467,0.008097146107629571,0.7444054006064234
1988-11,composite_1_3_12m,Composite,2.0,20,1988-11-01T00:00:00+00:00,1988-11-30T00:00:00+00:00,-0.009199730452249755,-0.009295083093392775,-0.009889464171324636,0.48152523224732435,0.2628801683590991
1988-12,composite_1_3_12m,Composite,2.0,21,1988-12-01T00:00:00+00:00,1988-12-30T00:00:00+00:00,0.010674453546127172,0.01067416885222272,-0.004994738001869892,0.0014093017151501352,0.2642894700742493
1989-01,composite_1_3_12m,Composite,2.0,21,1989-01-03T00:00:00+00:00,1989-01-31T00:00:00+00:00,0.01059340403750575,0.01059255838012052,-0.003859110219101125,0.004181061000976871,0.26010840907327226
1989-02,composite_1_3_12m,Composite,2.0,19,1989-02-01T00:00:00+00:00,1989-02-28T00:00:00+00:00,0.011335114748714403,0.01121164685395537,-0.021638839415374034,0.6085447442536432,0.8686531533269156
1989-03,composite_1_3_12m,Composite,2.0,22,1989-03-01T00:00:00+00:00,1989-03-31T00:00:00+00:00,-0.0005025625440749915,-0.0005045321210636056,-0.0304957926397581,0.009926008841219192,0.8785791621681347
1989-04,composite_1_3_12m,Composite,2.0,20,1989-04-03T00:00:00+00:00,1989-04-28T00:00:00+00:00,0.019874752105637716,0.019862499264216682,-0.012965228183865696,0.05993162157009957,0.8186475405980354
1989-05,composite_1_3_12m,Composite,2.0,22,1989-05-01T00:00:00+00:00,1989-05-31T00:00:00+00:00,0.033121574333961235,0.03310758201372299,-0.014539057399061028,0.06768710410349876,0.8863346447015341
1989-06,composite_1_3_12m,Composite,2.0,22,1989-06-01T00:00:00+00:00,1989-06-30T00:00:00+00:00,-0.029972795636012073,-0.029977754639053056,-0.04819041106492272,0.025510277936454773,0.911844922637989
1989-07,composite_1_3_12m,Composite,2.0,20,1989-07-03T00:00:00+00:00,1989-07-31T00:00:00+00:00,-0.0011804689899063137,-0.0013195572701745206,-0.007731427723216666,0.6947408855365955,0.2171040371013933
1989-08,composite_1_3_12m,Composite,2.0,23,1989-08-01T00:00:00+00:00,1989-08-31T00:00:00+00:00,0.007087443511542224,0.007084157636022104,-0.0032843982829348084,0.016312889809807246,0.20079114729158604
1989-09,composite_1_3_12m,Composite,2.0,20,1989-09-01T00:00:00+00:00,1989-09-29T00:00:00+00:00,-0.012182612803571136,-0.012275509996947598,-0.018172394539670345,0.469610513222698,0.670401660514284
1989-10,composite_1_3_12m,Composite,2.0,22,1989-10-02T00:00:00+00:00,1989-10-31T00:00:00+00:00,-0.003849857633168474,-0.003933592267559183,-0.010754221496700134,0.42026297231879517,0.25013868819548885
1989-11,composite_1_3_12m,Composite,2.0,21,1989-11-01T00:00:00+00:00,1989-11-30T00:00:00+00:00,-0.027360110433406692,-0.027364468168049827,-0.029035109031352757,0.022412901619244474,0.2725515898147333
1989-12,composite_1_3_12m,Composite,2.0,20,1989-12-01T00:00:00+00:00,1989-12-29T00:00:00+00:00,-0.0070596772458053625,-0.007162422096777088,-0.012542033075798487,0.5179240973451542,0.24537250753042086
1990-01,composite_1_3_12m,Composite,2.0,22,1990-01-02T00:00:00+00:00,1990-01-31T00:00:00+00:00,-0.007091009315412067,-0.007183853119016037,-0.015684344664176786,0.4683318093383637,0.2229593018079428
1990-02,composite_1_3_12m,Composite,2.0,19,1990-02-01T00:00:00+00:00,1990-02-28T00:00:00+00:00,-0.014194053507591287,-0.014368455807039937,-0.029252298077370398,0.8923620249914466,0.6694027231835037
1990-03,composite_1_3_12m,Composite,2.0,22,1990-03-01T00:00:00+00:00,1990-03-30T00:00:00+00:00,0.019555048027345423,0.01937128847590297,-0.006139985493728295,0.9011241631456732,0.23172143996216946
1990-04,composite_1_3_12m,Composite,2.0,20,1990-04-02T00:00:00+00:00,1990-04-30T00:00:00+00:00,0.004881664437319078,0.0048170900225459334,-0.015687713740509923,0.321540597716536,0.5532620376787054
1990-05,composite_1_3_12m,Composite,2.0,22,1990-05-01T00:00:00+00:00,1990-05-31T00:00:00+00:00,0.0036987591628330208,0.0036878454146447304,-0.01116386259599833,0.054252037321444346,0.60751407500015
1990-06,composite_1_3_12m,Composite,2.0,21,1990-06-01T00:00:00+00:00,1990-06-29T00:00:00+00:00,0.004797819048313334,0.00471750256862058,-0.005930783421589592,0.4008079260627847,0.2067061489373651
1990-07,composite_1_3_12m,Composite,2.0,21,1990-07-02T00:00:00+00:00,1990-07-31T00:00:00+00:00,-0.03597889178088687,-0.03607031344446432,-0.0436944014653079,0.4733619793838566,0.6800681283212219
1990-08,composite_1_3_12m,Composite,2.0,22,1990-08-01T00:00:00+00:00,1990-08-31T00:00:00+00:00,0.01798226920872481,0.017711887781257207,-0.05291300058424009,1.335370164202569,0.6553020358813471
1990-09,composite_1_3_12m,Composite,2.0,19,1990-09-04T00:00:00+00:00,1990-09-28T00:00:00+00:00,0.02430637428234994,0.024274510497992452,-0.01437597629966525,0.15579785431083382,0.4995041815705134
1990-10,composite_1_3_12m,Composite,2.0,23,1990-10-01T00:00:00+00:00,1990-10-31T00:00:00+00:00,-0.03300303031186658,-0.033003950482223154,-0.043823089663327264,0.004660891409012602,0.5041650729795263
1990-11,composite_1_3_12m,Composite,2.0,21,1990-11-01T00:00:00+00:00,1990-11-30T00:00:00+00:00,0.0019481365697455733,0.0018786814799178764,-0.004209462334058389,0.3468576099405676,0.1573074630389585
1990-12,composite_1_3_12m,Composite,2.0,19,1990-12-03T00:00:00+00:00,1990-12-31T00:00:00+00:00,-0.00476184087509135,-0.004826811001253262,-0.010763449930351832,0.32744156617520387,0.17013410313624538
1991-01,composite_1_3_12m,Composite,2.0,22,1991-01-02T00:00:00+00:00,1991-01-31T00:00:00+00:00,0.011940911568267598,0.01193994410354482,-0.007740876642062577,0.0047910067619902075,0.17492510989823554
1991-02,composite_1_3_12m,Composite,2.0,19,1991-02-01T00:00:00+00:00,1991-02-28T00:00:00+00:00,-0.0010071131008566603,-0.0010598846176405052,-0.012949854247498283,0.26406065734313333,0.4389857672413689
1991-03,composite_1_3_12m,Composite,2.0,20,1991-03-01T00:00:00+00:00,1991-03-28T00:00:00+00:00,0.004243247429361219,0.00418778110439777,-0.002167458745930384,0.2762085394372962,0.1627772278040727
1991-04,composite_1_3_12m,Composite,2.0,22,1991-04-01T00:00:00+00:00,1991-04-30T00:00:00+00:00,0.0023726508575028227,0.0022945009402468575,-0.0101466505076383,0.3880323549006741,0.550809582704747
1991-05,composite_1_3_12m,Composite,2.0,22,1991-05-01T00:00:00+00:00,1991-05-31T00:00:00+00:00,-0.01284557770123329,-0.012862913573873258,-0.019621429937323187,0.08780729867728021,0.6386168813820272
1991-06,composite_1_3_12m,Composite,2.0,20,1991-06-03T00:00:00+00:00,1991-06-28T00:00:00+00:00,-0.0034371191894253528,-0.0035175251107868455,-0.006957419608522808,0.4029993018481296,0.23561757953389745
1991-07,composite_1_3_12m,Composite,2.0,21,1991-07-01T00:00:00+00:00,1991-07-31T00:00:00+00:00,0.0017040012353257694,0.0015027016015722872,-0.015306096532423874,1.004577190577438,0.768959611043541
1991-08,composite_1_3_12m,Composite,2.0,22,1991-08-01T00:00:00+00:00,1991-08-30T00:00:00+00:00,-0.013859097391959008,-0.013954824336759764,-0.013481591880374011,0.48517566429985537,0.28378394674368557
1991-09,composite_1_3_12m,Composite,2.0,20,1991-09-03T00:00:00+00:00,1991-09-30T00:00:00+00:00,-0.01178093034354688,-0.012016324685942936,-0.023499488364346788,1.1910028333999838,0.9072188866562986
1991-10,composite_1_3_12m,Composite,2.0,23,1991-10-01T00:00:00+00:00,1991-10-31T00:00:00+00:00,-0.0020328224005902173,-0.002149744841436263,-0.007748556700691078,0.5858030377663123,0.3214158488899861
1991-11,composite_1_3_12m,Composite,2.0,20,1991-11-01T00:00:00+00:00,1991-11-29T00:00:00+00:00,-0.01129632275912007,-0.011302644681798313,-0.016045476773700273,0.03205249482052641,0.35346834371051267
1991-12,composite_1_3_12m,Composite,2.0,21,1991-12-02T00:00:00+00:00,1991-12-31T00:00:00+00:00,-0.015620361188578125,-0.015761470444595194,-0.017716126140833177,0.7159020450124747,0.36243370130196223
1992-01,composite_1_3_12m,Composite,2.0,22,1992-01-02T00:00:00+00:00,1992-01-31T00:00:00+00:00,-0.011364350589096128,-0.011634699128959536,-0.0251077601145836,1.3750769495385473,1.0126432482365855
1992-02,composite_1_3_12m,Composite,2.0,19,1992-02-03T00:00:00+00:00,1992-02-28T00:00:00+00:00,0.004488139945156622,0.004352705333552365,-0.004241017274019154,0.6744650023127511,0.33817824592383416
1992-03,composite_1_3_12m,Composite,2.0,22,1992-03-02T00:00:00+00:00,1992-03-31T00:00:00+00:00,0.026247570006474596,0.02609665494439839,-0.021916999320728103,0.7388543715763006,1.0770326175001346
1992-04,composite_1_3_12m,Composite,2.0,21,1992-04-01T00:00:00+00:00,1992-04-30T00:00:00+00:00,0.024975473404579063,0.02496297956882687,-0.015830003329284525,0.061127695317116704,1.1381603128172517
1992-05,composite_1_3_12m,Composite,2.0,20,1992-05-01T00:00:00+00:00,1992-05-29T00:00:00+00:00,-0.0019695910190583588,-0.001975251096336783,-0.0145170509153697,0.028219202586547087,1.1663795154037984
1992-06,composite_1_3_12m,Composite,2.0,22,1992-06-01T00:00:00+00:00,1992-06-30T00:00:00+00:00,-0.0076202050871007065,-0.007766658739681298,-0.008069371411627113,0.7367670055153601,0.42961250988843835
1992-07,composite_1_3_12m,Composite,2.0,22,1992-07-01T00:00:00+00:00,1992-07-31T00:00:00+00:00,-0.021971859661112703,-0.021977114484161064,-0.02224698082698262,0.026821651424656867,0.45643416131309544
1992-08,composite_1_3_12m,Composite,2.0,21,1992-08-03T00:00:00+00:00,1992-08-31T00:00:00+00:00,-0.018935836372864,-0.019109561198500047,-0.023190159349615658,0.8803014280361856,0.4238672667230905
1992-09,composite_1_3_12m,Composite,2.0,21,1992-09-01T00:00:00+00:00,1992-09-30T00:00:00+00:00,-0.004177134525624182,-0.00432886940303312,-0.011698678129196893,0.7632796115284162,0.3394123448053258
1992-10,composite_1_3_12m,Composite,2.0,22,1992-10-01T00:00:00+00:00,1992-10-30T00:00:00+00:00,-0.008979689182709083,-0.009113766763904296,-0.0137112456085845,0.6762666755034616,0.336854330698136
1992-11,composite_1_3_12m,Composite,2.0,20,1992-11-02T00:00:00+00:00,1992-11-30T00:00:00+00:00,0.014096435421451892,0.013813269772581238,-0.017151590515568027,1.3939777373486892,1.0571234066505535
1992-12,composite_1_3_12m,Composite,2.0,22,1992-12-01T00:00:00+00:00,1992-12-31T00:00:00+00:00,0.00784802374389848,0.007831051845979653,-0.015940118048267227,0.08402686308499563,1.1411502697355485
1993-01,composite_1_3_12m,Composite,2.0,20,1993-01-04T00:00:00+00:00,1993-01-29T00:00:00+00:00,0.0085289600545837,0.008508155225128267,-0.015532559419862091,0.10495796268848445,1.2461082324240338
1993-02,composite_1_3_12m,Composite,2.0,19,1993-02-01T00:00:00+00:00,1993-02-26T00:00:00+00:00,0.005543194613909064,0.005531002609968194,-0.018988040779776894,0.060623969247141085,1.3067322016711744
1993-03,composite_1_3_12m,Composite,2.0,23,1993-03-01T00:00:00+00:00,1993-03-31T00:00:00+00:00,-0.03865323392157671,-0.03865999418655264,-0.046686463749034846,0.035133216544874335,1.2715989851262999
1993-04,composite_1_3_12m,Composite,2.0,21,1993-04-01T00:00:00+00:00,1993-04-30T00:00:00+00:00,0.022750975632809256,0.022402272363289732,-0.005223093337165641,1.7066994836404201,0.4351004985141201
1993-05,composite_1_3_12m,Composite,2.0,20,1993-05-03T00:00:00+00:00,1993-05-28T00:00:00+00:00,0.07186315977315738,0.07171779414409918,-0.010860098402883156,0.6740971194452083,1.1091976179593284
1993-06,composite_1_3_12m,Composite,2.0,22,1993-06-01T00:00:00+00:00,1993-06-30T00:00:00+00:00,-0.0025254664857808917,-0.002568470399974321,-0.02827536822023924,0.21098178083230468,0.8982158371270235
1993-07,composite_1_3_12m,Composite,2.0,21,1993-07-01T00:00:00+00:00,1993-07-30T00:00:00+00:00,0.023277504440530672,0.023151942770769596,-0.0058686523497626375,0.6176129866371695,0.2806028504898543
1993-08,composite_1_3_12m,Composite,2.0,22,1993-08-02T00:00:00+00:00,1993-08-31T00:00:00+00:00,-0.0703631480919934,-0.07046183685933616,-0.07844022820695307,0.5296418321243802,0.8102446826142343
1993-09,composite_1_3_12m,Composite,2.0,21,1993-09-01T00:00:00+00:00,1993-09-30T00:00:00+00:00,0.009662633084122518,0.009458847492276101,-0.011486808450675401,1.0108470682089283,0.20060238559469384
1993-10,composite_1_3_12m,Composite,2.0,21,1993-10-01T00:00:00+00:00,1993-10-29T00:00:00+00:00,-0.0061459726916518465,-0.006150750962070961,-0.00934855885874819,0.024041472850419382,0.17656091274427452
1993-11,composite_1_3_12m,Composite,2.0,20,1993-11-01T00:00:00+00:00,1993-11-30T00:00:00+00:00,0.0013575370596421443,0.0012821988245581561,-0.004022748950636257,0.3746682376898918,0.19810732494561734
1993-12,composite_1_3_12m,Composite,2.0,21,1993-12-01T00:00:00+00:00,1993-12-30T00:00:00+00:00,0.010973415908678952,0.010971614466153579,-0.0020173640304992357,0.008932757428546961,0.20704008237416432
1994-01,composite_1_3_12m,Composite,2.0,21,1994-01-03T00:00:00+00:00,1994-01-31T00:00:00+00:00,-0.014473098611332613,-0.014567280352841161,-0.028077447707245407,0.48017037475265056,0.6872104571268148
1994-02,composite_1_3_12m,Composite,2.0,19,1994-02-01T00:00:00+00:00,1994-02-28T00:00:00+00:00,-0.0006111306603899802,-0.0006998572330180197,-0.007182908434133273,0.4446060047753245,0.24260445235149034
1994-03,composite_1_3_12m,Composite,2.0,23,1994-03-01T00:00:00+00:00,1994-03-31T00:00:00+00:00,0.007870188321187355,0.007867967558725875,-0.003403641077150521,0.010994462028165647,0.2535989143796559
1994-04,composite_1_3_12m,Composite,2.0,19,1994-04-04T00:00:00+00:00,1994-04-29T00:00:00+00:00,-0.03295662009145828,-0.03306068910413995,-0.03366196674324562,0.5320741959602479,0.7856731103399038
1994-05,composite_1_3_12m,Composite,2.0,21,1994-05-02T00:00:00+00:00,1994-05-31T00:00:00+00:00,-0.008697373687482357,-0.008906221293200178,-0.01087186490826253,1.0536987693794713,0.26802565903956743
1994-06,composite_1_3_12m,Composite,2.0,22,1994-06-01T00:00:00+00:00,1994-06-30T00:00:00+00:00,-0.005525017445689895,-0.005741322996907217,-0.02048117191236143,1.0791673352717222,0.8111416762321546
1994-07,composite_1_3_12m,Composite,2.0,20,1994-07-01T00:00:00+00:00,1994-07-29T00:00:00+00:00,-0.0014620476579506603,-0.0016782035132776318,-0.007094892536609554,1.0817567250731455,0.2706150488409909
1994-08,composite_1_3_12m,Composite,2.0,23,1994-08-01T00:00:00+00:00,1994-08-31T00:00:00+00:00,0.0012080684402677733,0.0010973377565071107,-0.005748137871407821,0.553065637239671,0.28245058839868004
1994-09,composite_1_3_12m,Composite,2.0,21,1994-09-01T00:00:00+00:00,1994-09-30T00:00:00+00:00,0.016405247826077884,0.01627119622927209,-0.009290565835540776,0.6602350605805063,0.9426856489791863
1994-10,composite_1_3_12m,Composite,2.0,21,1994-10-03T00:00:00+00:00,1994-10-31T00:00:00+00:00,-0.03300111354279445,-0.033018659331000566,-0.03450697675943715,0.09086439665375612,1.0335500456329425
1994-11,composite_1_3_12m,Composite,2.0,20,1994-11-01T00:00:00+00:00,1994-11-30T00:00:00+00:00,0.00035701721536507414,7.285169294846128e-05,-0.004110630465436027,1.4191821156453932,0.3856320700124506
1994-12,composite_1_3_12m,Composite,2.0,21,1994-12-01T00:00:00+00:00,1994-12-30T00:00:00+00:00,3.5765969200518555e-05,2.819542981202794e-05,-0.006997351074766511,0.03794307879304132,0.42357514880549196
1995-01,composite_1_3_12m,Composite,2.0,21,1995-01-03T00:00:00+00:00,1995-01-31T00:00:00+00:00,0.02255454264601564,0.02236218098085807,-0.047312736324766846,0.9523775980283686,1.3759527468338606
1995-02,composite_1_3_12m,Composite,2.0,19,1995-02-01T00:00:00+00:00,1995-02-28T00:00:00+00:00,-0.001955693937460312,-0.002002915542100858,-0.012598638648941174,0.23585658899124828,1.1400961578426125
1995-03,composite_1_3_12m,Composite,2.0,23,1995-03-01T00:00:00+00:00,1995-03-31T00:00:00+00:00,-0.01773380229607835,-0.017873881626370935,-0.02004776099368588,0.7147252933193868,0.4253708645232254
1995-04,composite_1_3_12m,Composite,2.0,19,1995-04-03T00:00:00+00:00,1995-04-28T00:00:00+00:00,-0.012148523367303321,-0.012395649595084546,-0.02040409220523909,1.2524009766442994,0.827030112121074
1995-05,composite_1_3_12m,Composite,2.0,22,1995-05-01T00:00:00+00:00,1995-05-31T00:00:00+00:00,-0.0008641001079864319,-0.0009500109977725879,-0.010336432490195224,0.4304964091646983,0.39653370295637574
1995-06,composite_1_3_12m,Composite,2.0,22,1995-06-01T00:00:00+00:00,1995-06-30T00:00:00+00:00,0.0020433608913468237,0.0018811503911193572,-0.007615023277987021,0.8087959782706274,0.4122622753142517
1995-07,composite_1_3_12m,Composite,2.0,19,1995-07-05T00:00:00+00:00,1995-07-31T00:00:00+00:00,-0.010847503939795278,-0.01103694027064639,-0.031316892788636363,0.9589309321183754,1.371193207432627
1995-08,composite_1_3_12m,Composite,2.0,23,1995-08-01T00:00:00+00:00,1995-08-31T00:00:00+00:00,0.0015624882342113455,0.0013708571665247415,-0.002137599936351764,0.9561494243719804,0.4150437830606467
1995-09,composite_1_3_12m,Composite,2.0,20,1995-09-01T00:00:00+00:00,1995-09-29T00:00:00+00:00,0.001120250601780448,0.0009198411324273792,-0.02060546068979463,1.0090311665248366,1.4240749495854836
1995-10,composite_1_3_12m,Composite,2.0,22,1995-10-02T00:00:00+00:00,1995-10-31T00:00:00+00:00,0.0028834582704322376,0.002700597026698226,-0.003967046289563458,0.9137239248003736,0.5103510247851096
1995-11,composite_1_3_12m,Composite,2.0,20,1995-11-01T00:00:00+00:00,1995-11-30T00:00:00+00:00,-0.02041707984805241,-0.020659952661535974,-0.03212948865489418,1.242501778283879,1.7528528030689887
1995-12,composite_1_3_12m,Composite,2.0,20,1995-12-01T00:00:00+00:00,1995-12-29T00:00:00+00:00,-0.0020669329999557506,-0.002732781304804033,-0.016384553433156923,3.319992394526084,1.5671395914570954
1996-01,composite_1_3_12m,Composite,2.0,21,1996-01-02T00:00:00+00:00,1996-01-31T00:00:00+00:00,0.030116849032423065,0.029914131240812658,-0.005924436417063528,0.9895202204934042,0.5776193709636909
1996-02,composite_1_3_12m,Composite,2.0,20,1996-02-01T00:00:00+00:00,1996-02-29T00:00:00+00:00,-0.026530780459306236,-0.02670164973980027,-0.06334907503737863,0.8940720666603879,1.4716914376240786
1996-03,composite_1_3_12m,Composite,2.0,21,1996-03-01T00:00:00+00:00,1996-03-29T00:00:00+00:00,-0.0027638237329900006,-0.0029772730152857196,-0.005840484228557985,1.0691304326708018,0.402561004953277
1996-04,composite_1_3_12m,Composite,2.0,21,1996-04-01T00:00:00+00:00,1996-04-30T00:00:00+00:00,-0.005132977332882094,-0.005136286787725819,-0.008916523149741007,0.016620399058843882,0.4191814040121209
1996-05,composite_1_3_12m,Composite,2.0,22,1996-05-01T00:00:00+00:00,1996-05-31T00:00:00+00:00,-0.0010644157511917607,-0.0012367988707763233,-0.003945056711789019,0.8614762538264604,0.44229484981433953
1996-06,composite_1_3_12m,Composite,2.0,20,1996-06-03T00:00:00+00:00,1996-06-28T00:00:00+00:00,-0.016134863062599925,-0.016319223186551657,-0.01514864412300343,0.9359794391889349,0.49368458937459536
1996-07,composite_1_3_12m,Composite,2.0,21,1996-07-01T00:00:00+00:00,1996-07-31T00:00:00+00:00,-0.04790511730337044,-0.04831130595249178,-0.0458383994771856,2.1231118553770227,1.6294272660024274
1996-08,composite_1_3_12m,Composite,2.0,22,1996-08-01T00:00:00+00:00,1996-08-30T00:00:00+00:00,-0.0024612998775542794,-0.002894717191912588,-0.005059702606759919,2.1694491972119043,0.5400219312094768
1996-09,composite_1_3_12m,Composite,2.0,20,1996-09-03T00:00:00+00:00,1996-09-30T00:00:00+00:00,0.016657951075950583,0.016427938176463597,-0.0027742349969649416,1.1325911393161476,0.5925692081066709
1996-10,composite_1_3_12m,Composite,2.0,23,1996-10-01T00:00:00+00:00,1996-10-31T00:00:00+00:00,0.0066002841982237825,0.006328946088793641,-0.02568623026837913,1.344364247634271,1.936933455740942
1996-11,composite_1_3_12m,Composite,2.0,19,1996-11-01T00:00:00+00:00,1996-11-27T00:00:00+00:00,0.021211164065359167,0.02120137449182824,-0.028371293593367874,0.04790609613763497,1.984839551878577
1996-12,composite_1_3_12m,Composite,2.0,21,1996-12-02T00:00:00+00:00,1996-12-31T00:00:00+00:00,0.030257233163412334,0.0302518721032925,-0.01370183065736752,0.026575122010606522,1.9582644298679694
1997-01,composite_1_3_12m,Composite,2.0,22,1997-01-02T00:00:00+00:00,1997-01-31T00:00:00+00:00,0.13184494042684936,0.13184403398539457,-0.030902309009274487,0.004059600846858968,1.96232403071483
1997-02,composite_1_3_12m,Composite,2.0,19,1997-02-03T00:00:00+00:00,1997-02-28T00:00:00+00:00,-0.06759545367420661,-0.0677246162437416,-0.08149551881953132,0.6862453778290922,1.276078652885737
1997-03,composite_1_3_12m,Composite,2.0,20,1997-03-03T00:00:00+00:00,1997-03-31T00:00:00+00:00,0.011507623354063412,0.011326597899526059,-0.006217618175141992,0.8960407809650082,0.38003787192072896
1997-04,composite_1_3_12m,Composite,2.0,22,1997-04-01T00:00:00+00:00,1997-04-30T00:00:00+00:00,0.03771309456554084,0.03758070153143067,-0.0047512410841253905,0.6366252789495863,1.016663150870315
1997-05,composite_1_3_12m,Composite,2.0,21,1997-05-01T00:00:00+00:00,1997-05-30T00:00:00+00:00,-0.020831162000682135,-0.020847942419981114,-0.02855312174264657,0.08554865581988458,1.1022118066901998
1997-06,composite_1_3_12m,Composite,2.0,19,1997-06-02T00:00:00+00:00,1997-06-30T00:00:00+00:00,0.012894634404857719,0.012744871208261177,-0.002630708107656643,0.7400536638682056,0.36215814282199416
1997-07,composite_1_3_12m,Composite,2.0,22,1997-07-01T00:00:00+00:00,1997-07-31T00:00:00+00:00,0.01963119966467808,0.01948006029805427,-0.04988893632253988,0.7416351890058841,1.1037933318278779
1997-08,composite_1_3_12m,Composite,2.0,21,1997-08-01T00:00:00+00:00,1997-08-29T00:00:00+00:00,0.002244430187298363,0.002191974968769328,-0.02565341065491966,0.2614875131815493,0.8423058186463291
1997-09,composite_1_3_12m,Composite,2.0,21,1997-09-02T00:00:00+00:00,1997-09-30T00:00:00+00:00,-0.02460336250041728,-0.024604936397602528,-0.037661596230621375,0.008101515487125566,0.8504073341334545
1997-10,composite_1_3_12m,Composite,2.0,23,1997-10-01T00:00:00+00:00,1997-10-31T00:00:00+00:00,-0.02348252093189196,-0.02371058227831835,-0.027053349840535645,1.1668504696656015,0.3164431355321468
1997-11,composite_1_3_12m,Composite,2.0,18,1997-11-03T00:00:00+00:00,1997-11-26T00:00:00+00:00,0.0295517475628555,0.02934776255040461,-0.007244504566058074,0.9857632454798451,0.6693201099476983
1997-12,composite_1_3_12m,Composite,2.0,22,1997-12-01T00:00:00+00:00,1997-12-31T00:00:00+00:00,0.01984245476770674,0.01983470262153597,-0.03173766336299477,0.03826777140301463,0.707587881350713
1998-01,composite_1_3_12m,Composite,2.0,20,1998-01-02T00:00:00+00:00,1998-01-30T00:00:00+00:00,-0.03513794326434061,-0.035142835192640276,-0.06686705385644998,0.02538023044292681,0.6822076509077861
1998-02,composite_1_3_12m,Composite,2.0,19,1998-02-02T00:00:00+00:00,1998-02-27T00:00:00+00:00,0.0027559664030825104,0.00265870675045643,-0.004952710036017383,0.48483602867408787,0.19737162223369825
1998-03,composite_1_3_12m,Composite,2.0,22,1998-03-02T00:00:00+00:00,1998-03-31T00:00:00+00:00,-0.0023555298221196175,-0.002357947575624464,-0.009458648429208738,0.012113926801230773,0.20948554903492908
1998-04,composite_1_3_12m,Composite,2.0,21,1998-04-01T00:00:00+00:00,1998-04-30T00:00:00+00:00,0.003469543001880959,0.0033826052666801054,-0.0056103052443556845,0.43273931503323115,0.22325376599830207
1998-05,composite_1_3_12m,Composite,2.0,19,1998-05-01T00:00:00+00:00,1998-05-29T00:00:00+00:00,-0.010038379487872673,-0.010041584410526383,-0.008125421282663137,0.01613298927865886,0.2393867552769609
1998-06,composite_1_3_12m,Composite,2.0,22,1998-06-01T00:00:00+00:00,1998-06-30T00:00:00+00:00,-0.009256034830093518,-0.009451084345171723,-0.03646912193983398,0.9957116920567348,0.7563249367797737
1998-07,composite_1_3_12m,Composite,2.0,22,1998-07-01T00:00:00+00:00,1998-07-31T00:00:00+00:00,0.005917042090258562,0.005811986845283945,-0.004915560808002817,0.5224731750613492,0.23385176171842473
1998-08,composite_1_3_12m,Composite,2.0,21,1998-08-03T00:00:00+00:00,1998-08-31T00:00:00+00:00,0.030186561344736296,0.03008099670794362,-0.01197767556032403,0.5157944978070685,0.7496462595254931
1998-09,composite_1_3_12m,Composite,2.0,21,1998-09-01T00:00:00+00:00,1998-09-30T00:00:00+00:00,-0.052857283992150284,-0.05285966884961257,-0.0442386255193129,0.012476218048974808,0.762122477574468
1998-10,composite_1_3_12m,Composite,2.0,22,1998-10-01T00:00:00+00:00,1998-10-30T00:00:00+00:00,-0.004271646237626436,-0.0044717054675254,-0.0075619475229175,1.0071393535827318,0.24501687600826375
1998-11,composite_1_3_12m,Composite,2.0,19,1998-11-02T00:00:00+00:00,1998-11-30T00:00:00+00:00,-0.0013787084440348707,-0.0014790295769718798,-0.008323586352580792,0.5035361531846849,0.2585192771764212
1998-12,composite_1_3_12m,Composite,2.0,22,1998-12-01T00:00:00+00:00,1998-12-31T00:00:00+00:00,-0.005448859808983464,-0.005554643329394371,-0.00909573576017586,0.5322099755976728,0.2736906984212516
1999-01,composite_1_3_12m,Composite,2.0,19,1999-01-04T00:00:00+00:00,1999-01-29T00:00:00+00:00,0.0024920992694461575,0.00226204550996556,-0.0175213471192337,1.1505403731575838,0.8768496747363322
1999-02,composite_1_3_12m,Composite,2.0,19,1999-02-01T00:00:00+00:00,1999-02-26T00:00:00+00:00,-0.000805675546695972,-0.0008147867699711542,-0.010256065005036619,0.045199008919169725,0.9220486836555019
1999-03,composite_1_3_12m,Composite,2.0,23,1999-03-01T00:00:00+00:00,1999-03-31T00:00:00+00:00,0.007082015247267925,0.0069616221605384165,-0.008664351855343089,0.598135226288924,0.32391345736657795
1999-04,composite_1_3_12m,Composite,2.0,21,1999-04-01T00:00:00+00:00,1999-04-30T00:00:00+00:00,-0.020202247771490822,-0.02032782016176271,-0.025532817739191915,0.6405884593856566,0.9645019167522344
1999-05,composite_1_3_12m,Composite,2.0,19,1999-05-03T00:00:00+00:00,1999-05-28T00:00:00+00:00,0.019443989401927597,0.019317946762928084,-0.0037200916531533457,0.6183417658466812,0.3461601509055534
1999-06,composite_1_3_12m,Composite,2.0,22,1999-06-01T00:00:00+00:00,1999-06-30T00:00:00+00:00,0.029745911431670713,0.029621370022582694,-0.013586320983666522,0.6100337261784372,0.9561938770839905
1999-07,composite_1_3_12m,Composite,2.0,21,1999-07-01T00:00:00+00:00,1999-07-30T00:00:00+00:00,0.017549652610804545,0.017539919695182427,-0.022682152492913388,0.04767955422713688,1.0038734313111275
1999-08,composite_1_3_12m,Composite,2.0,22,1999-08-02T00:00:00+00:00,1999-08-31T00:00:00+00:00,0.005173884328397271,0.005167383746693455,-0.022946423016167894,0.032456980859022266,0.9714164504521048
1999-09,composite_1_3_12m,Composite,2.0,21,1999-09-01T00:00:00+00:00,1999-09-30T00:00:00+00:00,-0.1589062198861888,-0.1589188414589402,-0.1939436566653061,0.07554972642650304,1.0469661768786085
1999-10,composite_1_3_12m,Composite,2.0,21,1999-10-01T00:00:00+00:00,1999-10-29T00:00:00+00:00,0.001669197625542962,0.001379083816525517,-0.04631395485197509,1.4597274107239373,0.4127612338453289
1999-11,composite_1_3_12m,Composite,2.0,20,1999-11-01T00:00:00+00:00,1999-11-30T00:00:00+00:00,-0.009365703283042204,-0.009367950555552174,-0.011719825960866848,0.011210597768177621,0.40155063607715136
1999-12,composite_1_3_12m,Composite,2.0,21,1999-12-01T00:00:00+00:00,1999-12-30T00:00:00+00:00,0.0014999106923818672,0.0013909338455606601,-0.007179896838781286,0.5443598792676108,0.14280924319045937
2000-01,composite_1_3_12m,Composite,2.0,18,2000-01-04T00:00:00+00:00,2000-01-31T00:00:00+00:00,0.0017505535500501601,0.001747679932716073,-0.0043590972930793725,0.014388913151054866,0.1571981563415142
2000-02,composite_1_3_12m,Composite,2.0,20,2000-02-01T00:00:00+00:00,2000-02-29T00:00:00+00:00,-0.01807035635515053,-0.01814025077010817,-0.058306463798453834,0.35641433695559865,0.513612493297113
2000-03,composite_1_3_12m,Composite,2.0,23,2000-03-01T00:00:00+00:00,2000-03-31T00:00:00+00:00,-0.017378790121999832,-0.0175583313717651,-0.02054019751542424,0.9124685042194906,0.39885601092237777
2000-04,composite_1_3_12m,Composite,2.0,19,2000-04-03T00:00:00+00:00,2000-04-28T00:00:00+00:00,0.010617593644943968,0.010445858250858198,-0.009997940500817704,0.8510209329270975,0.45216492200471975
2000-05,composite_1_3_12m,Composite,2.0,22,2000-05-01T00:00:00+00:00,2000-05-31T00:00:00+00:00,-0.0005290502157124788,-0.00054016661620504,-0.01168927419101462,0.0556011442681516,0.5077660662728715
2000-06,composite_1_3_12m,Composite,2.0,22,2000-06-01T00:00:00+00:00,2000-06-30T00:00:00+00:00,0.011521880786231398,0.01138075270342287,-0.006134772677558464,0.697892309478515,0.19012624320564375
2000-07,composite_1_3_12m,Composite,2.0,19,2000-07-05T00:00:00+00:00,2000-07-31T00:00:00+00:00,-0.015818209303024133,-0.01589145556872218,-0.011741903090433325,0.36770252640745155,0.5578287696130954
2000-08,composite_1_3_12m,Composite,2.0,23,2000-08-01T00:00:00+00:00,2000-08-31T00:00:00+00:00,-0.0007047486401851044,-0.0007766934969518635,-0.0052530606435791105,0.3599779778253559,0.19785079178773934
2000-09,composite_1_3_12m,Composite,2.0,20,2000-09-01T00:00:00+00:00,2000-09-29T00:00:00+00:00,-0.004147986065309306,-0.004153751073336376,-0.006843532071535097,0.028917182764595928,0.2267679745523353
2000-10,composite_1_3_12m,Composite,2.0,22,2000-10-02T00:00:00+00:00,2000-10-31T00:00:00+00:00,0.027904331553642248,0.027707570117272207,-0.018006765355782384,0.9586177230019062,0.7318497484495708
2000-11,composite_1_3_12m,Composite,2.0,20,2000-11-01T00:00:00+00:00,2000-11-30T00:00:00+00:00,-0.01964791564210655,-0.019653203363121152,-0.02267740319178624,0.027045304727334574,0.7588950531769054
2000-12,composite_1_3_12m,Composite,2.0,20,2000-12-01T00:00:00+00:00,2000-12-29T00:00:00+00:00,-0.0004353007853278301,-0.0005312143948200676,-0.0058039691621823986,0.48046119981094726,0.27843385336595816
2001-01,composite_1_3_12m,Composite,2.0,21,2001-01-02T00:00:00+00:00,2001-01-31T00:00:00+00:00,0.005823171274570438,0.005821380242560403,-0.004603308920788418,0.008936979692653058,0.2873708330586113
2001-02,composite_1_3_12m,Composite,2.0,19,2001-02-01T00:00:00+00:00,2001-02-28T00:00:00+00:00,-3.583495273651316e-05,-3.88339667273252e-05,-0.013284436751381579,0.014949934165427059,0.3023207672240382
2001-03,composite_1_3_12m,Composite,2.0,22,2001-03-01T00:00:00+00:00,2001-03-30T00:00:00+00:00,0.026676274662005506,0.0265640991989613,-0.03625207595131452,0.5490829014007097,0.8514036686247479
2001-04,composite_1_3_12m,Composite,2.0,20,2001-04-02T00:00:00+00:00,2001-04-30T00:00:00+00:00,-0.016370438023954437,-0.016381097774505138,-0.028751679853631917,0.05461887474409399,0.796784793880654
2001-05,composite_1_3_12m,Composite,2.0,22,2001-05-01T00:00:00+00:00,2001-05-31T00:00:00+00:00,-0.0033594671534414866,-0.003463652224793612,-0.02312444210909259,0.5224643703522154,0.2743204235284385
2001-06,composite_1_3_12m,Composite,2.0,21,2001-06-01T00:00:00+00:00,2001-06-29T00:00:00+00:00,-0.003569449845556405,-0.0035838780096173473,-0.007996609564150936,0.07233897738862005,0.20198144613981847
2001-07,composite_1_3_12m,Composite,2.0,21,2001-07-02T00:00:00+00:00,2001-07-31T00:00:00+00:00,-0.001521831214871927,-0.0016027067966543074,-0.003236224217684436,0.4046312252325359,0.2026497790927174
2001-08,composite_1_3_12m,Composite,2.0,23,2001-08-01T00:00:00+00:00,2001-08-31T00:00:00+00:00,-0.006234529764634789,-0.006320226718091626,-0.01005060578887551,0.4307710121702621,0.2281212330775447
2001-09,composite_1_3_12m,Composite,2.0,16,2001-09-04T00:00:00+00:00,2001-09-28T00:00:00+00:00,0.015457959969050084,0.015361483717893476,-0.0021017344498424073,0.4738560249531163,0.24573479187557157
2001-10,composite_1_3_12m,Composite,2.0,23,2001-10-01T00:00:00+00:00,2001-10-31T00:00:00+00:00,-0.029386044395175004,-0.02946233321509817,-0.03789762925308282,0.3923102927837139,0.6380450846592856
2001-11,composite_1_3_12m,Composite,2.0,20,2001-11-01T00:00:00+00:00,2001-11-30T00:00:00+00:00,-0.004505395813748758,-0.004587405123200106,-0.0071247288200330106,0.41196872699432474,0.22607635766496076
2001-12,composite_1_3_12m,Composite,2.0,19,2001-12-03T00:00:00+00:00,2001-12-31T00:00:00+00:00,-0.003874941765202977,-0.003970631891216492,-0.0073331570228838405,0.4789861404187381,0.25290978275377735
2002-01,composite_1_3_12m,Composite,2.0,21,2002-01-02T00:00:00+00:00,2002-01-31T00:00:00+00:00,0.0038161920584924847,0.0037118757951366543,-0.008686539836904372,0.5196978004430974,0.26678801768932014
2002-02,composite_1_3_12m,Composite,2.0,19,2002-02-01T00:00:00+00:00,2002-02-28T00:00:00+00:00,0.04084342065412905,0.04073082095491065,-0.03162404982547984,0.5469741184820165,0.8137621361713364
2002-03,composite_1_3_12m,Composite,2.0,20,2002-03-01T00:00:00+00:00,2002-03-28T00:00:00+00:00,0.01608452880734701,0.01606581954314712,-0.02010327167870174,0.09235610549983586,0.7214060306715007
2002-04,composite_1_3_12m,Composite,2.0,22,2002-04-01T00:00:00+00:00,2002-04-30T00:00:00+00:00,0.013651716533647162,0.013645925728874131,-0.018360341112858447,0.02859934555790955,0.7500053762294102
2002-05,composite_1_3_12m,Composite,2.0,22,2002-05-01T00:00:00+00:00,2002-05-31T00:00:00+00:00,0.046738547865611935,0.04672963849363421,-0.012424605648846843,0.04257958946370288,0.7925849656931131
2002-06,composite_1_3_12m,Composite,2.0,20,2002-06-03T00:00:00+00:00,2002-06-28T00:00:00+00:00,-0.03293891264008053,-0.03293898881726087,-0.03597305868500322,0.0003940499252502727,0.7929790156183636
2002-07,composite_1_3_12m,Composite,2.0,22,2002-07-01T00:00:00+00:00,2002-07-31T00:00:00+00:00,-0.007098579602312416,-0.007203842571559371,-0.01593751767009255,0.5302994358874851,0.26267957973087847
2002-08,composite_1_3_12m,Composite,2.0,22,2002-08-01T00:00:00+00:00,2002-08-30T00:00:00+00:00,-0.006670844936659259,-0.006767802583308891,-0.007472647646470043,0.48775596353992534,0.22507638380904707
2002-09,composite_1_3_12m,Composite,2.0,20,2002-09-03T00:00:00+00:00,2002-09-30T00:00:00+00:00,0.007633297086049762,0.007545153909937152,-0.003980066963074624,0.43770314341028066,0.21262675960123362
2002-10,composite_1_3_12m,Composite,2.0,23,2002-10-01T00:00:00+00:00,2002-10-31T00:00:00+00:00,-0.014463514609172945,-0.014559159065593241,-0.02607497627028288,0.48213056209558103,0.6947573216968145
2002-11,composite_1_3_12m,Composite,2.0,19,2002-11-01T00:00:00+00:00,2002-11-27T00:00:00+00:00,-0.00038608569985343344,-0.0004755539683184429,-0.005403948825230653,0.4477918109576149,0.24696551073919978
2002-12,composite_1_3_12m,Composite,2.0,21,2002-12-02T00:00:00+00:00,2002-12-31T00:00:00+00:00,0.024211973808283993,0.02420935906728805,-0.004159364548380395,0.012771950433771828,0.25973746117297153
2003-01,composite_1_3_12m,Composite,2.0,21,2003-01-02T00:00:00+00:00,2003-01-31T00:00:00+00:00,0.04383470761544106,0.04373553510382222,-0.009160855133516499,0.47333915076138317,0.7330766119343547
2003-02,composite_1_3_12m,Composite,2.0,19,2003-02-03T00:00:00+00:00,2003-02-28T00:00:00+00:00,-0.03617366513409637,-0.0361775039634884,-0.06753060524339682,0.02001071085587347,0.7130659010784813
2003-03,composite_1_3_12m,Composite,2.0,21,2003-03-03T00:00:00+00:00,2003-03-31T00:00:00+00:00,-0.007971442152463593,-0.008074107743736403,-0.017355127565910733,0.517163420086248,0.19590248099223334
2003-04,composite_1_3_12m,Composite,2.0,21,2003-04-01T00:00:00+00:00,2003-04-30T00:00:00+00:00,-0.0021787436758946566,-0.002256127565406829,-0.01006270175670465,0.38791945215022483,0.1920169711579915
2003-05,composite_1_3_12m,Composite,2.0,21,2003-05-01T00:00:00+00:00,2003-05-30T00:00:00+00:00,0.015515046048957704,0.015434608901425007,-0.0036164065961383773,0.3967578690423491,0.20474089788435762
2003-06,composite_1_3_12m,Composite,2.0,21,2003-06-02T00:00:00+00:00,2003-06-30T00:00:00+00:00,-0.032399505443021615,-0.0324785118762394,-0.042307260792616375,0.40928808866661537,0.6140289865509732
2003-07,composite_1_3_12m,Composite,2.0,22,2003-07-01T00:00:00+00:00,2003-07-31T00:00:00+00:00,0.004383033152285387,0.004298489666611394,-0.00577567895081188,0.4221321183779604,0.1918968681730126
2003-08,composite_1_3_12m,Composite,2.0,21,2003-08-01T00:00:00+00:00,2003-08-29T00:00:00+00:00,0.038320991853987296,0.03823575876128982,-0.012410717960115503,0.4055879270566177,0.5974847952296306
2003-09,composite_1_3_12m,Composite,2.0,21,2003-09-02T00:00:00+00:00,2003-09-30T00:00:00+00:00,0.014726863234493459,0.014725894989596089,-0.012735596284942918,0.004752200523036487,0.5927325947065937
2003-10,composite_1_3_12m,Composite,2.0,23,2003-10-01T00:00:00+00:00,2003-10-31T00:00:00+00:00,-0.0020729362508138394,-0.0020797776631278353,-0.024725920096376197,0.03421689100553593,0.6269494857121298
2003-11,composite_1_3_12m,Composite,2.0,18,2003-11-03T00:00:00+00:00,2003-11-26T00:00:00+00:00,0.007020744902299869,0.006934375673923521,-0.003262817300860532,0.42716467252097723,0.19978481319115254
2003-12,composite_1_3_12m,Composite,2.0,21,2003-12-01T00:00:00+00:00,2003-12-31T00:00:00+00:00,0.027627900497936064,0.027544140034354125,-0.005233851001637424,0.41117127509281426,0.6109560882839669
2004-01,composite_1_3_12m,Composite,2.0,19,2004-01-05T00:00:00+00:00,2004-01-30T00:00:00+00:00,-0.02114270137562746,-0.02115524278270653,-0.04351653613831452,0.06496681596111098,0.6759229042450777
2004-02,composite_1_3_12m,Composite,2.0,19,2004-02-02T00:00:00+00:00,2004-02-27T00:00:00+00:00,-0.0027392239344175007,-0.0028357701793687573,-0.009788387280966315,0.4832237114488497,0.19269919279622816
2004-03,composite_1_3_12m,Composite,2.0,23,2004-03-01T00:00:00+00:00,2004-03-31T00:00:00+00:00,-0.01450304093374477,-0.014578133667042636,-0.016393703177882912,0.3804843205118108,0.1877851277155827
2004-04,composite_1_3_12m,Composite,2.0,21,2004-04-01T00:00:00+00:00,2004-04-30T00:00:00+00:00,-0.05600216751151754,-0.05614790616619636,-0.0587821689968685,0.7724494814560607,0.5846643537404782
2004-05,composite_1_3_12m,Composite,2.0,20,2004-05-03T00:00:00+00:00,2004-05-28T00:00:00+00:00,-0.003546166907812953,-0.003698626925907278,-0.010043895424467153,0.7652623400144967,0.18059798627401863
2004-06,composite_1_3_12m,Composite,2.0,21,2004-06-01T00:00:00+00:00,2004-06-30T00:00:00+00:00,-0.0007170833202831961,-0.0007893794431527157,-0.005055951439122852,0.36178980518568316,0.18119181891166447
2004-07,composite_1_3_12m,Composite,2.0,21,2004-07-01T00:00:00+00:00,2004-07-30T00:00:00+00:00,-0.0005549463851480807,-0.0006286926811680527,-0.007254599436272713,0.36833888119440705,0.18714706228274253
2004-08,composite_1_3_12m,Composite,2.0,22,2004-08-02T00:00:00+00:00,2004-08-31T00:00:00+00:00,0.0279435288884764,0.027784120308005145,-0.014915239580749029,0.7761882211729965,0.5890411588902539
2004-09,composite_1_3_12m,Composite,2.0,21,2004-09-01T00:00:00+00:00,2004-09-30T00:00:00+00:00,0.01186909340946829,0.011865163238642173,-0.016942841050425983,0.019374510658040522,0.6084156695482946
2004-10,composite_1_3_12m,Composite,2.0,21,2004-10-01T00:00:00+00:00,2004-10-29T00:00:00+00:00,0.014612702566030755,0.014598541508029417,-0.015847354772623334,0.06987561070969794,0.6782912802579925
2004-11,composite_1_3_12m,Composite,2.0,20,2004-11-01T00:00:00+00:00,2004-11-30T00:00:00+00:00,0.03907310569182432,0.039066917769002174,-0.012235551463358862,0.02971725171636852,0.708008531974361
2004-12,composite_1_3_12m,Composite,2.0,21,2004-12-01T00:00:00+00:00,2004-12-30T00:00:00+00:00,-0.02347292962371561,-0.02347577776308729,-0.03564769009695423,0.014645787006287159,0.7226543189806482
2005-01,composite_1_3_12m,Composite,2.0,20,2005-01-03T00:00:00+00:00,2005-01-31T00:00:00+00:00,-0.007352521689138358,-0.007451582864713813,-0.005393029198905275,0.4967375498399677,0.22591676914068043
2005-02,composite_1_3_12m,Composite,2.0,19,2005-02-01T00:00:00+00:00,2005-02-28T00:00:00+00:00,-0.007521624545185346,-0.0076134729573994475,-0.012983755671730268,0.4630329380828984,0.23711616894221796
2005-03,composite_1_3_12m,Composite,2.0,22,2005-03-01T00:00:00+00:00,2005-03-31T00:00:00+00:00,-0.003617652866415355,-0.003715114102795014,-0.012507632358814136,0.488037866781875,0.25092169783965707
2005-04,composite_1_3_12m,Composite,2.0,21,2005-04-01T00:00:00+00:00,2005-04-29T00:00:00+00:00,-0.0030638515318746062,-0.003164466038440006,-0.007908945124862288,0.5054528362298236,0.25453113839016667
2005-05,composite_1_3_12m,Composite,2.0,21,2005-05-02T00:00:00+00:00,2005-05-31T00:00:00+00:00,-0.03232963488393792,-0.03253945269860348,-0.026266199518055977,1.072748059064081,0.8182169206739142
2005-06,composite_1_3_12m,Composite,2.0,22,2005-06-01T00:00:00+00:00,2005-06-30T00:00:00+00:00,-0.012372084791825722,-0.012590548735512463,-0.01710929384209159,1.106917978532671,0.28870105785875666
2005-07,composite_1_3_12m,Composite,2.0,20,2005-07-01T00:00:00+00:00,2005-07-29T00:00:00+00:00,-0.002596116915023594,-0.0028356576344763518,-0.01789014151147572,1.180486454744639,0.8917853968858823
2005-08,composite_1_3_12m,Composite,2.0,23,2005-08-01T00:00:00+00:00,2005-08-31T00:00:00+00:00,-0.00176981342767768,-0.0020063696245500307,-0.009149836551909152,1.1833717123628298,0.29158631547694736
2005-09,composite_1_3_12m,Composite,2.0,21,2005-09-01T00:00:00+00:00,2005-09-30T00:00:00+00:00,0.06570846759889815,0.06546548362385551,-0.016358849418531718,1.1589709733452067,0.8673846578682594
2005-10,composite_1_3_12m,Composite,2.0,21,2005-10-03T00:00:00+00:00,2005-10-31T00:00:00+00:00,-0.007300237486510985,-0.007311197846578188,-0.025865264775712826,0.05493840500090952,0.8124462528673497
2005-11,composite_1_3_12m,Composite,2.0,20,2005-11-01T00:00:00+00:00,2005-11-30T00:00:00+00:00,0.017089062950541134,0.016977796213696328,-0.0038141235787263472,0.5449501106379252,0.26749614222942447
2005-12,composite_1_3_12m,Composite,2.0,21,2005-12-01T00:00:00+00:00,2005-12-30T00:00:00+00:00,0.03307261427063368,0.0329768450100556,-0.05049137577041196,0.47067202304045375,0.7381681652698782
2006-01,composite_1_3_12m,Composite,2.0,20,2006-01-03T00:00:00+00:00,2006-01-31T00:00:00+00:00,0.06563244089741205,0.0656122096941214,-0.014760329065723221,0.09664896470575146,0.6415192005641266
2006-02,composite_1_3_12m,Composite,2.0,19,2006-02-01T00:00:00+00:00,2006-02-28T00:00:00+00:00,-0.008493966948053822,-0.008509377828780584,-0.032645501825427914,0.077783296325734,0.5637359042383927
2006-03,composite_1_3_12m,Composite,2.0,23,2006-03-01T00:00:00+00:00,2006-03-31T00:00:00+00:00,0.006684621371262134,0.006605111882225456,-0.008934518167912797,0.39503757028464104,0.1686983339537518
2006-04,composite_1_3_12m,Composite,2.0,19,2006-04-03T00:00:00+00:00,2006-04-28T00:00:00+00:00,0.06048606541954693,0.06041076083572561,-0.006995759667737578,0.35756601533713517,0.526264349290887
2006-05,composite_1_3_12m,Composite,2.0,22,2006-05-01T00:00:00+00:00,2006-05-31T00:00:00+00:00,-0.005567525452797928,-0.005568384076138577,-0.059933494771579277,0.004325198470651936,0.5305895477615388
2006-06,composite_1_3_12m,Composite,2.0,22,2006-06-01T00:00:00+00:00,2006-06-30T00:00:00+00:00,-0.006139675358625807,-0.0062180383078871415,-0.018080711800748994,0.39318787964197466,0.13740166811956425
2006-07,composite_1_3_12m,Composite,2.0,19,2006-07-05T00:00:00+00:00,2006-07-31T00:00:00+00:00,0.006566827443277523,0.006564056337922786,-0.010496916909133791,0.013804127092187687,0.12359754102737655
2006-08,composite_1_3_12m,Composite,2.0,23,2006-08-01T00:00:00+00:00,2006-08-31T00:00:00+00:00,-0.002210306075259516,-0.0022120681149142563,-0.007889125030283273,0.008847732109119724,0.11474980891825688
2006-09,composite_1_3_12m,Composite,2.0,20,2006-09-01T00:00:00+00:00,2006-09-29T00:00:00+00:00,0.005913587986623892,0.0058647230640020975,-0.005945510600472548,0.24293741995633275,0.12818761103807588
2006-10,composite_1_3_12m,Composite,2.0,22,2006-10-02T00:00:00+00:00,2006-10-31T00:00:00+00:00,-0.0009110605406743577,-0.0009122462906416828,-0.009315179235580229,0.005935342755692463,0.1341229537937684
2006-11,composite_1_3_12m,Composite,2.0,21,2006-11-01T00:00:00+00:00,2006-11-30T00:00:00+00:00,0.010240763480432458,0.01018584768114561,-0.0032868534503318614,0.27255892597059006,0.1384359721768217
2006-12,composite_1_3_12m,Composite,2.0,20,2006-12-01T00:00:00+00:00,2006-12-29T00:00:00+00:00,-0.009575078017494465,-0.009637575417081434,-0.023228897070312726,0.3152006388848305,0.4536366110616522
2007-01,composite_1_3_12m,Composite,2.0,21,2007-01-02T00:00:00+00:00,2007-01-31T00:00:00+00:00,0.005246824571482289,0.00518911832312674,-0.009217708344622877,0.28730961566592894,0.16632699539572326
2007-02,composite_1_3_12m,Composite,2.0,19,2007-02-01T00:00:00+00:00,2007-02-28T00:00:00+00:00,0.011435930112531967,0.01136553017476305,-0.013038295898906926,0.3493570377034927,0.515684033099216
2007-03,composite_1_3_12m,Composite,2.0,22,2007-03-01T00:00:00+00:00,2007-03-30T00:00:00+00:00,-0.0021553619134335733,-0.002156659456231891,-0.020260539867290372,0.006464332492640779,0.5221483655918567
2007-04,composite_1_3_12m,Composite,2.0,20,2007-04-02T00:00:00+00:00,2007-04-30T00:00:00+00:00,0.0038820150410128207,0.0038138006503014577,-0.004481279877169619,0.3399659226397994,0.1821824429520573
2007-05,composite_1_3_12m,Composite,2.0,22,2007-05-01T00:00:00+00:00,2007-05-31T00:00:00+00:00,-0.014472712610648086,-0.014555816484460027,-0.03227296490205067,0.41935557170136983,0.601538014653427
2007-06,composite_1_3_12m,Composite,2.0,21,2007-06-01T00:00:00+00:00,2007-06-29T00:00:00+00:00,0.00460444311820174,0.004440905999849587,-0.004569072110883754,0.8113741628034469,0.20983614815001966
2007-07,composite_1_3_12m,Composite,2.0,21,2007-07-02T00:00:00+00:00,2007-07-31T00:00:00+00:00,-0.00910740928971776,-0.009108430020438818,-0.011105013812867659,0.005137127473380021,0.21497327562339968
2007-08,composite_1_3_12m,Composite,2.0,23,2007-08-01T00:00:00+00:00,2007-08-31T00:00:00+00:00,0.0011574743831399559,0.0010695532925315554,-0.00914126443104224,0.43863409654550817,0.2236608209221085
2007-09,composite_1_3_12m,Composite,2.0,19,2007-09-04T00:00:00+00:00,2007-09-28T00:00:00+00:00,0.06325848245511767,0.06316984357005362,-0.004094637220585673,0.420490649409902,0.6441514703320105
2007-10,composite_1_3_12m,Composite,2.0,23,2007-10-01T00:00:00+00:00,2007-10-31T00:00:00+00:00,0.040779553415122516,0.04077426787076721,-0.016173001980434587,0.02548753424589223,0.6696390045779027
2007-11,composite_1_3_12m,Composite,2.0,21,2007-11-01T00:00:00+00:00,2007-11-30T00:00:00+00:00,-0.0045251477016724495,-0.004527389869313114,-0.04638487093374244,0.0112412858850931,0.6583977186928095
2007-12,composite_1_3_12m,Composite,2.0,20,2007-12-03T00:00:00+00:00,2007-12-31T00:00:00+00:00,0.010789656646863932,0.010692251997984403,-0.0045148531661624025,0.4823405910103387,0.1760571276824709
2008-01,composite_1_3_12m,Composite,2.0,22,2008-01-02T00:00:00+00:00,2008-01-31T00:00:00+00:00,0.05820133213575973,0.05812332166159795,-0.022956890350330328,0.3738243829790792,0.54988151066155
2008-02,composite_1_3_12m,Composite,2.0,21,2008-02-01T00:00:00+00:00,2008-02-29T00:00:00+00:00,0.02540742182840816,0.025399342223928256,-0.012446203672031086,0.039069517903238205,0.5108119927583118
2008-03,composite_1_3_12m,Composite,2.0,20,2008-03-03T00:00:00+00:00,2008-03-31T00:00:00+00:00,-0.028366825022189013,-0.028370270283650245,-0.04770448237557412,0.017819689239031655,0.5286316819973434
2008-04,composite_1_3_12m,Composite,2.0,22,2008-04-01T00:00:00+00:00,2008-04-30T00:00:00+00:00,-0.008947710334895609,-0.009023618419791712,-0.013389918532003997,0.38092736418017664,0.1477043178171669
2008-05,composite_1_3_12m,Composite,2.0,21,2008-05-01T00:00:00+00:00,2008-05-30T00:00:00+00:00,-0.0044334152939867755,-0.004491338950922796,-0.012691125818385829,0.291600510978409,0.14389619316124203
2008-06,composite_1_3_12m,Composite,2.0,21,2008-06-02T00:00:00+00:00,2008-06-30T00:00:00+00:00,0.0065454418407755455,0.006486785321132338,-0.005755025263970759,0.2916124639697466,0.14771627080850455
2008-07,composite_1_3_12m,Composite,2.0,22,2008-07-01T00:00:00+00:00,2008-07-31T00:00:00+00:00,-0.0024018216693247885,-0.0024582992913676494,-0.026482684943706536,0.28474328678928534,0.4324595575977899
2008-08,composite_1_3_12m,Composite,2.0,21,2008-08-01T00:00:00+00:00,2008-08-29T00:00:00+00:00,-0.01453583226406463,-0.014591268492659237,-0.02162067254402167,0.2810571685574693,0.15140238904032058
2008-09,composite_1_3_12m,Composite,2.0,21,2008-09-02T00:00:00+00:00,2008-09-30T00:00:00+00:00,-0.0075496945233813895,-0.007607532338931411,-0.029865080150974332,0.2927058816754178,0.1413034926350972
2008-10,composite_1_3_12m,Composite,2.0,23,2008-10-01T00:00:00+00:00,2008-10-31T00:00:00+00:00,-0.01638598464422858,-0.016432520704605436,-0.02222854329567192,0.2367645218274328,0.09546102919233564
2008-11,composite_1_3_12m,Composite,2.0,19,2008-11-03T00:00:00+00:00,2008-11-28T00:00:00+00:00,-0.03262676775285234,-0.03269420806349688,-0.037175770005657305,0.34876956769682665,0.2533085385044911
2008-12,composite_1_3_12m,Composite,2.0,22,2008-12-01T00:00:00+00:00,2008-12-31T00:00:00+00:00,0.0063854859849650225,0.006317662288588988,-0.002789756197949189,0.335328305843593,0.08201976733910195
2009-01,composite_1_3_12m,Composite,2.0,20,2009-01-02T00:00:00+00:00,2009-01-30T00:00:00+00:00,0.014949430632668514,0.014912986055497957,-0.019990377938406634,0.17933630329828432,0.2613560706373864
2009-02,composite_1_3_12m,Composite,2.0,19,2009-02-02T00:00:00+00:00,2009-02-27T00:00:00+00:00,0.004248663738616987,0.004246164849822209,-0.014624143363427211,0.012349374533248081,0.2737054451706344
2009-03,composite_1_3_12m,Composite,2.0,22,2009-03-02T00:00:00+00:00,2009-03-31T00:00:00+00:00,-0.001939157722941065,-0.0019744722643402213,-0.004462867833168405,0.17663487277161838,0.097070572399016
2009-04,composite_1_3_12m,Composite,2.0,21,2009-04-01T00:00:00+00:00,2009-04-30T00:00:00+00:00,0.003487832925389789,0.0034472223509467437,-0.005453969654454549,0.20219231127176635,0.10512173887275036
2009-05,composite_1_3_12m,Composite,2.0,20,2009-05-01T00:00:00+00:00,2009-05-29T00:00:00+00:00,-0.01129616762945096,-0.011298131924047272,-0.011718410750936381,0.009937929725416461,0.11505966859816678
2009-06,composite_1_3_12m,Composite,2.0,22,2009-06-01T00:00:00+00:00,2009-06-30T00:00:00+00:00,-0.02061340851373572,-0.020712040558230616,-0.02387433762773561,0.5025839429263729,0.387524274328206
2009-07,composite_1_3_12m,Composite,2.0,22,2009-07-01T00:00:00+00:00,2009-07-31T00:00:00+00:00,-0.003957881061920188,-0.004063457696549255,-0.006939048624821531,0.5289547618555006,0.1414304875272946
2009-08,composite_1_3_12m,Composite,2.0,21,2009-08-03T00:00:00+00:00,2009-08-31T00:00:00+00:00,-0.0002520170022760615,-0.000374778014528121,-0.01580826678647751,0.6153947665299132,0.47396427900261867
2009-09,composite_1_3_12m,Composite,2.0,21,2009-09-01T00:00:00+00:00,2009-09-30T00:00:00+00:00,-0.010019443552392815,-0.010147859701085449,-0.010907795377224416,0.6479629218961366,0.17399864289351796
2009-10,composite_1_3_12m,Composite,2.0,22,2009-10-01T00:00:00+00:00,2009-10-30T00:00:00+00:00,0.020910614848308917,0.020759910346579202,-0.018871454020156664,0.7342729175921022,0.560274274698584
2009-11,composite_1_3_12m,Composite,2.0,21,2009-11-02T00:00:00+00:00,2009-11-30T00:00:00+00:00,0.07158056804943946,0.07157856608395519,-0.007037589204721639,0.009413471721314792,0.5696877464198989
2009-12,composite_1_3_12m,Composite,2.0,22,2009-12-01T00:00:00+00:00,2009-12-31T00:00:00+00:00,-0.04051298167907347,-0.04051502132790341,-0.06412034490265683,0.01073031042055228,0.5804180568404511
2010-01,composite_1_3_12m,Composite,2.0,20,2010-01-04T00:00:00+00:00,2010-01-29T00:00:00+00:00,-0.0022471206643798203,-0.0023289470271279367,-0.010408764531281478,0.41158025457130193,0.16883780226914938
2010-02,composite_1_3_12m,Composite,2.0,20,2010-02-01T00:00:00+00:00,2010-02-26T00:00:00+00:00,0.00599738741835365,0.005996485385078465,-0.008168341589411932,0.004501529978930524,0.17333933224807996
2010-03,composite_1_3_12m,Composite,2.0,23,2010-03-01T00:00:00+00:00,2010-03-31T00:00:00+00:00,-0.00043553754035075,-0.0004364531534246652,-0.007890764302097897,0.004579783541727833,0.16875954870635207
2010-04,composite_1_3_12m,Composite,2.0,21,2010-04-01T00:00:00+00:00,2010-04-30T00:00:00+00:00,0.010507787955156944,0.010505186728785754,-0.004293253528546148,0.012897964599182521,0.1816575133055346
2010-05,composite_1_3_12m,Composite,2.0,21,2010-05-03T00:00:00+00:00,2010-05-31T00:00:00+00:00,0.019568553309156522,0.0194852831075365,-0.028454872288021904,0.4090350363502351,0.5906925496557699
2010-06,composite_1_3_12m,Composite,2.0,22,2010-06-01T00:00:00+00:00,2010-06-30T00:00:00+00:00,0.012035901248778291,0.012034598815859443,-0.011798886060710556,0.006461880421304578,0.5842306692344651
2010-07,composite_1_3_12m,Composite,2.0,22,2010-07-01T00:00:00+00:00,2010-07-30T00:00:00+00:00,-0.0291169882391783,-0.029121492921289738,-0.025130714117882258,0.022713906989922927,0.6069445762243879
2010-08,composite_1_3_12m,Composite,2.0,22,2010-08-02T00:00:00+00:00,2010-08-31T00:00:00+00:00,0.011064347746445602,0.010982248156210295,-0.001231908498767531,0.40605402828008486,0.20089054794430317
2010-09,composite_1_3_12m,Composite,2.0,22,2010-09-01T00:00:00+00:00,2010-09-30T00:00:00+00:00,0.03313855068707339,0.03303823871246303,-0.0061110921209975855,0.4845929235684515,0.6854834715127545
2010-10,composite_1_3_12m,Composite,2.0,21,2010-10-01T00:00:00+00:00,2010-10-29T00:00:00+00:00,0.02844331960008506,0.028429302255462252,-0.0309363769672083,0.06853279359164655,0.7540162651044011
2010-11,composite_1_3_12m,Composite,2.0,22,2010-11-01T00:00:00+00:00,2010-11-30T00:00:00+00:00,0.014639758320976082,0.014625502614944885,-0.035489476981009904,0.06999198479643343,0.6840242803079678
2010-12,composite_1_3_12m,Composite,2.0,22,2010-12-01T00:00:00+00:00,2010-12-31T00:00:00+00:00,0.015606697258273794,0.015596021920124992,-0.024122895658409305,0.05254928273003012,0.6314749975779376
2011-01,composite_1_3_12m,Composite,2.0,21,2011-01-03T00:00:00+00:00,2011-01-31T00:00:00+00:00,-0.04088468730464734,-0.04088903574030689,-0.04600912824714343,0.022593898025350723,0.6540688956032883
2011-02,composite_1_3_12m,Composite,2.0,20,2011-02-01T00:00:00+00:00,2011-02-28T00:00:00+00:00,-0.012230927455447405,-0.01240217066199667,-0.011829511166892903,0.8654983389787284,0.21142944337543995
2011-03,composite_1_3_12m,Composite,2.0,23,2011-03-01T00:00:00+00:00,2011-03-31T00:00:00+00:00,0.009976664717356032,0.009797257606940502,-0.018704834665564052,0.8974939781616422,0.6860645347862024
2011-04,composite_1_3_12m,Composite,2.0,20,2011-04-01T00:00:00+00:00,2011-04-29T00:00:00+00:00,0.06394196898819549,0.06393778085473811,-0.010292164895542855,0.01965500185632385,0.7057195366425261
2011-05,composite_1_3_12m,Composite,2.0,22,2011-05-02T00:00:00+00:00,2011-05-31T00:00:00+00:00,-0.013141791143479575,-0.013149241390208122,-0.03429297059402825,0.0374279797733893,0.7431475164159153
2011-06,composite_1_3_12m,Composite,2.0,22,2011-06-01T00:00:00+00:00,2011-06-30T00:00:00+00:00,-0.0053104367116041384,-0.005411601199602267,-0.007750896124689377,0.5089881479356294,0.234159368480286
2011-07,composite_1_3_12m,Composite,2.0,21,2011-07-01T00:00:00+00:00,2011-07-29T00:00:00+00:00,0.02086343078706232,0.02085982321238533,-0.002618644891936306,0.017630394108141323,0.25178976258842733
2011-08,composite_1_3_12m,Composite,2.0,23,2011-08-01T00:00:00+00:00,2011-08-31T00:00:00+00:00,0.0937603213574747,0.09364422382828774,-0.06067629155703813,0.5289450857783704,0.7807348483667979
2011-09,composite_1_3_12m,Composite,2.0,22,2011-09-01T00:00:00+00:00,2011-09-30T00:00:00+00:00,-0.04994036259926493,-0.050002440596142894,-0.07145683413081316,0.3268114771536668,0.4539233712131309
2011-10,composite_1_3_12m,Composite,2.0,21,2011-10-03T00:00:00+00:00,2011-10-31T00:00:00+00:00,0.007031826777909034,0.006967019953460607,-0.004836257915387998,0.32273748127277807,0.13118588994035285
2011-11,composite_1_3_12m,Composite,2.0,22,2011-11-01T00:00:00+00:00,2011-11-30T00:00:00+00:00,0.010349417439453168,0.010292900160989937,-0.027483990692799276,0.28000081905445345,0.41118670899480636
2011-12,composite_1_3_12m,Composite,2.0,21,2011-12-01T00:00:00+00:00,2011-12-30T00:00:00+00:00,-0.015693156628597937,-0.015746023065278947,-0.017245355764189174,0.26846125708219615,0.1427254519126101
2012-01,composite_1_3_12m,Composite,2.0,21,2012-01-03T00:00:00+00:00,2012-01-31T00:00:00+00:00,-0.015022584010839335,-0.015078980338031456,-0.011531858052553634,0.2852713446134475,0.14254589270083734
2012-02,composite_1_3_12m,Composite,2.0,21,2012-02-01T00:00:00+00:00,2012-02-29T00:00:00+00:00,-0.010755221244580282,-0.010875386064767789,-0.022677517082192233,0.6083483566347736,0.4658024639339364
2012-03,composite_1_3_12m,Composite,2.0,22,2012-03-01T00:00:00+00:00,2012-03-30T00:00:00+00:00,0.0027074861081475277,0.0025789479303424123,-0.005111619607635065,0.6395845385959708,0.17378207466203444
2012-04,composite_1_3_12m,Composite,2.0,20,2012-04-02T00:00:00+00:00,2012-04-30T00:00:00+00:00,-0.0004425351733123861,-0.0005106125902875069,-0.005623913045281537,0.34081712623363775,0.1670350515716033
2012-05,composite_1_3_12m,Composite,2.0,23,2012-05-01T00:00:00+00:00,2012-05-31T00:00:00+00:00,0.011698875850834067,0.011627603440216516,-0.006220932286810532,0.3523078772948536,0.18527282572325027
2012-06,composite_1_3_12m,Composite,2.0,21,2012-06-01T00:00:00+00:00,2012-06-29T00:00:00+00:00,-0.00494760285767315,-0.004949241843549057,-0.005657059823494515,0.008169961126617109,0.19344278684986746
2012-07,composite_1_3_12m,Composite,2.0,22,2012-07-02T00:00:00+00:00,2012-07-31T00:00:00+00:00,0.002141634780956192,0.0020655407969369932,-0.005871231469423255,0.3795949109232065,0.18615212407333906
2012-08,composite_1_3_12m,Composite,2.0,23,2012-08-01T00:00:00+00:00,2012-08-31T00:00:00+00:00,-0.009152798015549135,-0.009228505514891405,-0.01230429058105309,0.38270814154662247,0.1965560174732834
2012-09,composite_1_3_12m,Composite,2.0,20,2012-09-03T00:00:00+00:00,2012-09-28T00:00:00+00:00,0.010784954380329337,0.010700235758661858,-0.0021646352387820755,0.41912855863810494,0.2225725411648216
2012-10,composite_1_3_12m,Composite,2.0,23,2012-10-01T00:00:00+00:00,2012-10-31T00:00:00+00:00,-0.02069685189573056,-0.020785712350340435,-0.03416447886721008,0.4542287442787811,0.6768012854436026
2012-11,composite_1_3_12m,Composite,2.0,22,2012-11-01T00:00:00+00:00,2012-11-30T00:00:00+00:00,-0.00038478942906505775,-0.0004697790137707658,-0.005664779287395949,0.42488737648558605,0.25191390895801663
2012-12,composite_1_3_12m,Composite,2.0,20,2012-12-03T00:00:00+00:00,2012-12-31T00:00:00+00:00,0.005985927871780872,0.0058840500241081894,-0.004245847295371141,0.5062531774792456,0.2543392685212289
2013-01,composite_1_3_12m,Composite,2.0,22,2013-01-02T00:00:00+00:00,2013-01-31T00:00:00+00:00,0.0016747383386943593,0.0016711483066524924,-0.007268087781649113,0.01788958325947665,0.27222885178070555
2013-02,composite_1_3_12m,Composite,2.0,20,2013-02-01T00:00:00+00:00,2013-02-28T00:00:00+00:00,0.04508214384046161,0.04495975759608073,-0.027048687383449677,0.5844793867083398,0.8567082384890453
2013-03,composite_1_3_12m,Composite,2.0,20,2013-03-01T00:00:00+00:00,2013-03-28T00:00:00+00:00,-0.009437150178030707,-0.009449246171789882,-0.02038501207789234,0.06115462261754889,0.7955536158714963
2013-04,composite_1_3_12m,Composite,2.0,22,2013-04-01T00:00:00+00:00,2013-04-30T00:00:00+00:00,0.020809318738219895,0.020706993996345346,-0.025876836605864928,0.5009538373683928,0.29459977850310354
2013-05,composite_1_3_12m,Composite,2.0,23,2013-05-01T00:00:00+00:00,2013-05-31T00:00:00+00:00,0.025940867325058292,0.02591339160749384,-0.017544544168869414,0.1346445933956658,0.42924437189876946
2013-06,composite_1_3_12m,Composite,2.0,20,2013-06-03T00:00:00+00:00,2013-06-28T00:00:00+00:00,0.05182167329577059,0.051816915638528416,-0.012723085129389466,0.022443971326406964,0.4516883432251764
2013-07,composite_1_3_12m,Composite,2.0,23,2013-07-01T00:00:00+00:00,2013-07-31T00:00:00+00:00,-0.02854517453070249,-0.028554715746855197,-0.03917243393198733,0.04880799762565019,0.4028803455995261
2013-08,composite_1_3_12m,Composite,2.0,22,2013-08-01T00:00:00+00:00,2013-08-30T00:00:00+00:00,-0.007674026041271653,-0.007726006474903846,-0.014266705296070104,0.2623073944801796,0.1405729511193465
2013-09,composite_1_3_12m,Composite,2.0,21,2013-09-02T00:00:00+00:00,2013-09-30T00:00:00+00:00,-0.007113142145588669,-0.007171366773434884,-0.011246204439970375,0.29310938598847325,0.15253643486912677
2013-10,composite_1_3_12m,Composite,2.0,23,2013-10-01T00:00:00+00:00,2013-10-31T00:00:00+00:00,0.00029203712294578743,0.00023276680808526073,-0.008974836165547173,0.2975785754054777,0.14504214053635106
2013-11,composite_1_3_12m,Composite,2.0,21,2013-11-01T00:00:00+00:00,2013-11-29T00:00:00+00:00,0.00845025896043805,0.00844866296940694,-0.0029219004308708163,0.007919401205343818,0.15296154174169488
2013-12,composite_1_3_12m,Composite,2.0,21,2013-12-02T00:00:00+00:00,2013-12-31T00:00:00+00:00,0.018120302502533603,0.01805039898988503,-0.017377418761237995,0.34772179458716523,0.5006833363288601
2014-01,composite_1_3_12m,Composite,2.0,22,2014-01-02T00:00:00+00:00,2014-01-31T00:00:00+00:00,-0.01722943715317271,-0.01722956237821882,-0.019396020044020412,0.000632178867069455,0.5000511574617905
2014-02,composite_1_3_12m,Composite,2.0,20,2014-02-03T00:00:00+00:00,2014-02-28T00:00:00+00:00,-0.011352174823633376,-0.011416210017156758,-0.011936289713362691,0.3232680083497239,0.1767831491120667
2014-03,composite_1_3_12m,Composite,2.0,21,2014-03-03T00:00:00+00:00,2014-03-31T00:00:00+00:00,-0.006087750071186004,-0.006161418925993201,-0.014258549206207172,0.3719088464587551,0.19512569734668836
2014-04,composite_1_3_12m,Composite,2.0,21,2014-04-01T00:00:00+00:00,2014-04-30T00:00:00+00:00,-0.00118613148796054,-0.0012648039298387426,-0.00732579120426935,0.3941527843420536,0.19902708699536517
2014-05,composite_1_3_12m,Composite,2.0,22,2014-05-01T00:00:00+00:00,2014-05-30T00:00:00+00:00,-0.006996273465872838,-0.007079062801738534,-0.010047601535544848,0.4164000243274854,0.21737293733212024
2014-06,composite_1_3_12m,Composite,2.0,21,2014-06-02T00:00:00+00:00,2014-06-30T00:00:00+00:00,-0.0424901822121887,-0.04266539638135414,-0.045807508267188934,0.9181280018622,0.7007550645300799
2014-07,composite_1_3_12m,Composite,2.0,23,2014-07-01T00:00:00+00:00,2014-07-31T00:00:00+00:00,-0.023918110364747447,-0.02419414941166309,-0.03001264542099147,1.4134845554768014,0.7127294909467214
2014-08,composite_1_3_12m,Composite,2.0,21,2014-08-01T00:00:00+00:00,2014-08-29T00:00:00+00:00,-0.0032362156396331665,-0.003528755382378179,-0.014511497223129055,1.4576518152122375,0.7449223242655162
2014-09,composite_1_3_12m,Composite,2.0,22,2014-09-01T00:00:00+00:00,2014-09-30T00:00:00+00:00,-0.016850247996687884,-0.017049882466848243,-0.016788357906066587,1.0152161630996055,0.27029383883408964
2014-10,composite_1_3_12m,Composite,2.0,23,2014-10-01T00:00:00+00:00,2014-10-31T00:00:00+00:00,0.025641550775275856,0.02540898853312168,-0.0405373728572298,1.1304341228109522,0.8601402839768625
2014-11,composite_1_3_12m,Composite,2.0,20,2014-11-03T00:00:00+00:00,2014-11-28T00:00:00+00:00,0.0018790852556764825,0.0018771468916716216,-0.04527102315230136,0.009719962139911664,0.8504203218369509
2014-12,composite_1_3_12m,Composite,2.0,22,2014-12-01T00:00:00+00:00,2014-12-31T00:00:00+00:00,-0.012837620709300612,-0.012873528686044189,-0.02199932638330593,0.17707404020193773,0.6733462816350131
2015-01,composite_1_3_12m,Composite,2.0,21,2015-01-02T00:00:00+00:00,2015-01-30T00:00:00+00:00,-0.015709664532578715,-0.015804662552004967,-0.0175224470334554,0.48222841755061446,0.19111786408439885
2015-02,composite_1_3_12m,Composite,2.0,20,2015-02-02T00:00:00+00:00,2015-02-27T00:00:00+00:00,-0.03181778630353593,-0.03196565499381976,-0.0332639051941539,0.7603910728663648,0.5692732087819656
2015-03,composite_1_3_12m,Composite,2.0,22,2015-03-02T00:00:00+00:00,2015-03-31T00:00:00+00:00,0.004761458082238823,0.004607466823145279,-0.009317206465993877,0.7671451550748546,0.1978719462928887
2015-04,composite_1_3_12m,Composite,2.0,21,2015-04-01T00:00:00+00:00,2015-04-30T00:00:00+00:00,-0.0011995565851091738,-0.0012880717195316027,-0.017584947541267604,0.4381287874081502,0.6360007337010389
2015-05,composite_1_3_12m,Composite,2.0,21,2015-05-01T00:00:00+00:00,2015-05-29T00:00:00+00:00,-0.0014791133689510128,-0.0015626941748886347,-0.0086942137164433,0.4189835764995882,0.2170171572014507
2015-06,composite_1_3_12m,Composite,2.0,22,2015-06-01T00:00:00+00:00,2015-06-30T00:00:00+00:00,0.003467040836006685,0.0034649460058941983,-0.005818790629992354,0.01044035446140651,0.22745751166285724
2015-07,composite_1_3_12m,Composite,2.0,23,2015-07-01T00:00:00+00:00,2015-07-31T00:00:00+00:00,0.05194948314534775,0.051838038677301856,-0.006267701552700622,0.5312129407273626,0.7586704523902198
2015-08,composite_1_3_12m,Composite,2.0,21,2015-08-03T00:00:00+00:00,2015-08-31T00:00:00+00:00,-0.026870735838978588,-0.02687241498502757,-0.050420692447050164,0.008681928680868478,0.7499885237093513
2015-09,composite_1_3_12m,Composite,2.0,22,2015-09-01T00:00:00+00:00,2015-09-30T00:00:00+00:00,0.004075296707389153,0.003974207959052123,-0.010806448986982686,0.5027996786961806,0.24718884501317076
2015-10,composite_1_3_12m,Composite,2.0,22,2015-10-01T00:00:00+00:00,2015-10-30T00:00:00+00:00,-0.01892384076132858,-0.019021432447963615,-0.045788173543291344,0.4978694330580616,0.7450582780712321
2015-11,composite_1_3_12m,Composite,2.0,21,2015-11-02T00:00:00+00:00,2015-11-30T00:00:00+00:00,-0.01745394277316581,-0.017649998268221,-0.01748300277920467,0.9958285981867367,0.2507703201155046
2015-12,composite_1_3_12m,Composite,2.0,22,2015-12-01T00:00:00+00:00,2015-12-31T00:00:00+00:00,0.0010018799061606298,0.0007952205837424842,-0.02420695411952445,1.0288651058146208,0.7780947856991163
2016-01,composite_1_3_12m,Composite,2.0,20,2016-01-04T00:00:00+00:00,2016-01-29T00:00:00+00:00,-0.03800090014568236,-0.038012333646536556,-0.03340049525506883,0.05887758015924904,0.7192172055398671
2016-02,composite_1_3_12m,Composite,2.0,21,2016-02-01T00:00:00+00:00,2016-02-29T00:00:00+00:00,-0.02513998881080126,-0.025233599020755837,-0.024051258608605353,0.47898605662022087,0.24023114891964634
2016-03,composite_1_3_12m,Composite,2.0,22,2016-03-01T00:00:00+00:00,2016-03-31T00:00:00+00:00,-0.0024086360875663626,-0.002576387903721389,-0.02655187685605931,0.838107132908902,0.5978759839892559
2016-04,composite_1_3_12m,Composite,2.0,21,2016-04-01T00:00:00+00:00,2016-04-29T00:00:00+00:00,0.009563368583645149,0.009481295188865202,-0.004647965117002717,0.4058913387045565,0.19198464528469922
2016-05,composite_1_3_12m,Composite,2.0,22,2016-05-02T00:00:00+00:00,2016-05-31T00:00:00+00:00,-0.03647444485695572,-0.03655407314628101,-0.04051947279014523,0.4128561823747756,0.6048408276594747
2016-06,composite_1_3_12m,Composite,2.0,22,2016-06-01T00:00:00+00:00,2016-06-30T00:00:00+00:00,-0.01779898868790475,-0.01795873550222027,-0.019184496892526548,0.8135777814881203,0.20873695382864552
2016-07,composite_1_3_12m,Composite,2.0,21,2016-07-01T00:00:00+00:00,2016-07-29T00:00:00+00:00,0.014159284151262774,0.014009090466622354,-0.02057894964072282,0.7466837961565764,0.5379468423279311
2016-08,composite_1_3_12m,Composite,2.0,23,2016-08-01T00:00:00+00:00,2016-08-31T00:00:00+00:00,-0.01983090065580073,-0.019839486377533744,-0.024945425150343037,0.04382997956218493,0.581776821890116
2016-09,composite_1_3_12m,Composite,2.0,22,2016-09-01T00:00:00+00:00,2016-09-30T00:00:00+00:00,0.0012243263391429338,0.0011514027677852479,-0.006639468258864967,0.3644886692946937,0.21728815259542217
2016-10,composite_1_3_12m,Composite,2.0,21,2016-10-03T00:00:00+00:00,2016-10-31T00:00:00+00:00,-0.007389607482346072,-0.007393608718180289,-0.011368595430824469,0.02013788124766211,0.2374260338430842
2016-11,composite_1_3_12m,Composite,2.0,22,2016-11-01T00:00:00+00:00,2016-11-30T00:00:00+00:00,0.020351895493418315,0.020253481359012948,-0.0030005007538037587,0.48111509912407485,0.2436890652809905
2016-12,composite_1_3_12m,Composite,2.0,21,2016-12-01T00:00:00+00:00,2016-12-30T00:00:00+00:00,0.004427805336554069,0.0044260853323983,-0.006008030231032024,0.008564680512287176,0.23512438476870334
2017-01,composite_1_3_12m,Composite,2.0,21,2017-01-03T00:00:00+00:00,2017-01-31T00:00:00+00:00,-0.01291459820037466,-0.012917728607506618,-0.01246606924524496,0.015832639855675484,0.25095702462437885
2017-02,composite_1_3_12m,Composite,2.0,20,2017-02-01T00:00:00+00:00,2017-02-28T00:00:00+00:00,0.00780025929005479,0.007696793714613737,-0.0035112444410623223,0.5132294263800851,0.2622724017557062
2017-03,composite_1_3_12m,Composite,2.0,23,2017-03-01T00:00:00+00:00,2017-03-31T00:00:00+00:00,-0.0006646102720984093,-0.0007788557406355201,-0.03447144296928106,0.5722376510476379,0.8345100528033443
2017-04,composite_1_3_12m,Composite,2.0,19,2017-04-03T00:00:00+00:00,2017-04-28T00:00:00+00:00,0.005188422813441118,0.005078939680712047,-0.005805986622559045,0.5455488758085927,0.28896117699475155
2017-05,composite_1_3_12m,Composite,2.0,23,2017-05-01T00:00:00+00:00,2017-05-31T00:00:00+00:00,-9.423937379282599e-05,-9.70691631754228e-05,-0.009346077388035945,0.014110558181832433,0.30307173517658387
2017-06,composite_1_3_12m,Composite,2.0,22,2017-06-01T00:00:00+00:00,2017-06-30T00:00:00+00:00,-0.0061440642648551425,-0.00614497312090978,-0.012635872433130468,0.004569199648870537,0.2985025355277135
2017-07,composite_1_3_12m,Composite,2.0,21,2017-07-03T00:00:00+00:00,2017-07-31T00:00:00+00:00,-0.018793967175935955,-0.019035011444855643,-0.04261115675574689,1.2485267762874768,0.9500242407597634
2017-08,composite_1_3_12m,Composite,2.0,23,2017-08-01T00:00:00+00:00,2017-08-31T00:00:00+00:00,-0.014094300053444697,-0.014217477018486191,-0.01618811912003215,0.6237237930507447,0.32630044770901884
2017-09,composite_1_3_12m,Composite,2.0,20,2017-09-01T00:00:00+00:00,2017-09-29T00:00:00+00:00,-0.028469604168381513,-0.028726959853708545,-0.04945333672350316,1.3327532007928462,1.0064527530838274
2017-10,composite_1_3_12m,Composite,2.0,22,2017-10-02T00:00:00+00:00,2017-10-31T00:00:00+00:00,0.0034022060882688,0.003137560780079207,-0.0076907395648869725,1.3216516440507355,0.315198890966908
2017-11,composite_1_3_12m,Composite,2.0,21,2017-11-01T00:00:00+00:00,2017-11-30T00:00:00+00:00,-0.0009665321657814641,-0.0009704595782420444,-0.007214062489945494,0.019620836266742048,0.33481972723365
2017-12,composite_1_3_12m,Composite,2.0,20,2017-12-01T00:00:00+00:00,2017-12-29T00:00:00+00:00,0.008964424182901887,0.008833101306654045,-0.009259459884780163,0.6516875018594199,0.31686777462576987
2018-01,composite_1_3_12m,Composite,2.0,21,2018-01-02T00:00:00+00:00,2018-01-31T00:00:00+00:00,0.022792950322506833,0.02265295249419852,-0.020274377005637167,0.6879614999902789,1.004829274616049
2018-02,composite_1_3_12m,Composite,2.0,19,2018-02-01T00:00:00+00:00,2018-02-28T00:00:00+00:00,-0.01590963905149201,-0.01591051873937388,-0.029802213360106355,0.004499533425884383,1.009328808041933
2018-03,composite_1_3_12m,Composite,2.0,21,2018-03-01T00:00:00+00:00,2018-03-29T00:00:00+00:00,0.001275700774194366,0.0011348059863833804,-0.007347676289664484,0.7014892201346392,0.307839587907294
2018-04,composite_1_3_12m,Composite,2.0,21,2018-04-02T00:00:00+00:00,2018-04-30T00:00:00+00:00,-0.0023470598950342536,-0.002460258869794174,-0.027398122940370473,0.5764666833671213,0.8843062712744152
2018-05,composite_1_3_12m,Composite,2.0,22,2018-05-01T00:00:00+00:00,2018-05-31T00:00:00+00:00,0.004120906014782655,0.00388528508450503,-0.003722274656111413,1.176492031842932,0.2921857605685166
2018-06,composite_1_3_12m,Composite,2.0,21,2018-06-01T00:00:00+00:00,2018-06-29T00:00:00+00:00,0.010863954238692353,0.01086104005619748,-0.0031871904638793858,0.014432333351924453,0.3066180939204412
2018-07,composite_1_3_12m,Composite,2.0,21,2018-07-02T00:00:00+00:00,2018-07-31T00:00:00+00:00,0.00786486452498858,0.007862185645240327,-0.004594699640338873,0.013333261124601092,0.31995135504504213
2018-08,composite_1_3_12m,Composite,2.0,23,2018-08-01T00:00:00+00:00,2018-08-31T00:00:00+00:00,0.013371135804828516,0.013229670073025002,-0.027302449153827624,0.7013745233987387,1.0213258784437813
2018-09,composite_1_3_12m,Composite,2.0,19,2018-09-04T00:00:00+00:00,2018-09-28T00:00:00+00:00,0.008305442981644484,0.008300796985888814,-0.01021473128352235,0.023183464380068686,0.9981424140637121
2018-10,composite_1_3_12m,Composite,2.0,23,2018-10-01T00:00:00+00:00,2018-10-31T00:00:00+00:00,-0.01816411351655256,-0.0181771170542967,-0.04251496886598427,0.06648574160629728,1.06462815567001
2018-11,composite_1_3_12m,Composite,2.0,21,2018-11-01T00:00:00+00:00,2018-11-30T00:00:00+00:00,-0.0030318907872073364,-0.0031822914851075135,-0.007547802189355801,0.7496759764194554,0.3149521792505541
2018-12,composite_1_3_12m,Composite,2.0,20,2018-12-03T00:00:00+00:00,2018-12-31T00:00:00+00:00,0.014001970794541796,0.0138749407016856,-0.0028081987678993947,0.6285589838448484,0.31360680459429435
2019-01,composite_1_3_12m,Composite,2.0,21,2019-01-02T00:00:00+00:00,2019-01-31T00:00:00+00:00,0.01111204699895807,0.011109557806200376,-0.003768716617241763,0.012317950619127216,0.3259247552134215
2019-02,composite_1_3_12m,Composite,2.0,19,2019-02-01T00:00:00+00:00,2019-02-28T00:00:00+00:00,-0.0023071404952242913,-0.002311256484759827,-0.008206671984109182,0.020610816796388154,0.3465355720098097
2019-03,composite_1_3_12m,Composite,2.0,21,2019-03-01T00:00:00+00:00,2019-03-29T00:00:00+00:00,0.004287601921260098,0.004150691549462682,-0.011536529572242493,0.6845882045743422,0.3380526325645325
2019-04,composite_1_3_12m,Composite,2.0,21,2019-04-01T00:00:00+00:00,2019-04-30T00:00:00+00:00,0.0029982257978213855,0.0029935045471909394,-0.004753874293520144,0.02356019898831707,0.3144924335762154
2019-05,composite_1_3_12m,Composite,2.0,22,2019-05-01T00:00:00+00:00,2019-05-31T00:00:00+00:00,-0.01618656549028008,-0.016321078097330743,-0.026569441863659615,0.6844253473752295,0.9989177809514449
2019-06,composite_1_3_12m,Composite,2.0,20,2019-06-03T00:00:00+00:00,2019-06-28T00:00:00+00:00,0.02831491997286273,0.028039368582632562,-0.004353346029698613,1.3477296315810494,0.3488118506296045
2019-07,composite_1_3_12m,Composite,2.0,22,2019-07-01T00:00:00+00:00,2019-07-31T00:00:00+00:00,0.007315146933306149,0.007217705523877571,-0.012143725687596696,0.4767769490791558,0.8255887997087605
2019-08,composite_1_3_12m,Composite,2.0,22,2019-08-01T00:00:00+00:00,2019-08-30T00:00:00+00:00,0.061784070775513955,0.06177772267091508,-0.012690669325884918,0.03000656535032764,0.855595365059088
2019-09,composite_1_3_12m,Composite,2.0,20,2019-09-03T00:00:00+00:00,2019-09-30T00:00:00+00:00,-0.029174945521709073,-0.029187261768597983,-0.04449246140635188,0.0643015563713083,0.7912938086877797
2019-10,composite_1_3_12m,Composite,2.0,23,2019-10-01T00:00:00+00:00,2019-10-31T00:00:00+00:00,0.007253836228475308,0.007145972806539946,-0.005099650440839598,0.5369219330127911,0.2543718756749885
2019-11,composite_1_3_12m,Composite,2.0,20,2019-11-01T00:00:00+00:00,2019-11-29T00:00:00+00:00,-0.022011932774550935,-0.0221173887156495,-0.03032072402025543,0.5381882825858902,0.7925601582608787
2019-12,composite_1_3_12m,Composite,2.0,21,2019-12-02T00:00:00+00:00,2019-12-31T00:00:00+00:00,-0.009241526772567066,-0.009452535733675771,-0.010630135672655139,1.065576927129993,0.27301676886911425
2020-01,composite_1_3_12m,Composite,2.0,21,2020-01-02T00:00:00+00:00,2020-01-31T00:00:00+00:00,0.034862467881925596,0.034622695154225,-0.016778280757553277,1.1618565723988241,0.8888398035297099
2020-02,composite_1_3_12m,Composite,2.0,19,2020-02-03T00:00:00+00:00,2020-02-28T00:00:00+00:00,-0.009376939101024329,-0.00938468545387583,-0.06089245812629773,0.039086927337238286,0.9279267308669481
2020-03,composite_1_3_12m,Composite,2.0,22,2020-03-02T00:00:00+00:00,2020-03-31T00:00:00+00:00,0.0068898528355616495,0.006760564591706597,-0.03433647031369469,0.6452726004125922,0.282654130454356
2020-04,composite_1_3_12m,Composite,2.0,21,2020-04-01T00:00:00+00:00,2020-04-30T00:00:00+00:00,0.02364918134133065,0.023628569832382817,-0.0177192431395089,0.10055097363114601,0.3832051040855021
2020-05,composite_1_3_12m,Composite,2.0,20,2020-05-01T00:00:00+00:00,2020-05-29T00:00:00+00:00,0.009804110260774657,0.009803710199397742,-0.011002346522033468,0.0019838724470018776,0.3812212316385003
2020-06,composite_1_3_12m,Composite,2.0,22,2020-06-01T00:00:00+00:00,2020-06-30T00:00:00+00:00,0.01541666714501222,0.015409232082925772,-0.016107239074060087,0.03672894216710221,0.4179501738056024
2020-07,composite_1_3_12m,Composite,2.0,22,2020-07-01T00:00:00+00:00,2020-07-31T00:00:00+00:00,0.04073873805779571,0.04072985628678727,-0.005125721814051021,0.042445744773451144,0.4603959185790535
2020-08,composite_1_3_12m,Composite,2.0,21,2020-08-03T00:00:00+00:00,2020-08-31T00:00:00+00:00,0.004755572121130092,0.004745642167928832,-0.033618826284225745,0.04956755059161333,0.509963469170667
2020-09,composite_1_3_12m,Composite,2.0,21,2020-09-01T00:00:00+00:00,2020-09-30T00:00:00+00:00,-0.019621238555765808,-0.01962948089971106,-0.02681196298038857,0.042039510874105956,0.46792395829656097
2020-10,composite_1_3_12m,Composite,2.0,22,2020-10-01T00:00:00+00:00,2020-10-30T00:00:00+00:00,-0.00127144061898532,-0.001331413353374833,-0.005363692602768921,0.3007960525463188,0.1671279057502422
2020-11,composite_1_3_12m,Composite,2.0,20,2020-11-02T00:00:00+00:00,2020-11-30T00:00:00+00:00,0.009455046258154853,0.009384193214895475,-0.005724806213166178,0.3505156285520773,0.18338772280183507
2020-12,composite_1_3_12m,Composite,2.0,22,2020-12-01T00:00:00+00:00,2020-12-31T00:00:00+00:00,-0.01049277963287143,-0.010496036079027715,-0.0069543746051941024,0.01639625648946269,0.16699146631237233
2021-01,composite_1_3_12m,Composite,2.0,19,2021-01-04T00:00:00+00:00,2021-01-29T00:00:00+00:00,-0.004084574199516133,-0.004153798636109318,-0.011738172200968178,0.349263220883566,0.18227175457119357
2021-02,composite_1_3_12m,Composite,2.0,19,2021-02-01T00:00:00+00:00,2021-02-26T00:00:00+00:00,0.011687369756562038,0.011614904738787235,-0.00498991358842682,0.3576776462656325,0.1754058916944389
2021-03,composite_1_3_12m,Composite,2.0,23,2021-03-01T00:00:00+00:00,2021-03-31T00:00:00+00:00,0.0011930111186493342,0.0011919426142308343,-0.006776972265142955,0.005339391774532742,0.1807452834689717
2021-04,composite_1_3_12m,Composite,2.0,21,2021-04-01T00:00:00+00:00,2021-04-30T00:00:00+00:00,-0.005806669515766361,-0.005808699595031053,-0.007089553842156815,0.01019513589160334,0.190940419360575
2021-05,composite_1_3_12m,Composite,2.0,20,2021-05-03T00:00:00+00:00,2021-05-28T00:00:00+00:00,0.015456164885773171,0.015375498803907872,-0.0018286122669944893,0.39831430923402655,0.20737388987345154
2021-06,composite_1_3_12m,Composite,2.0,22,2021-06-01T00:00:00+00:00,2021-06-30T00:00:00+00:00,-0.04597450847863638,-0.04606178472305489,-0.05129839150252591,0.4578102612468166,0.6651841511202682
2021-07,composite_1_3_12m,Composite,2.0,21,2021-07-01T00:00:00+00:00,2021-07-30T00:00:00+00:00,-0.004762981075318251,-0.0049362697029639024,-0.006232189092610918,0.8700661943651109,0.2048820432448427
2021-08,composite_1_3_12m,Composite,2.0,22,2021-08-02T00:00:00+00:00,2021-08-31T00:00:00+00:00,0.0008780870555449294,0.0007911792530168604,-0.012222900899356293,0.4346861988093177,0.229804155564475
2021-09,composite_1_3_12m,Composite,2.0,21,2021-09-01T00:00:00+00:00,2021-09-30T00:00:00+00:00,0.007457914493389506,0.007366172021162631,-0.0044657393965863434,0.45543531117676017,0.22563115561228506
2021-10,composite_1_3_12m,Composite,2.0,21,2021-10-01T00:00:00+00:00,2021-10-29T00:00:00+00:00,-0.010985710982404528,-0.011076782729648627,-0.019970518918284053,0.4601651461755635,0.6857963017878485
2021-11,composite_1_3_12m,Composite,2.0,22,2021-11-01T00:00:00+00:00,2021-11-30T00:00:00+00:00,0.000711409199996238,0.0006215725286446983,-0.013922782392011945,0.44815246043569834,0.2376438413521502
